<?xml version="1.0" encoding="UTF-8"?>
<tables>
    <BCTDMANAMT>
        <BCTDMANAMT_row>
            <bn_fiscalyear>104</bn_fiscalyear>
            <bn_fundkind>1</bn_fundkind>
            <bn_budgetkind>1</bn_budgetkind>
            <bn_specialbudgetno/>
            <bn_agenno>23017025</bn_agenno>
            <bn_agentype>C</bn_agentype>
            <bn_budgetstate>1</bn_budgetstate>
            <bn_budgetsource>1</bn_budgetsource>
            <bn_man1>87</bn_man1>
            <bn_man1_l>87</bn_man1_l>
            <bn_man2>0</bn_man2>
            <bn_man2_l>0</bn_man2_l>
            <bn_man3>3</bn_man3>
            <bn_man3_l>4</bn_man3_l>
            <bn_man4>3</bn_man4>
            <bn_man4_l>3</bn_man4_l>
            <bn_man5>0</bn_man5>
            <bn_man5_l>0</bn_man5_l>
            <bn_man6>4</bn_man6>
            <bn_man6_l>0</bn_man6_l>
            <bn_man7>0</bn_man7>
            <bn_man7_l>0</bn_man7_l>
            <bn_man8>1</bn_man8>
            <bn_man8_l>1</bn_man8_l>
            <bn_man9>1</bn_man9>
            <bn_man9_l>1</bn_man9_l>
            <bn_man10>0</bn_man10>
            <bn_man10_l>0</bn_man10_l>
            <bn_man11>0</bn_man11>
            <bn_man11_l>0</bn_man11_l>
            <bn_amt_man>106011000.00</bn_amt_man>
            <bn_amt_mngbsn>105438000.00</bn_amt_mngbsn>
            <bn_text>&amp;lt;#H1&amp;gt;本年度預算員額99人，較上年度增列3人，係：&amp;lt;#H2&amp;gt;配合業務需要，由臺南監獄移入約僱人員3人、臺東戒治所移入約僱人員1人。&amp;lt;#H2&amp;gt;超額技工精簡1人。&amp;lt;#H1&amp;gt;以「矯正業務」計畫之業務費項下，預計進用勞務承攬5人，經費2,268千元。</bn_text>
            <display_name>35230174100 矯正業務</display_name>
        </BCTDMANAMT_row>
    </BCTDMANAMT>
</tables>
