﻿<?xml version="1.0" encoding="UTF-8"?>
<DataCollection>
<Data>
<項目>業務活動之現金流量</項目>
<本年度預算數></本年度預算數>
</Data>
<Data>
<項目>　本期賸餘（短絀－）</項目>
<本年度預算數>27978531</本年度預算數>
</Data>
<Data>
<項目>　調整非現金項目</項目>
<本年度預算數>-23017122</本年度預算數>
</Data>
<Data>
<項目>　　業務活動之淨現金流入（流出－）</項目>
<本年度預算數>4961409</本年度預算數>
</Data>
<Data>
<項目>投資活動之現金流量</項目>
<本年度預算數></本年度預算數>
</Data>
<Data>
<項目>　減少流動金融資產及短期貸墊款</項目>
<本年度預算數>441052</本年度預算數>
</Data>
<Data>
<項目>　減少投資、長期應收款、貸墊款及準備金</項目>
<本年度預算數>42075393</本年度預算數>
</Data>
<Data>
<項目>　減少固定資產及遞耗資產</項目>
<本年度預算數>347740</本年度預算數>
</Data>
<Data>
<項目>　減少無形資產、遞延借項及其他資產</項目>
<本年度預算數>4705278</本年度預算數>
</Data>
<Data>
<項目>　其他投資活動之現金流入</項目>
<本年度預算數>0</本年度預算數>
</Data>
<Data>
<項目>　增加流動金融資產及短期貸墊款</項目>
<本年度預算數>-2793850</本年度預算數>
</Data>
<Data>
<項目>　增加投資、長期應收款、貸墊款及準備金</項目>
<本年度預算數>-44803174</本年度預算數>
</Data>
<Data>
<項目>　增加固定資產及遞耗資產</項目>
<本年度預算數>-74805796</本年度預算數>
</Data>
<Data>
<項目>　增加無形資產、遞延借項及其他資產</項目>
<本年度預算數>-1451494</本年度預算數>
</Data>
<Data>
<項目>　其他投資活動之現金流出</項目>
<本年度預算數>0</本年度預算數>
</Data>
<Data>
<項目>　　投資活動之淨現金流入（流出－）</項目>
<本年度預算數>-76284851</本年度預算數>
</Data>
<Data>
<項目>融資活動之現金流量</項目>
<本年度預算數></本年度預算數>
</Data>
<Data>
<項目>　增加短期債務、流動金融負債、其他負債及遞延貸項</項目>
<本年度預算數>38696124</本年度預算數>
</Data>
<Data>
<項目>　增加長期負債</項目>
<本年度預算數>87662847</本年度預算數>
</Data>
<Data>
<項目>　增加基金、公積及填補短絀</項目>
<本年度預算數>20421678</本年度預算數>
</Data>
<Data>
<項目>　其他融資活動之現金流入</項目>
<本年度預算數>0</本年度預算數>
</Data>
<Data>
<項目>　減少短期債務、流動金融負債、其他負債及遞延貸項</項目>
<本年度預算數>-30478406</本年度預算數>
</Data>
<Data>
<項目>　減少長期負債</項目>
<本年度預算數>-29750224</本年度預算數>
</Data>
<Data>
<項目>　減少基金及公積</項目>
<本年度預算數>-2717111</本年度預算數>
</Data>
<Data>
<項目>　賸餘分配款</項目>
<本年度預算數>-15431356</本年度預算數>
</Data>
<Data>
<項目>　其他融資活動之現金流出</項目>
<本年度預算數>0</本年度預算數>
</Data>
<Data>
<項目>　　融資活動之淨現金流入（流出－）</項目>
<本年度預算數>68403552</本年度預算數>
</Data>
<Data>
<項目>匯率變動影響數</項目>
<本年度預算數>0</本年度預算數>
</Data>
<Data>
<項目>現金及約當現金之淨增（淨減－）</項目>
<本年度預算數>-2919890</本年度預算數>
</Data>
<Data>
<項目>期初現金及約當現金</項目>
<本年度預算數>220046185</本年度預算數>
</Data>
<Data>
<項目>期末現金及約當現金</項目>
<本年度預算數>217126295</本年度預算數>
</Data>
<Data>
<項目></項目>
<本年度預算數></本年度預算數>
</Data>
</DataCollection>
