﻿<?xml version="1.0" encoding="UTF-8"?>
<DataCollection>
<Data>
<科目>業務收入</科目>
<本年度預算數金額>299112791</本年度預算數金額>
<本年度預算數％>100</本年度預算數％>
<上年度預算數金額>284266713</上年度預算數金額>
<上年度預算數％>100</上年度預算數％>
<比較增減(-)金額>14846078</比較增減(-)金額>
<比較增減(-)％>5.22</比較增減(-)％>
</Data>
<Data>
<科目>　勞務收入</科目>
<本年度預算數金額>61349656</本年度預算數金額>
<本年度預算數％>20.51</本年度預算數％>
<上年度預算數金額>57761998</上年度預算數金額>
<上年度預算數％>20.32</上年度預算數％>
<比較增減(-)金額>3587658</比較增減(-)金額>
<比較增減(-)％>6.21</比較增減(-)％>
</Data>
<Data>
<科目>　銷貨收入</科目>
<本年度預算數金額>32061510</本年度預算數金額>
<本年度預算數％>10.72</本年度預算數％>
<上年度預算數金額>34547788</上年度預算數金額>
<上年度預算數％>12.15</上年度預算數％>
<比較增減(-)金額>-2486278</比較增減(-)金額>
<比較增減(-)％>7.2</比較增減(-)％>
</Data>
<Data>
<科目>　教學收入</科目>
<本年度預算數金額>19698546</本年度預算數金額>
<本年度預算數％>6.59</本年度預算數％>
<上年度預算數金額>18646229</上年度預算數金額>
<上年度預算數％>6.56</上年度預算數％>
<比較增減(-)金額>1052317</比較增減(-)金額>
<比較增減(-)％>5.64</比較增減(-)％>
</Data>
<Data>
<科目>　租金及權利金收入</科目>
<本年度預算數金額>11825683</本年度預算數金額>
<本年度預算數％>3.95</本年度預算數％>
<上年度預算數金額>10896360</上年度預算數金額>
<上年度預算數％>3.83</上年度預算數％>
<比較增減(-)金額>929323</比較增減(-)金額>
<比較增減(-)％>8.53</比較增減(-)％>
</Data>
<Data>
<科目>　投融資業務收入</科目>
<本年度預算數金額>18362398</本年度預算數金額>
<本年度預算數％>6.14</本年度預算數％>
<上年度預算數金額>16882332</上年度預算數金額>
<上年度預算數％>5.94</上年度預算數％>
<比較增減(-)金額>1480066</比較增減(-)金額>
<比較增減(-)％>8.77</比較增減(-)％>
</Data>
<Data>
<科目>　醫療收入</科目>
<本年度預算數金額>86061184</本年度預算數金額>
<本年度預算數％>28.77</本年度預算數％>
<上年度預算數金額>85076344</上年度預算數金額>
<上年度預算數％>29.93</上年度預算數％>
<比較增減(-)金額>984840</比較增減(-)金額>
<比較增減(-)％>1.16</比較增減(-)％>
</Data>
<Data>
<科目>　徵收收入</科目>
<本年度預算數金額>1303000</本年度預算數金額>
<本年度預算數％>0.44</本年度預算數％>
<上年度預算數金額>1000000</上年度預算數金額>
<上年度預算數％>0.35</上年度預算數％>
<比較增減(-)金額>303000</比較增減(-)金額>
<比較增減(-)％>30.3</比較增減(-)％>
</Data>
<Data>
<科目>　福利收入</科目>
<本年度預算數金額>0</本年度預算數金額>
<本年度預算數％>0</本年度預算數％>
<上年度預算數金額>0</上年度預算數金額>
<上年度預算數％>0</上年度預算數％>
<比較增減(-)金額>0</比較增減(-)金額>
<比較增減(-)％>0</比較增減(-)％>
</Data>
<Data>
<科目>　債務及撥入收入</科目>
<本年度預算數金額>0</本年度預算數金額>
<本年度預算數％>0</本年度預算數％>
<上年度預算數金額>0</上年度預算數金額>
<上年度預算數％>0</上年度預算數％>
<比較增減(-)金額>0</比較增減(-)金額>
<比較增減(-)％>0</比較增減(-)％>
</Data>
<Data>
<科目>　其他業務收入</科目>
<本年度預算數金額>68450814</本年度預算數金額>
<本年度預算數％>22.88</本年度預算數％>
<上年度預算數金額>59455662</上年度預算數金額>
<上年度預算數％>20.92</上年度預算數％>
<比較增減(-)金額>8995152</比較增減(-)金額>
<比較增減(-)％>15.13</比較增減(-)％>
</Data>
<Data>
<科目>業務成本與費用</科目>
<本年度預算數金額>258689398</本年度預算數金額>
<本年度預算數％>86.49</本年度預算數％>
<上年度預算數金額>249738644</上年度預算數金額>
<上年度預算數％>87.85</上年度預算數％>
<比較增減(-)金額>8950754</比較增減(-)金額>
<比較增減(-)％>3.58</比較增減(-)％>
</Data>
<Data>
<科目>　勞務成本</科目>
<本年度預算數金額>42413817</本年度預算數金額>
<本年度預算數％>14.18</本年度預算數％>
<上年度預算數金額>37839753</上年度預算數金額>
<上年度預算數％>13.31</上年度預算數％>
<比較增減(-)金額>4574064</比較增減(-)金額>
<比較增減(-)％>12.09</比較增減(-)％>
</Data>
<Data>
<科目>　銷貨成本</科目>
<本年度預算數金額>31174618</本年度預算數金額>
<本年度預算數％>10.42</本年度預算數％>
<上年度預算數金額>32215931</上年度預算數金額>
<上年度預算數％>11.33</上年度預算數％>
<比較增減(-)金額>-1041313</比較增減(-)金額>
<比較增減(-)％>3.23</比較增減(-)％>
</Data>
<Data>
<科目>　教學成本</科目>
<本年度預算數金額>51271092</本年度預算數金額>
<本年度預算數％>17.14</本年度預算數％>
<上年度預算數金額>43056607</上年度預算數金額>
<上年度預算數％>15.15</上年度預算數％>
<比較增減(-)金額>8214485</比較增減(-)金額>
<比較增減(-)％>19.08</比較增減(-)％>
</Data>
<Data>
<科目>　出租資產成本</科目>
<本年度預算數金額>2755721</本年度預算數金額>
<本年度預算數％>0.92</本年度預算數％>
<上年度預算數金額>2641314</上年度預算數金額>
<上年度預算數％>0.93</上年度預算數％>
<比較增減(-)金額>114407</比較增減(-)金額>
<比較增減(-)％>4.33</比較增減(-)％>
</Data>
<Data>
<科目>　投融資業務成本</科目>
<本年度預算數金額>3754760</本年度預算數金額>
<本年度預算數％>1.26</本年度預算數％>
<上年度預算數金額>4348281</上年度預算數金額>
<上年度預算數％>1.53</上年度預算數％>
<比較增減(-)金額>-593521</比較增減(-)金額>
<比較增減(-)％>13.65</比較增減(-)％>
</Data>
<Data>
<科目>　醫療成本</科目>
<本年度預算數金額>81479467</本年度預算數金額>
<本年度預算數％>27.24</本年度預算數％>
<上年度預算數金額>80915834</上年度預算數金額>
<上年度預算數％>28.46</上年度預算數％>
<比較增減(-)金額>563633</比較增減(-)金額>
<比較增減(-)％>0.7</比較增減(-)％>
</Data>
<Data>
<科目>　福利成本</科目>
<本年度預算數金額>0</本年度預算數金額>
<本年度預算數％>0</本年度預算數％>
<上年度預算數金額>0</上年度預算數金額>
<上年度預算數％>0</上年度預算數％>
<比較增減(-)金額>0</比較增減(-)金額>
<比較增減(-)％>0</比較增減(-)％>
</Data>
<Data>
<科目>　其他業務成本</科目>
<本年度預算數金額>3852127</本年度預算數金額>
<本年度預算數％>1.29</本年度預算數％>
<上年度預算數金額>3361650</上年度預算數金額>
<上年度預算數％>1.18</上年度預算數％>
<比較增減(-)金額>490477</比較增減(-)金額>
<比較增減(-)％>14.59</比較增減(-)％>
</Data>
<Data>
<科目>　行銷及業務費用</科目>
<本年度預算數金額>7857064</本年度預算數金額>
<本年度預算數％>2.63</本年度預算數％>
<上年度預算數金額>11971673</上年度預算數金額>
<上年度預算數％>4.21</上年度預算數％>
<比較增減(-)金額>-4114609</比較增減(-)金額>
<比較增減(-)％>34.37</比較增減(-)％>
</Data>
<Data>
<科目>　管理及總務費用</科目>
<本年度預算數金額>24485232</本年度預算數金額>
<本年度預算數％>8.19</本年度預算數％>
<上年度預算數金額>23088334</上年度預算數金額>
<上年度預算數％>8.12</上年度預算數％>
<比較增減(-)金額>1396898</比較增減(-)金額>
<比較增減(-)％>6.05</比較增減(-)％>
</Data>
<Data>
<科目>　研究發展及訓練費用</科目>
<本年度預算數金額>6063929</本年度預算數金額>
<本年度預算數％>2.03</本年度預算數％>
<上年度預算數金額>5626166</上年度預算數金額>
<上年度預算數％>1.98</上年度預算數％>
<比較增減(-)金額>437763</比較增減(-)金額>
<比較增減(-)％>7.78</比較增減(-)％>
</Data>
<Data>
<科目>　債務支出</科目>
<本年度預算數金額>0</本年度預算數金額>
<本年度預算數％>0</本年度預算數％>
<上年度預算數金額>0</上年度預算數金額>
<上年度預算數％>0</上年度預算數％>
<比較增減(-)金額>0</比較增減(-)金額>
<比較增減(-)％>0</比較增減(-)％>
</Data>
<Data>
<科目>　其他業務費用</科目>
<本年度預算數金額>3581571</本年度預算數金額>
<本年度預算數％>1.2</本年度預算數％>
<上年度預算數金額>4673101</上年度預算數金額>
<上年度預算數％>1.64</上年度預算數％>
<比較增減(-)金額>-1091530</比較增減(-)金額>
<比較增減(-)％>23.36</比較增減(-)％>
</Data>
<Data>
<科目>業務賸餘（短絀－）</科目>
<本年度預算數金額>40423393</本年度預算數金額>
<本年度預算數％>13.51</本年度預算數％>
<上年度預算數金額>34528069</上年度預算數金額>
<上年度預算數％>12.15</上年度預算數％>
<比較增減(-)金額>5895324</比較增減(-)金額>
<比較增減(-)％>17.07</比較增減(-)％>
</Data>
<Data>
<科目>業務外收入</科目>
<本年度預算數金額>8141457</本年度預算數金額>
<本年度預算數％>2.72</本年度預算數％>
<上年度預算數金額>6068809</上年度預算數金額>
<上年度預算數％>2.13</上年度預算數％>
<比較增減(-)金額>2072648</比較增減(-)金額>
<比較增減(-)％>34.15</比較增減(-)％>
</Data>
<Data>
<科目>　財務收入</科目>
<本年度預算數金額>2691232</本年度預算數金額>
<本年度預算數％>0.9</本年度預算數％>
<上年度預算數金額>2119507</上年度預算數金額>
<上年度預算數％>0.75</上年度預算數％>
<比較增減(-)金額>571725</比較增減(-)金額>
<比較增減(-)％>26.97</比較增減(-)％>
</Data>
<Data>
<科目>　其他業務外收入</科目>
<本年度預算數金額>5450225</本年度預算數金額>
<本年度預算數％>1.82</本年度預算數％>
<上年度預算數金額>3949302</上年度預算數金額>
<上年度預算數％>1.39</上年度預算數％>
<比較增減(-)金額>1500923</比較增減(-)金額>
<比較增減(-)％>38</比較增減(-)％>
</Data>
<Data>
<科目>業務外費用</科目>
<本年度預算數金額>20586319</本年度預算數金額>
<本年度預算數％>6.88</本年度預算數％>
<上年度預算數金額>20515236</上年度預算數金額>
<上年度預算數％>7.22</上年度預算數％>
<比較增減(-)金額>71083</比較增減(-)金額>
<比較增減(-)％>0.35</比較增減(-)％>
</Data>
<Data>
<科目>　財務費用</科目>
<本年度預算數金額>16646833</本年度預算數金額>
<本年度預算數％>5.57</本年度預算數％>
<上年度預算數金額>15906905</上年度預算數金額>
<上年度預算數％>5.6</上年度預算數％>
<比較增減(-)金額>739928</比較增減(-)金額>
<比較增減(-)％>4.65</比較增減(-)％>
</Data>
<Data>
<科目>　其他業務外費用</科目>
<本年度預算數金額>3939486</本年度預算數金額>
<本年度預算數％>1.32</本年度預算數％>
<上年度預算數金額>4608331</上年度預算數金額>
<上年度預算數％>1.62</上年度預算數％>
<比較增減(-)金額>-668845</比較增減(-)金額>
<比較增減(-)％>14.51</比較增減(-)％>
</Data>
<Data>
<科目>業務外賸餘（短絀－）</科目>
<本年度預算數金額>-12444862</本年度預算數金額>
<本年度預算數％>-4.16</本年度預算數％>
<上年度預算數金額>-14446427</上年度預算數金額>
<上年度預算數％>-5.08</上年度預算數％>
<比較增減(-)金額>2001565</比較增減(-)金額>
<比較增減(-)％>13.86</比較增減(-)％>
</Data>
<Data>
<科目>非常賸餘（短絀－）</科目>
<本年度預算數金額>0</本年度預算數金額>
<本年度預算數％>0</本年度預算數％>
<上年度預算數金額>0</上年度預算數金額>
<上年度預算數％>0</上年度預算數％>
<比較增減(-)金額>0</比較增減(-)金額>
<比較增減(-)％>0</比較增減(-)％>
</Data>
<Data>
<科目>本期賸餘（短絀－）</科目>
<本年度預算數金額>27978531</本年度預算數金額>
<本年度預算數％>9.35</本年度預算數％>
<上年度預算數金額>20081642</上年度預算數金額>
<上年度預算數％>7.06</上年度預算數％>
<比較增減(-)金額>7896889</比較增減(-)金額>
<比較增減(-)％>39.32</比較增減(-)％>
</Data>
<Data>
<科目></科目>
<本年度預算數金額></本年度預算數金額>
<本年度預算數％></本年度預算數％>
<上年度預算數金額></上年度預算數金額>
<上年度預算數％></上年度預算數％>
<比較增減(-)金額></比較增減(-)金額>
<比較增減(-)％></比較增減(-)％>
</Data>
</DataCollection>
