﻿<?xml version="1.0" encoding="UTF-8"?>
<DataCollection>
<Data>
<項目>賸餘之部</項目>
<本年度預算數_金額>96838805</本年度預算數_金額>
<本年度預算數_％>100</本年度預算數_％>
<上年度預算數金額>116090927</上年度預算數金額>
<上年度預算數％>100</上年度預算數％>
<比較增減(-)金額>-19252122</比較增減(-)金額>
<比較增減(-)％>16.58</比較增減(-)％>
</Data>
<Data>
<項目>　本期賸餘</項目>
<本年度預算數_金額>39496376</本年度預算數_金額>
<本年度預算數_％>40.79</本年度預算數_％>
<上年度預算數金額>38704419</上年度預算數金額>
<上年度預算數％>33.34</上年度預算數％>
<比較增減(-)金額>791957</比較增減(-)金額>
<比較增減(-)％>2.05</比較增減(-)％>
</Data>
<Data>
<項目>　前期未分配賸餘</項目>
<本年度預算數_金額>57342429</本年度預算數_金額>
<本年度預算數_％>59.21</本年度預算數_％>
<上年度預算數金額>77386508</上年度預算數金額>
<上年度預算數％>66.66</上年度預算數％>
<比較增減(-)金額>-20044079</比較增減(-)金額>
<比較增減(-)％>25.9</比較增減(-)％>
</Data>
<Data>
<項目>　公積轉列數</項目>
<本年度預算數_金額>0</本年度預算數_金額>
<本年度預算數_％>0</本年度預算數_％>
<上年度預算數金額>0</上年度預算數金額>
<上年度預算數％>0</上年度預算數％>
<比較增減(-)金額>0</比較增減(-)金額>
<比較增減(-)％>0</比較增減(-)％>
</Data>
<Data>
<項目>分配之部</項目>
<本年度預算數_金額>42141367</本年度預算數_金額>
<本年度預算數_％>43.52</本年度預算數_％>
<上年度預算數金額>62073840</上年度預算數金額>
<上年度預算數％>53.47</上年度預算數％>
<比較增減(-)金額>-19932473</比較增減(-)金額>
<比較增減(-)％>32.11</比較增減(-)％>
</Data>
<Data>
<項目>　填補累積短絀</項目>
<本年度預算數_金額>466770</本年度預算數_金額>
<本年度預算數_％>0.48</本年度預算數_％>
<上年度預算數金額>116456</上年度預算數金額>
<上年度預算數％>0.1</上年度預算數％>
<比較增減(-)金額>350314</比較增減(-)金額>
<比較增減(-)％>300.81</比較增減(-)％>
</Data>
<Data>
<項目>　提存公積</項目>
<本年度預算數_金額>21649005</本年度預算數_金額>
<本年度預算數_％>22.36</本年度預算數_％>
<上年度預算數金額>43041834</上年度預算數金額>
<上年度預算數％>37.08</上年度預算數％>
<比較增減(-)金額>-21392829</比較增減(-)金額>
<比較增減(-)％>49.7</比較增減(-)％>
</Data>
<Data>
<項目>　賸餘撥充基金數</項目>
<本年度預算數_金額>4580193</本年度預算數_金額>
<本年度預算數_％>4.73</本年度預算數_％>
<上年度預算數金額>4051984</上年度預算數金額>
<上年度預算數％>3.49</上年度預算數％>
<比較增減(-)金額>528209</比較增減(-)金額>
<比較增減(-)％>13.04</比較增減(-)％>
</Data>
<Data>
<項目>　解繳國庫淨額</項目>
<本年度預算數_金額>15426028</本年度預算數_金額>
<本年度預算數_％>15.93</本年度預算數_％>
<上年度預算數金額>14835724</上年度預算數金額>
<上年度預算數％>12.78</上年度預算數％>
<比較增減(-)金額>590304</比較增減(-)金額>
<比較增減(-)％>3.98</比較增減(-)％>
</Data>
<Data>
<項目>　其他依法分配數</項目>
<本年度預算數_金額>19371</本年度預算數_金額>
<本年度預算數_％>0.02</本年度預算數_％>
<上年度預算數金額>27842</上年度預算數金額>
<上年度預算數％>0.02</上年度預算數％>
<比較增減(-)金額>-8471</比較增減(-)金額>
<比較增減(-)％>30.43</比較增減(-)％>
</Data>
<Data>
<項目>未分配賸餘</項目>
<本年度預算數_金額>54697438</本年度預算數_金額>
<本年度預算數_％>56.48</本年度預算數_％>
<上年度預算數金額>54017087</上年度預算數金額>
<上年度預算數％>46.53</上年度預算數％>
<比較增減(-)金額>680351</比較增減(-)金額>
<比較增減(-)％>1.26</比較增減(-)％>
</Data>
<Data>
<項目>短絀之部</項目>
<本年度預算數_金額>92001752</本年度預算數_金額>
<本年度預算數_％>100</本年度預算數_％>
<上年度預算數金額>80662608</上年度預算數金額>
<上年度預算數％>100</上年度預算數％>
<比較增減(-)金額>11339144</比較增減(-)金額>
<比較增減(-)％>14.06</比較增減(-)％>
</Data>
<Data>
<項目>　本期短絀</項目>
<本年度預算數_金額>11517845</本年度預算數_金額>
<本年度預算數_％>12.52</本年度預算數_％>
<上年度預算數金額>18622777</上年度預算數金額>
<上年度預算數％>23.09</上年度預算數％>
<比較增減(-)金額>-7104932</比較增減(-)金額>
<比較增減(-)％>38.15</比較增減(-)％>
</Data>
<Data>
<項目>　前期待填補之短絀</項目>
<本年度預算數_金額>80483907</本年度預算數_金額>
<本年度預算數_％>87.48</本年度預算數_％>
<上年度預算數金額>62039831</上年度預算數金額>
<上年度預算數％>76.91</上年度預算數％>
<比較增減(-)金額>18444076</比較增減(-)金額>
<比較增減(-)％>29.73</比較增減(-)％>
</Data>
<Data>
<項目>填補之部</項目>
<本年度預算數_金額>21988272</本年度預算數_金額>
<本年度預算數_％>23.9</本年度預算數_％>
<上年度預算數金額>8410765</上年度預算數金額>
<上年度預算數％>10.43</上年度預算數％>
<比較增減(-)金額>13577507</比較增減(-)金額>
<比較增減(-)％>161.43</比較增減(-)％>
</Data>
<Data>
<項目>　撥用賸餘</項目>
<本年度預算數_金額>466770</本年度預算數_金額>
<本年度預算數_％>0.51</本年度預算數_％>
<上年度預算數金額>116456</上年度預算數金額>
<上年度預算數％>0.14</上年度預算數％>
<比較增減(-)金額>350314</比較增減(-)金額>
<比較增減(-)％>300.81</比較增減(-)％>
</Data>
<Data>
<項目>　撥用公積</項目>
<本年度預算數_金額>2818546</本年度預算數_金額>
<本年度預算數_％>3.06</本年度預算數_％>
<上年度預算數金額>0</上年度預算數金額>
<上年度預算數％>0</上年度預算數％>
<比較增減(-)金額>2818546</比較增減(-)金額>
<比較增減(-)％>0</比較增減(-)％>
</Data>
<Data>
<項目>　折減基金</項目>
<本年度預算數_金額>18702956</本年度預算數_金額>
<本年度預算數_％>20.33</本年度預算數_％>
<上年度預算數金額>8294309</上年度預算數金額>
<上年度預算數％>10.28</上年度預算數％>
<比較增減(-)金額>10408647</比較增減(-)金額>
<比較增減(-)％>125.49</比較增減(-)％>
</Data>
<Data>
<項目>　國庫撥款</項目>
<本年度預算數_金額>0</本年度預算數_金額>
<本年度預算數_％>0</本年度預算數_％>
<上年度預算數金額>0</上年度預算數金額>
<上年度預算數％>0</上年度預算數％>
<比較增減(-)金額>0</比較增減(-)金額>
<比較增減(-)％>0</比較增減(-)％>
</Data>
<Data>
<項目>待填補之短絀</項目>
<本年度預算數_金額>70013480</本年度預算數_金額>
<本年度預算數_％>76.1</本年度預算數_％>
<上年度預算數金額>72251843</上年度預算數金額>
<上年度預算數％>89.57</上年度預算數％>
<比較增減(-)金額>-2238363</比較增減(-)金額>
<比較增減(-)％>3.1</比較增減(-)％>
</Data>
</DataCollection>
