﻿<?xml version="1.0" encoding="UTF-8"?>
<GenericData>
<Header>
<Table Id="FNGXBWORKR" Name="中華民國100年度法定預算特別收入基金基金來源、用途及餘絀綜計表" Domain="NBA" /> 
<Program Id="NBAGGR010_G"/> 
<Sender Name="行政院主計總處"/>
</Header>

<DataSet>
<ROW>
<基金別>行政院主管</基金別>
<本年度預算數基金來源>34281810</本年度預算數基金來源>
<本年度預算數基金用途>49167848</本年度預算數基金用途>
<本年度預算數賸餘短絀>-14886038</本年度預算數賸餘短絀>
<上年度預算數基金來源>55327718</上年度預算數基金來源>
<上年度預算數基金用途>43790985</上年度預算數基金用途>
<上年度預算數賸餘短絀>11536733</上年度預算數賸餘短絀>
<本年度與上年度比較基金來源>-21045908</本年度與上年度比較基金來源>
<本年度與上年度比較基金用途>5376863</本年度與上年度比較基金用途>
<本年度與上年度比較賸餘短絀>-26422771</本年度與上年度比較賸餘短絀>
<期初基金餘額>-23388437</期初基金餘額>
<處理經營不善農漁會信用部賠付專款移出數>0</處理經營不善農漁會信用部賠付專款移出數>
<期末基金餘額>-38274475</期末基金餘額>
</ROW>
<ROW>
<基金別>行政院國家科學技術發展基金</基金別>
<本年度預算數基金來源>31799895</本年度預算數基金來源>
<本年度預算數基金用途>38501534</本年度預算數基金用途>
<本年度預算數賸餘短絀>-6701639</本年度預算數賸餘短絀>
<上年度預算數基金來源>31231424</上年度預算數基金來源>
<上年度預算數基金用途>32955424</上年度預算數基金用途>
<上年度預算數賸餘短絀>-1724000</上年度預算數賸餘短絀>
<本年度與上年度比較基金來源>568471</本年度與上年度比較基金來源>
<本年度與上年度比較基金用途>5546110</本年度與上年度比較基金用途>
<本年度與上年度比較賸餘短絀>-4977639</本年度與上年度比較賸餘短絀>
<期初基金餘額>7871056</期初基金餘額>
<處理經營不善農漁會信用部賠付專款移出數>0</處理經營不善農漁會信用部賠付專款移出數>
<期末基金餘額>1169417</期末基金餘額>
</ROW>
<ROW>
<基金別>離島建設基金</基金別>
<本年度預算數基金來源>94680</本年度預算數基金來源>
<本年度預算數基金用途>1268950</本年度預算數基金用途>
<本年度預算數賸餘短絀>-1174270</本年度預算數賸餘短絀>
<上年度預算數基金來源>1295540</上年度預算數基金來源>
<上年度預算數基金用途>1200224</上年度預算數基金用途>
<上年度預算數賸餘短絀>95316</上年度預算數賸餘短絀>
<本年度與上年度比較基金來源>-1200860</本年度與上年度比較基金來源>
<本年度與上年度比較基金用途>68726</本年度與上年度比較基金用途>
<本年度與上年度比較賸餘短絀>-1269586</本年度與上年度比較賸餘短絀>
<期初基金餘額>10145921</期初基金餘額>
<處理經營不善農漁會信用部賠付專款移出數>0</處理經營不善農漁會信用部賠付專款移出數>
<期末基金餘額>8971651</期末基金餘額>
</ROW>
<ROW>
<基金別>行政院公營事業民營化基金</基金別>
<本年度預算數基金來源>2387235</本年度預算數基金來源>
<本年度預算數基金用途>9397364</本年度預算數基金用途>
<本年度預算數賸餘短絀>-7010129</本年度預算數賸餘短絀>
<上年度預算數基金來源>22800754</上年度預算數基金來源>
<上年度預算數基金用途>9635337</上年度預算數基金用途>
<上年度預算數賸餘短絀>13165417</上年度預算數賸餘短絀>
<本年度與上年度比較基金來源>-20413519</本年度與上年度比較基金來源>
<本年度與上年度比較基金用途>-237973</本年度與上年度比較基金用途>
<本年度與上年度比較賸餘短絀>-20175546</本年度與上年度比較賸餘短絀>
<期初基金餘額>-41405414</期初基金餘額>
<處理經營不善農漁會信用部賠付專款移出數>0</處理經營不善農漁會信用部賠付專款移出數>
<期末基金餘額>-48415543</期末基金餘額>
</ROW>
<ROW>
<基金別>內政部主管</基金別>
<本年度預算數基金來源>3823926</本年度預算數基金來源>
<本年度預算數基金用途>4062810</本年度預算數基金用途>
<本年度預算數賸餘短絀>-238884</本年度預算數賸餘短絀>
<上年度預算數基金來源>3879014</上年度預算數基金來源>
<上年度預算數基金用途>3927166</上年度預算數基金用途>
<上年度預算數賸餘短絀>-48152</上年度預算數賸餘短絀>
<本年度與上年度比較基金來源>-55088</本年度與上年度比較基金來源>
<本年度與上年度比較基金用途>135644</本年度與上年度比較基金用途>
<本年度與上年度比較賸餘短絀>-190732</本年度與上年度比較賸餘短絀>
<期初基金餘額>3210601</期初基金餘額>
<處理經營不善農漁會信用部賠付專款移出數>0</處理經營不善農漁會信用部賠付專款移出數>
<期末基金餘額>2971717</期末基金餘額>
</ROW>
<ROW>
<基金別>社會福利基金</基金別>
<本年度預算數基金來源>2532389</本年度預算數基金來源>
<本年度預算數基金用途>2926377</本年度預算數基金用途>
<本年度預算數賸餘短絀>-393988</本年度預算數賸餘短絀>
<上年度預算數基金來源>2591800</上年度預算數基金來源>
<上年度預算數基金用途>2790800</上年度預算數基金用途>
<上年度預算數賸餘短絀>-199000</上年度預算數賸餘短絀>
<本年度與上年度比較基金來源>-59411</本年度與上年度比較基金來源>
<本年度與上年度比較基金用途>135577</本年度與上年度比較基金用途>
<本年度與上年度比較賸餘短絀>-194988</本年度與上年度比較賸餘短絀>
<期初基金餘額>1770843</期初基金餘額>
<處理經營不善農漁會信用部賠付專款移出數>0</處理經營不善農漁會信用部賠付專款移出數>
<期末基金餘額>1376855</期末基金餘額>
</ROW>
<ROW>
<基金別>外籍配偶照顧輔導基金</基金別>
<本年度預算數基金來源>306250</本年度預算數基金來源>
<本年度預算數基金用途>296642</本年度預算數基金用途>
<本年度預算數賸餘短絀>9608</本年度預算數賸餘短絀>
<上年度預算數基金來源>304530</上年度預算數基金來源>
<上年度預算數基金用途>293675</上年度預算數基金用途>
<上年度預算數賸餘短絀>10855</上年度預算數賸餘短絀>
<本年度與上年度比較基金來源>1720</本年度與上年度比較基金來源>
<本年度與上年度比較基金用途>2967</本年度與上年度比較基金用途>
<本年度與上年度比較賸餘短絀>-1247</本年度與上年度比較賸餘短絀>
<期初基金餘額>762259</期初基金餘額>
<處理經營不善農漁會信用部賠付專款移出數>0</處理經營不善農漁會信用部賠付專款移出數>
<期末基金餘額>771867</期末基金餘額>
</ROW>
<ROW>
<基金別>研發替代役基金</基金別>
<本年度預算數基金來源>881301</本年度預算數基金來源>
<本年度預算數基金用途>811507</本年度預算數基金用途>
<本年度預算數賸餘短絀>69794</本年度預算數賸餘短絀>
<上年度預算數基金來源>878776</上年度預算數基金來源>
<上年度預算數基金用途>807070</上年度預算數基金用途>
<上年度預算數賸餘短絀>71706</上年度預算數賸餘短絀>
<本年度與上年度比較基金來源>2525</本年度與上年度比較基金來源>
<本年度與上年度比較基金用途>4437</本年度與上年度比較基金用途>
<本年度與上年度比較賸餘短絀>-1912</本年度與上年度比較賸餘短絀>
<期初基金餘額>319962</期初基金餘額>
<處理經營不善農漁會信用部賠付專款移出數>0</處理經營不善農漁會信用部賠付專款移出數>
<期末基金餘額>389756</期末基金餘額>
</ROW>
<ROW>
<基金別>警察消防海巡移民空勤人員及協勤民力安全基金</基金別>
<本年度預算數基金來源>103986</本年度預算數基金來源>
<本年度預算數基金用途>28284</本年度預算數基金用途>
<本年度預算數賸餘短絀>75702</本年度預算數賸餘短絀>
<上年度預算數基金來源>103908</上年度預算數基金來源>
<上年度預算數基金用途>35621</上年度預算數基金用途>
<上年度預算數賸餘短絀>68287</上年度預算數賸餘短絀>
<本年度與上年度比較基金來源>78</本年度與上年度比較基金來源>
<本年度與上年度比較基金用途>-7337</本年度與上年度比較基金用途>
<本年度與上年度比較賸餘短絀>7415</本年度與上年度比較賸餘短絀>
<期初基金餘額>357537</期初基金餘額>
<處理經營不善農漁會信用部賠付專款移出數>0</處理經營不善農漁會信用部賠付專款移出數>
<期末基金餘額>433239</期末基金餘額>
</ROW>
<ROW>
<基金別>教育部主管</基金別>
<本年度預算數基金來源>942893</本年度預算數基金來源>
<本年度預算數基金用途>896092</本年度預算數基金用途>
<本年度預算數賸餘短絀>46801</本年度預算數賸餘短絀>
<上年度預算數基金來源>682063</上年度預算數基金來源>
<上年度預算數基金用途>646580</上年度預算數基金用途>
<上年度預算數賸餘短絀>35483</上年度預算數賸餘短絀>
<本年度與上年度比較基金來源>260830</本年度與上年度比較基金來源>
<本年度與上年度比較基金用途>249512</本年度與上年度比較基金用途>
<本年度與上年度比較賸餘短絀>11318</本年度與上年度比較賸餘短絀>
<期初基金餘額>8829238</期初基金餘額>
<處理經營不善農漁會信用部賠付專款移出數>0</處理經營不善農漁會信用部賠付專款移出數>
<期末基金餘額>8876039</期末基金餘額>
</ROW>
<ROW>
<基金別>學產基金</基金別>
<本年度預算數基金來源>942893</本年度預算數基金來源>
<本年度預算數基金用途>896092</本年度預算數基金用途>
<本年度預算數賸餘短絀>46801</本年度預算數賸餘短絀>
<上年度預算數基金來源>682063</上年度預算數基金來源>
<上年度預算數基金用途>646580</上年度預算數基金用途>
<上年度預算數賸餘短絀>35483</上年度預算數賸餘短絀>
<本年度與上年度比較基金來源>260830</本年度與上年度比較基金來源>
<本年度與上年度比較基金用途>249512</本年度與上年度比較基金用途>
<本年度與上年度比較賸餘短絀>11318</本年度與上年度比較賸餘短絀>
<期初基金餘額>8829238</期初基金餘額>
<處理經營不善農漁會信用部賠付專款移出數>0</處理經營不善農漁會信用部賠付專款移出數>
<期末基金餘額>8876039</期末基金餘額>
</ROW>
<ROW>
<基金別>經濟部主管</基金別>
<本年度預算數基金來源>25284747</本年度預算數基金來源>
<本年度預算數基金用途>16859281</本年度預算數基金用途>
<本年度預算數賸餘短絀>8425466</本年度預算數賸餘短絀>
<上年度預算數基金來源>24614902</上年度預算數基金來源>
<上年度預算數基金用途>16706305</上年度預算數基金用途>
<上年度預算數賸餘短絀>7908597</上年度預算數賸餘短絀>
<本年度與上年度比較基金來源>669845</本年度與上年度比較基金來源>
<本年度與上年度比較基金用途>152976</本年度與上年度比較基金用途>
<本年度與上年度比較賸餘短絀>516869</本年度與上年度比較賸餘短絀>
<期初基金餘額>229504960</期初基金餘額>
<處理經營不善農漁會信用部賠付專款移出數>0</處理經營不善農漁會信用部賠付專款移出數>
<期末基金餘額>237930426</期末基金餘額>
</ROW>
<ROW>
<基金別>經濟特別收入基金</基金別>
<本年度預算數基金來源>13645225</本年度預算數基金來源>
<本年度預算數基金用途>14318149</本年度預算數基金用途>
<本年度預算數賸餘短絀>-672924</本年度預算數賸餘短絀>
<上年度預算數基金來源>12202624</上年度預算數基金來源>
<上年度預算數基金用途>13922349</上年度預算數基金用途>
<上年度預算數賸餘短絀>-1719725</上年度預算數賸餘短絀>
<本年度與上年度比較基金來源>1442601</本年度與上年度比較基金來源>
<本年度與上年度比較基金用途>395800</本年度與上年度比較基金用途>
<本年度與上年度比較賸餘短絀>1046801</本年度與上年度比較賸餘短絀>
<期初基金餘額>20269870</期初基金餘額>
<處理經營不善農漁會信用部賠付專款移出數>0</處理經營不善農漁會信用部賠付專款移出數>
<期末基金餘額>19596946</期末基金餘額>
</ROW>
<ROW>
<基金別>核能發電後端營運基金</基金別>
<本年度預算數基金來源>11032014</本年度預算數基金來源>
<本年度預算數基金用途>1625841</本年度預算數基金用途>
<本年度預算數賸餘短絀>9406173</本年度預算數賸餘短絀>
<上年度預算數基金來源>11411385</上年度預算數基金來源>
<上年度預算數基金用途>1807856</上年度預算數基金用途>
<上年度預算數賸餘短絀>9603529</上年度預算數賸餘短絀>
<本年度與上年度比較基金來源>-379371</本年度與上年度比較基金來源>
<本年度與上年度比較基金用途>-182015</本年度與上年度比較基金用途>
<本年度與上年度比較賸餘短絀>-197356</本年度與上年度比較賸餘短絀>
<期初基金餘額>208248359</期初基金餘額>
<處理經營不善農漁會信用部賠付專款移出數>0</處理經營不善農漁會信用部賠付專款移出數>
<期末基金餘額>217654532</期末基金餘額>
</ROW>
<ROW>
<基金別>地方產業發展基金</基金別>
<本年度預算數基金來源>607508</本年度預算數基金來源>
<本年度預算數基金用途>915291</本年度預算數基金用途>
<本年度預算數賸餘短絀>-307783</本年度預算數賸餘短絀>
<上年度預算數基金來源>1000893</上年度預算數基金來源>
<上年度預算數基金用途>976100</上年度預算數基金用途>
<上年度預算數賸餘短絀>24793</上年度預算數賸餘短絀>
<本年度與上年度比較基金來源>-393385</本年度與上年度比較基金來源>
<本年度與上年度比較基金用途>-60809</本年度與上年度比較基金用途>
<本年度與上年度比較賸餘短絀>-332576</本年度與上年度比較賸餘短絀>
<期初基金餘額>986731</期初基金餘額>
<處理經營不善農漁會信用部賠付專款移出數>0</處理經營不善農漁會信用部賠付專款移出數>
<期末基金餘額>678948</期末基金餘額>
</ROW>
<ROW>
<基金別>交通部主管</基金別>
<本年度預算數基金來源>4889154</本年度預算數基金來源>
<本年度預算數基金用途>9548901</本年度預算數基金用途>
<本年度預算數賸餘短絀>-4659747</本年度預算數賸餘短絀>
<上年度預算數基金來源>5247380</上年度預算數基金來源>
<上年度預算數基金用途>11581978</上年度預算數基金用途>
<上年度預算數賸餘短絀>-6334598</上年度預算數賸餘短絀>
<本年度與上年度比較基金來源>-358226</本年度與上年度比較基金來源>
<本年度與上年度比較基金用途>-2033077</本年度與上年度比較基金用途>
<本年度與上年度比較賸餘短絀>1674851</本年度與上年度比較賸餘短絀>
<期初基金餘額>30436664</期初基金餘額>
<處理經營不善農漁會信用部賠付專款移出數>0</處理經營不善農漁會信用部賠付專款移出數>
<期末基金餘額>25776917</期末基金餘額>
</ROW>
<ROW>
<基金別>航港建設基金</基金別>
<本年度預算數基金來源>4889154</本年度預算數基金來源>
<本年度預算數基金用途>9548901</本年度預算數基金用途>
<本年度預算數賸餘短絀>-4659747</本年度預算數賸餘短絀>
<上年度預算數基金來源>5247380</上年度預算數基金來源>
<上年度預算數基金用途>11581978</上年度預算數基金用途>
<上年度預算數賸餘短絀>-6334598</上年度預算數賸餘短絀>
<本年度與上年度比較基金來源>-358226</本年度與上年度比較基金來源>
<本年度與上年度比較基金用途>-2033077</本年度與上年度比較基金用途>
<本年度與上年度比較賸餘短絀>1674851</本年度與上年度比較賸餘短絀>
<期初基金餘額>30436664</期初基金餘額>
<處理經營不善農漁會信用部賠付專款移出數>0</處理經營不善農漁會信用部賠付專款移出數>
<期末基金餘額>25776917</期末基金餘額>
</ROW>
<ROW>
<基金別>原子能委員會主管</基金別>
<本年度預算數基金來源>96756</本年度預算數基金來源>
<本年度預算數基金用途>68711</本年度預算數基金用途>
<本年度預算數賸餘短絀>28045</本年度預算數賸餘短絀>
<上年度預算數基金來源>73050</上年度預算數基金來源>
<上年度預算數基金用途>64596</上年度預算數基金用途>
<上年度預算數賸餘短絀>8454</上年度預算數賸餘短絀>
<本年度與上年度比較基金來源>23706</本年度與上年度比較基金來源>
<本年度與上年度比較基金用途>4115</本年度與上年度比較基金用途>
<本年度與上年度比較賸餘短絀>19591</本年度與上年度比較賸餘短絀>
<期初基金餘額>124819</期初基金餘額>
<處理經營不善農漁會信用部賠付專款移出數>0</處理經營不善農漁會信用部賠付專款移出數>
<期末基金餘額>152864</期末基金餘額>
</ROW>
<ROW>
<基金別>核子事故緊急應變基金</基金別>
<本年度預算數基金來源>96756</本年度預算數基金來源>
<本年度預算數基金用途>68711</本年度預算數基金用途>
<本年度預算數賸餘短絀>28045</本年度預算數賸餘短絀>
<上年度預算數基金來源>73050</上年度預算數基金來源>
<上年度預算數基金用途>64596</上年度預算數基金用途>
<上年度預算數賸餘短絀>8454</上年度預算數賸餘短絀>
<本年度與上年度比較基金來源>23706</本年度與上年度比較基金來源>
<本年度與上年度比較基金用途>4115</本年度與上年度比較基金用途>
<本年度與上年度比較賸餘短絀>19591</本年度與上年度比較賸餘短絀>
<期初基金餘額>124819</期初基金餘額>
<處理經營不善農漁會信用部賠付專款移出數>0</處理經營不善農漁會信用部賠付專款移出數>
<期末基金餘額>152864</期末基金餘額>
</ROW>
<ROW>
<基金別>農業委員會主管</基金別>
<本年度預算數基金來源>25615449</本年度預算數基金來源>
<本年度預算數基金用途>39238354</本年度預算數基金用途>
<本年度預算數賸餘短絀>-13622905</本年度預算數賸餘短絀>
<上年度預算數基金來源>24962884</上年度預算數基金來源>
<上年度預算數基金用途>39753765</上年度預算數基金用途>
<上年度預算數賸餘短絀>-14790881</上年度預算數賸餘短絀>
<本年度與上年度比較基金來源>652565</本年度與上年度比較基金來源>
<本年度與上年度比較基金用途>-515411</本年度與上年度比較基金用途>
<本年度與上年度比較賸餘短絀>1167976</本年度與上年度比較賸餘短絀>
<期初基金餘額>30392539</期初基金餘額>
<處理經營不善農漁會信用部賠付專款移出數>0</處理經營不善農漁會信用部賠付專款移出數>
<期末基金餘額>16769634</期末基金餘額>
</ROW>
<ROW>
<基金別>農業特別收入基金</基金別>
<本年度預算數基金來源>25615449</本年度預算數基金來源>
<本年度預算數基金用途>39238354</本年度預算數基金用途>
<本年度預算數賸餘短絀>-13622905</本年度預算數賸餘短絀>
<上年度預算數基金來源>24962884</上年度預算數基金來源>
<上年度預算數基金用途>39753765</上年度預算數基金用途>
<上年度預算數賸餘短絀>-14790881</上年度預算數賸餘短絀>
<本年度與上年度比較基金來源>652565</本年度與上年度比較基金來源>
<本年度與上年度比較基金用途>-515411</本年度與上年度比較基金用途>
<本年度與上年度比較賸餘短絀>1167976</本年度與上年度比較賸餘短絀>
<期初基金餘額>30392539</期初基金餘額>
<處理經營不善農漁會信用部賠付專款移出數>0</處理經營不善農漁會信用部賠付專款移出數>
<期末基金餘額>16769634</期末基金餘額>
</ROW>
<ROW>
<基金別>勞工委員會主管</基金別>
<本年度預算數基金來源>12563031</本年度預算數基金來源>
<本年度預算數基金用途>16221926</本年度預算數基金用途>
<本年度預算數賸餘短絀>-3658895</本年度預算數賸餘短絀>
<上年度預算數基金來源>12661782</上年度預算數基金來源>
<上年度預算數基金用途>14474113</上年度預算數基金用途>
<上年度預算數賸餘短絀>-1812331</上年度預算數賸餘短絀>
<本年度與上年度比較基金來源>-98751</本年度與上年度比較基金來源>
<本年度與上年度比較基金用途>1747813</本年度與上年度比較基金用途>
<本年度與上年度比較賸餘短絀>-1846564</本年度與上年度比較賸餘短絀>
<期初基金餘額>14357614</期初基金餘額>
<處理經營不善農漁會信用部賠付專款移出數>0</處理經營不善農漁會信用部賠付專款移出數>
<期末基金餘額>10698719</期末基金餘額>
</ROW>
<ROW>
<基金別>就業安定基金</基金別>
<本年度預算數基金來源>12563031</本年度預算數基金來源>
<本年度預算數基金用途>16221926</本年度預算數基金用途>
<本年度預算數賸餘短絀>-3658895</本年度預算數賸餘短絀>
<上年度預算數基金來源>12661782</上年度預算數基金來源>
<上年度預算數基金用途>14474113</上年度預算數基金用途>
<上年度預算數賸餘短絀>-1812331</上年度預算數賸餘短絀>
<本年度與上年度比較基金來源>-98751</本年度與上年度比較基金來源>
<本年度與上年度比較基金用途>1747813</本年度與上年度比較基金用途>
<本年度與上年度比較賸餘短絀>-1846564</本年度與上年度比較賸餘短絀>
<期初基金餘額>14357614</期初基金餘額>
<處理經營不善農漁會信用部賠付專款移出數>0</處理經營不善農漁會信用部賠付專款移出數>
<期末基金餘額>10698719</期末基金餘額>
</ROW>
<ROW>
<基金別>衛生署主管</基金別>
<本年度預算數基金來源>8369350</本年度預算數基金來源>
<本年度預算數基金用途>8675793</本年度預算數基金用途>
<本年度預算數賸餘短絀>-306443</本年度預算數賸餘短絀>
<上年度預算數基金來源>8778312</上年度預算數基金來源>
<上年度預算數基金用途>9042204</上年度預算數基金用途>
<上年度預算數賸餘短絀>-263892</上年度預算數賸餘短絀>
<本年度與上年度比較基金來源>-408962</本年度與上年度比較基金來源>
<本年度與上年度比較基金用途>-366411</本年度與上年度比較基金用途>
<本年度與上年度比較賸餘短絀>-42551</本年度與上年度比較賸餘短絀>
<期初基金餘額>6096014</期初基金餘額>
<處理經營不善農漁會信用部賠付專款移出數>0</處理經營不善農漁會信用部賠付專款移出數>
<期末基金餘額>5789571</期末基金餘額>
</ROW>
<ROW>
<基金別>健康照護基金</基金別>
<本年度預算數基金來源>8369350</本年度預算數基金來源>
<本年度預算數基金用途>8675793</本年度預算數基金用途>
<本年度預算數賸餘短絀>-306443</本年度預算數賸餘短絀>
<上年度預算數基金來源>8778312</上年度預算數基金來源>
<上年度預算數基金用途>9042204</上年度預算數基金用途>
<上年度預算數賸餘短絀>-263892</上年度預算數賸餘短絀>
<本年度與上年度比較基金來源>-408962</本年度與上年度比較基金來源>
<本年度與上年度比較基金用途>-366411</本年度與上年度比較基金用途>
<本年度與上年度比較賸餘短絀>-42551</本年度與上年度比較賸餘短絀>
<期初基金餘額>6096014</期初基金餘額>
<處理經營不善農漁會信用部賠付專款移出數>0</處理經營不善農漁會信用部賠付專款移出數>
<期末基金餘額>5789571</期末基金餘額>
</ROW>
<ROW>
<基金別>環境保護署主管</基金別>
<本年度預算數基金來源>5340678</本年度預算數基金來源>
<本年度預算數基金用途>5271812</本年度預算數基金用途>
<本年度預算數賸餘短絀>68866</本年度預算數賸餘短絀>
<上年度預算數基金來源>4396091</上年度預算數基金來源>
<上年度預算數基金用途>5343505</上年度預算數基金用途>
<上年度預算數賸餘短絀>-947414</上年度預算數賸餘短絀>
<本年度與上年度比較基金來源>944587</本年度與上年度比較基金來源>
<本年度與上年度比較基金用途>-71693</本年度與上年度比較基金用途>
<本年度與上年度比較賸餘短絀>1016280</本年度與上年度比較賸餘短絀>
<期初基金餘額>9076482</期初基金餘額>
<處理經營不善農漁會信用部賠付專款移出數>0</處理經營不善農漁會信用部賠付專款移出數>
<期末基金餘額>9145348</期末基金餘額>
</ROW>
<ROW>
<基金別>環境保護基金</基金別>
<本年度預算數基金來源>5340678</本年度預算數基金來源>
<本年度預算數基金用途>5271812</本年度預算數基金用途>
<本年度預算數賸餘短絀>68866</本年度預算數賸餘短絀>
<上年度預算數基金來源>4396091</上年度預算數基金來源>
<上年度預算數基金用途>5343505</上年度預算數基金用途>
<上年度預算數賸餘短絀>-947414</上年度預算數賸餘短絀>
<本年度與上年度比較基金來源>944587</本年度與上年度比較基金來源>
<本年度與上年度比較基金用途>-71693</本年度與上年度比較基金用途>
<本年度與上年度比較賸餘短絀>1016280</本年度與上年度比較賸餘短絀>
<期初基金餘額>9076482</期初基金餘額>
<處理經營不善農漁會信用部賠付專款移出數>0</處理經營不善農漁會信用部賠付專款移出數>
<期末基金餘額>9145348</期末基金餘額>
</ROW>
<ROW>
<基金別>大陸委員會主管</基金別>
<本年度預算數基金來源>28910</本年度預算數基金來源>
<本年度預算數基金用途>60218</本年度預算數基金用途>
<本年度預算數賸餘短絀>-31308</本年度預算數賸餘短絀>
<上年度預算數基金來源>32100</上年度預算數基金來源>
<上年度預算數基金用途>61186</上年度預算數基金用途>
<上年度預算數賸餘短絀>-29086</上年度預算數賸餘短絀>
<本年度與上年度比較基金來源>-3190</本年度與上年度比較基金來源>
<本年度與上年度比較基金用途>-968</本年度與上年度比較基金用途>
<本年度與上年度比較賸餘短絀>-2222</本年度與上年度比較賸餘短絀>
<期初基金餘額>155704</期初基金餘額>
<處理經營不善農漁會信用部賠付專款移出數>0</處理經營不善農漁會信用部賠付專款移出數>
<期末基金餘額>124396</期末基金餘額>
</ROW>
<ROW>
<基金別>中華發展基金</基金別>
<本年度預算數基金來源>28910</本年度預算數基金來源>
<本年度預算數基金用途>60218</本年度預算數基金用途>
<本年度預算數賸餘短絀>-31308</本年度預算數賸餘短絀>
<上年度預算數基金來源>32100</上年度預算數基金來源>
<上年度預算數基金用途>61186</上年度預算數基金用途>
<上年度預算數賸餘短絀>-29086</上年度預算數賸餘短絀>
<本年度與上年度比較基金來源>-3190</本年度與上年度比較基金來源>
<本年度與上年度比較基金用途>-968</本年度與上年度比較基金用途>
<本年度與上年度比較賸餘短絀>-2222</本年度與上年度比較賸餘短絀>
<期初基金餘額>155704</期初基金餘額>
<處理經營不善農漁會信用部賠付專款移出數>0</處理經營不善農漁會信用部賠付專款移出數>
<期末基金餘額>124396</期末基金餘額>
</ROW>
<ROW>
<基金別>金融監督管理委員會主管</基金別>
<本年度預算數基金來源>11275692</本年度預算數基金來源>
<本年度預算數基金用途>10331393</本年度預算數基金用途>
<本年度預算數賸餘短絀>944299</本年度預算數賸餘短絀>
<上年度預算數基金來源>10972785</上年度預算數基金來源>
<上年度預算數基金用途>1743050</上年度預算數基金用途>
<上年度預算數賸餘短絀>9229735</上年度預算數賸餘短絀>
<本年度與上年度比較基金來源>302907</本年度與上年度比較基金來源>
<本年度與上年度比較基金用途>8588343</本年度與上年度比較基金用途>
<本年度與上年度比較賸餘短絀>-8285436</本年度與上年度比較賸餘短絀>
<期初基金餘額>19440260</期初基金餘額>
<處理經營不善農漁會信用部賠付專款移出數>18914826</處理經營不善農漁會信用部賠付專款移出數>
<期末基金餘額>1469733</期末基金餘額>
</ROW>
<ROW>
<基金別>金融監督管理基金</基金別>
<本年度預算數基金來源>7980527</本年度預算數基金來源>
<本年度預算數基金用途>7971907</本年度預算數基金用途>
<本年度預算數賸餘短絀>8620</本年度預算數賸餘短絀>
<上年度預算數基金來源>887392</上年度預算數基金來源>
<上年度預算數基金用途>1006840</上年度預算數基金用途>
<上年度預算數賸餘短絀>-119448</上年度預算數賸餘短絀>
<本年度與上年度比較基金來源>7093135</本年度與上年度比較基金來源>
<本年度與上年度比較基金用途>6965067</本年度與上年度比較基金用途>
<本年度與上年度比較賸餘短絀>128068</本年度與上年度比較賸餘短絀>
<期初基金餘額>1461113</期初基金餘額>
<處理經營不善農漁會信用部賠付專款移出數>0</處理經營不善農漁會信用部賠付專款移出數>
<期末基金餘額>1469733</期末基金餘額>
</ROW>
<ROW>
<基金別>行政院金融重建基金</基金別>
<本年度預算數基金來源>3295165</本年度預算數基金來源>
<本年度預算數基金用途>2359486</本年度預算數基金用途>
<本年度預算數賸餘短絀>935679</本年度預算數賸餘短絀>
<上年度預算數基金來源>10085393</上年度預算數基金來源>
<上年度預算數基金用途>736210</上年度預算數基金用途>
<上年度預算數賸餘短絀>9349183</上年度預算數賸餘短絀>
<本年度與上年度比較基金來源>-6790228</本年度與上年度比較基金來源>
<本年度與上年度比較基金用途>1623276</本年度與上年度比較基金用途>
<本年度與上年度比較賸餘短絀>-8413504</本年度與上年度比較賸餘短絀>
<期初基金餘額>17979147</期初基金餘額>
<處理經營不善農漁會信用部賠付專款移出數>18914826</處理經營不善農漁會信用部賠付專款移出數>
<期末基金餘額>0</期末基金餘額>
</ROW>
<ROW>
<基金別>國家通訊傳播委員會主管</基金別>
<本年度預算數基金來源>1321821</本年度預算數基金來源>
<本年度預算數基金用途>1275842</本年度預算數基金用途>
<本年度預算數賸餘短絀>45979</本年度預算數賸餘短絀>
<上年度預算數基金來源>1070247</上年度預算數基金來源>
<上年度預算數基金用途>1012600</上年度預算數基金用途>
<上年度預算數賸餘短絀>57647</上年度預算數賸餘短絀>
<本年度與上年度比較基金來源>251574</本年度與上年度比較基金來源>
<本年度與上年度比較基金用途>263242</本年度與上年度比較基金用途>
<本年度與上年度比較賸餘短絀>-11668</本年度與上年度比較賸餘短絀>
<期初基金餘額>699720</期初基金餘額>
<處理經營不善農漁會信用部賠付專款移出數>0</處理經營不善農漁會信用部賠付專款移出數>
<期末基金餘額>745699</期末基金餘額>
</ROW>
<ROW>
<基金別>通訊傳播監督管理基金</基金別>
<本年度預算數基金來源>971201</本年度預算數基金來源>
<本年度預算數基金用途>940026</本年度預算數基金用途>
<本年度預算數賸餘短絀>31175</本年度預算數賸餘短絀>
<上年度預算數基金來源>722145</上年度預算數基金來源>
<上年度預算數基金用途>674876</上年度預算數基金用途>
<上年度預算數賸餘短絀>47269</上年度預算數賸餘短絀>
<本年度與上年度比較基金來源>249056</本年度與上年度比較基金來源>
<本年度與上年度比較基金用途>265150</本年度與上年度比較基金用途>
<本年度與上年度比較賸餘短絀>-16094</本年度與上年度比較賸餘短絀>
<期初基金餘額>239392</期初基金餘額>
<處理經營不善農漁會信用部賠付專款移出數>0</處理經營不善農漁會信用部賠付專款移出數>
<期末基金餘額>270567</期末基金餘額>
</ROW>
<ROW>
<基金別>有線廣播電視事業發展基金</基金別>
<本年度預算數基金來源>350620</本年度預算數基金來源>
<本年度預算數基金用途>335816</本年度預算數基金用途>
<本年度預算數賸餘短絀>14804</本年度預算數賸餘短絀>
<上年度預算數基金來源>348102</上年度預算數基金來源>
<上年度預算數基金用途>337724</上年度預算數基金用途>
<上年度預算數賸餘短絀>10378</上年度預算數賸餘短絀>
<本年度與上年度比較基金來源>2518</本年度與上年度比較基金來源>
<本年度與上年度比較基金用途>-1908</本年度與上年度比較基金用途>
<本年度與上年度比較賸餘短絀>4426</本年度與上年度比較賸餘短絀>
<期初基金餘額>460328</期初基金餘額>
<處理經營不善農漁會信用部賠付專款移出數>0</處理經營不善農漁會信用部賠付專款移出數>
<期末基金餘額>475132</期末基金餘額>
</ROW>
<ROW>
<基金別>體育委員會主管</基金別>
<本年度預算數基金來源>3626224</本年度預算數基金來源>
<本年度預算數基金用途>1835996</本年度預算數基金用途>
<本年度預算數賸餘短絀>1790228</本年度預算數賸餘短絀>
<上年度預算數基金來源>3205125</上年度預算數基金來源>
<上年度預算數基金用途>1554913</上年度預算數基金用途>
<上年度預算數賸餘短絀>1650212</上年度預算數賸餘短絀>
<本年度與上年度比較基金來源>421099</本年度與上年度比較基金來源>
<本年度與上年度比較基金用途>281083</本年度與上年度比較基金用途>
<本年度與上年度比較賸餘短絀>140016</本年度與上年度比較賸餘短絀>
<期初基金餘額>1650212</期初基金餘額>
<處理經營不善農漁會信用部賠付專款移出數>0</處理經營不善農漁會信用部賠付專款移出數>
<期末基金餘額>3440440</期末基金餘額>
</ROW>
<ROW>
<基金別>運動發展基金</基金別>
<本年度預算數基金來源>3626224</本年度預算數基金來源>
<本年度預算數基金用途>1835996</本年度預算數基金用途>
<本年度預算數賸餘短絀>1790228</本年度預算數賸餘短絀>
<上年度預算數基金來源>3205125</上年度預算數基金來源>
<上年度預算數基金用途>1554913</上年度預算數基金用途>
<上年度預算數賸餘短絀>1650212</上年度預算數賸餘短絀>
<本年度與上年度比較基金來源>421099</本年度與上年度比較基金來源>
<本年度與上年度比較基金用途>281083</本年度與上年度比較基金用途>
<本年度與上年度比較賸餘短絀>140016</本年度與上年度比較賸餘短絀>
<期初基金餘額>1650212</期初基金餘額>
<處理經營不善農漁會信用部賠付專款移出數>0</處理經營不善農漁會信用部賠付專款移出數>
<期末基金餘額>3440440</期末基金餘額>
</ROW>
<ROW>
<基金別>合計</基金別>
<本年度預算數基金來源>137460441</本年度預算數基金來源>
<本年度預算數基金用途>163514977</本年度預算數基金用途>
<本年度預算數賸餘短絀>-26054536</本年度預算數賸餘短絀>
<上年度預算數基金來源>155903453</上年度預算數基金來源>
<上年度預算數基金用途>149702946</上年度預算數基金用途>
<上年度預算數賸餘短絀>6200507</上年度預算數賸餘短絀>
<本年度與上年度比較基金來源>-18443012</本年度與上年度比較基金來源>
<本年度與上年度比較基金用途>13812031</本年度與上年度比較基金用途>
<本年度與上年度比較賸餘短絀>-32255043</本年度與上年度比較賸餘短絀>
<期初基金餘額>330586390</期初基金餘額>
<處理經營不善農漁會信用部賠付專款移出數>18914826</處理經營不善農漁會信用部賠付專款移出數>
<期末基金餘額>285617028</期末基金餘額>
</ROW>
<ROW>
<備註></備註>
</ROW>
</DataSet>
</GenericData>