﻿<?xml version="1.0" encoding="UTF-8"?>
<GenericData>
<Header>
<Table Id="FNGXBCSHFLOWR" Name="中華民國100年度法定預算特別收入基金現金流量綜計表(依主管機關別分列)" Domain="NBA" /> 
<Program Id="NBAGGR020_G"/> 
<Sender Name="行政院主計總處"/>
</Header>

<DataSet>
<ROW>
<項目>業務活動之現金流量</項目>
<合計></合計>
<行政院國家科學技術發展基金></行政院國家科學技術發展基金>
<離島建設基金></離島建設基金>
<行政院公營事業民營化基金></行政院公營事業民營化基金>
<社會福利基金></社會福利基金>
<外籍配偶照顧輔導基金></外籍配偶照顧輔導基金>
<研發替代役基金></研發替代役基金>
<警察消防海巡移民空勤人員及協勤民力安全基金></警察消防海巡移民空勤人員及協勤民力安全基金>
<學產基金></學產基金>
<經濟特別收入基金></經濟特別收入基金>
<核能發電後端營運基金></核能發電後端營運基金>
<地方產業發展基金></地方產業發展基金>
<航港建設基金></航港建設基金>
<核子事故緊急應變基金></核子事故緊急應變基金>
<農業特別收入基金></農業特別收入基金>
<就業安定基金></就業安定基金>
<健康照護基金></健康照護基金>
<環境保護基金></環境保護基金>
<中華發展基金></中華發展基金>
<金融監督管理基金></金融監督管理基金>
<行政院金融重建基金></行政院金融重建基金>
<通訊傳播監督管理基金></通訊傳播監督管理基金>
<有線廣播電視事業發展基金></有線廣播電視事業發展基金>
<運動發展基金></運動發展基金>
</ROW>
<ROW>
<項目>本期賸餘（短絀－）</項目>
<合計>-26054536</合計>
<行政院國家科學技術發展基金>-6701639</行政院國家科學技術發展基金>
<離島建設基金>-1174270</離島建設基金>
<行政院公營事業民營化基金>-7010129</行政院公營事業民營化基金>
<社會福利基金>-393988</社會福利基金>
<外籍配偶照顧輔導基金>9608</外籍配偶照顧輔導基金>
<研發替代役基金>69794</研發替代役基金>
<警察消防海巡移民空勤人員及協勤民力安全基金>75702</警察消防海巡移民空勤人員及協勤民力安全基金>
<學產基金>46801</學產基金>
<經濟特別收入基金>-672924</經濟特別收入基金>
<核能發電後端營運基金>9406173</核能發電後端營運基金>
<地方產業發展基金>-307783</地方產業發展基金>
<航港建設基金>-4659747</航港建設基金>
<核子事故緊急應變基金>28045</核子事故緊急應變基金>
<農業特別收入基金>-13622905</農業特別收入基金>
<就業安定基金>-3658895</就業安定基金>
<健康照護基金>-306443</健康照護基金>
<環境保護基金>68866</環境保護基金>
<中華發展基金>-31308</中華發展基金>
<金融監督管理基金>8620</金融監督管理基金>
<行政院金融重建基金>935679</行政院金融重建基金>
<通訊傳播監督管理基金>31175</通訊傳播監督管理基金>
<有線廣播電視事業發展基金>14804</有線廣播電視事業發展基金>
<運動發展基金>1790228</運動發展基金>
</ROW>
<ROW>
<項目>調整非現金項目</項目>
<合計>8785145</合計>
<行政院國家科學技術發展基金>-15365</行政院國家科學技術發展基金>
<離島建設基金>239813</離島建設基金>
<行政院公營事業民營化基金>-78015</行政院公營事業民營化基金>
<社會福利基金>378166</社會福利基金>
<外籍配偶照顧輔導基金>0</外籍配偶照顧輔導基金>
<研發替代役基金>562</研發替代役基金>
<警察消防海巡移民空勤人員及協勤民力安全基金>0</警察消防海巡移民空勤人員及協勤民力安全基金>
<學產基金>96418</學產基金>
<經濟特別收入基金>-3145334</經濟特別收入基金>
<核能發電後端營運基金>-558784</核能發電後端營運基金>
<地方產業發展基金>3186</地方產業發展基金>
<航港建設基金>-734326</航港建設基金>
<核子事故緊急應變基金>0</核子事故緊急應變基金>
<農業特別收入基金>11818013</農業特別收入基金>
<就業安定基金>270000</就業安定基金>
<健康照護基金>255832</健康照護基金>
<環境保護基金>0</環境保護基金>
<中華發展基金>2417</中華發展基金>
<金融監督管理基金>216</金融監督管理基金>
<行政院金融重建基金>252346</行政院金融重建基金>
<通訊傳播監督管理基金>0</通訊傳播監督管理基金>
<有線廣播電視事業發展基金>0</有線廣播電視事業發展基金>
<運動發展基金>0</運動發展基金>
</ROW>
<ROW>
<項目>業務活動之淨現金流入（流出－）</項目>
<合計>-17269391</合計>
<行政院國家科學技術發展基金>-6717004</行政院國家科學技術發展基金>
<離島建設基金>-934457</離島建設基金>
<行政院公營事業民營化基金>-7088144</行政院公營事業民營化基金>
<社會福利基金>-15822</社會福利基金>
<外籍配偶照顧輔導基金>9608</外籍配偶照顧輔導基金>
<研發替代役基金>70356</研發替代役基金>
<警察消防海巡移民空勤人員及協勤民力安全基金>75702</警察消防海巡移民空勤人員及協勤民力安全基金>
<學產基金>143219</學產基金>
<經濟特別收入基金>-3818258</經濟特別收入基金>
<核能發電後端營運基金>8847389</核能發電後端營運基金>
<地方產業發展基金>-304597</地方產業發展基金>
<航港建設基金>-5394073</航港建設基金>
<核子事故緊急應變基金>28045</核子事故緊急應變基金>
<農業特別收入基金>-1804892</農業特別收入基金>
<就業安定基金>-3388895</就業安定基金>
<健康照護基金>-50611</健康照護基金>
<環境保護基金>68866</環境保護基金>
<中華發展基金>-28891</中華發展基金>
<金融監督管理基金>8836</金融監督管理基金>
<行政院金融重建基金>1188025</行政院金融重建基金>
<通訊傳播監督管理基金>31175</通訊傳播監督管理基金>
<有線廣播電視事業發展基金>14804</有線廣播電視事業發展基金>
<運動發展基金>1790228</運動發展基金>
</ROW>
<ROW>
<項目>其他活動之現金流量</項目>
<合計></合計>
<行政院國家科學技術發展基金></行政院國家科學技術發展基金>
<離島建設基金></離島建設基金>
<行政院公營事業民營化基金></行政院公營事業民營化基金>
<社會福利基金></社會福利基金>
<外籍配偶照顧輔導基金></外籍配偶照顧輔導基金>
<研發替代役基金></研發替代役基金>
<警察消防海巡移民空勤人員及協勤民力安全基金></警察消防海巡移民空勤人員及協勤民力安全基金>
<學產基金></學產基金>
<經濟特別收入基金></經濟特別收入基金>
<核能發電後端營運基金></核能發電後端營運基金>
<地方產業發展基金></地方產業發展基金>
<航港建設基金></航港建設基金>
<核子事故緊急應變基金></核子事故緊急應變基金>
<農業特別收入基金></農業特別收入基金>
<就業安定基金></就業安定基金>
<健康照護基金></健康照護基金>
<環境保護基金></環境保護基金>
<中華發展基金></中華發展基金>
<金融監督管理基金></金融監督管理基金>
<行政院金融重建基金></行政院金融重建基金>
<通訊傳播監督管理基金></通訊傳播監督管理基金>
<有線廣播電視事業發展基金></有線廣播電視事業發展基金>
<運動發展基金></運動發展基金>
</ROW>
<ROW>
<項目>減少短期投資及短期貸墊款</項目>
<合計>57697</合計>
<行政院國家科學技術發展基金>0</行政院國家科學技術發展基金>
<離島建設基金>0</離島建設基金>
<行政院公營事業民營化基金>0</行政院公營事業民營化基金>
<社會福利基金>0</社會福利基金>
<外籍配偶照顧輔導基金>0</外籍配偶照顧輔導基金>
<研發替代役基金>10250</研發替代役基金>
<警察消防海巡移民空勤人員及協勤民力安全基金>0</警察消防海巡移民空勤人員及協勤民力安全基金>
<學產基金>0</學產基金>
<經濟特別收入基金>0</經濟特別收入基金>
<核能發電後端營運基金>0</核能發電後端營運基金>
<地方產業發展基金>0</地方產業發展基金>
<航港建設基金>0</航港建設基金>
<核子事故緊急應變基金>0</核子事故緊急應變基金>
<農業特別收入基金>2147</農業特別收入基金>
<就業安定基金>22500</就業安定基金>
<健康照護基金>0</健康照護基金>
<環境保護基金>0</環境保護基金>
<中華發展基金>0</中華發展基金>
<金融監督管理基金>0</金融監督管理基金>
<行政院金融重建基金>22800</行政院金融重建基金>
<通訊傳播監督管理基金>0</通訊傳播監督管理基金>
<有線廣播電視事業發展基金>0</有線廣播電視事業發展基金>
<運動發展基金>0</運動發展基金>
</ROW>
<ROW>
<項目>減少投資、長期應收款項、貸墊款及準備金</項目>
<合計>21219649</合計>
<行政院國家科學技術發展基金>0</行政院國家科學技術發展基金>
<離島建設基金>0</離島建設基金>
<行政院公營事業民營化基金>0</行政院公營事業民營化基金>
<社會福利基金>0</社會福利基金>
<外籍配偶照顧輔導基金>0</外籍配偶照顧輔導基金>
<研發替代役基金>0</研發替代役基金>
<警察消防海巡移民空勤人員及協勤民力安全基金>0</警察消防海巡移民空勤人員及協勤民力安全基金>
<學產基金>0</學產基金>
<經濟特別收入基金>0</經濟特別收入基金>
<核能發電後端營運基金>20796000</核能發電後端營運基金>
<地方產業發展基金>0</地方產業發展基金>
<航港建設基金>6000</航港建設基金>
<核子事故緊急應變基金>0</核子事故緊急應變基金>
<農業特別收入基金>268418</農業特別收入基金>
<就業安定基金>0</就業安定基金>
<健康照護基金>149231</健康照護基金>
<環境保護基金>0</環境保護基金>
<中華發展基金>0</中華發展基金>
<金融監督管理基金>0</金融監督管理基金>
<行政院金融重建基金>0</行政院金融重建基金>
<通訊傳播監督管理基金>0</通訊傳播監督管理基金>
<有線廣播電視事業發展基金>0</有線廣播電視事業發展基金>
<運動發展基金>0</運動發展基金>
</ROW>
<ROW>
<項目>減少其他資產</項目>
<合計>194458</合計>
<行政院國家科學技術發展基金>0</行政院國家科學技術發展基金>
<離島建設基金>0</離島建設基金>
<行政院公營事業民營化基金>0</行政院公營事業民營化基金>
<社會福利基金>1696</社會福利基金>
<外籍配偶照顧輔導基金>0</外籍配偶照顧輔導基金>
<研發替代役基金>349</研發替代役基金>
<警察消防海巡移民空勤人員及協勤民力安全基金>0</警察消防海巡移民空勤人員及協勤民力安全基金>
<學產基金>0</學產基金>
<經濟特別收入基金>355</經濟特別收入基金>
<核能發電後端營運基金>0</核能發電後端營運基金>
<地方產業發展基金>0</地方產業發展基金>
<航港建設基金>0</航港建設基金>
<核子事故緊急應變基金>0</核子事故緊急應變基金>
<農業特別收入基金>26684</農業特別收入基金>
<就業安定基金>0</就業安定基金>
<健康照護基金>140769</健康照護基金>
<環境保護基金>0</環境保護基金>
<中華發展基金>0</中華發展基金>
<金融監督管理基金>0</金融監督管理基金>
<行政院金融重建基金>24605</行政院金融重建基金>
<通訊傳播監督管理基金>0</通訊傳播監督管理基金>
<有線廣播電視事業發展基金>0</有線廣播電視事業發展基金>
<運動發展基金>0</運動發展基金>
</ROW>
<ROW>
<項目>增加短期債務及其他負債</項目>
<合計>25941470</合計>
<行政院國家科學技術發展基金>0</行政院國家科學技術發展基金>
<離島建設基金>0</離島建設基金>
<行政院公營事業民營化基金>7010129</行政院公營事業民營化基金>
<社會福利基金>4287</社會福利基金>
<外籍配偶照顧輔導基金>0</外籍配偶照顧輔導基金>
<研發替代役基金>0</研發替代役基金>
<警察消防海巡移民空勤人員及協勤民力安全基金>0</警察消防海巡移民空勤人員及協勤民力安全基金>
<學產基金>1684</學產基金>
<經濟特別收入基金>0</經濟特別收入基金>
<核能發電後端營運基金>0</核能發電後端營運基金>
<地方產業發展基金>0</地方產業發展基金>
<航港建設基金>151</航港建設基金>
<核子事故緊急應變基金>0</核子事故緊急應變基金>
<農業特別收入基金>18915048</農業特別收入基金>
<就業安定基金>0</就業安定基金>
<健康照護基金>10171</健康照護基金>
<環境保護基金>0</環境保護基金>
<中華發展基金>0</中華發展基金>
<金融監督管理基金>0</金融監督管理基金>
<行政院金融重建基金>0</行政院金融重建基金>
<通訊傳播監督管理基金>0</通訊傳播監督管理基金>
<有線廣播電視事業發展基金>0</有線廣播電視事業發展基金>
<運動發展基金>0</運動發展基金>
</ROW>
<ROW>
<項目>其他項目之現金流入</項目>
<合計>0</合計>
<行政院國家科學技術發展基金>0</行政院國家科學技術發展基金>
<離島建設基金>0</離島建設基金>
<行政院公營事業民營化基金>0</行政院公營事業民營化基金>
<社會福利基金>0</社會福利基金>
<外籍配偶照顧輔導基金>0</外籍配偶照顧輔導基金>
<研發替代役基金>0</研發替代役基金>
<警察消防海巡移民空勤人員及協勤民力安全基金>0</警察消防海巡移民空勤人員及協勤民力安全基金>
<學產基金>0</學產基金>
<經濟特別收入基金>0</經濟特別收入基金>
<核能發電後端營運基金>0</核能發電後端營運基金>
<地方產業發展基金>0</地方產業發展基金>
<航港建設基金>0</航港建設基金>
<核子事故緊急應變基金>0</核子事故緊急應變基金>
<農業特別收入基金>0</農業特別收入基金>
<就業安定基金>0</就業安定基金>
<健康照護基金>0</健康照護基金>
<環境保護基金>0</環境保護基金>
<中華發展基金>0</中華發展基金>
<金融監督管理基金>0</金融監督管理基金>
<行政院金融重建基金>0</行政院金融重建基金>
<通訊傳播監督管理基金>0</通訊傳播監督管理基金>
<有線廣播電視事業發展基金>0</有線廣播電視事業發展基金>
<運動發展基金>0</運動發展基金>
</ROW>
<ROW>
<項目>增加短期投資及短期貸墊款</項目>
<合計>-70000</合計>
<行政院國家科學技術發展基金>0</行政院國家科學技術發展基金>
<離島建設基金>0</離島建設基金>
<行政院公營事業民營化基金>0</行政院公營事業民營化基金>
<社會福利基金>0</社會福利基金>
<外籍配偶照顧輔導基金>0</外籍配偶照顧輔導基金>
<研發替代役基金>0</研發替代役基金>
<警察消防海巡移民空勤人員及協勤民力安全基金>0</警察消防海巡移民空勤人員及協勤民力安全基金>
<學產基金>0</學產基金>
<經濟特別收入基金>0</經濟特別收入基金>
<核能發電後端營運基金>-70000</核能發電後端營運基金>
<地方產業發展基金>0</地方產業發展基金>
<航港建設基金>0</航港建設基金>
<核子事故緊急應變基金>0</核子事故緊急應變基金>
<農業特別收入基金>0</農業特別收入基金>
<就業安定基金>0</就業安定基金>
<健康照護基金>0</健康照護基金>
<環境保護基金>0</環境保護基金>
<中華發展基金>0</中華發展基金>
<金融監督管理基金>0</金融監督管理基金>
<行政院金融重建基金>0</行政院金融重建基金>
<通訊傳播監督管理基金>0</通訊傳播監督管理基金>
<有線廣播電視事業發展基金>0</有線廣播電視事業發展基金>
<運動發展基金>0</運動發展基金>
</ROW>
<ROW>
<項目>增加投資、長期應收款項、貸墊款及準備金</項目>
<合計>-50394826</合計>
<行政院國家科學技術發展基金>0</行政院國家科學技術發展基金>
<離島建設基金>-1500000</離島建設基金>
<行政院公營事業民營化基金>0</行政院公營事業民營化基金>
<社會福利基金>0</社會福利基金>
<外籍配偶照顧輔導基金>0</外籍配偶照顧輔導基金>
<研發替代役基金>0</研發替代役基金>
<警察消防海巡移民空勤人員及協勤民力安全基金>0</警察消防海巡移民空勤人員及協勤民力安全基金>
<學產基金>0</學產基金>
<經濟特別收入基金>0</經濟特別收入基金>
<核能發電後端營運基金>-29780000</核能發電後端營運基金>
<地方產業發展基金>0</地方產業發展基金>
<航港建設基金>0</航港建設基金>
<核子事故緊急應變基金>0</核子事故緊急應變基金>
<農業特別收入基金>-18914826</農業特別收入基金>
<就業安定基金>0</就業安定基金>
<健康照護基金>-200000</健康照護基金>
<環境保護基金>0</環境保護基金>
<中華發展基金>0</中華發展基金>
<金融監督管理基金>0</金融監督管理基金>
<行政院金融重建基金>0</行政院金融重建基金>
<通訊傳播監督管理基金>0</通訊傳播監督管理基金>
<有線廣播電視事業發展基金>0</有線廣播電視事業發展基金>
<運動發展基金>0</運動發展基金>
</ROW>
<ROW>
<項目>增加其他資產</項目>
<合計>-36498</合計>
<行政院國家科學技術發展基金>0</行政院國家科學技術發展基金>
<離島建設基金>0</離島建設基金>
<行政院公營事業民營化基金>0</行政院公營事業民營化基金>
<社會福利基金>0</社會福利基金>
<外籍配偶照顧輔導基金>0</外籍配偶照顧輔導基金>
<研發替代役基金>0</研發替代役基金>
<警察消防海巡移民空勤人員及協勤民力安全基金>0</警察消防海巡移民空勤人員及協勤民力安全基金>
<學產基金>-36498</學產基金>
<經濟特別收入基金>0</經濟特別收入基金>
<核能發電後端營運基金>0</核能發電後端營運基金>
<地方產業發展基金>0</地方產業發展基金>
<航港建設基金>0</航港建設基金>
<核子事故緊急應變基金>0</核子事故緊急應變基金>
<農業特別收入基金>0</農業特別收入基金>
<就業安定基金>0</就業安定基金>
<健康照護基金>0</健康照護基金>
<環境保護基金>0</環境保護基金>
<中華發展基金>0</中華發展基金>
<金融監督管理基金>0</金融監督管理基金>
<行政院金融重建基金>0</行政院金融重建基金>
<通訊傳播監督管理基金>0</通訊傳播監督管理基金>
<有線廣播電視事業發展基金>0</有線廣播電視事業發展基金>
<運動發展基金>0</運動發展基金>
</ROW>
<ROW>
<項目>減少短期債務及其他負債</項目>
<合計>-531425</合計>
<行政院國家科學技術發展基金>0</行政院國家科學技術發展基金>
<離島建設基金>0</離島建設基金>
<行政院公營事業民營化基金>0</行政院公營事業民營化基金>
<社會福利基金>0</社會福利基金>
<外籍配偶照顧輔導基金>0</外籍配偶照顧輔導基金>
<研發替代役基金>-541</研發替代役基金>
<警察消防海巡移民空勤人員及協勤民力安全基金>0</警察消防海巡移民空勤人員及協勤民力安全基金>
<學產基金>0</學產基金>
<經濟特別收入基金>-325354</經濟特別收入基金>
<核能發電後端營運基金>0</核能發電後端營運基金>
<地方產業發展基金>0</地方產業發展基金>
<航港建設基金>0</航港建設基金>
<核子事故緊急應變基金>0</核子事故緊急應變基金>
<農業特別收入基金>-30131</農業特別收入基金>
<就業安定基金>-60001</就業安定基金>
<健康照護基金>0</健康照護基金>
<環境保護基金>0</環境保護基金>
<中華發展基金>0</中華發展基金>
<金融監督管理基金>0</金融監督管理基金>
<行政院金融重建基金>-75398</行政院金融重建基金>
<通訊傳播監督管理基金>-40000</通訊傳播監督管理基金>
<有線廣播電視事業發展基金>0</有線廣播電視事業發展基金>
<運動發展基金>0</運動發展基金>
</ROW>
<ROW>
<項目>其他項目之現金流出</項目>
<合計>-18914826</合計>
<行政院國家科學技術發展基金>0</行政院國家科學技術發展基金>
<離島建設基金>0</離島建設基金>
<行政院公營事業民營化基金>0</行政院公營事業民營化基金>
<社會福利基金>0</社會福利基金>
<外籍配偶照顧輔導基金>0</外籍配偶照顧輔導基金>
<研發替代役基金>0</研發替代役基金>
<警察消防海巡移民空勤人員及協勤民力安全基金>0</警察消防海巡移民空勤人員及協勤民力安全基金>
<學產基金>0</學產基金>
<經濟特別收入基金>0</經濟特別收入基金>
<核能發電後端營運基金>0</核能發電後端營運基金>
<地方產業發展基金>0</地方產業發展基金>
<航港建設基金>0</航港建設基金>
<核子事故緊急應變基金>0</核子事故緊急應變基金>
<農業特別收入基金>0</農業特別收入基金>
<就業安定基金>0</就業安定基金>
<健康照護基金>0</健康照護基金>
<環境保護基金>0</環境保護基金>
<中華發展基金>0</中華發展基金>
<金融監督管理基金>0</金融監督管理基金>
<行政院金融重建基金>-18914826</行政院金融重建基金>
<通訊傳播監督管理基金>0</通訊傳播監督管理基金>
<有線廣播電視事業發展基金>0</有線廣播電視事業發展基金>
<運動發展基金>0</運動發展基金>
</ROW>
<ROW>
<項目>其他活動之淨現金流入（流出－）</項目>
<合計>-22534301</合計>
<行政院國家科學技術發展基金>0</行政院國家科學技術發展基金>
<離島建設基金>-1500000</離島建設基金>
<行政院公營事業民營化基金>7010129</行政院公營事業民營化基金>
<社會福利基金>5983</社會福利基金>
<外籍配偶照顧輔導基金>0</外籍配偶照顧輔導基金>
<研發替代役基金>10058</研發替代役基金>
<警察消防海巡移民空勤人員及協勤民力安全基金>0</警察消防海巡移民空勤人員及協勤民力安全基金>
<學產基金>-34814</學產基金>
<經濟特別收入基金>-324999</經濟特別收入基金>
<核能發電後端營運基金>-9054000</核能發電後端營運基金>
<地方產業發展基金>0</地方產業發展基金>
<航港建設基金>6151</航港建設基金>
<核子事故緊急應變基金>0</核子事故緊急應變基金>
<農業特別收入基金>267340</農業特別收入基金>
<就業安定基金>-37501</就業安定基金>
<健康照護基金>100171</健康照護基金>
<環境保護基金>0</環境保護基金>
<中華發展基金>0</中華發展基金>
<金融監督管理基金>0</金融監督管理基金>
<行政院金融重建基金>-18942819</行政院金融重建基金>
<通訊傳播監督管理基金>-40000</通訊傳播監督管理基金>
<有線廣播電視事業發展基金>0</有線廣播電視事業發展基金>
<運動發展基金>0</運動發展基金>
</ROW>
<ROW>
<項目>現金及約當現金之淨增（淨減－）</項目>
<合計>-39803692</合計>
<行政院國家科學技術發展基金>-6717004</行政院國家科學技術發展基金>
<離島建設基金>-2434457</離島建設基金>
<行政院公營事業民營化基金>-78015</行政院公營事業民營化基金>
<社會福利基金>-9839</社會福利基金>
<外籍配偶照顧輔導基金>9608</外籍配偶照顧輔導基金>
<研發替代役基金>80414</研發替代役基金>
<警察消防海巡移民空勤人員及協勤民力安全基金>75702</警察消防海巡移民空勤人員及協勤民力安全基金>
<學產基金>108405</學產基金>
<經濟特別收入基金>-4143257</經濟特別收入基金>
<核能發電後端營運基金>-206611</核能發電後端營運基金>
<地方產業發展基金>-304597</地方產業發展基金>
<航港建設基金>-5387922</航港建設基金>
<核子事故緊急應變基金>28045</核子事故緊急應變基金>
<農業特別收入基金>-1537552</農業特別收入基金>
<就業安定基金>-3426396</就業安定基金>
<健康照護基金>49560</健康照護基金>
<環境保護基金>68866</環境保護基金>
<中華發展基金>-28891</中華發展基金>
<金融監督管理基金>8836</金融監督管理基金>
<行政院金融重建基金>-17754794</行政院金融重建基金>
<通訊傳播監督管理基金>-8825</通訊傳播監督管理基金>
<有線廣播電視事業發展基金>14804</有線廣播電視事業發展基金>
<運動發展基金>1790228</運動發展基金>
</ROW>
<ROW>
<項目>期初現金及約當現金</項目>
<合計>141780581</合計>
<行政院國家科學技術發展基金>12215376</行政院國家科學技術發展基金>
<離島建設基金>9749001</離島建設基金>
<行政院公營事業民營化基金>1648435</行政院公營事業民營化基金>
<社會福利基金>1214247</社會福利基金>
<外籍配偶照顧輔導基金>762259</外籍配偶照顧輔導基金>
<研發替代役基金>326762</研發替代役基金>
<警察消防海巡移民空勤人員及協勤民力安全基金>357537</警察消防海巡移民空勤人員及協勤民力安全基金>
<學產基金>8057840</學產基金>
<經濟特別收入基金>17192843</經濟特別收入基金>
<核能發電後端營運基金>1660028</核能發電後端營運基金>
<地方產業發展基金>985130</地方產業發展基金>
<航港建設基金>27850262</航港建設基金>
<核子事故緊急應變基金>124819</核子事故緊急應變基金>
<農業特別收入基金>11949479</農業特別收入基金>
<就業安定基金>12956931</就業安定基金>
<健康照護基金>4846625</健康照護基金>
<環境保護基金>8526860</環境保護基金>
<中華發展基金>153037</中華發展基金>
<金融監督管理基金>1444183</金融監督管理基金>
<行政院金融重建基金>17754794</行政院金融重建基金>
<通訊傳播監督管理基金>292152</通訊傳播監督管理基金>
<有線廣播電視事業發展基金>460328</有線廣播電視事業發展基金>
<運動發展基金>1251653</運動發展基金>
</ROW>
<ROW>
<項目>期末現金及約當現金</項目>
<合計>101976889</合計>
<行政院國家科學技術發展基金>5498372</行政院國家科學技術發展基金>
<離島建設基金>7314544</離島建設基金>
<行政院公營事業民營化基金>1570420</行政院公營事業民營化基金>
<社會福利基金>1204408</社會福利基金>
<外籍配偶照顧輔導基金>771867</外籍配偶照顧輔導基金>
<研發替代役基金>407176</研發替代役基金>
<警察消防海巡移民空勤人員及協勤民力安全基金>433239</警察消防海巡移民空勤人員及協勤民力安全基金>
<學產基金>8166245</學產基金>
<經濟特別收入基金>13049586</經濟特別收入基金>
<核能發電後端營運基金>1453417</核能發電後端營運基金>
<地方產業發展基金>680533</地方產業發展基金>
<航港建設基金>22462340</航港建設基金>
<核子事故緊急應變基金>152864</核子事故緊急應變基金>
<農業特別收入基金>10411927</農業特別收入基金>
<就業安定基金>9530535</就業安定基金>
<健康照護基金>4896185</健康照護基金>
<環境保護基金>8595726</環境保護基金>
<中華發展基金>124146</中華發展基金>
<金融監督管理基金>1453019</金融監督管理基金>
<行政院金融重建基金>0</行政院金融重建基金>
<通訊傳播監督管理基金>283327</通訊傳播監督管理基金>
<有線廣播電視事業發展基金>475132</有線廣播電視事業發展基金>
<運動發展基金>3041881</運動發展基金>
</ROW>
<ROW>
<備註></備註>
</ROW>
</DataSet>
</GenericData>

