<?xml version="1.0" encoding="UTF-8" standalone="yes"?>
<Root xmlns:xsi="http://www.w3.org/2001/XMLSchema-instance">
	<Row>
		<款>  </款>
		<科目名稱>合                          計</科目名稱>
		<稅課收入>1203400000</稅課收入>
		<罰款及賠償收入>21670647</罰款及賠償收入>
		<規費收入>59071760</規費收入>
		<財產收入_經>8297503</財產收入_經>
		<營業盈餘及事業收入>244195329</營業盈餘及事業收入>
		<捐獻及贈與收入>20</捐獻及贈與收入>
		<其他收入>20025374</其他收入>
		<財產收入_資>37775683</財產收入_資>
		<合計>1594436316</合計>
	</Row>
	<Row>
		<款>1</款>
		<科目名稱>總統府主管</科目名稱>
		<稅課收入>-</稅課收入>
		<罰款及賠償收入>2500</罰款及賠償收入>
		<規費收入>109314</規費收入>
		<財產收入_經>1569</財產收入_經>
		<營業盈餘及事業收入>-</營業盈餘及事業收入>
		<捐獻及贈與收入>-</捐獻及贈與收入>
		<其他收入>2501</其他收入>
		<財產收入_資>-</財產收入_資>
		<合計>115884</合計>
	</Row>
	<Row>
		<款>2</款>
		<科目名稱>行政院主管</科目名稱>
		<稅課收入>-</稅課收入>
		<罰款及賠償收入>242668</罰款及賠償收入>
		<規費收入>6980352</規費收入>
		<財產收入_經>92675</財產收入_經>
		<營業盈餘及事業收入>179752434</營業盈餘及事業收入>
		<捐獻及贈與收入>-</捐獻及贈與收入>
		<其他收入>12098</其他收入>
		<財產收入_資>3021654</財產收入_資>
		<合計>190101881</合計>
	</Row>
	<Row>
		<款>3</款>
		<科目名稱>立法院主管</科目名稱>
		<稅課收入>-</稅課收入>
		<罰款及賠償收入>-</罰款及賠償收入>
		<規費收入>250</規費收入>
		<財產收入_經>4990</財產收入_經>
		<營業盈餘及事業收入>-</營業盈餘及事業收入>
		<捐獻及贈與收入>-</捐獻及贈與收入>
		<其他收入>760</其他收入>
		<財產收入_資>-</財產收入_資>
		<合計>6000</合計>
	</Row>
	<Row>
		<款>4</款>
		<科目名稱>司法院主管</科目名稱>
		<稅課收入>-</稅課收入>
		<罰款及賠償收入>94917</罰款及賠償收入>
		<規費收入>7958344</規費收入>
		<財產收入_經>3008</財產收入_經>
		<營業盈餘及事業收入>-</營業盈餘及事業收入>
		<捐獻及贈與收入>-</捐獻及贈與收入>
		<其他收入>270776</其他收入>
		<財產收入_資>-</財產收入_資>
		<合計>8327045</合計>
	</Row>
	<Row>
		<款>5</款>
		<科目名稱>考試院主管</科目名稱>
		<稅課收入>-</稅課收入>
		<罰款及賠償收入>-</罰款及賠償收入>
		<規費收入>560013</規費收入>
		<財產收入_經>2980</財產收入_經>
		<營業盈餘及事業收入>-</營業盈餘及事業收入>
		<捐獻及贈與收入>-</捐獻及贈與收入>
		<其他收入>-</其他收入>
		<財產收入_資>-</財產收入_資>
		<合計>562993</合計>
	</Row>
	<Row>
		<款>6</款>
		<科目名稱>監察院主管</科目名稱>
		<稅課收入>-</稅課收入>
		<罰款及賠償收入>10400</罰款及賠償收入>
		<規費收入>1059</規費收入>
		<財產收入_經>86</財產收入_經>
		<營業盈餘及事業收入>-</營業盈餘及事業收入>
		<捐獻及贈與收入>-</捐獻及贈與收入>
		<其他收入>-</其他收入>
		<財產收入_資>-</財產收入_資>
		<合計>11545</合計>
	</Row>
	<Row>
		<款>7</款>
		<科目名稱>內政部主管</科目名稱>
		<稅課收入>-</稅課收入>
		<罰款及賠償收入>30159</罰款及賠償收入>
		<規費收入>1153337</規費收入>
		<財產收入_經>84639</財產收入_經>
		<營業盈餘及事業收入>-</營業盈餘及事業收入>
		<捐獻及贈與收入>-</捐獻及贈與收入>
		<其他收入>3180913</其他收入>
		<財產收入_資>28000</財產收入_資>
		<合計>4477048</合計>
	</Row>
	<Row>
		<款>8</款>
		<科目名稱>外交部主管</科目名稱>
		<稅課收入>-</稅課收入>
		<罰款及賠償收入>1800</罰款及賠償收入>
		<規費收入>3300739</規費收入>
		<財產收入_經>69500</財產收入_經>
		<營業盈餘及事業收入>-</營業盈餘及事業收入>
		<捐獻及贈與收入>-</捐獻及贈與收入>
		<其他收入>305140</其他收入>
		<財產收入_資>-</財產收入_資>
		<合計>3677179</合計>
	</Row>
	<Row>
		<款>9</款>
		<科目名稱>國防部主管</科目名稱>
		<稅課收入>-</稅課收入>
		<罰款及賠償收入>343333</罰款及賠償收入>
		<規費收入>64922</規費收入>
		<財產收入_經>4297274</財產收入_經>
		<營業盈餘及事業收入>2456280</營業盈餘及事業收入>
		<捐獻及贈與收入>-</捐獻及贈與收入>
		<其他收入>2058517</其他收入>
		<財產收入_資>-</財產收入_資>
		<合計>9220326</合計>
	</Row>
	<Row>
		<款>10</款>
		<科目名稱>財政部主管</科目名稱>
		<稅課收入>1203400000</稅課收入>
		<罰款及賠償收入>9161725</罰款及賠償收入>
		<規費收入>1360940</規費收入>
		<財產收入_經>2934379</財產收入_經>
		<營業盈餘及事業收入>17152230</營業盈餘及事業收入>
		<捐獻及贈與收入>20</捐獻及贈與收入>
		<其他收入>7058607</其他收入>
		<財產收入_資>34698079</財產收入_資>
		<合計>1275765980</合計>
	</Row>
	<Row>
		<款>11</款>
		<科目名稱>教育部主管</科目名稱>
		<稅課收入>-</稅課收入>
		<罰款及賠償收入>10512</罰款及賠償收入>
		<規費收入>109101</規費收入>
		<財產收入_經>34539</財產收入_經>
		<營業盈餘及事業收入>-</營業盈餘及事業收入>
		<捐獻及贈與收入>-</捐獻及贈與收入>
		<其他收入>4349000</其他收入>
		<財產收入_資>-</財產收入_資>
		<合計>4503152</合計>
	</Row>
	<Row>
		<款>12</款>
		<科目名稱>法務部主管</科目名稱>
		<稅課收入>-</稅課收入>
		<罰款及賠償收入>4680641</罰款及賠償收入>
		<規費收入>18880</規費收入>
		<財產收入_經>7436</財產收入_經>
		<營業盈餘及事業收入>-</營業盈餘及事業收入>
		<捐獻及贈與收入>-</捐獻及贈與收入>
		<其他收入>232788</其他收入>
		<財產收入_資>-</財產收入_資>
		<合計>4939745</合計>
	</Row>
	<Row>
		<款>13</款>
		<科目名稱>經濟部主管</科目名稱>
		<稅課收入>-</稅課收入>
		<罰款及賠償收入>167045</罰款及賠償收入>
		<規費收入>4607810</規費收入>
		<財產收入_經>464410</財產收入_經>
		<營業盈餘及事業收入>11405837</營業盈餘及事業收入>
		<捐獻及贈與收入>-</捐獻及贈與收入>
		<其他收入>683973</其他收入>
		<財產收入_資>-</財產收入_資>
		<合計>17329075</合計>
	</Row>
	<Row>
		<款>14</款>
		<科目名稱>交通部主管</科目名稱>
		<稅課收入>-</稅課收入>
		<罰款及賠償收入>6481845</罰款及賠償收入>
		<規費收入>31142380</規費收入>
		<財產收入_經>60800</財產收入_經>
		<營業盈餘及事業收入>32756015</營業盈餘及事業收入>
		<捐獻及贈與收入>-</捐獻及贈與收入>
		<其他收入>311583</其他收入>
		<財產收入_資>-</財產收入_資>
		<合計>70752623</合計>
	</Row>
	<Row>
		<款>15</款>
		<科目名稱>蒙藏委員會主管</科目名稱>
		<稅課收入>-</稅課收入>
		<罰款及賠償收入>-</罰款及賠償收入>
		<規費收入>10</規費收入>
		<財產收入_經>-</財產收入_經>
		<營業盈餘及事業收入>-</營業盈餘及事業收入>
		<捐獻及贈與收入>-</捐獻及贈與收入>
		<其他收入>-</其他收入>
		<財產收入_資>-</財產收入_資>
		<合計>10</合計>
	</Row>
	<Row>
		<款>16</款>
		<科目名稱>僑務委員會主管</科目名稱>
		<稅課收入>-</稅課收入>
		<罰款及賠償收入>-</罰款及賠償收入>
		<規費收入>7607</規費收入>
		<財產收入_經>16202</財產收入_經>
		<營業盈餘及事業收入>-</營業盈餘及事業收入>
		<捐獻及贈與收入>-</捐獻及贈與收入>
		<其他收入>-</其他收入>
		<財產收入_資>27950</財產收入_資>
		<合計>51759</合計>
	</Row>
	<Row>
		<款>17</款>
		<科目名稱>國軍退除役官兵輔導委員會主管</科目名稱>
		<稅課收入>-</稅課收入>
		<罰款及賠償收入>20000</罰款及賠償收入>
		<規費收入>110000</規費收入>
		<財產收入_經>4000</財產收入_經>
		<營業盈餘及事業收入>-</營業盈餘及事業收入>
		<捐獻及贈與收入>-</捐獻及贈與收入>
		<其他收入>1060000</其他收入>
		<財產收入_資>-</財產收入_資>
		<合計>1194000</合計>
	</Row>
	<Row>
		<款>18</款>
		<科目名稱>國家科學委員會主管</科目名稱>
		<稅課收入>-</稅課收入>
		<罰款及賠償收入>2892</罰款及賠償收入>
		<規費收入>46058</規費收入>
		<財產收入_經>30881</財產收入_經>
		<營業盈餘及事業收入>-</營業盈餘及事業收入>
		<捐獻及贈與收入>-</捐獻及贈與收入>
		<其他收入>33891</其他收入>
		<財產收入_資>-</財產收入_資>
		<合計>113722</合計>
	</Row>
	<Row>
		<款>19</款>
		<科目名稱>原子能委員會主管</科目名稱>
		<稅課收入>-</稅課收入>
		<罰款及賠償收入>1310</罰款及賠償收入>
		<規費收入>247023</規費收入>
		<財產收入_經>680</財產收入_經>
		<營業盈餘及事業收入>-</營業盈餘及事業收入>
		<捐獻及贈與收入>-</捐獻及贈與收入>
		<其他收入>-</其他收入>
		<財產收入_資>-</財產收入_資>
		<合計>249013</合計>
	</Row>
	<Row>
		<款>20</款>
		<科目名稱>農業委員會主管</科目名稱>
		<稅課收入>-</稅課收入>
		<罰款及賠償收入>59778</罰款及賠償收入>
		<規費收入>346062</規費收入>
		<財產收入_經>176213</財產收入_經>
		<營業盈餘及事業收入>571092</營業盈餘及事業收入>
		<捐獻及贈與收入>-</捐獻及贈與收入>
		<其他收入>381907</其他收入>
		<財產收入_資>-</財產收入_資>
		<合計>1535052</合計>
	</Row>
	<Row>
		<款>21</款>
		<科目名稱>勞工委員會主管</科目名稱>
		<稅課收入>-</稅課收入>
		<罰款及賠償收入>335635</罰款及賠償收入>
		<規費收入>457066</規費收入>
		<財產收入_經>7973</財產收入_經>
		<營業盈餘及事業收入>-</營業盈餘及事業收入>
		<捐獻及贈與收入>-</捐獻及贈與收入>
		<其他收入>10</其他收入>
		<財產收入_資>-</財產收入_資>
		<合計>800684</合計>
	</Row>
	<Row>
		<款>22</款>
		<科目名稱>衛生署主管</科目名稱>
		<稅課收入>-</稅課收入>
		<罰款及賠償收入>10098</罰款及賠償收入>
		<規費收入>445634</規費收入>
		<財產收入_經>690</財產收入_經>
		<營業盈餘及事業收入>101441</營業盈餘及事業收入>
		<捐獻及贈與收入>-</捐獻及贈與收入>
		<其他收入>20100</其他收入>
		<財產收入_資>-</財產收入_資>
		<合計>577963</合計>
	</Row>
	<Row>
		<款>23</款>
		<科目名稱>環境保護署主管</科目名稱>
		<稅課收入>-</稅課收入>
		<罰款及賠償收入>4900</罰款及賠償收入>
		<規費收入>27120</規費收入>
		<財產收入_經>154</財產收入_經>
		<營業盈餘及事業收入>-</營業盈餘及事業收入>
		<捐獻及贈與收入>-</捐獻及贈與收入>
		<其他收入>62000</其他收入>
		<財產收入_資>-</財產收入_資>
		<合計>94174</合計>
	</Row>
	<Row>
		<款>24</款>
		<科目名稱>海岸巡防署主管</科目名稱>
		<稅課收入>-</稅課收入>
		<罰款及賠償收入>8489</罰款及賠償收入>
		<規費收入>230</規費收入>
		<財產收入_經>1762</財產收入_經>
		<營業盈餘及事業收入>-</營業盈餘及事業收入>
		<捐獻及贈與收入>-</捐獻及贈與收入>
		<其他收入>-</其他收入>
		<財產收入_資>-</財產收入_資>
		<合計>10481</合計>
	</Row>
	<Row>
		<款>25</款>
		<科目名稱>省市地方政府</科目名稱>
		<稅課收入>-</稅課收入>
		<罰款及賠償收入>-</罰款及賠償收入>
		<規費收入>17509</規費收入>
		<財產收入_經>663</財產收入_經>
		<營業盈餘及事業收入>-</營業盈餘及事業收入>
		<捐獻及贈與收入>-</捐獻及贈與收入>
		<其他收入>810</其他收入>
		<財產收入_資>-</財產收入_資>
		<合計>18982</合計>
	</Row>
</Root>