<?xml version="1.0" encoding="UTF-8" standalone="yes"?>
<Root xmlns:xsi="http://www.w3.org/2001/XMLSchema-instance">
	<Row>
		<款>  </款>
		<科目名稱>合                         計</科目名稱>
		<合計>1685856453</合計>
		<一款總統府主管>12148055</一款總統府主管>
		<二款行政院主管>41535524</二款行政院主管>
		<三款立法院主管>3613186</三款立法院主管>
		<四款司法院主管>18262527</四款司法院主管>
		<五款考試院主管>20581494</五款考試院主管>
		<六款監察院主管>2030701</六款監察院主管>
		<七款內政部主管>144199179</七款內政部主管>
		<八款外交部主管>31509798</八款外交部主管>
		<九款國防部主管>341452863</九款國防部主管>
		<十款財政部主管>191915854</十款財政部主管>
		<一一款教育部主管>152689908</一一款教育部主管>
		<一二款法務部主管>26347964</一二款法務部主管>
		<一三款經濟部主管>62103558</一三款經濟部主管>
		<一四款交通部主管>60592779</一四款交通部主管>
		<一五款蒙藏委員會主管>148176</一五款蒙藏委員會主管>
		<一六款僑務委員會主管>1346826</一六款僑務委員會主管>
		<一七款國軍退除役官兵輔導委員會主管>135367984</一七款國軍退除役官兵輔導委員會主管>
		<一八款國家科學委員會主管>41380760</一八款國家科學委員會主管>
		<一九款原子能委員會主管>3189625</一九款原子能委員會主管>
		<二十款農業委員會主管>100227625</二十款農業委員會主管>
		<二一款勞工委員會主管>54663537</二一款勞工委員會主管>
		<二二款衛生署主管>52415580</二二款衛生署主管>
		<二三款環境保護署主管>8234853</二三款環境保護署主管>
		<二四款海岸巡防署主管>12346294</二四款海岸巡防署主管>
		<二五款省市地方政府>157551803</二五款省市地方政府>
		<二六款災害準備金>2000000</二六款災害準備金>
		<二七款第二預備金>8000000</二七款第二預備金>
	</Row>
	<Row>
		<款>1</款>
		<科目名稱>國務支出</科目名稱>
		<合計>1461198</合計>
		<一款總統府主管>1461198</一款總統府主管>
		<二款行政院主管>-</二款行政院主管>
		<三款立法院主管>-</三款立法院主管>
		<四款司法院主管>-</四款司法院主管>
		<五款考試院主管>-</五款考試院主管>
		<六款監察院主管>-</六款監察院主管>
		<七款內政部主管>-</七款內政部主管>
		<八款外交部主管>-</八款外交部主管>
		<九款國防部主管>-</九款國防部主管>
		<十款財政部主管>-</十款財政部主管>
		<一一款教育部主管>-</一一款教育部主管>
		<一二款法務部主管>-</一二款法務部主管>
		<一三款經濟部主管>-</一三款經濟部主管>
		<一四款交通部主管>-</一四款交通部主管>
		<一五款蒙藏委員會主管>-</一五款蒙藏委員會主管>
		<一六款僑務委員會主管>-</一六款僑務委員會主管>
		<一七款國軍退除役官兵輔導委員會主管>-</一七款國軍退除役官兵輔導委員會主管>
		<一八款國家科學委員會主管>-</一八款國家科學委員會主管>
		<一九款原子能委員會主管>-</一九款原子能委員會主管>
		<二十款農業委員會主管>-</二十款農業委員會主管>
		<二一款勞工委員會主管>-</二一款勞工委員會主管>
		<二二款衛生署主管>-</二二款衛生署主管>
		<二三款環境保護署主管>-</二三款環境保護署主管>
		<二四款海岸巡防署主管>-</二四款海岸巡防署主管>
		<二五款省市地方政府>-</二五款省市地方政府>
		<二六款災害準備金>-</二六款災害準備金>
		<二七款第二預備金>-</二七款第二預備金>
	</Row>
	<Row>
		<款>2</款>
		<科目名稱>行政支出</科目名稱>
		<合計>6672942</合計>
		<一款總統府主管>-</一款總統府主管>
		<二款行政院主管>6038323</二款行政院主管>
		<三款立法院主管>-</三款立法院主管>
		<四款司法院主管>-</四款司法院主管>
		<五款考試院主管>-</五款考試院主管>
		<六款監察院主管>-</六款監察院主管>
		<七款內政部主管>-</七款內政部主管>
		<八款外交部主管>-</八款外交部主管>
		<九款國防部主管>-</九款國防部主管>
		<十款財政部主管>-</十款財政部主管>
		<一一款教育部主管>-</一一款教育部主管>
		<一二款法務部主管>-</一二款法務部主管>
		<一三款經濟部主管>-</一三款經濟部主管>
		<一四款交通部主管>-</一四款交通部主管>
		<一五款蒙藏委員會主管>-</一五款蒙藏委員會主管>
		<一六款僑務委員會主管>-</一六款僑務委員會主管>
		<一七款國軍退除役官兵輔導委員會主管>-</一七款國軍退除役官兵輔導委員會主管>
		<一八款國家科學委員會主管>-</一八款國家科學委員會主管>
		<一九款原子能委員會主管>-</一九款原子能委員會主管>
		<二十款農業委員會主管>-</二十款農業委員會主管>
		<二一款勞工委員會主管>-</二一款勞工委員會主管>
		<二二款衛生署主管>-</二二款衛生署主管>
		<二三款環境保護署主管>-</二三款環境保護署主管>
		<二四款海岸巡防署主管>-</二四款海岸巡防署主管>
		<二五款省市地方政府>634619</二五款省市地方政府>
		<二六款災害準備金>-</二六款災害準備金>
		<二七款第二預備金>-</二七款第二預備金>
	</Row>
	<Row>
		<款>3</款>
		<科目名稱>立法支出</科目名稱>
		<合計>3613186</合計>
		<一款總統府主管>-</一款總統府主管>
		<二款行政院主管>-</二款行政院主管>
		<三款立法院主管>3613186</三款立法院主管>
		<四款司法院主管>-</四款司法院主管>
		<五款考試院主管>-</五款考試院主管>
		<六款監察院主管>-</六款監察院主管>
		<七款內政部主管>-</七款內政部主管>
		<八款外交部主管>-</八款外交部主管>
		<九款國防部主管>-</九款國防部主管>
		<十款財政部主管>-</十款財政部主管>
		<一一款教育部主管>-</一一款教育部主管>
		<一二款法務部主管>-</一二款法務部主管>
		<一三款經濟部主管>-</一三款經濟部主管>
		<一四款交通部主管>-</一四款交通部主管>
		<一五款蒙藏委員會主管>-</一五款蒙藏委員會主管>
		<一六款僑務委員會主管>-</一六款僑務委員會主管>
		<一七款國軍退除役官兵輔導委員會主管>-</一七款國軍退除役官兵輔導委員會主管>
		<一八款國家科學委員會主管>-</一八款國家科學委員會主管>
		<一九款原子能委員會主管>-</一九款原子能委員會主管>
		<二十款農業委員會主管>-</二十款農業委員會主管>
		<二一款勞工委員會主管>-</二一款勞工委員會主管>
		<二二款衛生署主管>-</二二款衛生署主管>
		<二三款環境保護署主管>-</二三款環境保護署主管>
		<二四款海岸巡防署主管>-</二四款海岸巡防署主管>
		<二五款省市地方政府>-</二五款省市地方政府>
		<二六款災害準備金>-</二六款災害準備金>
		<二七款第二預備金>-</二七款第二預備金>
	</Row>
	<Row>
		<款>4</款>
		<科目名稱>司法支出</科目名稱>
		<合計>43312424</合計>
		<一款總統府主管>-</一款總統府主管>
		<二款行政院主管>-</二款行政院主管>
		<三款立法院主管>-</三款立法院主管>
		<四款司法院主管>17129048</四款司法院主管>
		<五款考試院主管>-</五款考試院主管>
		<六款監察院主管>-</六款監察院主管>
		<七款內政部主管>-</七款內政部主管>
		<八款外交部主管>-</八款外交部主管>
		<九款國防部主管>-</九款國防部主管>
		<十款財政部主管>-</十款財政部主管>
		<一一款教育部主管>-</一一款教育部主管>
		<一二款法務部主管>26183376</一二款法務部主管>
		<一三款經濟部主管>-</一三款經濟部主管>
		<一四款交通部主管>-</一四款交通部主管>
		<一五款蒙藏委員會主管>-</一五款蒙藏委員會主管>
		<一六款僑務委員會主管>-</一六款僑務委員會主管>
		<一七款國軍退除役官兵輔導委員會主管>-</一七款國軍退除役官兵輔導委員會主管>
		<一八款國家科學委員會主管>-</一八款國家科學委員會主管>
		<一九款原子能委員會主管>-</一九款原子能委員會主管>
		<二十款農業委員會主管>-</二十款農業委員會主管>
		<二一款勞工委員會主管>-</二一款勞工委員會主管>
		<二二款衛生署主管>-</二二款衛生署主管>
		<二三款環境保護署主管>-</二三款環境保護署主管>
		<二四款海岸巡防署主管>-</二四款海岸巡防署主管>
		<二五款省市地方政府>-</二五款省市地方政府>
		<二六款災害準備金>-</二六款災害準備金>
		<二七款第二預備金>-</二七款第二預備金>
	</Row>
	<Row>
		<款>5</款>
		<科目名稱>考試支出</科目名稱>
		<合計>2094236</合計>
		<一款總統府主管>-</一款總統府主管>
		<二款行政院主管>-</二款行政院主管>
		<三款立法院主管>-</三款立法院主管>
		<四款司法院主管>-</四款司法院主管>
		<五款考試院主管>2094236</五款考試院主管>
		<六款監察院主管>-</六款監察院主管>
		<七款內政部主管>-</七款內政部主管>
		<八款外交部主管>-</八款外交部主管>
		<九款國防部主管>-</九款國防部主管>
		<十款財政部主管>-</十款財政部主管>
		<一一款教育部主管>-</一一款教育部主管>
		<一二款法務部主管>-</一二款法務部主管>
		<一三款經濟部主管>-</一三款經濟部主管>
		<一四款交通部主管>-</一四款交通部主管>
		<一五款蒙藏委員會主管>-</一五款蒙藏委員會主管>
		<一六款僑務委員會主管>-</一六款僑務委員會主管>
		<一七款國軍退除役官兵輔導委員會主管>-</一七款國軍退除役官兵輔導委員會主管>
		<一八款國家科學委員會主管>-</一八款國家科學委員會主管>
		<一九款原子能委員會主管>-</一九款原子能委員會主管>
		<二十款農業委員會主管>-</二十款農業委員會主管>
		<二一款勞工委員會主管>-</二一款勞工委員會主管>
		<二二款衛生署主管>-</二二款衛生署主管>
		<二三款環境保護署主管>-</二三款環境保護署主管>
		<二四款海岸巡防署主管>-</二四款海岸巡防署主管>
		<二五款省市地方政府>-</二五款省市地方政府>
		<二六款災害準備金>-</二六款災害準備金>
		<二七款第二預備金>-</二七款第二預備金>
	</Row>
	<Row>
		<款>6</款>
		<科目名稱>監察支出</科目名稱>
		<合計>2030701</合計>
		<一款總統府主管>-</一款總統府主管>
		<二款行政院主管>-</二款行政院主管>
		<三款立法院主管>-</三款立法院主管>
		<四款司法院主管>-</四款司法院主管>
		<五款考試院主管>-</五款考試院主管>
		<六款監察院主管>2030701</六款監察院主管>
		<七款內政部主管>-</七款內政部主管>
		<八款外交部主管>-</八款外交部主管>
		<九款國防部主管>-</九款國防部主管>
		<十款財政部主管>-</十款財政部主管>
		<一一款教育部主管>-</一一款教育部主管>
		<一二款法務部主管>-</一二款法務部主管>
		<一三款經濟部主管>-</一三款經濟部主管>
		<一四款交通部主管>-</一四款交通部主管>
		<一五款蒙藏委員會主管>-</一五款蒙藏委員會主管>
		<一六款僑務委員會主管>-</一六款僑務委員會主管>
		<一七款國軍退除役官兵輔導委員會主管>-</一七款國軍退除役官兵輔導委員會主管>
		<一八款國家科學委員會主管>-</一八款國家科學委員會主管>
		<一九款原子能委員會主管>-</一九款原子能委員會主管>
		<二十款農業委員會主管>-</二十款農業委員會主管>
		<二一款勞工委員會主管>-</二一款勞工委員會主管>
		<二二款衛生署主管>-</二二款衛生署主管>
		<二三款環境保護署主管>-</二三款環境保護署主管>
		<二四款海岸巡防署主管>-</二四款海岸巡防署主管>
		<二五款省市地方政府>-</二五款省市地方政府>
		<二六款災害準備金>-</二六款災害準備金>
		<二七款第二預備金>-</二七款第二預備金>
	</Row>
	<Row>
		<款>7</款>
		<科目名稱>民政支出</科目名稱>
		<合計>58176557</合計>
		<一款總統府主管>-</一款總統府主管>
		<二款行政院主管>6126997</二款行政院主管>
		<三款立法院主管>-</三款立法院主管>
		<四款司法院主管>-</四款司法院主管>
		<五款考試院主管>-</五款考試院主管>
		<六款監察院主管>-</六款監察院主管>
		<七款內政部主管>39703266</七款內政部主管>
		<八款外交部主管>-</八款外交部主管>
		<九款國防部主管>-</九款國防部主管>
		<十款財政部主管>-</十款財政部主管>
		<一一款教育部主管>-</一一款教育部主管>
		<一二款法務部主管>-</一二款法務部主管>
		<一三款經濟部主管>-</一三款經濟部主管>
		<一四款交通部主管>-</一四款交通部主管>
		<一五款蒙藏委員會主管>-</一五款蒙藏委員會主管>
		<一六款僑務委員會主管>-</一六款僑務委員會主管>
		<一七款國軍退除役官兵輔導委員會主管>-</一七款國軍退除役官兵輔導委員會主管>
		<一八款國家科學委員會主管>-</一八款國家科學委員會主管>
		<一九款原子能委員會主管>-</一九款原子能委員會主管>
		<二十款農業委員會主管>-</二十款農業委員會主管>
		<二一款勞工委員會主管>-</二一款勞工委員會主管>
		<二二款衛生署主管>-</二二款衛生署主管>
		<二三款環境保護署主管>-</二三款環境保護署主管>
		<二四款海岸巡防署主管>12346294</二四款海岸巡防署主管>
		<二五款省市地方政府>-</二五款省市地方政府>
		<二六款災害準備金>-</二六款災害準備金>
		<二七款第二預備金>-</二七款第二預備金>
	</Row>
	<Row>
		<款>8</款>
		<科目名稱>外交支出</科目名稱>
		<合計>31783074</合計>
		<一款總統府主管>-</一款總統府主管>
		<二款行政院主管>273276</二款行政院主管>
		<三款立法院主管>-</三款立法院主管>
		<四款司法院主管>-</四款司法院主管>
		<五款考試院主管>-</五款考試院主管>
		<六款監察院主管>-</六款監察院主管>
		<七款內政部主管>-</七款內政部主管>
		<八款外交部主管>31509798</八款外交部主管>
		<九款國防部主管>-</九款國防部主管>
		<十款財政部主管>-</十款財政部主管>
		<一一款教育部主管>-</一一款教育部主管>
		<一二款法務部主管>-</一二款法務部主管>
		<一三款經濟部主管>-</一三款經濟部主管>
		<一四款交通部主管>-</一四款交通部主管>
		<一五款蒙藏委員會主管>-</一五款蒙藏委員會主管>
		<一六款僑務委員會主管>-</一六款僑務委員會主管>
		<一七款國軍退除役官兵輔導委員會主管>-</一七款國軍退除役官兵輔導委員會主管>
		<一八款國家科學委員會主管>-</一八款國家科學委員會主管>
		<一九款原子能委員會主管>-</一九款原子能委員會主管>
		<二十款農業委員會主管>-</二十款農業委員會主管>
		<二一款勞工委員會主管>-</二一款勞工委員會主管>
		<二二款衛生署主管>-</二二款衛生署主管>
		<二三款環境保護署主管>-</二三款環境保護署主管>
		<二四款海岸巡防署主管>-</二四款海岸巡防署主管>
		<二五款省市地方政府>-</二五款省市地方政府>
		<二六款災害準備金>-</二六款災害準備金>
		<二七款第二預備金>-</二七款第二預備金>
	</Row>
	<Row>
		<款>9</款>
		<科目名稱>財務支出</科目名稱>
		<合計>28628073</合計>
		<一款總統府主管>-</一款總統府主管>
		<二款行政院主管>997979</二款行政院主管>
		<三款立法院主管>-</三款立法院主管>
		<四款司法院主管>-</四款司法院主管>
		<五款考試院主管>-</五款考試院主管>
		<六款監察院主管>-</六款監察院主管>
		<七款內政部主管>-</七款內政部主管>
		<八款外交部主管>-</八款外交部主管>
		<九款國防部主管>-</九款國防部主管>
		<十款財政部主管>27630094</十款財政部主管>
		<一一款教育部主管>-</一一款教育部主管>
		<一二款法務部主管>-</一二款法務部主管>
		<一三款經濟部主管>-</一三款經濟部主管>
		<一四款交通部主管>-</一四款交通部主管>
		<一五款蒙藏委員會主管>-</一五款蒙藏委員會主管>
		<一六款僑務委員會主管>-</一六款僑務委員會主管>
		<一七款國軍退除役官兵輔導委員會主管>-</一七款國軍退除役官兵輔導委員會主管>
		<一八款國家科學委員會主管>-</一八款國家科學委員會主管>
		<一九款原子能委員會主管>-</一九款原子能委員會主管>
		<二十款農業委員會主管>-</二十款農業委員會主管>
		<二一款勞工委員會主管>-</二一款勞工委員會主管>
		<二二款衛生署主管>-</二二款衛生署主管>
		<二三款環境保護署主管>-</二三款環境保護署主管>
		<二四款海岸巡防署主管>-</二四款海岸巡防署主管>
		<二五款省市地方政府>-</二五款省市地方政府>
		<二六款災害準備金>-</二六款災害準備金>
		<二七款第二預備金>-</二七款第二預備金>
	</Row>
	<Row>
		<款>10</款>
		<科目名稱>邊政支出</科目名稱>
		<合計>132319</合計>
		<一款總統府主管>-</一款總統府主管>
		<二款行政院主管>-</二款行政院主管>
		<三款立法院主管>-</三款立法院主管>
		<四款司法院主管>-</四款司法院主管>
		<五款考試院主管>-</五款考試院主管>
		<六款監察院主管>-</六款監察院主管>
		<七款內政部主管>-</七款內政部主管>
		<八款外交部主管>-</八款外交部主管>
		<九款國防部主管>-</九款國防部主管>
		<十款財政部主管>-</十款財政部主管>
		<一一款教育部主管>-</一一款教育部主管>
		<一二款法務部主管>-</一二款法務部主管>
		<一三款經濟部主管>-</一三款經濟部主管>
		<一四款交通部主管>-</一四款交通部主管>
		<一五款蒙藏委員會主管>132319</一五款蒙藏委員會主管>
		<一六款僑務委員會主管>-</一六款僑務委員會主管>
		<一七款國軍退除役官兵輔導委員會主管>-</一七款國軍退除役官兵輔導委員會主管>
		<一八款國家科學委員會主管>-</一八款國家科學委員會主管>
		<一九款原子能委員會主管>-</一九款原子能委員會主管>
		<二十款農業委員會主管>-</二十款農業委員會主管>
		<二一款勞工委員會主管>-</二一款勞工委員會主管>
		<二二款衛生署主管>-</二二款衛生署主管>
		<二三款環境保護署主管>-</二三款環境保護署主管>
		<二四款海岸巡防署主管>-</二四款海岸巡防署主管>
		<二五款省市地方政府>-</二五款省市地方政府>
		<二六款災害準備金>-</二六款災害準備金>
		<二七款第二預備金>-</二七款第二預備金>
	</Row>
	<Row>
		<款>11</款>
		<科目名稱>僑務支出</科目名稱>
		<合計>1107770</合計>
		<一款總統府主管>-</一款總統府主管>
		<二款行政院主管>-</二款行政院主管>
		<三款立法院主管>-</三款立法院主管>
		<四款司法院主管>-</四款司法院主管>
		<五款考試院主管>-</五款考試院主管>
		<六款監察院主管>-</六款監察院主管>
		<七款內政部主管>-</七款內政部主管>
		<八款外交部主管>-</八款外交部主管>
		<九款國防部主管>-</九款國防部主管>
		<十款財政部主管>-</十款財政部主管>
		<一一款教育部主管>-</一一款教育部主管>
		<一二款法務部主管>-</一二款法務部主管>
		<一三款經濟部主管>-</一三款經濟部主管>
		<一四款交通部主管>-</一四款交通部主管>
		<一五款蒙藏委員會主管>-</一五款蒙藏委員會主管>
		<一六款僑務委員會主管>1107770</一六款僑務委員會主管>
		<一七款國軍退除役官兵輔導委員會主管>-</一七款國軍退除役官兵輔導委員會主管>
		<一八款國家科學委員會主管>-</一八款國家科學委員會主管>
		<一九款原子能委員會主管>-</一九款原子能委員會主管>
		<二十款農業委員會主管>-</二十款農業委員會主管>
		<二一款勞工委員會主管>-</二一款勞工委員會主管>
		<二二款衛生署主管>-</二二款衛生署主管>
		<二三款環境保護署主管>-</二三款環境保護署主管>
		<二四款海岸巡防署主管>-</二四款海岸巡防署主管>
		<二五款省市地方政府>-</二五款省市地方政府>
		<二六款災害準備金>-</二六款災害準備金>
		<二七款第二預備金>-</二七款第二預備金>
	</Row>
	<Row>
		<款>12</款>
		<科目名稱>國防支出</科目名稱>
		<合計>333042710</合計>
		<一款總統府主管>-</一款總統府主管>
		<二款行政院主管>-</二款行政院主管>
		<三款立法院主管>-</三款立法院主管>
		<四款司法院主管>-</四款司法院主管>
		<五款考試院主管>-</五款考試院主管>
		<六款監察院主管>-</六款監察院主管>
		<七款內政部主管>-</七款內政部主管>
		<八款外交部主管>-</八款外交部主管>
		<九款國防部主管>333042710</九款國防部主管>
		<十款財政部主管>-</十款財政部主管>
		<一一款教育部主管>-</一一款教育部主管>
		<一二款法務部主管>-</一二款法務部主管>
		<一三款經濟部主管>-</一三款經濟部主管>
		<一四款交通部主管>-</一四款交通部主管>
		<一五款蒙藏委員會主管>-</一五款蒙藏委員會主管>
		<一六款僑務委員會主管>-</一六款僑務委員會主管>
		<一七款國軍退除役官兵輔導委員會主管>-</一七款國軍退除役官兵輔導委員會主管>
		<一八款國家科學委員會主管>-</一八款國家科學委員會主管>
		<一九款原子能委員會主管>-</一九款原子能委員會主管>
		<二十款農業委員會主管>-</二十款農業委員會主管>
		<二一款勞工委員會主管>-</二一款勞工委員會主管>
		<二二款衛生署主管>-</二二款衛生署主管>
		<二三款環境保護署主管>-</二三款環境保護署主管>
		<二四款海岸巡防署主管>-</二四款海岸巡防署主管>
		<二五款省市地方政府>-</二五款省市地方政府>
		<二六款災害準備金>-</二六款災害準備金>
		<二七款第二預備金>-</二七款第二預備金>
	</Row>
	<Row>
		<款>13</款>
		<科目名稱>教育支出</科目名稱>
		<合計>196070560</合計>
		<一款總統府主管>-</一款總統府主管>
		<二款行政院主管>1218000</二款行政院主管>
		<三款立法院主管>-</三款立法院主管>
		<四款司法院主管>-</四款司法院主管>
		<五款考試院主管>-</五款考試院主管>
		<六款監察院主管>-</六款監察院主管>
		<七款內政部主管>-</七款內政部主管>
		<八款外交部主管>-</八款外交部主管>
		<九款國防部主管>-</九款國防部主管>
		<十款財政部主管>-</十款財政部主管>
		<一一款教育部主管>132426711</一一款教育部主管>
		<一二款法務部主管>-</一二款法務部主管>
		<一三款經濟部主管>-</一三款經濟部主管>
		<一四款交通部主管>-</一四款交通部主管>
		<一五款蒙藏委員會主管>-</一五款蒙藏委員會主管>
		<一六款僑務委員會主管>239056</一六款僑務委員會主管>
		<一七款國軍退除役官兵輔導委員會主管>1428111</一七款國軍退除役官兵輔導委員會主管>
		<一八款國家科學委員會主管>880799</一八款國家科學委員會主管>
		<一九款原子能委員會主管>-</一九款原子能委員會主管>
		<二十款農業委員會主管>-</二十款農業委員會主管>
		<二一款勞工委員會主管>-</二一款勞工委員會主管>
		<二二款衛生署主管>148193</二二款衛生署主管>
		<二三款環境保護署主管>-</二三款環境保護署主管>
		<二四款海岸巡防署主管>-</二四款海岸巡防署主管>
		<二五款省市地方政府>59729690</二五款省市地方政府>
		<二六款災害準備金>-</二六款災害準備金>
		<二七款第二預備金>-</二七款第二預備金>
	</Row>
	<Row>
		<款>14</款>
		<科目名稱>科學支出</科目名稱>
		<合計>97720499</合計>
		<一款總統府主管>10337049</一款總統府主管>
		<二款行政院主管>82048</二款行政院主管>
		<三款立法院主管>-</三款立法院主管>
		<四款司法院主管>-</四款司法院主管>
		<五款考試院主管>-</五款考試院主管>
		<六款監察院主管>-</六款監察院主管>
		<七款內政部主管>551416</七款內政部主管>
		<八款外交部主管>-</八款外交部主管>
		<九款國防部主管>5314926</九款國防部主管>
		<十款財政部主管>-</十款財政部主管>
		<一一款教育部主管>-</一一款教育部主管>
		<一二款法務部主管>81015</一二款法務部主管>
		<一三款經濟部主管>27515351</一三款經濟部主管>
		<一四款交通部主管>908534</一四款交通部主管>
		<一五款蒙藏委員會主管>-</一五款蒙藏委員會主管>
		<一六款僑務委員會主管>-</一六款僑務委員會主管>
		<一七款國軍退除役官兵輔導委員會主管>-</一七款國軍退除役官兵輔導委員會主管>
		<一八款國家科學委員會主管>40499961</一八款國家科學委員會主管>
		<一九款原子能委員會主管>3059931</一九款原子能委員會主管>
		<二十款農業委員會主管>4258279</二十款農業委員會主管>
		<二一款勞工委員會主管>333075</二一款勞工委員會主管>
		<二二款衛生署主管>4711856</二二款衛生署主管>
		<二三款環境保護署主管>67058</二三款環境保護署主管>
		<二四款海岸巡防署主管>-</二四款海岸巡防署主管>
		<二五款省市地方政府>-</二五款省市地方政府>
		<二六款災害準備金>-</二六款災害準備金>
		<二七款第二預備金>-</二七款第二預備金>
	</Row>
	<Row>
		<款>15</款>
		<科目名稱>文化支出</科目名稱>
		<合計>22461732</合計>
		<一款總統府主管>349808</一款總統府主管>
		<二款行政院主管>17308551</二款行政院主管>
		<三款立法院主管>-</三款立法院主管>
		<四款司法院主管>-</四款司法院主管>
		<五款考試院主管>-</五款考試院主管>
		<六款監察院主管>-</六款監察院主管>
		<七款內政部主管>-</七款內政部主管>
		<八款外交部主管>-</八款外交部主管>
		<九款國防部主管>-</九款國防部主管>
		<十款財政部主管>-</十款財政部主管>
		<一一款教育部主管>4783289</一一款教育部主管>
		<一二款法務部主管>-</一二款法務部主管>
		<一三款經濟部主管>-</一三款經濟部主管>
		<一四款交通部主管>-</一四款交通部主管>
		<一五款蒙藏委員會主管>15857</一五款蒙藏委員會主管>
		<一六款僑務委員會主管>-</一六款僑務委員會主管>
		<一七款國軍退除役官兵輔導委員會主管>-</一七款國軍退除役官兵輔導委員會主管>
		<一八款國家科學委員會主管>-</一八款國家科學委員會主管>
		<一九款原子能委員會主管>-</一九款原子能委員會主管>
		<二十款農業委員會主管>-</二十款農業委員會主管>
		<二一款勞工委員會主管>-</二一款勞工委員會主管>
		<二二款衛生署主管>-</二二款衛生署主管>
		<二三款環境保護署主管>-</二三款環境保護署主管>
		<二四款海岸巡防署主管>-</二四款海岸巡防署主管>
		<二五款省市地方政府>4227</二五款省市地方政府>
		<二六款災害準備金>-</二六款災害準備金>
		<二七款第二預備金>-</二七款第二預備金>
	</Row>
	<Row>
		<款>16</款>
		<科目名稱>農業支出</科目名稱>
		<合計>69809365</合計>
		<一款總統府主管>-</一款總統府主管>
		<二款行政院主管>-</二款行政院主管>
		<三款立法院主管>-</三款立法院主管>
		<四款司法院主管>-</四款司法院主管>
		<五款考試院主管>-</五款考試院主管>
		<六款監察院主管>-</六款監察院主管>
		<七款內政部主管>5340819</七款內政部主管>
		<八款外交部主管>-</八款外交部主管>
		<九款國防部主管>-</九款國防部主管>
		<十款財政部主管>-</十款財政部主管>
		<一一款教育部主管>-</一一款教育部主管>
		<一二款法務部主管>-</一二款法務部主管>
		<一三款經濟部主管>18527559</一三款經濟部主管>
		<一四款交通部主管>-</一四款交通部主管>
		<一五款蒙藏委員會主管>-</一五款蒙藏委員會主管>
		<一六款僑務委員會主管>-</一六款僑務委員會主管>
		<一七款國軍退除役官兵輔導委員會主管>-</一七款國軍退除役官兵輔導委員會主管>
		<一八款國家科學委員會主管>-</一八款國家科學委員會主管>
		<一九款原子能委員會主管>-</一九款原子能委員會主管>
		<二十款農業委員會主管>45940987</二十款農業委員會主管>
		<二一款勞工委員會主管>-</二一款勞工委員會主管>
		<二二款衛生署主管>-</二二款衛生署主管>
		<二三款環境保護署主管>-</二三款環境保護署主管>
		<二四款海岸巡防署主管>-</二四款海岸巡防署主管>
		<二五款省市地方政府>-</二五款省市地方政府>
		<二六款災害準備金>-</二六款災害準備金>
		<二七款第二預備金>-</二七款第二預備金>
	</Row>
	<Row>
		<款>17</款>
		<科目名稱>工業支出</科目名稱>
		<合計>14455520</合計>
		<一款總統府主管>-</一款總統府主管>
		<二款行政院主管>-</二款行政院主管>
		<三款立法院主管>-</三款立法院主管>
		<四款司法院主管>-</四款司法院主管>
		<五款考試院主管>-</五款考試院主管>
		<六款監察院主管>-</六款監察院主管>
		<七款內政部主管>12834353</七款內政部主管>
		<八款外交部主管>-</八款外交部主管>
		<九款國防部主管>-</九款國防部主管>
		<十款財政部主管>-</十款財政部主管>
		<一一款教育部主管>-</一一款教育部主管>
		<一二款法務部主管>-</一二款法務部主管>
		<一三款經濟部主管>1621167</一三款經濟部主管>
		<一四款交通部主管>-</一四款交通部主管>
		<一五款蒙藏委員會主管>-</一五款蒙藏委員會主管>
		<一六款僑務委員會主管>-</一六款僑務委員會主管>
		<一七款國軍退除役官兵輔導委員會主管>-</一七款國軍退除役官兵輔導委員會主管>
		<一八款國家科學委員會主管>-</一八款國家科學委員會主管>
		<一九款原子能委員會主管>-</一九款原子能委員會主管>
		<二十款農業委員會主管>-</二十款農業委員會主管>
		<二一款勞工委員會主管>-</二一款勞工委員會主管>
		<二二款衛生署主管>-</二二款衛生署主管>
		<二三款環境保護署主管>-</二三款環境保護署主管>
		<二四款海岸巡防署主管>-</二四款海岸巡防署主管>
		<二五款省市地方政府>-</二五款省市地方政府>
		<二六款災害準備金>-</二六款災害準備金>
		<二七款第二預備金>-</二七款第二預備金>
	</Row>
	<Row>
		<款>18</款>
		<科目名稱>交通支出</科目名稱>
		<合計>73946105</合計>
		<一款總統府主管>-</一款總統府主管>
		<二款行政院主管>531551</二款行政院主管>
		<三款立法院主管>-</三款立法院主管>
		<四款司法院主管>-</四款司法院主管>
		<五款考試院主管>-</五款考試院主管>
		<六款監察院主管>-</六款監察院主管>
		<七款內政部主管>11700000</七款內政部主管>
		<八款外交部主管>-</八款外交部主管>
		<九款國防部主管>-</九款國防部主管>
		<十款財政部主管>-</十款財政部主管>
		<一一款教育部主管>-</一一款教育部主管>
		<一二款法務部主管>-</一二款法務部主管>
		<一三款經濟部主管>-</一三款經濟部主管>
		<一四款交通部主管>52864554</一四款交通部主管>
		<一五款蒙藏委員會主管>-</一五款蒙藏委員會主管>
		<一六款僑務委員會主管>-</一六款僑務委員會主管>
		<一七款國軍退除役官兵輔導委員會主管>-</一七款國軍退除役官兵輔導委員會主管>
		<一八款國家科學委員會主管>-</一八款國家科學委員會主管>
		<一九款原子能委員會主管>-</一九款原子能委員會主管>
		<二十款農業委員會主管>-</二十款農業委員會主管>
		<二一款勞工委員會主管>-</二一款勞工委員會主管>
		<二二款衛生署主管>-</二二款衛生署主管>
		<二三款環境保護署主管>-</二三款環境保護署主管>
		<二四款海岸巡防署主管>-</二四款海岸巡防署主管>
		<二五款省市地方政府>8850000</二五款省市地方政府>
		<二六款災害準備金>-</二六款災害準備金>
		<二七款第二預備金>-</二七款第二預備金>
	</Row>
	<Row>
		<款>19</款>
		<科目名稱>其他經濟服務支出</科目名稱>
		<合計>41964294</合計>
		<一款總統府主管>-</一款總統府主管>
		<二款行政院主管>4406614</二款行政院主管>
		<三款立法院主管>-</三款立法院主管>
		<四款司法院主管>-</四款司法院主管>
		<五款考試院主管>-</五款考試院主管>
		<六款監察院主管>-</六款監察院主管>
		<七款內政部主管>-</七款內政部主管>
		<八款外交部主管>-</八款外交部主管>
		<九款國防部主管>-</九款國防部主管>
		<十款財政部主管>168311</十款財政部主管>
		<一一款教育部主管>-</一一款教育部主管>
		<一二款法務部主管>-</一二款法務部主管>
		<一三款經濟部主管>14419678</一三款經濟部主管>
		<一四款交通部主管>6819691</一四款交通部主管>
		<一五款蒙藏委員會主管>-</一五款蒙藏委員會主管>
		<一六款僑務委員會主管>-</一六款僑務委員會主管>
		<一七款國軍退除役官兵輔導委員會主管>-</一七款國軍退除役官兵輔導委員會主管>
		<一八款國家科學委員會主管>-</一八款國家科學委員會主管>
		<一九款原子能委員會主管>-</一九款原子能委員會主管>
		<二十款農業委員會主管>-</二十款農業委員會主管>
		<二一款勞工委員會主管>-</二一款勞工委員會主管>
		<二二款衛生署主管>-</二二款衛生署主管>
		<二三款環境保護署主管>-</二三款環境保護署主管>
		<二四款海岸巡防署主管>-</二四款海岸巡防署主管>
		<二五款省市地方政府>16150000</二五款省市地方政府>
		<二六款災害準備金>-</二六款災害準備金>
		<二七款第二預備金>-</二七款第二預備金>
	</Row>
	<Row>
		<款>20</款>
		<科目名稱>社會保險支出</科目名稱>
		<合計>135729675</合計>
		<一款總統府主管>-</一款總統府主管>
		<二款行政院主管>-</二款行政院主管>
		<三款立法院主管>-</三款立法院主管>
		<四款司法院主管>-</四款司法院主管>
		<五款考試院主管>205770</五款考試院主管>
		<六款監察院主管>-</六款監察院主管>
		<七款內政部主管>27849941</七款內政部主管>
		<八款外交部主管>-</八款外交部主管>
		<九款國防部主管>-</九款國防部主管>
		<十款財政部主管>19111285</十款財政部主管>
		<一一款教育部主管>-</一一款教育部主管>
		<一二款法務部主管>-</一二款法務部主管>
		<一三款經濟部主管>-</一三款經濟部主管>
		<一四款交通部主管>-</一四款交通部主管>
		<一五款蒙藏委員會主管>-</一五款蒙藏委員會主管>
		<一六款僑務委員會主管>-</一六款僑務委員會主管>
		<一七款國軍退除役官兵輔導委員會主管>9877801</一七款國軍退除役官兵輔導委員會主管>
		<一八款國家科學委員會主管>-</一八款國家科學委員會主管>
		<一九款原子能委員會主管>-</一九款原子能委員會主管>
		<二十款農業委員會主管>-</二十款農業委員會主管>
		<二一款勞工委員會主管>50901924</二一款勞工委員會主管>
		<二二款衛生署主管>26190273</二二款衛生署主管>
		<二三款環境保護署主管>-</二三款環境保護署主管>
		<二四款海岸巡防署主管>-</二四款海岸巡防署主管>
		<二五款省市地方政府>1592681</二五款省市地方政府>
		<二六款災害準備金>-</二六款災害準備金>
		<二七款第二預備金>-</二七款第二預備金>
	</Row>
	<Row>
		<款>21</款>
		<科目名稱>社會救助支出</科目名稱>
		<合計>7687338</合計>
		<一款總統府主管>-</一款總統府主管>
		<二款行政院主管>1459772</二款行政院主管>
		<三款立法院主管>-</三款立法院主管>
		<四款司法院主管>-</四款司法院主管>
		<五款考試院主管>-</五款考試院主管>
		<六款監察院主管>-</六款監察院主管>
		<七款內政部主管>597707</七款內政部主管>
		<八款外交部主管>-</八款外交部主管>
		<九款國防部主管>-</九款國防部主管>
		<十款財政部主管>-</十款財政部主管>
		<一一款教育部主管>-</一一款教育部主管>
		<一二款法務部主管>-</一二款法務部主管>
		<一三款經濟部主管>-</一三款經濟部主管>
		<一四款交通部主管>-</一四款交通部主管>
		<一五款蒙藏委員會主管>-</一五款蒙藏委員會主管>
		<一六款僑務委員會主管>-</一六款僑務委員會主管>
		<一七款國軍退除役官兵輔導委員會主管>735739</一七款國軍退除役官兵輔導委員會主管>
		<一八款國家科學委員會主管>-</一八款國家科學委員會主管>
		<一九款原子能委員會主管>-</一九款原子能委員會主管>
		<二十款農業委員會主管>-</二十款農業委員會主管>
		<二一款勞工委員會主管>-</二一款勞工委員會主管>
		<二二款衛生署主管>-</二二款衛生署主管>
		<二三款環境保護署主管>-</二三款環境保護署主管>
		<二四款海岸巡防署主管>-</二四款海岸巡防署主管>
		<二五款省市地方政府>4894120</二五款省市地方政府>
		<二六款災害準備金>-</二六款災害準備金>
		<二七款第二預備金>-</二七款第二預備金>
	</Row>
	<Row>
		<款>22</款>
		<科目名稱>福利服務支出</科目名稱>
		<合計>130161971</合計>
		<一款總統府主管>-</一款總統府主管>
		<二款行政院主管>-</二款行政院主管>
		<三款立法院主管>-</三款立法院主管>
		<四款司法院主管>947496</四款司法院主管>
		<五款考試院主管>75608</五款考試院主管>
		<六款監察院主管>-</六款監察院主管>
		<七款內政部主管>41321677</七款內政部主管>
		<八款外交部主管>-</八款外交部主管>
		<九款國防部主管>-</九款國防部主管>
		<十款財政部主管>-</十款財政部主管>
		<一一款教育部主管>-</一一款教育部主管>
		<一二款法務部主管>-</一二款法務部主管>
		<一三款經濟部主管>9948</一三款經濟部主管>
		<一四款交通部主管>-</一四款交通部主管>
		<一五款蒙藏委員會主管>-</一五款蒙藏委員會主管>
		<一六款僑務委員會主管>-</一六款僑務委員會主管>
		<一七款國軍退除役官兵輔導委員會主管>22480733</一七款國軍退除役官兵輔導委員會主管>
		<一八款國家科學委員會主管>-</一八款國家科學委員會主管>
		<一九款原子能委員會主管>-</一九款原子能委員會主管>
		<二十款農業委員會主管>50028359</二十款農業委員會主管>
		<二一款勞工委員會主管>2123029</二一款勞工委員會主管>
		<二二款衛生署主管>-</二二款衛生署主管>
		<二三款環境保護署主管>-</二三款環境保護署主管>
		<二四款海岸巡防署主管>-</二四款海岸巡防署主管>
		<二五款省市地方政府>13175121</二五款省市地方政府>
		<二六款災害準備金>-</二六款災害準備金>
		<二七款第二預備金>-</二七款第二預備金>
	</Row>
	<Row>
		<款>23</款>
		<科目名稱>國民就業支出</科目名稱>
		<合計>1747358</合計>
		<一款總統府主管>-</一款總統府主管>
		<二款行政院主管>441849</二款行政院主管>
		<三款立法院主管>-</三款立法院主管>
		<四款司法院主管>-</四款司法院主管>
		<五款考試院主管>-</五款考試院主管>
		<六款監察院主管>-</六款監察院主管>
		<七款內政部主管>-</七款內政部主管>
		<八款外交部主管>-</八款外交部主管>
		<九款國防部主管>-</九款國防部主管>
		<十款財政部主管>-</十款財政部主管>
		<一一款教育部主管>-</一一款教育部主管>
		<一二款法務部主管>-</一二款法務部主管>
		<一三款經濟部主管>-</一三款經濟部主管>
		<一四款交通部主管>-</一四款交通部主管>
		<一五款蒙藏委員會主管>-</一五款蒙藏委員會主管>
		<一六款僑務委員會主管>-</一六款僑務委員會主管>
		<一七款國軍退除役官兵輔導委員會主管>-</一七款國軍退除役官兵輔導委員會主管>
		<一八款國家科學委員會主管>-</一八款國家科學委員會主管>
		<一九款原子能委員會主管>-</一九款原子能委員會主管>
		<二十款農業委員會主管>-</二十款農業委員會主管>
		<二一款勞工委員會主管>1305509</二一款勞工委員會主管>
		<二二款衛生署主管>-</二二款衛生署主管>
		<二三款環境保護署主管>-</二三款環境保護署主管>
		<二四款海岸巡防署主管>-</二四款海岸巡防署主管>
		<二五款省市地方政府>-</二五款省市地方政府>
		<二六款災害準備金>-</二六款災害準備金>
		<二七款第二預備金>-</二七款第二預備金>
	</Row>
	<Row>
		<款>24</款>
		<科目名稱>醫療保健支出</科目名稱>
		<合計>21511195</合計>
		<一款總統府主管>-</一款總統府主管>
		<二款行政院主管>-</二款行政院主管>
		<三款立法院主管>-</三款立法院主管>
		<四款司法院主管>-</四款司法院主管>
		<五款考試院主管>-</五款考試院主管>
		<六款監察院主管>-</六款監察院主管>
		<七款內政部主管>-</七款內政部主管>
		<八款外交部主管>-</八款外交部主管>
		<九款國防部主管>-</九款國防部主管>
		<十款財政部主管>-</十款財政部主管>
		<一一款教育部主管>145937</一一款教育部主管>
		<一二款法務部主管>-</一二款法務部主管>
		<一三款經濟部主管>-</一三款經濟部主管>
		<一四款交通部主管>-</一四款交通部主管>
		<一五款蒙藏委員會主管>-</一五款蒙藏委員會主管>
		<一六款僑務委員會主管>-</一六款僑務委員會主管>
		<一七款國軍退除役官兵輔導委員會主管>-</一七款國軍退除役官兵輔導委員會主管>
		<一八款國家科學委員會主管>-</一八款國家科學委員會主管>
		<一九款原子能委員會主管>-</一九款原子能委員會主管>
		<二十款農業委員會主管>-</二十款農業委員會主管>
		<二一款勞工委員會主管>-</二一款勞工委員會主管>
		<二二款衛生署主管>21365258</二二款衛生署主管>
		<二三款環境保護署主管>-</二三款環境保護署主管>
		<二四款海岸巡防署主管>-</二四款海岸巡防署主管>
		<二五款省市地方政府>-</二五款省市地方政府>
		<二六款災害準備金>-</二六款災害準備金>
		<二七款第二預備金>-</二七款第二預備金>
	</Row>
	<Row>
		<款>25</款>
		<科目名稱>環境保護支出</科目名稱>
		<合計>13186005</合計>
		<一款總統府主管>-</一款總統府主管>
		<二款行政院主管>-</二款行政院主管>
		<三款立法院主管>-</三款立法院主管>
		<四款司法院主管>-</四款司法院主管>
		<五款考試院主管>-</五款考試院主管>
		<六款監察院主管>-</六款監察院主管>
		<七款內政部主管>4200000</七款內政部主管>
		<八款外交部主管>-</八款外交部主管>
		<九款國防部主管>688516</九款國防部主管>
		<十款財政部主管>-</十款財政部主管>
		<一一款教育部主管>-</一一款教育部主管>
		<一二款法務部主管>-</一二款法務部主管>
		<一三款經濟部主管>-</一三款經濟部主管>
		<一四款交通部主管>-</一四款交通部主管>
		<一五款蒙藏委員會主管>-</一五款蒙藏委員會主管>
		<一六款僑務委員會主管>-</一六款僑務委員會主管>
		<一七款國軍退除役官兵輔導委員會主管>-</一七款國軍退除役官兵輔導委員會主管>
		<一八款國家科學委員會主管>-</一八款國家科學委員會主管>
		<一九款原子能委員會主管>129694</一九款原子能委員會主管>
		<二十款農業委員會主管>-</二十款農業委員會主管>
		<二一款勞工委員會主管>-</二一款勞工委員會主管>
		<二二款衛生署主管>-</二二款衛生署主管>
		<二三款環境保護署主管>8167795</二三款環境保護署主管>
		<二四款海岸巡防署主管>-</二四款海岸巡防署主管>
		<二五款省市地方政府>-</二五款省市地方政府>
		<二六款災害準備金>-</二六款災害準備金>
		<二七款第二預備金>-</二七款第二預備金>
	</Row>
	<Row>
		<款>26</款>
		<科目名稱>社區發展支出</科目名稱>
		<合計>248656</合計>
		<一款總統府主管>-</一款總統府主管>
		<二款行政院主管>148656</二款行政院主管>
		<三款立法院主管>-</三款立法院主管>
		<四款司法院主管>-</四款司法院主管>
		<五款考試院主管>-</五款考試院主管>
		<六款監察院主管>-</六款監察院主管>
		<七款內政部主管>100000</七款內政部主管>
		<八款外交部主管>-</八款外交部主管>
		<九款國防部主管>-</九款國防部主管>
		<十款財政部主管>-</十款財政部主管>
		<一一款教育部主管>-</一一款教育部主管>
		<一二款法務部主管>-</一二款法務部主管>
		<一三款經濟部主管>-</一三款經濟部主管>
		<一四款交通部主管>-</一四款交通部主管>
		<一五款蒙藏委員會主管>-</一五款蒙藏委員會主管>
		<一六款僑務委員會主管>-</一六款僑務委員會主管>
		<一七款國軍退除役官兵輔導委員會主管>-</一七款國軍退除役官兵輔導委員會主管>
		<一八款國家科學委員會主管>-</一八款國家科學委員會主管>
		<一九款原子能委員會主管>-</一九款原子能委員會主管>
		<二十款農業委員會主管>-</二十款農業委員會主管>
		<二一款勞工委員會主管>-</二一款勞工委員會主管>
		<二二款衛生署主管>-</二二款衛生署主管>
		<二三款環境保護署主管>-</二三款環境保護署主管>
		<二四款海岸巡防署主管>-</二四款海岸巡防署主管>
		<二五款省市地方政府>-</二五款省市地方政府>
		<二六款災害準備金>-</二六款災害準備金>
		<二七款第二預備金>-</二七款第二預備金>
	</Row>
	<Row>
		<款>27</款>
		<科目名稱>退休撫卹給付支出</科目名稱>
		<合計>135824949</合計>
		<一款總統府主管>-</一款總統府主管>
		<二款行政院主管>126966</二款行政院主管>
		<三款立法院主管>-</三款立法院主管>
		<四款司法院主管>185983</四款司法院主管>
		<五款考試院主管>18038463</五款考試院主管>
		<六款監察院主管>-</六款監察院主管>
		<七款內政部主管>-</七款內政部主管>
		<八款外交部主管>-</八款外交部主管>
		<九款國防部主管>1289711</九款國防部主管>
		<十款財政部主管>-</十款財政部主管>
		<一一款教育部主管>15333971</一一款教育部主管>
		<一二款法務部主管>40000</一二款法務部主管>
		<一三款經濟部主管>9855</一三款經濟部主管>
		<一四款交通部主管>-</一四款交通部主管>
		<一五款蒙藏委員會主管>-</一五款蒙藏委員會主管>
		<一六款僑務委員會主管>-</一六款僑務委員會主管>
		<一七款國軍退除役官兵輔導委員會主管>100800000</一七款國軍退除役官兵輔導委員會主管>
		<一八款國家科學委員會主管>-</一八款國家科學委員會主管>
		<一九款原子能委員會主管>-</一九款原子能委員會主管>
		<二十款農業委員會主管>-</二十款農業委員會主管>
		<二一款勞工委員會主管>-</二一款勞工委員會主管>
		<二二款衛生署主管>-</二二款衛生署主管>
		<二三款環境保護署主管>-</二三款環境保護署主管>
		<二四款海岸巡防署主管>-</二四款海岸巡防署主管>
		<二五款省市地方政府>-</二五款省市地方政府>
		<二六款災害準備金>-</二六款災害準備金>
		<二七款第二預備金>-</二七款第二預備金>
	</Row>
	<Row>
		<款>28</款>
		<科目名稱>退休撫卹業務支出</科目名稱>
		<合計>213017</合計>
		<一款總統府主管>-</一款總統府主管>
		<二款行政院主管>-</二款行政院主管>
		<三款立法院主管>-</三款立法院主管>
		<四款司法院主管>-</四款司法院主管>
		<五款考試院主管>167417</五款考試院主管>
		<六款監察院主管>-</六款監察院主管>
		<七款內政部主管>-</七款內政部主管>
		<八款外交部主管>-</八款外交部主管>
		<九款國防部主管>-</九款國防部主管>
		<十款財政部主管>-</十款財政部主管>
		<一一款教育部主管>-</一一款教育部主管>
		<一二款法務部主管>-</一二款法務部主管>
		<一三款經濟部主管>-</一三款經濟部主管>
		<一四款交通部主管>-</一四款交通部主管>
		<一五款蒙藏委員會主管>-</一五款蒙藏委員會主管>
		<一六款僑務委員會主管>-</一六款僑務委員會主管>
		<一七款國軍退除役官兵輔導委員會主管>45600</一七款國軍退除役官兵輔導委員會主管>
		<一八款國家科學委員會主管>-</一八款國家科學委員會主管>
		<一九款原子能委員會主管>-</一九款原子能委員會主管>
		<二十款農業委員會主管>-</二十款農業委員會主管>
		<二一款勞工委員會主管>-</二一款勞工委員會主管>
		<二二款衛生署主管>-</二二款衛生署主管>
		<二三款環境保護署主管>-</二三款環境保護署主管>
		<二四款海岸巡防署主管>-</二四款海岸巡防署主管>
		<二五款省市地方政府>-</二五款省市地方政府>
		<二六款災害準備金>-</二六款災害準備金>
		<二七款第二預備金>-</二七款第二預備金>
	</Row>
	<Row>
		<款>29</款>
		<科目名稱>債務付息支出</科目名稱>
		<合計>134005958</合計>
		<一款總統府主管>-</一款總統府主管>
		<二款行政院主管>-</二款行政院主管>
		<三款立法院主管>-</三款立法院主管>
		<四款司法院主管>-</四款司法院主管>
		<五款考試院主管>-</五款考試院主管>
		<六款監察院主管>-</六款監察院主管>
		<七款內政部主管>-</七款內政部主管>
		<八款外交部主管>-</八款外交部主管>
		<九款國防部主管>-</九款國防部主管>
		<十款財政部主管>134005958</十款財政部主管>
		<一一款教育部主管>-</一一款教育部主管>
		<一二款法務部主管>-</一二款法務部主管>
		<一三款經濟部主管>-</一三款經濟部主管>
		<一四款交通部主管>-</一四款交通部主管>
		<一五款蒙藏委員會主管>-</一五款蒙藏委員會主管>
		<一六款僑務委員會主管>-</一六款僑務委員會主管>
		<一七款國軍退除役官兵輔導委員會主管>-</一七款國軍退除役官兵輔導委員會主管>
		<一八款國家科學委員會主管>-</一八款國家科學委員會主管>
		<一九款原子能委員會主管>-</一九款原子能委員會主管>
		<二十款農業委員會主管>-</二十款農業委員會主管>
		<二一款勞工委員會主管>-</二一款勞工委員會主管>
		<二二款衛生署主管>-</二二款衛生署主管>
		<二三款環境保護署主管>-</二三款環境保護署主管>
		<二四款海岸巡防署主管>-</二四款海岸巡防署主管>
		<二五款省市地方政府>-</二五款省市地方政府>
		<二六款災害準備金>-</二六款災害準備金>
		<二七款第二預備金>-</二七款第二預備金>
	</Row>
	<Row>
		<款>30</款>
		<科目名稱>還本付息事務支出</科目名稱>
		<合計>490206</合計>
		<一款總統府主管>-</一款總統府主管>
		<二款行政院主管>-</二款行政院主管>
		<三款立法院主管>-</三款立法院主管>
		<四款司法院主管>-</四款司法院主管>
		<五款考試院主管>-</五款考試院主管>
		<六款監察院主管>-</六款監察院主管>
		<七款內政部主管>-</七款內政部主管>
		<八款外交部主管>-</八款外交部主管>
		<九款國防部主管>-</九款國防部主管>
		<十款財政部主管>490206</十款財政部主管>
		<一一款教育部主管>-</一一款教育部主管>
		<一二款法務部主管>-</一二款法務部主管>
		<一三款經濟部主管>-</一三款經濟部主管>
		<一四款交通部主管>-</一四款交通部主管>
		<一五款蒙藏委員會主管>-</一五款蒙藏委員會主管>
		<一六款僑務委員會主管>-</一六款僑務委員會主管>
		<一七款國軍退除役官兵輔導委員會主管>-</一七款國軍退除役官兵輔導委員會主管>
		<一八款國家科學委員會主管>-</一八款國家科學委員會主管>
		<一九款原子能委員會主管>-</一九款原子能委員會主管>
		<二十款農業委員會主管>-</二十款農業委員會主管>
		<二一款勞工委員會主管>-</二一款勞工委員會主管>
		<二二款衛生署主管>-</二二款衛生署主管>
		<二三款環境保護署主管>-</二三款環境保護署主管>
		<二四款海岸巡防署主管>-</二四款海岸巡防署主管>
		<二五款省市地方政府>-</二五款省市地方政府>
		<二六款災害準備金>-</二六款災害準備金>
		<二七款第二預備金>-</二七款第二預備金>
	</Row>
	<Row>
		<款>31</款>
		<科目名稱>專案補助支出</科目名稱>
		<合計>63031345</合計>
		<一款總統府主管>-</一款總統府主管>
		<二款行政院主管>-</二款行政院主管>
		<三款立法院主管>-</三款立法院主管>
		<四款司法院主管>-</四款司法院主管>
		<五款考試院主管>-</五款考試院主管>
		<六款監察院主管>-</六款監察院主管>
		<七款內政部主管>-</七款內政部主管>
		<八款外交部主管>-</八款外交部主管>
		<九款國防部主管>-</九款國防部主管>
		<十款財政部主管>10510000</十款財政部主管>
		<一一款教育部主管>-</一一款教育部主管>
		<一二款法務部主管>-</一二款法務部主管>
		<一三款經濟部主管>-</一三款經濟部主管>
		<一四款交通部主管>-</一四款交通部主管>
		<一五款蒙藏委員會主管>-</一五款蒙藏委員會主管>
		<一六款僑務委員會主管>-</一六款僑務委員會主管>
		<一七款國軍退除役官兵輔導委員會主管>-</一七款國軍退除役官兵輔導委員會主管>
		<一八款國家科學委員會主管>-</一八款國家科學委員會主管>
		<一九款原子能委員會主管>-</一九款原子能委員會主管>
		<二十款農業委員會主管>-</二十款農業委員會主管>
		<二一款勞工委員會主管>-</二一款勞工委員會主管>
		<二二款衛生署主管>-</二二款衛生署主管>
		<二三款環境保護署主管>-</二三款環境保護署主管>
		<二四款海岸巡防署主管>-</二四款海岸巡防署主管>
		<二五款省市地方政府>52521345</二五款省市地方政府>
		<二六款災害準備金>-</二六款災害準備金>
		<二七款第二預備金>-</二七款第二預備金>
	</Row>
	<Row>
		<款>32</款>
		<科目名稱>其他支出</科目名稱>
		<合計>5535515</合計>
		<一款總統府主管>-</一款總統府主管>
		<二款行政院主管>2374942</二款行政院主管>
		<三款立法院主管>-</三款立法院主管>
		<四款司法院主管>-</四款司法院主管>
		<五款考試院主管>-</五款考試院主管>
		<六款監察院主管>-</六款監察院主管>
		<七款內政部主管>-</七款內政部主管>
		<八款外交部主管>-</八款外交部主管>
		<九款國防部主管>1117000</九款國防部主管>
		<十款財政部主管>-</十款財政部主管>
		<一一款教育部主管>-</一一款教育部主管>
		<一二款法務部主管>43573</一二款法務部主管>
		<一三款經濟部主管>-</一三款經濟部主管>
		<一四款交通部主管>-</一四款交通部主管>
		<一五款蒙藏委員會主管>-</一五款蒙藏委員會主管>
		<一六款僑務委員會主管>-</一六款僑務委員會主管>
		<一七款國軍退除役官兵輔導委員會主管>-</一七款國軍退除役官兵輔導委員會主管>
		<一八款國家科學委員會主管>-</一八款國家科學委員會主管>
		<一九款原子能委員會主管>-</一九款原子能委員會主管>
		<二十款農業委員會主管>-</二十款農業委員會主管>
		<二一款勞工委員會主管>-</二一款勞工委員會主管>
		<二二款衛生署主管>-</二二款衛生署主管>
		<二三款環境保護署主管>-</二三款環境保護署主管>
		<二四款海岸巡防署主管>-</二四款海岸巡防署主管>
		<二五款省市地方政府>-</二五款省市地方政府>
		<二六款災害準備金>2000000</二六款災害準備金>
		<二七款第二預備金>-</二七款第二預備金>
	</Row>
	<Row>
		<款>33</款>
		<科目名稱>第二預備金</科目名稱>
		<合計>8000000</合計>
		<一款總統府主管>-</一款總統府主管>
		<二款行政院主管>-</二款行政院主管>
		<三款立法院主管>-</三款立法院主管>
		<四款司法院主管>-</四款司法院主管>
		<五款考試院主管>-</五款考試院主管>
		<六款監察院主管>-</六款監察院主管>
		<七款內政部主管>-</七款內政部主管>
		<八款外交部主管>-</八款外交部主管>
		<九款國防部主管>-</九款國防部主管>
		<十款財政部主管>-</十款財政部主管>
		<一一款教育部主管>-</一一款教育部主管>
		<一二款法務部主管>-</一二款法務部主管>
		<一三款經濟部主管>-</一三款經濟部主管>
		<一四款交通部主管>-</一四款交通部主管>
		<一五款蒙藏委員會主管>-</一五款蒙藏委員會主管>
		<一六款僑務委員會主管>-</一六款僑務委員會主管>
		<一七款國軍退除役官兵輔導委員會主管>-</一七款國軍退除役官兵輔導委員會主管>
		<一八款國家科學委員會主管>-</一八款國家科學委員會主管>
		<一九款原子能委員會主管>-</一九款原子能委員會主管>
		<二十款農業委員會主管>-</二十款農業委員會主管>
		<二一款勞工委員會主管>-</二一款勞工委員會主管>
		<二二款衛生署主管>-</二二款衛生署主管>
		<二三款環境保護署主管>-</二三款環境保護署主管>
		<二四款海岸巡防署主管>-</二四款海岸巡防署主管>
		<二五款省市地方政府>-</二五款省市地方政府>
		<二六款災害準備金>-</二六款災害準備金>
		<二七款第二預備金>8000000</二七款第二預備金>
	</Row>
</Root>