<?xml version="1.0" encoding="UTF-8" standalone="yes"?>
<Root xmlns:xsi="http://www.w3.org/2001/XMLSchema-instance">
	<Row>
		<基金別>一、普通基金</基金別>
		<本年度預算數_收入>1593367204</本年度預算數_收入>
		<本年度預算數_支出>1685856453</本年度預算數_支出>
		<上年度預算數_收入>1488689851</上年度預算數_收入>
		<上年度預算數_支出>1628351207</上年度預算數_支出>
		<本年度與上年度比較_收入>104677353</本年度與上年度比較_收入>
		<本年度與上年度比較_支出>57505246</本年度與上年度比較_支出>
	</Row>
	<Row>
		<基金別>二、特種基金</基金別>
		<本年度預算數_收入>4344311385</本年度預算數_收入>
		<本年度預算數_支出>4190738513</本年度預算數_支出>
		<上年度預算數_收入>3989501504</上年度預算數_收入>
		<上年度預算數_支出>3843563513</上年度預算數_支出>
		<本年度與上年度比較_收入>354809881</本年度與上年度比較_收入>
		<本年度與上年度比較_支出>347175000</本年度與上年度比較_支出>
	</Row>
	<Row>
		<基金別>(一)營業部分</基金別>
		<本年度預算數_收入>3143524870</本年度預算數_收入>
		<本年度預算數_支出>3020519650</本年度預算數_支出>
		<上年度預算數_收入>2958797550</上年度預算數_收入>
		<上年度預算數_支出>2830953154</上年度預算數_支出>
		<本年度與上年度比較_收入>184727320</本年度與上年度比較_收入>
		<本年度與上年度比較_支出>189566496</本年度與上年度比較_支出>
	</Row>
	<Row>
		<基金別>中央銀行</基金別>
		<本年度預算數_收入>355770426</本年度預算數_收入>
		<本年度預算數_支出>221501473</本年度預算數_支出>
		<上年度預算數_收入>326501117</上年度預算數_收入>
		<上年度預算數_支出>212388558</上年度預算數_支出>
		<本年度與上年度比較_收入>29269309</本年度與上年度比較_收入>
		<本年度與上年度比較_支出>9112915</本年度與上年度比較_支出>
	</Row>
	<Row>
		<基金別>台灣糖業股份有限公司</基金別>
		<本年度預算數_收入>39935207</本年度預算數_收入>
		<本年度預算數_支出>38203666</本年度預算數_支出>
		<上年度預算數_收入>41129810</上年度預算數_收入>
		<上年度預算數_支出>40210778</上年度預算數_支出>
		<本年度與上年度比較_收入>-1194603</本年度與上年度比較_收入>
		<本年度與上年度比較_支出>-2007112</本年度與上年度比較_支出>
	</Row>
	<Row>
		<基金別>台灣國際造船股份有限公司</基金別>
		<本年度預算數_收入>29846512</本年度預算數_收入>
		<本年度預算數_支出>28446907</本年度預算數_支出>
		<上年度預算數_收入>23827158</上年度預算數_收入>
		<上年度預算數_支出>21909403</上年度預算數_支出>
		<本年度與上年度比較_收入>6019354</本年度與上年度比較_收入>
		<本年度與上年度比較_支出>6537504</本年度與上年度比較_支出>
	</Row>
	<Row>
		<基金別>台灣中油股份有限公司</基金別>
		<本年度預算數_收入>822330590</本年度預算數_收入>
		<本年度預算數_支出>817111735</本年度預算數_支出>
		<上年度預算數_收入>785290106</上年度預算數_收入>
		<上年度預算數_支出>771180554</上年度預算數_支出>
		<本年度與上年度比較_收入>37040484</本年度與上年度比較_收入>
		<本年度與上年度比較_支出>45931181</本年度與上年度比較_支出>
	</Row>
	<Row>
		<基金別>台灣電力股份有限公司</基金別>
		<本年度預算數_收入>443843939</本年度預算數_收入>
		<本年度預算數_支出>488655276</本年度預算數_支出>
		<上年度預算數_收入>421336704</上年度預算數_收入>
		<上年度預算數_支出>454634695</上年度預算數_支出>
		<本年度與上年度比較_收入>22507235</本年度與上年度比較_收入>
		<本年度與上年度比較_支出>34020581</本年度與上年度比較_支出>
	</Row>
	<Row>
		<基金別>漢翔航空工業股份有限公司</基金別>
		<本年度預算數_收入>13953351</本年度預算數_收入>
		<本年度預算數_支出>13638171</本年度預算數_支出>
		<上年度預算數_收入>11947716</上年度預算數_收入>
		<上年度預算數_支出>11619411</上年度預算數_支出>
		<本年度與上年度比較_收入>2005635</本年度與上年度比較_收入>
		<本年度與上年度比較_支出>2018760</本年度與上年度比較_支出>
	</Row>
	<Row>
		<基金別>台灣自來水股份有限公司</基金別>
		<本年度預算數_收入>26689348</本年度預算數_收入>
		<本年度預算數_支出>26646566</本年度預算數_支出>
		<上年度預算數_收入>25817762</上年度預算數_收入>
		<上年度預算數_支出>26156872</上年度預算數_支出>
		<本年度與上年度比較_收入>871586</本年度與上年度比較_收入>
		<本年度與上年度比較_支出>489694</本年度與上年度比較_支出>
	</Row>
	<Row>
		<基金別>臺灣金融控股股份有限公司(上年度預算係臺銀、土銀及輸銀合計數)</基金別>
		<本年度預算數_收入>249327255</本年度預算數_收入>
		<本年度預算數_支出>234771809</本年度預算數_支出>
		<上年度預算數_收入>228486217</上年度預算數_收入>
		<上年度預算數_支出>211589650</上年度預算數_支出>
		<本年度與上年度比較_收入>20841038</本年度與上年度比較_收入>
		<本年度與上年度比較_支出>23182159</本年度與上年度比較_支出>
	</Row>
	<Row>
		<基金別>中央存款保險股份有限公司</基金別>
		<本年度預算數_收入>4387895</本年度預算數_收入>
		<本年度預算數_支出>4387895</本年度預算數_支出>
		<上年度預算數_收入>4193241</上年度預算數_收入>
		<上年度預算數_支出>4193241</上年度預算數_支出>
		<本年度與上年度比較_收入>194654</本年度與上年度比較_收入>
		<本年度與上年度比較_支出>194654</本年度與上年度比較_支出>
	</Row>
	<Row>
		<基金別>財政部印刷廠</基金別>
		<本年度預算數_收入>663232</本年度預算數_收入>
		<本年度預算數_支出>610745</本年度預算數_支出>
		<上年度預算數_收入>668087</上年度預算數_收入>
		<上年度預算數_支出>621003</上年度預算數_支出>
		<本年度與上年度比較_收入>-4855</本年度與上年度比較_收入>
		<本年度與上年度比較_支出>-10258</本年度與上年度比較_支出>
	</Row>
	<Row>
		<基金別>臺灣菸酒股份有限公司</基金別>
		<本年度預算數_收入>64457140</本年度預算數_收入>
		<本年度預算數_支出>57857140</本年度預算數_支出>
		<上年度預算數_收入>66388700</上年度預算數_收入>
		<上年度預算數_支出>59721115</上年度預算數_支出>
		<本年度與上年度比較_收入>-1931560</本年度與上年度比較_收入>
		<本年度與上年度比較_支出>-1863975</本年度與上年度比較_支出>
	</Row>
	<Row>
		<基金別>臺灣郵政股份有限公司</基金別>
		<本年度預算數_收入>371767034</本年度預算數_收入>
		<本年度預算數_支出>362213527</本年度預算數_支出>
		<上年度預算數_收入>337335624</上年度預算數_收入>
		<上年度預算數_支出>324887870</上年度預算數_支出>
		<本年度與上年度比較_收入>34431410</本年度與上年度比較_收入>
		<本年度與上年度比較_支出>37325657</本年度與上年度比較_支出>
	</Row>
	<Row>
		<基金別>交通部臺灣鐵路管理局</基金別>
		<本年度預算數_收入>24346800</本年度預算數_收入>
		<本年度預算數_支出>35246800</本年度預算數_支出>
		<上年度預算數_收入>24382696</上年度預算數_收入>
		<上年度預算數_支出>35382696</上年度預算數_支出>
		<本年度與上年度比較_收入>-35896</本年度與上年度比較_收入>
		<本年度與上年度比較_支出>-135896</本年度與上年度比較_支出>
	</Row>
	<Row>
		<基金別>交通部基隆港務局</基金別>
		<本年度預算數_收入>6415279</本年度預算數_收入>
		<本年度預算數_支出>5886750</本年度預算數_支出>
		<上年度預算數_收入>6364929</上年度預算數_收入>
		<上年度預算數_支出>5774929</上年度預算數_支出>
		<本年度與上年度比較_收入>50350</本年度與上年度比較_收入>
		<本年度與上年度比較_支出>111821</本年度與上年度比較_支出>
	</Row>
	<Row>
		<基金別>交通部臺中港務局</基金別>
		<本年度預算數_收入>4784246</本年度預算數_收入>
		<本年度預算數_支出>3518838</本年度預算數_支出>
		<上年度預算數_收入>4590016</上年度預算數_收入>
		<上年度預算數_支出>3290016</上年度預算數_支出>
		<本年度與上年度比較_收入>194230</本年度與上年度比較_收入>
		<本年度與上年度比較_支出>228822</本年度與上年度比較_支出>
	</Row>
	<Row>
		<基金別>交通部高雄港務局</基金別>
		<本年度預算數_收入>10088723</本年度預算數_收入>
		<本年度預算數_支出>7066967</本年度預算數_支出>
		<上年度預算數_收入>10216140</上年度預算數_收入>
		<上年度預算數_支出>7256140</上年度預算數_支出>
		<本年度與上年度比較_收入>-127417</本年度與上年度比較_收入>
		<本年度與上年度比較_支出>-189173</本年度與上年度比較_支出>
	</Row>
	<Row>
		<基金別>交通部花蓮港務局</基金別>
		<本年度預算數_收入>971503</本年度預算數_收入>
		<本年度預算數_支出>855074</本年度預算數_支出>
		<上年度預算數_收入>1083955</上年度預算數_收入>
		<上年度預算數_支出>974955</上年度預算數_支出>
		<本年度與上年度比較_收入>-112452</本年度與上年度比較_收入>
		<本年度與上年度比較_支出>-119881</本年度與上年度比較_支出>
	</Row>
	<Row>
		<基金別>榮民工程股份有限公司</基金別>
		<本年度預算數_收入>15519655</本年度預算數_收入>
		<本年度預算數_支出>15475233</本年度預算數_支出>
		<上年度預算數_收入>19339750</上年度預算數_收入>
		<上年度預算數_支出>19264851</上年度預算數_支出>
		<本年度與上年度比較_收入>-3820095</本年度與上年度比較_收入>
		<本年度與上年度比較_支出>-3789618</本年度與上年度比較_支出>
	</Row>
	<Row>
		<基金別>勞工保險局</基金別>
		<本年度預算數_收入>231477741</本年度預算數_收入>
		<本年度預算數_支出>231477741</本年度預算數_支出>
		<上年度預算數_收入>209406580</上年度預算數_收入>
		<上年度預算數_支出>209406580</上年度預算數_支出>
		<本年度與上年度比較_收入>22071161</本年度與上年度比較_收入>
		<本年度與上年度比較_支出>22071161</本年度與上年度比較_支出>
	</Row>
	<Row>
		<基金別>中央健康保險局</基金別>
		<本年度預算數_收入>426948994</本年度預算數_收入>
		<本年度預算數_支出>426947337</本年度預算數_支出>
		<上年度預算數_收入>410491242</上年度預算數_收入>
		<上年度預算數_支出>410489837</上年度預算數_支出>
		<本年度與上年度比較_收入>16457752</本年度與上年度比較_收入>
		<本年度與上年度比較_支出>16457500</本年度與上年度比較_支出>
	</Row>
	<Row>
		<基金別>(二)非營業部分－作業基金</基金別>
		<本年度預算數_收入>386960929</本年度預算數_收入>
		<本年度預算數_支出>346942959</本年度預算數_支出>
		<上年度預算數_收入>307177808</上年度預算數_收入>
		<上年度預算數_支出>279233718</上年度預算數_支出>
		<本年度與上年度比較_收入>79783121</本年度與上年度比較_收入>
		<本年度與上年度比較_支出>67709241</本年度與上年度比較_支出>
	</Row>
	<Row>
		<基金別>行政院國家發展基金</基金別>
		<本年度預算數_收入>12631231</本年度預算數_收入>
		<本年度預算數_支出>835082</本年度預算數_支出>
		<上年度預算數_收入>11991598</上年度預算數_收入>
		<上年度預算數_支出>1007480</上年度預算數_支出>
		<本年度與上年度比較_收入>639633</本年度與上年度比較_收入>
		<本年度與上年度比較_支出>-172398</本年度與上年度比較_支出>
	</Row>
	<Row>
		<基金別>營建建設基金</基金別>
		<本年度預算數_收入>16101737</本年度預算數_收入>
		<本年度預算數_支出>13670706</本年度預算數_支出>
		<上年度預算數_收入>10474756</上年度預算數_收入>
		<上年度預算數_支出>13220473</上年度預算數_支出>
		<本年度與上年度比較_收入>5626981</本年度與上年度比較_收入>
		<本年度與上年度比較_支出>450233</本年度與上年度比較_支出>
	</Row>
	<Row>
		<基金別>國民年金保險基金</基金別>
		<本年度預算數_收入>46816013</本年度預算數_收入>
		<本年度預算數_支出>46816013</本年度預算數_支出>
		<上年度預算數_收入>0</上年度預算數_收入>
		<上年度預算數_支出>0</上年度預算數_支出>
		<本年度與上年度比較_收入>46816013</本年度與上年度比較_收入>
		<本年度與上年度比較_支出>46816013</本年度與上年度比較_支出>
	</Row>
	<Row>
		<基金別>國軍生產及服務作業基金</基金別>
		<本年度預算數_收入>49684785</本年度預算數_收入>
		<本年度預算數_支出>48692722</本年度預算數_支出>
		<上年度預算數_收入>33858281</上年度預算數_收入>
		<上年度預算數_支出>32920488</上年度預算數_支出>
		<本年度與上年度比較_收入>15826504</本年度與上年度比較_收入>
		<本年度與上年度比較_支出>15772234</本年度與上年度比較_支出>
	</Row>
	<Row>
		<基金別>國軍老舊眷村改建基金</基金別>
		<本年度預算數_收入>12737330</本年度預算數_收入>
		<本年度預算數_支出>15808967</本年度預算數_支出>
		<上年度預算數_收入>13170889</上年度預算數_收入>
		<上年度預算數_支出>17422144</上年度預算數_支出>
		<本年度與上年度比較_收入>-433559</本年度與上年度比較_收入>
		<本年度與上年度比較_支出>-1613177</本年度與上年度比較_支出>
	</Row>
	<Row>
		<基金別>地方建設基金</基金別>
		<本年度預算數_收入>448112</本年度預算數_收入>
		<本年度預算數_支出>10708</本年度預算數_支出>
		<上年度預算數_收入>431705</上年度預算數_收入>
		<上年度預算數_支出>11737</上年度預算數_支出>
		<本年度與上年度比較_收入>16407</本年度與上年度比較_收入>
		<本年度與上年度比較_支出>-1029</本年度與上年度比較_支出>
	</Row>
	<Row>
		<基金別>國立大學校院校務基金(54所學校綜計)</基金別>
		<本年度預算數_收入>60532394</本年度預算數_收入>
		<本年度預算數_支出>60489031</本年度預算數_支出>
		<上年度預算數_收入>65196782</上年度預算數_收入>
		<上年度預算數_支出>65150926</上年度預算數_支出>
		<本年度與上年度比較_收入>-4664388</本年度與上年度比較_收入>
		<本年度與上年度比較_支出>-4661895</本年度與上年度比較_支出>
	</Row>
	<Row>
		<基金別>國立臺灣大學附設醫院作業基金</基金別>
		<本年度預算數_收入>18277406</本年度預算數_收入>
		<本年度預算數_支出>17290600</本年度預算數_支出>
		<上年度預算數_收入>16894623</上年度預算數_收入>
		<上年度預算數_支出>16142154</上年度預算數_支出>
		<本年度與上年度比較_收入>1382783</本年度與上年度比較_收入>
		<本年度與上年度比較_支出>1148446</本年度與上年度比較_支出>
	</Row>
	<Row>
		<基金別>國立成功大學附設醫院作業基金</基金別>
		<本年度預算數_收入>6462416</本年度預算數_收入>
		<本年度預算數_支出>6387287</本年度預算數_支出>
		<上年度預算數_收入>5854428</上年度預算數_收入>
		<上年度預算數_支出>5791150</上年度預算數_支出>
		<本年度與上年度比較_收入>607988</本年度與上年度比較_收入>
		<本年度與上年度比較_支出>596137</本年度與上年度比較_支出>
	</Row>
	<Row>
		<基金別>國立陽明大學附設醫院作業基金</基金別>
		<本年度預算數_收入>1260544</本年度預算數_收入>
		<本年度預算數_支出>1253730</本年度預算數_支出>
		<上年度預算數_收入>1249140</上年度預算數_收入>
		<上年度預算數_支出>1234999</上年度預算數_支出>
		<本年度與上年度比較_收入>11404</本年度與上年度比較_收入>
		<本年度與上年度比較_支出>18731</本年度與上年度比較_支出>
	</Row>
	<Row>
		<基金別>國立社教機構作業基金</基金別>
		<本年度預算數_收入>1822247</本年度預算數_收入>
		<本年度預算數_支出>1536460</本年度預算數_支出>
		<上年度預算數_收入>1102152</上年度預算數_收入>
		<上年度預算數_支出>1101452</上年度預算數_支出>
		<本年度與上年度比較_收入>720095</本年度與上年度比較_收入>
		<本年度與上年度比較_支出>435008</本年度與上年度比較_支出>
	</Row>
	<Row>
		<基金別>國立高級中等學校校務基金 </基金別>
		<本年度預算數_收入>7417495</本年度預算數_收入>
		<本年度預算數_支出>7406675</本年度預算數_支出>
		<上年度預算數_收入>1952255</上年度預算數_收入>
		<上年度預算數_支出>1948768</上年度預算數_支出>
		<本年度與上年度比較_收入>5465240</本年度與上年度比較_收入>
		<本年度與上年度比較_支出>5457907</本年度與上年度比較_支出>
	</Row>
	<Row>
		<基金別>法務部監所作業基金</基金別>
		<本年度預算數_收入>606278</本年度預算數_收入>
		<本年度預算數_支出>556650</本年度預算數_支出>
		<上年度預算數_收入>553380</上年度預算數_收入>
		<上年度預算數_支出>516231</上年度預算數_支出>
		<本年度與上年度比較_收入>52898</本年度與上年度比較_收入>
		<本年度與上年度比較_支出>40419</本年度與上年度比較_支出>
	</Row>
	<Row>
		<基金別>經濟作業基金</基金別>
		<本年度預算數_收入>7418706</本年度預算數_收入>
		<本年度預算數_支出>7580719</本年度預算數_支出>
		<上年度預算數_收入>6639619</上年度預算數_收入>
		<上年度預算數_支出>7626591</上年度預算數_支出>
		<本年度與上年度比較_收入>779087</本年度與上年度比較_收入>
		<本年度與上年度比較_支出>-45872</本年度與上年度比較_支出>
	</Row>
	<Row>
		<基金別>水資源作業基金</基金別>
		<本年度預算數_收入>4763901</本年度預算數_收入>
		<本年度預算數_支出>4596376</本年度預算數_支出>
		<上年度預算數_收入>3937477</上年度預算數_收入>
		<上年度預算數_支出>3748951</上年度預算數_支出>
		<本年度與上年度比較_收入>826424</本年度與上年度比較_收入>
		<本年度與上年度比較_支出>847425</本年度與上年度比較_支出>
	</Row>
	<Row>
		<基金別>交通作業基金</基金別>
		<本年度預算數_收入>60432844</本年度預算數_收入>
		<本年度預算數_支出>37844497</本年度預算數_支出>
		<上年度預算數_收入>58383877</上年度預算數_收入>
		<上年度預算數_支出>38522573</上年度預算數_支出>
		<本年度與上年度比較_收入>2048967</本年度與上年度比較_收入>
		<本年度與上年度比較_支出>-678076</本年度與上年度比較_支出>
	</Row>
	<Row>
		<基金別>國軍退除役官兵安置基金</基金別>
		<本年度預算數_收入>3902900</本年度預算數_收入>
		<本年度預算數_支出>4111029</本年度預算數_支出>
		<上年度預算數_收入>3486570</上年度預算數_收入>
		<上年度預算數_支出>3502309</上年度預算數_支出>
		<本年度與上年度比較_收入>416330</本年度與上年度比較_收入>
		<本年度與上年度比較_支出>608720</本年度與上年度比較_支出>
	</Row>
	<Row>
		<基金別>榮民醫療作業基金</基金別>
		<本年度預算數_收入>37855278</本年度預算數_收入>
		<本年度預算數_支出>37432939</本年度預算數_支出>
		<上年度預算數_收入>36865301</上年度預算數_收入>
		<上年度預算數_支出>36588373</上年度預算數_支出>
		<本年度與上年度比較_收入>989977</本年度與上年度比較_收入>
		<本年度與上年度比較_支出>844566</本年度與上年度比較_支出>
	</Row>
	<Row>
		<基金別>科學工業園區管理局作業基金</基金別>
		<本年度預算數_收入>10733793</本年度預算數_收入>
		<本年度預算數_支出>8367043</本年度預算數_支出>
		<上年度預算數_收入>9044702</上年度預算數_收入>
		<上年度預算數_支出>7207870</上年度預算數_支出>
		<本年度與上年度比較_收入>1689091</本年度與上年度比較_收入>
		<本年度與上年度比較_支出>1159173</本年度與上年度比較_支出>
	</Row>
	<Row>
		<基金別>農業作業基金</基金別>
		<本年度預算數_收入>191255</本年度預算數_收入>
		<本年度預算數_支出>175289</本年度預算數_支出>
		<上年度預算數_收入>199458</上年度預算數_收入>
		<上年度預算數_支出>184052</上年度預算數_支出>
		<本年度與上年度比較_收入>-8203</本年度與上年度比較_收入>
		<本年度與上年度比較_支出>-8763</本年度與上年度比較_支出>
	</Row>
	<Row>
		<基金別>醫療藥品基金</基金別>
		<本年度預算數_收入>25242731</本年度預算數_收入>
		<本年度預算數_支出>24636013</本年度預算數_支出>
		<上年度預算數_收入>25022014</上年度預算數_收入>
		<上年度預算數_支出>24541950</上年度預算數_支出>
		<本年度與上年度比較_收入>220717</本年度與上年度比較_收入>
		<本年度與上年度比較_支出>94063</本年度與上年度比較_支出>
	</Row>
	<Row>
		<基金別>管制藥品管理局製藥工廠作業基金</基金別>
		<本年度預算數_收入>445566</本年度預算數_收入>
		<本年度預算數_支出>314125</本年度預算數_支出>
		<上年度預算數_收入>430612</上年度預算數_收入>
		<上年度預算數_支出>293507</上年度預算數_支出>
		<本年度與上年度比較_收入>14954</本年度與上年度比較_收入>
		<本年度與上年度比較_支出>20618</本年度與上年度比較_支出>
	</Row>
	<Row>
		<基金別>故宮文物藝術發展基金</基金別>
		<本年度預算數_收入>158058</本年度預算數_收入>
		<本年度預算數_支出>114149</本年度預算數_支出>
		<上年度預算數_收入>132005</上年度預算數_收入>
		<上年度預算數_支出>92063</上年度預算數_支出>
		<本年度與上年度比較_收入>26053</本年度與上年度比較_收入>
		<本年度與上年度比較_支出>22086</本年度與上年度比較_支出>
	</Row>
	<Row>
		<基金別>原住民族綜合發展基金</基金別>
		<本年度預算數_收入>1017909</本年度預算數_收入>
		<本年度預算數_支出>1016149</本年度預算數_支出>
		<上年度預算數_收入>306184</上年度預算數_收入>
		<上年度預算數_支出>457477</上年度預算數_支出>
		<本年度與上年度比較_收入>711725</本年度與上年度比較_收入>
		<本年度與上年度比較_支出>558672</本年度與上年度比較_支出>
	</Row>
	<Row>
		<基金別>(三)非營業部分－債務基金</基金別>
		<本年度預算數_收入>635243011</本年度預算數_收入>
		<本年度預算數_支出>635236899</本年度預算數_支出>
		<上年度預算數_收入>576067802</上年度預算數_收入>
		<上年度預算數_支出>576061513</上年度預算數_支出>
		<本年度與上年度比較_收入>59175209</本年度與上年度比較_收入>
		<本年度與上年度比較_支出>59175386</本年度與上年度比較_支出>
	</Row>
	<Row>
		<基金別>中央政府債務基金</基金別>
		<本年度預算數_收入>635243011</本年度預算數_收入>
		<本年度預算數_支出>635236899</本年度預算數_支出>
		<上年度預算數_收入>576067802</上年度預算數_收入>
		<上年度預算數_支出>576061513</上年度預算數_支出>
		<本年度與上年度比較_收入>59175209</本年度與上年度比較_收入>
		<本年度與上年度比較_支出>59175386</本年度與上年度比較_支出>
	</Row>
	<Row>
		<基金別>(四)非營業部分－特別收入
　  基金</基金別>
		<本年度預算數_收入>177141824</本年度預算數_收入>
		<本年度預算數_支出>182603699</本年度預算數_支出>
		<上年度預算數_收入>141014969</上年度預算數_收入>
		<上年度預算數_支出>155912903</上年度預算數_支出>
		<本年度與上年度比較_收入>36126855</本年度與上年度比較_收入>
		<本年度與上年度比較_支出>26690796</本年度與上年度比較_支出>
	</Row>
	<Row>
		<基金別>行政院國家科學技術發展基金</基金別>
		<本年度預算數_收入>28847999</本年度預算數_收入>
		<本年度預算數_支出>30289193</本年度預算數_支出>
		<上年度預算數_收入>28856495</上年度預算數_收入>
		<上年度預算數_支出>28854855</上年度預算數_支出>
		<本年度與上年度比較_收入>-8496</本年度與上年度比較_收入>
		<本年度與上年度比較_支出>1434338</本年度與上年度比較_支出>
	</Row>
	<Row>
		<基金別>離島建設基金</基金別>
		<本年度預算數_收入>3279433</本年度預算數_收入>
		<本年度預算數_支出>1521869</本年度預算數_支出>
		<上年度預算數_收入>3225268</上年度預算數_收入>
		<上年度預算數_支出>1322262</上年度預算數_支出>
		<本年度與上年度比較_收入>54165</本年度與上年度比較_收入>
		<本年度與上年度比較_支出>199607</本年度與上年度比較_支出>
	</Row>
	<Row>
		<基金別>行政院公營事業民營化基金</基金別>
		<本年度預算數_收入>16169524</本年度預算數_收入>
		<本年度預算數_支出>12990979</本年度預算數_支出>
		<上年度預算數_收入>310028</上年度預算數_收入>
		<上年度預算數_支出>8492817</上年度預算數_支出>
		<本年度與上年度比較_收入>15859496</本年度與上年度比較_收入>
		<本年度與上年度比較_支出>4498162</本年度與上年度比較_支出>
	</Row>
	<Row>
		<基金別>社會福利基金</基金別>
		<本年度預算數_收入>2434892</本年度預算數_收入>
		<本年度預算數_支出>2746963</本年度預算數_支出>
		<上年度預算數_收入>1218101</上年度預算數_收入>
		<上年度預算數_支出>1588703</上年度預算數_支出>
		<本年度與上年度比較_收入>1216791</本年度與上年度比較_收入>
		<本年度與上年度比較_支出>1158260</本年度與上年度比較_支出>
	</Row>
	<Row>
		<基金別>外籍配偶照顧輔導基金</基金別>
		<本年度預算數_收入>302632</本年度預算數_收入>
		<本年度預算數_支出>291229</本年度預算數_支出>
		<上年度預算數_收入>300720</上年度預算數_收入>
		<上年度預算數_支出>281444</上年度預算數_支出>
		<本年度與上年度比較_收入>1912</本年度與上年度比較_收入>
		<本年度與上年度比較_支出>9785</本年度與上年度比較_支出>
	</Row>
	<Row>
		<基金別>研發替代役基金</基金別>
		<本年度預算數_收入>280870</本年度預算數_收入>
		<本年度預算數_支出>263153</本年度預算數_支出>
		<上年度預算數_收入>0</上年度預算數_收入>
		<上年度預算數_支出>0</上年度預算數_支出>
		<本年度與上年度比較_收入>280870</本年度與上年度比較_收入>
		<本年度與上年度比較_支出>263153</本年度與上年度比較_支出>
	</Row>
	<Row>
		<基金別>警察消防海巡空勤人員及協勤民力安全基金</基金別>
		<本年度預算數_收入>202628</本年度預算數_收入>
		<本年度預算數_支出>36162</本年度預算數_支出>
		<上年度預算數_收入>0</上年度預算數_收入>
		<上年度預算數_支出>0</上年度預算數_支出>
		<本年度與上年度比較_收入>202628</本年度與上年度比較_收入>
		<本年度與上年度比較_支出>36162</本年度與上年度比較_支出>
	</Row>
	<Row>
		<基金別>學產基金</基金別>
		<本年度預算數_收入>697830</本年度預算數_收入>
		<本年度預算數_支出>691140</本年度預算數_支出>
		<上年度預算數_收入>628077</上年度預算數_收入>
		<上年度預算數_支出>534097</上年度預算數_支出>
		<本年度與上年度比較_收入>69753</本年度與上年度比較_收入>
		<本年度與上年度比較_支出>157043</本年度與上年度比較_支出>
	</Row>
	<Row>
		<基金別>經濟特別收入基金</基金別>
		<本年度預算數_收入>14727413</本年度預算數_收入>
		<本年度預算數_支出>12950258</本年度預算數_支出>
		<上年度預算數_收入>11322068</上年度預算數_收入>
		<上年度預算數_支出>9725521</上年度預算數_支出>
		<本年度與上年度比較_收入>3405345</本年度與上年度比較_收入>
		<本年度與上年度比較_支出>3224737</本年度與上年度比較_支出>
	</Row>
	<Row>
		<基金別>核能發電後端營運基金</基金別>
		<本年度預算數_收入>11082266</本年度預算數_收入>
		<本年度預算數_支出>1112186</本年度預算數_支出>
		<上年度預算數_收入>10207091</上年度預算數_收入>
		<上年度預算數_支出>1756348</上年度預算數_支出>
		<本年度與上年度比較_收入>875175</本年度與上年度比較_收入>
		<本年度與上年度比較_支出>-644162</本年度與上年度比較_支出>
	</Row>
	<Row>
		<基金別>航港建設基金</基金別>
		<本年度預算數_收入>6608993</本年度預算數_收入>
		<本年度預算數_支出>10092815</本年度預算數_支出>
		<上年度預算數_收入>6224054</上年度預算數_收入>
		<上年度預算數_支出>8595544</上年度預算數_支出>
		<本年度與上年度比較_收入>384939</本年度與上年度比較_收入>
		<本年度與上年度比較_支出>1497271</本年度與上年度比較_支出>
	</Row>
	<Row>
		<基金別>核子事故緊急應變基金</基金別>
		<本年度預算數_收入>72725</本年度預算數_收入>
		<本年度預算數_支出>41836</本年度預算數_支出>
		<上年度預算數_收入>72170</上年度預算數_收入>
		<上年度預算數_支出>56991</上年度預算數_支出>
		<本年度與上年度比較_收入>555</本年度與上年度比較_收入>
		<本年度與上年度比較_支出>-15155</本年度與上年度比較_支出>
	</Row>
	<Row>
		<基金別>農業特別收入基金</基金別>
		<本年度預算數_收入>22902925</本年度預算數_收入>
		<本年度預算數_支出>39022933</本年度預算數_支出>
		<上年度預算數_收入>24392585</上年度預算數_收入>
		<上年度預算數_支出>39581568</上年度預算數_支出>
		<本年度與上年度比較_收入>-1489660</本年度與上年度比較_收入>
		<本年度與上年度比較_支出>-558635</本年度與上年度比較_支出>
	</Row>
	<Row>
		<基金別>就業安定基金</基金別>
		<本年度預算數_收入>11175685</本年度預算數_收入>
		<本年度預算數_支出>11340381</本年度預算數_支出>
		<上年度預算數_收入>9630458</上年度預算數_收入>
		<上年度預算數_支出>10178950</上年度預算數_支出>
		<本年度與上年度比較_收入>1545227</本年度與上年度比較_收入>
		<本年度與上年度比較_支出>1161431</本年度與上年度比較_支出>
	</Row>
	<Row>
		<基金別>健康照護基金</基金別>
		<本年度預算數_收入>1674032</本年度預算數_收入>
		<本年度預算數_支出>2657437</本年度預算數_支出>
		<上年度預算數_收入>1829916</上年度預算數_收入>
		<上年度預算數_支出>2824418</上年度預算數_支出>
		<本年度與上年度比較_收入>-155884</本年度與上年度比較_收入>
		<本年度與上年度比較_支出>-166981</本年度與上年度比較_支出>
	</Row>
	<Row>
		<基金別>環境保護基金</基金別>
		<本年度預算數_收入>4348215</本年度預算數_收入>
		<本年度預算數_支出>4329082</本年度預算數_支出>
		<上年度預算數_收入>5015685</上年度預算數_收入>
		<上年度預算數_支出>4329165</上年度預算數_支出>
		<本年度與上年度比較_收入>-667470</本年度與上年度比較_收入>
		<本年度與上年度比較_支出>-83</本年度與上年度比較_支出>
	</Row>
	<Row>
		<基金別>中華發展基金</基金別>
		<本年度預算數_收入>37293</本年度預算數_收入>
		<本年度預算數_支出>73396</本年度預算數_支出>
		<上年度預算數_收入>38712</上年度預算數_收入>
		<上年度預算數_支出>70315</上年度預算數_支出>
		<本年度與上年度比較_收入>-1419</本年度與上年度比較_收入>
		<本年度與上年度比較_支出>3081</本年度與上年度比較_支出>
	</Row>
	<Row>
		<基金別>有線廣播電視事業發展基金</基金別>
		<本年度預算數_收入>326199</本年度預算數_收入>
		<本年度預算數_支出>312573</本年度預算數_支出>
		<上年度預算數_收入>329405</上年度預算數_收入>
		<上年度預算數_支出>307210</上年度預算數_支出>
		<本年度與上年度比較_收入>-3206</本年度與上年度比較_收入>
		<本年度與上年度比較_支出>5363</本年度與上年度比較_支出>
	</Row>
	<Row>
		<基金別>金融監督管理基金</基金別>
		<本年度預算數_收入>928055</本年度預算數_收入>
		<本年度預算數_支出>928043</本年度預算數_支出>
		<上年度預算數_收入>760400</上年度預算數_收入>
		<上年度預算數_支出>1025028</上年度預算數_支出>
		<本年度與上年度比較_收入>167655</本年度與上年度比較_收入>
		<本年度與上年度比較_支出>-96985</本年度與上年度比較_支出>
	</Row>
	<Row>
		<基金別>行政院金融重建基金</基金別>
		<本年度預算數_收入>50542173</本年度預算數_收入>
		<本年度預算數_支出>50414721</本年度預算數_支出>
		<上年度預算數_收入>36146512</上年度預算數_收入>
		<上年度預算數_支出>35890317</上年度預算數_支出>
		<本年度與上年度比較_收入>14395661</本年度與上年度比較_收入>
		<本年度與上年度比較_支出>14524404</本年度與上年度比較_支出>
	</Row>
	<Row>
		<基金別>通訊傳播監督管理基金</基金別>
		<本年度預算數_收入>500042</本年度預算數_收入>
		<本年度預算數_支出>497350</本年度預算數_支出>
		<上年度預算數_收入>507224</上年度預算數_收入>
		<上年度預算數_支出>497350</上年度預算數_支出>
		<本年度與上年度比較_收入>-7182</本年度與上年度比較_收入>
		<本年度與上年度比較_支出>0</本年度與上年度比較_支出>
	</Row>
	<Row>
		<基金別>(五)非營業部分－資本計畫
　  基金</基金別>
		<本年度預算數_收入>1440751</本年度預算數_收入>
		<本年度預算數_支出>5435306</本年度預算數_支出>
		<上年度預算數_收入>6443375</上年度預算數_收入>
		<上年度預算數_支出>1402225</上年度預算數_支出>
		<本年度與上年度比較_收入>-5002624</本年度與上年度比較_收入>
		<本年度與上年度比較_支出>4033081</本年度與上年度比較_支出>
	</Row>
	<Row>
		<基金別>國軍老舊營舍改建基金</基金別>
		<本年度預算數_收入>1440751</本年度預算數_收入>
		<本年度預算數_支出>5435306</本年度預算數_支出>
		<上年度預算數_收入>6443375</上年度預算數_收入>
		<上年度預算數_支出>1402225</上年度預算數_支出>
		<本年度與上年度比較_收入>-5002624</本年度與上年度比較_收入>
		<本年度與上年度比較_支出>4033081</本年度與上年度比較_支出>
	</Row>
</Root>