<?xml version="1.0" encoding="UTF-8" standalone="yes"?>
<Root xmlns:xsi="http://www.w3.org/2001/XMLSchema-instance">
	<Row>
		<項目>一、經  常  門</項目>
	</Row>
	<Row>
		<項目>(一)歲　　入</項目>
		<本年度預算數>1556660633</本年度預算數>
		<百分比>100</百分比>
		<上年度預算數>1449977558</上年度預算數>
		<百分比2>100</百分比2>
		<前年度預算數>1495832769</前年度預算數>
		<百分比3>100</百分比3>
		<本年度與上年度比較>106683075</本年度與上年度比較>
		<增加率>7.35756732312129</增加率>
	</Row>
	<Row>
		<項目>1.直接稅收入</項目>
		<本年度預算數>782872000</本年度預算數>
		<百分比>50.2917581008808</百分比>
		<上年度預算數>689120000</上年度預算數>
		<百分比2>47.526252816666</百分比2>
		<前年度預算數>685598316</前年度預算數>
		<百分比3>45.8338879992808</百分比3>
		<本年度與上年度比較>93752000</本年度與上年度比較>
		<增加率>13.6045971674019</增加率>
	</Row>
	<Row>
		<項目>2.間接稅收入</項目>
		<本年度預算數>420528000</本年度預算數>
		<百分比>27.0147513905814</百分比>
		<上年度預算數>423100000</上年度預算數>
		<百分比2>29.1797619670469</百分比2>
		<前年度預算數>408683814</前年度預算數>
		<百分比3>27.3214909092555</百分比3>
		<本年度與上年度比較>-2572000</本年度與上年度比較>
		<增加率>-0.607894114866462</增加率>
	</Row>
	<Row>
		<項目>3.賦稅外收入</項目>
		<本年度預算數>353260633</本年度預算數>
		<百分比>22.6934905085378</百分比>
		<上年度預算數>337757558</上年度預算數>
		<百分比2>23.293985216287</百分比2>
		<前年度預算數>401550639</前年度預算數>
		<百分比3>26.8446210914637</百分比3>
		<本年度與上年度比較>15503075</本年度與上年度比較>
		<增加率>4.59000091420604</增加率>
	</Row>
	<Row>
		<項目>(二)歲　　出</項目>
		<本年度預算數>1418242468</本年度預算數>
		<百分比>100</百分比>
		<上年度預算數>1348850227</上年度預算數>
		<百分比2>100</百分比2>
		<前年度預算數>1251539040</前年度預算數>
		<百分比3>100</百分比3>
		<本年度與上年度比較>69392241</本年度與上年度比較>
		<增加率>5.14454752729192</增加率>
	</Row>
	<Row>
		<項目>1.一般經常支出</項目>
		<本年度預算數>1275810153</本年度預算數>
		<百分比>89.9571252297319</百分比>
		<上年度預算數>1208587236</上年度預算數>
		<百分比2>89.6012924050166</百分比2>
		<前年度預算數>1126338863</前年度預算數>
		<百分比3>89.996302712219</百分比3>
		<本年度與上年度比較>67222917</本年度與上年度比較>
		<增加率>5.56210714441138</增加率>
	</Row>
	<Row>
		<項目>2.債務利息及事務支出</項目>
		<本年度預算數>134496164</本年度預算數>
		<百分比>9.48329831003199</百分比>
		<上年度預算數>132253907</上年度預算數>
		<百分比2>9.80493640825847</百分比2>
		<前年度預算數>125200177</前年度預算數>
		<百分比3>10.003697287781</百分比3>
		<本年度與上年度比較>2242257</本年度與上年度比較>
		<增加率>1.69541834404937</增加率>
	</Row>
	<Row>
		<項目>3.預備金</項目>
		<本年度預算數>7936151</本年度預算數>
		<百分比>0.559576460236135</百分比>
		<上年度預算數>8009084</上年度預算數>
		<百分比2>0.593771186724944</百分比2>
		<前年度預算數>0</前年度預算數>
		<百分比3>0</百分比3>
		<本年度與上年度比較>-72933</本年度與上年度比較>
		<增加率>-0.910628481359416</增加率>
	</Row>
	<Row>
		<項目>(三)經常門賸餘</項目>
		<本年度預算數>138418165</本年度預算數>
		<百分比>8.89199367322858</百分比>
		<上年度預算數>101127331</上年度預算數>
		<百分比2>6.97440663423013</百分比2>
		<前年度預算數>244293729</前年度預算數>
		<百分比3>16.3316203564197</百分比3>
		<本年度與上年度比較>37290834</本年度與上年度比較>
		<增加率>36.8751292368232</增加率>
	</Row>
	<Row>
		<項目>二、資  本  門</項目>
	</Row>
	<Row>
		<項目>(一)歲　　入</項目>
		<本年度預算數>37775683</本年度預算數>
		<百分比>100</百分比>
		<上年度預算數>38712293</上年度預算數>
		<百分比2>100</百分比2>
		<前年度預算數>50539652</前年度預算數>
		<百分比3>100</百分比3>
		<本年度與上年度比較>-936610</本年度與上年度比較>
		<增加率>-2.41941235565664</增加率>
	</Row>
	<Row>
		<項目>1.減少資產</項目>
		<本年度預算數>34754029</本年度預算數>
		<百分比>92.001060576456</百分比>
		<上年度預算數>35995182</上年度預算數>
		<百分比2>92.9812708330142</百分比2>
		<前年度預算數>41775188</前年度預算數>
		<百分比3>82.6582422846916</百分比3>
		<本年度與上年度比較>-1241153</本年度與上年度比較>
		<增加率>-3.44810869410245</增加率>
	</Row>
	<Row>
		<項目>2.收回投資</項目>
		<本年度預算數>3021654</本年度預算數>
		<百分比>7.99893942354398</百分比>
		<上年度預算數>2717111</上年度預算數>
		<百分比2>7.01872916698579</百分比2>
		<前年度預算數>8764464</前年度預算數>
		<百分比3>17.3417577153084</百分比3>
		<本年度與上年度比較>304543</本年度與上年度比較>
		<增加率>11.2083385625394</增加率>
	</Row>
	<Row>
		<項目>(二)歲　　出</項目>
		<本年度預算數>267613985</本年度預算數>
		<百分比>100</百分比>
		<上年度預算數>279500980</上年度預算數>
		<百分比2>100</百分比2>
		<前年度預算數>278276084</前年度預算數>
		<百分比3>100</百分比3>
		<本年度與上年度比較>-11886995</本年度與上年度比較>
		<增加率>-4.25293499865367</增加率>
	</Row>
	<Row>
		<項目>1.增置擴充改良資產</項目>
		<本年度預算數>212611956</本年度預算數>
		<百分比>79.447251607572</百分比>
		<上年度預算數>217486557</上年度預算數>
		<百分比2>77.8124488150274</百分比2>
		<前年度預算數>206631407</前年度預算數>
		<百分比3>74.2541019083767</百分比3>
		<本年度與上年度比較>-4874601</本年度與上年度比較>
		<增加率>-2.24133439199187</增加率>
	</Row>
	<Row>
		<項目>2.增加投資</項目>
		<本年度預算數>51002029</本年度預算數>
		<百分比>19.0580581952771</百分比>
		<上年度預算數>58014423</上年度預算數>
		<百分比2>20.7564291903377</百分比2>
		<前年度預算數>70944677</前年度預算數>
		<百分比3>25.4943493455226</百分比3>
		<本年度與上年度比較>-7012394</本年度與上年度比較>
		<增加率>-12.0873286975551</增加率>
	</Row>
	<Row>
		<項目>3.預備金</項目>
		<本年度預算數>4000000</本年度預算數>
		<百分比>1.49469019715094</百分比>
		<上年度預算數>4000000</上年度預算數>
		<百分比2>1.43112199463487</百分比2>
		<前年度預算數>700000</前年度預算數>
		<百分比3>0.251548746100653</百分比3>
		<本年度與上年度比較>0</本年度與上年度比較>
		<增加率>0</增加率>
	</Row>
	<Row>
		<項目>(三)資本門差短</項目>
		<本年度預算數>229838302</本年度預算數>
		<百分比>608.429242695625</百分比>
		<上年度預算數>240788687</上年度預算數>
		<百分比2>621.995413704892</百分比2>
		<前年度預算數>227736432</前年度預算數>
		<百分比3>450.609418521521</百分比3>
		<本年度與上年度比較>-10950385</本年度與上年度比較>
		<增加率>-4.5477157321764</增加率>
	</Row>
	<Row>
		<項目>三、歲  入  歲  出  餘  絀</項目>
		<本年度預算數>-91420137</本年度預算數>
		<百分比>0</百分比>
		<上年度預算數>-139661356</上年度預算數>
		<百分比2>0</百分比2>
		<前年度預算數>16557297</前年度預算數>
		<百分比3>0</百分比3>
		<本年度與上年度比較>48241219</本年度與上年度比較>
		<增加率>0</增加率>
	</Row>
</Root>