<?xml version="1.0" encoding="UTF-8" standalone="yes"?>
<Root xmlns:xsi="http://www.w3.org/2001/XMLSchema-instance">
	<Row>
		<款>  </款>
		<科目名稱>合                        計</科目名稱>
		<土地>6931039</土地>
		<房屋建築>13663913</房屋建築>
		<公共建設>60043334</公共建設>
		<機械設備>10234781</機械設備>
		<運輸設備>3338701</運輸設備>
		<資訊設備>7774297</資訊設備>
		<什項設備>4747725</什項設備>
		<權利>12190</權利>
		<投資>51002029</投資>
		<其它資本支出>109865976</其它資本支出>
		<合計>267613985</合計>
	</Row>
	<Row>
		<款>1</款>
		<科目名稱>總統府主管</科目名稱>
		<土地>-</土地>
		<房屋建築>815139</房屋建築>
		<公共建設>4000</公共建設>
		<機械設備>1120409</機械設備>
		<運輸設備>37964</運輸設備>
		<資訊設備>340068</資訊設備>
		<什項設備>461077</什項設備>
		<權利>-</權利>
		<投資>-</投資>
		<其它資本支出>-</其它資本支出>
		<合計>2778657</合計>
	</Row>
	<Row>
		<款>2</款>
		<科目名稱>行政院主管</科目名稱>
		<土地>135964</土地>
		<房屋建築>1104663</房屋建築>
		<公共建設>1755724</公共建設>
		<機械設備>52612</機械設備>
		<運輸設備>28780</運輸設備>
		<資訊設備>1225285</資訊設備>
		<什項設備>637829</什項設備>
		<權利>11940</權利>
		<投資>3700000</投資>
		<其它資本支出>4600218</其它資本支出>
		<合計>13253015</合計>
	</Row>
	<Row>
		<款>3</款>
		<科目名稱>立法院主管</科目名稱>
		<土地>-</土地>
		<房屋建築>6200</房屋建築>
		<公共建設>29500</公共建設>
		<機械設備>-</機械設備>
		<運輸設備>17440</運輸設備>
		<資訊設備>151499</資訊設備>
		<什項設備>96995</什項設備>
		<權利>-</權利>
		<投資>-</投資>
		<其它資本支出>-</其它資本支出>
		<合計>301634</合計>
	</Row>
	<Row>
		<款>4</款>
		<科目名稱>司法院主管</科目名稱>
		<土地>300000</土地>
		<房屋建築>478873</房屋建築>
		<公共建設>-</公共建設>
		<機械設備>10638</機械設備>
		<運輸設備>43640</運輸設備>
		<資訊設備>261997</資訊設備>
		<什項設備>107338</什項設備>
		<權利>-</權利>
		<投資>-</投資>
		<其它資本支出>310340</其它資本支出>
		<合計>1512826</合計>
	</Row>
	<Row>
		<款>5</款>
		<科目名稱>考試院主管</科目名稱>
		<土地>-</土地>
		<房屋建築>121418</房屋建築>
		<公共建設>-</公共建設>
		<機械設備>-</機械設備>
		<運輸設備>2400</運輸設備>
		<資訊設備>67216</資訊設備>
		<什項設備>16257</什項設備>
		<權利>-</權利>
		<投資>-</投資>
		<其它資本支出>-</其它資本支出>
		<合計>207291</合計>
	</Row>
	<Row>
		<款>6</款>
		<科目名稱>監察院主管</科目名稱>
		<土地>17870</土地>
		<房屋建築>41487</房屋建築>
		<公共建設>-</公共建設>
		<機械設備>1550</機械設備>
		<運輸設備>2460</運輸設備>
		<資訊設備>14078</資訊設備>
		<什項設備>23635</什項設備>
		<權利>-</權利>
		<投資>-</投資>
		<其它資本支出>-</其它資本支出>
		<合計>101080</合計>
	</Row>
	<Row>
		<款>7</款>
		<科目名稱>內政部主管</科目名稱>
		<土地>895000</土地>
		<房屋建築>1674966</房屋建築>
		<公共建設>10492417</公共建設>
		<機械設備>471995</機械設備>
		<運輸設備>1103298</運輸設備>
		<資訊設備>1165836</資訊設備>
		<什項設備>440262</什項設備>
		<權利>-</權利>
		<投資>101000</投資>
		<其它資本支出>11497425</其它資本支出>
		<合計>27842199</合計>
	</Row>
	<Row>
		<款>8</款>
		<科目名稱>外交部主管</科目名稱>
		<土地>-</土地>
		<房屋建築>114190</房屋建築>
		<公共建設>-</公共建設>
		<機械設備>12954</機械設備>
		<運輸設備>93950</運輸設備>
		<資訊設備>93370</資訊設備>
		<什項設備>62277</什項設備>
		<權利>-</權利>
		<投資>-</投資>
		<其它資本支出>76390</其它資本支出>
		<合計>453131</合計>
	</Row>
	<Row>
		<款>9</款>
		<科目名稱>國防部主管</科目名稱>
		<土地>677470</土地>
		<房屋建築>2309409</房屋建築>
		<公共建設>3678698</公共建設>
		<機械設備>6013816</機械設備>
		<運輸設備>363528</運輸設備>
		<資訊設備>2095490</資訊設備>
		<什項設備>1097767</什項設備>
		<權利>-</權利>
		<投資>-</投資>
		<其它資本支出>12245283</其它資本支出>
		<合計>28481461</合計>
	</Row>
	<Row>
		<款>10</款>
		<科目名稱>財政部主管</科目名稱>
		<土地>100</土地>
		<房屋建築>723944</房屋建築>
		<公共建設>-</公共建設>
		<機械設備>22569</機械設備>
		<運輸設備>11520</運輸設備>
		<資訊設備>327564</資訊設備>
		<什項設備>79588</什項設備>
		<權利>-</權利>
		<投資>-</投資>
		<其它資本支出>500</其它資本支出>
		<合計>1165785</合計>
	</Row>
	<Row>
		<款>11</款>
		<科目名稱>教育部主管</科目名稱>
		<土地>513715</土地>
		<房屋建築>2673991</房屋建築>
		<公共建設>336610</公共建設>
		<機械設備>408581</機械設備>
		<運輸設備>28352</運輸設備>
		<資訊設備>158158</資訊設備>
		<什項設備>800255</什項設備>
		<權利>-</權利>
		<投資>8186556</投資>
		<其它資本支出>9618549</其它資本支出>
		<合計>22724767</合計>
	</Row>
	<Row>
		<款>12</款>
		<科目名稱>法務部主管</科目名稱>
		<土地>20000</土地>
		<房屋建築>395018</房屋建築>
		<公共建設>-</公共建設>
		<機械設備>216587</機械設備>
		<運輸設備>136120</運輸設備>
		<資訊設備>193722</資訊設備>
		<什項設備>278476</什項設備>
		<權利>-</權利>
		<投資>-</投資>
		<其它資本支出>-</其它資本支出>
		<合計>1239923</合計>
	</Row>
	<Row>
		<款>13</款>
		<科目名稱>經濟部主管</科目名稱>
		<土地>3433920</土地>
		<房屋建築>405281</房屋建築>
		<公共建設>10870261</公共建設>
		<機械設備>156678</機械設備>
		<運輸設備>26980</運輸設備>
		<資訊設備>345564</資訊設備>
		<什項設備>86341</什項設備>
		<權利>-</權利>
		<投資>1937094</投資>
		<其它資本支出>6734372</其它資本支出>
		<合計>23996491</合計>
	</Row>
	<Row>
		<款>14</款>
		<科目名稱>交通部主管</科目名稱>
		<土地>342000</土地>
		<房屋建築>472085</房屋建築>
		<公共建設>28521144</公共建設>
		<機械設備>294185</機械設備>
		<運輸設備>67260</運輸設備>
		<資訊設備>221186</資訊設備>
		<什項設備>49986</什項設備>
		<權利>-</權利>
		<投資>5440820</投資>
		<其它資本支出>11163625</其它資本支出>
		<合計>46572291</合計>
	</Row>
	<Row>
		<款>15</款>
		<科目名稱>蒙藏委員會主管</科目名稱>
		<土地>-</土地>
		<房屋建築>1750</房屋建築>
		<公共建設>-</公共建設>
		<機械設備>-</機械設備>
		<運輸設備>1200</運輸設備>
		<資訊設備>1083</資訊設備>
		<什項設備>346</什項設備>
		<權利>-</權利>
		<投資>-</投資>
		<其它資本支出>-</其它資本支出>
		<合計>4379</合計>
	</Row>
	<Row>
		<款>16</款>
		<科目名稱>僑務委員會主管</科目名稱>
		<土地>-</土地>
		<房屋建築>-</房屋建築>
		<公共建設>-</公共建設>
		<機械設備>190</機械設備>
		<運輸設備>-</運輸設備>
		<資訊設備>6716</資訊設備>
		<什項設備>11762</什項設備>
		<權利>-</權利>
		<投資>-</投資>
		<其它資本支出>11913</其它資本支出>
		<合計>30581</合計>
	</Row>
	<Row>
		<款>17</款>
		<科目名稱>國軍退除役官兵輔導委員會主管</科目名稱>
		<土地>-</土地>
		<房屋建築>162376</房屋建築>
		<公共建設>30000</公共建設>
		<機械設備>10300</機械設備>
		<運輸設備>3400</運輸設備>
		<資訊設備>46430</資訊設備>
		<什項設備>52215</什項設備>
		<權利>-</權利>
		<投資>116523</投資>
		<其它資本支出>-</其它資本支出>
		<合計>421244</合計>
	</Row>
	<Row>
		<款>18</款>
		<科目名稱>國家科學委員會主管</科目名稱>
		<土地>-</土地>
		<房屋建築>273803</房屋建築>
		<公共建設>198208</公共建設>
		<機械設備>540</機械設備>
		<運輸設備>3536</運輸設備>
		<資訊設備>92610</資訊設備>
		<什項設備>17434</什項設備>
		<權利>-</權利>
		<投資>30463036</投資>
		<其它資本支出>3418927</其它資本支出>
		<合計>34468094</合計>
	</Row>
	<Row>
		<款>19</款>
		<科目名稱>原子能委員會主管</科目名稱>
		<土地>-</土地>
		<房屋建築>5680</房屋建築>
		<公共建設>-</公共建設>
		<機械設備>582644</機械設備>
		<運輸設備>850</運輸設備>
		<資訊設備>81827</資訊設備>
		<什項設備>57551</什項設備>
		<權利>-</權利>
		<投資>-</投資>
		<其它資本支出>437</其它資本支出>
		<合計>728989</合計>
	</Row>
	<Row>
		<款>20</款>
		<科目名稱>農業委員會主管</科目名稱>
		<土地>15000</土地>
		<房屋建築>1479831</房屋建築>
		<公共建設>4026772</公共建設>
		<機械設備>416639</機械設備>
		<運輸設備>212913</運輸設備>
		<資訊設備>286177</資訊設備>
		<什項設備>157907</什項設備>
		<權利>250</權利>
		<投資>557000</投資>
		<其它資本支出>7532154</其它資本支出>
		<合計>14684643</合計>
	</Row>
	<Row>
		<款>21</款>
		<科目名稱>勞工委員會主管</科目名稱>
		<土地>-</土地>
		<房屋建築>-</房屋建築>
		<公共建設>-</公共建設>
		<機械設備>17609</機械設備>
		<運輸設備>120</運輸設備>
		<資訊設備>35880</資訊設備>
		<什項設備>7690</什項設備>
		<權利>-</權利>
		<投資>-</投資>
		<其它資本支出>10000</其它資本支出>
		<合計>71299</合計>
	</Row>
	<Row>
		<款>22</款>
		<科目名稱>衛生署主管</科目名稱>
		<土地>580000</土地>
		<房屋建築>85805</房屋建築>
		<公共建設>-</公共建設>
		<機械設備>182797</機械設備>
		<運輸設備>3660</運輸設備>
		<資訊設備>449004</資訊設備>
		<什項設備>52010</什項設備>
		<權利>-</權利>
		<投資>500000</投資>
		<其它資本支出>838243</其它資本支出>
		<合計>2691519</合計>
	</Row>
	<Row>
		<款>23</款>
		<科目名稱>環境保護署主管</科目名稱>
		<土地>-</土地>
		<房屋建築>-</房屋建築>
		<公共建設>-</公共建設>
		<機械設備>59188</機械設備>
		<運輸設備>84030</運輸設備>
		<資訊設備>77036</資訊設備>
		<什項設備>77961</什項設備>
		<權利>-</權利>
		<投資>-</投資>
		<其它資本支出>3997600</其它資本支出>
		<合計>4295815</合計>
	</Row>
	<Row>
		<款>24</款>
		<科目名稱>海岸巡防署主管</科目名稱>
		<土地>-</土地>
		<房屋建築>316021</房屋建築>
		<公共建設>100000</公共建設>
		<機械設備>182300</機械設備>
		<運輸設備>1065300</運輸設備>
		<資訊設備>33132</資訊設備>
		<什項設備>68502</什項設備>
		<權利>-</權利>
		<投資>-</投資>
		<其它資本支出>-</其它資本支出>
		<合計>1765255</合計>
	</Row>
	<Row>
		<款>25</款>
		<科目名稱>省市地方政府</科目名稱>
		<土地>-</土地>
		<房屋建築>1983</房屋建築>
		<公共建設>-</公共建設>
		<機械設備>-</機械設備>
		<運輸設備>-</運輸設備>
		<資訊設備>3369</資訊設備>
		<什項設備>6264</什項設備>
		<權利>-</權利>
		<投資>-</投資>
		<其它資本支出>33810000</其它資本支出>
		<合計>33821616</合計>
	</Row>
	<Row>
		<款>26</款>
		<科目名稱>災害準備金</科目名稱>
		<土地>-</土地>
		<房屋建築>-</房屋建築>
		<公共建設>-</公共建設>
		<機械設備>-</機械設備>
		<運輸設備>-</運輸設備>
		<資訊設備>-</資訊設備>
		<什項設備>-</什項設備>
		<權利>-</權利>
		<投資>-</投資>
		<其它資本支出>1500000</其它資本支出>
		<合計>1500000</合計>
	</Row>
	<Row>
		<款>27</款>
		<科目名稱>第二預備金</科目名稱>
		<土地>-</土地>
		<房屋建築>-</房屋建築>
		<公共建設>-</公共建設>
		<機械設備>-</機械設備>
		<運輸設備>-</運輸設備>
		<資訊設備>-</資訊設備>
		<什項設備>-</什項設備>
		<權利>-</權利>
		<投資>-</投資>
		<其它資本支出>2500000</其它資本支出>
		<合計>2500000</合計>
	</Row>
</Root>