<?xml version="1.0" encoding="UTF-8" standalone="yes"?>
<Root xmlns:xsi="http://www.w3.org/2001/XMLSchema-instance">
	<Row>
		<款>  </款>
		<項>  </項>
		<目>  </目>
		<科目名稱>合          計</科目名稱>
		<本年度預算數>37775683</本年度預算數>
		<上年度預算數>38712293</上年度預算數>
		<前年度決算數>50539652</前年度決算數>
		<本年度與上年度比較>-936610</本年度與上年度比較>
	</Row>
	<Row>
		<款>  </款>
		<項>  </項>
		<目>  </目>
		<科目名稱>(1. 稅課及專賣收入)</科目名稱>
		<本年度預算數>-</本年度預算數>
		<上年度預算數>-</上年度預算數>
		<前年度決算數>-</前年度決算數>
		<本年度與上年度比較>-</本年度與上年度比較>
	</Row>
	<Row>
		<款>1</款>
		<項>  </項>
		<目>  </目>
		<科目名稱>稅課收入</科目名稱>
		<本年度預算數>-</本年度預算數>
		<上年度預算數>-</上年度預算數>
		<前年度決算數>-</前年度決算數>
		<本年度與上年度比較>-</本年度與上年度比較>
	</Row>
	<Row>
		<款>1</款>
		<項>  </項>
		<目>1</目>
		<科目名稱>所得稅</科目名稱>
		<本年度預算數>-</本年度預算數>
		<上年度預算數>-</上年度預算數>
		<前年度決算數>-</前年度決算數>
		<本年度與上年度比較>-</本年度與上年度比較>
	</Row>
	<Row>
		<款>1</款>
		<項>  </項>
		<目>2</目>
		<科目名稱>遺產及贈與稅</科目名稱>
		<本年度預算數>-</本年度預算數>
		<上年度預算數>-</上年度預算數>
		<前年度決算數>-</前年度決算數>
		<本年度與上年度比較>-</本年度與上年度比較>
	</Row>
	<Row>
		<款>1</款>
		<項>  </項>
		<目>3</目>
		<科目名稱>關稅</科目名稱>
		<本年度預算數>-</本年度預算數>
		<上年度預算數>-</上年度預算數>
		<前年度決算數>-</前年度決算數>
		<本年度與上年度比較>-</本年度與上年度比較>
	</Row>
	<Row>
		<款>1</款>
		<項>  </項>
		<目>4</目>
		<科目名稱>貨物稅</科目名稱>
		<本年度預算數>-</本年度預算數>
		<上年度預算數>-</上年度預算數>
		<前年度決算數>-</前年度決算數>
		<本年度與上年度比較>-</本年度與上年度比較>
	</Row>
	<Row>
		<款>1</款>
		<項>  </項>
		<目>5</目>
		<科目名稱>證券交易稅</科目名稱>
		<本年度預算數>-</本年度預算數>
		<上年度預算數>-</上年度預算數>
		<前年度決算數>-</前年度決算數>
		<本年度與上年度比較>-</本年度與上年度比較>
	</Row>
	<Row>
		<款>1</款>
		<項>  </項>
		<目>6</目>
		<科目名稱>礦區稅</科目名稱>
		<本年度預算數>-</本年度預算數>
		<上年度預算數>-</上年度預算數>
		<前年度決算數>-</前年度決算數>
		<本年度與上年度比較>-</本年度與上年度比較>
	</Row>
	<Row>
		<款>1</款>
		<項>  </項>
		<目>7</目>
		<科目名稱>期貨交易稅</科目名稱>
		<本年度預算數>-</本年度預算數>
		<上年度預算數>-</上年度預算數>
		<前年度決算數>-</前年度決算數>
		<本年度與上年度比較>-</本年度與上年度比較>
	</Row>
	<Row>
		<款>1</款>
		<項>  </項>
		<目>8</目>
		<科目名稱>菸酒稅</科目名稱>
		<本年度預算數>-</本年度預算數>
		<上年度預算數>-</上年度預算數>
		<前年度決算數>-</前年度決算數>
		<本年度與上年度比較>-</本年度與上年度比較>
	</Row>
	<Row>
		<款>1</款>
		<項>  </項>
		<目>9</目>
		<科目名稱>營業稅</科目名稱>
		<本年度預算數>-</本年度預算數>
		<上年度預算數>-</上年度預算數>
		<前年度決算數>-</前年度決算數>
		<本年度與上年度比較>-</本年度與上年度比較>
	</Row>
	<Row>
		<款>  </款>
		<項>  </項>
		<目>  </目>
		<科目名稱>(3. 規費及罰款收入)</科目名稱>
		<本年度預算數>-</本年度預算數>
		<上年度預算數>-</上年度預算數>
		<前年度決算數>-</前年度決算數>
		<本年度與上年度比較>-</本年度與上年度比較>
	</Row>
	<Row>
		<款>2</款>
		<項>  </項>
		<目>  </目>
		<科目名稱>罰款及賠償收入</科目名稱>
		<本年度預算數>-</本年度預算數>
		<上年度預算數>-</上年度預算數>
		<前年度決算數>-</前年度決算數>
		<本年度與上年度比較>-</本年度與上年度比較>
	</Row>
	<Row>
		<款>2</款>
		<項>  </項>
		<目>1</目>
		<科目名稱>罰金罰鍰及怠金</科目名稱>
		<本年度預算數>-</本年度預算數>
		<上年度預算數>-</上年度預算數>
		<前年度決算數>-</前年度決算數>
		<本年度與上年度比較>-</本年度與上年度比較>
	</Row>
	<Row>
		<款>2</款>
		<項>  </項>
		<目>2</目>
		<科目名稱>沒入及沒收財物</科目名稱>
		<本年度預算數>-</本年度預算數>
		<上年度預算數>-</上年度預算數>
		<前年度決算數>-</前年度決算數>
		<本年度與上年度比較>-</本年度與上年度比較>
	</Row>
	<Row>
		<款>2</款>
		<項>  </項>
		<目>3</目>
		<科目名稱>賠償收入</科目名稱>
		<本年度預算數>-</本年度預算數>
		<上年度預算數>-</上年度預算數>
		<前年度決算數>-</前年度決算數>
		<本年度與上年度比較>-</本年度與上年度比較>
	</Row>
	<Row>
		<款>3</款>
		<項>  </項>
		<目>  </目>
		<科目名稱>規費收入</科目名稱>
		<本年度預算數>-</本年度預算數>
		<上年度預算數>-</上年度預算數>
		<前年度決算數>-</前年度決算數>
		<本年度與上年度比較>-</本年度與上年度比較>
	</Row>
	<Row>
		<款>3</款>
		<項>  </項>
		<目>1</目>
		<科目名稱>行政規費收入</科目名稱>
		<本年度預算數>-</本年度預算數>
		<上年度預算數>-</上年度預算數>
		<前年度決算數>-</前年度決算數>
		<本年度與上年度比較>-</本年度與上年度比較>
	</Row>
	<Row>
		<款>3</款>
		<項>  </項>
		<目>2</目>
		<科目名稱>司法規費收入</科目名稱>
		<本年度預算數>-</本年度預算數>
		<上年度預算數>-</上年度預算數>
		<前年度決算數>-</前年度決算數>
		<本年度與上年度比較>-</本年度與上年度比較>
	</Row>
	<Row>
		<款>3</款>
		<項>  </項>
		<目>3</目>
		<科目名稱>使用規費收入</科目名稱>
		<本年度預算數>-</本年度預算數>
		<上年度預算數>-</上年度預算數>
		<前年度決算數>-</前年度決算數>
		<本年度與上年度比較>-</本年度與上年度比較>
	</Row>
	<Row>
		<款>  </款>
		<項>  </項>
		<目>  </目>
		<科目名稱>(4. 財產收入)</科目名稱>
		<本年度預算數>37775683</本年度預算數>
		<上年度預算數>38712293</上年度預算數>
		<前年度決算數>50539652</前年度決算數>
		<本年度與上年度比較>-936610</本年度與上年度比較>
	</Row>
	<Row>
		<款>4</款>
		<項>  </項>
		<目>  </目>
		<科目名稱>財產收入</科目名稱>
		<本年度預算數>37775683</本年度預算數>
		<上年度預算數>38712293</上年度預算數>
		<前年度決算數>50539652</前年度決算數>
		<本年度與上年度比較>-936610</本年度與上年度比較>
	</Row>
	<Row>
		<款>4</款>
		<項>  </項>
		<目>1</目>
		<科目名稱>財產孳息</科目名稱>
		<本年度預算數>-</本年度預算數>
		<上年度預算數>-</上年度預算數>
		<前年度決算數>-</前年度決算數>
		<本年度與上年度比較>-</本年度與上年度比較>
	</Row>
	<Row>
		<款>4</款>
		<項>  </項>
		<目>2</目>
		<科目名稱>財產售價</科目名稱>
		<本年度預算數>33752137</本年度預算數>
		<上年度預算數>34043770</上年度預算數>
		<前年度決算數>39082882</前年度決算數>
		<本年度與上年度比較>-291633</本年度與上年度比較>
	</Row>
	<Row>
		<款>4</款>
		<項>  </項>
		<目>3</目>
		<科目名稱>財產作價</科目名稱>
		<本年度預算數>1001892</本年度預算數>
		<上年度預算數>1951412</上年度預算數>
		<前年度決算數>2692306</前年度決算數>
		<本年度與上年度比較>-949520</本年度與上年度比較>
	</Row>
	<Row>
		<款>4</款>
		<項>  </項>
		<目>4</目>
		<科目名稱>投資收回</科目名稱>
		<本年度預算數>3021654</本年度預算數>
		<上年度預算數>2717111</上年度預算數>
		<前年度決算數>8764464</前年度決算數>
		<本年度與上年度比較>304543</本年度與上年度比較>
	</Row>
	<Row>
		<款>4</款>
		<項>  </項>
		<目>5</目>
		<科目名稱>廢舊物資售價</科目名稱>
		<本年度預算數>-</本年度預算數>
		<上年度預算數>-</上年度預算數>
		<前年度決算數>-</前年度決算數>
		<本年度與上年度比較>-</本年度與上年度比較>
	</Row>
	<Row>
		<款>  </款>
		<項>  </項>
		<目>  </目>
		<科目名稱>(2. 營業盈餘及事業收入)</科目名稱>
		<本年度預算數>-</本年度預算數>
		<上年度預算數>-</上年度預算數>
		<前年度決算數>-</前年度決算數>
		<本年度與上年度比較>-</本年度與上年度比較>
	</Row>
	<Row>
		<款>5</款>
		<項>  </項>
		<目>  </目>
		<科目名稱>營業盈餘及事業收入</科目名稱>
		<本年度預算數>-</本年度預算數>
		<上年度預算數>-</上年度預算數>
		<前年度決算數>-</前年度決算數>
		<本年度與上年度比較>-</本年度與上年度比較>
	</Row>
	<Row>
		<款>5</款>
		<項>  </項>
		<目>1</目>
		<科目名稱>營業基金盈餘繳庫</科目名稱>
		<本年度預算數>-</本年度預算數>
		<上年度預算數>-</上年度預算數>
		<前年度決算數>-</前年度決算數>
		<本年度與上年度比較>-</本年度與上年度比較>
	</Row>
	<Row>
		<款>5</款>
		<項>  </項>
		<目>2</目>
		<科目名稱>非營業特種基金賸餘繳庫</科目名稱>
		<本年度預算數>-</本年度預算數>
		<上年度預算數>-</上年度預算數>
		<前年度決算數>-</前年度決算數>
		<本年度與上年度比較>-</本年度與上年度比較>
	</Row>
	<Row>
		<款>5</款>
		<項>  </項>
		<目>3</目>
		<科目名稱>投資收益</科目名稱>
		<本年度預算數>-</本年度預算數>
		<上年度預算數>-</上年度預算數>
		<前年度決算數>-</前年度決算數>
		<本年度與上年度比較>-</本年度與上年度比較>
	</Row>
	<Row>
		<款>  </款>
		<項>  </項>
		<目>  </目>
		<科目名稱>(5. 其他收入)</科目名稱>
		<本年度預算數>-</本年度預算數>
		<上年度預算數>-</上年度預算數>
		<前年度決算數>-</前年度決算數>
		<本年度與上年度比較>-</本年度與上年度比較>
	</Row>
	<Row>
		<款>6</款>
		<項>  </項>
		<目>  </目>
		<科目名稱>捐獻及贈與收入</科目名稱>
		<本年度預算數>-</本年度預算數>
		<上年度預算數>-</上年度預算數>
		<前年度決算數>-</前年度決算數>
		<本年度與上年度比較>-</本年度與上年度比較>
	</Row>
	<Row>
		<款>6</款>
		<項>  </項>
		<目>1</目>
		<科目名稱>捐獻收入</科目名稱>
		<本年度預算數>-</本年度預算數>
		<上年度預算數>-</上年度預算數>
		<前年度決算數>-</前年度決算數>
		<本年度與上年度比較>-</本年度與上年度比較>
	</Row>
	<Row>
		<款>7</款>
		<項>  </項>
		<目>  </目>
		<科目名稱>其他收入</科目名稱>
		<本年度預算數>-</本年度預算數>
		<上年度預算數>-</上年度預算數>
		<前年度決算數>-</前年度決算數>
		<本年度與上年度比較>-</本年度與上年度比較>
	</Row>
	<Row>
		<款>7</款>
		<項>  </項>
		<目>1</目>
		<科目名稱>學雜費收入</科目名稱>
		<本年度預算數>-</本年度預算數>
		<上年度預算數>-</上年度預算數>
		<前年度決算數>-</前年度決算數>
		<本年度與上年度比較>-</本年度與上年度比較>
	</Row>
	<Row>
		<款>7</款>
		<項>  </項>
		<目>2</目>
		<科目名稱>雜項收入</科目名稱>
		<本年度預算數>-</本年度預算數>
		<上年度預算數>-</上年度預算數>
		<前年度決算數>-</前年度決算數>
		<本年度與上年度比較>-</本年度與上年度比較>
	</Row>
</Root>