<?xml version="1.0" encoding="UTF-8" standalone="yes"?>
<Root xmlns:xsi="http://www.w3.org/2001/XMLSchema-instance">
	<Row>
		<項目>一、歲入合計</項目>
		<本年度預算數>2237478</本年度預算數>
		<上年度預算數>2154103</上年度預算數>
		<比較>83375</比較>
	</Row>
	<Row>
		<項目>1.稅課及專賣收入</項目>
		<本年度預算數>1656077</本年度預算數>
		<上年度預算數>1571375</上年度預算數>
		<比較>84702</比較>
	</Row>
	<Row>
		<項目>2.營業盈餘及事業收入</項目>
		<本年度預算數>255473</本年度預算數>
		<上年度預算數>249138</上年度預算數>
		<比較>6335</比較>
	</Row>
	<Row>
		<項目>3.規費及罰鍰收入</項目>
		<本年度預算數>146379</本年度預算數>
		<上年度預算數>136480</上年度預算數>
		<比較>9899</比較>
	</Row>
	<Row>
		<項目>4.財產收入</項目>
		<本年度預算數>66450</本年度預算數>
		<上年度預算數>64772</上年度預算數>
		<比較>1678</比較>
	</Row>
	<Row>
		<項目>5.其他收入</項目>
		<本年度預算數>113099</本年度預算數>
		<上年度預算數>132338</上年度預算數>
		<比較>-19239</比較>
	</Row>
	<Row>
		<項目>二、歲出合計</項目>
		<本年度預算數>2487848</本年度預算數>
		<上年度預算數>2445583</上年度預算數>
		<比較>42265</比較>
	</Row>
	<Row>
		<項目>1.一般政務支出</項目>
		<本年度預算數>369910</本年度預算數>
		<上年度預算數>363660</上年度預算數>
		<比較>6250</比較>
	</Row>
	<Row>
		<項目>2.國防支出</項目>
		<本年度預算數>333043</本年度預算數>
		<上年度預算數>293003</上年度預算數>
		<比較>40040</比較>
	</Row>
	<Row>
		<項目>3.教育科學文化支出</項目>
		<本年度預算數>556075</本年度預算數>
		<上年度預算數>545705</上年度預算數>
		<比較>10370</比較>
	</Row>
	<Row>
		<項目>4.經濟發展支出</項目>
		<本年度預算數>370256</本年度預算數>
		<上年度預算數>391728</上年度預算數>
		<比較>-21472</比較>
	</Row>
	<Row>
		<項目>5.社會福利支出</項目>
		<本年度預算數>386029</本年度預算數>
		<上年度預算數>383578</上年度預算數>
		<比較>2451</比較>
	</Row>
	<Row>
		<項目>6.社區發展及環境保護支出</項目>
		<本年度預算數>67039</本年度預算數>
		<上年度預算數>68703</上年度預算數>
		<比較>-1664</比較>
	</Row>
	<Row>
		<項目>7.退休撫卹支出</項目>
		<本年度預算數>215840</本年度預算數>
		<上年度預算數>210491</上年度預算數>
		<比較>5349</比較>
	</Row>
	<Row>
		<項目>8.債務支出</項目>
		<本年度預算數>154006</本年度預算數>
		<上年度預算數>150501</上年度預算數>
		<比較>3505</比較>
	</Row>
	<Row>
		<項目>9.一般補助及其他支出</項目>
		<本年度預算數>35650</本年度預算數>
		<上年度預算數>38214</上年度預算數>
		<比較>-2564</比較>
	</Row>
	<Row>
		<項目>三、歲入歲出餘絀</項目>
		<本年度預算數>-250370</本年度預算數>
		<上年度預算數>-291480</上年度預算數>
		<比較>41110</比較>
	</Row>
</Root>