<?xml version="1.0" encoding="UTF-8" standalone="yes"?>
<Root xmlns:xsi="http://www.w3.org/2001/XMLSchema-instance">
	<Row>
		<款>  </款>
		<項>  </項>
		<目>  </目>
		<科目名稱>合          計</科目名稱>
		<本年度預算數>1556660633</本年度預算數>
		<上年度預算數>1449977558</上年度預算數>
		<前年度決算數>1495832769</前年度決算數>
		<本年度與上年度比較>106683075</本年度與上年度比較>
	</Row>
	<Row>
		<款>  </款>
		<項>  </項>
		<目>  </目>
		<科目名稱>(1. 稅課及專賣收入)</科目名稱>
		<本年度預算數>1203400000</本年度預算數>
		<上年度預算數>1112220000</上年度預算數>
		<前年度決算數>1094282130</前年度決算數>
		<本年度與上年度比較>91180000</本年度與上年度比較>
	</Row>
	<Row>
		<款>1</款>
		<項>  </項>
		<目>  </目>
		<科目名稱>稅課收入</科目名稱>
		<本年度預算數>1203400000</本年度預算數>
		<上年度預算數>1112220000</上年度預算數>
		<前年度決算數>1094282130</前年度決算數>
		<本年度與上年度比較>91180000</本年度與上年度比較>
	</Row>
	<Row>
		<款>1</款>
		<項>  </項>
		<目>1</目>
		<科目名稱>所得稅</科目名稱>
		<本年度預算數>650997000</本年度預算數>
		<上年度預算數>587905000</上年度預算數>
		<前年度決算數>581595974</前年度決算數>
		<本年度與上年度比較>63092000</本年度與上年度比較>
	</Row>
	<Row>
		<款>1</款>
		<項>  </項>
		<目>2</目>
		<科目名稱>遺產及贈與稅</科目名稱>
		<本年度預算數>5500000</本年度預算數>
		<上年度預算數>9327000</上年度預算數>
		<前年度決算數>9975313</前年度決算數>
		<本年度與上年度比較>-3827000</本年度與上年度比較>
	</Row>
	<Row>
		<款>1</款>
		<項>  </項>
		<目>3</目>
		<科目名稱>關稅</科目名稱>
		<本年度預算數>83500000</本年度預算數>
		<上年度預算數>87600000</上年度預算數>
		<前年度決算數>79566925</前年度決算數>
		<本年度與上年度比較>-4100000</本年度與上年度比較>
	</Row>
	<Row>
		<款>1</款>
		<項>  </項>
		<目>4</目>
		<科目名稱>貨物稅</科目名稱>
		<本年度預算數>136346000</本年度預算數>
		<上年度預算數>147600000</上年度預算數>
		<前年度決算數>143281330</前年度決算數>
		<本年度與上年度比較>-11254000</本年度與上年度比較>
	</Row>
	<Row>
		<款>1</款>
		<項>  </項>
		<目>5</目>
		<科目名稱>證券交易稅</科目名稱>
		<本年度預算數>121700000</本年度預算數>
		<上年度預算數>85120000</上年度預算數>
		<前年度決算數>89954386</前年度決算數>
		<本年度與上年度比較>36580000</本年度與上年度比較>
	</Row>
	<Row>
		<款>1</款>
		<項>  </項>
		<目>6</目>
		<科目名稱>礦區稅</科目名稱>
		<本年度預算數>-</本年度預算數>
		<上年度預算數>-</上年度預算數>
		<前年度決算數>158</前年度決算數>
		<本年度與上年度比較>-</本年度與上年度比較>
	</Row>
	<Row>
		<款>1</款>
		<項>  </項>
		<目>7</目>
		<科目名稱>期貨交易稅</科目名稱>
		<本年度預算數>4675000</本年度預算數>
		<上年度預算數>6768000</上年度預算數>
		<前年度決算數>4072486</前年度決算數>
		<本年度與上年度比較>-2093000</本年度與上年度比較>
	</Row>
	<Row>
		<款>1</款>
		<項>  </項>
		<目>8</目>
		<科目名稱>菸酒稅</科目名稱>
		<本年度預算數>42700000</本年度預算數>
		<上年度預算數>40800000</上年度預算數>
		<前年度決算數>40833596</前年度決算數>
		<本年度與上年度比較>1900000</本年度與上年度比較>
	</Row>
	<Row>
		<款>1</款>
		<項>  </項>
		<目>9</目>
		<科目名稱>營業稅</科目名稱>
		<本年度預算數>157982000</本年度預算數>
		<上年度預算數>147100000</上年度預算數>
		<前年度決算數>145001962</前年度決算數>
		<本年度與上年度比較>10882000</本年度與上年度比較>
	</Row>
	<Row>
		<款>  </款>
		<項>  </項>
		<目>  </目>
		<科目名稱>(3. 規費及罰款收入)</科目名稱>
		<本年度預算數>80742407</本年度預算數>
		<上年度預算數>80541824</上年度預算數>
		<前年度決算數>78964295</前年度決算數>
		<本年度與上年度比較>200583</本年度與上年度比較>
	</Row>
	<Row>
		<款>2</款>
		<項>  </項>
		<目>  </目>
		<科目名稱>罰款及賠償收入</科目名稱>
		<本年度預算數>21670647</本年度預算數>
		<上年度預算數>21380267</上年度預算數>
		<前年度決算數>21665693</前年度決算數>
		<本年度與上年度比較>290380</本年度與上年度比較>
	</Row>
	<Row>
		<款>2</款>
		<項>  </項>
		<目>1</目>
		<科目名稱>罰金罰鍰及怠金</科目名稱>
		<本年度預算數>20461186</本年度預算數>
		<上年度預算數>20150331</上年度預算數>
		<前年度決算數>19826543</前年度決算數>
		<本年度與上年度比較>310855</本年度與上年度比較>
	</Row>
	<Row>
		<款>2</款>
		<項>  </項>
		<目>2</目>
		<科目名稱>沒入及沒收財物</科目名稱>
		<本年度預算數>611579</本年度預算數>
		<上年度預算數>602620</上年度預算數>
		<前年度決算數>698685</前年度決算數>
		<本年度與上年度比較>8959</本年度與上年度比較>
	</Row>
	<Row>
		<款>2</款>
		<項>  </項>
		<目>3</目>
		<科目名稱>賠償收入</科目名稱>
		<本年度預算數>597882</本年度預算數>
		<上年度預算數>627316</上年度預算數>
		<前年度決算數>1140465</前年度決算數>
		<本年度與上年度比較>-29434</本年度與上年度比較>
	</Row>
	<Row>
		<款>3</款>
		<項>  </項>
		<目>  </目>
		<科目名稱>規費收入</科目名稱>
		<本年度預算數>59071760</本年度預算數>
		<上年度預算數>59161557</上年度預算數>
		<前年度決算數>57298603</前年度決算數>
		<本年度與上年度比較>-89797</本年度與上年度比較>
	</Row>
	<Row>
		<款>3</款>
		<項>  </項>
		<目>1</目>
		<科目名稱>行政規費收入</科目名稱>
		<本年度預算數>19866535</本年度預算數>
		<上年度預算數>19739858</上年度預算數>
		<前年度決算數>20117562</前年度決算數>
		<本年度與上年度比較>126677</本年度與上年度比較>
	</Row>
	<Row>
		<款>3</款>
		<項>  </項>
		<目>2</目>
		<科目名稱>司法規費收入</科目名稱>
		<本年度預算數>7908307</本年度預算數>
		<上年度預算數>7892357</上年度預算數>
		<前年度決算數>7395258</前年度決算數>
		<本年度與上年度比較>15950</本年度與上年度比較>
	</Row>
	<Row>
		<款>3</款>
		<項>  </項>
		<目>3</目>
		<科目名稱>使用規費收入</科目名稱>
		<本年度預算數>31296918</本年度預算數>
		<上年度預算數>31529342</上年度預算數>
		<前年度決算數>29785782</前年度決算數>
		<本年度與上年度比較>-232424</本年度與上年度比較>
	</Row>
	<Row>
		<款>  </款>
		<項>  </項>
		<目>  </目>
		<科目名稱>(4. 財產收入)</科目名稱>
		<本年度預算數>8297503</本年度預算數>
		<上年度預算數>8199508</上年度預算數>
		<前年度決算數>7998634</前年度決算數>
		<本年度與上年度比較>97995</本年度與上年度比較>
	</Row>
	<Row>
		<款>4</款>
		<項>  </項>
		<目>  </目>
		<科目名稱>財產收入</科目名稱>
		<本年度預算數>8297503</本年度預算數>
		<上年度預算數>8199508</上年度預算數>
		<前年度決算數>7998634</前年度決算數>
		<本年度與上年度比較>97995</本年度與上年度比較>
	</Row>
	<Row>
		<款>4</款>
		<項>  </項>
		<目>1</目>
		<科目名稱>財產孳息</科目名稱>
		<本年度預算數>8035281</本年度預算數>
		<上年度預算數>7945301</上年度預算數>
		<前年度決算數>7636155</前年度決算數>
		<本年度與上年度比較>89980</本年度與上年度比較>
	</Row>
	<Row>
		<款>4</款>
		<項>  </項>
		<目>2</目>
		<科目名稱>財產售價</科目名稱>
		<本年度預算數>-</本年度預算數>
		<上年度預算數>-</上年度預算數>
		<前年度決算數>-</前年度決算數>
		<本年度與上年度比較>-</本年度與上年度比較>
	</Row>
	<Row>
		<款>4</款>
		<項>  </項>
		<目>3</目>
		<科目名稱>財產作價</科目名稱>
		<本年度預算數>-</本年度預算數>
		<上年度預算數>-</上年度預算數>
		<前年度決算數>-</前年度決算數>
		<本年度與上年度比較>-</本年度與上年度比較>
	</Row>
	<Row>
		<款>4</款>
		<項>  </項>
		<目>4</目>
		<科目名稱>投資收回</科目名稱>
		<本年度預算數>-</本年度預算數>
		<上年度預算數>-</上年度預算數>
		<前年度決算數>-</前年度決算數>
		<本年度與上年度比較>-</本年度與上年度比較>
	</Row>
	<Row>
		<款>4</款>
		<項>  </項>
		<目>5</目>
		<科目名稱>廢舊物資售價</科目名稱>
		<本年度預算數>262222</本年度預算數>
		<上年度預算數>254207</上年度預算數>
		<前年度決算數>362479</前年度決算數>
		<本年度與上年度比較>8015</本年度與上年度比較>
	</Row>
	<Row>
		<款>  </款>
		<項>  </項>
		<目>  </目>
		<科目名稱>(2. 營業盈餘及事業收入)</科目名稱>
		<本年度預算數>244195329</本年度預算數>
		<上年度預算數>230014528</上年度預算數>
		<前年度決算數>289075508</前年度決算數>
		<本年度與上年度比較>14180801</本年度與上年度比較>
	</Row>
	<Row>
		<款>5</款>
		<項>  </項>
		<目>  </目>
		<科目名稱>營業盈餘及事業收入</科目名稱>
		<本年度預算數>244195329</本年度預算數>
		<上年度預算數>230014528</上年度預算數>
		<前年度決算數>289075508</前年度決算數>
		<本年度與上年度比較>14180801</本年度與上年度比較>
	</Row>
	<Row>
		<款>5</款>
		<項>  </項>
		<目>1</目>
		<科目名稱>營業基金盈餘繳庫</科目名稱>
		<本年度預算數>191395286</本年度預算數>
		<上年度預算數>179296666</上年度預算數>
		<前年度決算數>233632208</前年度決算數>
		<本年度與上年度比較>12098620</本年度與上年度比較>
	</Row>
	<Row>
		<款>5</款>
		<項>  </項>
		<目>2</目>
		<科目名稱>非營業特種基金賸餘繳庫</科目名稱>
		<本年度預算數>23271436</本年度預算數>
		<上年度預算數>20612849</上年度預算數>
		<前年度決算數>14762084</前年度決算數>
		<本年度與上年度比較>2658587</本年度與上年度比較>
	</Row>
	<Row>
		<款>5</款>
		<項>  </項>
		<目>3</目>
		<科目名稱>投資收益</科目名稱>
		<本年度預算數>29528607</本年度預算數>
		<上年度預算數>30105013</上年度預算數>
		<前年度決算數>40681216</前年度決算數>
		<本年度與上年度比較>-576406</本年度與上年度比較>
	</Row>
	<Row>
		<款>  </款>
		<項>  </項>
		<目>  </目>
		<科目名稱>(5. 其他收入)</科目名稱>
		<本年度預算數>20025394</本年度預算數>
		<上年度預算數>19001698</上年度預算數>
		<前年度決算數>25512202</前年度決算數>
		<本年度與上年度比較>1023696</本年度與上年度比較>
	</Row>
	<Row>
		<款>6</款>
		<項>  </項>
		<目>  </目>
		<科目名稱>捐獻及贈與收入</科目名稱>
		<本年度預算數>20</本年度預算數>
		<上年度預算數>10</上年度預算數>
		<前年度決算數>30033</前年度決算數>
		<本年度與上年度比較>10</本年度與上年度比較>
	</Row>
	<Row>
		<款>6</款>
		<項>  </項>
		<目>1</目>
		<科目名稱>捐獻收入</科目名稱>
		<本年度預算數>20</本年度預算數>
		<上年度預算數>10</上年度預算數>
		<前年度決算數>30033</前年度決算數>
		<本年度與上年度比較>10</本年度與上年度比較>
	</Row>
	<Row>
		<款>7</款>
		<項>  </項>
		<目>  </目>
		<科目名稱>其他收入</科目名稱>
		<本年度預算數>20025374</本年度預算數>
		<上年度預算數>19001688</上年度預算數>
		<前年度決算數>25482169</前年度決算數>
		<本年度與上年度比較>1023686</本年度與上年度比較>
	</Row>
	<Row>
		<款>7</款>
		<項>  </項>
		<目>1</目>
		<科目名稱>學雜費收入</科目名稱>
		<本年度預算數>3544243</本年度預算數>
		<上年度預算數>4243518</上年度預算數>
		<前年度決算數>3887679</前年度決算數>
		<本年度與上年度比較>-699275</本年度與上年度比較>
	</Row>
	<Row>
		<款>7</款>
		<項>  </項>
		<目>2</目>
		<科目名稱>雜項收入</科目名稱>
		<本年度預算數>16481131</本年度預算數>
		<上年度預算數>14758170</上年度預算數>
		<前年度決算數>21594490</前年度決算數>
		<本年度與上年度比較>1722961</本年度與上年度比較>
	</Row>
</Root>