<?xml version="1.0" encoding="UTF-8" standalone="yes"?>
<Root xmlns:xsi="http://www.w3.org/2001/XMLSchema-instance">
	<Row>
		<科目名稱>合      計</科目名稱>
		<本年度預算數>1418242468</本年度預算數>
		<上年度預算數>1348850227</上年度預算數>
		<前年度決算數>1251539041</前年度決算數>
		<本年度與上年度比較>69392241</本年度與上年度比較>
		<款>  </款>
	</Row>
	<Row>
		<科目名稱>總統府主管</科目名稱>
		<本年度預算數>9369398</本年度預算數>
		<上年度預算數>8804804</上年度預算數>
		<前年度決算數>7860828</前年度決算數>
		<本年度與上年度比較>564594</本年度與上年度比較>
		<款>1</款>
	</Row>
	<Row>
		<科目名稱>行政院主管</科目名稱>
		<本年度預算數>28282509</本年度預算數>
		<上年度預算數>26948369</上年度預算數>
		<前年度決算數>25354690</前年度決算數>
		<本年度與上年度比較>1334140</本年度與上年度比較>
		<款>2</款>
	</Row>
	<Row>
		<科目名稱>立法院主管</科目名稱>
		<本年度預算數>3311552</本年度預算數>
		<上年度預算數>4153077</上年度預算數>
		<前年度決算數>3952074</前年度決算數>
		<本年度與上年度比較>-841525</本年度與上年度比較>
		<款>3</款>
	</Row>
	<Row>
		<科目名稱>司法院主管</科目名稱>
		<本年度預算數>16749701</本年度預算數>
		<上年度預算數>15408363</上年度預算數>
		<前年度決算數>14148959</前年度決算數>
		<本年度與上年度比較>1341338</本年度與上年度比較>
		<款>4</款>
	</Row>
	<Row>
		<科目名稱>考試院主管</科目名稱>
		<本年度預算數>20374203</本年度預算數>
		<上年度預算數>18850151</上年度預算數>
		<前年度決算數>18023264</前年度決算數>
		<本年度與上年度比較>1524052</本年度與上年度比較>
		<款>5</款>
	</Row>
	<Row>
		<科目名稱>監察院主管</科目名稱>
		<本年度預算數>1929621</本年度預算數>
		<上年度預算數>1939933</上年度預算數>
		<前年度決算數>1761197</前年度決算數>
		<本年度與上年度比較>-10312</本年度與上年度比較>
		<款>6</款>
	</Row>
	<Row>
		<科目名稱>內政部主管</科目名稱>
		<本年度預算數>116356980</本年度預算數>
		<上年度預算數>108928595</上年度預算數>
		<前年度決算數>103885640</前年度決算數>
		<本年度與上年度比較>7428385</本年度與上年度比較>
		<款>7</款>
	</Row>
	<Row>
		<科目名稱>外交部主管</科目名稱>
		<本年度預算數>31056667</本年度預算數>
		<上年度預算數>28290180</上年度預算數>
		<前年度決算數>27391896</前年度決算數>
		<本年度與上年度比較>2766487</本年度與上年度比較>
		<款>8</款>
	</Row>
	<Row>
		<科目名稱>國防部主管</科目名稱>
		<本年度預算數>312971402</本年度預算數>
		<上年度預算數>278147591</上年度預算數>
		<前年度決算數>234715000</前年度決算數>
		<本年度與上年度比較>34823811</本年度與上年度比較>
		<款>9</款>
	</Row>
	<Row>
		<科目名稱>財政部主管</科目名稱>
		<本年度預算數>190750069</本年度預算數>
		<上年度預算數>198292480</上年度預算數>
		<前年度決算數>188322647</前年度決算數>
		<本年度與上年度比較>-7542411</本年度與上年度比較>
		<款>10</款>
	</Row>
	<Row>
		<科目名稱>教育部主管</科目名稱>
		<本年度預算數>129965141</本年度預算數>
		<上年度預算數>124837359</上年度預算數>
		<前年度決算數>120677175</前年度決算數>
		<本年度與上年度比較>5127782</本年度與上年度比較>
		<款>11</款>
	</Row>
	<Row>
		<科目名稱>法務部主管</科目名稱>
		<本年度預算數>25108041</本年度預算數>
		<上年度預算數>24406383</上年度預算數>
		<前年度決算數>23248731</前年度決算數>
		<本年度與上年度比較>701658</本年度與上年度比較>
		<款>12</款>
	</Row>
	<Row>
		<科目名稱>經濟部主管</科目名稱>
		<本年度預算數>38107067</本年度預算數>
		<上年度預算數>36719314</上年度預算數>
		<前年度決算數>36051577</前年度決算數>
		<本年度與上年度比較>1387753</本年度與上年度比較>
		<款>13</款>
	</Row>
	<Row>
		<科目名稱>交通部主管</科目名稱>
		<本年度預算數>14020488</本年度預算數>
		<上年度預算數>14402429</上年度預算數>
		<前年度決算數>11627632</前年度決算數>
		<本年度與上年度比較>-381941</本年度與上年度比較>
		<款>14</款>
	</Row>
	<Row>
		<科目名稱>蒙藏委員會主管</科目名稱>
		<本年度預算數>143797</本年度預算數>
		<上年度預算數>146932</上年度預算數>
		<前年度決算數>150654</前年度決算數>
		<本年度與上年度比較>-3135</本年度與上年度比較>
		<款>15</款>
	</Row>
	<Row>
		<科目名稱>僑務委員會主管</科目名稱>
		<本年度預算數>1316245</本年度預算數>
		<上年度預算數>1338791</上年度預算數>
		<前年度決算數>1330060</前年度決算數>
		<本年度與上年度比較>-22546</本年度與上年度比較>
		<款>16</款>
	</Row>
	<Row>
		<科目名稱>國軍退除役官兵輔導委員會主管</科目名稱>
		<本年度預算數>134946740</本年度預算數>
		<上年度預算數>135252257</上年度預算數>
		<前年度決算數>139644403</前年度決算數>
		<本年度與上年度比較>-305517</本年度與上年度比較>
		<款>17</款>
	</Row>
	<Row>
		<科目名稱>國家科學委員會主管</科目名稱>
		<本年度預算數>6912666</本年度預算數>
		<上年度預算數>6530974</上年度預算數>
		<前年度決算數>6700015</前年度決算數>
		<本年度與上年度比較>381692</本年度與上年度比較>
		<款>18</款>
	</Row>
	<Row>
		<科目名稱>原子能委員會主管</科目名稱>
		<本年度預算數>2460636</本年度預算數>
		<上年度預算數>2429978</上年度預算數>
		<前年度決算數>2350293</前年度決算數>
		<本年度與上年度比較>30658</本年度與上年度比較>
		<款>19</款>
	</Row>
	<Row>
		<科目名稱>農業委員會主管</科目名稱>
		<本年度預算數>85542982</本年度預算數>
		<上年度預算數>75688148</上年度預算數>
		<前年度決算數>62495206</前年度決算數>
		<本年度與上年度比較>9854834</本年度與上年度比較>
		<款>20</款>
	</Row>
	<Row>
		<科目名稱>勞工委員會主管</科目名稱>
		<本年度預算數>54592238</本年度預算數>
		<上年度預算數>54039228</上年度預算數>
		<前年度決算數>54460093</前年度決算數>
		<本年度與上年度比較>553010</本年度與上年度比較>
		<款>21</款>
	</Row>
	<Row>
		<科目名稱>衛生署主管</科目名稱>
		<本年度預算數>49724061</本年度預算數>
		<上年度預算數>49138235</上年度預算數>
		<前年度決算數>44583779</前年度決算數>
		<本年度與上年度比較>585826</本年度與上年度比較>
		<款>22</款>
	</Row>
	<Row>
		<科目名稱>環境保護署主管</科目名稱>
		<本年度預算數>3939038</本年度預算數>
		<上年度預算數>4319895</上年度預算數>
		<前年度決算數>3874281</前年度決算數>
		<本年度與上年度比較>-380857</本年度與上年度比較>
		<款>23</款>
	</Row>
	<Row>
		<科目名稱>海岸巡防署主管</科目名稱>
		<本年度預算數>10581039</本年度預算數>
		<上年度預算數>10781356</上年度預算數>
		<前年度決算數>10634537</前年度決算數>
		<本年度與上年度比較>-200317</本年度與上年度比較>
		<款>24</款>
	</Row>
	<Row>
		<科目名稱>省市地方政府</科目名稱>
		<本年度預算數>123730187</本年度預算數>
		<上年度預算數>113055405</上年度預算數>
		<前年度決算數>108294409</前年度決算數>
		<本年度與上年度比較>10674782</本年度與上年度比較>
		<款>25</款>
	</Row>
	<Row>
		<科目名稱>災害準備金</科目名稱>
		<本年度預算數>500000</本年度預算數>
		<上年度預算數>500000</上年度預算數>
		<前年度決算數>-</前年度決算數>
		<本年度與上年度比較>-</本年度與上年度比較>
		<款>26</款>
	</Row>
	<Row>
		<科目名稱>第二預備金</科目名稱>
		<本年度預算數>5500000</本年度預算數>
		<上年度預算數>5500000</上年度預算數>
		<前年度決算數>-</前年度決算數>
		<本年度與上年度比較>-</本年度與上年度比較>
		<款>27</款>
	</Row>
</Root>