<?xml version="1.0" encoding="UTF-8" standalone="yes"?>
<Root xmlns:xsi="http://www.w3.org/2001/XMLSchema-instance">
	<Row>
		<款>  </款>
		<科目名稱>合          計</科目名稱>
		<本年度預算數>267613985</本年度預算數>
		<上年度預算數>279500980</上年度預算數>
		<前年度決算數>278276084</前年度決算數>
		<本年度與上年度比較>-11886995</本年度與上年度比較>
	</Row>
	<Row>
		<款>  </款>
		<科目名稱>(1. 一般政務支出)</科目名稱>
		<本年度預算數>15476673</本年度預算數>
		<上年度預算數>15461911</上年度預算數>
		<前年度決算數>17288971</前年度決算數>
		<本年度與上年度比較>14762</本年度與上年度比較>
	</Row>
	<Row>
		<款>1</款>
		<科目名稱>國務支出</科目名稱>
		<本年度預算數>171008</本年度預算數>
		<上年度預算數>224440</上年度預算數>
		<前年度決算數>114211</前年度決算數>
		<本年度與上年度比較>-53432</本年度與上年度比較>
	</Row>
	<Row>
		<款>2</款>
		<科目名稱>行政支出</科目名稱>
		<本年度預算數>1112978</本年度預算數>
		<上年度預算數>806978</上年度預算數>
		<前年度決算數>1004025</前年度決算數>
		<本年度與上年度比較>306000</本年度與上年度比較>
	</Row>
	<Row>
		<款>3</款>
		<科目名稱>立法支出</科目名稱>
		<本年度預算數>301634</本年度預算數>
		<上年度預算數>193497</上年度預算數>
		<前年度決算數>402456</前年度決算數>
		<本年度與上年度比較>108137</本年度與上年度比較>
	</Row>
	<Row>
		<款>4</款>
		<科目名稱>司法支出</科目名稱>
		<本年度預算數>2396289</本年度預算數>
		<上年度預算數>2709132</上年度預算數>
		<前年度決算數>3100452</前年度決算數>
		<本年度與上年度比較>-312843</本年度與上年度比較>
	</Row>
	<Row>
		<款>5</款>
		<科目名稱>考試支出</科目名稱>
		<本年度預算數>201931</本年度預算數>
		<上年度預算數>281597</上年度預算數>
		<前年度決算數>104532</前年度決算數>
		<本年度與上年度比較>-79666</本年度與上年度比較>
	</Row>
	<Row>
		<款>6</款>
		<科目名稱>監察支出</科目名稱>
		<本年度預算數>101080</本年度預算數>
		<上年度預算數>443014</上年度預算數>
		<前年度決算數>313411</前年度決算數>
		<本年度與上年度比較>-341934</本年度與上年度比較>
	</Row>
	<Row>
		<款>7</款>
		<科目名稱>民政支出</科目名稱>
		<本年度預算數>9541120</本年度預算數>
		<上年度預算數>8723447</上年度預算數>
		<前年度決算數>10039671</前年度決算數>
		<本年度與上年度比較>817673</本年度與上年度比較>
	</Row>
	<Row>
		<款>8</款>
		<科目名稱>外交支出</科目名稱>
		<本年度預算數>456424</本年度預算數>
		<上年度預算數>376193</上年度預算數>
		<前年度決算數>367237</前年度決算數>
		<本年度與上年度比較>80231</本年度與上年度比較>
	</Row>
	<Row>
		<款>9</款>
		<科目名稱>財務支出</科目名稱>
		<本年度預算數>1170443</本年度預算數>
		<上年度預算數>1601158</上年度預算數>
		<前年度決算數>1780069</前年度決算數>
		<本年度與上年度比較>-430715</本年度與上年度比較>
	</Row>
	<Row>
		<款>10</款>
		<科目名稱>邊政支出</科目名稱>
		<本年度預算數>2479</本年度預算數>
		<上年度預算數>1446</上年度預算數>
		<前年度決算數>1741</前年度決算數>
		<本年度與上年度比較>1033</本年度與上年度比較>
	</Row>
	<Row>
		<款>11</款>
		<科目名稱>僑務支出</科目名稱>
		<本年度預算數>21287</本年度預算數>
		<上年度預算數>101009</上年度預算數>
		<前年度決算數>61165</前年度決算數>
		<本年度與上年度比較>-79722</本年度與上年度比較>
	</Row>
	<Row>
		<款>  </款>
		<科目名稱>(2. 國防支出)</科目名稱>
		<本年度預算數>28475852</本年度預算數>
		<上年度預算數>26760768</上年度預算數>
		<前年度決算數>14011203</前年度決算數>
		<本年度與上年度比較>1715084</本年度與上年度比較>
	</Row>
	<Row>
		<款>12</款>
		<科目名稱>國防支出</科目名稱>
		<本年度預算數>28475852</本年度預算數>
		<上年度預算數>26760768</上年度預算數>
		<前年度決算數>14011203</前年度決算數>
		<本年度與上年度比較>1715084</本年度與上年度比較>
	</Row>
	<Row>
		<款>  </款>
		<科目名稱>(3. 教育科學文化支出)</科目名稱>
		<本年度預算數>78083224</本年度預算數>
		<上年度預算數>80253237</上年度預算數>
		<前年度決算數>74283357</前年度決算數>
		<本年度與上年度比較>-2170013</本年度與上年度比較>
	</Row>
	<Row>
		<款>13</款>
		<科目名稱>教育支出</科目名稱>
		<本年度預算數>30231417</本年度預算數>
		<上年度預算數>31607191</上年度預算數>
		<前年度決算數>29501637</前年度決算數>
		<本年度與上年度比較>-1375774</本年度與上年度比較>
	</Row>
	<Row>
		<款>14</款>
		<科目名稱>科學支出</科目名稱>
		<本年度預算數>39801496</本年度預算數>
		<上年度預算數>41897861</上年度預算數>
		<前年度決算數>38725171</前年度決算數>
		<本年度與上年度比較>-2096365</本年度與上年度比較>
	</Row>
	<Row>
		<款>15</款>
		<科目名稱>文化支出</科目名稱>
		<本年度預算數>8050311</本年度預算數>
		<上年度預算數>6748185</上年度預算數>
		<前年度決算數>6056548</前年度決算數>
		<本年度與上年度比較>1302126</本年度與上年度比較>
	</Row>
	<Row>
		<款>  </款>
		<科目名稱>(4. 經濟發展支出)</科目名稱>
		<本年度預算數>129069360</本年度預算數>
		<上年度預算數>131619427</上年度預算數>
		<前年度決算數>148577123</前年度決算數>
		<本年度與上年度比較>-2550067</本年度與上年度比較>
	</Row>
	<Row>
		<款>16</款>
		<科目名稱>農業支出</科目名稱>
		<本年度預算數>33224664</本年度預算數>
		<上年度預算數>31277014</上年度預算數>
		<前年度決算數>47291943</前年度決算數>
		<本年度與上年度比較>1947650</本年度與上年度比較>
	</Row>
	<Row>
		<款>17</款>
		<科目名稱>工業支出</科目名稱>
		<本年度預算數>1918692</本年度預算數>
		<上年度預算數>3227045</上年度預算數>
		<前年度決算數>3461356</前年度決算數>
		<本年度與上年度比較>-1308353</本年度與上年度比較>
	</Row>
	<Row>
		<款>18</款>
		<科目名稱>交通支出</科目名稱>
		<本年度預算數>61937883</本年度預算數>
		<上年度預算數>66029868</上年度預算數>
		<前年度決算數>66592758</前年度決算數>
		<本年度與上年度比較>-4091985</本年度與上年度比較>
	</Row>
	<Row>
		<款>19</款>
		<科目名稱>其他經濟服務支出</科目名稱>
		<本年度預算數>31988121</本年度預算數>
		<上年度預算數>31085500</上年度預算數>
		<前年度決算數>31231066</前年度決算數>
		<本年度與上年度比較>902621</本年度與上年度比較>
	</Row>
	<Row>
		<款>  </款>
		<科目名稱>(5. 社會福利支出)</科目名稱>
		<本年度預算數>3406131</本年度預算數>
		<上年度預算數>3663513</上年度預算數>
		<前年度決算數>4673059</前年度決算數>
		<本年度與上年度比較>-257382</本年度與上年度比較>
	</Row>
	<Row>
		<款>20</款>
		<科目名稱>社會保險支出</科目名稱>
		<本年度預算數>23126</本年度預算數>
		<上年度預算數>21730</上年度預算數>
		<前年度決算數>5087</前年度決算數>
		<本年度與上年度比較>1396</本年度與上年度比較>
	</Row>
	<Row>
		<款>21</款>
		<科目名稱>社會救助支出</科目名稱>
		<本年度預算數>9090</本年度預算數>
		<上年度預算數>5090</上年度預算數>
		<前年度決算數>2579</前年度決算數>
		<本年度與上年度比較>4000</本年度與上年度比較>
	</Row>
	<Row>
		<款>22</款>
		<科目名稱>福利服務支出</科目名稱>
		<本年度預算數>1089990</本年度預算數>
		<上年度預算數>2118431</上年度預算數>
		<前年度決算數>2887838</前年度決算數>
		<本年度與上年度比較>-1028441</本年度與上年度比較>
	</Row>
	<Row>
		<款>23</款>
		<科目名稱>國民就業支出</科目名稱>
		<本年度預算數>15553</本年度預算數>
		<上年度預算數>16319</上年度預算數>
		<前年度決算數>17443</前年度決算數>
		<本年度與上年度比較>-766</本年度與上年度比較>
	</Row>
	<Row>
		<款>24</款>
		<科目名稱>醫療保健支出</科目名稱>
		<本年度預算數>2268372</本年度預算數>
		<上年度預算數>1501943</上年度預算數>
		<前年度決算數>1760111</前年度決算數>
		<本年度與上年度比較>766429</本年度與上年度比較>
	</Row>
	<Row>
		<款>  </款>
		<科目名稱>(6. 社區發展及環境保護支出)</科目名稱>
		<本年度預算數>8596885</本年度預算數>
		<上年度預算數>11525005</上年度預算數>
		<前年度決算數>12784346</前年度決算數>
		<本年度與上年度比較>-2928120</本年度與上年度比較>
	</Row>
	<Row>
		<款>25</款>
		<科目名稱>環境保護支出</科目名稱>
		<本年度預算數>8496885</本年度預算數>
		<上年度預算數>7473382</上年度預算數>
		<前年度決算數>8732723</前年度決算數>
		<本年度與上年度比較>1023503</本年度與上年度比較>
	</Row>
	<Row>
		<款>26</款>
		<科目名稱>社區發展支出</科目名稱>
		<本年度預算數>100000</本年度預算數>
		<上年度預算數>4051623</上年度預算數>
		<前年度決算數>4051623</前年度決算數>
		<本年度與上年度比較>-3951623</本年度與上年度比較>
	</Row>
	<Row>
		<款>  </款>
		<科目名稱>(7. 退休撫卹支出)</科目名稱>
		<本年度預算數>5860</本年度預算數>
		<上年度預算數>6213</上年度預算數>
		<前年度決算數>5797</前年度決算數>
		<本年度與上年度比較>-353</本年度與上年度比較>
	</Row>
	<Row>
		<款>27</款>
		<科目名稱>退休撫卹給付支出</科目名稱>
		<本年度預算數>-</本年度預算數>
		<上年度預算數>-</上年度預算數>
		<前年度決算數>-</前年度決算數>
		<本年度與上年度比較>-</本年度與上年度比較>
	</Row>
	<Row>
		<款>28</款>
		<科目名稱>退休撫卹業務支出</科目名稱>
		<本年度預算數>5860</本年度預算數>
		<上年度預算數>6213</上年度預算數>
		<前年度決算數>5797</前年度決算數>
		<本年度與上年度比較>-353</本年度與上年度比較>
	</Row>
	<Row>
		<款>  </款>
		<科目名稱>(8. 債務支出)</科目名稱>
		<本年度預算數>-</本年度預算數>
		<上年度預算數>-</上年度預算數>
		<前年度決算數>-</前年度決算數>
		<本年度與上年度比較>-</本年度與上年度比較>
	</Row>
	<Row>
		<款>29</款>
		<科目名稱>債務付息支出</科目名稱>
		<本年度預算數>-</本年度預算數>
		<上年度預算數>-</上年度預算數>
		<前年度決算數>-</前年度決算數>
		<本年度與上年度比較>-</本年度與上年度比較>
	</Row>
	<Row>
		<款>30</款>
		<科目名稱>還本付息事務支出</科目名稱>
		<本年度預算數>-</本年度預算數>
		<上年度預算數>-</上年度預算數>
		<前年度決算數>-</前年度決算數>
		<本年度與上年度比較>-</本年度與上年度比較>
	</Row>
	<Row>
		<款>  </款>
		<科目名稱>(9. 一般補助及其他支出)</科目名稱>
		<本年度預算數>4500000</本年度預算數>
		<上年度預算數>10210906</上年度預算數>
		<前年度決算數>6652228</前年度決算數>
		<本年度與上年度比較>-5710906</本年度與上年度比較>
	</Row>
	<Row>
		<款>31</款>
		<科目名稱>專案補助支出</科目名稱>
		<本年度預算數>500000</本年度預算數>
		<上年度預算數>6210906</上年度預算數>
		<前年度決算數>5952228</前年度決算數>
		<本年度與上年度比較>-5710906</本年度與上年度比較>
	</Row>
	<Row>
		<款>32</款>
		<科目名稱>其他支出</科目名稱>
		<本年度預算數>1500000</本年度預算數>
		<上年度預算數>1500000</上年度預算數>
		<前年度決算數>700000</前年度決算數>
		<本年度與上年度比較>0</本年度與上年度比較>
	</Row>
	<Row>
		<款>33</款>
		<科目名稱>第二預備金</科目名稱>
		<本年度預算數>2500000</本年度預算數>
		<上年度預算數>2500000</上年度預算數>
		<前年度決算數>-</前年度決算數>
		<本年度與上年度比較>0</本年度與上年度比較>
	</Row>
</Root>