<?xml version="1.0" encoding="UTF-8" standalone="yes"?>
<Root xmlns:xsi="http://www.w3.org/2001/XMLSchema-instance">
	<Row>
		<款>  </款>
		<科目名稱>合              計</科目名稱>
		<職員>108965</職員>
		<警察>10665</警察>
		<法警>1751</法警>
		<駐警>892</駐警>
		<工友>6958</工友>
		<技工>7104</技工>
		<駕駛>3328</駕駛>
		<聘用>4394</聘用>
		<約僱>5256</約僱>
		<駐外雇員>729</駐外雇員>
		<合計>150042</合計>
	</Row>
	<Row>
		<款>1</款>
		<科目名稱>總統府主管</科目名稱>
		<職員>2049</職員>
		<警察>-</警察>
		<法警>-</法警>
		<駐警>28</駐警>
		<工友>141</工友>
		<技工>96</技工>
		<駕駛>84</駕駛>
		<聘用>90</聘用>
		<約僱>18</約僱>
		<駐外雇員>-</駐外雇員>
		<合計>2506</合計>
	</Row>
	<Row>
		<款>2</款>
		<科目名稱>行政院主管</科目名稱>
		<職員>5515</職員>
		<警察>-</警察>
		<法警>-</法警>
		<駐警>85</駐警>
		<工友>412</工友>
		<技工>253</技工>
		<駕駛>262</駕駛>
		<聘用>433</聘用>
		<約僱>380</約僱>
		<駐外雇員>17</駐外雇員>
		<合計>7357</合計>
	</Row>
	<Row>
		<款>3</款>
		<科目名稱>立法院主管</科目名稱>
		<職員>542</職員>
		<警察>-</警察>
		<法警>-</法警>
		<駐警>31</駐警>
		<工友>97</工友>
		<技工>227</技工>
		<駕駛>69</駕駛>
		<聘用>82</聘用>
		<約僱>28</約僱>
		<駐外雇員>-</駐外雇員>
		<合計>1076</合計>
	</Row>
	<Row>
		<款>4</款>
		<科目名稱>司法院主管</科目名稱>
		<職員>8195</職員>
		<警察>-</警察>
		<法警>1135</法警>
		<駐警>9</駐警>
		<工友>452</工友>
		<技工>82</技工>
		<駕駛>568</駕駛>
		<聘用>1559</聘用>
		<約僱>68</約僱>
		<駐外雇員>-</駐外雇員>
		<合計>12068</合計>
	</Row>
	<Row>
		<款>5</款>
		<科目名稱>考試院主管</科目名稱>
		<職員>859</職員>
		<警察>-</警察>
		<法警>-</法警>
		<駐警>33</駐警>
		<工友>72</工友>
		<技工>26</技工>
		<駕駛>54</駕駛>
		<聘用>16</聘用>
		<約僱>22</約僱>
		<駐外雇員>-</駐外雇員>
		<合計>1082</合計>
	</Row>
	<Row>
		<款>6</款>
		<科目名稱>監察院主管</科目名稱>
		<職員>1168</職員>
		<警察>-</警察>
		<法警>-</法警>
		<駐警>27</駐警>
		<工友>108</工友>
		<技工>58</技工>
		<駕駛>76</駕駛>
		<聘用>69</聘用>
		<約僱>14</約僱>
		<駐外雇員>-</駐外雇員>
		<合計>1520</合計>
	</Row>
	<Row>
		<款>7</款>
		<科目名稱>內政部主管</科目名稱>
		<職員>7129</職員>
		<警察>10658</警察>
		<法警>-</法警>
		<駐警>12</駐警>
		<工友>999</工友>
		<技工>711</技工>
		<駕駛>330</駕駛>
		<聘用>456</聘用>
		<約僱>745</約僱>
		<駐外雇員>-</駐外雇員>
		<合計>21040</合計>
	</Row>
	<Row>
		<款>8</款>
		<科目名稱>外交部主管</科目名稱>
		<職員>1962</職員>
		<警察>-</警察>
		<法警>-</法警>
		<駐警>21</駐警>
		<工友>40</工友>
		<技工>12</技工>
		<駕駛>59</駕駛>
		<聘用>80</聘用>
		<約僱>95</約僱>
		<駐外雇員>712</駐外雇員>
		<合計>2981</合計>
	</Row>
	<Row>
		<款>9</款>
		<科目名稱>國防部主管</科目名稱>
		<職員>282</職員>
		<警察>-</警察>
		<法警>-</法警>
		<駐警>-</駐警>
		<工友>2</工友>
		<技工>3</技工>
		<駕駛>-</駕駛>
		<聘用>-</聘用>
		<約僱>-</約僱>
		<駐外雇員>-</駐外雇員>
		<合計>287</合計>
	</Row>
	<Row>
		<款>10</款>
		<科目名稱>財政部主管</科目名稱>
		<職員>12463</職員>
		<警察>-</警察>
		<法警>-</法警>
		<駐警>16</駐警>
		<工友>553</工友>
		<技工>457</技工>
		<駕駛>326</駕駛>
		<聘用>98</聘用>
		<約僱>2018</約僱>
		<駐外雇員>-</駐外雇員>
		<合計>15931</合計>
	</Row>
	<Row>
		<款>11</款>
		<科目名稱>教育部主管</科目名稱>
		<職員>21353</職員>
		<警察>-</警察>
		<法警>-</法警>
		<駐警>147</駐警>
		<工友>1140</工友>
		<技工>947</技工>
		<駕駛>54</駕駛>
		<聘用>258</聘用>
		<約僱>226</約僱>
		<駐外雇員>-</駐外雇員>
		<合計>24125</合計>
	</Row>
	<Row>
		<款>12</款>
		<科目名稱>法務部主管</科目名稱>
		<職員>15605</職員>
		<警察>-</警察>
		<法警>616</法警>
		<駐警>200</駐警>
		<工友>461</工友>
		<技工>122</技工>
		<駕駛>605</駕駛>
		<聘用>18</聘用>
		<約僱>23</約僱>
		<駐外雇員>-</駐外雇員>
		<合計>17650</合計>
	</Row>
	<Row>
		<款>13</款>
		<科目名稱>經濟部主管</科目名稱>
		<職員>4807</職員>
		<警察>7</警察>
		<法警>-</法警>
		<駐警>101</駐警>
		<工友>321</工友>
		<技工>362</技工>
		<駕駛>178</駕駛>
		<聘用>357</聘用>
		<約僱>270</約僱>
		<駐外雇員>-</駐外雇員>
		<合計>6403</合計>
	</Row>
	<Row>
		<款>14</款>
		<科目名稱>交通部主管</科目名稱>
		<職員>7421</職員>
		<警察>-</警察>
		<法警>-</法警>
		<駐警>46</駐警>
		<工友>361</工友>
		<技工>145</技工>
		<駕駛>137</駕駛>
		<聘用>166</聘用>
		<約僱>933</約僱>
		<駐外雇員>-</駐外雇員>
		<合計>9209</合計>
	</Row>
	<Row>
		<款>15</款>
		<科目名稱>蒙藏委員會主管</科目名稱>
		<職員>60</職員>
		<警察>-</警察>
		<法警>-</法警>
		<駐警>1</駐警>
		<工友>3</工友>
		<技工>2</技工>
		<駕駛>2</駕駛>
		<聘用>3</聘用>
		<約僱>-</約僱>
		<駐外雇員>-</駐外雇員>
		<合計>71</合計>
	</Row>
	<Row>
		<款>16</款>
		<科目名稱>僑務委員會主管</科目名稱>
		<職員>240</職員>
		<警察>-</警察>
		<法警>-</法警>
		<駐警>-</駐警>
		<工友>11</工友>
		<技工>4</技工>
		<駕駛>6</駕駛>
		<聘用>8</聘用>
		<約僱>5</約僱>
		<駐外雇員>-</駐外雇員>
		<合計>274</合計>
	</Row>
	<Row>
		<款>17</款>
		<科目名稱>國軍退除役官兵輔導委員會主管</科目名稱>
		<職員>1655</職員>
		<警察>-</警察>
		<法警>-</法警>
		<駐警>94</駐警>
		<工友>939</工友>
		<技工>331</技工>
		<駕駛>-</駕駛>
		<聘用>7</聘用>
		<約僱>22</約僱>
		<駐外雇員>-</駐外雇員>
		<合計>3048</合計>
	</Row>
	<Row>
		<款>18</款>
		<科目名稱>國家科學委員會主管</科目名稱>
		<職員>893</職員>
		<警察>-</警察>
		<法警>-</法警>
		<駐警>7</駐警>
		<工友>49</工友>
		<技工>24</技工>
		<駕駛>17</駕駛>
		<聘用>179</聘用>
		<約僱>10</約僱>
		<駐外雇員>-</駐外雇員>
		<合計>1179</合計>
	</Row>
	<Row>
		<款>19</款>
		<科目名稱>原子能委員會主管</科目名稱>
		<職員>1151</職員>
		<警察>-</警察>
		<法警>-</法警>
		<駐警>-</駐警>
		<工友>53</工友>
		<技工>30</技工>
		<駕駛>26</駕駛>
		<聘用>59</聘用>
		<約僱>3</約僱>
		<駐外雇員>-</駐外雇員>
		<合計>1322</合計>
	</Row>
	<Row>
		<款>20</款>
		<科目名稱>農業委員會主管</科目名稱>
		<職員>4568</職員>
		<警察>-</警察>
		<法警>-</法警>
		<駐警>9</駐警>
		<工友>401</工友>
		<技工>2726</技工>
		<駕駛>239</駕駛>
		<聘用>193</聘用>
		<約僱>227</約僱>
		<駐外雇員>-</駐外雇員>
		<合計>8363</合計>
	</Row>
	<Row>
		<款>21</款>
		<科目名稱>勞工委員會主管</科目名稱>
		<職員>1435</職員>
		<警察>-</警察>
		<法警>-</法警>
		<駐警>-</駐警>
		<工友>111</工友>
		<技工>80</技工>
		<駕駛>51</駕駛>
		<聘用>71</聘用>
		<約僱>39</約僱>
		<駐外雇員>-</駐外雇員>
		<合計>1787</合計>
	</Row>
	<Row>
		<款>22</款>
		<科目名稱>衛生署主管</科目名稱>
		<職員>2030</職員>
		<警察>-</警察>
		<法警>-</法警>
		<駐警>11</駐警>
		<工友>81</工友>
		<技工>51</技工>
		<駕駛>87</駕駛>
		<聘用>57</聘用>
		<約僱>29</約僱>
		<駐外雇員>-</駐外雇員>
		<合計>2346</合計>
	</Row>
	<Row>
		<款>23</款>
		<科目名稱>環境保護署主管</科目名稱>
		<職員>681</職員>
		<警察>-</警察>
		<法警>-</法警>
		<駐警>14</駐警>
		<工友>36</工友>
		<技工>41</技工>
		<駕駛>46</駕駛>
		<聘用>111</聘用>
		<約僱>2</約僱>
		<駐外雇員>-</駐外雇員>
		<合計>931</合計>
	</Row>
	<Row>
		<款>24</款>
		<科目名稱>海岸巡防署主管</科目名稱>
		<職員>6730</職員>
		<警察>-</警察>
		<法警>-</法警>
		<駐警>-</駐警>
		<工友>21</工友>
		<技工>231</技工>
		<駕駛>5</駕駛>
		<聘用>22</聘用>
		<約僱>62</約僱>
		<駐外雇員>-</駐外雇員>
		<合計>7071</合計>
	</Row>
	<Row>
		<款>25</款>
		<科目名稱>省市地方政府</科目名稱>
		<職員>172</職員>
		<警察>-</警察>
		<法警>-</法警>
		<駐警>-</駐警>
		<工友>94</工友>
		<技工>83</技工>
		<駕駛>47</駕駛>
		<聘用>2</聘用>
		<約僱>17</約僱>
		<駐外雇員>-</駐外雇員>
		<合計>415</合計>
	</Row>
</Root>