<?xml version="1.0" encoding="UTF-8" standalone="yes"?>
<Root xmlns:xsi="http://www.w3.org/2001/XMLSchema-instance">
	<Row>
		<年度別>41年度(1)</年度別>
		<國內生產毛額>17320</國內生產毛額>
		<各級政府支出淨額_金額>3576</各級政府支出淨額_金額>
		<各級政府支出淨額_對國內生產毛額之比率>20.6466512702079</各級政府支出淨額_對國內生產毛額之比率>
		<中央政府支出總額_金額>1918</中央政府支出總額_金額>
		<中央政府支出總額_對國內生產毛額之比率>11.0739030023095</中央政府支出總額_對國內生產毛額之比率>
	</Row>
	<Row>
		<年度別>42年度</年度別>
		<國內生產毛額>23063</國內生產毛額>
		<各級政府支出淨額_金額>3745</各級政府支出淨額_金額>
		<各級政府支出淨額_對國內生產毛額之比率>16.2381303386376</各級政府支出淨額_對國內生產毛額之比率>
		<中央政府支出總額_金額>2309</中央政府支出總額_金額>
		<中央政府支出總額_對國內生產毛額之比率>10.0117070632615</中央政府支出總額_對國內生產毛額之比率>
	</Row>
	<Row>
		<年度別>43年度上半年(2)</年度別>
		<國內生產毛額>12671</國內生產毛額>
		<各級政府支出淨額_金額>2270</各級政府支出淨額_金額>
		<各級政府支出淨額_對國內生產毛額之比率>17.9149238418436</各級政府支出淨額_對國內生產毛額之比率>
		<中央政府支出總額_金額>1603</中央政府支出總額_金額>
		<中央政府支出總額_對國內生產毛額之比率>12.6509352063768</中央政府支出總額_對國內生產毛額之比率>
	</Row>
	<Row>
		<年度別>43年度(2)</年度別>
		<國內生產毛額>27762</國內生產毛額>
		<各級政府支出淨額_金額>5356</各級政府支出淨額_金額>
		<各級政府支出淨額_對國內生產毛額之比率>19.2925581730423</各級政府支出淨額_對國內生產毛額之比率>
		<中央政府支出總額_金額>3785</中央政府支出總額_金額>
		<中央政府支出總額_對國內生產毛額之比率>13.633743966573</中央政府支出總額_對國內生產毛額之比率>
	</Row>
	<Row>
		<年度別>44年度</年度別>
		<國內生產毛額>32435</國內生產毛額>
		<各級政府支出淨額_金額>6534</各級政府支出淨額_金額>
		<各級政府支出淨額_對國內生產毛額之比率>20.1449051950054</各級政府支出淨額_對國內生產毛額之比率>
		<中央政府支出總額_金額>3895</中央政府支出總額_金額>
		<中央政府支出總額_對國內生產毛額之比率>12.0086326499152</中央政府支出總額_對國內生產毛額之比率>
	</Row>
	<Row>
		<年度別>45年度</年度別>
		<國內生產毛額>37617</國內生產毛額>
		<各級政府支出淨額_金額>7551</各級政府支出淨額_金額>
		<各級政府支出淨額_對國內生產毛額之比率>20.0733710822235</各級政府支出淨額_對國內生產毛額之比率>
		<中央政府支出總額_金額>4226</中央政府支出總額_金額>
		<中央政府支出總額_對國內生產毛額之比率>11.2342823723317</中央政府支出總額_對國內生產毛額之比率>
	</Row>
	<Row>
		<年度別>46年度</年度別>
		<國內生產毛額>43001</國內生產毛額>
		<各級政府支出淨額_金額>8906</各級政府支出淨額_金額>
		<各級政府支出淨額_對國內生產毛額之比率>20.7111462524127</各級政府支出淨額_對國內生產毛額之比率>
		<中央政府支出總額_金額>5408</中央政府支出總額_金額>
		<中央政府支出總額_對國內生產毛額之比率>12.5764517104253</中央政府支出總額_對國內生產毛額之比率>
	</Row>
	<Row>
		<年度別>47年度</年度別>
		<國內生產毛額>48928</國內生產毛額>
		<各級政府支出淨額_金額>10670</各級政府支出淨額_金額>
		<各級政府支出淨額_對國內生產毛額之比率>21.8075539568345</各級政府支出淨額_對國內生產毛額之比率>
		<中央政府支出總額_金額>7019</中央政府支出總額_金額>
		<中央政府支出總額_對國內生產毛額之比率>14.345568999346</中央政府支出總額_對國內生產毛額之比率>
	</Row>
	<Row>
		<年度別>49年度(3)</年度別>
		<國內生產毛額>57784</國內生產毛額>
		<各級政府支出淨額_金額>12193</各級政府支出淨額_金額>
		<各級政府支出淨額_對國內生產毛額之比率>21.1009968157275</各級政府支出淨額_對國內生產毛額之比率>
		<中央政府支出總額_金額>7885</中央政府支出總額_金額>
		<中央政府支出總額_對國內生產毛額之比率>13.6456458535235</中央政府支出總額_對國內生產毛額之比率>
	</Row>
	<Row>
		<年度別>50年度</年度別>
		<國內生產毛額>66956.5</國內生產毛額>
		<各級政府支出淨額_金額>14068</各級政府支出淨額_金額>
		<各級政府支出淨額_對國內生產毛額之比率>21.010656172291</各級政府支出淨額_對國內生產毛額之比率>
		<中央政府支出總額_金額>8714</中央政府支出總額_金額>
		<中央政府支出總額_對國內生產毛額之比率>13.0144198098766</中央政府支出總額_對國內生產毛額之比率>
	</Row>
	<Row>
		<年度別>51年度</年度別>
		<國內生產毛額>73714</國內生產毛額>
		<各級政府支出淨額_金額>15414</各級政府支出淨額_金額>
		<各級政府支出淨額_對國內生產毛額之比率>20.9105461649076</各級政府支出淨額_對國內生產毛額之比率>
		<中央政府支出總額_金額>9719</中央政府支出總額_金額>
		<中央政府支出總額_對國內生產毛額之比率>13.184741026128</中央政府支出總額_對國內生產毛額之比率>
	</Row>
	<Row>
		<年度別>52年度</年度別>
		<國內生產毛額>83412</國內生產毛額>
		<各級政府支出淨額_金額>16457</各級政府支出淨額_金額>
		<各級政府支出淨額_對國內生產毛額之比率>19.7297750923129</各級政府支出淨額_對國內生產毛額之比率>
		<中央政府支出總額_金額>10133</中央政府支出總額_金額>
		<中央政府支出總額_對國內生產毛額之比率>12.1481321632379</中央政府支出總額_對國內生產毛額之比率>
	</Row>
	<Row>
		<年度別>53年度</年度別>
		<國內生產毛額>96301</國內生產毛額>
		<各級政府支出淨額_金額>18486</各級政府支出淨額_金額>
		<各級政府支出淨額_對國內生產毛額之比率>19.1960623461854</各級政府支出淨額_對國內生產毛額之比率>
		<中央政府支出總額_金額>11688</中央政府支出總額_金額>
		<中央政府支出總額_對國內生產毛額之比率>12.1369456184256</中央政府支出總額_對國內生產毛額之比率>
	</Row>
	<Row>
		<年度別>54年度</年度別>
		<國內生產毛額>107684</國內生產毛額>
		<各級政府支出淨額_金額>22391</各級政府支出淨額_金額>
		<各級政府支出淨額_對國內生產毛額之比率>20.7932469076186</各級政府支出淨額_對國內生產毛額之比率>
		<中央政府支出總額_金額>15010</中央政府支出總額_金額>
		<中央政府支出總額_對國內生產毛額之比率>13.9389324319305</中央政府支出總額_對國內生產毛額之比率>
	</Row>
	<Row>
		<年度別>55年度</年度別>
		<國內生產毛額>118699</國內生產毛額>
		<各級政府支出淨額_金額>23836</各級政府支出淨額_金額>
		<各級政府支出淨額_對國內生產毛額之比率>20.0810453331536</各級政府支出淨額_對國內生產毛額之比率>
		<中央政府支出總額_金額>15157</中央政府支出總額_金額>
		<中央政府支出總額_對國內生產毛額之比率>12.7692735406364</中央政府支出總額_對國內生產毛額之比率>
	</Row>
	<Row>
		<年度別>56年度</年度別>
		<國內生產毛額>136432</國內生產毛額>
		<各級政府支出淨額_金額>30727</各級政府支出淨額_金額>
		<各級政府支出淨額_對國內生產毛額之比率>22.5218423830186</各級政府支出淨額_對國內生產毛額之比率>
		<中央政府支出總額_金額>20034</中央政府支出總額_金額>
		<中央政府支出總額_對國內生產毛額之比率>14.6842383018647</中央政府支出總額_對國內生產毛額之比率>
	</Row>
	<Row>
		<年度別>57年度</年度別>
		<國內生產毛額>157841</國內生產毛額>
		<各級政府支出淨額_金額>33002</各級政府支出淨額_金額>
		<各級政府支出淨額_對國內生產毛額之比率>20.9083824861728</各級政府支出淨額_對國內生產毛額之比率>
		<中央政府支出總額_金額>20773</中央政府支出總額_金額>
		<中央政府支出總額_對國內生產毛額之比率>13.1607123624407</中央政府支出總額_對國內生產毛額之比率>
	</Row>
	<Row>
		<年度別>58年度</年度別>
		<國內生產毛額>186729</國內生產毛額>
		<各級政府支出淨額_金額>41869</各級政府支出淨額_金額>
		<各級政府支出淨額_對國內生產毛額之比率>22.4223339706205</各級政府支出淨額_對國內生產毛額之比率>
		<中央政府支出總額_金額>26787</中央政府支出總額_金額>
		<中央政府支出總額_對國內生產毛額之比率>14.3453882364282</中央政府支出總額_對國內生產毛額之比率>
	</Row>
	<Row>
		<年度別>59年度</年度別>
		<國內生產毛額>213084</國內生產毛額>
		<各級政府支出淨額_金額>49153</各級政府支出淨額_金額>
		<各級政府支出淨額_對國內生產毛額之比率>23.0674288074187</各級政府支出淨額_對國內生產毛額之比率>
		<中央政府支出總額_金額>30667</中央政府支出總額_金額>
		<中央政府支出總額_對國內生產毛額之比率>14.3919768729703</中央政府支出總額_對國內生產毛額之比率>
	</Row>
	<Row>
		<年度別>60年度</年度別>
		<國內生產毛額>248753</國內生產毛額>
		<各級政府支出淨額_金額>54829</各級政府支出淨額_金額>
		<各級政府支出淨額_對國內生產毛額之比率>22.0415432175692</各級政府支出淨額_對國內生產毛額之比率>
		<中央政府支出總額_金額>34948</中央政府支出總額_金額>
		<中央政府支出總額_對國內生產毛額之比率>14.0492777976547</中央政府支出總額_對國內生產毛額之比率>
	</Row>
	<Row>
		<年度別>61年度</年度別>
		<國內生產毛額>292724</國內生產毛額>
		<各級政府支出淨額_金額>63668</各級政府支出淨額_金額>
		<各級政府支出淨額_對國內生產毛額之比率>21.7501810579249</各級政府支出淨額_對國內生產毛額之比率>
		<中央政府支出總額_金額>39828</中央政府支出總額_金額>
		<中央政府支出總額_對國內生產毛額之比率>13.6059906259822</中央政府支出總額_對國內生產毛額之比率>
	</Row>
	<Row>
		<年度別>62年度</年度別>
		<國內生產毛額>354094</國內生產毛額>
		<各級政府支出淨額_金額>79856</各級政府支出淨額_金額>
		<各級政府支出淨額_對國內生產毛額之比率>22.5522036521376</各級政府支出淨額_對國內生產毛額之比率>
		<中央政府支出總額_金額>48229</中央政府支出總額_金額>
		<中央政府支出總額_對國內生產毛額之比率>13.6203945844889</中央政府支出總額_對國內生產毛額之比率>
	</Row>
	<Row>
		<年度別>63年度</年度別>
		<國內生產毛額>506147</國內生產毛額>
		<各級政府支出淨額_金額>89934</各級政府支出淨額_金額>
		<各級政府支出淨額_對國內生產毛額之比率>17.7683558333844</各級政府支出淨額_對國內生產毛額之比率>
		<中央政府支出總額_金額>53121</中央政府支出總額_金額>
		<中央政府支出總額_對國內生產毛額之比率>10.4951723511154</中央政府支出總額_對國內生產毛額之比率>
	</Row>
	<Row>
		<年度別>64年度</年度別>
		<國內生產毛額>563176</國內生產毛額>
		<各級政府支出淨額_金額>126436</各級政府支出淨額_金額>
		<各級政府支出淨額_對國內生產毛額之比率>22.4505305623819</各級政府支出淨額_對國內生產毛額之比率>
		<中央政府支出總額_金額>74830</中央政府支出總額_金額>
		<中央政府支出總額_對國內生產毛額之比率>13.2871429180221</中央政府支出總額_對國內生產毛額之比率>
	</Row>
	<Row>
		<年度別>65年度</年度別>
		<國內生產毛額>657495</國內生產毛額>
		<各級政府支出淨額_金額>149994</各級政府支出淨額_金額>
		<各級政府支出淨額_對國內生產毛額之比率>22.8129491479023</各級政府支出淨額_對國內生產毛額之比率>
		<中央政府支出總額_金額>86976</中央政府支出總額_金額>
		<中央政府支出總額_對國內生產毛額之比率>13.2283895695024</中央政府支出總額_對國內生產毛額之比率>
	</Row>
	<Row>
		<年度別>66年度</年度別>
		<國內生產毛額>776613</國內生產毛額>
		<各級政府支出淨額_金額>192493</各級政府支出淨額_金額>
		<各級政府支出淨額_對國內生產毛額之比率>24.7862191335968</各級政府支出淨額_對國內生產毛額之比率>
		<中央政府支出總額_金額>107289</中央政府支出總額_金額>
		<中央政府支出總額_對國內生產毛額之比率>13.8149889327117</中央政府支出總額_對國內生產毛額之比率>
	</Row>
	<Row>
		<年度別>67年度</年度別>
		<國內生產毛額>915652</國內生產毛額>
		<各級政府支出淨額_金額>226900</各級政府支出淨額_金額>
		<各級政府支出淨額_對國內生產毛額之比率>24.7801566534011</各級政府支出淨額_對國內生產毛額之比率>
		<中央政府支出總額_金額>130077</中央政府支出總額_金額>
		<中央政府支出總額_對國內生產毛額之比率>14.205942869125</中央政府支出總額_對國內生產毛額之比率>
	</Row>
	<Row>
		<年度別>68年度</年度別>
		<國內生產毛額>1113006</國內生產毛額>
		<各級政府支出淨額_金額>254711</各級政府支出淨額_金額>
		<各級政府支出淨額_對國內生產毛額之比率>22.8849619858294</各級政府支出淨額_對國內生產毛額之比率>
		<中央政府支出總額_金額>153046</中央政府支出總額_金額>
		<中央政府支出總額_對國內生產毛額之比率>13.7506895740005</中央政府支出總額_對國內生產毛額之比率>
	</Row>
	<Row>
		<年度別>69年度</年度別>
		<國內生產毛額>1363570</國內生產毛額>
		<各級政府支出淨額_金額>345396</各級政府支出淨額_金額>
		<各級政府支出淨額_對國內生產毛額之比率>25.33027273994</各級政府支出淨額_對國內生產毛額之比率>
		<中央政府支出總額_金額>201793</中央政府支出總額_金額>
		<中央政府支出總額_對國內生產毛額之比率>14.7988735451792</中央政府支出總額_對國內生產毛額之比率>
	</Row>
	<Row>
		<年度別>70年度</年度別>
		<國內生產毛額>1674315</國內生產毛額>
		<各級政府支出淨額_金額>433221</各級政府支出淨額_金額>
		<各級政府支出淨額_對國內生產毛額之比率>25.8745218193709</各級政府支出淨額_對國內生產毛額之比率>
		<中央政府支出總額_金額>272381</中央政府支出總額_金額>
		<中央政府支出總額_對國內生產毛額之比率>16.2682052063083</中央政府支出總額_對國內生產毛額之比率>
	</Row>
	<Row>
		<年度別>71年度</年度別>
		<國內生產毛額>1886227</國內生產毛額>
		<各級政府支出淨額_金額>493741</各級政府支出淨額_金額>
		<各級政府支出淨額_對國內生產毛額之比率>26.1761177207197</各級政府支出淨額_對國內生產毛額之比率>
		<中央政府支出總額_金額>310445</中央政府支出總額_金額>
		<中央政府支出總額_對國內生產毛額之比率>16.4585174530955</中央政府支出總額_對國內生產毛額之比率>
	</Row>
	<Row>
		<年度別>72年度</年度別>
		<國內生產毛額>2025266</國內生產毛額>
		<各級政府支出淨額_金額>498159</各級政府支出淨額_金額>
		<各級政府支出淨額_對國內生產毛額之比率>24.5972134030789</各級政府支出淨額_對國內生產毛額之比率>
		<中央政府支出總額_金額>319518</中央政府支出總額_金額>
		<中央政府支出總額_對國內生產毛額之比率>15.7765942844051</中央政府支出總額_對國內生產毛額之比率>
	</Row>
	<Row>
		<年度別>73年度</年度別>
		<國內生產毛額>2281558</國內生產毛額>
		<各級政府支出淨額_金額>519049</各級政府支出淨額_金額>
		<各級政府支出淨額_對國內生產毛額之比率>22.7497613472899</各級政府支出淨額_對國內生產毛額之比率>
		<中央政府支出總額_金額>316192</中央政府支出總額_金額>
		<中央政府支出總額_對國內生產毛額之比率>13.8586001320151</中央政府支出總額_對國內生產毛額之比率>
	</Row>
	<Row>
		<年度別>74年度</年度別>
		<國內生產毛額>2464158</國內生產毛額>
		<各級政府支出淨額_金額>563729</各級政府支出淨額_金額>
		<各級政府支出淨額_對國內生產毛額之比率>22.8771450531987</各級政府支出淨額_對國內生產毛額之比率>
		<中央政府支出總額_金額>353871</中央政府支出總額_金額>
		<中央政府支出總額_對國內生產毛額之比率>14.3607268689751</中央政府支出總額_對國內生產毛額之比率>
	</Row>
	<Row>
		<年度別>75年度</年度別>
		<國內生產毛額>2681260</國內生產毛額>
		<各級政府支出淨額_金額>632661</各級政府支出淨額_金額>
		<各級政府支出淨額_對國內生產毛額之比率>23.5956602492858</各級政府支出淨額_對國內生產毛額之比率>
		<中央政府支出總額_金額>405721</中央政府支出總額_金額>
		<中央政府支出總額_對國內生產毛額之比率>15.1317291124322</中央政府支出總額_對國內生產毛額之比率>
	</Row>
	<Row>
		<年度別>76年度</年度別>
		<國內生產毛額>3118897</國內生產毛額>
		<各級政府支出淨額_金額>662135</各級政府支出淨額_金額>
		<各級政府支出淨額_對國內生產毛額之比率>21.2297809129317</各級政府支出淨額_對國內生產毛額之比率>
		<中央政府支出總額_金額>418962</中央政府支出總額_金額>
		<中央政府支出總額_對國內生產毛額之比率>13.4330181471206</中央政府支出總額_對國內生產毛額之比率>
	</Row>
	<Row>
		<年度別>77年度</年度別>
		<國內生產毛額>3433509</國內生產毛額>
		<各級政府支出淨額_金額>751930</各級政府支出淨額_金額>
		<各級政府支出淨額_對國內生產毛額之比率>21.8997532844679</各級政府支出淨額_對國內生產毛額之比率>
		<中央政府支出總額_金額>470255</中央政府支出總額_金額>
		<中央政府支出總額_對國內生產毛額之比率>13.6960468139154</中央政府支出總額_對國內生產毛額之比率>
	</Row>
	<Row>
		<年度別>78年度</年度別>
		<國內生產毛額>3811856</國內生產毛額>
		<各級政府支出淨額_金額>1239554</各級政府支出淨額_金額>
		<各級政府支出淨額_對國內生產毛額之比率>32.5183847448592</各級政府支出淨額_對國內生產毛額之比率>
		<中央政府支出總額_金額>549200</中央政府支出總額_金額>
		<中央政府支出總額_對國內生產毛額之比率>14.4076796185375</中央政府支出總額_對國內生產毛額之比率>
	</Row>
	<Row>
		<年度別>79年度</年度別>
		<國內生產毛額>4223155</國內生產毛額>
		<各級政府支出淨額_金額>1166747</各級政府支出淨額_金額>
		<各級政府支出淨額_對國內生產毛額之比率>27.627378109494</各級政府支出淨額_對國內生產毛額之比率>
		<中央政府支出總額_金額>673201</中央政府支出總額_金額>
		<中央政府支出總額_對國內生產毛額之比率>15.9407125715253</中央政府支出總額_對國內生產毛額之比率>
	</Row>
	<Row>
		<年度別>80年度</年度別>
		<國內生產毛額>4653732</國內生產毛額>
		<各級政府支出淨額_金額>1416625</各級政府支出淨額_金額>
		<各級政府支出淨額_對國內生產毛額之比率>30.4406227088281</各級政府支出淨額_對國內生產毛額之比率>
		<中央政府支出總額_金額>804558</中央政府支出總額_金額>
		<中央政府支出總額_對國內生產毛額之比率>17.2884472075315</中央政府支出總額_對國內生產毛額之比率>
	</Row>
	<Row>
		<年度別>81年度</年度別>
		<國內生產毛額>5228582</國內生產毛額>
		<各級政府支出淨額_金額>1696117</各級政府支出淨額_金額>
		<各級政府支出淨額_對國內生產毛額之比率>32.4393305871458</各級政府支出淨額_對國內生產毛額之比率>
		<中央政府支出總額_金額>945225</中央政府支出總額_金額>
		<中央政府支出總額_對國內生產毛額之比率>18.078037219269</中央政府支出總額_對國內生產毛額之比率>
	</Row>
	<Row>
		<年度別>82年度</年度別>
		<國內生產毛額>5787817</國內生產毛額>
		<各級政府支出淨額_金額>1859294</各級政府支出淨額_金額>
		<各級政府支出淨額_對國內生產毛額之比率>32.1242706878949</各級政府支出淨額_對國內生產毛額之比率>
		<中央政府支出總額_金額>1031131</中央政府支出總額_金額>
		<中央政府支出總額_對國內生產毛額之比率>17.8155425439332</中央政府支出總額_對國內生產毛額之比率>
	</Row>
	<Row>
		<年度別>83年度</年度別>
		<國內生產毛額>6381891</國內生產毛額>
		<各級政府支出淨額_金額>1913742</各級政府支出淨額_金額>
		<各級政府支出淨額_對國內生產毛額之比率>29.9870680962743</各級政府支出淨額_對國內生產毛額之比率>
		<中央政府支出總額_金額>1024255</中央政府支出總額_金額>
		<中央政府支出總額_對國內生產毛額之比率>16.0493966443488</中央政府支出總額_對國內生產毛額之比率>
	</Row>
	<Row>
		<年度別>84年度</年度別>
		<國內生產毛額>6953956</國內生產毛額>
		<各級政府支出淨額_金額>2074929</各級政府支出淨額_金額>
		<各級政府支出淨額_對國內生產毛額之比率>29.8381094157053</各級政府支出淨額_對國內生產毛額之比率>
		<中央政府支出總額_金額>996698</中央政府支出總額_金額>
		<中央政府支出總額_對國內生產毛額之比率>14.3328200523558</中央政府支出總額_對國內生產毛額之比率>
	</Row>
	<Row>
		<年度別>85年度</年度別>
		<國內生產毛額>7585056</國內生產毛額>
		<各級政府支出淨額_金額>2005897</各級政府支出淨額_金額>
		<各級政府支出淨額_對國內生產毛額之比率>26.4453815502483</各級政府支出淨額_對國內生產毛額之比率>
		<中央政府支出總額_金額>1085077</中央政府支出總額_金額>
		<中央政府支出總額_對國內生產毛額之比率>14.3054579953002</中央政府支出總額_對國內生產毛額之比率>
	</Row>
	<Row>
		<年度別>86年度</年度別>
		<國內生產毛額>8257827</國內生產毛額>
		<各級政府支出淨額_金額>2066751</各級政府支出淨額_金額>
		<各級政府支出淨額_對國內生產毛額之比率>25.0277827326729</各級政府支出淨額_對國內生產毛額之比率>
		<中央政府支出總額_金額>1151762</中央政府支出總額_金額>
		<中央政府支出總額_對國內生產毛額之比率>13.9475191233723</中央政府支出總額_對國內生產毛額之比率>
	</Row>
	<Row>
		<年度別>87年度</年度別>
		<國內生產毛額>8972189</國內生產毛額>
		<各級政府支出淨額_金額>2204658</各級政府支出淨額_金額>
		<各級政府支出淨額_對國內生產毛額之比率>24.5721306138335</各級政府支出淨額_對國內生產毛額之比率>
		<中央政府支出總額_金額>1187011</中央政府支出總額_金額>
		<中央政府支出總額_對國內生產毛額之比率>13.2298929503157</中央政府支出總額_對國內生產毛額之比率>
	</Row>
	<Row>
		<年度別>88年度</年度別>
		<國內生產毛額>9473275</國內生產毛額>
		<各級政府支出淨額_金額>2217845</各級政府支出淨額_金額>
		<各級政府支出淨額_對國內生產毛額之比率>23.4115973620527</各級政府支出淨額_對國內生產毛額之比率>
		<中央政府支出總額_金額>1281995.963</中央政府支出總額_金額>
		<中央政府支出總額_對國內生產毛額之比率>13.5327641496737</中央政府支出總額_對國內生產毛額之比率>
	</Row>
	<Row>
		<年度別>88年下半年
及89年度(4)</年度別>
		<國內生產毛額>14918798</國內生產毛額>
		<各級政府支出淨額_金額>3140936</各級政府支出淨額_金額>
		<各級政府支出淨額_對國內生產毛額之比率>21.0535460028348</各級政府支出淨額_對國內生產毛額之比率>
		<中央政府支出總額_金額>2230145</中央政府支出總額_金額>
		<中央政府支出總額_對國內生產毛額之比率>14.9485568475423</中央政府支出總額_對國內生產毛額之比率>
	</Row>
	<Row>
		<年度別>90年度</年度別>
		<國內生產毛額>9862183</國內生產毛額>
		<各級政府支出淨額_金額>2271755</各級政府支出淨額_金額>
		<各級政府支出淨額_對國內生產毛額之比率>23.0350116196384</各級政府支出淨額_對國內生產毛額之比率>
		<中央政府支出總額_金額>1559700</中央政府支出總額_金額>
		<中央政府支出總額_對國內生產毛額之比率>15.8149569927875</中央政府支出總額_對國內生產毛額之比率>
	</Row>
	<Row>
		<年度別>91年度</年度別>
		<國內生產毛額>10293346</國內生產毛額>
		<各級政府支出淨額_金額>2144994</各級政府支出淨額_金額>
		<各級政府支出淨額_對國內生產毛額之比率>20.8386466363804</各級政府支出淨額_對國內生產毛額之比率>
		<中央政府支出總額_金額>1551943</中央政府支出總額_金額>
		<中央政府支出總額_對國內生產毛額之比率>15.0771478972921</中央政府支出總額_對國內生產毛額之比率>
	</Row>
	<Row>
		<年度別>92年度</年度別>
		<國內生產毛額>10519574</國內生產毛額>
		<各級政府支出淨額_金額>2206223</各級政府支出淨額_金額>
		<各級政府支出淨額_對國內生產毛額之比率>20.9725507896042</各級政府支出淨額_對國內生產毛額之比率>
		<中央政府支出總額_金額>1618130</中央政府支出總額_金額>
		<中央政府支出總額_對國內生產毛額之比率>15.3820867651105</中央政府支出總額_對國內生產毛額之比率>
	</Row>
	<Row>
		<年度別>93年度</年度別>
		<國內生產毛額>11065548</國內生產毛額>
		<各級政府支出淨額_金額>2238904</各級政府支出淨額_金額>
		<各級政府支出淨額_對國內生產毛額之比率>20.2331054910249</各級政府支出淨額_對國內生產毛額之比率>
		<中央政府支出總額_金額>1564799</中央政府支出總額_金額>
		<中央政府支出總額_對國內生產毛額之比率>14.1411794517542</中央政府支出總額_對國內生產毛額之比率>
	</Row>
	<Row>
		<年度別>94年度</年度別>
		<國內生產毛額>11454727</國內生產毛額>
		<各級政府支出淨額_金額>2310755</各級政府支出淨額_金額>
		<各級政府支出淨額_對國內生產毛額之比率>20.1729382114476</各級政府支出淨額_對國內生產毛額之比率>
		<中央政府支出總額_金額>1566968</中央政府支出總額_金額>
		<中央政府支出總額_對國內生產毛額之比率>13.6796625532848</中央政府支出總額_對國內生產毛額之比率>
	</Row>
	<Row>
		<年度別>95年度</年度別>
		<國內生產毛額>11889823</國內生產毛額>
		<各級政府支出淨額_金額>2261958</各級政府支出淨額_金額>
		<各級政府支出淨額_對國內生產毛額之比率>19.0243202106541</各級政府支出淨額_對國內生產毛額之比率>
		<中央政府支出總額_金額>1529815</中央政府支出總額_金額>
		<中央政府支出總額_對國內生產毛額之比率>12.8665918744123</中央政府支出總額_對國內生產毛額之比率>
	</Row>
	<Row>
		<年度別>96年度</年度別>
		<國內生產毛額>12558305</國內生產毛額>
		<各級政府支出淨額_金額>2445583</各級政府支出淨額_金額>
		<各級政府支出淨額_對國內生產毛額之比率>19.4738302661068</各級政府支出淨額_對國內生產毛額之比率>
		<中央政府支出總額_金額>1628351</中央政府支出總額_金額>
		<中央政府支出總額_對國內生產毛額之比率>12.9663278603283</中央政府支出總額_對國內生產毛額之比率>
	</Row>
	<Row>
		<年度別>97年度</年度別>
		<國內生產毛額>13198497</國內生產毛額>
		<各級政府支出淨額_金額>2487848</各級政府支出淨額_金額>
		<各級政府支出淨額_對國內生產毛額之比率>18.8494796036246</各級政府支出淨額_對國內生產毛額之比率>
		<中央政府支出總額_金額>1685856</中央政府支出總額_金額>
		<中央政府支出總額_對國內生產毛額之比率>12.7730907541972</中央政府支出總額_對國內生產毛額之比率>
	</Row>
</Root>