<?xml version="1.0" encoding="UTF-8" standalone="yes"?>
<Root xmlns:xsi="http://www.w3.org/2001/XMLSchema-instance">
	<Row>
		<項目>一、歲入合計金額</項目>
		<中央政府_金額>1593367</中央政府_金額>
		<中央政府_百分比>100</中央政府_百分比>
		<台北市政府_金額>120345</台北市政府_金額>
		<台北市政府_百分比>100</台北市政府_百分比>
		<高雄市政府_金額>43772</高雄市政府_金額>
		<高雄市政府_百分比>100</高雄市政府_百分比>
		<各縣市政府_金額>479994</各縣市政府_金額>
		<各縣市政府_百分比>100</各縣市政府_百分比>
		<合計_金額>2237478</合計_金額>
		<合計_百分比>100</合計_百分比>
	</Row>
	<Row>
		<項目>1.稅課及專賣收入</項目>
		<中央政府_金額>1203400</中央政府_金額>
		<中央政府_百分比>75.5</中央政府_百分比>
		<台北市政府_金額>97074</台北市政府_金額>
		<台北市政府_百分比>80.7</台北市政府_百分比>
		<高雄市政府_金額>33437</高雄市政府_金額>
		<高雄市政府_百分比>76.4</高雄市政府_百分比>
		<各縣市政府_金額>322166</各縣市政府_金額>
		<各縣市政府_百分比>67.1</各縣市政府_百分比>
		<合計_金額>1656077</合計_金額>
		<合計_百分比>74</合計_百分比>
	</Row>
	<Row>
		<項目>2.營業盈餘及事業收入</項目>
		<中央政府_金額>243126</中央政府_金額>
		<中央政府_百分比>15.3</中央政府_百分比>
		<台北市政府_金額>2598</台北市政府_金額>
		<台北市政府_百分比>2.1</台北市政府_百分比>
		<高雄市政府_金額>661</高雄市政府_金額>
		<高雄市政府_百分比>1.5</高雄市政府_百分比>
		<各縣市政府_金額>9088</各縣市政府_金額>
		<各縣市政府_百分比>1.9</各縣市政府_百分比>
		<合計_金額>255473</合計_金額>
		<合計_百分比>11.4</合計_百分比>
	</Row>
	<Row>
		<項目>3.規費及罰鍰收入</項目>
		<中央政府_金額>80743</中央政府_金額>
		<中央政府_百分比>5.1</中央政府_百分比>
		<台北市政府_金額>15960</台北市政府_金額>
		<台北市政府_百分比>13.3</台北市政府_百分比>
		<高雄市政府_金額>6644</高雄市政府_金額>
		<高雄市政府_百分比>15.2</高雄市政府_百分比>
		<各縣市政府_金額>43032</各縣市政府_金額>
		<各縣市政府_百分比>9</各縣市政府_百分比>
		<合計_金額>146379</合計_金額>
		<合計_百分比>6.5</合計_百分比>
	</Row>
	<Row>
		<項目>4.財產收入</項目>
		<中央政府_金額>46073</中央政府_金額>
		<中央政府_百分比>2.9</中央政府_百分比>
		<台北市政府_金額>2414</台北市政府_金額>
		<台北市政府_百分比>2</台北市政府_百分比>
		<高雄市政府_金額>1947</高雄市政府_金額>
		<高雄市政府_百分比>4.4</高雄市政府_百分比>
		<各縣市政府_金額>16016</各縣市政府_金額>
		<各縣市政府_百分比>3.3</各縣市政府_百分比>
		<合計_金額>66450</合計_金額>
		<合計_百分比>3</合計_百分比>
	</Row>
	<Row>
		<項目>5.其他收入</項目>
		<中央政府_金額>20025</中央政府_金額>
		<中央政府_百分比>1.2</中央政府_百分比>
		<台北市政府_金額>2299</台北市政府_金額>
		<台北市政府_百分比>1.9</台北市政府_百分比>
		<高雄市政府_金額>1083</高雄市政府_金額>
		<高雄市政府_百分比>2.5</高雄市政府_百分比>
		<各縣市政府_金額>89692</各縣市政府_金額>
		<各縣市政府_百分比>18.7</各縣市政府_百分比>
		<合計_金額>113099</合計_金額>
		<合計_百分比>5.1</合計_百分比>
	</Row>
	<Row>
		<項目>二、歲出合計金額</項目>
		<中央政府_金額>1510605</中央政府_金額>
		<中央政府_百分比>100</中央政府_百分比>
		<台北市政府_金額>172817</台北市政府_金額>
		<台北市政府_百分比>100.047</台北市政府_百分比>
		<高雄市政府_金額>71277</高雄市政府_金額>
		<高雄市政府_百分比>100</高雄市政府_百分比>
		<各縣市政府_金額>733149</各縣市政府_金額>
		<各縣市政府_百分比>100</各縣市政府_百分比>
		<合計_金額>2487848</合計_金額>
		<合計_百分比>99.969</合計_百分比>
	</Row>
	<Row>
		<項目>1.一般政務支出</項目>
		<中央政府_金額>171446</中央政府_金額>
		<中央政府_百分比>11.4</中央政府_百分比>
		<台北市政府_金額>23525</台北市政府_金額>
		<台北市政府_百分比>13.6</台北市政府_百分比>
		<高雄市政府_金額>12221</高雄市政府_金額>
		<高雄市政府_百分比>17.1</高雄市政府_百分比>
		<各縣市政府_金額>162718</各縣市政府_金額>
		<各縣市政府_百分比>22.2</各縣市政府_百分比>
		<合計_金額>369910</合計_金額>
		<合計_百分比>14.769</合計_百分比>
	</Row>
	<Row>
		<項目>2.國防支出</項目>
		<中央政府_金額>333043</中央政府_金額>
		<中央政府_百分比>22</中央政府_百分比>
		<台北市政府_金額>0</台北市政府_金額>
		<台北市政府_百分比>0</台北市政府_百分比>
		<高雄市政府_金額>0</高雄市政府_金額>
		<高雄市政府_百分比>0</高雄市政府_百分比>
		<各縣市政府_金額>0</各縣市政府_金額>
		<各縣市政府_百分比>0</各縣市政府_百分比>
		<合計_金額>333043</合計_金額>
		<合計_百分比>13.4</合計_百分比>
	</Row>
	<Row>
		<項目>3.教育科學文化支出</項目>
		<中央政府_金額>262458</中央政府_金額>
		<中央政府_百分比>17.4</中央政府_百分比>
		<台北市政府_金額>55871</台北市政府_金額>
		<台北市政府_百分比>32.3</台北市政府_百分比>
		<高雄市政府_金額>20491</高雄市政府_金額>
		<高雄市政府_百分比>28.7</高雄市政府_百分比>
		<各縣市政府_金額>217255</各縣市政府_金額>
		<各縣市政府_百分比>29.6</各縣市政府_百分比>
		<合計_金額>556075</合計_金額>
		<合計_百分比>22.4</合計_百分比>
	</Row>
	<Row>
		<項目>4.經濟發展支出</項目>
		<中央政府_金額>181534</中央政府_金額>
		<中央政府_百分比>12</中央政府_百分比>
		<台北市政府_金額>47351</台北市政府_金額>
		<台北市政府_百分比>27.4</台北市政府_百分比>
		<高雄市政府_金額>8756</高雄市政府_金額>
		<高雄市政府_百分比>12.3</高雄市政府_百分比>
		<各縣市政府_金額>132615</各縣市政府_金額>
		<各縣市政府_百分比>18.1</各縣市政府_百分比>
		<合計_金額>370256</合計_金額>
		<合計_百分比>14.9</合計_百分比>
	</Row>
	<Row>
		<項目>5.社會福利支出</項目>
		<中央政府_金額>272355</中央政府_金額>
		<中央政府_百分比>18</中央政府_百分比>
		<台北市政府_金額>23239</台北市政府_金額>
		<台北市政府_百分比>13.547</台北市政府_百分比>
		<高雄市政府_金額>10459</高雄市政府_金額>
		<高雄市政府_百分比>14.7</高雄市政府_百分比>
		<各縣市政府_金額>79976</各縣市政府_金額>
		<各縣市政府_百分比>10.9</各縣市政府_百分比>
		<合計_金額>386029</合計_金額>
		<合計_百分比>15.5</合計_百分比>
	</Row>
	<Row>
		<項目>6.社區發展及環境保護支出</項目>
		<中央政府_金額>5700</中央政府_金額>
		<中央政府_百分比>0.4</中央政府_百分比>
		<台北市政府_金額>11955</台北市政府_金額>
		<台北市政府_百分比>6.9</台北市政府_百分比>
		<高雄市政府_金額>7250</高雄市政府_金額>
		<高雄市政府_百分比>10.2</高雄市政府_百分比>
		<各縣市政府_金額>42134</各縣市政府_金額>
		<各縣市政府_百分比>5.7</各縣市政府_百分比>
		<合計_金額>67039</合計_金額>
		<合計_百分比>2.7</合計_百分比>
	</Row>
	<Row>
		<項目>7.退休撫卹支出</項目>
		<中央政府_金額>136037</中央政府_金額>
		<中央政府_百分比>9</中央政府_百分比>
		<台北市政府_金額>4694</台北市政府_金額>
		<台北市政府_百分比>2.7</台北市政府_百分比>
		<高雄市政府_金額>6875</高雄市政府_金額>
		<高雄市政府_百分比>9.6</高雄市政府_百分比>
		<各縣市政府_金額>68234</各縣市政府_金額>
		<各縣市政府_百分比>9.3</各縣市政府_百分比>
		<合計_金額>215840</合計_金額>
		<合計_百分比>8.7</合計_百分比>
	</Row>
	<Row>
		<項目>8.債務支出</項目>
		<中央政府_金額>134496</中央政府_金額>
		<中央政府_百分比>8.9</中央政府_百分比>
		<台北市政府_金額>4452</台北市政府_金額>
		<台北市政府_百分比>2.6</台北市政府_百分比>
		<高雄市政府_金額>3681</高雄市政府_金額>
		<高雄市政府_百分比>5.2</高雄市政府_百分比>
		<各縣市政府_金額>11377</各縣市政府_金額>
		<各縣市政府_百分比>1.6</各縣市政府_百分比>
		<合計_金額>154006</合計_金額>
		<合計_百分比>6.2</合計_百分比>
	</Row>
	<Row>
		<項目>9.一般補助及其他支出</項目>
		<中央政府_金額>13536</中央政府_金額>
		<中央政府_百分比>0.9</中央政府_百分比>
		<台北市政府_金額>1730</台北市政府_金額>
		<台北市政府_百分比>1</台北市政府_百分比>
		<高雄市政府_金額>1544</高雄市政府_金額>
		<高雄市政府_百分比>2.2</高雄市政府_百分比>
		<各縣市政府_金額>18840</各縣市政府_金額>
		<各縣市政府_百分比>2.6</各縣市政府_百分比>
		<合計_金額>35650</合計_金額>
		<合計_百分比>1.4</合計_百分比>
	</Row>
	<Row>
		<項目>三、歲入歲出餘絀</項目>
		<中央政府_金額>82762</中央政府_金額>
		<台北市政府_金額>-52472</台北市政府_金額>
		<高雄市政府_金額>-27505</高雄市政府_金額>
		<各縣市政府_金額>-253155</各縣市政府_金額>
		<合計_金額>-250370</合計_金額>
	</Row>
</Root>