<?xml version="1.0" encoding="UTF-8" standalone="yes"?>
<Root xmlns:xsi="http://www.w3.org/2001/XMLSchema-instance">
	<Row>
		<款>  </款>
		<科目名稱>合                        計</科目名稱>
		<人事費>410731189</人事費>
		<業務費_經>268601924</業務費_經>
		<奬補助費_經>596477040</奬補助費_經>
		<債務費>134496164</債務費>
		<預備金_經>7936151</預備金_經>
		<經常支出小計>1418242468</經常支出小計>
		<業務費_資>1336020</業務費_資>
		<設備及投資>157748009</設備及投資>
		<奬補助費_資>104529956</奬補助費_資>
		<預備金_資>4000000</預備金_資>
		<資本支出小計>267613985</資本支出小計>
		<合計>1685856453</合計>
	</Row>
	<Row>
		<款>1</款>
		<科目名稱>總統府主管</科目名稱>
		<人事費>3386219</人事費>
		<業務費_經>5566455</業務費_經>
		<奬補助費_經>408558</奬補助費_經>
		<債務費>-</債務費>
		<預備金_經>8166</預備金_經>
		<經常支出小計>9369398</經常支出小計>
		<業務費_資>-</業務費_資>
		<設備及投資>2778657</設備及投資>
		<奬補助費_資>-</奬補助費_資>
		<預備金_資>-</預備金_資>
		<資本支出小計>2778657</資本支出小計>
		<合計>12148055</合計>
	</Row>
	<Row>
		<款>2</款>
		<科目名稱>行政院主管</科目名稱>
		<人事費>10082029</人事費>
		<業務費_經>8833261</業務費_經>
		<奬補助費_經>9317375</奬補助費_經>
		<債務費>-</債務費>
		<預備金_經>49844</預備金_經>
		<經常支出小計>28282509</經常支出小計>
		<業務費_資>8600</業務費_資>
		<設備及投資>8652797</設備及投資>
		<奬補助費_資>4591618</奬補助費_資>
		<預備金_資>-</預備金_資>
		<資本支出小計>13253015</資本支出小計>
		<合計>41535524</合計>
	</Row>
	<Row>
		<款>3</款>
		<科目名稱>立法院主管</科目名稱>
		<人事費>2390791</人事費>
		<業務費_經>899505</業務費_經>
		<奬補助費_經>18256</奬補助費_經>
		<債務費>-</債務費>
		<預備金_經>3000</預備金_經>
		<經常支出小計>3311552</經常支出小計>
		<業務費_資>-</業務費_資>
		<設備及投資>301634</設備及投資>
		<奬補助費_資>-</奬補助費_資>
		<預備金_資>-</預備金_資>
		<資本支出小計>301634</資本支出小計>
		<合計>3613186</合計>
	</Row>
	<Row>
		<款>4</款>
		<科目名稱>司法院主管</科目名稱>
		<人事費>13208798</人事費>
		<業務費_經>2824020</業務費_經>
		<奬補助費_經>700869</奬補助費_經>
		<債務費>-</債務費>
		<預備金_經>16014</預備金_經>
		<經常支出小計>16749701</經常支出小計>
		<業務費_資>-</業務費_資>
		<設備及投資>1202486</設備及投資>
		<奬補助費_資>310340</奬補助費_資>
		<預備金_資>-</預備金_資>
		<資本支出小計>1512826</資本支出小計>
		<合計>18262527</合計>
	</Row>
	<Row>
		<款>5</款>
		<科目名稱>考試院主管</科目名稱>
		<人事費>14092327</人事費>
		<業務費_經>860895</業務費_經>
		<奬補助費_經>5416931</奬補助費_經>
		<債務費>-</債務費>
		<預備金_經>4050</預備金_經>
		<經常支出小計>20374203</經常支出小計>
		<業務費_資>-</業務費_資>
		<設備及投資>207291</設備及投資>
		<奬補助費_資>-</奬補助費_資>
		<預備金_資>-</預備金_資>
		<資本支出小計>207291</資本支出小計>
		<合計>20581494</合計>
	</Row>
	<Row>
		<款>6</款>
		<科目名稱>監察院主管</科目名稱>
		<人事費>1706546</人事費>
		<業務費_經>214939</業務費_經>
		<奬補助費_經>3601</奬補助費_經>
		<債務費>-</債務費>
		<預備金_經>4535</預備金_經>
		<經常支出小計>1929621</經常支出小計>
		<業務費_資>-</業務費_資>
		<設備及投資>101080</設備及投資>
		<奬補助費_資>-</奬補助費_資>
		<預備金_資>-</預備金_資>
		<資本支出小計>101080</資本支出小計>
		<合計>2030701</合計>
	</Row>
	<Row>
		<款>7</款>
		<科目名稱>內政部主管</科目名稱>
		<人事費>26570414</人事費>
		<業務費_經>7153556</業務費_經>
		<奬補助費_經>82546702</奬補助費_經>
		<債務費>-</債務費>
		<預備金_經>86308</預備金_經>
		<經常支出小計>116356980</經常支出小計>
		<業務費_資>12100</業務費_資>
		<設備及投資>16344774</設備及投資>
		<奬補助費_資>11485325</奬補助費_資>
		<預備金_資>-</預備金_資>
		<資本支出小計>27842199</資本支出小計>
		<合計>144199179</合計>
	</Row>
	<Row>
		<款>8</款>
		<科目名稱>外交部主管</科目名稱>
		<人事費>7483629</人事費>
		<業務費_經>12195295</業務費_經>
		<奬補助費_經>11344591</奬補助費_經>
		<債務費>-</債務費>
		<預備金_經>33152</預備金_經>
		<經常支出小計>31056667</經常支出小計>
		<業務費_資>74234</業務費_資>
		<設備及投資>376741</設備及投資>
		<奬補助費_資>2156</奬補助費_資>
		<預備金_資>-</預備金_資>
		<資本支出小計>453131</資本支出小計>
		<合計>31509798</合計>
	</Row>
	<Row>
		<款>9</款>
		<科目名稱>國防部主管</科目名稱>
		<人事費>136330338</人事費>
		<業務費_經>174606427</業務費_經>
		<奬補助費_經>1134637</奬補助費_經>
		<債務費>-</債務費>
		<預備金_經>900000</預備金_經>
		<經常支出小計>312971402</經常支出小計>
		<業務費_資>4000</業務費_資>
		<設備及投資>16236178</設備及投資>
		<奬補助費_資>12241283</奬補助費_資>
		<預備金_資>-</預備金_資>
		<資本支出小計>28481461</資本支出小計>
		<合計>341452863</合計>
	</Row>
	<Row>
		<款>10</款>
		<科目名稱>財政部主管</科目名稱>
		<人事費>16146314</人事費>
		<業務費_經>9854889</業務費_經>
		<奬補助費_經>30216918</奬補助費_經>
		<債務費>134496164</債務費>
		<預備金_經>35784</預備金_經>
		<經常支出小計>190750069</經常支出小計>
		<業務費_資>500</業務費_資>
		<設備及投資>1165285</設備及投資>
		<奬補助費_資>-</奬補助費_資>
		<預備金_資>-</預備金_資>
		<資本支出小計>1165785</資本支出小計>
		<合計>191915854</合計>
	</Row>
	<Row>
		<款>11</款>
		<科目名稱>教育部主管</科目名稱>
		<人事費>34099081</人事費>
		<業務費_經>6213989</業務費_經>
		<奬補助費_經>89182157</奬補助費_經>
		<債務費>-</債務費>
		<預備金_經>469914</預備金_經>
		<經常支出小計>129965141</經常支出小計>
		<業務費_資>63500</業務費_資>
		<設備及投資>13106218</設備及投資>
		<奬補助費_資>9555049</奬補助費_資>
		<預備金_資>-</預備金_資>
		<資本支出小計>22724767</資本支出小計>
		<合計>152689908</合計>
	</Row>
	<Row>
		<款>12</款>
		<科目名稱>法務部主管</科目名稱>
		<人事費>19856000</人事費>
		<業務費_經>5022623</業務費_經>
		<奬補助費_經>181256</奬補助費_經>
		<債務費>-</債務費>
		<預備金_經>48162</預備金_經>
		<經常支出小計>25108041</經常支出小計>
		<業務費_資>-</業務費_資>
		<設備及投資>1239923</設備及投資>
		<奬補助費_資>-</奬補助費_資>
		<預備金_資>-</預備金_資>
		<資本支出小計>1239923</資本支出小計>
		<合計>26347964</合計>
	</Row>
	<Row>
		<款>13</款>
		<科目名稱>經濟部主管</科目名稱>
		<人事費>6280042</人事費>
		<業務費_經>11136984</業務費_經>
		<奬補助費_經>20626384</奬補助費_經>
		<債務費>-</債務費>
		<預備金_經>63657</預備金_經>
		<經常支出小計>38107067</經常支出小計>
		<業務費_資>588714</業務費_資>
		<設備及投資>17262119</設備及投資>
		<奬補助費_資>6145658</奬補助費_資>
		<預備金_資>-</預備金_資>
		<資本支出小計>23996491</資本支出小計>
		<合計>62103558</合計>
	</Row>
	<Row>
		<款>14</款>
		<科目名稱>交通部主管</科目名稱>
		<人事費>7273135</人事費>
		<業務費_經>2783286</業務費_經>
		<奬補助費_經>3939467</奬補助費_經>
		<債務費>-</債務費>
		<預備金_經>24600</預備金_經>
		<經常支出小計>14020488</經常支出小計>
		<業務費_資>48800</業務費_資>
		<設備及投資>35408666</設備及投資>
		<奬補助費_資>11114825</奬補助費_資>
		<預備金_資>-</預備金_資>
		<資本支出小計>46572291</資本支出小計>
		<合計>60592779</合計>
	</Row>
	<Row>
		<款>15</款>
		<科目名稱>蒙藏委員會主管</科目名稱>
		<人事費>81916</人事費>
		<業務費_經>46844</業務費_經>
		<奬補助費_經>14443</奬補助費_經>
		<債務費>-</債務費>
		<預備金_經>594</預備金_經>
		<經常支出小計>143797</經常支出小計>
		<業務費_資>-</業務費_資>
		<設備及投資>4379</設備及投資>
		<奬補助費_資>-</奬補助費_資>
		<預備金_資>-</預備金_資>
		<資本支出小計>4379</資本支出小計>
		<合計>148176</合計>
	</Row>
	<Row>
		<款>16</款>
		<科目名稱>僑務委員會主管</科目名稱>
		<人事費>302561</人事費>
		<業務費_經>760439</業務費_經>
		<奬補助費_經>240775</奬補助費_經>
		<債務費>-</債務費>
		<預備金_經>12470</預備金_經>
		<經常支出小計>1316245</經常支出小計>
		<業務費_資>-</業務費_資>
		<設備及投資>18668</設備及投資>
		<奬補助費_資>11913</奬補助費_資>
		<預備金_資>-</預備金_資>
		<資本支出小計>30581</資本支出小計>
		<合計>1346826</合計>
	</Row>
	<Row>
		<款>17</款>
		<科目名稱>國軍退除役官兵輔導委員會主管</科目名稱>
		<人事費>86687903</人事費>
		<業務費_經>1132362</業務費_經>
		<奬補助費_經>47066475</奬補助費_經>
		<債務費>-</債務費>
		<預備金_經>60000</預備金_經>
		<經常支出小計>134946740</經常支出小計>
		<業務費_資>-</業務費_資>
		<設備及投資>421244</設備及投資>
		<奬補助費_資>-</奬補助費_資>
		<預備金_資>-</預備金_資>
		<資本支出小計>421244</資本支出小計>
		<合計>135367984</合計>
	</Row>
	<Row>
		<款>18</款>
		<科目名稱>國家科學委員會主管</科目名稱>
		<人事費>1360893</人事費>
		<業務費_經>782999</業務費_經>
		<奬補助費_經>4763822</奬補助費_經>
		<債務費>-</債務費>
		<預備金_經>4952</預備金_經>
		<經常支出小計>6912666</經常支出小計>
		<業務費_資>65625</業務費_資>
		<設備及投資>31049167</設備及投資>
		<奬補助費_資>3353302</奬補助費_資>
		<預備金_資>-</預備金_資>
		<資本支出小計>34468094</資本支出小計>
		<合計>41380760</合計>
	</Row>
	<Row>
		<款>19</款>
		<科目名稱>原子能委員會主管</科目名稱>
		<人事費>1700244</人事費>
		<業務費_經>739362</業務費_經>
		<奬補助費_經>20220</奬補助費_經>
		<債務費>-</債務費>
		<預備金_經>810</預備金_經>
		<經常支出小計>2460636</經常支出小計>
		<業務費_資>437</業務費_資>
		<設備及投資>728552</設備及投資>
		<奬補助費_資>-</奬補助費_資>
		<預備金_資>-</預備金_資>
		<資本支出小計>728989</資本支出小計>
		<合計>3189625</合計>
	</Row>
	<Row>
		<款>20</款>
		<科目名稱>農業委員會主管</科目名稱>
		<人事費>7703344</人事費>
		<業務費_經>7598767</業務費_經>
		<奬補助費_經>70170799</奬補助費_經>
		<債務費>-</債務費>
		<預備金_經>70072</預備金_經>
		<經常支出小計>85542982</經常支出小計>
		<業務費_資>359986</業務費_資>
		<設備及投資>7152489</設備及投資>
		<奬補助費_資>7172168</奬補助費_資>
		<預備金_資>-</預備金_資>
		<資本支出小計>14684643</資本支出小計>
		<合計>100227625</合計>
	</Row>
	<Row>
		<款>21</款>
		<科目名稱>勞工委員會主管</科目名稱>
		<人事費>1825622</人事費>
		<業務費_經>1134074</業務費_經>
		<奬補助費_經>51621933</奬補助費_經>
		<債務費>-</債務費>
		<預備金_經>10609</預備金_經>
		<經常支出小計>54592238</經常支出小計>
		<業務費_資>-</業務費_資>
		<設備及投資>61299</設備及投資>
		<奬補助費_資>10000</奬補助費_資>
		<預備金_資>-</預備金_資>
		<資本支出小計>71299</資本支出小計>
		<合計>54663537</合計>
	</Row>
	<Row>
		<款>22</款>
		<科目名稱>衛生署主管</科目名稱>
		<人事費>2373114</人事費>
		<業務費_經>4475607</業務費_經>
		<奬補助費_經>42865160</奬補助費_經>
		<債務費>-</債務費>
		<預備金_經>10180</預備金_經>
		<經常支出小計>49724061</經常支出小計>
		<業務費_資>109524</業務費_資>
		<設備及投資>1853276</設備及投資>
		<奬補助費_資>728719</奬補助費_資>
		<預備金_資>-</預備金_資>
		<資本支出小計>2691519</資本支出小計>
		<合計>52415580</合計>
	</Row>
	<Row>
		<款>23</款>
		<科目名稱>環境保護署主管</科目名稱>
		<人事費>1019700</人事費>
		<業務費_經>1361016</業務費_經>
		<奬補助費_經>1553672</奬補助費_經>
		<債務費>-</債務費>
		<預備金_經>4650</預備金_經>
		<經常支出小計>3939038</經常支出小計>
		<業務費_資>-</業務費_資>
		<設備及投資>298215</設備及投資>
		<奬補助費_資>3997600</奬補助費_資>
		<預備金_資>-</預備金_資>
		<資本支出小計>4295815</資本支出小計>
		<合計>8234853</合計>
	</Row>
	<Row>
		<款>24</款>
		<科目名稱>海岸巡防署主管</科目名稱>
		<人事費>8302458</人事費>
		<業務費_經>2250665</業務費_經>
		<奬補助費_經>15948</奬補助費_經>
		<債務費>-</債務費>
		<預備金_經>11968</預備金_經>
		<經常支出小計>10581039</經常支出小計>
		<業務費_資>-</業務費_資>
		<設備及投資>1765255</設備及投資>
		<奬補助費_資>-</奬補助費_資>
		<預備金_資>-</預備金_資>
		<資本支出小計>1765255</資本支出小計>
		<合計>12346294</合計>
	</Row>
	<Row>
		<款>25</款>
		<科目名稱>省市地方政府</科目名稱>
		<人事費>467771</人事費>
		<業務費_經>153665</業務費_經>
		<奬補助費_經>123106091</奬補助費_經>
		<債務費>-</債務費>
		<預備金_經>2660</預備金_經>
		<經常支出小計>123730187</經常支出小計>
		<業務費_資>-</業務費_資>
		<設備及投資>11616</設備及投資>
		<奬補助費_資>33810000</奬補助費_資>
		<預備金_資>-</預備金_資>
		<資本支出小計>33821616</資本支出小計>
		<合計>157551803</合計>
	</Row>
	<Row>
		<款>26</款>
		<科目名稱>災害準備金</科目名稱>
		<人事費>-</人事費>
		<業務費_經>-</業務費_經>
		<奬補助費_經>-</奬補助費_經>
		<債務費>-</債務費>
		<預備金_經>500000</預備金_經>
		<經常支出小計>500000</經常支出小計>
		<業務費_資>-</業務費_資>
		<設備及投資>-</設備及投資>
		<奬補助費_資>-</奬補助費_資>
		<預備金_資>1500000</預備金_資>
		<資本支出小計>1500000</資本支出小計>
		<合計>2000000</合計>
	</Row>
	<Row>
		<款>27</款>
		<科目名稱>第二預備金</科目名稱>
		<人事費>-</人事費>
		<業務費_經>-</業務費_經>
		<奬補助費_經>-</奬補助費_經>
		<債務費>-</債務費>
		<預備金_經>5500000</預備金_經>
		<經常支出小計>5500000</經常支出小計>
		<業務費_資>-</業務費_資>
		<設備及投資>-</設備及投資>
		<奬補助費_資>-</奬補助費_資>
		<預備金_資>2500000</預備金_資>
		<資本支出小計>2500000</資本支出小計>
		<合計>8000000</合計>
	</Row>
</Root>