<?xml version="1.0" encoding="UTF-8"?>
<tables>
    <BCME3450>
        <BCME3450_row>
            <objectNo>合計</objectNo>
            <budgetno_3911010100>7827375.00</budgetno_3911010100>
            <budgetno_3911011020>266476.00</budgetno_3911011020>
            <budgetno_3911011300>3248763.00</budgetno_3911011300>
            <budgetno_3911011400>1630626.00</budgetno_3911011400>
            <budgetno_3911011500>8469482.00</budgetno_3911011500>
            <budgetno_3911016100>141723.00</budgetno_3911016100>
            <budgetno_3911019002>465011.00</budgetno_3911019002>
            <budgetno_3911019011>49777.00</budgetno_3911019011>
            <budgetno_3911019800>90000.00</budgetno_3911019800>
            <total>22189233.00</total>
        </BCME3450_row>
        <BCME3450_row>
            <objectNo>0100 人事費</objectNo>
            <budgetno_3911010100>7458901.00</budgetno_3911010100>
            <budgetno_3911011020/>
            <budgetno_3911011300/>
            <budgetno_3911011400/>
            <budgetno_3911011500/>
            <budgetno_3911016100/>
            <budgetno_3911019002/>
            <budgetno_3911019011/>
            <budgetno_3911019800/>
            <total>7458901.00</total>
        </BCME3450_row>
        <BCME3450_row>
            <objectNo>  0102 政務人員待遇</objectNo>
            <budgetno_3911010100>78008.00</budgetno_3911010100>
            <budgetno_3911011020/>
            <budgetno_3911011300/>
            <budgetno_3911011400/>
            <budgetno_3911011500/>
            <budgetno_3911016100/>
            <budgetno_3911019002/>
            <budgetno_3911019011/>
            <budgetno_3911019800/>
            <total>78008.00</total>
        </BCME3450_row>
        <BCME3450_row>
            <objectNo>  0103 法定編制人員待遇</objectNo>
            <budgetno_3911010100>5028910.00</budgetno_3911010100>
            <budgetno_3911011020/>
            <budgetno_3911011300/>
            <budgetno_3911011400/>
            <budgetno_3911011500/>
            <budgetno_3911016100/>
            <budgetno_3911019002/>
            <budgetno_3911019011/>
            <budgetno_3911019800/>
            <total>5028910.00</total>
        </BCME3450_row>
        <BCME3450_row>
            <objectNo>  0104 約聘僱人員待遇</objectNo>
            <budgetno_3911010100>126276.00</budgetno_3911010100>
            <budgetno_3911011020/>
            <budgetno_3911011300/>
            <budgetno_3911011400/>
            <budgetno_3911011500/>
            <budgetno_3911016100/>
            <budgetno_3911019002/>
            <budgetno_3911019011/>
            <budgetno_3911019800/>
            <total>126276.00</total>
        </BCME3450_row>
        <BCME3450_row>
            <objectNo>  0105 技工及工友待遇</objectNo>
            <budgetno_3911010100>33360.00</budgetno_3911010100>
            <budgetno_3911011020/>
            <budgetno_3911011300/>
            <budgetno_3911011400/>
            <budgetno_3911011500/>
            <budgetno_3911016100/>
            <budgetno_3911019002/>
            <budgetno_3911019011/>
            <budgetno_3911019800/>
            <total>33360.00</total>
        </BCME3450_row>
        <BCME3450_row>
            <objectNo>  0111 獎金</objectNo>
            <budgetno_3911010100>651078.00</budgetno_3911010100>
            <budgetno_3911011020/>
            <budgetno_3911011300/>
            <budgetno_3911011400/>
            <budgetno_3911011500/>
            <budgetno_3911016100/>
            <budgetno_3911019002/>
            <budgetno_3911019011/>
            <budgetno_3911019800/>
            <total>651078.00</total>
        </BCME3450_row>
        <BCME3450_row>
            <objectNo>  0121 其他給與</objectNo>
            <budgetno_3911010100>1064151.00</budgetno_3911010100>
            <budgetno_3911011020/>
            <budgetno_3911011300/>
            <budgetno_3911011400/>
            <budgetno_3911011500/>
            <budgetno_3911016100/>
            <budgetno_3911019002/>
            <budgetno_3911019011/>
            <budgetno_3911019800/>
            <total>1064151.00</total>
        </BCME3450_row>
        <BCME3450_row>
            <objectNo>  0131 加班值班費</objectNo>
            <budgetno_3911010100>153896.00</budgetno_3911010100>
            <budgetno_3911011020/>
            <budgetno_3911011300/>
            <budgetno_3911011400/>
            <budgetno_3911011500/>
            <budgetno_3911016100/>
            <budgetno_3911019002/>
            <budgetno_3911019011/>
            <budgetno_3911019800/>
            <total>153896.00</total>
        </BCME3450_row>
        <BCME3450_row>
            <objectNo>  0142 退休退職給付</objectNo>
            <budgetno_3911010100>21259.00</budgetno_3911010100>
            <budgetno_3911011020/>
            <budgetno_3911011300/>
            <budgetno_3911011400/>
            <budgetno_3911011500/>
            <budgetno_3911016100/>
            <budgetno_3911019002/>
            <budgetno_3911019011/>
            <budgetno_3911019800/>
            <total>21259.00</total>
        </BCME3450_row>
        <BCME3450_row>
            <objectNo>  0143 退休離職儲金</objectNo>
            <budgetno_3911010100>127532.00</budgetno_3911010100>
            <budgetno_3911011020/>
            <budgetno_3911011300/>
            <budgetno_3911011400/>
            <budgetno_3911011500/>
            <budgetno_3911016100/>
            <budgetno_3911019002/>
            <budgetno_3911019011/>
            <budgetno_3911019800/>
            <total>127532.00</total>
        </BCME3450_row>
        <BCME3450_row>
            <objectNo>  0151 保險</objectNo>
            <budgetno_3911010100>174431.00</budgetno_3911010100>
            <budgetno_3911011020/>
            <budgetno_3911011300/>
            <budgetno_3911011400/>
            <budgetno_3911011500/>
            <budgetno_3911016100/>
            <budgetno_3911019002/>
            <budgetno_3911019011/>
            <budgetno_3911019800/>
            <total>174431.00</total>
        </BCME3450_row>
        <BCME3450_row>
            <objectNo>0200 業務費</objectNo>
            <budgetno_3911010100>260407.00</budgetno_3911010100>
            <budgetno_3911011020>263246.00</budgetno_3911011020>
            <budgetno_3911011300>3199236.00</budgetno_3911011300>
            <budgetno_3911011400>1101524.00</budgetno_3911011400>
            <budgetno_3911011500>1102125.00</budgetno_3911011500>
            <budgetno_3911016100>3050.00</budgetno_3911016100>
            <budgetno_3911019002/>
            <budgetno_3911019011/>
            <budgetno_3911019800/>
            <total>5929588.00</total>
        </BCME3450_row>
        <BCME3450_row>
            <objectNo>  0201 教育訓練費</objectNo>
            <budgetno_3911010100>510.00</budgetno_3911010100>
            <budgetno_3911011020>27844.00</budgetno_3911011020>
            <budgetno_3911011300>2969.00</budgetno_3911011300>
            <budgetno_3911011400/>
            <budgetno_3911011500/>
            <budgetno_3911016100/>
            <budgetno_3911019002/>
            <budgetno_3911019011/>
            <budgetno_3911019800/>
            <total>31323.00</total>
        </BCME3450_row>
        <BCME3450_row>
            <objectNo>  0202 水電費</objectNo>
            <budgetno_3911010100>16837.00</budgetno_3911010100>
            <budgetno_3911011020/>
            <budgetno_3911011300>54750.00</budgetno_3911011300>
            <budgetno_3911011400/>
            <budgetno_3911011500/>
            <budgetno_3911016100/>
            <budgetno_3911019002/>
            <budgetno_3911019011/>
            <budgetno_3911019800/>
            <total>71587.00</total>
        </BCME3450_row>
        <BCME3450_row>
            <objectNo>  0203 通訊費</objectNo>
            <budgetno_3911010100>50291.00</budgetno_3911010100>
            <budgetno_3911011020>34777.00</budgetno_3911011020>
            <budgetno_3911011300>118864.00</budgetno_3911011300>
            <budgetno_3911011400/>
            <budgetno_3911011500/>
            <budgetno_3911016100/>
            <budgetno_3911019002/>
            <budgetno_3911019011/>
            <budgetno_3911019800/>
            <total>203932.00</total>
        </BCME3450_row>
        <BCME3450_row>
            <objectNo>  0215 資訊服務費</objectNo>
            <budgetno_3911010100>44290.00</budgetno_3911010100>
            <budgetno_3911011020/>
            <budgetno_3911011300>17304.00</budgetno_3911011300>
            <budgetno_3911011400/>
            <budgetno_3911011500/>
            <budgetno_3911016100/>
            <budgetno_3911019002/>
            <budgetno_3911019011/>
            <budgetno_3911019800/>
            <total>61594.00</total>
        </BCME3450_row>
        <BCME3450_row>
            <objectNo>  0219 其他業務租金</objectNo>
            <budgetno_3911010100>13728.00</budgetno_3911010100>
            <budgetno_3911011020/>
            <budgetno_3911011300>1242053.00</budgetno_3911011300>
            <budgetno_3911011400/>
            <budgetno_3911011500/>
            <budgetno_3911016100/>
            <budgetno_3911019002/>
            <budgetno_3911019011/>
            <budgetno_3911019800/>
            <total>1255781.00</total>
        </BCME3450_row>
        <BCME3450_row>
            <objectNo>  0221 稅捐及規費</objectNo>
            <budgetno_3911010100>2205.00</budgetno_3911010100>
            <budgetno_3911011020/>
            <budgetno_3911011300>12487.00</budgetno_3911011300>
            <budgetno_3911011400/>
            <budgetno_3911011500/>
            <budgetno_3911016100/>
            <budgetno_3911019002/>
            <budgetno_3911019011/>
            <budgetno_3911019800/>
            <total>14692.00</total>
        </BCME3450_row>
        <BCME3450_row>
            <objectNo>  0231 保險費</objectNo>
            <budgetno_3911010100>2947.00</budgetno_3911010100>
            <budgetno_3911011020/>
            <budgetno_3911011300>193926.00</budgetno_3911011300>
            <budgetno_3911011400>111.00</budgetno_3911011400>
            <budgetno_3911011500/>
            <budgetno_3911016100/>
            <budgetno_3911019002/>
            <budgetno_3911019011/>
            <budgetno_3911019800/>
            <total>196984.00</total>
        </BCME3450_row>
        <BCME3450_row>
            <objectNo>  0249 臨時人員酬金</objectNo>
            <budgetno_3911010100>9750.00</budgetno_3911010100>
            <budgetno_3911011020>23621.00</budgetno_3911011020>
            <budgetno_3911011300>165966.00</budgetno_3911011300>
            <budgetno_3911011400/>
            <budgetno_3911011500/>
            <budgetno_3911016100/>
            <budgetno_3911019002/>
            <budgetno_3911019011/>
            <budgetno_3911019800/>
            <total>199337.00</total>
        </BCME3450_row>
        <BCME3450_row>
            <objectNo>  0250 按日按件計資酬金</objectNo>
            <budgetno_3911010100>3894.00</budgetno_3911010100>
            <budgetno_3911011020>10435.00</budgetno_3911011020>
            <budgetno_3911011300>29500.00</budgetno_3911011300>
            <budgetno_3911011400/>
            <budgetno_3911011500/>
            <budgetno_3911016100/>
            <budgetno_3911019002/>
            <budgetno_3911019011/>
            <budgetno_3911019800/>
            <total>43829.00</total>
        </BCME3450_row>
        <BCME3450_row>
            <objectNo>  0251 委辦費</objectNo>
            <budgetno_3911010100>1500.00</budgetno_3911010100>
            <budgetno_3911011020>17679.00</budgetno_3911011020>
            <budgetno_3911011300/>
            <budgetno_3911011400>78500.00</budgetno_3911011400>
            <budgetno_3911011500>938669.00</budgetno_3911011500>
            <budgetno_3911016100/>
            <budgetno_3911019002/>
            <budgetno_3911019011/>
            <budgetno_3911019800/>
            <total>1036348.00</total>
        </BCME3450_row>
        <BCME3450_row>
            <objectNo>  0261 國際組織會費</objectNo>
            <budgetno_3911010100/>
            <budgetno_3911011020/>
            <budgetno_3911011300/>
            <budgetno_3911011400>108030.00</budgetno_3911011400>
            <budgetno_3911011500/>
            <budgetno_3911016100/>
            <budgetno_3911019002/>
            <budgetno_3911019011/>
            <budgetno_3911019800/>
            <total>108030.00</total>
        </BCME3450_row>
        <BCME3450_row>
            <objectNo>  0262 國內組織會費</objectNo>
            <budgetno_3911010100/>
            <budgetno_3911011020>21.00</budgetno_3911011020>
            <budgetno_3911011300/>
            <budgetno_3911011400/>
            <budgetno_3911011500/>
            <budgetno_3911016100/>
            <budgetno_3911019002/>
            <budgetno_3911019011/>
            <budgetno_3911019800/>
            <total>21.00</total>
        </BCME3450_row>
        <BCME3450_row>
            <objectNo>  0271 物品</objectNo>
            <budgetno_3911010100>11125.00</budgetno_3911010100>
            <budgetno_3911011020>6200.00</budgetno_3911011020>
            <budgetno_3911011300>146916.00</budgetno_3911011300>
            <budgetno_3911011400/>
            <budgetno_3911011500/>
            <budgetno_3911016100/>
            <budgetno_3911019002/>
            <budgetno_3911019011/>
            <budgetno_3911019800/>
            <total>164241.00</total>
        </BCME3450_row>
        <BCME3450_row>
            <objectNo>  0279 一般事務費</objectNo>
            <budgetno_3911010100>69578.00</budgetno_3911010100>
            <budgetno_3911011020>107939.00</budgetno_3911011020>
            <budgetno_3911011300>885071.00</budgetno_3911011300>
            <budgetno_3911011400>726448.00</budgetno_3911011400>
            <budgetno_3911011500>147816.00</budgetno_3911011500>
            <budgetno_3911016100>2600.00</budgetno_3911016100>
            <budgetno_3911019002/>
            <budgetno_3911019011/>
            <budgetno_3911019800/>
            <total>1939452.00</total>
        </BCME3450_row>
        <BCME3450_row>
            <objectNo>  0282 房屋建築養護費</objectNo>
            <budgetno_3911010100>20434.00</budgetno_3911010100>
            <budgetno_3911011020/>
            <budgetno_3911011300>36440.00</budgetno_3911011300>
            <budgetno_3911011400/>
            <budgetno_3911011500/>
            <budgetno_3911016100/>
            <budgetno_3911019002/>
            <budgetno_3911019011/>
            <budgetno_3911019800/>
            <total>56874.00</total>
        </BCME3450_row>
        <BCME3450_row>
            <objectNo>  0283 車輛及辦公器具養護費</objectNo>
            <budgetno_3911010100>1929.00</budgetno_3911010100>
            <budgetno_3911011020/>
            <budgetno_3911011300>42513.00</budgetno_3911011300>
            <budgetno_3911011400/>
            <budgetno_3911011500/>
            <budgetno_3911016100/>
            <budgetno_3911019002/>
            <budgetno_3911019011/>
            <budgetno_3911019800/>
            <total>44442.00</total>
        </BCME3450_row>
        <BCME3450_row>
            <objectNo>  0284 設施及機械設備養護費</objectNo>
            <budgetno_3911010100>8233.00</budgetno_3911010100>
            <budgetno_3911011020/>
            <budgetno_3911011300/>
            <budgetno_3911011400/>
            <budgetno_3911011500/>
            <budgetno_3911016100/>
            <budgetno_3911019002/>
            <budgetno_3911019011/>
            <budgetno_3911019800/>
            <total>8233.00</total>
        </BCME3450_row>
        <BCME3450_row>
            <objectNo>  0291 國內旅費</objectNo>
            <budgetno_3911010100>894.00</budgetno_3911010100>
            <budgetno_3911011020/>
            <budgetno_3911011300/>
            <budgetno_3911011400>260.00</budgetno_3911011400>
            <budgetno_3911011500/>
            <budgetno_3911016100/>
            <budgetno_3911019002/>
            <budgetno_3911019011/>
            <budgetno_3911019800/>
            <total>1154.00</total>
        </BCME3450_row>
        <BCME3450_row>
            <objectNo>  0293 國外旅費</objectNo>
            <budgetno_3911010100/>
            <budgetno_3911011020>22672.00</budgetno_3911011020>
            <budgetno_3911011300>250477.00</budgetno_3911011300>
            <budgetno_3911011400>187985.00</budgetno_3911011400>
            <budgetno_3911011500>15640.00</budgetno_3911011500>
            <budgetno_3911016100>450.00</budgetno_3911016100>
            <budgetno_3911019002/>
            <budgetno_3911019011/>
            <budgetno_3911019800/>
            <total>477224.00</total>
        </BCME3450_row>
        <BCME3450_row>
            <objectNo>  0294 運費</objectNo>
            <budgetno_3911010100/>
            <budgetno_3911011020>12058.00</budgetno_3911011020>
            <budgetno_3911011300/>
            <budgetno_3911011400/>
            <budgetno_3911011500/>
            <budgetno_3911016100/>
            <budgetno_3911019002/>
            <budgetno_3911019011/>
            <budgetno_3911019800/>
            <total>12058.00</total>
        </BCME3450_row>
        <BCME3450_row>
            <objectNo>  0295 短程車資</objectNo>
            <budgetno_3911010100>925.00</budgetno_3911010100>
            <budgetno_3911011020/>
            <budgetno_3911011300/>
            <budgetno_3911011400>190.00</budgetno_3911011400>
            <budgetno_3911011500/>
            <budgetno_3911016100/>
            <budgetno_3911019002/>
            <budgetno_3911019011/>
            <budgetno_3911019800/>
            <total>1115.00</total>
        </BCME3450_row>
        <BCME3450_row>
            <objectNo>  0299 特別費</objectNo>
            <budgetno_3911010100>1337.00</budgetno_3911010100>
            <budgetno_3911011020/>
            <budgetno_3911011300/>
            <budgetno_3911011400/>
            <budgetno_3911011500/>
            <budgetno_3911016100/>
            <budgetno_3911019002/>
            <budgetno_3911019011/>
            <budgetno_3911019800/>
            <total>1337.00</total>
        </BCME3450_row>
        <BCME3450_row>
            <objectNo>0300 設備及投資</objectNo>
            <budgetno_3911010100>103878.00</budgetno_3911010100>
            <budgetno_3911011020/>
            <budgetno_3911011300>49527.00</budgetno_3911011300>
            <budgetno_3911011400/>
            <budgetno_3911011500/>
            <budgetno_3911016100/>
            <budgetno_3911019002>465011.00</budgetno_3911019002>
            <budgetno_3911019011>49777.00</budgetno_3911019011>
            <budgetno_3911019800/>
            <total>668193.00</total>
        </BCME3450_row>
        <BCME3450_row>
            <objectNo>  0302 房屋建築及設備費</objectNo>
            <budgetno_3911010100/>
            <budgetno_3911011020/>
            <budgetno_3911011300/>
            <budgetno_3911011400/>
            <budgetno_3911011500/>
            <budgetno_3911016100/>
            <budgetno_3911019002>465011.00</budgetno_3911019002>
            <budgetno_3911019011/>
            <budgetno_3911019800/>
            <total>465011.00</total>
        </BCME3450_row>
        <BCME3450_row>
            <objectNo>  0304 機械設備費</objectNo>
            <budgetno_3911010100>100.00</budgetno_3911010100>
            <budgetno_3911011020/>
            <budgetno_3911011300/>
            <budgetno_3911011400/>
            <budgetno_3911011500/>
            <budgetno_3911016100/>
            <budgetno_3911019002/>
            <budgetno_3911019011>2756.00</budgetno_3911019011>
            <budgetno_3911019800/>
            <total>2856.00</total>
        </BCME3450_row>
        <BCME3450_row>
            <objectNo>  0305 運輸設備費</objectNo>
            <budgetno_3911010100/>
            <budgetno_3911011020/>
            <budgetno_3911011300/>
            <budgetno_3911011400/>
            <budgetno_3911011500/>
            <budgetno_3911016100/>
            <budgetno_3911019002/>
            <budgetno_3911019011>47021.00</budgetno_3911019011>
            <budgetno_3911019800/>
            <total>47021.00</total>
        </BCME3450_row>
        <BCME3450_row>
            <objectNo>  0306 資訊軟硬體設備費</objectNo>
            <budgetno_3911010100>92005.00</budgetno_3911010100>
            <budgetno_3911011020/>
            <budgetno_3911011300/>
            <budgetno_3911011400/>
            <budgetno_3911011500/>
            <budgetno_3911016100/>
            <budgetno_3911019002/>
            <budgetno_3911019011/>
            <budgetno_3911019800/>
            <total>92005.00</total>
        </BCME3450_row>
        <BCME3450_row>
            <objectNo>  0319 雜項設備費</objectNo>
            <budgetno_3911010100>11773.00</budgetno_3911010100>
            <budgetno_3911011020/>
            <budgetno_3911011300>49527.00</budgetno_3911011300>
            <budgetno_3911011400/>
            <budgetno_3911011500/>
            <budgetno_3911016100/>
            <budgetno_3911019002/>
            <budgetno_3911019011/>
            <budgetno_3911019800/>
            <total>61300.00</total>
        </BCME3450_row>
        <BCME3450_row>
            <objectNo>0400 獎補助費</objectNo>
            <budgetno_3911010100>4189.00</budgetno_3911010100>
            <budgetno_3911011020>3230.00</budgetno_3911011020>
            <budgetno_3911011300/>
            <budgetno_3911011400>529102.00</budgetno_3911011400>
            <budgetno_3911011500>7367357.00</budgetno_3911011500>
            <budgetno_3911016100>138673.00</budgetno_3911016100>
            <budgetno_3911019002/>
            <budgetno_3911019011/>
            <budgetno_3911019800/>
            <total>8042551.00</total>
        </BCME3450_row>
        <BCME3450_row>
            <objectNo>  0436 對外之捐助</objectNo>
            <budgetno_3911010100/>
            <budgetno_3911011020/>
            <budgetno_3911011300/>
            <budgetno_3911011400>158519.00</budgetno_3911011400>
            <budgetno_3911011500>7349749.00</budgetno_3911011500>
            <budgetno_3911016100>129367.00</budgetno_3911016100>
            <budgetno_3911019002/>
            <budgetno_3911019011/>
            <budgetno_3911019800/>
            <total>7637635.00</total>
        </BCME3450_row>
        <BCME3450_row>
            <objectNo>  0437 對國內團體之捐助</objectNo>
            <budgetno_3911010100>7.00</budgetno_3911010100>
            <budgetno_3911011020>2380.00</budgetno_3911011020>
            <budgetno_3911011300/>
            <budgetno_3911011400>370583.00</budgetno_3911011400>
            <budgetno_3911011500>17608.00</budgetno_3911011500>
            <budgetno_3911016100>5578.00</budgetno_3911016100>
            <budgetno_3911019002/>
            <budgetno_3911019011/>
            <budgetno_3911019800/>
            <total>396156.00</total>
        </BCME3450_row>
        <BCME3450_row>
            <objectNo>  0441 對學生之獎助</objectNo>
            <budgetno_3911010100/>
            <budgetno_3911011020>850.00</budgetno_3911011020>
            <budgetno_3911011300/>
            <budgetno_3911011400/>
            <budgetno_3911011500/>
            <budgetno_3911016100/>
            <budgetno_3911019002/>
            <budgetno_3911019011/>
            <budgetno_3911019800/>
            <total>850.00</total>
        </BCME3450_row>
        <BCME3450_row>
            <objectNo>  0475 獎勵及慰問</objectNo>
            <budgetno_3911010100>3762.00</budgetno_3911010100>
            <budgetno_3911011020/>
            <budgetno_3911011300/>
            <budgetno_3911011400/>
            <budgetno_3911011500/>
            <budgetno_3911016100/>
            <budgetno_3911019002/>
            <budgetno_3911019011/>
            <budgetno_3911019800/>
            <total>3762.00</total>
        </BCME3450_row>
        <BCME3450_row>
            <objectNo>  0476 其他補助及捐助</objectNo>
            <budgetno_3911010100>420.00</budgetno_3911010100>
            <budgetno_3911011020/>
            <budgetno_3911011300/>
            <budgetno_3911011400/>
            <budgetno_3911011500/>
            <budgetno_3911016100>3728.00</budgetno_3911016100>
            <budgetno_3911019002/>
            <budgetno_3911019011/>
            <budgetno_3911019800/>
            <total>4148.00</total>
        </BCME3450_row>
        <BCME3450_row>
            <objectNo>0900 預備金</objectNo>
            <budgetno_3911010100/>
            <budgetno_3911011020/>
            <budgetno_3911011300/>
            <budgetno_3911011400/>
            <budgetno_3911011500/>
            <budgetno_3911016100/>
            <budgetno_3911019002/>
            <budgetno_3911019011/>
            <budgetno_3911019800>90000.00</budgetno_3911019800>
            <total>90000.00</total>
        </BCME3450_row>
        <BCME3450_row>
            <objectNo>  0901 第一預備金</objectNo>
            <budgetno_3911010100/>
            <budgetno_3911011020/>
            <budgetno_3911011300/>
            <budgetno_3911011400/>
            <budgetno_3911011500/>
            <budgetno_3911016100/>
            <budgetno_3911019002/>
            <budgetno_3911019011/>
            <budgetno_3911019800>90000.00</budgetno_3911019800>
            <total>90000.00</total>
        </BCME3450_row>
    </BCME3450>
</tables>
