<?xml version="1.0"?>
<?mso-application progid="Excel.Sheet"?>
<Workbook xmlns="urn:schemas-microsoft-com:office:spreadsheet"
 xmlns:o="urn:schemas-microsoft-com:office:office"
 xmlns:x="urn:schemas-microsoft-com:office:excel"
 xmlns:ss="urn:schemas-microsoft-com:office:spreadsheet"
 xmlns:html="http://www.w3.org/TR/REC-html40">
 <DocumentProperties xmlns="urn:schemas-microsoft-com:office:office">
  <Author>Administrator</Author>
  <LastAuthor>pychiang</LastAuthor>
  <LastPrinted>2015-03-03T01:59:59Z</LastPrinted>
  <Created>2002-04-24T09:23:51Z</Created>
  <LastSaved>2015-03-03T02:31:46Z</LastSaved>
  <Company>144</Company>
  <Version>11.9999</Version>
 </DocumentProperties>
 <ExcelWorkbook xmlns="urn:schemas-microsoft-com:office:excel">
  <WindowHeight>9315</WindowHeight>
  <WindowWidth>7650</WindowWidth>
  <WindowTopX>-15</WindowTopX>
  <WindowTopY>-15</WindowTopY>
  <ProtectStructure>False</ProtectStructure>
  <ProtectWindows>False</ProtectWindows>
 </ExcelWorkbook>
 <Styles>
  <Style ss:ID="Default" ss:Name="Normal">
   <Alignment ss:Vertical="Center"/>
   <Borders/>
   <Font ss:FontName="新細明體" x:CharSet="136" x:Family="Roman" ss:Size="12"/>
   <Interior/>
   <NumberFormat/>
   <Protection/>
  </Style>
  <Style ss:ID="s34" ss:Name="一般_辦公房舍明細表">
   <Alignment ss:Vertical="Bottom"/>
   <Borders/>
   <Font ss:FontName="新細明體" x:CharSet="136" x:Family="Roman" ss:Size="12"/>
   <Interior/>
   <NumberFormat/>
   <Protection/>
  </Style>
  <Style ss:ID="s65" ss:Parent="s34">
   <Font ss:FontName="Times New Roman" x:Family="Roman" ss:Size="12"/>
   <Interior/>
  </Style>
  <Style ss:ID="s66" ss:Parent="s34">
   <Alignment ss:Horizontal="Left" ss:Vertical="Bottom" ss:Indent="4"/>
   <Font ss:FontName="Times New Roman" x:Family="Roman" ss:Size="12"/>
   <Interior/>
  </Style>
  <Style ss:ID="s67" ss:Parent="s34">
   <Alignment ss:Horizontal="Center" ss:Vertical="Top"/>
   <Font ss:FontName="Times New Roman" x:Family="Roman"/>
   <Interior/>
  </Style>
  <Style ss:ID="s68" ss:Parent="s34">
   <Alignment ss:Vertical="Top"/>
   <Font ss:FontName="標楷體" x:CharSet="136" x:Family="Script"/>
   <Interior/>
  </Style>
  <Style ss:ID="s69" ss:Parent="s34">
   <Alignment ss:Vertical="Top"/>
   <Font ss:FontName="Times New Roman" x:Family="Roman"/>
   <Interior/>
  </Style>
  <Style ss:ID="s70" ss:Parent="s34">
   <Alignment ss:Vertical="Top"/>
   <Font ss:FontName="Times New Roman" x:Family="Roman" ss:Size="12"/>
   <Interior/>
  </Style>
  <Style ss:ID="s71" ss:Parent="s34">
   <Alignment ss:Horizontal="Left" ss:Vertical="Bottom" ss:Indent="4"/>
   <Font ss:FontName="Times New Roman" x:Family="Roman" ss:Size="16" ss:Bold="1"/>
   <Interior/>
  </Style>
  <Style ss:ID="s72" ss:Parent="s34">
   <Alignment ss:Vertical="Bottom"/>
   <Font ss:FontName="Times New Roman" x:Family="Roman"/>
   <Interior/>
  </Style>
  <Style ss:ID="s73" ss:Parent="s34">
   <Alignment ss:Horizontal="Left" ss:Vertical="Bottom" ss:Indent="4"/>
   <Font ss:FontName="Times New Roman" x:Family="Roman" ss:Size="12" ss:Bold="1"/>
   <Interior/>
  </Style>
  <Style ss:ID="s74" ss:Parent="s34">
   <Alignment ss:Horizontal="Right" ss:Vertical="Bottom"/>
   <Font ss:FontName="標楷體" x:CharSet="136" x:Family="Script" ss:Size="12"/>
   <Interior/>
  </Style>
  <Style ss:ID="s75" ss:Parent="s34">
   <Alignment ss:Horizontal="Center" ss:Vertical="Center" ss:WrapText="1"/>
   <Borders>
    <Border ss:Position="Bottom" ss:LineStyle="Continuous" ss:Weight="1"/>
    <Border ss:Position="Left" ss:LineStyle="Continuous" ss:Weight="1"/>
    <Border ss:Position="Right" ss:LineStyle="Continuous" ss:Weight="1"/>
    <Border ss:Position="Top" ss:LineStyle="Continuous" ss:Weight="1"/>
   </Borders>
   <Font ss:FontName="標楷體" x:CharSet="136" x:Family="Script" ss:Size="12"/>
   <Interior/>
  </Style>
  <Style ss:ID="s76" ss:Parent="s34">
   <Borders>
    <Border ss:Position="Bottom" ss:LineStyle="Continuous" ss:Weight="1"/>
    <Border ss:Position="Left" ss:LineStyle="Continuous" ss:Weight="1"/>
    <Border ss:Position="Right" ss:LineStyle="Continuous" ss:Weight="1"/>
    <Border ss:Position="Top" ss:LineStyle="Continuous" ss:Weight="1"/>
   </Borders>
   <Font ss:FontName="Times New Roman" x:Family="Roman" ss:Size="12" ss:Bold="1"/>
   <Interior/>
   <NumberFormat ss:Format="#,##0"/>
  </Style>
  <Style ss:ID="s77" ss:Parent="s34">
   <Borders>
    <Border ss:Position="Bottom" ss:LineStyle="Continuous" ss:Weight="1"/>
    <Border ss:Position="Left" ss:LineStyle="Continuous" ss:Weight="1"/>
    <Border ss:Position="Right" ss:LineStyle="Continuous" ss:Weight="1"/>
    <Border ss:Position="Top" ss:LineStyle="Continuous" ss:Weight="1"/>
   </Borders>
   <Font ss:FontName="Times New Roman" x:Family="Roman" ss:Size="12" ss:Bold="1"/>
   <Interior/>
   <NumberFormat ss:Format="Standard"/>
  </Style>
  <Style ss:ID="s78" ss:Parent="s34">
   <Borders>
    <Border ss:Position="Bottom" ss:LineStyle="Continuous" ss:Weight="1"/>
    <Border ss:Position="Left" ss:LineStyle="Continuous" ss:Weight="1"/>
    <Border ss:Position="Right" ss:LineStyle="Continuous" ss:Weight="1"/>
    <Border ss:Position="Top" ss:LineStyle="Continuous" ss:Weight="1"/>
   </Borders>
   <Font ss:FontName="Times New Roman" x:Family="Roman" ss:Size="12"/>
   <Interior/>
   <NumberFormat ss:Format="#,##0"/>
  </Style>
  <Style ss:ID="s79" ss:Parent="s34">
   <Borders>
    <Border ss:Position="Bottom" ss:LineStyle="Continuous" ss:Weight="1"/>
    <Border ss:Position="Left" ss:LineStyle="Continuous" ss:Weight="1"/>
    <Border ss:Position="Right" ss:LineStyle="Continuous" ss:Weight="1"/>
    <Border ss:Position="Top" ss:LineStyle="Continuous" ss:Weight="1"/>
   </Borders>
   <Font ss:FontName="Times New Roman" x:Family="Roman" ss:Size="12"/>
   <Interior/>
   <NumberFormat ss:Format="Standard"/>
  </Style>
  <Style ss:ID="s80" ss:Parent="s34">
   <Font ss:FontName="Times New Roman" x:Family="Roman" ss:Size="12" ss:Bold="1"/>
   <Interior/>
  </Style>
  <Style ss:ID="s81" ss:Parent="s34">
   <Borders>
    <Border ss:Position="Bottom" ss:LineStyle="Continuous" ss:Weight="1"/>
    <Border ss:Position="Left" ss:LineStyle="Continuous" ss:Weight="1"/>
    <Border ss:Position="Right" ss:LineStyle="Continuous" ss:Weight="1"/>
    <Border ss:Position="Top" ss:LineStyle="Continuous" ss:Weight="1"/>
   </Borders>
   <Font ss:FontName="Times New Roman" x:Family="Roman" ss:Size="12" ss:Bold="1"/>
   <Interior/>
  </Style>
  <Style ss:ID="s82" ss:Parent="s34">
   <Font ss:FontName="Times New Roman" x:Family="Roman" ss:Size="11.5"/>
   <Interior/>
  </Style>
  <Style ss:ID="s83" ss:Parent="s34">
   <Borders>
    <Border ss:Position="Bottom" ss:LineStyle="Continuous" ss:Weight="1"/>
    <Border ss:Position="Left" ss:LineStyle="Continuous" ss:Weight="1"/>
    <Border ss:Position="Right" ss:LineStyle="Continuous" ss:Weight="1"/>
    <Border ss:Position="Top" ss:LineStyle="Continuous" ss:Weight="1"/>
   </Borders>
   <Font ss:FontName="Times New Roman" x:Family="Roman" ss:Size="12" ss:Bold="1"/>
   <Interior ss:Color="#FFFFFF" ss:Pattern="Solid"/>
   <NumberFormat ss:Format="#,##0"/>
  </Style>
  <Style ss:ID="s84" ss:Parent="s34">
   <Borders>
    <Border ss:Position="Bottom" ss:LineStyle="Continuous" ss:Weight="1"/>
    <Border ss:Position="Left" ss:LineStyle="Continuous" ss:Weight="1"/>
    <Border ss:Position="Right" ss:LineStyle="Continuous" ss:Weight="1"/>
    <Border ss:Position="Top" ss:LineStyle="Continuous" ss:Weight="1"/>
   </Borders>
   <Font ss:FontName="Times New Roman" x:Family="Roman" ss:Size="12"/>
   <Interior ss:Color="#FFFFFF" ss:Pattern="Solid"/>
   <NumberFormat ss:Format="#,##0"/>
  </Style>
  <Style ss:ID="s85" ss:Parent="s34">
   <Borders>
    <Border ss:Position="Bottom" ss:LineStyle="Continuous" ss:Weight="1"/>
    <Border ss:Position="Left" ss:LineStyle="Continuous" ss:Weight="1"/>
    <Border ss:Position="Right" ss:LineStyle="Continuous" ss:Weight="1"/>
    <Border ss:Position="Top" ss:LineStyle="Continuous" ss:Weight="1"/>
   </Borders>
   <Font ss:FontName="Times New Roman" x:Family="Roman" ss:Size="12" ss:Bold="1"/>
   <Interior ss:Color="#FFFFFF" ss:Pattern="Solid"/>
   <NumberFormat ss:Format="Standard"/>
  </Style>
  <Style ss:ID="s111" ss:Parent="s34">
   <Alignment ss:Horizontal="Left" ss:Vertical="Bottom" ss:Indent="4"/>
   <Font ss:FontName="標楷體" x:CharSet="136" x:Family="Script" ss:Size="14"
    ss:Bold="1"/>
   <Interior/>
  </Style>
  <Style ss:ID="s113" ss:Parent="s34">
   <Alignment ss:Horizontal="Center" ss:Vertical="Bottom"/>
   <Borders>
    <Border ss:Position="Bottom" ss:LineStyle="Continuous" ss:Weight="1"/>
    <Border ss:Position="Left" ss:LineStyle="Continuous" ss:Weight="1"/>
    <Border ss:Position="Right" ss:LineStyle="Continuous" ss:Weight="1"/>
    <Border ss:Position="Top" ss:LineStyle="Continuous" ss:Weight="1"/>
   </Borders>
   <Font ss:FontName="標楷體" x:CharSet="136" x:Family="Script" ss:Size="12"/>
   <Interior/>
  </Style>
  <Style ss:ID="s115" ss:Parent="s34">
   <Alignment ss:Horizontal="Left" ss:Vertical="Bottom" ss:Indent="8"/>
   <Borders>
    <Border ss:Position="Bottom" ss:LineStyle="Continuous" ss:Weight="1"/>
   </Borders>
   <Font ss:FontName="標楷體" x:CharSet="136" x:Family="Script" ss:Size="12"
    ss:Bold="1"/>
   <Interior/>
  </Style>
  <Style ss:ID="s117" ss:Parent="s34">
   <Alignment ss:Horizontal="Center" ss:Vertical="Bottom"/>
   <Borders>
    <Border ss:Position="Bottom" ss:LineStyle="Continuous" ss:Weight="1"/>
    <Border ss:Position="Left" ss:LineStyle="Continuous" ss:Weight="1"/>
    <Border ss:Position="Right" ss:LineStyle="Continuous" ss:Weight="1"/>
    <Border ss:Position="Top" ss:LineStyle="Continuous" ss:Weight="1"/>
   </Borders>
   <Font ss:FontName="Times New Roman" x:Family="Roman" ss:Size="12" ss:Bold="1"/>
   <Interior/>
  </Style>
  <Style ss:ID="s118" ss:Parent="s34">
   <Alignment ss:Horizontal="Left" ss:Vertical="Bottom"/>
   <Borders>
    <Border ss:Position="Bottom" ss:LineStyle="Continuous" ss:Weight="1"/>
    <Border ss:Position="Left" ss:LineStyle="Continuous" ss:Weight="1"/>
    <Border ss:Position="Right" ss:LineStyle="Continuous" ss:Weight="1"/>
    <Border ss:Position="Top" ss:LineStyle="Continuous" ss:Weight="1"/>
   </Borders>
   <Font ss:FontName="標楷體" x:CharSet="136" x:Family="Script" ss:Size="12"
    ss:Bold="1"/>
   <Interior/>
  </Style>
  <Style ss:ID="s119" ss:Parent="s34">
   <Alignment ss:Horizontal="Left" ss:Vertical="Bottom"/>
   <Borders>
    <Border ss:Position="Bottom" ss:LineStyle="Continuous" ss:Weight="1"/>
    <Border ss:Position="Left" ss:LineStyle="Continuous" ss:Weight="1"/>
    <Border ss:Position="Right" ss:LineStyle="Continuous" ss:Weight="1"/>
    <Border ss:Position="Top" ss:LineStyle="Continuous" ss:Weight="1"/>
   </Borders>
   <Font ss:FontName="Times New Roman" x:Family="Roman" ss:Size="12" ss:Bold="1"/>
   <Interior/>
  </Style>
  <Style ss:ID="s120" ss:Parent="s34">
   <Alignment ss:Horizontal="Left" ss:Vertical="Bottom"/>
   <Borders>
    <Border ss:Position="Bottom" ss:LineStyle="Continuous" ss:Weight="1"/>
    <Border ss:Position="Left" ss:LineStyle="Continuous" ss:Weight="1"/>
    <Border ss:Position="Right" ss:LineStyle="Continuous" ss:Weight="1"/>
    <Border ss:Position="Top" ss:LineStyle="Continuous" ss:Weight="1"/>
   </Borders>
   <Font ss:FontName="Times New Roman" x:Family="Roman" ss:Size="12"/>
   <Interior/>
  </Style>
  <Style ss:ID="s121" ss:Parent="s34">
   <Alignment ss:Horizontal="Left" ss:Vertical="Bottom" ss:Indent="10"/>
   <Font ss:FontName="標楷體" x:CharSet="136" x:Family="Script" ss:Size="16"
    ss:Bold="1"/>
   <Interior/>
  </Style>
  <Style ss:ID="s123" ss:Parent="s34">
   <Alignment ss:Horizontal="Center" ss:Vertical="Center"/>
   <Borders>
    <Border ss:Position="Bottom" ss:LineStyle="Continuous" ss:Weight="1"/>
    <Border ss:Position="Left" ss:LineStyle="Continuous" ss:Weight="1"/>
    <Border ss:Position="Right" ss:LineStyle="Continuous" ss:Weight="1"/>
    <Border ss:Position="Top" ss:LineStyle="Continuous" ss:Weight="1"/>
   </Borders>
   <Font ss:FontName="標楷體" x:CharSet="136" x:Family="Script" ss:Size="12"/>
   <Interior/>
  </Style>
  <Style ss:ID="s125" ss:Parent="s34">
   <Alignment ss:Horizontal="Left" ss:Vertical="Bottom" ss:WrapText="1"/>
   <Borders>
    <Border ss:Position="Top" ss:LineStyle="Continuous" ss:Weight="1"/>
   </Borders>
   <Font ss:FontName="標楷體" x:CharSet="136" x:Family="Script" ss:Size="11.5"/>
   <Interior/>
  </Style>
 </Styles>
 <Worksheet ss:Name="104國內-法">
  <Names>
   <NamedRange ss:Name="Print_Area" ss:RefersTo="='104國內-法'!R1C1:R21C20"/>
  </Names>
  <Table ss:ExpandedColumnCount="20" ss:ExpandedRowCount="28" x:FullColumns="1"
   x:FullRows="1" ss:StyleID="s65" ss:DefaultColumnWidth="54"
   ss:DefaultRowHeight="15.75">
   <Column ss:StyleID="s65" ss:AutoFitWidth="0" ss:Width="57"/>
   <Column ss:StyleID="s65" ss:AutoFitWidth="0" ss:Width="65.25"/>
   <Column ss:StyleID="s65" ss:AutoFitWidth="0" ss:Width="61.5"/>
   <Column ss:StyleID="s65" ss:Hidden="1" ss:AutoFitWidth="0" ss:Width="45.75"/>
   <Column ss:StyleID="s65" ss:AutoFitWidth="0" ss:Width="40.5"/>
   <Column ss:StyleID="s65" ss:AutoFitWidth="0" ss:Width="69"/>
   <Column ss:StyleID="s65" ss:AutoFitWidth="0" ss:Width="64.5" ss:Span="1"/>
   <Column ss:Index="9" ss:StyleID="s65" ss:AutoFitWidth="0" ss:Width="40.5"/>
   <Column ss:StyleID="s65" ss:AutoFitWidth="0" ss:Width="52.5"/>
   <Column ss:StyleID="s65" ss:AutoFitWidth="0" ss:Width="48"/>
   <Column ss:StyleID="s65" ss:AutoFitWidth="0" ss:Width="59.25"/>
   <Column ss:StyleID="s65" ss:AutoFitWidth="0" ss:Width="69"/>
   <Column ss:StyleID="s65" ss:AutoFitWidth="0" ss:Width="63.75"/>
   <Column ss:StyleID="s65" ss:AutoFitWidth="0" ss:Width="69"/>
   <Column ss:StyleID="s65" ss:AutoFitWidth="0" ss:Width="66"/>
   <Column ss:StyleID="s65" ss:AutoFitWidth="0" ss:Width="69"/>
   <Column ss:StyleID="s65" ss:AutoFitWidth="0" ss:Width="61.5"/>
   <Column ss:StyleID="s65" ss:AutoFitWidth="0" ss:Width="69" ss:Span="1"/>
   <Row ss:AutoFitHeight="0" ss:Height="27">
    <Cell><Comment ss:Author="邱碧珠"><ss:Data
       xmlns="http://www.w3.org/TR/REC-html40"><Font html:Size="9"
        html:Color="#000000">90% 2頁寬1頁高</Font></ss:Data></Comment><NamedCell
      ss:Name="Print_Area"/></Cell>
    <Cell ss:Index="8" ss:MergeAcross="6" ss:StyleID="s121"><Data ss:Type="String">外交部</Data><NamedCell
      ss:Name="Print_Area"/></Cell>
    <Cell ss:StyleID="s66"><NamedCell ss:Name="Print_Area"/></Cell>
   </Row>
   <Row ss:AutoFitHeight="0" ss:Height="19.875">
    <Cell ss:StyleID="s67"><ss:Data ss:Type="String"
      xmlns="http://www.w3.org/TR/REC-html40"> <Font html:Face="標楷體"
       x:CharSet="136" x:Family="Script">預算員額：</Font></ss:Data><NamedCell
      ss:Name="Print_Area"/></Cell>
    <Cell ss:StyleID="s68"><ss:Data ss:Type="String"
      xmlns="http://www.w3.org/TR/REC-html40">職員<Font html:Face="Times New Roman"
       x:Family="Roman">   746</Font><Font>人</Font></ss:Data><NamedCell
      ss:Name="Print_Area"/></Cell>
    <Cell ss:StyleID="s68"><ss:Data ss:Type="String"
      xmlns="http://www.w3.org/TR/REC-html40">工友<Font html:Face="Times New Roman"
       x:Family="Roman">   37</Font><Font>人</Font></ss:Data><NamedCell
      ss:Name="Print_Area"/></Cell>
    <Cell ss:StyleID="s69"><NamedCell ss:Name="Print_Area"/></Cell>
    <Cell ss:StyleID="s70"><NamedCell ss:Name="Print_Area"/></Cell>
    <Cell ss:Index="8" ss:StyleID="s66"><NamedCell ss:Name="Print_Area"/></Cell>
    <Cell ss:StyleID="s66"><NamedCell ss:Name="Print_Area"/></Cell>
    <Cell ss:StyleID="s66"><NamedCell ss:Name="Print_Area"/></Cell>
    <Cell ss:StyleID="s71"><NamedCell ss:Name="Print_Area"/></Cell>
    <Cell ss:StyleID="s66"><NamedCell ss:Name="Print_Area"/></Cell>
    <Cell ss:StyleID="s66"><NamedCell ss:Name="Print_Area"/></Cell>
    <Cell ss:StyleID="s66"><NamedCell ss:Name="Print_Area"/></Cell>
    <Cell ss:StyleID="s66"><NamedCell ss:Name="Print_Area"/></Cell>
   </Row>
   <Row ss:AutoFitHeight="0" ss:Height="19.875">
    <Cell ss:StyleID="s67"><NamedCell ss:Name="Print_Area"/></Cell>
    <Cell ss:StyleID="s68"><ss:Data ss:Type="String"
      xmlns="http://www.w3.org/TR/REC-html40">駐警<Font html:Face="Times New Roman"
       x:Family="Roman">     23</Font><Font>人</Font></ss:Data><NamedCell
      ss:Name="Print_Area"/></Cell>
    <Cell ss:StyleID="s68"><ss:Data ss:Type="String"
      xmlns="http://www.w3.org/TR/REC-html40">聘用<Font html:Face="Times New Roman"
       x:Family="Roman">   67</Font><Font>人</Font></ss:Data><NamedCell
      ss:Name="Print_Area"/></Cell>
    <Cell ss:StyleID="s68"><ss:Data ss:Type="String"
      xmlns="http://www.w3.org/TR/REC-html40">合計<Font html:Face="Times New Roman"
       x:Family="Roman">749</Font><Font>人</Font></ss:Data><NamedCell
      ss:Name="Print_Area"/></Cell>
    <Cell ss:StyleID="s68"><ss:Data ss:Type="String"
      xmlns="http://www.w3.org/TR/REC-html40">合計<Font html:Face="Times New Roman"
       x:Family="Roman">957</Font><Font>人</Font></ss:Data><NamedCell
      ss:Name="Print_Area"/></Cell>
    <Cell ss:StyleID="s72"><NamedCell ss:Name="Print_Area"/></Cell>
    <Cell ss:Index="8" ss:MergeAcross="7" ss:StyleID="s111"><Data ss:Type="String">現有辦公房舍明細表   （國內部分）</Data><NamedCell
      ss:Name="Print_Area"/></Cell>
   </Row>
   <Row ss:AutoFitHeight="0" ss:Height="19.875">
    <Cell ss:StyleID="s69"><NamedCell ss:Name="Print_Area"/></Cell>
    <Cell ss:StyleID="s68"><ss:Data ss:Type="String"
      xmlns="http://www.w3.org/TR/REC-html40">技工<Font html:Face="Times New Roman"
       x:Family="Roman">     11</Font><Font>人</Font></ss:Data><NamedCell
      ss:Name="Print_Area"/></Cell>
    <Cell ss:StyleID="s68"><ss:Data ss:Type="String"
      xmlns="http://www.w3.org/TR/REC-html40">約僱<Font html:Face="Times New Roman"
       x:Family="Roman">   35</Font><Font>人</Font></ss:Data><NamedCell
      ss:Name="Print_Area"/></Cell>
    <Cell ss:StyleID="s69"><NamedCell ss:Name="Print_Area"/></Cell>
    <Cell ss:StyleID="s70"><NamedCell ss:Name="Print_Area"/></Cell>
    <Cell ss:Index="8" ss:StyleID="s66"><NamedCell ss:Name="Print_Area"/></Cell>
    <Cell ss:StyleID="s66"><NamedCell ss:Name="Print_Area"/></Cell>
    <Cell ss:StyleID="s66"><NamedCell ss:Name="Print_Area"/></Cell>
    <Cell ss:StyleID="s73"><NamedCell ss:Name="Print_Area"/></Cell>
    <Cell ss:StyleID="s66"><NamedCell ss:Name="Print_Area"/></Cell>
    <Cell ss:StyleID="s66"><NamedCell ss:Name="Print_Area"/></Cell>
    <Cell ss:StyleID="s66"><NamedCell ss:Name="Print_Area"/></Cell>
    <Cell ss:StyleID="s66"><NamedCell ss:Name="Print_Area"/></Cell>
   </Row>
   <Row ss:AutoFitHeight="0" ss:Height="19.875">
    <Cell ss:StyleID="s70"><NamedCell ss:Name="Print_Area"/></Cell>
    <Cell ss:StyleID="s68"><ss:Data ss:Type="String"
      xmlns="http://www.w3.org/TR/REC-html40">駕駛<Font html:Face="Times New Roman"
       x:Family="Roman">     38</Font><Font>人</Font></ss:Data><NamedCell
      ss:Name="Print_Area"/></Cell>
    <Cell ss:StyleID="s70"><NamedCell ss:Name="Print_Area"/></Cell>
    <Cell ss:StyleID="s70"><NamedCell ss:Name="Print_Area"/></Cell>
    <Cell ss:StyleID="s70"><NamedCell ss:Name="Print_Area"/></Cell>
    <Cell ss:Index="8" ss:MergeAcross="6" ss:StyleID="s115"><ss:Data
      ss:Type="String" xmlns="http://www.w3.org/TR/REC-html40"><B>中華民國<Font
        html:Face="Times New Roman" x:Family="Roman">104</Font><Font>年度</Font></B></ss:Data><NamedCell
      ss:Name="Print_Area"/></Cell>
    <Cell ss:StyleID="s66"><NamedCell ss:Name="Print_Area"/></Cell>
    <Cell ss:Index="20" ss:StyleID="s74"><Data ss:Type="String">單位：新臺幣千元、平方公尺</Data><NamedCell
      ss:Name="Print_Area"/></Cell>
   </Row>
   <Row ss:Height="16.5">
    <Cell ss:MergeAcross="3" ss:MergeDown="1" ss:StyleID="s123"><Data
      ss:Type="String">區分</Data><NamedCell ss:Name="Print_Area"/></Cell>
    <Cell ss:MergeAcross="3" ss:StyleID="s113"><Data ss:Type="String">自有</Data><NamedCell
      ss:Name="Print_Area"/></Cell>
    <Cell ss:MergeAcross="2" ss:StyleID="s113"><Data ss:Type="String">無償借用</Data><NamedCell
      ss:Name="Print_Area"/></Cell>
    <Cell ss:MergeAcross="4" ss:StyleID="s113"><Data ss:Type="String">有償租用或借用</Data><NamedCell
      ss:Name="Print_Area"/></Cell>
    <Cell ss:MergeAcross="3" ss:StyleID="s113"><Data ss:Type="String">合計</Data><NamedCell
      ss:Name="Print_Area"/></Cell>
   </Row>
   <Row ss:AutoFitHeight="0" ss:Height="47.25">
    <Cell ss:Index="5" ss:StyleID="s75"><Data ss:Type="String">單位數</Data><NamedCell
      ss:Name="Print_Area"/></Cell>
    <Cell ss:StyleID="s75"><Data ss:Type="String">面積</Data><NamedCell
      ss:Name="Print_Area"/></Cell>
    <Cell ss:StyleID="s75"><Data ss:Type="String">帳面價值</Data><NamedCell
      ss:Name="Print_Area"/></Cell>
    <Cell ss:StyleID="s75"><Data ss:Type="String">年需&#10;修繕費</Data><NamedCell
      ss:Name="Print_Area"/></Cell>
    <Cell ss:StyleID="s75"><Data ss:Type="String">單位數</Data><NamedCell
      ss:Name="Print_Area"/></Cell>
    <Cell ss:StyleID="s75"><Data ss:Type="String">面積</Data><NamedCell
      ss:Name="Print_Area"/></Cell>
    <Cell ss:StyleID="s75"><Data ss:Type="String">年需&#10;修繕費</Data><NamedCell
      ss:Name="Print_Area"/></Cell>
    <Cell ss:StyleID="s75"><Data ss:Type="String">單位數</Data><NamedCell
      ss:Name="Print_Area"/></Cell>
    <Cell ss:StyleID="s75"><Data ss:Type="String">面積</Data><NamedCell
      ss:Name="Print_Area"/></Cell>
    <Cell ss:StyleID="s75"><Data ss:Type="String">押金</Data><NamedCell
      ss:Name="Print_Area"/></Cell>
    <Cell ss:StyleID="s75"><Data ss:Type="String">租金</Data><NamedCell
      ss:Name="Print_Area"/></Cell>
    <Cell ss:StyleID="s75"><Data ss:Type="String">年需&#10;修繕費</Data><NamedCell
      ss:Name="Print_Area"/></Cell>
    <Cell ss:StyleID="s75"><Data ss:Type="String">面積</Data><NamedCell
      ss:Name="Print_Area"/></Cell>
    <Cell ss:StyleID="s75"><Data ss:Type="String">押金</Data><NamedCell
      ss:Name="Print_Area"/></Cell>
    <Cell ss:StyleID="s75"><Data ss:Type="String">租金</Data><NamedCell
      ss:Name="Print_Area"/></Cell>
    <Cell ss:StyleID="s75"><Data ss:Type="String">年需&#10;修繕費</Data><NamedCell
      ss:Name="Print_Area"/></Cell>
   </Row>
   <Row ss:AutoFitHeight="0" ss:Height="24.9375">
    <Cell ss:MergeAcross="3" ss:StyleID="s118"><Data ss:Type="String">一、辦公房屋</Data><NamedCell
      ss:Name="Print_Area"/></Cell>
    <Cell ss:StyleID="s76" ss:Formula="=2+1"><Data ss:Type="Number">3</Data><NamedCell
      ss:Name="Print_Area"/></Cell>
    <Cell ss:StyleID="s77" ss:Formula="=26963.81+387.45"><Data ss:Type="Number">27351.260000000002</Data><NamedCell
      ss:Name="Print_Area"/></Cell>
    <Cell ss:StyleID="s76"><Data ss:Type="Number">252942</Data><NamedCell
      ss:Name="Print_Area"/></Cell>
    <Cell ss:StyleID="s83"><Data ss:Type="Number">10037</Data><NamedCell
      ss:Name="Print_Area"/></Cell>
    <Cell ss:StyleID="s83"><Data ss:Type="Number">1</Data><NamedCell
      ss:Name="Print_Area"/></Cell>
    <Cell ss:StyleID="s85" ss:Formula="=493*3.3058"><Data ss:Type="Number">1629.7594000000001</Data><NamedCell
      ss:Name="Print_Area"/></Cell>
    <Cell ss:StyleID="s83"><NamedCell ss:Name="Print_Area"/></Cell>
    <Cell ss:StyleID="s76" ss:Formula="=2+1"><Data ss:Type="Number">3</Data><NamedCell
      ss:Name="Print_Area"/></Cell>
    <Cell ss:StyleID="s77" ss:Formula="=531.9+129"><Data ss:Type="Number">660.9</Data><NamedCell
      ss:Name="Print_Area"/></Cell>
    <Cell ss:StyleID="s77"><NamedCell ss:Name="Print_Area"/></Cell>
    <Cell ss:StyleID="s76"><Data ss:Type="Number">6533</Data><NamedCell
      ss:Name="Print_Area"/></Cell>
    <Cell ss:StyleID="s76"><NamedCell ss:Name="Print_Area"/></Cell>
    <Cell ss:StyleID="s77" ss:Formula="=RC[-4]+RC[-7]+RC[-11]"><Data
      ss:Type="Number">29641.919400000002</Data><NamedCell ss:Name="Print_Area"/></Cell>
    <Cell ss:StyleID="s77" ss:Formula="=RC[-4]"><Data ss:Type="Number">0</Data><NamedCell
      ss:Name="Print_Area"/></Cell>
    <Cell ss:StyleID="s76" ss:Formula="=RC[-4]"><Data ss:Type="Number">6533</Data><NamedCell
      ss:Name="Print_Area"/></Cell>
    <Cell ss:StyleID="s76" ss:Formula="=RC[-12]+RC[-9]+RC[-4]"><Data
      ss:Type="Number">10037</Data><NamedCell ss:Name="Print_Area"/></Cell>
   </Row>
   <Row ss:AutoFitHeight="0" ss:Height="24.9375">
    <Cell ss:MergeAcross="3" ss:StyleID="s118"><Data ss:Type="String">二、機關宿舍</Data><NamedCell
      ss:Name="Print_Area"/></Cell>
    <Cell ss:StyleID="s76" ss:Formula="=SUM(R[1]C:R[3]C)"><Data ss:Type="Number">361</Data><NamedCell
      ss:Name="Print_Area"/></Cell>
    <Cell ss:StyleID="s77" ss:Formula="=R[1]C+R[3]C"><Data ss:Type="Number">43229.19</Data><NamedCell
      ss:Name="Print_Area"/></Cell>
    <Cell ss:StyleID="s76" ss:Formula="=R[1]C+R[3]C"><Data ss:Type="Number">761123</Data><NamedCell
      ss:Name="Print_Area"/></Cell>
    <Cell ss:StyleID="s83" ss:Formula="=SUM(R[1]C:R[3]C)"><Data ss:Type="Number">4000</Data><NamedCell
      ss:Name="Print_Area"/></Cell>
    <Cell ss:StyleID="s83" ss:Formula="=SUM(R[1]C:R[3]C)"><Data ss:Type="Number">0</Data><NamedCell
      ss:Name="Print_Area"/></Cell>
    <Cell ss:StyleID="s85" ss:Formula="=SUM(R[1]C:R[3]C)"><Data ss:Type="Number">0</Data><NamedCell
      ss:Name="Print_Area"/></Cell>
    <Cell ss:StyleID="s83" ss:Formula="=SUM(R[1]C:R[3]C)"><Data ss:Type="Number">0</Data><NamedCell
      ss:Name="Print_Area"/></Cell>
    <Cell ss:StyleID="s76" ss:Formula="=SUM(R[1]C:R[3]C)"><Data ss:Type="Number">0</Data><NamedCell
      ss:Name="Print_Area"/></Cell>
    <Cell ss:StyleID="s77" ss:Formula="=SUM(R[1]C:R[3]C)"><Data ss:Type="Number">0</Data><NamedCell
      ss:Name="Print_Area"/></Cell>
    <Cell ss:StyleID="s76"><NamedCell ss:Name="Print_Area"/></Cell>
    <Cell ss:StyleID="s76" ss:Formula="=SUM(R[1]C:R[3]C)"><Data ss:Type="Number">0</Data><NamedCell
      ss:Name="Print_Area"/></Cell>
    <Cell ss:StyleID="s76" ss:Formula="=SUM(R[1]C:R[3]C)"><Data ss:Type="Number">0</Data><NamedCell
      ss:Name="Print_Area"/></Cell>
    <Cell ss:StyleID="s77" ss:Formula="=SUM(R[1]C:R[3]C)"><Data ss:Type="Number">43229.19</Data><NamedCell
      ss:Name="Print_Area"/></Cell>
    <Cell ss:StyleID="s77" ss:Formula="=RC[-4]"><Data ss:Type="Number">0</Data><NamedCell
      ss:Name="Print_Area"/></Cell>
    <Cell ss:StyleID="s77" ss:Formula="=RC[-4]"><Data ss:Type="Number">0</Data><NamedCell
      ss:Name="Print_Area"/></Cell>
    <Cell ss:StyleID="s76" ss:Formula="=SUM(R[1]C:R[3]C)"><Data ss:Type="Number">4000</Data><NamedCell
      ss:Name="Print_Area"/></Cell>
   </Row>
   <Row ss:AutoFitHeight="0" ss:Height="24.9375">
    <Cell ss:MergeAcross="3" ss:StyleID="s120"><ss:Data ss:Type="String"
      xmlns="http://www.w3.org/TR/REC-html40">        <Font html:Face="標楷體"
       x:CharSet="136" x:Family="Script">首長宿舍</Font></ss:Data><NamedCell
      ss:Name="Print_Area"/></Cell>
    <Cell ss:StyleID="s78"><Data ss:Type="Number">5</Data><NamedCell
      ss:Name="Print_Area"/></Cell>
    <Cell ss:StyleID="s79"><Data ss:Type="Number">979.01</Data><NamedCell
      ss:Name="Print_Area"/></Cell>
    <Cell ss:StyleID="s78"><Data ss:Type="Number">10198</Data><NamedCell
      ss:Name="Print_Area"/></Cell>
    <Cell ss:StyleID="s84"><Data ss:Type="Number">1060</Data><NamedCell
      ss:Name="Print_Area"/></Cell>
    <Cell ss:StyleID="s84"><NamedCell ss:Name="Print_Area"/></Cell>
    <Cell ss:StyleID="s85"><NamedCell ss:Name="Print_Area"/></Cell>
    <Cell ss:StyleID="s84"><NamedCell ss:Name="Print_Area"/></Cell>
    <Cell ss:StyleID="s78"><NamedCell ss:Name="Print_Area"/></Cell>
    <Cell ss:StyleID="s77"><NamedCell ss:Name="Print_Area"/></Cell>
    <Cell ss:StyleID="s79"><NamedCell ss:Name="Print_Area"/></Cell>
    <Cell ss:StyleID="s78"><NamedCell ss:Name="Print_Area"/></Cell>
    <Cell ss:StyleID="s78"><NamedCell ss:Name="Print_Area"/></Cell>
    <Cell ss:StyleID="s79" ss:Formula="=RC[-4]+RC[-7]+RC[-11]"><Data
      ss:Type="Number">979.01</Data><NamedCell ss:Name="Print_Area"/></Cell>
    <Cell ss:StyleID="s77" ss:Formula="=RC[-4]"><Data ss:Type="Number">0</Data><NamedCell
      ss:Name="Print_Area"/></Cell>
    <Cell ss:StyleID="s77" ss:Formula="=RC[-4]"><Data ss:Type="Number">0</Data><NamedCell
      ss:Name="Print_Area"/></Cell>
    <Cell ss:StyleID="s78" ss:Formula="=RC[-12]+RC[-9]+RC[-4]+RC[-5]"><Data
      ss:Type="Number">1060</Data><NamedCell ss:Name="Print_Area"/></Cell>
   </Row>
   <Row ss:AutoFitHeight="0" ss:Height="24.9375">
    <Cell ss:MergeAcross="3" ss:StyleID="s120"><ss:Data ss:Type="String"
      xmlns="http://www.w3.org/TR/REC-html40">        <Font html:Face="標楷體"
       x:CharSet="136" x:Family="Script">單房間職務宿舍</Font></ss:Data><NamedCell
      ss:Name="Print_Area"/></Cell>
    <Cell ss:StyleID="s78"><NamedCell ss:Name="Print_Area"/></Cell>
    <Cell ss:StyleID="s78"><NamedCell ss:Name="Print_Area"/></Cell>
    <Cell ss:StyleID="s78"><NamedCell ss:Name="Print_Area"/></Cell>
    <Cell ss:StyleID="s84"><NamedCell ss:Name="Print_Area"/></Cell>
    <Cell ss:StyleID="s84"><NamedCell ss:Name="Print_Area"/></Cell>
    <Cell ss:StyleID="s85"><NamedCell ss:Name="Print_Area"/></Cell>
    <Cell ss:StyleID="s84"><NamedCell ss:Name="Print_Area"/></Cell>
    <Cell ss:StyleID="s78"><NamedCell ss:Name="Print_Area"/></Cell>
    <Cell ss:StyleID="s77"><NamedCell ss:Name="Print_Area"/></Cell>
    <Cell ss:StyleID="s79"><NamedCell ss:Name="Print_Area"/></Cell>
    <Cell ss:StyleID="s78"><NamedCell ss:Name="Print_Area"/></Cell>
    <Cell ss:StyleID="s78"><NamedCell ss:Name="Print_Area"/></Cell>
    <Cell ss:StyleID="s79"><NamedCell ss:Name="Print_Area"/></Cell>
    <Cell ss:StyleID="s77" ss:Formula="=RC[-4]"><Data ss:Type="Number">0</Data><NamedCell
      ss:Name="Print_Area"/></Cell>
    <Cell ss:StyleID="s77" ss:Formula="=RC[-4]"><Data ss:Type="Number">0</Data><NamedCell
      ss:Name="Print_Area"/></Cell>
    <Cell ss:StyleID="s78"><NamedCell ss:Name="Print_Area"/></Cell>
   </Row>
   <Row ss:AutoFitHeight="0" ss:Height="24.9375">
    <Cell ss:MergeAcross="3" ss:StyleID="s120"><ss:Data ss:Type="String"
      xmlns="http://www.w3.org/TR/REC-html40">        <Font html:Face="標楷體"
       x:CharSet="136" x:Family="Script">多房間職務宿舍</Font></ss:Data><NamedCell
      ss:Name="Print_Area"/></Cell>
    <Cell ss:StyleID="s84"><Data ss:Type="Number">356</Data><NamedCell
      ss:Name="Print_Area"/></Cell>
    <Cell ss:StyleID="s79"><Data ss:Type="Number">42250.18</Data><NamedCell
      ss:Name="Print_Area"/></Cell>
    <Cell ss:StyleID="s78"><Data ss:Type="Number">750925</Data><NamedCell
      ss:Name="Print_Area"/></Cell>
    <Cell ss:StyleID="s84"><Data ss:Type="Number">2940</Data><NamedCell
      ss:Name="Print_Area"/></Cell>
    <Cell ss:StyleID="s84"><NamedCell ss:Name="Print_Area"/></Cell>
    <Cell ss:StyleID="s85"><NamedCell ss:Name="Print_Area"/></Cell>
    <Cell ss:StyleID="s84"><NamedCell ss:Name="Print_Area"/></Cell>
    <Cell ss:StyleID="s78"><NamedCell ss:Name="Print_Area"/></Cell>
    <Cell ss:StyleID="s77"><NamedCell ss:Name="Print_Area"/></Cell>
    <Cell ss:StyleID="s79"><NamedCell ss:Name="Print_Area"/></Cell>
    <Cell ss:StyleID="s78"><NamedCell ss:Name="Print_Area"/></Cell>
    <Cell ss:StyleID="s78"><NamedCell ss:Name="Print_Area"/></Cell>
    <Cell ss:StyleID="s79" ss:Formula="=RC[-4]+RC[-7]+RC[-11]"><Data
      ss:Type="Number">42250.18</Data><NamedCell ss:Name="Print_Area"/></Cell>
    <Cell ss:StyleID="s77" ss:Formula="=RC[-4]"><Data ss:Type="Number">0</Data><NamedCell
      ss:Name="Print_Area"/></Cell>
    <Cell ss:StyleID="s77" ss:Formula="=RC[-4]"><Data ss:Type="Number">0</Data><NamedCell
      ss:Name="Print_Area"/></Cell>
    <Cell ss:StyleID="s78" ss:Formula="=RC[-12]+RC[-9]+RC[-4]+RC[-5]"><Data
      ss:Type="Number">2940</Data><NamedCell ss:Name="Print_Area"/></Cell>
   </Row>
   <Row ss:AutoFitHeight="0" ss:Height="24.9375">
    <Cell ss:MergeAcross="3" ss:StyleID="s118"><Data ss:Type="String">三、其他</Data><NamedCell
      ss:Name="Print_Area"/></Cell>
    <Cell ss:StyleID="s76"><Data ss:Type="Number">3</Data><NamedCell
      ss:Name="Print_Area"/></Cell>
    <Cell ss:StyleID="s77"><Data ss:Type="Number">24887.21</Data><NamedCell
      ss:Name="Print_Area"/></Cell>
    <Cell ss:StyleID="s76"><Data ss:Type="Number">1009753</Data><NamedCell
      ss:Name="Print_Area"/></Cell>
    <Cell ss:StyleID="s83"><Data ss:Type="Number">4843</Data><NamedCell
      ss:Name="Print_Area"/></Cell>
    <Cell ss:StyleID="s83"><Data ss:Type="Number">1</Data><NamedCell
      ss:Name="Print_Area"/></Cell>
    <Cell ss:StyleID="s85"><Data ss:Type="Number">793</Data><NamedCell
      ss:Name="Print_Area"/></Cell>
    <Cell ss:StyleID="s83"><Data ss:Type="Number">366</Data><NamedCell
      ss:Name="Print_Area"/></Cell>
    <Cell ss:StyleID="s76"><Data ss:Type="Number">1</Data><NamedCell
      ss:Name="Print_Area"/></Cell>
    <Cell ss:StyleID="s77"><Data ss:Type="Number">354.61</Data><NamedCell
      ss:Name="Print_Area"/></Cell>
    <Cell ss:StyleID="s77"><NamedCell ss:Name="Print_Area"/></Cell>
    <Cell ss:StyleID="s76"><Data ss:Type="Number">3000</Data><NamedCell
      ss:Name="Print_Area"/></Cell>
    <Cell ss:StyleID="s78"><NamedCell ss:Name="Print_Area"/></Cell>
    <Cell ss:StyleID="s77" ss:Formula="=RC[-4]+RC[-7]+RC[-11]"><Data
      ss:Type="Number">26034.82</Data><NamedCell ss:Name="Print_Area"/></Cell>
    <Cell ss:StyleID="s77" ss:Formula="=RC[-4]"><Data ss:Type="Number">0</Data><NamedCell
      ss:Name="Print_Area"/></Cell>
    <Cell ss:StyleID="s76" ss:Formula="=RC[-4]"><Data ss:Type="Number">3000</Data><NamedCell
      ss:Name="Print_Area"/></Cell>
    <Cell ss:StyleID="s76" ss:Formula="=RC[-12]+RC[-9]+RC[-4]"><Data
      ss:Type="Number">5209</Data><NamedCell ss:Name="Print_Area"/></Cell>
   </Row>
   <Row ss:AutoFitHeight="0" ss:Height="24.9375">
    <Cell ss:MergeAcross="3" ss:StyleID="s120"><NamedCell ss:Name="Print_Area"/></Cell>
    <Cell ss:StyleID="s78"><NamedCell ss:Name="Print_Area"/></Cell>
    <Cell ss:StyleID="s78"><NamedCell ss:Name="Print_Area"/></Cell>
    <Cell ss:StyleID="s78"><NamedCell ss:Name="Print_Area"/></Cell>
    <Cell ss:StyleID="s78"><NamedCell ss:Name="Print_Area"/></Cell>
    <Cell ss:StyleID="s78"><NamedCell ss:Name="Print_Area"/></Cell>
    <Cell ss:StyleID="s78"><NamedCell ss:Name="Print_Area"/></Cell>
    <Cell ss:StyleID="s78"><NamedCell ss:Name="Print_Area"/></Cell>
    <Cell ss:StyleID="s78"><NamedCell ss:Name="Print_Area"/></Cell>
    <Cell ss:StyleID="s78"><NamedCell ss:Name="Print_Area"/></Cell>
    <Cell ss:StyleID="s78"><NamedCell ss:Name="Print_Area"/></Cell>
    <Cell ss:StyleID="s78"><NamedCell ss:Name="Print_Area"/></Cell>
    <Cell ss:StyleID="s78"><NamedCell ss:Name="Print_Area"/></Cell>
    <Cell ss:StyleID="s78"><NamedCell ss:Name="Print_Area"/></Cell>
    <Cell ss:StyleID="s78"><NamedCell ss:Name="Print_Area"/></Cell>
    <Cell ss:StyleID="s78"><NamedCell ss:Name="Print_Area"/></Cell>
    <Cell ss:StyleID="s78"><NamedCell ss:Name="Print_Area"/></Cell>
   </Row>
   <Row ss:AutoFitHeight="0" ss:Height="24.9375">
    <Cell ss:MergeAcross="3" ss:StyleID="s120"><NamedCell ss:Name="Print_Area"/></Cell>
    <Cell ss:StyleID="s78"><NamedCell ss:Name="Print_Area"/></Cell>
    <Cell ss:StyleID="s78"><NamedCell ss:Name="Print_Area"/></Cell>
    <Cell ss:StyleID="s78"><NamedCell ss:Name="Print_Area"/></Cell>
    <Cell ss:StyleID="s78"><NamedCell ss:Name="Print_Area"/></Cell>
    <Cell ss:StyleID="s78"><NamedCell ss:Name="Print_Area"/></Cell>
    <Cell ss:StyleID="s78"><NamedCell ss:Name="Print_Area"/></Cell>
    <Cell ss:StyleID="s78"><NamedCell ss:Name="Print_Area"/></Cell>
    <Cell ss:StyleID="s78"><NamedCell ss:Name="Print_Area"/></Cell>
    <Cell ss:StyleID="s78"><NamedCell ss:Name="Print_Area"/></Cell>
    <Cell ss:StyleID="s78"><NamedCell ss:Name="Print_Area"/></Cell>
    <Cell ss:StyleID="s78"><NamedCell ss:Name="Print_Area"/></Cell>
    <Cell ss:StyleID="s78"><NamedCell ss:Name="Print_Area"/></Cell>
    <Cell ss:StyleID="s78"><NamedCell ss:Name="Print_Area"/></Cell>
    <Cell ss:StyleID="s78"><NamedCell ss:Name="Print_Area"/></Cell>
    <Cell ss:StyleID="s78"><NamedCell ss:Name="Print_Area"/></Cell>
    <Cell ss:StyleID="s78"><NamedCell ss:Name="Print_Area"/></Cell>
   </Row>
   <Row ss:AutoFitHeight="0" ss:Height="24.9375">
    <Cell ss:MergeAcross="3" ss:StyleID="s120"><NamedCell ss:Name="Print_Area"/></Cell>
    <Cell ss:StyleID="s78"><NamedCell ss:Name="Print_Area"/></Cell>
    <Cell ss:StyleID="s78"><NamedCell ss:Name="Print_Area"/></Cell>
    <Cell ss:StyleID="s78"><NamedCell ss:Name="Print_Area"/></Cell>
    <Cell ss:StyleID="s78"><NamedCell ss:Name="Print_Area"/></Cell>
    <Cell ss:StyleID="s78"><NamedCell ss:Name="Print_Area"/></Cell>
    <Cell ss:StyleID="s78"><NamedCell ss:Name="Print_Area"/></Cell>
    <Cell ss:StyleID="s78"><NamedCell ss:Name="Print_Area"/></Cell>
    <Cell ss:StyleID="s78"><NamedCell ss:Name="Print_Area"/></Cell>
    <Cell ss:StyleID="s78"><NamedCell ss:Name="Print_Area"/></Cell>
    <Cell ss:StyleID="s78"><NamedCell ss:Name="Print_Area"/></Cell>
    <Cell ss:StyleID="s78"><NamedCell ss:Name="Print_Area"/></Cell>
    <Cell ss:StyleID="s78"><NamedCell ss:Name="Print_Area"/></Cell>
    <Cell ss:StyleID="s78"><NamedCell ss:Name="Print_Area"/></Cell>
    <Cell ss:StyleID="s78"><NamedCell ss:Name="Print_Area"/></Cell>
    <Cell ss:StyleID="s78"><NamedCell ss:Name="Print_Area"/></Cell>
    <Cell ss:StyleID="s78"><NamedCell ss:Name="Print_Area"/></Cell>
   </Row>
   <Row ss:AutoFitHeight="0" ss:Height="24.9375" ss:StyleID="s80">
    <Cell ss:MergeAcross="3" ss:StyleID="s119"><NamedCell ss:Name="Print_Area"/></Cell>
    <Cell ss:StyleID="s76"><NamedCell ss:Name="Print_Area"/></Cell>
    <Cell ss:StyleID="s76"><NamedCell ss:Name="Print_Area"/></Cell>
    <Cell ss:StyleID="s76"><NamedCell ss:Name="Print_Area"/></Cell>
    <Cell ss:StyleID="s76"><NamedCell ss:Name="Print_Area"/></Cell>
    <Cell ss:StyleID="s76"><NamedCell ss:Name="Print_Area"/></Cell>
    <Cell ss:StyleID="s76"><NamedCell ss:Name="Print_Area"/></Cell>
    <Cell ss:StyleID="s76"><NamedCell ss:Name="Print_Area"/></Cell>
    <Cell ss:StyleID="s76"><NamedCell ss:Name="Print_Area"/></Cell>
    <Cell ss:StyleID="s76"><NamedCell ss:Name="Print_Area"/></Cell>
    <Cell ss:StyleID="s76"><NamedCell ss:Name="Print_Area"/></Cell>
    <Cell ss:StyleID="s76"><NamedCell ss:Name="Print_Area"/></Cell>
    <Cell ss:StyleID="s76"><NamedCell ss:Name="Print_Area"/></Cell>
    <Cell ss:StyleID="s76"><NamedCell ss:Name="Print_Area"/></Cell>
    <Cell ss:StyleID="s76"><NamedCell ss:Name="Print_Area"/></Cell>
    <Cell ss:StyleID="s76"><NamedCell ss:Name="Print_Area"/></Cell>
    <Cell ss:StyleID="s76"><NamedCell ss:Name="Print_Area"/></Cell>
   </Row>
   <Row ss:AutoFitHeight="0" ss:Height="24.9375">
    <Cell ss:MergeAcross="3" ss:StyleID="s120"><NamedCell ss:Name="Print_Area"/></Cell>
    <Cell ss:StyleID="s78"><NamedCell ss:Name="Print_Area"/></Cell>
    <Cell ss:StyleID="s78"><NamedCell ss:Name="Print_Area"/></Cell>
    <Cell ss:StyleID="s78"><NamedCell ss:Name="Print_Area"/></Cell>
    <Cell ss:StyleID="s78"><NamedCell ss:Name="Print_Area"/></Cell>
    <Cell ss:StyleID="s78"><NamedCell ss:Name="Print_Area"/></Cell>
    <Cell ss:StyleID="s78"><NamedCell ss:Name="Print_Area"/></Cell>
    <Cell ss:StyleID="s78"><NamedCell ss:Name="Print_Area"/></Cell>
    <Cell ss:StyleID="s78"><NamedCell ss:Name="Print_Area"/></Cell>
    <Cell ss:StyleID="s78"><NamedCell ss:Name="Print_Area"/></Cell>
    <Cell ss:StyleID="s78"><NamedCell ss:Name="Print_Area"/></Cell>
    <Cell ss:StyleID="s78"><NamedCell ss:Name="Print_Area"/></Cell>
    <Cell ss:StyleID="s78"><NamedCell ss:Name="Print_Area"/></Cell>
    <Cell ss:StyleID="s78"><NamedCell ss:Name="Print_Area"/></Cell>
    <Cell ss:StyleID="s78"><NamedCell ss:Name="Print_Area"/></Cell>
    <Cell ss:StyleID="s78"><NamedCell ss:Name="Print_Area"/></Cell>
    <Cell ss:StyleID="s78"><NamedCell ss:Name="Print_Area"/></Cell>
   </Row>
   <Row ss:AutoFitHeight="0" ss:Height="24.9375" ss:StyleID="s80">
    <Cell ss:MergeAcross="2" ss:StyleID="s117"><NamedCell ss:Name="Print_Area"/></Cell>
    <Cell ss:StyleID="s81"><NamedCell ss:Name="Print_Area"/></Cell>
    <Cell ss:StyleID="s81"><NamedCell ss:Name="Print_Area"/></Cell>
    <Cell ss:StyleID="s81"><NamedCell ss:Name="Print_Area"/></Cell>
    <Cell ss:StyleID="s81"><NamedCell ss:Name="Print_Area"/></Cell>
    <Cell ss:StyleID="s81"><NamedCell ss:Name="Print_Area"/></Cell>
    <Cell ss:StyleID="s81"><NamedCell ss:Name="Print_Area"/></Cell>
    <Cell ss:StyleID="s81"><NamedCell ss:Name="Print_Area"/></Cell>
    <Cell ss:StyleID="s81"><NamedCell ss:Name="Print_Area"/></Cell>
    <Cell ss:StyleID="s81"><NamedCell ss:Name="Print_Area"/></Cell>
    <Cell ss:StyleID="s81"><NamedCell ss:Name="Print_Area"/></Cell>
    <Cell ss:StyleID="s81"><NamedCell ss:Name="Print_Area"/></Cell>
    <Cell ss:StyleID="s81"><NamedCell ss:Name="Print_Area"/></Cell>
    <Cell ss:StyleID="s81"><NamedCell ss:Name="Print_Area"/></Cell>
    <Cell ss:StyleID="s81"><NamedCell ss:Name="Print_Area"/></Cell>
    <Cell ss:StyleID="s81"><NamedCell ss:Name="Print_Area"/></Cell>
    <Cell ss:StyleID="s81"><NamedCell ss:Name="Print_Area"/></Cell>
    <Cell ss:StyleID="s81"><NamedCell ss:Name="Print_Area"/></Cell>
   </Row>
   <Row ss:AutoFitHeight="0" ss:Height="24.9375" ss:StyleID="s80">
    <Cell ss:MergeAcross="2" ss:StyleID="s117"><NamedCell ss:Name="Print_Area"/></Cell>
    <Cell ss:StyleID="s81"><NamedCell ss:Name="Print_Area"/></Cell>
    <Cell ss:StyleID="s81"><NamedCell ss:Name="Print_Area"/></Cell>
    <Cell ss:StyleID="s81"><NamedCell ss:Name="Print_Area"/></Cell>
    <Cell ss:StyleID="s81"><NamedCell ss:Name="Print_Area"/></Cell>
    <Cell ss:StyleID="s81"><NamedCell ss:Name="Print_Area"/></Cell>
    <Cell ss:StyleID="s81"><NamedCell ss:Name="Print_Area"/></Cell>
    <Cell ss:StyleID="s81"><NamedCell ss:Name="Print_Area"/></Cell>
    <Cell ss:StyleID="s81"><NamedCell ss:Name="Print_Area"/></Cell>
    <Cell ss:StyleID="s81"><NamedCell ss:Name="Print_Area"/></Cell>
    <Cell ss:StyleID="s81"><NamedCell ss:Name="Print_Area"/></Cell>
    <Cell ss:StyleID="s81"><NamedCell ss:Name="Print_Area"/></Cell>
    <Cell ss:StyleID="s81"><NamedCell ss:Name="Print_Area"/></Cell>
    <Cell ss:StyleID="s81"><NamedCell ss:Name="Print_Area"/></Cell>
    <Cell ss:StyleID="s81"><NamedCell ss:Name="Print_Area"/></Cell>
    <Cell ss:StyleID="s81"><NamedCell ss:Name="Print_Area"/></Cell>
    <Cell ss:StyleID="s81"><NamedCell ss:Name="Print_Area"/></Cell>
    <Cell ss:StyleID="s81"><NamedCell ss:Name="Print_Area"/></Cell>
   </Row>
   <Row ss:AutoFitHeight="0" ss:Height="82.5" ss:StyleID="s82">
    <Cell ss:MergeAcross="19" ss:StyleID="s125"><ss:Data ss:Type="String"
      xmlns="http://www.w3.org/TR/REC-html40">備<Font html:Face="Times New Roman"
       x:Family="Roman"> </Font><Font>註：&#10;</Font><Font html:Face="Times New Roman"
       x:Family="Roman">1.</Font><Font>「自有」</Font><Font html:Face="Times New Roman"
       x:Family="Roman">-</Font><Font>「其他」係指檔案庫、天母使領特區及臺銀移撥臺灣民主基金會會所用地。</Font><Font
       html:Face="Times New Roman" x:Family="Roman"> &#10;2.</Font><Font>「無償借用」係指北美事務協調委員會及本部國際傳播司使用行政院辦公室。&#10;</Font><Font
       html:Face="Times New Roman" x:Family="Roman">3.</Font><Font>「有償租用或借用」係指桃園國際機場第一及第二接待室、光華雜誌社庫房與本部檔案處理室。</Font></ss:Data><NamedCell
      ss:Name="Print_Area"/></Cell>
   </Row>
   <Row ss:AutoFitHeight="0" ss:Height="20.0625" ss:Span="6"/>
  </Table>
  <WorksheetOptions xmlns="urn:schemas-microsoft-com:office:excel">
   <PageSetup>
    <Layout x:CenterHorizontal="1" x:StartPageNumber="120"/>
    <Header x:Margin="0.35433070866141736"/>
    <Footer x:Margin="0.47244094488188981" x:Data="&amp;C&amp;P"/>
    <PageMargins x:Bottom="0.39370078740157483" x:Left="0.39370078740157483"
     x:Right="0.39370078740157483" x:Top="0.82677165354330717"/>
   </PageSetup>
   <FitToPage/>
   <Print>
    <FitWidth>2</FitWidth>
    <ValidPrinterInfo/>
    <PaperSizeIndex>9</PaperSizeIndex>
    <Scale>96</Scale>
    <HorizontalResolution>600</HorizontalResolution>
    <VerticalResolution>600</VerticalResolution>
   </Print>
   <ShowPageBreakZoom/>
   <Zoom>75</Zoom>
   <PageBreakZoom>100</PageBreakZoom>
   <Selected/>
   <DoNotDisplayZeros/>
   <Panes>
    <Pane>
     <Number>3</Number>
     <ActiveRow>11</ActiveRow>
     <RangeSelection>R12C1:R12C4</RangeSelection>
    </Pane>
   </Panes>
   <ProtectObjects>False</ProtectObjects>
   <ProtectScenarios>False</ProtectScenarios>
  </WorksheetOptions>
  <PageBreaks xmlns="urn:schemas-microsoft-com:office:excel">
   <ColBreaks>
    <ColBreak>
     <Column>11</Column>
    </ColBreak>
   </ColBreaks>
  </PageBreaks>
 </Worksheet>
</Workbook>
