<?xml version="1.0" encoding="UTF-8"?>
<tables>
    <BCTDOUTGO>
        <BCTDOUTGO_row>
            <bm_fiscalyear>104</bm_fiscalyear>
            <bm_fundkind>1</bm_fundkind>
            <bm_budgetkind>1</bm_budgetkind>
            <bm_specialbudgetno/>
            <bm_agenno>11001</bm_agenno>
            <bm_agentype>C</bm_agentype>
            <bm_budgetstate>2</bm_budgetstate>
            <bm_abroadplan>1</bm_abroadplan>
            <bm_projtype>1 </bm_projtype>
            <bm_projno>001</bm_projno>
            <bm_abroadplanname>隨同行政院人事行政總處與德國青年公務聯盟交流</bm_abroadplanname>
            <bm_visitsts>1</bm_visitsts>
            <bm_visitexplain>行政院人事行政總處每年均行文本部派員隨團，以增進對我駐外館處人事運作之暸解並提升我與友邦交流合作。</bm_visitexplain>
            <bm_dispatchstaffs>0</bm_dispatchstaffs>
            <bm_abroadsite1/>
            <bm_abroadsite2/>
            <bm_abroadsite3/>
            <bm_abroadperiod1/>
            <bm_abroadperiodto1/>
            <bm_abroadperiod2/>
            <bm_abroadperiodto2/>
            <bm_abroadperiod3/>
            <bm_abroadperiodto3/>
            <bm_abroadstaffs1>0</bm_abroadstaffs1>
            <bm_abroadstaffs2>0</bm_abroadstaffs2>
            <bm_abroadstaffs3>0</bm_abroadstaffs3>
            <bm_abroadallowance1>0.00</bm_abroadallowance1>
            <bm_abroadallowance2>0.00</bm_abroadallowance2>
            <bm_abroadallowance3>0.00</bm_abroadallowance3>
            <bm_budgetno>39110011020</bm_budgetno>
            <bm_regionno>94</bm_regionno>
            <bm_country>德國、奧地利</bm_country>
            <bm_agency>德國青年公務聯盟</bm_agency>
            <bm_cont_text>建立臺德互訪交流管道並提升兩國合作關係。</bm_cont_text>
            <bm_durationfrom>10401</bm_durationfrom>
            <bm_durationto>10412</bm_durationto>
            <bm_days>13</bm_days>
            <bm_persons>1</bm_persons>
            <bm_amt_trans>126000.00</bm_amt_trans>
            <bm_amt_life>103000.00</bm_amt_life>
            <bm_amt_public>7000.00</bm_amt_public>
            <bm_amt_books>0.00</bm_amt_books>
            <bm_amt_flight>0.00</bm_amt_flight>
            <bm_versiondate/>
        </BCTDOUTGO_row>
        <BCTDOUTGO_row>
            <bm_fiscalyear>104</bm_fiscalyear>
            <bm_fundkind>1</bm_fundkind>
            <bm_budgetkind>1</bm_budgetkind>
            <bm_specialbudgetno/>
            <bm_agenno>11001</bm_agenno>
            <bm_agentype>C</bm_agentype>
            <bm_budgetstate>2</bm_budgetstate>
            <bm_abroadplan>1</bm_abroadplan>
            <bm_projtype>1 </bm_projtype>
            <bm_projno>002</bm_projno>
            <bm_abroadplanname>隨同行政院人事行政總處與中美洲友邦互訪交流</bm_abroadplanname>
            <bm_visitsts>1</bm_visitsts>
            <bm_visitexplain>行政院人事行政總處每年均行文本部派員隨團，以增進對我駐外館處人事運作之暸解並提升我與友邦交流合作。</bm_visitexplain>
            <bm_dispatchstaffs>0</bm_dispatchstaffs>
            <bm_abroadsite1/>
            <bm_abroadsite2/>
            <bm_abroadsite3/>
            <bm_abroadperiod1/>
            <bm_abroadperiodto1/>
            <bm_abroadperiod2/>
            <bm_abroadperiodto2/>
            <bm_abroadperiod3/>
            <bm_abroadperiodto3/>
            <bm_abroadstaffs1>0</bm_abroadstaffs1>
            <bm_abroadstaffs2>0</bm_abroadstaffs2>
            <bm_abroadstaffs3>0</bm_abroadstaffs3>
            <bm_abroadallowance1>0.00</bm_abroadallowance1>
            <bm_abroadallowance2>0.00</bm_abroadallowance2>
            <bm_abroadallowance3>0.00</bm_abroadallowance3>
            <bm_budgetno>39110011020</bm_budgetno>
            <bm_regionno>94</bm_regionno>
            <bm_country>中南美地區</bm_country>
            <bm_agency>中美洲人事行政機關</bm_agency>
            <bm_cont_text>增進我對中美洲邦交國政治體制及行政實務之瞭解，提升彼此政府效能、建立互訪機制。</bm_cont_text>
            <bm_durationfrom>10401</bm_durationfrom>
            <bm_durationto>10412</bm_durationto>
            <bm_days>9</bm_days>
            <bm_persons>1</bm_persons>
            <bm_amt_trans>124000.00</bm_amt_trans>
            <bm_amt_life>52000.00</bm_amt_life>
            <bm_amt_public>12000.00</bm_amt_public>
            <bm_amt_books>0.00</bm_amt_books>
            <bm_amt_flight>0.00</bm_amt_flight>
            <bm_versiondate/>
        </BCTDOUTGO_row>
        <BCTDOUTGO_row>
            <bm_fiscalyear>104</bm_fiscalyear>
            <bm_fundkind>1</bm_fundkind>
            <bm_budgetkind>1</bm_budgetkind>
            <bm_specialbudgetno/>
            <bm_agenno>11001</bm_agenno>
            <bm_agentype>C</bm_agentype>
            <bm_budgetstate>2</bm_budgetstate>
            <bm_abroadplan>1</bm_abroadplan>
            <bm_projtype>10</bm_projtype>
            <bm_projno>001</bm_projno>
            <bm_abroadplanname>赴駐外館處督考境外財產管理業務</bm_abroadplanname>
            <bm_visitsts>0</bm_visitsts>
            <bm_visitexplain/>
            <bm_dispatchstaffs>0</bm_dispatchstaffs>
            <bm_abroadsite1/>
            <bm_abroadsite2/>
            <bm_abroadsite3/>
            <bm_abroadperiod1/>
            <bm_abroadperiodto1/>
            <bm_abroadperiod2/>
            <bm_abroadperiodto2/>
            <bm_abroadperiod3/>
            <bm_abroadperiodto3/>
            <bm_abroadstaffs1>0</bm_abroadstaffs1>
            <bm_abroadstaffs2>0</bm_abroadstaffs2>
            <bm_abroadstaffs3>0</bm_abroadstaffs3>
            <bm_abroadallowance1>0.00</bm_abroadallowance1>
            <bm_abroadallowance2>0.00</bm_abroadallowance2>
            <bm_abroadallowance3>0.00</bm_abroadallowance3>
            <bm_budgetno>39110011020</bm_budgetno>
            <bm_regionno>94</bm_regionno>
            <bm_country>歐洲地區</bm_country>
            <bm_agency>駐外館處</bm_agency>
            <bm_cont_text>配合財政部國有財產局赴駐外館處訪察境外國有財產及實地督導。</bm_cont_text>
            <bm_durationfrom>10401</bm_durationfrom>
            <bm_durationto>10412</bm_durationto>
            <bm_days>14</bm_days>
            <bm_persons>2</bm_persons>
            <bm_amt_trans>269000.00</bm_amt_trans>
            <bm_amt_life>184000.00</bm_amt_life>
            <bm_amt_public>12000.00</bm_amt_public>
            <bm_amt_books>0.00</bm_amt_books>
            <bm_amt_flight>0.00</bm_amt_flight>
            <bm_versiondate/>
        </BCTDOUTGO_row>
        <BCTDOUTGO_row>
            <bm_fiscalyear>104</bm_fiscalyear>
            <bm_fundkind>1</bm_fundkind>
            <bm_budgetkind>1</bm_budgetkind>
            <bm_specialbudgetno/>
            <bm_agenno>11001</bm_agenno>
            <bm_agentype>C</bm_agentype>
            <bm_budgetstate>2</bm_budgetstate>
            <bm_abroadplan>1</bm_abroadplan>
            <bm_projtype>10</bm_projtype>
            <bm_projno>002</bm_projno>
            <bm_abroadplanname>赴駐外館處督導館舍購置業務</bm_abroadplanname>
            <bm_visitsts>0</bm_visitsts>
            <bm_visitexplain>依「工程施工查核小組作業辦法」規定辦理工程查核。</bm_visitexplain>
            <bm_dispatchstaffs>0</bm_dispatchstaffs>
            <bm_abroadsite1/>
            <bm_abroadsite2/>
            <bm_abroadsite3/>
            <bm_abroadperiod1/>
            <bm_abroadperiodto1/>
            <bm_abroadperiod2/>
            <bm_abroadperiodto2/>
            <bm_abroadperiod3/>
            <bm_abroadperiodto3/>
            <bm_abroadstaffs1>0</bm_abroadstaffs1>
            <bm_abroadstaffs2>0</bm_abroadstaffs2>
            <bm_abroadstaffs3>0</bm_abroadstaffs3>
            <bm_abroadallowance1>0.00</bm_abroadallowance1>
            <bm_abroadallowance2>0.00</bm_abroadallowance2>
            <bm_abroadallowance3>0.00</bm_abroadallowance3>
            <bm_budgetno>39110011020</bm_budgetno>
            <bm_regionno>94</bm_regionno>
            <bm_country>亞太及北美地區</bm_country>
            <bm_agency>駐外館處</bm_agency>
            <bm_cont_text>派員視察新購館舍及工程施工查核相關事宜。</bm_cont_text>
            <bm_durationfrom>10401</bm_durationfrom>
            <bm_durationto>10412</bm_durationto>
            <bm_days>4</bm_days>
            <bm_persons>12</bm_persons>
            <bm_amt_trans>977000.00</bm_amt_trans>
            <bm_amt_life>285000.00</bm_amt_life>
            <bm_amt_public>48000.00</bm_amt_public>
            <bm_amt_books>0.00</bm_amt_books>
            <bm_amt_flight>0.00</bm_amt_flight>
            <bm_versiondate/>
        </BCTDOUTGO_row>
        <BCTDOUTGO_row>
            <bm_fiscalyear>104</bm_fiscalyear>
            <bm_fundkind>1</bm_fundkind>
            <bm_budgetkind>1</bm_budgetkind>
            <bm_specialbudgetno/>
            <bm_agenno>11001</bm_agenno>
            <bm_agentype>C</bm_agentype>
            <bm_budgetstate>2</bm_budgetstate>
            <bm_abroadplan>1</bm_abroadplan>
            <bm_projtype>10</bm_projtype>
            <bm_projno>003</bm_projno>
            <bm_abroadplanname>外館人事業務督導及駐地工作生活考察</bm_abroadplanname>
            <bm_visitsts>0</bm_visitsts>
            <bm_visitexplain/>
            <bm_dispatchstaffs>0</bm_dispatchstaffs>
            <bm_abroadsite1/>
            <bm_abroadsite2/>
            <bm_abroadsite3/>
            <bm_abroadperiod1/>
            <bm_abroadperiodto1/>
            <bm_abroadperiod2/>
            <bm_abroadperiodto2/>
            <bm_abroadperiod3/>
            <bm_abroadperiodto3/>
            <bm_abroadstaffs1>0</bm_abroadstaffs1>
            <bm_abroadstaffs2>0</bm_abroadstaffs2>
            <bm_abroadstaffs3>0</bm_abroadstaffs3>
            <bm_abroadallowance1>0.00</bm_abroadallowance1>
            <bm_abroadallowance2>0.00</bm_abroadallowance2>
            <bm_abroadallowance3>0.00</bm_abroadallowance3>
            <bm_budgetno>39110011020</bm_budgetno>
            <bm_regionno>94</bm_regionno>
            <bm_country>非洲地區</bm_country>
            <bm_agency>駐外館處</bm_agency>
            <bm_cont_text>為辦理駐外館處分級、地域加給、房租補助及駐外機構統一指揮等業務需要，訪查各館處，以期更深入瞭解其運作及駐地生活情形。</bm_cont_text>
            <bm_durationfrom>10401</bm_durationfrom>
            <bm_durationto>10412</bm_durationto>
            <bm_days>12</bm_days>
            <bm_persons>2</bm_persons>
            <bm_amt_trans>369000.00</bm_amt_trans>
            <bm_amt_life>155000.00</bm_amt_life>
            <bm_amt_public>10000.00</bm_amt_public>
            <bm_amt_books>0.00</bm_amt_books>
            <bm_amt_flight>0.00</bm_amt_flight>
            <bm_versiondate/>
        </BCTDOUTGO_row>
        <BCTDOUTGO_row>
            <bm_fiscalyear>104</bm_fiscalyear>
            <bm_fundkind>1</bm_fundkind>
            <bm_budgetkind>1</bm_budgetkind>
            <bm_specialbudgetno/>
            <bm_agenno>11001</bm_agenno>
            <bm_agentype>C</bm_agentype>
            <bm_budgetstate>2</bm_budgetstate>
            <bm_abroadplan>1</bm_abroadplan>
            <bm_projtype>10</bm_projtype>
            <bm_projno>004</bm_projno>
            <bm_abroadplanname>駐外館處政風業務查察及密碼督考業務</bm_abroadplanname>
            <bm_visitsts>0</bm_visitsts>
            <bm_visitexplain/>
            <bm_dispatchstaffs>0</bm_dispatchstaffs>
            <bm_abroadsite1/>
            <bm_abroadsite2/>
            <bm_abroadsite3/>
            <bm_abroadperiod1/>
            <bm_abroadperiodto1/>
            <bm_abroadperiod2/>
            <bm_abroadperiodto2/>
            <bm_abroadperiod3/>
            <bm_abroadperiodto3/>
            <bm_abroadstaffs1>0</bm_abroadstaffs1>
            <bm_abroadstaffs2>0</bm_abroadstaffs2>
            <bm_abroadstaffs3>0</bm_abroadstaffs3>
            <bm_abroadallowance1>0.00</bm_abroadallowance1>
            <bm_abroadallowance2>0.00</bm_abroadallowance2>
            <bm_abroadallowance3>0.00</bm_abroadallowance3>
            <bm_budgetno>39110011020</bm_budgetno>
            <bm_regionno>94</bm_regionno>
            <bm_country>亞太、亞西及中南美地區</bm_country>
            <bm_agency>駐外館處</bm_agency>
            <bm_cont_text>赴駐外館處實施館官舍反竊聽檢測、疑涉洩密或貪瀆案件查察、政風業務暨法令宣導、密碼督考業務。</bm_cont_text>
            <bm_durationfrom>10401</bm_durationfrom>
            <bm_durationto>10412</bm_durationto>
            <bm_days>9</bm_days>
            <bm_persons>4</bm_persons>
            <bm_amt_trans>505000.00</bm_amt_trans>
            <bm_amt_life>236000.00</bm_amt_life>
            <bm_amt_public>55000.00</bm_amt_public>
            <bm_amt_books>0.00</bm_amt_books>
            <bm_amt_flight>0.00</bm_amt_flight>
            <bm_versiondate/>
        </BCTDOUTGO_row>
        <BCTDOUTGO_row>
            <bm_fiscalyear>104</bm_fiscalyear>
            <bm_fundkind>1</bm_fundkind>
            <bm_budgetkind>1</bm_budgetkind>
            <bm_specialbudgetno/>
            <bm_agenno>11001</bm_agenno>
            <bm_agentype>C</bm_agentype>
            <bm_budgetstate>2</bm_budgetstate>
            <bm_abroadplan>1</bm_abroadplan>
            <bm_projtype>10</bm_projtype>
            <bm_projno>005</bm_projno>
            <bm_abroadplanname>海外電務視導、新型保密通訊裝備建置後續更新維運作業、保密電話增建架裝作業、及保密通訊裝備故障排除 (分6批次辦理，每次1-2人)</bm_abroadplanname>
            <bm_visitsts>0</bm_visitsts>
            <bm_visitexplain/>
            <bm_dispatchstaffs>0</bm_dispatchstaffs>
            <bm_abroadsite1/>
            <bm_abroadsite2/>
            <bm_abroadsite3/>
            <bm_abroadperiod1/>
            <bm_abroadperiodto1/>
            <bm_abroadperiod2/>
            <bm_abroadperiodto2/>
            <bm_abroadperiod3/>
            <bm_abroadperiodto3/>
            <bm_abroadstaffs1>0</bm_abroadstaffs1>
            <bm_abroadstaffs2>0</bm_abroadstaffs2>
            <bm_abroadstaffs3>0</bm_abroadstaffs3>
            <bm_abroadallowance1>0.00</bm_abroadallowance1>
            <bm_abroadallowance2>0.00</bm_abroadallowance2>
            <bm_abroadallowance3>0.00</bm_abroadallowance3>
            <bm_budgetno>39110011020</bm_budgetno>
            <bm_regionno>94</bm_regionno>
            <bm_country>亞太、亞西、非洲、歐洲、北美及中南美地區</bm_country>
            <bm_agency>駐外館處</bm_agency>
            <bm_cont_text>執行任務包括：1.新型保密通訊裝備建置後續更新及維運作業；2.外館電務密碼作業實地督考、密件運補收繳、保密通訊裝備維保及保密(防)座談宣導；3.保密電話增建架裝案；4.保密通訊裝備故障排除等。</bm_cont_text>
            <bm_durationfrom>10401</bm_durationfrom>
            <bm_durationto>10412</bm_durationto>
            <bm_days>13</bm_days>
            <bm_persons>8</bm_persons>
            <bm_amt_trans>1075000.00</bm_amt_trans>
            <bm_amt_life>599000.00</bm_amt_life>
            <bm_amt_public>89000.00</bm_amt_public>
            <bm_amt_books>0.00</bm_amt_books>
            <bm_amt_flight>0.00</bm_amt_flight>
            <bm_versiondate/>
        </BCTDOUTGO_row>
        <BCTDOUTGO_row>
            <bm_fiscalyear>104</bm_fiscalyear>
            <bm_fundkind>1</bm_fundkind>
            <bm_budgetkind>1</bm_budgetkind>
            <bm_specialbudgetno/>
            <bm_agenno>11001</bm_agenno>
            <bm_agentype>C</bm_agentype>
            <bm_budgetstate>2</bm_budgetstate>
            <bm_abroadplan>1</bm_abroadplan>
            <bm_projtype>10</bm_projtype>
            <bm_projno>006</bm_projno>
            <bm_abroadplanname>駐外機構會計事務處理</bm_abroadplanname>
            <bm_visitsts>0</bm_visitsts>
            <bm_visitexplain/>
            <bm_dispatchstaffs>0</bm_dispatchstaffs>
            <bm_abroadsite1/>
            <bm_abroadsite2/>
            <bm_abroadsite3/>
            <bm_abroadperiod1/>
            <bm_abroadperiodto1/>
            <bm_abroadperiod2/>
            <bm_abroadperiodto2/>
            <bm_abroadperiod3/>
            <bm_abroadperiodto3/>
            <bm_abroadstaffs1>0</bm_abroadstaffs1>
            <bm_abroadstaffs2>0</bm_abroadstaffs2>
            <bm_abroadstaffs3>0</bm_abroadstaffs3>
            <bm_abroadallowance1>0.00</bm_abroadallowance1>
            <bm_abroadallowance2>0.00</bm_abroadallowance2>
            <bm_abroadallowance3>0.00</bm_abroadallowance3>
            <bm_budgetno>39110011020</bm_budgetno>
            <bm_regionno>94</bm_regionno>
            <bm_country>歐洲及拉美地區</bm_country>
            <bm_agency>駐外館處</bm_agency>
            <bm_cont_text>鑑於駐外機構人員調動頻繁且會計人員多由外領人員兼任，為加強兼辦會計人員之會計觀念、熟悉相關規定及瞭解新版駐外機構會計系統之操作，擬分區辦理會計講習，以實地瞭解、督導及協助駐外機構帳務處理。</bm_cont_text>
            <bm_durationfrom>10401</bm_durationfrom>
            <bm_durationto>10412</bm_durationto>
            <bm_days>5</bm_days>
            <bm_persons>4</bm_persons>
            <bm_amt_trans>382000.00</bm_amt_trans>
            <bm_amt_life>101000.00</bm_amt_life>
            <bm_amt_public>14000.00</bm_amt_public>
            <bm_amt_books>0.00</bm_amt_books>
            <bm_amt_flight>0.00</bm_amt_flight>
            <bm_versiondate/>
        </BCTDOUTGO_row>
        <BCTDOUTGO_row>
            <bm_fiscalyear>104</bm_fiscalyear>
            <bm_fundkind>1</bm_fundkind>
            <bm_budgetkind>1</bm_budgetkind>
            <bm_specialbudgetno/>
            <bm_agenno>11001</bm_agenno>
            <bm_agentype>C</bm_agentype>
            <bm_budgetstate>2</bm_budgetstate>
            <bm_abroadplan>1</bm_abroadplan>
            <bm_projtype>10</bm_projtype>
            <bm_projno>007</bm_projno>
            <bm_abroadplanname>隨同審計部查核駐外館處財務收支處理情形</bm_abroadplanname>
            <bm_visitsts>0</bm_visitsts>
            <bm_visitexplain>審計部每年均行文本部派員隨同，以協助查核駐外館處財務收支情形。</bm_visitexplain>
            <bm_dispatchstaffs>0</bm_dispatchstaffs>
            <bm_abroadsite1/>
            <bm_abroadsite2/>
            <bm_abroadsite3/>
            <bm_abroadperiod1/>
            <bm_abroadperiodto1/>
            <bm_abroadperiod2/>
            <bm_abroadperiodto2/>
            <bm_abroadperiod3/>
            <bm_abroadperiodto3/>
            <bm_abroadstaffs1>0</bm_abroadstaffs1>
            <bm_abroadstaffs2>0</bm_abroadstaffs2>
            <bm_abroadstaffs3>0</bm_abroadstaffs3>
            <bm_abroadallowance1>0.00</bm_abroadallowance1>
            <bm_abroadallowance2>0.00</bm_abroadallowance2>
            <bm_abroadallowance3>0.00</bm_abroadallowance3>
            <bm_budgetno>39110011020</bm_budgetno>
            <bm_regionno>94</bm_regionno>
            <bm_country>亞太地區</bm_country>
            <bm_agency>駐外館處</bm_agency>
            <bm_cont_text>隨同審計部查核駐外館處財務收支處理情形。</bm_cont_text>
            <bm_durationfrom>10401</bm_durationfrom>
            <bm_durationto>10412</bm_durationto>
            <bm_days>18</bm_days>
            <bm_persons>1</bm_persons>
            <bm_amt_trans>39000.00</bm_amt_trans>
            <bm_amt_life>113000.00</bm_amt_life>
            <bm_amt_public>12000.00</bm_amt_public>
            <bm_amt_books>0.00</bm_amt_books>
            <bm_amt_flight>0.00</bm_amt_flight>
            <bm_versiondate/>
        </BCTDOUTGO_row>
        <BCTDOUTGO_row>
            <bm_fiscalyear>104</bm_fiscalyear>
            <bm_fundkind>1</bm_fundkind>
            <bm_budgetkind>1</bm_budgetkind>
            <bm_specialbudgetno/>
            <bm_agenno>11001</bm_agenno>
            <bm_agentype>C</bm_agentype>
            <bm_budgetstate>2</bm_budgetstate>
            <bm_abroadplan>1</bm_abroadplan>
            <bm_projtype>10</bm_projtype>
            <bm_projno>008</bm_projno>
            <bm_abroadplanname>資安稽核及督導</bm_abroadplanname>
            <bm_visitsts>0</bm_visitsts>
            <bm_visitexplain/>
            <bm_dispatchstaffs>0</bm_dispatchstaffs>
            <bm_abroadsite1/>
            <bm_abroadsite2/>
            <bm_abroadsite3/>
            <bm_abroadperiod1/>
            <bm_abroadperiodto1/>
            <bm_abroadperiod2/>
            <bm_abroadperiodto2/>
            <bm_abroadperiod3/>
            <bm_abroadperiodto3/>
            <bm_abroadstaffs1>0</bm_abroadstaffs1>
            <bm_abroadstaffs2>0</bm_abroadstaffs2>
            <bm_abroadstaffs3>0</bm_abroadstaffs3>
            <bm_abroadallowance1>0.00</bm_abroadallowance1>
            <bm_abroadallowance2>0.00</bm_abroadallowance2>
            <bm_abroadallowance3>0.00</bm_abroadallowance3>
            <bm_budgetno>39110011020</bm_budgetno>
            <bm_regionno>94</bm_regionno>
            <bm_country>亞太、非洲及中南美地區</bm_country>
            <bm_agency>駐外館處</bm_agency>
            <bm_cont_text>配合國家安全局，派員赴我駐外館處執行資通安全之查核、督導及網路系統建置。</bm_cont_text>
            <bm_durationfrom>10401</bm_durationfrom>
            <bm_durationto>10412</bm_durationto>
            <bm_days>31</bm_days>
            <bm_persons>3</bm_persons>
            <bm_amt_trans>589000.00</bm_amt_trans>
            <bm_amt_life>662000.00</bm_amt_life>
            <bm_amt_public>272000.00</bm_amt_public>
            <bm_amt_books>0.00</bm_amt_books>
            <bm_amt_flight>0.00</bm_amt_flight>
            <bm_versiondate/>
        </BCTDOUTGO_row>
        <BCTDOUTGO_row>
            <bm_fiscalyear>104</bm_fiscalyear>
            <bm_fundkind>1</bm_fundkind>
            <bm_budgetkind>1</bm_budgetkind>
            <bm_specialbudgetno/>
            <bm_agenno>11001</bm_agenno>
            <bm_agentype>C</bm_agentype>
            <bm_budgetstate>2</bm_budgetstate>
            <bm_abroadplan>1</bm_abroadplan>
            <bm_projtype>10</bm_projtype>
            <bm_projno>009</bm_projno>
            <bm_abroadplanname>涉外法律案件處理</bm_abroadplanname>
            <bm_visitsts>0</bm_visitsts>
            <bm_visitexplain/>
            <bm_dispatchstaffs>0</bm_dispatchstaffs>
            <bm_abroadsite1/>
            <bm_abroadsite2/>
            <bm_abroadsite3/>
            <bm_abroadperiod1/>
            <bm_abroadperiodto1/>
            <bm_abroadperiod2/>
            <bm_abroadperiodto2/>
            <bm_abroadperiod3/>
            <bm_abroadperiodto3/>
            <bm_abroadstaffs1>0</bm_abroadstaffs1>
            <bm_abroadstaffs2>0</bm_abroadstaffs2>
            <bm_abroadstaffs3>0</bm_abroadstaffs3>
            <bm_abroadallowance1>0.00</bm_abroadallowance1>
            <bm_abroadallowance2>0.00</bm_abroadallowance2>
            <bm_abroadallowance3>0.00</bm_abroadallowance3>
            <bm_budgetno>39110011020</bm_budgetno>
            <bm_regionno>84</bm_regionno>
            <bm_country>亞太地區</bm_country>
            <bm_agency>駐外館處</bm_agency>
            <bm_cont_text>派員赴駐外館處協助及宣導有關訴訟或其他文書之送達處理流程、旅外國人申請喪失國籍之辦理程序（層轉業務）、訴願案件之處理流程（含爭議個案之意見交換）、司法互助案之探討及說明駐外館處受法院或其他行政機關囑託於駐地調查證據之處理方式。</bm_cont_text>
            <bm_durationfrom>10401</bm_durationfrom>
            <bm_durationto>10412</bm_durationto>
            <bm_days>5</bm_days>
            <bm_persons>1</bm_persons>
            <bm_amt_trans>34000.00</bm_amt_trans>
            <bm_amt_life>26000.00</bm_amt_life>
            <bm_amt_public>2000.00</bm_amt_public>
            <bm_amt_books>0.00</bm_amt_books>
            <bm_amt_flight>0.00</bm_amt_flight>
            <bm_versiondate/>
        </BCTDOUTGO_row>
        <BCTDOUTGO_row>
            <bm_fiscalyear>104</bm_fiscalyear>
            <bm_fundkind>1</bm_fundkind>
            <bm_budgetkind>1</bm_budgetkind>
            <bm_specialbudgetno/>
            <bm_agenno>11001</bm_agenno>
            <bm_agentype>C</bm_agentype>
            <bm_budgetstate>2</bm_budgetstate>
            <bm_abroadplan>1</bm_abroadplan>
            <bm_projtype>10</bm_projtype>
            <bm_projno>10</bm_projno>
            <bm_abroadplanname>資安設備建置及資訊技術協助</bm_abroadplanname>
            <bm_visitsts>0</bm_visitsts>
            <bm_visitexplain/>
            <bm_dispatchstaffs>0</bm_dispatchstaffs>
            <bm_abroadsite1/>
            <bm_abroadsite2/>
            <bm_abroadsite3/>
            <bm_abroadperiod1/>
            <bm_abroadperiodto1/>
            <bm_abroadperiod2/>
            <bm_abroadperiodto2/>
            <bm_abroadperiod3/>
            <bm_abroadperiodto3/>
            <bm_abroadstaffs1>0</bm_abroadstaffs1>
            <bm_abroadstaffs2>0</bm_abroadstaffs2>
            <bm_abroadstaffs3>0</bm_abroadstaffs3>
            <bm_abroadallowance1>0.00</bm_abroadallowance1>
            <bm_abroadallowance2>0.00</bm_abroadallowance2>
            <bm_abroadallowance3>0.00</bm_abroadallowance3>
            <bm_budgetno>39110011300</bm_budgetno>
            <bm_regionno>94</bm_regionno>
            <bm_country>歐洲、北美及中南美地區</bm_country>
            <bm_agency>駐外館處</bm_agency>
            <bm_cont_text>定點派駐資訊專業人員協助駐外館處建立資安防護體系及提供技術協助。</bm_cont_text>
            <bm_durationfrom>10401</bm_durationfrom>
            <bm_durationto>10412</bm_durationto>
            <bm_days>50</bm_days>
            <bm_persons>3</bm_persons>
            <bm_amt_trans>1470000.00</bm_amt_trans>
            <bm_amt_life>1045000.00</bm_amt_life>
            <bm_amt_public>0.00</bm_amt_public>
            <bm_amt_books>0.00</bm_amt_books>
            <bm_amt_flight>0.00</bm_amt_flight>
            <bm_versiondate/>
        </BCTDOUTGO_row>
        <BCTDOUTGO_row>
            <bm_fiscalyear>104</bm_fiscalyear>
            <bm_fundkind>1</bm_fundkind>
            <bm_budgetkind>1</bm_budgetkind>
            <bm_specialbudgetno/>
            <bm_agenno>11001</bm_agenno>
            <bm_agentype>C</bm_agentype>
            <bm_budgetstate>2</bm_budgetstate>
            <bm_abroadplan>1</bm_abroadplan>
            <bm_projtype>10</bm_projtype>
            <bm_projno>11</bm_projno>
            <bm_abroadplanname>外館稽察</bm_abroadplanname>
            <bm_visitsts>0</bm_visitsts>
            <bm_visitexplain/>
            <bm_dispatchstaffs>0</bm_dispatchstaffs>
            <bm_abroadsite1/>
            <bm_abroadsite2/>
            <bm_abroadsite3/>
            <bm_abroadperiod1/>
            <bm_abroadperiodto1/>
            <bm_abroadperiod2/>
            <bm_abroadperiodto2/>
            <bm_abroadperiod3/>
            <bm_abroadperiodto3/>
            <bm_abroadstaffs1>0</bm_abroadstaffs1>
            <bm_abroadstaffs2>0</bm_abroadstaffs2>
            <bm_abroadstaffs3>0</bm_abroadstaffs3>
            <bm_abroadallowance1>0.00</bm_abroadallowance1>
            <bm_abroadallowance2>0.00</bm_abroadallowance2>
            <bm_abroadallowance3>0.00</bm_abroadallowance3>
            <bm_budgetno>39110011020</bm_budgetno>
            <bm_regionno>94</bm_regionno>
            <bm_country>亞西及中南美地區</bm_country>
            <bm_agency>駐外館處</bm_agency>
            <bm_cont_text>派員赴駐外館處實地稽查，瞭解駐館的政策執行、資源管理、行政管理及僑務管理等，確實掌握並協助解決駐館實際問題。</bm_cont_text>
            <bm_durationfrom>10401</bm_durationfrom>
            <bm_durationto>10412</bm_durationto>
            <bm_days>8</bm_days>
            <bm_persons>10</bm_persons>
            <bm_amt_trans>1349000.00</bm_amt_trans>
            <bm_amt_life>427000.00</bm_amt_life>
            <bm_amt_public>224000.00</bm_amt_public>
            <bm_amt_books>0.00</bm_amt_books>
            <bm_amt_flight>0.00</bm_amt_flight>
            <bm_versiondate/>
        </BCTDOUTGO_row>
        <BCTDOUTGO_row>
            <bm_fiscalyear>104</bm_fiscalyear>
            <bm_fundkind>1</bm_fundkind>
            <bm_budgetkind>1</bm_budgetkind>
            <bm_specialbudgetno/>
            <bm_agenno>11001</bm_agenno>
            <bm_agentype>C</bm_agentype>
            <bm_budgetstate>2</bm_budgetstate>
            <bm_abroadplan>1</bm_abroadplan>
            <bm_projtype>11</bm_projtype>
            <bm_projno>001</bm_projno>
            <bm_abroadplanname>採訪</bm_abroadplanname>
            <bm_visitsts>0</bm_visitsts>
            <bm_visitexplain/>
            <bm_dispatchstaffs>0</bm_dispatchstaffs>
            <bm_abroadsite1/>
            <bm_abroadsite2/>
            <bm_abroadsite3/>
            <bm_abroadperiod1/>
            <bm_abroadperiodto1/>
            <bm_abroadperiod2/>
            <bm_abroadperiodto2/>
            <bm_abroadperiod3/>
            <bm_abroadperiodto3/>
            <bm_abroadstaffs1>0</bm_abroadstaffs1>
            <bm_abroadstaffs2>0</bm_abroadstaffs2>
            <bm_abroadstaffs3>0</bm_abroadstaffs3>
            <bm_abroadallowance1>0.00</bm_abroadallowance1>
            <bm_abroadallowance2>0.00</bm_abroadallowance2>
            <bm_abroadallowance3>0.00</bm_abroadallowance3>
            <bm_budgetno>39110011020</bm_budgetno>
            <bm_regionno/>
            <bm_country>緬甸</bm_country>
            <bm_agency>我國駐緬甸機構、臺商及政府官員及廠商等</bm_agency>
            <bm_cont_text>刊物採訪。報導我國與緬甸交流情形，包括雙邊關係及RCEP對雙邊經貿之影響與契機。</bm_cont_text>
            <bm_durationfrom>10401</bm_durationfrom>
            <bm_durationto>10412</bm_durationto>
            <bm_days>9</bm_days>
            <bm_persons>1</bm_persons>
            <bm_amt_trans>24000.00</bm_amt_trans>
            <bm_amt_life>60000.00</bm_amt_life>
            <bm_amt_public>8000.00</bm_amt_public>
            <bm_amt_books>0.00</bm_amt_books>
            <bm_amt_flight>0.00</bm_amt_flight>
            <bm_versiondate/>
        </BCTDOUTGO_row>
        <BCTDOUTGO_row>
            <bm_fiscalyear>104</bm_fiscalyear>
            <bm_fundkind>1</bm_fundkind>
            <bm_budgetkind>1</bm_budgetkind>
            <bm_specialbudgetno/>
            <bm_agenno>11001</bm_agenno>
            <bm_agentype>C</bm_agentype>
            <bm_budgetstate>2</bm_budgetstate>
            <bm_abroadplan>1</bm_abroadplan>
            <bm_projtype>11</bm_projtype>
            <bm_projno>002</bm_projno>
            <bm_abroadplanname>採訪</bm_abroadplanname>
            <bm_visitsts>0</bm_visitsts>
            <bm_visitexplain/>
            <bm_dispatchstaffs>0</bm_dispatchstaffs>
            <bm_abroadsite1/>
            <bm_abroadsite2/>
            <bm_abroadsite3/>
            <bm_abroadperiod1/>
            <bm_abroadperiodto1/>
            <bm_abroadperiod2/>
            <bm_abroadperiodto2/>
            <bm_abroadperiod3/>
            <bm_abroadperiodto3/>
            <bm_abroadstaffs1>0</bm_abroadstaffs1>
            <bm_abroadstaffs2>0</bm_abroadstaffs2>
            <bm_abroadstaffs3>0</bm_abroadstaffs3>
            <bm_abroadallowance1>0.00</bm_abroadallowance1>
            <bm_abroadallowance2>0.00</bm_abroadallowance2>
            <bm_abroadallowance3>0.00</bm_abroadallowance3>
            <bm_budgetno>39110011020</bm_budgetno>
            <bm_regionno/>
            <bm_country>澳洲</bm_country>
            <bm_agency>駐外館處、臺商、經貿單位</bm_agency>
            <bm_cont_text>刊物採訪。預計報導我與澳洲雙邊關係。</bm_cont_text>
            <bm_durationfrom>10401</bm_durationfrom>
            <bm_durationto>10412</bm_durationto>
            <bm_days>10</bm_days>
            <bm_persons>1</bm_persons>
            <bm_amt_trans>36000.00</bm_amt_trans>
            <bm_amt_life>78000.00</bm_amt_life>
            <bm_amt_public>9000.00</bm_amt_public>
            <bm_amt_books>0.00</bm_amt_books>
            <bm_amt_flight>0.00</bm_amt_flight>
            <bm_versiondate/>
        </BCTDOUTGO_row>
        <BCTDOUTGO_row>
            <bm_fiscalyear>104</bm_fiscalyear>
            <bm_fundkind>1</bm_fundkind>
            <bm_budgetkind>1</bm_budgetkind>
            <bm_specialbudgetno/>
            <bm_agenno>11001</bm_agenno>
            <bm_agentype>C</bm_agentype>
            <bm_budgetstate>2</bm_budgetstate>
            <bm_abroadplan>1</bm_abroadplan>
            <bm_projtype>11</bm_projtype>
            <bm_projno>003</bm_projno>
            <bm_abroadplanname>採訪</bm_abroadplanname>
            <bm_visitsts>0</bm_visitsts>
            <bm_visitexplain/>
            <bm_dispatchstaffs>0</bm_dispatchstaffs>
            <bm_abroadsite1/>
            <bm_abroadsite2/>
            <bm_abroadsite3/>
            <bm_abroadperiod1/>
            <bm_abroadperiodto1/>
            <bm_abroadperiod2/>
            <bm_abroadperiodto2/>
            <bm_abroadperiod3/>
            <bm_abroadperiodto3/>
            <bm_abroadstaffs1>0</bm_abroadstaffs1>
            <bm_abroadstaffs2>0</bm_abroadstaffs2>
            <bm_abroadstaffs3>0</bm_abroadstaffs3>
            <bm_abroadallowance1>0.00</bm_abroadallowance1>
            <bm_abroadallowance2>0.00</bm_abroadallowance2>
            <bm_abroadallowance3>0.00</bm_abroadallowance3>
            <bm_budgetno>39110011020</bm_budgetno>
            <bm_regionno/>
            <bm_country>歐美及亞太地區</bm_country>
            <bm_agency>駐外館處、臺商</bm_agency>
            <bm_cont_text>執行年度國外刊物採訪計畫。</bm_cont_text>
            <bm_durationfrom>10401</bm_durationfrom>
            <bm_durationto>10412</bm_durationto>
            <bm_days>17</bm_days>
            <bm_persons>2</bm_persons>
            <bm_amt_trans>100000.00</bm_amt_trans>
            <bm_amt_life>160000.00</bm_amt_life>
            <bm_amt_public>9000.00</bm_amt_public>
            <bm_amt_books>0.00</bm_amt_books>
            <bm_amt_flight>0.00</bm_amt_flight>
            <bm_versiondate/>
        </BCTDOUTGO_row>
    </BCTDOUTGO>
</tables>
