<?xml version="1.0" encoding="UTF-8"?>
<tables>
    <BCME3470>
        <BCME3470_row>
            <budgetno>00110000000</budgetno>
            <budgetname>外交部主管</budgetname>
            <damt1>0.000000</damt1>
            <damt2>465011.000000</damt2>
            <damt3>0.000000</damt3>
            <damt4>2856.000000</damt4>
            <damt5>47021.000000</damt5>
            <damt6>92005.000000</damt6>
            <damt7>61300.000000</damt7>
            <damt8>0.000000</damt8>
            <damt9>45394.000000</damt9>
            <damt10>713587.000000</damt10>
            <no1>08</no1>
            <no2>00</no2>
            <no3>00</no3>
            <no4>00</no4>
            <budgetno_conver>0011000000</budgetno_conver>
            <b_level>1</b_level>
        </BCME3470_row>
        <BCME3470_row>
            <budgetno>00110010000</budgetno>
            <budgetname>外交部</budgetname>
            <damt1>0.000000</damt1>
            <damt2>465011.000000</damt2>
            <damt3>0.000000</damt3>
            <damt4>2856.000000</damt4>
            <damt5>47021.000000</damt5>
            <damt6>92005.000000</damt6>
            <damt7>61300.000000</damt7>
            <damt8>0.000000</damt8>
            <damt9>45394.000000</damt9>
            <damt10>713587.000000</damt10>
            <no1>08</no1>
            <no2>01</no2>
            <no3>00</no3>
            <no4>00</no4>
            <budgetno_conver>0011010000</budgetno_conver>
            <b_level>2</b_level>
        </BCME3470_row>
        <BCME3470_row>
            <budgetno>39110010000</budgetno>
            <budgetname>外交支出</budgetname>
            <damt1>0.000000</damt1>
            <damt2>465011.000000</damt2>
            <damt3>0.000000</damt3>
            <damt4>2856.000000</damt4>
            <damt5>47021.000000</damt5>
            <damt6>92005.000000</damt6>
            <damt7>61300.000000</damt7>
            <damt8>0.000000</damt8>
            <damt9>45394.000000</damt9>
            <damt10>713587.000000</damt10>
            <no1>08</no1>
            <no2/>
            <no3/>
            <no4>00</no4>
            <budgetno_conver>3911010000</budgetno_conver>
            <b_level>2</b_level>
        </BCME3470_row>
        <BCME3470_row>
            <budgetno>39110010100</budgetno>
            <budgetname>一般行政</budgetname>
            <damt1>0.000000</damt1>
            <damt2>0.000000</damt2>
            <damt3>0.000000</damt3>
            <damt4>100.000000</damt4>
            <damt5>0.000000</damt5>
            <damt6>92005.000000</damt6>
            <damt7>11773.000000</damt7>
            <damt8>0.000000</damt8>
            <damt9>0.000000</damt9>
            <damt10>103878.000000</damt10>
            <no1>08</no1>
            <no2>01</no2>
            <no3>01</no3>
            <no4>00</no4>
            <budgetno_conver>3911010100</budgetno_conver>
            <b_level>3</b_level>
        </BCME3470_row>
        <BCME3470_row>
            <budgetno>39110011300</budgetno>
            <budgetname>駐外機構業務</budgetname>
            <damt1>0.000000</damt1>
            <damt2>0.000000</damt2>
            <damt3>0.000000</damt3>
            <damt4>0.000000</damt4>
            <damt5>0.000000</damt5>
            <damt6>0.000000</damt6>
            <damt7>49527.000000</damt7>
            <damt8>0.000000</damt8>
            <damt9>0.000000</damt9>
            <damt10>49527.000000</damt10>
            <no1>08</no1>
            <no2>01</no2>
            <no3>03</no3>
            <no4>00</no4>
            <budgetno_conver>3911011300</budgetno_conver>
            <b_level>3</b_level>
        </BCME3470_row>
        <BCME3470_row>
            <budgetno>39110011400</budgetno>
            <budgetname>國際會議及交流</budgetname>
            <damt1>0.000000</damt1>
            <damt2>0.000000</damt2>
            <damt3>0.000000</damt3>
            <damt4>0.000000</damt4>
            <damt5>0.000000</damt5>
            <damt6>0.000000</damt6>
            <damt7>0.000000</damt7>
            <damt8>0.000000</damt8>
            <damt9>576.000000</damt9>
            <damt10>576.000000</damt10>
            <no1>08</no1>
            <no2>01</no2>
            <no3>04</no3>
            <no4>00</no4>
            <budgetno_conver>3911011400</budgetno_conver>
            <b_level>3</b_level>
        </BCME3470_row>
        <BCME3470_row>
            <budgetno>39110011500</budgetno>
            <budgetname>國際合作</budgetname>
            <damt1>0.000000</damt1>
            <damt2>0.000000</damt2>
            <damt3>0.000000</damt3>
            <damt4>0.000000</damt4>
            <damt5>0.000000</damt5>
            <damt6>0.000000</damt6>
            <damt7>0.000000</damt7>
            <damt8>0.000000</damt8>
            <damt9>44818.000000</damt9>
            <damt10>44818.000000</damt10>
            <no1>08</no1>
            <no2>01</no2>
            <no3>05</no3>
            <no4>00</no4>
            <budgetno_conver>3911011500</budgetno_conver>
            <b_level>3</b_level>
        </BCME3470_row>
        <BCME3470_row>
            <budgetno>39110019000</budgetno>
            <budgetname>一般建築及設備</budgetname>
            <damt1>0.000000</damt1>
            <damt2>465011.000000</damt2>
            <damt3>0.000000</damt3>
            <damt4>2756.000000</damt4>
            <damt5>47021.000000</damt5>
            <damt6>0.000000</damt6>
            <damt7>0.000000</damt7>
            <damt8>0.000000</damt8>
            <damt9>0.000000</damt9>
            <damt10>514788.000000</damt10>
            <no1>08</no1>
            <no2>01</no2>
            <no3>07</no3>
            <no4>00</no4>
            <budgetno_conver>3911019000</budgetno_conver>
            <b_level>3</b_level>
        </BCME3470_row>
        <BCME3470_row>
            <budgetno>39110019002</budgetno>
            <budgetname>營建工程</budgetname>
            <damt1>0.000000</damt1>
            <damt2>465011.000000</damt2>
            <damt3>0.000000</damt3>
            <damt4>0.000000</damt4>
            <damt5>0.000000</damt5>
            <damt6>0.000000</damt6>
            <damt7>0.000000</damt7>
            <damt8>0.000000</damt8>
            <damt9>0.000000</damt9>
            <damt10>465011.000000</damt10>
            <no1>08</no1>
            <no2>01</no2>
            <no3>07</no3>
            <no4>01</no4>
            <budgetno_conver>3911019002</budgetno_conver>
            <b_level>4</b_level>
        </BCME3470_row>
        <BCME3470_row>
            <budgetno>39110019011</budgetno>
            <budgetname>交通及運輸設備</budgetname>
            <damt1>0.000000</damt1>
            <damt2>0.000000</damt2>
            <damt3>0.000000</damt3>
            <damt4>2756.000000</damt4>
            <damt5>47021.000000</damt5>
            <damt6>0.000000</damt6>
            <damt7>0.000000</damt7>
            <damt8>0.000000</damt8>
            <damt9>0.000000</damt9>
            <damt10>49777.000000</damt10>
            <no1>08</no1>
            <no2>01</no2>
            <no3>07</no3>
            <no4>02</no4>
            <budgetno_conver>3911019011</budgetno_conver>
            <b_level>4</b_level>
        </BCME3470_row>
    </BCME3470>
</tables>
