<?xml version="1.0"?>
<?mso-application progid="Excel.Sheet"?>
<Workbook xmlns="urn:schemas-microsoft-com:office:spreadsheet"
 xmlns:o="urn:schemas-microsoft-com:office:office"
 xmlns:x="urn:schemas-microsoft-com:office:excel"
 xmlns:ss="urn:schemas-microsoft-com:office:spreadsheet"
 xmlns:html="http://www.w3.org/TR/REC-html40">
 <DocumentProperties xmlns="urn:schemas-microsoft-com:office:office">
  <Author>mofa</Author>
  <LastAuthor>Administrator</LastAuthor>
  <LastPrinted>2015-02-16T08:49:07Z</LastPrinted>
  <Created>2001-03-21T09:03:28Z</Created>
  <LastSaved>2015-03-02T10:20:35Z</LastSaved>
  <Company>mofaordp</Company>
  <Version>14.00</Version>
 </DocumentProperties>
 <OfficeDocumentSettings xmlns="urn:schemas-microsoft-com:office:office">
  <AllowPNG/>
 </OfficeDocumentSettings>
 <ExcelWorkbook xmlns="urn:schemas-microsoft-com:office:excel">
  <WindowHeight>6495</WindowHeight>
  <WindowWidth>5970</WindowWidth>
  <WindowTopX>-15</WindowTopX>
  <WindowTopY>-15</WindowTopY>
  <TabRatio>790</TabRatio>
  <ProtectStructure>False</ProtectStructure>
  <ProtectWindows>False</ProtectWindows>
 </ExcelWorkbook>
 <Styles>
  <Style ss:ID="Default" ss:Name="Normal">
   <Alignment ss:Vertical="Bottom"/>
   <Borders/>
   <Font ss:FontName="新細明體" x:CharSet="136" x:Family="Roman" ss:Size="12"/>
   <Interior/>
   <NumberFormat/>
   <Protection/>
  </Style>
  <Style ss:ID="m39476512">
   <Alignment ss:Horizontal="Left" ss:Vertical="Center"/>
   <Borders>
    <Border ss:Position="Bottom" ss:LineStyle="Continuous" ss:Weight="2"/>
    <Border ss:Position="Left" ss:LineStyle="Continuous" ss:Weight="2"/>
    <Border ss:Position="Right" ss:LineStyle="Continuous" ss:Weight="2"/>
    <Border ss:Position="Top" ss:LineStyle="Continuous" ss:Weight="1"/>
   </Borders>
   <Font ss:FontName="Arial" x:Family="Swiss" ss:Size="12"/>
   <Interior/>
  </Style>
  <Style ss:ID="m39476532">
   <Alignment ss:Horizontal="Left" ss:Vertical="Center"/>
   <Borders>
    <Border ss:Position="Bottom" ss:LineStyle="Continuous" ss:Weight="1"/>
    <Border ss:Position="Left" ss:LineStyle="Continuous" ss:Weight="2"/>
    <Border ss:Position="Right" ss:LineStyle="Continuous" ss:Weight="1"/>
    <Border ss:Position="Top" ss:LineStyle="Continuous" ss:Weight="1"/>
   </Borders>
   <Font ss:FontName="Arial" x:Family="Swiss" ss:Size="12"/>
   <Interior/>
  </Style>
  <Style ss:ID="m39476552">
   <Alignment ss:Horizontal="Left" ss:Vertical="Center"/>
   <Borders>
    <Border ss:Position="Bottom" ss:LineStyle="Continuous" ss:Weight="1"/>
    <Border ss:Position="Left" ss:LineStyle="Continuous" ss:Weight="2"/>
    <Border ss:Position="Right" ss:LineStyle="Continuous" ss:Weight="1"/>
    <Border ss:Position="Top" ss:LineStyle="Continuous" ss:Weight="1"/>
   </Borders>
   <Font ss:FontName="細明體" x:CharSet="136" x:Family="Modern" ss:Size="12"/>
   <Interior/>
  </Style>
  <Style ss:ID="m39476572">
   <Alignment ss:Horizontal="Left" ss:Vertical="Center"/>
   <Borders>
    <Border ss:Position="Bottom" ss:LineStyle="Continuous" ss:Weight="1"/>
    <Border ss:Position="Left" ss:LineStyle="Continuous" ss:Weight="2"/>
    <Border ss:Position="Right" ss:LineStyle="Continuous" ss:Weight="1"/>
    <Border ss:Position="Top" ss:LineStyle="Continuous" ss:Weight="1"/>
   </Borders>
   <Font ss:FontName="Arial" x:Family="Swiss" ss:Size="12"/>
   <Interior/>
  </Style>
  <Style ss:ID="m39476592">
   <Alignment ss:Horizontal="Left" ss:Vertical="Center"/>
   <Borders>
    <Border ss:Position="Bottom" ss:LineStyle="Continuous" ss:Weight="1"/>
    <Border ss:Position="Left" ss:LineStyle="Continuous" ss:Weight="2"/>
    <Border ss:Position="Right" ss:LineStyle="Continuous" ss:Weight="1"/>
    <Border ss:Position="Top" ss:LineStyle="Continuous" ss:Weight="1"/>
   </Borders>
   <Font ss:FontName="Arial" x:Family="Swiss" ss:Size="12"/>
   <Interior/>
  </Style>
  <Style ss:ID="m39476612">
   <Alignment ss:Horizontal="Left" ss:Vertical="Center"/>
   <Borders>
    <Border ss:Position="Bottom" ss:LineStyle="Continuous" ss:Weight="1"/>
    <Border ss:Position="Left" ss:LineStyle="Continuous" ss:Weight="2"/>
    <Border ss:Position="Right" ss:LineStyle="Continuous" ss:Weight="1"/>
    <Border ss:Position="Top" ss:LineStyle="Continuous" ss:Weight="1"/>
   </Borders>
   <Font ss:FontName="細明體" x:CharSet="136" x:Family="Modern" ss:Size="12"
    ss:Bold="1"/>
   <Interior/>
  </Style>
  <Style ss:ID="m39476632">
   <Alignment ss:Horizontal="Left" ss:Vertical="Center"/>
   <Borders>
    <Border ss:Position="Bottom" ss:LineStyle="Continuous" ss:Weight="1"/>
    <Border ss:Position="Left" ss:LineStyle="Continuous" ss:Weight="2"/>
    <Border ss:Position="Right" ss:LineStyle="Continuous" ss:Weight="1"/>
    <Border ss:Position="Top" ss:LineStyle="Continuous" ss:Weight="1"/>
   </Borders>
   <Font ss:FontName="Arial" x:Family="Swiss" ss:Size="12"/>
   <Interior/>
  </Style>
  <Style ss:ID="m39476652">
   <Alignment ss:Horizontal="Left" ss:Vertical="Center"/>
   <Borders>
    <Border ss:Position="Bottom" ss:LineStyle="Continuous" ss:Weight="1"/>
    <Border ss:Position="Left" ss:LineStyle="Continuous" ss:Weight="2"/>
    <Border ss:Position="Right" ss:LineStyle="Continuous" ss:Weight="1"/>
    <Border ss:Position="Top" ss:LineStyle="Continuous" ss:Weight="1"/>
   </Borders>
   <Font ss:FontName="細明體" x:CharSet="136" x:Family="Modern" ss:Size="12"/>
   <Interior/>
  </Style>
  <Style ss:ID="m39476672">
   <Alignment ss:Horizontal="Left" ss:Vertical="Center"/>
   <Borders>
    <Border ss:Position="Bottom" ss:LineStyle="Continuous" ss:Weight="1"/>
    <Border ss:Position="Left" ss:LineStyle="Continuous" ss:Weight="2"/>
    <Border ss:Position="Right" ss:LineStyle="Continuous" ss:Weight="1"/>
    <Border ss:Position="Top" ss:LineStyle="Continuous" ss:Weight="1"/>
   </Borders>
   <Font ss:FontName="細明體" x:CharSet="136" x:Family="Modern" ss:Size="12"/>
   <Interior/>
  </Style>
  <Style ss:ID="m39476692">
   <Alignment ss:Horizontal="Left" ss:Vertical="Center"/>
   <Borders>
    <Border ss:Position="Bottom" ss:LineStyle="Continuous" ss:Weight="1"/>
    <Border ss:Position="Left" ss:LineStyle="Continuous" ss:Weight="2"/>
    <Border ss:Position="Right" ss:LineStyle="Continuous" ss:Weight="1"/>
    <Border ss:Position="Top" ss:LineStyle="Continuous" ss:Weight="1"/>
   </Borders>
   <Font ss:FontName="細明體" x:CharSet="136" x:Family="Modern" ss:Size="12"/>
   <Interior/>
  </Style>
  <Style ss:ID="m63642912">
   <Alignment ss:Horizontal="Center" ss:Vertical="Center"/>
   <Borders>
    <Border ss:Position="Bottom" ss:LineStyle="Continuous" ss:Weight="1"/>
    <Border ss:Position="Left" ss:LineStyle="Continuous" ss:Weight="1"/>
    <Border ss:Position="Right" ss:LineStyle="Continuous" ss:Weight="1"/>
    <Border ss:Position="Top" ss:LineStyle="Continuous" ss:Weight="1"/>
   </Borders>
   <Font ss:FontName="標楷體" x:CharSet="136" x:Family="Script" ss:Size="12"/>
   <Interior/>
  </Style>
  <Style ss:ID="m63641568">
   <Alignment ss:Horizontal="Left" ss:Vertical="Center"/>
   <Borders>
    <Border ss:Position="Bottom" ss:LineStyle="Continuous" ss:Weight="1"/>
    <Border ss:Position="Left" ss:LineStyle="Continuous" ss:Weight="2"/>
    <Border ss:Position="Right" ss:LineStyle="Continuous" ss:Weight="1"/>
    <Border ss:Position="Top" ss:LineStyle="Continuous" ss:Weight="1"/>
   </Borders>
   <Font ss:FontName="細明體" x:CharSet="136" x:Family="Modern" ss:Size="12"
    ss:Bold="1"/>
   <Interior/>
  </Style>
  <Style ss:ID="m63641588">
   <Alignment ss:Horizontal="Left" ss:Vertical="Center"/>
   <Borders>
    <Border ss:Position="Bottom" ss:LineStyle="Continuous" ss:Weight="1"/>
    <Border ss:Position="Left" ss:LineStyle="Continuous" ss:Weight="2"/>
    <Border ss:Position="Right" ss:LineStyle="Continuous" ss:Weight="1"/>
    <Border ss:Position="Top" ss:LineStyle="Continuous" ss:Weight="1"/>
   </Borders>
   <Font ss:FontName="Arial" x:Family="Swiss" ss:Size="12"/>
   <Interior/>
  </Style>
  <Style ss:ID="m63641608">
   <Alignment ss:Horizontal="Left" ss:Vertical="Center"/>
   <Borders>
    <Border ss:Position="Bottom" ss:LineStyle="Continuous" ss:Weight="1"/>
    <Border ss:Position="Left" ss:LineStyle="Continuous" ss:Weight="2"/>
    <Border ss:Position="Right" ss:LineStyle="Continuous" ss:Weight="2"/>
    <Border ss:Position="Top" ss:LineStyle="Continuous" ss:Weight="2"/>
   </Borders>
   <Font ss:FontName="新細明體" x:CharSet="136" x:Family="Roman" ss:Size="14"
    ss:Bold="1"/>
   <Interior/>
  </Style>
  <Style ss:ID="m63641628">
   <Alignment ss:Horizontal="Left" ss:Vertical="Center"/>
   <Borders>
    <Border ss:Position="Bottom" ss:LineStyle="Continuous" ss:Weight="1"/>
    <Border ss:Position="Left" ss:LineStyle="Continuous" ss:Weight="2"/>
    <Border ss:Position="Right" ss:LineStyle="Continuous" ss:Weight="2"/>
    <Border ss:Position="Top" ss:LineStyle="Continuous" ss:Weight="1"/>
   </Borders>
   <Font ss:FontName="Arial" x:Family="Swiss" ss:Size="12"/>
   <Interior/>
  </Style>
  <Style ss:ID="m63641688">
   <Alignment ss:Horizontal="Left" ss:Vertical="Center"/>
   <Borders>
    <Border ss:Position="Bottom" ss:LineStyle="Continuous" ss:Weight="1"/>
    <Border ss:Position="Left" ss:LineStyle="Continuous" ss:Weight="2"/>
    <Border ss:Position="Right" ss:LineStyle="Continuous" ss:Weight="1"/>
    <Border ss:Position="Top" ss:LineStyle="Continuous" ss:Weight="1"/>
   </Borders>
   <Font ss:FontName="Arial" x:Family="Swiss" ss:Size="12"/>
   <Interior/>
  </Style>
  <Style ss:ID="m63641708">
   <Alignment ss:Horizontal="Left" ss:Vertical="Center"/>
   <Borders>
    <Border ss:Position="Bottom" ss:LineStyle="Continuous" ss:Weight="1"/>
    <Border ss:Position="Left" ss:LineStyle="Continuous" ss:Weight="2"/>
    <Border ss:Position="Right" ss:LineStyle="Continuous" ss:Weight="1"/>
    <Border ss:Position="Top" ss:LineStyle="Continuous" ss:Weight="1"/>
   </Borders>
   <Font ss:FontName="Arial" x:Family="Swiss" ss:Size="12"/>
   <Interior/>
  </Style>
  <Style ss:ID="m63641728">
   <Alignment ss:Horizontal="Left" ss:Vertical="Center"/>
   <Borders>
    <Border ss:Position="Bottom" ss:LineStyle="Continuous" ss:Weight="1"/>
    <Border ss:Position="Left" ss:LineStyle="Continuous" ss:Weight="2"/>
    <Border ss:Position="Right" ss:LineStyle="Continuous" ss:Weight="1"/>
    <Border ss:Position="Top" ss:LineStyle="Continuous" ss:Weight="1"/>
   </Borders>
   <Font ss:FontName="Arial" x:Family="Swiss" ss:Size="12"/>
   <Interior/>
  </Style>
  <Style ss:ID="s64">
   <Alignment ss:Horizontal="Left" ss:Vertical="Center"/>
   <Font ss:FontName="標楷體" x:CharSet="136" x:Family="Script"/>
   <Interior/>
  </Style>
  <Style ss:ID="s65">
   <Alignment ss:Vertical="Center"/>
   <Font ss:FontName="標楷體" x:CharSet="136" x:Family="Script"/>
   <Interior/>
  </Style>
  <Style ss:ID="s66">
   <Alignment ss:Vertical="Center"/>
   <Font ss:FontName="Arial" x:Family="Swiss" ss:Size="12"/>
   <Interior/>
  </Style>
  <Style ss:ID="s67">
   <Alignment ss:Vertical="Center"/>
   <Font ss:FontName="Arial" x:Family="Swiss" ss:Size="16" ss:Bold="1"/>
   <Interior/>
  </Style>
  <Style ss:ID="s68">
   <Alignment ss:Vertical="Center"/>
   <Font ss:FontName="標楷體" x:CharSet="136" x:Family="Script" ss:Size="12"/>
   <Interior/>
  </Style>
  <Style ss:ID="s69">
   <Alignment ss:Vertical="Center"/>
   <Font ss:FontName="Arial" x:Family="Swiss"/>
   <Interior/>
  </Style>
  <Style ss:ID="s70">
   <Alignment ss:Horizontal="Center" ss:Vertical="Center"/>
   <Font ss:FontName="Arial" x:Family="Swiss" ss:Size="16" ss:Bold="1"/>
   <Interior/>
  </Style>
  <Style ss:ID="s71">
   <Alignment ss:Horizontal="Left" ss:Vertical="Center"/>
   <Font ss:FontName="Arial" x:Family="Swiss"/>
   <Interior/>
  </Style>
  <Style ss:ID="s72">
   <Alignment ss:Vertical="Center"/>
   <Interior/>
  </Style>
  <Style ss:ID="s73">
   <Alignment ss:Vertical="Center"/>
   <Borders/>
   <Font ss:FontName="Arial" x:Family="Swiss" ss:Size="12"/>
   <Interior/>
  </Style>
  <Style ss:ID="s74">
   <Alignment ss:Horizontal="Right" ss:Vertical="Center"/>
   <Font ss:FontName="標楷體" x:CharSet="136" x:Family="Script" ss:Size="12"/>
   <Interior/>
  </Style>
  <Style ss:ID="s75">
   <Alignment ss:Vertical="Center"/>
   <Borders>
    <Border ss:Position="Bottom" ss:LineStyle="Continuous" ss:Weight="1"/>
    <Border ss:Position="Left" ss:LineStyle="Continuous" ss:Weight="1"/>
    <Border ss:Position="Right" ss:LineStyle="Continuous" ss:Weight="1"/>
    <Border ss:Position="Top" ss:LineStyle="Continuous" ss:Weight="1"/>
   </Borders>
   <Font ss:FontName="Arial" x:Family="Swiss" ss:Size="12"/>
   <Interior/>
  </Style>
  <Style ss:ID="s76">
   <Alignment ss:Vertical="Center"/>
   <Font ss:FontName="細明體" x:CharSet="136" x:Family="Modern" ss:Size="12"/>
   <Interior/>
  </Style>
  <Style ss:ID="s77">
   <Alignment ss:Vertical="Center"/>
   <Borders>
    <Border ss:Position="Bottom" ss:LineStyle="Continuous" ss:Weight="1"/>
    <Border ss:Position="Left" ss:LineStyle="Continuous" ss:Weight="1"/>
    <Border ss:Position="Right" ss:LineStyle="Continuous" ss:Weight="2"/>
    <Border ss:Position="Top" ss:LineStyle="Continuous" ss:Weight="1"/>
   </Borders>
   <Font ss:FontName="Arial" x:Family="Swiss" ss:Size="12"/>
   <Interior/>
  </Style>
  <Style ss:ID="s78">
   <Alignment ss:Vertical="Center"/>
   <Borders>
    <Border ss:Position="Bottom" ss:LineStyle="Continuous" ss:Weight="1"/>
    <Border ss:Position="Left" ss:LineStyle="Continuous" ss:Weight="1"/>
    <Border ss:Position="Right" ss:LineStyle="Continuous" ss:Weight="1"/>
    <Border ss:Position="Top" ss:LineStyle="Continuous" ss:Weight="1"/>
   </Borders>
   <Font ss:FontName="Arial" x:Family="Swiss" ss:Size="12" ss:Bold="1"/>
   <Interior/>
  </Style>
  <Style ss:ID="s79">
   <Alignment ss:Vertical="Center"/>
   <Borders>
    <Border ss:Position="Bottom" ss:LineStyle="Continuous" ss:Weight="1"/>
    <Border ss:Position="Left" ss:LineStyle="Continuous" ss:Weight="1"/>
    <Border ss:Position="Right" ss:LineStyle="Continuous" ss:Weight="2"/>
    <Border ss:Position="Top" ss:LineStyle="Continuous" ss:Weight="1"/>
   </Borders>
   <Font ss:FontName="Arial" x:Family="Swiss" ss:Size="12" ss:Bold="1"/>
   <Interior/>
  </Style>
  <Style ss:ID="s80">
   <Alignment ss:Horizontal="Center" ss:Vertical="Center" ss:WrapText="1"/>
   <Borders>
    <Border ss:Position="Bottom" ss:LineStyle="Continuous" ss:Weight="1"/>
    <Border ss:Position="Left" ss:LineStyle="Continuous" ss:Weight="1"/>
    <Border ss:Position="Right" ss:LineStyle="Continuous" ss:Weight="1"/>
    <Border ss:Position="Top" ss:LineStyle="Continuous" ss:Weight="1"/>
   </Borders>
   <Font ss:FontName="標楷體" x:CharSet="136" x:Family="Script" ss:Size="12"/>
   <Interior ss:Color="#CCFFFF" ss:Pattern="Solid"/>
  </Style>
  <Style ss:ID="s81">
   <Borders>
    <Border ss:Position="Bottom" ss:LineStyle="Continuous" ss:Weight="1"/>
    <Border ss:Position="Left" ss:LineStyle="Continuous" ss:Weight="1"/>
    <Border ss:Position="Right" ss:LineStyle="Continuous" ss:Weight="1"/>
    <Border ss:Position="Top" ss:LineStyle="Continuous" ss:Weight="1"/>
   </Borders>
   <Font ss:FontName="Arial" x:Family="Swiss" ss:Bold="1"/>
   <Interior ss:Color="#CCFFCC" ss:Pattern="Solid"/>
   <NumberFormat ss:Format="#,##0"/>
  </Style>
  <Style ss:ID="s82">
   <Borders>
    <Border ss:Position="Bottom" ss:LineStyle="Continuous" ss:Weight="1"/>
    <Border ss:Position="Left" ss:LineStyle="Continuous" ss:Weight="1"/>
    <Border ss:Position="Right" ss:LineStyle="Continuous" ss:Weight="1"/>
    <Border ss:Position="Top" ss:LineStyle="Continuous" ss:Weight="1"/>
   </Borders>
   <Font ss:FontName="Arial" x:Family="Swiss"/>
   <Interior/>
   <NumberFormat ss:Format="#,##0"/>
  </Style>
  <Style ss:ID="s83">
   <Borders>
    <Border ss:Position="Bottom" ss:LineStyle="Continuous" ss:Weight="1"/>
    <Border ss:Position="Left" ss:LineStyle="Continuous" ss:Weight="1"/>
    <Border ss:Position="Right" ss:LineStyle="Continuous" ss:Weight="1"/>
    <Border ss:Position="Top" ss:LineStyle="Continuous" ss:Weight="1"/>
   </Borders>
   <Font ss:FontName="Arial" x:Family="Swiss"/>
   <Interior/>
   <NumberFormat ss:Format="Standard"/>
  </Style>
  <Style ss:ID="s84">
   <Borders>
    <Border ss:Position="Bottom" ss:LineStyle="Continuous" ss:Weight="1"/>
    <Border ss:Position="Left" ss:LineStyle="Continuous" ss:Weight="1"/>
    <Border ss:Position="Right" ss:LineStyle="Continuous" ss:Weight="1"/>
    <Border ss:Position="Top" ss:LineStyle="Continuous" ss:Weight="1"/>
   </Borders>
   <Font ss:FontName="Arial" x:Family="Swiss"/>
   <Interior ss:Color="#CCFFCC" ss:Pattern="Solid"/>
   <NumberFormat ss:Format="#,##0"/>
  </Style>
  <Style ss:ID="s85">
   <Alignment ss:Horizontal="Center" ss:Vertical="Center" ss:WrapText="1"/>
   <Borders>
    <Border ss:Position="Bottom" ss:LineStyle="Continuous" ss:Weight="1"/>
    <Border ss:Position="Left" ss:LineStyle="Continuous" ss:Weight="1"/>
    <Border ss:Position="Right" ss:LineStyle="Continuous" ss:Weight="1"/>
    <Border ss:Position="Top" ss:LineStyle="Continuous" ss:Weight="1"/>
   </Borders>
   <Font ss:FontName="標楷體" x:CharSet="136" x:Family="Script" ss:Size="12"/>
   <Interior/>
  </Style>
  <Style ss:ID="s86">
   <Borders>
    <Border ss:Position="Bottom" ss:LineStyle="Continuous" ss:Weight="1"/>
    <Border ss:Position="Left" ss:LineStyle="Continuous" ss:Weight="1"/>
    <Border ss:Position="Right" ss:LineStyle="Continuous" ss:Weight="1"/>
    <Border ss:Position="Top" ss:LineStyle="Continuous" ss:Weight="1"/>
   </Borders>
   <Font ss:FontName="Arial" x:Family="Swiss" ss:Bold="1"/>
   <Interior/>
   <NumberFormat ss:Format="#,##0"/>
  </Style>
  <Style ss:ID="s87">
   <Borders>
    <Border ss:Position="Bottom" ss:LineStyle="Continuous" ss:Weight="1"/>
    <Border ss:Position="Left" ss:LineStyle="Continuous" ss:Weight="1"/>
    <Border ss:Position="Right" ss:LineStyle="Continuous" ss:Weight="1"/>
    <Border ss:Position="Top" ss:LineStyle="Continuous" ss:Weight="1"/>
   </Borders>
   <Font ss:FontName="Arial" x:Family="Swiss" ss:Bold="1"/>
   <Interior/>
   <NumberFormat ss:Format="Standard"/>
  </Style>
  <Style ss:ID="s88">
   <Alignment ss:Vertical="Center"/>
   <Borders>
    <Border ss:Position="Bottom" ss:LineStyle="Continuous" ss:Weight="1"/>
    <Border ss:Position="Right" ss:LineStyle="Continuous" ss:Weight="1"/>
    <Border ss:Position="Top" ss:LineStyle="Continuous" ss:Weight="1"/>
   </Borders>
   <Font ss:FontName="標楷體" x:CharSet="136" x:Family="Script" ss:Size="12"/>
   <Interior/>
  </Style>
  <Style ss:ID="s127">
   <Alignment ss:Horizontal="Center" ss:Vertical="Center"/>
   <Borders>
    <Border ss:Position="Bottom" ss:LineStyle="Continuous" ss:Weight="1"/>
    <Border ss:Position="Left" ss:LineStyle="Continuous" ss:Weight="1"/>
    <Border ss:Position="Right" ss:LineStyle="Continuous" ss:Weight="1"/>
    <Border ss:Position="Top" ss:LineStyle="Continuous" ss:Weight="1"/>
   </Borders>
   <Font ss:FontName="標楷體" x:CharSet="136" x:Family="Script" ss:Size="12"/>
   <Interior/>
  </Style>
  <Style ss:ID="s129">
   <Alignment ss:Horizontal="Left" ss:Vertical="Bottom"/>
   <Borders>
    <Border ss:Position="Bottom" ss:LineStyle="Continuous" ss:Weight="1"/>
    <Border ss:Position="Left" ss:LineStyle="Continuous" ss:Weight="1"/>
    <Border ss:Position="Right" ss:LineStyle="Continuous" ss:Weight="1"/>
    <Border ss:Position="Top" ss:LineStyle="Continuous" ss:Weight="1"/>
   </Borders>
   <Font ss:FontName="新細明體" x:CharSet="136" x:Family="Roman" ss:Bold="1"/>
   <Interior/>
  </Style>
  <Style ss:ID="s134">
   <Alignment ss:Horizontal="Right" ss:Vertical="Center"/>
   <Font ss:FontName="標楷體" x:CharSet="136" x:Family="Script" ss:Size="18"
    ss:Bold="1"/>
   <Interior/>
  </Style>
  <Style ss:ID="s135">
   <Alignment ss:Horizontal="Left" ss:Vertical="Center"/>
   <Font ss:FontName="Arial" x:Family="Swiss" ss:Size="14" ss:Bold="1"/>
   <Interior/>
  </Style>
  <Style ss:ID="s137">
   <Alignment ss:Horizontal="Left" ss:Vertical="Bottom"/>
   <Borders>
    <Border ss:Position="Bottom" ss:LineStyle="Continuous" ss:Weight="1"/>
    <Border ss:Position="Left" ss:LineStyle="Continuous" ss:Weight="1"/>
    <Border ss:Position="Right" ss:LineStyle="Continuous" ss:Weight="1"/>
    <Border ss:Position="Top" ss:LineStyle="Continuous" ss:Weight="1"/>
   </Borders>
   <Font ss:FontName="Arial" x:Family="Swiss"/>
   <Interior/>
  </Style>
  <Style ss:ID="s138">
   <Alignment ss:Horizontal="Center" ss:Vertical="Center"/>
   <Borders>
    <Border ss:Position="Bottom" ss:LineStyle="Continuous" ss:Weight="1"/>
   </Borders>
   <Font ss:FontName="標楷體" x:CharSet="136" x:Family="Script" ss:Size="12"/>
   <Interior/>
  </Style>
  <Style ss:ID="s144">
   <Alignment ss:Horizontal="Center" ss:Vertical="Center"/>
   <Font ss:FontName="標楷體" x:CharSet="136" x:Family="Script"/>
   <Interior/>
  </Style>
 </Styles>
 <Worksheet ss:Name="國外">
  <Table ss:ExpandedColumnCount="21" ss:ExpandedRowCount="49" x:FullColumns="1"
   x:FullRows="1" ss:StyleID="s72" ss:DefaultColumnWidth="54"
   ss:DefaultRowHeight="16.5">
   <Column ss:StyleID="s66" ss:AutoFitWidth="0"/>
   <Column ss:StyleID="s66" ss:AutoFitWidth="0" ss:Width="66"/>
   <Column ss:StyleID="s66" ss:AutoFitWidth="0" ss:Width="72"/>
   <Column ss:StyleID="s66" ss:AutoFitWidth="0" ss:Width="20.25"/>
   <Column ss:StyleID="s66" ss:AutoFitWidth="0" ss:Width="47.25"/>
   <Column ss:StyleID="s66" ss:Width="67.5"/>
   <Column ss:StyleID="s66" ss:AutoFitWidth="0" ss:Width="63.75"/>
   <Column ss:StyleID="s66" ss:AutoFitWidth="0" ss:Width="55.5"/>
   <Column ss:StyleID="s66" ss:AutoFitWidth="0" ss:Width="50.25"/>
   <Column ss:StyleID="s66" ss:AutoFitWidth="0" ss:Width="52.5"/>
   <Column ss:StyleID="s66" ss:AutoFitWidth="0" ss:Width="48.75"/>
   <Column ss:StyleID="s66" ss:AutoFitWidth="0" ss:Width="47.25"/>
   <Column ss:StyleID="s66" ss:Width="60"/>
   <Column ss:StyleID="s66" ss:AutoFitWidth="0" ss:Width="52.5"/>
   <Column ss:StyleID="s66" ss:AutoFitWidth="0" ss:Width="58.5"/>
   <Column ss:StyleID="s66" ss:AutoFitWidth="0" ss:Width="55.5"/>
   <Column ss:StyleID="s66" ss:AutoFitWidth="0" ss:Width="73.5"/>
   <Column ss:StyleID="s66" ss:AutoFitWidth="0" ss:Width="63.75" ss:Span="1"/>
   <Column ss:Index="20" ss:StyleID="s66" ss:AutoFitWidth="0" ss:Width="55.5"/>
   <Column ss:StyleID="s66" ss:Hidden="1" ss:AutoFitWidth="0" ss:Width="60"/>
   <Row ss:AutoFitHeight="0" ss:Height="30.75" ss:StyleID="s68">
    <Cell ss:StyleID="s64"><ss:Data ss:Type="String"
      xmlns="http://www.w3.org/TR/REC-html40">預算員額<Font html:Face="Arial"
       x:Family="Swiss">:</Font></ss:Data></Cell>
    <Cell ss:StyleID="s65"><ss:Data ss:Type="String"
      xmlns="http://www.w3.org/TR/REC-html40">職員<Font html:Face="Arial"
       x:Family="Swiss">1,147</Font><Font>人</Font></ss:Data></Cell>
    <Cell ss:StyleID="s65"><ss:Data ss:Type="String"
      xmlns="http://www.w3.org/TR/REC-html40">駕駛<Font html:Face="Arial"
       x:Family="Swiss">      0</Font><Font>人</Font></ss:Data></Cell>
    <Cell ss:StyleID="s66"/>
    <Cell ss:StyleID="s66"/>
    <Cell ss:StyleID="s66"/>
    <Cell ss:StyleID="s66"/>
    <Cell ss:StyleID="s66"/>
    <Cell ss:MergeAcross="1" ss:StyleID="s134"><ss:Data ss:Type="String"
      xmlns="http://www.w3.org/TR/REC-html40"><B>外<Font html:Face="Arial"
        x:Family="Swiss"> </Font><Font>交</Font><Font html:Face="Arial"
        x:Family="Swiss"> </Font><Font>部</Font></B></ss:Data></Cell>
    <Cell ss:StyleID="s67"/>
    <Cell ss:StyleID="s66"/>
    <Cell ss:StyleID="s66"/>
    <Cell ss:StyleID="s66"/>
    <Cell ss:StyleID="s66"/>
    <Cell ss:StyleID="s66"/>
    <Cell ss:StyleID="s66"/>
    <Cell ss:StyleID="s66"/>
    <Cell ss:StyleID="s66"/>
    <Cell ss:StyleID="s66"/>
    <Cell ss:StyleID="s66"/>
   </Row>
   <Row ss:AutoFitHeight="0" ss:Height="21.75" ss:StyleID="s68">
    <Cell ss:StyleID="s66"/>
    <Cell ss:StyleID="s65"><ss:Data ss:Type="String"
      xmlns="http://www.w3.org/TR/REC-html40">警察<Font html:Face="Arial"
       x:Family="Swiss">    0</Font><Font>人</Font></ss:Data></Cell>
    <Cell ss:StyleID="s65"><ss:Data ss:Type="String"
      xmlns="http://www.w3.org/TR/REC-html40">工友<Font html:Face="Arial"
       x:Family="Swiss">      0</Font><Font>人</Font></ss:Data></Cell>
    <Cell ss:StyleID="s69"/>
    <Cell ss:StyleID="s66"/>
    <Cell ss:StyleID="s66"/>
    <Cell ss:StyleID="s66"/>
    <Cell ss:StyleID="s66"/>
    <Cell ss:StyleID="s66"/>
    <Cell ss:StyleID="s70"/>
    <Cell ss:StyleID="s66"/>
    <Cell ss:StyleID="s66"/>
    <Cell ss:StyleID="s66"/>
    <Cell ss:StyleID="s66"/>
    <Cell ss:StyleID="s66"/>
    <Cell ss:StyleID="s66"/>
    <Cell ss:StyleID="s66"/>
    <Cell ss:StyleID="s66"/>
    <Cell ss:StyleID="s66"/>
    <Cell ss:StyleID="s66"/>
    <Cell ss:StyleID="s66"/>
   </Row>
   <Row ss:AutoFitHeight="0" ss:Height="23.25" ss:StyleID="s68">
    <Cell ss:StyleID="s71"/>
    <Cell ss:StyleID="s65"><ss:Data ss:Type="String"
      xmlns="http://www.w3.org/TR/REC-html40">法警<Font html:Face="Arial"
       x:Family="Swiss">    0</Font><Font>人</Font></ss:Data></Cell>
    <Cell ss:StyleID="s65"><ss:Data ss:Type="String"
      xmlns="http://www.w3.org/TR/REC-html40">聘用<Font html:Face="Arial"
       x:Family="Swiss">    42</Font><Font>人</Font></ss:Data></Cell>
    <Cell ss:MergeAcross="1" ss:StyleID="s144"><ss:Data ss:Type="String"
      xmlns="http://www.w3.org/TR/REC-html40">合計<Font html:Face="Arial"
       x:Family="Swiss">1,901</Font><Font>人</Font></ss:Data></Cell>
    <Cell ss:StyleID="s66"/>
    <Cell ss:StyleID="s66"/>
    <Cell ss:MergeAcross="4" ss:StyleID="s135"><ss:Data ss:Type="String"
      xmlns="http://www.w3.org/TR/REC-html40"><B>       <Font html:Face="標楷體"
        x:CharSet="136" x:Family="Script">現有辦公房舍明細表</Font><Font> (</Font><Font
        html:Face="標楷體" x:CharSet="136" x:Family="Script">國外部分</Font><Font>)</Font></B></ss:Data></Cell>
    <Cell ss:StyleID="s66"/>
    <Cell ss:StyleID="s66"/>
    <Cell ss:StyleID="s66"/>
    <Cell ss:StyleID="s66"/>
    <Cell ss:StyleID="s66"/>
    <Cell ss:StyleID="s66"/>
    <Cell ss:StyleID="s66"/>
    <Cell ss:StyleID="s66"/>
    <Cell ss:StyleID="s66"/>
   </Row>
   <Row ss:AutoFitHeight="0" ss:Height="22.5" ss:StyleID="s68">
    <Cell ss:StyleID="s69"/>
    <Cell ss:StyleID="s65"><ss:Data ss:Type="String"
      xmlns="http://www.w3.org/TR/REC-html40">駐警<Font html:Face="Arial"
       x:Family="Swiss">    0</Font><Font>人</Font></ss:Data></Cell>
    <Cell ss:StyleID="s65"><ss:Data ss:Type="String"
      xmlns="http://www.w3.org/TR/REC-html40">約僱<Font html:Face="Arial"
       x:Family="Swiss">      0</Font><Font>人</Font></ss:Data></Cell>
    <Cell ss:StyleID="s69"/>
    <Cell ss:StyleID="s66"/>
    <Cell ss:StyleID="s66"/>
    <Cell ss:StyleID="s66"/>
    <Cell ss:StyleID="s66"/>
    <Cell ss:StyleID="s66"/>
    <Cell ss:StyleID="s66"/>
    <Cell ss:StyleID="s66"/>
    <Cell ss:StyleID="s66"/>
    <Cell ss:StyleID="s66"/>
    <Cell ss:StyleID="s66"/>
    <Cell ss:StyleID="s66"/>
    <Cell ss:StyleID="s66"/>
    <Cell ss:StyleID="s66"/>
    <Cell ss:StyleID="s66"/>
    <Cell ss:StyleID="s66"/>
    <Cell ss:StyleID="s66"/>
    <Cell ss:StyleID="s66"/>
   </Row>
   <Row ss:AutoFitHeight="0" ss:Height="22.5" ss:StyleID="s68">
    <Cell ss:StyleID="s66"/>
    <Cell ss:StyleID="s65"><ss:Data ss:Type="String"
      xmlns="http://www.w3.org/TR/REC-html40">技工<Font html:Face="Arial"
       x:Family="Swiss">    0</Font><Font>人</Font></ss:Data></Cell>
    <Cell ss:StyleID="s65"><ss:Data ss:Type="String"
      xmlns="http://www.w3.org/TR/REC-html40">駐外雇員<Font html:Face="Arial"
       x:Family="Swiss">712</Font><Font>人</Font></ss:Data></Cell>
    <Cell ss:StyleID="s66"/>
    <Cell ss:StyleID="s66"/>
    <Cell ss:StyleID="s66"/>
    <Cell ss:StyleID="s66"/>
    <Cell ss:StyleID="s66"/>
    <Cell ss:MergeAcross="1" ss:StyleID="s138"><ss:Data ss:Type="String"
      xmlns="http://www.w3.org/TR/REC-html40">中華民國<Font html:Face="Century Gothic"
       x:Family="Swiss">  104</Font><Font>年度</Font></ss:Data></Cell>
    <Cell ss:StyleID="s73"/>
    <Cell ss:StyleID="s66"/>
    <Cell ss:StyleID="s66"/>
    <Cell ss:StyleID="s66"/>
    <Cell ss:StyleID="s66"/>
    <Cell ss:StyleID="s66"/>
    <Cell ss:StyleID="s66"/>
    <Cell ss:StyleID="s66"/>
    <Cell ss:StyleID="s74"><ss:Data ss:Type="String"
      xmlns="http://www.w3.org/TR/REC-html40">單位<Font html:Face="Arial"
       x:Family="Swiss">:</Font><Font>新臺幣千元、平方公尺</Font></ss:Data></Cell>
    <Cell ss:StyleID="s74"/>
    <Cell ss:StyleID="s74"/>
   </Row>
   <Row ss:AutoFitHeight="0" ss:Height="27.75" ss:StyleID="s68">
    <Cell ss:MergeAcross="3" ss:MergeDown="1" ss:StyleID="s127"><Data
      ss:Type="String">區分</Data></Cell>
    <Cell ss:MergeAcross="3" ss:StyleID="s127"><Data ss:Type="String">自有</Data></Cell>
    <Cell ss:MergeAcross="2" ss:StyleID="s127"><Data ss:Type="String">無償借用</Data></Cell>
    <Cell ss:MergeAcross="4" ss:StyleID="s127"><Data ss:Type="String">有償租用或借用</Data></Cell>
    <Cell ss:MergeAcross="3" ss:StyleID="m63642912"><Data ss:Type="String">合計</Data></Cell>
    <Cell ss:StyleID="s88"/>
   </Row>
   <Row ss:AutoFitHeight="0" ss:Height="41.25" ss:StyleID="s68">
    <Cell ss:Index="5" ss:StyleID="s85"><Data ss:Type="String">單位數</Data></Cell>
    <Cell ss:StyleID="s85"><Data ss:Type="String">面積</Data></Cell>
    <Cell ss:StyleID="s85"><Data ss:Type="String">帳面價值</Data></Cell>
    <Cell ss:StyleID="s85"><Data ss:Type="String">年需修繕費</Data></Cell>
    <Cell ss:StyleID="s85"><Data ss:Type="String">單位數</Data></Cell>
    <Cell ss:StyleID="s85"><Data ss:Type="String">面積</Data></Cell>
    <Cell ss:StyleID="s85"><Data ss:Type="String">年需修繕費</Data></Cell>
    <Cell ss:StyleID="s85"><Data ss:Type="String">單位數</Data></Cell>
    <Cell ss:StyleID="s85"><Data ss:Type="String">面積</Data></Cell>
    <Cell ss:StyleID="s85"><Data ss:Type="String">押金</Data></Cell>
    <Cell ss:StyleID="s85"><Data ss:Type="String">租金</Data></Cell>
    <Cell ss:StyleID="s85"><Data ss:Type="String">年需修繕費</Data></Cell>
    <Cell ss:StyleID="s85"><Data ss:Type="String">面積</Data></Cell>
    <Cell ss:StyleID="s85"><Data ss:Type="String">押金</Data></Cell>
    <Cell ss:StyleID="s85"><Data ss:Type="String">年需租金</Data></Cell>
    <Cell ss:StyleID="s85"><Data ss:Type="String">年需修繕費</Data></Cell>
    <Cell ss:StyleID="s80"><Data ss:Type="String">每平方公尺租金</Data></Cell>
   </Row>
   <Row ss:AutoFitHeight="0" ss:Height="30" ss:StyleID="s68">
    <Cell ss:MergeAcross="3" ss:StyleID="s129"><Data ss:Type="String">一、辦公房屋</Data></Cell>
    <Cell ss:StyleID="s86"><Data ss:Type="Number">25</Data></Cell>
    <Cell ss:StyleID="s87"><Data ss:Type="Number">54766.310000000005</Data></Cell>
    <Cell ss:StyleID="s86"><Data ss:Type="Number">4951192</Data></Cell>
    <Cell ss:StyleID="s86"><Data ss:Type="Number">11384</Data></Cell>
    <Cell ss:StyleID="s86"><Data ss:Type="Number">0</Data></Cell>
    <Cell ss:StyleID="s86"><Data ss:Type="Number">0</Data></Cell>
    <Cell ss:StyleID="s86"><Data ss:Type="Number">0</Data></Cell>
    <Cell ss:StyleID="s86"><Data ss:Type="Number">118</Data></Cell>
    <Cell ss:StyleID="s87"><Data ss:Type="Number">82392.100000000006</Data></Cell>
    <Cell ss:StyleID="s86"><Data ss:Type="Number">97174</Data></Cell>
    <Cell ss:StyleID="s86"><Data ss:Type="Number">993046</Data></Cell>
    <Cell ss:StyleID="s86"><Data ss:Type="Number">13425</Data></Cell>
    <Cell ss:StyleID="s87"><Data ss:Type="Number">137158.41</Data></Cell>
    <Cell ss:StyleID="s86"><Data ss:Type="Number">97174</Data></Cell>
    <Cell ss:StyleID="s86"><Data ss:Type="Number">993046</Data></Cell>
    <Cell ss:StyleID="s86"><Data ss:Type="Number">24809</Data></Cell>
    <Cell ss:StyleID="s81" ss:Formula="=RC[-6]/RC[-8]"><Data ss:Type="Number">12.052684662728586</Data></Cell>
   </Row>
   <Row ss:AutoFitHeight="0" ss:Height="30" ss:StyleID="s68">
    <Cell ss:MergeAcross="3" ss:StyleID="s137"><ss:Data ss:Type="String"
      xmlns="http://www.w3.org/TR/REC-html40">        <Font html:Face="新細明體"
       x:CharSet="136" x:Family="Roman">駐外使領單位</Font></ss:Data></Cell>
    <Cell ss:StyleID="s82"><Data ss:Type="Number">15</Data></Cell>
    <Cell ss:StyleID="s83"><Data ss:Type="Number">36429.5</Data></Cell>
    <Cell ss:StyleID="s82"><Data ss:Type="Number">4261268</Data></Cell>
    <Cell ss:StyleID="s82"><Data ss:Type="Number">11384</Data></Cell>
    <Cell ss:StyleID="s82"><Data ss:Type="Number">0</Data></Cell>
    <Cell ss:StyleID="s82"><Data ss:Type="Number">0</Data></Cell>
    <Cell ss:StyleID="s82"><Data ss:Type="Number">0</Data></Cell>
    <Cell ss:StyleID="s82"><Data ss:Type="Number">115</Data></Cell>
    <Cell ss:StyleID="s83"><Data ss:Type="Number">81873.87000000001</Data></Cell>
    <Cell ss:StyleID="s82"><Data ss:Type="Number">96964</Data></Cell>
    <Cell ss:StyleID="s82"><Data ss:Type="Number">987753</Data></Cell>
    <Cell ss:StyleID="s82"><Data ss:Type="Number">13425</Data></Cell>
    <Cell ss:StyleID="s83"><Data ss:Type="Number">118303.37000000001</Data></Cell>
    <Cell ss:StyleID="s82"><Data ss:Type="Number">96964</Data></Cell>
    <Cell ss:StyleID="s82"><Data ss:Type="Number">987753</Data></Cell>
    <Cell ss:StyleID="s82"><Data ss:Type="Number">24809</Data></Cell>
    <Cell ss:StyleID="s84" ss:Formula="=RC[-6]/RC[-8]"><Data ss:Type="Number">12.0643252847337</Data></Cell>
   </Row>
   <Row ss:AutoFitHeight="0" ss:Height="30" ss:StyleID="s68">
    <Cell ss:MergeAcross="3" ss:StyleID="s137"><ss:Data ss:Type="String"
      xmlns="http://www.w3.org/TR/REC-html40">        <Font html:Face="新細明體"
       x:CharSet="136" x:Family="Roman">駐外經濟單位</Font></ss:Data></Cell>
    <Cell ss:StyleID="s82"><Data ss:Type="Number">0</Data></Cell>
    <Cell ss:StyleID="s83"><Data ss:Type="Number">0</Data></Cell>
    <Cell ss:StyleID="s82"><Data ss:Type="Number">0</Data></Cell>
    <Cell ss:StyleID="s82"><Data ss:Type="Number">0</Data></Cell>
    <Cell ss:StyleID="s82"><Data ss:Type="Number">0</Data></Cell>
    <Cell ss:StyleID="s82"><Data ss:Type="Number">0</Data></Cell>
    <Cell ss:StyleID="s82"><Data ss:Type="Number">0</Data></Cell>
    <Cell ss:StyleID="s82"><Data ss:Type="Number">1</Data></Cell>
    <Cell ss:StyleID="s83"><Data ss:Type="Number">100</Data></Cell>
    <Cell ss:StyleID="s82"><Data ss:Type="Number">154</Data></Cell>
    <Cell ss:StyleID="s82"><Data ss:Type="Number">596</Data></Cell>
    <Cell ss:StyleID="s82"><Data ss:Type="Number">0</Data></Cell>
    <Cell ss:StyleID="s83"><Data ss:Type="Number">100</Data></Cell>
    <Cell ss:StyleID="s82"><Data ss:Type="Number">154</Data></Cell>
    <Cell ss:StyleID="s82"><Data ss:Type="Number">596</Data></Cell>
    <Cell ss:StyleID="s82"><Data ss:Type="Number">0</Data></Cell>
    <Cell ss:StyleID="s84" ss:Formula="=RC[-6]/RC[-8]"><Data ss:Type="Number">5.96</Data></Cell>
   </Row>
   <Row ss:AutoFitHeight="0" ss:Height="30" ss:StyleID="s68">
    <Cell ss:MergeAcross="3" ss:StyleID="s137"><ss:Data ss:Type="String"
      xmlns="http://www.w3.org/TR/REC-html40">        <Font html:Face="新細明體"
       x:CharSet="136" x:Family="Roman">駐外教育單位</Font></ss:Data></Cell>
    <Cell ss:StyleID="s82"><Data ss:Type="Number">0</Data></Cell>
    <Cell ss:StyleID="s83"><Data ss:Type="Number">0</Data></Cell>
    <Cell ss:StyleID="s82"><Data ss:Type="Number">0</Data></Cell>
    <Cell ss:StyleID="s82"><Data ss:Type="Number">0</Data></Cell>
    <Cell ss:StyleID="s82"><Data ss:Type="Number">0</Data></Cell>
    <Cell ss:StyleID="s82"><Data ss:Type="Number">0</Data></Cell>
    <Cell ss:StyleID="s82"><Data ss:Type="Number">0</Data></Cell>
    <Cell ss:StyleID="s82"><Data ss:Type="Number">0</Data></Cell>
    <Cell ss:StyleID="s83"><Data ss:Type="Number">0</Data></Cell>
    <Cell ss:StyleID="s82"><Data ss:Type="Number">0</Data></Cell>
    <Cell ss:StyleID="s82"><Data ss:Type="Number">0</Data></Cell>
    <Cell ss:StyleID="s82"><Data ss:Type="Number">0</Data></Cell>
    <Cell ss:StyleID="s83"><Data ss:Type="Number">0</Data></Cell>
    <Cell ss:StyleID="s82"><Data ss:Type="Number">0</Data></Cell>
    <Cell ss:StyleID="s82"><Data ss:Type="Number">0</Data></Cell>
    <Cell ss:StyleID="s82"><Data ss:Type="Number">0</Data></Cell>
    <Cell ss:StyleID="s84" ss:Formula="=RC[-6]/RC[-8]"><Data ss:Type="Error">#DIV/0!</Data></Cell>
   </Row>
   <Row ss:AutoFitHeight="0" ss:Height="30" ss:StyleID="s68">
    <Cell ss:MergeAcross="3" ss:StyleID="s137"><ss:Data ss:Type="String"
      xmlns="http://www.w3.org/TR/REC-html40">        <Font html:Face="新細明體"
       x:CharSet="136" x:Family="Roman">駐外觀光單位</Font></ss:Data></Cell>
    <Cell ss:StyleID="s82"><Data ss:Type="Number">0</Data></Cell>
    <Cell ss:StyleID="s83"><Data ss:Type="Number">0</Data></Cell>
    <Cell ss:StyleID="s82"><Data ss:Type="Number">0</Data></Cell>
    <Cell ss:StyleID="s82"><Data ss:Type="Number">0</Data></Cell>
    <Cell ss:StyleID="s82"><Data ss:Type="Number">0</Data></Cell>
    <Cell ss:StyleID="s82"><Data ss:Type="Number">0</Data></Cell>
    <Cell ss:StyleID="s82"><Data ss:Type="Number">0</Data></Cell>
    <Cell ss:StyleID="s82"><Data ss:Type="Number">1</Data></Cell>
    <Cell ss:StyleID="s83"><Data ss:Type="Number">152.22999999999999</Data></Cell>
    <Cell ss:StyleID="s82"><Data ss:Type="Number">0</Data></Cell>
    <Cell ss:StyleID="s82"><Data ss:Type="Number">1664</Data></Cell>
    <Cell ss:StyleID="s82"><Data ss:Type="Number">0</Data></Cell>
    <Cell ss:StyleID="s83"><Data ss:Type="Number">152.22999999999999</Data></Cell>
    <Cell ss:StyleID="s82"><Data ss:Type="Number">0</Data></Cell>
    <Cell ss:StyleID="s82"><Data ss:Type="Number">1664</Data></Cell>
    <Cell ss:StyleID="s82"><Data ss:Type="Number">0</Data></Cell>
    <Cell ss:StyleID="s84" ss:Formula="=RC[-6]/RC[-8]"><Data ss:Type="Number">10.930828351836038</Data></Cell>
   </Row>
   <Row ss:AutoFitHeight="0" ss:Height="30" ss:StyleID="s68">
    <Cell ss:MergeAcross="3" ss:StyleID="s137"><ss:Data ss:Type="String"
      xmlns="http://www.w3.org/TR/REC-html40">        <Font html:Face="新細明體"
       x:CharSet="136" x:Family="Roman">駐外僑務單位</Font></ss:Data></Cell>
    <Cell ss:StyleID="s82"><Data ss:Type="Number">10</Data></Cell>
    <Cell ss:StyleID="s83"><Data ss:Type="Number">18336.810000000005</Data></Cell>
    <Cell ss:StyleID="s82"><Data ss:Type="Number">689924</Data></Cell>
    <Cell ss:StyleID="s82"><Data ss:Type="Number">0</Data></Cell>
    <Cell ss:StyleID="s82"><Data ss:Type="Number">0</Data></Cell>
    <Cell ss:StyleID="s82"><Data ss:Type="Number">0</Data></Cell>
    <Cell ss:StyleID="s82"><Data ss:Type="Number">0</Data></Cell>
    <Cell ss:StyleID="s82"><Data ss:Type="Number">0</Data></Cell>
    <Cell ss:StyleID="s83"><Data ss:Type="Number">0</Data></Cell>
    <Cell ss:StyleID="s82"><Data ss:Type="Number">0</Data></Cell>
    <Cell ss:StyleID="s82"><Data ss:Type="Number">0</Data></Cell>
    <Cell ss:StyleID="s82"><Data ss:Type="Number">0</Data></Cell>
    <Cell ss:StyleID="s83"><Data ss:Type="Number">18336.810000000005</Data></Cell>
    <Cell ss:StyleID="s82"><Data ss:Type="Number">0</Data></Cell>
    <Cell ss:StyleID="s82"><Data ss:Type="Number">0</Data></Cell>
    <Cell ss:StyleID="s82"><Data ss:Type="Number">0</Data></Cell>
    <Cell ss:StyleID="s84" ss:Formula="=RC[-6]/RC[-8]"><Data ss:Type="Error">#DIV/0!</Data></Cell>
   </Row>
   <Row ss:AutoFitHeight="0" ss:Height="30" ss:StyleID="s68">
    <Cell ss:MergeAcross="3" ss:StyleID="s137"><ss:Data ss:Type="String"
      xmlns="http://www.w3.org/TR/REC-html40">        <Font html:Face="新細明體"
       x:CharSet="136" x:Family="Roman">駐外科技單位</Font></ss:Data></Cell>
    <Cell ss:StyleID="s82"><Data ss:Type="Number">0</Data></Cell>
    <Cell ss:StyleID="s83"><Data ss:Type="Number">0</Data></Cell>
    <Cell ss:StyleID="s82"><Data ss:Type="Number">0</Data></Cell>
    <Cell ss:StyleID="s82"><Data ss:Type="Number">0</Data></Cell>
    <Cell ss:StyleID="s82"><Data ss:Type="Number">0</Data></Cell>
    <Cell ss:StyleID="s82"><Data ss:Type="Number">0</Data></Cell>
    <Cell ss:StyleID="s82"><Data ss:Type="Number">0</Data></Cell>
    <Cell ss:StyleID="s82"><Data ss:Type="Number">1</Data></Cell>
    <Cell ss:StyleID="s83"><Data ss:Type="Number">266</Data></Cell>
    <Cell ss:StyleID="s82"><Data ss:Type="Number">56</Data></Cell>
    <Cell ss:StyleID="s82"><Data ss:Type="Number">3033</Data></Cell>
    <Cell ss:StyleID="s82"><Data ss:Type="Number">0</Data></Cell>
    <Cell ss:StyleID="s83"><Data ss:Type="Number">266</Data></Cell>
    <Cell ss:StyleID="s82"><Data ss:Type="Number">56</Data></Cell>
    <Cell ss:StyleID="s82"><Data ss:Type="Number">3033</Data></Cell>
    <Cell ss:StyleID="s82"><Data ss:Type="Number">0</Data></Cell>
    <Cell ss:StyleID="s84" ss:Formula="=RC[-6]/RC[-8]"><Data ss:Type="Number">11.402255639097744</Data></Cell>
   </Row>
   <Row ss:AutoFitHeight="0" ss:Height="30" ss:StyleID="s68">
    <Cell ss:MergeAcross="3" ss:StyleID="s137"><ss:Data ss:Type="String"
      xmlns="http://www.w3.org/TR/REC-html40">        <Font html:Face="新細明體"
       x:CharSet="136" x:Family="Roman">駐外文化中心</Font></ss:Data></Cell>
    <Cell ss:StyleID="s82"><Data ss:Type="Number">0</Data></Cell>
    <Cell ss:StyleID="s83"><Data ss:Type="Number">0</Data></Cell>
    <Cell ss:StyleID="s82"><Data ss:Type="Number">0</Data></Cell>
    <Cell ss:StyleID="s82"><Data ss:Type="Number">0</Data></Cell>
    <Cell ss:StyleID="s82"><Data ss:Type="Number">0</Data></Cell>
    <Cell ss:StyleID="s82"><Data ss:Type="Number">0</Data></Cell>
    <Cell ss:StyleID="s82"><Data ss:Type="Number">0</Data></Cell>
    <Cell ss:StyleID="s82"><Data ss:Type="Number">0</Data></Cell>
    <Cell ss:StyleID="s83"><Data ss:Type="Number">0</Data></Cell>
    <Cell ss:StyleID="s82"><Data ss:Type="Number">0</Data></Cell>
    <Cell ss:StyleID="s82"><Data ss:Type="Number">0</Data></Cell>
    <Cell ss:StyleID="s82"><Data ss:Type="Number">0</Data></Cell>
    <Cell ss:StyleID="s83"><Data ss:Type="Number">0</Data></Cell>
    <Cell ss:StyleID="s82"><Data ss:Type="Number">0</Data></Cell>
    <Cell ss:StyleID="s82"><Data ss:Type="Number">0</Data></Cell>
    <Cell ss:StyleID="s82"><Data ss:Type="Number">0</Data></Cell>
    <Cell ss:StyleID="s84"><Data ss:Type="Number">0</Data></Cell>
   </Row>
   <Row ss:AutoFitHeight="0" ss:Height="30" ss:StyleID="s68">
    <Cell ss:MergeAcross="3" ss:StyleID="s129"><ss:Data ss:Type="String"
      xmlns="http://www.w3.org/TR/REC-html40"><B>二、機關宿舍<Font html:Face="Arial"
        x:Family="Swiss">&#45;-</Font><Font>職務宿舍</Font><Font html:Face="Arial"
        x:Family="Swiss">(</Font><Font>含眷宿舍</Font><Font html:Face="Arial"
        x:Family="Swiss">)</Font></B></ss:Data></Cell>
    <Cell ss:StyleID="s86"><Data ss:Type="Number">35</Data></Cell>
    <Cell ss:StyleID="s87"><Data ss:Type="Number">24875.99</Data></Cell>
    <Cell ss:StyleID="s86"><Data ss:Type="Number">1191694</Data></Cell>
    <Cell ss:StyleID="s86"><Data ss:Type="Number">10382</Data></Cell>
    <Cell ss:StyleID="s86"><Data ss:Type="Number">0</Data></Cell>
    <Cell ss:StyleID="s86"><Data ss:Type="Number">0</Data></Cell>
    <Cell ss:StyleID="s86"><Data ss:Type="Number">0</Data></Cell>
    <Cell ss:StyleID="s86"><Data ss:Type="Number">82</Data></Cell>
    <Cell ss:StyleID="s87"><Data ss:Type="Number">35873.15</Data></Cell>
    <Cell ss:StyleID="s86"><Data ss:Type="Number">15567</Data></Cell>
    <Cell ss:StyleID="s86"><Data ss:Type="Number">206335</Data></Cell>
    <Cell ss:StyleID="s86"><Data ss:Type="Number">1199</Data></Cell>
    <Cell ss:StyleID="s87"><Data ss:Type="Number">60749.14</Data></Cell>
    <Cell ss:StyleID="s86"><Data ss:Type="Number">15567</Data></Cell>
    <Cell ss:StyleID="s86"><Data ss:Type="Number">206335</Data></Cell>
    <Cell ss:StyleID="s86"><Data ss:Type="Number">11581</Data></Cell>
    <Cell ss:StyleID="s81" ss:Formula="=RC[-6]/RC[-8]"><Data ss:Type="Number">5.7517948660767173</Data></Cell>
   </Row>
   <Row ss:AutoFitHeight="0" ss:Height="30" ss:StyleID="s68">
    <Cell ss:MergeAcross="3" ss:StyleID="s137"><ss:Data ss:Type="String"
      xmlns="http://www.w3.org/TR/REC-html40">        <Font html:Face="新細明體"
       x:CharSet="136" x:Family="Roman">駐外使領單位</Font><Font>_</Font><Font
       html:Face="新細明體" x:CharSet="136" x:Family="Roman">首長宿舍</Font></ss:Data></Cell>
    <Cell ss:StyleID="s82"><Data ss:Type="Number">34</Data></Cell>
    <Cell ss:StyleID="s83"><Data ss:Type="Number">20910.990000000002</Data></Cell>
    <Cell ss:StyleID="s82"><Data ss:Type="Number">1187637</Data></Cell>
    <Cell ss:StyleID="s82"><Data ss:Type="Number">10382</Data></Cell>
    <Cell ss:StyleID="s82"><Data ss:Type="Number">0</Data></Cell>
    <Cell ss:StyleID="s82"><Data ss:Type="Number">0</Data></Cell>
    <Cell ss:StyleID="s82"><Data ss:Type="Number">0</Data></Cell>
    <Cell ss:StyleID="s82"><Data ss:Type="Number">82</Data></Cell>
    <Cell ss:StyleID="s83"><Data ss:Type="Number">35873.15</Data></Cell>
    <Cell ss:StyleID="s82"><Data ss:Type="Number">15567</Data></Cell>
    <Cell ss:StyleID="s82"><Data ss:Type="Number">206335</Data></Cell>
    <Cell ss:StyleID="s82"><Data ss:Type="Number">1199</Data></Cell>
    <Cell ss:StyleID="s83"><Data ss:Type="Number">56784.14</Data></Cell>
    <Cell ss:StyleID="s82"><Data ss:Type="Number">15567</Data></Cell>
    <Cell ss:StyleID="s82"><Data ss:Type="Number">206335</Data></Cell>
    <Cell ss:StyleID="s82"><Data ss:Type="Number">11581</Data></Cell>
    <Cell ss:StyleID="s84" ss:Formula="=RC[-6]/RC[-8]"><Data ss:Type="Number">5.7517948660767173</Data></Cell>
   </Row>
   <Row ss:AutoFitHeight="0" ss:Height="30" ss:StyleID="s68">
    <Cell ss:MergeAcross="3" ss:StyleID="s137"><ss:Data ss:Type="String"
      xmlns="http://www.w3.org/TR/REC-html40">        <Font html:Face="新細明體"
       x:CharSet="136" x:Family="Roman">駐外經濟單位</Font></ss:Data></Cell>
    <Cell ss:StyleID="s82"><Data ss:Type="Number">1</Data></Cell>
    <Cell ss:StyleID="s83"><Data ss:Type="Number">3965</Data></Cell>
    <Cell ss:StyleID="s82"><Data ss:Type="Number">4057</Data></Cell>
    <Cell ss:StyleID="s82"><Data ss:Type="Number">0</Data></Cell>
    <Cell ss:StyleID="s82"><Data ss:Type="Number">0</Data></Cell>
    <Cell ss:StyleID="s82"><Data ss:Type="Number">0</Data></Cell>
    <Cell ss:StyleID="s82"><Data ss:Type="Number">0</Data></Cell>
    <Cell ss:StyleID="s82"><Data ss:Type="Number">0</Data></Cell>
    <Cell ss:StyleID="s83"><Data ss:Type="Number">0</Data></Cell>
    <Cell ss:StyleID="s82"><Data ss:Type="Number">0</Data></Cell>
    <Cell ss:StyleID="s82"><Data ss:Type="Number">0</Data></Cell>
    <Cell ss:StyleID="s82"><Data ss:Type="Number">0</Data></Cell>
    <Cell ss:StyleID="s83"><Data ss:Type="Number">3965</Data></Cell>
    <Cell ss:StyleID="s82"><Data ss:Type="Number">0</Data></Cell>
    <Cell ss:StyleID="s82"><Data ss:Type="Number">0</Data></Cell>
    <Cell ss:StyleID="s82"><Data ss:Type="Number">0</Data></Cell>
    <Cell ss:StyleID="s84"/>
   </Row>
   <Row ss:AutoFitHeight="0" ss:Height="30" ss:StyleID="s68">
    <Cell ss:MergeAcross="3" ss:StyleID="s137"><ss:Data ss:Type="String"
      xmlns="http://www.w3.org/TR/REC-html40">        <Font html:Face="新細明體"
       x:CharSet="136" x:Family="Roman">駐外教育單位</Font></ss:Data></Cell>
    <Cell ss:StyleID="s82"><Data ss:Type="Number">0</Data></Cell>
    <Cell ss:StyleID="s83"><Data ss:Type="Number">0</Data></Cell>
    <Cell ss:StyleID="s82"><Data ss:Type="Number">0</Data></Cell>
    <Cell ss:StyleID="s82"><Data ss:Type="Number">0</Data></Cell>
    <Cell ss:StyleID="s82"><Data ss:Type="Number">0</Data></Cell>
    <Cell ss:StyleID="s82"><Data ss:Type="Number">0</Data></Cell>
    <Cell ss:StyleID="s82"><Data ss:Type="Number">0</Data></Cell>
    <Cell ss:StyleID="s82"><Data ss:Type="Number">0</Data></Cell>
    <Cell ss:StyleID="s83"><Data ss:Type="Number">0</Data></Cell>
    <Cell ss:StyleID="s82"><Data ss:Type="Number">0</Data></Cell>
    <Cell ss:StyleID="s82"><Data ss:Type="Number">0</Data></Cell>
    <Cell ss:StyleID="s82"><Data ss:Type="Number">0</Data></Cell>
    <Cell ss:StyleID="s83"><Data ss:Type="Number">0</Data></Cell>
    <Cell ss:StyleID="s82"><Data ss:Type="Number">0</Data></Cell>
    <Cell ss:StyleID="s82"><Data ss:Type="Number">0</Data></Cell>
    <Cell ss:StyleID="s82"><Data ss:Type="Number">0</Data></Cell>
    <Cell ss:StyleID="s84"/>
   </Row>
   <Row ss:AutoFitHeight="0" ss:Height="30" ss:Hidden="1" ss:StyleID="s68">
    <Cell ss:MergeAcross="3" ss:StyleID="s137"><ss:Data ss:Type="String"
      xmlns="http://www.w3.org/TR/REC-html40">        <Font html:Face="新細明體"
       x:CharSet="136" x:Family="Roman">駐外新聞單位</Font></ss:Data></Cell>
    <Cell ss:StyleID="s82"><Data ss:Type="Number">0</Data></Cell>
    <Cell ss:StyleID="s83"><Data ss:Type="Number">0</Data></Cell>
    <Cell ss:StyleID="s82"><Data ss:Type="Number">0</Data></Cell>
    <Cell ss:StyleID="s82"><Data ss:Type="Number">0</Data></Cell>
    <Cell ss:StyleID="s82"><Data ss:Type="Number">0</Data></Cell>
    <Cell ss:StyleID="s82"><Data ss:Type="Number">0</Data></Cell>
    <Cell ss:StyleID="s82"><Data ss:Type="Number">0</Data></Cell>
    <Cell ss:StyleID="s82"><Data ss:Type="Number">0</Data></Cell>
    <Cell ss:StyleID="s83"><Data ss:Type="Number">0</Data></Cell>
    <Cell ss:StyleID="s82"><Data ss:Type="Number">0</Data></Cell>
    <Cell ss:StyleID="s82"><Data ss:Type="Number">0</Data></Cell>
    <Cell ss:StyleID="s82"><Data ss:Type="Number">0</Data></Cell>
    <Cell ss:StyleID="s83"><Data ss:Type="Number">0</Data></Cell>
    <Cell ss:StyleID="s82"><Data ss:Type="Number">0</Data></Cell>
    <Cell ss:StyleID="s82"><Data ss:Type="Number">0</Data></Cell>
    <Cell ss:StyleID="s82"><Data ss:Type="Number">0</Data></Cell>
    <Cell ss:StyleID="s84"/>
   </Row>
   <Row ss:AutoFitHeight="0" ss:Height="30" ss:Hidden="1" ss:StyleID="s68">
    <Cell ss:MergeAcross="3" ss:StyleID="s137"><ss:Data ss:Type="String"
      xmlns="http://www.w3.org/TR/REC-html40">        <Font html:Face="新細明體"
       x:CharSet="136" x:Family="Roman">駐外觀光單位</Font></ss:Data></Cell>
    <Cell ss:StyleID="s82"><Data ss:Type="Number">0</Data></Cell>
    <Cell ss:StyleID="s83"><Data ss:Type="Number">0</Data></Cell>
    <Cell ss:StyleID="s82"><Data ss:Type="Number">0</Data></Cell>
    <Cell ss:StyleID="s82"><Data ss:Type="Number">0</Data></Cell>
    <Cell ss:StyleID="s82"><Data ss:Type="Number">0</Data></Cell>
    <Cell ss:StyleID="s82"><Data ss:Type="Number">0</Data></Cell>
    <Cell ss:StyleID="s82"><Data ss:Type="Number">0</Data></Cell>
    <Cell ss:StyleID="s82"><Data ss:Type="Number">0</Data></Cell>
    <Cell ss:StyleID="s83"><Data ss:Type="Number">0</Data></Cell>
    <Cell ss:StyleID="s82"><Data ss:Type="Number">0</Data></Cell>
    <Cell ss:StyleID="s82"><Data ss:Type="Number">0</Data></Cell>
    <Cell ss:StyleID="s82"><Data ss:Type="Number">0</Data></Cell>
    <Cell ss:StyleID="s82"><Data ss:Type="Number">0</Data></Cell>
    <Cell ss:StyleID="s82"><Data ss:Type="Number">0</Data></Cell>
    <Cell ss:StyleID="s82"><Data ss:Type="Number">0</Data></Cell>
    <Cell ss:StyleID="s82"><Data ss:Type="Number">0</Data></Cell>
    <Cell ss:StyleID="s84"/>
   </Row>
   <Row ss:AutoFitHeight="0" ss:Height="30" ss:StyleID="s68">
    <Cell ss:MergeAcross="3" ss:StyleID="s137"><ss:Data ss:Type="String"
      xmlns="http://www.w3.org/TR/REC-html40">        <Font html:Face="新細明體"
       x:CharSet="136" x:Family="Roman">駐外僑務單位</Font></ss:Data></Cell>
    <Cell ss:StyleID="s82"><Data ss:Type="Number">0</Data></Cell>
    <Cell ss:StyleID="s83"><Data ss:Type="Number">0</Data></Cell>
    <Cell ss:StyleID="s82"><Data ss:Type="Number">0</Data></Cell>
    <Cell ss:StyleID="s82"><Data ss:Type="Number">0</Data></Cell>
    <Cell ss:StyleID="s82"><Data ss:Type="Number">0</Data></Cell>
    <Cell ss:StyleID="s82"><Data ss:Type="Number">0</Data></Cell>
    <Cell ss:StyleID="s82"><Data ss:Type="Number">0</Data></Cell>
    <Cell ss:StyleID="s82"><Data ss:Type="Number">0</Data></Cell>
    <Cell ss:StyleID="s83"><Data ss:Type="Number">0</Data></Cell>
    <Cell ss:StyleID="s82"><Data ss:Type="Number">0</Data></Cell>
    <Cell ss:StyleID="s82"><Data ss:Type="Number">0</Data></Cell>
    <Cell ss:StyleID="s82"><Data ss:Type="Number">0</Data></Cell>
    <Cell ss:StyleID="s82"><Data ss:Type="Number">0</Data></Cell>
    <Cell ss:StyleID="s82"><Data ss:Type="Number">0</Data></Cell>
    <Cell ss:StyleID="s82"><Data ss:Type="Number">0</Data></Cell>
    <Cell ss:StyleID="s82"><Data ss:Type="Number">0</Data></Cell>
    <Cell ss:StyleID="s84"/>
   </Row>
   <Row ss:AutoFitHeight="0" ss:Height="30" ss:StyleID="s68">
    <Cell ss:MergeAcross="3" ss:StyleID="s137"><ss:Data ss:Type="String"
      xmlns="http://www.w3.org/TR/REC-html40">        <Font html:Face="新細明體"
       x:CharSet="136" x:Family="Roman">駐外科技單位</Font></ss:Data></Cell>
    <Cell ss:StyleID="s82"><Data ss:Type="Number">0</Data></Cell>
    <Cell ss:StyleID="s83"><Data ss:Type="Number">0</Data></Cell>
    <Cell ss:StyleID="s82"><Data ss:Type="Number">0</Data></Cell>
    <Cell ss:StyleID="s82"><Data ss:Type="Number">0</Data></Cell>
    <Cell ss:StyleID="s82"><Data ss:Type="Number">0</Data></Cell>
    <Cell ss:StyleID="s82"><Data ss:Type="Number">0</Data></Cell>
    <Cell ss:StyleID="s82"><Data ss:Type="Number">0</Data></Cell>
    <Cell ss:StyleID="s82"><Data ss:Type="Number">0</Data></Cell>
    <Cell ss:StyleID="s83"><Data ss:Type="Number">0</Data></Cell>
    <Cell ss:StyleID="s82"><Data ss:Type="Number">0</Data></Cell>
    <Cell ss:StyleID="s82"><Data ss:Type="Number">0</Data></Cell>
    <Cell ss:StyleID="s82"><Data ss:Type="Number">0</Data></Cell>
    <Cell ss:StyleID="s82"><Data ss:Type="Number">0</Data></Cell>
    <Cell ss:StyleID="s82"><Data ss:Type="Number">0</Data></Cell>
    <Cell ss:StyleID="s82"><Data ss:Type="Number">0</Data></Cell>
    <Cell ss:StyleID="s82"><Data ss:Type="Number">0</Data></Cell>
    <Cell ss:StyleID="s84"/>
   </Row>
   <Row ss:AutoFitHeight="0" ss:Height="30" ss:StyleID="s68">
    <Cell ss:MergeAcross="3" ss:StyleID="s129"><Data ss:Type="String">三、其他</Data></Cell>
    <Cell ss:StyleID="s82"><Data ss:Type="Number">0</Data></Cell>
    <Cell ss:StyleID="s83"><Data ss:Type="Number">0</Data></Cell>
    <Cell ss:StyleID="s82"><Data ss:Type="Number">0</Data></Cell>
    <Cell ss:StyleID="s82"><Data ss:Type="Number">0</Data></Cell>
    <Cell ss:StyleID="s82"><Data ss:Type="Number">0</Data></Cell>
    <Cell ss:StyleID="s82"><Data ss:Type="Number">0</Data></Cell>
    <Cell ss:StyleID="s82"><Data ss:Type="Number">0</Data></Cell>
    <Cell ss:StyleID="s82"><Data ss:Type="Number">0</Data></Cell>
    <Cell ss:StyleID="s83"><Data ss:Type="Number">0</Data></Cell>
    <Cell ss:StyleID="s82"><Data ss:Type="Number">0</Data></Cell>
    <Cell ss:StyleID="s82"><Data ss:Type="Number">0</Data></Cell>
    <Cell ss:StyleID="s82"><Data ss:Type="Number">0</Data></Cell>
    <Cell ss:StyleID="s82"><Data ss:Type="Number">0</Data></Cell>
    <Cell ss:StyleID="s82"><Data ss:Type="Number">0</Data></Cell>
    <Cell ss:StyleID="s82"><Data ss:Type="Number">0</Data></Cell>
    <Cell ss:StyleID="s82"><Data ss:Type="Number">0</Data></Cell>
    <Cell ss:StyleID="s84"/>
   </Row>
   <Row ss:AutoFitHeight="0" ss:Height="19.5" ss:Hidden="1" ss:StyleID="s68">
    <Cell ss:StyleID="s76"><Data ss:Type="String">匯率</Data></Cell>
    <Cell ss:StyleID="s66"><Data ss:Type="Number">32.5</Data></Cell>
    <Cell ss:StyleID="s76"><Data ss:Type="String">帳面價值及押金</Data></Cell>
    <Cell ss:StyleID="s66"/>
    <Cell ss:StyleID="s66"/>
    <Cell ss:StyleID="s66"/>
    <Cell ss:StyleID="s66"/>
    <Cell ss:StyleID="s66"/>
    <Cell ss:StyleID="s66"/>
    <Cell ss:StyleID="s66"/>
    <Cell ss:StyleID="s66"/>
    <Cell ss:StyleID="s66"/>
    <Cell ss:StyleID="s66"/>
    <Cell ss:StyleID="s66"/>
    <Cell ss:StyleID="s66"/>
    <Cell ss:StyleID="s66"/>
    <Cell ss:StyleID="s66"/>
    <Cell ss:StyleID="s66"/>
    <Cell ss:StyleID="s66"/>
    <Cell ss:StyleID="s66"/>
    <Cell ss:StyleID="s66"/>
   </Row>
   <Row ss:AutoFitHeight="0" ss:Height="19.5" ss:Hidden="1" ss:StyleID="s68">
    <Cell ss:StyleID="s66"/>
    <Cell ss:StyleID="s66"><Data ss:Type="Number">30.33</Data></Cell>
    <Cell ss:StyleID="s76"><Data ss:Type="String">修繕費及租金</Data></Cell>
    <Cell ss:StyleID="s66"/>
    <Cell ss:StyleID="s66"/>
    <Cell ss:StyleID="s66"/>
    <Cell ss:StyleID="s66"/>
    <Cell ss:StyleID="s66"/>
    <Cell ss:StyleID="s66"/>
    <Cell ss:StyleID="s66"/>
    <Cell ss:StyleID="s66"/>
    <Cell ss:StyleID="s66"/>
    <Cell ss:StyleID="s66"/>
    <Cell ss:StyleID="s66"/>
    <Cell ss:StyleID="s66"/>
    <Cell ss:StyleID="s66"/>
    <Cell ss:StyleID="s66"/>
    <Cell ss:StyleID="s66"/>
    <Cell ss:StyleID="s66"/>
    <Cell ss:StyleID="s66"/>
    <Cell ss:StyleID="s66"/>
   </Row>
   <Row ss:AutoFitHeight="0" ss:Height="19.5" ss:StyleID="s68">
    <Cell ss:StyleID="s66"/>
    <Cell ss:StyleID="s66"/>
    <Cell ss:StyleID="s66"/>
    <Cell ss:StyleID="s66"/>
    <Cell ss:StyleID="s66"/>
    <Cell ss:StyleID="s66"/>
    <Cell ss:StyleID="s66"/>
    <Cell ss:StyleID="s66"/>
    <Cell ss:StyleID="s66"/>
    <Cell ss:StyleID="s66"/>
    <Cell ss:StyleID="s66"/>
    <Cell ss:StyleID="s66"/>
    <Cell ss:StyleID="s66"/>
    <Cell ss:StyleID="s66"/>
    <Cell ss:StyleID="s66"/>
    <Cell ss:StyleID="s66"/>
    <Cell ss:StyleID="s66"/>
    <Cell ss:StyleID="s66"/>
    <Cell ss:StyleID="s66"/>
    <Cell ss:StyleID="s66"/>
    <Cell ss:StyleID="s66"/>
   </Row>
   <Row ss:AutoFitHeight="0" ss:Height="19.5" ss:StyleID="s68">
    <Cell><Data ss:Type="String">備註：駐外華僑文教服務中心，依國有財產法第14條規定由本部主管。</Data></Cell>
    <Cell ss:StyleID="s66"/>
    <Cell ss:StyleID="s66"/>
    <Cell ss:StyleID="s66"/>
    <Cell ss:StyleID="s66"/>
    <Cell ss:StyleID="s66"/>
    <Cell ss:StyleID="s66"/>
    <Cell ss:StyleID="s66"/>
    <Cell ss:StyleID="s66"/>
    <Cell ss:StyleID="s66"/>
    <Cell ss:StyleID="s66"/>
    <Cell ss:StyleID="s66"/>
    <Cell ss:StyleID="s66"/>
    <Cell ss:StyleID="s66"/>
    <Cell ss:StyleID="s66"/>
    <Cell ss:StyleID="s66"/>
    <Cell ss:StyleID="s66"/>
    <Cell ss:StyleID="s66"/>
    <Cell ss:StyleID="s66"/>
    <Cell ss:StyleID="s66"/>
    <Cell ss:StyleID="s66"/>
   </Row>
   <Row ss:AutoFitHeight="0" ss:Height="19.5" ss:StyleID="s68">
    <Cell ss:StyleID="s66"/>
    <Cell ss:StyleID="s66"/>
    <Cell ss:StyleID="s66"/>
    <Cell ss:StyleID="s66"/>
    <Cell ss:StyleID="s66"/>
    <Cell ss:StyleID="s66"/>
    <Cell ss:StyleID="s66"/>
    <Cell ss:StyleID="s66"/>
    <Cell ss:StyleID="s66"/>
    <Cell ss:StyleID="s66"/>
    <Cell ss:StyleID="s66"/>
    <Cell ss:StyleID="s66"/>
    <Cell ss:StyleID="s66"/>
    <Cell ss:StyleID="s66"/>
    <Cell ss:StyleID="s66"/>
    <Cell ss:StyleID="s66"/>
    <Cell ss:StyleID="s66"/>
    <Cell ss:StyleID="s66"/>
    <Cell ss:StyleID="s66"/>
    <Cell ss:StyleID="s66"/>
    <Cell ss:StyleID="s66"/>
   </Row>
   <Row ss:AutoFitHeight="0" ss:Height="19.5" ss:StyleID="s68">
    <Cell ss:StyleID="s66"/>
    <Cell ss:StyleID="s66"/>
    <Cell ss:StyleID="s66"/>
    <Cell ss:StyleID="s66"/>
    <Cell ss:StyleID="s66"/>
    <Cell ss:StyleID="s66"/>
    <Cell ss:StyleID="s66"/>
    <Cell ss:StyleID="s66"/>
    <Cell ss:StyleID="s66"/>
    <Cell ss:StyleID="s66"/>
    <Cell ss:StyleID="s66"/>
    <Cell ss:StyleID="s66"/>
    <Cell ss:StyleID="s66"/>
    <Cell ss:StyleID="s66"/>
    <Cell ss:StyleID="s66"/>
    <Cell ss:StyleID="s66"/>
    <Cell ss:StyleID="s66"/>
    <Cell ss:StyleID="s66"/>
    <Cell ss:StyleID="s66"/>
    <Cell ss:StyleID="s66"/>
    <Cell ss:StyleID="s66"/>
   </Row>
   <Row ss:AutoFitHeight="0" ss:Height="19.5" ss:StyleID="s68">
    <Cell ss:StyleID="s66"/>
    <Cell ss:StyleID="s66"/>
    <Cell ss:StyleID="s66"/>
    <Cell ss:StyleID="s66"/>
    <Cell ss:StyleID="s66"/>
    <Cell ss:StyleID="s66"/>
    <Cell ss:StyleID="s66"/>
    <Cell ss:StyleID="s66"/>
    <Cell ss:StyleID="s66"/>
    <Cell ss:StyleID="s66"/>
    <Cell ss:StyleID="s66"/>
    <Cell ss:StyleID="s66"/>
    <Cell ss:StyleID="s66"/>
    <Cell ss:StyleID="s66"/>
    <Cell ss:StyleID="s66"/>
    <Cell ss:StyleID="s66"/>
    <Cell ss:StyleID="s66"/>
    <Cell ss:StyleID="s66"/>
    <Cell ss:StyleID="s66"/>
    <Cell ss:StyleID="s66"/>
    <Cell ss:StyleID="s66"/>
   </Row>
   <Row ss:AutoFitHeight="0" ss:Height="19.5" ss:StyleID="s68">
    <Cell ss:StyleID="s66"/>
    <Cell ss:StyleID="s66"/>
    <Cell ss:StyleID="s66"/>
    <Cell ss:StyleID="s66"/>
    <Cell ss:StyleID="s66"/>
    <Cell ss:StyleID="s66"/>
    <Cell ss:StyleID="s66"/>
    <Cell ss:StyleID="s66"/>
    <Cell ss:StyleID="s66"/>
    <Cell ss:StyleID="s66"/>
    <Cell ss:StyleID="s66"/>
    <Cell ss:StyleID="s66"/>
    <Cell ss:StyleID="s66"/>
    <Cell ss:StyleID="s66"/>
    <Cell ss:StyleID="s66"/>
    <Cell ss:StyleID="s66"/>
    <Cell ss:StyleID="s66"/>
    <Cell ss:StyleID="s66"/>
    <Cell ss:StyleID="s66"/>
    <Cell ss:StyleID="s66"/>
    <Cell ss:StyleID="s66"/>
   </Row>
   <Row ss:AutoFitHeight="0" ss:Height="24.9375" ss:Hidden="1" ss:StyleID="s68">
    <Cell ss:MergeAcross="8" ss:StyleID="m63641608"><Data ss:Type="String">註：</Data></Cell>
    <Cell ss:StyleID="s66"/>
    <Cell ss:StyleID="s66"/>
    <Cell ss:StyleID="s66"/>
    <Cell ss:StyleID="s66"/>
    <Cell ss:StyleID="s66"/>
    <Cell ss:StyleID="s66"/>
    <Cell ss:StyleID="s66"/>
    <Cell ss:StyleID="s66"/>
    <Cell ss:StyleID="s66"/>
    <Cell ss:StyleID="s66"/>
    <Cell ss:StyleID="s66"/>
    <Cell ss:StyleID="s66"/>
   </Row>
   <Row ss:AutoFitHeight="0" ss:Height="24.9375" ss:Hidden="1" ss:StyleID="s68">
    <Cell ss:MergeAcross="8" ss:StyleID="m63641628"><ss:Data ss:Type="String"
      xmlns="http://www.w3.org/TR/REC-html40">(<Font html:Face="新細明體"
       x:CharSet="136" x:Family="Roman">一</Font><Font>)</Font><Font html:Face="新細明體"
       x:CharSet="136" x:Family="Roman">館舍部分</Font></ss:Data></Cell>
    <Cell ss:StyleID="s66"/>
    <Cell ss:StyleID="s66"/>
    <Cell ss:StyleID="s66"/>
    <Cell ss:StyleID="s66"/>
    <Cell ss:StyleID="s66"/>
    <Cell ss:StyleID="s66"/>
    <Cell ss:StyleID="s66"/>
    <Cell ss:StyleID="s66"/>
    <Cell ss:StyleID="s66"/>
    <Cell ss:StyleID="s66"/>
    <Cell ss:StyleID="s66"/>
    <Cell ss:StyleID="s66"/>
   </Row>
   <Row ss:AutoFitHeight="0" ss:Height="24.9375" ss:Hidden="1" ss:StyleID="s68">
    <Cell ss:MergeAcross="4" ss:StyleID="m39476532"><ss:Data ss:Type="String"
      xmlns="http://www.w3.org/TR/REC-html40">1.<Font html:Face="新細明體"
       x:CharSet="136" x:Family="Roman">駐外共</Font><Font>121</Font><Font
       html:Face="新細明體" x:CharSet="136" x:Family="Roman">館處</Font><Font>(</Font><Font
       html:Face="新細明體" x:CharSet="136" x:Family="Roman">加計法蘭克福為</Font><Font>122</Font><Font
       html:Face="新細明體" x:CharSet="136" x:Family="Roman">個單位</Font><Font>)</Font></ss:Data></Cell>
    <Cell ss:StyleID="s75"><Data ss:Type="Number">122</Data></Cell>
    <Cell ss:StyleID="s75"/>
    <Cell ss:StyleID="s75"/>
    <Cell ss:StyleID="s77"/>
    <Cell ss:StyleID="s66"/>
    <Cell ss:StyleID="s66"/>
    <Cell ss:StyleID="s66"/>
    <Cell ss:StyleID="s66"/>
    <Cell ss:StyleID="s66"/>
    <Cell ss:StyleID="s66"/>
    <Cell ss:StyleID="s66"/>
    <Cell ss:StyleID="s66"/>
    <Cell ss:StyleID="s66"/>
    <Cell ss:StyleID="s66"/>
    <Cell ss:StyleID="s66"/>
    <Cell ss:StyleID="s66"/>
   </Row>
   <Row ss:AutoFitHeight="0" ss:Height="24.9375" ss:Hidden="1" ss:StyleID="s68">
    <Cell ss:MergeAcross="4" ss:StyleID="m39476552"><Data ss:Type="String">駐香港及駐澳門為陸委會主政無館官舍</Data></Cell>
    <Cell ss:StyleID="s75"><Data ss:Type="Number">-2</Data></Cell>
    <Cell ss:StyleID="s75"/>
    <Cell ss:StyleID="s75"/>
    <Cell ss:StyleID="s77"/>
    <Cell ss:StyleID="s66"/>
    <Cell ss:StyleID="s66"/>
    <Cell ss:StyleID="s66"/>
    <Cell ss:StyleID="s66"/>
    <Cell ss:StyleID="s66"/>
    <Cell ss:StyleID="s66"/>
    <Cell ss:StyleID="s66"/>
    <Cell ss:StyleID="s66"/>
    <Cell ss:StyleID="s66"/>
    <Cell ss:StyleID="s66"/>
    <Cell ss:StyleID="s66"/>
    <Cell ss:StyleID="s66"/>
   </Row>
   <Row ss:AutoFitHeight="0" ss:Height="24.9375" ss:Hidden="1">
    <Cell ss:MergeAcross="4" ss:StyleID="m39476572"><ss:Data ss:Type="String"
      xmlns="http://www.w3.org/TR/REC-html40">3.<Font html:Face="新細明體"
       x:CharSet="136" x:Family="Roman">印尼、澳大利亞及巴拉圭均有二處館舍</Font></ss:Data></Cell>
    <Cell ss:StyleID="s75"><Data ss:Type="Number">3</Data></Cell>
    <Cell ss:StyleID="s75"/>
    <Cell ss:StyleID="s75"/>
    <Cell ss:StyleID="s77"/>
   </Row>
   <Row ss:AutoFitHeight="0" ss:Height="24.9375" ss:Hidden="1">
    <Cell ss:MergeAcross="4" ss:StyleID="m39476592"><ss:Data ss:Type="String"
      xmlns="http://www.w3.org/TR/REC-html40">4.<Font html:Face="新細明體"
       x:CharSet="136" x:Family="Roman">馬達加斯加自有館舍一個</Font></ss:Data></Cell>
    <Cell ss:StyleID="s75"><Data ss:Type="Number">1</Data></Cell>
    <Cell ss:StyleID="s75"/>
    <Cell ss:StyleID="s75"/>
    <Cell ss:StyleID="s77"/>
   </Row>
   <Row ss:AutoFitHeight="0" ss:Height="24.9375" ss:Hidden="1">
    <Cell ss:MergeAcross="4" ss:StyleID="m39476612"><Data ss:Type="String">總計</Data></Cell>
    <Cell ss:StyleID="s78" ss:Formula="=SUM(R[-4]C:R[-1]C)"><Data ss:Type="Number">124</Data></Cell>
    <Cell ss:StyleID="s78"/>
    <Cell ss:StyleID="s78"/>
    <Cell ss:StyleID="s79"/>
   </Row>
   <Row ss:AutoFitHeight="0" ss:Height="24.9375" ss:Hidden="1">
    <Cell ss:MergeAcross="4" ss:StyleID="m39476632"><ss:Data ss:Type="String"
      xmlns="http://www.w3.org/TR/REC-html40">(<Font html:Face="新細明體"
       x:CharSet="136" x:Family="Roman">二</Font><Font>)</Font><Font html:Face="新細明體"
       x:CharSet="136" x:Family="Roman">官舍部分</Font></ss:Data></Cell>
    <Cell ss:StyleID="s75"/>
    <Cell ss:StyleID="s75"/>
    <Cell ss:StyleID="s75"/>
    <Cell ss:StyleID="s77"/>
   </Row>
   <Row ss:AutoFitHeight="0" ss:Height="24.9375" ss:Hidden="1">
    <Cell ss:MergeAcross="4" ss:StyleID="m63641688"><ss:Data ss:Type="String"
      xmlns="http://www.w3.org/TR/REC-html40">1.<Font html:Face="新細明體"
       x:CharSet="136" x:Family="Roman">駐外共</Font><Font>122</Font><Font
       html:Face="新細明體" x:CharSet="136" x:Family="Roman">館處</Font></ss:Data></Cell>
    <Cell ss:StyleID="s75"><Data ss:Type="Number">122</Data></Cell>
    <Cell ss:StyleID="s75"/>
    <Cell ss:StyleID="s75"/>
    <Cell ss:StyleID="s77"/>
   </Row>
   <Row ss:AutoFitHeight="0" ss:Height="24.9375" ss:Hidden="1">
    <Cell ss:MergeAcross="4" ss:StyleID="m63641708"><ss:Data ss:Type="String"
      xmlns="http://www.w3.org/TR/REC-html40">2.<Font html:Face="新細明體"
       x:CharSet="136" x:Family="Roman">減不含港、澳及駐德服務組</Font><Font>(</Font><Font
       html:Face="新細明體" x:CharSet="136" x:Family="Roman">法蘭克福</Font><Font>)</Font></ss:Data></Cell>
    <Cell ss:StyleID="s75"><Data ss:Type="Number">-3</Data></Cell>
    <Cell ss:StyleID="s75"/>
    <Cell ss:StyleID="s75"/>
    <Cell ss:StyleID="s77"/>
   </Row>
   <Row ss:AutoFitHeight="0" ss:Height="24.9375" ss:Hidden="1">
    <Cell ss:MergeAcross="4" ss:StyleID="m63641728"/>
    <Cell ss:StyleID="s75"/>
    <Cell ss:StyleID="s75"/>
    <Cell ss:StyleID="s75"/>
    <Cell ss:StyleID="s77"/>
   </Row>
   <Row ss:AutoFitHeight="0" ss:Height="24.9375" ss:Hidden="1">
    <Cell ss:MergeAcross="4" ss:StyleID="m63641588"/>
    <Cell ss:StyleID="s75"/>
    <Cell ss:StyleID="s75"/>
    <Cell ss:StyleID="s75"/>
    <Cell ss:StyleID="s77"/>
   </Row>
   <Row ss:AutoFitHeight="0" ss:Height="24.9375" ss:Hidden="1">
    <Cell ss:MergeAcross="4" ss:StyleID="m63641568"><Data ss:Type="String">總計</Data></Cell>
    <Cell ss:StyleID="s78" ss:Formula="=SUM(R[-4]C:R[-1]C)"><Data ss:Type="Number">119</Data></Cell>
    <Cell ss:StyleID="s78"/>
    <Cell ss:StyleID="s78"/>
    <Cell ss:StyleID="s79"/>
   </Row>
   <Row ss:AutoFitHeight="0" ss:Height="24.9375" ss:Hidden="1">
    <Cell ss:MergeAcross="4" ss:StyleID="m39476652"><Data ss:Type="String">前述資料不含暫移華僑之哥斯大黎加官舍</Data></Cell>
    <Cell ss:StyleID="s75"><Data ss:Type="Number">1</Data></Cell>
    <Cell ss:StyleID="s75"/>
    <Cell ss:StyleID="s75"/>
    <Cell ss:StyleID="s77"/>
   </Row>
   <Row ss:AutoFitHeight="0" ss:Height="24.9375" ss:Hidden="1">
    <Cell ss:MergeAcross="4" ss:StyleID="m39476672"><Data ss:Type="String">前述資料不含駐越南代表處管理之西貢房舍</Data></Cell>
    <Cell ss:StyleID="s75"/>
    <Cell ss:StyleID="s75"/>
    <Cell ss:StyleID="s75"/>
    <Cell ss:StyleID="s77"/>
   </Row>
   <Row ss:AutoFitHeight="0" ss:Height="24.9375" ss:Hidden="1">
    <Cell ss:MergeAcross="4" ss:StyleID="m39476692"/>
    <Cell ss:StyleID="s75"/>
    <Cell ss:StyleID="s75"/>
    <Cell ss:StyleID="s75"/>
    <Cell ss:StyleID="s77"/>
   </Row>
   <Row ss:AutoFitHeight="0" ss:Height="24.9375" ss:Hidden="1">
    <Cell ss:MergeAcross="8" ss:StyleID="m39476512"><ss:Data ss:Type="String"
      xmlns="http://www.w3.org/TR/REC-html40">(<Font html:Face="新細明體"
       x:CharSet="136" x:Family="Roman">三</Font><Font>)</Font><Font html:Face="新細明體"
       x:CharSet="136" x:Family="Roman">辦公房舍明細表係依據使用單位歸屬原主管機關編列，未配合駐美三館處經費統一記帳調整</Font></ss:Data></Cell>
   </Row>
  </Table>
  <WorksheetOptions xmlns="urn:schemas-microsoft-com:office:excel">
   <PageSetup>
    <Layout x:CenterHorizontal="1" x:StartPageNumber="122"/>
    <Header x:Margin="0.51181102362204722"/>
    <Footer x:Margin="0.51181102362204722" x:Data="&amp;C&amp;P"/>
    <PageMargins x:Bottom="0.59055118110236227" x:Left="0.47244094488188981"
     x:Right="0.39370078740157483" x:Top="0.78740157480314965"/>
   </PageSetup>
   <Print>
    <ValidPrinterInfo/>
    <PaperSizeIndex>9</PaperSizeIndex>
    <Scale>50</Scale>
    <HorizontalResolution>300</HorizontalResolution>
    <VerticalResolution>600</VerticalResolution>
   </Print>
   <Zoom>60</Zoom>
   <PageBreakZoom>60</PageBreakZoom>
   <Selected/>
   <Panes>
    <Pane>
     <Number>3</Number>
     <ActiveRow>11</ActiveRow>
     <ActiveCol>6</ActiveCol>
    </Pane>
   </Panes>
   <ProtectObjects>False</ProtectObjects>
   <ProtectScenarios>False</ProtectScenarios>
  </WorksheetOptions>
 </Worksheet>
</Workbook>
