<?xml version="1.0" encoding="UTF-8"?>
<GenericData>
　　<Header>
　　　　<Table Id="FNGXBWORKR" Name="特別收入基金" Domain="NBA" />
　　　　<Program Id="NBAGGR010_G" />
　　　　<Sender Name="特別收入基金" />
　　　　<報表名稱>政事基金基金來源、用途及餘絀綜計表</報表名稱>
　　　　<年度>106</年度>
　　　　<基金>特別收入基金</基金>
　　　　<階段>預算案</階段>
　　　　<版本>1</版本>
　　　　<單位>新臺幣千元</單位>
　　</Header>
　　<DataSet>
　　　　<ROW>
　　　　　　<SEQNO>1</SEQNO>
　　　　　　<LEVEL>1</LEVEL>
　　　　　　<BOLD>1</BOLD>
　　　　　　<基金別>總統府主管</基金別>
　　　　　　<本年度預算數-基金來源>5263816</本年度預算數-基金來源>
　　　　　　<本年度預算數-基金用途>5309271</本年度預算數-基金用途>
　　　　　　<本年度預算數-賸餘短絀>-45455</本年度預算數-賸餘短絀>
　　　　　　<上年度預算數-基金來源>7465328</上年度預算數-基金來源>
　　　　　　<上年度預算數-基金用途>7774817</上年度預算數-基金用途>
　　　　　　<上年度預算數-賸餘短絀>-309489</上年度預算數-賸餘短絀>
　　　　　　<本年度與上年度比較-基金來源>-2201512</本年度與上年度比較-基金來源>
　　　　　　<本年度與上年度比較-基金用途>-2465546</本年度與上年度比較-基金用途>
　　　　　　<本年度與上年度比較-賸餘短絀>264034</本年度與上年度比較-賸餘短絀>
　　　　　　<期初基金餘額>5396966</期初基金餘額>
　　　　　　<解繳國庫>0</解繳國庫>
　　　　　　<期末基金餘額>5351511</期末基金餘額>
　　　　</ROW>
　　　　<ROW>
　　　　　　<SEQNO>2</SEQNO>
　　　　　　<LEVEL>1</LEVEL>
　　　　　　<BOLD>1</BOLD>
　　　　　　<基金別>行政院主管</基金別>
　　　　　　<本年度預算數-基金來源>53408860</本年度預算數-基金來源>
　　　　　　<本年度預算數-基金用途>56592386</本年度預算數-基金用途>
　　　　　　<本年度預算數-賸餘短絀>-3183526</本年度預算數-賸餘短絀>
　　　　　　<上年度預算數-基金來源>46457523</上年度預算數-基金來源>
　　　　　　<上年度預算數-基金用途>50015585</上年度預算數-基金用途>
　　　　　　<上年度預算數-賸餘短絀>-3558062</上年度預算數-賸餘短絀>
　　　　　　<本年度與上年度比較-基金來源>6951337</本年度與上年度比較-基金來源>
　　　　　　<本年度與上年度比較-基金用途>6576801</本年度與上年度比較-基金用途>
　　　　　　<本年度與上年度比較-賸餘短絀>374536</本年度與上年度比較-賸餘短絀>
　　　　　　<期初基金餘額>-40686680</期初基金餘額>
　　　　　　<解繳國庫>0</解繳國庫>
　　　　　　<期末基金餘額>-43870206</期末基金餘額>
　　　　</ROW>
　　　　<ROW>
　　　　　　<SEQNO>3</SEQNO>
　　　　　　<LEVEL>1</LEVEL>
　　　　　　<BOLD>1</BOLD>
　　　　　　<基金別>內政部主管</基金別>
　　　　　　<本年度預算數-基金來源>2088647</本年度預算數-基金來源>
　　　　　　<本年度預算數-基金用途>1976096</本年度預算數-基金用途>
　　　　　　<本年度預算數-賸餘短絀>112551</本年度預算數-賸餘短絀>
　　　　　　<上年度預算數-基金來源>2222068</上年度預算數-基金來源>
　　　　　　<上年度預算數-基金用途>1979414</上年度預算數-基金用途>
　　　　　　<上年度預算數-賸餘短絀>242654</上年度預算數-賸餘短絀>
　　　　　　<本年度與上年度比較-基金來源>-133421</本年度與上年度比較-基金來源>
　　　　　　<本年度與上年度比較-基金用途>-3318</本年度與上年度比較-基金用途>
　　　　　　<本年度與上年度比較-賸餘短絀>-130103</本年度與上年度比較-賸餘短絀>
　　　　　　<期初基金餘額>2653211</期初基金餘額>
　　　　　　<解繳國庫>0</解繳國庫>
　　　　　　<期末基金餘額>2765762</期末基金餘額>
　　　　</ROW>
　　　　<ROW>
　　　　　　<SEQNO>4</SEQNO>
　　　　　　<LEVEL>1</LEVEL>
　　　　　　<BOLD>1</BOLD>
　　　　　　<基金別>教育部主管</基金別>
　　　　　　<本年度預算數-基金來源>5825283</本年度預算數-基金來源>
　　　　　　<本年度預算數-基金用途>4057172</本年度預算數-基金用途>
　　　　　　<本年度預算數-賸餘短絀>1768111</本年度預算數-賸餘短絀>
　　　　　　<上年度預算數-基金來源>2608440</上年度預算數-基金來源>
　　　　　　<上年度預算數-基金用途>3821443</上年度預算數-基金用途>
　　　　　　<上年度預算數-賸餘短絀>-1213003</上年度預算數-賸餘短絀>
　　　　　　<本年度與上年度比較-基金來源>3216843</本年度與上年度比較-基金來源>
　　　　　　<本年度與上年度比較-基金用途>235729</本年度與上年度比較-基金用途>
　　　　　　<本年度與上年度比較-賸餘短絀>2981114</本年度與上年度比較-賸餘短絀>
　　　　　　<期初基金餘額>17205054</期初基金餘額>
　　　　　　<解繳國庫>0</解繳國庫>
　　　　　　<期末基金餘額>18973165</期末基金餘額>
　　　　</ROW>
　　　　<ROW>
　　　　　　<SEQNO>5</SEQNO>
　　　　　　<LEVEL>1</LEVEL>
　　　　　　<BOLD>1</BOLD>
　　　　　　<基金別>經濟部主管</基金別>
　　　　　　<本年度預算數-基金來源>31288719</本年度預算數-基金來源>
　　　　　　<本年度預算數-基金用途>27413079</本年度預算數-基金用途>
　　　　　　<本年度預算數-賸餘短絀>3875640</本年度預算數-賸餘短絀>
　　　　　　<上年度預算數-基金來源>30861765</上年度預算數-基金來源>
　　　　　　<上年度預算數-基金用途>28540354</上年度預算數-基金用途>
　　　　　　<上年度預算數-賸餘短絀>2321411</上年度預算數-賸餘短絀>
　　　　　　<本年度與上年度比較-基金來源>426954</本年度與上年度比較-基金來源>
　　　　　　<本年度與上年度比較-基金用途>-1127275</本年度與上年度比較-基金用途>
　　　　　　<本年度與上年度比較-賸餘短絀>1554229</本年度與上年度比較-賸餘短絀>
　　　　　　<期初基金餘額>301199528</期初基金餘額>
　　　　　　<解繳國庫>0</解繳國庫>
　　　　　　<期末基金餘額>305075168</期末基金餘額>
　　　　</ROW>
　　　　<ROW>
　　　　　　<SEQNO>6</SEQNO>
　　　　　　<LEVEL>1</LEVEL>
　　　　　　<BOLD>1</BOLD>
　　　　　　<基金別>交通部主管</基金別>
　　　　　　<本年度預算數-基金來源>8667086</本年度預算數-基金來源>
　　　　　　<本年度預算數-基金用途>9750334</本年度預算數-基金用途>
　　　　　　<本年度預算數-賸餘短絀>-1083248</本年度預算數-賸餘短絀>
　　　　　　<上年度預算數-基金來源>8607692</上年度預算數-基金來源>
　　　　　　<上年度預算數-基金用途>11978358</上年度預算數-基金用途>
　　　　　　<上年度預算數-賸餘短絀>-3370666</上年度預算數-賸餘短絀>
　　　　　　<本年度與上年度比較-基金來源>59394</本年度與上年度比較-基金來源>
　　　　　　<本年度與上年度比較-基金用途>-2228024</本年度與上年度比較-基金用途>
　　　　　　<本年度與上年度比較-賸餘短絀>2287418</本年度與上年度比較-賸餘短絀>
　　　　　　<期初基金餘額>13559405</期初基金餘額>
　　　　　　<解繳國庫>1129824</解繳國庫>
　　　　　　<期末基金餘額>11346333</期末基金餘額>
　　　　</ROW>
　　　　<ROW>
　　　　　　<SEQNO>7</SEQNO>
　　　　　　<LEVEL>1</LEVEL>
　　　　　　<BOLD>1</BOLD>
　　　　　　<基金別>原子能委員會主管</基金別>
　　　　　　<本年度預算數-基金來源>166716</本年度預算數-基金來源>
　　　　　　<本年度預算數-基金用途>123940</本年度預算數-基金用途>
　　　　　　<本年度預算數-賸餘短絀>42776</本年度預算數-賸餘短絀>
　　　　　　<上年度預算數-基金來源>164712</上年度預算數-基金來源>
　　　　　　<上年度預算數-基金用途>110463</上年度預算數-基金用途>
　　　　　　<上年度預算數-賸餘短絀>54249</上年度預算數-賸餘短絀>
　　　　　　<本年度與上年度比較-基金來源>2004</本年度與上年度比較-基金來源>
　　　　　　<本年度與上年度比較-基金用途>13477</本年度與上年度比較-基金用途>
　　　　　　<本年度與上年度比較-賸餘短絀>-11473</本年度與上年度比較-賸餘短絀>
　　　　　　<期初基金餘額>355143</期初基金餘額>
　　　　　　<解繳國庫>0</解繳國庫>
　　　　　　<期末基金餘額>397919</期末基金餘額>
　　　　</ROW>
　　　　<ROW>
　　　　　　<SEQNO>8</SEQNO>
　　　　　　<LEVEL>1</LEVEL>
　　　　　　<BOLD>1</BOLD>
　　　　　　<基金別>農業委員會主管</基金別>
　　　　　　<本年度預算數-基金來源>45821801</本年度預算數-基金來源>
　　　　　　<本年度預算數-基金用途>40225698</本年度預算數-基金用途>
　　　　　　<本年度預算數-賸餘短絀>5596103</本年度預算數-賸餘短絀>
　　　　　　<上年度預算數-基金來源>45154290</上年度預算數-基金來源>
　　　　　　<上年度預算數-基金用途>39456817</上年度預算數-基金用途>
　　　　　　<上年度預算數-賸餘短絀>5697473</上年度預算數-賸餘短絀>
　　　　　　<本年度與上年度比較-基金來源>667511</本年度與上年度比較-基金來源>
　　　　　　<本年度與上年度比較-基金用途>768881</本年度與上年度比較-基金用途>
　　　　　　<本年度與上年度比較-賸餘短絀>-101370</本年度與上年度比較-賸餘短絀>
　　　　　　<期初基金餘額>53504493</期初基金餘額>
　　　　　　<解繳國庫>0</解繳國庫>
　　　　　　<期末基金餘額>59100596</期末基金餘額>
　　　　</ROW>
　　　　<ROW>
　　　　　　<SEQNO>9</SEQNO>
　　　　　　<LEVEL>1</LEVEL>
　　　　　　<BOLD>1</BOLD>
　　　　　　<基金別>勞動部主管</基金別>
　　　　　　<本年度預算數-基金來源>20026585</本年度預算數-基金來源>
　　　　　　<本年度預算數-基金用途>16757026</本年度預算數-基金用途>
　　　　　　<本年度預算數-賸餘短絀>3269559</本年度預算數-賸餘短絀>
　　　　　　<上年度預算數-基金來源>18757995</上年度預算數-基金來源>
　　　　　　<上年度預算數-基金用途>16513843</上年度預算數-基金用途>
　　　　　　<上年度預算數-賸餘短絀>2244152</上年度預算數-賸餘短絀>
　　　　　　<本年度與上年度比較-基金來源>1268590</本年度與上年度比較-基金來源>
　　　　　　<本年度與上年度比較-基金用途>243183</本年度與上年度比較-基金用途>
　　　　　　<本年度與上年度比較-賸餘短絀>1025407</本年度與上年度比較-賸餘短絀>
　　　　　　<期初基金餘額>24120056</期初基金餘額>
　　　　　　<解繳國庫>0</解繳國庫>
　　　　　　<期末基金餘額>27389615</期末基金餘額>
　　　　</ROW>
　　　　<ROW>
　　　　　　<SEQNO>10</SEQNO>
　　　　　　<LEVEL>1</LEVEL>
　　　　　　<BOLD>1</BOLD>
　　　　　　<基金別>衛生福利部主管</基金別>
　　　　　　<本年度預算數-基金來源>24537482</本年度預算數-基金來源>
　　　　　　<本年度預算數-基金用途>25021543</本年度預算數-基金用途>
　　　　　　<本年度預算數-賸餘短絀>-484061</本年度預算數-賸餘短絀>
　　　　　　<上年度預算數-基金來源>12811123</上年度預算數-基金來源>
　　　　　　<上年度預算數-基金用途>17192420</上年度預算數-基金用途>
　　　　　　<上年度預算數-賸餘短絀>-4381297</上年度預算數-賸餘短絀>
　　　　　　<本年度與上年度比較-基金來源>11726359</本年度與上年度比較-基金來源>
　　　　　　<本年度與上年度比較-基金用途>7829123</本年度與上年度比較-基金用途>
　　　　　　<本年度與上年度比較-賸餘短絀>3897236</本年度與上年度比較-賸餘短絀>
　　　　　　<期初基金餘額>10920411</期初基金餘額>
　　　　　　<解繳國庫>0</解繳國庫>
　　　　　　<期末基金餘額>10436350</期末基金餘額>
　　　　</ROW>
　　　　<ROW>
　　　　　　<SEQNO>11</SEQNO>
　　　　　　<LEVEL>1</LEVEL>
　　　　　　<BOLD>1</BOLD>
　　　　　　<基金別>環境保護署主管</基金別>
　　　　　　<本年度預算數-基金來源>7185347</本年度預算數-基金來源>
　　　　　　<本年度預算數-基金用途>10387110</本年度預算數-基金用途>
　　　　　　<本年度預算數-賸餘短絀>-3201763</本年度預算數-賸餘短絀>
　　　　　　<上年度預算數-基金來源>6846590</上年度預算數-基金來源>
　　　　　　<上年度預算數-基金用途>7870094</上年度預算數-基金用途>
　　　　　　<上年度預算數-賸餘短絀>-1023504</上年度預算數-賸餘短絀>
　　　　　　<本年度與上年度比較-基金來源>338757</本年度與上年度比較-基金來源>
　　　　　　<本年度與上年度比較-基金用途>2517016</本年度與上年度比較-基金用途>
　　　　　　<本年度與上年度比較-賸餘短絀>-2178259</本年度與上年度比較-賸餘短絀>
　　　　　　<期初基金餘額>13793690</期初基金餘額>
　　　　　　<解繳國庫>0</解繳國庫>
　　　　　　<期末基金餘額>10591927</期末基金餘額>
　　　　</ROW>
　　　　<ROW>
　　　　　　<SEQNO>12</SEQNO>
　　　　　　<LEVEL>1</LEVEL>
　　　　　　<BOLD>1</BOLD>
　　　　　　<基金別>金融監督管理委員會主管</基金別>
　　　　　　<本年度預算數-基金來源>25811866</本年度預算數-基金來源>
　　　　　　<本年度預算數-基金用途>24996369</本年度預算數-基金用途>
　　　　　　<本年度預算數-賸餘短絀>815497</本年度預算數-賸餘短絀>
　　　　　　<上年度預算數-基金來源>26862031</上年度預算數-基金來源>
　　　　　　<上年度預算數-基金用途>26184557</上年度預算數-基金用途>
　　　　　　<上年度預算數-賸餘短絀>677474</上年度預算數-賸餘短絀>
　　　　　　<本年度與上年度比較-基金來源>-1050165</本年度與上年度比較-基金來源>
　　　　　　<本年度與上年度比較-基金用途>-1188188</本年度與上年度比較-基金用途>
　　　　　　<本年度與上年度比較-賸餘短絀>138023</本年度與上年度比較-賸餘短絀>
　　　　　　<期初基金餘額>1166889</期初基金餘額>
　　　　　　<解繳國庫>722482</解繳國庫>
　　　　　　<期末基金餘額>1259904</期末基金餘額>
　　　　</ROW>
　　　　<ROW>
　　　　　　<SEQNO>13</SEQNO>
　　　　　　<LEVEL>1</LEVEL>
　　　　　　<BOLD>1</BOLD>
　　　　　　<基金別>國家通訊傳播委員會主管</基金別>
　　　　　　<本年度預算數-基金來源>766766</本年度預算數-基金來源>
　　　　　　<本年度預算數-基金用途>711206</本年度預算數-基金用途>
　　　　　　<本年度預算數-賸餘短絀>55560</本年度預算數-賸餘短絀>
　　　　　　<上年度預算數-基金來源>823162</上年度預算數-基金來源>
　　　　　　<上年度預算數-基金用途>822320</上年度預算數-基金用途>
　　　　　　<上年度預算數-賸餘短絀>842</上年度預算數-賸餘短絀>
　　　　　　<本年度與上年度比較-基金來源>-56396</本年度與上年度比較-基金來源>
　　　　　　<本年度與上年度比較-基金用途>-111114</本年度與上年度比較-基金用途>
　　　　　　<本年度與上年度比較-賸餘短絀>54718</本年度與上年度比較-賸餘短絀>
　　　　　　<期初基金餘額>1306771</期初基金餘額>
　　　　　　<解繳國庫>0</解繳國庫>
　　　　　　<期末基金餘額>1362331</期末基金餘額>
　　　　</ROW>
　　　　<ROW>
　　　　　　<SEQNO>14</SEQNO>
　　　　　　<LEVEL>1</LEVEL>
　　　　　　<BOLD>1</BOLD>
　　　　　　<基金別>公平交易委員會主管</基金別>
　　　　　　<本年度預算數-基金來源>46694</本年度預算數-基金來源>
　　　　　　<本年度預算數-基金用途>22510</本年度預算數-基金用途>
　　　　　　<本年度預算數-賸餘短絀>24184</本年度預算數-賸餘短絀>
　　　　　　<上年度預算數-基金來源>12000</上年度預算數-基金來源>
　　　　　　<上年度預算數-基金用途>10000</上年度預算數-基金用途>
　　　　　　<上年度預算數-賸餘短絀>2000</上年度預算數-賸餘短絀>
　　　　　　<本年度與上年度比較-基金來源>34694</本年度與上年度比較-基金來源>
　　　　　　<本年度與上年度比較-基金用途>12510</本年度與上年度比較-基金用途>
　　　　　　<本年度與上年度比較-賸餘短絀>22184</本年度與上年度比較-賸餘短絀>
　　　　　　<期初基金餘額>2000</期初基金餘額>
　　　　　　<解繳國庫>0</解繳國庫>
　　　　　　<期末基金餘額>26184</期末基金餘額>
　　　　</ROW>
　　　　<ROW>
　　　　　　<SEQNO>15</SEQNO>
　　　　　　<LEVEL>2</LEVEL>
　　　　　　<BOLD>0</BOLD>
　　　　　　<基金別>中央研究院科學研究基金</基金別>
　　　　　　<本年度預算數-基金來源>5263816</本年度預算數-基金來源>
　　　　　　<本年度預算數-基金用途>5309271</本年度預算數-基金用途>
　　　　　　<本年度預算數-賸餘短絀>-45455</本年度預算數-賸餘短絀>
　　　　　　<上年度預算數-基金來源>7465328</上年度預算數-基金來源>
　　　　　　<上年度預算數-基金用途>7774817</上年度預算數-基金用途>
　　　　　　<上年度預算數-賸餘短絀>-309489</上年度預算數-賸餘短絀>
　　　　　　<本年度與上年度比較-基金來源>-2201512</本年度與上年度比較-基金來源>
　　　　　　<本年度與上年度比較-基金用途>-2465546</本年度與上年度比較-基金用途>
　　　　　　<本年度與上年度比較-賸餘短絀>264034</本年度與上年度比較-賸餘短絀>
　　　　　　<期初基金餘額>5396966</期初基金餘額>
　　　　　　<解繳國庫>0</解繳國庫>
　　　　　　<期末基金餘額>5351511</期末基金餘額>
　　　　</ROW>
　　　　<ROW>
　　　　　　<SEQNO>16</SEQNO>
　　　　　　<LEVEL>2</LEVEL>
　　　　　　<BOLD>0</BOLD>
　　　　　　<基金別>行政院國家科學技術發展基金</基金別>
　　　　　　<本年度預算數-基金來源>43925745</本年度預算數-基金來源>
　　　　　　<本年度預算數-基金用途>45574745</本年度預算數-基金用途>
　　　　　　<本年度預算數-賸餘短絀>-1649000</本年度預算數-賸餘短絀>
　　　　　　<上年度預算數-基金來源>37470473</上年度預算數-基金來源>
　　　　　　<上年度預算數-基金用途>38726473</上年度預算數-基金用途>
　　　　　　<上年度預算數-賸餘短絀>-1256000</上年度預算數-賸餘短絀>
　　　　　　<本年度與上年度比較-基金來源>6455272</本年度與上年度比較-基金來源>
　　　　　　<本年度與上年度比較-基金用途>6848272</本年度與上年度比較-基金用途>
　　　　　　<本年度與上年度比較-賸餘短絀>-393000</本年度與上年度比較-賸餘短絀>
　　　　　　<期初基金餘額>8705426</期初基金餘額>
　　　　　　<解繳國庫>0</解繳國庫>
　　　　　　<期末基金餘額>7056426</期末基金餘額>
　　　　</ROW>
　　　　<ROW>
　　　　　　<SEQNO>17</SEQNO>
　　　　　　<LEVEL>2</LEVEL>
　　　　　　<BOLD>0</BOLD>
　　　　　　<基金別>離島建設基金</基金別>
　　　　　　<本年度預算數-基金來源>34953</本年度預算數-基金來源>
　　　　　　<本年度預算數-基金用途>800704</本年度預算數-基金用途>
　　　　　　<本年度預算數-賸餘短絀>-765751</本年度預算數-賸餘短絀>
　　　　　　<上年度預算數-基金來源>49736</上年度預算數-基金來源>
　　　　　　<上年度預算數-基金用途>800701</上年度預算數-基金用途>
　　　　　　<上年度預算數-賸餘短絀>-750965</上年度預算數-賸餘短絀>
　　　　　　<本年度與上年度比較-基金來源>-14783</本年度與上年度比較-基金來源>
　　　　　　<本年度與上年度比較-基金用途>3</本年度與上年度比較-基金用途>
　　　　　　<本年度與上年度比較-賸餘短絀>-14786</本年度與上年度比較-賸餘短絀>
　　　　　　<期初基金餘額>5738175</期初基金餘額>
　　　　　　<解繳國庫>0</解繳國庫>
　　　　　　<期末基金餘額>4972424</期末基金餘額>
　　　　</ROW>
　　　　<ROW>
　　　　　　<SEQNO>18</SEQNO>
　　　　　　<LEVEL>2</LEVEL>
　　　　　　<BOLD>0</BOLD>
　　　　　　<基金別>行政院公營事業民營化基金</基金別>
　　　　　　<本年度預算數-基金來源>8235962</本年度預算數-基金來源>
　　　　　　<本年度預算數-基金用途>8493789</本年度預算數-基金用途>
　　　　　　<本年度預算數-賸餘短絀>-257827</本年度預算數-賸餘短絀>
　　　　　　<上年度預算數-基金來源>7661314</上年度預算數-基金來源>
　　　　　　<上年度預算數-基金用途>8465263</上年度預算數-基金用途>
　　　　　　<上年度預算數-賸餘短絀>-803949</上年度預算數-賸餘短絀>
　　　　　　<本年度與上年度比較-基金來源>574648</本年度與上年度比較-基金來源>
　　　　　　<本年度與上年度比較-基金用途>28526</本年度與上年度比較-基金用途>
　　　　　　<本年度與上年度比較-賸餘短絀>546122</本年度與上年度比較-賸餘短絀>
　　　　　　<期初基金餘額>-62862639</期初基金餘額>
　　　　　　<解繳國庫>0</解繳國庫>
　　　　　　<期末基金餘額>-63120466</期末基金餘額>
　　　　</ROW>
　　　　<ROW>
　　　　　　<SEQNO>19</SEQNO>
　　　　　　<LEVEL>2</LEVEL>
　　　　　　<BOLD>0</BOLD>
　　　　　　<基金別>花東地區永續發展基金</基金別>
　　　　　　<本年度預算數-基金來源>1212200</本年度預算數-基金來源>
　　　　　　<本年度預算數-基金用途>1723148</本年度預算數-基金用途>
　　　　　　<本年度預算數-賸餘短絀>-510948</本年度預算數-賸餘短絀>
　　　　　　<上年度預算數-基金來源>1276000</上年度預算數-基金來源>
　　　　　　<上年度預算數-基金用途>2023148</上年度預算數-基金用途>
　　　　　　<上年度預算數-賸餘短絀>-747148</上年度預算數-賸餘短絀>
　　　　　　<本年度與上年度比較-基金來源>-63800</本年度與上年度比較-基金來源>
　　　　　　<本年度與上年度比較-基金用途>-300000</本年度與上年度比較-基金用途>
　　　　　　<本年度與上年度比較-賸餘短絀>236200</本年度與上年度比較-賸餘短絀>
　　　　　　<期初基金餘額>7732358</期初基金餘額>
　　　　　　<解繳國庫>0</解繳國庫>
　　　　　　<期末基金餘額>7221410</期末基金餘額>
　　　　</ROW>
　　　　<ROW>
　　　　　　<SEQNO>20</SEQNO>
　　　　　　<LEVEL>2</LEVEL>
　　　　　　<BOLD>0</BOLD>
　　　　　　<基金別>新住民發展基金</基金別>
　　　　　　<本年度預算數-基金來源>303200</本年度預算數-基金來源>
　　　　　　<本年度預算數-基金用途>315958</本年度預算數-基金用途>
　　　　　　<本年度預算數-賸餘短絀>-12758</本年度預算數-賸餘短絀>
　　　　　　<上年度預算數-基金來源>302400</上年度預算數-基金來源>
　　　　　　<上年度預算數-基金用途>300000</上年度預算數-基金用途>
　　　　　　<上年度預算數-賸餘短絀>2400</上年度預算數-賸餘短絀>
　　　　　　<本年度與上年度比較-基金來源>800</本年度與上年度比較-基金來源>
　　　　　　<本年度與上年度比較-基金用途>15958</本年度與上年度比較-基金用途>
　　　　　　<本年度與上年度比較-賸餘短絀>-15158</本年度與上年度比較-賸餘短絀>
　　　　　　<期初基金餘額>653114</期初基金餘額>
　　　　　　<解繳國庫>0</解繳國庫>
　　　　　　<期末基金餘額>640356</期末基金餘額>
　　　　</ROW>
　　　　<ROW>
　　　　　　<SEQNO>21</SEQNO>
　　　　　　<LEVEL>2</LEVEL>
　　　　　　<BOLD>0</BOLD>
　　　　　　<基金別>研發及產業訓儲替代役基金</基金別>
　　　　　　<本年度預算數-基金來源>1648863</本年度預算數-基金來源>
　　　　　　<本年度預算數-基金用途>1507155</本年度預算數-基金用途>
　　　　　　<本年度預算數-賸餘短絀>141708</本年度預算數-賸餘短絀>
　　　　　　<上年度預算數-基金來源>1815583</上年度預算數-基金來源>
　　　　　　<上年度預算數-基金用途>1661173</上年度預算數-基金用途>
　　　　　　<上年度預算數-賸餘短絀>154410</上年度預算數-賸餘短絀>
　　　　　　<本年度與上年度比較-基金來源>-166720</本年度與上年度比較-基金來源>
　　　　　　<本年度與上年度比較-基金用途>-154018</本年度與上年度比較-基金用途>
　　　　　　<本年度與上年度比較-賸餘短絀>-12702</本年度與上年度比較-賸餘短絀>
　　　　　　<期初基金餘額>1134943</期初基金餘額>
　　　　　　<解繳國庫>0</解繳國庫>
　　　　　　<期末基金餘額>1276651</期末基金餘額>
　　　　</ROW>
　　　　<ROW>
　　　　　　<SEQNO>22</SEQNO>
　　　　　　<LEVEL>2</LEVEL>
　　　　　　<BOLD>0</BOLD>
　　　　　　<基金別>警察消防海巡移民空勤人員及協勤民力安全基金</基金別>
　　　　　　<本年度預算數-基金來源>2384</本年度預算數-基金來源>
　　　　　　<本年度預算數-基金用途>19371</本年度預算數-基金用途>
　　　　　　<本年度預算數-賸餘短絀>-16987</本年度預算數-賸餘短絀>
　　　　　　<上年度預算數-基金來源>104085</上年度預算數-基金來源>
　　　　　　<上年度預算數-基金用途>18241</上年度預算數-基金用途>
　　　　　　<上年度預算數-賸餘短絀>85844</上年度預算數-賸餘短絀>
　　　　　　<本年度與上年度比較-基金來源>-101701</本年度與上年度比較-基金來源>
　　　　　　<本年度與上年度比較-基金用途>1130</本年度與上年度比較-基金用途>
　　　　　　<本年度與上年度比較-賸餘短絀>-102831</本年度與上年度比較-賸餘短絀>
　　　　　　<期初基金餘額>865154</期初基金餘額>
　　　　　　<解繳國庫>0</解繳國庫>
　　　　　　<期末基金餘額>848167</期末基金餘額>
　　　　</ROW>
　　　　<ROW>
　　　　　　<SEQNO>23</SEQNO>
　　　　　　<LEVEL>2</LEVEL>
　　　　　　<BOLD>0</BOLD>
　　　　　　<基金別>國土永續發展基金</基金別>
　　　　　　<本年度預算數-基金來源>134200</本年度預算數-基金來源>
　　　　　　<本年度預算數-基金用途>133612</本年度預算數-基金用途>
　　　　　　<本年度預算數-賸餘短絀>588</本年度預算數-賸餘短絀>
　　　　　　<上年度預算數-基金來源>0</上年度預算數-基金來源>
　　　　　　<上年度預算數-基金用途>0</上年度預算數-基金用途>
　　　　　　<上年度預算數-賸餘短絀>0</上年度預算數-賸餘短絀>
　　　　　　<本年度與上年度比較-基金來源>134200</本年度與上年度比較-基金來源>
　　　　　　<本年度與上年度比較-基金用途>133612</本年度與上年度比較-基金用途>
　　　　　　<本年度與上年度比較-賸餘短絀>588</本年度與上年度比較-賸餘短絀>
　　　　　　<期初基金餘額>0</期初基金餘額>
　　　　　　<解繳國庫>0</解繳國庫>
　　　　　　<期末基金餘額>588</期末基金餘額>
　　　　</ROW>
　　　　<ROW>
　　　　　　<SEQNO>24</SEQNO>
　　　　　　<LEVEL>2</LEVEL>
　　　　　　<BOLD>0</BOLD>
　　　　　　<基金別>學產基金</基金別>
　　　　　　<本年度預算數-基金來源>745283</本年度預算數-基金來源>
　　　　　　<本年度預算數-基金用途>1179972</本年度預算數-基金用途>
　　　　　　<本年度預算數-賸餘短絀>-434689</本年度預算數-賸餘短絀>
　　　　　　<上年度預算數-基金來源>800440</上年度預算數-基金來源>
　　　　　　<上年度預算數-基金用途>1427316</上年度預算數-基金用途>
　　　　　　<上年度預算數-賸餘短絀>-626876</上年度預算數-賸餘短絀>
　　　　　　<本年度與上年度比較-基金來源>-55157</本年度與上年度比較-基金來源>
　　　　　　<本年度與上年度比較-基金用途>-247344</本年度與上年度比較-基金用途>
　　　　　　<本年度與上年度比較-賸餘短絀>192187</本年度與上年度比較-賸餘短絀>
　　　　　　<期初基金餘額>5688369</期初基金餘額>
　　　　　　<解繳國庫>0</解繳國庫>
　　　　　　<期末基金餘額>5253680</期末基金餘額>
　　　　</ROW>
　　　　<ROW>
　　　　　　<SEQNO>25</SEQNO>
　　　　　　<LEVEL>2</LEVEL>
　　　　　　<BOLD>0</BOLD>
　　　　　　<基金別>運動發展基金</基金別>
　　　　　　<本年度預算數-基金來源>2580000</本年度預算數-基金來源>
　　　　　　<本年度預算數-基金用途>2677200</本年度預算數-基金用途>
　　　　　　<本年度預算數-賸餘短絀>-97200</本年度預算數-賸餘短絀>
　　　　　　<上年度預算數-基金來源>1808000</上年度預算數-基金來源>
　　　　　　<上年度預算數-基金用途>2394127</上年度預算數-基金用途>
　　　　　　<上年度預算數-賸餘短絀>-586127</上年度預算數-賸餘短絀>
　　　　　　<本年度與上年度比較-基金來源>772000</本年度與上年度比較-基金來源>
　　　　　　<本年度與上年度比較-基金用途>283073</本年度與上年度比較-基金用途>
　　　　　　<本年度與上年度比較-賸餘短絀>488927</本年度與上年度比較-賸餘短絀>
　　　　　　<期初基金餘額>11516685</期初基金餘額>
　　　　　　<解繳國庫>0</解繳國庫>
　　　　　　<期末基金餘額>11419485</期末基金餘額>
　　　　</ROW>
　　　　<ROW>
　　　　　　<SEQNO>26</SEQNO>
　　　　　　<LEVEL>2</LEVEL>
　　　　　　<BOLD>0</BOLD>
　　　　　　<基金別>大專校院轉型及退場基金</基金別>
　　　　　　<本年度預算數-基金來源>2500000</本年度預算數-基金來源>
　　　　　　<本年度預算數-基金用途>200000</本年度預算數-基金用途>
　　　　　　<本年度預算數-賸餘短絀>2300000</本年度預算數-賸餘短絀>
　　　　　　<上年度預算數-基金來源>0</上年度預算數-基金來源>
　　　　　　<上年度預算數-基金用途>0</上年度預算數-基金用途>
　　　　　　<上年度預算數-賸餘短絀>0</上年度預算數-賸餘短絀>
　　　　　　<本年度與上年度比較-基金來源>2500000</本年度與上年度比較-基金來源>
　　　　　　<本年度與上年度比較-基金用途>200000</本年度與上年度比較-基金用途>
　　　　　　<本年度與上年度比較-賸餘短絀>2300000</本年度與上年度比較-賸餘短絀>
　　　　　　<期初基金餘額>0</期初基金餘額>
　　　　　　<解繳國庫>0</解繳國庫>
　　　　　　<期末基金餘額>2300000</期末基金餘額>
　　　　</ROW>
　　　　<ROW>
　　　　　　<SEQNO>27</SEQNO>
　　　　　　<LEVEL>2</LEVEL>
　　　　　　<BOLD>0</BOLD>
　　　　　　<基金別>經濟特別收入基金</基金別>
　　　　　　<本年度預算數-基金來源>20982378</本年度預算數-基金來源>
　　　　　　<本年度預算數-基金用途>24821394</本年度預算數-基金用途>
　　　　　　<本年度預算數-賸餘短絀>-3839016</本年度預算數-賸餘短絀>
　　　　　　<上年度預算數-基金來源>19766290</上年度預算數-基金來源>
　　　　　　<上年度預算數-基金用途>23668308</上年度預算數-基金用途>
　　　　　　<上年度預算數-賸餘短絀>-3902018</上年度預算數-賸餘短絀>
　　　　　　<本年度與上年度比較-基金來源>1216088</本年度與上年度比較-基金來源>
　　　　　　<本年度與上年度比較-基金用途>1153086</本年度與上年度比較-基金用途>
　　　　　　<本年度與上年度比較-賸餘短絀>63002</本年度與上年度比較-賸餘短絀>
　　　　　　<期初基金餘額>19297455</期初基金餘額>
　　　　　　<解繳國庫>0</解繳國庫>
　　　　　　<期末基金餘額>15458439</期末基金餘額>
　　　　</ROW>
　　　　<ROW>
　　　　　　<SEQNO>28</SEQNO>
　　　　　　<LEVEL>2</LEVEL>
　　　　　　<BOLD>0</BOLD>
　　　　　　<基金別>核能發電後端營運基金</基金別>
　　　　　　<本年度預算數-基金來源>10127972</本年度預算數-基金來源>
　　　　　　<本年度預算數-基金用途>2298984</本年度預算數-基金用途>
　　　　　　<本年度預算數-賸餘短絀>7828988</本年度預算數-賸餘短絀>
　　　　　　<上年度預算數-基金來源>10849941</上年度預算數-基金來源>
　　　　　　<上年度預算數-基金用途>4476117</上年度預算數-基金用途>
　　　　　　<上年度預算數-賸餘短絀>6373824</上年度預算數-賸餘短絀>
　　　　　　<本年度與上年度比較-基金來源>-721969</本年度與上年度比較-基金來源>
　　　　　　<本年度與上年度比較-基金用途>-2177133</本年度與上年度比較-基金用途>
　　　　　　<本年度與上年度比較-賸餘短絀>1455164</本年度與上年度比較-賸餘短絀>
　　　　　　<期初基金餘額>281613566</期初基金餘額>
　　　　　　<解繳國庫>0</解繳國庫>
　　　　　　<期末基金餘額>289442554</期末基金餘額>
　　　　</ROW>
　　　　<ROW>
　　　　　　<SEQNO>29</SEQNO>
　　　　　　<LEVEL>2</LEVEL>
　　　　　　<BOLD>0</BOLD>
　　　　　　<基金別>地方產業發展基金</基金別>
　　　　　　<本年度預算數-基金來源>178369</本年度預算數-基金來源>
　　　　　　<本年度預算數-基金用途>292701</本年度預算數-基金用途>
　　　　　　<本年度預算數-賸餘短絀>-114332</本年度預算數-賸餘短絀>
　　　　　　<上年度預算數-基金來源>245534</上年度預算數-基金來源>
　　　　　　<上年度預算數-基金用途>395929</上年度預算數-基金用途>
　　　　　　<上年度預算數-賸餘短絀>-150395</上年度預算數-賸餘短絀>
　　　　　　<本年度與上年度比較-基金來源>-67165</本年度與上年度比較-基金來源>
　　　　　　<本年度與上年度比較-基金用途>-103228</本年度與上年度比較-基金用途>
　　　　　　<本年度與上年度比較-賸餘短絀>36063</本年度與上年度比較-賸餘短絀>
　　　　　　<期初基金餘額>288507</期初基金餘額>
　　　　　　<解繳國庫>0</解繳國庫>
　　　　　　<期末基金餘額>174175</期末基金餘額>
　　　　</ROW>
　　　　<ROW>
　　　　　　<SEQNO>30</SEQNO>
　　　　　　<LEVEL>2</LEVEL>
　　　　　　<BOLD>0</BOLD>
　　　　　　<基金別>航港建設基金</基金別>
　　　　　　<本年度預算數-基金來源>8667086</本年度預算數-基金來源>
　　　　　　<本年度預算數-基金用途>9750334</本年度預算數-基金用途>
　　　　　　<本年度預算數-賸餘短絀>-1083248</本年度預算數-賸餘短絀>
　　　　　　<上年度預算數-基金來源>8607692</上年度預算數-基金來源>
　　　　　　<上年度預算數-基金用途>11978358</上年度預算數-基金用途>
　　　　　　<上年度預算數-賸餘短絀>-3370666</上年度預算數-賸餘短絀>
　　　　　　<本年度與上年度比較-基金來源>59394</本年度與上年度比較-基金來源>
　　　　　　<本年度與上年度比較-基金用途>-2228024</本年度與上年度比較-基金用途>
　　　　　　<本年度與上年度比較-賸餘短絀>2287418</本年度與上年度比較-賸餘短絀>
　　　　　　<期初基金餘額>13559405</期初基金餘額>
　　　　　　<解繳國庫>1129824</解繳國庫>
　　　　　　<期末基金餘額>11346333</期末基金餘額>
　　　　</ROW>
　　　　<ROW>
　　　　　　<SEQNO>31</SEQNO>
　　　　　　<LEVEL>2</LEVEL>
　　　　　　<BOLD>0</BOLD>
　　　　　　<基金別>核子事故緊急應變基金</基金別>
　　　　　　<本年度預算數-基金來源>166716</本年度預算數-基金來源>
　　　　　　<本年度預算數-基金用途>123940</本年度預算數-基金用途>
　　　　　　<本年度預算數-賸餘短絀>42776</本年度預算數-賸餘短絀>
　　　　　　<上年度預算數-基金來源>164712</上年度預算數-基金來源>
　　　　　　<上年度預算數-基金用途>110463</上年度預算數-基金用途>
　　　　　　<上年度預算數-賸餘短絀>54249</上年度預算數-賸餘短絀>
　　　　　　<本年度與上年度比較-基金來源>2004</本年度與上年度比較-基金來源>
　　　　　　<本年度與上年度比較-基金用途>13477</本年度與上年度比較-基金用途>
　　　　　　<本年度與上年度比較-賸餘短絀>-11473</本年度與上年度比較-賸餘短絀>
　　　　　　<期初基金餘額>355143</期初基金餘額>
　　　　　　<解繳國庫>0</解繳國庫>
　　　　　　<期末基金餘額>397919</期末基金餘額>
　　　　</ROW>
　　　　<ROW>
　　　　　　<SEQNO>32</SEQNO>
　　　　　　<LEVEL>2</LEVEL>
　　　　　　<BOLD>0</BOLD>
　　　　　　<基金別>農業特別收入基金</基金別>
　　　　　　<本年度預算數-基金來源>45821801</本年度預算數-基金來源>
　　　　　　<本年度預算數-基金用途>40225698</本年度預算數-基金用途>
　　　　　　<本年度預算數-賸餘短絀>5596103</本年度預算數-賸餘短絀>
　　　　　　<上年度預算數-基金來源>45154290</上年度預算數-基金來源>
　　　　　　<上年度預算數-基金用途>39456817</上年度預算數-基金用途>
　　　　　　<上年度預算數-賸餘短絀>5697473</上年度預算數-賸餘短絀>
　　　　　　<本年度與上年度比較-基金來源>667511</本年度與上年度比較-基金來源>
　　　　　　<本年度與上年度比較-基金用途>768881</本年度與上年度比較-基金用途>
　　　　　　<本年度與上年度比較-賸餘短絀>-101370</本年度與上年度比較-賸餘短絀>
　　　　　　<期初基金餘額>53504493</期初基金餘額>
　　　　　　<解繳國庫>0</解繳國庫>
　　　　　　<期末基金餘額>59100596</期末基金餘額>
　　　　</ROW>
　　　　<ROW>
　　　　　　<SEQNO>33</SEQNO>
　　　　　　<LEVEL>2</LEVEL>
　　　　　　<BOLD>0</BOLD>
　　　　　　<基金別>就業安定基金</基金別>
　　　　　　<本年度預算數-基金來源>20026585</本年度預算數-基金來源>
　　　　　　<本年度預算數-基金用途>16757026</本年度預算數-基金用途>
　　　　　　<本年度預算數-賸餘短絀>3269559</本年度預算數-賸餘短絀>
　　　　　　<上年度預算數-基金來源>18757995</上年度預算數-基金來源>
　　　　　　<上年度預算數-基金用途>16513843</上年度預算數-基金用途>
　　　　　　<上年度預算數-賸餘短絀>2244152</上年度預算數-賸餘短絀>
　　　　　　<本年度與上年度比較-基金來源>1268590</本年度與上年度比較-基金來源>
　　　　　　<本年度與上年度比較-基金用途>243183</本年度與上年度比較-基金用途>
　　　　　　<本年度與上年度比較-賸餘短絀>1025407</本年度與上年度比較-賸餘短絀>
　　　　　　<期初基金餘額>24120056</期初基金餘額>
　　　　　　<解繳國庫>0</解繳國庫>
　　　　　　<期末基金餘額>27389615</期末基金餘額>
　　　　</ROW>
　　　　<ROW>
　　　　　　<SEQNO>34</SEQNO>
　　　　　　<LEVEL>2</LEVEL>
　　　　　　<BOLD>0</BOLD>
　　　　　　<基金別>衛生福利特別收入基金</基金別>
　　　　　　<本年度預算數-基金來源>24537482</本年度預算數-基金來源>
　　　　　　<本年度預算數-基金用途>25021543</本年度預算數-基金用途>
　　　　　　<本年度預算數-賸餘短絀>-484061</本年度預算數-賸餘短絀>
　　　　　　<上年度預算數-基金來源>12811123</上年度預算數-基金來源>
　　　　　　<上年度預算數-基金用途>17192420</上年度預算數-基金用途>
　　　　　　<上年度預算數-賸餘短絀>-4381297</上年度預算數-賸餘短絀>
　　　　　　<本年度與上年度比較-基金來源>11726359</本年度與上年度比較-基金來源>
　　　　　　<本年度與上年度比較-基金用途>7829123</本年度與上年度比較-基金用途>
　　　　　　<本年度與上年度比較-賸餘短絀>3897236</本年度與上年度比較-賸餘短絀>
　　　　　　<期初基金餘額>10920411</期初基金餘額>
　　　　　　<解繳國庫>0</解繳國庫>
　　　　　　<期末基金餘額>10436350</期末基金餘額>
　　　　</ROW>
　　　　<ROW>
　　　　　　<SEQNO>35</SEQNO>
　　　　　　<LEVEL>2</LEVEL>
　　　　　　<BOLD>0</BOLD>
　　　　　　<基金別>環境保護基金</基金別>
　　　　　　<本年度預算數-基金來源>7185347</本年度預算數-基金來源>
　　　　　　<本年度預算數-基金用途>10387110</本年度預算數-基金用途>
　　　　　　<本年度預算數-賸餘短絀>-3201763</本年度預算數-賸餘短絀>
　　　　　　<上年度預算數-基金來源>6846590</上年度預算數-基金來源>
　　　　　　<上年度預算數-基金用途>7870094</上年度預算數-基金用途>
　　　　　　<上年度預算數-賸餘短絀>-1023504</上年度預算數-賸餘短絀>
　　　　　　<本年度與上年度比較-基金來源>338757</本年度與上年度比較-基金來源>
　　　　　　<本年度與上年度比較-基金用途>2517016</本年度與上年度比較-基金用途>
　　　　　　<本年度與上年度比較-賸餘短絀>-2178259</本年度與上年度比較-賸餘短絀>
　　　　　　<期初基金餘額>13793690</期初基金餘額>
　　　　　　<解繳國庫>0</解繳國庫>
　　　　　　<期末基金餘額>10591927</期末基金餘額>
　　　　</ROW>
　　　　<ROW>
　　　　　　<SEQNO>36</SEQNO>
　　　　　　<LEVEL>2</LEVEL>
　　　　　　<BOLD>0</BOLD>
　　　　　　<基金別>金融監督管理基金</基金別>
　　　　　　<本年度預算數-基金來源>25811866</本年度預算數-基金來源>
　　　　　　<本年度預算數-基金用途>24996369</本年度預算數-基金用途>
　　　　　　<本年度預算數-賸餘短絀>815497</本年度預算數-賸餘短絀>
　　　　　　<上年度預算數-基金來源>26862031</上年度預算數-基金來源>
　　　　　　<上年度預算數-基金用途>26184557</上年度預算數-基金用途>
　　　　　　<上年度預算數-賸餘短絀>677474</上年度預算數-賸餘短絀>
　　　　　　<本年度與上年度比較-基金來源>-1050165</本年度與上年度比較-基金來源>
　　　　　　<本年度與上年度比較-基金用途>-1188188</本年度與上年度比較-基金用途>
　　　　　　<本年度與上年度比較-賸餘短絀>138023</本年度與上年度比較-賸餘短絀>
　　　　　　<期初基金餘額>1166889</期初基金餘額>
　　　　　　<解繳國庫>722482</解繳國庫>
　　　　　　<期末基金餘額>1259904</期末基金餘額>
　　　　</ROW>
　　　　<ROW>
　　　　　　<SEQNO>37</SEQNO>
　　　　　　<LEVEL>2</LEVEL>
　　　　　　<BOLD>0</BOLD>
　　　　　　<基金別>通訊傳播監督管理基金</基金別>
　　　　　　<本年度預算數-基金來源>397939</本年度預算數-基金來源>
　　　　　　<本年度預算數-基金用途>363469</本年度預算數-基金用途>
　　　　　　<本年度預算數-賸餘短絀>34470</本年度預算數-賸餘短絀>
　　　　　　<上年度預算數-基金來源>458186</上年度預算數-基金來源>
　　　　　　<上年度預算數-基金用途>398720</上年度預算數-基金用途>
　　　　　　<上年度預算數-賸餘短絀>59466</上年度預算數-賸餘短絀>
　　　　　　<本年度與上年度比較-基金來源>-60247</本年度與上年度比較-基金來源>
　　　　　　<本年度與上年度比較-基金用途>-35251</本年度與上年度比較-基金用途>
　　　　　　<本年度與上年度比較-賸餘短絀>-24996</本年度與上年度比較-賸餘短絀>
　　　　　　<期初基金餘額>1189805</期初基金餘額>
　　　　　　<解繳國庫>0</解繳國庫>
　　　　　　<期末基金餘額>1224275</期末基金餘額>
　　　　</ROW>
　　　　<ROW>
　　　　　　<SEQNO>38</SEQNO>
　　　　　　<LEVEL>2</LEVEL>
　　　　　　<BOLD>0</BOLD>
　　　　　　<基金別>有線廣播電視事業發展基金</基金別>
　　　　　　<本年度預算數-基金來源>368827</本年度預算數-基金來源>
　　　　　　<本年度預算數-基金用途>347737</本年度預算數-基金用途>
　　　　　　<本年度預算數-賸餘短絀>21090</本年度預算數-賸餘短絀>
　　　　　　<上年度預算數-基金來源>364976</上年度預算數-基金來源>
　　　　　　<上年度預算數-基金用途>423600</上年度預算數-基金用途>
　　　　　　<上年度預算數-賸餘短絀>-58624</上年度預算數-賸餘短絀>
　　　　　　<本年度與上年度比較-基金來源>3851</本年度與上年度比較-基金來源>
　　　　　　<本年度與上年度比較-基金用途>-75863</本年度與上年度比較-基金用途>
　　　　　　<本年度與上年度比較-賸餘短絀>79714</本年度與上年度比較-賸餘短絀>
　　　　　　<期初基金餘額>116966</期初基金餘額>
　　　　　　<解繳國庫>0</解繳國庫>
　　　　　　<期末基金餘額>138056</期末基金餘額>
　　　　</ROW>
　　　　<ROW>
　　　　　　<SEQNO>39</SEQNO>
　　　　　　<LEVEL>2</LEVEL>
　　　　　　<BOLD>0</BOLD>
　　　　　　<基金別>反托拉斯基金</基金別>
　　　　　　<本年度預算數-基金來源>46694</本年度預算數-基金來源>
　　　　　　<本年度預算數-基金用途>22510</本年度預算數-基金用途>
　　　　　　<本年度預算數-賸餘短絀>24184</本年度預算數-賸餘短絀>
　　　　　　<上年度預算數-基金來源>12000</上年度預算數-基金來源>
　　　　　　<上年度預算數-基金用途>10000</上年度預算數-基金用途>
　　　　　　<上年度預算數-賸餘短絀>2000</上年度預算數-賸餘短絀>
　　　　　　<本年度與上年度比較-基金來源>34694</本年度與上年度比較-基金來源>
　　　　　　<本年度與上年度比較-基金用途>12510</本年度與上年度比較-基金用途>
　　　　　　<本年度與上年度比較-賸餘短絀>22184</本年度與上年度比較-賸餘短絀>
　　　　　　<期初基金餘額>2000</期初基金餘額>
　　　　　　<解繳國庫>0</解繳國庫>
　　　　　　<期末基金餘額>26184</期末基金餘額>
　　　　</ROW>
　　　　<ROW>
　　　　　　<SEQNO>40</SEQNO>
　　　　　　<LEVEL>99</LEVEL>
　　　　　　<BOLD>0</BOLD>
　　　　　　<基金別>合計</基金別>
　　　　　　<本年度預算數-基金來源>230905668</本年度預算數-基金來源>
　　　　　　<本年度預算數-基金用途>223343740</本年度預算數-基金用途>
　　　　　　<本年度預算數-賸餘短絀>7561928</本年度預算數-賸餘短絀>
　　　　　　<上年度預算數-基金來源>209654719</上年度預算數-基金來源>
　　　　　　<上年度預算數-基金用途>212270485</上年度預算數-基金用途>
　　　　　　<上年度預算數-賸餘短絀>-2615766</上年度預算數-賸餘短絀>
　　　　　　<本年度與上年度比較-基金來源>21250949</本年度與上年度比較-基金來源>
　　　　　　<本年度與上年度比較-基金用途>11073255</本年度與上年度比較-基金用途>
　　　　　　<本年度與上年度比較-賸餘短絀>10177694</本年度與上年度比較-賸餘短絀>
　　　　　　<期初基金餘額>404496937</期初基金餘額>
　　　　　　<解繳國庫>1852306</解繳國庫>
　　　　　　<期末基金餘額>410206559</期末基金餘額>
　　　　</ROW>
　　　　<COMM />
　　</DataSet>
</GenericData>

