<?xml version="1.0" encoding="UTF-8"?>
<tables>
    <BCTDMANAMT>
        <BCTDMANAMT_row>
            <bn_fiscalyear>104</bn_fiscalyear>
            <bn_fundkind>1</bn_fundkind>
            <bn_budgetkind>1</bn_budgetkind>
            <bn_specialbudgetno/>
            <bn_agenno>23060</bn_agenno>
            <bn_agentype>C</bn_agentype>
            <bn_budgetstate>2</bn_budgetstate>
            <bn_budgetsource>1</bn_budgetsource>
            <bn_man1>70</bn_man1>
            <bn_man1_l>70</bn_man1_l>
            <bn_man2>0</bn_man2>
            <bn_man2_l>0</bn_man2_l>
            <bn_man3>1</bn_man3>
            <bn_man3_l>1</bn_man3_l>
            <bn_man4>4</bn_man4>
            <bn_man4_l>4</bn_man4_l>
            <bn_man5>0</bn_man5>
            <bn_man5_l>0</bn_man5_l>
            <bn_man6>0</bn_man6>
            <bn_man6_l>0</bn_man6_l>
            <bn_man7>16</bn_man7>
            <bn_man7_l>16</bn_man7_l>
            <bn_man8>0</bn_man8>
            <bn_man8_l>0</bn_man8_l>
            <bn_man9>8</bn_man9>
            <bn_man9_l>8</bn_man9_l>
            <bn_man10>0</bn_man10>
            <bn_man10_l>0</bn_man10_l>
            <bn_man11>0</bn_man11>
            <bn_man11_l>0</bn_man11_l>
            <bn_amt_man>100374000.00</bn_amt_man>
            <bn_amt_mngbsn>97464000.00</bn_amt_mngbsn>
            <bn_text>&amp;lt;#H1&amp;gt;本署102年度法定預算書表列預算員額為98人，配合業務需要，由臺灣花蓮地方法院檢察署移入職員1人，共計如表列上年度預算員額。&amp;lt;#H1&amp;gt;本年度預算員額99人，與上年度同。&amp;lt;#H1&amp;gt;「一般行政－基本行政工作維持」之業務費項下，預計勞務承攬3人，經費955千元。&amp;lt;#H1&amp;gt;「檢察業務－督導鄉鎮市調解及辦理觀護業務」之業務費項下，預計進用派遣人力2人，經費630千元。&amp;lt;#H1&amp;gt;以法務部「法務行政－辦理司法保護業務」之業務費項下，預計進用派遣人力(觀護佐理員)8人，經費3,560千元，辦理社會勞動業務。</bn_text>
            <display_name>35230600100 一般行政</display_name>
        </BCTDMANAMT_row>
    </BCTDMANAMT>
</tables>
