<?xml version="1.0" encoding="UTF-8"?>
<tables>
    <BCME3450>
        <BCME3450_row>
            <objectNo>合計</objectNo>
            <budgetno_3523600100>119105.00</budgetno_3523600100>
            <budgetno_3523601000>10173.00</budgetno_3523601000>
            <budgetno_3523609800>316.00</budgetno_3523609800>
            <total>129594.00</total>
        </BCME3450_row>
        <BCME3450_row>
            <objectNo>0100 人事費</objectNo>
            <budgetno_3523600100>108600.00</budgetno_3523600100>
            <budgetno_3523601000/>
            <budgetno_3523609800/>
            <total>108600.00</total>
        </BCME3450_row>
        <BCME3450_row>
            <objectNo>  0103 法定編制人員待遇</objectNo>
            <budgetno_3523600100>67000.00</budgetno_3523600100>
            <budgetno_3523601000/>
            <budgetno_3523609800/>
            <total>67000.00</total>
        </BCME3450_row>
        <BCME3450_row>
            <objectNo>  0105 技工及工友待遇</objectNo>
            <budgetno_3523600100>5300.00</budgetno_3523600100>
            <budgetno_3523601000/>
            <budgetno_3523609800/>
            <total>5300.00</total>
        </BCME3450_row>
        <BCME3450_row>
            <objectNo>  0111 獎金</objectNo>
            <budgetno_3523600100>15000.00</budgetno_3523600100>
            <budgetno_3523601000/>
            <budgetno_3523609800/>
            <total>15000.00</total>
        </BCME3450_row>
        <BCME3450_row>
            <objectNo>  0121 其他給與</objectNo>
            <budgetno_3523600100>1530.00</budgetno_3523600100>
            <budgetno_3523601000/>
            <budgetno_3523609800/>
            <total>1530.00</total>
        </BCME3450_row>
        <BCME3450_row>
            <objectNo>  0131 加班值班費</objectNo>
            <budgetno_3523600100>8226.00</budgetno_3523600100>
            <budgetno_3523601000/>
            <budgetno_3523609800/>
            <total>8226.00</total>
        </BCME3450_row>
        <BCME3450_row>
            <objectNo>  0143 退休離職儲金</objectNo>
            <budgetno_3523600100>4850.00</budgetno_3523600100>
            <budgetno_3523601000/>
            <budgetno_3523609800/>
            <total>4850.00</total>
        </BCME3450_row>
        <BCME3450_row>
            <objectNo>  0151 保險</objectNo>
            <budgetno_3523600100>6694.00</budgetno_3523600100>
            <budgetno_3523601000/>
            <budgetno_3523609800/>
            <total>6694.00</total>
        </BCME3450_row>
        <BCME3450_row>
            <objectNo>0200 業務費</objectNo>
            <budgetno_3523600100>10379.00</budgetno_3523600100>
            <budgetno_3523601000>5821.00</budgetno_3523601000>
            <budgetno_3523609800/>
            <total>16200.00</total>
        </BCME3450_row>
        <BCME3450_row>
            <objectNo>  0201 教育訓練費</objectNo>
            <budgetno_3523600100>622.00</budgetno_3523600100>
            <budgetno_3523601000/>
            <budgetno_3523609800/>
            <total>622.00</total>
        </BCME3450_row>
        <BCME3450_row>
            <objectNo>  0202 水電費</objectNo>
            <budgetno_3523600100>3338.00</budgetno_3523600100>
            <budgetno_3523601000/>
            <budgetno_3523609800/>
            <total>3338.00</total>
        </BCME3450_row>
        <BCME3450_row>
            <objectNo>  0203 通訊費</objectNo>
            <budgetno_3523600100>928.00</budgetno_3523600100>
            <budgetno_3523601000>866.00</budgetno_3523601000>
            <budgetno_3523609800/>
            <total>1794.00</total>
        </BCME3450_row>
        <BCME3450_row>
            <objectNo>  0215 資訊服務費</objectNo>
            <budgetno_3523600100>276.00</budgetno_3523600100>
            <budgetno_3523601000/>
            <budgetno_3523609800/>
            <total>276.00</total>
        </BCME3450_row>
        <BCME3450_row>
            <objectNo>  0221 稅捐及規費</objectNo>
            <budgetno_3523600100>23.00</budgetno_3523600100>
            <budgetno_3523601000/>
            <budgetno_3523609800/>
            <total>23.00</total>
        </BCME3450_row>
        <BCME3450_row>
            <objectNo>  0231 保險費</objectNo>
            <budgetno_3523600100>129.00</budgetno_3523600100>
            <budgetno_3523601000/>
            <budgetno_3523609800/>
            <total>129.00</total>
        </BCME3450_row>
        <BCME3450_row>
            <objectNo>  0241 兼職費</objectNo>
            <budgetno_3523600100/>
            <budgetno_3523601000>22.00</budgetno_3523601000>
            <budgetno_3523609800/>
            <total>22.00</total>
        </BCME3450_row>
        <BCME3450_row>
            <objectNo>  0250 按日按件計資酬金</objectNo>
            <budgetno_3523600100/>
            <budgetno_3523601000>1136.00</budgetno_3523601000>
            <budgetno_3523609800/>
            <total>1136.00</total>
        </BCME3450_row>
        <BCME3450_row>
            <objectNo>  0271 物品</objectNo>
            <budgetno_3523600100>1120.00</budgetno_3523600100>
            <budgetno_3523601000>850.00</budgetno_3523601000>
            <budgetno_3523609800/>
            <total>1970.00</total>
        </BCME3450_row>
        <BCME3450_row>
            <objectNo>  0279 一般事務費</objectNo>
            <budgetno_3523600100>2085.00</budgetno_3523600100>
            <budgetno_3523601000>1563.00</budgetno_3523601000>
            <budgetno_3523609800/>
            <total>3648.00</total>
        </BCME3450_row>
        <BCME3450_row>
            <objectNo>  0282 房屋建築養護費</objectNo>
            <budgetno_3523600100>508.00</budgetno_3523600100>
            <budgetno_3523601000/>
            <budgetno_3523609800/>
            <total>508.00</total>
        </BCME3450_row>
        <BCME3450_row>
            <objectNo>  0283 車輛及辦公器具養護費</objectNo>
            <budgetno_3523600100>507.00</budgetno_3523600100>
            <budgetno_3523601000/>
            <budgetno_3523609800/>
            <total>507.00</total>
        </BCME3450_row>
        <BCME3450_row>
            <objectNo>  0284 設施及機械設備養護費</objectNo>
            <budgetno_3523600100>684.00</budgetno_3523600100>
            <budgetno_3523601000/>
            <budgetno_3523609800/>
            <total>684.00</total>
        </BCME3450_row>
        <BCME3450_row>
            <objectNo>  0291 國內旅費</objectNo>
            <budgetno_3523600100>65.00</budgetno_3523600100>
            <budgetno_3523601000>1384.00</budgetno_3523601000>
            <budgetno_3523609800/>
            <total>1449.00</total>
        </BCME3450_row>
        <BCME3450_row>
            <objectNo>  0299 特別費</objectNo>
            <budgetno_3523600100>94.00</budgetno_3523600100>
            <budgetno_3523601000/>
            <budgetno_3523609800/>
            <total>94.00</total>
        </BCME3450_row>
        <BCME3450_row>
            <objectNo>0300 設備及投資</objectNo>
            <budgetno_3523600100/>
            <budgetno_3523601000>515.00</budgetno_3523601000>
            <budgetno_3523609800/>
            <total>515.00</total>
        </BCME3450_row>
        <BCME3450_row>
            <objectNo>  0319 雜項設備費</objectNo>
            <budgetno_3523600100/>
            <budgetno_3523601000>515.00</budgetno_3523601000>
            <budgetno_3523609800/>
            <total>515.00</total>
        </BCME3450_row>
        <BCME3450_row>
            <objectNo>0400 獎補助費</objectNo>
            <budgetno_3523600100>126.00</budgetno_3523600100>
            <budgetno_3523601000>3837.00</budgetno_3523601000>
            <budgetno_3523609800/>
            <total>3963.00</total>
        </BCME3450_row>
        <BCME3450_row>
            <objectNo>  0437 對國內團體之捐助</objectNo>
            <budgetno_3523600100/>
            <budgetno_3523601000>3837.00</budgetno_3523601000>
            <budgetno_3523609800/>
            <total>3837.00</total>
        </BCME3450_row>
        <BCME3450_row>
            <objectNo>  0475 獎勵及慰問</objectNo>
            <budgetno_3523600100>126.00</budgetno_3523600100>
            <budgetno_3523601000/>
            <budgetno_3523609800/>
            <total>126.00</total>
        </BCME3450_row>
        <BCME3450_row>
            <objectNo>0900 預備金</objectNo>
            <budgetno_3523600100/>
            <budgetno_3523601000/>
            <budgetno_3523609800>316.00</budgetno_3523609800>
            <total>316.00</total>
        </BCME3450_row>
        <BCME3450_row>
            <objectNo>  0901 第一預備金</objectNo>
            <budgetno_3523600100/>
            <budgetno_3523601000/>
            <budgetno_3523609800>316.00</budgetno_3523609800>
            <total>316.00</total>
        </BCME3450_row>
    </BCME3450>
</tables>
