<?xml version="1.0" encoding="UTF-8"?>
<tables>
    <BCME3410>
        <BCME3410_row>
            <budgetno/>
            <agenno/>
            <agentype/>
            <mh_budgetname>合         計</mh_budgetname>
            <budgetno_conver/>
            <tyear_amt>99100.000000</tyear_amt>
            <lyear_amt>96597.000000</lyear_amt>
            <byear_amt>94840.000000</byear_amt>
            <b_amt>2503.000000</b_amt>
            <bc_content/>
        </BCME3410_row>
        <BCME3410_row>
            <budgetno>04000000000</budgetno>
            <agenno>23060</agenno>
            <agentype>C</agentype>
            <mh_budgetname>罰款及賠償收入</mh_budgetname>
            <budgetno_conver>0400000000</budgetno_conver>
            <tyear_amt>98433.000000</tyear_amt>
            <lyear_amt>95723.000000</lyear_amt>
            <byear_amt>94229.000000</byear_amt>
            <b_amt>2710.000000</b_amt>
            <bc_content/>
        </BCME3410_row>
        <BCME3410_row>
            <budgetno>04230600000</budgetno>
            <agenno>23060</agenno>
            <agentype>C</agentype>
            <mh_budgetname>臺灣臺東地方法院檢察署</mh_budgetname>
            <budgetno_conver>0423600000</budgetno_conver>
            <tyear_amt>98433.000000</tyear_amt>
            <lyear_amt>95723.000000</lyear_amt>
            <byear_amt>94229.000000</byear_amt>
            <b_amt>2710.000000</b_amt>
            <bc_content/>
        </BCME3410_row>
        <BCME3410_row>
            <budgetno>04230600100</budgetno>
            <agenno>23060</agenno>
            <agentype>C</agentype>
            <mh_budgetname>罰金罰鍰及怠金</mh_budgetname>
            <budgetno_conver>0423600100</budgetno_conver>
            <tyear_amt>83050.000000</tyear_amt>
            <lyear_amt>84914.000000</lyear_amt>
            <byear_amt>82306.000000</byear_amt>
            <b_amt>-1864.000000</b_amt>
            <bc_content/>
        </BCME3410_row>
        <BCME3410_row>
            <budgetno>04230600101</budgetno>
            <agenno>23060</agenno>
            <agentype>C</agentype>
            <mh_budgetname>罰金罰鍰</mh_budgetname>
            <budgetno_conver>0423600101</budgetno_conver>
            <tyear_amt>83050.000000</tyear_amt>
            <lyear_amt>84914.000000</lyear_amt>
            <byear_amt>82306.000000</byear_amt>
            <b_amt>-1864.000000</b_amt>
            <bc_content>本年度預算數係法院判決罰金或得易科罰金等收入。</bc_content>
        </BCME3410_row>
        <BCME3410_row>
            <budgetno>04230600200</budgetno>
            <agenno>23060</agenno>
            <agentype>C</agentype>
            <mh_budgetname>沒入及沒收財物</mh_budgetname>
            <budgetno_conver>0423600200</budgetno_conver>
            <tyear_amt>15355.000000</tyear_amt>
            <lyear_amt>10787.000000</lyear_amt>
            <byear_amt>11889.000000</byear_amt>
            <b_amt>4568.000000</b_amt>
            <bc_content/>
        </BCME3410_row>
        <BCME3410_row>
            <budgetno>04230600201</budgetno>
            <agenno>23060</agenno>
            <agentype>C</agentype>
            <mh_budgetname>沒入金</mh_budgetname>
            <budgetno_conver>0423600201</budgetno_conver>
            <tyear_amt>14942.000000</tyear_amt>
            <lyear_amt>9957.000000</lyear_amt>
            <byear_amt>11789.000000</byear_amt>
            <b_amt>4985.000000</b_amt>
            <bc_content>本年度預算數係沒入刑事保證金、贓證物款及緩起訴處分金等收入。</bc_content>
        </BCME3410_row>
        <BCME3410_row>
            <budgetno>04230600202</budgetno>
            <agenno>23060</agenno>
            <agentype>C</agentype>
            <mh_budgetname>沒收物變價</mh_budgetname>
            <budgetno_conver>0423600202</budgetno_conver>
            <tyear_amt>413.000000</tyear_amt>
            <lyear_amt>830.000000</lyear_amt>
            <byear_amt>100.000000</byear_amt>
            <b_amt>-417.000000</b_amt>
            <bc_content>本年度預算數係沒入贓證物及違禁品之變價收入。</bc_content>
        </BCME3410_row>
        <BCME3410_row>
            <budgetno>04230600300</budgetno>
            <agenno>23060</agenno>
            <agentype>C</agentype>
            <mh_budgetname>賠償收入</mh_budgetname>
            <budgetno_conver>0423600300</budgetno_conver>
            <tyear_amt>28.000000</tyear_amt>
            <lyear_amt>22.000000</lyear_amt>
            <byear_amt>34.000000</byear_amt>
            <b_amt>6.000000</b_amt>
            <bc_content/>
        </BCME3410_row>
        <BCME3410_row>
            <budgetno>04230600301</budgetno>
            <agenno>23060</agenno>
            <agentype>C</agentype>
            <mh_budgetname>一般賠償收入</mh_budgetname>
            <budgetno_conver>0423600301</budgetno_conver>
            <tyear_amt>28.000000</tyear_amt>
            <lyear_amt>22.000000</lyear_amt>
            <byear_amt>34.000000</byear_amt>
            <b_amt>6.000000</b_amt>
            <bc_content>本年度預算數係廠商違約逾期交貨之賠償收入。</bc_content>
        </BCME3410_row>
        <BCME3410_row>
            <budgetno>05000000000</budgetno>
            <agenno>23060</agenno>
            <agentype>C</agentype>
            <mh_budgetname>規費收入</mh_budgetname>
            <budgetno_conver>0500000000</budgetno_conver>
            <tyear_amt>0.000000</tyear_amt>
            <lyear_amt>0.000000</lyear_amt>
            <byear_amt>584.000000</byear_amt>
            <b_amt>0.000000</b_amt>
            <bc_content/>
        </BCME3410_row>
        <BCME3410_row>
            <budgetno>05230600000</budgetno>
            <agenno>23060</agenno>
            <agentype>C</agentype>
            <mh_budgetname>臺灣臺東地方法院檢察署</mh_budgetname>
            <budgetno_conver>0523600000</budgetno_conver>
            <tyear_amt>0.000000</tyear_amt>
            <lyear_amt>0.000000</lyear_amt>
            <byear_amt>584.000000</byear_amt>
            <b_amt>0.000000</b_amt>
            <bc_content/>
        </BCME3410_row>
        <BCME3410_row>
            <budgetno>05230600300</budgetno>
            <agenno>23060</agenno>
            <agentype>C</agentype>
            <mh_budgetname>使用規費收入</mh_budgetname>
            <budgetno_conver>0523600300</budgetno_conver>
            <tyear_amt>0.000000</tyear_amt>
            <lyear_amt>0.000000</lyear_amt>
            <byear_amt>584.000000</byear_amt>
            <b_amt>0.000000</b_amt>
            <bc_content/>
        </BCME3410_row>
        <BCME3410_row>
            <budgetno>05230600312</budgetno>
            <agenno>23060</agenno>
            <agentype>C</agentype>
            <mh_budgetname>場地設施使用費</mh_budgetname>
            <budgetno_conver>0523600312</budgetno_conver>
            <tyear_amt>0.000000</tyear_amt>
            <lyear_amt>0.000000</lyear_amt>
            <byear_amt>584.000000</byear_amt>
            <b_amt>0.000000</b_amt>
            <bc_content>前年度決算數係借用宿舍員工自薪資扣回繳庫數及宿舍管理費等收入。</bc_content>
        </BCME3410_row>
        <BCME3410_row>
            <budgetno>07000000000</budgetno>
            <agenno>23060</agenno>
            <agentype>C</agentype>
            <mh_budgetname>財產收入</mh_budgetname>
            <budgetno_conver>0700000000</budgetno_conver>
            <tyear_amt>20.000000</tyear_amt>
            <lyear_amt>20.000000</lyear_amt>
            <byear_amt>8.000000</byear_amt>
            <b_amt>0.000000</b_amt>
            <bc_content/>
        </BCME3410_row>
        <BCME3410_row>
            <budgetno>07230600000</budgetno>
            <agenno>23060</agenno>
            <agentype>C</agentype>
            <mh_budgetname>臺灣臺東地方法院檢察署</mh_budgetname>
            <budgetno_conver>0723600000</budgetno_conver>
            <tyear_amt>20.000000</tyear_amt>
            <lyear_amt>20.000000</lyear_amt>
            <byear_amt>8.000000</byear_amt>
            <b_amt>0.000000</b_amt>
            <bc_content/>
        </BCME3410_row>
        <BCME3410_row>
            <budgetno>07230600100</budgetno>
            <agenno>23060</agenno>
            <agentype>C</agentype>
            <mh_budgetname>財產孳息</mh_budgetname>
            <budgetno_conver>0723600100</budgetno_conver>
            <tyear_amt>5.000000</tyear_amt>
            <lyear_amt>5.000000</lyear_amt>
            <byear_amt>5.000000</byear_amt>
            <b_amt>0.000000</b_amt>
            <bc_content/>
        </BCME3410_row>
        <BCME3410_row>
            <budgetno>07230600106</budgetno>
            <agenno>23060</agenno>
            <agentype>C</agentype>
            <mh_budgetname>租金收入</mh_budgetname>
            <budgetno_conver>0723600106</budgetno_conver>
            <tyear_amt>5.000000</tyear_amt>
            <lyear_amt>5.000000</lyear_amt>
            <byear_amt>5.000000</byear_amt>
            <b_amt>0.000000</b_amt>
            <bc_content>本年度預算數係提款機場地租金收入。</bc_content>
        </BCME3410_row>
        <BCME3410_row>
            <budgetno>07230600600</budgetno>
            <agenno>23060</agenno>
            <agentype>C</agentype>
            <mh_budgetname>廢舊物資售價</mh_budgetname>
            <budgetno_conver>0723600600</budgetno_conver>
            <tyear_amt>15.000000</tyear_amt>
            <lyear_amt>15.000000</lyear_amt>
            <byear_amt>3.000000</byear_amt>
            <b_amt>0.000000</b_amt>
            <bc_content>本年度預算數係出售廢舊物品等收入。</bc_content>
        </BCME3410_row>
        <BCME3410_row>
            <budgetno>11000000000</budgetno>
            <agenno>23060</agenno>
            <agentype>C</agentype>
            <mh_budgetname>其他收入</mh_budgetname>
            <budgetno_conver>1100000000</budgetno_conver>
            <tyear_amt>647.000000</tyear_amt>
            <lyear_amt>854.000000</lyear_amt>
            <byear_amt>18.000000</byear_amt>
            <b_amt>-207.000000</b_amt>
            <bc_content/>
        </BCME3410_row>
        <BCME3410_row>
            <budgetno>11230600000</budgetno>
            <agenno>23060</agenno>
            <agentype>C</agentype>
            <mh_budgetname>臺灣臺東地方法院檢察署</mh_budgetname>
            <budgetno_conver>1123600000</budgetno_conver>
            <tyear_amt>647.000000</tyear_amt>
            <lyear_amt>854.000000</lyear_amt>
            <byear_amt>18.000000</byear_amt>
            <b_amt>-207.000000</b_amt>
            <bc_content/>
        </BCME3410_row>
        <BCME3410_row>
            <budgetno>11230600900</budgetno>
            <agenno>23060</agenno>
            <agentype>C</agentype>
            <mh_budgetname>雜項收入</mh_budgetname>
            <budgetno_conver>1123600900</budgetno_conver>
            <tyear_amt>647.000000</tyear_amt>
            <lyear_amt>854.000000</lyear_amt>
            <byear_amt>18.000000</byear_amt>
            <b_amt>-207.000000</b_amt>
            <bc_content/>
        </BCME3410_row>
        <BCME3410_row>
            <budgetno>11230600901</budgetno>
            <agenno>23060</agenno>
            <agentype>C</agentype>
            <mh_budgetname>收回以前年度歲出</mh_budgetname>
            <budgetno_conver>1123600901</budgetno_conver>
            <tyear_amt>0.000000</tyear_amt>
            <lyear_amt>0.000000</lyear_amt>
            <byear_amt>2.000000</byear_amt>
            <b_amt>0.000000</b_amt>
            <bc_content>前年度決算數係收回員工加班費等繳庫數。</bc_content>
        </BCME3410_row>
        <BCME3410_row>
            <budgetno>11230600909</budgetno>
            <agenno>23060</agenno>
            <agentype>C</agentype>
            <mh_budgetname>其他雜項收入</mh_budgetname>
            <budgetno_conver>1123600909</budgetno_conver>
            <tyear_amt>647.000000</tyear_amt>
            <lyear_amt>854.000000</lyear_amt>
            <byear_amt>17.000000</byear_amt>
            <b_amt>-207.000000</b_amt>
            <bc_content>本年度預算數係逾10年未領取之刑事保證金、贓證物款、借用宿舍員工自薪資扣回繳庫數及宿舍管理費等收入。&#xd;
</bc_content>
        </BCME3410_row>
    </BCME3410>
</tables>
