<?xml version="1.0" encoding="UTF-8"?>
<tables>
    <BCME3470>
        <BCME3470_row>
            <budgetno>00390000000</budgetno>
            <budgetname>僑務委員會主管</budgetname>
            <damt1>0.000000</damt1>
            <damt2>7505.000000</damt2>
            <damt3>0.000000</damt3>
            <damt4>71.000000</damt4>
            <damt5>690.000000</damt5>
            <damt6>11992.000000</damt6>
            <damt7>9727.000000</damt7>
            <damt8>0.000000</damt8>
            <damt9>33134.000000</damt9>
            <damt10>63119.000000</damt10>
            <no1>17</no1>
            <no2>00</no2>
            <no3>00</no3>
            <no4>00</no4>
            <budgetno_conver>0039000000</budgetno_conver>
            <b_level>1</b_level>
        </BCME3470_row>
        <BCME3470_row>
            <budgetno>00390010000</budgetno>
            <budgetname>僑務委員會</budgetname>
            <damt1>0.000000</damt1>
            <damt2>7505.000000</damt2>
            <damt3>0.000000</damt3>
            <damt4>71.000000</damt4>
            <damt5>690.000000</damt5>
            <damt6>11992.000000</damt6>
            <damt7>9727.000000</damt7>
            <damt8>0.000000</damt8>
            <damt9>33134.000000</damt9>
            <damt10>63119.000000</damt10>
            <no1>17</no1>
            <no2>01</no2>
            <no3>00</no3>
            <no4>00</no4>
            <budgetno_conver>0039010000</budgetno_conver>
            <b_level>2</b_level>
        </BCME3470_row>
        <BCME3470_row>
            <budgetno>42390010000</budgetno>
            <budgetname>僑務支出</budgetname>
            <damt1>0.000000</damt1>
            <damt2>7505.000000</damt2>
            <damt3>0.000000</damt3>
            <damt4>71.000000</damt4>
            <damt5>690.000000</damt5>
            <damt6>9255.000000</damt6>
            <damt7>9627.000000</damt7>
            <damt8>0.000000</damt8>
            <damt9>33134.000000</damt9>
            <damt10>60282.000000</damt10>
            <no1>17</no1>
            <no2/>
            <no3>00</no3>
            <no4>999</no4>
            <budgetno_conver>4239010000</budgetno_conver>
            <b_level>2</b_level>
        </BCME3470_row>
        <BCME3470_row>
            <budgetno>42390010100</budgetno>
            <budgetname>一般行政</budgetname>
            <damt1>0.000000</damt1>
            <damt2>0.000000</damt2>
            <damt3>0.000000</damt3>
            <damt4>0.000000</damt4>
            <damt5>690.000000</damt5>
            <damt6>7218.000000</damt6>
            <damt7>738.000000</damt7>
            <damt8>0.000000</damt8>
            <damt9>0.000000</damt9>
            <damt10>8646.000000</damt10>
            <no1>17</no1>
            <no2>01</no2>
            <no3>01</no3>
            <no4>00</no4>
            <budgetno_conver>4239010100</budgetno_conver>
            <b_level>3</b_level>
        </BCME3470_row>
        <BCME3470_row>
            <budgetno>42390010900</budgetno>
            <budgetname>綜合規劃業務</budgetname>
            <damt1>0.000000</damt1>
            <damt2>0.000000</damt2>
            <damt3>0.000000</damt3>
            <damt4>0.000000</damt4>
            <damt5>0.000000</damt5>
            <damt6>1091.000000</damt6>
            <damt7>0.000000</damt7>
            <damt8>0.000000</damt8>
            <damt9>0.000000</damt9>
            <damt10>1091.000000</damt10>
            <no1>17</no1>
            <no2>01</no2>
            <no3>02</no3>
            <no4>00</no4>
            <budgetno_conver>4239010900</budgetno_conver>
            <b_level>3</b_level>
        </BCME3470_row>
        <BCME3470_row>
            <budgetno>42390011000</budgetno>
            <budgetname>僑民及僑團聯繫服務與接待</budgetname>
            <damt1>0.000000</damt1>
            <damt2>0.000000</damt2>
            <damt3>0.000000</damt3>
            <damt4>0.000000</damt4>
            <damt5>0.000000</damt5>
            <damt6>0.000000</damt6>
            <damt7>71.000000</damt7>
            <damt8>0.000000</damt8>
            <damt9>0.000000</damt9>
            <damt10>71.000000</damt10>
            <no1>17</no1>
            <no2>01</no2>
            <no3>03</no3>
            <no4>00</no4>
            <budgetno_conver>4239011000</budgetno_conver>
            <b_level>3</b_level>
        </BCME3470_row>
        <BCME3470_row>
            <budgetno>42390012400</budgetno>
            <budgetname>僑民社教業務</budgetname>
            <damt1>0.000000</damt1>
            <damt2>7505.000000</damt2>
            <damt3>0.000000</damt3>
            <damt4>0.000000</damt4>
            <damt5>0.000000</damt5>
            <damt6>320.000000</damt6>
            <damt7>8710.000000</damt7>
            <damt8>0.000000</damt8>
            <damt9>0.000000</damt9>
            <damt10>16535.000000</damt10>
            <no1>17</no1>
            <no2>01</no2>
            <no3>04</no3>
            <no4>00</no4>
            <budgetno_conver>4239012400</budgetno_conver>
            <b_level>3</b_level>
        </BCME3470_row>
        <BCME3470_row>
            <budgetno>42390012420</budgetno>
            <budgetname>華僑文化社教活動</budgetname>
            <damt1>0.000000</damt1>
            <damt2>0.000000</damt2>
            <damt3>0.000000</damt3>
            <damt4>0.000000</damt4>
            <damt5>0.000000</damt5>
            <damt6>0.000000</damt6>
            <damt7>424.000000</damt7>
            <damt8>0.000000</damt8>
            <damt9>0.000000</damt9>
            <damt10>424.000000</damt10>
            <no1>17</no1>
            <no2>01</no2>
            <no3>04</no3>
            <no4>01</no4>
            <budgetno_conver>4239012420</budgetno_conver>
            <b_level>4</b_level>
        </BCME3470_row>
        <BCME3470_row>
            <budgetno>42390012421</budgetno>
            <budgetname>華僑文教中心服務工作</budgetname>
            <damt1>0.000000</damt1>
            <damt2>7505.000000</damt2>
            <damt3>0.000000</damt3>
            <damt4>0.000000</damt4>
            <damt5>0.000000</damt5>
            <damt6>320.000000</damt6>
            <damt7>8286.000000</damt7>
            <damt8>0.000000</damt8>
            <damt9>0.000000</damt9>
            <damt10>16111.000000</damt10>
            <no1>17</no1>
            <no2>01</no2>
            <no3>04</no3>
            <no4>02</no4>
            <budgetno_conver>4239012421</budgetno_conver>
            <b_level>4</b_level>
        </BCME3470_row>
        <BCME3470_row>
            <budgetno>42390012600</budgetno>
            <budgetname>華僑新聞資訊及傳媒服務</budgetname>
            <damt1>0.000000</damt1>
            <damt2>0.000000</damt2>
            <damt3>0.000000</damt3>
            <damt4>71.000000</damt4>
            <damt5>0.000000</damt5>
            <damt6>0.000000</damt6>
            <damt7>108.000000</damt7>
            <damt8>0.000000</damt8>
            <damt9>0.000000</damt9>
            <damt10>179.000000</damt10>
            <no1>17</no1>
            <no2>01</no2>
            <no3>06</no3>
            <no4>00</no4>
            <budgetno_conver>4239012600</budgetno_conver>
            <b_level>3</b_level>
        </BCME3470_row>
        <BCME3470_row>
            <budgetno>42390012700</budgetno>
            <budgetname>僑民經濟業務</budgetname>
            <damt1>0.000000</damt1>
            <damt2>0.000000</damt2>
            <damt3>0.000000</damt3>
            <damt4>0.000000</damt4>
            <damt5>0.000000</damt5>
            <damt6>626.000000</damt6>
            <damt7>0.000000</damt7>
            <damt8>0.000000</damt8>
            <damt9>33134.000000</damt9>
            <damt10>33760.000000</damt10>
            <no1>17</no1>
            <no2>01</no2>
            <no3>07</no3>
            <no4>00</no4>
            <budgetno_conver>4239012700</budgetno_conver>
            <b_level>3</b_level>
        </BCME3470_row>
        <BCME3470_row>
            <budgetno>51390010000</budgetno>
            <budgetname>教育支出</budgetname>
            <damt1>0.000000</damt1>
            <damt2>0.000000</damt2>
            <damt3>0.000000</damt3>
            <damt4>0.000000</damt4>
            <damt5>0.000000</damt5>
            <damt6>2737.000000</damt6>
            <damt7>100.000000</damt7>
            <damt8>0.000000</damt8>
            <damt9>0.000000</damt9>
            <damt10>2837.000000</damt10>
            <no1>17</no1>
            <no2/>
            <no3>00</no3>
            <no4>999</no4>
            <budgetno_conver>5139010000</budgetno_conver>
            <b_level>2</b_level>
        </BCME3470_row>
        <BCME3470_row>
            <budgetno>51390012300</budgetno>
            <budgetname>僑民文教業務</budgetname>
            <damt1>0.000000</damt1>
            <damt2>0.000000</damt2>
            <damt3>0.000000</damt3>
            <damt4>0.000000</damt4>
            <damt5>0.000000</damt5>
            <damt6>2737.000000</damt6>
            <damt7>100.000000</damt7>
            <damt8>0.000000</damt8>
            <damt9>0.000000</damt9>
            <damt10>2837.000000</damt10>
            <no1>17</no1>
            <no2>01</no2>
            <no3>09</no3>
            <no4>00</no4>
            <budgetno_conver>5139012300</budgetno_conver>
            <b_level>3</b_level>
        </BCME3470_row>
        <BCME3470_row>
            <budgetno>51390012320</budgetno>
            <budgetname>僑校發展與輔助</budgetname>
            <damt1>0.000000</damt1>
            <damt2>0.000000</damt2>
            <damt3>0.000000</damt3>
            <damt4>0.000000</damt4>
            <damt5>0.000000</damt5>
            <damt6>2737.000000</damt6>
            <damt7>100.000000</damt7>
            <damt8>0.000000</damt8>
            <damt9>0.000000</damt9>
            <damt10>2837.000000</damt10>
            <no1>17</no1>
            <no2>01</no2>
            <no3>09</no3>
            <no4>01</no4>
            <budgetno_conver>5139012320</budgetno_conver>
            <b_level>4</b_level>
        </BCME3470_row>
    </BCME3470>
</tables>
