<?xml version="1.0" encoding="UTF-8"?>
<Root>
    <Row>
        <款>17</款>
        <項/>
        <目/>
        <節/>
        <科目名稱>僑務委員會主管</科目名稱>
        <人事費>306609</人事費>
        <業務費_經>652813</業務費_經>
        <奬補助費_經>358113</奬補助費_經>
        <債務費>0</債務費>
        <預備金_經>7650</預備金_經>
        <經常支出小計>1325185</經常支出小計>
        <業務費_資>0</業務費_資>
        <設備及投資>29985</設備及投資>
        <奬補助費_資>33134</奬補助費_資>
        <預備金_資>0</預備金_資>
        <資本支出小計>63119</資本支出小計>
        <合計>1388304</合計>
    </Row>
    <Row>
        <款/>
        <項>1</項>
        <目/>
        <節/>
        <科目名稱>僑務委員會</科目名稱>
        <人事費>306609</人事費>
        <業務費_經>652813</業務費_經>
        <奬補助費_經>358113</奬補助費_經>
        <債務費>0</債務費>
        <預備金_經>7650</預備金_經>
        <經常支出小計>1325185</經常支出小計>
        <業務費_資>0</業務費_資>
        <設備及投資>29985</設備及投資>
        <奬補助費_資>33134</奬補助費_資>
        <預備金_資>0</預備金_資>
        <資本支出小計>63119</資本支出小計>
        <合計>1388304</合計>
    </Row>
    <Row>
        <款/>
        <項/>
        <目/>
        <節/>
        <科目名稱>僑務支出</科目名稱>
        <人事費>306609</人事費>
        <業務費_經>485629</業務費_經>
        <奬補助費_經>239221</奬補助費_經>
        <債務費>0</債務費>
        <預備金_經>7650</預備金_經>
        <經常支出小計>1039109</經常支出小計>
        <業務費_資>0</業務費_資>
        <設備及投資>27148</設備及投資>
        <奬補助費_資>33134</奬補助費_資>
        <預備金_資>0</預備金_資>
        <資本支出小計>60282</資本支出小計>
        <合計>1099391</合計>
    </Row>
    <Row>
        <款/>
        <項/>
        <目>1</目>
        <節/>
        <科目名稱>一般行政</科目名稱>
        <人事費>306609</人事費>
        <業務費_經>25186</業務費_經>
        <奬補助費_經>1134</奬補助費_經>
        <債務費>0</債務費>
        <預備金_經>0</預備金_經>
        <經常支出小計>332929</經常支出小計>
        <業務費_資>0</業務費_資>
        <設備及投資>8646</設備及投資>
        <奬補助費_資>0</奬補助費_資>
        <預備金_資>0</預備金_資>
        <資本支出小計>8646</資本支出小計>
        <合計>341575</合計>
    </Row>
    <Row>
        <款/>
        <項/>
        <目>2</目>
        <節/>
        <科目名稱>綜合規劃業務</科目名稱>
        <人事費>0</人事費>
        <業務費_經>26909</業務費_經>
        <奬補助費_經>19874</奬補助費_經>
        <債務費>0</債務費>
        <預備金_經>0</預備金_經>
        <經常支出小計>46783</經常支出小計>
        <業務費_資>0</業務費_資>
        <設備及投資>1091</設備及投資>
        <奬補助費_資>0</奬補助費_資>
        <預備金_資>0</預備金_資>
        <資本支出小計>1091</資本支出小計>
        <合計>47874</合計>
    </Row>
    <Row>
        <款/>
        <項/>
        <目>3</目>
        <節/>
        <科目名稱>僑民及僑團聯繫服務與接待</科目名稱>
        <人事費>0</人事費>
        <業務費_經>41492</業務費_經>
        <奬補助費_經>58174</奬補助費_經>
        <債務費>0</債務費>
        <預備金_經>0</預備金_經>
        <經常支出小計>99666</經常支出小計>
        <業務費_資>0</業務費_資>
        <設備及投資>71</設備及投資>
        <奬補助費_資>0</奬補助費_資>
        <預備金_資>0</預備金_資>
        <資本支出小計>71</資本支出小計>
        <合計>99737</合計>
    </Row>
    <Row>
        <款/>
        <項/>
        <目>4</目>
        <節/>
        <科目名稱>僑民社教業務</科目名稱>
        <人事費>0</人事費>
        <業務費_經>163096</業務費_經>
        <奬補助費_經>16988</奬補助費_經>
        <債務費>0</債務費>
        <預備金_經>0</預備金_經>
        <經常支出小計>180084</經常支出小計>
        <業務費_資>0</業務費_資>
        <設備及投資>16535</設備及投資>
        <奬補助費_資>0</奬補助費_資>
        <預備金_資>0</預備金_資>
        <資本支出小計>16535</資本支出小計>
        <合計>196619</合計>
    </Row>
    <Row>
        <款/>
        <項/>
        <目/>
        <節>1</節>
        <科目名稱>華僑文化社教活動</科目名稱>
        <人事費>0</人事費>
        <業務費_經>42357</業務費_經>
        <奬補助費_經>16988</奬補助費_經>
        <債務費>0</債務費>
        <預備金_經>0</預備金_經>
        <經常支出小計>59345</經常支出小計>
        <業務費_資>0</業務費_資>
        <設備及投資>424</設備及投資>
        <奬補助費_資>0</奬補助費_資>
        <預備金_資>0</預備金_資>
        <資本支出小計>424</資本支出小計>
        <合計>59769</合計>
    </Row>
    <Row>
        <款/>
        <項/>
        <目/>
        <節>2</節>
        <科目名稱>華僑文教中心服務工作</科目名稱>
        <人事費>0</人事費>
        <業務費_經>120739</業務費_經>
        <奬補助費_經>0</奬補助費_經>
        <債務費>0</債務費>
        <預備金_經>0</預備金_經>
        <經常支出小計>120739</經常支出小計>
        <業務費_資>0</業務費_資>
        <設備及投資>16111</設備及投資>
        <奬補助費_資>0</奬補助費_資>
        <預備金_資>0</預備金_資>
        <資本支出小計>16111</資本支出小計>
        <合計>136850</合計>
    </Row>
    <Row>
        <款/>
        <項/>
        <目>5</目>
        <節/>
        <科目名稱>回國升學僑生服務</科目名稱>
        <人事費>0</人事費>
        <業務費_經>11692</業務費_經>
        <奬補助費_經>121870</奬補助費_經>
        <債務費>0</債務費>
        <預備金_經>0</預備金_經>
        <經常支出小計>133562</經常支出小計>
        <業務費_資>0</業務費_資>
        <設備及投資>0</設備及投資>
        <奬補助費_資>0</奬補助費_資>
        <預備金_資>0</預備金_資>
        <資本支出小計>0</資本支出小計>
        <合計>133562</合計>
    </Row>
    <Row>
        <款/>
        <項/>
        <目>6</目>
        <節/>
        <科目名稱>華僑新聞資訊及傳媒服務</科目名稱>
        <人事費>0</人事費>
        <業務費_經>169384</業務費_經>
        <奬補助費_經>1844</奬補助費_經>
        <債務費>0</債務費>
        <預備金_經>0</預備金_經>
        <經常支出小計>171228</經常支出小計>
        <業務費_資>0</業務費_資>
        <設備及投資>179</設備及投資>
        <奬補助費_資>0</奬補助費_資>
        <預備金_資>0</預備金_資>
        <資本支出小計>179</資本支出小計>
        <合計>171407</合計>
    </Row>
    <Row>
        <款/>
        <項/>
        <目>7</目>
        <節/>
        <科目名稱>僑民經濟業務</科目名稱>
        <人事費>0</人事費>
        <業務費_經>47870</業務費_經>
        <奬補助費_經>19337</奬補助費_經>
        <債務費>0</債務費>
        <預備金_經>0</預備金_經>
        <經常支出小計>67207</經常支出小計>
        <業務費_資>0</業務費_資>
        <設備及投資>626</設備及投資>
        <奬補助費_資>33134</奬補助費_資>
        <預備金_資>0</預備金_資>
        <資本支出小計>33760</資本支出小計>
        <合計>100967</合計>
    </Row>
    <Row>
        <款/>
        <項/>
        <目>8</目>
        <節/>
        <科目名稱>第一預備金</科目名稱>
        <人事費>0</人事費>
        <業務費_經>0</業務費_經>
        <奬補助費_經>0</奬補助費_經>
        <債務費>0</債務費>
        <預備金_經>7650</預備金_經>
        <經常支出小計>7650</經常支出小計>
        <業務費_資>0</業務費_資>
        <設備及投資>0</設備及投資>
        <奬補助費_資>0</奬補助費_資>
        <預備金_資>0</預備金_資>
        <資本支出小計>0</資本支出小計>
        <合計>7650</合計>
    </Row>
    <Row>
        <款/>
        <項/>
        <目/>
        <節/>
        <科目名稱>教育支出</科目名稱>
        <人事費>0</人事費>
        <業務費_經>167184</業務費_經>
        <奬補助費_經>118892</奬補助費_經>
        <債務費>0</債務費>
        <預備金_經>0</預備金_經>
        <經常支出小計>286076</經常支出小計>
        <業務費_資>0</業務費_資>
        <設備及投資>2837</設備及投資>
        <奬補助費_資>0</奬補助費_資>
        <預備金_資>0</預備金_資>
        <資本支出小計>2837</資本支出小計>
        <合計>288913</合計>
    </Row>
    <Row>
        <款/>
        <項/>
        <目>9</目>
        <節/>
        <科目名稱>僑民文教業務</科目名稱>
        <人事費>0</人事費>
        <業務費_經>167184</業務費_經>
        <奬補助費_經>118892</奬補助費_經>
        <債務費>0</債務費>
        <預備金_經>0</預備金_經>
        <經常支出小計>286076</經常支出小計>
        <業務費_資>0</業務費_資>
        <設備及投資>2837</設備及投資>
        <奬補助費_資>0</奬補助費_資>
        <預備金_資>0</預備金_資>
        <資本支出小計>2837</資本支出小計>
        <合計>288913</合計>
    </Row>
    <Row>
        <款/>
        <項/>
        <目/>
        <節>1</節>
        <科目名稱>僑校發展與輔助</科目名稱>
        <人事費>0</人事費>
        <業務費_經>107570</業務費_經>
        <奬補助費_經>67110</奬補助費_經>
        <債務費>0</債務費>
        <預備金_經>0</預備金_經>
        <經常支出小計>174680</經常支出小計>
        <業務費_資>0</業務費_資>
        <設備及投資>2837</設備及投資>
        <奬補助費_資>0</奬補助費_資>
        <預備金_資>0</預備金_資>
        <資本支出小計>2837</資本支出小計>
        <合計>177517</合計>
    </Row>
    <Row>
        <款/>
        <項/>
        <目/>
        <節>2</節>
        <科目名稱>海外青年技訓研習</科目名稱>
        <人事費>0</人事費>
        <業務費_經>59614</業務費_經>
        <奬補助費_經>51782</奬補助費_經>
        <債務費>0</債務費>
        <預備金_經>0</預備金_經>
        <經常支出小計>111396</經常支出小計>
        <業務費_資>0</業務費_資>
        <設備及投資>0</設備及投資>
        <奬補助費_資>0</奬補助費_資>
        <預備金_資>0</預備金_資>
        <資本支出小計>0</資本支出小計>
        <合計>111396</合計>
    </Row>
</Root>
