<?xml version="1.0" encoding="UTF-8"?>
<tables>
    <BCME3410_row>
        <mh_itemserialno1/>
        <mh_itemserialno2/>
        <mh_itemserialno3/>
        <mh_itemserialno4/>
        <budgetno/>
        <mh_budgetname>合         計</mh_budgetname>
        <budgetno_conver/>
        <tyear_amt>27630.000000</tyear_amt>
        <lyear_amt>60741.000000</lyear_amt>
        <byear_amt>25868.000000</byear_amt>
        <b_amt>-33111.000000</b_amt>
        <bc_content/>
        <blevel>9</blevel>
        <ordinaryid>1</ordinaryid>
    </BCME3410_row>
    <BCME3410_row>
        <mh_itemserialno1>2</mh_itemserialno1>
        <mh_itemserialno2/>
        <mh_itemserialno3/>
        <mh_itemserialno4/>
        <budgetno>04000000000</budgetno>
        <mh_budgetname>罰款及賠償收入</mh_budgetname>
        <budgetno_conver>0400000000</budgetno_conver>
        <tyear_amt>0.000000</tyear_amt>
        <lyear_amt>0.000000</lyear_amt>
        <byear_amt>84.000000</byear_amt>
        <b_amt>0.000000</b_amt>
        <bc_content/>
        <blevel>1</blevel>
        <ordinaryid/>
    </BCME3410_row>
    <BCME3410_row>
        <mh_itemserialno1/>
        <mh_itemserialno2>152</mh_itemserialno2>
        <mh_itemserialno3/>
        <mh_itemserialno4/>
        <budgetno>04390010000</budgetno>
        <mh_budgetname>僑務委員會</mh_budgetname>
        <budgetno_conver>0439010000</budgetno_conver>
        <tyear_amt>0.000000</tyear_amt>
        <lyear_amt>0.000000</lyear_amt>
        <byear_amt>84.000000</byear_amt>
        <b_amt>0.000000</b_amt>
        <bc_content/>
        <blevel>2</blevel>
        <ordinaryid/>
    </BCME3410_row>
    <BCME3410_row>
        <mh_itemserialno1/>
        <mh_itemserialno2/>
        <mh_itemserialno3>01</mh_itemserialno3>
        <mh_itemserialno4/>
        <budgetno>04390010300</budgetno>
        <mh_budgetname>賠償收入</mh_budgetname>
        <budgetno_conver>0439010300</budgetno_conver>
        <tyear_amt>0.000000</tyear_amt>
        <lyear_amt>0.000000</lyear_amt>
        <byear_amt>84.000000</byear_amt>
        <b_amt>0.000000</b_amt>
        <bc_content/>
        <blevel>3</blevel>
        <ordinaryid/>
    </BCME3410_row>
    <BCME3410_row>
        <mh_itemserialno1/>
        <mh_itemserialno2/>
        <mh_itemserialno3/>
        <mh_itemserialno4>01</mh_itemserialno4>
        <budgetno>04390010301</budgetno>
        <mh_budgetname>一般賠償收入</mh_budgetname>
        <budgetno_conver>0439010301</budgetno_conver>
        <tyear_amt>0.000000</tyear_amt>
        <lyear_amt>0.000000</lyear_amt>
        <byear_amt>84.000000</byear_amt>
        <b_amt>0.000000</b_amt>
        <bc_key>04390010301xxxxxxxxxxxxxxxxxxxxxxxx1R1x0</bc_key>
        <bc_content>前年度決算數係廠商違約賠償收
入。</bc_content>
        <blevel>4</blevel>
        <ordinaryid/>
    </BCME3410_row>
    <BCME3410_row>
        <mh_itemserialno1>3</mh_itemserialno1>
        <mh_itemserialno2/>
        <mh_itemserialno3/>
        <mh_itemserialno4/>
        <budgetno>05000000000</budgetno>
        <mh_budgetname>規費收入</mh_budgetname>
        <budgetno_conver>0500000000</budgetno_conver>
        <tyear_amt>160.000000</tyear_amt>
        <lyear_amt>200.000000</lyear_amt>
        <byear_amt>192.000000</byear_amt>
        <b_amt>-40.000000</b_amt>
        <bc_content/>
        <blevel>1</blevel>
        <ordinaryid/>
    </BCME3410_row>
    <BCME3410_row>
        <mh_itemserialno1/>
        <mh_itemserialno2>116</mh_itemserialno2>
        <mh_itemserialno3/>
        <mh_itemserialno4/>
        <budgetno>05390010000</budgetno>
        <mh_budgetname>僑務委員會</mh_budgetname>
        <budgetno_conver>0539010000</budgetno_conver>
        <tyear_amt>160.000000</tyear_amt>
        <lyear_amt>200.000000</lyear_amt>
        <byear_amt>192.000000</byear_amt>
        <b_amt>-40.000000</b_amt>
        <bc_content/>
        <blevel>2</blevel>
        <ordinaryid/>
    </BCME3410_row>
    <BCME3410_row>
        <mh_itemserialno1/>
        <mh_itemserialno2/>
        <mh_itemserialno3>01</mh_itemserialno3>
        <mh_itemserialno4/>
        <budgetno>05390010100</budgetno>
        <mh_budgetname>行政規費收入</mh_budgetname>
        <budgetno_conver>0539010100</budgetno_conver>
        <tyear_amt>160.000000</tyear_amt>
        <lyear_amt>200.000000</lyear_amt>
        <byear_amt>192.000000</byear_amt>
        <b_amt>-40.000000</b_amt>
        <bc_content/>
        <blevel>3</blevel>
        <ordinaryid/>
    </BCME3410_row>
    <BCME3410_row>
        <mh_itemserialno1/>
        <mh_itemserialno2/>
        <mh_itemserialno3/>
        <mh_itemserialno4>01</mh_itemserialno4>
        <budgetno>05390010102</budgetno>
        <mh_budgetname>證照費</mh_budgetname>
        <budgetno_conver>0539010102</budgetno_conver>
        <tyear_amt>160.000000</tyear_amt>
        <lyear_amt>200.000000</lyear_amt>
        <byear_amt>192.000000</byear_amt>
        <b_amt>-40.000000</b_amt>
        <bc_key>05390010102xxxxxxxxxxxxxxxxxxxxxxxx1R1x0</bc_key>
        <bc_content>本年度預算數係受理核發華僑身
分證明書收入。</bc_content>
        <blevel>4</blevel>
        <ordinaryid/>
    </BCME3410_row>
    <BCME3410_row>
        <mh_itemserialno1>4</mh_itemserialno1>
        <mh_itemserialno2/>
        <mh_itemserialno3/>
        <mh_itemserialno4/>
        <budgetno>07000000000</budgetno>
        <mh_budgetname>財產收入</mh_budgetname>
        <budgetno_conver>0700000000</budgetno_conver>
        <tyear_amt>27322.000000</tyear_amt>
        <lyear_amt>60200.000000</lyear_amt>
        <byear_amt>24376.000000</byear_amt>
        <b_amt>-32878.000000</b_amt>
        <bc_content/>
        <blevel>1</blevel>
        <ordinaryid/>
    </BCME3410_row>
    <BCME3410_row>
        <mh_itemserialno1/>
        <mh_itemserialno2>163</mh_itemserialno2>
        <mh_itemserialno3/>
        <mh_itemserialno4/>
        <budgetno>07390010000</budgetno>
        <mh_budgetname>僑務委員會</mh_budgetname>
        <budgetno_conver>0739010000</budgetno_conver>
        <tyear_amt>27322.000000</tyear_amt>
        <lyear_amt>60200.000000</lyear_amt>
        <byear_amt>24376.000000</byear_amt>
        <b_amt>-32878.000000</b_amt>
        <bc_content/>
        <blevel>2</blevel>
        <ordinaryid/>
    </BCME3410_row>
    <BCME3410_row>
        <mh_itemserialno1/>
        <mh_itemserialno2/>
        <mh_itemserialno3>01</mh_itemserialno3>
        <mh_itemserialno4/>
        <budgetno>07390010100</budgetno>
        <mh_budgetname>財產孳息</mh_budgetname>
        <budgetno_conver>0739010100</budgetno_conver>
        <tyear_amt>27312.000000</tyear_amt>
        <lyear_amt>26843.000000</lyear_amt>
        <byear_amt>24358.000000</byear_amt>
        <b_amt>469.000000</b_amt>
        <bc_content/>
        <blevel>3</blevel>
        <ordinaryid/>
    </BCME3410_row>
    <BCME3410_row>
        <mh_itemserialno1/>
        <mh_itemserialno2/>
        <mh_itemserialno3/>
        <mh_itemserialno4>01</mh_itemserialno4>
        <budgetno>07390010101</budgetno>
        <mh_budgetname>利息收入</mh_budgetname>
        <budgetno_conver>0739010101</budgetno_conver>
        <tyear_amt>63.000000</tyear_amt>
        <lyear_amt>63.000000</lyear_amt>
        <byear_amt>13.000000</byear_amt>
        <b_amt>0.000000</b_amt>
        <bc_key>07390010101xxxxxxxxxxxxxxxxxxxxxxxx1R1x0</bc_key>
        <bc_content>本年度預算數係海外華僑文教服
務中心銀行存款利息收入。</bc_content>
        <blevel>4</blevel>
        <ordinaryid/>
    </BCME3410_row>
    <BCME3410_row>
        <mh_itemserialno1/>
        <mh_itemserialno2/>
        <mh_itemserialno3/>
        <mh_itemserialno4>02</mh_itemserialno4>
        <budgetno>07390010105</budgetno>
        <mh_budgetname>權利金</mh_budgetname>
        <budgetno_conver>0739010105</budgetno_conver>
        <tyear_amt>17914.000000</tyear_amt>
        <lyear_amt>17445.000000</lyear_amt>
        <byear_amt>17272.000000</byear_amt>
        <b_amt>469.000000</b_amt>
        <bc_key>07390010105xxxxxxxxxxxxxxxxxxxxxxxx1R1x0</bc_key>
        <bc_content>本年度預算數係華僑會館委託龍
邦國際興業股份有限公司經營權
利金收入。</bc_content>
        <blevel>4</blevel>
        <ordinaryid/>
    </BCME3410_row>
    <BCME3410_row>
        <mh_itemserialno1/>
        <mh_itemserialno2/>
        <mh_itemserialno3/>
        <mh_itemserialno4>03</mh_itemserialno4>
        <budgetno>07390010106</budgetno>
        <mh_budgetname>租金收入</mh_budgetname>
        <budgetno_conver>0739010106</budgetno_conver>
        <tyear_amt>9335.000000</tyear_amt>
        <lyear_amt>9335.000000</lyear_amt>
        <byear_amt>7073.000000</byear_amt>
        <b_amt>0.000000</b_amt>
        <bc_key>07390010106xxxxxxxxxxxxxxxxxxxxxxxx1R1x0</bc_key>
        <bc_content>本年度預算數係出借海外華僑文
教服務中心場地及員工租用停車
位等收入。</bc_content>
        <blevel>4</blevel>
        <ordinaryid/>
    </BCME3410_row>
    <BCME3410_row>
        <mh_itemserialno1/>
        <mh_itemserialno2/>
        <mh_itemserialno3>02</mh_itemserialno3>
        <mh_itemserialno4/>
        <budgetno>07390010200</budgetno>
        <mh_budgetname>財產售價</mh_budgetname>
        <budgetno_conver>0739010200</budgetno_conver>
        <tyear_amt>0.000000</tyear_amt>
        <lyear_amt>33347.000000</lyear_amt>
        <byear_amt>0.000000</byear_amt>
        <b_amt>-33347.000000</b_amt>
        <bc_content/>
        <blevel>3</blevel>
        <ordinaryid/>
    </BCME3410_row>
    <BCME3410_row>
        <mh_itemserialno1/>
        <mh_itemserialno2/>
        <mh_itemserialno3/>
        <mh_itemserialno4>01</mh_itemserialno4>
        <budgetno>07390010203</budgetno>
        <mh_budgetname>土地以外不動產售價</mh_budgetname>
        <budgetno_conver>0739010203</budgetno_conver>
        <tyear_amt>0.000000</tyear_amt>
        <lyear_amt>33347.000000</lyear_amt>
        <byear_amt>0.000000</byear_amt>
        <b_amt>-33347.000000</b_amt>
        <bc_key>07390010203xxxxxxxxxxxxxxxxxxxxxxxx1R1x0</bc_key>
        <bc_content>上年度預算數係出售金山灣區華
僑文教服務中心舊址收入。</bc_content>
        <blevel>4</blevel>
        <ordinaryid/>
    </BCME3410_row>
    <BCME3410_row>
        <mh_itemserialno1/>
        <mh_itemserialno2/>
        <mh_itemserialno3>03</mh_itemserialno3>
        <mh_itemserialno4/>
        <budgetno>07390010600</budgetno>
        <mh_budgetname>廢舊物資售價</mh_budgetname>
        <budgetno_conver>0739010600</budgetno_conver>
        <tyear_amt>10.000000</tyear_amt>
        <lyear_amt>10.000000</lyear_amt>
        <byear_amt>17.000000</byear_amt>
        <b_amt>0.000000</b_amt>
        <bc_key>07390010600xxxxxxxxxxxxxxxxxxxxxxxx1R1x0</bc_key>
        <bc_content>本年度預算數係出售報廢財產及
廢舊物品等收入。</bc_content>
        <blevel>3</blevel>
        <ordinaryid/>
    </BCME3410_row>
    <BCME3410_row>
        <mh_itemserialno1>7</mh_itemserialno1>
        <mh_itemserialno2/>
        <mh_itemserialno3/>
        <mh_itemserialno4/>
        <budgetno>11000000000</budgetno>
        <mh_budgetname>其他收入</mh_budgetname>
        <budgetno_conver>1100000000</budgetno_conver>
        <tyear_amt>148.000000</tyear_amt>
        <lyear_amt>341.000000</lyear_amt>
        <byear_amt>1216.000000</byear_amt>
        <b_amt>-193.000000</b_amt>
        <bc_content/>
        <blevel>1</blevel>
        <ordinaryid/>
    </BCME3410_row>
    <BCME3410_row>
        <mh_itemserialno1/>
        <mh_itemserialno2>167</mh_itemserialno2>
        <mh_itemserialno3/>
        <mh_itemserialno4/>
        <budgetno>11390010000</budgetno>
        <mh_budgetname>僑務委員會</mh_budgetname>
        <budgetno_conver>1139010000</budgetno_conver>
        <tyear_amt>148.000000</tyear_amt>
        <lyear_amt>341.000000</lyear_amt>
        <byear_amt>1216.000000</byear_amt>
        <b_amt>-193.000000</b_amt>
        <bc_content/>
        <blevel>2</blevel>
        <ordinaryid/>
    </BCME3410_row>
    <BCME3410_row>
        <mh_itemserialno1/>
        <mh_itemserialno2/>
        <mh_itemserialno3>01</mh_itemserialno3>
        <mh_itemserialno4/>
        <budgetno>11390010900</budgetno>
        <mh_budgetname>雜項收入</mh_budgetname>
        <budgetno_conver>1139010900</budgetno_conver>
        <tyear_amt>148.000000</tyear_amt>
        <lyear_amt>341.000000</lyear_amt>
        <byear_amt>1216.000000</byear_amt>
        <b_amt>-193.000000</b_amt>
        <bc_content/>
        <blevel>3</blevel>
        <ordinaryid/>
    </BCME3410_row>
    <BCME3410_row>
        <mh_itemserialno1/>
        <mh_itemserialno2/>
        <mh_itemserialno3/>
        <mh_itemserialno4>01</mh_itemserialno4>
        <budgetno>11390010901</budgetno>
        <mh_budgetname>收回以前年度歲出</mh_budgetname>
        <budgetno_conver>1139010901</budgetno_conver>
        <tyear_amt>0.000000</tyear_amt>
        <lyear_amt>0.000000</lyear_amt>
        <byear_amt>574.000000</byear_amt>
        <b_amt>0.000000</b_amt>
        <bc_key>11390010901xxxxxxxxxxxxxxxxxxxxxxxx1R1x0</bc_key>
        <bc_content>前年度決算數係收回雪梨及多倫
多華僑文教服務中心消費稅退稅
款等收入。</bc_content>
        <blevel>4</blevel>
        <ordinaryid/>
    </BCME3410_row>
    <BCME3410_row>
        <mh_itemserialno1/>
        <mh_itemserialno2/>
        <mh_itemserialno3/>
        <mh_itemserialno4>02</mh_itemserialno4>
        <budgetno>11390010909</budgetno>
        <mh_budgetname>其他雜項收入</mh_budgetname>
        <budgetno_conver>1139010909</budgetno_conver>
        <tyear_amt>148.000000</tyear_amt>
        <lyear_amt>341.000000</lyear_amt>
        <byear_amt>642.000000</byear_amt>
        <b_amt>-193.000000</b_amt>
        <bc_key>11390010909xxxxxxxxxxxxxxxxxxxxxxxx1R1x0</bc_key>
        <bc_content>本年度預算數係借用宿舍員工自
薪資扣回繳庫數、出售出版品及
招標文件工本費等收入。</bc_content>
        <blevel>4</blevel>
        <ordinaryid/>
    </BCME3410_row>
</tables>
