<?xml version="1.0" encoding="UTF-8"?>
<tables>
    <BCME3420>
        <BCME3420_row>
            <budgetno/>
            <agenno/>
            <agentype/>
            <mh_budgetname>合    計</mh_budgetname>
            <displayname>合    計</displayname>
            <budgetno_conver/>
            <tyear_amt>880565000.00</tyear_amt>
            <lyear_amt>875940000.00</lyear_amt>
            <byear_amt>870951242.00</byear_amt>
            <b_amt>4625000.00</b_amt>
            <bc_content/>
            <memo/>
        </BCME3420_row>
        <BCME3420_row>
            <budgetno>00060000000</budgetno>
            <agenno>06060</agenno>
            <agentype>C</agentype>
            <mh_budgetname>考試院主管</mh_budgetname>
            <displayname>考試院主管</displayname>
            <budgetno_conver>0006000000</budgetno_conver>
            <tyear_amt>880565000.000000</tyear_amt>
            <lyear_amt>875940000.000000</lyear_amt>
            <byear_amt>870951242.000000</byear_amt>
            <b_amt>4625000.000000</b_amt>
            <bc_content/>
        </BCME3420_row>
        <BCME3420_row>
            <budgetno>00060600000</budgetno>
            <agenno>06060</agenno>
            <agentype>C</agentype>
            <mh_budgetname>公務人員退休撫卹基金管理委員會</mh_budgetname>
            <displayname>公務人員退休撫卹基金管理委員會</displayname>
            <budgetno_conver>0006600000</budgetno_conver>
            <tyear_amt>880565000.000000</tyear_amt>
            <lyear_amt>875940000.000000</lyear_amt>
            <byear_amt>870951242.000000</byear_amt>
            <b_amt>4625000.000000</b_amt>
            <bc_content/>
        </BCME3420_row>
        <BCME3420_row>
            <budgetno>75060600000</budgetno>
            <agenno>06060</agenno>
            <agentype>C</agentype>
            <mh_budgetname>退休撫卹給付支出</mh_budgetname>
            <displayname>退休撫卹給付支出</displayname>
            <budgetno_conver>7506600000</budgetno_conver>
            <tyear_amt>740000000.000000</tyear_amt>
            <lyear_amt>740000000.000000</lyear_amt>
            <byear_amt>740000000.000000</byear_amt>
            <b_amt>0.000000</b_amt>
            <bc_content/>
        </BCME3420_row>
        <BCME3420_row>
            <budgetno>75060605300</budgetno>
            <agenno>06060</agenno>
            <agentype>C</agentype>
            <mh_budgetname>公務人員退休撫卹給付</mh_budgetname>
            <displayname>公務人員退休撫卹給付</displayname>
            <budgetno_conver>7506605300</budgetno_conver>
            <tyear_amt>740000000.000000</tyear_amt>
            <lyear_amt>740000000.000000</lyear_amt>
            <byear_amt>740000000.000000</byear_amt>
            <b_amt>0.000000</b_amt>
            <bc_content>本年度預算數740,000千元，係退撫基金運用收益未達法定收益，依法由國庫撥補之經費，與上年度同。</bc_content>
        </BCME3420_row>
        <BCME3420_row>
            <budgetno>76060600000</budgetno>
            <agenno>06060</agenno>
            <agentype>C</agentype>
            <mh_budgetname>退休撫卹業務支出</mh_budgetname>
            <displayname>退休撫卹業務支出</displayname>
            <budgetno_conver>7606600000</budgetno_conver>
            <tyear_amt>140565000.000000</tyear_amt>
            <lyear_amt>135940000.000000</lyear_amt>
            <byear_amt>130951242.000000</byear_amt>
            <b_amt>4625000.000000</b_amt>
            <bc_content/>
        </BCME3420_row>
        <BCME3420_row>
            <budgetno>76060600100</budgetno>
            <agenno>06060</agenno>
            <agentype>C</agentype>
            <mh_budgetname>一般行政</mh_budgetname>
            <displayname>一般行政</displayname>
            <budgetno_conver>7606600100</budgetno_conver>
            <tyear_amt>112578000.000000</tyear_amt>
            <lyear_amt>110661000.000000</lyear_amt>
            <byear_amt>110088242.000000</byear_amt>
            <b_amt>1917000.000000</b_amt>
            <bc_content>&lt;#H1&gt;本年度預算數112,578千元，包括人事費104,185千元，業務費8,058千元，設備及投資305千元，獎補助費30千元。&#xd;
&lt;#H1&gt;本年度預算數之內容與上年度之比較如下：&#xd;
&lt;#H2&gt;人員維持費104,185千元，較上年度增列員工薪俸晉級差額等經費2,436千元。&#xd;
&lt;#H2&gt;基本行政工作維持費8,393千元，較上年度減列購置文具用品耗材及勞力事務委外等經費519千元。</bc_content>
        </BCME3420_row>
        <BCME3420_row>
            <budgetno>76060600600</budgetno>
            <agenno>06060</agenno>
            <agentype>C</agentype>
            <mh_budgetname>退撫基金管理</mh_budgetname>
            <displayname>退撫基金管理</displayname>
            <budgetno_conver>7606600600</budgetno_conver>
            <tyear_amt>27687000.000000</tyear_amt>
            <lyear_amt>24979000.000000</lyear_amt>
            <byear_amt>20863000.000000</byear_amt>
            <b_amt>2708000.000000</b_amt>
            <bc_content>&lt;#H1&gt;本年度預算數27,687千元，包括業務費16,061千元，設備及投資11,626千元。&#xd;
&lt;#H1&gt;本年度預算數之內容與上年度之比較如下：&#xd;
&lt;#H2&gt;基金收支及保管之規劃經費27,352千元，較上年度減列國內外委託經營評選審查等經費811千元，增列建置符合國際財務報導準則(IFRS)之財務會計資訊系統及委託辦理退撫基金第6次精算作業等經費3,540千元，計淨增2,729千元。&#xd;
&lt;#H2&gt;基金收繳及退撫給與之撥付經費335千元，較上年度減列郵資及印製退撫給與通知等經費21千元。</bc_content>
        </BCME3420_row>
        <BCME3420_row>
            <budgetno>76060609800</budgetno>
            <agenno>06060</agenno>
            <agentype>C</agentype>
            <mh_budgetname>第一預備金</mh_budgetname>
            <displayname>第一預備金</displayname>
            <budgetno_conver>7606609800</budgetno_conver>
            <tyear_amt>300000.000000</tyear_amt>
            <lyear_amt>300000.000000</lyear_amt>
            <byear_amt>0.000000</byear_amt>
            <b_amt>0.000000</b_amt>
            <bc_content>仍照上年度預算數編列。</bc_content>
        </BCME3420_row>
    </BCME3420>
</tables>
