<?xml version="1.0" encoding="UTF-8"?>
<tables>
    <BCME3480>
        <BCME3480_row>
            <level>1</level>
            <ba_objectno>0101</ba_objectno>
            <mi_objectname>民意代表待遇</mi_objectname>
            <objectnoname>0101民意代表待遇</objectnoname>
            <budgetamt_sum>0.00</budgetamt_sum>
            <displaymemo/>
            <btn_memo/>
        </BCME3480_row>
        <BCME3480_row>
            <level>1</level>
            <ba_objectno>0102</ba_objectno>
            <mi_objectname>政務人員待遇</mi_objectname>
            <objectnoname>0102政務人員待遇</objectnoname>
            <budgetamt_sum>0.00</budgetamt_sum>
            <displaymemo/>
            <btn_memo/>
        </BCME3480_row>
        <BCME3480_row>
            <level>1</level>
            <ba_objectno>0103</ba_objectno>
            <mi_objectname>法定編制人員待遇</mi_objectname>
            <objectnoname>0103法定編制人員待遇</objectnoname>
            <budgetamt_sum>63822000.00</budgetamt_sum>
            <displaymemo>本會編制內職員86人全年薪資。&#xd;
</displaymemo>
            <btn_memo>本會編制內職員86人全年薪資。&#xd;
</btn_memo>
        </BCME3480_row>
        <BCME3480_row>
            <level>1</level>
            <ba_objectno>0104</ba_objectno>
            <mi_objectname>約聘僱人員待遇</mi_objectname>
            <objectnoname>0104約聘僱人員待遇</objectnoname>
            <budgetamt_sum>3189000.00</budgetamt_sum>
            <displaymemo>本會聘用人員4人全年薪資。&#xd;
</displaymemo>
            <btn_memo>本會聘用人員4人全年薪資。&#xd;
</btn_memo>
        </BCME3480_row>
        <BCME3480_row>
            <level>1</level>
            <ba_objectno>0105</ba_objectno>
            <mi_objectname>技工及工友待遇</mi_objectname>
            <objectnoname>0105技工及工友待遇</objectnoname>
            <budgetamt_sum>3459000.00</budgetamt_sum>
            <displaymemo>包括技工2人、駕駛2人及工友6人，合計10人全年薪資。&#xd;
</displaymemo>
            <btn_memo>包括技工2人、駕駛2人及工友6人，合計10人全年薪資。&#xd;
</btn_memo>
        </BCME3480_row>
        <BCME3480_row>
            <level>1</level>
            <ba_objectno>0111</ba_objectno>
            <mi_objectname>獎金</mi_objectname>
            <objectnoname>0111獎金</objectnoname>
            <budgetamt_sum>14626000.00</budgetamt_sum>
            <displaymemo>包括考績獎金5,873千元、特殊公勳獎賞62千元、年終工作獎金8,691千元。&#xd;
</displaymemo>
            <btn_memo>包括考績獎金5,873千元、特殊公勳獎賞62千元、年終工作獎金8,691千元。&#xd;
</btn_memo>
        </BCME3480_row>
        <BCME3480_row>
            <level>1</level>
            <ba_objectno>0121</ba_objectno>
            <mi_objectname>其他給與</mi_objectname>
            <objectnoname>0121其他給與</objectnoname>
            <budgetamt_sum>1520000.00</budgetamt_sum>
            <displaymemo>係休假補助1,520千元。&#xd;
</displaymemo>
            <btn_memo>係休假補助1,520千元。&#xd;
</btn_memo>
        </BCME3480_row>
        <BCME3480_row>
            <level>1</level>
            <ba_objectno>0131</ba_objectno>
            <mi_objectname>加班值班費</mi_objectname>
            <objectnoname>0131加班值班費</objectnoname>
            <budgetamt_sum>4753000.00</budgetamt_sum>
            <displaymemo>包括超時加班費2,520千元（未逾該科目90年度實支數8成計2,520千元）、不休假加班費2,233千元。&#xd;
</displaymemo>
            <btn_memo>包括超時加班費2,520千元（未逾該科目90年度實支數8成計2,520千元）、不休假加班費2,233千元。&#xd;
</btn_memo>
        </BCME3480_row>
        <BCME3480_row>
            <level>1</level>
            <ba_objectno>0142</ba_objectno>
            <mi_objectname>退休退職給付</mi_objectname>
            <objectnoname>0142退休退職給付</objectnoname>
            <budgetamt_sum>0.00</budgetamt_sum>
            <displaymemo/>
            <btn_memo/>
        </BCME3480_row>
        <BCME3480_row>
            <level>1</level>
            <ba_objectno>0143</ba_objectno>
            <mi_objectname>退休離職儲金</mi_objectname>
            <objectnoname>0143退休離職儲金</objectnoname>
            <budgetamt_sum>6018000.00</budgetamt_sum>
            <displaymemo>包括法定編制人員退休金公提部分5,612千元、約聘僱人員離職儲金公提部分191千元、技工及工友退休準備金及工資墊償基金提撥215千元。&#xd;
</displaymemo>
            <btn_memo>包括法定編制人員退休金公提部分5,612千元、約聘僱人員離職儲金公提部分191千元、技工及工友退休準備金及工資墊償基金提撥215千元。&#xd;
</btn_memo>
        </BCME3480_row>
        <BCME3480_row>
            <level>1</level>
            <ba_objectno>0151</ba_objectno>
            <mi_objectname>保險</mi_objectname>
            <objectnoname>0151保險</objectnoname>
            <budgetamt_sum>6798000.00</budgetamt_sum>
            <displaymemo>包括健保保險補助4,462千元、公保保險補助1,951千元、勞保保險補助385千元。&#xd;
</displaymemo>
            <btn_memo>包括健保保險補助4,462千元、公保保險補助1,951千元、勞保保險補助385千元。&#xd;
</btn_memo>
        </BCME3480_row>
        <BCME3480_row>
            <level>1</level>
            <ba_objectno>0199</ba_objectno>
            <mi_objectname>調待準備</mi_objectname>
            <objectnoname>0199調待準備</objectnoname>
            <budgetamt_sum>0.00</budgetamt_sum>
            <displaymemo/>
            <btn_memo/>
        </BCME3480_row>
        <BCME3480_row>
            <level>2</level>
            <ba_objectno/>
            <mi_objectname/>
            <objectnoname>合計</objectnoname>
            <budgetamt_sum>104185000.00</budgetamt_sum>
            <displaymemo/>
            <btn_memo/>
        </BCME3480_row>
    </BCME3480>
</tables>
