<?xml version="1.0" encoding="UTF-8"?>
<GenericData>
　　<Header>
　　　　<Table Id="FNWXBREMAIN" Name="附屬單位預算(營業部分)盈虧撥補綜計表（依撥補項目分列）" Domain="PBA" />
　　　　<Program Id="PBAGR070_D" />
　　　　<Sender Name="營業基金" />
　　　　<報表名稱>附屬單位預算(營業部分)盈虧撥補綜計表（依撥補項目分列）</報表名稱>
　　　　<年度>104</年度>
　　　　<基金>營業基金</基金>
　　　　<階段>法定預算</階段>
　　　　<版本>1</版本>
　　　　<單位>新臺幣千元</單位>
　　</Header>
　　<DataSet>
　　　　<ROW>
　　　　　　<SEQNO>1</SEQNO>
　　　　　　<LEVEL>02</LEVEL>
　　　　　　<BOLD>1</BOLD>
　　　　　　<前年度決算數-金額>366797955</前年度決算數-金額>
　　　　　　<前年度決算數-百分比>100.00</前年度決算數-百分比>
　　　　　　<科目>盈餘之部</科目>
　　　　　　<本年度預算數-金額>281416274</本年度預算數-金額>
　　　　　　<本年度預算數-百分比>100.00</本年度預算數-百分比>
　　　　　　<上年度預算數-金額>270275685</上年度預算數-金額>
　　　　　　<上年度預算數-百分比>100.00</上年度預算數-百分比>
　　　　　　<比較增減百分比>4.12</比較增減百分比>
　　　　</ROW>
　　　　<ROW>
　　　　　　<SEQNO>2</SEQNO>
　　　　　　<LEVEL>03</LEVEL>
　　　　　　<BOLD>1</BOLD>
　　　　　　<前年度決算數-金額>278926520</前年度決算數-金額>
　　　　　　<前年度決算數-百分比>76.04</前年度決算數-百分比>
　　　　　　<科目>本期淨利</科目>
　　　　　　<本年度預算數-金額>217605605</本年度預算數-金額>
　　　　　　<本年度預算數-百分比>77.33</本年度預算數-百分比>
　　　　　　<上年度預算數-金額>184457777</上年度預算數-金額>
　　　　　　<上年度預算數-百分比>68.25</上年度預算數-百分比>
　　　　　　<比較增減百分比>17.97</比較增減百分比>
　　　　</ROW>
　　　　<ROW>
　　　　　　<SEQNO>3</SEQNO>
　　　　　　<LEVEL>03</LEVEL>
　　　　　　<BOLD>1</BOLD>
　　　　　　<前年度決算數-金額>83638847</前年度決算數-金額>
　　　　　　<前年度決算數-百分比>22.80</前年度決算數-百分比>
　　　　　　<科目>累積盈餘</科目>
　　　　　　<本年度預算數-金額>60913749</本年度預算數-金額>
　　　　　　<本年度預算數-百分比>21.65</本年度預算數-百分比>
　　　　　　<上年度預算數-金額>82567000</上年度預算數-金額>
　　　　　　<上年度預算數-百分比>30.55</上年度預算數-百分比>
　　　　　　<比較增減百分比>-26.23</比較增減百分比>
　　　　</ROW>
　　　　<ROW>
　　　　　　<SEQNO>4</SEQNO>
　　　　　　<LEVEL>03</LEVEL>
　　　　　　<BOLD>1</BOLD>
　　　　　　<前年度決算數-金額>0</前年度決算數-金額>
　　　　　　<前年度決算數-百分比>0</前年度決算數-百分比>
　　　　　　<科目>追溯適用及追溯重編之影響數</科目>
　　　　　　<本年度預算數-金額>0</本年度預算數-金額>
　　　　　　<本年度預算數-百分比>0</本年度預算數-百分比>
　　　　　　<上年度預算數-金額>0</上年度預算數-金額>
　　　　　　<上年度預算數-百分比>0</上年度預算數-百分比>
　　　　　　<比較增減百分比>0</比較增減百分比>
　　　　</ROW>
　　　　<ROW>
　　　　　　<SEQNO>5</SEQNO>
　　　　　　<LEVEL>03</LEVEL>
　　　　　　<BOLD>1</BOLD>
　　　　　　<前年度決算數-金額>6199</前年度決算數-金額>
　　　　　　<前年度決算數-百分比>0.00</前年度決算數-百分比>
　　　　　　<科目>公積轉列數</科目>
　　　　　　<本年度預算數-金額>400000</本年度預算數-金額>
　　　　　　<本年度預算數-百分比>0.14</本年度預算數-百分比>
　　　　　　<上年度預算數-金額>399000</上年度預算數-金額>
　　　　　　<上年度預算數-百分比>0.15</上年度預算數-百分比>
　　　　　　<比較增減百分比>0.25</比較增減百分比>
　　　　</ROW>
　　　　<ROW>
　　　　　　<SEQNO>6</SEQNO>
　　　　　　<LEVEL>03</LEVEL>
　　　　　　<BOLD>1</BOLD>
　　　　　　<前年度決算數-金額>0</前年度決算數-金額>
　　　　　　<前年度決算數-百分比>0</前年度決算數-百分比>
　　　　　　<科目>出售庫藏股票損失</科目>
　　　　　　<本年度預算數-金額>0</本年度預算數-金額>
　　　　　　<本年度預算數-百分比>0</本年度預算數-百分比>
　　　　　　<上年度預算數-金額>0</上年度預算數-金額>
　　　　　　<上年度預算數-百分比>0</上年度預算數-百分比>
　　　　　　<比較增減百分比>0</比較增減百分比>
　　　　</ROW>
　　　　<ROW>
　　　　　　<SEQNO>7</SEQNO>
　　　　　　<LEVEL>03</LEVEL>
　　　　　　<BOLD>1</BOLD>
　　　　　　<前年度決算數-金額>2767590</前年度決算數-金額>
　　　　　　<前年度決算數-百分比>0.75</前年度決算數-百分比>
　　　　　　<科目>其他綜合損益轉入數</科目>
　　　　　　<本年度預算數-金額>0</本年度預算數-金額>
　　　　　　<本年度預算數-百分比>0</本年度預算數-百分比>
　　　　　　<上年度預算數-金額>0</上年度預算數-金額>
　　　　　　<上年度預算數-百分比>0</上年度預算數-百分比>
　　　　　　<比較增減百分比>0</比較增減百分比>
　　　　</ROW>
　　　　<ROW>
　　　　　　<SEQNO>8</SEQNO>
　　　　　　<LEVEL>03</LEVEL>
　　　　　　<BOLD>1</BOLD>
　　　　　　<前年度決算數-金額>1458799</前年度決算數-金額>
　　　　　　<前年度決算數-百分比>0.40</前年度決算數-百分比>
　　　　　　<科目>首次採用國際財務報導準則調整數轉列數</科目>
　　　　　　<本年度預算數-金額>2496920</本年度預算數-金額>
　　　　　　<本年度預算數-百分比>0.89</本年度預算數-百分比>
　　　　　　<上年度預算數-金額>2851908</上年度預算數-金額>
　　　　　　<上年度預算數-百分比>1.06</上年度預算數-百分比>
　　　　　　<比較增減百分比>-12.45</比較增減百分比>
　　　　</ROW>
　　　　<ROW>
　　　　　　<SEQNO>9</SEQNO>
　　　　　　<LEVEL>02</LEVEL>
　　　　　　<BOLD>1</BOLD>
　　　　　　<前年度決算數-金額>366797955</前年度決算數-金額>
　　　　　　<前年度決算數-百分比>100.00</前年度決算數-百分比>
　　　　　　<科目>分配之部</科目>
　　　　　　<本年度預算數-金額>281416274</本年度預算數-金額>
　　　　　　<本年度預算數-百分比>100.00</本年度預算數-百分比>
　　　　　　<上年度預算數-金額>270275685</上年度預算數-金額>
　　　　　　<上年度預算數-百分比>100.00</上年度預算數-百分比>
　　　　　　<比較增減百分比>4.12</比較增減百分比>
　　　　</ROW>
　　　　<ROW>
　　　　　　<SEQNO>10</SEQNO>
　　　　　　<LEVEL>03</LEVEL>
　　　　　　<BOLD>1</BOLD>
　　　　　　<前年度決算數-金額>207791813</前年度決算數-金額>
　　　　　　<前年度決算數-百分比>56.65</前年度決算數-百分比>
　　　　　　<科目>中央政府所得者</科目>
　　　　　　<本年度預算數-金額>204807529</本年度預算數-金額>
　　　　　　<本年度預算數-百分比>72.78</本年度預算數-百分比>
　　　　　　<上年度預算數-金額>206203507</上年度預算數-金額>
　　　　　　<上年度預算數-百分比>76.29</上年度預算數-百分比>
　　　　　　<比較增減百分比>-0.68</比較增減百分比>
　　　　</ROW>
　　　　<ROW>
　　　　　　<SEQNO>11</SEQNO>
　　　　　　<LEVEL>04</LEVEL>
　　　　　　<BOLD>0</BOLD>
　　　　　　<前年度決算數-金額>207791813</前年度決算數-金額>
　　　　　　<前年度決算數-百分比>56.65</前年度決算數-百分比>
　　　　　　<科目>股（官）息紅利</科目>
　　　　　　<本年度預算數-金額>204807529</本年度預算數-金額>
　　　　　　<本年度預算數-百分比>72.78</本年度預算數-百分比>
　　　　　　<上年度預算數-金額>206203507</上年度預算數-金額>
　　　　　　<上年度預算數-百分比>76.29</上年度預算數-百分比>
　　　　　　<比較增減百分比>-0.68</比較增減百分比>
　　　　</ROW>
　　　　<ROW>
　　　　　　<SEQNO>12</SEQNO>
　　　　　　<LEVEL>03</LEVEL>
　　　　　　<BOLD>1</BOLD>
　　　　　　<前年度決算數-金額>19</前年度決算數-金額>
　　　　　　<前年度決算數-百分比>0.00</前年度決算數-百分比>
　　　　　　<科目>地方政府所得者</科目>
　　　　　　<本年度預算數-金額>29</本年度預算數-金額>
　　　　　　<本年度預算數-百分比>0.00</本年度預算數-百分比>
　　　　　　<上年度預算數-金額>29</上年度預算數-金額>
　　　　　　<上年度預算數-百分比>0.00</上年度預算數-百分比>
　　　　　　<比較增減百分比>0</比較增減百分比>
　　　　</ROW>
　　　　<ROW>
　　　　　　<SEQNO>13</SEQNO>
　　　　　　<LEVEL>04</LEVEL>
　　　　　　<BOLD>0</BOLD>
　　　　　　<前年度決算數-金額>19</前年度決算數-金額>
　　　　　　<前年度決算數-百分比>0.00</前年度決算數-百分比>
　　　　　　<科目>股（官）息紅利</科目>
　　　　　　<本年度預算數-金額>29</本年度預算數-金額>
　　　　　　<本年度預算數-百分比>0.00</本年度預算數-百分比>
　　　　　　<上年度預算數-金額>29</上年度預算數-金額>
　　　　　　<上年度預算數-百分比>0.00</上年度預算數-百分比>
　　　　　　<比較增減百分比>0</比較增減百分比>
　　　　</ROW>
　　　　<ROW>
　　　　　　<SEQNO>14</SEQNO>
　　　　　　<LEVEL>03</LEVEL>
　　　　　　<BOLD>1</BOLD>
　　　　　　<前年度決算數-金額>0</前年度決算數-金額>
　　　　　　<前年度決算數-百分比>0</前年度決算數-百分比>
　　　　　　<科目>轉投資機關所得者</科目>
　　　　　　<本年度預算數-金額>0</本年度預算數-金額>
　　　　　　<本年度預算數-百分比>0</本年度預算數-百分比>
　　　　　　<上年度預算數-金額>0</上年度預算數-金額>
　　　　　　<上年度預算數-百分比>0</上年度預算數-百分比>
　　　　　　<比較增減百分比>0</比較增減百分比>
　　　　</ROW>
　　　　<ROW>
　　　　　　<SEQNO>15</SEQNO>
　　　　　　<LEVEL>04</LEVEL>
　　　　　　<BOLD>0</BOLD>
　　　　　　<前年度決算數-金額>0</前年度決算數-金額>
　　　　　　<前年度決算數-百分比>0</前年度決算數-百分比>
　　　　　　<科目>股（官）息紅利</科目>
　　　　　　<本年度預算數-金額>0</本年度預算數-金額>
　　　　　　<本年度預算數-百分比>0</本年度預算數-百分比>
　　　　　　<上年度預算數-金額>0</上年度預算數-金額>
　　　　　　<上年度預算數-百分比>0</上年度預算數-百分比>
　　　　　　<比較增減百分比>0</比較增減百分比>
　　　　</ROW>
　　　　<ROW>
　　　　　　<SEQNO>16</SEQNO>
　　　　　　<LEVEL>03</LEVEL>
　　　　　　<BOLD>1</BOLD>
　　　　　　<前年度決算數-金額>89114</前年度決算數-金額>
　　　　　　<前年度決算數-百分比>0.02</前年度決算數-百分比>
　　　　　　<科目>其他政府機關所得者</科目>
　　　　　　<本年度預算數-金額>137235</本年度預算數-金額>
　　　　　　<本年度預算數-百分比>0.05</本年度預算數-百分比>
　　　　　　<上年度預算數-金額>137235</上年度預算數-金額>
　　　　　　<上年度預算數-百分比>0.05</上年度預算數-百分比>
　　　　　　<比較增減百分比>0</比較增減百分比>
　　　　</ROW>
　　　　<ROW>
　　　　　　<SEQNO>17</SEQNO>
　　　　　　<LEVEL>04</LEVEL>
　　　　　　<BOLD>0</BOLD>
　　　　　　<前年度決算數-金額>89114</前年度決算數-金額>
　　　　　　<前年度決算數-百分比>0.02</前年度決算數-百分比>
　　　　　　<科目>股（官）息紅利</科目>
　　　　　　<本年度預算數-金額>137235</本年度預算數-金額>
　　　　　　<本年度預算數-百分比>0.05</本年度預算數-百分比>
　　　　　　<上年度預算數-金額>137235</上年度預算數-金額>
　　　　　　<上年度預算數-百分比>0.05</上年度預算數-百分比>
　　　　　　<比較增減百分比>0</比較增減百分比>
　　　　</ROW>
　　　　<ROW>
　　　　　　<SEQNO>18</SEQNO>
　　　　　　<LEVEL>03</LEVEL>
　　　　　　<BOLD>1</BOLD>
　　　　　　<前年度決算數-金額>98473</前年度決算數-金額>
　　　　　　<前年度決算數-百分比>0.03</前年度決算數-百分比>
　　　　　　<科目>民股股東所得者</科目>
　　　　　　<本年度預算數-金額>1474649</本年度預算數-金額>
　　　　　　<本年度預算數-百分比>0.52</本年度預算數-百分比>
　　　　　　<上年度預算數-金額>1393799</上年度預算數-金額>
　　　　　　<上年度預算數-百分比>0.52</上年度預算數-百分比>
　　　　　　<比較增減百分比>5.80</比較增減百分比>
　　　　</ROW>
　　　　<ROW>
　　　　　　<SEQNO>19</SEQNO>
　　　　　　<LEVEL>04</LEVEL>
　　　　　　<BOLD>0</BOLD>
　　　　　　<前年度決算數-金額>98473</前年度決算數-金額>
　　　　　　<前年度決算數-百分比>0.03</前年度決算數-百分比>
　　　　　　<科目>股息紅利</科目>
　　　　　　<本年度預算數-金額>1474649</本年度預算數-金額>
　　　　　　<本年度預算數-百分比>0.52</本年度預算數-百分比>
　　　　　　<上年度預算數-金額>1393799</上年度預算數-金額>
　　　　　　<上年度預算數-百分比>0.52</上年度預算數-百分比>
　　　　　　<比較增減百分比>5.80</比較增減百分比>
　　　　</ROW>
　　　　<ROW>
　　　　　　<SEQNO>20</SEQNO>
　　　　　　<LEVEL>03</LEVEL>
　　　　　　<BOLD>1</BOLD>
　　　　　　<前年度決算數-金額>4621054</前年度決算數-金額>
　　　　　　<前年度決算數-百分比>1.26</前年度決算數-百分比>
　　　　　　<科目>其他所得者</科目>
　　　　　　<本年度預算數-金額>4408912</本年度預算數-金額>
　　　　　　<本年度預算數-百分比>1.57</本年度預算數-百分比>
　　　　　　<上年度預算數-金額>4143388</上年度預算數-金額>
　　　　　　<上年度預算數-百分比>1.53</上年度預算數-百分比>
　　　　　　<比較增減百分比>6.41</比較增減百分比>
　　　　</ROW>
　　　　<ROW>
　　　　　　<SEQNO>21</SEQNO>
　　　　　　<LEVEL>04</LEVEL>
　　　　　　<BOLD>0</BOLD>
　　　　　　<前年度決算數-金額>1292655</前年度決算數-金額>
　　　　　　<前年度決算數-百分比>0.35</前年度決算數-百分比>
　　　　　　<科目>提撥地方政府</科目>
　　　　　　<本年度預算數-金額>1247890</本年度預算數-金額>
　　　　　　<本年度預算數-百分比>0.44</本年度預算數-百分比>
　　　　　　<上年度預算數-金額>1168094</上年度預算數-金額>
　　　　　　<上年度預算數-百分比>0.43</上年度預算數-百分比>
　　　　　　<比較增減百分比>6.83</比較增減百分比>
　　　　</ROW>
　　　　<ROW>
　　　　　　<SEQNO>22</SEQNO>
　　　　　　<LEVEL>04</LEVEL>
　　　　　　<BOLD>0</BOLD>
　　　　　　<前年度決算數-金額>3328399</前年度決算數-金額>
　　　　　　<前年度決算數-百分比>0.91</前年度決算數-百分比>
　　　　　　<科目>其他依法分配數</科目>
　　　　　　<本年度預算數-金額>3161022</本年度預算數-金額>
　　　　　　<本年度預算數-百分比>1.12</本年度預算數-百分比>
　　　　　　<上年度預算數-金額>2975294</上年度預算數-金額>
　　　　　　<上年度預算數-百分比>1.10</上年度預算數-百分比>
　　　　　　<比較增減百分比>6.24</比較增減百分比>
　　　　</ROW>
　　　　<ROW>
　　　　　　<SEQNO>23</SEQNO>
　　　　　　<LEVEL>03</LEVEL>
　　　　　　<BOLD>1</BOLD>
　　　　　　<前年度決算數-金額>154197482</前年度決算數-金額>
　　　　　　<前年度決算數-百分比>42.04</前年度決算數-百分比>
　　　　　　<科目>留存事業機關者</科目>
　　　　　　<本年度預算數-金額>70587920</本年度預算數-金額>
　　　　　　<本年度預算數-百分比>25.08</本年度預算數-百分比>
　　　　　　<上年度預算數-金額>58397727</上年度預算數-金額>
　　　　　　<上年度預算數-百分比>21.61</上年度預算數-百分比>
　　　　　　<比較增減百分比>20.87</比較增減百分比>
　　　　</ROW>
　　　　<ROW>
　　　　　　<SEQNO>24</SEQNO>
　　　　　　<LEVEL>04</LEVEL>
　　　　　　<BOLD>0</BOLD>
　　　　　　<前年度決算數-金額>7104348</前年度決算數-金額>
　　　　　　<前年度決算數-百分比>1.94</前年度決算數-百分比>
　　　　　　<科目>填補虧損</科目>
　　　　　　<本年度預算數-金額>28087333</本年度預算數-金額>
　　　　　　<本年度預算數-百分比>9.98</本年度預算數-百分比>
　　　　　　<上年度預算數-金額>19141160</上年度預算數-金額>
　　　　　　<上年度預算數-百分比>7.08</上年度預算數-百分比>
　　　　　　<比較增減百分比>46.74</比較增減百分比>
　　　　</ROW>
　　　　<ROW>
　　　　　　<SEQNO>25</SEQNO>
　　　　　　<LEVEL>04</LEVEL>
　　　　　　<BOLD>0</BOLD>
　　　　　　<前年度決算數-金額>0</前年度決算數-金額>
　　　　　　<前年度決算數-百分比>0</前年度決算數-百分比>
　　　　　　<科目>資本公積</科目>
　　　　　　<本年度預算數-金額>0</本年度預算數-金額>
　　　　　　<本年度預算數-百分比>0</本年度預算數-百分比>
　　　　　　<上年度預算數-金額>0</上年度預算數-金額>
　　　　　　<上年度預算數-百分比>0</上年度預算數-百分比>
　　　　　　<比較增減百分比>0</比較增減百分比>
　　　　</ROW>
　　　　<ROW>
　　　　　　<SEQNO>26</SEQNO>
　　　　　　<LEVEL>04</LEVEL>
　　　　　　<BOLD>0</BOLD>
　　　　　　<前年度決算數-金額>53785453</前年度決算數-金額>
　　　　　　<前年度決算數-百分比>14.66</前年度決算數-百分比>
　　　　　　<科目>法定公積</科目>
　　　　　　<本年度預算數-金額>36673973</本年度預算數-金額>
　　　　　　<本年度預算數-百分比>13.03</本年度預算數-百分比>
　　　　　　<上年度預算數-金額>31960092</上年度預算數-金額>
　　　　　　<上年度預算數-百分比>11.82</上年度預算數-百分比>
　　　　　　<比較增減百分比>14.75</比較增減百分比>
　　　　</ROW>
　　　　<ROW>
　　　　　　<SEQNO>27</SEQNO>
　　　　　　<LEVEL>04</LEVEL>
　　　　　　<BOLD>0</BOLD>
　　　　　　<前年度決算數-金額>9717297</前年度決算數-金額>
　　　　　　<前年度決算數-百分比>2.65</前年度決算數-百分比>
　　　　　　<科目>特別公積</科目>
　　　　　　<本年度預算數-金額>4700014</本年度預算數-金額>
　　　　　　<本年度預算數-百分比>1.67</本年度預算數-百分比>
　　　　　　<上年度預算數-金額>6048856</上年度預算數-金額>
　　　　　　<上年度預算數-百分比>2.24</上年度預算數-百分比>
　　　　　　<比較增減百分比>-22.30</比較增減百分比>
　　　　</ROW>
　　　　<ROW>
　　　　　　<SEQNO>28</SEQNO>
　　　　　　<LEVEL>04</LEVEL>
　　　　　　<BOLD>0</BOLD>
　　　　　　<前年度決算數-金額>83590384</前年度決算數-金額>
　　　　　　<前年度決算數-百分比>22.79</前年度決算數-百分比>
　　　　　　<科目>未分配盈餘</科目>
　　　　　　<本年度預算數-金額>1126600</本年度預算數-金額>
　　　　　　<本年度預算數-百分比>0.40</本年度預算數-百分比>
　　　　　　<上年度預算數-金額>1247619</上年度預算數-金額>
　　　　　　<上年度預算數-百分比>0.46</上年度預算數-百分比>
　　　　　　<比較增減百分比>-9.70</比較增減百分比>
　　　　</ROW>
　　　　<ROW>
　　　　　　<SEQNO>29</SEQNO>
　　　　　　<LEVEL>02</LEVEL>
　　　　　　<BOLD>1</BOLD>
　　　　　　<前年度決算數-金額>382103539</前年度決算數-金額>
　　　　　　<前年度決算數-百分比>100.00</前年度決算數-百分比>
　　　　　　<科目>虧損之部</科目>
　　　　　　<本年度預算數-金額>368209658</本年度預算數-金額>
　　　　　　<本年度預算數-百分比>100.00</本年度預算數-百分比>
　　　　　　<上年度預算數-金額>384004520</上年度預算數-金額>
　　　　　　<上年度預算數-百分比>100.00</上年度預算數-百分比>
　　　　　　<比較增減百分比>-4.11</比較增減百分比>
　　　　</ROW>
　　　　<ROW>
　　　　　　<SEQNO>30</SEQNO>
　　　　　　<LEVEL>03</LEVEL>
　　　　　　<BOLD>1</BOLD>
　　　　　　<前年度決算數-金額>21438991</前年度決算數-金額>
　　　　　　<前年度決算數-百分比>5.61</前年度決算數-百分比>
　　　　　　<科目>本期淨損</科目>
　　　　　　<本年度預算數-金額>5759239</本年度預算數-金額>
　　　　　　<本年度預算數-百分比>1.56</本年度預算數-百分比>
　　　　　　<上年度預算數-金額>6886212</上年度預算數-金額>
　　　　　　<上年度預算數-百分比>1.79</上年度預算數-百分比>
　　　　　　<比較增減百分比>-16.37</比較增減百分比>
　　　　</ROW>
　　　　<ROW>
　　　　　　<SEQNO>31</SEQNO>
　　　　　　<LEVEL>03</LEVEL>
　　　　　　<BOLD>1</BOLD>
　　　　　　<前年度決算數-金額>359962384</前年度決算數-金額>
　　　　　　<前年度決算數-百分比>94.21</前年度決算數-百分比>
　　　　　　<科目>累積虧損</科目>
　　　　　　<本年度預算數-金額>362292299</本年度預算數-金額>
　　　　　　<本年度預算數-百分比>98.39</本年度預算數-百分比>
　　　　　　<上年度預算數-金額>376436649</上年度預算數-金額>
　　　　　　<上年度預算數-百分比>98.03</上年度預算數-百分比>
　　　　　　<比較增減百分比>-3.76</比較增減百分比>
　　　　</ROW>
　　　　<ROW>
　　　　　　<SEQNO>32</SEQNO>
　　　　　　<LEVEL>03</LEVEL>
　　　　　　<BOLD>1</BOLD>
　　　　　　<前年度決算數-金額>0</前年度決算數-金額>
　　　　　　<前年度決算數-百分比>0</前年度決算數-百分比>
　　　　　　<科目>追溯適用及追溯重編之影響數</科目>
　　　　　　<本年度預算數-金額>158120</本年度預算數-金額>
　　　　　　<本年度預算數-百分比>0.04</本年度預算數-百分比>
　　　　　　<上年度預算數-金額>0</上年度預算數-金額>
　　　　　　<上年度預算數-百分比>0</上年度預算數-百分比>
　　　　　　<比較增減百分比>0</比較增減百分比>
　　　　</ROW>
　　　　<ROW>
　　　　　　<SEQNO>33</SEQNO>
　　　　　　<LEVEL>03</LEVEL>
　　　　　　<BOLD>1</BOLD>
　　　　　　<前年度決算數-金額>264540</前年度決算數-金額>
　　　　　　<前年度決算數-百分比>0.07</前年度決算數-百分比>
　　　　　　<科目>其他綜合損益轉入數</科目>
　　　　　　<本年度預算數-金額>0</本年度預算數-金額>
　　　　　　<本年度預算數-百分比>0</本年度預算數-百分比>
　　　　　　<上年度預算數-金額>681659</上年度預算數-金額>
　　　　　　<上年度預算數-百分比>0.18</上年度預算數-百分比>
　　　　　　<比較增減百分比>-100.00</比較增減百分比>
　　　　</ROW>
　　　　<ROW>
　　　　　　<SEQNO>34</SEQNO>
　　　　　　<LEVEL>03</LEVEL>
　　　　　　<BOLD>1</BOLD>
　　　　　　<前年度決算數-金額>437624</前年度決算數-金額>
　　　　　　<前年度決算數-百分比>0.11</前年度決算數-百分比>
　　　　　　<科目>首次採用國際財務報導準則調整數</科目>
　　　　　　<本年度預算數-金額>0</本年度預算數-金額>
　　　　　　<本年度預算數-百分比>0</本年度預算數-百分比>
　　　　　　<上年度預算數-金額>0</上年度預算數-金額>
　　　　　　<上年度預算數-百分比>0</上年度預算數-百分比>
　　　　　　<比較增減百分比>0</比較增減百分比>
　　　　</ROW>
　　　　<ROW>
　　　　　　<SEQNO>35</SEQNO>
　　　　　　<LEVEL>02</LEVEL>
　　　　　　<BOLD>1</BOLD>
　　　　　　<前年度決算數-金額>382103539</前年度決算數-金額>
　　　　　　<前年度決算數-百分比>100.00</前年度決算數-百分比>
　　　　　　<科目>填補之部</科目>
　　　　　　<本年度預算數-金額>368209658</本年度預算數-金額>
　　　　　　<本年度預算數-百分比>100.00</本年度預算數-百分比>
　　　　　　<上年度預算數-金額>384004520</上年度預算數-金額>
　　　　　　<上年度預算數-百分比>100.00</上年度預算數-百分比>
　　　　　　<比較增減百分比>-4.11</比較增減百分比>
　　　　</ROW>
　　　　<ROW>
　　　　　　<SEQNO>36</SEQNO>
　　　　　　<LEVEL>03</LEVEL>
　　　　　　<BOLD>1</BOLD>
　　　　　　<前年度決算數-金額>0</前年度決算數-金額>
　　　　　　<前年度決算數-百分比>0</前年度決算數-百分比>
　　　　　　<科目>中央政府負擔者</科目>
　　　　　　<本年度預算數-金額>0</本年度預算數-金額>
　　　　　　<本年度預算數-百分比>0</本年度預算數-百分比>
　　　　　　<上年度預算數-金額>0</上年度預算數-金額>
　　　　　　<上年度預算數-百分比>0</上年度預算數-百分比>
　　　　　　<比較增減百分比>0</比較增減百分比>
　　　　</ROW>
　　　　<ROW>
　　　　　　<SEQNO>37</SEQNO>
　　　　　　<LEVEL>04</LEVEL>
　　　　　　<BOLD>0</BOLD>
　　　　　　<前年度決算數-金額>0</前年度決算數-金額>
　　　　　　<前年度決算數-百分比>0</前年度決算數-百分比>
　　　　　　<科目>折減資本</科目>
　　　　　　<本年度預算數-金額>0</本年度預算數-金額>
　　　　　　<本年度預算數-百分比>0</本年度預算數-百分比>
　　　　　　<上年度預算數-金額>0</上年度預算數-金額>
　　　　　　<上年度預算數-百分比>0</上年度預算數-百分比>
　　　　　　<比較增減百分比>0</比較增減百分比>
　　　　</ROW>
　　　　<ROW>
　　　　　　<SEQNO>38</SEQNO>
　　　　　　<LEVEL>04</LEVEL>
　　　　　　<BOLD>0</BOLD>
　　　　　　<前年度決算數-金額>0</前年度決算數-金額>
　　　　　　<前年度決算數-百分比>0</前年度決算數-百分比>
　　　　　　<科目>出資填補</科目>
　　　　　　<本年度預算數-金額>0</本年度預算數-金額>
　　　　　　<本年度預算數-百分比>0</本年度預算數-百分比>
　　　　　　<上年度預算數-金額>0</上年度預算數-金額>
　　　　　　<上年度預算數-百分比>0</上年度預算數-百分比>
　　　　　　<比較增減百分比>0</比較增減百分比>
　　　　</ROW>
　　　　<ROW>
　　　　　　<SEQNO>39</SEQNO>
　　　　　　<LEVEL>03</LEVEL>
　　　　　　<BOLD>1</BOLD>
　　　　　　<前年度決算數-金額>0</前年度決算數-金額>
　　　　　　<前年度決算數-百分比>0</前年度決算數-百分比>
　　　　　　<科目>地方政府負擔者</科目>
　　　　　　<本年度預算數-金額>0</本年度預算數-金額>
　　　　　　<本年度預算數-百分比>0</本年度預算數-百分比>
　　　　　　<上年度預算數-金額>0</上年度預算數-金額>
　　　　　　<上年度預算數-百分比>0</上年度預算數-百分比>
　　　　　　<比較增減百分比>0</比較增減百分比>
　　　　</ROW>
　　　　<ROW>
　　　　　　<SEQNO>40</SEQNO>
　　　　　　<LEVEL>04</LEVEL>
　　　　　　<BOLD>0</BOLD>
　　　　　　<前年度決算數-金額>0</前年度決算數-金額>
　　　　　　<前年度決算數-百分比>0</前年度決算數-百分比>
　　　　　　<科目>折減資本</科目>
　　　　　　<本年度預算數-金額>0</本年度預算數-金額>
　　　　　　<本年度預算數-百分比>0</本年度預算數-百分比>
　　　　　　<上年度預算數-金額>0</上年度預算數-金額>
　　　　　　<上年度預算數-百分比>0</上年度預算數-百分比>
　　　　　　<比較增減百分比>0</比較增減百分比>
　　　　</ROW>
　　　　<ROW>
　　　　　　<SEQNO>41</SEQNO>
　　　　　　<LEVEL>04</LEVEL>
　　　　　　<BOLD>0</BOLD>
　　　　　　<前年度決算數-金額>0</前年度決算數-金額>
　　　　　　<前年度決算數-百分比>0</前年度決算數-百分比>
　　　　　　<科目>出資填補</科目>
　　　　　　<本年度預算數-金額>0</本年度預算數-金額>
　　　　　　<本年度預算數-百分比>0</本年度預算數-百分比>
　　　　　　<上年度預算數-金額>0</上年度預算數-金額>
　　　　　　<上年度預算數-百分比>0</上年度預算數-百分比>
　　　　　　<比較增減百分比>0</比較增減百分比>
　　　　</ROW>
　　　　<ROW>
　　　　　　<SEQNO>42</SEQNO>
　　　　　　<LEVEL>03</LEVEL>
　　　　　　<BOLD>1</BOLD>
　　　　　　<前年度決算數-金額>0</前年度決算數-金額>
　　　　　　<前年度決算數-百分比>0</前年度決算數-百分比>
　　　　　　<科目>轉投資機關負擔者</科目>
　　　　　　<本年度預算數-金額>0</本年度預算數-金額>
　　　　　　<本年度預算數-百分比>0</本年度預算數-百分比>
　　　　　　<上年度預算數-金額>0</上年度預算數-金額>
　　　　　　<上年度預算數-百分比>0</上年度預算數-百分比>
　　　　　　<比較增減百分比>0</比較增減百分比>
　　　　</ROW>
　　　　<ROW>
　　　　　　<SEQNO>43</SEQNO>
　　　　　　<LEVEL>04</LEVEL>
　　　　　　<BOLD>0</BOLD>
　　　　　　<前年度決算數-金額>0</前年度決算數-金額>
　　　　　　<前年度決算數-百分比>0</前年度決算數-百分比>
　　　　　　<科目>折減資本</科目>
　　　　　　<本年度預算數-金額>0</本年度預算數-金額>
　　　　　　<本年度預算數-百分比>0</本年度預算數-百分比>
　　　　　　<上年度預算數-金額>0</上年度預算數-金額>
　　　　　　<上年度預算數-百分比>0</上年度預算數-百分比>
　　　　　　<比較增減百分比>0</比較增減百分比>
　　　　</ROW>
　　　　<ROW>
　　　　　　<SEQNO>44</SEQNO>
　　　　　　<LEVEL>04</LEVEL>
　　　　　　<BOLD>0</BOLD>
　　　　　　<前年度決算數-金額>0</前年度決算數-金額>
　　　　　　<前年度決算數-百分比>0</前年度決算數-百分比>
　　　　　　<科目>出資填補</科目>
　　　　　　<本年度預算數-金額>0</本年度預算數-金額>
　　　　　　<本年度預算數-百分比>0</本年度預算數-百分比>
　　　　　　<上年度預算數-金額>0</上年度預算數-金額>
　　　　　　<上年度預算數-百分比>0</上年度預算數-百分比>
　　　　　　<比較增減百分比>0</比較增減百分比>
　　　　</ROW>
　　　　<ROW>
　　　　　　<SEQNO>45</SEQNO>
　　　　　　<LEVEL>03</LEVEL>
　　　　　　<BOLD>1</BOLD>
　　　　　　<前年度決算數-金額>0</前年度決算數-金額>
　　　　　　<前年度決算數-百分比>0</前年度決算數-百分比>
　　　　　　<科目>其他政府機關負擔者</科目>
　　　　　　<本年度預算數-金額>0</本年度預算數-金額>
　　　　　　<本年度預算數-百分比>0</本年度預算數-百分比>
　　　　　　<上年度預算數-金額>0</上年度預算數-金額>
　　　　　　<上年度預算數-百分比>0</上年度預算數-百分比>
　　　　　　<比較增減百分比>0</比較增減百分比>
　　　　</ROW>
　　　　<ROW>
　　　　　　<SEQNO>46</SEQNO>
　　　　　　<LEVEL>04</LEVEL>
　　　　　　<BOLD>0</BOLD>
　　　　　　<前年度決算數-金額>0</前年度決算數-金額>
　　　　　　<前年度決算數-百分比>0</前年度決算數-百分比>
　　　　　　<科目>折減資本</科目>
　　　　　　<本年度預算數-金額>0</本年度預算數-金額>
　　　　　　<本年度預算數-百分比>0</本年度預算數-百分比>
　　　　　　<上年度預算數-金額>0</上年度預算數-金額>
　　　　　　<上年度預算數-百分比>0</上年度預算數-百分比>
　　　　　　<比較增減百分比>0</比較增減百分比>
　　　　</ROW>
　　　　<ROW>
　　　　　　<SEQNO>47</SEQNO>
　　　　　　<LEVEL>04</LEVEL>
　　　　　　<BOLD>0</BOLD>
　　　　　　<前年度決算數-金額>0</前年度決算數-金額>
　　　　　　<前年度決算數-百分比>0</前年度決算數-百分比>
　　　　　　<科目>出資填補</科目>
　　　　　　<本年度預算數-金額>0</本年度預算數-金額>
　　　　　　<本年度預算數-百分比>0</本年度預算數-百分比>
　　　　　　<上年度預算數-金額>0</上年度預算數-金額>
　　　　　　<上年度預算數-百分比>0</上年度預算數-百分比>
　　　　　　<比較增減百分比>0</比較增減百分比>
　　　　</ROW>
　　　　<ROW>
　　　　　　<SEQNO>48</SEQNO>
　　　　　　<LEVEL>03</LEVEL>
　　　　　　<BOLD>1</BOLD>
　　　　　　<前年度決算數-金額>0</前年度決算數-金額>
　　　　　　<前年度決算數-百分比>0</前年度決算數-百分比>
　　　　　　<科目>民股股東負擔者</科目>
　　　　　　<本年度預算數-金額>0</本年度預算數-金額>
　　　　　　<本年度預算數-百分比>0</本年度預算數-百分比>
　　　　　　<上年度預算數-金額>0</上年度預算數-金額>
　　　　　　<上年度預算數-百分比>0</上年度預算數-百分比>
　　　　　　<比較增減百分比>0</比較增減百分比>
　　　　</ROW>
　　　　<ROW>
　　　　　　<SEQNO>49</SEQNO>
　　　　　　<LEVEL>04</LEVEL>
　　　　　　<BOLD>0</BOLD>
　　　　　　<前年度決算數-金額>0</前年度決算數-金額>
　　　　　　<前年度決算數-百分比>0</前年度決算數-百分比>
　　　　　　<科目>折減資本</科目>
　　　　　　<本年度預算數-金額>0</本年度預算數-金額>
　　　　　　<本年度預算數-百分比>0</本年度預算數-百分比>
　　　　　　<上年度預算數-金額>0</上年度預算數-金額>
　　　　　　<上年度預算數-百分比>0</上年度預算數-百分比>
　　　　　　<比較增減百分比>0</比較增減百分比>
　　　　</ROW>
　　　　<ROW>
　　　　　　<SEQNO>50</SEQNO>
　　　　　　<LEVEL>04</LEVEL>
　　　　　　<BOLD>0</BOLD>
　　　　　　<前年度決算數-金額>0</前年度決算數-金額>
　　　　　　<前年度決算數-百分比>0</前年度決算數-百分比>
　　　　　　<科目>出資填補</科目>
　　　　　　<本年度預算數-金額>0</本年度預算數-金額>
　　　　　　<本年度預算數-百分比>0</本年度預算數-百分比>
　　　　　　<上年度預算數-金額>0</上年度預算數-金額>
　　　　　　<上年度預算數-百分比>0</上年度預算數-百分比>
　　　　　　<比較增減百分比>0</比較增減百分比>
　　　　</ROW>
　　　　<ROW>
　　　　　　<SEQNO>51</SEQNO>
　　　　　　<LEVEL>03</LEVEL>
　　　　　　<BOLD>1</BOLD>
　　　　　　<前年度決算數-金額>382103539</前年度決算數-金額>
　　　　　　<前年度決算數-百分比>100.00</前年度決算數-百分比>
　　　　　　<科目>事業機關負擔者</科目>
　　　　　　<本年度預算數-金額>368209658</本年度預算數-金額>
　　　　　　<本年度預算數-百分比>100.00</本年度預算數-百分比>
　　　　　　<上年度預算數-金額>384004520</上年度預算數-金額>
　　　　　　<上年度預算數-百分比>100.00</上年度預算數-百分比>
　　　　　　<比較增減百分比>-4.11</比較增減百分比>
　　　　</ROW>
　　　　<ROW>
　　　　　　<SEQNO>52</SEQNO>
　　　　　　<LEVEL>04</LEVEL>
　　　　　　<BOLD>0</BOLD>
　　　　　　<前年度決算數-金額>7104348</前年度決算數-金額>
　　　　　　<前年度決算數-百分比>1.86</前年度決算數-百分比>
　　　　　　<科目>撥用盈餘</科目>
　　　　　　<本年度預算數-金額>28087333</本年度預算數-金額>
　　　　　　<本年度預算數-百分比>7.63</本年度預算數-百分比>
　　　　　　<上年度預算數-金額>19141160</上年度預算數-金額>
　　　　　　<上年度預算數-百分比>4.98</上年度預算數-百分比>
　　　　　　<比較增減百分比>46.74</比較增減百分比>
　　　　</ROW>
　　　　<ROW>
　　　　　　<SEQNO>53</SEQNO>
　　　　　　<LEVEL>04</LEVEL>
　　　　　　<BOLD>0</BOLD>
　　　　　　<前年度決算數-金額>0</前年度決算數-金額>
　　　　　　<前年度決算數-百分比>0</前年度決算數-百分比>
　　　　　　<科目>撥用法定公積</科目>
　　　　　　<本年度預算數-金額>0</本年度預算數-金額>
　　　　　　<本年度預算數-百分比>0</本年度預算數-百分比>
　　　　　　<上年度預算數-金額>0</上年度預算數-金額>
　　　　　　<上年度預算數-百分比>0</上年度預算數-百分比>
　　　　　　<比較增減百分比>0</比較增減百分比>
　　　　</ROW>
　　　　<ROW>
　　　　　　<SEQNO>54</SEQNO>
　　　　　　<LEVEL>04</LEVEL>
　　　　　　<BOLD>0</BOLD>
　　　　　　<前年度決算數-金額>0</前年度決算數-金額>
　　　　　　<前年度決算數-百分比>0</前年度決算數-百分比>
　　　　　　<科目>撥用特別公積</科目>
　　　　　　<本年度預算數-金額>0</本年度預算數-金額>
　　　　　　<本年度預算數-百分比>0</本年度預算數-百分比>
　　　　　　<上年度預算數-金額>0</上年度預算數-金額>
　　　　　　<上年度預算數-百分比>0</上年度預算數-百分比>
　　　　　　<比較增減百分比>0</比較增減百分比>
　　　　</ROW>
　　　　<ROW>
　　　　　　<SEQNO>55</SEQNO>
　　　　　　<LEVEL>04</LEVEL>
　　　　　　<BOLD>0</BOLD>
　　　　　　<前年度決算數-金額>0</前年度決算數-金額>
　　　　　　<前年度決算數-百分比>0</前年度決算數-百分比>
　　　　　　<科目>撥用資本公積</科目>
　　　　　　<本年度預算數-金額>0</本年度預算數-金額>
　　　　　　<本年度預算數-百分比>0</本年度預算數-百分比>
　　　　　　<上年度預算數-金額>0</上年度預算數-金額>
　　　　　　<上年度預算數-百分比>0</上年度預算數-百分比>
　　　　　　<比較增減百分比>0</比較增減百分比>
　　　　</ROW>
　　　　<ROW>
　　　　　　<SEQNO>56</SEQNO>
　　　　　　<LEVEL>04</LEVEL>
　　　　　　<BOLD>0</BOLD>
　　　　　　<前年度決算數-金額>374999191</前年度決算數-金額>
　　　　　　<前年度決算數-百分比>98.14</前年度決算數-百分比>
　　　　　　<科目>待填補之虧損</科目>
　　　　　　<本年度預算數-金額>340122325</本年度預算數-金額>
　　　　　　<本年度預算數-百分比>92.37</本年度預算數-百分比>
　　　　　　<上年度預算數-金額>364863360</上年度預算數-金額>
　　　　　　<上年度預算數-百分比>95.02</上年度預算數-百分比>
　　　　　　<比較增減百分比>-6.78</比較增減百分比>
　　　　</ROW>
　　</DataSet>
</GenericData>

