<?xml version="1.0" encoding="UTF-8" standalone="yes"?>
<Root xmlns:xsi="http://www.w3.org/2001/XMLSchema-instance">
	<Row>
		<款>  </款>
		<項>  </項>
		<目>  </目>
		<科目名稱>合         計</科目名稱>
		<本年度預算數>1776640328</本年度預算數>
		<上年度預算數>1707156731</上年度預算數>
		<前年度決算數>1730496721</前年度決算數>
		<本年度與上年度比較>69483597</本年度與上年度比較>
	</Row>
	<Row>
		<款>  </款>
		<項>  </項>
		<目>  </目>
		<科目名稱>(1.稅課收入)</科目名稱>
		<本年度預算數>1319405000</本年度預算數>
		<上年度預算數>1271304000</上年度預算數>
		<前年度決算數>1218049938</前年度決算數>
		<本年度與上年度比較>48101000</本年度與上年度比較>
	</Row>
	<Row>
		<款>1</款>
		<項>  </項>
		<目>  </目>
		<科目名稱>稅課收入</科目名稱>
		<本年度預算數>1319405000</本年度預算數>
		<上年度預算數>1271304000</上年度預算數>
		<前年度決算數>1218049938</前年度決算數>
		<本年度與上年度比較>48101000</本年度與上年度比較>
	</Row>
	<Row>
		<款>  </款>
		<項>  </項>
		<目>1</目>
		<科目名稱>所得稅</科目名稱>
		<本年度預算數>697613000</本年度預算數>
		<上年度預算數>693081000</上年度預算數>
		<前年度決算數>668960570</前年度決算數>
		<本年度與上年度比較>4532000</本年度與上年度比較>
	</Row>
	<Row>
		<款>  </款>
		<項>  </項>
		<目>2</目>
		<科目名稱>遺產及贈與稅</科目名稱>
		<本年度預算數>11527000</本年度預算數>
		<上年度預算數>11300000</上年度預算數>
		<前年度決算數>10499438</前年度決算數>
		<本年度與上年度比較>227000</本年度與上年度比較>
	</Row>
	<Row>
		<款>  </款>
		<項>  </項>
		<目>3</目>
		<科目名稱>關稅</科目名稱>
		<本年度預算數>110000000</本年度預算數>
		<上年度預算數>97900000</上年度預算數>
		<前年度決算數>97008695</前年度決算數>
		<本年度與上年度比較>12100000</本年度與上年度比較>
	</Row>
	<Row>
		<款>  </款>
		<項>  </項>
		<目>4</目>
		<科目名稱>貨物稅</科目名稱>
		<本年度預算數>156723000</本年度預算數>
		<上年度預算數>153650000</上年度預算數>
		<前年度決算數>146253341</前年度決算數>
		<本年度與上年度比較>3073000</本年度與上年度比較>
	</Row>
	<Row>
		<款>  </款>
		<項>  </項>
		<目>5</目>
		<科目名稱>證券交易稅</科目名稱>
		<本年度預算數>94027000</本年度預算數>
		<上年度預算數>87117000</上年度預算數>
		<前年度決算數>71383426</前年度決算數>
		<本年度與上年度比較>6910000</本年度與上年度比較>
	</Row>
	<Row>
		<款>  </款>
		<項>  </項>
		<目>6</目>
		<科目名稱>期貨交易稅</科目名稱>
		<本年度預算數>2249000</本年度預算數>
		<上年度預算數>3680000</上年度預算數>
		<前年度決算數>2669191</前年度決算數>
		<本年度與上年度比較>-1431000</本年度與上年度比較>
	</Row>
	<Row>
		<款>  </款>
		<項>  </項>
		<目>7</目>
		<科目名稱>菸酒稅</科目名稱>
		<本年度預算數>34970000</本年度預算數>
		<上年度預算數>39437000</上年度預算數>
		<前年度決算數>35815205</前年度決算數>
		<本年度與上年度比較>-4467000</本年度與上年度比較>
	</Row>
	<Row>
		<款>  </款>
		<項>  </項>
		<目>8</目>
		<科目名稱>特種貨物及勞務稅</科目名稱>
		<本年度預算數>4560000</本年度預算數>
		<上年度預算數>3960000</上年度預算數>
		<前年度決算數>0</前年度決算數>
		<本年度與上年度比較>600000</本年度與上年度比較>
	</Row>
	<Row>
		<款>  </款>
		<項>  </項>
		<目>9</目>
		<科目名稱>營業稅</科目名稱>
		<本年度預算數>207736000</本年度預算數>
		<上年度預算數>181179000</上年度預算數>
		<前年度決算數>185460074</前年度決算數>
		<本年度與上年度比較>26557000</本年度與上年度比較>
	</Row>
	<Row>
		<款>  </款>
		<項>  </項>
		<目>  </目>
		<科目名稱>(3.規費及罰款收入)</科目名稱>
		<本年度預算數>105673839</本年度預算數>
		<上年度預算數>81020541</上年度預算數>
		<前年度決算數>197326190</前年度決算數>
		<本年度與上年度比較>24653298</本年度與上年度比較>
	</Row>
	<Row>
		<款>2</款>
		<項>  </項>
		<目>  </目>
		<科目名稱>罰款及賠償收入</科目名稱>
		<本年度預算數>21209161</本年度預算數>
		<上年度預算數>21617717</上年度預算數>
		<前年度決算數>21540915</前年度決算數>
		<本年度與上年度比較>-408556</本年度與上年度比較>
	</Row>
	<Row>
		<款>  </款>
		<項>  </項>
		<目>1</目>
		<科目名稱>罰金罰鍰及怠金</科目名稱>
		<本年度預算數>17154385</本年度預算數>
		<上年度預算數>18980756</上年度預算數>
		<前年度決算數>17617851</前年度決算數>
		<本年度與上年度比較>-1826371</本年度與上年度比較>
	</Row>
	<Row>
		<款>  </款>
		<項>  </項>
		<目>2</目>
		<科目名稱>沒入及沒收財物</科目名稱>
		<本年度預算數>3278154</本年度預算數>
		<上年度預算數>1829771</上年度預算數>
		<前年度決算數>2250763</前年度決算數>
		<本年度與上年度比較>1448383</本年度與上年度比較>
	</Row>
	<Row>
		<款>  </款>
		<項>  </項>
		<目>3</目>
		<科目名稱>賠償收入</科目名稱>
		<本年度預算數>776622</本年度預算數>
		<上年度預算數>807190</上年度預算數>
		<前年度決算數>1672301</前年度決算數>
		<本年度與上年度比較>-30568</本年度與上年度比較>
	</Row>
	<Row>
		<款>3</款>
		<項>  </項>
		<目>  </目>
		<科目名稱>規費收入</科目名稱>
		<本年度預算數>84464678</本年度預算數>
		<上年度預算數>59402824</上年度預算數>
		<前年度決算數>175785275</前年度決算數>
		<本年度與上年度比較>25061854</本年度與上年度比較>
	</Row>
	<Row>
		<款>  </款>
		<項>  </項>
		<目>1</目>
		<科目名稱>行政規費收入</科目名稱>
		<本年度預算數>46169103</本年度預算數>
		<上年度預算數>20907536</上年度預算數>
		<前年度決算數>139897573</前年度決算數>
		<本年度與上年度比較>25261567</本年度與上年度比較>
	</Row>
	<Row>
		<款>  </款>
		<項>  </項>
		<目>2</目>
		<科目名稱>司法規費收入</科目名稱>
		<本年度預算數>5916307</本年度預算數>
		<上年度預算數>5920148</上年度預算數>
		<前年度決算數>5331617</前年度決算數>
		<本年度與上年度比較>-3841</本年度與上年度比較>
	</Row>
	<Row>
		<款>  </款>
		<項>  </項>
		<目>3</目>
		<科目名稱>使用規費收入</科目名稱>
		<本年度預算數>32379268</本年度預算數>
		<上年度預算數>32575140</上年度預算數>
		<前年度決算數>30556086</前年度決算數>
		<本年度與上年度比較>-195872</本年度與上年度比較>
	</Row>
	<Row>
		<款>  </款>
		<項>  </項>
		<目>  </目>
		<科目名稱>(4.財產收入)</科目名稱>
		<本年度預算數>86768374</本年度預算數>
		<上年度預算數>85885098</上年度預算數>
		<前年度決算數>52246389</前年度決算數>
		<本年度與上年度比較>883276</本年度與上年度比較>
	</Row>
	<Row>
		<款>4</款>
		<項>  </項>
		<目>  </目>
		<科目名稱>財產收入</科目名稱>
		<本年度預算數>86768374</本年度預算數>
		<上年度預算數>85885098</上年度預算數>
		<前年度決算數>52246389</前年度決算數>
		<本年度與上年度比較>883276</本年度與上年度比較>
	</Row>
	<Row>
		<款>  </款>
		<項>  </項>
		<目>1</目>
		<科目名稱>財產孳息</科目名稱>
		<本年度預算數>9176250</本年度預算數>
		<上年度預算數>8804788</上年度預算數>
		<前年度決算數>12338493</前年度決算數>
		<本年度與上年度比較>371462</本年度與上年度比較>
	</Row>
	<Row>
		<款>  </款>
		<項>  </項>
		<目>2</目>
		<科目名稱>財產售價</科目名稱>
		<本年度預算數>45813485</本年度預算數>
		<上年度預算數>54652200</上年度預算數>
		<前年度決算數>13694118</前年度決算數>
		<本年度與上年度比較>-8838715</本年度與上年度比較>
	</Row>
	<Row>
		<款>  </款>
		<項>  </項>
		<目>3</目>
		<科目名稱>財產作價</科目名稱>
		<本年度預算數>14085179</本年度預算數>
		<上年度預算數>838391</上年度預算數>
		<前年度決算數>4797057</前年度決算數>
		<本年度與上年度比較>13246788</本年度與上年度比較>
	</Row>
	<Row>
		<款>  </款>
		<項>  </項>
		<目>4</目>
		<科目名稱>投資收回</科目名稱>
		<本年度預算數>17186706</本年度預算數>
		<上年度預算數>21117053</上年度預算數>
		<前年度決算數>20760452</前年度決算數>
		<本年度與上年度比較>-3930347</本年度與上年度比較>
	</Row>
	<Row>
		<款>  </款>
		<項>  </項>
		<目>5</目>
		<科目名稱>廢舊物資售價</科目名稱>
		<本年度預算數>506754</本年度預算數>
		<上年度預算數>472666</上年度預算數>
		<前年度決算數>656268</前年度決算數>
		<本年度與上年度比較>34088</本年度與上年度比較>
	</Row>
	<Row>
		<款>  </款>
		<項>  </項>
		<目>  </目>
		<科目名稱>(2.營業盈餘及事業收入)</科目名稱>
		<本年度預算數>254942715</本年度預算數>
		<上年度預算數>258911621</上年度預算數>
		<前年度決算數>250961577</前年度決算數>
		<本年度與上年度比較>-3968906</本年度與上年度比較>
	</Row>
	<Row>
		<款>5</款>
		<項>  </項>
		<目>  </目>
		<科目名稱>營業盈餘及事業收入</科目名稱>
		<本年度預算數>254942715</本年度預算數>
		<上年度預算數>258911621</上年度預算數>
		<前年度決算數>250961577</前年度決算數>
		<本年度與上年度比較>-3968906</本年度與上年度比較>
	</Row>
	<Row>
		<款>  </款>
		<項>  </項>
		<目>1</目>
		<科目名稱>營業基金盈餘繳庫</科目名稱>
		<本年度預算數>204765124</本年度預算數>
		<上年度預算數>206203507</上年度預算數>
		<前年度決算數>207791813</前年度決算數>
		<本年度與上年度比較>-1438383</本年度與上年度比較>
	</Row>
	<Row>
		<款>  </款>
		<項>  </項>
		<目>2</目>
		<科目名稱>非營業特種基金賸餘繳庫</科目名稱>
		<本年度預算數>29621049</本年度預算數>
		<上年度預算數>30357250</上年度預算數>
		<前年度決算數>22706788</前年度決算數>
		<本年度與上年度比較>-736201</本年度與上年度比較>
	</Row>
	<Row>
		<款>  </款>
		<項>  </項>
		<目>3</目>
		<科目名稱>投資收益</科目名稱>
		<本年度預算數>20556542</本年度預算數>
		<上年度預算數>22350864</上年度預算數>
		<前年度決算數>20462975</前年度決算數>
		<本年度與上年度比較>-1794322</本年度與上年度比較>
	</Row>
	<Row>
		<款>  </款>
		<項>  </項>
		<目>  </目>
		<科目名稱>(5.其他收入)</科目名稱>
		<本年度預算數>9850400</本年度預算數>
		<上年度預算數>10035471</上年度預算數>
		<前年度決算數>11912627</前年度決算數>
		<本年度與上年度比較>-185071</本年度與上年度比較>
	</Row>
	<Row>
		<款>6</款>
		<項>  </項>
		<目>  </目>
		<科目名稱>捐獻及贈與收入</科目名稱>
		<本年度預算數>0</本年度預算數>
		<上年度預算數>0</上年度預算數>
		<前年度決算數>376</前年度決算數>
		<本年度與上年度比較>0</本年度與上年度比較>
	</Row>
	<Row>
		<款>  </款>
		<項>  </項>
		<目>1</目>
		<科目名稱>捐獻收入</科目名稱>
		<本年度預算數>0</本年度預算數>
		<上年度預算數>0</上年度預算數>
		<前年度決算數>376</前年度決算數>
		<本年度與上年度比較>0</本年度與上年度比較>
	</Row>
	<Row>
		<款>7</款>
		<項>  </項>
		<目>  </目>
		<科目名稱>其他收入</科目名稱>
		<本年度預算數>9850400</本年度預算數>
		<上年度預算數>10035471</上年度預算數>
		<前年度決算數>11912252</前年度決算數>
		<本年度與上年度比較>-185071</本年度與上年度比較>
	</Row>
	<Row>
		<款>  </款>
		<項>  </項>
		<目>1</目>
		<科目名稱>學雜費收入</科目名稱>
		<本年度預算數>118503</本年度預算數>
		<上年度預算數>113422</上年度預算數>
		<前年度決算數>125669</前年度決算數>
		<本年度與上年度比較>5081</本年度與上年度比較>
	</Row>
	<Row>
		<款>  </款>
		<項>  </項>
		<目>2</目>
		<科目名稱>雜項收入</科目名稱>
		<本年度預算數>9731897</本年度預算數>
		<上年度預算數>9922049</上年度預算數>
		<前年度決算數>11786582</前年度決算數>
		<本年度與上年度比較>-190152</本年度與上年度比較>
	</Row>
</Root>