<?xml version="1.0" encoding="UTF-8" standalone="yes"?>
<Root xmlns:xsi="http://www.w3.org/2001/XMLSchema-instance">
	<Row>
		<款>  </款>
		<科目名稱>合   計</科目名稱>
		<本年度預算數>1620708121</本年度預算數>
		<上年度預算數>1614423708</上年度預算數>
		<前年度決算數>1548107594.536</前年度決算數>
		<本年度與上年度比較>6284413</本年度與上年度比較>
	</Row>
	<Row>
		<款>  </款>
		<科目名稱>(1.一般政務支出)</科目名稱>
		<本年度預算數>164530342</本年度預算數>
		<上年度預算數>161761096</上年度預算數>
		<前年度決算數>155766867.738</前年度決算數>
		<本年度與上年度比較>2769246</本年度與上年度比較>
	</Row>
	<Row>
		<款>1</款>
		<科目名稱>國務支出</科目名稱>
		<本年度預算數>1105767</本年度預算數>
		<上年度預算數>1116619</上年度預算數>
		<前年度決算數>1047334.957</前年度決算數>
		<本年度與上年度比較>-10852</本年度與上年度比較>
	</Row>
	<Row>
		<款>2</款>
		<科目名稱>行政支出</科目名稱>
		<本年度預算數>4668837</本年度預算數>
		<上年度預算數>4624652</上年度預算數>
		<前年度決算數>4577909.118</前年度決算數>
		<本年度與上年度比較>44185</本年度與上年度比較>
	</Row>
	<Row>
		<款>3</款>
		<科目名稱>立法支出</科目名稱>
		<本年度預算數>3158602</本年度預算數>
		<上年度預算數>3183837</上年度預算數>
		<前年度決算數>3041042.239</前年度決算數>
		<本年度與上年度比較>-25235</本年度與上年度比較>
	</Row>
	<Row>
		<款>4</款>
		<科目名稱>司法支出</科目名稱>
		<本年度預算數>46378922</本年度預算數>
		<上年度預算數>45602931</上年度預算數>
		<前年度決算數>44282751.774</前年度決算數>
		<本年度與上年度比較>775991</本年度與上年度比較>
	</Row>
	<Row>
		<款>5</款>
		<科目名稱>考試支出</科目名稱>
		<本年度預算數>1493124</本年度預算數>
		<上年度預算數>1496436</上年度預算數>
		<前年度決算數>1471830.631</前年度決算數>
		<本年度與上年度比較>-3312</本年度與上年度比較>
	</Row>
	<Row>
		<款>6</款>
		<科目名稱>監察支出</科目名稱>
		<本年度預算數>2017740</本年度預算數>
		<上年度預算數>1999287</上年度預算數>
		<前年度決算數>1984376.704</前年度決算數>
		<本年度與上年度比較>18453</本年度與上年度比較>
	</Row>
	<Row>
		<款>7</款>
		<科目名稱>民政支出</科目名稱>
		<本年度預算數>50328491</本年度預算數>
		<上年度預算數>48868783</上年度預算數>
		<前年度決算數>45254549.609</前年度決算數>
		<本年度與上年度比較>1459708</本年度與上年度比較>
	</Row>
	<Row>
		<款>8</款>
		<科目名稱>外交支出</科目名稱>
		<本年度預算數>23437402</本年度預算數>
		<上年度預算數>23679339</上年度預算數>
		<前年度決算數>23439943.446</前年度決算數>
		<本年度與上年度比較>-241937</本年度與上年度比較>
	</Row>
	<Row>
		<款>9</款>
		<科目名稱>財務支出</科目名稱>
		<本年度預算數>30828765</本年度預算數>
		<上年度預算數>30078670</上年度預算數>
		<前年度決算數>29635260.911</前年度決算數>
		<本年度與上年度比較>750095</本年度與上年度比較>
	</Row>
	<Row>
		<款>10</款>
		<科目名稱>邊政支出</科目名稱>
		<本年度預算數>114608</本年度預算數>
		<上年度預算數>124038</上年度預算數>
		<前年度決算數>111895.471</前年度決算數>
		<本年度與上年度比較>-9430</本年度與上年度比較>
	</Row>
	<Row>
		<款>11</款>
		<科目名稱>僑務支出</科目名稱>
		<本年度預算數>998084</本年度預算數>
		<上年度預算數>986504</上年度預算數>
		<前年度決算數>919972.878</前年度決算數>
		<本年度與上年度比較>11580</本年度與上年度比較>
	</Row>
	<Row>
		<款>  </款>
		<科目名稱>(2.國防支出)</科目名稱>
		<本年度預算數>284337795</本年度預算數>
		<上年度預算數>299406480</上年度預算數>
		<前年度決算數>277931718.507</前年度決算數>
		<本年度與上年度比較>-15068685</本年度與上年度比較>
	</Row>
	<Row>
		<款>12</款>
		<科目名稱>國防支出</科目名稱>
		<本年度預算數>284337795</本年度預算數>
		<上年度預算數>299406480</上年度預算數>
		<前年度決算數>277931718.507</前年度決算數>
		<本年度與上年度比較>-15068685</本年度與上年度比較>
	</Row>
	<Row>
		<款>  </款>
		<科目名稱>(3.教育科學文化支出)</科目名稱>
		<本年度預算數>287248920</本年度預算數>
		<上年度預算數>282909532</上年度預算數>
		<前年度決算數>268659325.043</前年度決算數>
		<本年度與上年度比較>4339388</本年度與上年度比較>
	</Row>
	<Row>
		<款>13</款>
		<科目名稱>教育支出</科目名稱>
		<本年度預算數>214059212</本年度預算數>
		<上年度預算數>210275586</上年度預算數>
		<前年度決算數>199081133.207</前年度決算數>
		<本年度與上年度比較>3783626</本年度與上年度比較>
	</Row>
	<Row>
		<款>14</款>
		<科目名稱>科學支出</科目名稱>
		<本年度預算數>56315740</本年度預算數>
		<上年度預算數>56441048</上年度預算數>
		<前年度決算數>53733062.726</前年度決算數>
		<本年度與上年度比較>-125308</本年度與上年度比較>
	</Row>
	<Row>
		<款>15</款>
		<科目名稱>文化支出</科目名稱>
		<本年度預算數>16873968</本年度預算數>
		<上年度預算數>16192898</上年度預算數>
		<前年度決算數>15845129.11</前年度決算數>
		<本年度與上年度比較>681070</本年度與上年度比較>
	</Row>
	<Row>
		<款>  </款>
		<科目名稱>(4.經濟發展支出)</科目名稱>
		<本年度預算數>95954463</本年度預算數>
		<上年度預算數>93642860</上年度預算數>
		<前年度決算數>80872959.053</前年度決算數>
		<本年度與上年度比較>2311603</本年度與上年度比較>
	</Row>
	<Row>
		<款>16</款>
		<科目名稱>農業支出</科目名稱>
		<本年度預算數>60118443</本年度預算數>
		<上年度預算數>57348135</上年度預算數>
		<前年度決算數>54863118.747</前年度決算數>
		<本年度與上年度比較>2770308</本年度與上年度比較>
	</Row>
	<Row>
		<款>17</款>
		<科目名稱>工業支出</科目名稱>
		<本年度預算數>2796111</本年度預算數>
		<上年度預算數>4235797</上年度預算數>
		<前年度決算數>3973141.299</前年度決算數>
		<本年度與上年度比較>-1439686</本年度與上年度比較>
	</Row>
	<Row>
		<款>18</款>
		<科目名稱>交通支出</科目名稱>
		<本年度預算數>14681474</本年度預算數>
		<上年度預算數>13954139</上年度預算數>
		<前年度決算數>11459125.374</前年度決算數>
		<本年度與上年度比較>727335</本年度與上年度比較>
	</Row>
	<Row>
		<款>19</款>
		<科目名稱>其他經濟服務支出</科目名稱>
		<本年度預算數>18358435</本年度預算數>
		<上年度預算數>18104789</上年度預算數>
		<前年度決算數>10577573.633</前年度決算數>
		<本年度與上年度比較>253646</本年度與上年度比較>
	</Row>
	<Row>
		<款>  </款>
		<科目名稱>(5.社會福利支出)</科目名稱>
		<本年度預算數>439388668</本年度預算數>
		<上年度預算數>421849885</上年度預算數>
		<前年度決算數>436540714.83</前年度決算數>
		<本年度與上年度比較>17538783</本年度與上年度比較>
	</Row>
	<Row>
		<款>20</款>
		<科目名稱>社會保險支出</科目名稱>
		<本年度預算數>296884182</本年度預算數>
		<上年度預算數>278940706</上年度預算數>
		<前年度決算數>296854648.157</前年度決算數>
		<本年度與上年度比較>17943476</本年度與上年度比較>
	</Row>
	<Row>
		<款>21</款>
		<科目名稱>社會救助支出</科目名稱>
		<本年度預算數>9262429</本年度預算數>
		<上年度預算數>10016970</上年度預算數>
		<前年度決算數>9971590.694</前年度決算數>
		<本年度與上年度比較>-754541</本年度與上年度比較>
	</Row>
	<Row>
		<款>22</款>
		<科目名稱>福利服務支出</科目名稱>
		<本年度預算數>113643521</本年度預算數>
		<上年度預算數>112191903</上年度預算數>
		<前年度決算數>109229915.931</前年度決算數>
		<本年度與上年度比較>1451618</本年度與上年度比較>
	</Row>
	<Row>
		<款>23</款>
		<科目名稱>國民就業支出</科目名稱>
		<本年度預算數>1816121</本年度預算數>
		<上年度預算數>1884502</上年度預算數>
		<前年度決算數>2146401.766</前年度決算數>
		<本年度與上年度比較>-68381</本年度與上年度比較>
	</Row>
	<Row>
		<款>24</款>
		<科目名稱>醫療保健支出</科目名稱>
		<本年度預算數>17782415</本年度預算數>
		<上年度預算數>18815804</上年度預算數>
		<前年度決算數>18338158.282</前年度決算數>
		<本年度與上年度比較>-1033389</本年度與上年度比較>
	</Row>
	<Row>
		<款>  </款>
		<科目名稱>(6.社區發展及環境保護支出)</科目名稱>
		<本年度預算數>3897850</本年度預算數>
		<上年度預算數>4224797</上年度預算數>
		<前年度決算數>3851695.887</前年度決算數>
		<本年度與上年度比較>-326947</本年度與上年度比較>
	</Row>
	<Row>
		<款>25</款>
		<科目名稱>環境保護支出</科目名稱>
		<本年度預算數>3897850</本年度預算數>
		<上年度預算數>4224797</上年度預算數>
		<前年度決算數>3851695.887</前年度決算數>
		<本年度與上年度比較>-326947</本年度與上年度比較>
	</Row>
	<Row>
		<款>  </款>
		<科目名稱>(7.退休撫卹支出)</科目名稱>
		<本年度預算數>141594905</本年度預算數>
		<上年度預算數>138015579</上年度預算數>
		<前年度決算數>132754320.35</前年度決算數>
		<本年度與上年度比較>3579326</本年度與上年度比較>
	</Row>
	<Row>
		<款>26</款>
		<科目名稱>退休撫卹給付支出</科目名稱>
		<本年度預算數>141411594</本年度預算數>
		<上年度預算數>137835844</上年度預算數>
		<前年度決算數>132575079.323</前年度決算數>
		<本年度與上年度比較>3575750</本年度與上年度比較>
	</Row>
	<Row>
		<款>27</款>
		<科目名稱>退休撫卹業務支出</科目名稱>
		<本年度預算數>183311</本年度預算數>
		<上年度預算數>179735</上年度預算數>
		<前年度決算數>179241.027</前年度決算數>
		<本年度與上年度比較>3576</本年度與上年度比較>
	</Row>
	<Row>
		<款>  </款>
		<科目名稱>(8.債務支出)</科目名稱>
		<本年度預算數>126753380</本年度預算數>
		<上年度預算數>127537620</上年度預算數>
		<前年度決算數>117435662.15</前年度決算數>
		<本年度與上年度比較>-784240</本年度與上年度比較>
	</Row>
	<Row>
		<款>28</款>
		<科目名稱>債務付息支出</科目名稱>
		<本年度預算數>126181380</本年度預算數>
		<上年度預算數>126965620</上年度預算數>
		<前年度決算數>116941371.576</前年度決算數>
		<本年度與上年度比較>-784240</本年度與上年度比較>
	</Row>
	<Row>
		<款>29</款>
		<科目名稱>還本付息事務支出</科目名稱>
		<本年度預算數>572000</本年度預算數>
		<上年度預算數>572000</上年度預算數>
		<前年度決算數>494290.574</前年度決算數>
		<本年度與上年度比較>0</本年度與上年度比較>
	</Row>
	<Row>
		<款>  </款>
		<科目名稱>(9.一般補助及其他支出)</科目名稱>
		<本年度預算數>77001798</本年度預算數>
		<上年度預算數>85075859</上年度預算數>
		<前年度決算數>74294330.978</前年度決算數>
		<本年度與上年度比較>-8074061</本年度與上年度比較>
	</Row>
	<Row>
		<款>30</款>
		<科目名稱>專案補助支出</科目名稱>
		<本年度預算數>45426175</本年度預算數>
		<上年度預算數>53281309</上年度預算數>
		<前年度決算數>49482513.747</前年度決算數>
		<本年度與上年度比較>-7855134</本年度與上年度比較>
	</Row>
	<Row>
		<款>31</款>
		<科目名稱>平衡預算補助支出</科目名稱>
		<本年度預算數>21940500</本年度預算數>
		<上年度預算數>22001943</上年度預算數>
		<前年度決算數>21318750</前年度決算數>
		<本年度與上年度比較>-61443</本年度與上年度比較>
	</Row>
	<Row>
		<款>32</款>
		<科目名稱>其他支出</科目名稱>
		<本年度預算數>4135123</本年度預算數>
		<上年度預算數>4292607</上年度預算數>
		<前年度決算數>3493067.231</前年度決算數>
		<本年度與上年度比較>-157484</本年度與上年度比較>
	</Row>
	<Row>
		<款>33</款>
		<科目名稱>第二預備金</科目名稱>
		<本年度預算數>5500000</本年度預算數>
		<上年度預算數>5500000</上年度預算數>
		<前年度決算數>0</前年度決算數>
		<本年度與上年度比較>0</本年度與上年度比較>
	</Row>
</Root>