<?xml version="1.0" encoding="UTF-8" standalone="yes"?>
<Root xmlns:xsi="http://www.w3.org/2001/XMLSchema-instance">
	<Row>
		<款>  </款>
		<科目名稱>  合    計  </科目名稱>
		<經常門>1620708121</經常門>
		<資本門>313927914</資本門>
		<合計>1934636035</合計>
		<百分比>100</百分比>
	</Row>
	<Row>
		<款>1</款>
		<科目名稱>總統府主管</科目名稱>
		<經常門>10952911</經常門>
		<資本門>5979163</資本門>
		<合計>16932074</合計>
		<百分比>0.8752</百分比>
	</Row>
	<Row>
		<款>2</款>
		<科目名稱>行政院主管</科目名稱>
		<經常門>19314432</經常門>
		<資本門>6076971</資本門>
		<合計>25391403</合計>
		<百分比>1.3124</百分比>
	</Row>
	<Row>
		<款>3</款>
		<科目名稱>立法院主管</科目名稱>
		<經常門>3158602</經常門>
		<資本門>378279</資本門>
		<合計>3536881</合計>
		<百分比>0.1828</百分比>
	</Row>
	<Row>
		<款>4</款>
		<科目名稱>司法院主管</科目名稱>
		<經常門>19287732</經常門>
		<資本門>1984813</資本門>
		<合計>21272545</合計>
		<百分比>1.0995</百分比>
	</Row>
	<Row>
		<款>5</款>
		<科目名稱>考試院主管</科目名稱>
		<經常門>26315730</經常門>
		<資本門>87404</資本門>
		<合計>26403134</合計>
		<百分比>1.3647</百分比>
	</Row>
	<Row>
		<款>6</款>
		<科目名稱>監察院主管</科目名稱>
		<經常門>2017740</經常門>
		<資本門>146664</資本門>
		<合計>2164404</合計>
		<百分比>0.1118</百分比>
	</Row>
	<Row>
		<款>7</款>
		<科目名稱>內政部主管</科目名稱>
		<經常門>63021752</經常門>
		<資本門>23545464</資本門>
		<合計>86567216</合計>
		<百分比>4.4745</百分比>
	</Row>
	<Row>
		<款>8</款>
		<科目名稱>外交部主管</科目名稱>
		<經常門>23437402</經常門>
		<資本門>757815</資本門>
		<合計>24195217</合計>
		<百分比>1.2506</百分比>
	</Row>
	<Row>
		<款>9</款>
		<科目名稱>國防部主管</科目名稱>
		<經常門>291087766</經常門>
		<資本門>21679281</資本門>
		<合計>312767047</合計>
		<百分比>16.1667</百分比>
	</Row>
	<Row>
		<款>10</款>
		<科目名稱>財政部主管</科目名稱>
		<經常門>188413016</經常門>
		<資本門>801552</資本門>
		<合計>189214568</合計>
		<百分比>9.7803</百分比>
	</Row>
	<Row>
		<款>11</款>
		<科目名稱>教育部主管</科目名稱>
		<經常門>188547612</經常門>
		<資本門>28707929</資本門>
		<合計>217255541</合計>
		<百分比>11.2297</百分比>
	</Row>
	<Row>
		<款>12</款>
		<科目名稱>法務部主管</科目名稱>
		<經常門>28275341</經常門>
		<資本門>1786736</資本門>
		<合計>30062077</合計>
		<百分比>1.5538</百分比>
	</Row>
	<Row>
		<款>13</款>
		<科目名稱>經濟部主管</科目名稱>
		<經常門>37700009</經常門>
		<資本門>15464420</資本門>
		<合計>53164429</合計>
		<百分比>2.748</百分比>
	</Row>
	<Row>
		<款>14</款>
		<科目名稱>交通部主管</科目名稱>
		<經常門>16570921</經常門>
		<資本門>88889882</資本門>
		<合計>105460803</合計>
		<百分比>5.4511</百分比>
	</Row>
	<Row>
		<款>15</款>
		<科目名稱>勞動部主管</科目名稱>
		<經常門>121225632</經常門>
		<資本門>275912</資本門>
		<合計>121501544</合計>
		<百分比>6.2803</百分比>
	</Row>
	<Row>
		<款>16</款>
		<科目名稱>蒙藏委員會主管</科目名稱>
		<經常門>114608</經常門>
		<資本門>2047</資本門>
		<合計>116655</合計>
		<百分比>0.006</百分比>
	</Row>
	<Row>
		<款>17</款>
		<科目名稱>僑務委員會主管</科目名稱>
		<經常門>1280693</經常門>
		<資本門>84948</資本門>
		<合計>1365641</合計>
		<百分比>0.0705</百分比>
	</Row>
	<Row>
		<款>18</款>
		<科目名稱>原子能委員會主管</科目名稱>
		<經常門>2649813</經常門>
		<資本門>297631</資本門>
		<合計>2947444</合計>
		<百分比>0.1523</百分比>
	</Row>
	<Row>
		<款>19</款>
		<科目名稱>農業委員會主管</科目名稱>
		<經常門>107144162</經常門>
		<資本門>15726934</資本門>
		<合計>122871096</合計>
		<百分比>6.3511</百分比>
	</Row>
	<Row>
		<款>20</款>
		<科目名稱>衛生福利部主管</科目名稱>
		<經常門>173925733</經常門>
		<資本門>1467367</資本門>
		<合計>175393100</合計>
		<百分比>9.0659</百分比>
	</Row>
	<Row>
		<款>21</款>
		<科目名稱>環境保護署主管</科目名稱>
		<經常門>2659985</經常門>
		<資本門>1550967</資本門>
		<合計>4210952</合計>
		<百分比>0.2176</百分比>
	</Row>
	<Row>
		<款>22</款>
		<科目名稱>文化部主管</科目名稱>
		<經常門>11165924</經常門>
		<資本門>5575459</資本門>
		<合計>16741383</合計>
		<百分比>0.8653</百分比>
	</Row>
	<Row>
		<款>23</款>
		<科目名稱>海岸巡防署主管</科目名稱>
		<經常門>10678735</經常門>
		<資本門>4176451</資本門>
		<合計>14855186</合計>
		<百分比>0.7678</百分比>
	</Row>
	<Row>
		<款>24</款>
		<科目名稱>科技部主管</科目名稱>
		<經常門>8360759</經常門>
		<資本門>40650425</資本門>
		<合計>49011184</合計>
		<百分比>2.5333</百分比>
	</Row>
	<Row>
		<款>25</款>
		<科目名稱>金融監督管理委員會主管</科目名稱>
		<經常門>1402673</經常門>
		<資本門>39070</資本門>
		<合計>1441743</合計>
		<百分比>0.0745</百分比>
	</Row>
	<Row>
		<款>26</款>
		<科目名稱>國軍退除役官兵輔導委員會主管</科目名稱>
		<經常門>125571774</經常門>
		<資本門>247482</資本門>
		<合計>125819256</合計>
		<百分比>6.5035</百分比>
	</Row>
	<Row>
		<款>27</款>
		<科目名稱>省市地方政府</科目名稱>
		<經常門>130426664</經常門>
		<資本門>44046848</資本門>
		<合計>174473512</合計>
		<百分比>9.0184</百分比>
	</Row>
	<Row>
		<款>28</款>
		<科目名稱>災害準備金</科目名稱>
		<經常門>500000</經常門>
		<資本門>1500000</資本門>
		<合計>2000000</合計>
		<百分比>0.1033</百分比>
	</Row>
	<Row>
		<款>29</款>
		<科目名稱>第二預備金</科目名稱>
		<經常門>5500000</經常門>
		<資本門>2000000</資本門>
		<合計>7500000</合計>
		<百分比>0.3876</百分比>
	</Row>
</Root>