<?xml version="1.0" encoding="UTF-8"?>
<tables>
    <BCME3450>
        <BCME3450_row>
            <objectNo>合計</objectNo>
            <budgetno_3523174100>72020.00</budgetno_3523174100>
            <total>72020.00</total>
        </BCME3450_row>
        <BCME3450_row>
            <objectNo>0100 人事費</objectNo>
            <budgetno_3523174100>63921.00</budgetno_3523174100>
            <total>63921.00</total>
        </BCME3450_row>
        <BCME3450_row>
            <objectNo>  0103 法定編制人員待遇</objectNo>
            <budgetno_3523174100>38255.00</budgetno_3523174100>
            <total>38255.00</total>
        </BCME3450_row>
        <BCME3450_row>
            <objectNo>  0104 約聘僱人員待遇</objectNo>
            <budgetno_3523174100>2378.00</budgetno_3523174100>
            <total>2378.00</total>
        </BCME3450_row>
        <BCME3450_row>
            <objectNo>  0105 技工及工友待遇</objectNo>
            <budgetno_3523174100>1240.00</budgetno_3523174100>
            <total>1240.00</total>
        </BCME3450_row>
        <BCME3450_row>
            <objectNo>  0111 獎金</objectNo>
            <budgetno_3523174100>8529.00</budgetno_3523174100>
            <total>8529.00</total>
        </BCME3450_row>
        <BCME3450_row>
            <objectNo>  0121 其他給與</objectNo>
            <budgetno_3523174100>639.00</budgetno_3523174100>
            <total>639.00</total>
        </BCME3450_row>
        <BCME3450_row>
            <objectNo>  0131 加班值班費</objectNo>
            <budgetno_3523174100>5666.00</budgetno_3523174100>
            <total>5666.00</total>
        </BCME3450_row>
        <BCME3450_row>
            <objectNo>  0143 退休離職儲金</objectNo>
            <budgetno_3523174100>3264.00</budgetno_3523174100>
            <total>3264.00</total>
        </BCME3450_row>
        <BCME3450_row>
            <objectNo>  0151 保險</objectNo>
            <budgetno_3523174100>3950.00</budgetno_3523174100>
            <total>3950.00</total>
        </BCME3450_row>
        <BCME3450_row>
            <objectNo>0200 業務費</objectNo>
            <budgetno_3523174100>7223.00</budgetno_3523174100>
            <total>7223.00</total>
        </BCME3450_row>
        <BCME3450_row>
            <objectNo>  0201 教育訓練費</objectNo>
            <budgetno_3523174100>164.00</budgetno_3523174100>
            <total>164.00</total>
        </BCME3450_row>
        <BCME3450_row>
            <objectNo>  0202 水電費</objectNo>
            <budgetno_3523174100>933.00</budgetno_3523174100>
            <total>933.00</total>
        </BCME3450_row>
        <BCME3450_row>
            <objectNo>  0203 通訊費</objectNo>
            <budgetno_3523174100>443.00</budgetno_3523174100>
            <total>443.00</total>
        </BCME3450_row>
        <BCME3450_row>
            <objectNo>  0215 資訊服務費</objectNo>
            <budgetno_3523174100>315.00</budgetno_3523174100>
            <total>315.00</total>
        </BCME3450_row>
        <BCME3450_row>
            <objectNo>  0221 稅捐及規費</objectNo>
            <budgetno_3523174100>32.00</budgetno_3523174100>
            <total>32.00</total>
        </BCME3450_row>
        <BCME3450_row>
            <objectNo>  0231 保險費</objectNo>
            <budgetno_3523174100>21.00</budgetno_3523174100>
            <total>21.00</total>
        </BCME3450_row>
        <BCME3450_row>
            <objectNo>  0250 按日按件計資酬金</objectNo>
            <budgetno_3523174100>426.00</budgetno_3523174100>
            <total>426.00</total>
        </BCME3450_row>
        <BCME3450_row>
            <objectNo>  0262 國內組織會費</objectNo>
            <budgetno_3523174100>5.00</budgetno_3523174100>
            <total>5.00</total>
        </BCME3450_row>
        <BCME3450_row>
            <objectNo>  0271 物品</objectNo>
            <budgetno_3523174100>1194.00</budgetno_3523174100>
            <total>1194.00</total>
        </BCME3450_row>
        <BCME3450_row>
            <objectNo>  0279 一般事務費</objectNo>
            <budgetno_3523174100>2224.00</budgetno_3523174100>
            <total>2224.00</total>
        </BCME3450_row>
        <BCME3450_row>
            <objectNo>  0282 房屋建築養護費</objectNo>
            <budgetno_3523174100>120.00</budgetno_3523174100>
            <total>120.00</total>
        </BCME3450_row>
        <BCME3450_row>
            <objectNo>  0283 車輛及辦公器具養護費</objectNo>
            <budgetno_3523174100>106.00</budgetno_3523174100>
            <total>106.00</total>
        </BCME3450_row>
        <BCME3450_row>
            <objectNo>  0284 設施及機械設備養護費</objectNo>
            <budgetno_3523174100>896.00</budgetno_3523174100>
            <total>896.00</total>
        </BCME3450_row>
        <BCME3450_row>
            <objectNo>  0291 國內旅費</objectNo>
            <budgetno_3523174100>280.00</budgetno_3523174100>
            <total>280.00</total>
        </BCME3450_row>
        <BCME3450_row>
            <objectNo>  0295 短程車資</objectNo>
            <budgetno_3523174100>10.00</budgetno_3523174100>
            <total>10.00</total>
        </BCME3450_row>
        <BCME3450_row>
            <objectNo>  0299 特別費</objectNo>
            <budgetno_3523174100>54.00</budgetno_3523174100>
            <total>54.00</total>
        </BCME3450_row>
        <BCME3450_row>
            <objectNo>0300 設備及投資</objectNo>
            <budgetno_3523174100>708.00</budgetno_3523174100>
            <total>708.00</total>
        </BCME3450_row>
        <BCME3450_row>
            <objectNo>  0304 機械設備費</objectNo>
            <budgetno_3523174100>111.00</budgetno_3523174100>
            <total>111.00</total>
        </BCME3450_row>
        <BCME3450_row>
            <objectNo>  0319 雜項設備費</objectNo>
            <budgetno_3523174100>597.00</budgetno_3523174100>
            <total>597.00</total>
        </BCME3450_row>
        <BCME3450_row>
            <objectNo>0400 獎補助費</objectNo>
            <budgetno_3523174100>168.00</budgetno_3523174100>
            <total>168.00</total>
        </BCME3450_row>
        <BCME3450_row>
            <objectNo>  0475 獎勵及慰問</objectNo>
            <budgetno_3523174100>168.00</budgetno_3523174100>
            <total>168.00</total>
        </BCME3450_row>
    </BCME3450>
</tables>
