<?xml version="1.0" encoding="UTF-8" standalone="yes"?>
<Root xmlns:xsi="http://www.w3.org/2001/XMLSchema-instance">
	<Row>
		<項目>一、歲入合計</項目>
		<本年度預算數>2300218</本年度預算數>
		<上年度預算數>2200839</上年度預算數>
		<比較>99379</比較>
	</Row>
	<Row>
		<項目>1.稅課及專賣收入</項目>
		<本年度預算數>1611089</本年度預算數>
		<上年度預算數>1568756</上年度預算數>
		<比較>42333</比較>
	</Row>
	<Row>
		<項目>2.營業盈餘及事業收入</項目>
		<本年度預算數>294960</本年度預算數>
		<上年度預算數>282965</上年度預算數>
		<比較>11995</比較>
	</Row>
	<Row>
		<項目>3.規費及罰鍰收入</項目>
		<本年度預算數>137932</本年度預算數>
		<上年度預算數>138755</上年度預算數>
		<比較>-823</比較>
	</Row>
	<Row>
		<項目>4.財產收入</項目>
		<本年度預算數>100286</本年度預算數>
		<上年度預算數>93297</上年度預算數>
		<比較>6989</比較>
	</Row>
	<Row>
		<項目>5.其他收入</項目>
		<本年度預算數>155951</本年度預算數>
		<上年度預算數>117066</上年度預算數>
		<比較>38885</比較>
	</Row>
	<Row>
		<項目>二、歲出合計</項目>
		<本年度預算數>2734760</本年度預算數>
		<上年度預算數>2727261</上年度預算數>
		<比較>7499</比較>
	</Row>
	<Row>
		<項目>1.一般政務支出</項目>
		<本年度預算數>395178</本年度預算數>
		<上年度預算數>394351</上年度預算數>
		<比較>827</比較>
	</Row>
	<Row>
		<項目>2.國防支出</項目>
		<本年度預算數>284635</本年度預算數>
		<上年度預算數>286342</上年度預算數>
		<比較>-1707</比較>
	</Row>
	<Row>
		<項目>3.教育科學文化支出</項目>
		<本年度預算數>613917</本年度預算數>
		<上年度預算數>609759</上年度預算數>
		<比較>4158</比較>
	</Row>
	<Row>
		<項目>4.經濟發展支出</項目>
		<本年度預算數>511352</本年度預算數>
		<上年度預算數>521178</上年度預算數>
		<比較>-9826</比較>
	</Row>
	<Row>
		<項目>5.社會福利支出</項目>
		<本年度預算數>457970</本年度預算數>
		<上年度預算數>436907</上年度預算數>
		<比較>21063</比較>
	</Row>
	<Row>
		<項目>6.社區發展及環境保護支出</項目>
		<本年度預算數>77726</本年度預算數>
		<上年度預算數>79766</上年度預算數>
		<比較>-2040</比較>
	</Row>
	<Row>
		<項目>7.退休撫卹支出</項目>
		<本年度預算數>213452</本年度預算數>
		<上年度預算數>214618</上年度預算數>
		<比較>-1166</比較>
	</Row>
	<Row>
		<項目>8.債務支出</項目>
		<本年度預算數>143322</本年度預算數>
		<上年度預算數>141237</上年度預算數>
		<比較>2085</比較>
	</Row>
	<Row>
		<項目>9.一般補助及其他支出</項目>
		<本年度預算數>37208</本年度預算數>
		<上年度預算數>43103</上年度預算數>
		<比較>-5895</比較>
	</Row>
	<Row>
		<項目>三、歲入歲出餘絀</項目>
		<本年度預算數>-434542</本年度預算數>
		<上年度預算數>-526422</上年度預算數>
		<比較>91880</比較>
	</Row>
</Root>