<?xml version="1.0" encoding="UTF-8" standalone="yes"?>
<Root xmlns:xsi="http://www.w3.org/2001/XMLSchema-instance">
	<Row>
		<項目>一、歲入部分合計　金　額</項目>
		<合計_金額>1627246853</合計_金額>
		<合計_百分比>  </合計_百分比>
		<經常門預算數>1555728232</經常門預算數>
		<資本門預算數>71518621</資本門預算數>
	</Row>
	<Row>
		<項目>　　　　　　　　　百分比</項目>
		<合計_金額>  </合計_金額>
		<合計_百分比>100</合計_百分比>
		<經常門預算數>95.6</經常門預算數>
		<資本門預算數>4.4</資本門預算數>
	</Row>
	<Row>
		<項目>1.稅課收入</項目>
		<合計_金額>1155070000</合計_金額>
		<合計_百分比>71</合計_百分比>
		<經常門預算數>1155070000</經常門預算數>
		<資本門預算數>-</資本門預算數>
	</Row>
	<Row>
		<項目>2.營業盈餘及事業收入</項目>
		<合計_金額>258240058</合計_金額>
		<合計_百分比>15.9</合計_百分比>
		<經常門預算數>258240058</經常門預算數>
		<資本門預算數>-</資本門預算數>
	</Row>
	<Row>
		<項目>3.規費及罰款收入</項目>
		<合計_金額>84771633</合計_金額>
		<合計_百分比>5.2</合計_百分比>
		<經常門預算數>84771633</經常門預算數>
		<資本門預算數>-</資本門預算數>
	</Row>
	<Row>
		<項目>4.財產收入</項目>
		<合計_金額>79276293</合計_金額>
		<合計_百分比>4.9</合計_百分比>
		<經常門預算數>7757672</經常門預算數>
		<資本門預算數>71518621</資本門預算數>
	</Row>
	<Row>
		<項目>5.其他收入</項目>
		<合計_金額>49888869</合計_金額>
		<合計_百分比>3.1</合計_百分比>
		<經常門預算數>49888869</經常門預算數>
		<資本門預算數>-</資本門預算數>
	</Row>
	<Row>
		<項目>二、歲出部分合計　金　額</項目>
		<合計_金額>1769844184</合計_金額>
		<合計_百分比>  </合計_百分比>
		<經常門預算數>1501865101</經常門預算數>
		<資本門預算數>267979083</資本門預算數>
	</Row>
	<Row>
		<項目>　　　　　　　　　百分比</項目>
		<合計_金額>  </合計_金額>
		<合計_百分比>100</合計_百分比>
		<經常門預算數>84.9</經常門預算數>
		<資本門預算數>15.1</資本門預算數>
	</Row>
	<Row>
		<項目>1.一般政務支出</項目>
		<合計_金額>184160041</合計_金額>
		<合計_百分比>10.4</合計_百分比>
		<經常門預算數>166703229</經常門預算數>
		<資本門預算數>17456812</資本門預算數>
	</Row>
	<Row>
		<項目>2.國防支出</項目>
		<合計_金額>284634734</合計_金額>
		<合計_百分比>16.1</合計_百分比>
		<經常門預算數>273031939</經常門預算數>
		<資本門預算數>11602795</資本門預算數>
	</Row>
	<Row>
		<項目>3.教育科學文化支出</項目>
		<合計_金額>353850511</合計_金額>
		<合計_百分比>20</合計_百分比>
		<經常門預算數>271768737</經常門預算數>
		<資本門預算數>82081774</資本門預算數>
	</Row>
	<Row>
		<項目>4.經濟發展支出</項目>
		<合計_金額>219287122</合計_金額>
		<合計_百分比>12.4</合計_百分比>
		<經常門預算數>72225807</經常門預算數>
		<資本門預算數>147061315</資本門預算數>
	</Row>
	<Row>
		<項目>5.社會福利支出</項目>
		<合計_金額>346292491</合計_金額>
		<合計_百分比>19.6</合計_百分比>
		<經常門預算數>343153609</經常門預算數>
		<資本門預算數>3138882</資本門預算數>
	</Row>
	<Row>
		<項目>6.社區發展及環境保護支出</項目>
		<合計_金額>7165722</合計_金額>
		<合計_百分比>0.4</合計_百分比>
		<經常門預算數>4617279</經常門預算數>
		<資本門預算數>2548443</資本門預算數>
	</Row>
	<Row>
		<項目>7.退休撫卹支出</項目>
		<合計_金額>133952656</合計_金額>
		<合計_百分比>7.6</合計_百分比>
		<經常門預算數>133936829</經常門預算數>
		<資本門預算數>15827</資本門預算數>
	</Row>
	<Row>
		<項目>8.債務支出</項目>
		<合計_金額>130104965</合計_金額>
		<合計_百分比>7.4</合計_百分比>
		<經常門預算數>130104965</經常門預算數>
		<資本門預算數>-</資本門預算數>
	</Row>
	<Row>
		<項目>9.一般補助及其他支出</項目>
		<合計_金額>110395942</合計_金額>
		<合計_百分比>6.2</合計_百分比>
		<經常門預算數>106322707</經常門預算數>
		<資本門預算數>4073235</資本門預算數>
	</Row>
	<Row>
		<項目>三、歲  入  歲  出  餘  絀</項目>
		<合計_金額>-142597331</合計_金額>
		<合計_百分比>-</合計_百分比>
		<經常門預算數>53863131</經常門預算數>
		<資本門預算數>-196460462</資本門預算數>
	</Row>
</Root>