<?xml version="1.0" encoding="UTF-8" standalone="yes"?>
<Root xmlns:xsi="http://www.w3.org/2001/XMLSchema-instance">
	<Row>
		<款>  </款>
		<科目名稱>合          計</科目名稱>
		<經常門>1501865101</經常門>
		<資本門>267979083</資本門>
		<合計>1769844184</合計>
		<百分比>100</百分比>
	</Row>
	<Row>
		<款>1</款>
		<科目名稱>總統府主管</科目名稱>
		<經常門>10072953</經常門>
		<資本門>4106213</資本門>
		<合計>14179166</合計>
		<百分比>0.801153</百分比>
	</Row>
	<Row>
		<款>2</款>
		<科目名稱>行政院主管</科目名稱>
		<經常門>34160916</經常門>
		<資本門>11238699</資本門>
		<合計>45399615</合計>
		<百分比>2.565176</百分比>
	</Row>
	<Row>
		<款>3</款>
		<科目名稱>立法院主管</科目名稱>
		<經常門>3226890</經常門>
		<資本門>298318</資本門>
		<合計>3525208</合計>
		<百分比>0.199182</百分比>
	</Row>
	<Row>
		<款>4</款>
		<科目名稱>司法院主管</科目名稱>
		<經常門>18202992</經常門>
		<資本門>1138781</資本門>
		<合計>19341773</合計>
		<百分比>1.092852</百分比>
	</Row>
	<Row>
		<款>5</款>
		<科目名稱>考試院主管</科目名稱>
		<經常門>20770571</經常門>
		<資本門>65292</資本門>
		<合計>20835863</合計>
		<百分比>1.177271</百分比>
	</Row>
	<Row>
		<款>6</款>
		<科目名稱>監察院主管</科目名稱>
		<經常門>2019646</經常門>
		<資本門>71833</資本門>
		<合計>2091479</合計>
		<百分比>0.118173</百分比>
	</Row>
	<Row>
		<款>7</款>
		<科目名稱>內政部主管</科目名稱>
		<經常門>117614396</經常門>
		<資本門>10983551</資本門>
		<合計>128597947</合計>
		<百分比>7.26606</百分比>
	</Row>
	<Row>
		<款>8</款>
		<科目名稱>外交部主管</科目名稱>
		<經常門>28732097</經常門>
		<資本門>724142</資本門>
		<合計>29456239</合計>
		<百分比>1.664341</百分比>
	</Row>
	<Row>
		<款>9</款>
		<科目名稱>國防部主管</科目名稱>
		<經常門>282581982</經常門>
		<資本門>12006362</資本門>
		<合計>294588344</合計>
		<百分比>16.644875</百分比>
	</Row>
	<Row>
		<款>10</款>
		<科目名稱>財政部主管</科目名稱>
		<經常門>192685483</經常門>
		<資本門>9535805</資本門>
		<合計>202221288</合計>
		<百分比>11.425937</百分比>
	</Row>
	<Row>
		<款>11</款>
		<科目名稱>教育部主管</科目名稱>
		<經常門>154477807</經常門>
		<資本門>23809859</資本門>
		<合計>178287666</合計>
		<百分比>10.073636</百分比>
	</Row>
	<Row>
		<款>12</款>
		<科目名稱>法務部主管</科目名稱>
		<經常門>26185637</經常門>
		<資本門>1764144</資本門>
		<合計>27949781</合計>
		<百分比>1.579223</百分比>
	</Row>
	<Row>
		<款>13</款>
		<科目名稱>經濟部主管</科目名稱>
		<經常門>38884682</經常門>
		<資本門>16168998</資本門>
		<合計>55053680</合計>
		<百分比>3.110651</百分比>
	</Row>
	<Row>
		<款>14</款>
		<科目名稱>交通部主管</科目名稱>
		<經常門>12842341</經常門>
		<資本門>69343267</資本門>
		<合計>82185608</合計>
		<百分比>4.643663</百分比>
	</Row>
	<Row>
		<款>15</款>
		<科目名稱>蒙藏委員會主管</科目名稱>
		<經常門>134297</經常門>
		<資本門>23530</資本門>
		<合計>157827</合計>
		<百分比>0.008918</百分比>
	</Row>
	<Row>
		<款>16</款>
		<科目名稱>僑務委員會主管</科目名稱>
		<經常門>1341389</經常門>
		<資本門>197913</資本門>
		<合計>1539302</合計>
		<百分比>0.086974</百分比>
	</Row>
	<Row>
		<款>17</款>
		<科目名稱>國軍退除役官兵輔導委員會主管</科目名稱>
		<經常門>130627375</經常門>
		<資本門>485827</資本門>
		<合計>131113202</合計>
		<百分比>7.408178</百分比>
	</Row>
	<Row>
		<款>18</款>
		<科目名稱>國家科學委員會主管</科目名稱>
		<經常門>7833387</經常門>
		<資本門>35026482</資本門>
		<合計>42859869</合計>
		<百分比>2.421675</百分比>
	</Row>
	<Row>
		<款>19</款>
		<科目名稱>原子能委員會主管</科目名稱>
		<經常門>2596637</經常門>
		<資本門>431002</資本門>
		<合計>3027639</合計>
		<百分比>0.171068</百分比>
	</Row>
	<Row>
		<款>20</款>
		<科目名稱>農業委員會主管</科目名稱>
		<經常門>81258161</經常門>
		<資本門>14414807</資本門>
		<合計>95672968</合計>
		<百分比>5.405728</百分比>
	</Row>
	<Row>
		<款>21</款>
		<科目名稱>勞工委員會主管</科目名稱>
		<經常門>54643961</經常門>
		<資本門>59775</資本門>
		<合計>54703736</合計>
		<百分比>3.090879</百分比>
	</Row>
	<Row>
		<款>22</款>
		<科目名稱>衛生署主管</科目名稱>
		<經常門>66760183</經常門>
		<資本門>2254915</資本門>
		<合計>69015098</合計>
		<百分比>3.899501</百分比>
	</Row>
	<Row>
		<款>23</款>
		<科目名稱>環境保護署主管</科目名稱>
		<經常門>3854837</經常門>
		<資本門>2540593</資本門>
		<合計>6395430</合計>
		<百分比>0.361356</百分比>
	</Row>
	<Row>
		<款>24</款>
		<科目名稱>海岸巡防署主管</科目名稱>
		<經常門>10522473</經常門>
		<資本門>3199427</資本門>
		<合計>13721900</合計>
		<百分比>0.775317</百分比>
	</Row>
	<Row>
		<款>25</款>
		<科目名稱>省市地方政府</科目名稱>
		<經常門>193834008</經常門>
		<資本門>44089548</資本門>
		<合計>237923556</合計>
		<百分比>13.443192</百分比>
	</Row>
	<Row>
		<款>26</款>
		<科目名稱>災害準備金</科目名稱>
		<經常門>500000</經常門>
		<資本門>1500000</資本門>
		<合計>2000000</合計>
		<百分比>0.113004</百分比>
	</Row>
	<Row>
		<款>27</款>
		<科目名稱>第二預備金</科目名稱>
		<經常門>5500000</經常門>
		<資本門>2500000</資本門>
		<合計>8000000</合計>
		<百分比>0.452017</百分比>
	</Row>
</Root>