<?xml version="1.0" encoding="UTF-8" standalone="yes"?>
<Root xmlns:xsi="http://www.w3.org/2001/XMLSchema-instance">
	<Row>
		<款>  </款>
		<科目名稱>合          計</科目名稱>
		<本年度預算數>1501865101</本年度預算數>
		<上年度預算數>1457793324</上年度預算數>
		<前年度決算數>1407815827</前年度決算數>
		<本年度與上年度比較>44071777</本年度與上年度比較>
	</Row>
	<Row>
		<款>  </款>
		<科目名稱>(1. 一般政務支出)</科目名稱>
		<本年度預算數>166703229</本年度預算數>
		<上年度預算數>164241508</上年度預算數>
		<前年度決算數>155691674</前年度決算數>
		<本年度與上年度比較>2461721</本年度與上年度比較>
	</Row>
	<Row>
		<款>1</款>
		<科目名稱>國務支出</科目名稱>
		<本年度預算數>1254309</本年度預算數>
		<上年度預算數>1198096</上年度預算數>
		<前年度決算數>1108490</前年度決算數>
		<本年度與上年度比較>56213</本年度與上年度比較>
	</Row>
	<Row>
		<款>2</款>
		<科目名稱>行政支出</科目名稱>
		<本年度預算數>6306575</本年度預算數>
		<上年度預算數>5993959</上年度預算數>
		<前年度決算數>5631353</前年度決算數>
		<本年度與上年度比較>312616</本年度與上年度比較>
	</Row>
	<Row>
		<款>3</款>
		<科目名稱>立法支出</科目名稱>
		<本年度預算數>3226890</本年度預算數>
		<上年度預算數>3237469</上年度預算數>
		<前年度決算數>3065000</前年度決算數>
		<本年度與上年度比較>-10579</本年度與上年度比較>
	</Row>
	<Row>
		<款>4</款>
		<科目名稱>司法支出</科目名稱>
		<本年度預算數>43391059</本年度預算數>
		<上年度預算數>43154076</上年度預算數>
		<前年度決算數>40754496</前年度決算數>
		<本年度與上年度比較>236983</本年度與上年度比較>
	</Row>
	<Row>
		<款>5</款>
		<科目名稱>考試支出</科目名稱>
		<本年度預算數>1536954</本年度預算數>
		<上年度預算數>1463844</上年度預算數>
		<前年度決算數>1917738</前年度決算數>
		<本年度與上年度比較>73110</本年度與上年度比較>
	</Row>
	<Row>
		<款>6</款>
		<科目名稱>監察支出</科目名稱>
		<本年度預算數>2019646</本年度預算數>
		<上年度預算數>1974176</上年度預算數>
		<前年度決算數>1916663</前年度決算數>
		<本年度與上年度比較>45470</本年度與上年度比較>
	</Row>
	<Row>
		<款>7</款>
		<科目名稱>民政支出</科目名稱>
		<本年度預算數>47840493</本年度預算數>
		<上年度預算數>46969693</上年度預算數>
		<前年度決算數>45565728</前年度決算數>
		<本年度與上年度比較>870800</本年度與上年度比較>
	</Row>
	<Row>
		<款>8</款>
		<科目名稱>外交支出</科目名稱>
		<本年度預算數>29006367</本年度預算數>
		<上年度預算數>30336443</上年度預算數>
		<前年度決算數>27430185</前年度決算數>
		<本年度與上年度比較>-1330076</本年度與上年度比較>
	</Row>
	<Row>
		<款>9</款>
		<科目名稱>財務支出</科目名稱>
		<本年度預算數>30882909</本年度預算數>
		<上年度預算數>28720847</上年度預算數>
		<前年度決算數>27154672</前年度決算數>
		<本年度與上年度比較>2162062</本年度與上年度比較>
	</Row>
	<Row>
		<款>10</款>
		<科目名稱>邊政支出</科目名稱>
		<本年度預算數>131359</本年度預算數>
		<上年度預算數>132984</上年度預算數>
		<前年度決算數>126302</前年度決算數>
		<本年度與上年度比較>-1625</本年度與上年度比較>
	</Row>
	<Row>
		<款>11</款>
		<科目名稱>僑務支出</科目名稱>
		<本年度預算數>1106668</本年度預算數>
		<上年度預算數>1059921</上年度預算數>
		<前年度決算數>1021047</前年度決算數>
		<本年度與上年度比較>46747</本年度與上年度比較>
	</Row>
	<Row>
		<款>  </款>
		<科目名稱>(2. 國防支出)</科目名稱>
		<本年度預算數>273031939</本年度預算數>
		<上年度預算數>268270152</上年度預算數>
		<前年度決算數>266959407</前年度決算數>
		<本年度與上年度比較>4761787</本年度與上年度比較>
	</Row>
	<Row>
		<款>12</款>
		<科目名稱>國防支出</科目名稱>
		<本年度預算數>273031939</本年度預算數>
		<上年度預算數>268270152</上年度預算數>
		<前年度決算數>266959407</前年度決算數>
		<本年度與上年度比較>4761787</本年度與上年度比較>
	</Row>
	<Row>
		<款>  </款>
		<科目名稱>(3. 教育科學文化支出)</科目名稱>
		<本年度預算數>271768737</本年度預算數>
		<上年度預算數>263309983</上年度預算數>
		<前年度決算數>247226596</前年度決算數>
		<本年度與上年度比較>8458754</本年度與上年度比較>
	</Row>
	<Row>
		<款>13</款>
		<科目名稱>教育支出</科目名稱>
		<本年度預算數>193634948</本年度預算數>
		<上年度預算數>186227705</上年度預算數>
		<前年度決算數>172443226</前年度決算數>
		<本年度與上年度比較>7407243</本年度與上年度比較>
	</Row>
	<Row>
		<款>14</款>
		<科目名稱>科學支出</科目名稱>
		<本年度預算數>59791364</本年度預算數>
		<上年度預算數>60466576</上年度預算數>
		<前年度決算數>59340738</前年度決算數>
		<本年度與上年度比較>-675212</本年度與上年度比較>
	</Row>
	<Row>
		<款>15</款>
		<科目名稱>文化支出</科目名稱>
		<本年度預算數>18342425</本年度預算數>
		<上年度預算數>16615702</上年度預算數>
		<前年度決算數>15442632</前年度決算數>
		<本年度與上年度比較>1726723</本年度與上年度比較>
	</Row>
	<Row>
		<款>  </款>
		<科目名稱>(4. 經濟發展支出)</科目名稱>
		<本年度預算數>72225807</本年度預算數>
		<上年度預算數>74164132</上年度預算數>
		<前年度決算數>73196562</前年度決算數>
		<本年度與上年度比較>-1938325</本年度與上年度比較>
	</Row>
	<Row>
		<款>16</款>
		<科目名稱>農業支出</科目名稱>
		<本年度預算數>38170918</本年度預算數>
		<上年度預算數>38139990</上年度預算數>
		<前年度決算數>40357893</前年度決算數>
		<本年度與上年度比較>30928</本年度與上年度比較>
	</Row>
	<Row>
		<款>17</款>
		<科目名稱>工業支出</科目名稱>
		<本年度預算數>10144485</本年度預算數>
		<上年度預算數>13811898</上年度預算數>
		<前年度決算數>12207698</前年度決算數>
		<本年度與上年度比較>-3667413</本年度與上年度比較>
	</Row>
	<Row>
		<款>18</款>
		<科目名稱>交通支出</科目名稱>
		<本年度預算數>10746679</本年度預算數>
		<上年度預算數>10879061</上年度預算數>
		<前年度決算數>9788198</前年度決算數>
		<本年度與上年度比較>-132382</本年度與上年度比較>
	</Row>
	<Row>
		<款>19</款>
		<科目名稱>其他經濟服務支出</科目名稱>
		<本年度預算數>13163725</本年度預算數>
		<上年度預算數>11333183</上年度預算數>
		<前年度決算數>10842773</前年度決算數>
		<本年度與上年度比較>1830542</本年度與上年度比較>
	</Row>
	<Row>
		<款>  </款>
		<科目名稱>(5. 社會福利支出)</科目名稱>
		<本年度預算數>343153609</本年度預算數>
		<上年度預算數>321427898</上年度預算數>
		<前年度決算數>317855843</前年度決算數>
		<本年度與上年度比較>21725711</本年度與上年度比較>
	</Row>
	<Row>
		<款>20</款>
		<科目名稱>社會保險支出</科目名稱>
		<本年度預算數>207302763</本年度預算數>
		<上年度預算數>190485460</上年度預算數>
		<前年度決算數>173664105</前年度決算數>
		<本年度與上年度比較>16817303</本年度與上年度比較>
	</Row>
	<Row>
		<款>21</款>
		<科目名稱>社會救助支出</科目名稱>
		<本年度預算數>11253717</本年度預算數>
		<上年度預算數>10945919</上年度預算數>
		<前年度決算數>9872283</前年度決算數>
		<本年度與上年度比較>307798</本年度與上年度比較>
	</Row>
	<Row>
		<款>22</款>
		<科目名稱>福利服務支出</科目名稱>
		<本年度預算數>102705910</本年度預算數>
		<上年度預算數>97563398</上年度預算數>
		<前年度決算數>112098463</前年度決算數>
		<本年度與上年度比較>5142512</本年度與上年度比較>
	</Row>
	<Row>
		<款>23</款>
		<科目名稱>國民就業支出</科目名稱>
		<本年度預算數>2885672</本年度預算數>
		<上年度預算數>1920960</上年度預算數>
		<前年度決算數>1667252</前年度決算數>
		<本年度與上年度比較>964712</本年度與上年度比較>
	</Row>
	<Row>
		<款>24</款>
		<科目名稱>醫療保健支出</科目名稱>
		<本年度預算數>19005547</本年度預算數>
		<上年度預算數>20512161</上年度預算數>
		<前年度決算數>20553740</前年度決算數>
		<本年度與上年度比較>-1506614</本年度與上年度比較>
	</Row>
	<Row>
		<款>  </款>
		<科目名稱>(6. 社區發展及環境保護支出)</科目名稱>
		<本年度預算數>4617279</本年度預算數>
		<上年度預算數>5153692</上年度預算數>
		<前年度決算數>4905145</前年度決算數>
		<本年度與上年度比較>-536413</本年度與上年度比較>
	</Row>
	<Row>
		<款>25</款>
		<科目名稱>環境保護支出</科目名稱>
		<本年度預算數>4617279</本年度預算數>
		<上年度預算數>5153692</上年度預算數>
		<前年度決算數>4905145</前年度決算數>
		<本年度與上年度比較>-536413</本年度與上年度比較>
	</Row>
	<Row>
		<款>26</款>
		<科目名稱>社區發展支出</科目名稱>
		<本年度預算數>-</本年度預算數>
		<上年度預算數>-</上年度預算數>
		<前年度決算數>-</前年度決算數>
		<本年度與上年度比較>-</本年度與上年度比較>
	</Row>
	<Row>
		<款>  </款>
		<科目名稱>(7. 退休撫卹支出)</科目名稱>
		<本年度預算數>133936829</本年度預算數>
		<上年度預算數>136806208</上年度預算數>
		<前年度決算數>133438082</前年度決算數>
		<本年度與上年度比較>-2869379</本年度與上年度比較>
	</Row>
	<Row>
		<款>27</款>
		<科目名稱>退休撫卹給付支出</科目名稱>
		<本年度預算數>133723576</本年度預算數>
		<上年度預算數>136592225</上年度預算數>
		<前年度決算數>133234984</前年度決算數>
		<本年度與上年度比較>-2868649</本年度與上年度比較>
	</Row>
	<Row>
		<款>28</款>
		<科目名稱>退休撫卹業務支出</科目名稱>
		<本年度預算數>213253</本年度預算數>
		<上年度預算數>213983</上年度預算數>
		<前年度決算數>203098</前年度決算數>
		<本年度與上年度比較>-730</本年度與上年度比較>
	</Row>
	<Row>
		<款>  </款>
		<科目名稱>(8. 債務支出)</科目名稱>
		<本年度預算數>130104965</本年度預算數>
		<上年度預算數>126051624</上年度預算數>
		<前年度決算數>116752240</前年度決算數>
		<本年度與上年度比較>4053341</本年度與上年度比較>
	</Row>
	<Row>
		<款>29</款>
		<科目名稱>債務付息支出</科目名稱>
		<本年度預算數>129571257</本年度預算數>
		<上年度預算數>125526738</上年度預算數>
		<前年度決算數>116244028</前年度決算數>
		<本年度與上年度比較>4044519</本年度與上年度比較>
	</Row>
	<Row>
		<款>30</款>
		<科目名稱>還本付息事務支出</科目名稱>
		<本年度預算數>533708</本年度預算數>
		<上年度預算數>524886</上年度預算數>
		<前年度決算數>508211</前年度決算數>
		<本年度與上年度比較>8822</本年度與上年度比較>
	</Row>
	<Row>
		<款>  </款>
		<科目名稱>(9. 一般補助及其他支出)</科目名稱>
		<本年度預算數>106322707</本年度預算數>
		<上年度預算數>98368127</上年度預算數>
		<前年度決算數>91790277</前年度決算數>
		<本年度與上年度比較>7954580</本年度與上年度比較>
	</Row>
	<Row>
		<款>31</款>
		<科目名稱>專案補助支出</科目名稱>
		<本年度預算數>80830927</本年度預算數>
		<上年度預算數>88331312</上年度預算數>
		<前年度決算數>78617279</前年度決算數>
		<本年度與上年度比較>-7500385</本年度與上年度比較>
	</Row>
	<Row>
		<款>32</款>
		<科目名稱>平衡預算補助支出</科目名稱>
		<本年度預算數>15656500</本年度預算數>
		<上年度預算數>-</上年度預算數>
		<前年度決算數>10000000</前年度決算數>
		<本年度與上年度比較>15656500</本年度與上年度比較>
	</Row>
	<Row>
		<款>33</款>
		<科目名稱>其他支出</科目名稱>
		<本年度預算數>4335280</本年度預算數>
		<上年度預算數>4536815</上年度預算數>
		<前年度決算數>3172998</前年度決算數>
		<本年度與上年度比較>-201535</本年度與上年度比較>
	</Row>
	<Row>
		<款>34</款>
		<科目名稱>第二預備金</科目名稱>
		<本年度預算數>5500000</本年度預算數>
		<上年度預算數>5500000</上年度預算數>
		<前年度決算數>-</前年度決算數>
		<本年度與上年度比較>0</本年度與上年度比較>
	</Row>
</Root>