<?xml version="1.0" encoding="UTF-8" standalone="yes"?>
<Root xmlns:xsi="http://www.w3.org/2001/XMLSchema-instance">
	<Row>
		<科目名稱>合      計</科目名稱>
		<本年度預算數>1501865101</本年度預算數>
		<上年度預算數>1457793324</上年度預算數>
		<前年度決算數>1407815827</前年度決算數>
		<本年度與上年度比較>44071777</本年度與上年度比較>
		<款>  </款>
	</Row>
	<Row>
		<科目名稱>總統府主管</科目名稱>
		<本年度預算數>10072953</本年度預算數>
		<上年度預算數>10024918</上年度預算數>
		<前年度決算數>8912912</前年度決算數>
		<本年度與上年度比較>48035</本年度與上年度比較>
		<款>1</款>
	</Row>
	<Row>
		<科目名稱>行政院主管</科目名稱>
		<本年度預算數>34160916</本年度預算數>
		<上年度預算數>31108366</上年度預算數>
		<前年度決算數>27872582</前年度決算數>
		<本年度與上年度比較>3052550</本年度與上年度比較>
		<款>2</款>
	</Row>
	<Row>
		<科目名稱>立法院主管</科目名稱>
		<本年度預算數>3226890</本年度預算數>
		<上年度預算數>3237469</上年度預算數>
		<前年度決算數>3065000</前年度決算數>
		<本年度與上年度比較>-10579</本年度與上年度比較>
		<款>3</款>
	</Row>
	<Row>
		<科目名稱>司法院主管</科目名稱>
		<本年度預算數>18202992</本年度預算數>
		<上年度預算數>17963648</上年度預算數>
		<前年度決算數>16223598</前年度決算數>
		<本年度與上年度比較>239344</本年度與上年度比較>
		<款>4</款>
	</Row>
	<Row>
		<科目名稱>考試院主管</科目名稱>
		<本年度預算數>20770571</本年度預算數>
		<上年度預算數>22004064</上年度預算數>
		<前年度決算數>20457505</前年度決算數>
		<本年度與上年度比較>-1233493</本年度與上年度比較>
		<款>5</款>
	</Row>
	<Row>
		<科目名稱>監察院主管</科目名稱>
		<本年度預算數>2019646</本年度預算數>
		<上年度預算數>1974176</上年度預算數>
		<前年度決算數>1916663</前年度決算數>
		<本年度與上年度比較>45470</本年度與上年度比較>
		<款>6</款>
	</Row>
	<Row>
		<科目名稱>內政部主管</科目名稱>
		<本年度預算數>117614396</本年度預算數>
		<上年度預算數>117026585</上年度預算數>
		<前年度決算數>130435208</前年度決算數>
		<本年度與上年度比較>587811</本年度與上年度比較>
		<款>7</款>
	</Row>
	<Row>
		<科目名稱>外交部主管</科目名稱>
		<本年度預算數>28732097</本年度預算數>
		<上年度預算數>30051174</上年度預算數>
		<前年度決算數>27172250</前年度決算數>
		<本年度與上年度比較>-1319077</本年度與上年度比較>
		<款>8</款>
	</Row>
	<Row>
		<科目名稱>國防部主管</科目名稱>
		<本年度預算數>282581982</本年度預算數>
		<上年度預算數>276593559</上年度預算數>
		<前年度決算數>277170490</前年度決算數>
		<本年度與上年度比較>5988423</本年度與上年度比較>
		<款>9</款>
	</Row>
	<Row>
		<科目名稱>財政部主管</科目名稱>
		<本年度預算數>192685483</本年度預算數>
		<上年度預算數>185527504</上年度預算數>
		<前年度決算數>170682161</前年度決算數>
		<本年度與上年度比較>7157979</本年度與上年度比較>
		<款>10</款>
	</Row>
	<Row>
		<科目名稱>教育部主管</科目名稱>
		<本年度預算數>154477807</本年度預算數>
		<上年度預算數>140527109</上年度預算數>
		<前年度決算數>140929017</前年度決算數>
		<本年度與上年度比較>13950698</本年度與上年度比較>
		<款>11</款>
	</Row>
	<Row>
		<科目名稱>法務部主管</科目名稱>
		<本年度預算數>26185637</本年度預算數>
		<上年度預算數>26678946</上年度預算數>
		<前年度決算數>25402659</前年度決算數>
		<本年度與上年度比較>-493309</本年度與上年度比較>
		<款>12</款>
	</Row>
	<Row>
		<科目名稱>經濟部主管</科目名稱>
		<本年度預算數>38884682</本年度預算數>
		<上年度預算數>40256153</上年度預算數>
		<前年度決算數>39737096</前年度決算數>
		<本年度與上年度比較>-1371471</本年度與上年度比較>
		<款>13</款>
	</Row>
	<Row>
		<科目名稱>交通部主管</科目名稱>
		<本年度預算數>12842341</本年度預算數>
		<上年度預算數>12968341</上年度預算數>
		<前年度決算數>11568780</前年度決算數>
		<本年度與上年度比較>-126000</本年度與上年度比較>
		<款>14</款>
	</Row>
	<Row>
		<科目名稱>蒙藏委員會主管</科目名稱>
		<本年度預算數>134297</本年度預算數>
		<上年度預算數>144141</上年度預算數>
		<前年度決算數>136231</前年度決算數>
		<本年度與上年度比較>-9844</本年度與上年度比較>
		<款>15</款>
	</Row>
	<Row>
		<科目名稱>僑務委員會主管</科目名稱>
		<本年度預算數>1341389</本年度預算數>
		<上年度預算數>1292520</上年度預算數>
		<前年度決算數>1260318</前年度決算數>
		<本年度與上年度比較>48869</本年度與上年度比較>
		<款>16</款>
	</Row>
	<Row>
		<科目名稱>國軍退除役官兵輔導委員會主管</科目名稱>
		<本年度預算數>130627375</本年度預算數>
		<上年度預算數>133915071</上年度預算數>
		<前年度決算數>132181159</前年度決算數>
		<本年度與上年度比較>-3287696</本年度與上年度比較>
		<款>17</款>
	</Row>
	<Row>
		<科目名稱>國家科學委員會主管</科目名稱>
		<本年度預算數>7833387</本年度預算數>
		<上年度預算數>7669775</上年度預算數>
		<前年度決算數>6732879</前年度決算數>
		<本年度與上年度比較>163612</本年度與上年度比較>
		<款>18</款>
	</Row>
	<Row>
		<科目名稱>原子能委員會主管</科目名稱>
		<本年度預算數>2596637</本年度預算數>
		<上年度預算數>2454284</上年度預算數>
		<前年度決算數>2515570</前年度決算數>
		<本年度與上年度比較>142353</本年度與上年度比較>
		<款>19</款>
	</Row>
	<Row>
		<科目名稱>農業委員會主管</科目名稱>
		<本年度預算數>81258161</本年度預算數>
		<上年度預算數>81526164</上年度預算數>
		<前年度決算數>82988550</前年度決算數>
		<本年度與上年度比較>-268003</本年度與上年度比較>
		<款>20</款>
	</Row>
	<Row>
		<科目名稱>勞工委員會主管</科目名稱>
		<本年度預算數>54643961</本年度預算數>
		<上年度預算數>48738946</上年度預算數>
		<前年度決算數>42752801</前年度決算數>
		<本年度與上年度比較>5905015</本年度與上年度比較>
		<款>21</款>
	</Row>
	<Row>
		<科目名稱>衛生署主管</科目名稱>
		<本年度預算數>66760183</本年度預算數>
		<上年度預算數>58196471</上年度預算數>
		<前年度決算數>52110429</前年度決算數>
		<本年度與上年度比較>8563712</本年度與上年度比較>
		<款>22</款>
	</Row>
	<Row>
		<科目名稱>環境保護署主管</科目名稱>
		<本年度預算數>3854837</本年度預算數>
		<上年度預算數>4478338</上年度預算數>
		<前年度決算數>4039447</前年度決算數>
		<本年度與上年度比較>-623501</本年度與上年度比較>
		<款>23</款>
	</Row>
	<Row>
		<科目名稱>海岸巡防署主管</科目名稱>
		<本年度預算數>10522473</本年度預算數>
		<上年度預算數>10475610</上年度預算數>
		<前年度決算數>10542030</前年度決算數>
		<本年度與上年度比較>46863</本年度與上年度比較>
		<款>24</款>
	</Row>
	<Row>
		<科目名稱>省市地方政府</科目名稱>
		<本年度預算數>193834008</本年度預算數>
		<上年度預算數>186959992</上年度預算數>
		<前年度決算數>171010491</前年度決算數>
		<本年度與上年度比較>6874016</本年度與上年度比較>
		<款>25</款>
	</Row>
	<Row>
		<科目名稱>災害準備金</科目名稱>
		<本年度預算數>500000</本年度預算數>
		<上年度預算數>500000</上年度預算數>
		<前年度決算數>-</前年度決算數>
		<本年度與上年度比較>-</本年度與上年度比較>
		<款>26</款>
	</Row>
	<Row>
		<科目名稱>第二預備金</科目名稱>
		<本年度預算數>5500000</本年度預算數>
		<上年度預算數>5500000</上年度預算數>
		<前年度決算數>-</前年度決算數>
		<本年度與上年度比較>-</本年度與上年度比較>
		<款>27</款>
	</Row>
</Root>