<?xml version="1.0" encoding="UTF-8" standalone="yes"?>
<Root xmlns:xsi="http://www.w3.org/2001/XMLSchema-instance">
	<Row>
		<項目>一、歲入合計金額</項目>
		<中央政府_金額>1627257</中央政府_金額>
		<中央政府_百分比>100</中央政府_百分比>
		<各直轄市政府_金額>426666</各直轄市政府_金額>
		<各直轄市政府_百分比>100</各直轄市政府_百分比>
		<各縣市政府_金額>246295</各縣市政府_金額>
		<各縣市政府_百分比>100</各縣市政府_百分比>
		<合計_金額>2300218</合計_金額>
		<合計_百分比>100</合計_百分比>
	</Row>
	<Row>
		<項目>1.稅課及專賣收入</項目>
		<中央政府_金額>1155070</中央政府_金額>
		<中央政府_百分比>70.8</中央政府_百分比>
		<各直轄市政府_金額>300882</各直轄市政府_金額>
		<各直轄市政府_百分比>70.5</各直轄市政府_百分比>
		<各縣市政府_金額>155137</各縣市政府_金額>
		<各縣市政府_百分比>63</各縣市政府_百分比>
		<合計_金額>1611089</合計_金額>
		<合計_百分比>69.9</合計_百分比>
	</Row>
	<Row>
		<項目>2.營業盈餘及事業收入</項目>
		<中央政府_金額>258240</中央政府_金額>
		<中央政府_百分比>16</中央政府_百分比>
		<各直轄市政府_金額>29424</各直轄市政府_金額>
		<各直轄市政府_百分比>6.9</各直轄市政府_百分比>
		<各縣市政府_金額>7296</各縣市政府_金額>
		<各縣市政府_百分比>3</各縣市政府_百分比>
		<合計_金額>294960</合計_金額>
		<合計_百分比>12.9</合計_百分比>
	</Row>
	<Row>
		<項目>3.規費及罰鍰收入</項目>
		<中央政府_金額>84772</中央政府_金額>
		<中央政府_百分比>5.2</中央政府_百分比>
		<各直轄市政府_金額>38304</各直轄市政府_金額>
		<各直轄市政府_百分比>9</各直轄市政府_百分比>
		<各縣市政府_金額>14856</各縣市政府_金額>
		<各縣市政府_百分比>6</各縣市政府_百分比>
		<合計_金額>137932</合計_金額>
		<合計_百分比>6</合計_百分比>
	</Row>
	<Row>
		<項目>4.財產收入</項目>
		<中央政府_金額>79276</中央政府_金額>
		<中央政府_百分比>4.9</中央政府_百分比>
		<各直轄市政府_金額>11701</各直轄市政府_金額>
		<各直轄市政府_百分比>2.7</各直轄市政府_百分比>
		<各縣市政府_金額>9309</各縣市政府_金額>
		<各縣市政府_百分比>3.8</各縣市政府_百分比>
		<合計_金額>100286</合計_金額>
		<合計_百分比>4.4</合計_百分比>
	</Row>
	<Row>
		<項目>5.其他收入</項目>
		<中央政府_金額>49899</中央政府_金額>
		<中央政府_百分比>3.1</中央政府_百分比>
		<各直轄市政府_金額>46355</各直轄市政府_金額>
		<各直轄市政府_百分比>10.9</各直轄市政府_百分比>
		<各縣市政府_金額>59697</各縣市政府_金額>
		<各縣市政府_百分比>24.2</各縣市政府_百分比>
		<合計_金額>155951</合計_金額>
		<合計_百分比>6.8</合計_百分比>
	</Row>
	<Row>
		<項目>二、歲出合計金額</項目>
		<中央政府_金額>1593754</中央政府_金額>
		<中央政府_百分比>100</中央政府_百分比>
		<各直轄市政府_金額>667161</各直轄市政府_金額>
		<各直轄市政府_百分比>100</各直轄市政府_百分比>
		<各縣市政府_金額>473845</各縣市政府_金額>
		<各縣市政府_百分比>100</各縣市政府_百分比>
		<合計_金額>2734760</合計_金額>
		<合計_百分比>100</合計_百分比>
	</Row>
	<Row>
		<項目>1.一般政務支出</項目>
		<中央政府_金額>178906</中央政府_金額>
		<中央政府_百分比>11.2</中央政府_百分比>
		<各直轄市政府_金額>120602</各直轄市政府_金額>
		<各直轄市政府_百分比>18.1</各直轄市政府_百分比>
		<各縣市政府_金額>95670</各縣市政府_金額>
		<各縣市政府_百分比>20.2</各縣市政府_百分比>
		<合計_金額>395178</合計_金額>
		<合計_百分比>14.5</合計_百分比>
	</Row>
	<Row>
		<項目>2.國防支出</項目>
		<中央政府_金額>284635</中央政府_金額>
		<中央政府_百分比>17.9</中央政府_百分比>
		<各直轄市政府_金額>0</各直轄市政府_金額>
		<各直轄市政府_百分比>0</各直轄市政府_百分比>
		<各縣市政府_金額>0</各縣市政府_金額>
		<各縣市政府_百分比>0</各縣市政府_百分比>
		<合計_金額>284635</合計_金額>
		<合計_百分比>10.4</合計_百分比>
	</Row>
	<Row>
		<項目>3.教育科學文化支出</項目>
		<中央政府_金額>275776</中央政府_金額>
		<中央政府_百分比>17.3</中央政府_百分比>
		<各直轄市政府_金額>200376</各直轄市政府_金額>
		<各直轄市政府_百分比>30</各直轄市政府_百分比>
		<各縣市政府_金額>137765</各縣市政府_金額>
		<各縣市政府_百分比>29.1</各縣市政府_百分比>
		<合計_金額>613917</合計_金額>
		<合計_百分比>22.5</合計_百分比>
	</Row>
	<Row>
		<項目>4.經濟發展支出</項目>
		<中央政府_金額>293712</中央政府_金額>
		<中央政府_百分比>18.4</中央政府_百分比>
		<各直轄市政府_金額>122324</各直轄市政府_金額>
		<各直轄市政府_百分比>18.4</各直轄市政府_百分比>
		<各縣市政府_金額>95316</各縣市政府_金額>
		<各縣市政府_百分比>20.1</各縣市政府_百分比>
		<合計_金額>511352</合計_金額>
		<合計_百分比>18.7</合計_百分比>
	</Row>
	<Row>
		<項目>5.社會福利支出</項目>
		<中央政府_金額>278422</中央政府_金額>
		<中央政府_百分比>17.5</中央政府_百分比>
		<各直轄市政府_金額>120258</各直轄市政府_金額>
		<各直轄市政府_百分比>18</各直轄市政府_百分比>
		<各縣市政府_金額>59290</各縣市政府_金額>
		<各縣市政府_百分比>12.5</各縣市政府_百分比>
		<合計_金額>457970</合計_金額>
		<合計_百分比>16.7</合計_百分比>
	</Row>
	<Row>
		<項目>6.社區發展及環境保護支出</項目>
		<中央政府_金額>4310</中央政府_金額>
		<中央政府_百分比>0.3</中央政府_百分比>
		<各直轄市政府_金額>48709</各直轄市政府_金額>
		<各直轄市政府_百分比>7.3</各直轄市政府_百分比>
		<各縣市政府_金額>24707</各縣市政府_金額>
		<各縣市政府_百分比>5.2</各縣市政府_百分比>
		<合計_金額>77726</合計_金額>
		<合計_百分比>2.8</合計_百分比>
	</Row>
	<Row>
		<項目>7.退休撫卹支出</項目>
		<中央政府_金額>133953</中央政府_金額>
		<中央政府_百分比>8.4</中央政府_百分比>
		<各直轄市政府_金額>35468</各直轄市政府_金額>
		<各直轄市政府_百分比>5.3</各直轄市政府_百分比>
		<各縣市政府_金額>44031</各縣市政府_金額>
		<各縣市政府_百分比>9.3</各縣市政府_百分比>
		<合計_金額>213452</合計_金額>
		<合計_百分比>7.8</合計_百分比>
	</Row>
	<Row>
		<項目>8.債務支出</項目>
		<中央政府_金額>130105</中央政府_金額>
		<中央政府_百分比>8.1</中央政府_百分比>
		<各直轄市政府_金額>8140</各直轄市政府_金額>
		<各直轄市政府_百分比>1.2</各直轄市政府_百分比>
		<各縣市政府_金額>5077</各縣市政府_金額>
		<各縣市政府_百分比>1.1</各縣市政府_百分比>
		<合計_金額>143322</合計_金額>
		<合計_百分比>5.2</合計_百分比>
	</Row>
	<Row>
		<項目>9.一般補助及其他支出</項目>
		<中央政府_金額>13935</中央政府_金額>
		<中央政府_百分比>0.9</中央政府_百分比>
		<各直轄市政府_金額>11284</各直轄市政府_金額>
		<各直轄市政府_百分比>1.7</各直轄市政府_百分比>
		<各縣市政府_金額>11989</各縣市政府_金額>
		<各縣市政府_百分比>2.5</各縣市政府_百分比>
		<合計_金額>37208</合計_金額>
		<合計_百分比>1.4</合計_百分比>
	</Row>
	<Row>
		<項目>三、歲入歲出餘絀</項目>
		<中央政府_金額>33503</中央政府_金額>
		<各直轄市政府_金額>-240495</各直轄市政府_金額>
		<各縣市政府_金額>-227550</各縣市政府_金額>
		<合計_金額>-434542</合計_金額>
	</Row>
</Root>