<?xml version="1.0" encoding="UTF-8" standalone="yes"?>
<Root xmlns:xsi="http://www.w3.org/2001/XMLSchema-instance">
	<Row>
		<款>  </款>
		<科目名稱>合                        計</科目名稱>
		<土地>1625138</土地>
		<房屋建築>17987503</房屋建築>
		<公共建設>33209533</公共建設>
		<機械設備>6819906</機械設備>
		<運輸設備>3305578</運輸設備>
		<資訊設備>9386337</資訊設備>
		<什項設備>3726326</什項設備>
		<權利>35553</權利>
		<投資>78300356</投資>
		<其它資本支出>113582853</其它資本支出>
		<合計>267979083</合計>
	</Row>
	<Row>
		<款>1</款>
		<科目名稱>總統府主管</科目名稱>
		<土地>-</土地>
		<房屋建築>408279</房屋建築>
		<公共建設>1845702</公共建設>
		<機械設備>1105437</機械設備>
		<運輸設備>2830</運輸設備>
		<資訊設備>292432</資訊設備>
		<什項設備>451533</什項設備>
		<權利>-</權利>
		<投資>-</投資>
		<其它資本支出>-</其它資本支出>
		<合計>4106213</合計>
	</Row>
	<Row>
		<款>2</款>
		<科目名稱>行政院主管</科目名稱>
		<土地>13200</土地>
		<房屋建築>2914452</房屋建築>
		<公共建設>695663</公共建設>
		<機械設備>29601</機械設備>
		<運輸設備>5671</運輸設備>
		<資訊設備>962328</資訊設備>
		<什項設備>531521</什項設備>
		<權利>1878</權利>
		<投資>389205</投資>
		<其它資本支出>5695180</其它資本支出>
		<合計>11238699</合計>
	</Row>
	<Row>
		<款>3</款>
		<科目名稱>立法院主管</科目名稱>
		<土地>-</土地>
		<房屋建築>8000</房屋建築>
		<公共建設>-</公共建設>
		<機械設備>-</機械設備>
		<運輸設備>-</運輸設備>
		<資訊設備>178167</資訊設備>
		<什項設備>112151</什項設備>
		<權利>-</權利>
		<投資>-</投資>
		<其它資本支出>-</其它資本支出>
		<合計>298318</合計>
	</Row>
	<Row>
		<款>4</款>
		<科目名稱>司法院主管</科目名稱>
		<土地>-</土地>
		<房屋建築>597502</房屋建築>
		<公共建設>-</公共建設>
		<機械設備>4974</機械設備>
		<運輸設備>44304</運輸設備>
		<資訊設備>183729</資訊設備>
		<什項設備>94182</什項設備>
		<權利>-</權利>
		<投資>-</投資>
		<其它資本支出>214090</其它資本支出>
		<合計>1138781</合計>
	</Row>
	<Row>
		<款>5</款>
		<科目名稱>考試院主管</科目名稱>
		<土地>-</土地>
		<房屋建築>5530</房屋建築>
		<公共建設>-</公共建設>
		<機械設備>-</機械設備>
		<運輸設備>5010</運輸設備>
		<資訊設備>39909</資訊設備>
		<什項設備>14843</什項設備>
		<權利>-</權利>
		<投資>-</投資>
		<其它資本支出>-</其它資本支出>
		<合計>65292</合計>
	</Row>
	<Row>
		<款>6</款>
		<科目名稱>監察院主管</科目名稱>
		<土地>-</土地>
		<房屋建築>18901</房屋建築>
		<公共建設>-</公共建設>
		<機械設備>-</機械設備>
		<運輸設備>530</運輸設備>
		<資訊設備>44245</資訊設備>
		<什項設備>8157</什項設備>
		<權利>-</權利>
		<投資>-</投資>
		<其它資本支出>-</其它資本支出>
		<合計>71833</合計>
	</Row>
	<Row>
		<款>7</款>
		<科目名稱>內政部主管</科目名稱>
		<土地>84910</土地>
		<房屋建築>2369574</房屋建築>
		<公共建設>971596</公共建設>
		<機械設備>291348</機械設備>
		<運輸設備>354612</運輸設備>
		<資訊設備>1107376</資訊設備>
		<什項設備>459182</什項設備>
		<權利>-</權利>
		<投資>-</投資>
		<其它資本支出>5344953</其它資本支出>
		<合計>10983551</合計>
	</Row>
	<Row>
		<款>8</款>
		<科目名稱>外交部主管</科目名稱>
		<土地>-</土地>
		<房屋建築>428514</房屋建築>
		<公共建設>-</公共建設>
		<機械設備>11395</機械設備>
		<運輸設備>65784</運輸設備>
		<資訊設備>94465</資訊設備>
		<什項設備>68816</什項設備>
		<權利>-</權利>
		<投資>-</投資>
		<其它資本支出>55168</其它資本支出>
		<合計>724142</合計>
	</Row>
	<Row>
		<款>9</款>
		<科目名稱>國防部主管</科目名稱>
		<土地>761298</土地>
		<房屋建築>3376534</房屋建築>
		<公共建設>1242915</公共建設>
		<機械設備>3489760</機械設備>
		<運輸設備>129685</運輸設備>
		<資訊設備>2192541</資訊設備>
		<什項設備>764644</什項設備>
		<權利>-</權利>
		<投資>48985</投資>
		<其它資本支出>-</其它資本支出>
		<合計>12006362</合計>
	</Row>
	<Row>
		<款>10</款>
		<科目名稱>財政部主管</科目名稱>
		<土地>100</土地>
		<房屋建築>672206</房屋建築>
		<公共建設>-</公共建設>
		<機械設備>18861</機械設備>
		<運輸設備>12373</運輸設備>
		<資訊設備>2175033</資訊設備>
		<什項設備>134414</什項設備>
		<權利>-</權利>
		<投資>6522818</投資>
		<其它資本支出>-</其它資本支出>
		<合計>9535805</合計>
	</Row>
	<Row>
		<款>11</款>
		<科目名稱>教育部主管</科目名稱>
		<土地>7889</土地>
		<房屋建築>1700704</房屋建築>
		<公共建設>2850</公共建設>
		<機械設備>14742</機械設備>
		<運輸設備>803</運輸設備>
		<資訊設備>78972</資訊設備>
		<什項設備>105990</什項設備>
		<權利>33500</權利>
		<投資>7571489</投資>
		<其它資本支出>14292920</其它資本支出>
		<合計>23809859</合計>
	</Row>
	<Row>
		<款>12</款>
		<科目名稱>法務部主管</科目名稱>
		<土地>1518</土地>
		<房屋建築>1178128</房屋建築>
		<公共建設>-</公共建設>
		<機械設備>127957</機械設備>
		<運輸設備>40081</運輸設備>
		<資訊設備>132205</資訊設備>
		<什項設備>284255</什項設備>
		<權利>-</權利>
		<投資>-</投資>
		<其它資本支出>-</其它資本支出>
		<合計>1764144</合計>
	</Row>
	<Row>
		<款>13</款>
		<科目名稱>經濟部主管</科目名稱>
		<土地>581620</土地>
		<房屋建築>884138</房屋建築>
		<公共建設>4720761</公共建設>
		<機械設備>274608</機械設備>
		<運輸設備>26089</運輸設備>
		<資訊設備>318316</資訊設備>
		<什項設備>182691</什項設備>
		<權利>-</權利>
		<投資>1099014</投資>
		<其它資本支出>8081761</其它資本支出>
		<合計>16168998</合計>
	</Row>
	<Row>
		<款>14</款>
		<科目名稱>交通部主管</科目名稱>
		<土地>172300</土地>
		<房屋建築>456636</房屋建築>
		<公共建設>19108779</公共建設>
		<機械設備>334523</機械設備>
		<運輸設備>41046</運輸設備>
		<資訊設備>437949</資訊設備>
		<什項設備>65066</什項設備>
		<權利>-</權利>
		<投資>27780094</投資>
		<其它資本支出>20946874</其它資本支出>
		<合計>69343267</合計>
	</Row>
	<Row>
		<款>15</款>
		<科目名稱>蒙藏委員會主管</科目名稱>
		<土地>-</土地>
		<房屋建築>17902</房屋建築>
		<公共建設>-</公共建設>
		<機械設備>-</機械設備>
		<運輸設備>-</運輸設備>
		<資訊設備>371</資訊設備>
		<什項設備>5257</什項設備>
		<權利>-</權利>
		<投資>-</投資>
		<其它資本支出>-</其它資本支出>
		<合計>23530</合計>
	</Row>
	<Row>
		<款>16</款>
		<科目名稱>僑務委員會主管</科目名稱>
		<土地>-</土地>
		<房屋建築>165675</房屋建築>
		<公共建設>-</公共建設>
		<機械設備>190</機械設備>
		<運輸設備>-</運輸設備>
		<資訊設備>12769</資訊設備>
		<什項設備>6761</什項設備>
		<權利>-</權利>
		<投資>-</投資>
		<其它資本支出>12518</其它資本支出>
		<合計>197913</合計>
	</Row>
	<Row>
		<款>17</款>
		<科目名稱>國軍退除役官兵輔導委員會主管</科目名稱>
		<土地>-</土地>
		<房屋建築>336153</房屋建築>
		<公共建設>4000</公共建設>
		<機械設備>10562</機械設備>
		<運輸設備>2960</運輸設備>
		<資訊設備>89490</資訊設備>
		<什項設備>40122</什項設備>
		<權利>-</權利>
		<投資>-</投資>
		<其它資本支出>2540</其它資本支出>
		<合計>485827</合計>
	</Row>
	<Row>
		<款>18</款>
		<科目名稱>國家科學委員會主管</科目名稱>
		<土地>-</土地>
		<房屋建築>397648</房屋建築>
		<公共建設>2500</公共建設>
		<機械設備>5134</機械設備>
		<運輸設備>1357</運輸設備>
		<資訊設備>87107</資訊設備>
		<什項設備>26131</什項設備>
		<權利>-</權利>
		<投資>31213232</投資>
		<其它資本支出>3293373</其它資本支出>
		<合計>35026482</合計>
	</Row>
	<Row>
		<款>19</款>
		<科目名稱>原子能委員會主管</科目名稱>
		<土地>-</土地>
		<房屋建築>-</房屋建築>
		<公共建設>-</公共建設>
		<機械設備>296023</機械設備>
		<運輸設備>-</運輸設備>
		<資訊設備>59099</資訊設備>
		<什項設備>75880</什項設備>
		<權利>-</權利>
		<投資>-</投資>
		<其它資本支出>-</其它資本支出>
		<合計>431002</合計>
	</Row>
	<Row>
		<款>20</款>
		<科目名稱>農業委員會主管</科目名稱>
		<土地>2303</土地>
		<房屋建築>1390368</房屋建築>
		<公共建設>4326309</公共建設>
		<機械設備>354276</機械設備>
		<運輸設備>105282</運輸設備>
		<資訊設備>305282</資訊設備>
		<什項設備>125008</什項設備>
		<權利>175</權利>
		<投資>3098919</投資>
		<其它資本支出>4706885</其它資本支出>
		<合計>14414807</合計>
	</Row>
	<Row>
		<款>21</款>
		<科目名稱>勞工委員會主管</科目名稱>
		<土地>-</土地>
		<房屋建築>-</房屋建築>
		<公共建設>-</公共建設>
		<機械設備>18486</機械設備>
		<運輸設備>3345</運輸設備>
		<資訊設備>27056</資訊設備>
		<什項設備>5888</什項設備>
		<權利>-</權利>
		<投資>-</投資>
		<其它資本支出>5000</其它資本支出>
		<合計>59775</合計>
	</Row>
	<Row>
		<款>22</款>
		<科目名稱>衛生署主管</科目名稱>
		<土地>-</土地>
		<房屋建築>508775</房屋建築>
		<公共建設>-</公共建設>
		<機械設備>185935</機械設備>
		<運輸設備>10084</運輸設備>
		<資訊設備>478792</資訊設備>
		<什項設備>100019</什項設備>
		<權利>-</權利>
		<投資>576600</投資>
		<其它資本支出>394710</其它資本支出>
		<合計>2254915</合計>
	</Row>
	<Row>
		<款>23</款>
		<科目名稱>環境保護署主管</科目名稱>
		<土地>-</土地>
		<房屋建築>7000</房屋建築>
		<公共建設>-</公共建設>
		<機械設備>8378</機械設備>
		<運輸設備>4970</運輸設備>
		<資訊設備>44180</資訊設備>
		<什項設備>12419</什項設備>
		<權利>-</權利>
		<投資>-</投資>
		<其它資本支出>2463646</其它資本支出>
		<合計>2540593</合計>
	</Row>
	<Row>
		<款>24</款>
		<科目名稱>海岸巡防署主管</科目名稱>
		<土地>-</土地>
		<房屋建築>140922</房屋建築>
		<公共建設>288458</公共建設>
		<機械設備>237716</機械設備>
		<運輸設備>2447912</運輸設備>
		<資訊設備>40792</資訊設備>
		<什項設備>43627</什項設備>
		<權利>-</權利>
		<投資>-</投資>
		<其它資本支出>-</其它資本支出>
		<合計>3199427</合計>
	</Row>
	<Row>
		<款>25</款>
		<科目名稱>省市地方政府</科目名稱>
		<土地>-</土地>
		<房屋建築>3962</房屋建築>
		<公共建設>-</公共建設>
		<機械設備>-</機械設備>
		<運輸設備>850</運輸設備>
		<資訊設備>3732</資訊設備>
		<什項設備>7769</什項設備>
		<權利>-</權利>
		<投資>-</投資>
		<其它資本支出>44073235</其它資本支出>
		<合計>44089548</合計>
	</Row>
	<Row>
		<款>26</款>
		<科目名稱>災害準備金</科目名稱>
		<土地>-</土地>
		<房屋建築>-</房屋建築>
		<公共建設>-</公共建設>
		<機械設備>-</機械設備>
		<運輸設備>-</運輸設備>
		<資訊設備>-</資訊設備>
		<什項設備>-</什項設備>
		<權利>-</權利>
		<投資>-</投資>
		<其它資本支出>1500000</其它資本支出>
		<合計>1500000</合計>
	</Row>
	<Row>
		<款>27</款>
		<科目名稱>第二預備金</科目名稱>
		<土地>-</土地>
		<房屋建築>-</房屋建築>
		<公共建設>-</公共建設>
		<機械設備>-</機械設備>
		<運輸設備>-</運輸設備>
		<資訊設備>-</資訊設備>
		<什項設備>-</什項設備>
		<權利>-</權利>
		<投資>-</投資>
		<其它資本支出>2500000</其它資本支出>
		<合計>2500000</合計>
	</Row>
</Root>