<?xml version="1.0" encoding="UTF-8" standalone="yes"?>
<Root xmlns:xsi="http://www.w3.org/2001/XMLSchema-instance">
	<Row>
		<項目>一、收入合計</項目>
		<本年度預算數>1835844184</本年度預算數>
		<上年度預算數>1780937403</上年度預算數>
		<前年度預算數>1779819860</前年度預算數>
		<本年度與上年度比較>54906781</本年度與上年度比較>
	</Row>
	<Row>
		<項目>　(一)歲　　入</項目>
		<本年度預算數>1627246853</本年度預算數>
		<上年度預算數>1547986445</上年度預算數>
		<前年度預算數>1553710373</前年度預算數>
		<本年度與上年度比較>79260408</本年度與上年度比較>
	</Row>
	<Row>
		<項目>　(二)債務之舉借</項目>
		<本年度預算數>205300791</本年度預算數>
		<上年度預算數>228764664</上年度預算數>
		<前年度預算數>164521291</前年度預算數>
		<本年度與上年度比較>-23463873</本年度與上年度比較>
	</Row>
	<Row>
		<項目>　(三)預計移用以前年度歲計賸餘調節因應數</項目>
		<本年度預算數>3296540</本年度預算數>
		<上年度預算數>4186294</上年度預算數>
		<前年度預算數>61588196</前年度預算數>
		<本年度與上年度比較>-889754</本年度與上年度比較>
	</Row>
	<Row>
		<項目>二、支出合計</項目>
		<本年度預算數>1835844184</本年度預算數>
		<上年度預算數>1780937403</上年度預算數>
		<前年度預算數>1779819860</前年度預算數>
		<本年度與上年度比較>54906781</本年度與上年度比較>
	</Row>
	<Row>
		<項目>　(一)歲　　出</項目>
		<本年度預算數>1769844184</本年度預算數>
		<上年度預算數>1714937403</上年度預算數>
		<前年度預算數>1714819860</前年度預算數>
		<本年度與上年度比較>54906781</本年度與上年度比較>
	</Row>
	<Row>
		<項目>　(二)債務之償還</項目>
		<本年度預算數>66000000</本年度預算數>
		<上年度預算數>66000000</上年度預算數>
		<前年度預算數>65000000</前年度預算數>
		<本年度與上年度比較>-</本年度與上年度比較>
	</Row>
	<Row>
		<項目>三、收支賸餘</項目>
		<本年度預算數>0</本年度預算數>
		<上年度預算數>-</上年度預算數>
		<前年度預算數>-</前年度預算數>
		<本年度與上年度比較>-</本年度與上年度比較>
	</Row>
</Root>