<?xml version="1.0" encoding="UTF-8" standalone="yes"?>
<Root xmlns:xsi="http://www.w3.org/2001/XMLSchema-instance">
	<Row>
		<款>  </款>
		<科目名稱>合          計</科目名稱>
		<經常門>1501865101</經常門>
		<資本門>267979083</資本門>
		<合計>1769844184</合計>
		<百分比>100</百分比>
	</Row>
	<Row>
		<款>  </款>
		<科目名稱>(1. 一般政務支出)</科目名稱>
		<經常門>166703229</經常門>
		<資本門>17456812</資本門>
		<合計>184160041</合計>
		<百分比>10.405438</百分比>
	</Row>
	<Row>
		<款>1</款>
		<科目名稱>國務支出</科目名稱>
		<經常門>1254309</經常門>
		<資本門>38727</資本門>
		<合計>1293036</合計>
		<百分比>0.073059</百分比>
	</Row>
	<Row>
		<款>2</款>
		<科目名稱>行政支出</科目名稱>
		<經常門>6306575</經常門>
		<資本門>886524</資本門>
		<合計>7193099</合計>
		<百分比>0.406426</百分比>
	</Row>
	<Row>
		<款>3</款>
		<科目名稱>立法支出</科目名稱>
		<經常門>3226890</經常門>
		<資本門>298318</資本門>
		<合計>3525208</合計>
		<百分比>0.199182</百分比>
	</Row>
	<Row>
		<款>4</款>
		<科目名稱>司法支出</科目名稱>
		<經常門>43391059</經常門>
		<資本門>2646697</資本門>
		<合計>46037756</合計>
		<百分比>2.601232</百分比>
	</Row>
	<Row>
		<款>5</款>
		<科目名稱>考試支出</科目名稱>
		<經常門>1536954</經常門>
		<資本門>49533</資本門>
		<合計>1586487</合計>
		<百分比>0.08964</百分比>
	</Row>
	<Row>
		<款>6</款>
		<科目名稱>監察支出</科目名稱>
		<經常門>2019646</經常門>
		<資本門>71833</資本門>
		<合計>2091479</合計>
		<百分比>0.118173</百分比>
	</Row>
	<Row>
		<款>7</款>
		<科目名稱>民政支出</科目名稱>
		<經常門>47840493</經常門>
		<資本門>9999259</資本門>
		<合計>57839752</合計>
		<百分比>3.26807</百分比>
	</Row>
	<Row>
		<款>8</款>
		<科目名稱>外交支出</科目名稱>
		<經常門>29006367</經常門>
		<資本門>728465</資本門>
		<合計>29734832</合計>
		<百分比>1.680082</百分比>
	</Row>
	<Row>
		<款>9</款>
		<科目名稱>財務支出</科目名稱>
		<經常門>30882909</經常門>
		<資本門>2551564</資本門>
		<合計>33434473</合計>
		<百分比>1.88912</百分比>
	</Row>
	<Row>
		<款>10</款>
		<科目名稱>邊政支出</科目名稱>
		<經常門>131359</經常門>
		<資本門>550</資本門>
		<合計>131909</合計>
		<百分比>0.007453</百分比>
	</Row>
	<Row>
		<款>11</款>
		<科目名稱>僑務支出</科目名稱>
		<經常門>1106668</經常門>
		<資本門>185342</資本門>
		<合計>1292010</合計>
		<百分比>0.073001</百分比>
	</Row>
	<Row>
		<款>  </款>
		<科目名稱>(2. 國防支出)</科目名稱>
		<經常門>273031939</經常門>
		<資本門>11602795</資本門>
		<合計>284634734</合計>
		<百分比>16.082474</百分比>
	</Row>
	<Row>
		<款>12</款>
		<科目名稱>國防支出</科目名稱>
		<經常門>273031939</經常門>
		<資本門>11602795</資本門>
		<合計>284634734</合計>
		<百分比>16.082474</百分比>
	</Row>
	<Row>
		<款>  </款>
		<科目名稱>(3. 教育科學文化支出)</科目名稱>
		<經常門>271768737</經常門>
		<資本門>82081774</資本門>
		<合計>353850511</合計>
		<百分比>19.993314</百分比>
	</Row>
	<Row>
		<款>13</款>
		<科目名稱>教育支出</科目名稱>
		<經常門>193634948</經常門>
		<資本門>30951326</資本門>
		<合計>224586274</合計>
		<百分比>12.689607</百分比>
	</Row>
	<Row>
		<款>14</款>
		<科目名稱>科學支出</科目名稱>
		<經常門>59791364</經常門>
		<資本門>41900455</資本門>
		<合計>101691819</合計>
		<百分比>5.745806</百分比>
	</Row>
	<Row>
		<款>15</款>
		<科目名稱>文化支出</科目名稱>
		<經常門>18342425</經常門>
		<資本門>9229993</資本門>
		<合計>27572418</合計>
		<百分比>1.557901</百分比>
	</Row>
	<Row>
		<款>  </款>
		<科目名稱>(4. 經濟發展支出)</科目名稱>
		<經常門>72225807</經常門>
		<資本門>147061315</資本門>
		<合計>219287122</合計>
		<百分比>12.390194</百分比>
	</Row>
	<Row>
		<款>16</款>
		<科目名稱>農業支出</科目名稱>
		<經常門>38170918</經常門>
		<資本門>20842725</資本門>
		<合計>59013643</合計>
		<百分比>3.334398</百分比>
	</Row>
	<Row>
		<款>17</款>
		<科目名稱>工業支出</科目名稱>
		<經常門>10144485</經常門>
		<資本門>4000089</資本門>
		<合計>14144574</合計>
		<百分比>0.799199</百分比>
	</Row>
	<Row>
		<款>18</款>
		<科目名稱>交通支出</科目名稱>
		<經常門>10746679</經常門>
		<資本門>78711699</資本門>
		<合計>89458378</合計>
		<百分比>5.054591</百分比>
	</Row>
	<Row>
		<款>19</款>
		<科目名稱>其他經濟服務支出</科目名稱>
		<經常門>13163725</經常門>
		<資本門>43506802</資本門>
		<合計>56670527</合計>
		<百分比>3.202007</百分比>
	</Row>
	<Row>
		<款>  </款>
		<科目名稱>(5. 社會福利支出)</科目名稱>
		<經常門>343153609</經常門>
		<資本門>3138882</資本門>
		<合計>346292491</合計>
		<百分比>19.56627</百分比>
	</Row>
	<Row>
		<款>20</款>
		<科目名稱>社會保險支出</科目名稱>
		<經常門>207302763</經常門>
		<資本門>330915</資本門>
		<合計>207633678</合計>
		<百分比>11.731749</百分比>
	</Row>
	<Row>
		<款>21</款>
		<科目名稱>社會救助支出</科目名稱>
		<經常門>11253717</經常門>
		<資本門>12030</資本門>
		<合計>11265747</合計>
		<百分比>0.636539</百分比>
	</Row>
	<Row>
		<款>22</款>
		<科目名稱>福利服務支出</科目名稱>
		<經常門>102705910</經常門>
		<資本門>1104208</資本門>
		<合計>103810118</合計>
		<百分比>5.865495</百分比>
	</Row>
	<Row>
		<款>23</款>
		<科目名稱>國民就業支出</科目名稱>
		<經常門>2885672</經常門>
		<資本門>13536</資本門>
		<合計>2899208</合計>
		<百分比>0.163811</百分比>
	</Row>
	<Row>
		<款>24</款>
		<科目名稱>醫療保健支出</科目名稱>
		<經常門>19005547</經常門>
		<資本門>1678193</資本門>
		<合計>20683740</合計>
		<百分比>1.168676</百分比>
	</Row>
	<Row>
		<款>  </款>
		<科目名稱>(6. 社區發展及環境保護支出)</科目名稱>
		<經常門>4617279</經常門>
		<資本門>2548443</資本門>
		<合計>7165722</合計>
		<百分比>0.404879</百分比>
	</Row>
	<Row>
		<款>25</款>
		<科目名稱>環境保護支出</科目名稱>
		<經常門>4617279</經常門>
		<資本門>2548443</資本門>
		<合計>7165722</合計>
		<百分比>0.404879</百分比>
	</Row>
	<Row>
		<款>26</款>
		<科目名稱>社區發展支出</科目名稱>
		<經常門>-</經常門>
		<資本門>-</資本門>
		<合計>-</合計>
		<百分比>-</百分比>
	</Row>
	<Row>
		<款>  </款>
		<科目名稱>(7. 退休撫卹支出)</科目名稱>
		<經常門>133936829</經常門>
		<資本門>15827</資本門>
		<合計>133952656</合計>
		<百分比>7.568613</百分比>
	</Row>
	<Row>
		<款>27</款>
		<科目名稱>退休撫卹給付支出</科目名稱>
		<經常門>133723576</經常門>
		<資本門>-</資本門>
		<合計>133723576</合計>
		<百分比>7.555669</百分比>
	</Row>
	<Row>
		<款>28</款>
		<科目名稱>退休撫卹業務支出</科目名稱>
		<經常門>213253</經常門>
		<資本門>15827</資本門>
		<合計>229080</合計>
		<百分比>0.012944</百分比>
	</Row>
	<Row>
		<款>  </款>
		<科目名稱>(8. 債務支出)</科目名稱>
		<經常門>130104965</經常門>
		<資本門>-</資本門>
		<合計>130104965</合計>
		<百分比>7.35121</百分比>
	</Row>
	<Row>
		<款>29</款>
		<科目名稱>債務付息支出</科目名稱>
		<經常門>129571257</經常門>
		<資本門>-</資本門>
		<合計>129571257</合計>
		<百分比>7.321054</百分比>
	</Row>
	<Row>
		<款>30</款>
		<科目名稱>還本付息事務支出</科目名稱>
		<經常門>533708</經常門>
		<資本門>-</資本門>
		<合計>533708</合計>
		<百分比>0.030156</百分比>
	</Row>
	<Row>
		<款>  </款>
		<科目名稱>(9. 一般補助及其他支出)</科目名稱>
		<經常門>106322707</經常門>
		<資本門>4073235</資本門>
		<合計>110395942</合計>
		<百分比>6.237608</百分比>
	</Row>
	<Row>
		<款>31</款>
		<科目名稱>專案補助支出</科目名稱>
		<經常門>80830927</經常門>
		<資本門>73235</資本門>
		<合計>80904162</合計>
		<百分比>4.571259</百分比>
	</Row>
	<Row>
		<款>32</款>
		<科目名稱>平衡預算補助支出</科目名稱>
		<經常門>15656500</經常門>
		<資本門>-</資本門>
		<合計>15656500</合計>
		<百分比>0.884626</百分比>
	</Row>
	<Row>
		<款>33</款>
		<科目名稱>其他支出</科目名稱>
		<經常門>4335280</經常門>
		<資本門>1500000</資本門>
		<合計>5835280</合計>
		<百分比>0.329706</百分比>
	</Row>
	<Row>
		<款>34</款>
		<科目名稱>第二預備金</科目名稱>
		<經常門>5500000</經常門>
		<資本門>2500000</資本門>
		<合計>8000000</合計>
		<百分比>0.452017</百分比>
	</Row>
</Root>