<?xml version="1.0" encoding="UTF-8" standalone="yes"?>
<Root xmlns:xsi="http://www.w3.org/2001/XMLSchema-instance">
	<Row>
		<科目名稱>合      計</科目名稱>
		<本年度預算數>1769844184</本年度預算數>
		<上年度預算數>1714937403</上年度預算數>
		<前年度決算數>1714819860</前年度決算數>
		<本年度與上年度比較>54906781</本年度與上年度比較>
		<款>  </款>
	</Row>
	<Row>
		<科目名稱>總統府主管</科目名稱>
		<本年度預算數>14179166</本年度預算數>
		<上年度預算數>13460093</上年度預算數>
		<前年度決算數>11542960</前年度決算數>
		<本年度與上年度比較>719073</本年度與上年度比較>
		<款>1</款>
	</Row>
	<Row>
		<科目名稱>行政院主管</科目名稱>
		<本年度預算數>45399615</本年度預算數>
		<上年度預算數>43964416</上年度預算數>
		<前年度決算數>42252444</前年度決算數>
		<本年度與上年度比較>1435199</本年度與上年度比較>
		<款>2</款>
	</Row>
	<Row>
		<科目名稱>立法院主管</科目名稱>
		<本年度預算數>3525208</本年度預算數>
		<上年度預算數>3533469</上年度預算數>
		<前年度決算數>3328389</前年度決算數>
		<本年度與上年度比較>-8261</本年度與上年度比較>
		<款>3</款>
	</Row>
	<Row>
		<科目名稱>司法院主管</科目名稱>
		<本年度預算數>19341773</本年度預算數>
		<上年度預算數>18728888</上年度預算數>
		<前年度決算數>17039995</前年度決算數>
		<本年度與上年度比較>612885</本年度與上年度比較>
		<款>4</款>
	</Row>
	<Row>
		<科目名稱>考試院主管</科目名稱>
		<本年度預算數>20835863</本年度預算數>
		<上年度預算數>22121697</上年度預算數>
		<前年度決算數>20542684</前年度決算數>
		<本年度與上年度比較>-1285834</本年度與上年度比較>
		<款>5</款>
	</Row>
	<Row>
		<科目名稱>監察院主管</科目名稱>
		<本年度預算數>2091479</本年度預算數>
		<上年度預算數>2055086</上年度預算數>
		<前年度決算數>2000957</前年度決算數>
		<本年度與上年度比較>36393</本年度與上年度比較>
		<款>6</款>
	</Row>
	<Row>
		<科目名稱>內政部主管</科目名稱>
		<本年度預算數>128597947</本年度預算數>
		<上年度預算數>130256374</上年度預算數>
		<前年度決算數>168687943</前年度決算數>
		<本年度與上年度比較>-1658427</本年度與上年度比較>
		<款>7</款>
	</Row>
	<Row>
		<科目名稱>外交部主管</科目名稱>
		<本年度預算數>29456239</本年度預算數>
		<上年度預算數>30733799</上年度預算數>
		<前年度決算數>27683082</前年度決算數>
		<本年度與上年度比較>-1277560</本年度與上年度比較>
		<款>8</款>
	</Row>
	<Row>
		<科目名稱>國防部主管</科目名稱>
		<本年度預算數>294588344</本年度預算數>
		<上年度預算數>297435147</上年度預算數>
		<前年度決算數>301454948</前年度決算數>
		<本年度與上年度比較>-2846803</本年度與上年度比較>
		<款>9</款>
	</Row>
	<Row>
		<科目名稱>財政部主管</科目名稱>
		<本年度預算數>202221288</本年度預算數>
		<上年度預算數>191574318</上年度預算數>
		<前年度決算數>172131945</前年度決算數>
		<本年度與上年度比較>10646970</本年度與上年度比較>
		<款>10</款>
	</Row>
	<Row>
		<科目名稱>教育部主管</科目名稱>
		<本年度預算數>178287666</本年度預算數>
		<上年度預算數>167388000</上年度預算數>
		<前年度決算數>166850566</前年度決算數>
		<本年度與上年度比較>10899666</本年度與上年度比較>
		<款>11</款>
	</Row>
	<Row>
		<科目名稱>法務部主管</科目名稱>
		<本年度預算數>27949781</本年度預算數>
		<上年度預算數>27908800</上年度預算數>
		<前年度決算數>26612916</前年度決算數>
		<本年度與上年度比較>40981</本年度與上年度比較>
		<款>12</款>
	</Row>
	<Row>
		<科目名稱>經濟部主管</科目名稱>
		<本年度預算數>55053680</本年度預算數>
		<上年度預算數>58470237</上年度預算數>
		<前年度決算數>69237227</前年度決算數>
		<本年度與上年度比較>-3416557</本年度與上年度比較>
		<款>13</款>
	</Row>
	<Row>
		<科目名稱>交通部主管</科目名稱>
		<本年度預算數>82185608</本年度預算數>
		<上年度預算數>65422914</上年度預算數>
		<前年度決算數>89595433</前年度決算數>
		<本年度與上年度比較>16762694</本年度與上年度比較>
		<款>14</款>
	</Row>
	<Row>
		<科目名稱>蒙藏委員會主管</科目名稱>
		<本年度預算數>157827</本年度預算數>
		<上年度預算數>148839</上年度預算數>
		<前年度決算數>139235</前年度決算數>
		<本年度與上年度比較>8988</本年度與上年度比較>
		<款>15</款>
	</Row>
	<Row>
		<科目名稱>僑務委員會主管</科目名稱>
		<本年度預算數>1539302</本年度預算數>
		<上年度預算數>1463796</上年度預算數>
		<前年度決算數>1297387</前年度決算數>
		<本年度與上年度比較>75506</本年度與上年度比較>
		<款>16</款>
	</Row>
	<Row>
		<科目名稱>國軍退除役官兵輔導委員會主管</科目名稱>
		<本年度預算數>131113202</本年度預算數>
		<上年度預算數>134560744</上年度預算數>
		<前年度決算數>132499775</前年度決算數>
		<本年度與上年度比較>-3447542</本年度與上年度比較>
		<款>17</款>
	</Row>
	<Row>
		<科目名稱>國家科學委員會主管</科目名稱>
		<本年度預算數>42859869</本年度預算數>
		<上年度預算數>41830361</上年度預算數>
		<前年度決算數>39880658</前年度決算數>
		<本年度與上年度比較>1029508</本年度與上年度比較>
		<款>18</款>
	</Row>
	<Row>
		<科目名稱>原子能委員會主管</科目名稱>
		<本年度預算數>3027639</本年度預算數>
		<上年度預算數>3136903</上年度預算數>
		<前年度決算數>3399762</前年度決算數>
		<本年度與上年度比較>-109264</本年度與上年度比較>
		<款>19</款>
	</Row>
	<Row>
		<科目名稱>農業委員會主管</科目名稱>
		<本年度預算數>95672968</本年度預算數>
		<上年度預算數>100758404</上年度預算數>
		<前年度決算數>99341935</前年度決算數>
		<本年度與上年度比較>-5085436</本年度與上年度比較>
		<款>20</款>
	</Row>
	<Row>
		<科目名稱>勞工委員會主管</科目名稱>
		<本年度預算數>54703736</本年度預算數>
		<上年度預算數>48815041</上年度預算數>
		<前年度決算數>42811104</前年度決算數>
		<本年度與上年度比較>5888695</本年度與上年度比較>
		<款>21</款>
	</Row>
	<Row>
		<科目名稱>衛生署主管</科目名稱>
		<本年度預算數>69015098</本年度預算數>
		<上年度預算數>60777204</上年度預算數>
		<前年度決算數>54062735</前年度決算數>
		<本年度與上年度比較>8237894</本年度與上年度比較>
		<款>22</款>
	</Row>
	<Row>
		<科目名稱>環境保護署主管</科目名稱>
		<本年度預算數>6395430</本年度預算數>
		<上年度預算數>8256705</上年度預算數>
		<前年度決算數>7658925</前年度決算數>
		<本年度與上年度比較>-1861275</本年度與上年度比較>
		<款>23</款>
	</Row>
	<Row>
		<科目名稱>海岸巡防署主管</科目名稱>
		<本年度預算數>13721900</本年度預算數>
		<上年度預算數>12986369</上年度預算數>
		<前年度決算數>12285888</前年度決算數>
		<本年度與上年度比較>735531</本年度與上年度比較>
		<款>24</款>
	</Row>
	<Row>
		<科目名稱>省市地方政府</科目名稱>
		<本年度預算數>237923556</本年度預算數>
		<上年度預算數>219162799</上年度預算數>
		<前年度決算數>202480967</前年度決算數>
		<本年度與上年度比較>18760757</本年度與上年度比較>
		<款>25</款>
	</Row>
	<Row>
		<科目名稱>災害準備金</科目名稱>
		<本年度預算數>2000000</本年度預算數>
		<上年度預算數>1997000</上年度預算數>
		<前年度決算數>-</前年度決算數>
		<本年度與上年度比較>3000</本年度與上年度比較>
		<款>26</款>
	</Row>
	<Row>
		<科目名稱>第二預備金</科目名稱>
		<本年度預算數>8000000</本年度預算數>
		<上年度預算數>7990000</上年度預算數>
		<前年度決算數>-</前年度決算數>
		<本年度與上年度比較>10000</本年度與上年度比較>
		<款>27</款>
	</Row>
</Root>