<?xml version="1.0" encoding="UTF-8"?>
<tables>
    <BCME3460>
        <BCME3460_row>
            <budgetno>00110000000</budgetno>
            <b_level>00</b_level>
            <budgetname>外交部主管</budgetname>
            <damt1>7458901000.00</damt1>
            <damt2>6405424000.00</damt2>
            <damt3>8042975000.00</damt3>
            <damt4>0.00</damt4>
            <damt5>90000000.00</damt5>
            <damt6>21997300000.00</damt6>
            <damt7>44818000.00</damt7>
            <damt8>678466000.00</damt8>
            <damt9>576000.00</damt9>
            <damt10>0.00</damt10>
            <damt11>723860000.00</damt11>
            <damt12>22721160000.00</damt12>
            <no1>08</no1>
            <no2>00</no2>
            <no3>00</no3>
            <no4>00</no4>
            <budgetno_conver>0011000000</budgetno_conver>
            <bnorder>1100000000000</bnorder>
            <ba_budgetsource>1</ba_budgetsource>
        </BCME3460_row>
        <BCME3460_row>
            <budgetno>00110010000</budgetno>
            <b_level>10</b_level>
            <budgetname>外交部</budgetname>
            <damt1>7458901000.00</damt1>
            <damt2>6405424000.00</damt2>
            <damt3>8042975000.00</damt3>
            <damt4>0.00</damt4>
            <damt5>90000000.00</damt5>
            <damt6>21997300000.00</damt6>
            <damt7>44818000.00</damt7>
            <damt8>678466000.00</damt8>
            <damt9>576000.00</damt9>
            <damt10>0.00</damt10>
            <damt11>723860000.00</damt11>
            <damt12>22721160000.00</damt12>
            <no1>08</no1>
            <no2>01</no2>
            <no3>00</no3>
            <no4>00</no4>
            <budgetno_conver>0011010000</budgetno_conver>
            <bnorder>1100100000000</bnorder>
            <ba_budgetsource>1</ba_budgetsource>
        </BCME3460_row>
        <BCME3460_row>
            <budgetno>39110010000</budgetno>
            <b_level>20</b_level>
            <budgetname>外交支出</budgetname>
            <damt1>7458901000.00</damt1>
            <damt2>6405424000.00</damt2>
            <damt3>8042975000.00</damt3>
            <damt4>0.00</damt4>
            <damt5>90000000.00</damt5>
            <damt6>21997300000.00</damt6>
            <damt7>44818000.00</damt7>
            <damt8>678466000.00</damt8>
            <damt9>576000.00</damt9>
            <damt10>0.00</damt10>
            <damt11>723860000.00</damt11>
            <damt12>22721160000.00</damt12>
            <no1>08</no1>
            <no2>01</no2>
            <no3>00</no3>
            <no4>00</no4>
            <budgetno_conver>3911010000</budgetno_conver>
            <bnorder>1100100390000</bnorder>
            <ba_budgetsource>1</ba_budgetsource>
        </BCME3460_row>
        <BCME3460_row>
            <budgetno>39110010100</budgetno>
            <b_level>30</b_level>
            <budgetname>一般行政</budgetname>
            <damt1>7458901000.00</damt1>
            <damt2>262802000.00</damt2>
            <damt3>4189000.00</damt3>
            <damt4>0.00</damt4>
            <damt5>0.00</damt5>
            <damt6>7725892000.00</damt6>
            <damt7>0.00</damt7>
            <damt8>113151000.00</damt8>
            <damt9>0.00</damt9>
            <damt10>0.00</damt10>
            <damt11>113151000.00</damt11>
            <damt12>7839043000.00</damt12>
            <no1>08</no1>
            <no2>01</no2>
            <no3>01</no3>
            <no4>00</no4>
            <budgetno_conver>3911010100</budgetno_conver>
            <bnorder>1100100390100</bnorder>
            <ba_budgetsource>1</ba_budgetsource>
        </BCME3460_row>
        <BCME3460_row>
            <budgetno>39110011000</budgetno>
            <b_level>30</b_level>
            <budgetname>外交業務</budgetname>
            <damt1>0.00</damt1>
            <damt2>265212000.00</damt2>
            <damt3>3230000.00</damt3>
            <damt4>0.00</damt4>
            <damt5>0.00</damt5>
            <damt6>268442000.00</damt6>
            <damt7>0.00</damt7>
            <damt8>0.00</damt8>
            <damt9>0.00</damt9>
            <damt10>0.00</damt10>
            <damt11>0.00</damt11>
            <damt12>268442000.00</damt12>
            <no1>08</no1>
            <no2>01</no2>
            <no3>02</no3>
            <no4>00</no4>
            <budgetno_conver>3911011000</budgetno_conver>
            <bnorder>1100100391000</bnorder>
            <ba_budgetsource>1</ba_budgetsource>
        </BCME3460_row>
        <BCME3460_row>
            <budgetno>39110011020</budgetno>
            <b_level>40</b_level>
            <budgetname>外交業務管理</budgetname>
            <damt1>0.00</damt1>
            <damt2>265212000.00</damt2>
            <damt3>3230000.00</damt3>
            <damt4>0.00</damt4>
            <damt5>0.00</damt5>
            <damt6>268442000.00</damt6>
            <damt7>0.00</damt7>
            <damt8>0.00</damt8>
            <damt9>0.00</damt9>
            <damt10>0.00</damt10>
            <damt11>0.00</damt11>
            <damt12>268442000.00</damt12>
            <no1>08</no1>
            <no2>01</no2>
            <no3>02</no3>
            <no4>01</no4>
            <budgetno_conver>3911011020</budgetno_conver>
            <bnorder>1100100391020</bnorder>
            <ba_budgetsource>1</ba_budgetsource>
        </BCME3460_row>
        <BCME3460_row>
            <budgetno>39110011300</budgetno>
            <b_level>30</b_level>
            <budgetname>駐外機構業務</budgetname>
            <damt1>0.00</damt1>
            <damt2>3211771000.00</damt2>
            <damt3>0.00</damt3>
            <damt4>0.00</damt4>
            <damt5>0.00</damt5>
            <damt6>3211771000.00</damt6>
            <damt7>0.00</damt7>
            <damt8>50527000.00</damt8>
            <damt9>0.00</damt9>
            <damt10>0.00</damt10>
            <damt11>50527000.00</damt11>
            <damt12>3262298000.00</damt12>
            <no1>08</no1>
            <no2>01</no2>
            <no3>03</no3>
            <no4>00</no4>
            <budgetno_conver>3911011300</budgetno_conver>
            <bnorder>1100100391300</bnorder>
            <ba_budgetsource>1</ba_budgetsource>
        </BCME3460_row>
        <BCME3460_row>
            <budgetno>39110011400</budgetno>
            <b_level>30</b_level>
            <budgetname>國際會議及交流</budgetname>
            <damt1>0.00</damt1>
            <damt2>1104524000.00</damt2>
            <damt3>529526000.00</damt3>
            <damt4>0.00</damt4>
            <damt5>0.00</damt5>
            <damt6>1634050000.00</damt6>
            <damt7>0.00</damt7>
            <damt8>0.00</damt8>
            <damt9>576000.00</damt9>
            <damt10>0.00</damt10>
            <damt11>576000.00</damt11>
            <damt12>1634626000.00</damt12>
            <no1>08</no1>
            <no2>01</no2>
            <no3>04</no3>
            <no4>00</no4>
            <budgetno_conver>3911011400</budgetno_conver>
            <bnorder>1100100391400</bnorder>
            <ba_budgetsource>1</ba_budgetsource>
        </BCME3460_row>
        <BCME3460_row>
            <budgetno>39110011500</budgetno>
            <b_level>30</b_level>
            <budgetname>國際合作</budgetname>
            <damt1>0.00</damt1>
            <damt2>1057307000.00</damt2>
            <damt3>7367357000.00</damt3>
            <damt4>0.00</damt4>
            <damt5>0.00</damt5>
            <damt6>8424664000.00</damt6>
            <damt7>44818000.00</damt7>
            <damt8>0.00</damt8>
            <damt9>0.00</damt9>
            <damt10>0.00</damt10>
            <damt11>44818000.00</damt11>
            <damt12>8469482000.00</damt12>
            <no1>08</no1>
            <no2>01</no2>
            <no3>05</no3>
            <no4>00</no4>
            <budgetno_conver>3911011500</budgetno_conver>
            <bnorder>1100100391500</bnorder>
            <ba_budgetsource>1</ba_budgetsource>
        </BCME3460_row>
        <BCME3460_row>
            <budgetno>39110016100</budgetno>
            <b_level>30</b_level>
            <budgetname>國際關懷與救助</budgetname>
            <damt1>0.00</damt1>
            <damt2>3050000.00</damt2>
            <damt3>138673000.00</damt3>
            <damt4>0.00</damt4>
            <damt5>0.00</damt5>
            <damt6>141723000.00</damt6>
            <damt7>0.00</damt7>
            <damt8>0.00</damt8>
            <damt9>0.00</damt9>
            <damt10>0.00</damt10>
            <damt11>0.00</damt11>
            <damt12>141723000.00</damt12>
            <no1>08</no1>
            <no2>01</no2>
            <no3>06</no3>
            <no4>00</no4>
            <budgetno_conver>3911016100</budgetno_conver>
            <bnorder>1100100396100</bnorder>
            <ba_budgetsource>1</ba_budgetsource>
        </BCME3460_row>
        <BCME3460_row>
            <budgetno>39110019000</budgetno>
            <b_level>30</b_level>
            <budgetname>一般建築及設備</budgetname>
            <damt1>0.00</damt1>
            <damt2>0.00</damt2>
            <damt3>0.00</damt3>
            <damt4>0.00</damt4>
            <damt5>0.00</damt5>
            <damt6>0.00</damt6>
            <damt7>0.00</damt7>
            <damt8>514788000.00</damt8>
            <damt9>0.00</damt9>
            <damt10>0.00</damt10>
            <damt11>514788000.00</damt11>
            <damt12>514788000.00</damt12>
            <no1>08</no1>
            <no2>01</no2>
            <no3>07</no3>
            <no4>00</no4>
            <budgetno_conver>3911019000</budgetno_conver>
            <bnorder>1100100399000</bnorder>
            <ba_budgetsource>1</ba_budgetsource>
        </BCME3460_row>
        <BCME3460_row>
            <budgetno>39110019002</budgetno>
            <b_level>40</b_level>
            <budgetname>營建工程</budgetname>
            <damt1>0.00</damt1>
            <damt2>0.00</damt2>
            <damt3>0.00</damt3>
            <damt4>0.00</damt4>
            <damt5>0.00</damt5>
            <damt6>0.00</damt6>
            <damt7>0.00</damt7>
            <damt8>465011000.00</damt8>
            <damt9>0.00</damt9>
            <damt10>0.00</damt10>
            <damt11>465011000.00</damt11>
            <damt12>465011000.00</damt12>
            <no1>08</no1>
            <no2>01</no2>
            <no3>07</no3>
            <no4>01</no4>
            <budgetno_conver>3911019002</budgetno_conver>
            <bnorder>1100100399002</bnorder>
            <ba_budgetsource>1</ba_budgetsource>
        </BCME3460_row>
        <BCME3460_row>
            <budgetno>39110019011</budgetno>
            <b_level>40</b_level>
            <budgetname>交通及運輸設備</budgetname>
            <damt1>0.00</damt1>
            <damt2>0.00</damt2>
            <damt3>0.00</damt3>
            <damt4>0.00</damt4>
            <damt5>0.00</damt5>
            <damt6>0.00</damt6>
            <damt7>0.00</damt7>
            <damt8>49777000.00</damt8>
            <damt9>0.00</damt9>
            <damt10>0.00</damt10>
            <damt11>49777000.00</damt11>
            <damt12>49777000.00</damt12>
            <no1>08</no1>
            <no2>01</no2>
            <no3>07</no3>
            <no4>02</no4>
            <budgetno_conver>3911019011</budgetno_conver>
            <bnorder>1100100399011</bnorder>
            <ba_budgetsource>1</ba_budgetsource>
        </BCME3460_row>
        <BCME3460_row>
            <budgetno>39110019800</budgetno>
            <b_level>30</b_level>
            <budgetname>第一預備金</budgetname>
            <damt1>0.00</damt1>
            <damt2>0.00</damt2>
            <damt3>0.00</damt3>
            <damt4>0.00</damt4>
            <damt5>90000000.00</damt5>
            <damt6>90000000.00</damt6>
            <damt7>0.00</damt7>
            <damt8>0.00</damt8>
            <damt9>0.00</damt9>
            <damt10>0.00</damt10>
            <damt11>0.00</damt11>
            <damt12>90000000.00</damt12>
            <no1>08</no1>
            <no2>01</no2>
            <no3>08</no3>
            <no4>00</no4>
            <budgetno_conver>3911019800</budgetno_conver>
            <bnorder>1100100399800</bnorder>
            <ba_budgetsource>1</ba_budgetsource>
        </BCME3460_row>
        <BCME3460_row>
            <budgetno>3911001A000</budgetno>
            <b_level>30</b_level>
            <budgetname>外交支出機密預算</budgetname>
            <damt1>0.00</damt1>
            <damt2>500758000.00</damt2>
            <damt3>0.00</damt3>
            <damt4>0.00</damt4>
            <damt5>0.00</damt5>
            <damt6>500758000.00</damt6>
            <damt7>0.00</damt7>
            <damt8>0.00</damt8>
            <damt9>0.00</damt9>
            <damt10>0.00</damt10>
            <damt11>0.00</damt11>
            <damt12>500758000.00</damt12>
            <no1>08</no1>
            <no2>01</no2>
            <no3>09</no3>
            <no4>00</no4>
            <budgetno_conver>391101A000</budgetno_conver>
            <bnorder>110010039A000</bnorder>
            <ba_budgetsource>1</ba_budgetsource>
        </BCME3460_row>
    </BCME3460>
</tables>
