<?xml version="1.0" encoding="UTF-8"?>
<tables>
    <BCME3410>
        <BCME3410_row>
            <budgetno/>
            <agenno/>
            <agentype/>
            <mh_budgetname>合         計</mh_budgetname>
            <budgetno_conver/>
            <tyear_amt>689329.000000</tyear_amt>
            <lyear_amt>644697.000000</lyear_amt>
            <byear_amt>1622943.000000</byear_amt>
            <b_amt>44632.000000</b_amt>
            <bc_content/>
        </BCME3410_row>
        <BCME3410_row>
            <budgetno>04000000000</budgetno>
            <agenno>11001</agenno>
            <agentype>C</agentype>
            <mh_budgetname>罰款及賠償收入</mh_budgetname>
            <budgetno_conver>0400000000</budgetno_conver>
            <tyear_amt>1810.000000</tyear_amt>
            <lyear_amt>1810.000000</lyear_amt>
            <byear_amt>1629.000000</byear_amt>
            <b_amt>0.000000</b_amt>
            <bc_content/>
        </BCME3410_row>
        <BCME3410_row>
            <budgetno>04110010000</budgetno>
            <agenno>11001</agenno>
            <agentype>C</agentype>
            <mh_budgetname>外交部</mh_budgetname>
            <budgetno_conver>0411010000</budgetno_conver>
            <tyear_amt>1810.000000</tyear_amt>
            <lyear_amt>1810.000000</lyear_amt>
            <byear_amt>1629.000000</byear_amt>
            <b_amt>0.000000</b_amt>
            <bc_content/>
        </BCME3410_row>
        <BCME3410_row>
            <budgetno>04110010300</budgetno>
            <agenno>11001</agenno>
            <agentype>C</agentype>
            <mh_budgetname>賠償收入</mh_budgetname>
            <budgetno_conver>0411010300</budgetno_conver>
            <tyear_amt>1810.000000</tyear_amt>
            <lyear_amt>1810.000000</lyear_amt>
            <byear_amt>1629.000000</byear_amt>
            <b_amt>0.000000</b_amt>
            <bc_content/>
        </BCME3410_row>
        <BCME3410_row>
            <budgetno>04110010301</budgetno>
            <agenno>11001</agenno>
            <agentype>C</agentype>
            <mh_budgetname>一般賠償收入</mh_budgetname>
            <budgetno_conver>0411010301</budgetno_conver>
            <tyear_amt>1810.000000</tyear_amt>
            <lyear_amt>1810.000000</lyear_amt>
            <byear_amt>1629.000000</byear_amt>
            <b_amt>0.000000</b_amt>
            <bc_content>本年度預算數係廠商違約逾期交貨之賠償收入。</bc_content>
        </BCME3410_row>
        <BCME3410_row>
            <budgetno>05000000000</budgetno>
            <agenno>11001</agenno>
            <agentype>C</agentype>
            <mh_budgetname>規費收入</mh_budgetname>
            <budgetno_conver>0500000000</budgetno_conver>
            <tyear_amt>0.000000</tyear_amt>
            <lyear_amt>0.000000</lyear_amt>
            <byear_amt>9124.000000</byear_amt>
            <b_amt>0.000000</b_amt>
            <bc_content/>
        </BCME3410_row>
        <BCME3410_row>
            <budgetno>05110010000</budgetno>
            <agenno>11001</agenno>
            <agentype>C</agentype>
            <mh_budgetname>外交部</mh_budgetname>
            <budgetno_conver>0511010000</budgetno_conver>
            <tyear_amt>0.000000</tyear_amt>
            <lyear_amt>0.000000</lyear_amt>
            <byear_amt>9124.000000</byear_amt>
            <b_amt>0.000000</b_amt>
            <bc_content/>
        </BCME3410_row>
        <BCME3410_row>
            <budgetno>05110010300</budgetno>
            <agenno>11001</agenno>
            <agentype>C</agentype>
            <mh_budgetname>使用規費收入</mh_budgetname>
            <budgetno_conver>0511010300</budgetno_conver>
            <tyear_amt>0.000000</tyear_amt>
            <lyear_amt>0.000000</lyear_amt>
            <byear_amt>9124.000000</byear_amt>
            <b_amt>0.000000</b_amt>
            <bc_content/>
        </BCME3410_row>
        <BCME3410_row>
            <budgetno>05110010305</budgetno>
            <agenno>11001</agenno>
            <agentype>C</agentype>
            <mh_budgetname>資料使用費</mh_budgetname>
            <budgetno_conver>0511010305</budgetno_conver>
            <tyear_amt>0.000000</tyear_amt>
            <lyear_amt>0.000000</lyear_amt>
            <byear_amt>5023.000000</byear_amt>
            <b_amt>0.000000</b_amt>
            <bc_content>前年度決算數係出售出版品及招標文件工本費等收入。</bc_content>
        </BCME3410_row>
        <BCME3410_row>
            <budgetno>05110010312</budgetno>
            <agenno>11001</agenno>
            <agentype>C</agentype>
            <mh_budgetname>場地設施使用費</mh_budgetname>
            <budgetno_conver>0511010312</budgetno_conver>
            <tyear_amt>0.000000</tyear_amt>
            <lyear_amt>0.000000</lyear_amt>
            <byear_amt>4101.000000</byear_amt>
            <b_amt>0.000000</b_amt>
            <bc_content>前年度決算數係借用宿舍員工自薪資扣回繳庫數及宿舍管理費等收入。</bc_content>
        </BCME3410_row>
        <BCME3410_row>
            <budgetno>07000000000</budgetno>
            <agenno>11001</agenno>
            <agentype>C</agentype>
            <mh_budgetname>財產收入</mh_budgetname>
            <budgetno_conver>0700000000</budgetno_conver>
            <tyear_amt>44077.000000</tyear_amt>
            <lyear_amt>36332.000000</lyear_amt>
            <byear_amt>88876.000000</byear_amt>
            <b_amt>7745.000000</b_amt>
            <bc_content/>
        </BCME3410_row>
        <BCME3410_row>
            <budgetno>07110010000</budgetno>
            <agenno>11001</agenno>
            <agentype>C</agentype>
            <mh_budgetname>外交部</mh_budgetname>
            <budgetno_conver>0711010000</budgetno_conver>
            <tyear_amt>44077.000000</tyear_amt>
            <lyear_amt>36332.000000</lyear_amt>
            <byear_amt>88876.000000</byear_amt>
            <b_amt>7745.000000</b_amt>
            <bc_content/>
        </BCME3410_row>
        <BCME3410_row>
            <budgetno>07110010100</budgetno>
            <agenno>11001</agenno>
            <agentype>C</agentype>
            <mh_budgetname>財產孳息</mh_budgetname>
            <budgetno_conver>0711010100</budgetno_conver>
            <tyear_amt>22243.000000</tyear_amt>
            <lyear_amt>28043.000000</lyear_amt>
            <byear_amt>51772.000000</byear_amt>
            <b_amt>-5800.000000</b_amt>
            <bc_content/>
        </BCME3410_row>
        <BCME3410_row>
            <budgetno>07110010101</budgetno>
            <agenno>11001</agenno>
            <agentype>C</agentype>
            <mh_budgetname>利息收入</mh_budgetname>
            <budgetno_conver>0711010101</budgetno_conver>
            <tyear_amt>1700.000000</tyear_amt>
            <lyear_amt>4500.000000</lyear_amt>
            <byear_amt>1483.000000</byear_amt>
            <b_amt>-2800.000000</b_amt>
            <bc_content>本年度預算數係駐外機構及技術團等專戶存款之利息收入。</bc_content>
        </BCME3410_row>
        <BCME3410_row>
            <budgetno>07110010106</budgetno>
            <agenno>11001</agenno>
            <agentype>C</agentype>
            <mh_budgetname>租金收入</mh_budgetname>
            <budgetno_conver>0711010106</budgetno_conver>
            <tyear_amt>20543.000000</tyear_amt>
            <lyear_amt>23543.000000</lyear_amt>
            <byear_amt>50289.000000</byear_amt>
            <b_amt>-3000.000000</b_amt>
            <bc_content>本年度預算數係駐臺使館專用區館官舍與其他出借場地租金收入。</bc_content>
        </BCME3410_row>
        <BCME3410_row>
            <budgetno>07110010200</budgetno>
            <agenno>11001</agenno>
            <agentype>C</agentype>
            <mh_budgetname>財產售價</mh_budgetname>
            <budgetno_conver>0711010200</budgetno_conver>
            <tyear_amt>13853.000000</tyear_amt>
            <lyear_amt>0.000000</lyear_amt>
            <byear_amt>26254.000000</byear_amt>
            <b_amt>13853.000000</b_amt>
            <bc_content/>
        </BCME3410_row>
        <BCME3410_row>
            <budgetno>07110010203</budgetno>
            <agenno>11001</agenno>
            <agentype>C</agentype>
            <mh_budgetname>土地以外不動產售價</mh_budgetname>
            <budgetno_conver>0711010203</budgetno_conver>
            <tyear_amt>13853.000000</tyear_amt>
            <lyear_amt>0.000000</lyear_amt>
            <byear_amt>26254.000000</byear_amt>
            <b_amt>13853.000000</b_amt>
            <bc_content>本年度預算數係出售駐堪薩斯辦事處職務宿舍收入。</bc_content>
        </BCME3410_row>
        <BCME3410_row>
            <budgetno>07110010600</budgetno>
            <agenno>11001</agenno>
            <agentype>C</agentype>
            <mh_budgetname>廢舊物資售價</mh_budgetname>
            <budgetno_conver>0711010600</budgetno_conver>
            <tyear_amt>7981.000000</tyear_amt>
            <lyear_amt>8289.000000</lyear_amt>
            <byear_amt>10851.000000</byear_amt>
            <b_amt>-308.000000</b_amt>
            <bc_content>本年度預算數係出售報廢公務車及其他報廢財物等收入。</bc_content>
        </BCME3410_row>
        <BCME3410_row>
            <budgetno>11000000000</budgetno>
            <agenno>11001</agenno>
            <agentype>C</agentype>
            <mh_budgetname>其他收入</mh_budgetname>
            <budgetno_conver>1100000000</budgetno_conver>
            <tyear_amt>643442.000000</tyear_amt>
            <lyear_amt>606555.000000</lyear_amt>
            <byear_amt>1523313.000000</byear_amt>
            <b_amt>36887.000000</b_amt>
            <bc_content/>
        </BCME3410_row>
        <BCME3410_row>
            <budgetno>11110010000</budgetno>
            <agenno>11001</agenno>
            <agentype>C</agentype>
            <mh_budgetname>外交部</mh_budgetname>
            <budgetno_conver>1111010000</budgetno_conver>
            <tyear_amt>643442.000000</tyear_amt>
            <lyear_amt>606555.000000</lyear_amt>
            <byear_amt>1523313.000000</byear_amt>
            <b_amt>36887.000000</b_amt>
            <bc_content/>
        </BCME3410_row>
        <BCME3410_row>
            <budgetno>11110010900</budgetno>
            <agenno>11001</agenno>
            <agentype>C</agentype>
            <mh_budgetname>雜項收入</mh_budgetname>
            <budgetno_conver>1111010900</budgetno_conver>
            <tyear_amt>643442.000000</tyear_amt>
            <lyear_amt>606555.000000</lyear_amt>
            <byear_amt>1523313.000000</byear_amt>
            <b_amt>36887.000000</b_amt>
            <bc_content/>
        </BCME3410_row>
        <BCME3410_row>
            <budgetno>11110010901</budgetno>
            <agenno>11001</agenno>
            <agentype>C</agentype>
            <mh_budgetname>收回以前年度歲出</mh_budgetname>
            <budgetno_conver>1111010901</budgetno_conver>
            <tyear_amt>181000.000000</tyear_amt>
            <lyear_amt>194625.000000</lyear_amt>
            <byear_amt>964910.000000</byear_amt>
            <b_amt>-13625.000000</b_amt>
            <bc_content>本年度預算數係收回以前年度已列支之各項費用等繳庫數。</bc_content>
        </BCME3410_row>
        <BCME3410_row>
            <budgetno>11110010909</budgetno>
            <agenno>11001</agenno>
            <agentype>C</agentype>
            <mh_budgetname>其他雜項收入</mh_budgetname>
            <budgetno_conver>1111010909</budgetno_conver>
            <tyear_amt>462442.000000</tyear_amt>
            <lyear_amt>411930.000000</lyear_amt>
            <byear_amt>558403.000000</byear_amt>
            <b_amt>50512.000000</b_amt>
            <bc_content>本年度預算數係出版品銷售及廣告收入、借用宿舍員工自薪資扣回繳庫數、宿舍管理費、利息差額退還款及停車場使用費等收入。</bc_content>
        </BCME3410_row>
    </BCME3410>
</tables>
