<?xml version="1.0" encoding="UTF-8"?>
<tables>
    <BCTDOUTGO>
        <BCTDOUTGO_row>
            <bm_fiscalyear>105</bm_fiscalyear>
            <bm_fundkind>1</bm_fundkind>
            <bm_budgetkind>1</bm_budgetkind>
            <bm_specialbudgetno/>
            <bm_agenno>21073</bm_agenno>
            <bm_agentype>C</bm_agentype>
            <bm_budgetstate>2</bm_budgetstate>
            <bm_abroadplan>1</bm_abroadplan>
            <bm_projtype>2 </bm_projtype>
            <bm_projno>01</bm_projno>
            <bm_abroadplanname>2016年美國亞洲學會(AAS)年會及書展</bm_abroadplanname>
            <bm_visitsts>0</bm_visitsts>
            <bm_visitexplain/>
            <bm_dispatchstaffs>0</bm_dispatchstaffs>
            <bm_abroadsite1>美國聖地牙哥</bm_abroadsite1>
            <bm_abroadsite2>美國費城</bm_abroadsite2>
            <bm_abroadsite3>美國芝加哥</bm_abroadsite3>
            <bm_abroadperiod1>10203</bm_abroadperiod1>
            <bm_abroadperiodto1>10203</bm_abroadperiodto1>
            <bm_abroadperiod2>10303</bm_abroadperiod2>
            <bm_abroadperiodto2>10304</bm_abroadperiodto2>
            <bm_abroadperiod3>10403</bm_abroadperiod3>
            <bm_abroadperiodto3>10404</bm_abroadperiodto3>
            <bm_abroadstaffs1>2</bm_abroadstaffs1>
            <bm_abroadstaffs2>1</bm_abroadstaffs2>
            <bm_abroadstaffs3>1</bm_abroadstaffs3>
            <bm_abroadallowance1>82000.00</bm_abroadallowance1>
            <bm_abroadallowance2>95000.00</bm_abroadallowance2>
            <bm_abroadallowance3>91000.00</bm_abroadallowance3>
            <bm_budgetno>53210731026</bm_budgetno>
            <bm_regionno>74</bm_regionno>
            <bm_country>美國</bm_country>
            <bm_agency/>
            <bm_cont_text>參加美國亞洲學會(AAS)年會，宣傳及介紹本館和漢學中心業務，聯絡與會各國學者，並展出臺灣近年出版書刊。</bm_cont_text>
            <bm_durationfrom>10501</bm_durationfrom>
            <bm_durationto>10512</bm_durationto>
            <bm_days>7</bm_days>
            <bm_persons>1</bm_persons>
            <bm_amt_trans>40000.00</bm_amt_trans>
            <bm_amt_life>42000.00</bm_amt_life>
            <bm_amt_public>5000.00</bm_amt_public>
            <bm_amt_books>0.00</bm_amt_books>
            <bm_amt_flight>0.00</bm_amt_flight>
            <bm_versiondate/>
        </BCTDOUTGO_row>
        <BCTDOUTGO_row>
            <bm_fiscalyear>105</bm_fiscalyear>
            <bm_fundkind>1</bm_fundkind>
            <bm_budgetkind>1</bm_budgetkind>
            <bm_specialbudgetno/>
            <bm_agenno>21073</bm_agenno>
            <bm_agentype>C</bm_agentype>
            <bm_budgetstate>2</bm_budgetstate>
            <bm_abroadplan>1</bm_abroadplan>
            <bm_projtype>2 </bm_projtype>
            <bm_projno>02</bm_projno>
            <bm_abroadplanname>2016年歐洲漢學學會(EACS）雙年會及書展</bm_abroadplanname>
            <bm_visitsts/>
            <bm_visitexplain/>
            <bm_dispatchstaffs>0</bm_dispatchstaffs>
            <bm_abroadsite1>葡萄牙</bm_abroadsite1>
            <bm_abroadsite2/>
            <bm_abroadsite3/>
            <bm_abroadperiod1>10307</bm_abroadperiod1>
            <bm_abroadperiodto1>10307</bm_abroadperiodto1>
            <bm_abroadperiod2/>
            <bm_abroadperiodto2/>
            <bm_abroadperiod3/>
            <bm_abroadperiodto3/>
            <bm_abroadstaffs1>1</bm_abroadstaffs1>
            <bm_abroadstaffs2>0</bm_abroadstaffs2>
            <bm_abroadstaffs3>0</bm_abroadstaffs3>
            <bm_abroadallowance1>91000.00</bm_abroadallowance1>
            <bm_abroadallowance2>0.00</bm_abroadallowance2>
            <bm_abroadallowance3>0.00</bm_abroadallowance3>
            <bm_budgetno>53210731026</bm_budgetno>
            <bm_regionno>74</bm_regionno>
            <bm_country>俄羅斯</bm_country>
            <bm_agency/>
            <bm_cont_text>參加歐洲漢學學會(EACS)雙年會，宣傳及介紹本館和漢學研究中心業務，聯絡與會學者並展出臺灣近年出版品。</bm_cont_text>
            <bm_durationfrom>10501</bm_durationfrom>
            <bm_durationto>10512</bm_durationto>
            <bm_days>8</bm_days>
            <bm_persons>1</bm_persons>
            <bm_amt_trans>45000.00</bm_amt_trans>
            <bm_amt_life>62000.00</bm_amt_life>
            <bm_amt_public>5000.00</bm_amt_public>
            <bm_amt_books>0.00</bm_amt_books>
            <bm_amt_flight>0.00</bm_amt_flight>
            <bm_versiondate/>
        </BCTDOUTGO_row>
        <BCTDOUTGO_row>
            <bm_fiscalyear>105</bm_fiscalyear>
            <bm_fundkind>1</bm_fundkind>
            <bm_budgetkind>1</bm_budgetkind>
            <bm_specialbudgetno/>
            <bm_agenno>21073</bm_agenno>
            <bm_agentype>C</bm_agentype>
            <bm_budgetstate>2</bm_budgetstate>
            <bm_abroadplan>1</bm_abroadplan>
            <bm_projtype>2 </bm_projtype>
            <bm_projno>03</bm_projno>
            <bm_abroadplanname>參加國家圖書館合作組織會議及國際圖書資訊學術會議</bm_abroadplanname>
            <bm_visitsts>0</bm_visitsts>
            <bm_visitexplain/>
            <bm_dispatchstaffs>0</bm_dispatchstaffs>
            <bm_abroadsite1>泰國</bm_abroadsite1>
            <bm_abroadsite2/>
            <bm_abroadsite3/>
            <bm_abroadperiod1>10406</bm_abroadperiod1>
            <bm_abroadperiodto1>10406</bm_abroadperiodto1>
            <bm_abroadperiod2/>
            <bm_abroadperiodto2/>
            <bm_abroadperiod3/>
            <bm_abroadperiodto3/>
            <bm_abroadstaffs1>2</bm_abroadstaffs1>
            <bm_abroadstaffs2>0</bm_abroadstaffs2>
            <bm_abroadstaffs3>0</bm_abroadstaffs3>
            <bm_abroadallowance1>102000.00</bm_abroadallowance1>
            <bm_abroadallowance2>0.00</bm_abroadallowance2>
            <bm_abroadallowance3>0.00</bm_abroadallowance3>
            <bm_budgetno>53210731026</bm_budgetno>
            <bm_regionno>74</bm_regionno>
            <bm_country>視實際會議地點而定</bm_country>
            <bm_agency/>
            <bm_cont_text>&amp;lt;#H1&amp;gt;增進圖書資訊專業知識及交流。&#xd;
&amp;lt;#H1&amp;gt;增進與各國國家圖書館之交流，瞭解各館最新發展，尋求合作關係，並相互學習與分享服務經驗與成果。&#xd;
&amp;lt;#H1&amp;gt;參加2016年在紐西蘭召開之第24屆亞洲大洋洲國家圖書館館長會議（CDNLAO）或2016年東南亞圖書館員會議(CONSAL)等會議。</bm_cont_text>
            <bm_durationfrom>10501</bm_durationfrom>
            <bm_durationto>10512</bm_durationto>
            <bm_days>5</bm_days>
            <bm_persons>1</bm_persons>
            <bm_amt_trans>28000.00</bm_amt_trans>
            <bm_amt_life>20000.00</bm_amt_life>
            <bm_amt_public>5000.00</bm_amt_public>
            <bm_amt_books>0.00</bm_amt_books>
            <bm_amt_flight>0.00</bm_amt_flight>
            <bm_versiondate/>
        </BCTDOUTGO_row>
        <BCTDOUTGO_row>
            <bm_fiscalyear>105</bm_fiscalyear>
            <bm_fundkind>1</bm_fundkind>
            <bm_budgetkind>1</bm_budgetkind>
            <bm_specialbudgetno/>
            <bm_agenno>21073</bm_agenno>
            <bm_agentype>C</bm_agentype>
            <bm_budgetstate>2</bm_budgetstate>
            <bm_abroadplan>1</bm_abroadplan>
            <bm_projtype>2 </bm_projtype>
            <bm_projno>04</bm_projno>
            <bm_abroadplanname>出席2016年國際圖書館協會聯盟(IFLA)第82屆年會</bm_abroadplanname>
            <bm_visitsts>0</bm_visitsts>
            <bm_visitexplain/>
            <bm_dispatchstaffs>0</bm_dispatchstaffs>
            <bm_abroadsite1>新加坡</bm_abroadsite1>
            <bm_abroadsite2>法國里昂、巴黎</bm_abroadsite2>
            <bm_abroadsite3>南非開普敦</bm_abroadsite3>
            <bm_abroadperiod1>10208</bm_abroadperiod1>
            <bm_abroadperiodto1>10208</bm_abroadperiodto1>
            <bm_abroadperiod2>10308</bm_abroadperiod2>
            <bm_abroadperiodto2>10308</bm_abroadperiodto2>
            <bm_abroadperiod3>10408</bm_abroadperiod3>
            <bm_abroadperiodto3>10408</bm_abroadperiodto3>
            <bm_abroadstaffs1>1</bm_abroadstaffs1>
            <bm_abroadstaffs2>1</bm_abroadstaffs2>
            <bm_abroadstaffs3>1</bm_abroadstaffs3>
            <bm_abroadallowance1>50000.00</bm_abroadallowance1>
            <bm_abroadallowance2>95000.00</bm_abroadallowance2>
            <bm_abroadallowance3>102000.00</bm_abroadallowance3>
            <bm_budgetno>53210731026</bm_budgetno>
            <bm_regionno>74</bm_regionno>
            <bm_country>美國</bm_country>
            <bm_agency/>
            <bm_cont_text>&amp;lt;#H1&amp;gt;本館為會員，有必要持續出席會議促進臺灣圖書館事業與國際接軌，積極參與國際專業組織及活動以及了解發展趨向。&amp;lt;#H1&amp;gt;本館申請參加海報展入選。</bm_cont_text>
            <bm_durationfrom>10501</bm_durationfrom>
            <bm_durationto>10512</bm_durationto>
            <bm_days>9</bm_days>
            <bm_persons>1</bm_persons>
            <bm_amt_trans>58000.00</bm_amt_trans>
            <bm_amt_life>45000.00</bm_amt_life>
            <bm_amt_public>5000.00</bm_amt_public>
            <bm_amt_books>0.00</bm_amt_books>
            <bm_amt_flight>0.00</bm_amt_flight>
            <bm_versiondate/>
        </BCTDOUTGO_row>
        <BCTDOUTGO_row>
            <bm_fiscalyear>105</bm_fiscalyear>
            <bm_fundkind>1</bm_fundkind>
            <bm_budgetkind>1</bm_budgetkind>
            <bm_specialbudgetno/>
            <bm_agenno>21073</bm_agenno>
            <bm_agentype>C</bm_agentype>
            <bm_budgetstate>2</bm_budgetstate>
            <bm_abroadplan>1</bm_abroadplan>
            <bm_projtype>2 </bm_projtype>
            <bm_projno>05</bm_projno>
            <bm_abroadplanname>出席2016年美國圖書館協會年會(ALA)</bm_abroadplanname>
            <bm_visitsts/>
            <bm_visitexplain/>
            <bm_dispatchstaffs>0</bm_dispatchstaffs>
            <bm_abroadsite1>美國芝加哥</bm_abroadsite1>
            <bm_abroadsite2>美國拉斯維加斯</bm_abroadsite2>
            <bm_abroadsite3>美國舊金山</bm_abroadsite3>
            <bm_abroadperiod1>10206</bm_abroadperiod1>
            <bm_abroadperiodto1>10206</bm_abroadperiodto1>
            <bm_abroadperiod2>10306</bm_abroadperiod2>
            <bm_abroadperiodto2>10307</bm_abroadperiodto2>
            <bm_abroadperiod3>10406</bm_abroadperiod3>
            <bm_abroadperiodto3>10407</bm_abroadperiodto3>
            <bm_abroadstaffs1>1</bm_abroadstaffs1>
            <bm_abroadstaffs2>1</bm_abroadstaffs2>
            <bm_abroadstaffs3>1</bm_abroadstaffs3>
            <bm_abroadallowance1>100000.00</bm_abroadallowance1>
            <bm_abroadallowance2>91000.00</bm_abroadallowance2>
            <bm_abroadallowance3>88000.00</bm_abroadallowance3>
            <bm_budgetno>53210731026</bm_budgetno>
            <bm_regionno>74</bm_regionno>
            <bm_country>美國</bm_country>
            <bm_agency/>
            <bm_cont_text>參與年會各主題會議，參加圖書資訊海報展比賽以宏揚本館各項發展。</bm_cont_text>
            <bm_durationfrom>10501</bm_durationfrom>
            <bm_durationto>10512</bm_durationto>
            <bm_days>7</bm_days>
            <bm_persons>1</bm_persons>
            <bm_amt_trans>58000.00</bm_amt_trans>
            <bm_amt_life>35000.00</bm_amt_life>
            <bm_amt_public>5000.00</bm_amt_public>
            <bm_amt_books>0.00</bm_amt_books>
            <bm_amt_flight>0.00</bm_amt_flight>
            <bm_versiondate/>
        </BCTDOUTGO_row>
    </BCTDOUTGO>
</tables>
