<?xml version="1.0" encoding="UTF-8"?>
<tables>
    <BCTMCAR>
        <BCTMCAR_row>
            <bq_fiscalyear>105</bq_fiscalyear>
            <bq_fundkind>1</bq_fundkind>
            <bq_budgetkind>1</bq_budgetkind>
            <bq_specialbudgetno/>
            <bq_agenno>21073</bq_agenno>
            <bq_agentype>C</bq_agentype>
            <bq_budgetstate>2</bq_budgetstate>
            <bq_budgetno>53210730100</bq_budgetno>
            <bq_objectno>07351600</bq_objectno>
            <bq_carid>1</bq_carid>
            <bq_persons>1</bq_persons>
            <bq_buydate>09712</bq_buydate>
            <bq_ventsize>150</bq_ventsize>
            <bq_oilamt>312</bq_oilamt>
            <bq_oilprice>25.70</bq_oilprice>
            <bq_amt_maintain>1663.00</bq_amt_maintain>
            <bq_amt5>1000.00</bq_amt5>
            <bq_carnum>1</bq_carnum>
            <bq_remark>963-EGU。強制汽車責任險(機車專用)1,432元。</bq_remark>
            <bq_lpgamt>0</bq_lpgamt>
            <bq_lpgprice>0.00</bq_lpgprice>
            <bq_versiondate/>
        </BCTMCAR_row>
        <BCTMCAR_row>
            <bq_fiscalyear>105</bq_fiscalyear>
            <bq_fundkind>1</bq_fundkind>
            <bq_budgetkind>1</bq_budgetkind>
            <bq_specialbudgetno/>
            <bq_agenno>21073</bq_agenno>
            <bq_agentype>C</bq_agentype>
            <bq_budgetstate>2</bq_budgetstate>
            <bq_budgetno>53210730100</bq_budgetno>
            <bq_objectno>07350100</bq_objectno>
            <bq_carid>8487-EL</bq_carid>
            <bq_persons>4</bq_persons>
            <bq_buydate>09409</bq_buydate>
            <bq_ventsize>1998</bq_ventsize>
            <bq_oilamt>852</bq_oilamt>
            <bq_oilprice>25.70</bq_oilprice>
            <bq_amt_maintain>51000.00</bq_amt_maintain>
            <bq_amt5>53000.00</bq_amt5>
            <bq_carnum>1</bq_carnum>
            <bq_remark>包括牌照稅12千元、燃料費6千元及車輛保險費35千元。</bq_remark>
            <bq_lpgamt>972</bq_lpgamt>
            <bq_lpgprice>18.40</bq_lpgprice>
            <bq_versiondate/>
        </BCTMCAR_row>
    </BCTMCAR>
</tables>
