<?xml version="1.0" encoding="UTF-8"?>
<tables>
    <BCME3450>
        <BCME3450_row>
            <objectNo>合計</objectNo>
            <budgetno_5321730100>199193.00</budgetno_5321730100>
            <budgetno_5321731020>29877.00</budgetno_5321731020>
            <budgetno_5321731021>62218.00</budgetno_5321731021>
            <budgetno_5321731022>3163.00</budgetno_5321731022>
            <budgetno_5321731023>14723.00</budgetno_5321731023>
            <budgetno_5321731024>13113.00</budgetno_5321731024>
            <budgetno_5321731025>2668.00</budgetno_5321731025>
            <budgetno_5321731026>7499.00</budgetno_5321731026>
            <budgetno_5321739019>1295.00</budgetno_5321739019>
            <budgetno_5321739800>771.00</budgetno_5321739800>
            <total>334520.00</total>
        </BCME3450_row>
        <BCME3450_row>
            <objectNo>0100 人事費</objectNo>
            <budgetno_5321730100>154004.00</budgetno_5321730100>
            <budgetno_5321731020/>
            <budgetno_5321731021/>
            <budgetno_5321731022/>
            <budgetno_5321731023/>
            <budgetno_5321731024/>
            <budgetno_5321731025/>
            <budgetno_5321731026/>
            <budgetno_5321739019/>
            <budgetno_5321739800/>
            <total>154004.00</total>
        </BCME3450_row>
        <BCME3450_row>
            <objectNo>  0103 法定編制人員待遇</objectNo>
            <budgetno_5321730100>90910.00</budgetno_5321730100>
            <budgetno_5321731020/>
            <budgetno_5321731021/>
            <budgetno_5321731022/>
            <budgetno_5321731023/>
            <budgetno_5321731024/>
            <budgetno_5321731025/>
            <budgetno_5321731026/>
            <budgetno_5321739019/>
            <budgetno_5321739800/>
            <total>90910.00</total>
        </BCME3450_row>
        <BCME3450_row>
            <objectNo>  0104 約聘僱人員待遇</objectNo>
            <budgetno_5321730100>8091.00</budgetno_5321730100>
            <budgetno_5321731020/>
            <budgetno_5321731021/>
            <budgetno_5321731022/>
            <budgetno_5321731023/>
            <budgetno_5321731024/>
            <budgetno_5321731025/>
            <budgetno_5321731026/>
            <budgetno_5321739019/>
            <budgetno_5321739800/>
            <total>8091.00</total>
        </BCME3450_row>
        <BCME3450_row>
            <objectNo>  0105 技工及工友待遇</objectNo>
            <budgetno_5321730100>4202.00</budgetno_5321730100>
            <budgetno_5321731020/>
            <budgetno_5321731021/>
            <budgetno_5321731022/>
            <budgetno_5321731023/>
            <budgetno_5321731024/>
            <budgetno_5321731025/>
            <budgetno_5321731026/>
            <budgetno_5321739019/>
            <budgetno_5321739800/>
            <total>4202.00</total>
        </BCME3450_row>
        <BCME3450_row>
            <objectNo>  0111 獎金</objectNo>
            <budgetno_5321730100>18289.00</budgetno_5321730100>
            <budgetno_5321731020/>
            <budgetno_5321731021/>
            <budgetno_5321731022/>
            <budgetno_5321731023/>
            <budgetno_5321731024/>
            <budgetno_5321731025/>
            <budgetno_5321731026/>
            <budgetno_5321739019/>
            <budgetno_5321739800/>
            <total>18289.00</total>
        </BCME3450_row>
        <BCME3450_row>
            <objectNo>  0121 其他給與</objectNo>
            <budgetno_5321730100>2280.00</budgetno_5321730100>
            <budgetno_5321731020/>
            <budgetno_5321731021/>
            <budgetno_5321731022/>
            <budgetno_5321731023/>
            <budgetno_5321731024/>
            <budgetno_5321731025/>
            <budgetno_5321731026/>
            <budgetno_5321739019/>
            <budgetno_5321739800/>
            <total>2280.00</total>
        </BCME3450_row>
        <BCME3450_row>
            <objectNo>  0131 加班值班費</objectNo>
            <budgetno_5321730100>4513.00</budgetno_5321730100>
            <budgetno_5321731020/>
            <budgetno_5321731021/>
            <budgetno_5321731022/>
            <budgetno_5321731023/>
            <budgetno_5321731024/>
            <budgetno_5321731025/>
            <budgetno_5321731026/>
            <budgetno_5321739019/>
            <budgetno_5321739800/>
            <total>4513.00</total>
        </BCME3450_row>
        <BCME3450_row>
            <objectNo>  0143 退休離職儲金</objectNo>
            <budgetno_5321730100>16372.00</budgetno_5321730100>
            <budgetno_5321731020/>
            <budgetno_5321731021/>
            <budgetno_5321731022/>
            <budgetno_5321731023/>
            <budgetno_5321731024/>
            <budgetno_5321731025/>
            <budgetno_5321731026/>
            <budgetno_5321739019/>
            <budgetno_5321739800/>
            <total>16372.00</total>
        </BCME3450_row>
        <BCME3450_row>
            <objectNo>  0151 保險</objectNo>
            <budgetno_5321730100>9347.00</budgetno_5321730100>
            <budgetno_5321731020/>
            <budgetno_5321731021/>
            <budgetno_5321731022/>
            <budgetno_5321731023/>
            <budgetno_5321731024/>
            <budgetno_5321731025/>
            <budgetno_5321731026/>
            <budgetno_5321739019/>
            <budgetno_5321739800/>
            <total>9347.00</total>
        </BCME3450_row>
        <BCME3450_row>
            <objectNo>0200 業務費</objectNo>
            <budgetno_5321730100>43641.00</budgetno_5321730100>
            <budgetno_5321731020>15865.00</budgetno_5321731020>
            <budgetno_5321731021>61118.00</budgetno_5321731021>
            <budgetno_5321731022>2884.00</budgetno_5321731022>
            <budgetno_5321731023>13215.00</budgetno_5321731023>
            <budgetno_5321731024>11883.00</budgetno_5321731024>
            <budgetno_5321731025>2668.00</budgetno_5321731025>
            <budgetno_5321731026>7499.00</budgetno_5321731026>
            <budgetno_5321739019/>
            <budgetno_5321739800/>
            <total>158773.00</total>
        </BCME3450_row>
        <BCME3450_row>
            <objectNo>  0201 教育訓練費</objectNo>
            <budgetno_5321730100>40.00</budgetno_5321730100>
            <budgetno_5321731020>33.00</budgetno_5321731020>
            <budgetno_5321731021>21.00</budgetno_5321731021>
            <budgetno_5321731022>10.00</budgetno_5321731022>
            <budgetno_5321731023>40.00</budgetno_5321731023>
            <budgetno_5321731024>30.00</budgetno_5321731024>
            <budgetno_5321731025>50.00</budgetno_5321731025>
            <budgetno_5321731026>6.00</budgetno_5321731026>
            <budgetno_5321739019/>
            <budgetno_5321739800/>
            <total>230.00</total>
        </BCME3450_row>
        <BCME3450_row>
            <objectNo>  0202 水電費</objectNo>
            <budgetno_5321730100>15090.00</budgetno_5321730100>
            <budgetno_5321731020/>
            <budgetno_5321731021/>
            <budgetno_5321731022/>
            <budgetno_5321731023/>
            <budgetno_5321731024/>
            <budgetno_5321731025/>
            <budgetno_5321731026/>
            <budgetno_5321739019/>
            <budgetno_5321739800/>
            <total>15090.00</total>
        </BCME3450_row>
        <BCME3450_row>
            <objectNo>  0203 通訊費</objectNo>
            <budgetno_5321730100>1436.00</budgetno_5321730100>
            <budgetno_5321731020>237.00</budgetno_5321731020>
            <budgetno_5321731021/>
            <budgetno_5321731022/>
            <budgetno_5321731023>1680.00</budgetno_5321731023>
            <budgetno_5321731024>120.00</budgetno_5321731024>
            <budgetno_5321731025>120.00</budgetno_5321731025>
            <budgetno_5321731026>1800.00</budgetno_5321731026>
            <budgetno_5321739019/>
            <budgetno_5321739800/>
            <total>5393.00</total>
        </BCME3450_row>
        <BCME3450_row>
            <objectNo>  0215 資訊服務費</objectNo>
            <budgetno_5321730100/>
            <budgetno_5321731020/>
            <budgetno_5321731021>80.00</budgetno_5321731021>
            <budgetno_5321731022/>
            <budgetno_5321731023>9336.00</budgetno_5321731023>
            <budgetno_5321731024/>
            <budgetno_5321731025/>
            <budgetno_5321731026/>
            <budgetno_5321739019/>
            <budgetno_5321739800/>
            <total>9416.00</total>
        </BCME3450_row>
        <BCME3450_row>
            <objectNo>  0219 其他業務租金</objectNo>
            <budgetno_5321730100>2141.00</budgetno_5321730100>
            <budgetno_5321731020/>
            <budgetno_5321731021/>
            <budgetno_5321731022/>
            <budgetno_5321731023/>
            <budgetno_5321731024>40.00</budgetno_5321731024>
            <budgetno_5321731025/>
            <budgetno_5321731026/>
            <budgetno_5321739019/>
            <budgetno_5321739800/>
            <total>2181.00</total>
        </BCME3450_row>
        <BCME3450_row>
            <objectNo>  0221 稅捐及規費</objectNo>
            <budgetno_5321730100>36.00</budgetno_5321730100>
            <budgetno_5321731020/>
            <budgetno_5321731021/>
            <budgetno_5321731022/>
            <budgetno_5321731023/>
            <budgetno_5321731024/>
            <budgetno_5321731025/>
            <budgetno_5321731026/>
            <budgetno_5321739019/>
            <budgetno_5321739800/>
            <total>36.00</total>
        </BCME3450_row>
        <BCME3450_row>
            <objectNo>  0231 保險費</objectNo>
            <budgetno_5321730100>457.00</budgetno_5321730100>
            <budgetno_5321731020>276.00</budgetno_5321731020>
            <budgetno_5321731021>924.00</budgetno_5321731021>
            <budgetno_5321731022>50.00</budgetno_5321731022>
            <budgetno_5321731023/>
            <budgetno_5321731024>180.00</budgetno_5321731024>
            <budgetno_5321731025>69.00</budgetno_5321731025>
            <budgetno_5321731026>54.00</budgetno_5321731026>
            <budgetno_5321739019/>
            <budgetno_5321739800/>
            <total>2010.00</total>
        </BCME3450_row>
        <BCME3450_row>
            <objectNo>  0249 臨時人員酬金</objectNo>
            <budgetno_5321730100>1000.00</budgetno_5321730100>
            <budgetno_5321731020>1644.00</budgetno_5321731020>
            <budgetno_5321731021>6561.00</budgetno_5321731021>
            <budgetno_5321731022>280.00</budgetno_5321731022>
            <budgetno_5321731023/>
            <budgetno_5321731024>891.00</budgetno_5321731024>
            <budgetno_5321731025>450.00</budgetno_5321731025>
            <budgetno_5321731026>335.00</budgetno_5321731026>
            <budgetno_5321739019/>
            <budgetno_5321739800/>
            <total>11161.00</total>
        </BCME3450_row>
        <BCME3450_row>
            <objectNo>  0250 按日按件計資酬金</objectNo>
            <budgetno_5321730100>102.00</budgetno_5321730100>
            <budgetno_5321731020>400.00</budgetno_5321731020>
            <budgetno_5321731021>142.00</budgetno_5321731021>
            <budgetno_5321731022>40.00</budgetno_5321731022>
            <budgetno_5321731023/>
            <budgetno_5321731024>1630.00</budgetno_5321731024>
            <budgetno_5321731025>583.00</budgetno_5321731025>
            <budgetno_5321731026>350.00</budgetno_5321731026>
            <budgetno_5321739019/>
            <budgetno_5321739800/>
            <total>3247.00</total>
        </BCME3450_row>
        <BCME3450_row>
            <objectNo>  0261 國際組織會費</objectNo>
            <budgetno_5321730100/>
            <budgetno_5321731020>135.00</budgetno_5321731020>
            <budgetno_5321731021>30.00</budgetno_5321731021>
            <budgetno_5321731022/>
            <budgetno_5321731023/>
            <budgetno_5321731024/>
            <budgetno_5321731025/>
            <budgetno_5321731026>60.00</budgetno_5321731026>
            <budgetno_5321739019/>
            <budgetno_5321739800/>
            <total>225.00</total>
        </BCME3450_row>
        <BCME3450_row>
            <objectNo>  0262 國內組織會費</objectNo>
            <budgetno_5321730100/>
            <budgetno_5321731020>5.00</budgetno_5321731020>
            <budgetno_5321731021>5.00</budgetno_5321731021>
            <budgetno_5321731022/>
            <budgetno_5321731023/>
            <budgetno_5321731024/>
            <budgetno_5321731025>9.00</budgetno_5321731025>
            <budgetno_5321731026/>
            <budgetno_5321739019/>
            <budgetno_5321739800/>
            <total>19.00</total>
        </BCME3450_row>
        <BCME3450_row>
            <objectNo>  0271 物品</objectNo>
            <budgetno_5321730100>581.00</budgetno_5321730100>
            <budgetno_5321731020>808.00</budgetno_5321731020>
            <budgetno_5321731021>266.00</budgetno_5321731021>
            <budgetno_5321731022>40.00</budgetno_5321731022>
            <budgetno_5321731023>660.00</budgetno_5321731023>
            <budgetno_5321731024>120.00</budgetno_5321731024>
            <budgetno_5321731025>20.00</budgetno_5321731025>
            <budgetno_5321731026>30.00</budgetno_5321731026>
            <budgetno_5321739019/>
            <budgetno_5321739800/>
            <total>2525.00</total>
        </BCME3450_row>
        <BCME3450_row>
            <objectNo>  0279 一般事務費</objectNo>
            <budgetno_5321730100>13139.00</budgetno_5321730100>
            <budgetno_5321731020>12312.00</budgetno_5321731020>
            <budgetno_5321731021>52943.00</budgetno_5321731021>
            <budgetno_5321731022>2344.00</budgetno_5321731022>
            <budgetno_5321731023>1499.00</budgetno_5321731023>
            <budgetno_5321731024>8742.00</budgetno_5321731024>
            <budgetno_5321731025>1337.00</budgetno_5321731025>
            <budgetno_5321731026>4004.00</budgetno_5321731026>
            <budgetno_5321739019/>
            <budgetno_5321739800/>
            <total>96320.00</total>
        </BCME3450_row>
        <BCME3450_row>
            <objectNo>  0282 房屋建築養護費</objectNo>
            <budgetno_5321730100>660.00</budgetno_5321730100>
            <budgetno_5321731020/>
            <budgetno_5321731021/>
            <budgetno_5321731022/>
            <budgetno_5321731023/>
            <budgetno_5321731024/>
            <budgetno_5321731025/>
            <budgetno_5321731026/>
            <budgetno_5321739019/>
            <budgetno_5321739800/>
            <total>660.00</total>
        </BCME3450_row>
        <BCME3450_row>
            <objectNo>  0283 車輛及辦公器具養護費</objectNo>
            <budgetno_5321730100>208.00</budgetno_5321730100>
            <budgetno_5321731020/>
            <budgetno_5321731021/>
            <budgetno_5321731022/>
            <budgetno_5321731023/>
            <budgetno_5321731024/>
            <budgetno_5321731025/>
            <budgetno_5321731026/>
            <budgetno_5321739019/>
            <budgetno_5321739800/>
            <total>208.00</total>
        </BCME3450_row>
        <BCME3450_row>
            <objectNo>  0284 設施及機械設備養護費</objectNo>
            <budgetno_5321730100>8543.00</budgetno_5321730100>
            <budgetno_5321731020/>
            <budgetno_5321731021/>
            <budgetno_5321731022>100.00</budgetno_5321731022>
            <budgetno_5321731023/>
            <budgetno_5321731024/>
            <budgetno_5321731025/>
            <budgetno_5321731026>10.00</budgetno_5321731026>
            <budgetno_5321739019/>
            <budgetno_5321739800/>
            <total>8653.00</total>
        </BCME3450_row>
        <BCME3450_row>
            <objectNo>  0291 國內旅費</objectNo>
            <budgetno_5321730100>20.00</budgetno_5321730100>
            <budgetno_5321731020>15.00</budgetno_5321731020>
            <budgetno_5321731021>101.00</budgetno_5321731021>
            <budgetno_5321731022>10.00</budgetno_5321731022>
            <budgetno_5321731023/>
            <budgetno_5321731024>10.00</budgetno_5321731024>
            <budgetno_5321731025>30.00</budgetno_5321731025>
            <budgetno_5321731026>3.00</budgetno_5321731026>
            <budgetno_5321739019/>
            <budgetno_5321739800/>
            <total>189.00</total>
        </BCME3450_row>
        <BCME3450_row>
            <objectNo>  0292 大陸地區旅費</objectNo>
            <budgetno_5321730100/>
            <budgetno_5321731020/>
            <budgetno_5321731021/>
            <budgetno_5321731022/>
            <budgetno_5321731023/>
            <budgetno_5321731024/>
            <budgetno_5321731025/>
            <budgetno_5321731026>379.00</budgetno_5321731026>
            <budgetno_5321739019/>
            <budgetno_5321739800/>
            <total>379.00</total>
        </BCME3450_row>
        <BCME3450_row>
            <objectNo>  0293 國外旅費</objectNo>
            <budgetno_5321730100/>
            <budgetno_5321731020/>
            <budgetno_5321731021/>
            <budgetno_5321731022/>
            <budgetno_5321731023/>
            <budgetno_5321731024/>
            <budgetno_5321731025/>
            <budgetno_5321731026>458.00</budgetno_5321731026>
            <budgetno_5321739019/>
            <budgetno_5321739800/>
            <total>458.00</total>
        </BCME3450_row>
        <BCME3450_row>
            <objectNo>  0294 運費</objectNo>
            <budgetno_5321730100>15.00</budgetno_5321730100>
            <budgetno_5321731020/>
            <budgetno_5321731021>45.00</budgetno_5321731021>
            <budgetno_5321731022>10.00</budgetno_5321731022>
            <budgetno_5321731023/>
            <budgetno_5321731024>120.00</budgetno_5321731024>
            <budgetno_5321731025/>
            <budgetno_5321731026>10.00</budgetno_5321731026>
            <budgetno_5321739019/>
            <budgetno_5321739800/>
            <total>200.00</total>
        </BCME3450_row>
        <BCME3450_row>
            <objectNo>  0295 短程車資</objectNo>
            <budgetno_5321730100>15.00</budgetno_5321730100>
            <budgetno_5321731020/>
            <budgetno_5321731021/>
            <budgetno_5321731022/>
            <budgetno_5321731023/>
            <budgetno_5321731024/>
            <budgetno_5321731025/>
            <budgetno_5321731026/>
            <budgetno_5321739019/>
            <budgetno_5321739800/>
            <total>15.00</total>
        </BCME3450_row>
        <BCME3450_row>
            <objectNo>  0299 特別費</objectNo>
            <budgetno_5321730100>158.00</budgetno_5321730100>
            <budgetno_5321731020/>
            <budgetno_5321731021/>
            <budgetno_5321731022/>
            <budgetno_5321731023/>
            <budgetno_5321731024/>
            <budgetno_5321731025/>
            <budgetno_5321731026/>
            <budgetno_5321739019/>
            <budgetno_5321739800/>
            <total>158.00</total>
        </BCME3450_row>
        <BCME3450_row>
            <objectNo>0300 設備及投資</objectNo>
            <budgetno_5321730100>1176.00</budgetno_5321730100>
            <budgetno_5321731020>14012.00</budgetno_5321731020>
            <budgetno_5321731021>1100.00</budgetno_5321731021>
            <budgetno_5321731022>279.00</budgetno_5321731022>
            <budgetno_5321731023>1508.00</budgetno_5321731023>
            <budgetno_5321731024>1230.00</budgetno_5321731024>
            <budgetno_5321731025/>
            <budgetno_5321731026/>
            <budgetno_5321739019>1295.00</budgetno_5321739019>
            <budgetno_5321739800/>
            <total>20600.00</total>
        </BCME3450_row>
        <BCME3450_row>
            <objectNo>  0306 資訊軟硬體設備費</objectNo>
            <budgetno_5321730100/>
            <budgetno_5321731020/>
            <budgetno_5321731021>300.00</budgetno_5321731021>
            <budgetno_5321731022/>
            <budgetno_5321731023>1508.00</budgetno_5321731023>
            <budgetno_5321731024>100.00</budgetno_5321731024>
            <budgetno_5321731025/>
            <budgetno_5321731026/>
            <budgetno_5321739019/>
            <budgetno_5321739800/>
            <total>1908.00</total>
        </BCME3450_row>
        <BCME3450_row>
            <objectNo>  0319 雜項設備費</objectNo>
            <budgetno_5321730100>1176.00</budgetno_5321730100>
            <budgetno_5321731020>14012.00</budgetno_5321731020>
            <budgetno_5321731021>800.00</budgetno_5321731021>
            <budgetno_5321731022>279.00</budgetno_5321731022>
            <budgetno_5321731023/>
            <budgetno_5321731024>1130.00</budgetno_5321731024>
            <budgetno_5321731025/>
            <budgetno_5321731026/>
            <budgetno_5321739019>1295.00</budgetno_5321739019>
            <budgetno_5321739800/>
            <total>18692.00</total>
        </BCME3450_row>
        <BCME3450_row>
            <objectNo>0400 獎補助費</objectNo>
            <budgetno_5321730100>372.00</budgetno_5321730100>
            <budgetno_5321731020/>
            <budgetno_5321731021/>
            <budgetno_5321731022/>
            <budgetno_5321731023/>
            <budgetno_5321731024/>
            <budgetno_5321731025/>
            <budgetno_5321731026/>
            <budgetno_5321739019/>
            <budgetno_5321739800/>
            <total>372.00</total>
        </BCME3450_row>
        <BCME3450_row>
            <objectNo>  0475 獎勵及慰問</objectNo>
            <budgetno_5321730100>372.00</budgetno_5321730100>
            <budgetno_5321731020/>
            <budgetno_5321731021/>
            <budgetno_5321731022/>
            <budgetno_5321731023/>
            <budgetno_5321731024/>
            <budgetno_5321731025/>
            <budgetno_5321731026/>
            <budgetno_5321739019/>
            <budgetno_5321739800/>
            <total>372.00</total>
        </BCME3450_row>
        <BCME3450_row>
            <objectNo>0900 預備金</objectNo>
            <budgetno_5321730100/>
            <budgetno_5321731020/>
            <budgetno_5321731021/>
            <budgetno_5321731022/>
            <budgetno_5321731023/>
            <budgetno_5321731024/>
            <budgetno_5321731025/>
            <budgetno_5321731026/>
            <budgetno_5321739019/>
            <budgetno_5321739800>771.00</budgetno_5321739800>
            <total>771.00</total>
        </BCME3450_row>
        <BCME3450_row>
            <objectNo>  0901 第一預備金</objectNo>
            <budgetno_5321730100/>
            <budgetno_5321731020/>
            <budgetno_5321731021/>
            <budgetno_5321731022/>
            <budgetno_5321731023/>
            <budgetno_5321731024/>
            <budgetno_5321731025/>
            <budgetno_5321731026/>
            <budgetno_5321739019/>
            <budgetno_5321739800>771.00</budgetno_5321739800>
            <total>771.00</total>
        </BCME3450_row>
    </BCME3450>
</tables>
