<?xml version="1.0" encoding="UTF-8"?>
<tables>
    <BCTDBUDGETDETAIL>
        <BCTDBUDGETDETAIL_row>
            <ba_fiscalyear>105</ba_fiscalyear>
            <ba_fundkind>1</ba_fundkind>
            <ba_budgetkind>1</ba_budgetkind>
            <ba_specialbudgetno/>
            <ba_agenno>63010</ba_agenno>
            <ba_agentype>C</ba_agentype>
            <ba_budgetstate>1</ba_budgetstate>
            <ba_versiondate/>
            <ba_budgetyear>105</ba_budgetyear>
            <ba_budgetno>38630100100</ba_budgetno>
            <ba_subprojectno>01</ba_subprojectno>
            <ba_departno>13</ba_departno>
            <ba_objectno>0103</ba_objectno>
            <ba_budgettype>E</ba_budgettype>
            <ba_budgetsource>1</ba_budgetsource>
            <ba_mergetype>1</ba_mergetype>
            <ba_budgetamt>2097816000.00</ba_budgetamt>
            <ba_flowflag/>
            <ba_signflag/>
            <ba_signno/>
            <ba_key>11  </ba_key>
        </BCTDBUDGETDETAIL_row>
        <BCTDBUDGETDETAIL_row>
            <ba_fiscalyear>105</ba_fiscalyear>
            <ba_fundkind>1</ba_fundkind>
            <ba_budgetkind>1</ba_budgetkind>
            <ba_specialbudgetno/>
            <ba_agenno>63010</ba_agenno>
            <ba_agentype>C</ba_agentype>
            <ba_budgetstate>1</ba_budgetstate>
            <ba_versiondate/>
            <ba_budgetyear>105</ba_budgetyear>
            <ba_budgetno>38630100100</ba_budgetno>
            <ba_subprojectno>01</ba_subprojectno>
            <ba_departno>13</ba_departno>
            <ba_objectno>0104</ba_objectno>
            <ba_budgettype>E</ba_budgettype>
            <ba_budgetsource>1</ba_budgetsource>
            <ba_mergetype>1</ba_mergetype>
            <ba_budgetamt>83821000.00</ba_budgetamt>
            <ba_flowflag/>
            <ba_signflag/>
            <ba_signno/>
            <ba_key>11  </ba_key>
        </BCTDBUDGETDETAIL_row>
        <BCTDBUDGETDETAIL_row>
            <ba_fiscalyear>105</ba_fiscalyear>
            <ba_fundkind>1</ba_fundkind>
            <ba_budgetkind>1</ba_budgetkind>
            <ba_specialbudgetno/>
            <ba_agenno>63010</ba_agenno>
            <ba_agentype>C</ba_agentype>
            <ba_budgetstate>1</ba_budgetstate>
            <ba_versiondate/>
            <ba_budgetyear>105</ba_budgetyear>
            <ba_budgetno>38630100100</ba_budgetno>
            <ba_subprojectno>01</ba_subprojectno>
            <ba_departno>13</ba_departno>
            <ba_objectno>0105</ba_objectno>
            <ba_budgettype>E</ba_budgettype>
            <ba_budgetsource>1</ba_budgetsource>
            <ba_mergetype>1</ba_mergetype>
            <ba_budgetamt>55074000.00</ba_budgetamt>
            <ba_flowflag/>
            <ba_signflag/>
            <ba_signno/>
            <ba_key>11  </ba_key>
        </BCTDBUDGETDETAIL_row>
        <BCTDBUDGETDETAIL_row>
            <ba_fiscalyear>105</ba_fiscalyear>
            <ba_fundkind>1</ba_fundkind>
            <ba_budgetkind>1</ba_budgetkind>
            <ba_specialbudgetno/>
            <ba_agenno>63010</ba_agenno>
            <ba_agentype>C</ba_agentype>
            <ba_budgetstate>1</ba_budgetstate>
            <ba_versiondate/>
            <ba_budgetyear>105</ba_budgetyear>
            <ba_budgetno>38630100100</ba_budgetno>
            <ba_subprojectno>01</ba_subprojectno>
            <ba_departno>13</ba_departno>
            <ba_objectno>0111</ba_objectno>
            <ba_budgettype>E</ba_budgettype>
            <ba_budgetsource>1</ba_budgetsource>
            <ba_mergetype>1</ba_mergetype>
            <ba_budgetamt>438515000.00</ba_budgetamt>
            <ba_flowflag/>
            <ba_signflag/>
            <ba_signno/>
            <ba_key>11  </ba_key>
        </BCTDBUDGETDETAIL_row>
        <BCTDBUDGETDETAIL_row>
            <ba_fiscalyear>105</ba_fiscalyear>
            <ba_fundkind>1</ba_fundkind>
            <ba_budgetkind>1</ba_budgetkind>
            <ba_specialbudgetno/>
            <ba_agenno>63010</ba_agenno>
            <ba_agentype>C</ba_agentype>
            <ba_budgetstate>1</ba_budgetstate>
            <ba_versiondate/>
            <ba_budgetyear>105</ba_budgetyear>
            <ba_budgetno>38630100100</ba_budgetno>
            <ba_subprojectno>01</ba_subprojectno>
            <ba_departno>13</ba_departno>
            <ba_objectno>0121</ba_objectno>
            <ba_budgettype>E</ba_budgettype>
            <ba_budgetsource>1</ba_budgetsource>
            <ba_mergetype>1</ba_mergetype>
            <ba_budgetamt>39900000.00</ba_budgetamt>
            <ba_flowflag/>
            <ba_signflag/>
            <ba_signno/>
            <ba_key>11  </ba_key>
        </BCTDBUDGETDETAIL_row>
        <BCTDBUDGETDETAIL_row>
            <ba_fiscalyear>105</ba_fiscalyear>
            <ba_fundkind>1</ba_fundkind>
            <ba_budgetkind>1</ba_budgetkind>
            <ba_specialbudgetno/>
            <ba_agenno>63010</ba_agenno>
            <ba_agentype>C</ba_agentype>
            <ba_budgetstate>1</ba_budgetstate>
            <ba_versiondate/>
            <ba_budgetyear>105</ba_budgetyear>
            <ba_budgetno>38630100100</ba_budgetno>
            <ba_subprojectno>01</ba_subprojectno>
            <ba_departno>13</ba_departno>
            <ba_objectno>0131</ba_objectno>
            <ba_budgettype>E</ba_budgettype>
            <ba_budgetsource>1</ba_budgetsource>
            <ba_mergetype>1</ba_mergetype>
            <ba_budgetamt>287381000.00</ba_budgetamt>
            <ba_flowflag/>
            <ba_signflag/>
            <ba_signno/>
            <ba_key>11  </ba_key>
        </BCTDBUDGETDETAIL_row>
        <BCTDBUDGETDETAIL_row>
            <ba_fiscalyear>105</ba_fiscalyear>
            <ba_fundkind>1</ba_fundkind>
            <ba_budgetkind>1</ba_budgetkind>
            <ba_specialbudgetno/>
            <ba_agenno>63010</ba_agenno>
            <ba_agentype>C</ba_agentype>
            <ba_budgetstate>1</ba_budgetstate>
            <ba_versiondate/>
            <ba_budgetyear>105</ba_budgetyear>
            <ba_budgetno>38630100100</ba_budgetno>
            <ba_subprojectno>01</ba_subprojectno>
            <ba_departno>13</ba_departno>
            <ba_objectno>0142</ba_objectno>
            <ba_budgettype>E</ba_budgettype>
            <ba_budgetsource>1</ba_budgetsource>
            <ba_mergetype>1</ba_mergetype>
            <ba_budgetamt>24374000.00</ba_budgetamt>
            <ba_flowflag/>
            <ba_signflag/>
            <ba_signno/>
            <ba_key>11  </ba_key>
        </BCTDBUDGETDETAIL_row>
        <BCTDBUDGETDETAIL_row>
            <ba_fiscalyear>105</ba_fiscalyear>
            <ba_fundkind>1</ba_fundkind>
            <ba_budgetkind>1</ba_budgetkind>
            <ba_specialbudgetno/>
            <ba_agenno>63010</ba_agenno>
            <ba_agentype>C</ba_agentype>
            <ba_budgetstate>1</ba_budgetstate>
            <ba_versiondate/>
            <ba_budgetyear>105</ba_budgetyear>
            <ba_budgetno>38630100100</ba_budgetno>
            <ba_subprojectno>01</ba_subprojectno>
            <ba_departno>13</ba_departno>
            <ba_objectno>0143</ba_objectno>
            <ba_budgettype>E</ba_budgettype>
            <ba_budgetsource>1</ba_budgetsource>
            <ba_mergetype>1</ba_mergetype>
            <ba_budgetamt>284781000.00</ba_budgetamt>
            <ba_flowflag/>
            <ba_signflag/>
            <ba_signno/>
            <ba_key>11  </ba_key>
        </BCTDBUDGETDETAIL_row>
        <BCTDBUDGETDETAIL_row>
            <ba_fiscalyear>105</ba_fiscalyear>
            <ba_fundkind>1</ba_fundkind>
            <ba_budgetkind>1</ba_budgetkind>
            <ba_specialbudgetno/>
            <ba_agenno>63010</ba_agenno>
            <ba_agentype>C</ba_agentype>
            <ba_budgetstate>1</ba_budgetstate>
            <ba_versiondate/>
            <ba_budgetyear>105</ba_budgetyear>
            <ba_budgetno>38630100100</ba_budgetno>
            <ba_subprojectno>01</ba_subprojectno>
            <ba_departno>13</ba_departno>
            <ba_objectno>0151</ba_objectno>
            <ba_budgettype>E</ba_budgettype>
            <ba_budgetsource>1</ba_budgetsource>
            <ba_mergetype>1</ba_mergetype>
            <ba_budgetamt>194471000.00</ba_budgetamt>
            <ba_flowflag/>
            <ba_signflag/>
            <ba_signno/>
            <ba_key>11  </ba_key>
        </BCTDBUDGETDETAIL_row>
        <BCTDBUDGETDETAIL_row>
            <ba_fiscalyear>105</ba_fiscalyear>
            <ba_fundkind>1</ba_fundkind>
            <ba_budgetkind>1</ba_budgetkind>
            <ba_specialbudgetno/>
            <ba_agenno>63010</ba_agenno>
            <ba_agentype>C</ba_agentype>
            <ba_budgetstate>1</ba_budgetstate>
            <ba_versiondate/>
            <ba_budgetyear>105</ba_budgetyear>
            <ba_budgetno>38630100100</ba_budgetno>
            <ba_subprojectno>02</ba_subprojectno>
            <ba_departno>12</ba_departno>
            <ba_objectno>0202</ba_objectno>
            <ba_budgettype>E</ba_budgettype>
            <ba_budgetsource>1</ba_budgetsource>
            <ba_mergetype>1</ba_mergetype>
            <ba_budgetamt>3200000.00</ba_budgetamt>
            <ba_flowflag/>
            <ba_signflag/>
            <ba_signno/>
            <ba_key>11  </ba_key>
        </BCTDBUDGETDETAIL_row>
        <BCTDBUDGETDETAIL_row>
            <ba_fiscalyear>105</ba_fiscalyear>
            <ba_fundkind>1</ba_fundkind>
            <ba_budgetkind>1</ba_budgetkind>
            <ba_specialbudgetno/>
            <ba_agenno>63010</ba_agenno>
            <ba_agentype>C</ba_agentype>
            <ba_budgetstate>1</ba_budgetstate>
            <ba_versiondate/>
            <ba_budgetyear>105</ba_budgetyear>
            <ba_budgetno>38630100100</ba_budgetno>
            <ba_subprojectno>02</ba_subprojectno>
            <ba_departno>12</ba_departno>
            <ba_objectno>0203</ba_objectno>
            <ba_budgettype>E</ba_budgettype>
            <ba_budgetsource>1</ba_budgetsource>
            <ba_mergetype>1</ba_mergetype>
            <ba_budgetamt>4552000.00</ba_budgetamt>
            <ba_flowflag/>
            <ba_signflag/>
            <ba_signno/>
            <ba_key>11  </ba_key>
        </BCTDBUDGETDETAIL_row>
        <BCTDBUDGETDETAIL_row>
            <ba_fiscalyear>105</ba_fiscalyear>
            <ba_fundkind>1</ba_fundkind>
            <ba_budgetkind>1</ba_budgetkind>
            <ba_specialbudgetno/>
            <ba_agenno>63010</ba_agenno>
            <ba_agentype>C</ba_agentype>
            <ba_budgetstate>1</ba_budgetstate>
            <ba_versiondate/>
            <ba_budgetyear>105</ba_budgetyear>
            <ba_budgetno>38630100100</ba_budgetno>
            <ba_subprojectno>02</ba_subprojectno>
            <ba_departno>12</ba_departno>
            <ba_objectno>0221</ba_objectno>
            <ba_budgettype>E</ba_budgettype>
            <ba_budgetsource>1</ba_budgetsource>
            <ba_mergetype>1</ba_mergetype>
            <ba_budgetamt>1699000.00</ba_budgetamt>
            <ba_flowflag/>
            <ba_signflag/>
            <ba_signno/>
            <ba_key>11  </ba_key>
        </BCTDBUDGETDETAIL_row>
        <BCTDBUDGETDETAIL_row>
            <ba_fiscalyear>105</ba_fiscalyear>
            <ba_fundkind>1</ba_fundkind>
            <ba_budgetkind>1</ba_budgetkind>
            <ba_specialbudgetno/>
            <ba_agenno>63010</ba_agenno>
            <ba_agentype>C</ba_agentype>
            <ba_budgetstate>1</ba_budgetstate>
            <ba_versiondate/>
            <ba_budgetyear>105</ba_budgetyear>
            <ba_budgetno>38630100100</ba_budgetno>
            <ba_subprojectno>02</ba_subprojectno>
            <ba_departno>12</ba_departno>
            <ba_objectno>0231</ba_objectno>
            <ba_budgettype>E</ba_budgettype>
            <ba_budgetsource>1</ba_budgetsource>
            <ba_mergetype>1</ba_mergetype>
            <ba_budgetamt>302000.00</ba_budgetamt>
            <ba_flowflag/>
            <ba_signflag/>
            <ba_signno/>
            <ba_key>11  </ba_key>
        </BCTDBUDGETDETAIL_row>
        <BCTDBUDGETDETAIL_row>
            <ba_fiscalyear>105</ba_fiscalyear>
            <ba_fundkind>1</ba_fundkind>
            <ba_budgetkind>1</ba_budgetkind>
            <ba_specialbudgetno/>
            <ba_agenno>63010</ba_agenno>
            <ba_agentype>C</ba_agentype>
            <ba_budgetstate>1</ba_budgetstate>
            <ba_versiondate/>
            <ba_budgetyear>105</ba_budgetyear>
            <ba_budgetno>38630100100</ba_budgetno>
            <ba_subprojectno>02</ba_subprojectno>
            <ba_departno>12</ba_departno>
            <ba_objectno>0250</ba_objectno>
            <ba_budgettype>E</ba_budgettype>
            <ba_budgetsource>1</ba_budgetsource>
            <ba_mergetype>1</ba_mergetype>
            <ba_budgetamt>10000.00</ba_budgetamt>
            <ba_flowflag/>
            <ba_signflag/>
            <ba_signno/>
            <ba_key>11  </ba_key>
        </BCTDBUDGETDETAIL_row>
        <BCTDBUDGETDETAIL_row>
            <ba_fiscalyear>105</ba_fiscalyear>
            <ba_fundkind>1</ba_fundkind>
            <ba_budgetkind>1</ba_budgetkind>
            <ba_specialbudgetno/>
            <ba_agenno>63010</ba_agenno>
            <ba_agentype>C</ba_agentype>
            <ba_budgetstate>1</ba_budgetstate>
            <ba_versiondate/>
            <ba_budgetyear>105</ba_budgetyear>
            <ba_budgetno>38630100100</ba_budgetno>
            <ba_subprojectno>02</ba_subprojectno>
            <ba_departno>12</ba_departno>
            <ba_objectno>0271</ba_objectno>
            <ba_budgettype>E</ba_budgettype>
            <ba_budgetsource>1</ba_budgetsource>
            <ba_mergetype>1</ba_mergetype>
            <ba_budgetamt>5360000.00</ba_budgetamt>
            <ba_flowflag/>
            <ba_signflag/>
            <ba_signno/>
            <ba_key>11  </ba_key>
        </BCTDBUDGETDETAIL_row>
        <BCTDBUDGETDETAIL_row>
            <ba_fiscalyear>105</ba_fiscalyear>
            <ba_fundkind>1</ba_fundkind>
            <ba_budgetkind>1</ba_budgetkind>
            <ba_specialbudgetno/>
            <ba_agenno>63010</ba_agenno>
            <ba_agentype>C</ba_agentype>
            <ba_budgetstate>1</ba_budgetstate>
            <ba_versiondate/>
            <ba_budgetyear>105</ba_budgetyear>
            <ba_budgetno>38630100100</ba_budgetno>
            <ba_subprojectno>02</ba_subprojectno>
            <ba_departno>12</ba_departno>
            <ba_objectno>0279</ba_objectno>
            <ba_budgettype>E</ba_budgettype>
            <ba_budgetsource>1</ba_budgetsource>
            <ba_mergetype>1</ba_mergetype>
            <ba_budgetamt>9007000.00</ba_budgetamt>
            <ba_flowflag/>
            <ba_signflag/>
            <ba_signno/>
            <ba_key>11  </ba_key>
        </BCTDBUDGETDETAIL_row>
        <BCTDBUDGETDETAIL_row>
            <ba_fiscalyear>105</ba_fiscalyear>
            <ba_fundkind>1</ba_fundkind>
            <ba_budgetkind>1</ba_budgetkind>
            <ba_specialbudgetno/>
            <ba_agenno>63010</ba_agenno>
            <ba_agentype>C</ba_agentype>
            <ba_budgetstate>1</ba_budgetstate>
            <ba_versiondate/>
            <ba_budgetyear>105</ba_budgetyear>
            <ba_budgetno>38630100100</ba_budgetno>
            <ba_subprojectno>02</ba_subprojectno>
            <ba_departno>12</ba_departno>
            <ba_objectno>0282</ba_objectno>
            <ba_budgettype>E</ba_budgettype>
            <ba_budgetsource>1</ba_budgetsource>
            <ba_mergetype>1</ba_mergetype>
            <ba_budgetamt>1093000.00</ba_budgetamt>
            <ba_flowflag/>
            <ba_signflag/>
            <ba_signno/>
            <ba_key>11  </ba_key>
        </BCTDBUDGETDETAIL_row>
        <BCTDBUDGETDETAIL_row>
            <ba_fiscalyear>105</ba_fiscalyear>
            <ba_fundkind>1</ba_fundkind>
            <ba_budgetkind>1</ba_budgetkind>
            <ba_specialbudgetno/>
            <ba_agenno>63010</ba_agenno>
            <ba_agentype>C</ba_agentype>
            <ba_budgetstate>1</ba_budgetstate>
            <ba_versiondate/>
            <ba_budgetyear>105</ba_budgetyear>
            <ba_budgetno>38630100100</ba_budgetno>
            <ba_subprojectno>02</ba_subprojectno>
            <ba_departno>12</ba_departno>
            <ba_objectno>0283</ba_objectno>
            <ba_budgettype>E</ba_budgettype>
            <ba_budgetsource>1</ba_budgetsource>
            <ba_mergetype>1</ba_mergetype>
            <ba_budgetamt>5383000.00</ba_budgetamt>
            <ba_flowflag/>
            <ba_signflag/>
            <ba_signno/>
            <ba_key>11  </ba_key>
        </BCTDBUDGETDETAIL_row>
        <BCTDBUDGETDETAIL_row>
            <ba_fiscalyear>105</ba_fiscalyear>
            <ba_fundkind>1</ba_fundkind>
            <ba_budgetkind>1</ba_budgetkind>
            <ba_specialbudgetno/>
            <ba_agenno>63010</ba_agenno>
            <ba_agentype>C</ba_agentype>
            <ba_budgetstate>1</ba_budgetstate>
            <ba_versiondate/>
            <ba_budgetyear>105</ba_budgetyear>
            <ba_budgetno>38630100100</ba_budgetno>
            <ba_subprojectno>02</ba_subprojectno>
            <ba_departno>12</ba_departno>
            <ba_objectno>0291</ba_objectno>
            <ba_budgettype>E</ba_budgettype>
            <ba_budgetsource>1</ba_budgetsource>
            <ba_mergetype>1</ba_mergetype>
            <ba_budgetamt>108000.00</ba_budgetamt>
            <ba_flowflag/>
            <ba_signflag/>
            <ba_signno/>
            <ba_key>11  </ba_key>
        </BCTDBUDGETDETAIL_row>
        <BCTDBUDGETDETAIL_row>
            <ba_fiscalyear>105</ba_fiscalyear>
            <ba_fundkind>1</ba_fundkind>
            <ba_budgetkind>1</ba_budgetkind>
            <ba_specialbudgetno/>
            <ba_agenno>63010</ba_agenno>
            <ba_agentype>C</ba_agentype>
            <ba_budgetstate>1</ba_budgetstate>
            <ba_versiondate/>
            <ba_budgetyear>105</ba_budgetyear>
            <ba_budgetno>38630100100</ba_budgetno>
            <ba_subprojectno>02</ba_subprojectno>
            <ba_departno>12</ba_departno>
            <ba_objectno>0299</ba_objectno>
            <ba_budgettype>E</ba_budgettype>
            <ba_budgetsource>1</ba_budgetsource>
            <ba_mergetype>1</ba_mergetype>
            <ba_budgetamt>180000.00</ba_budgetamt>
            <ba_flowflag/>
            <ba_signflag/>
            <ba_signno/>
            <ba_key>11  </ba_key>
        </BCTDBUDGETDETAIL_row>
        <BCTDBUDGETDETAIL_row>
            <ba_fiscalyear>105</ba_fiscalyear>
            <ba_fundkind>1</ba_fundkind>
            <ba_budgetkind>1</ba_budgetkind>
            <ba_specialbudgetno/>
            <ba_agenno>63010</ba_agenno>
            <ba_agentype>C</ba_agentype>
            <ba_budgetstate>1</ba_budgetstate>
            <ba_versiondate/>
            <ba_budgetyear>105</ba_budgetyear>
            <ba_budgetno>38630100100</ba_budgetno>
            <ba_subprojectno>02</ba_subprojectno>
            <ba_departno>12</ba_departno>
            <ba_objectno>0454</ba_objectno>
            <ba_budgettype>E</ba_budgettype>
            <ba_budgetsource>1</ba_budgetsource>
            <ba_mergetype>1</ba_mergetype>
            <ba_budgetamt>515000.00</ba_budgetamt>
            <ba_flowflag/>
            <ba_signflag/>
            <ba_signno/>
            <ba_key>11  </ba_key>
        </BCTDBUDGETDETAIL_row>
        <BCTDBUDGETDETAIL_row>
            <ba_fiscalyear>105</ba_fiscalyear>
            <ba_fundkind>1</ba_fundkind>
            <ba_budgetkind>1</ba_budgetkind>
            <ba_specialbudgetno/>
            <ba_agenno>63010</ba_agenno>
            <ba_agentype>C</ba_agentype>
            <ba_budgetstate>1</ba_budgetstate>
            <ba_versiondate/>
            <ba_budgetyear>105</ba_budgetyear>
            <ba_budgetno>38630100100</ba_budgetno>
            <ba_subprojectno>02</ba_subprojectno>
            <ba_departno>12</ba_departno>
            <ba_objectno>0475</ba_objectno>
            <ba_budgettype>E</ba_budgettype>
            <ba_budgetsource>1</ba_budgetsource>
            <ba_mergetype>1</ba_mergetype>
            <ba_budgetamt>2094000.00</ba_budgetamt>
            <ba_flowflag/>
            <ba_signflag/>
            <ba_signno/>
            <ba_key>11  </ba_key>
        </BCTDBUDGETDETAIL_row>
        <BCTDBUDGETDETAIL_row>
            <ba_fiscalyear>105</ba_fiscalyear>
            <ba_fundkind>1</ba_fundkind>
            <ba_budgetkind>1</ba_budgetkind>
            <ba_specialbudgetno/>
            <ba_agenno>63010</ba_agenno>
            <ba_agentype>C</ba_agentype>
            <ba_budgetstate>1</ba_budgetstate>
            <ba_versiondate/>
            <ba_budgetyear>105</ba_budgetyear>
            <ba_budgetno>38630100200</ba_budgetno>
            <ba_subprojectno>01</ba_subprojectno>
            <ba_departno>15</ba_departno>
            <ba_objectno>0202</ba_objectno>
            <ba_budgettype>E</ba_budgettype>
            <ba_budgetsource>1</ba_budgetsource>
            <ba_mergetype>1</ba_mergetype>
            <ba_budgetamt>35930000.00</ba_budgetamt>
            <ba_flowflag/>
            <ba_signflag/>
            <ba_signno/>
            <ba_key>11  </ba_key>
        </BCTDBUDGETDETAIL_row>
        <BCTDBUDGETDETAIL_row>
            <ba_fiscalyear>105</ba_fiscalyear>
            <ba_fundkind>1</ba_fundkind>
            <ba_budgetkind>1</ba_budgetkind>
            <ba_specialbudgetno/>
            <ba_agenno>63010</ba_agenno>
            <ba_agentype>C</ba_agentype>
            <ba_budgetstate>1</ba_budgetstate>
            <ba_versiondate/>
            <ba_budgetyear>105</ba_budgetyear>
            <ba_budgetno>38630100200</ba_budgetno>
            <ba_subprojectno>01</ba_subprojectno>
            <ba_departno>15</ba_departno>
            <ba_objectno>0211</ba_objectno>
            <ba_budgettype>E</ba_budgettype>
            <ba_budgetsource>1</ba_budgetsource>
            <ba_mergetype>1</ba_mergetype>
            <ba_budgetamt>576000.00</ba_budgetamt>
            <ba_flowflag/>
            <ba_signflag/>
            <ba_signno/>
            <ba_key>11  </ba_key>
        </BCTDBUDGETDETAIL_row>
        <BCTDBUDGETDETAIL_row>
            <ba_fiscalyear>105</ba_fiscalyear>
            <ba_fundkind>1</ba_fundkind>
            <ba_budgetkind>1</ba_budgetkind>
            <ba_specialbudgetno/>
            <ba_agenno>63010</ba_agenno>
            <ba_agentype>C</ba_agentype>
            <ba_budgetstate>1</ba_budgetstate>
            <ba_versiondate/>
            <ba_budgetyear>105</ba_budgetyear>
            <ba_budgetno>38630100200</ba_budgetno>
            <ba_subprojectno>01</ba_subprojectno>
            <ba_departno>15</ba_departno>
            <ba_objectno>0219</ba_objectno>
            <ba_budgettype>E</ba_budgettype>
            <ba_budgetsource>1</ba_budgetsource>
            <ba_mergetype>1</ba_mergetype>
            <ba_budgetamt>34813000.00</ba_budgetamt>
            <ba_flowflag/>
            <ba_signflag/>
            <ba_signno/>
            <ba_key>11  </ba_key>
        </BCTDBUDGETDETAIL_row>
        <BCTDBUDGETDETAIL_row>
            <ba_fiscalyear>105</ba_fiscalyear>
            <ba_fundkind>1</ba_fundkind>
            <ba_budgetkind>1</ba_budgetkind>
            <ba_specialbudgetno/>
            <ba_agenno>63010</ba_agenno>
            <ba_agentype>C</ba_agentype>
            <ba_budgetstate>1</ba_budgetstate>
            <ba_versiondate/>
            <ba_budgetyear>105</ba_budgetyear>
            <ba_budgetno>38630100200</ba_budgetno>
            <ba_subprojectno>01</ba_subprojectno>
            <ba_departno>15</ba_departno>
            <ba_objectno>0271</ba_objectno>
            <ba_budgettype>E</ba_budgettype>
            <ba_budgetsource>1</ba_budgetsource>
            <ba_mergetype>1</ba_mergetype>
            <ba_budgetamt>491702000.00</ba_budgetamt>
            <ba_flowflag/>
            <ba_signflag/>
            <ba_signno/>
            <ba_key>11  </ba_key>
        </BCTDBUDGETDETAIL_row>
        <BCTDBUDGETDETAIL_row>
            <ba_fiscalyear>105</ba_fiscalyear>
            <ba_fundkind>1</ba_fundkind>
            <ba_budgetkind>1</ba_budgetkind>
            <ba_specialbudgetno/>
            <ba_agenno>63010</ba_agenno>
            <ba_agentype>C</ba_agentype>
            <ba_budgetstate>1</ba_budgetstate>
            <ba_versiondate/>
            <ba_budgetyear>105</ba_budgetyear>
            <ba_budgetno>38630100200</ba_budgetno>
            <ba_subprojectno>01</ba_subprojectno>
            <ba_departno>15</ba_departno>
            <ba_objectno>0279</ba_objectno>
            <ba_budgettype>E</ba_budgettype>
            <ba_budgetsource>1</ba_budgetsource>
            <ba_mergetype>1</ba_mergetype>
            <ba_budgetamt>4996000.00</ba_budgetamt>
            <ba_flowflag/>
            <ba_signflag/>
            <ba_signno/>
            <ba_key>11  </ba_key>
        </BCTDBUDGETDETAIL_row>
        <BCTDBUDGETDETAIL_row>
            <ba_fiscalyear>105</ba_fiscalyear>
            <ba_fundkind>1</ba_fundkind>
            <ba_budgetkind>1</ba_budgetkind>
            <ba_specialbudgetno/>
            <ba_agenno>63010</ba_agenno>
            <ba_agentype>C</ba_agentype>
            <ba_budgetstate>1</ba_budgetstate>
            <ba_versiondate/>
            <ba_budgetyear>105</ba_budgetyear>
            <ba_budgetno>38630100200</ba_budgetno>
            <ba_subprojectno>01</ba_subprojectno>
            <ba_departno>15</ba_departno>
            <ba_objectno>0284</ba_objectno>
            <ba_budgettype>E</ba_budgettype>
            <ba_budgetsource>1</ba_budgetsource>
            <ba_mergetype>1</ba_mergetype>
            <ba_budgetamt>4696000.00</ba_budgetamt>
            <ba_flowflag/>
            <ba_signflag/>
            <ba_signno/>
            <ba_key>11  </ba_key>
        </BCTDBUDGETDETAIL_row>
        <BCTDBUDGETDETAIL_row>
            <ba_fiscalyear>105</ba_fiscalyear>
            <ba_fundkind>1</ba_fundkind>
            <ba_budgetkind>1</ba_budgetkind>
            <ba_specialbudgetno/>
            <ba_agenno>63010</ba_agenno>
            <ba_agentype>C</ba_agentype>
            <ba_budgetstate>1</ba_budgetstate>
            <ba_versiondate/>
            <ba_budgetyear>105</ba_budgetyear>
            <ba_budgetno>38630100200</ba_budgetno>
            <ba_subprojectno>01</ba_subprojectno>
            <ba_departno>15</ba_departno>
            <ba_objectno>0291</ba_objectno>
            <ba_budgettype>E</ba_budgettype>
            <ba_budgetsource>1</ba_budgetsource>
            <ba_mergetype>1</ba_mergetype>
            <ba_budgetamt>598000.00</ba_budgetamt>
            <ba_flowflag/>
            <ba_signflag/>
            <ba_signno/>
            <ba_key>11  </ba_key>
        </BCTDBUDGETDETAIL_row>
        <BCTDBUDGETDETAIL_row>
            <ba_fiscalyear>105</ba_fiscalyear>
            <ba_fundkind>1</ba_fundkind>
            <ba_budgetkind>1</ba_budgetkind>
            <ba_specialbudgetno/>
            <ba_agenno>63010</ba_agenno>
            <ba_agentype>C</ba_agentype>
            <ba_budgetstate>1</ba_budgetstate>
            <ba_versiondate/>
            <ba_budgetyear>105</ba_budgetyear>
            <ba_budgetno>38630100200</ba_budgetno>
            <ba_subprojectno>01</ba_subprojectno>
            <ba_departno>15</ba_departno>
            <ba_objectno>0302</ba_objectno>
            <ba_budgettype>E</ba_budgettype>
            <ba_budgetsource>1</ba_budgetsource>
            <ba_mergetype>1</ba_mergetype>
            <ba_budgetamt>4055000.00</ba_budgetamt>
            <ba_flowflag/>
            <ba_signflag/>
            <ba_signno/>
            <ba_key>11  </ba_key>
        </BCTDBUDGETDETAIL_row>
        <BCTDBUDGETDETAIL_row>
            <ba_fiscalyear>105</ba_fiscalyear>
            <ba_fundkind>1</ba_fundkind>
            <ba_budgetkind>1</ba_budgetkind>
            <ba_specialbudgetno/>
            <ba_agenno>63010</ba_agenno>
            <ba_agentype>C</ba_agentype>
            <ba_budgetstate>1</ba_budgetstate>
            <ba_versiondate/>
            <ba_budgetyear>105</ba_budgetyear>
            <ba_budgetno>38630100200</ba_budgetno>
            <ba_subprojectno>01</ba_subprojectno>
            <ba_departno>15</ba_departno>
            <ba_objectno>0303</ba_objectno>
            <ba_budgettype>E</ba_budgettype>
            <ba_budgetsource>1</ba_budgetsource>
            <ba_mergetype>1</ba_mergetype>
            <ba_budgetamt>100000000.00</ba_budgetamt>
            <ba_flowflag/>
            <ba_signflag/>
            <ba_signno/>
            <ba_key>11  </ba_key>
        </BCTDBUDGETDETAIL_row>
        <BCTDBUDGETDETAIL_row>
            <ba_fiscalyear>105</ba_fiscalyear>
            <ba_fundkind>1</ba_fundkind>
            <ba_budgetkind>1</ba_budgetkind>
            <ba_specialbudgetno/>
            <ba_agenno>63010</ba_agenno>
            <ba_agentype>C</ba_agentype>
            <ba_budgetstate>1</ba_budgetstate>
            <ba_versiondate/>
            <ba_budgetyear>105</ba_budgetyear>
            <ba_budgetno>38630100200</ba_budgetno>
            <ba_subprojectno>01</ba_subprojectno>
            <ba_departno>15</ba_departno>
            <ba_objectno>0319</ba_objectno>
            <ba_budgettype>E</ba_budgettype>
            <ba_budgetsource>1</ba_budgetsource>
            <ba_mergetype>1</ba_mergetype>
            <ba_budgetamt>1200000.00</ba_budgetamt>
            <ba_flowflag/>
            <ba_signflag/>
            <ba_signno/>
            <ba_key>11  </ba_key>
        </BCTDBUDGETDETAIL_row>
        <BCTDBUDGETDETAIL_row>
            <ba_fiscalyear>105</ba_fiscalyear>
            <ba_fundkind>1</ba_fundkind>
            <ba_budgetkind>1</ba_budgetkind>
            <ba_specialbudgetno/>
            <ba_agenno>63010</ba_agenno>
            <ba_agentype>C</ba_agentype>
            <ba_budgetstate>1</ba_budgetstate>
            <ba_versiondate/>
            <ba_budgetyear>105</ba_budgetyear>
            <ba_budgetno>38630100200</ba_budgetno>
            <ba_subprojectno>02</ba_subprojectno>
            <ba_departno>16</ba_departno>
            <ba_objectno>0203</ba_objectno>
            <ba_budgettype>E</ba_budgettype>
            <ba_budgetsource>1</ba_budgetsource>
            <ba_mergetype>1</ba_mergetype>
            <ba_budgetamt>793000.00</ba_budgetamt>
            <ba_flowflag/>
            <ba_signflag/>
            <ba_signno/>
            <ba_key>11  </ba_key>
        </BCTDBUDGETDETAIL_row>
        <BCTDBUDGETDETAIL_row>
            <ba_fiscalyear>105</ba_fiscalyear>
            <ba_fundkind>1</ba_fundkind>
            <ba_budgetkind>1</ba_budgetkind>
            <ba_specialbudgetno/>
            <ba_agenno>63010</ba_agenno>
            <ba_agentype>C</ba_agentype>
            <ba_budgetstate>1</ba_budgetstate>
            <ba_versiondate/>
            <ba_budgetyear>105</ba_budgetyear>
            <ba_budgetno>38630100200</ba_budgetno>
            <ba_subprojectno>02</ba_subprojectno>
            <ba_departno>16</ba_departno>
            <ba_objectno>0250</ba_objectno>
            <ba_budgettype>E</ba_budgettype>
            <ba_budgetsource>1</ba_budgetsource>
            <ba_mergetype>1</ba_mergetype>
            <ba_budgetamt>70000.00</ba_budgetamt>
            <ba_flowflag/>
            <ba_signflag/>
            <ba_signno/>
            <ba_key>11  </ba_key>
        </BCTDBUDGETDETAIL_row>
        <BCTDBUDGETDETAIL_row>
            <ba_fiscalyear>105</ba_fiscalyear>
            <ba_fundkind>1</ba_fundkind>
            <ba_budgetkind>1</ba_budgetkind>
            <ba_specialbudgetno/>
            <ba_agenno>63010</ba_agenno>
            <ba_agentype>C</ba_agentype>
            <ba_budgetstate>1</ba_budgetstate>
            <ba_versiondate/>
            <ba_budgetyear>105</ba_budgetyear>
            <ba_budgetno>38630100200</ba_budgetno>
            <ba_subprojectno>02</ba_subprojectno>
            <ba_departno>16</ba_departno>
            <ba_objectno>0279</ba_objectno>
            <ba_budgettype>E</ba_budgettype>
            <ba_budgetsource>1</ba_budgetsource>
            <ba_mergetype>1</ba_mergetype>
            <ba_budgetamt>152000.00</ba_budgetamt>
            <ba_flowflag/>
            <ba_signflag/>
            <ba_signno/>
            <ba_key>11  </ba_key>
        </BCTDBUDGETDETAIL_row>
        <BCTDBUDGETDETAIL_row>
            <ba_fiscalyear>105</ba_fiscalyear>
            <ba_fundkind>1</ba_fundkind>
            <ba_budgetkind>1</ba_budgetkind>
            <ba_specialbudgetno/>
            <ba_agenno>63010</ba_agenno>
            <ba_agentype>C</ba_agentype>
            <ba_budgetstate>1</ba_budgetstate>
            <ba_versiondate/>
            <ba_budgetyear>105</ba_budgetyear>
            <ba_budgetno>38630100200</ba_budgetno>
            <ba_subprojectno>02</ba_subprojectno>
            <ba_departno>16</ba_departno>
            <ba_objectno>0284</ba_objectno>
            <ba_budgettype>E</ba_budgettype>
            <ba_budgetsource>1</ba_budgetsource>
            <ba_mergetype>1</ba_mergetype>
            <ba_budgetamt>239000.00</ba_budgetamt>
            <ba_flowflag/>
            <ba_signflag/>
            <ba_signno/>
            <ba_key>11  </ba_key>
        </BCTDBUDGETDETAIL_row>
        <BCTDBUDGETDETAIL_row>
            <ba_fiscalyear>105</ba_fiscalyear>
            <ba_fundkind>1</ba_fundkind>
            <ba_budgetkind>1</ba_budgetkind>
            <ba_specialbudgetno/>
            <ba_agenno>63010</ba_agenno>
            <ba_agentype>C</ba_agentype>
            <ba_budgetstate>1</ba_budgetstate>
            <ba_versiondate/>
            <ba_budgetyear>105</ba_budgetyear>
            <ba_budgetno>38630100200</ba_budgetno>
            <ba_subprojectno>02</ba_subprojectno>
            <ba_departno>16</ba_departno>
            <ba_objectno>0291</ba_objectno>
            <ba_budgettype>E</ba_budgettype>
            <ba_budgetsource>1</ba_budgetsource>
            <ba_mergetype>1</ba_mergetype>
            <ba_budgetamt>497000.00</ba_budgetamt>
            <ba_flowflag/>
            <ba_signflag/>
            <ba_signno/>
            <ba_key>11  </ba_key>
        </BCTDBUDGETDETAIL_row>
        <BCTDBUDGETDETAIL_row>
            <ba_fiscalyear>105</ba_fiscalyear>
            <ba_fundkind>1</ba_fundkind>
            <ba_budgetkind>1</ba_budgetkind>
            <ba_specialbudgetno/>
            <ba_agenno>63010</ba_agenno>
            <ba_agentype>C</ba_agentype>
            <ba_budgetstate>1</ba_budgetstate>
            <ba_versiondate/>
            <ba_budgetyear>105</ba_budgetyear>
            <ba_budgetno>38630100200</ba_budgetno>
            <ba_subprojectno>03</ba_subprojectno>
            <ba_departno>07</ba_departno>
            <ba_objectno>0203</ba_objectno>
            <ba_budgettype>E</ba_budgettype>
            <ba_budgetsource>1</ba_budgetsource>
            <ba_mergetype>1</ba_mergetype>
            <ba_budgetamt>1842000.00</ba_budgetamt>
            <ba_flowflag/>
            <ba_signflag/>
            <ba_signno/>
            <ba_key>11  </ba_key>
        </BCTDBUDGETDETAIL_row>
        <BCTDBUDGETDETAIL_row>
            <ba_fiscalyear>105</ba_fiscalyear>
            <ba_fundkind>1</ba_fundkind>
            <ba_budgetkind>1</ba_budgetkind>
            <ba_specialbudgetno/>
            <ba_agenno>63010</ba_agenno>
            <ba_agentype>C</ba_agentype>
            <ba_budgetstate>1</ba_budgetstate>
            <ba_versiondate/>
            <ba_budgetyear>105</ba_budgetyear>
            <ba_budgetno>38630100200</ba_budgetno>
            <ba_subprojectno>03</ba_subprojectno>
            <ba_departno>07</ba_departno>
            <ba_objectno>0215</ba_objectno>
            <ba_budgettype>E</ba_budgettype>
            <ba_budgetsource>1</ba_budgetsource>
            <ba_mergetype>1</ba_mergetype>
            <ba_budgetamt>1544000.00</ba_budgetamt>
            <ba_flowflag/>
            <ba_signflag/>
            <ba_signno/>
            <ba_key>11  </ba_key>
        </BCTDBUDGETDETAIL_row>
        <BCTDBUDGETDETAIL_row>
            <ba_fiscalyear>105</ba_fiscalyear>
            <ba_fundkind>1</ba_fundkind>
            <ba_budgetkind>1</ba_budgetkind>
            <ba_specialbudgetno/>
            <ba_agenno>63010</ba_agenno>
            <ba_agentype>C</ba_agentype>
            <ba_budgetstate>1</ba_budgetstate>
            <ba_versiondate/>
            <ba_budgetyear>105</ba_budgetyear>
            <ba_budgetno>38630100200</ba_budgetno>
            <ba_subprojectno>03</ba_subprojectno>
            <ba_departno>07</ba_departno>
            <ba_objectno>0271</ba_objectno>
            <ba_budgettype>E</ba_budgettype>
            <ba_budgetsource>1</ba_budgetsource>
            <ba_mergetype>1</ba_mergetype>
            <ba_budgetamt>1981000.00</ba_budgetamt>
            <ba_flowflag/>
            <ba_signflag/>
            <ba_signno/>
            <ba_key>11  </ba_key>
        </BCTDBUDGETDETAIL_row>
        <BCTDBUDGETDETAIL_row>
            <ba_fiscalyear>105</ba_fiscalyear>
            <ba_fundkind>1</ba_fundkind>
            <ba_budgetkind>1</ba_budgetkind>
            <ba_specialbudgetno/>
            <ba_agenno>63010</ba_agenno>
            <ba_agentype>C</ba_agentype>
            <ba_budgetstate>1</ba_budgetstate>
            <ba_versiondate/>
            <ba_budgetyear>105</ba_budgetyear>
            <ba_budgetno>38630100200</ba_budgetno>
            <ba_subprojectno>03</ba_subprojectno>
            <ba_departno>07</ba_departno>
            <ba_objectno>0279</ba_objectno>
            <ba_budgettype>E</ba_budgettype>
            <ba_budgetsource>1</ba_budgetsource>
            <ba_mergetype>1</ba_mergetype>
            <ba_budgetamt>1578000.00</ba_budgetamt>
            <ba_flowflag/>
            <ba_signflag/>
            <ba_signno/>
            <ba_key>11  </ba_key>
        </BCTDBUDGETDETAIL_row>
        <BCTDBUDGETDETAIL_row>
            <ba_fiscalyear>105</ba_fiscalyear>
            <ba_fundkind>1</ba_fundkind>
            <ba_budgetkind>1</ba_budgetkind>
            <ba_specialbudgetno/>
            <ba_agenno>63010</ba_agenno>
            <ba_agentype>C</ba_agentype>
            <ba_budgetstate>1</ba_budgetstate>
            <ba_versiondate/>
            <ba_budgetyear>105</ba_budgetyear>
            <ba_budgetno>38630100200</ba_budgetno>
            <ba_subprojectno>03</ba_subprojectno>
            <ba_departno>07</ba_departno>
            <ba_objectno>0284</ba_objectno>
            <ba_budgettype>E</ba_budgettype>
            <ba_budgetsource>1</ba_budgetsource>
            <ba_mergetype>1</ba_mergetype>
            <ba_budgetamt>472000.00</ba_budgetamt>
            <ba_flowflag/>
            <ba_signflag/>
            <ba_signno/>
            <ba_key>11  </ba_key>
        </BCTDBUDGETDETAIL_row>
        <BCTDBUDGETDETAIL_row>
            <ba_fiscalyear>105</ba_fiscalyear>
            <ba_fundkind>1</ba_fundkind>
            <ba_budgetkind>1</ba_budgetkind>
            <ba_specialbudgetno/>
            <ba_agenno>63010</ba_agenno>
            <ba_agentype>C</ba_agentype>
            <ba_budgetstate>1</ba_budgetstate>
            <ba_versiondate/>
            <ba_budgetyear>105</ba_budgetyear>
            <ba_budgetno>38630100200</ba_budgetno>
            <ba_subprojectno>03</ba_subprojectno>
            <ba_departno>07</ba_departno>
            <ba_objectno>0291</ba_objectno>
            <ba_budgettype>E</ba_budgettype>
            <ba_budgetsource>1</ba_budgetsource>
            <ba_mergetype>1</ba_mergetype>
            <ba_budgetamt>308000.00</ba_budgetamt>
            <ba_flowflag/>
            <ba_signflag/>
            <ba_signno/>
            <ba_key>11  </ba_key>
        </BCTDBUDGETDETAIL_row>
        <BCTDBUDGETDETAIL_row>
            <ba_fiscalyear>105</ba_fiscalyear>
            <ba_fundkind>1</ba_fundkind>
            <ba_budgetkind>1</ba_budgetkind>
            <ba_specialbudgetno/>
            <ba_agenno>63010</ba_agenno>
            <ba_agentype>C</ba_agentype>
            <ba_budgetstate>1</ba_budgetstate>
            <ba_versiondate/>
            <ba_budgetyear>105</ba_budgetyear>
            <ba_budgetno>38630100200</ba_budgetno>
            <ba_subprojectno>03</ba_subprojectno>
            <ba_departno>07</ba_departno>
            <ba_objectno>0292</ba_objectno>
            <ba_budgettype>E</ba_budgettype>
            <ba_budgetsource>1</ba_budgetsource>
            <ba_mergetype>1</ba_mergetype>
            <ba_budgetamt>153000.00</ba_budgetamt>
            <ba_flowflag/>
            <ba_signflag/>
            <ba_signno/>
            <ba_key>11  </ba_key>
        </BCTDBUDGETDETAIL_row>
        <BCTDBUDGETDETAIL_row>
            <ba_fiscalyear>105</ba_fiscalyear>
            <ba_fundkind>1</ba_fundkind>
            <ba_budgetkind>1</ba_budgetkind>
            <ba_specialbudgetno/>
            <ba_agenno>63010</ba_agenno>
            <ba_agentype>C</ba_agentype>
            <ba_budgetstate>1</ba_budgetstate>
            <ba_versiondate/>
            <ba_budgetyear>105</ba_budgetyear>
            <ba_budgetno>38630100200</ba_budgetno>
            <ba_subprojectno>03</ba_subprojectno>
            <ba_departno>07</ba_departno>
            <ba_objectno>0293</ba_objectno>
            <ba_budgettype>E</ba_budgettype>
            <ba_budgetsource>1</ba_budgetsource>
            <ba_mergetype>1</ba_mergetype>
            <ba_budgetamt>1050000.00</ba_budgetamt>
            <ba_flowflag/>
            <ba_signflag/>
            <ba_signno/>
            <ba_key>11  </ba_key>
        </BCTDBUDGETDETAIL_row>
        <BCTDBUDGETDETAIL_row>
            <ba_fiscalyear>105</ba_fiscalyear>
            <ba_fundkind>1</ba_fundkind>
            <ba_budgetkind>1</ba_budgetkind>
            <ba_specialbudgetno/>
            <ba_agenno>63010</ba_agenno>
            <ba_agentype>C</ba_agentype>
            <ba_budgetstate>1</ba_budgetstate>
            <ba_versiondate/>
            <ba_budgetyear>105</ba_budgetyear>
            <ba_budgetno>38630100200</ba_budgetno>
            <ba_subprojectno>03</ba_subprojectno>
            <ba_departno>07</ba_departno>
            <ba_objectno>0306</ba_objectno>
            <ba_budgettype>E</ba_budgettype>
            <ba_budgetsource>1</ba_budgetsource>
            <ba_mergetype>1</ba_mergetype>
            <ba_budgetamt>995000.00</ba_budgetamt>
            <ba_flowflag/>
            <ba_signflag/>
            <ba_signno/>
            <ba_key>11  </ba_key>
        </BCTDBUDGETDETAIL_row>
        <BCTDBUDGETDETAIL_row>
            <ba_fiscalyear>105</ba_fiscalyear>
            <ba_fundkind>1</ba_fundkind>
            <ba_budgetkind>1</ba_budgetkind>
            <ba_specialbudgetno/>
            <ba_agenno>63010</ba_agenno>
            <ba_agentype>C</ba_agentype>
            <ba_budgetstate>1</ba_budgetstate>
            <ba_versiondate/>
            <ba_budgetyear>105</ba_budgetyear>
            <ba_budgetno>38630100200</ba_budgetno>
            <ba_subprojectno>03</ba_subprojectno>
            <ba_departno>07</ba_departno>
            <ba_objectno>0319</ba_objectno>
            <ba_budgettype>E</ba_budgettype>
            <ba_budgetsource>1</ba_budgetsource>
            <ba_mergetype>1</ba_mergetype>
            <ba_budgetamt>1894000.00</ba_budgetamt>
            <ba_flowflag/>
            <ba_signflag/>
            <ba_signno/>
            <ba_key>11  </ba_key>
        </BCTDBUDGETDETAIL_row>
        <BCTDBUDGETDETAIL_row>
            <ba_fiscalyear>105</ba_fiscalyear>
            <ba_fundkind>1</ba_fundkind>
            <ba_budgetkind>1</ba_budgetkind>
            <ba_specialbudgetno/>
            <ba_agenno>63010</ba_agenno>
            <ba_agentype>C</ba_agentype>
            <ba_budgetstate>1</ba_budgetstate>
            <ba_versiondate/>
            <ba_budgetyear>105</ba_budgetyear>
            <ba_budgetno>38630100200</ba_budgetno>
            <ba_subprojectno>04</ba_subprojectno>
            <ba_departno>08</ba_departno>
            <ba_objectno>0221</ba_objectno>
            <ba_budgettype>E</ba_budgettype>
            <ba_budgetsource>1</ba_budgetsource>
            <ba_mergetype>1</ba_mergetype>
            <ba_budgetamt>100000.00</ba_budgetamt>
            <ba_flowflag/>
            <ba_signflag/>
            <ba_signno/>
            <ba_key>11  </ba_key>
        </BCTDBUDGETDETAIL_row>
        <BCTDBUDGETDETAIL_row>
            <ba_fiscalyear>105</ba_fiscalyear>
            <ba_fundkind>1</ba_fundkind>
            <ba_budgetkind>1</ba_budgetkind>
            <ba_specialbudgetno/>
            <ba_agenno>63010</ba_agenno>
            <ba_agentype>C</ba_agentype>
            <ba_budgetstate>1</ba_budgetstate>
            <ba_versiondate/>
            <ba_budgetyear>105</ba_budgetyear>
            <ba_budgetno>38630100200</ba_budgetno>
            <ba_subprojectno>04</ba_subprojectno>
            <ba_departno>08</ba_departno>
            <ba_objectno>0231</ba_objectno>
            <ba_budgettype>E</ba_budgettype>
            <ba_budgetsource>1</ba_budgetsource>
            <ba_mergetype>1</ba_mergetype>
            <ba_budgetamt>89204000.00</ba_budgetamt>
            <ba_flowflag/>
            <ba_signflag/>
            <ba_signno/>
            <ba_key>11  </ba_key>
        </BCTDBUDGETDETAIL_row>
        <BCTDBUDGETDETAIL_row>
            <ba_fiscalyear>105</ba_fiscalyear>
            <ba_fundkind>1</ba_fundkind>
            <ba_budgetkind>1</ba_budgetkind>
            <ba_specialbudgetno/>
            <ba_agenno>63010</ba_agenno>
            <ba_agentype>C</ba_agentype>
            <ba_budgetstate>1</ba_budgetstate>
            <ba_versiondate/>
            <ba_budgetyear>105</ba_budgetyear>
            <ba_budgetno>38630100200</ba_budgetno>
            <ba_subprojectno>04</ba_subprojectno>
            <ba_departno>08</ba_departno>
            <ba_objectno>0250</ba_objectno>
            <ba_budgettype>E</ba_budgettype>
            <ba_budgetsource>1</ba_budgetsource>
            <ba_mergetype>1</ba_mergetype>
            <ba_budgetamt>145000.00</ba_budgetamt>
            <ba_flowflag/>
            <ba_signflag/>
            <ba_signno/>
            <ba_key>11  </ba_key>
        </BCTDBUDGETDETAIL_row>
        <BCTDBUDGETDETAIL_row>
            <ba_fiscalyear>105</ba_fiscalyear>
            <ba_fundkind>1</ba_fundkind>
            <ba_budgetkind>1</ba_budgetkind>
            <ba_specialbudgetno/>
            <ba_agenno>63010</ba_agenno>
            <ba_agentype>C</ba_agentype>
            <ba_budgetstate>1</ba_budgetstate>
            <ba_versiondate/>
            <ba_budgetyear>105</ba_budgetyear>
            <ba_budgetno>38630100200</ba_budgetno>
            <ba_subprojectno>04</ba_subprojectno>
            <ba_departno>08</ba_departno>
            <ba_objectno>0284</ba_objectno>
            <ba_budgettype>E</ba_budgettype>
            <ba_budgetsource>1</ba_budgetsource>
            <ba_mergetype>1</ba_mergetype>
            <ba_budgetamt>211871000.00</ba_budgetamt>
            <ba_flowflag/>
            <ba_signflag/>
            <ba_signno/>
            <ba_key>11  </ba_key>
        </BCTDBUDGETDETAIL_row>
        <BCTDBUDGETDETAIL_row>
            <ba_fiscalyear>105</ba_fiscalyear>
            <ba_fundkind>1</ba_fundkind>
            <ba_budgetkind>1</ba_budgetkind>
            <ba_specialbudgetno/>
            <ba_agenno>63010</ba_agenno>
            <ba_agentype>C</ba_agentype>
            <ba_budgetstate>1</ba_budgetstate>
            <ba_versiondate/>
            <ba_budgetyear>105</ba_budgetyear>
            <ba_budgetno>38630100200</ba_budgetno>
            <ba_subprojectno>04</ba_subprojectno>
            <ba_departno>08</ba_departno>
            <ba_objectno>0291</ba_objectno>
            <ba_budgettype>E</ba_budgettype>
            <ba_budgetsource>1</ba_budgetsource>
            <ba_mergetype>1</ba_mergetype>
            <ba_budgetamt>900000.00</ba_budgetamt>
            <ba_flowflag/>
            <ba_signflag/>
            <ba_signno/>
            <ba_key>11  </ba_key>
        </BCTDBUDGETDETAIL_row>
        <BCTDBUDGETDETAIL_row>
            <ba_fiscalyear>105</ba_fiscalyear>
            <ba_fundkind>1</ba_fundkind>
            <ba_budgetkind>1</ba_budgetkind>
            <ba_specialbudgetno/>
            <ba_agenno>63010</ba_agenno>
            <ba_agentype>C</ba_agentype>
            <ba_budgetstate>1</ba_budgetstate>
            <ba_versiondate/>
            <ba_budgetyear>105</ba_budgetyear>
            <ba_budgetno>38630100200</ba_budgetno>
            <ba_subprojectno>04</ba_subprojectno>
            <ba_departno>08</ba_departno>
            <ba_objectno>0304</ba_objectno>
            <ba_budgettype>E</ba_budgettype>
            <ba_budgetsource>1</ba_budgetsource>
            <ba_mergetype>1</ba_mergetype>
            <ba_budgetamt>420398000.00</ba_budgetamt>
            <ba_flowflag/>
            <ba_signflag/>
            <ba_signno/>
            <ba_key>11  </ba_key>
        </BCTDBUDGETDETAIL_row>
        <BCTDBUDGETDETAIL_row>
            <ba_fiscalyear>105</ba_fiscalyear>
            <ba_fundkind>1</ba_fundkind>
            <ba_budgetkind>1</ba_budgetkind>
            <ba_specialbudgetno/>
            <ba_agenno>63010</ba_agenno>
            <ba_agentype>C</ba_agentype>
            <ba_budgetstate>1</ba_budgetstate>
            <ba_versiondate/>
            <ba_budgetyear>105</ba_budgetyear>
            <ba_budgetno>38630100200</ba_budgetno>
            <ba_subprojectno>04</ba_subprojectno>
            <ba_departno>08</ba_departno>
            <ba_objectno>0305</ba_objectno>
            <ba_budgettype>E</ba_budgettype>
            <ba_budgetsource>1</ba_budgetsource>
            <ba_mergetype>1</ba_mergetype>
            <ba_budgetamt>1698600000.00</ba_budgetamt>
            <ba_flowflag/>
            <ba_signflag/>
            <ba_signno/>
            <ba_key>11  </ba_key>
        </BCTDBUDGETDETAIL_row>
        <BCTDBUDGETDETAIL_row>
            <ba_fiscalyear>105</ba_fiscalyear>
            <ba_fundkind>1</ba_fundkind>
            <ba_budgetkind>1</ba_budgetkind>
            <ba_specialbudgetno/>
            <ba_agenno>63010</ba_agenno>
            <ba_agentype>C</ba_agentype>
            <ba_budgetstate>1</ba_budgetstate>
            <ba_versiondate/>
            <ba_budgetyear>105</ba_budgetyear>
            <ba_budgetno>38630100200</ba_budgetno>
            <ba_subprojectno>05</ba_subprojectno>
            <ba_departno>09</ba_departno>
            <ba_objectno>0201</ba_objectno>
            <ba_budgettype>E</ba_budgettype>
            <ba_budgetsource>1</ba_budgetsource>
            <ba_mergetype>1</ba_mergetype>
            <ba_budgetamt>8994000.00</ba_budgetamt>
            <ba_flowflag/>
            <ba_signflag/>
            <ba_signno/>
            <ba_key>11  </ba_key>
        </BCTDBUDGETDETAIL_row>
        <BCTDBUDGETDETAIL_row>
            <ba_fiscalyear>105</ba_fiscalyear>
            <ba_fundkind>1</ba_fundkind>
            <ba_budgetkind>1</ba_budgetkind>
            <ba_specialbudgetno/>
            <ba_agenno>63010</ba_agenno>
            <ba_agentype>C</ba_agentype>
            <ba_budgetstate>1</ba_budgetstate>
            <ba_versiondate/>
            <ba_budgetyear>105</ba_budgetyear>
            <ba_budgetno>38630100200</ba_budgetno>
            <ba_subprojectno>05</ba_subprojectno>
            <ba_departno>09</ba_departno>
            <ba_objectno>0219</ba_objectno>
            <ba_budgettype>E</ba_budgettype>
            <ba_budgetsource>1</ba_budgetsource>
            <ba_mergetype>1</ba_mergetype>
            <ba_budgetamt>80000.00</ba_budgetamt>
            <ba_flowflag/>
            <ba_signflag/>
            <ba_signno/>
            <ba_key>11  </ba_key>
        </BCTDBUDGETDETAIL_row>
        <BCTDBUDGETDETAIL_row>
            <ba_fiscalyear>105</ba_fiscalyear>
            <ba_fundkind>1</ba_fundkind>
            <ba_budgetkind>1</ba_budgetkind>
            <ba_specialbudgetno/>
            <ba_agenno>63010</ba_agenno>
            <ba_agentype>C</ba_agentype>
            <ba_budgetstate>1</ba_budgetstate>
            <ba_versiondate/>
            <ba_budgetyear>105</ba_budgetyear>
            <ba_budgetno>38630100200</ba_budgetno>
            <ba_subprojectno>05</ba_subprojectno>
            <ba_departno>09</ba_departno>
            <ba_objectno>0250</ba_objectno>
            <ba_budgettype>E</ba_budgettype>
            <ba_budgetsource>1</ba_budgetsource>
            <ba_mergetype>1</ba_mergetype>
            <ba_budgetamt>4518000.00</ba_budgetamt>
            <ba_flowflag/>
            <ba_signflag/>
            <ba_signno/>
            <ba_key>11  </ba_key>
        </BCTDBUDGETDETAIL_row>
        <BCTDBUDGETDETAIL_row>
            <ba_fiscalyear>105</ba_fiscalyear>
            <ba_fundkind>1</ba_fundkind>
            <ba_budgetkind>1</ba_budgetkind>
            <ba_specialbudgetno/>
            <ba_agenno>63010</ba_agenno>
            <ba_agentype>C</ba_agentype>
            <ba_budgetstate>1</ba_budgetstate>
            <ba_versiondate/>
            <ba_budgetyear>105</ba_budgetyear>
            <ba_budgetno>38630100200</ba_budgetno>
            <ba_subprojectno>05</ba_subprojectno>
            <ba_departno>09</ba_departno>
            <ba_objectno>0271</ba_objectno>
            <ba_budgettype>E</ba_budgettype>
            <ba_budgetsource>1</ba_budgetsource>
            <ba_mergetype>1</ba_mergetype>
            <ba_budgetamt>881000.00</ba_budgetamt>
            <ba_flowflag/>
            <ba_signflag/>
            <ba_signno/>
            <ba_key>11  </ba_key>
        </BCTDBUDGETDETAIL_row>
        <BCTDBUDGETDETAIL_row>
            <ba_fiscalyear>105</ba_fiscalyear>
            <ba_fundkind>1</ba_fundkind>
            <ba_budgetkind>1</ba_budgetkind>
            <ba_specialbudgetno/>
            <ba_agenno>63010</ba_agenno>
            <ba_agentype>C</ba_agentype>
            <ba_budgetstate>1</ba_budgetstate>
            <ba_versiondate/>
            <ba_budgetyear>105</ba_budgetyear>
            <ba_budgetno>38630100200</ba_budgetno>
            <ba_subprojectno>05</ba_subprojectno>
            <ba_departno>09</ba_departno>
            <ba_objectno>0279</ba_objectno>
            <ba_budgettype>E</ba_budgettype>
            <ba_budgetsource>1</ba_budgetsource>
            <ba_mergetype>1</ba_mergetype>
            <ba_budgetamt>2961000.00</ba_budgetamt>
            <ba_flowflag/>
            <ba_signflag/>
            <ba_signno/>
            <ba_key>11  </ba_key>
        </BCTDBUDGETDETAIL_row>
        <BCTDBUDGETDETAIL_row>
            <ba_fiscalyear>105</ba_fiscalyear>
            <ba_fundkind>1</ba_fundkind>
            <ba_budgetkind>1</ba_budgetkind>
            <ba_specialbudgetno/>
            <ba_agenno>63010</ba_agenno>
            <ba_agentype>C</ba_agentype>
            <ba_budgetstate>1</ba_budgetstate>
            <ba_versiondate/>
            <ba_budgetyear>105</ba_budgetyear>
            <ba_budgetno>38630100200</ba_budgetno>
            <ba_subprojectno>05</ba_subprojectno>
            <ba_departno>09</ba_departno>
            <ba_objectno>0291</ba_objectno>
            <ba_budgettype>E</ba_budgettype>
            <ba_budgetsource>1</ba_budgetsource>
            <ba_mergetype>1</ba_mergetype>
            <ba_budgetamt>688000.00</ba_budgetamt>
            <ba_flowflag/>
            <ba_signflag/>
            <ba_signno/>
            <ba_key>11  </ba_key>
        </BCTDBUDGETDETAIL_row>
        <BCTDBUDGETDETAIL_row>
            <ba_fiscalyear>105</ba_fiscalyear>
            <ba_fundkind>1</ba_fundkind>
            <ba_budgetkind>1</ba_budgetkind>
            <ba_specialbudgetno/>
            <ba_agenno>63010</ba_agenno>
            <ba_agentype>C</ba_agentype>
            <ba_budgetstate>1</ba_budgetstate>
            <ba_versiondate/>
            <ba_budgetyear>105</ba_budgetyear>
            <ba_budgetno>38630100200</ba_budgetno>
            <ba_subprojectno>06</ba_subprojectno>
            <ba_departno>10</ba_departno>
            <ba_objectno>0203</ba_objectno>
            <ba_budgettype>E</ba_budgettype>
            <ba_budgetsource>1</ba_budgetsource>
            <ba_mergetype>1</ba_mergetype>
            <ba_budgetamt>200000.00</ba_budgetamt>
            <ba_flowflag/>
            <ba_signflag/>
            <ba_signno/>
            <ba_key>11  </ba_key>
        </BCTDBUDGETDETAIL_row>
        <BCTDBUDGETDETAIL_row>
            <ba_fiscalyear>105</ba_fiscalyear>
            <ba_fundkind>1</ba_fundkind>
            <ba_budgetkind>1</ba_budgetkind>
            <ba_specialbudgetno/>
            <ba_agenno>63010</ba_agenno>
            <ba_agentype>C</ba_agentype>
            <ba_budgetstate>1</ba_budgetstate>
            <ba_versiondate/>
            <ba_budgetyear>105</ba_budgetyear>
            <ba_budgetno>38630100200</ba_budgetno>
            <ba_subprojectno>06</ba_subprojectno>
            <ba_departno>10</ba_departno>
            <ba_objectno>0279</ba_objectno>
            <ba_budgettype>E</ba_budgettype>
            <ba_budgetsource>1</ba_budgetsource>
            <ba_mergetype>1</ba_mergetype>
            <ba_budgetamt>1004000.00</ba_budgetamt>
            <ba_flowflag/>
            <ba_signflag/>
            <ba_signno/>
            <ba_key>11  </ba_key>
        </BCTDBUDGETDETAIL_row>
        <BCTDBUDGETDETAIL_row>
            <ba_fiscalyear>105</ba_fiscalyear>
            <ba_fundkind>1</ba_fundkind>
            <ba_budgetkind>1</ba_budgetkind>
            <ba_specialbudgetno/>
            <ba_agenno>63010</ba_agenno>
            <ba_agentype>C</ba_agentype>
            <ba_budgetstate>1</ba_budgetstate>
            <ba_versiondate/>
            <ba_budgetyear>105</ba_budgetyear>
            <ba_budgetno>38630100200</ba_budgetno>
            <ba_subprojectno>06</ba_subprojectno>
            <ba_departno>10</ba_departno>
            <ba_objectno>0284</ba_objectno>
            <ba_budgettype>E</ba_budgettype>
            <ba_budgetsource>1</ba_budgetsource>
            <ba_mergetype>1</ba_mergetype>
            <ba_budgetamt>100000.00</ba_budgetamt>
            <ba_flowflag/>
            <ba_signflag/>
            <ba_signno/>
            <ba_key>11  </ba_key>
        </BCTDBUDGETDETAIL_row>
        <BCTDBUDGETDETAIL_row>
            <ba_fiscalyear>105</ba_fiscalyear>
            <ba_fundkind>1</ba_fundkind>
            <ba_budgetkind>1</ba_budgetkind>
            <ba_specialbudgetno/>
            <ba_agenno>63010</ba_agenno>
            <ba_agentype>C</ba_agentype>
            <ba_budgetstate>1</ba_budgetstate>
            <ba_versiondate/>
            <ba_budgetyear>105</ba_budgetyear>
            <ba_budgetno>38630100200</ba_budgetno>
            <ba_subprojectno>06</ba_subprojectno>
            <ba_departno>10</ba_departno>
            <ba_objectno>0291</ba_objectno>
            <ba_budgettype>E</ba_budgettype>
            <ba_budgetsource>1</ba_budgetsource>
            <ba_mergetype>1</ba_mergetype>
            <ba_budgetamt>300000.00</ba_budgetamt>
            <ba_flowflag/>
            <ba_signflag/>
            <ba_signno/>
            <ba_key>11  </ba_key>
        </BCTDBUDGETDETAIL_row>
        <BCTDBUDGETDETAIL_row>
            <ba_fiscalyear>105</ba_fiscalyear>
            <ba_fundkind>1</ba_fundkind>
            <ba_budgetkind>1</ba_budgetkind>
            <ba_specialbudgetno/>
            <ba_agenno>63010</ba_agenno>
            <ba_agentype>C</ba_agentype>
            <ba_budgetstate>1</ba_budgetstate>
            <ba_versiondate/>
            <ba_budgetyear>105</ba_budgetyear>
            <ba_budgetno>38630100200</ba_budgetno>
            <ba_subprojectno>07</ba_subprojectno>
            <ba_departno>11</ba_departno>
            <ba_objectno>0271</ba_objectno>
            <ba_budgettype>E</ba_budgettype>
            <ba_budgetsource>1</ba_budgetsource>
            <ba_mergetype>1</ba_mergetype>
            <ba_budgetamt>232000.00</ba_budgetamt>
            <ba_flowflag/>
            <ba_signflag/>
            <ba_signno/>
            <ba_key>11  </ba_key>
        </BCTDBUDGETDETAIL_row>
        <BCTDBUDGETDETAIL_row>
            <ba_fiscalyear>105</ba_fiscalyear>
            <ba_fundkind>1</ba_fundkind>
            <ba_budgetkind>1</ba_budgetkind>
            <ba_specialbudgetno/>
            <ba_agenno>63010</ba_agenno>
            <ba_agentype>C</ba_agentype>
            <ba_budgetstate>1</ba_budgetstate>
            <ba_versiondate/>
            <ba_budgetyear>105</ba_budgetyear>
            <ba_budgetno>38630100200</ba_budgetno>
            <ba_subprojectno>07</ba_subprojectno>
            <ba_departno>11</ba_departno>
            <ba_objectno>0279</ba_objectno>
            <ba_budgettype>E</ba_budgettype>
            <ba_budgetsource>1</ba_budgetsource>
            <ba_mergetype>1</ba_mergetype>
            <ba_budgetamt>944000.00</ba_budgetamt>
            <ba_flowflag/>
            <ba_signflag/>
            <ba_signno/>
            <ba_key>11  </ba_key>
        </BCTDBUDGETDETAIL_row>
        <BCTDBUDGETDETAIL_row>
            <ba_fiscalyear>105</ba_fiscalyear>
            <ba_fundkind>1</ba_fundkind>
            <ba_budgetkind>1</ba_budgetkind>
            <ba_specialbudgetno/>
            <ba_agenno>63010</ba_agenno>
            <ba_agentype>C</ba_agentype>
            <ba_budgetstate>1</ba_budgetstate>
            <ba_versiondate/>
            <ba_budgetyear>105</ba_budgetyear>
            <ba_budgetno>38630100200</ba_budgetno>
            <ba_subprojectno>07</ba_subprojectno>
            <ba_departno>11</ba_departno>
            <ba_objectno>0284</ba_objectno>
            <ba_budgettype>E</ba_budgettype>
            <ba_budgetsource>1</ba_budgetsource>
            <ba_mergetype>1</ba_mergetype>
            <ba_budgetamt>105000.00</ba_budgetamt>
            <ba_flowflag/>
            <ba_signflag/>
            <ba_signno/>
            <ba_key>11  </ba_key>
        </BCTDBUDGETDETAIL_row>
        <BCTDBUDGETDETAIL_row>
            <ba_fiscalyear>105</ba_fiscalyear>
            <ba_fundkind>1</ba_fundkind>
            <ba_budgetkind>1</ba_budgetkind>
            <ba_specialbudgetno/>
            <ba_agenno>63010</ba_agenno>
            <ba_agentype>C</ba_agentype>
            <ba_budgetstate>1</ba_budgetstate>
            <ba_versiondate/>
            <ba_budgetyear>105</ba_budgetyear>
            <ba_budgetno>38630100200</ba_budgetno>
            <ba_subprojectno>07</ba_subprojectno>
            <ba_departno>11</ba_departno>
            <ba_objectno>0291</ba_objectno>
            <ba_budgettype>E</ba_budgettype>
            <ba_budgetsource>1</ba_budgetsource>
            <ba_mergetype>1</ba_mergetype>
            <ba_budgetamt>832000.00</ba_budgetamt>
            <ba_flowflag/>
            <ba_signflag/>
            <ba_signno/>
            <ba_key>11  </ba_key>
        </BCTDBUDGETDETAIL_row>
        <BCTDBUDGETDETAIL_row>
            <ba_fiscalyear>105</ba_fiscalyear>
            <ba_fundkind>1</ba_fundkind>
            <ba_budgetkind>1</ba_budgetkind>
            <ba_specialbudgetno/>
            <ba_agenno>63010</ba_agenno>
            <ba_agentype>C</ba_agentype>
            <ba_budgetstate>1</ba_budgetstate>
            <ba_versiondate/>
            <ba_budgetyear>105</ba_budgetyear>
            <ba_budgetno>38630109800</ba_budgetno>
            <ba_subprojectno>01</ba_subprojectno>
            <ba_departno>06</ba_departno>
            <ba_objectno>0901</ba_objectno>
            <ba_budgettype>E</ba_budgettype>
            <ba_budgetsource>1</ba_budgetsource>
            <ba_mergetype>1</ba_mergetype>
            <ba_budgetamt>10000000.00</ba_budgetamt>
            <ba_flowflag/>
            <ba_signflag/>
            <ba_signno/>
            <ba_key>11  </ba_key>
        </BCTDBUDGETDETAIL_row>
    </BCTDBUDGETDETAIL>
    <BCTDMEMO>
        <BCTDMEMO_row>
            <bc_fiscalyear>105</bc_fiscalyear>
            <bc_fundkind>1</bc_fundkind>
            <bc_budgetkind>1</bc_budgetkind>
            <bc_specialbudgetno/>
            <bc_agenno>63010</bc_agenno>
            <bc_agentype>C</bc_agentype>
            <bc_budgetstate>1</bc_budgetstate>
            <bc_reportno>BCME3440</bc_reportno>
            <bc_key>3863010010001xxxxxx13xxxxxxxE1x0</bc_key>
            <bc_versiondate/>
            <bc_content>本計畫係本總局各單位人員之人事費，較上年度增列強化海巡編裝方案增加進用人員及撥補勞工退休準備金專戶差額等經費150,392千元。明細內容如下：
&lt;#H1_法定編制人員待遇2,097,816千元。
&lt;#H1_約聘僱人員待遇83,821千元。
&lt;#H1_技工及工友待遇55,074千元。
&lt;#H1_獎金438,515千元，係包含考績獎金214,483千元，年終工作獎金224,032千元。
&lt;#H1_其他給與39,900千元，係本總局各單位人員依相關法令支領休假補助及其他補助。
&lt;#H1_加班值班費287,381千元（含外勤人員超勤加班費）。
&lt;#H1_退休退職給付24,374千元，退休離職儲金284,781千元(含因應勞動基準法第56條第2項修正所需撥補勞工退休準備金專戶差額)。
&lt;#H1_保險194,471千元，係健保保險補助129,218千元、公保保險補助56,413千元、勞保保險補助8,836千元及考試錄取占缺訓練人員一般團體保險補助4千元。</bc_content>
        </BCTDMEMO_row>
        <BCTDMEMO_row>
            <bc_fiscalyear>105</bc_fiscalyear>
            <bc_fundkind>1</bc_fundkind>
            <bc_budgetkind>1</bc_budgetkind>
            <bc_specialbudgetno/>
            <bc_agenno>63010</bc_agenno>
            <bc_agentype>C</bc_agentype>
            <bc_budgetstate>1</bc_budgetstate>
            <bc_reportno>BCME3440</bc_reportno>
            <bc_key>3863010010002xxxxxx12xxxxxxxE1x0</bc_key>
            <bc_versiondate/>
            <bc_content>本計畫係辦理本總局一般行政支援等基本行政工作維持，所需經費33,503千元，包括業務費30,894千元，獎補助費2,609千元，較上年度減列總局電話費、郵資及房屋建築養護費等1,075千元。明細內容如下：&#xd;
&lt;#H1_業務費30,894千元：&#xd;
&lt;#H2_水電費3,200千元，係總局基本水、電等。&#xd;
&lt;#H2_通訊費4,552千元，係總局及各隊郵資、電話費等。&#xd;
&lt;#H2_稅捐及規費1,699千元。&#xd;
&lt;#H3_車輛牌照稅971千元。&#xd;
&lt;#H3_車輛燃料使用費等經費633千元。&#xd;
&lt;#H3_不動產及業務相關測量規費95千元。&#xd;
&lt;#H2_車輛保險費302千元。&#xd;
&lt;#H2_按日按件計資酬金10千元，係專題演講講座鐘點費。&#xd;
&lt;#H2_物品5,360千元。&#xd;
&lt;#H3_公務車用油3,796千元，係機車38輛、中小型車93輛、大型車3輛用油。&#xd;
（詳公務車輛明細表）&#xd;
&lt;#H3_總局及各隊紙張、衛生、炊事用品等經費1,564千元。&#xd;
&lt;#H2_一般事務費9,007千元。&#xd;
&lt;#H3_各項文康活動經費5,666千元(每人2,000元×預算員額2,833人)。&#xd;
&lt;#H3_員工健康檢查補助費311千元。&#xd;
&lt;#H3_炊事外包費用600千元。&#xd;
&lt;#H3_總局及及各隊印刷、慰勞、環境清潔及雜支等經費2,388千元。&#xd;
&lt;#H3_高速公路eTag通行費42千元。&#xd;
&lt;#H2_改善各隊生活環境辦理房屋建築修繕費1,093千元 。（詳現有辦公房舍明細表）&#xd;
&lt;#H2_車輛及辦公器具養護費5,383千元。&#xd;
&lt;#H3_機車38輛及公務車96輛養護費3,490千元。（詳公務車輛明細表）&#xd;
&lt;#H3_辦公器具養護費1,893千元(每人713元×預算員額2,655人)。&#xd;
&lt;#H2_業務查核等差旅費108千元。&#xd;
&lt;#H2_首長特別費180千元(首長1人×15,000元×12月)。&#xd;
&lt;#H1_獎補助費2,609千元（詳捐助經費分析表）：&#xd;
&lt;#H2_政府補助未銓敘比照警佐待遇退休人員利息差額補貼515千元。&#xd;
&lt;#H2_退休人員三節慰問金2,094千元（325人×6,000元+36人×4,000元）。</bc_content>
        </BCTDMEMO_row>
        <BCTDMEMO_row>
            <bc_fiscalyear>105</bc_fiscalyear>
            <bc_fundkind>1</bc_fundkind>
            <bc_budgetkind>1</bc_budgetkind>
            <bc_specialbudgetno/>
            <bc_agenno>63010</bc_agenno>
            <bc_agentype>C</bc_agentype>
            <bc_budgetstate>1</bc_budgetstate>
            <bc_reportno>BCME3440</bc_reportno>
            <bc_key>38630100100xE1x1</bc_key>
            <bc_versiondate/>
            <bc_content>推行本總局一般行政管理工作。</bc_content>
        </BCTDMEMO_row>
        <BCTDMEMO_row>
            <bc_fiscalyear>105</bc_fiscalyear>
            <bc_fundkind>1</bc_fundkind>
            <bc_budgetkind>1</bc_budgetkind>
            <bc_specialbudgetno/>
            <bc_agenno>63010</bc_agenno>
            <bc_agentype>C</bc_agentype>
            <bc_budgetstate>1</bc_budgetstate>
            <bc_reportno>BCME3440</bc_reportno>
            <bc_key>38630100100xE1x2</bc_key>
            <bc_versiondate/>
            <bc_content>支援本總局各業務單位及各隊之工作計畫，俾能達成施政目標。</bc_content>
        </BCTDMEMO_row>
        <BCTDMEMO_row>
            <bc_fiscalyear>105</bc_fiscalyear>
            <bc_fundkind>1</bc_fundkind>
            <bc_budgetkind>1</bc_budgetkind>
            <bc_specialbudgetno/>
            <bc_agenno>63010</bc_agenno>
            <bc_agentype>C</bc_agentype>
            <bc_budgetstate>1</bc_budgetstate>
            <bc_reportno>BCME3440</bc_reportno>
            <bc_key>3863010020001xxxxxx15xxxxxxxE1x0</bc_key>
            <bc_versiondate/>
            <bc_content>管理營繕、採購、裝備、車輛等事項所需經費，包括業務費573,311千元、設備及投資105,255千元，較上年度增列岸際水電、艦艇用油、碼頭租金及臺中港海巡基地新建工程計畫等經費126,976千元。
&lt;#H1_業務費573,311千元：
&lt;#H2_水電費35,930千元，係各艦艇用水、岸際水電及瓦斯等。
&lt;#H2_土地租金576千元。
&lt;#H2_其他業務租金34,813千元。
&lt;#H3_承租碼頭(含拖船及攔油費)租金33,838千元(含補繳102至104年碼頭租金25,039千元)。
&lt;#H3_承租營舍租金975千元。
&lt;#H2_物品491,702千元，係艦艇使用油料。（詳艦艇油料明細表）
&lt;#H2_一般事務費4,996千元，係服裝及特殊勤務裝備、疫苗注射等經費。
&lt;#H2_設施及機械設備養護費4,696千元，係總局及各隊機械設施及武器彈藥養護經費。
&lt;#H2_國內旅費598千元，係營舍勘驗及裝備檢查等差旅費。
&lt;#H1_設備及投資105,255千元：
&lt;#H2_辦公及生活設備籌補經費1,200千元。
&lt;#H2_行政院海岸巡防署103年7月7日署企字第1030011510號函核准第十四(恆春)海巡隊廳舍新建案委託先期方案併通過環境影響評估技術服務計畫總經費10,137千元，分3年辦理，104年度已編列4,054千元，本年度續編第2年經費4,055千元，預計辦理環評及水保評估工作並完成先期規劃作業，未來年度經費需求2,028千元。
&lt;#H2_行政院103年9月19日院臺防字第1030053785號函核准臺中港海巡基地新建工程計畫，核定總經費877,372千元，分年辦理，本年度編列第1年經費100,000千元，預計辦理海巡公務碼頭第1年主體工程及臺中港海巡公務廳舍規劃設計先期作業，未來年度經費需求771,582千元(全案計畫工程管理費以直接工程費用625,848千元為計算基準，提列5,380千元【廳舍:5,000千元*3%+20,000千元*1.5%+75,000千元*1%+62,685千元*0.7%】+【碼頭:5,000千元*3%+20,000千元*1.5%+75,000千元*1%+363,162千元*0.7%】，本年度編列1,141千元，餘3,565千元於後續年度依工程進度編列)。

</bc_content>
        </BCTDMEMO_row>
        <BCTDMEMO_row>
            <bc_fiscalyear>105</bc_fiscalyear>
            <bc_fundkind>1</bc_fundkind>
            <bc_budgetkind>1</bc_budgetkind>
            <bc_specialbudgetno/>
            <bc_agenno>63010</bc_agenno>
            <bc_agentype>C</bc_agentype>
            <bc_budgetstate>1</bc_budgetstate>
            <bc_reportno>BCME3440</bc_reportno>
            <bc_key>3863010020002xxxxxx16xxxxxxxE1x0</bc_key>
            <bc_versiondate/>
            <bc_content>辦理海域綜合管理等事項，所需經費1,751千元，較上年度增列船位回報系統設備養護等經費128千元。&lt;#H1_政風督導、勤務督導、案件調查業務及差旅等經費511千元。
&lt;#H1_勤指業務督考、工作檢討及各項講習會議作業經費66千元。
&lt;#H1_艦艇勤務及衛星船位控管系統作業經費1,032千元。
&lt;#H1_辦理對外連繫、參訪、新聞發布、法規、為民服務、行政革新、會計、統計業務檢討及觀摩等綜合業務所需各項雜支經費142千元。</bc_content>
        </BCTDMEMO_row>
        <BCTDMEMO_row>
            <bc_fiscalyear>105</bc_fiscalyear>
            <bc_fundkind>1</bc_fundkind>
            <bc_budgetkind>1</bc_budgetkind>
            <bc_specialbudgetno/>
            <bc_agenno>63010</bc_agenno>
            <bc_agentype>C</bc_agentype>
            <bc_budgetstate>1</bc_budgetstate>
            <bc_reportno>BCME3440</bc_reportno>
            <bc_key>3863010020003xxxxxx07xxxxxxxE1x0</bc_key>
            <bc_versiondate/>
            <bc_content>海洋環境保護（育）、海難人（船）救護、海上事故蒐証及糾紛處理、維護漁權等事項，所需經費包括業務費8,928千元、設備及投資2,889千元，較上年度增列汰換老舊通資設備與資訊網路及海巡艦艇衛星電話等經費2,235千元。&#xd;
&lt;#H1_業務費8,928千元：&#xd;
&lt;#H2_海洋資源保護、漁業資源維護及海洋污染防治所需之器材維護費及業務費471千元。&#xd;
&lt;#H2_海洋安全資料建置及電腦資料處理作業經費3,434千元。&#xd;
&lt;#H2_海難人船搜救作業經費490千元。&#xd;
&lt;#H2_漁業巡護工作經費1,670千元。&#xd;
&lt;#H2_海難搜救業務研討會大陸旅費153千元。&#xd;
&lt;#H2_無線電電台執照審驗、換發、設備審驗報廢旅費及各項講習費92千元。&#xd;
&lt;#H2_配合兩岸關係條例扣留人船相關費用896千元。&#xd;
&lt;#H2_船舶碰撞暨海難救護器材及消防耗材充填等經費1,458千元。&#xd;
&lt;#H2_海上交通秩序管制及海難救助綜合演練經費264千元。&#xd;
&lt;#H1_設備及投資2,889千元：&#xd;
&lt;#H2_汰換老舊通資設備與資訊網路995千元。&#xd;
&lt;#H2_汰換海巡艦艇衛星電話1,130千元。&#xd;
&lt;#H2_汰換潛水設備764千元</bc_content>
        </BCTDMEMO_row>
        <BCTDMEMO_row>
            <bc_fiscalyear>105</bc_fiscalyear>
            <bc_fundkind>1</bc_fundkind>
            <bc_budgetkind>1</bc_budgetkind>
            <bc_specialbudgetno/>
            <bc_agenno>63010</bc_agenno>
            <bc_agentype>C</bc_agentype>
            <bc_budgetstate>1</bc_budgetstate>
            <bc_reportno>BCME3440</bc_reportno>
            <bc_key>3863010020004xxxxxx08xxxxxxxE1x0</bc_key>
            <bc_versiondate/>
            <bc_content>艦艇建造定保、歲修、保險及提升性能等事項所需經費，包括業務費302,220千元、設備及投資2,118,998千元，較上年度減列強化海巡編裝方案等經費233,901千元。&#xd;
&lt;#H1_業務費302,220千元： &#xd;
&lt;#H2_辦理艦艇保險費89,204千元。&#xd;
&lt;#H2_辦理各項艦艇行政作業經費1,145千元。&#xd;
&lt;#H2_艦艇無線電及航儀設備養護費(含固定台)700千元。&#xd;
&lt;#H2_艦艇歲修、定保、料配件及機械儀器養護費211,171千元。&#xd;
&lt;#H1_設備及投資2,118,998千元。&#xd;
&lt;#H2_艦艇特別檢驗（大修）經費420,398千元。&#xd;
&lt;#H2_行政院98年4月14日院臺防字第0980084532號函核准強化海巡編裝發展方案艦艇新建及延壽計畫總經費20,869,097千元，嗣經行政院於102年5月20日以院臺防字第1020010114號函核准修正，計畫總經費修正為16,204,603千元，分10年辦理，99至104年度已分別編列723,453千元、2,064,472 千元、1,964,777千元、1,936,622千元、2,287,751千元及1,990,190千元，本年度續編第7年建造費用1,698,600千元，未來年度經費需求3,538,738千元。包括：&#xd;
&lt;#H3_3000噸級巡防救難艦2艘計畫總經費3,383,821千元，已於99至103年度編竣，計編列3,383,821千元。&#xd;
&lt;#H3_2000噸級巡防救難艦1艘計畫總經費1,237,523千元，已於99至101年度編竣，計編列1,237,523千元。&#xd;
&lt;#H3_1000噸級巡防救難艦4艘計畫總經費3,920,097千元，分6年辦理，99年度及101至104年度已分別編列86,160千元、400,316千元、556,009千元、812,799千元及1,439,253千元，本年度續編最後1年經費625,560千元，預計完成第第三、四艘交船作業。(1000噸巡防救難艦4艘工程管理費以工程款扣除稅費、規費、保險費後之3,400,590千元為計算基準，提列18,502千元【5,000千元*3%+20,000千元*1.5%+75,000千元*1%+400,000千元*0.7%+2,900,590千元*0.5%】，101-104年度已編列14,625千元，本年度續編最後1年3,877千元。)&#xd;
&lt;#H3_1000噸級遠洋巡護船2艘計畫總經費1,662,542千元，已於99至102年度編竣，計編列1,662,542千元。&#xd;
&lt;#H3_2000、1000噸巡防救難艦艇延壽計畫總經費595,108千元，已於99至103年度編竣，計編列595,108千元。&#xd;
&lt;#H3_新建100噸級巡防救難艇28艘計畫總經費5,405,512千元，分7年辦理，102至104年度已編列168,271千元、74,526千元及550,937千元，本年度續編第4年經費1,073,040千元，預計完成第8至12艘交船作業，未來年度經費需求3,538,738千元。(100噸巡防救難艇28艘工程管理費以工程款扣除稅費、規費、保險費後之3,463,162千元為計算基準，提列17,549千元【5,000千元*3%+20,000千元*1.5%+75,000千元*1%+400,000千元*0.7%+2,963,162千元*0.5%=18,816千元，惟計畫僅核列17,549千元，以17,549千元提列】，102-104年度已編列7,549千元，本年度續編2,500千元，餘75,000千元於後續年度依工程進度編列)。</bc_content>
        </BCTDMEMO_row>
        <BCTDMEMO_row>
            <bc_fiscalyear>105</bc_fiscalyear>
            <bc_fundkind>1</bc_fundkind>
            <bc_budgetkind>1</bc_budgetkind>
            <bc_specialbudgetno/>
            <bc_agenno>63010</bc_agenno>
            <bc_agentype>C</bc_agentype>
            <bc_budgetstate>1</bc_budgetstate>
            <bc_reportno>BCME3440</bc_reportno>
            <bc_key>3863010020005xxxxxx09xxxxxxxE1x0</bc_key>
            <bc_versiondate/>
            <bc_content>海巡人員常年教育及海上執法、海事技能、船務技能等訓練，所需經費18,122千元，較上年度減列船員專業訓練等經費240千元。
&lt;#H1_船員專業訓練經費2,159千元。
&lt;#H1_常年訓練(含師資複訓)經費2,006千元。
&lt;#H1_特勤人員水下搜救訓練經費104千元。
&lt;#H1_外語能力訓練經費225千元。
&lt;#H1_學分補助經費241千元。
&lt;#H1_訓練用砲彈經費734千元。
&lt;#H1_強化海巡編裝方案在職訓練經費6,342千元。
&lt;#H1_一般水警特考訓練經費經費4,714千元。
&lt;#H1_各項專業訓練所需經費1,597千元。</bc_content>
        </BCTDMEMO_row>
        <BCTDMEMO_row>
            <bc_fiscalyear>105</bc_fiscalyear>
            <bc_fundkind>1</bc_fundkind>
            <bc_budgetkind>1</bc_budgetkind>
            <bc_specialbudgetno/>
            <bc_agenno>63010</bc_agenno>
            <bc_agentype>C</bc_agentype>
            <bc_budgetstate>1</bc_budgetstate>
            <bc_reportno>BCME3440</bc_reportno>
            <bc_key>3863010020006xxxxxx10xxxxxxxE1x0</bc_key>
            <bc_versiondate/>
            <bc_content>海域犯罪偵防查緝、情報佈建、通訊監察等事項，所需經費1,604千元，較上年度減列偵緝辦案工作等經費330千元。&#xd;
&lt;#H1_通訊監察及調閱通聯紀錄費200千元。&#xd;
&lt;#H1_偵緝辦案工作活動費1,304千元。&#xd;
&lt;#H1_各隊及艦（艇）上偵蒐器材裝備養護維修費100千元。&#xd;
&#xd;
</bc_content>
        </BCTDMEMO_row>
        <BCTDMEMO_row>
            <bc_fiscalyear>105</bc_fiscalyear>
            <bc_fundkind>1</bc_fundkind>
            <bc_budgetkind>1</bc_budgetkind>
            <bc_specialbudgetno/>
            <bc_agenno>63010</bc_agenno>
            <bc_agentype>C</bc_agentype>
            <bc_budgetstate>1</bc_budgetstate>
            <bc_reportno>BCME3440</bc_reportno>
            <bc_key>3863010020007xxxxxx11xxxxxxxE1x0</bc_key>
            <bc_versiondate/>
            <bc_content>規劃人力巡防艇之調遣、配置，機關諮詢鑑研運用、國際事務交流及空勤業務等事項，所需經費2,113千元，較上年度減列海巡服務工作等經費404千元。&#xd;
&lt;#H1_情報蒐集與諮詢布置工作經費180千元。&#xd;
&lt;#H1_情資通聯工作經費306千元。&#xd;
&lt;#H1_碧海專案計畫經費182千元。&#xd;
&lt;#H1_國際事務交流工作經費135千元。&#xd;
&lt;#H1_海巡服務工作等經費843千元。&#xd;
&lt;#H1_萬安演習經費94千元。&#xd;
&lt;#H1_空巡應勤裝備採購與維保經費373千元。&#xd;
&#xd;
</bc_content>
        </BCTDMEMO_row>
        <BCTDMEMO_row>
            <bc_fiscalyear>105</bc_fiscalyear>
            <bc_fundkind>1</bc_fundkind>
            <bc_budgetkind>1</bc_budgetkind>
            <bc_specialbudgetno/>
            <bc_agenno>63010</bc_agenno>
            <bc_agentype>C</bc_agentype>
            <bc_budgetstate>1</bc_budgetstate>
            <bc_reportno>BCME3440</bc_reportno>
            <bc_key>38630100200xE1x1</bc_key>
            <bc_versiondate/>
            <bc_content>&lt;#H1&gt;貫徹海域執法，維護岸海秩序。
&lt;#H1&gt;執行巡護任務，強化搜救能量。
&lt;#H1&gt;倡導海洋研究，永續海洋保育。
&lt;#H1&gt;充實海巡建設，提升勤務效能。
</bc_content>
        </BCTDMEMO_row>
        <BCTDMEMO_row>
            <bc_fiscalyear>105</bc_fiscalyear>
            <bc_fundkind>1</bc_fundkind>
            <bc_budgetkind>1</bc_budgetkind>
            <bc_specialbudgetno/>
            <bc_agenno>63010</bc_agenno>
            <bc_agentype>C</bc_agentype>
            <bc_budgetstate>1</bc_budgetstate>
            <bc_reportno>BCME3440</bc_reportno>
            <bc_key>38630100200xE1x2</bc_key>
            <bc_versiondate/>
            <bc_content>&lt;#H1&gt;查緝各類走私、偷渡案件成效，預計達目標值94％。&#xd;
&lt;#H1&gt;取締越界漁船成效，預計達目標值93％。&#xd;
&lt;#H1&gt;裁罰越界漁船成效，預計達目標值93％。&#xd;
&lt;#H1&gt;執行漁業巡護成效，預計達目標值96％。&#xd;
&lt;#H1&gt;提升救難、救生成效，預計達目標值96％。&#xd;
&lt;#H1&gt;有效維護海洋環境資源成效，預計達目標值93％。&#xd;
&lt;#H1&gt;落實執行「強化海巡編裝發展方案」，預計達年度目標值100％。&#xd;
&lt;#H1&gt;落實執行「臺中港海巡基地新建工程」計畫，預計達年度目標值100％。</bc_content>
        </BCTDMEMO_row>
        <BCTDMEMO_row>
            <bc_fiscalyear>105</bc_fiscalyear>
            <bc_fundkind>1</bc_fundkind>
            <bc_budgetkind>1</bc_budgetkind>
            <bc_specialbudgetno/>
            <bc_agenno>63010</bc_agenno>
            <bc_agentype>C</bc_agentype>
            <bc_budgetstate>1</bc_budgetstate>
            <bc_reportno>BCME3440</bc_reportno>
            <bc_key>3863010980001xxxxxx06xxxxxxxE1x0</bc_key>
            <bc_versiondate/>
            <bc_content>依預算法編列。</bc_content>
        </BCTDMEMO_row>
        <BCTDMEMO_row>
            <bc_fiscalyear>105</bc_fiscalyear>
            <bc_fundkind>1</bc_fundkind>
            <bc_budgetkind>1</bc_budgetkind>
            <bc_specialbudgetno/>
            <bc_agenno>63010</bc_agenno>
            <bc_agentype>C</bc_agentype>
            <bc_budgetstate>1</bc_budgetstate>
            <bc_reportno>BCME3440</bc_reportno>
            <bc_key>38630109800xE1x1</bc_key>
            <bc_versiondate/>
            <bc_content>依預算法第22條規定設置。</bc_content>
        </BCTDMEMO_row>
        <BCTDMEMO_row>
            <bc_fiscalyear>105</bc_fiscalyear>
            <bc_fundkind>1</bc_fundkind>
            <bc_budgetkind>1</bc_budgetkind>
            <bc_specialbudgetno/>
            <bc_agenno>63010</bc_agenno>
            <bc_agentype>C</bc_agentype>
            <bc_budgetstate>1</bc_budgetstate>
            <bc_reportno>BCME3440</bc_reportno>
            <bc_key>38630109800xE1x2</bc_key>
            <bc_versiondate/>
            <bc_content>設定準備金，以應業務實需，促進行政效能。</bc_content>
        </BCTDMEMO_row>
    </BCTDMEMO>
</tables>
