<?xml version="1.0" encoding="UTF-8"?>
<tables>
    <BCME3420>
        <BCME3420_row>
            <budgetno/>
            <agenno/>
            <agentype/>
            <mh_budgetname>合    計</mh_budgetname>
            <displayname>合    計</displayname>
            <budgetno_conver/>
            <tyear_amt>319679000.00</tyear_amt>
            <lyear_amt>325505000.00</lyear_amt>
            <byear_amt>346384677.00</byear_amt>
            <b_amt>-5826000.00</b_amt>
            <bc_content/>
            <memo/>
        </BCME3420_row>
        <BCME3420_row>
            <budgetno>00060000000</budgetno>
            <agenno>06040</agenno>
            <agentype>B</agentype>
            <mh_budgetname>考試院主管</mh_budgetname>
            <displayname>考試院主管</displayname>
            <budgetno_conver>0006000000</budgetno_conver>
            <tyear_amt>319679000.000000</tyear_amt>
            <lyear_amt>325505000.000000</lyear_amt>
            <byear_amt>346384677.000000</byear_amt>
            <b_amt>-5826000.000000</b_amt>
            <bc_content/>
        </BCME3420_row>
        <BCME3420_row>
            <budgetno>00060400000</budgetno>
            <agenno>06040</agenno>
            <agentype>B</agentype>
            <mh_budgetname>國家文官學院及所屬</mh_budgetname>
            <displayname>國家文官學院及所屬</displayname>
            <budgetno_conver>0006400000</budgetno_conver>
            <tyear_amt>319679000.000000</tyear_amt>
            <lyear_amt>325505000.000000</lyear_amt>
            <byear_amt>346384677.000000</byear_amt>
            <b_amt>-5826000.000000</b_amt>
            <bc_content/>
        </BCME3420_row>
        <BCME3420_row>
            <budgetno>36060400000</budgetno>
            <agenno>06040</agenno>
            <agentype>B</agentype>
            <mh_budgetname>考試支出</mh_budgetname>
            <displayname>考試支出</displayname>
            <budgetno_conver>3606400000</budgetno_conver>
            <tyear_amt>319679000.000000</tyear_amt>
            <lyear_amt>325505000.000000</lyear_amt>
            <byear_amt>346384677.000000</byear_amt>
            <b_amt>-5826000.000000</b_amt>
            <bc_content/>
        </BCME3420_row>
        <BCME3420_row>
            <budgetno>36060400100</budgetno>
            <agenno>06040</agenno>
            <agentype>B</agentype>
            <mh_budgetname>一般行政</mh_budgetname>
            <displayname>一般行政</displayname>
            <budgetno_conver>3606400100</budgetno_conver>
            <tyear_amt>97125000.000000</tyear_amt>
            <lyear_amt>99849000.000000</lyear_amt>
            <byear_amt>99334899.000000</byear_amt>
            <b_amt>-2724000.000000</b_amt>
            <bc_content>&lt;#H1&gt;本年度預算數97,125千元，包括人事費75,201千元，業務費19,915千元，設備及投資1,967千元，獎補助費42千元。&lt;#H1&gt;本年度預算數之內容與上年度之比較如下：&lt;#H2&gt;人員維持費75,201千元，較上年度增列員工薪俸晉級差額及保險等經費400千元。&lt;#H2&gt;基本行政工作維持費13,613千元，較上年度減列稅捐及清潔管理維護等經費2,072千元。&lt;#H2&gt;資訊管理業務經費8,311千元，較上年度減列資訊維護等經費1,052千元。</bc_content>
        </BCME3420_row>
        <BCME3420_row>
            <budgetno>36060401100</budgetno>
            <agenno>06040</agenno>
            <agentype>B</agentype>
            <mh_budgetname>國家文官培訓業務</mh_budgetname>
            <displayname>國家文官培訓業務</displayname>
            <budgetno_conver>3606401100</budgetno_conver>
            <tyear_amt>160339000.000000</tyear_amt>
            <lyear_amt>158056000.000000</lyear_amt>
            <byear_amt>154141869.000000</byear_amt>
            <b_amt>2283000.000000</b_amt>
            <bc_content>&lt;#H1&gt;本年度預算數160,339千元，包括業務費153,349千元，設備及投資6,990千元。&lt;#H1&gt;本年度預算數之內容與上年度之比較如下：&lt;#H2&gt;公務人員考試錄取人員訓練經費92,021千元，較上年度減列辦理高普初考及地方特考錄取人員訓練等經費1,950千元。&lt;#H2&gt;公務人員晉升官等訓練經費52,525千元，較上年度增列辦理訓練及購置學員使用之各項教學設備等經費3,139千元。&lt;#H2&gt;國內外公務人員培訓之交流合作經費4,683千元，較上年度減列辦理國際人士研習班等經費784千元。&lt;#H2&gt;公務人員終身學習經費3,608千元，較上年度減列辦理推廣公務人員閱讀及終身學習各項活動等經費503千元。&lt;#H2&gt;高階公務人員訓練經費750千元，較上年度減列辦理高階文官培訓教學活動等經費98千元。&lt;#H2&gt;公務人員行政中立訓練經費666千元，較上年度減列講座鐘點費等99千元。&lt;#H2&gt;追求卓越強化文官培訓功能計畫經費3,327千元，較上年度減列購置雜項設備等經費181千元。&lt;#H2&gt;新增文官學習科學發展計畫經費2,759千元。</bc_content>
        </BCME3420_row>
        <BCME3420_row>
            <budgetno>36060401200</budgetno>
            <agenno>06040</agenno>
            <agentype>B</agentype>
            <mh_budgetname>中區公務人員培訓</mh_budgetname>
            <displayname>中區公務人員培訓</displayname>
            <budgetno_conver>3606401200</budgetno_conver>
            <tyear_amt>61835000.000000</tyear_amt>
            <lyear_amt>64278000.000000</lyear_amt>
            <byear_amt>60845909.000000</byear_amt>
            <b_amt>-2443000.000000</b_amt>
            <bc_content>&lt;#H1&gt;本年度預算數61,835千元，包括人事費22,891千元，業務費32,576千元，設備及投資6,344千元，獎補助費24千元。&lt;#H1&gt;本年度預算數之內容與上年度之比較如下：&lt;#H2&gt;人員維持費22,891千元，較上年度核實減列人事費400千元 。&lt;#H2&gt;基本行政工作維持費5,089千元，較上年度減列業務費及購置雜項設備等經費666千元。&lt;#H2&gt;資訊管理業務經費1,691千元，較上年度減列購置物品及資訊軟硬體設備等經費188千元。&lt;#H2&gt;中區公務人員考試錄取人員訓練經費19,832千元，較上年度減列購置雜項設備等經費1,000千元。&lt;#H2&gt;中區公務人員晉升官等訓練經費6,872千元，較上年度減列購置雜項設備等經費808千元，增列晉升官等訓練業務費619千元，計淨減189千元。&lt;#H2&gt;建物結構補強工程經費5,460千元，與上年度同。</bc_content>
        </BCME3420_row>
        <BCME3420_row>
            <budgetno>36060409000</budgetno>
            <agenno>06040</agenno>
            <agentype>B</agentype>
            <mh_budgetname>一般建築及設備</mh_budgetname>
            <displayname>一般建築及設備</displayname>
            <budgetno_conver>3606409000</budgetno_conver>
            <tyear_amt>0.000000</tyear_amt>
            <lyear_amt>2900000.000000</lyear_amt>
            <byear_amt>32062000.000000</byear_amt>
            <b_amt>-2900000.000000</b_amt>
            <bc_content/>
        </BCME3420_row>
        <BCME3420_row>
            <budgetno>36060409002</budgetno>
            <agenno>06040</agenno>
            <agentype>B</agentype>
            <mh_budgetname>營建工程</mh_budgetname>
            <displayname>營建工程</displayname>
            <budgetno_conver>3606409002</budgetno_conver>
            <tyear_amt>0.000000</tyear_amt>
            <lyear_amt>2900000.000000</lyear_amt>
            <byear_amt>32062000.000000</byear_amt>
            <b_amt>-2900000.000000</b_amt>
            <bc_content>上年度行政大樓衛生下水道接管及建物結構補強防漏修護工程等預算業已編竣，所列2,900千元如數減列。</bc_content>
        </BCME3420_row>
        <BCME3420_row>
            <budgetno>36060409800</budgetno>
            <agenno>06040</agenno>
            <agentype>B</agentype>
            <mh_budgetname>第一預備金</mh_budgetname>
            <displayname>第一預備金</displayname>
            <budgetno_conver>3606409800</budgetno_conver>
            <tyear_amt>380000.000000</tyear_amt>
            <lyear_amt>422000.000000</lyear_amt>
            <byear_amt>0.000000</byear_amt>
            <b_amt>-42000.000000</b_amt>
            <bc_content>本年度預算數較上年度減列如列數。</bc_content>
        </BCME3420_row>
    </BCME3420>
</tables>
