<?xml version="1.0" encoding="UTF-8"?>
<GenericData>
　　<Header>
　　　　<Table Id="FNWXBWORKR" Name="附屬單位預算(營業部分)損益綜計表（依收支科目分列）" Domain="PBA" />
　　　　<Program Id="PBAGR040_D" />
　　　　<Sender Name="營業基金" />
　　　　<報表名稱>附屬單位預算(營業部分)損益綜計表（依收支科目分列）</報表名稱>
　　　　<年度>106</年度>
　　　　<基金>營業基金</基金>
　　　　<階段>預算案</階段>
　　　　<版本>1</版本>
　　　　<單位>新臺幣千元</單位>
　　</Header>
　　<DataSet>
　　　　<ROW>
　　　　　　<SEQNO>1</SEQNO>
　　　　　　<LEVEL>02</LEVEL>
　　　　　　<BOLD>0</BOLD>
　　　　　　<前年度決算數-金額>2827979065</前年度決算數-金額>
　　　　　　<前年度決算數-百分比>100</前年度決算數-百分比>
　　　　　　<科目>營業收入</科目>
　　　　　　<本年度預算數-金額>2528554932</本年度預算數-金額>
　　　　　　<本年度預算數-百分比>100</本年度預算數-百分比>
　　　　　　<上年度預算數-金額>2694546015</上年度預算數-金額>
　　　　　　<上年度預算數-百分比>100</上年度預算數-百分比>
　　　　　　<比較增減百分比>-6.16</比較增減百分比>
　　　　</ROW>
　　　　<ROW>
　　　　　　<SEQNO>2</SEQNO>
　　　　　　<LEVEL>03</LEVEL>
　　　　　　<BOLD>0</BOLD>
　　　　　　<前年度決算數-金額>1693625807</前年度決算數-金額>
　　　　　　<前年度決算數-百分比>59.89</前年度決算數-百分比>
　　　　　　<科目>銷售收入</科目>
　　　　　　<本年度預算數-金額>1539747860</本年度預算數-金額>
　　　　　　<本年度預算數-百分比>60.89</本年度預算數-百分比>
　　　　　　<上年度預算數-金額>1675237217</上年度預算數-金額>
　　　　　　<上年度預算數-百分比>62.17</上年度預算數-百分比>
　　　　　　<比較增減百分比>-8.09</比較增減百分比>
　　　　</ROW>
　　　　<ROW>
　　　　　　<SEQNO>3</SEQNO>
　　　　　　<LEVEL>03</LEVEL>
　　　　　　<BOLD>0</BOLD>
　　　　　　<前年度決算數-金額>68078464</前年度決算數-金額>
　　　　　　<前年度決算數-百分比>2.41</前年度決算數-百分比>
　　　　　　<科目>勞務收入</科目>
　　　　　　<本年度預算數-金額>70735307</本年度預算數-金額>
　　　　　　<本年度預算數-百分比>2.80</本年度預算數-百分比>
　　　　　　<上年度預算數-金額>70232901</上年度預算數-金額>
　　　　　　<上年度預算數-百分比>2.61</上年度預算數-百分比>
　　　　　　<比較增減百分比>0.72</比較增減百分比>
　　　　</ROW>
　　　　<ROW>
　　　　　　<SEQNO>4</SEQNO>
　　　　　　<LEVEL>03</LEVEL>
　　　　　　<BOLD>0</BOLD>
　　　　　　<前年度決算數-金額>992289101</前年度決算數-金額>
　　　　　　<前年度決算數-百分比>35.09</前年度決算數-百分比>
　　　　　　<科目>金融保險收入</科目>
　　　　　　<本年度預算數-金額>848505569</本年度預算數-金額>
　　　　　　<本年度預算數-百分比>33.56</本年度預算數-百分比>
　　　　　　<上年度預算數-金額>881206285</上年度預算數-金額>
　　　　　　<上年度預算數-百分比>32.70</上年度預算數-百分比>
　　　　　　<比較增減百分比>-3.71</比較增減百分比>
　　　　</ROW>
　　　　<ROW>
　　　　　　<SEQNO>5</SEQNO>
　　　　　　<LEVEL>03</LEVEL>
　　　　　　<BOLD>0</BOLD>
　　　　　　<前年度決算數-金額>5905056</前年度決算數-金額>
　　　　　　<前年度決算數-百分比>0.21</前年度決算數-百分比>
　　　　　　<科目>採用權益法認列之關聯企業及合資利益之份額</科目>
　　　　　　<本年度預算數-金額>3530542</本年度預算數-金額>
　　　　　　<本年度預算數-百分比>0.14</本年度預算數-百分比>
　　　　　　<上年度預算數-金額>3292694</上年度預算數-金額>
　　　　　　<上年度預算數-百分比>0.12</上年度預算數-百分比>
　　　　　　<比較增減百分比>7.22</比較增減百分比>
　　　　</ROW>
　　　　<ROW>
　　　　　　<SEQNO>6</SEQNO>
　　　　　　<LEVEL>03</LEVEL>
　　　　　　<BOLD>0</BOLD>
　　　　　　<前年度決算數-金額>68080637</前年度決算數-金額>
　　　　　　<前年度決算數-百分比>2.41</前年度決算數-百分比>
　　　　　　<科目>其他營業收入</科目>
　　　　　　<本年度預算數-金額>66035654</本年度預算數-金額>
　　　　　　<本年度預算數-百分比>2.61</本年度預算數-百分比>
　　　　　　<上年度預算數-金額>64576918</上年度預算數-金額>
　　　　　　<上年度預算數-百分比>2.40</上年度預算數-百分比>
　　　　　　<比較增減百分比>2.26</比較增減百分比>
　　　　</ROW>
　　　　<ROW>
　　　　　　<SEQNO>7</SEQNO>
　　　　　　<LEVEL>02</LEVEL>
　　　　　　<BOLD>0</BOLD>
　　　　　　<前年度決算數-金額>2324493574</前年度決算數-金額>
　　　　　　<前年度決算數-百分比>82.20</前年度決算數-百分比>
　　　　　　<科目>營業成本</科目>
　　　　　　<本年度預算數-金額>2141292162</本年度預算數-金額>
　　　　　　<本年度預算數-百分比>84.68</本年度預算數-百分比>
　　　　　　<上年度預算數-金額>2307344536</上年度預算數-金額>
　　　　　　<上年度預算數-百分比>85.63</上年度預算數-百分比>
　　　　　　<比較增減百分比>-7.20</比較增減百分比>
　　　　</ROW>
　　　　<ROW>
　　　　　　<SEQNO>8</SEQNO>
　　　　　　<LEVEL>03</LEVEL>
　　　　　　<BOLD>0</BOLD>
　　　　　　<前年度決算數-金額>1554233641</前年度決算數-金額>
　　　　　　<前年度決算數-百分比>54.96</前年度決算數-百分比>
　　　　　　<科目>銷售成本</科目>
　　　　　　<本年度預算數-金額>1427010750</本年度預算數-金額>
　　　　　　<本年度預算數-百分比>56.44</本年度預算數-百分比>
　　　　　　<上年度預算數-金額>1564061479</上年度預算數-金額>
　　　　　　<上年度預算數-百分比>58.05</上年度預算數-百分比>
　　　　　　<比較增減百分比>-8.76</比較增減百分比>
　　　　</ROW>
　　　　<ROW>
　　　　　　<SEQNO>9</SEQNO>
　　　　　　<LEVEL>03</LEVEL>
　　　　　　<BOLD>0</BOLD>
　　　　　　<前年度決算數-金額>70684723</前年度決算數-金額>
　　　　　　<前年度決算數-百分比>2.50</前年度決算數-百分比>
　　　　　　<科目>勞務成本</科目>
　　　　　　<本年度預算數-金額>75052871</本年度預算數-金額>
　　　　　　<本年度預算數-百分比>2.97</本年度預算數-百分比>
　　　　　　<上年度預算數-金額>74806432</上年度預算數-金額>
　　　　　　<上年度預算數-百分比>2.78</上年度預算數-百分比>
　　　　　　<比較增減百分比>0.33</比較增減百分比>
　　　　</ROW>
　　　　<ROW>
　　　　　　<SEQNO>10</SEQNO>
　　　　　　<LEVEL>03</LEVEL>
　　　　　　<BOLD>0</BOLD>
　　　　　　<前年度決算數-金額>682595746</前年度決算數-金額>
　　　　　　<前年度決算數-百分比>24.14</前年度決算數-百分比>
　　　　　　<科目>金融保險成本</科目>
　　　　　　<本年度預算數-金額>615380158</本年度預算數-金額>
　　　　　　<本年度預算數-百分比>24.34</本年度預算數-百分比>
　　　　　　<上年度預算數-金額>647273278</上年度預算數-金額>
　　　　　　<上年度預算數-百分比>24.02</上年度預算數-百分比>
　　　　　　<比較增減百分比>-4.93</比較增減百分比>
　　　　</ROW>
　　　　<ROW>
　　　　　　<SEQNO>11</SEQNO>
　　　　　　<LEVEL>03</LEVEL>
　　　　　　<BOLD>0</BOLD>
　　　　　　<前年度決算數-金額>0</前年度決算數-金額>
　　　　　　<前年度決算數-百分比>0</前年度決算數-百分比>
　　　　　　<科目>採用權益法認列之關聯企業及合資損失之份額</科目>
　　　　　　<本年度預算數-金額>0</本年度預算數-金額>
　　　　　　<本年度預算數-百分比>0</本年度預算數-百分比>
　　　　　　<上年度預算數-金額>0</上年度預算數-金額>
　　　　　　<上年度預算數-百分比>0</上年度預算數-百分比>
　　　　　　<比較增減百分比>0</比較增減百分比>
　　　　</ROW>
　　　　<ROW>
　　　　　　<SEQNO>12</SEQNO>
　　　　　　<LEVEL>03</LEVEL>
　　　　　　<BOLD>0</BOLD>
　　　　　　<前年度決算數-金額>16979464</前年度決算數-金額>
　　　　　　<前年度決算數-百分比>0.60</前年度決算數-百分比>
　　　　　　<科目>其他營業成本</科目>
　　　　　　<本年度預算數-金額>23848383</本年度預算數-金額>
　　　　　　<本年度預算數-百分比>0.94</本年度預算數-百分比>
　　　　　　<上年度預算數-金額>21203347</上年度預算數-金額>
　　　　　　<上年度預算數-百分比>0.79</上年度預算數-百分比>
　　　　　　<比較增減百分比>12.47</比較增減百分比>
　　　　</ROW>
　　　　<ROW>
　　　　　　<SEQNO>13</SEQNO>
　　　　　　<LEVEL>02</LEVEL>
　　　　　　<BOLD>0</BOLD>
　　　　　　<前年度決算數-金額>503485491</前年度決算數-金額>
　　　　　　<前年度決算數-百分比>17.80</前年度決算數-百分比>
　　　　　　<科目>營業毛利（毛損）</科目>
　　　　　　<本年度預算數-金額>387262770</本年度預算數-金額>
　　　　　　<本年度預算數-百分比>15.32</本年度預算數-百分比>
　　　　　　<上年度預算數-金額>387201479</上年度預算數-金額>
　　　　　　<上年度預算數-百分比>14.37</上年度預算數-百分比>
　　　　　　<比較增減百分比>0.02</比較增減百分比>
　　　　</ROW>
　　　　<ROW>
　　　　　　<SEQNO>14</SEQNO>
　　　　　　<LEVEL>02</LEVEL>
　　　　　　<BOLD>0</BOLD>
　　　　　　<前年度決算數-金額>121388748</前年度決算數-金額>
　　　　　　<前年度決算數-百分比>4.29</前年度決算數-百分比>
　　　　　　<科目>營業費用</科目>
　　　　　　<本年度預算數-金額>128500814</本年度預算數-金額>
　　　　　　<本年度預算數-百分比>5.08</本年度預算數-百分比>
　　　　　　<上年度預算數-金額>126832595</上年度預算數-金額>
　　　　　　<上年度預算數-百分比>4.71</上年度預算數-百分比>
　　　　　　<比較增減百分比>1.32</比較增減百分比>
　　　　</ROW>
　　　　<ROW>
　　　　　　<SEQNO>15</SEQNO>
　　　　　　<LEVEL>03</LEVEL>
　　　　　　<BOLD>0</BOLD>
　　　　　　<前年度決算數-金額>30589498</前年度決算數-金額>
　　　　　　<前年度決算數-百分比>1.08</前年度決算數-百分比>
　　　　　　<科目>行銷費用</科目>
　　　　　　<本年度預算數-金額>32737089</本年度預算數-金額>
　　　　　　<本年度預算數-百分比>1.29</本年度預算數-百分比>
　　　　　　<上年度預算數-金額>32538391</上年度預算數-金額>
　　　　　　<上年度預算數-百分比>1.21</上年度預算數-百分比>
　　　　　　<比較增減百分比>0.61</比較增減百分比>
　　　　</ROW>
　　　　<ROW>
　　　　　　<SEQNO>16</SEQNO>
　　　　　　<LEVEL>03</LEVEL>
　　　　　　<BOLD>0</BOLD>
　　　　　　<前年度決算數-金額>66308068</前年度決算數-金額>
　　　　　　<前年度決算數-百分比>2.34</前年度決算數-百分比>
　　　　　　<科目>業務費用</科目>
　　　　　　<本年度預算數-金額>69842353</本年度預算數-金額>
　　　　　　<本年度預算數-百分比>2.76</本年度預算數-百分比>
　　　　　　<上年度預算數-金額>69407308</上年度預算數-金額>
　　　　　　<上年度預算數-百分比>2.58</上年度預算數-百分比>
　　　　　　<比較增減百分比>0.63</比較增減百分比>
　　　　</ROW>
　　　　<ROW>
　　　　　　<SEQNO>17</SEQNO>
　　　　　　<LEVEL>03</LEVEL>
　　　　　　<BOLD>0</BOLD>
　　　　　　<前年度決算數-金額>17622880</前年度決算數-金額>
　　　　　　<前年度決算數-百分比>0.62</前年度決算數-百分比>
　　　　　　<科目>管理費用</科目>
　　　　　　<本年度預算數-金額>17376655</本年度預算數-金額>
　　　　　　<本年度預算數-百分比>0.69</本年度預算數-百分比>
　　　　　　<上年度預算數-金額>17309722</上年度預算數-金額>
　　　　　　<上年度預算數-百分比>0.64</上年度預算數-百分比>
　　　　　　<比較增減百分比>0.39</比較增減百分比>
　　　　</ROW>
　　　　<ROW>
　　　　　　<SEQNO>18</SEQNO>
　　　　　　<LEVEL>03</LEVEL>
　　　　　　<BOLD>0</BOLD>
　　　　　　<前年度決算數-金額>6868302</前年度決算數-金額>
　　　　　　<前年度決算數-百分比>0.24</前年度決算數-百分比>
　　　　　　<科目>其他營業費用</科目>
　　　　　　<本年度預算數-金額>8544717</本年度預算數-金額>
　　　　　　<本年度預算數-百分比>0.34</本年度預算數-百分比>
　　　　　　<上年度預算數-金額>7577174</上年度預算數-金額>
　　　　　　<上年度預算數-百分比>0.28</上年度預算數-百分比>
　　　　　　<比較增減百分比>12.77</比較增減百分比>
　　　　</ROW>
　　　　<ROW>
　　　　　　<SEQNO>19</SEQNO>
　　　　　　<LEVEL>02</LEVEL>
　　　　　　<BOLD>0</BOLD>
　　　　　　<前年度決算數-金額>382096743</前年度決算數-金額>
　　　　　　<前年度決算數-百分比>13.51</前年度決算數-百分比>
　　　　　　<科目>營業利益（損失）</科目>
　　　　　　<本年度預算數-金額>258761956</本年度預算數-金額>
　　　　　　<本年度預算數-百分比>10.23</本年度預算數-百分比>
　　　　　　<上年度預算數-金額>260368884</上年度預算數-金額>
　　　　　　<上年度預算數-百分比>9.66</上年度預算數-百分比>
　　　　　　<比較增減百分比>-0.62</比較增減百分比>
　　　　</ROW>
　　　　<ROW>
　　　　　　<SEQNO>20</SEQNO>
　　　　　　<LEVEL>02</LEVEL>
　　　　　　<BOLD>0</BOLD>
　　　　　　<前年度決算數-金額>35257425</前年度決算數-金額>
　　　　　　<前年度決算數-百分比>1.25</前年度決算數-百分比>
　　　　　　<科目>營業外收入</科目>
　　　　　　<本年度預算數-金額>20625493</本年度預算數-金額>
　　　　　　<本年度預算數-百分比>0.82</本年度預算數-百分比>
　　　　　　<上年度預算數-金額>22093511</上年度預算數-金額>
　　　　　　<上年度預算數-百分比>0.82</上年度預算數-百分比>
　　　　　　<比較增減百分比>-6.64</比較增減百分比>
　　　　</ROW>
　　　　<ROW>
　　　　　　<SEQNO>21</SEQNO>
　　　　　　<LEVEL>03</LEVEL>
　　　　　　<BOLD>0</BOLD>
　　　　　　<前年度決算數-金額>4406</前年度決算數-金額>
　　　　　　<前年度決算數-百分比>0.00</前年度決算數-百分比>
　　　　　　<科目>財務收入</科目>
　　　　　　<本年度預算數-金額>0</本年度預算數-金額>
　　　　　　<本年度預算數-百分比>0</本年度預算數-百分比>
　　　　　　<上年度預算數-金額>0</上年度預算數-金額>
　　　　　　<上年度預算數-百分比>0</上年度預算數-百分比>
　　　　　　<比較增減百分比>0</比較增減百分比>
　　　　</ROW>
　　　　<ROW>
　　　　　　<SEQNO>22</SEQNO>
　　　　　　<LEVEL>03</LEVEL>
　　　　　　<BOLD>0</BOLD>
　　　　　　<前年度決算數-金額>794671</前年度決算數-金額>
　　　　　　<前年度決算數-百分比>0.03</前年度決算數-百分比>
　　　　　　<科目>採用權益法認列之關聯企業及合資利益之份額</科目>
　　　　　　<本年度預算數-金額>1273771</本年度預算數-金額>
　　　　　　<本年度預算數-百分比>0.05</本年度預算數-百分比>
　　　　　　<上年度預算數-金額>1478223</上年度預算數-金額>
　　　　　　<上年度預算數-百分比>0.05</上年度預算數-百分比>
　　　　　　<比較增減百分比>-13.83</比較增減百分比>
　　　　</ROW>
　　　　<ROW>
　　　　　　<SEQNO>23</SEQNO>
　　　　　　<LEVEL>03</LEVEL>
　　　　　　<BOLD>0</BOLD>
　　　　　　<前年度決算數-金額>34458348</前年度決算數-金額>
　　　　　　<前年度決算數-百分比>1.22</前年度決算數-百分比>
　　　　　　<科目>其他營業外收入</科目>
　　　　　　<本年度預算數-金額>19351722</本年度預算數-金額>
　　　　　　<本年度預算數-百分比>0.77</本年度預算數-百分比>
　　　　　　<上年度預算數-金額>20615288</上年度預算數-金額>
　　　　　　<上年度預算數-百分比>0.77</上年度預算數-百分比>
　　　　　　<比較增減百分比>-6.13</比較增減百分比>
　　　　</ROW>
　　　　<ROW>
　　　　　　<SEQNO>24</SEQNO>
　　　　　　<LEVEL>02</LEVEL>
　　　　　　<BOLD>0</BOLD>
　　　　　　<前年度決算數-金額>64214531</前年度決算數-金額>
　　　　　　<前年度決算數-百分比>2.27</前年度決算數-百分比>
　　　　　　<科目>營業外費用</科目>
　　　　　　<本年度預算數-金額>55643212</本年度預算數-金額>
　　　　　　<本年度預算數-百分比>2.20</本年度預算數-百分比>
　　　　　　<上年度預算數-金額>62094968</上年度預算數-金額>
　　　　　　<上年度預算數-百分比>2.30</上年度預算數-百分比>
　　　　　　<比較增減百分比>-10.39</比較增減百分比>
　　　　</ROW>
　　　　<ROW>
　　　　　　<SEQNO>25</SEQNO>
　　　　　　<LEVEL>03</LEVEL>
　　　　　　<BOLD>0</BOLD>
　　　　　　<前年度決算數-金額>27182397</前年度決算數-金額>
　　　　　　<前年度決算數-百分比>0.96</前年度決算數-百分比>
　　　　　　<科目>財務成本</科目>
　　　　　　<本年度預算數-金額>27374995</本年度預算數-金額>
　　　　　　<本年度預算數-百分比>1.08</本年度預算數-百分比>
　　　　　　<上年度預算數-金額>32062088</上年度預算數-金額>
　　　　　　<上年度預算數-百分比>1.19</上年度預算數-百分比>
　　　　　　<比較增減百分比>-14.62</比較增減百分比>
　　　　</ROW>
　　　　<ROW>
　　　　　　<SEQNO>26</SEQNO>
　　　　　　<LEVEL>03</LEVEL>
　　　　　　<BOLD>0</BOLD>
　　　　　　<前年度決算數-金額>74062</前年度決算數-金額>
　　　　　　<前年度決算數-百分比>0.00</前年度決算數-百分比>
　　　　　　<科目>採用權益法認列之關聯企業及合資損失之份額</科目>
　　　　　　<本年度預算數-金額>51395</本年度預算數-金額>
　　　　　　<本年度預算數-百分比>0.00</本年度預算數-百分比>
　　　　　　<上年度預算數-金額>24502</上年度預算數-金額>
　　　　　　<上年度預算數-百分比>0.00</上年度預算數-百分比>
　　　　　　<比較增減百分比>109.76</比較增減百分比>
　　　　</ROW>
　　　　<ROW>
　　　　　　<SEQNO>27</SEQNO>
　　　　　　<LEVEL>03</LEVEL>
　　　　　　<BOLD>0</BOLD>
　　　　　　<前年度決算數-金額>36958072</前年度決算數-金額>
　　　　　　<前年度決算數-百分比>1.31</前年度決算數-百分比>
　　　　　　<科目>其他營業外費用</科目>
　　　　　　<本年度預算數-金額>28216822</本年度預算數-金額>
　　　　　　<本年度預算數-百分比>1.12</本年度預算數-百分比>
　　　　　　<上年度預算數-金額>30008378</上年度預算數-金額>
　　　　　　<上年度預算數-百分比>1.11</上年度預算數-百分比>
　　　　　　<比較增減百分比>-5.97</比較增減百分比>
　　　　</ROW>
　　　　<ROW>
　　　　　　<SEQNO>28</SEQNO>
　　　　　　<LEVEL>02</LEVEL>
　　　　　　<BOLD>0</BOLD>
　　　　　　<前年度決算數-金額>-28957106</前年度決算數-金額>
　　　　　　<前年度決算數-百分比>1.02</前年度決算數-百分比>
　　　　　　<科目>營業外利益（損失）</科目>
　　　　　　<本年度預算數-金額>-35017719</本年度預算數-金額>
　　　　　　<本年度預算數-百分比>1.38</本年度預算數-百分比>
　　　　　　<上年度預算數-金額>-40001457</上年度預算數-金額>
　　　　　　<上年度預算數-百分比>1.48</上年度預算數-百分比>
　　　　　　<比較增減百分比>-12.46</比較增減百分比>
　　　　</ROW>
　　　　<ROW>
　　　　　　<SEQNO>29</SEQNO>
　　　　　　<LEVEL>02</LEVEL>
　　　　　　<BOLD>0</BOLD>
　　　　　　<前年度決算數-金額>353139637</前年度決算數-金額>
　　　　　　<前年度決算數-百分比>12.49</前年度決算數-百分比>
　　　　　　<科目>稅前淨利（淨損）</科目>
　　　　　　<本年度預算數-金額>223744237</本年度預算數-金額>
　　　　　　<本年度預算數-百分比>8.85</本年度預算數-百分比>
　　　　　　<上年度預算數-金額>220367427</上年度預算數-金額>
　　　　　　<上年度預算數-百分比>8.18</上年度預算數-百分比>
　　　　　　<比較增減百分比>1.53</比較增減百分比>
　　　　</ROW>
　　　　<ROW>
　　　　　　<SEQNO>30</SEQNO>
　　　　　　<LEVEL>02</LEVEL>
　　　　　　<BOLD>0</BOLD>
　　　　　　<前年度決算數-金額>6503904</前年度決算數-金額>
　　　　　　<前年度決算數-百分比>0.23</前年度決算數-百分比>
　　　　　　<科目>所得稅費用（利益）</科目>
　　　　　　<本年度預算數-金額>7753327</本年度預算數-金額>
　　　　　　<本年度預算數-百分比>0.31</本年度預算數-百分比>
　　　　　　<上年度預算數-金額>6591921</上年度預算數-金額>
　　　　　　<上年度預算數-百分比>0.24</上年度預算數-百分比>
　　　　　　<比較增減百分比>17.62</比較增減百分比>
　　　　</ROW>
　　　　<ROW>
　　　　　　<SEQNO>31</SEQNO>
　　　　　　<LEVEL>02</LEVEL>
　　　　　　<BOLD>0</BOLD>
　　　　　　<前年度決算數-金額>346635733</前年度決算數-金額>
　　　　　　<前年度決算數-百分比>12.26</前年度決算數-百分比>
　　　　　　<科目>繼續營業單位本期淨利（淨損）</科目>
　　　　　　<本年度預算數-金額>215990910</本年度預算數-金額>
　　　　　　<本年度預算數-百分比>8.54</本年度預算數-百分比>
　　　　　　<上年度預算數-金額>213775506</上年度預算數-金額>
　　　　　　<上年度預算數-百分比>7.93</上年度預算數-百分比>
　　　　　　<比較增減百分比>1.04</比較增減百分比>
　　　　</ROW>
　　　　<ROW>
　　　　　　<SEQNO>32</SEQNO>
　　　　　　<LEVEL>02</LEVEL>
　　　　　　<BOLD>0</BOLD>
　　　　　　<前年度決算數-金額>0</前年度決算數-金額>
　　　　　　<前年度決算數-百分比>0</前年度決算數-百分比>
　　　　　　<科目>停業單位損益</科目>
　　　　　　<本年度預算數-金額>0</本年度預算數-金額>
　　　　　　<本年度預算數-百分比>0</本年度預算數-百分比>
　　　　　　<上年度預算數-金額>0</上年度預算數-金額>
　　　　　　<上年度預算數-百分比>0</上年度預算數-百分比>
　　　　　　<比較增減百分比>0</比較增減百分比>
　　　　</ROW>
　　　　<ROW>
　　　　　　<SEQNO>33</SEQNO>
　　　　　　<LEVEL>02</LEVEL>
　　　　　　<BOLD>0</BOLD>
　　　　　　<前年度決算數-金額>346635733</前年度決算數-金額>
　　　　　　<前年度決算數-百分比>12.26</前年度決算數-百分比>
　　　　　　<科目>本期淨利（淨損）</科目>
　　　　　　<本年度預算數-金額>215990910</本年度預算數-金額>
　　　　　　<本年度預算數-百分比>8.54</本年度預算數-百分比>
　　　　　　<上年度預算數-金額>213775506</上年度預算數-金額>
　　　　　　<上年度預算數-百分比>7.93</上年度預算數-百分比>
　　　　　　<比較增減百分比>1.04</比較增減百分比>
　　　　</ROW>
　　　　<ROW>
　　　　　　<SEQNO>34</SEQNO>
　　　　　　<LEVEL>02</LEVEL>
　　　　　　<BOLD>0</BOLD>
　　　　　　<前年度決算數-金額>0</前年度決算數-金額>
　　　　　　<前年度決算數-百分比>0</前年度決算數-百分比>
　　　　　　<科目>本期淨利（淨損）歸屬於：</科目>
　　　　　　<本年度預算數-金額>0</本年度預算數-金額>
　　　　　　<本年度預算數-百分比>0</本年度預算數-百分比>
　　　　　　<上年度預算數-金額>0</上年度預算數-金額>
　　　　　　<上年度預算數-百分比>0</上年度預算數-百分比>
　　　　　　<比較增減百分比>0</比較增減百分比>
　　　　</ROW>
　　　　<ROW>
　　　　　　<SEQNO>35</SEQNO>
　　　　　　<LEVEL>03</LEVEL>
　　　　　　<BOLD>0</BOLD>
　　　　　　<前年度決算數-金額>346635733</前年度決算數-金額>
　　　　　　<前年度決算數-百分比>0</前年度決算數-百分比>
　　　　　　<科目>母公司業主</科目>
　　　　　　<本年度預算數-金額>215990257</本年度預算數-金額>
　　　　　　<本年度預算數-百分比>0</本年度預算數-百分比>
　　　　　　<上年度預算數-金額>213782046</上年度預算數-金額>
　　　　　　<上年度預算數-百分比>0</上年度預算數-百分比>
　　　　　　<比較增減百分比>0</比較增減百分比>
　　　　</ROW>
　　　　<ROW>
　　　　　　<SEQNO>36</SEQNO>
　　　　　　<LEVEL>03</LEVEL>
　　　　　　<BOLD>0</BOLD>
　　　　　　<前年度決算數-金額>0</前年度決算數-金額>
　　　　　　<前年度決算數-百分比>0</前年度決算數-百分比>
　　　　　　<科目>非控制權益</科目>
　　　　　　<本年度預算數-金額>653</本年度預算數-金額>
　　　　　　<本年度預算數-百分比>0</本年度預算數-百分比>
　　　　　　<上年度預算數-金額>-6540</上年度預算數-金額>
　　　　　　<上年度預算數-百分比>0</上年度預算數-百分比>
　　　　　　<比較增減百分比>0</比較增減百分比>
　　　　</ROW>
　　</DataSet>
</GenericData>

