<?xml version="1.0" encoding="UTF-8"?>
<tables>
    <BCME3480>
        <BCME3480_row>
            <level>1</level>
            <ba_objectno>0101</ba_objectno>
            <mi_objectname>民意代表待遇</mi_objectname>
            <objectnoname>0101民意代表待遇</objectnoname>
            <budgetamt_sum>0.00</budgetamt_sum>
            <displaymemo/>
            <btn_memo/>
        </BCME3480_row>
        <BCME3480_row>
            <level>1</level>
            <ba_objectno>0102</ba_objectno>
            <mi_objectname>政務人員待遇</mi_objectname>
            <objectnoname>0102政務人員待遇</objectnoname>
            <budgetamt_sum>0.00</budgetamt_sum>
            <displaymemo/>
            <btn_memo/>
        </BCME3480_row>
        <BCME3480_row>
            <level>1</level>
            <ba_objectno>0103</ba_objectno>
            <mi_objectname>法定編制人員待遇</mi_objectname>
            <objectnoname>0103法定編制人員待遇</objectnoname>
            <budgetamt_sum>57374000.00</budgetamt_sum>
            <displaymemo>職員78人。</displaymemo>
            <btn_memo>職員78人。</btn_memo>
        </BCME3480_row>
        <BCME3480_row>
            <level>1</level>
            <ba_objectno>0104</ba_objectno>
            <mi_objectname>約聘僱人員待遇</mi_objectname>
            <objectnoname>0104約聘僱人員待遇</objectnoname>
            <budgetamt_sum>4546000.00</budgetamt_sum>
            <displaymemo>約聘3人，約僱6人，共計9人。</displaymemo>
            <btn_memo>約聘3人，約僱6人，共計9人。</btn_memo>
        </BCME3480_row>
        <BCME3480_row>
            <level>1</level>
            <ba_objectno>0105</ba_objectno>
            <mi_objectname>技工及工友待遇</mi_objectname>
            <objectnoname>0105技工及工友待遇</objectnoname>
            <budgetamt_sum>6008000.00</budgetamt_sum>
            <displaymemo>技工6人，駕駛2人，工友8人，共計16人。</displaymemo>
            <btn_memo>技工6人，駕駛2人，工友8人，共計16人。</btn_memo>
        </BCME3480_row>
        <BCME3480_row>
            <level>1</level>
            <ba_objectno>0111</ba_objectno>
            <mi_objectname>獎金</mi_objectname>
            <objectnoname>0111獎金</objectnoname>
            <budgetamt_sum>16591000.00</budgetamt_sum>
            <displaymemo>考績獎金7,872千元、年終工作獎金8,697千元、退休人員服務獎章獎勵金22千元，共計16,591千元。</displaymemo>
            <btn_memo>考績獎金7,872千元、年終工作獎金8,697千元、退休人員服務獎章獎勵金22千元，共計16,591千元。</btn_memo>
        </BCME3480_row>
        <BCME3480_row>
            <level>1</level>
            <ba_objectno>0121</ba_objectno>
            <mi_objectname>其他給與</mi_objectname>
            <objectnoname>0121其他給與</objectnoname>
            <budgetamt_sum>1721000.00</budgetamt_sum>
            <displaymemo>休假補助1,721千元。</displaymemo>
            <btn_memo>休假補助1,721千元。</btn_memo>
        </BCME3480_row>
        <BCME3480_row>
            <level>1</level>
            <ba_objectno>0131</ba_objectno>
            <mi_objectname>加班值班費</mi_objectname>
            <objectnoname>0131加班值班費</objectnoname>
            <budgetamt_sum>3075000.00</budgetamt_sum>
            <displaymemo>&lt;#H1&gt;超時加班費183千元，未逾該科目90年度實支數8成計671千元。&#xd;
&lt;#H1&gt;不休假加班費2,544千元。&#xd;
&lt;#H1&gt;值班費348千元。&#xd;
&lt;#H1&gt;以上，加班值班費共計3,075千元。&#xd;
</displaymemo>
            <btn_memo>&lt;#H1&gt;超時加班費183千元，未逾該科目90年度實支數8成計671千元。&#xd;
&lt;#H1&gt;不休假加班費2,544千元。&#xd;
&lt;#H1&gt;值班費348千元。&#xd;
&lt;#H1&gt;以上，加班值班費共計3,075千元。&#xd;
</btn_memo>
        </BCME3480_row>
        <BCME3480_row>
            <level>1</level>
            <ba_objectno>0142</ba_objectno>
            <mi_objectname>退休退職給付</mi_objectname>
            <objectnoname>0142退休退職給付</objectnoname>
            <budgetamt_sum>0.00</budgetamt_sum>
            <displaymemo/>
            <btn_memo/>
        </BCME3480_row>
        <BCME3480_row>
            <level>1</level>
            <ba_objectno>0143</ba_objectno>
            <mi_objectname>退休離職儲金</mi_objectname>
            <objectnoname>0143退休離職儲金</objectnoname>
            <budgetamt_sum>6284000.00</budgetamt_sum>
            <displaymemo>職員退撫金公提部分5,700千元、技工工友退休準備金301千元及約聘僱人員離職儲金283千元，共計6,284千元。</displaymemo>
            <btn_memo>職員退撫金公提部分5,700千元、技工工友退休準備金301千元及約聘僱人員離職儲金283千元，共計6,284千元。</btn_memo>
        </BCME3480_row>
        <BCME3480_row>
            <level>1</level>
            <ba_objectno>0151</ba_objectno>
            <mi_objectname>保險</mi_objectname>
            <objectnoname>0151保險</objectnoname>
            <budgetamt_sum>7498000.00</budgetamt_sum>
            <displaymemo>健保保險補助4,784千元、公保保險補助1,922千元、勞保保險補助792千元，共計7,498千元。</displaymemo>
            <btn_memo>健保保險補助4,784千元、公保保險補助1,922千元、勞保保險補助792千元，共計7,498千元。</btn_memo>
        </BCME3480_row>
        <BCME3480_row>
            <level>1</level>
            <ba_objectno>0199</ba_objectno>
            <mi_objectname>調待準備</mi_objectname>
            <objectnoname>0199調待準備</objectnoname>
            <budgetamt_sum>0.00</budgetamt_sum>
            <displaymemo/>
            <btn_memo/>
        </BCME3480_row>
        <BCME3480_row>
            <level>2</level>
            <ba_objectno/>
            <mi_objectname/>
            <objectnoname>合計</objectnoname>
            <budgetamt_sum>103097000.00</budgetamt_sum>
            <displaymemo/>
            <btn_memo/>
        </BCME3480_row>
    </BCME3480>
</tables>
