<?xml version="1.0" encoding="UTF-8"?>
<tables>
    <BCME3450>
        <BCME3450_row>
            <objectNo>合計</objectNo>
            <budgetno_3505420100>634588.00</budgetno_3505420100>
            <budgetno_3505421000>64196.00</budgetno_3505421000>
            <budgetno_3505421200>7710.00</budgetno_3505421200>
            <budgetno_3505421400>624.00</budgetno_3505421400>
            <budgetno_3505429011>1348.00</budgetno_3505429011>
            <budgetno_3505429019>2614.00</budgetno_3505429019>
            <budgetno_3505429800>390.00</budgetno_3505429800>
            <total>711470.00</total>
        </BCME3450_row>
        <BCME3450_row>
            <objectNo>0100 人事費</objectNo>
            <budgetno_3505420100>589367.00</budgetno_3505420100>
            <budgetno_3505421000/>
            <budgetno_3505421200/>
            <budgetno_3505421400/>
            <budgetno_3505429011/>
            <budgetno_3505429019/>
            <budgetno_3505429800/>
            <total>589367.00</total>
        </BCME3450_row>
        <BCME3450_row>
            <objectNo>  0103 法定編制人員待遇</objectNo>
            <budgetno_3505420100>348095.00</budgetno_3505420100>
            <budgetno_3505421000/>
            <budgetno_3505421200/>
            <budgetno_3505421400/>
            <budgetno_3505429011/>
            <budgetno_3505429019/>
            <budgetno_3505429800/>
            <total>348095.00</total>
        </BCME3450_row>
        <BCME3450_row>
            <objectNo>  0104 約聘僱人員待遇</objectNo>
            <budgetno_3505420100>37389.00</budgetno_3505420100>
            <budgetno_3505421000/>
            <budgetno_3505421200/>
            <budgetno_3505421400/>
            <budgetno_3505429011/>
            <budgetno_3505429019/>
            <budgetno_3505429800/>
            <total>37389.00</total>
        </BCME3450_row>
        <BCME3450_row>
            <objectNo>  0105 技工及工友待遇</objectNo>
            <budgetno_3505420100>13626.00</budgetno_3505420100>
            <budgetno_3505421000/>
            <budgetno_3505421200/>
            <budgetno_3505421400/>
            <budgetno_3505429011/>
            <budgetno_3505429019/>
            <budgetno_3505429800/>
            <total>13626.00</total>
        </BCME3450_row>
        <BCME3450_row>
            <objectNo>  0111 獎金</objectNo>
            <budgetno_3505420100>82743.00</budgetno_3505420100>
            <budgetno_3505421000/>
            <budgetno_3505421200/>
            <budgetno_3505421400/>
            <budgetno_3505429011/>
            <budgetno_3505429019/>
            <budgetno_3505429800/>
            <total>82743.00</total>
        </BCME3450_row>
        <BCME3450_row>
            <objectNo>  0121 其他給與</objectNo>
            <budgetno_3505420100>7481.00</budgetno_3505420100>
            <budgetno_3505421000/>
            <budgetno_3505421200/>
            <budgetno_3505421400/>
            <budgetno_3505429011/>
            <budgetno_3505429019/>
            <budgetno_3505429800/>
            <total>7481.00</total>
        </BCME3450_row>
        <BCME3450_row>
            <objectNo>  0131 加班值班費</objectNo>
            <budgetno_3505420100>36842.00</budgetno_3505420100>
            <budgetno_3505421000/>
            <budgetno_3505421200/>
            <budgetno_3505421400/>
            <budgetno_3505429011/>
            <budgetno_3505429019/>
            <budgetno_3505429800/>
            <total>36842.00</total>
        </BCME3450_row>
        <BCME3450_row>
            <objectNo>  0143 退休離職儲金</objectNo>
            <budgetno_3505420100>25416.00</budgetno_3505420100>
            <budgetno_3505421000/>
            <budgetno_3505421200/>
            <budgetno_3505421400/>
            <budgetno_3505429011/>
            <budgetno_3505429019/>
            <budgetno_3505429800/>
            <total>25416.00</total>
        </BCME3450_row>
        <BCME3450_row>
            <objectNo>  0151 保險</objectNo>
            <budgetno_3505420100>37775.00</budgetno_3505420100>
            <budgetno_3505421000/>
            <budgetno_3505421200/>
            <budgetno_3505421400/>
            <budgetno_3505429011/>
            <budgetno_3505429019/>
            <budgetno_3505429800/>
            <total>37775.00</total>
        </BCME3450_row>
        <BCME3450_row>
            <objectNo>0200 業務費</objectNo>
            <budgetno_3505420100>44933.00</budgetno_3505420100>
            <budgetno_3505421000>63655.00</budgetno_3505421000>
            <budgetno_3505421200>7710.00</budgetno_3505421200>
            <budgetno_3505421400>624.00</budgetno_3505421400>
            <budgetno_3505429011/>
            <budgetno_3505429019/>
            <budgetno_3505429800/>
            <total>116922.00</total>
        </BCME3450_row>
        <BCME3450_row>
            <objectNo>  0201 教育訓練費</objectNo>
            <budgetno_3505420100>50.00</budgetno_3505420100>
            <budgetno_3505421000/>
            <budgetno_3505421200>122.00</budgetno_3505421200>
            <budgetno_3505421400/>
            <budgetno_3505429011/>
            <budgetno_3505429019/>
            <budgetno_3505429800/>
            <total>172.00</total>
        </BCME3450_row>
        <BCME3450_row>
            <objectNo>  0202 水電費</objectNo>
            <budgetno_3505420100>11104.00</budgetno_3505420100>
            <budgetno_3505421000/>
            <budgetno_3505421200/>
            <budgetno_3505421400/>
            <budgetno_3505429011/>
            <budgetno_3505429019/>
            <budgetno_3505429800/>
            <total>11104.00</total>
        </BCME3450_row>
        <BCME3450_row>
            <objectNo>  0203 通訊費</objectNo>
            <budgetno_3505420100>384.00</budgetno_3505420100>
            <budgetno_3505421000>35063.00</budgetno_3505421000>
            <budgetno_3505421200>307.00</budgetno_3505421200>
            <budgetno_3505421400>151.00</budgetno_3505421400>
            <budgetno_3505429011/>
            <budgetno_3505429019/>
            <budgetno_3505429800/>
            <total>35905.00</total>
        </BCME3450_row>
        <BCME3450_row>
            <objectNo>  0211 土地租金</objectNo>
            <budgetno_3505420100>588.00</budgetno_3505420100>
            <budgetno_3505421000/>
            <budgetno_3505421200/>
            <budgetno_3505421400/>
            <budgetno_3505429011/>
            <budgetno_3505429019/>
            <budgetno_3505429800/>
            <total>588.00</total>
        </BCME3450_row>
        <BCME3450_row>
            <objectNo>  0215 資訊服務費</objectNo>
            <budgetno_3505420100>2659.00</budgetno_3505420100>
            <budgetno_3505421000/>
            <budgetno_3505421200/>
            <budgetno_3505421400/>
            <budgetno_3505429011/>
            <budgetno_3505429019/>
            <budgetno_3505429800/>
            <total>2659.00</total>
        </BCME3450_row>
        <BCME3450_row>
            <objectNo>  0219 其他業務租金</objectNo>
            <budgetno_3505420100>944.00</budgetno_3505420100>
            <budgetno_3505421000/>
            <budgetno_3505421200/>
            <budgetno_3505421400/>
            <budgetno_3505429011/>
            <budgetno_3505429019/>
            <budgetno_3505429800/>
            <total>944.00</total>
        </BCME3450_row>
        <BCME3450_row>
            <objectNo>  0221 稅捐及規費</objectNo>
            <budgetno_3505420100>210.00</budgetno_3505420100>
            <budgetno_3505421000/>
            <budgetno_3505421200/>
            <budgetno_3505421400/>
            <budgetno_3505429011/>
            <budgetno_3505429019/>
            <budgetno_3505429800/>
            <total>210.00</total>
        </BCME3450_row>
        <BCME3450_row>
            <objectNo>  0231 保險費</objectNo>
            <budgetno_3505420100>419.00</budgetno_3505420100>
            <budgetno_3505421000/>
            <budgetno_3505421200>19.00</budgetno_3505421200>
            <budgetno_3505421400/>
            <budgetno_3505429011/>
            <budgetno_3505429019/>
            <budgetno_3505429800/>
            <total>438.00</total>
        </BCME3450_row>
        <BCME3450_row>
            <objectNo>  0249 臨時人員酬金</objectNo>
            <budgetno_3505420100>600.00</budgetno_3505420100>
            <budgetno_3505421000/>
            <budgetno_3505421200/>
            <budgetno_3505421400/>
            <budgetno_3505429011/>
            <budgetno_3505429019/>
            <budgetno_3505429800/>
            <total>600.00</total>
        </BCME3450_row>
        <BCME3450_row>
            <objectNo>  0250 按日按件計資酬金</objectNo>
            <budgetno_3505420100>343.00</budgetno_3505420100>
            <budgetno_3505421000>6291.00</budgetno_3505421000>
            <budgetno_3505421200>160.00</budgetno_3505421200>
            <budgetno_3505421400/>
            <budgetno_3505429011/>
            <budgetno_3505429019/>
            <budgetno_3505429800/>
            <total>6794.00</total>
        </BCME3450_row>
        <BCME3450_row>
            <objectNo>  0271 物品</objectNo>
            <budgetno_3505420100>10779.00</budgetno_3505420100>
            <budgetno_3505421000>4826.00</budgetno_3505421000>
            <budgetno_3505421200>1820.00</budgetno_3505421200>
            <budgetno_3505421400>150.00</budgetno_3505421400>
            <budgetno_3505429011/>
            <budgetno_3505429019/>
            <budgetno_3505429800/>
            <total>17575.00</total>
        </BCME3450_row>
        <BCME3450_row>
            <objectNo>  0279 一般事務費</objectNo>
            <budgetno_3505420100>5905.00</budgetno_3505420100>
            <budgetno_3505421000>5335.00</budgetno_3505421000>
            <budgetno_3505421200>277.00</budgetno_3505421200>
            <budgetno_3505421400/>
            <budgetno_3505429011/>
            <budgetno_3505429019/>
            <budgetno_3505429800/>
            <total>11517.00</total>
        </BCME3450_row>
        <BCME3450_row>
            <objectNo>  0280 給養費</objectNo>
            <budgetno_3505420100/>
            <budgetno_3505421000/>
            <budgetno_3505421200>4347.00</budgetno_3505421200>
            <budgetno_3505421400/>
            <budgetno_3505429011/>
            <budgetno_3505429019/>
            <budgetno_3505429800/>
            <total>4347.00</total>
        </BCME3450_row>
        <BCME3450_row>
            <objectNo>  0282 房屋建築養護費</objectNo>
            <budgetno_3505420100>5605.00</budgetno_3505420100>
            <budgetno_3505421000/>
            <budgetno_3505421200/>
            <budgetno_3505421400/>
            <budgetno_3505429011/>
            <budgetno_3505429019/>
            <budgetno_3505429800/>
            <total>5605.00</total>
        </BCME3450_row>
        <BCME3450_row>
            <objectNo>  0283 車輛及辦公器具養護費</objectNo>
            <budgetno_3505420100>1108.00</budgetno_3505420100>
            <budgetno_3505421000/>
            <budgetno_3505421200/>
            <budgetno_3505421400/>
            <budgetno_3505429011/>
            <budgetno_3505429019/>
            <budgetno_3505429800/>
            <total>1108.00</total>
        </BCME3450_row>
        <BCME3450_row>
            <objectNo>  0284 設施及機械設備養護費</objectNo>
            <budgetno_3505420100>3144.00</budgetno_3505420100>
            <budgetno_3505421000/>
            <budgetno_3505421200/>
            <budgetno_3505421400/>
            <budgetno_3505429011/>
            <budgetno_3505429019/>
            <budgetno_3505429800/>
            <total>3144.00</total>
        </BCME3450_row>
        <BCME3450_row>
            <objectNo>  0291 國內旅費</objectNo>
            <budgetno_3505420100>970.00</budgetno_3505420100>
            <budgetno_3505421000>12140.00</budgetno_3505421000>
            <budgetno_3505421200>658.00</budgetno_3505421200>
            <budgetno_3505421400>323.00</budgetno_3505421400>
            <budgetno_3505429011/>
            <budgetno_3505429019/>
            <budgetno_3505429800/>
            <total>14091.00</total>
        </BCME3450_row>
        <BCME3450_row>
            <objectNo>  0299 特別費</objectNo>
            <budgetno_3505420100>121.00</budgetno_3505420100>
            <budgetno_3505421000/>
            <budgetno_3505421200/>
            <budgetno_3505421400/>
            <budgetno_3505429011/>
            <budgetno_3505429019/>
            <budgetno_3505429800/>
            <total>121.00</total>
        </BCME3450_row>
        <BCME3450_row>
            <objectNo>0300 設備及投資</objectNo>
            <budgetno_3505420100/>
            <budgetno_3505421000>541.00</budgetno_3505421000>
            <budgetno_3505421200/>
            <budgetno_3505421400/>
            <budgetno_3505429011>1348.00</budgetno_3505429011>
            <budgetno_3505429019>2614.00</budgetno_3505429019>
            <budgetno_3505429800/>
            <total>4503.00</total>
        </BCME3450_row>
        <BCME3450_row>
            <objectNo>  0304 機械設備費</objectNo>
            <budgetno_3505420100/>
            <budgetno_3505421000/>
            <budgetno_3505421200/>
            <budgetno_3505421400/>
            <budgetno_3505429011>1348.00</budgetno_3505429011>
            <budgetno_3505429019/>
            <budgetno_3505429800/>
            <total>1348.00</total>
        </BCME3450_row>
        <BCME3450_row>
            <objectNo>  0319 雜項設備費</objectNo>
            <budgetno_3505420100/>
            <budgetno_3505421000>541.00</budgetno_3505421000>
            <budgetno_3505421200/>
            <budgetno_3505421400/>
            <budgetno_3505429011/>
            <budgetno_3505429019>2614.00</budgetno_3505429019>
            <budgetno_3505429800/>
            <total>3155.00</total>
        </BCME3450_row>
        <BCME3450_row>
            <objectNo>0400 獎補助費</objectNo>
            <budgetno_3505420100>288.00</budgetno_3505420100>
            <budgetno_3505421000/>
            <budgetno_3505421200/>
            <budgetno_3505421400/>
            <budgetno_3505429011/>
            <budgetno_3505429019/>
            <budgetno_3505429800/>
            <total>288.00</total>
        </BCME3450_row>
        <BCME3450_row>
            <objectNo>  0475 獎勵及慰問</objectNo>
            <budgetno_3505420100>288.00</budgetno_3505420100>
            <budgetno_3505421000/>
            <budgetno_3505421200/>
            <budgetno_3505421400/>
            <budgetno_3505429011/>
            <budgetno_3505429019/>
            <budgetno_3505429800/>
            <total>288.00</total>
        </BCME3450_row>
        <BCME3450_row>
            <objectNo>0900 預備金</objectNo>
            <budgetno_3505420100/>
            <budgetno_3505421000/>
            <budgetno_3505421200/>
            <budgetno_3505421400/>
            <budgetno_3505429011/>
            <budgetno_3505429019/>
            <budgetno_3505429800>390.00</budgetno_3505429800>
            <total>390.00</total>
        </BCME3450_row>
        <BCME3450_row>
            <objectNo>  0901 第一預備金</objectNo>
            <budgetno_3505420100/>
            <budgetno_3505421000/>
            <budgetno_3505421200/>
            <budgetno_3505421400/>
            <budgetno_3505429011/>
            <budgetno_3505429019/>
            <budgetno_3505429800>390.00</budgetno_3505429800>
            <total>390.00</total>
        </BCME3450_row>
    </BCME3450>
</tables>
