<?xml version="1.0" encoding="UTF-8"?>
<tables>
    <BCTMCAR>
        <BCTMCAR_row>
            <bq_fiscalyear>104</bq_fiscalyear>
            <bq_fundkind>1</bq_fundkind>
            <bq_budgetkind>1</bq_budgetkind>
            <bq_specialbudgetno/>
            <bq_agenno>05042</bq_agenno>
            <bq_agentype>C</bq_agentype>
            <bq_budgetstate>2</bq_budgetstate>
            <bq_budgetno>35050420100</bq_budgetno>
            <bq_objectno>07351600</bq_objectno>
            <bq_carid>1</bq_carid>
            <bq_persons>0</bq_persons>
            <bq_buydate>90 02</bq_buydate>
            <bq_ventsize>125</bq_ventsize>
            <bq_oilamt>312</bq_oilamt>
            <bq_oilprice>24.57</bq_oilprice>
            <bq_amt_maintain>1615.00</bq_amt_maintain>
            <bq_amt5>3000.00</bq_amt5>
            <bq_carnum>1</bq_carnum>
            <bq_remark>BFL-455。</bq_remark>
            <bq_lpgamt>0</bq_lpgamt>
            <bq_lpgprice>0.00</bq_lpgprice>
            <bq_versiondate/>
        </BCTMCAR_row>
        <BCTMCAR_row>
            <bq_fiscalyear>104</bq_fiscalyear>
            <bq_fundkind>1</bq_fundkind>
            <bq_budgetkind>1</bq_budgetkind>
            <bq_specialbudgetno/>
            <bq_agenno>05042</bq_agenno>
            <bq_agentype>C</bq_agentype>
            <bq_budgetstate>2</bq_budgetstate>
            <bq_budgetno>35050420100</bq_budgetno>
            <bq_objectno>07350100</bq_objectno>
            <bq_carid>1218-QH</bq_carid>
            <bq_persons>4</bq_persons>
            <bq_buydate>99 06</bq_buydate>
            <bq_ventsize>1794</bq_ventsize>
            <bq_oilamt>1668</bq_oilamt>
            <bq_oilprice>24.57</bq_oilprice>
            <bq_amt_maintain>32300.00</bq_amt_maintain>
            <bq_amt5>18000.00</bq_amt5>
            <bq_carnum>1</bq_carnum>
            <bq_remark/>
            <bq_lpgamt>0</bq_lpgamt>
            <bq_lpgprice>0.00</bq_lpgprice>
            <bq_versiondate/>
        </BCTMCAR_row>
        <BCTMCAR_row>
            <bq_fiscalyear>104</bq_fiscalyear>
            <bq_fundkind>1</bq_fundkind>
            <bq_budgetkind>1</bq_budgetkind>
            <bq_specialbudgetno/>
            <bq_agenno>05042</bq_agenno>
            <bq_agentype>C</bq_agentype>
            <bq_budgetstate>2</bq_budgetstate>
            <bq_budgetno>35050420100</bq_budgetno>
            <bq_objectno>07352000</bq_objectno>
            <bq_carid>1220-QH</bq_carid>
            <bq_persons>4</bq_persons>
            <bq_buydate>99 06</bq_buydate>
            <bq_ventsize>1794</bq_ventsize>
            <bq_oilamt>1668</bq_oilamt>
            <bq_oilprice>24.57</bq_oilprice>
            <bq_amt_maintain>32300.00</bq_amt_maintain>
            <bq_amt5>18000.00</bq_amt5>
            <bq_carnum>1</bq_carnum>
            <bq_remark/>
            <bq_lpgamt>0</bq_lpgamt>
            <bq_lpgprice>0.00</bq_lpgprice>
            <bq_versiondate/>
        </BCTMCAR_row>
        <BCTMCAR_row>
            <bq_fiscalyear>104</bq_fiscalyear>
            <bq_fundkind>1</bq_fundkind>
            <bq_budgetkind>1</bq_budgetkind>
            <bq_specialbudgetno/>
            <bq_agenno>05042</bq_agenno>
            <bq_agentype>C</bq_agentype>
            <bq_budgetstate>2</bq_budgetstate>
            <bq_budgetno>35050420100</bq_budgetno>
            <bq_objectno>07352000</bq_objectno>
            <bq_carid>1223-QH</bq_carid>
            <bq_persons>4</bq_persons>
            <bq_buydate>99 06</bq_buydate>
            <bq_ventsize>1794</bq_ventsize>
            <bq_oilamt>1668</bq_oilamt>
            <bq_oilprice>24.57</bq_oilprice>
            <bq_amt_maintain>32300.00</bq_amt_maintain>
            <bq_amt5>18000.00</bq_amt5>
            <bq_carnum>1</bq_carnum>
            <bq_remark>&lt;br&gt;</bq_remark>
            <bq_lpgamt>0</bq_lpgamt>
            <bq_lpgprice>0.00</bq_lpgprice>
            <bq_versiondate/>
        </BCTMCAR_row>
        <BCTMCAR_row>
            <bq_fiscalyear>104</bq_fiscalyear>
            <bq_fundkind>1</bq_fundkind>
            <bq_budgetkind>1</bq_budgetkind>
            <bq_specialbudgetno/>
            <bq_agenno>05042</bq_agenno>
            <bq_agentype>C</bq_agentype>
            <bq_budgetstate>2</bq_budgetstate>
            <bq_budgetno>35050420100</bq_budgetno>
            <bq_objectno>07352000</bq_objectno>
            <bq_carid>1225-QH</bq_carid>
            <bq_persons>4</bq_persons>
            <bq_buydate>99 06</bq_buydate>
            <bq_ventsize>1794</bq_ventsize>
            <bq_oilamt>1668</bq_oilamt>
            <bq_oilprice>24.57</bq_oilprice>
            <bq_amt_maintain>32300.00</bq_amt_maintain>
            <bq_amt5>18000.00</bq_amt5>
            <bq_carnum>1</bq_carnum>
            <bq_remark/>
            <bq_lpgamt>0</bq_lpgamt>
            <bq_lpgprice>0.00</bq_lpgprice>
            <bq_versiondate/>
        </BCTMCAR_row>
        <BCTMCAR_row>
            <bq_fiscalyear>104</bq_fiscalyear>
            <bq_fundkind>1</bq_fundkind>
            <bq_budgetkind>1</bq_budgetkind>
            <bq_specialbudgetno/>
            <bq_agenno>05042</bq_agenno>
            <bq_agentype>C</bq_agentype>
            <bq_budgetstate>2</bq_budgetstate>
            <bq_budgetno>35050420100</bq_budgetno>
            <bq_objectno>07351900</bq_objectno>
            <bq_carid>1453-EP</bq_carid>
            <bq_persons>4</bq_persons>
            <bq_buydate>94 09</bq_buydate>
            <bq_ventsize>1834</bq_ventsize>
            <bq_oilamt>852</bq_oilamt>
            <bq_oilprice>24.57</bq_oilprice>
            <bq_amt_maintain>48450.00</bq_amt_maintain>
            <bq_amt5>23000.00</bq_amt5>
            <bq_carnum>1</bq_carnum>
            <bq_remark>(油氣雙燃料車)</bq_remark>
            <bq_lpgamt>972</bq_lpgamt>
            <bq_lpgprice>16.52</bq_lpgprice>
            <bq_versiondate/>
        </BCTMCAR_row>
        <BCTMCAR_row>
            <bq_fiscalyear>104</bq_fiscalyear>
            <bq_fundkind>1</bq_fundkind>
            <bq_budgetkind>1</bq_budgetkind>
            <bq_specialbudgetno/>
            <bq_agenno>05042</bq_agenno>
            <bq_agentype>C</bq_agentype>
            <bq_budgetstate>2</bq_budgetstate>
            <bq_budgetno>35050420100</bq_budgetno>
            <bq_objectno>07352000</bq_objectno>
            <bq_carid>1580-EP</bq_carid>
            <bq_persons>4</bq_persons>
            <bq_buydate>94 09</bq_buydate>
            <bq_ventsize>2378</bq_ventsize>
            <bq_oilamt>852</bq_oilamt>
            <bq_oilprice>24.57</bq_oilprice>
            <bq_amt_maintain>48450.00</bq_amt_maintain>
            <bq_amt5>23000.00</bq_amt5>
            <bq_carnum>1</bq_carnum>
            <bq_remark>(油氣雙燃料車)</bq_remark>
            <bq_lpgamt>972</bq_lpgamt>
            <bq_lpgprice>16.52</bq_lpgprice>
            <bq_versiondate/>
        </BCTMCAR_row>
        <BCTMCAR_row>
            <bq_fiscalyear>104</bq_fiscalyear>
            <bq_fundkind>1</bq_fundkind>
            <bq_budgetkind>1</bq_budgetkind>
            <bq_specialbudgetno/>
            <bq_agenno>05042</bq_agenno>
            <bq_agentype>C</bq_agentype>
            <bq_budgetstate>2</bq_budgetstate>
            <bq_budgetno>35050420100</bq_budgetno>
            <bq_objectno>07351600</bq_objectno>
            <bq_carid>2</bq_carid>
            <bq_persons>0</bq_persons>
            <bq_buydate>10304</bq_buydate>
            <bq_ventsize>150</bq_ventsize>
            <bq_oilamt>312</bq_oilamt>
            <bq_oilprice>24.57</bq_oilprice>
            <bq_amt_maintain>1615.00</bq_amt_maintain>
            <bq_amt5>3000.00</bq_amt5>
            <bq_carnum>1</bq_carnum>
            <bq_remark>355-MZL。</bq_remark>
            <bq_lpgamt>0</bq_lpgamt>
            <bq_lpgprice>0.00</bq_lpgprice>
            <bq_versiondate/>
        </BCTMCAR_row>
        <BCTMCAR_row>
            <bq_fiscalyear>104</bq_fiscalyear>
            <bq_fundkind>1</bq_fundkind>
            <bq_budgetkind>1</bq_budgetkind>
            <bq_specialbudgetno/>
            <bq_agenno>05042</bq_agenno>
            <bq_agentype>C</bq_agentype>
            <bq_budgetstate>2</bq_budgetstate>
            <bq_budgetno>35050420100</bq_budgetno>
            <bq_objectno>07352000</bq_objectno>
            <bq_carid>2776-QH</bq_carid>
            <bq_persons>4</bq_persons>
            <bq_buydate>10008</bq_buydate>
            <bq_ventsize>1798</bq_ventsize>
            <bq_oilamt>852</bq_oilamt>
            <bq_oilprice>24.57</bq_oilprice>
            <bq_amt_maintain>24225.00</bq_amt_maintain>
            <bq_amt5>18000.00</bq_amt5>
            <bq_carnum>1</bq_carnum>
            <bq_remark>(油氣雙燃料車)</bq_remark>
            <bq_lpgamt>972</bq_lpgamt>
            <bq_lpgprice>16.52</bq_lpgprice>
            <bq_versiondate/>
        </BCTMCAR_row>
        <BCTMCAR_row>
            <bq_fiscalyear>104</bq_fiscalyear>
            <bq_fundkind>1</bq_fundkind>
            <bq_budgetkind>1</bq_budgetkind>
            <bq_specialbudgetno/>
            <bq_agenno>05042</bq_agenno>
            <bq_agentype>C</bq_agentype>
            <bq_budgetstate>2</bq_budgetstate>
            <bq_budgetno>35050420100</bq_budgetno>
            <bq_objectno>07351600</bq_objectno>
            <bq_carid>3</bq_carid>
            <bq_persons>0</bq_persons>
            <bq_buydate>91 08</bq_buydate>
            <bq_ventsize>124</bq_ventsize>
            <bq_oilamt>312</bq_oilamt>
            <bq_oilprice>24.57</bq_oilprice>
            <bq_amt_maintain>1615.00</bq_amt_maintain>
            <bq_amt5>3000.00</bq_amt5>
            <bq_carnum>1</bq_carnum>
            <bq_remark>BIK-628。</bq_remark>
            <bq_lpgamt>0</bq_lpgamt>
            <bq_lpgprice>0.00</bq_lpgprice>
            <bq_versiondate/>
        </BCTMCAR_row>
        <BCTMCAR_row>
            <bq_fiscalyear>104</bq_fiscalyear>
            <bq_fundkind>1</bq_fundkind>
            <bq_budgetkind>1</bq_budgetkind>
            <bq_specialbudgetno/>
            <bq_agenno>05042</bq_agenno>
            <bq_agentype>C</bq_agentype>
            <bq_budgetstate>2</bq_budgetstate>
            <bq_budgetno>35050420100</bq_budgetno>
            <bq_objectno>07352100</bq_objectno>
            <bq_carid>3102-QA</bq_carid>
            <bq_persons>4</bq_persons>
            <bq_buydate>95 08</bq_buydate>
            <bq_ventsize>1998</bq_ventsize>
            <bq_oilamt>852</bq_oilamt>
            <bq_oilprice>24.57</bq_oilprice>
            <bq_amt_maintain>48450.00</bq_amt_maintain>
            <bq_amt5>23000.00</bq_amt5>
            <bq_carnum>1</bq_carnum>
            <bq_remark>(油氣雙燃料車)</bq_remark>
            <bq_lpgamt>972</bq_lpgamt>
            <bq_lpgprice>16.52</bq_lpgprice>
            <bq_versiondate/>
        </BCTMCAR_row>
        <BCTMCAR_row>
            <bq_fiscalyear>104</bq_fiscalyear>
            <bq_fundkind>1</bq_fundkind>
            <bq_budgetkind>1</bq_budgetkind>
            <bq_specialbudgetno/>
            <bq_agenno>05042</bq_agenno>
            <bq_agentype>C</bq_agentype>
            <bq_budgetstate>2</bq_budgetstate>
            <bq_budgetno>35050420100</bq_budgetno>
            <bq_objectno>07351400</bq_objectno>
            <bq_carid>323-WB</bq_carid>
            <bq_persons>18</bq_persons>
            <bq_buydate>99 09</bq_buydate>
            <bq_ventsize>4009</bq_ventsize>
            <bq_oilamt>1668</bq_oilamt>
            <bq_oilprice>24.57</bq_oilprice>
            <bq_amt_maintain>32300.00</bq_amt_maintain>
            <bq_amt5>16000.00</bq_amt5>
            <bq_carnum>1</bq_carnum>
            <bq_remark/>
            <bq_lpgamt>0</bq_lpgamt>
            <bq_lpgprice>0.00</bq_lpgprice>
            <bq_versiondate/>
        </BCTMCAR_row>
        <BCTMCAR_row>
            <bq_fiscalyear>104</bq_fiscalyear>
            <bq_fundkind>1</bq_fundkind>
            <bq_budgetkind>1</bq_budgetkind>
            <bq_specialbudgetno/>
            <bq_agenno>05042</bq_agenno>
            <bq_agentype>C</bq_agentype>
            <bq_budgetstate>2</bq_budgetstate>
            <bq_budgetno>35050420100</bq_budgetno>
            <bq_objectno>07351300</bq_objectno>
            <bq_carid>338-WB</bq_carid>
            <bq_persons>35</bq_persons>
            <bq_buydate>99 12</bq_buydate>
            <bq_ventsize>7684</bq_ventsize>
            <bq_oilamt>2280</bq_oilamt>
            <bq_oilprice>22.75</bq_oilprice>
            <bq_amt_maintain>32300.00</bq_amt_maintain>
            <bq_amt5>18000.00</bq_amt5>
            <bq_carnum>1</bq_carnum>
            <bq_remark/>
            <bq_lpgamt>0</bq_lpgamt>
            <bq_lpgprice>0.00</bq_lpgprice>
            <bq_versiondate/>
        </BCTMCAR_row>
        <BCTMCAR_row>
            <bq_fiscalyear>104</bq_fiscalyear>
            <bq_fundkind>1</bq_fundkind>
            <bq_budgetkind>1</bq_budgetkind>
            <bq_specialbudgetno/>
            <bq_agenno>05042</bq_agenno>
            <bq_agentype>C</bq_agentype>
            <bq_budgetstate>2</bq_budgetstate>
            <bq_budgetno>35050420100</bq_budgetno>
            <bq_objectno>07351600</bq_objectno>
            <bq_carid>4</bq_carid>
            <bq_persons>0</bq_persons>
            <bq_buydate>95 05</bq_buydate>
            <bq_ventsize>150</bq_ventsize>
            <bq_oilamt>1560</bq_oilamt>
            <bq_oilprice>24.57</bq_oilprice>
            <bq_amt_maintain>8075.00</bq_amt_maintain>
            <bq_amt5>15000.00</bq_amt5>
            <bq_carnum>5</bq_carnum>
            <bq_remark>CYL-800、CYL-801、CYL-802、CYL-803、CYL-805</bq_remark>
            <bq_lpgamt>0</bq_lpgamt>
            <bq_lpgprice>0.00</bq_lpgprice>
            <bq_versiondate/>
        </BCTMCAR_row>
        <BCTMCAR_row>
            <bq_fiscalyear>104</bq_fiscalyear>
            <bq_fundkind>1</bq_fundkind>
            <bq_budgetkind>1</bq_budgetkind>
            <bq_specialbudgetno/>
            <bq_agenno>05042</bq_agenno>
            <bq_agentype>C</bq_agentype>
            <bq_budgetstate>2</bq_budgetstate>
            <bq_budgetno>35050420100</bq_budgetno>
            <bq_objectno>07351800</bq_objectno>
            <bq_carid>4021-UW</bq_carid>
            <bq_persons>6</bq_persons>
            <bq_buydate>97 08</bq_buydate>
            <bq_ventsize>2488</bq_ventsize>
            <bq_oilamt>1668</bq_oilamt>
            <bq_oilprice>24.57</bq_oilprice>
            <bq_amt_maintain>48450.00</bq_amt_maintain>
            <bq_amt5>6000.00</bq_amt5>
            <bq_carnum>1</bq_carnum>
            <bq_remark/>
            <bq_lpgamt>0</bq_lpgamt>
            <bq_lpgprice>0.00</bq_lpgprice>
            <bq_versiondate/>
        </BCTMCAR_row>
        <BCTMCAR_row>
            <bq_fiscalyear>104</bq_fiscalyear>
            <bq_fundkind>1</bq_fundkind>
            <bq_budgetkind>1</bq_budgetkind>
            <bq_specialbudgetno/>
            <bq_agenno>05042</bq_agenno>
            <bq_agentype>C</bq_agentype>
            <bq_budgetstate>2</bq_budgetstate>
            <bq_budgetno>35050420100</bq_budgetno>
            <bq_objectno>07351400</bq_objectno>
            <bq_carid>409-WB</bq_carid>
            <bq_persons>18</bq_persons>
            <bq_buydate>10212</bq_buydate>
            <bq_ventsize>4009</bq_ventsize>
            <bq_oilamt>1668</bq_oilamt>
            <bq_oilprice>24.57</bq_oilprice>
            <bq_amt_maintain>8075.00</bq_amt_maintain>
            <bq_amt5>16000.00</bq_amt5>
            <bq_carnum>1</bq_carnum>
            <bq_remark/>
            <bq_lpgamt>0</bq_lpgamt>
            <bq_lpgprice>0.00</bq_lpgprice>
            <bq_versiondate/>
        </BCTMCAR_row>
        <BCTMCAR_row>
            <bq_fiscalyear>104</bq_fiscalyear>
            <bq_fundkind>1</bq_fundkind>
            <bq_budgetkind>1</bq_budgetkind>
            <bq_specialbudgetno/>
            <bq_agenno>05042</bq_agenno>
            <bq_agentype>C</bq_agentype>
            <bq_budgetstate>2</bq_budgetstate>
            <bq_budgetno>35050420100</bq_budgetno>
            <bq_objectno>07351900</bq_objectno>
            <bq_carid>4292-R8</bq_carid>
            <bq_persons>7</bq_persons>
            <bq_buydate>10110</bq_buydate>
            <bq_ventsize>2351</bq_ventsize>
            <bq_oilamt>1668</bq_oilamt>
            <bq_oilprice>24.57</bq_oilprice>
            <bq_amt_maintain>24225.00</bq_amt_maintain>
            <bq_amt5>23000.00</bq_amt5>
            <bq_carnum>1</bq_carnum>
            <bq_remark/>
            <bq_lpgamt>0</bq_lpgamt>
            <bq_lpgprice>0.00</bq_lpgprice>
            <bq_versiondate/>
        </BCTMCAR_row>
        <BCTMCAR_row>
            <bq_fiscalyear>104</bq_fiscalyear>
            <bq_fundkind>1</bq_fundkind>
            <bq_budgetkind>1</bq_budgetkind>
            <bq_specialbudgetno/>
            <bq_agenno>05042</bq_agenno>
            <bq_agentype>C</bq_agentype>
            <bq_budgetstate>2</bq_budgetstate>
            <bq_budgetno>35050420100</bq_budgetno>
            <bq_objectno>07351600</bq_objectno>
            <bq_carid>5</bq_carid>
            <bq_persons>0</bq_persons>
            <bq_buydate>98 12</bq_buydate>
            <bq_ventsize>150</bq_ventsize>
            <bq_oilamt>312</bq_oilamt>
            <bq_oilprice>24.57</bq_oilprice>
            <bq_amt_maintain>1615.00</bq_amt_maintain>
            <bq_amt5>3000.00</bq_amt5>
            <bq_carnum>1</bq_carnum>
            <bq_remark>730-GAD。</bq_remark>
            <bq_lpgamt>0</bq_lpgamt>
            <bq_lpgprice>0.00</bq_lpgprice>
            <bq_versiondate/>
        </BCTMCAR_row>
        <BCTMCAR_row>
            <bq_fiscalyear>104</bq_fiscalyear>
            <bq_fundkind>1</bq_fundkind>
            <bq_budgetkind>1</bq_budgetkind>
            <bq_specialbudgetno/>
            <bq_agenno>05042</bq_agenno>
            <bq_agentype>C</bq_agentype>
            <bq_budgetstate>2</bq_budgetstate>
            <bq_budgetno>35050420100</bq_budgetno>
            <bq_objectno>07351600</bq_objectno>
            <bq_carid>6</bq_carid>
            <bq_persons>0</bq_persons>
            <bq_buydate>10008</bq_buydate>
            <bq_ventsize>150</bq_ventsize>
            <bq_oilamt>312</bq_oilamt>
            <bq_oilprice>24.57</bq_oilprice>
            <bq_amt_maintain>1615.00</bq_amt_maintain>
            <bq_amt5>3000.00</bq_amt5>
            <bq_carnum>1</bq_carnum>
            <bq_remark>561-HYY。</bq_remark>
            <bq_lpgamt>0</bq_lpgamt>
            <bq_lpgprice>0.00</bq_lpgprice>
            <bq_versiondate/>
        </BCTMCAR_row>
        <BCTMCAR_row>
            <bq_fiscalyear>104</bq_fiscalyear>
            <bq_fundkind>1</bq_fundkind>
            <bq_budgetkind>1</bq_budgetkind>
            <bq_specialbudgetno/>
            <bq_agenno>05042</bq_agenno>
            <bq_agentype>C</bq_agentype>
            <bq_budgetstate>2</bq_budgetstate>
            <bq_budgetno>35050420100</bq_budgetno>
            <bq_objectno>07351600</bq_objectno>
            <bq_carid>7</bq_carid>
            <bq_persons>0</bq_persons>
            <bq_buydate>10206</bq_buydate>
            <bq_ventsize>150</bq_ventsize>
            <bq_oilamt>312</bq_oilamt>
            <bq_oilprice>24.57</bq_oilprice>
            <bq_amt_maintain>1615.00</bq_amt_maintain>
            <bq_amt5>3000.00</bq_amt5>
            <bq_carnum>1</bq_carnum>
            <bq_remark>AES-7135。</bq_remark>
            <bq_lpgamt>0</bq_lpgamt>
            <bq_lpgprice>0.00</bq_lpgprice>
            <bq_versiondate/>
        </BCTMCAR_row>
        <BCTMCAR_row>
            <bq_fiscalyear>104</bq_fiscalyear>
            <bq_fundkind>1</bq_fundkind>
            <bq_budgetkind>1</bq_budgetkind>
            <bq_specialbudgetno/>
            <bq_agenno>05042</bq_agenno>
            <bq_agentype>C</bq_agentype>
            <bq_budgetstate>2</bq_budgetstate>
            <bq_budgetno>35050420100</bq_budgetno>
            <bq_objectno>07351900</bq_objectno>
            <bq_carid>7369-UX</bq_carid>
            <bq_persons>4</bq_persons>
            <bq_buydate>10110</bq_buydate>
            <bq_ventsize>1798</bq_ventsize>
            <bq_oilamt>1668</bq_oilamt>
            <bq_oilprice>24.57</bq_oilprice>
            <bq_amt_maintain>24225.00</bq_amt_maintain>
            <bq_amt5>18000.00</bq_amt5>
            <bq_carnum>1</bq_carnum>
            <bq_remark/>
            <bq_lpgamt>0</bq_lpgamt>
            <bq_lpgprice>0.00</bq_lpgprice>
            <bq_versiondate/>
        </BCTMCAR_row>
        <BCTMCAR_row>
            <bq_fiscalyear>104</bq_fiscalyear>
            <bq_fundkind>1</bq_fundkind>
            <bq_budgetkind>1</bq_budgetkind>
            <bq_specialbudgetno/>
            <bq_agenno>05042</bq_agenno>
            <bq_agentype>C</bq_agentype>
            <bq_budgetstate>2</bq_budgetstate>
            <bq_budgetno>35050420100</bq_budgetno>
            <bq_objectno>07351900</bq_objectno>
            <bq_carid>7389-UX</bq_carid>
            <bq_persons>4</bq_persons>
            <bq_buydate>10110</bq_buydate>
            <bq_ventsize>1798</bq_ventsize>
            <bq_oilamt>1668</bq_oilamt>
            <bq_oilprice>24.57</bq_oilprice>
            <bq_amt_maintain>24225.00</bq_amt_maintain>
            <bq_amt5>18000.00</bq_amt5>
            <bq_carnum>1</bq_carnum>
            <bq_remark/>
            <bq_lpgamt>0</bq_lpgamt>
            <bq_lpgprice>0.00</bq_lpgprice>
            <bq_versiondate/>
        </BCTMCAR_row>
        <BCTMCAR_row>
            <bq_fiscalyear>104</bq_fiscalyear>
            <bq_fundkind>1</bq_fundkind>
            <bq_budgetkind>1</bq_budgetkind>
            <bq_specialbudgetno/>
            <bq_agenno>05042</bq_agenno>
            <bq_agentype>C</bq_agentype>
            <bq_budgetstate>2</bq_budgetstate>
            <bq_budgetno>35050420100</bq_budgetno>
            <bq_objectno>07351900</bq_objectno>
            <bq_carid>7579-UX</bq_carid>
            <bq_persons>4</bq_persons>
            <bq_buydate>10110</bq_buydate>
            <bq_ventsize>1798</bq_ventsize>
            <bq_oilamt>1668</bq_oilamt>
            <bq_oilprice>24.57</bq_oilprice>
            <bq_amt_maintain>24225.00</bq_amt_maintain>
            <bq_amt5>18000.00</bq_amt5>
            <bq_carnum>1</bq_carnum>
            <bq_remark/>
            <bq_lpgamt>0</bq_lpgamt>
            <bq_lpgprice>0.00</bq_lpgprice>
            <bq_versiondate/>
        </BCTMCAR_row>
        <BCTMCAR_row>
            <bq_fiscalyear>104</bq_fiscalyear>
            <bq_fundkind>1</bq_fundkind>
            <bq_budgetkind>1</bq_budgetkind>
            <bq_specialbudgetno/>
            <bq_agenno>05042</bq_agenno>
            <bq_agentype>C</bq_agentype>
            <bq_budgetstate>2</bq_budgetstate>
            <bq_budgetno>35050420100</bq_budgetno>
            <bq_objectno>07351900</bq_objectno>
            <bq_carid>7599-UX</bq_carid>
            <bq_persons>4</bq_persons>
            <bq_buydate>10110</bq_buydate>
            <bq_ventsize>1798</bq_ventsize>
            <bq_oilamt>1668</bq_oilamt>
            <bq_oilprice>24.57</bq_oilprice>
            <bq_amt_maintain>24225.00</bq_amt_maintain>
            <bq_amt5>18000.00</bq_amt5>
            <bq_carnum>1</bq_carnum>
            <bq_remark/>
            <bq_lpgamt>0</bq_lpgamt>
            <bq_lpgprice>0.00</bq_lpgprice>
            <bq_versiondate/>
        </BCTMCAR_row>
        <BCTMCAR_row>
            <bq_fiscalyear>104</bq_fiscalyear>
            <bq_fundkind>1</bq_fundkind>
            <bq_budgetkind>1</bq_budgetkind>
            <bq_specialbudgetno/>
            <bq_agenno>05042</bq_agenno>
            <bq_agentype>C</bq_agentype>
            <bq_budgetstate>2</bq_budgetstate>
            <bq_budgetno>35050420100</bq_budgetno>
            <bq_objectno>07352000</bq_objectno>
            <bq_carid>8230-EW</bq_carid>
            <bq_persons>7</bq_persons>
            <bq_buydate>95 08</bq_buydate>
            <bq_ventsize>2350</bq_ventsize>
            <bq_oilamt>1668</bq_oilamt>
            <bq_oilprice>24.57</bq_oilprice>
            <bq_amt_maintain>48450.00</bq_amt_maintain>
            <bq_amt5>23000.00</bq_amt5>
            <bq_carnum>1</bq_carnum>
            <bq_remark/>
            <bq_lpgamt>0</bq_lpgamt>
            <bq_lpgprice>0.00</bq_lpgprice>
            <bq_versiondate/>
        </BCTMCAR_row>
        <BCTMCAR_row>
            <bq_fiscalyear>104</bq_fiscalyear>
            <bq_fundkind>1</bq_fundkind>
            <bq_budgetkind>1</bq_budgetkind>
            <bq_specialbudgetno/>
            <bq_agenno>05042</bq_agenno>
            <bq_agentype>C</bq_agentype>
            <bq_budgetstate>2</bq_budgetstate>
            <bq_budgetno>35050420100</bq_budgetno>
            <bq_objectno>07352000</bq_objectno>
            <bq_carid>AFG-6703</bq_carid>
            <bq_persons>4</bq_persons>
            <bq_buydate>10212</bq_buydate>
            <bq_ventsize>1798</bq_ventsize>
            <bq_oilamt>1668</bq_oilamt>
            <bq_oilprice>24.57</bq_oilprice>
            <bq_amt_maintain>8075.00</bq_amt_maintain>
            <bq_amt5>23000.00</bq_amt5>
            <bq_carnum>1</bq_carnum>
            <bq_remark/>
            <bq_lpgamt>0</bq_lpgamt>
            <bq_lpgprice>0.00</bq_lpgprice>
            <bq_versiondate/>
        </BCTMCAR_row>
        <BCTMCAR_row>
            <bq_fiscalyear>104</bq_fiscalyear>
            <bq_fundkind>1</bq_fundkind>
            <bq_budgetkind>1</bq_budgetkind>
            <bq_specialbudgetno/>
            <bq_agenno>05042</bq_agenno>
            <bq_agentype>C</bq_agentype>
            <bq_budgetstate>2</bq_budgetstate>
            <bq_budgetno>35050420100</bq_budgetno>
            <bq_objectno>07351900</bq_objectno>
            <bq_carid>AGJ-7738</bq_carid>
            <bq_persons>7</bq_persons>
            <bq_buydate>10306</bq_buydate>
            <bq_ventsize>2351</bq_ventsize>
            <bq_oilamt>1668</bq_oilamt>
            <bq_oilprice>24.57</bq_oilprice>
            <bq_amt_maintain>8075.00</bq_amt_maintain>
            <bq_amt5>18000.00</bq_amt5>
            <bq_carnum>1</bq_carnum>
            <bq_remark/>
            <bq_lpgamt>0</bq_lpgamt>
            <bq_lpgprice>0.00</bq_lpgprice>
            <bq_versiondate/>
        </BCTMCAR_row>
    </BCTMCAR>
</tables>
