<?xml version="1.0" encoding="UTF-8"?>
<tables>
    <BCME3450>
        <BCME3450_row>
            <objectNo>合計</objectNo>
            <budgetno_3523200100>164019.00</budgetno_3523200100>
            <budgetno_3523201000>59656.00</budgetno_3523201000>
            <budgetno_3523209800>198.00</budgetno_3523209800>
            <total>223873.00</total>
        </BCME3450_row>
        <BCME3450_row>
            <objectNo>0100 人事費</objectNo>
            <budgetno_3523200100>149806.00</budgetno_3523200100>
            <budgetno_3523201000>19623.00</budgetno_3523201000>
            <budgetno_3523209800/>
            <total>169429.00</total>
        </BCME3450_row>
        <BCME3450_row>
            <objectNo>  0102 政務人員待遇</objectNo>
            <budgetno_3523200100>3446.00</budgetno_3523200100>
            <budgetno_3523201000/>
            <budgetno_3523209800/>
            <total>3446.00</total>
        </BCME3450_row>
        <BCME3450_row>
            <objectNo>  0103 法定編制人員待遇</objectNo>
            <budgetno_3523200100>94591.00</budgetno_3523200100>
            <budgetno_3523201000/>
            <budgetno_3523209800/>
            <total>94591.00</total>
        </BCME3450_row>
        <BCME3450_row>
            <objectNo>  0105 技工及工友待遇</objectNo>
            <budgetno_3523200100>4688.00</budgetno_3523200100>
            <budgetno_3523201000/>
            <budgetno_3523209800/>
            <total>4688.00</total>
        </BCME3450_row>
        <BCME3450_row>
            <objectNo>  0111 獎金</objectNo>
            <budgetno_3523200100>25030.00</budgetno_3523200100>
            <budgetno_3523201000/>
            <budgetno_3523209800/>
            <total>25030.00</total>
        </BCME3450_row>
        <BCME3450_row>
            <objectNo>  0121 其他給與</objectNo>
            <budgetno_3523200100>54.00</budgetno_3523200100>
            <budgetno_3523201000/>
            <budgetno_3523209800/>
            <total>54.00</total>
        </BCME3450_row>
        <BCME3450_row>
            <objectNo>  0131 加班值班費</objectNo>
            <budgetno_3523200100>7580.00</budgetno_3523200100>
            <budgetno_3523201000>19623.00</budgetno_3523201000>
            <budgetno_3523209800/>
            <total>27203.00</total>
        </BCME3450_row>
        <BCME3450_row>
            <objectNo>  0143 退休離職儲金</objectNo>
            <budgetno_3523200100>6054.00</budgetno_3523200100>
            <budgetno_3523201000/>
            <budgetno_3523209800/>
            <total>6054.00</total>
        </BCME3450_row>
        <BCME3450_row>
            <objectNo>  0151 保險</objectNo>
            <budgetno_3523200100>8363.00</budgetno_3523200100>
            <budgetno_3523201000/>
            <budgetno_3523209800/>
            <total>8363.00</total>
        </BCME3450_row>
        <BCME3450_row>
            <objectNo>0200 業務費</objectNo>
            <budgetno_3523200100>13811.00</budgetno_3523200100>
            <budgetno_3523201000>38139.00</budgetno_3523201000>
            <budgetno_3523209800/>
            <total>51950.00</total>
        </BCME3450_row>
        <BCME3450_row>
            <objectNo>  0201 教育訓練費</objectNo>
            <budgetno_3523200100>50.00</budgetno_3523200100>
            <budgetno_3523201000/>
            <budgetno_3523209800/>
            <total>50.00</total>
        </BCME3450_row>
        <BCME3450_row>
            <objectNo>  0202 水電費</objectNo>
            <budgetno_3523200100>3370.00</budgetno_3523200100>
            <budgetno_3523201000/>
            <budgetno_3523209800/>
            <total>3370.00</total>
        </BCME3450_row>
        <BCME3450_row>
            <objectNo>  0203 通訊費</objectNo>
            <budgetno_3523200100>80.00</budgetno_3523200100>
            <budgetno_3523201000>7627.00</budgetno_3523201000>
            <budgetno_3523209800/>
            <total>7707.00</total>
        </BCME3450_row>
        <BCME3450_row>
            <objectNo>  0215 資訊服務費</objectNo>
            <budgetno_3523200100>2404.00</budgetno_3523200100>
            <budgetno_3523201000/>
            <budgetno_3523209800/>
            <total>2404.00</total>
        </BCME3450_row>
        <BCME3450_row>
            <objectNo>  0221 稅捐及規費</objectNo>
            <budgetno_3523200100>54.00</budgetno_3523200100>
            <budgetno_3523201000/>
            <budgetno_3523209800/>
            <total>54.00</total>
        </BCME3450_row>
        <BCME3450_row>
            <objectNo>  0231 保險費</objectNo>
            <budgetno_3523200100>71.00</budgetno_3523200100>
            <budgetno_3523201000/>
            <budgetno_3523209800/>
            <total>71.00</total>
        </BCME3450_row>
        <BCME3450_row>
            <objectNo>  0250 按日按件計資酬金</objectNo>
            <budgetno_3523200100>6.00</budgetno_3523200100>
            <budgetno_3523201000>373.00</budgetno_3523201000>
            <budgetno_3523209800/>
            <total>379.00</total>
        </BCME3450_row>
        <BCME3450_row>
            <objectNo>  0271 物品</objectNo>
            <budgetno_3523200100>1005.00</budgetno_3523200100>
            <budgetno_3523201000>11942.00</budgetno_3523201000>
            <budgetno_3523209800/>
            <total>12947.00</total>
        </BCME3450_row>
        <BCME3450_row>
            <objectNo>  0279 一般事務費</objectNo>
            <budgetno_3523200100>3257.00</budgetno_3523200100>
            <budgetno_3523201000>13027.00</budgetno_3523201000>
            <budgetno_3523209800/>
            <total>16284.00</total>
        </BCME3450_row>
        <BCME3450_row>
            <objectNo>  0282 房屋建築養護費</objectNo>
            <budgetno_3523200100>250.00</budgetno_3523200100>
            <budgetno_3523201000/>
            <budgetno_3523209800/>
            <total>250.00</total>
        </BCME3450_row>
        <BCME3450_row>
            <objectNo>  0283 車輛及辦公器具養護費</objectNo>
            <budgetno_3523200100>638.00</budgetno_3523200100>
            <budgetno_3523201000/>
            <budgetno_3523209800/>
            <total>638.00</total>
        </BCME3450_row>
        <BCME3450_row>
            <objectNo>  0284 設施及機械設備養護費</objectNo>
            <budgetno_3523200100>2100.00</budgetno_3523200100>
            <budgetno_3523201000/>
            <budgetno_3523209800/>
            <total>2100.00</total>
        </BCME3450_row>
        <BCME3450_row>
            <objectNo>  0291 國內旅費</objectNo>
            <budgetno_3523200100>20.00</budgetno_3523200100>
            <budgetno_3523201000>5170.00</budgetno_3523201000>
            <budgetno_3523209800/>
            <total>5190.00</total>
        </BCME3450_row>
        <BCME3450_row>
            <objectNo>  0294 運費</objectNo>
            <budgetno_3523200100>30.00</budgetno_3523200100>
            <budgetno_3523201000/>
            <budgetno_3523209800/>
            <total>30.00</total>
        </BCME3450_row>
        <BCME3450_row>
            <objectNo>  0299 特別費</objectNo>
            <budgetno_3523200100>476.00</budgetno_3523200100>
            <budgetno_3523201000/>
            <budgetno_3523209800/>
            <total>476.00</total>
        </BCME3450_row>
        <BCME3450_row>
            <objectNo>0300 設備及投資</objectNo>
            <budgetno_3523200100/>
            <budgetno_3523201000>1894.00</budgetno_3523201000>
            <budgetno_3523209800/>
            <total>1894.00</total>
        </BCME3450_row>
        <BCME3450_row>
            <objectNo>  0319 雜項設備費</objectNo>
            <budgetno_3523200100/>
            <budgetno_3523201000>1894.00</budgetno_3523201000>
            <budgetno_3523209800/>
            <total>1894.00</total>
        </BCME3450_row>
        <BCME3450_row>
            <objectNo>0400 獎補助費</objectNo>
            <budgetno_3523200100>402.00</budgetno_3523200100>
            <budgetno_3523201000/>
            <budgetno_3523209800/>
            <total>402.00</total>
        </BCME3450_row>
        <BCME3450_row>
            <objectNo>  0475 獎勵及慰問</objectNo>
            <budgetno_3523200100>402.00</budgetno_3523200100>
            <budgetno_3523201000/>
            <budgetno_3523209800/>
            <total>402.00</total>
        </BCME3450_row>
        <BCME3450_row>
            <objectNo>0900 預備金</objectNo>
            <budgetno_3523200100/>
            <budgetno_3523201000/>
            <budgetno_3523209800>198.00</budgetno_3523209800>
            <total>198.00</total>
        </BCME3450_row>
        <BCME3450_row>
            <objectNo>  0901 第一預備金</objectNo>
            <budgetno_3523200100/>
            <budgetno_3523201000/>
            <budgetno_3523209800>198.00</budgetno_3523209800>
            <total>198.00</total>
        </BCME3450_row>
    </BCME3450>
</tables>
