<?xml version="1.0" encoding="UTF-8"?>
<tables>
    <BCTDBUDGETDETAIL>
        <BCTDBUDGETDETAIL_row>
            <ba_fiscalyear>104</ba_fiscalyear>
            <ba_fundkind>1</ba_fundkind>
            <ba_budgetkind>1</ba_budgetkind>
            <ba_specialbudgetno/>
            <ba_agenno>23018008</ba_agenno>
            <ba_agentype>C</ba_agentype>
            <ba_budgetstate>2</ba_budgetstate>
            <ba_versiondate/>
            <ba_budgetyear>104</ba_budgetyear>
            <ba_budgetno>35230184000</ba_budgetno>
            <ba_subprojectno>01</ba_subprojectno>
            <ba_departno>03</ba_departno>
            <ba_objectno>0103</ba_objectno>
            <ba_budgettype>E</ba_budgettype>
            <ba_budgetsource>1</ba_budgetsource>
            <ba_mergetype>1</ba_mergetype>
            <ba_budgetamt>33831000.00</ba_budgetamt>
            <ba_flowflag/>
            <ba_signflag/>
            <ba_signno/>
            <ba_key>11  </ba_key>
        </BCTDBUDGETDETAIL_row>
        <BCTDBUDGETDETAIL_row>
            <ba_fiscalyear>104</ba_fiscalyear>
            <ba_fundkind>1</ba_fundkind>
            <ba_budgetkind>1</ba_budgetkind>
            <ba_specialbudgetno/>
            <ba_agenno>23018008</ba_agenno>
            <ba_agentype>C</ba_agentype>
            <ba_budgetstate>2</ba_budgetstate>
            <ba_versiondate/>
            <ba_budgetyear>104</ba_budgetyear>
            <ba_budgetno>35230184000</ba_budgetno>
            <ba_subprojectno>01</ba_subprojectno>
            <ba_departno>03</ba_departno>
            <ba_objectno>0105</ba_objectno>
            <ba_budgettype>E</ba_budgettype>
            <ba_budgetsource>1</ba_budgetsource>
            <ba_mergetype>1</ba_mergetype>
            <ba_budgetamt>1543000.00</ba_budgetamt>
            <ba_flowflag/>
            <ba_signflag/>
            <ba_signno/>
            <ba_key>11  </ba_key>
        </BCTDBUDGETDETAIL_row>
        <BCTDBUDGETDETAIL_row>
            <ba_fiscalyear>104</ba_fiscalyear>
            <ba_fundkind>1</ba_fundkind>
            <ba_budgetkind>1</ba_budgetkind>
            <ba_specialbudgetno/>
            <ba_agenno>23018008</ba_agenno>
            <ba_agentype>C</ba_agentype>
            <ba_budgetstate>2</ba_budgetstate>
            <ba_versiondate/>
            <ba_budgetyear>104</ba_budgetyear>
            <ba_budgetno>35230184000</ba_budgetno>
            <ba_subprojectno>01</ba_subprojectno>
            <ba_departno>03</ba_departno>
            <ba_objectno>0111</ba_objectno>
            <ba_budgettype>E</ba_budgettype>
            <ba_budgetsource>1</ba_budgetsource>
            <ba_mergetype>1</ba_mergetype>
            <ba_budgetamt>9139000.00</ba_budgetamt>
            <ba_flowflag/>
            <ba_signflag/>
            <ba_signno/>
            <ba_key>11  </ba_key>
        </BCTDBUDGETDETAIL_row>
        <BCTDBUDGETDETAIL_row>
            <ba_fiscalyear>104</ba_fiscalyear>
            <ba_fundkind>1</ba_fundkind>
            <ba_budgetkind>1</ba_budgetkind>
            <ba_specialbudgetno/>
            <ba_agenno>23018008</ba_agenno>
            <ba_agentype>C</ba_agentype>
            <ba_budgetstate>2</ba_budgetstate>
            <ba_versiondate/>
            <ba_budgetyear>104</ba_budgetyear>
            <ba_budgetno>35230184000</ba_budgetno>
            <ba_subprojectno>01</ba_subprojectno>
            <ba_departno>03</ba_departno>
            <ba_objectno>0121</ba_objectno>
            <ba_budgettype>E</ba_budgettype>
            <ba_budgetsource>1</ba_budgetsource>
            <ba_mergetype>1</ba_mergetype>
            <ba_budgetamt>900000.00</ba_budgetamt>
            <ba_flowflag/>
            <ba_signflag/>
            <ba_signno/>
            <ba_key>11  </ba_key>
        </BCTDBUDGETDETAIL_row>
        <BCTDBUDGETDETAIL_row>
            <ba_fiscalyear>104</ba_fiscalyear>
            <ba_fundkind>1</ba_fundkind>
            <ba_budgetkind>1</ba_budgetkind>
            <ba_specialbudgetno/>
            <ba_agenno>23018008</ba_agenno>
            <ba_agentype>C</ba_agentype>
            <ba_budgetstate>2</ba_budgetstate>
            <ba_versiondate/>
            <ba_budgetyear>104</ba_budgetyear>
            <ba_budgetno>35230184000</ba_budgetno>
            <ba_subprojectno>01</ba_subprojectno>
            <ba_departno>03</ba_departno>
            <ba_objectno>0131</ba_objectno>
            <ba_budgettype>E</ba_budgettype>
            <ba_budgetsource>1</ba_budgetsource>
            <ba_mergetype>1</ba_mergetype>
            <ba_budgetamt>2430000.00</ba_budgetamt>
            <ba_flowflag/>
            <ba_signflag/>
            <ba_signno/>
            <ba_key>11  </ba_key>
        </BCTDBUDGETDETAIL_row>
        <BCTDBUDGETDETAIL_row>
            <ba_fiscalyear>104</ba_fiscalyear>
            <ba_fundkind>1</ba_fundkind>
            <ba_budgetkind>1</ba_budgetkind>
            <ba_specialbudgetno/>
            <ba_agenno>23018008</ba_agenno>
            <ba_agentype>C</ba_agentype>
            <ba_budgetstate>2</ba_budgetstate>
            <ba_versiondate/>
            <ba_budgetyear>104</ba_budgetyear>
            <ba_budgetno>35230184000</ba_budgetno>
            <ba_subprojectno>01</ba_subprojectno>
            <ba_departno>03</ba_departno>
            <ba_objectno>0143</ba_objectno>
            <ba_budgettype>E</ba_budgettype>
            <ba_budgetsource>1</ba_budgetsource>
            <ba_mergetype>1</ba_mergetype>
            <ba_budgetamt>2940000.00</ba_budgetamt>
            <ba_flowflag/>
            <ba_signflag/>
            <ba_signno/>
            <ba_key>11  </ba_key>
        </BCTDBUDGETDETAIL_row>
        <BCTDBUDGETDETAIL_row>
            <ba_fiscalyear>104</ba_fiscalyear>
            <ba_fundkind>1</ba_fundkind>
            <ba_budgetkind>1</ba_budgetkind>
            <ba_specialbudgetno/>
            <ba_agenno>23018008</ba_agenno>
            <ba_agentype>C</ba_agentype>
            <ba_budgetstate>2</ba_budgetstate>
            <ba_versiondate/>
            <ba_budgetyear>104</ba_budgetyear>
            <ba_budgetno>35230184000</ba_budgetno>
            <ba_subprojectno>01</ba_subprojectno>
            <ba_departno>03</ba_departno>
            <ba_objectno>0151</ba_objectno>
            <ba_budgettype>E</ba_budgettype>
            <ba_budgetsource>1</ba_budgetsource>
            <ba_mergetype>1</ba_mergetype>
            <ba_budgetamt>3600000.00</ba_budgetamt>
            <ba_flowflag/>
            <ba_signflag/>
            <ba_signno/>
            <ba_key>11  </ba_key>
        </BCTDBUDGETDETAIL_row>
        <BCTDBUDGETDETAIL_row>
            <ba_fiscalyear>104</ba_fiscalyear>
            <ba_fundkind>1</ba_fundkind>
            <ba_budgetkind>1</ba_budgetkind>
            <ba_specialbudgetno/>
            <ba_agenno>23018008</ba_agenno>
            <ba_agentype>C</ba_agentype>
            <ba_budgetstate>2</ba_budgetstate>
            <ba_versiondate/>
            <ba_budgetyear>104</ba_budgetyear>
            <ba_budgetno>35230184000</ba_budgetno>
            <ba_subprojectno>02</ba_subprojectno>
            <ba_departno>03</ba_departno>
            <ba_objectno>0202</ba_objectno>
            <ba_budgettype>E</ba_budgettype>
            <ba_budgetsource>1</ba_budgetsource>
            <ba_mergetype>1</ba_mergetype>
            <ba_budgetamt>1655000.00</ba_budgetamt>
            <ba_flowflag/>
            <ba_signflag/>
            <ba_signno/>
            <ba_key>11  </ba_key>
        </BCTDBUDGETDETAIL_row>
        <BCTDBUDGETDETAIL_row>
            <ba_fiscalyear>104</ba_fiscalyear>
            <ba_fundkind>1</ba_fundkind>
            <ba_budgetkind>1</ba_budgetkind>
            <ba_specialbudgetno/>
            <ba_agenno>23018008</ba_agenno>
            <ba_agentype>C</ba_agentype>
            <ba_budgetstate>2</ba_budgetstate>
            <ba_versiondate/>
            <ba_budgetyear>104</ba_budgetyear>
            <ba_budgetno>35230184000</ba_budgetno>
            <ba_subprojectno>02</ba_subprojectno>
            <ba_departno>03</ba_departno>
            <ba_objectno>0203</ba_objectno>
            <ba_budgettype>E</ba_budgettype>
            <ba_budgetsource>1</ba_budgetsource>
            <ba_mergetype>1</ba_mergetype>
            <ba_budgetamt>400000.00</ba_budgetamt>
            <ba_flowflag/>
            <ba_signflag/>
            <ba_signno/>
            <ba_key>11  </ba_key>
        </BCTDBUDGETDETAIL_row>
        <BCTDBUDGETDETAIL_row>
            <ba_fiscalyear>104</ba_fiscalyear>
            <ba_fundkind>1</ba_fundkind>
            <ba_budgetkind>1</ba_budgetkind>
            <ba_specialbudgetno/>
            <ba_agenno>23018008</ba_agenno>
            <ba_agentype>C</ba_agentype>
            <ba_budgetstate>2</ba_budgetstate>
            <ba_versiondate/>
            <ba_budgetyear>104</ba_budgetyear>
            <ba_budgetno>35230184000</ba_budgetno>
            <ba_subprojectno>02</ba_subprojectno>
            <ba_departno>03</ba_departno>
            <ba_objectno>0215</ba_objectno>
            <ba_budgettype>E</ba_budgettype>
            <ba_budgetsource>1</ba_budgetsource>
            <ba_mergetype>1</ba_mergetype>
            <ba_budgetamt>900000.00</ba_budgetamt>
            <ba_flowflag/>
            <ba_signflag/>
            <ba_signno/>
            <ba_key>11  </ba_key>
        </BCTDBUDGETDETAIL_row>
        <BCTDBUDGETDETAIL_row>
            <ba_fiscalyear>104</ba_fiscalyear>
            <ba_fundkind>1</ba_fundkind>
            <ba_budgetkind>1</ba_budgetkind>
            <ba_specialbudgetno/>
            <ba_agenno>23018008</ba_agenno>
            <ba_agentype>C</ba_agentype>
            <ba_budgetstate>2</ba_budgetstate>
            <ba_versiondate/>
            <ba_budgetyear>104</ba_budgetyear>
            <ba_budgetno>35230184000</ba_budgetno>
            <ba_subprojectno>02</ba_subprojectno>
            <ba_departno>03</ba_departno>
            <ba_objectno>0219</ba_objectno>
            <ba_budgettype>E</ba_budgettype>
            <ba_budgetsource>1</ba_budgetsource>
            <ba_mergetype>1</ba_mergetype>
            <ba_budgetamt>900000.00</ba_budgetamt>
            <ba_flowflag/>
            <ba_signflag/>
            <ba_signno/>
            <ba_key>11  </ba_key>
        </BCTDBUDGETDETAIL_row>
        <BCTDBUDGETDETAIL_row>
            <ba_fiscalyear>104</ba_fiscalyear>
            <ba_fundkind>1</ba_fundkind>
            <ba_budgetkind>1</ba_budgetkind>
            <ba_specialbudgetno/>
            <ba_agenno>23018008</ba_agenno>
            <ba_agentype>C</ba_agentype>
            <ba_budgetstate>2</ba_budgetstate>
            <ba_versiondate/>
            <ba_budgetyear>104</ba_budgetyear>
            <ba_budgetno>35230184000</ba_budgetno>
            <ba_subprojectno>02</ba_subprojectno>
            <ba_departno>03</ba_departno>
            <ba_objectno>0221</ba_objectno>
            <ba_budgettype>E</ba_budgettype>
            <ba_budgetsource>1</ba_budgetsource>
            <ba_mergetype>1</ba_mergetype>
            <ba_budgetamt>80000.00</ba_budgetamt>
            <ba_flowflag/>
            <ba_signflag/>
            <ba_signno/>
            <ba_key>11  </ba_key>
        </BCTDBUDGETDETAIL_row>
        <BCTDBUDGETDETAIL_row>
            <ba_fiscalyear>104</ba_fiscalyear>
            <ba_fundkind>1</ba_fundkind>
            <ba_budgetkind>1</ba_budgetkind>
            <ba_specialbudgetno/>
            <ba_agenno>23018008</ba_agenno>
            <ba_agentype>C</ba_agentype>
            <ba_budgetstate>2</ba_budgetstate>
            <ba_versiondate/>
            <ba_budgetyear>104</ba_budgetyear>
            <ba_budgetno>35230184000</ba_budgetno>
            <ba_subprojectno>02</ba_subprojectno>
            <ba_departno>03</ba_departno>
            <ba_objectno>0231</ba_objectno>
            <ba_budgettype>E</ba_budgettype>
            <ba_budgetsource>1</ba_budgetsource>
            <ba_mergetype>1</ba_mergetype>
            <ba_budgetamt>60000.00</ba_budgetamt>
            <ba_flowflag/>
            <ba_signflag/>
            <ba_signno/>
            <ba_key>11  </ba_key>
        </BCTDBUDGETDETAIL_row>
        <BCTDBUDGETDETAIL_row>
            <ba_fiscalyear>104</ba_fiscalyear>
            <ba_fundkind>1</ba_fundkind>
            <ba_budgetkind>1</ba_budgetkind>
            <ba_specialbudgetno/>
            <ba_agenno>23018008</ba_agenno>
            <ba_agentype>C</ba_agentype>
            <ba_budgetstate>2</ba_budgetstate>
            <ba_versiondate/>
            <ba_budgetyear>104</ba_budgetyear>
            <ba_budgetno>35230184000</ba_budgetno>
            <ba_subprojectno>02</ba_subprojectno>
            <ba_departno>03</ba_departno>
            <ba_objectno>0250</ba_objectno>
            <ba_budgettype>E</ba_budgettype>
            <ba_budgetsource>1</ba_budgetsource>
            <ba_mergetype>1</ba_mergetype>
            <ba_budgetamt>60000.00</ba_budgetamt>
            <ba_flowflag/>
            <ba_signflag/>
            <ba_signno/>
            <ba_key>11  </ba_key>
        </BCTDBUDGETDETAIL_row>
        <BCTDBUDGETDETAIL_row>
            <ba_fiscalyear>104</ba_fiscalyear>
            <ba_fundkind>1</ba_fundkind>
            <ba_budgetkind>1</ba_budgetkind>
            <ba_specialbudgetno/>
            <ba_agenno>23018008</ba_agenno>
            <ba_agentype>C</ba_agentype>
            <ba_budgetstate>2</ba_budgetstate>
            <ba_versiondate/>
            <ba_budgetyear>104</ba_budgetyear>
            <ba_budgetno>35230184000</ba_budgetno>
            <ba_subprojectno>02</ba_subprojectno>
            <ba_departno>03</ba_departno>
            <ba_objectno>0271</ba_objectno>
            <ba_budgettype>E</ba_budgettype>
            <ba_budgetsource>1</ba_budgetsource>
            <ba_mergetype>1</ba_mergetype>
            <ba_budgetamt>1322000.00</ba_budgetamt>
            <ba_flowflag/>
            <ba_signflag/>
            <ba_signno/>
            <ba_key>11  </ba_key>
        </BCTDBUDGETDETAIL_row>
        <BCTDBUDGETDETAIL_row>
            <ba_fiscalyear>104</ba_fiscalyear>
            <ba_fundkind>1</ba_fundkind>
            <ba_budgetkind>1</ba_budgetkind>
            <ba_specialbudgetno/>
            <ba_agenno>23018008</ba_agenno>
            <ba_agentype>C</ba_agentype>
            <ba_budgetstate>2</ba_budgetstate>
            <ba_versiondate/>
            <ba_budgetyear>104</ba_budgetyear>
            <ba_budgetno>35230184000</ba_budgetno>
            <ba_subprojectno>02</ba_subprojectno>
            <ba_departno>03</ba_departno>
            <ba_objectno>0279</ba_objectno>
            <ba_budgettype>E</ba_budgettype>
            <ba_budgetsource>1</ba_budgetsource>
            <ba_mergetype>1</ba_mergetype>
            <ba_budgetamt>2386000.00</ba_budgetamt>
            <ba_flowflag/>
            <ba_signflag/>
            <ba_signno/>
            <ba_key>11  </ba_key>
        </BCTDBUDGETDETAIL_row>
        <BCTDBUDGETDETAIL_row>
            <ba_fiscalyear>104</ba_fiscalyear>
            <ba_fundkind>1</ba_fundkind>
            <ba_budgetkind>1</ba_budgetkind>
            <ba_specialbudgetno/>
            <ba_agenno>23018008</ba_agenno>
            <ba_agentype>C</ba_agentype>
            <ba_budgetstate>2</ba_budgetstate>
            <ba_versiondate/>
            <ba_budgetyear>104</ba_budgetyear>
            <ba_budgetno>35230184000</ba_budgetno>
            <ba_subprojectno>02</ba_subprojectno>
            <ba_departno>03</ba_departno>
            <ba_objectno>0282</ba_objectno>
            <ba_budgettype>E</ba_budgettype>
            <ba_budgetsource>1</ba_budgetsource>
            <ba_mergetype>1</ba_mergetype>
            <ba_budgetamt>320000.00</ba_budgetamt>
            <ba_flowflag/>
            <ba_signflag/>
            <ba_signno/>
            <ba_key>11  </ba_key>
        </BCTDBUDGETDETAIL_row>
        <BCTDBUDGETDETAIL_row>
            <ba_fiscalyear>104</ba_fiscalyear>
            <ba_fundkind>1</ba_fundkind>
            <ba_budgetkind>1</ba_budgetkind>
            <ba_specialbudgetno/>
            <ba_agenno>23018008</ba_agenno>
            <ba_agentype>C</ba_agentype>
            <ba_budgetstate>2</ba_budgetstate>
            <ba_versiondate/>
            <ba_budgetyear>104</ba_budgetyear>
            <ba_budgetno>35230184000</ba_budgetno>
            <ba_subprojectno>02</ba_subprojectno>
            <ba_departno>03</ba_departno>
            <ba_objectno>0283</ba_objectno>
            <ba_budgettype>E</ba_budgettype>
            <ba_budgetsource>1</ba_budgetsource>
            <ba_mergetype>1</ba_mergetype>
            <ba_budgetamt>185000.00</ba_budgetamt>
            <ba_flowflag/>
            <ba_signflag/>
            <ba_signno/>
            <ba_key>11  </ba_key>
        </BCTDBUDGETDETAIL_row>
        <BCTDBUDGETDETAIL_row>
            <ba_fiscalyear>104</ba_fiscalyear>
            <ba_fundkind>1</ba_fundkind>
            <ba_budgetkind>1</ba_budgetkind>
            <ba_specialbudgetno/>
            <ba_agenno>23018008</ba_agenno>
            <ba_agentype>C</ba_agentype>
            <ba_budgetstate>2</ba_budgetstate>
            <ba_versiondate/>
            <ba_budgetyear>104</ba_budgetyear>
            <ba_budgetno>35230184000</ba_budgetno>
            <ba_subprojectno>02</ba_subprojectno>
            <ba_departno>03</ba_departno>
            <ba_objectno>0284</ba_objectno>
            <ba_budgettype>E</ba_budgettype>
            <ba_budgetsource>1</ba_budgetsource>
            <ba_mergetype>1</ba_mergetype>
            <ba_budgetamt>231000.00</ba_budgetamt>
            <ba_flowflag/>
            <ba_signflag/>
            <ba_signno/>
            <ba_key>11  </ba_key>
        </BCTDBUDGETDETAIL_row>
        <BCTDBUDGETDETAIL_row>
            <ba_fiscalyear>104</ba_fiscalyear>
            <ba_fundkind>1</ba_fundkind>
            <ba_budgetkind>1</ba_budgetkind>
            <ba_specialbudgetno/>
            <ba_agenno>23018008</ba_agenno>
            <ba_agentype>C</ba_agentype>
            <ba_budgetstate>2</ba_budgetstate>
            <ba_versiondate/>
            <ba_budgetyear>104</ba_budgetyear>
            <ba_budgetno>35230184000</ba_budgetno>
            <ba_subprojectno>02</ba_subprojectno>
            <ba_departno>03</ba_departno>
            <ba_objectno>0291</ba_objectno>
            <ba_budgettype>E</ba_budgettype>
            <ba_budgetsource>1</ba_budgetsource>
            <ba_mergetype>1</ba_mergetype>
            <ba_budgetamt>220000.00</ba_budgetamt>
            <ba_flowflag/>
            <ba_signflag/>
            <ba_signno/>
            <ba_key>11  </ba_key>
        </BCTDBUDGETDETAIL_row>
        <BCTDBUDGETDETAIL_row>
            <ba_fiscalyear>104</ba_fiscalyear>
            <ba_fundkind>1</ba_fundkind>
            <ba_budgetkind>1</ba_budgetkind>
            <ba_specialbudgetno/>
            <ba_agenno>23018008</ba_agenno>
            <ba_agentype>C</ba_agentype>
            <ba_budgetstate>2</ba_budgetstate>
            <ba_versiondate/>
            <ba_budgetyear>104</ba_budgetyear>
            <ba_budgetno>35230184000</ba_budgetno>
            <ba_subprojectno>02</ba_subprojectno>
            <ba_departno>03</ba_departno>
            <ba_objectno>0299</ba_objectno>
            <ba_budgettype>E</ba_budgettype>
            <ba_budgetsource>1</ba_budgetsource>
            <ba_mergetype>1</ba_mergetype>
            <ba_budgetamt>121000.00</ba_budgetamt>
            <ba_flowflag/>
            <ba_signflag/>
            <ba_signno/>
            <ba_key>11  </ba_key>
        </BCTDBUDGETDETAIL_row>
        <BCTDBUDGETDETAIL_row>
            <ba_fiscalyear>104</ba_fiscalyear>
            <ba_fundkind>1</ba_fundkind>
            <ba_budgetkind>1</ba_budgetkind>
            <ba_specialbudgetno/>
            <ba_agenno>23018008</ba_agenno>
            <ba_agentype>C</ba_agentype>
            <ba_budgetstate>2</ba_budgetstate>
            <ba_versiondate/>
            <ba_budgetyear>104</ba_budgetyear>
            <ba_budgetno>35230184000</ba_budgetno>
            <ba_subprojectno>02</ba_subprojectno>
            <ba_departno>03</ba_departno>
            <ba_objectno>0475</ba_objectno>
            <ba_budgettype>E</ba_budgettype>
            <ba_budgetsource>1</ba_budgetsource>
            <ba_mergetype>1</ba_mergetype>
            <ba_budgetamt>12000.00</ba_budgetamt>
            <ba_flowflag/>
            <ba_signflag/>
            <ba_signno/>
            <ba_key>11  </ba_key>
        </BCTDBUDGETDETAIL_row>
        <BCTDBUDGETDETAIL_row>
            <ba_fiscalyear>104</ba_fiscalyear>
            <ba_fundkind>1</ba_fundkind>
            <ba_budgetkind>1</ba_budgetkind>
            <ba_specialbudgetno/>
            <ba_agenno>23018008</ba_agenno>
            <ba_agentype>C</ba_agentype>
            <ba_budgetstate>2</ba_budgetstate>
            <ba_versiondate/>
            <ba_budgetyear>104</ba_budgetyear>
            <ba_budgetno>35230184000</ba_budgetno>
            <ba_subprojectno>03</ba_subprojectno>
            <ba_departno>06</ba_departno>
            <ba_objectno>0203</ba_objectno>
            <ba_budgettype>E</ba_budgettype>
            <ba_budgetsource>1</ba_budgetsource>
            <ba_mergetype>1</ba_mergetype>
            <ba_budgetamt>250000.00</ba_budgetamt>
            <ba_flowflag/>
            <ba_signflag/>
            <ba_signno/>
            <ba_key>11  </ba_key>
        </BCTDBUDGETDETAIL_row>
        <BCTDBUDGETDETAIL_row>
            <ba_fiscalyear>104</ba_fiscalyear>
            <ba_fundkind>1</ba_fundkind>
            <ba_budgetkind>1</ba_budgetkind>
            <ba_specialbudgetno/>
            <ba_agenno>23018008</ba_agenno>
            <ba_agentype>C</ba_agentype>
            <ba_budgetstate>2</ba_budgetstate>
            <ba_versiondate/>
            <ba_budgetyear>104</ba_budgetyear>
            <ba_budgetno>35230184000</ba_budgetno>
            <ba_subprojectno>03</ba_subprojectno>
            <ba_departno>06</ba_departno>
            <ba_objectno>0279</ba_objectno>
            <ba_budgettype>E</ba_budgettype>
            <ba_budgetsource>1</ba_budgetsource>
            <ba_mergetype>1</ba_mergetype>
            <ba_budgetamt>11000000.00</ba_budgetamt>
            <ba_flowflag/>
            <ba_signflag/>
            <ba_signno/>
            <ba_key>11  </ba_key>
        </BCTDBUDGETDETAIL_row>
        <BCTDBUDGETDETAIL_row>
            <ba_fiscalyear>104</ba_fiscalyear>
            <ba_fundkind>1</ba_fundkind>
            <ba_budgetkind>1</ba_budgetkind>
            <ba_specialbudgetno/>
            <ba_agenno>23018008</ba_agenno>
            <ba_agentype>C</ba_agentype>
            <ba_budgetstate>2</ba_budgetstate>
            <ba_versiondate/>
            <ba_budgetyear>104</ba_budgetyear>
            <ba_budgetno>35230184000</ba_budgetno>
            <ba_subprojectno>03</ba_subprojectno>
            <ba_departno>06</ba_departno>
            <ba_objectno>0291</ba_objectno>
            <ba_budgettype>E</ba_budgettype>
            <ba_budgetsource>1</ba_budgetsource>
            <ba_mergetype>1</ba_mergetype>
            <ba_budgetamt>900000.00</ba_budgetamt>
            <ba_flowflag/>
            <ba_signflag/>
            <ba_signno/>
            <ba_key>11  </ba_key>
        </BCTDBUDGETDETAIL_row>
        <BCTDBUDGETDETAIL_row>
            <ba_fiscalyear>104</ba_fiscalyear>
            <ba_fundkind>1</ba_fundkind>
            <ba_budgetkind>1</ba_budgetkind>
            <ba_specialbudgetno/>
            <ba_agenno>23018008</ba_agenno>
            <ba_agentype>C</ba_agentype>
            <ba_budgetstate>2</ba_budgetstate>
            <ba_versiondate/>
            <ba_budgetyear>104</ba_budgetyear>
            <ba_budgetno>35230184000</ba_budgetno>
            <ba_subprojectno>03</ba_subprojectno>
            <ba_departno>06</ba_departno>
            <ba_objectno>0295</ba_objectno>
            <ba_budgettype>E</ba_budgettype>
            <ba_budgetsource>1</ba_budgetsource>
            <ba_mergetype>1</ba_mergetype>
            <ba_budgetamt>1000.00</ba_budgetamt>
            <ba_flowflag/>
            <ba_signflag/>
            <ba_signno/>
            <ba_key>11  </ba_key>
        </BCTDBUDGETDETAIL_row>
        <BCTDBUDGETDETAIL_row>
            <ba_fiscalyear>104</ba_fiscalyear>
            <ba_fundkind>1</ba_fundkind>
            <ba_budgetkind>1</ba_budgetkind>
            <ba_specialbudgetno/>
            <ba_agenno>23018008</ba_agenno>
            <ba_agentype>C</ba_agentype>
            <ba_budgetstate>2</ba_budgetstate>
            <ba_versiondate/>
            <ba_budgetyear>104</ba_budgetyear>
            <ba_budgetno>35230184000</ba_budgetno>
            <ba_subprojectno>03</ba_subprojectno>
            <ba_departno>06</ba_departno>
            <ba_objectno>0319</ba_objectno>
            <ba_budgettype>E</ba_budgettype>
            <ba_budgetsource>1</ba_budgetsource>
            <ba_mergetype>1</ba_mergetype>
            <ba_budgetamt>281000.00</ba_budgetamt>
            <ba_flowflag/>
            <ba_signflag/>
            <ba_signno/>
            <ba_key>11  </ba_key>
        </BCTDBUDGETDETAIL_row>
    </BCTDBUDGETDETAIL>
    <BCTDMEMO>
        <BCTDMEMO_row>
            <bc_fiscalyear>104</bc_fiscalyear>
            <bc_fundkind>1</bc_fundkind>
            <bc_budgetkind>1</bc_budgetkind>
            <bc_specialbudgetno/>
            <bc_agenno>23018008</bc_agenno>
            <bc_agentype>C</bc_agentype>
            <bc_budgetstate>2</bc_budgetstate>
            <bc_reportno>BCME3440</bc_reportno>
            <bc_key>3523018400001xxxxxx03xxxxxxxE1x0</bc_key>
            <bc_versiondate/>
            <bc_content>本計畫本年度編列人事費54,383千元，其內容如下：&#xd;
&lt;#H1&gt;法定編制人員待遇33,831千元，係職員50人之薪俸、加給等。&lt;#H1&gt;技工及工友待遇1,543千元，係技工1人、駕駛1人及工友2人之工餉、加給等。&lt;#H1&gt;獎金9,139千元，係考績獎金、年終工作獎金及辦理各項執行工作績效獎勵金等。&lt;#H1&gt;其他給與900千元，係休假補助。&lt;#H1&gt;加班值班費2,430千元，係加、值班費及不休假加班費等。&lt;#H1&gt;退休離職儲金2,940千元，係現職人員依法應提撥之退休、離職儲金等。&lt;#H1&gt;保險3,600千元，係現職人員依法應提撥之公、勞、健保費等。&#xd;
&#xd;
&#xd;
&#xd;
&#xd;
</bc_content>
        </BCTDMEMO_row>
        <BCTDMEMO_row>
            <bc_fiscalyear>104</bc_fiscalyear>
            <bc_fundkind>1</bc_fundkind>
            <bc_budgetkind>1</bc_budgetkind>
            <bc_specialbudgetno/>
            <bc_agenno>23018008</bc_agenno>
            <bc_agentype>C</bc_agentype>
            <bc_budgetstate>2</bc_budgetstate>
            <bc_reportno>BCME3440</bc_reportno>
            <bc_key>3523018400002xxxxxx03xxxxxxxE1x0</bc_key>
            <bc_versiondate/>
            <bc_content>本計畫本年度編列8,852千元，其內容如下：&lt;#H1&gt;業務費8,840千元，包括：&lt;#H2&gt;水電費1,655千元。&lt;#H2&gt;通訊費400千元，係郵資、電話及數據通訊費等。&lt;#H2&gt;資訊服務費900千元，係資訊設備之保養、維修及操作等服務費。&lt;#H2&gt;其他業務租金900千元，係事務機器等租金。&lt;#H2&gt;稅捐及規費80千元，係車輛牌照稅及燃料費等。&lt;#H2&gt;保險費60千元，係車輛等之保險費。&lt;#H2&gt;按日按件計資酬金60千元，係講座鐘點費等。&lt;#H2&gt;物品1,322千元，包括：&lt;#H3&gt;資訊耗材等經費650千元。&lt;#H3&gt;一般行政業務所需文具紙張等消耗品250千元。&lt;#H3&gt;非消耗性辦公用具購置經費280千元。&lt;#H3&gt;車輛油料費142千元，係按機車3輛，中小型汽車2輛，油氣雙燃料車1輛，按汽油每公升價格24.57元及液化石油氣每公升價格16.52元計列。&lt;#H2&gt;一般事務費2,386千元，包括：&lt;#H3&gt;文康活動費108千元，係按員工54人，每人每年2,000元計列。&lt;#H3&gt;各類書表印製費等205千元。&lt;#H3&gt;環境清潔、會場佈置等經費450千元。&lt;#H3&gt;保全人員1名僱用費400千元。&lt;#H3&gt;替代役役男一般事務費100千元。&lt;#H3&gt;辦理志工業務經費100千元。&lt;#H3&gt;一般行政事務經費1,023千元。&lt;#H2&gt;房屋建築養護費320千元。&lt;#H2&gt;車輛及辦公器具養護費185千元，包括：&lt;#H3&gt;車輛養護費133千元，係按機車3輛，每輛每年1,700元，公務汽車滿2年未滿4年者1輛，每輛每年25,500元，滿6年以上者2輛，每輛每年51,000元計列。&lt;#H3&gt;辦公器具養護費52千元，係按職員50人，每人每年1,048元計列。&lt;#H2&gt;設施及機械設備養護費231千元。&lt;#H2&gt;國內旅費220千元，係處理一般公務或特定工作計畫於國內地區所需之差旅費。&lt;#H2&gt;特別費121千元，係按首長每月10,100元計列。&lt;#H1&gt;獎補助費12千元，係退休退職人員三節慰問金，按每人每年6,000元計列。</bc_content>
        </BCTDMEMO_row>
        <BCTDMEMO_row>
            <bc_fiscalyear>104</bc_fiscalyear>
            <bc_fundkind>1</bc_fundkind>
            <bc_budgetkind>1</bc_budgetkind>
            <bc_specialbudgetno/>
            <bc_agenno>23018008</bc_agenno>
            <bc_agentype>C</bc_agentype>
            <bc_budgetstate>2</bc_budgetstate>
            <bc_reportno>BCME3440</bc_reportno>
            <bc_key>3523018400003xxxxxx06xxxxxxxE1x0</bc_key>
            <bc_versiondate/>
            <bc_content>本計畫本年度編列12,432千元，其內容如下：&lt;#H1&gt;業務費12,151千元，包括：&#xd;
&lt;#H2&gt;通訊費250千元，係辦理行政執行業務之郵資及電話費等。&lt;#H2&gt;一般事務費11,000千元，係辦理行政執行業務印刷、會議、業務宣導、雜支及長期委外業務僱用（非屬短期勞力外包直接僱用，係洽人力派遣公司招商辦理）等。&lt;#H2&gt;國內旅費900千元，係執行業務人員之差旅費。&lt;#H2&gt;短程車資1千元，係短程洽公所需車資。&lt;#H1&gt;設備及投資281千元，係零星設備購置經費。</bc_content>
        </BCTDMEMO_row>
        <BCTDMEMO_row>
            <bc_fiscalyear>104</bc_fiscalyear>
            <bc_fundkind>1</bc_fundkind>
            <bc_budgetkind>1</bc_budgetkind>
            <bc_specialbudgetno/>
            <bc_agenno>23018008</bc_agenno>
            <bc_agentype>C</bc_agentype>
            <bc_budgetstate>2</bc_budgetstate>
            <bc_reportno>BCME3440</bc_reportno>
            <bc_key>35230184000xE1x1</bc_key>
            <bc_versiondate/>
            <bc_content>本計畫係依行政執行法之規定，辦理公法上金錢給付義務之執行等業務。</bc_content>
        </BCTDMEMO_row>
        <BCTDMEMO_row>
            <bc_fiscalyear>104</bc_fiscalyear>
            <bc_fundkind>1</bc_fundkind>
            <bc_budgetkind>1</bc_budgetkind>
            <bc_specialbudgetno/>
            <bc_agenno>23018008</bc_agenno>
            <bc_agentype>C</bc_agentype>
            <bc_budgetstate>2</bc_budgetstate>
            <bc_reportno>BCME3440</bc_reportno>
            <bc_key>35230184000xE1x2</bc_key>
            <bc_versiondate/>
            <bc_content>依公平合理之原則，兼顧公共利益與人民權益之維護。</bc_content>
        </BCTDMEMO_row>
        <BCTDMEMO_row>
            <bc_fiscalyear>104</bc_fiscalyear>
            <bc_fundkind>1</bc_fundkind>
            <bc_budgetkind>1</bc_budgetkind>
            <bc_specialbudgetno/>
            <bc_agenno>23018008</bc_agenno>
            <bc_agentype>C</bc_agentype>
            <bc_budgetstate>2</bc_budgetstate>
            <bc_reportno>BCME3440</bc_reportno>
            <bc_key>3523018850001xxxxxx01xxxxxxxE1x0</bc_key>
            <bc_versiondate/>
            <bc_content>辦公廳捨移撥整建計畫，奉法務部98年6月24日法總字第0981200955號函核定，總經費35,000千元，於99年度辦理完成。</bc_content>
        </BCTDMEMO_row>
        <BCTDMEMO_row>
            <bc_fiscalyear>104</bc_fiscalyear>
            <bc_fundkind>1</bc_fundkind>
            <bc_budgetkind>1</bc_budgetkind>
            <bc_specialbudgetno/>
            <bc_agenno>23018008</bc_agenno>
            <bc_agentype>C</bc_agentype>
            <bc_budgetstate>2</bc_budgetstate>
            <bc_reportno>BCME3440</bc_reportno>
            <bc_key>35230188500xE1x1</bc_key>
            <bc_versiondate/>
            <bc_content>整修自嘉義地方法院移撥之舊有辦公廳捨，供本處檔案室及扣押物品室用。</bc_content>
        </BCTDMEMO_row>
        <BCTDMEMO_row>
            <bc_fiscalyear>104</bc_fiscalyear>
            <bc_fundkind>1</bc_fundkind>
            <bc_budgetkind>1</bc_budgetkind>
            <bc_specialbudgetno/>
            <bc_agenno>23018008</bc_agenno>
            <bc_agentype>C</bc_agentype>
            <bc_budgetstate>2</bc_budgetstate>
            <bc_reportno>BCME3440</bc_reportno>
            <bc_key>35230188500xE1x2</bc_key>
            <bc_versiondate/>
            <bc_content>將老舊辦公廳捨整修，提供本處檔案卷宗及查扣物品存放場所，樹立良好機關形象。</bc_content>
        </BCTDMEMO_row>
    </BCTDMEMO>
</tables>
