<?xml version="1.0" encoding="UTF-8"?>
<tables>
    <BCME3420>
        <BCME3420_row>
            <budgetno/>
            <agenno/>
            <agentype/>
            <mh_budgetname>合    計</mh_budgetname>
            <displayname>合    計</displayname>
            <budgetno_conver/>
            <tyear_amt>185522000.00</tyear_amt>
            <lyear_amt>185072000.00</lyear_amt>
            <byear_amt>180713129.00</byear_amt>
            <b_amt>450000.00</b_amt>
            <bc_content/>
            <memo/>
        </BCME3420_row>
        <BCME3420_row>
            <budgetno>00210000000</budgetno>
            <agenno>21087</agenno>
            <agentype>C</agentype>
            <mh_budgetname>教育部主管</mh_budgetname>
            <displayname>教育部主管</displayname>
            <budgetno_conver>0021000000</budgetno_conver>
            <tyear_amt>185522000.000000</tyear_amt>
            <lyear_amt>185072000.000000</lyear_amt>
            <byear_amt>180713129.000000</byear_amt>
            <b_amt>450000.000000</b_amt>
            <bc_content/>
        </BCME3420_row>
        <BCME3420_row>
            <budgetno>00210870000</budgetno>
            <agenno>21087</agenno>
            <agentype>C</agentype>
            <mh_budgetname>國立教育廣播電臺</mh_budgetname>
            <displayname>國立教育廣播電臺</displayname>
            <budgetno_conver>0021870000</budgetno_conver>
            <tyear_amt>185522000.000000</tyear_amt>
            <lyear_amt>185072000.000000</lyear_amt>
            <byear_amt>180713129.000000</byear_amt>
            <b_amt>450000.000000</b_amt>
            <bc_content/>
        </BCME3420_row>
        <BCME3420_row>
            <budgetno>53210870000</budgetno>
            <agenno>21087</agenno>
            <agentype>C</agentype>
            <mh_budgetname>文化支出</mh_budgetname>
            <displayname>文化支出</displayname>
            <budgetno_conver>5321870000</budgetno_conver>
            <tyear_amt>185522000.000000</tyear_amt>
            <lyear_amt>185072000.000000</lyear_amt>
            <byear_amt>180713129.000000</byear_amt>
            <b_amt>450000.000000</b_amt>
            <bc_content/>
        </BCME3420_row>
        <BCME3420_row>
            <budgetno>53210870100</budgetno>
            <agenno>21087</agenno>
            <agentype>C</agentype>
            <mh_budgetname>一般行政</mh_budgetname>
            <displayname>一般行政</displayname>
            <budgetno_conver>5321870100</budgetno_conver>
            <tyear_amt>147813000.000000</tyear_amt>
            <lyear_amt>147420000.000000</lyear_amt>
            <byear_amt>145114129.000000</byear_amt>
            <b_amt>393000.000000</b_amt>
            <bc_content>&lt;#H1&gt;本年度預算數147,813千元，包括人事費137,520千元，業務費9,542千元，設備及投資631千元，獎補助費120千元。&#xd;
&lt;#H1&gt;本年度預算數之內容與上年度之比較如下：&#xd;
&lt;#H2&gt;人員維持費137,520千元，較上年度增列員工薪俸晉級差額等經費355千元。&lt;#H2&gt;基本行政工作維持費8,455千元，較上年度減列公務車輛油料費141千元，增列修繕辦公房舍及購置辦公設備等經費179千元，計淨增38千元。&#xd;
&lt;#H2&gt;資訊作業維持費1,838千元，與上年度同。&#xd;
</bc_content>
        </BCME3420_row>
        <BCME3420_row>
            <budgetno>53210870200</budgetno>
            <agenno>21087</agenno>
            <agentype>C</agentype>
            <mh_budgetname>臺務業務活動</mh_budgetname>
            <displayname>臺務業務活動</displayname>
            <budgetno_conver>5321870200</budgetno_conver>
            <tyear_amt>37464000.000000</tyear_amt>
            <lyear_amt>37407000.000000</lyear_amt>
            <byear_amt>35599000.000000</byear_amt>
            <b_amt>57000.000000</b_amt>
            <bc_content>&lt;#H1&gt;本年度預算數37,464千元，包括業務費35,062千元，設備及投資2,199千元，獎補助費203千元。&#xd;
&lt;#H1&gt;本年度預算數之內容與上年度之比較如下：&#xd;
&lt;#H2&gt;節目製作經費14,047千元，較上年度增列節目製播及雲端教育廣播服務等經費100千元。&#xd;
&lt;#H2&gt;機務維修管理經費8,052千元，較上年度減列發電機及除草機油料費7千元。&#xd;
&lt;#H2&gt;彰化分臺節目製作及機務管理經費5,022千元，較上年度減列發電機油料費6千元。&#xd;
&lt;#H2&gt;高雄分臺節目製作及機務管理經費3,851千元，較上年度減列發電機油料費27千元。&#xd;
&lt;#H2&gt;花蓮分臺節目製作及機務管理經費2,318千元，較上年度減列發電機油料費3千元。&#xd;
&lt;#H2&gt;臺東分臺節目製作及機務管理經費2,280千元，與上年度同。&#xd;
&lt;#H2&gt;節目推廣調查研究經費1,894千元，與上年度同。</bc_content>
        </BCME3420_row>
        <BCME3420_row>
            <budgetno>53210879800</budgetno>
            <agenno>21087</agenno>
            <agentype>C</agentype>
            <mh_budgetname>第一預備金</mh_budgetname>
            <displayname>第一預備金</displayname>
            <budgetno_conver>5321879800</budgetno_conver>
            <tyear_amt>245000.000000</tyear_amt>
            <lyear_amt>245000.000000</lyear_amt>
            <byear_amt>0.000000</byear_amt>
            <b_amt>0.000000</b_amt>
            <bc_content>仍照上年度預算數編列。</bc_content>
        </BCME3420_row>
    </BCME3420>
</tables>
