<?xml version="1.0" encoding="UTF-8"?>
<tables>
    <BCTDOUTGO>
        <BCTDOUTGO_row>
            <bm_fiscalyear>104</bm_fiscalyear>
            <bm_fundkind>1</bm_fundkind>
            <bm_budgetkind>1</bm_budgetkind>
            <bm_specialbudgetno/>
            <bm_agenno>21087</bm_agenno>
            <bm_agentype>C</bm_agentype>
            <bm_budgetstate>2</bm_budgetstate>
            <bm_abroadplan>1</bm_abroadplan>
            <bm_projtype>1 </bm_projtype>
            <bm_projno>01</bm_projno>
            <bm_abroadplanname>赴新加坡考察新傳媒集團(MediaCorp)計畫</bm_abroadplanname>
            <bm_visitsts>0</bm_visitsts>
            <bm_visitexplain/>
            <bm_dispatchstaffs>0</bm_dispatchstaffs>
            <bm_abroadsite1/>
            <bm_abroadsite2/>
            <bm_abroadsite3/>
            <bm_abroadperiod1/>
            <bm_abroadperiodto1/>
            <bm_abroadperiod2/>
            <bm_abroadperiodto2/>
            <bm_abroadperiod3/>
            <bm_abroadperiodto3/>
            <bm_abroadstaffs1>0</bm_abroadstaffs1>
            <bm_abroadstaffs2>0</bm_abroadstaffs2>
            <bm_abroadstaffs3>0</bm_abroadstaffs3>
            <bm_abroadallowance1>0.00</bm_abroadallowance1>
            <bm_abroadallowance2>0.00</bm_abroadallowance2>
            <bm_abroadallowance3>0.00</bm_abroadallowance3>
            <bm_budgetno>53210870200</bm_budgetno>
            <bm_regionno>86</bm_regionno>
            <bm_country>新加坡</bm_country>
            <bm_agency>新加坡新傳媒集團(MediaCorp)</bm_agency>
            <bm_cont_text>拜會新加坡新傳媒集團(MediaCorp)，觀摩其全國性廣播頻道節目規劃、內容設計與經營現況，以做為本臺發展雲端教育廣播服務參考。</bm_cont_text>
            <bm_durationfrom>10409</bm_durationfrom>
            <bm_durationto>10410</bm_durationto>
            <bm_days>4</bm_days>
            <bm_persons>1</bm_persons>
            <bm_amt_trans>17000.00</bm_amt_trans>
            <bm_amt_life>10000.00</bm_amt_life>
            <bm_amt_public>0.00</bm_amt_public>
            <bm_amt_books>0.00</bm_amt_books>
            <bm_amt_flight>0.00</bm_amt_flight>
            <bm_versiondate/>
        </BCTDOUTGO_row>
    </BCTDOUTGO>
</tables>
