﻿<?xml version="1.0" encoding="UTF-8"?>
<GenericData>
<Header>
<Table Id="FNWXBCSHFLOWR" Name="中華民國104年度特別收入半年結算基金來源、用途及餘絀綜計表" Domain="NBA" /> 
<Program Id="NBAGJR010_C"/> 
<Sender Name="行政院主計總處"/>
</Header>
<DataSet>
<ROW>
<基金別>總統府主管</基金別>
<實際數-基金來源>2626084077</實際數-基金來源>
<實際數-基金用途>1429498350</實際數-基金用途>
<實際數-賸餘（短絀－）>1196585727</實際數-賸餘（短絀－）>
<分配預-基金來源>2583153000</分配預-基金來源>
<分配預-基金用途>2415098000</分配預-基金用途>
<分配預-賸餘（短絀－）>168055000</分配預-賸餘（短絀－）>
<實際數與分配預算數比較-基金來源>42931077</實際數與分配預算數比較-基金來源>
<實際數與分配預算數比較-基金用途>-985599650</實際數與分配預算數比較-基金用途>
<實際數與分配預算數比較-賸餘（短絀－）>1028530727</實際數與分配預算數比較-賸餘（短絀－）>
<期初基金餘額>1779230623</期初基金餘額>
<解繳國庫>0</解繳國庫>
<期末基金餘額>2975816350</期末基金餘額>
</ROW>
<ROW>
<基金別>中央研究院科學研究基金</基金別>
<實際數-基金來源>2626084077</實際數-基金來源>
<實際數-基金用途>1429498350</實際數-基金用途>
<實際數-賸餘（短絀－）>1196585727</實際數-賸餘（短絀－）>
<分配預-基金來源>2583153000</分配預-基金來源>
<分配預-基金用途>2415098000</分配預-基金用途>
<分配預-賸餘（短絀－）>168055000</分配預-賸餘（短絀－）>
<實際數與分配預算數比較-基金來源>42931077</實際數與分配預算數比較-基金來源>
<實際數與分配預算數比較-基金用途>-985599650</實際數與分配預算數比較-基金用途>
<實際數與分配預算數比較-賸餘（短絀－）>1028530727</實際數與分配預算數比較-賸餘（短絀－）>
<期初基金餘額>1779230623</期初基金餘額>
<解繳國庫>0</解繳國庫>
<期末基金餘額>2975816350</期末基金餘額>
</ROW>
<ROW>
<基金別>行政院主管</基金別>
<實際數-基金來源>23331633992</實際數-基金來源>
<實際數-基金用途>20333431248</實際數-基金用途>
<實際數-賸餘（短絀－）>2998202744</實際數-賸餘（短絀－）>
<分配預-基金來源>23264729000</分配預-基金來源>
<分配預-基金用途>19408498000</分配預-基金用途>
<分配預-賸餘（短絀－）>3856231000</分配預-賸餘（短絀－）>
<實際數與分配預算數比較-基金來源>66904992</實際數與分配預算數比較-基金來源>
<實際數與分配預算數比較-基金用途>924933248</實際數與分配預算數比較-基金用途>
<實際數與分配預算數比較-賸餘（短絀－）>-858028256</實際數與分配預算數比較-賸餘（短絀－）>
<期初基金餘額>-36103511438.06</期初基金餘額>
<解繳國庫>0</解繳國庫>
<期末基金餘額>-33105308694.06</期末基金餘額>
</ROW>
<ROW>
<基金別>行政院國家科學技術發展基金</基金別>
<實際數-基金來源>19177605825</實際數-基金來源>
<實際數-基金用途>16098595260</實際數-基金用途>
<實際數-賸餘（短絀－）>3079010565</實際數-賸餘（短絀－）>
<分配預-基金來源>19149202000</分配預-基金來源>
<分配預-基金用途>14922641000</分配預-基金用途>
<分配預-賸餘（短絀－）>4226561000</分配預-賸餘（短絀－）>
<實際數與分配預算數比較-基金來源>28403825</實際數與分配預算數比較-基金來源>
<實際數與分配預算數比較-基金用途>1175954260</實際數與分配預算數比較-基金用途>
<實際數與分配預算數比較-賸餘（短絀－）>-1147550435</實際數與分配預算數比較-賸餘（短絀－）>
<期初基金餘額>9893895588.46</期初基金餘額>
<解繳國庫>0</解繳國庫>
<期末基金餘額>12972906153.46</期末基金餘額>
</ROW>
<ROW>
<基金別>離島建設基金</基金別>
<實際數-基金來源>6592653</實際數-基金來源>
<實際數-基金用途>154200479</實際數-基金用途>
<實際數-賸餘（短絀－）>-147607826</實際數-賸餘（短絀－）>
<分配預-基金來源>6851000</分配預-基金來源>
<分配預-基金用途>190244000</分配預-基金用途>
<分配預-賸餘（短絀－）>-183393000</分配預-賸餘（短絀－）>
<實際數與分配預算數比較-基金來源>-258347</實際數與分配預算數比較-基金來源>
<實際數與分配預算數比較-基金用途>-36043521</實際數與分配預算數比較-基金用途>
<實際數與分配預算數比較-賸餘（短絀－）>35785174</實際數與分配預算數比較-賸餘（短絀－）>
<期初基金餘額>6944728495</期初基金餘額>
<解繳國庫>0</解繳國庫>
<期末基金餘額>6797120669</期末基金餘額>
</ROW>
<ROW>
<基金別>行政院公營事業民營化基金</基金別>
<實際數-基金來源>4147380996</實際數-基金來源>
<實際數-基金用途>3945104278</實際數-基金用途>
<實際數-賸餘（短絀－）>202276718</實際數-賸餘（短絀－）>
<分配預-基金來源>4108676000</分配預-基金來源>
<分配預-基金用途>4145930000</分配預-基金用途>
<分配預-賸餘（短絀－）>-37254000</分配預-賸餘（短絀－）>
<實際數與分配預算數比較-基金來源>38704996</實際數與分配預算數比較-基金來源>
<實際數與分配預算數比較-基金用途>-200825722</實際數與分配預算數比較-基金用途>
<實際數與分配預算數比較-賸餘（短絀－）>239530718</實際數與分配預算數比較-賸餘（短絀－）>
<期初基金餘額>-61531558500.52</期初基金餘額>
<解繳國庫>0</解繳國庫>
<期末基金餘額>-61329281782.52</期末基金餘額>
</ROW>
<ROW>
<基金別>花東地區永續發展基金</基金別>
<實際數-基金來源>54518</實際數-基金來源>
<實際數-基金用途>135531231</實際數-基金用途>
<實際數-賸餘（短絀－）>-135476713</實際數-賸餘（短絀－）>
<分配預-基金來源>0</分配預-基金來源>
<分配預-基金用途>149683000</分配預-基金用途>
<分配預-賸餘（短絀－）>-149683000</分配預-賸餘（短絀－）>
<實際數與分配預算數比較-基金來源>54518</實際數與分配預算數比較-基金來源>
<實際數與分配預算數比較-基金用途>-14151769</實際數與分配預算數比較-基金用途>
<實際數與分配預算數比較-賸餘（短絀－）>14206287</實際數與分配預算數比較-賸餘（短絀－）>
<期初基金餘額>8589422979</期初基金餘額>
<解繳國庫>0</解繳國庫>
<期末基金餘額>8453946266</期末基金餘額>
</ROW>
<ROW>
<基金別>內政部主管</基金別>
<實際數-基金來源>940914315</實際數-基金來源>
<實際數-基金用途>852941342</實際數-基金用途>
<實際數-賸餘（短絀－）>87972973</實際數-賸餘（短絀－）>
<分配預-基金來源>956182000</分配預-基金來源>
<分配預-基金用途>787438000</分配預-基金用途>
<分配預-賸餘（短絀－）>168744000</分配預-賸餘（短絀－）>
<實際數與分配預算數比較-基金來源>-15267685</實際數與分配預算數比較-基金來源>
<實際數與分配預算數比較-基金用途>65503342</實際數與分配預算數比較-基金用途>
<實際數與分配預算數比較-賸餘（短絀－）>-80771027</實際數與分配預算數比較-賸餘（短絀－）>
<期初基金餘額>2625540159</期初基金餘額>
<解繳國庫>0</解繳國庫>
<期末基金餘額>2713513132</期末基金餘額>
</ROW>
<ROW>
<基金別>外籍配偶照顧輔導基金</基金別>
<實際數-基金來源>2985311</實際數-基金來源>
<實際數-基金用途>157951098</實際數-基金用途>
<實際數-賸餘（短絀－）>-154965787</實際數-賸餘（短絀－）>
<分配預-基金來源>914000</分配預-基金來源>
<分配預-基金用途>81385000</分配預-基金用途>
<分配預-賸餘（短絀－）>-80471000</分配預-賸餘（短絀－）>
<實際數與分配預算數比較-基金來源>2071311</實際數與分配預算數比較-基金來源>
<實際數與分配預算數比較-基金用途>76566098</實際數與分配預算數比較-基金用途>
<實際數與分配預算數比較-賸餘（短絀－）>-74494787</實際數與分配預算數比較-賸餘（短絀－）>
<期初基金餘額>979528596</期初基金餘額>
<解繳國庫>0</解繳國庫>
<期末基金餘額>824562809</期末基金餘額>
</ROW>
<ROW>
<基金別>研發替代役基金</基金別>
<實際數-基金來源>836419985</實際數-基金來源>
<實際數-基金用途>688680364</實際數-基金用途>
<實際數-賸餘（短絀－）>147739621</實際數-賸餘（短絀－）>
<分配預-基金來源>853661000</分配預-基金來源>
<分配預-基金用途>696532000</分配預-基金用途>
<分配預-賸餘（短絀－）>157129000</分配預-賸餘（短絀－）>
<實際數與分配預算數比較-基金來源>-17241015</實際數與分配預算數比較-基金來源>
<實際數與分配預算數比較-基金用途>-7851636</實際數與分配預算數比較-基金用途>
<實際數與分配預算數比較-賸餘（短絀－）>-9389379</實際數與分配預算數比較-賸餘（短絀－）>
<期初基金餘額>937395215</期初基金餘額>
<解繳國庫>0</解繳國庫>
<期末基金餘額>1085134836</期末基金餘額>
</ROW>
<ROW>
<基金別>警察消防海巡移民空勤人員及協勤民力安全基金</基金別>
<實際數-基金來源>101509019</實際數-基金來源>
<實際數-基金用途>6309880</實際數-基金用途>
<實際數-賸餘（短絀－）>95199139</實際數-賸餘（短絀－）>
<分配預-基金來源>101607000</分配預-基金來源>
<分配預-基金用途>9521000</分配預-基金用途>
<分配預-賸餘（短絀－）>92086000</分配預-賸餘（短絀－）>
<實際數與分配預算數比較-基金來源>-97981</實際數與分配預算數比較-基金來源>
<實際數與分配預算數比較-基金用途>-3211120</實際數與分配預算數比較-基金用途>
<實際數與分配預算數比較-賸餘（短絀－）>3113139</實際數與分配預算數比較-賸餘（短絀－）>
<期初基金餘額>708616348</期初基金餘額>
<解繳國庫>0</解繳國庫>
<期末基金餘額>803815487</期末基金餘額>
</ROW>
<ROW>
<基金別>教育部主管</基金別>
<實際數-基金來源>1603036527</實際數-基金來源>
<實際數-基金用途>1218135971</實際數-基金用途>
<實際數-賸餘（短絀－）>384900556</實際數-賸餘（短絀－）>
<分配預-基金來源>1082156000</分配預-基金來源>
<分配預-基金用途>1289778000</分配預-基金用途>
<分配預-賸餘（短絀－）>-207622000</分配預-賸餘（短絀－）>
<實際數與分配預算數比較-基金來源>520880527</實際數與分配預算數比較-基金來源>
<實際數與分配預算數比較-基金用途>-71642029</實際數與分配預算數比較-基金用途>
<實際數與分配預算數比較-賸餘（短絀－）>592522556</實際數與分配預算數比較-賸餘（短絀－）>
<期初基金餘額>18320986421</期初基金餘額>
<解繳國庫>0</解繳國庫>
<期末基金餘額>18705886977</期末基金餘額>
</ROW>
<ROW>
<基金別>學產基金</基金別>
<實際數-基金來源>412190164</實際數-基金來源>
<實際數-基金用途>961877211</實際數-基金用途>
<實際數-賸餘（短絀－）>-549687047</實際數-賸餘（短絀－）>
<分配預-基金來源>495356000</分配預-基金來源>
<分配預-基金用途>858738000</分配預-基金用途>
<分配預-賸餘（短絀－）>-363382000</分配預-賸餘（短絀－）>
<實際數與分配預算數比較-基金來源>-83165836</實際數與分配預算數比較-基金來源>
<實際數與分配預算數比較-基金用途>103139211</實際數與分配預算數比較-基金用途>
<實際數與分配預算數比較-賸餘（短絀－）>-186305047</實際數與分配預算數比較-賸餘（短絀－）>
<期初基金餘額>7037649870</期初基金餘額>
<解繳國庫>0</解繳國庫>
<期末基金餘額>6487962823</期末基金餘額>
</ROW>
<ROW>
<基金別>運動發展基金</基金別>
<實際數-基金來源>1190846363</實際數-基金來源>
<實際數-基金用途>256258760</實際數-基金用途>
<實際數-賸餘（短絀－）>934587603</實際數-賸餘（短絀－）>
<分配預-基金來源>586800000</分配預-基金來源>
<分配預-基金用途>431040000</分配預-基金用途>
<分配預-賸餘（短絀－）>155760000</分配預-賸餘（短絀－）>
<實際數與分配預算數比較-基金來源>604046363</實際數與分配預算數比較-基金來源>
<實際數與分配預算數比較-基金用途>-174781240</實際數與分配預算數比較-基金用途>
<實際數與分配預算數比較-賸餘（短絀－）>778827603</實際數與分配預算數比較-賸餘（短絀－）>
<期初基金餘額>11283336551</期初基金餘額>
<解繳國庫>0</解繳國庫>
<期末基金餘額>12217924154</期末基金餘額>
</ROW>
<ROW>
<基金別>經濟部主管</基金別>
<實際數-基金來源>12276895919</實際數-基金來源>
<實際數-基金用途>5526280391</實際數-基金用途>
<實際數-賸餘（短絀－）>6750615528</實際數-賸餘（短絀－）>
<分配預-基金來源>12607490000</分配預-基金來源>
<分配預-基金用途>9845837000</分配預-基金用途>
<分配預-賸餘（短絀－）>2761653000</分配預-賸餘（短絀－）>
<實際數與分配預算數比較-基金來源>-330594081</實際數與分配預算數比較-基金來源>
<實際數與分配預算數比較-基金用途>-4319556609</實際數與分配預算數比較-基金用途>
<實際數與分配預算數比較-賸餘（短絀－）>3988962528</實際數與分配預算數比較-賸餘（短絀－）>
<期初基金餘額>265183494748.71</期初基金餘額>
<解繳國庫>0</解繳國庫>
<期末基金餘額>271934110276.71</期末基金餘額>
</ROW>
<ROW>
<基金別>經濟特別收入基金</基金別>
<實際數-基金來源>7521046314</實際數-基金來源>
<實際數-基金用途>5209147314</實際數-基金用途>
<實際數-賸餘（短絀－）>2311899000</實際數-賸餘（短絀－）>
<分配預-基金來源>7295502000</分配預-基金來源>
<分配預-基金用途>7385007000</分配預-基金用途>
<分配預-賸餘（短絀－）>-89505000</分配預-賸餘（短絀－）>
<實際數與分配預算數比較-基金來源>225544314</實際數與分配預算數比較-基金來源>
<實際數與分配預算數比較-基金用途>-2175859686</實際數與分配預算數比較-基金用途>
<實際數與分配預算數比較-賸餘（短絀－）>2401404000</實際數與分配預算數比較-賸餘（短絀－）>
<期初基金餘額>21358933879.71</期初基金餘額>
<解繳國庫>0</解繳國庫>
<期末基金餘額>23670832879.71</期末基金餘額>
</ROW>
<ROW>
<基金別>核能發電後端營運基金</基金別>
<實際數-基金來源>4753322027</實際數-基金來源>
<實際數-基金用途>154975538</實際數-基金用途>
<實際數-賸餘（短絀－）>4598346489</實際數-賸餘（短絀－）>
<分配預-基金來源>5310203000</分配預-基金來源>
<分配預-基金用途>2353879000</分配預-基金用途>
<分配預-賸餘（短絀－）>2956324000</分配預-賸餘（短絀－）>
<實際數與分配預算數比較-基金來源>-556880973</實際數與分配預算數比較-基金來源>
<實際數與分配預算數比較-基金用途>-2198903462</實際數與分配預算數比較-基金用途>
<實際數與分配預算數比較-賸餘（短絀－）>1642022489</實際數與分配預算數比較-賸餘（短絀－）>
<期初基金餘額>243078953808</期初基金餘額>
<解繳國庫>0</解繳國庫>
<期末基金餘額>247677300297</期末基金餘額>
</ROW>
<ROW>
<基金別>地方產業發展基金</基金別>
<實際數-基金來源>2527578</實際數-基金來源>
<實際數-基金用途>162157539</實際數-基金用途>
<實際數-賸餘（短絀－）>-159629961</實際數-賸餘（短絀－）>
<分配預-基金來源>1785000</分配預-基金來源>
<分配預-基金用途>106951000</分配預-基金用途>
<分配預-賸餘（短絀－）>-105166000</分配預-賸餘（短絀－）>
<實際數與分配預算數比較-基金來源>742578</實際數與分配預算數比較-基金來源>
<實際數與分配預算數比較-基金用途>55206539</實際數與分配預算數比較-基金用途>
<實際數與分配預算數比較-賸餘（短絀－）>-54463961</實際數與分配預算數比較-賸餘（短絀－）>
<期初基金餘額>745607061</期初基金餘額>
<解繳國庫>0</解繳國庫>
<期末基金餘額>585977100</期末基金餘額>
</ROW>
<ROW>
<基金別>交通部主管</基金別>
<實際數-基金來源>3120179101</實際數-基金來源>
<實際數-基金用途>3418957378</實際數-基金用途>
<實際數-賸餘（短絀－）>-298778277</實際數-賸餘（短絀－）>
<分配預-基金來源>3052203000</分配預-基金來源>
<分配預-基金用途>3705006000</分配預-基金用途>
<分配預-賸餘（短絀－）>-652803000</分配預-賸餘（短絀－）>
<實際數與分配預算數比較-基金來源>67976101</實際數與分配預算數比較-基金來源>
<實際數與分配預算數比較-基金用途>-286048622</實際數與分配預算數比較-基金用途>
<實際數與分配預算數比較-賸餘（短絀－）>354024723</實際數與分配預算數比較-賸餘（短絀－）>
<期初基金餘額>19549900404.24</期初基金餘額>
<解繳國庫>0</解繳國庫>
<期末基金餘額>19251122127.24</期末基金餘額>
</ROW>
<ROW>
<基金別>航港建設基金</基金別>
<實際數-基金來源>3120179101</實際數-基金來源>
<實際數-基金用途>3418957378</實際數-基金用途>
<實際數-賸餘（短絀－）>-298778277</實際數-賸餘（短絀－）>
<分配預-基金來源>3052203000</分配預-基金來源>
<分配預-基金用途>3705006000</分配預-基金用途>
<分配預-賸餘（短絀－）>-652803000</分配預-賸餘（短絀－）>
<實際數與分配預算數比較-基金來源>67976101</實際數與分配預算數比較-基金來源>
<實際數與分配預算數比較-基金用途>-286048622</實際數與分配預算數比較-基金用途>
<實際數與分配預算數比較-賸餘（短絀－）>354024723</實際數與分配預算數比較-賸餘（短絀－）>
<期初基金餘額>19549900404.24</期初基金餘額>
<解繳國庫>0</解繳國庫>
<期末基金餘額>19251122127.24</期末基金餘額>
</ROW>
<ROW>
<基金別>原子能委員會主管</基金別>
<實際數-基金來源>163060946</實際數-基金來源>
<實際數-基金用途>21604309</實際數-基金用途>
<實際數-賸餘（短絀－）>141456637</實際數-賸餘（短絀－）>
<分配預-基金來源>162934000</分配預-基金來源>
<分配預-基金用途>14537000</分配預-基金用途>
<分配預-賸餘（短絀－）>148397000</分配預-賸餘（短絀－）>
<實際數與分配預算數比較-基金來源>126946</實際數與分配預算數比較-基金來源>
<實際數與分配預算數比較-基金用途>7067309</實際數與分配預算數比較-基金用途>
<實際數與分配預算數比較-賸餘（短絀－）>-6940363</實際數與分配預算數比較-賸餘（短絀－）>
<期初基金餘額>242485294</期初基金餘額>
<解繳國庫>0</解繳國庫>
<期末基金餘額>383941931</期末基金餘額>
</ROW>
<ROW>
<基金別>核子事故緊急應變基金</基金別>
<實際數-基金來源>163060946</實際數-基金來源>
<實際數-基金用途>21604309</實際數-基金用途>
<實際數-賸餘（短絀－）>141456637</實際數-賸餘（短絀－）>
<分配預-基金來源>162934000</分配預-基金來源>
<分配預-基金用途>14537000</分配預-基金用途>
<分配預-賸餘（短絀－）>148397000</分配預-賸餘（短絀－）>
<實際數與分配預算數比較-基金來源>126946</實際數與分配預算數比較-基金來源>
<實際數與分配預算數比較-基金用途>7067309</實際數與分配預算數比較-基金用途>
<實際數與分配預算數比較-賸餘（短絀－）>-6940363</實際數與分配預算數比較-賸餘（短絀－）>
<期初基金餘額>242485294</期初基金餘額>
<解繳國庫>0</解繳國庫>
<期末基金餘額>383941931</期末基金餘額>
</ROW>
<ROW>
<基金別>農業委員會主管</基金別>
<實際數-基金來源>24907569170</實際數-基金來源>
<實際數-基金用途>12554014870</實際數-基金用途>
<實際數-賸餘（短絀－）>12353554300</實際數-賸餘（短絀－）>
<分配預-基金來源>27135851000</分配預-基金來源>
<分配預-基金用途>16999805000</分配預-基金用途>
<分配預-賸餘（短絀－）>10136046000</分配預-賸餘（短絀－）>
<實際數與分配預算數比較-基金來源>-2228281830</實際數與分配預算數比較-基金來源>
<實際數與分配預算數比較-基金用途>-4445790130</實際數與分配預算數比較-基金用途>
<實際數與分配預算數比較-賸餘（短絀－）>2217508300</實際數與分配預算數比較-賸餘（短絀－）>
<期初基金餘額>37103311493.87</期初基金餘額>
<解繳國庫>0</解繳國庫>
<期末基金餘額>49456865793.87</期末基金餘額>
</ROW>
<ROW>
<基金別>農業特別收入基金</基金別>
<實際數-基金來源>24907569170</實際數-基金來源>
<實際數-基金用途>12554014870</實際數-基金用途>
<實際數-賸餘（短絀－）>12353554300</實際數-賸餘（短絀－）>
<分配預-基金來源>27135851000</分配預-基金來源>
<分配預-基金用途>16999805000</分配預-基金用途>
<分配預-賸餘（短絀－）>10136046000</分配預-賸餘（短絀－）>
<實際數與分配預算數比較-基金來源>-2228281830</實際數與分配預算數比較-基金來源>
<實際數與分配預算數比較-基金用途>-4445790130</實際數與分配預算數比較-基金用途>
<實際數與分配預算數比較-賸餘（短絀－）>2217508300</實際數與分配預算數比較-賸餘（短絀－）>
<期初基金餘額>37103311493.87</期初基金餘額>
<解繳國庫>0</解繳國庫>
<期末基金餘額>49456865793.87</期末基金餘額>
</ROW>
<ROW>
<基金別>勞動部主管</基金別>
<實際數-基金來源>5447491194</實際數-基金來源>
<實際數-基金用途>3617921828</實際數-基金用途>
<實際數-賸餘（短絀－）>1829569366</實際數-賸餘（短絀－）>
<分配預-基金來源>4864765000</分配預-基金來源>
<分配預-基金用途>6118678000</分配預-基金用途>
<分配預-賸餘（短絀－）>-1253913000</分配預-賸餘（短絀－）>
<實際數與分配預算數比較-基金來源>582726194</實際數與分配預算數比較-基金來源>
<實際數與分配預算數比較-基金用途>-2500756172</實際數與分配預算數比較-基金用途>
<實際數與分配預算數比較-賸餘（短絀－）>3083482366</實際數與分配預算數比較-賸餘（短絀－）>
<期初基金餘額>16857394548</期初基金餘額>
<解繳國庫>0</解繳國庫>
<期末基金餘額>18686963914</期末基金餘額>
</ROW>
<ROW>
<基金別>就業安定基金</基金別>
<實際數-基金來源>5447491194</實際數-基金來源>
<實際數-基金用途>3617921828</實際數-基金用途>
<實際數-賸餘（短絀－）>1829569366</實際數-賸餘（短絀－）>
<分配預-基金來源>4864765000</分配預-基金來源>
<分配預-基金用途>6118678000</分配預-基金用途>
<分配預-賸餘（短絀－）>-1253913000</分配預-賸餘（短絀－）>
<實際數與分配預算數比較-基金來源>582726194</實際數與分配預算數比較-基金來源>
<實際數與分配預算數比較-基金用途>-2500756172</實際數與分配預算數比較-基金用途>
<實際數與分配預算數比較-賸餘（短絀－）>3083482366</實際數與分配預算數比較-賸餘（短絀－）>
<期初基金餘額>16857394548</期初基金餘額>
<解繳國庫>0</解繳國庫>
<期末基金餘額>18686963914</期末基金餘額>
</ROW>
<ROW>
<基金別>衛生福利部主管</基金別>
<實際數-基金來源>7097351213</實際數-基金來源>
<實際數-基金用途>4725833121</實際數-基金用途>
<實際數-賸餘（短絀－）>2371518092</實際數-賸餘（短絀－）>
<分配預-基金來源>6553568000</分配預-基金來源>
<分配預-基金用途>5600253000</分配預-基金用途>
<分配預-賸餘（短絀－）>953315000</分配預-賸餘（短絀－）>
<實際數與分配預算數比較-基金來源>543783213</實際數與分配預算數比較-基金來源>
<實際數與分配預算數比較-基金用途>-874419879</實際數與分配預算數比較-基金用途>
<實際數與分配預算數比較-賸餘（短絀－）>1418203092</實際數與分配預算數比較-賸餘（短絀－）>
<期初基金餘額>16220363840</期初基金餘額>
<解繳國庫>0</解繳國庫>
<期末基金餘額>18591881932</期末基金餘額>
</ROW>
<ROW>
<基金別>健康照護基金</基金別>
<實際數-基金來源>5296933168</實際數-基金來源>
<實際數-基金用途>3680180781</實際數-基金用途>
<實際數-賸餘（短絀－）>1616752387</實際數-賸餘（短絀－）>
<分配預-基金來源>4617357000</分配預-基金來源>
<分配預-基金用途>4145554000</分配預-基金用途>
<分配預-賸餘（短絀－）>471803000</分配預-賸餘（短絀－）>
<實際數與分配預算數比較-基金來源>679576168</實際數與分配預算數比較-基金來源>
<實際數與分配預算數比較-基金用途>-465373219</實際數與分配預算數比較-基金用途>
<實際數與分配預算數比較-賸餘（短絀－）>1144949387</實際數與分配預算數比較-賸餘（短絀－）>
<期初基金餘額>13964374816</期初基金餘額>
<解繳國庫>0</解繳國庫>
<期末基金餘額>15581127203</期末基金餘額>
</ROW>
<ROW>
<基金別>社會福利基金</基金別>
<實際數-基金來源>1800418045</實際數-基金來源>
<實際數-基金用途>1045652340</實際數-基金用途>
<實際數-賸餘（短絀－）>754765705</實際數-賸餘（短絀－）>
<分配預-基金來源>1936211000</分配預-基金來源>
<分配預-基金用途>1454699000</分配預-基金用途>
<分配預-賸餘（短絀－）>481512000</分配預-賸餘（短絀－）>
<實際數與分配預算數比較-基金來源>-135792955</實際數與分配預算數比較-基金來源>
<實際數與分配預算數比較-基金用途>-409046660</實際數與分配預算數比較-基金用途>
<實際數與分配預算數比較-賸餘（短絀－）>273253705</實際數與分配預算數比較-賸餘（短絀－）>
<期初基金餘額>2255989024</期初基金餘額>
<解繳國庫>0</解繳國庫>
<期末基金餘額>3010754729</期末基金餘額>
</ROW>
<ROW>
<基金別>環境保護署主管</基金別>
<實際數-基金來源>2526123614</實際數-基金來源>
<實際數-基金用途>1293009049</實際數-基金用途>
<實際數-賸餘（短絀－）>1233114565</實際數-賸餘（短絀－）>
<分配預-基金來源>2461816000</分配預-基金來源>
<分配預-基金用途>1339285700</分配預-基金用途>
<分配預-賸餘（短絀－）>1122530300</分配預-賸餘（短絀－）>
<實際數與分配預算數比較-基金來源>64307614</實際數與分配預算數比較-基金來源>
<實際數與分配預算數比較-基金用途>-46276651</實際數與分配預算數比較-基金用途>
<實際數與分配預算數比較-賸餘（短絀－）>110584265</實際數與分配預算數比較-賸餘（短絀－）>
<期初基金餘額>14499803651</期初基金餘額>
<解繳國庫>0</解繳國庫>
<期末基金餘額>15732918216</期末基金餘額>
</ROW>
<ROW>
<基金別>環境保護基金</基金別>
<實際數-基金來源>2526123614</實際數-基金來源>
<實際數-基金用途>1293009049</實際數-基金用途>
<實際數-賸餘（短絀－）>1233114565</實際數-賸餘（短絀－）>
<分配預-基金來源>2461816000</分配預-基金來源>
<分配預-基金用途>1339285700</分配預-基金用途>
<分配預-賸餘（短絀－）>1122530300</分配預-賸餘（短絀－）>
<實際數與分配預算數比較-基金來源>64307614</實際數與分配預算數比較-基金來源>
<實際數與分配預算數比較-基金用途>-46276651</實際數與分配預算數比較-基金用途>
<實際數與分配預算數比較-賸餘（短絀－）>110584265</實際數與分配預算數比較-賸餘（短絀－）>
<期初基金餘額>14499803651</期初基金餘額>
<解繳國庫>0</解繳國庫>
<期末基金餘額>15732918216</期末基金餘額>
</ROW>
<ROW>
<基金別>金融監督管理委員會主管</基金別>
<實際數-基金來源>11405720519</實際數-基金來源>
<實際數-基金用途>11297723405</實際數-基金用途>
<實際數-賸餘（短絀－）>107997114</實際數-賸餘（短絀－）>
<分配預-基金來源>12323850000</分配預-基金來源>
<分配預-基金用途>12357454000</分配預-基金用途>
<分配預-賸餘（短絀－）>-33604000</分配預-賸餘（短絀－）>
<實際數與分配預算數比較-基金來源>-918129481</實際數與分配預算數比較-基金來源>
<實際數與分配預算數比較-基金用途>-1059730595</實際數與分配預算數比較-基金用途>
<實際數與分配預算數比較-賸餘（短絀－）>141601114</實際數與分配預算數比較-賸餘（短絀－）>
<期初基金餘額>1156116543</期初基金餘額>
<解繳國庫>0</解繳國庫>
<期末基金餘額>1264113657</期末基金餘額>
</ROW>
<ROW>
<基金別>金融監督管理基金</基金別>
<實際數-基金來源>11405720519</實際數-基金來源>
<實際數-基金用途>11297723405</實際數-基金用途>
<實際數-賸餘（短絀－）>107997114</實際數-賸餘（短絀－）>
<分配預-基金來源>12323850000</分配預-基金來源>
<分配預-基金用途>12357454000</分配預-基金用途>
<分配預-賸餘（短絀－）>-33604000</分配預-賸餘（短絀－）>
<實際數與分配預算數比較-基金來源>-918129481</實際數與分配預算數比較-基金來源>
<實際數與分配預算數比較-基金用途>-1059730595</實際數與分配預算數比較-基金用途>
<實際數與分配預算數比較-賸餘（短絀－）>141601114</實際數與分配預算數比較-賸餘（短絀－）>
<期初基金餘額>1156116543</期初基金餘額>
<解繳國庫>0</解繳國庫>
<期末基金餘額>1264113657</期末基金餘額>
</ROW>
<ROW>
<基金別>國家通訊傳播委員會主管</基金別>
<實際數-基金來源>539258354</實際數-基金來源>
<實際數-基金用途>106449047</實際數-基金用途>
<實際數-賸餘（短絀－）>432809307</實際數-賸餘（短絀－）>
<分配預-基金來源>572787000</分配預-基金來源>
<分配預-基金用途>296668000</分配預-基金用途>
<分配預-賸餘（短絀－）>276119000</分配預-賸餘（短絀－）>
<實際數與分配預算數比較-基金來源>-33528646</實際數與分配預算數比較-基金來源>
<實際數與分配預算數比較-基金用途>-190218953</實際數與分配預算數比較-基金用途>
<實際數與分配預算數比較-賸餘（短絀－）>156690307</實際數與分配預算數比較-賸餘（短絀－）>
<期初基金餘額>1451684262</期初基金餘額>
<解繳國庫>0</解繳國庫>
<期末基金餘額>1884493569</期末基金餘額>
</ROW>
<ROW>
<基金別>通訊傳播監督管理基金</基金別>
<實際數-基金來源>174072112</實際數-基金來源>
<實際數-基金用途>84280690</實際數-基金用途>
<實際數-賸餘（短絀－）>89791422</實際數-賸餘（短絀－）>
<分配預-基金來源>205856000</分配預-基金來源>
<分配預-基金用途>102195000</分配預-基金用途>
<分配預-賸餘（短絀－）>103661000</分配預-賸餘（短絀－）>
<實際數與分配預算數比較-基金來源>-31783888</實際數與分配預算數比較-基金來源>
<實際數與分配預算數比較-基金用途>-17914310</實際數與分配預算數比較-基金用途>
<實際數與分配預算數比較-賸餘（短絀－）>-13869578</實際數與分配預算數比較-賸餘（短絀－）>
<期初基金餘額>1064876328</期初基金餘額>
<解繳國庫>0</解繳國庫>
<期末基金餘額>1154667750</期末基金餘額>
</ROW>
<ROW>
<基金別>有線廣播電視事業發展基金</基金別>
<實際數-基金來源>365186242</實際數-基金來源>
<實際數-基金用途>22168357</實際數-基金用途>
<實際數-賸餘（短絀－）>343017885</實際數-賸餘（短絀－）>
<分配預-基金來源>366931000</分配預-基金來源>
<分配預-基金用途>194473000</分配預-基金用途>
<分配預-賸餘（短絀－）>172458000</分配預-賸餘（短絀－）>
<實際數與分配預算數比較-基金來源>-1744758</實際數與分配預算數比較-基金來源>
<實際數與分配預算數比較-基金用途>-172304643</實際數與分配預算數比較-基金用途>
<實際數與分配預算數比較-賸餘（短絀－）>170559885</實際數與分配預算數比較-賸餘（短絀－）>
<期初基金餘額>386807934</期初基金餘額>
<解繳國庫>0</解繳國庫>
<期末基金餘額>729825819</期末基金餘額>
</ROW>
<ROW>
<基金別>合                       計</基金別>
<實際數-基金來源>95985318941</實際數-基金來源>
<實際數-基金用途>66395800309</實際數-基金用途>
<實際數-賸餘（短絀－）>29589518632</實際數-賸餘（短絀－）>
<分配預-基金來源>97621484000</分配預-基金來源>
<分配預-基金用途>80178335700</分配預-基金用途>
<分配預-賸餘（短絀－）>17443148300</分配預-賸餘（短絀－）>
<實際數與分配預算數比較-基金來源>-1636165059</實際數與分配預算數比較-基金來源>
<實際數與分配預算數比較-基金用途>-13782535391</實際數與分配預算數比較-基金用途>
<實際數與分配預算數比較-賸餘（短絀－）>12146370332</實際數與分配預算數比較-賸餘（短絀－）>
<期初基金餘額>358886800549.76</期初基金餘額>
<解繳國庫>0</解繳國庫>
<期末基金餘額>388476319181.76</期末基金餘額>
</ROW>
<COMM>由於104年度中央政府總預算案附屬單位預算尚未完成法定程序，故本表及其他各表所列分配預算數係各基金估計上半年擬動支之數額；實際數係各基金依預算法第54條規定覈實動支之數額。</COMM>
</DataSet>
</GenericData>
