<?xml version="1.0" encoding="UTF-8"?>
<tables>
    <BCTMOFFICE>
        <BCTMOFFICE_row>
            <m33_fiscalyear>104</m33_fiscalyear>
            <m33_reportno>辦公房舍      </m33_reportno>
            <m33_level1>001</m33_level1>
            <m33_level2/>
            <m33_level3/>
            <m33_level4/>
            <m33_objectname>辦公房舍</m33_objectname>
            <m33_objectno>07320100</m33_objectno>
            <m33_detailid>0</m33_detailid>
            <br_fiscalyear>104</br_fiscalyear>
            <br_fundkind>1</br_fundkind>
            <br_budgetkind>1</br_budgetkind>
            <br_specialbudgetno/>
            <br_agenno>39001</br_agenno>
            <br_agentype>C</br_agentype>
            <br_budgetstate>2         </br_budgetstate>
            <br_objectno>07320100  </br_objectno>
            <br_holds1>10</br_holds1>
            <br_area1>18695.17</br_area1>
            <br_bookvalue1>739379000.00</br_bookvalue1>
            <br_amtyear1>5179000.00</br_amtyear1>
            <br_holds2>1</br_holds2>
            <br_area2>66.14</br_area2>
            <br_amtyear2>0.00</br_amtyear2>
            <br_holds3>7</br_holds3>
            <br_deposit>4796000.00</br_deposit>
            <br_rental>25865000.00</br_rental>
            <br_amtyear3>4162000.00</br_amtyear3>
            <br_area4>21736.56</br_area4>
            <br_deposit4>4796000.00</br_deposit4>
            <br_rental4>25865000.00</br_rental4>
            <br_amtyear4>9341000.00</br_amtyear4>
            <br_versiondate/>
            <br_text>&lt;#H1&gt;本會泰華文教服務中心自95年1月1日起與駐泰國代表處合署辦公。&#xd;
&lt;#H1&gt;現有辦公房舍「其他」係洛杉磯華僑文教服務中心華埠圖書閱覽室。&#xd;
&lt;#H1&gt;租用部分包含籌備設立之溫哥華華僑文教服務中心，所列之修繕費4,162千元為該中心裝修費用。</br_text>
        </BCTMOFFICE_row>
        <BCTMOFFICE_row>
            <m33_fiscalyear>104</m33_fiscalyear>
            <m33_reportno>辦公房舍      </m33_reportno>
            <m33_level1>002</m33_level1>
            <m33_level2/>
            <m33_level3/>
            <m33_level4/>
            <m33_objectname>機關宿舍</m33_objectname>
            <m33_objectno>07320200</m33_objectno>
            <m33_detailid>1</m33_detailid>
            <br_fiscalyear>104</br_fiscalyear>
            <br_fundkind>1</br_fundkind>
            <br_budgetkind>1</br_budgetkind>
            <br_specialbudgetno/>
            <br_agenno>39001</br_agenno>
            <br_agentype>C</br_agentype>
            <br_budgetstate>2         </br_budgetstate>
            <br_objectno>07320200  </br_objectno>
            <br_holds1/>
            <br_area1>0.00</br_area1>
            <br_bookvalue1>0.00</br_bookvalue1>
            <br_amtyear1>0.00</br_amtyear1>
            <br_holds2/>
            <br_area2>0.00</br_area2>
            <br_amtyear2>0.00</br_amtyear2>
            <br_holds3/>
            <br_deposit>0.00</br_deposit>
            <br_rental>0.00</br_rental>
            <br_amtyear3>0.00</br_amtyear3>
            <br_area4>0.00</br_area4>
            <br_deposit4>0.00</br_deposit4>
            <br_rental4>0.00</br_rental4>
            <br_amtyear4>0.00</br_amtyear4>
            <br_versiondate/>
            <br_text>&lt;#H1&gt;本會泰華文教服務中心自95年1月1日起與駐泰國代表處合署辦公。&#xd;
&lt;#H1&gt;現有辦公房舍「其他」係洛杉磯華僑文教服務中心華埠圖書閱覽室。&#xd;
&lt;#H1&gt;租用部分包含籌備設立之溫哥華華僑文教服務中心，所列之修繕費4,162千元為該中心裝修費用。</br_text>
        </BCTMOFFICE_row>
        <BCTMOFFICE_row>
            <m33_fiscalyear>104</m33_fiscalyear>
            <m33_reportno>辦公房舍      </m33_reportno>
            <m33_level1>002</m33_level1>
            <m33_level2>001</m33_level2>
            <m33_level3/>
            <m33_level4/>
            <m33_objectname>首長宿舍</m33_objectname>
            <m33_objectno>07320201</m33_objectno>
            <m33_detailid>0</m33_detailid>
            <br_fiscalyear>104</br_fiscalyear>
            <br_fundkind>1</br_fundkind>
            <br_budgetkind>1</br_budgetkind>
            <br_specialbudgetno/>
            <br_agenno>39001</br_agenno>
            <br_agentype>C</br_agentype>
            <br_budgetstate>2         </br_budgetstate>
            <br_objectno>07320201  </br_objectno>
            <br_holds1/>
            <br_area1>0.00</br_area1>
            <br_bookvalue1>0.00</br_bookvalue1>
            <br_amtyear1>0.00</br_amtyear1>
            <br_holds2/>
            <br_area2>0.00</br_area2>
            <br_amtyear2>0.00</br_amtyear2>
            <br_holds3/>
            <br_deposit>0.00</br_deposit>
            <br_rental>0.00</br_rental>
            <br_amtyear3>0.00</br_amtyear3>
            <br_area4>0.00</br_area4>
            <br_deposit4>0.00</br_deposit4>
            <br_rental4>0.00</br_rental4>
            <br_amtyear4>0.00</br_amtyear4>
            <br_versiondate/>
            <br_text>&lt;#H1&gt;本會泰華文教服務中心自95年1月1日起與駐泰國代表處合署辦公。&#xd;
&lt;#H1&gt;現有辦公房舍「其他」係洛杉磯華僑文教服務中心華埠圖書閱覽室。&#xd;
&lt;#H1&gt;租用部分包含籌備設立之溫哥華華僑文教服務中心，所列之修繕費4,162千元為該中心裝修費用。</br_text>
        </BCTMOFFICE_row>
        <BCTMOFFICE_row>
            <m33_fiscalyear>104</m33_fiscalyear>
            <m33_reportno>辦公房舍      </m33_reportno>
            <m33_level1>002</m33_level1>
            <m33_level2>002</m33_level2>
            <m33_level3/>
            <m33_level4/>
            <m33_objectname>單房間職務宿舍</m33_objectname>
            <m33_objectno>07320202</m33_objectno>
            <m33_detailid>0</m33_detailid>
            <br_fiscalyear>104</br_fiscalyear>
            <br_fundkind>1</br_fundkind>
            <br_budgetkind>1</br_budgetkind>
            <br_specialbudgetno/>
            <br_agenno>39001</br_agenno>
            <br_agentype>C</br_agentype>
            <br_budgetstate>2         </br_budgetstate>
            <br_objectno>07320202  </br_objectno>
            <br_holds1>0</br_holds1>
            <br_area1>0.00</br_area1>
            <br_bookvalue1>0.00</br_bookvalue1>
            <br_amtyear1>0.00</br_amtyear1>
            <br_holds2>0</br_holds2>
            <br_area2>0.00</br_area2>
            <br_amtyear2>0.00</br_amtyear2>
            <br_holds3/>
            <br_deposit>0.00</br_deposit>
            <br_rental>0.00</br_rental>
            <br_amtyear3>0.00</br_amtyear3>
            <br_area4>0.00</br_area4>
            <br_deposit4>0.00</br_deposit4>
            <br_rental4>0.00</br_rental4>
            <br_amtyear4>0.00</br_amtyear4>
            <br_versiondate/>
            <br_text>&lt;#H1&gt;本會泰華文教服務中心自95年1月1日起與駐泰國代表處合署辦公。&#xd;
&lt;#H1&gt;現有辦公房舍「其他」係洛杉磯華僑文教服務中心華埠圖書閱覽室。&#xd;
&lt;#H1&gt;租用部分包含籌備設立之溫哥華華僑文教服務中心，所列之修繕費4,162千元為該中心裝修費用。</br_text>
        </BCTMOFFICE_row>
        <BCTMOFFICE_row>
            <m33_fiscalyear>104</m33_fiscalyear>
            <m33_reportno>辦公房舍      </m33_reportno>
            <m33_level1>002</m33_level1>
            <m33_level2>003</m33_level2>
            <m33_level3/>
            <m33_level4/>
            <m33_objectname>多房間職務宿舍</m33_objectname>
            <m33_objectno>07320203</m33_objectno>
            <m33_detailid>0</m33_detailid>
            <br_fiscalyear>104</br_fiscalyear>
            <br_fundkind>1</br_fundkind>
            <br_budgetkind>1</br_budgetkind>
            <br_specialbudgetno/>
            <br_agenno>39001</br_agenno>
            <br_agentype>C</br_agentype>
            <br_budgetstate>2         </br_budgetstate>
            <br_objectno>07320203  </br_objectno>
            <br_holds1>0</br_holds1>
            <br_area1>0.00</br_area1>
            <br_bookvalue1>0.00</br_bookvalue1>
            <br_amtyear1>0.00</br_amtyear1>
            <br_holds2/>
            <br_area2>0.00</br_area2>
            <br_amtyear2>0.00</br_amtyear2>
            <br_holds3/>
            <br_deposit>0.00</br_deposit>
            <br_rental>0.00</br_rental>
            <br_amtyear3>0.00</br_amtyear3>
            <br_area4>0.00</br_area4>
            <br_deposit4>0.00</br_deposit4>
            <br_rental4>0.00</br_rental4>
            <br_amtyear4>0.00</br_amtyear4>
            <br_versiondate/>
            <br_text>&lt;#H1&gt;本會泰華文教服務中心自95年1月1日起與駐泰國代表處合署辦公。&#xd;
&lt;#H1&gt;現有辦公房舍「其他」係洛杉磯華僑文教服務中心華埠圖書閱覽室。&#xd;
&lt;#H1&gt;租用部分包含籌備設立之溫哥華華僑文教服務中心，所列之修繕費4,162千元為該中心裝修費用。</br_text>
        </BCTMOFFICE_row>
        <BCTMOFFICE_row>
            <m33_fiscalyear>104</m33_fiscalyear>
            <m33_reportno>辦公房舍      </m33_reportno>
            <m33_level1>003</m33_level1>
            <m33_level2/>
            <m33_level3/>
            <m33_level4/>
            <m33_objectname>其他　　</m33_objectname>
            <m33_objectno>07321000</m33_objectno>
            <m33_detailid>0</m33_detailid>
            <br_fiscalyear>104</br_fiscalyear>
            <br_fundkind>1</br_fundkind>
            <br_budgetkind>1</br_budgetkind>
            <br_specialbudgetno/>
            <br_agenno>39001</br_agenno>
            <br_agentype>C</br_agentype>
            <br_budgetstate>2         </br_budgetstate>
            <br_objectno>07321000  </br_objectno>
            <br_holds1/>
            <br_area1>0.00</br_area1>
            <br_bookvalue1>0.00</br_bookvalue1>
            <br_amtyear1>0.00</br_amtyear1>
            <br_holds2/>
            <br_area2>0.00</br_area2>
            <br_amtyear2>0.00</br_amtyear2>
            <br_holds3>1</br_holds3>
            <br_deposit>45000.00</br_deposit>
            <br_rental>583000.00</br_rental>
            <br_amtyear3>0.00</br_amtyear3>
            <br_area4>77.14</br_area4>
            <br_deposit4>45000.00</br_deposit4>
            <br_rental4>583000.00</br_rental4>
            <br_amtyear4>0.00</br_amtyear4>
            <br_versiondate/>
            <br_text>&lt;#H1&gt;本會泰華文教服務中心自95年1月1日起與駐泰國代表處合署辦公。&#xd;
&lt;#H1&gt;現有辦公房舍「其他」係洛杉磯華僑文教服務中心華埠圖書閱覽室。&#xd;
&lt;#H1&gt;租用部分包含籌備設立之溫哥華華僑文教服務中心，所列之修繕費4,162千元為該中心裝修費用。</br_text>
        </BCTMOFFICE_row>
    </BCTMOFFICE>
</tables>

