<?xml version="1.0" encoding="UTF-8"?>
<tables>
    <BCTDOUTGOLASTYEAR>
        <BCTDOUTGOLASTYEAR_row>
            <b07_fiscalyear>104</b07_fiscalyear>
            <b07_fundkind>1</b07_fundkind>
            <b07_budgetkind>1</b07_budgetkind>
            <b07_specialbudgetno/>
            <b07_agenno>39001</b07_agenno>
            <b07_agentype>C</b07_agentype>
            <b07_budgetstate>2</b07_budgetstate>
            <b07_projtype>合計</b07_projtype>
            <b07_abroadplan/>
            <b07_items>32</b07_items>
            <b07_daypersons>688</b07_daypersons>
            <b07_budgetamt>10366000.00</b07_budgetamt>
            <b07_versiondate/>
            <this_items>30</this_items>
            <this_daypersons>696</this_daypersons>
            <this_budgetamt>10350000.00</this_budgetamt>
        </BCTDOUTGOLASTYEAR_row>
        <BCTDOUTGOLASTYEAR_row>
            <b07_fiscalyear>104</b07_fiscalyear>
            <b07_fundkind>1</b07_fundkind>
            <b07_budgetkind>1</b07_budgetkind>
            <b07_specialbudgetno/>
            <b07_agenno>39001</b07_agenno>
            <b07_agentype>C</b07_agentype>
            <b07_budgetstate>2</b07_budgetstate>
            <b07_projtype>考察</b07_projtype>
            <b07_abroadplan>1</b07_abroadplan>
            <b07_versiondate/>
            <this_items>0</this_items>
            <this_daypersons>0</this_daypersons>
            <this_budgetamt>0</this_budgetamt>
        </BCTDOUTGOLASTYEAR_row>
        <BCTDOUTGOLASTYEAR_row>
            <b07_fiscalyear>104</b07_fiscalyear>
            <b07_fundkind>1</b07_fundkind>
            <b07_budgetkind>1</b07_budgetkind>
            <b07_specialbudgetno/>
            <b07_agenno>39001</b07_agenno>
            <b07_agentype>C</b07_agentype>
            <b07_budgetstate>2</b07_budgetstate>
            <b07_projtype>視察</b07_projtype>
            <b07_abroadplan>1</b07_abroadplan>
            <b07_items>4</b07_items>
            <b07_daypersons>44</b07_daypersons>
            <b07_budgetamt>660000.00</b07_budgetamt>
            <b07_versiondate/>
            <this_items>3</this_items>
            <this_daypersons>35</this_daypersons>
            <this_budgetamt>560000.00</this_budgetamt>
        </BCTDOUTGOLASTYEAR_row>
        <BCTDOUTGOLASTYEAR_row>
            <b07_fiscalyear>104</b07_fiscalyear>
            <b07_fundkind>1</b07_fundkind>
            <b07_budgetkind>1</b07_budgetkind>
            <b07_specialbudgetno/>
            <b07_agenno>39001</b07_agenno>
            <b07_agentype>C</b07_agentype>
            <b07_budgetstate>2</b07_budgetstate>
            <b07_projtype>訪問</b07_projtype>
            <b07_abroadplan>1</b07_abroadplan>
            <b07_items>9</b07_items>
            <b07_daypersons>274</b07_daypersons>
            <b07_budgetamt>3676000.00</b07_budgetamt>
            <b07_versiondate/>
            <this_items>10</this_items>
            <this_daypersons>300</this_daypersons>
            <this_budgetamt>4067000.00</this_budgetamt>
        </BCTDOUTGOLASTYEAR_row>
        <BCTDOUTGOLASTYEAR_row>
            <b07_fiscalyear>104</b07_fiscalyear>
            <b07_fundkind>1</b07_fundkind>
            <b07_budgetkind>1</b07_budgetkind>
            <b07_specialbudgetno/>
            <b07_agenno>39001</b07_agenno>
            <b07_agentype>C</b07_agentype>
            <b07_budgetstate>2</b07_budgetstate>
            <b07_projtype>定期會議</b07_projtype>
            <b07_abroadplan>1</b07_abroadplan>
            <b07_versiondate/>
            <this_items>0</this_items>
            <this_daypersons>0</this_daypersons>
            <this_budgetamt>0</this_budgetamt>
        </BCTDOUTGOLASTYEAR_row>
        <BCTDOUTGOLASTYEAR_row>
            <b07_fiscalyear>104</b07_fiscalyear>
            <b07_fundkind>1</b07_fundkind>
            <b07_budgetkind>1</b07_budgetkind>
            <b07_specialbudgetno/>
            <b07_agenno>39001</b07_agenno>
            <b07_agentype>C</b07_agentype>
            <b07_budgetstate>2</b07_budgetstate>
            <b07_projtype>不定期會議</b07_projtype>
            <b07_abroadplan>1</b07_abroadplan>
            <b07_items>18</b07_items>
            <b07_daypersons>294</b07_daypersons>
            <b07_budgetamt>5702000.00</b07_budgetamt>
            <b07_versiondate/>
            <this_items>16</this_items>
            <this_daypersons>271</this_daypersons>
            <this_budgetamt>5411000.00</this_budgetamt>
        </BCTDOUTGOLASTYEAR_row>
        <BCTDOUTGOLASTYEAR_row>
            <b07_fiscalyear>104</b07_fiscalyear>
            <b07_fundkind>1</b07_fundkind>
            <b07_budgetkind>1</b07_budgetkind>
            <b07_specialbudgetno/>
            <b07_agenno>39001</b07_agenno>
            <b07_agentype>C</b07_agentype>
            <b07_budgetstate>2</b07_budgetstate>
            <b07_projtype>談判</b07_projtype>
            <b07_abroadplan>1</b07_abroadplan>
            <b07_versiondate/>
            <this_items>0</this_items>
            <this_daypersons>0</this_daypersons>
            <this_budgetamt>0</this_budgetamt>
        </BCTDOUTGOLASTYEAR_row>
        <BCTDOUTGOLASTYEAR_row>
            <b07_fiscalyear>104</b07_fiscalyear>
            <b07_fundkind>1</b07_fundkind>
            <b07_budgetkind>1</b07_budgetkind>
            <b07_specialbudgetno/>
            <b07_agenno>39001</b07_agenno>
            <b07_agentype>C</b07_agentype>
            <b07_budgetstate>2</b07_budgetstate>
            <b07_projtype>進修</b07_projtype>
            <b07_abroadplan>1</b07_abroadplan>
            <b07_items>1</b07_items>
            <b07_daypersons>76</b07_daypersons>
            <b07_budgetamt>328000.00</b07_budgetamt>
            <b07_versiondate/>
            <this_items>1</this_items>
            <this_daypersons>90</this_daypersons>
            <this_budgetamt>312000.00</this_budgetamt>
        </BCTDOUTGOLASTYEAR_row>
        <BCTDOUTGOLASTYEAR_row>
            <b07_fiscalyear>104</b07_fiscalyear>
            <b07_fundkind>1</b07_fundkind>
            <b07_budgetkind>1</b07_budgetkind>
            <b07_specialbudgetno/>
            <b07_agenno>39001</b07_agenno>
            <b07_agentype>C</b07_agentype>
            <b07_budgetstate>2</b07_budgetstate>
            <b07_projtype>研究</b07_projtype>
            <b07_abroadplan>1</b07_abroadplan>
            <b07_versiondate/>
            <this_items>0</this_items>
            <this_daypersons>0</this_daypersons>
            <this_budgetamt>0</this_budgetamt>
        </BCTDOUTGOLASTYEAR_row>
        <BCTDOUTGOLASTYEAR_row>
            <b07_fiscalyear>104</b07_fiscalyear>
            <b07_fundkind>1</b07_fundkind>
            <b07_budgetkind>1</b07_budgetkind>
            <b07_specialbudgetno/>
            <b07_agenno>39001</b07_agenno>
            <b07_agentype>C</b07_agentype>
            <b07_budgetstate>2</b07_budgetstate>
            <b07_projtype>實習</b07_projtype>
            <b07_abroadplan>1</b07_abroadplan>
            <b07_versiondate/>
            <this_items>0</this_items>
            <this_daypersons>0</this_daypersons>
            <this_budgetamt>0</this_budgetamt>
        </BCTDOUTGOLASTYEAR_row>
    </BCTDOUTGOLASTYEAR>
</tables>
