<?xml version="1.0" encoding="UTF-8"?>
<tables>
    <BCME3470>
        <BCME3470_row>
            <budgetno>00480000000</budgetno>
            <budgetname>原子能委員會主管</budgetname>
            <damt1>0.000000</damt1>
            <damt2>0.000000</damt2>
            <damt3>0.000000</damt3>
            <damt4>15745.000000</damt4>
            <damt5>1475.000000</damt5>
            <damt6>2012.000000</damt6>
            <damt7>489.000000</damt7>
            <damt8>0.000000</damt8>
            <damt9>0.000000</damt9>
            <damt10>19721.000000</damt10>
            <no1>18</no1>
            <no2>00</no2>
            <no3>00</no3>
            <no4>00</no4>
            <budgetno_conver>0048000000</budgetno_conver>
            <b_level>1</b_level>
        </BCME3470_row>
        <BCME3470_row>
            <budgetno>00480100000</budgetno>
            <budgetname>輻射偵測中心</budgetname>
            <damt1>0.000000</damt1>
            <damt2>0.000000</damt2>
            <damt3>0.000000</damt3>
            <damt4>15745.000000</damt4>
            <damt5>1475.000000</damt5>
            <damt6>2012.000000</damt6>
            <damt7>489.000000</damt7>
            <damt8>0.000000</damt8>
            <damt9>0.000000</damt9>
            <damt10>19721.000000</damt10>
            <no1>18</no1>
            <no2>02</no2>
            <no3>00</no3>
            <no4>00</no4>
            <budgetno_conver>0048100000</budgetno_conver>
            <b_level>2</b_level>
        </BCME3470_row>
        <BCME3470_row>
            <budgetno>72480100000</budgetno>
            <budgetname>環境保護支出</budgetname>
            <damt1>0.000000</damt1>
            <damt2>0.000000</damt2>
            <damt3>0.000000</damt3>
            <damt4>15745.000000</damt4>
            <damt5>1475.000000</damt5>
            <damt6>2012.000000</damt6>
            <damt7>489.000000</damt7>
            <damt8>0.000000</damt8>
            <damt9>0.000000</damt9>
            <damt10>19721.000000</damt10>
            <no1>18</no1>
            <no2/>
            <no3/>
            <no4>00</no4>
            <budgetno_conver>7248100000</budgetno_conver>
            <b_level>2</b_level>
        </BCME3470_row>
        <BCME3470_row>
            <budgetno>72480100100</budgetno>
            <budgetname>一般行政</budgetname>
            <damt1>0.000000</damt1>
            <damt2>0.000000</damt2>
            <damt3>0.000000</damt3>
            <damt4>6745.000000</damt4>
            <damt5>20.000000</damt5>
            <damt6>0.000000</damt6>
            <damt7>289.000000</damt7>
            <damt8>0.000000</damt8>
            <damt9>0.000000</damt9>
            <damt10>7054.000000</damt10>
            <no1>18</no1>
            <no2>02</no2>
            <no3>01</no3>
            <no4>00</no4>
            <budgetno_conver>7248100100</budgetno_conver>
            <b_level>3</b_level>
        </BCME3470_row>
        <BCME3470_row>
            <budgetno>72480101000</budgetno>
            <budgetname>環境輻射偵測</budgetname>
            <damt1>0.000000</damt1>
            <damt2>0.000000</damt2>
            <damt3>0.000000</damt3>
            <damt4>9000.000000</damt4>
            <damt5>0.000000</damt5>
            <damt6>2012.000000</damt6>
            <damt7>200.000000</damt7>
            <damt8>0.000000</damt8>
            <damt9>0.000000</damt9>
            <damt10>11212.000000</damt10>
            <no1>18</no1>
            <no2>02</no2>
            <no3>02</no3>
            <no4>00</no4>
            <budgetno_conver>7248101000</budgetno_conver>
            <b_level>3</b_level>
        </BCME3470_row>
        <BCME3470_row>
            <budgetno>72480109000</budgetno>
            <budgetname>一般建築及設備</budgetname>
            <damt1>0.000000</damt1>
            <damt2>0.000000</damt2>
            <damt3>0.000000</damt3>
            <damt4>0.000000</damt4>
            <damt5>1455.000000</damt5>
            <damt6>0.000000</damt6>
            <damt7>0.000000</damt7>
            <damt8>0.000000</damt8>
            <damt9>0.000000</damt9>
            <damt10>1455.000000</damt10>
            <no1>18</no1>
            <no2>02</no2>
            <no3>03</no3>
            <no4>00</no4>
            <budgetno_conver>7248109000</budgetno_conver>
            <b_level>3</b_level>
        </BCME3470_row>
        <BCME3470_row>
            <budgetno>72480109011</budgetno>
            <budgetname>交通及運輸設備 </budgetname>
            <damt1>0.000000</damt1>
            <damt2>0.000000</damt2>
            <damt3>0.000000</damt3>
            <damt4>0.000000</damt4>
            <damt5>1455.000000</damt5>
            <damt6>0.000000</damt6>
            <damt7>0.000000</damt7>
            <damt8>0.000000</damt8>
            <damt9>0.000000</damt9>
            <damt10>1455.000000</damt10>
            <no1>18</no1>
            <no2>02</no2>
            <no3>03</no3>
            <no4>01</no4>
            <budgetno_conver>7248109011</budgetno_conver>
            <b_level>4</b_level>
        </BCME3470_row>
    </BCME3470>
</tables>
