<?xml version="1.0" encoding="UTF-8"?>
<tables>
    <BCTDMANAMT>
        <BCTDMANAMT_row>
            <bn_fiscalyear>106</bn_fiscalyear>
            <bn_fundkind>1</bn_fundkind>
            <bn_budgetkind>1</bn_budgetkind>
            <bn_specialbudgetno/>
            <bn_agenno>48010</bn_agenno>
            <bn_agentype>C</bn_agentype>
            <bn_budgetstate>1</bn_budgetstate>
            <bn_budgetsource>1</bn_budgetsource>
            <bn_man1>31</bn_man1>
            <bn_man1_l>32</bn_man1_l>
            <bn_man2>0</bn_man2>
            <bn_man2_l>0</bn_man2_l>
            <bn_man3>4</bn_man3>
            <bn_man3_l>4</bn_man3_l>
            <bn_man4>2</bn_man4>
            <bn_man4_l>2</bn_man4_l>
            <bn_man5>0</bn_man5>
            <bn_man5_l>0</bn_man5_l>
            <bn_man6>0</bn_man6>
            <bn_man6_l>0</bn_man6_l>
            <bn_man7>0</bn_man7>
            <bn_man7_l>0</bn_man7_l>
            <bn_man8>0</bn_man8>
            <bn_man8_l>0</bn_man8_l>
            <bn_man9>2</bn_man9>
            <bn_man9_l>3</bn_man9_l>
            <bn_man10>0</bn_man10>
            <bn_man10_l>0</bn_man10_l>
            <bn_man11>0</bn_man11>
            <bn_man11_l>0</bn_man11_l>
            <bn_amt_man>48275000.00</bn_amt_man>
            <bn_amt_mngbsn>50496000.00</bn_amt_mngbsn>
            <bn_text>以業務費支付「勞務承攬」5.5人：辦理文書檔案電子資料處理及技術服務事項3人年列932千元；環境清潔維護2.5人年列800千元，合計1,732千元編列於「一般行政」工作計畫。</bn_text>
            <display_name>72480100100 一般行政</display_name>
        </BCTDMANAMT_row>
    </BCTDMANAMT>
</tables>
