<?xml version="1.0" encoding="UTF-8"?>
<tables>
    <BCME3450>
        <BCME3450_row>
            <objectNo>合計</objectNo>
            <budgetno_7248100100>61006.00</budgetno_7248100100>
            <budgetno_7248101000>17522.00</budgetno_7248101000>
            <budgetno_7248109011>1455.00</budgetno_7248109011>
            <budgetno_7248109800>10.00</budgetno_7248109800>
            <total>79993.00</total>
        </BCME3450_row>
        <BCME3450_row>
            <objectNo>0100 人事費</objectNo>
            <budgetno_7248100100>49570.00</budgetno_7248100100>
            <budgetno_7248101000/>
            <budgetno_7248109011/>
            <budgetno_7248109800/>
            <total>49570.00</total>
        </BCME3450_row>
        <BCME3450_row>
            <objectNo>  0103 法定編制人員待遇</objectNo>
            <budgetno_7248100100>30800.00</budgetno_7248100100>
            <budgetno_7248101000/>
            <budgetno_7248109011/>
            <budgetno_7248109800/>
            <total>30800.00</total>
        </BCME3450_row>
        <BCME3450_row>
            <objectNo>  0105 技工及工友待遇</objectNo>
            <budgetno_7248100100>3177.00</budgetno_7248100100>
            <budgetno_7248101000/>
            <budgetno_7248109011/>
            <budgetno_7248109800/>
            <total>3177.00</total>
        </BCME3450_row>
        <BCME3450_row>
            <objectNo>  0111 獎金</objectNo>
            <budgetno_7248100100>7902.00</budgetno_7248100100>
            <budgetno_7248101000/>
            <budgetno_7248109011/>
            <budgetno_7248109800/>
            <total>7902.00</total>
        </BCME3450_row>
        <BCME3450_row>
            <objectNo>  0121 其他給與</objectNo>
            <budgetno_7248100100>640.00</budgetno_7248100100>
            <budgetno_7248101000/>
            <budgetno_7248109011/>
            <budgetno_7248109800/>
            <total>640.00</total>
        </BCME3450_row>
        <BCME3450_row>
            <objectNo>  0131 加班值班費</objectNo>
            <budgetno_7248100100>1295.00</budgetno_7248100100>
            <budgetno_7248101000/>
            <budgetno_7248109011/>
            <budgetno_7248109800/>
            <total>1295.00</total>
        </BCME3450_row>
        <BCME3450_row>
            <objectNo>  0143 退休離職儲金</objectNo>
            <budgetno_7248100100>2590.00</budgetno_7248100100>
            <budgetno_7248101000/>
            <budgetno_7248109011/>
            <budgetno_7248109800/>
            <total>2590.00</total>
        </BCME3450_row>
        <BCME3450_row>
            <objectNo>  0151 保險</objectNo>
            <budgetno_7248100100>3166.00</budgetno_7248100100>
            <budgetno_7248101000/>
            <budgetno_7248109011/>
            <budgetno_7248109800/>
            <total>3166.00</total>
        </BCME3450_row>
        <BCME3450_row>
            <objectNo>0200 業務費</objectNo>
            <budgetno_7248100100>4316.00</budgetno_7248100100>
            <budgetno_7248101000>6310.00</budgetno_7248101000>
            <budgetno_7248109011/>
            <budgetno_7248109800/>
            <total>10626.00</total>
        </BCME3450_row>
        <BCME3450_row>
            <objectNo>  0201 教育訓練費</objectNo>
            <budgetno_7248100100/>
            <budgetno_7248101000>50.00</budgetno_7248101000>
            <budgetno_7248109011/>
            <budgetno_7248109800/>
            <total>50.00</total>
        </BCME3450_row>
        <BCME3450_row>
            <objectNo>  0202 水電費</objectNo>
            <budgetno_7248100100>1037.00</budgetno_7248100100>
            <budgetno_7248101000/>
            <budgetno_7248109011/>
            <budgetno_7248109800/>
            <total>1037.00</total>
        </BCME3450_row>
        <BCME3450_row>
            <objectNo>  0203 通訊費</objectNo>
            <budgetno_7248100100>200.00</budgetno_7248100100>
            <budgetno_7248101000>230.00</budgetno_7248101000>
            <budgetno_7248109011/>
            <budgetno_7248109800/>
            <total>430.00</total>
        </BCME3450_row>
        <BCME3450_row>
            <objectNo>  0211 土地租金</objectNo>
            <budgetno_7248100100/>
            <budgetno_7248101000>10.00</budgetno_7248101000>
            <budgetno_7248109011/>
            <budgetno_7248109800/>
            <total>10.00</total>
        </BCME3450_row>
        <BCME3450_row>
            <objectNo>  0215 資訊服務費</objectNo>
            <budgetno_7248100100>85.00</budgetno_7248100100>
            <budgetno_7248101000>320.00</budgetno_7248101000>
            <budgetno_7248109011/>
            <budgetno_7248109800/>
            <total>405.00</total>
        </BCME3450_row>
        <BCME3450_row>
            <objectNo>  0219 其他業務租金</objectNo>
            <budgetno_7248100100/>
            <budgetno_7248101000>80.00</budgetno_7248101000>
            <budgetno_7248109011/>
            <budgetno_7248109800/>
            <total>80.00</total>
        </BCME3450_row>
        <BCME3450_row>
            <objectNo>  0221 稅捐及規費</objectNo>
            <budgetno_7248100100>72.00</budgetno_7248100100>
            <budgetno_7248101000/>
            <budgetno_7248109011/>
            <budgetno_7248109800/>
            <total>72.00</total>
        </BCME3450_row>
        <BCME3450_row>
            <objectNo>  0231 保險費</objectNo>
            <budgetno_7248100100>253.00</budgetno_7248100100>
            <budgetno_7248101000/>
            <budgetno_7248109011/>
            <budgetno_7248109800/>
            <total>253.00</total>
        </BCME3450_row>
        <BCME3450_row>
            <objectNo>  0250 按日按件計資酬金</objectNo>
            <budgetno_7248100100/>
            <budgetno_7248101000>15.00</budgetno_7248101000>
            <budgetno_7248109011/>
            <budgetno_7248109800/>
            <total>15.00</total>
        </BCME3450_row>
        <BCME3450_row>
            <objectNo>  0271 物品</objectNo>
            <budgetno_7248100100>271.00</budgetno_7248100100>
            <budgetno_7248101000>1298.00</budgetno_7248101000>
            <budgetno_7248109011/>
            <budgetno_7248109800/>
            <total>1569.00</total>
        </BCME3450_row>
        <BCME3450_row>
            <objectNo>  0279 一般事務費</objectNo>
            <budgetno_7248100100>1864.00</budgetno_7248100100>
            <budgetno_7248101000>1880.00</budgetno_7248101000>
            <budgetno_7248109011/>
            <budgetno_7248109800/>
            <total>3744.00</total>
        </BCME3450_row>
        <BCME3450_row>
            <objectNo>  0282 房屋建築養護費</objectNo>
            <budgetno_7248100100>191.00</budgetno_7248100100>
            <budgetno_7248101000/>
            <budgetno_7248109011/>
            <budgetno_7248109800/>
            <total>191.00</total>
        </BCME3450_row>
        <BCME3450_row>
            <objectNo>  0283 車輛及辦公器具養護費</objectNo>
            <budgetno_7248100100>70.00</budgetno_7248100100>
            <budgetno_7248101000/>
            <budgetno_7248109011/>
            <budgetno_7248109800/>
            <total>70.00</total>
        </BCME3450_row>
        <BCME3450_row>
            <objectNo>  0284 設施及機械設備養護費</objectNo>
            <budgetno_7248100100>67.00</budgetno_7248100100>
            <budgetno_7248101000>1378.00</budgetno_7248101000>
            <budgetno_7248109011/>
            <budgetno_7248109800/>
            <total>1445.00</total>
        </BCME3450_row>
        <BCME3450_row>
            <objectNo>  0291 國內旅費</objectNo>
            <budgetno_7248100100>147.00</budgetno_7248100100>
            <budgetno_7248101000>550.00</budgetno_7248101000>
            <budgetno_7248109011/>
            <budgetno_7248109800/>
            <total>697.00</total>
        </BCME3450_row>
        <BCME3450_row>
            <objectNo>  0292 大陸地區旅費</objectNo>
            <budgetno_7248100100/>
            <budgetno_7248101000>126.00</budgetno_7248101000>
            <budgetno_7248109011/>
            <budgetno_7248109800/>
            <total>126.00</total>
        </BCME3450_row>
        <BCME3450_row>
            <objectNo>  0293 國外旅費</objectNo>
            <budgetno_7248100100/>
            <budgetno_7248101000>303.00</budgetno_7248101000>
            <budgetno_7248109011/>
            <budgetno_7248109800/>
            <total>303.00</total>
        </BCME3450_row>
        <BCME3450_row>
            <objectNo>  0294 運費</objectNo>
            <budgetno_7248100100/>
            <budgetno_7248101000>60.00</budgetno_7248101000>
            <budgetno_7248109011/>
            <budgetno_7248109800/>
            <total>60.00</total>
        </BCME3450_row>
        <BCME3450_row>
            <objectNo>  0295 短程車資</objectNo>
            <budgetno_7248100100/>
            <budgetno_7248101000>10.00</budgetno_7248101000>
            <budgetno_7248109011/>
            <budgetno_7248109800/>
            <total>10.00</total>
        </BCME3450_row>
        <BCME3450_row>
            <objectNo>  0299 特別費</objectNo>
            <budgetno_7248100100>59.00</budgetno_7248100100>
            <budgetno_7248101000/>
            <budgetno_7248109011/>
            <budgetno_7248109800/>
            <total>59.00</total>
        </BCME3450_row>
        <BCME3450_row>
            <objectNo>0300 設備及投資</objectNo>
            <budgetno_7248100100>7054.00</budgetno_7248100100>
            <budgetno_7248101000>11212.00</budgetno_7248101000>
            <budgetno_7248109011>1455.00</budgetno_7248109011>
            <budgetno_7248109800/>
            <total>19721.00</total>
        </BCME3450_row>
        <BCME3450_row>
            <objectNo>  0304 機械設備費</objectNo>
            <budgetno_7248100100>6745.00</budgetno_7248100100>
            <budgetno_7248101000>9000.00</budgetno_7248101000>
            <budgetno_7248109011/>
            <budgetno_7248109800/>
            <total>15745.00</total>
        </BCME3450_row>
        <BCME3450_row>
            <objectNo>  0305 運輸設備費</objectNo>
            <budgetno_7248100100>20.00</budgetno_7248100100>
            <budgetno_7248101000/>
            <budgetno_7248109011>1455.00</budgetno_7248109011>
            <budgetno_7248109800/>
            <total>1475.00</total>
        </BCME3450_row>
        <BCME3450_row>
            <objectNo>  0306 資訊軟硬體設備費</objectNo>
            <budgetno_7248100100/>
            <budgetno_7248101000>2012.00</budgetno_7248101000>
            <budgetno_7248109011/>
            <budgetno_7248109800/>
            <total>2012.00</total>
        </BCME3450_row>
        <BCME3450_row>
            <objectNo>  0319 雜項設備費</objectNo>
            <budgetno_7248100100>289.00</budgetno_7248100100>
            <budgetno_7248101000>200.00</budgetno_7248101000>
            <budgetno_7248109011/>
            <budgetno_7248109800/>
            <total>489.00</total>
        </BCME3450_row>
        <BCME3450_row>
            <objectNo>0400 獎補助費</objectNo>
            <budgetno_7248100100>66.00</budgetno_7248100100>
            <budgetno_7248101000/>
            <budgetno_7248109011/>
            <budgetno_7248109800/>
            <total>66.00</total>
        </BCME3450_row>
        <BCME3450_row>
            <objectNo>  0475 獎勵及慰問</objectNo>
            <budgetno_7248100100>66.00</budgetno_7248100100>
            <budgetno_7248101000/>
            <budgetno_7248109011/>
            <budgetno_7248109800/>
            <total>66.00</total>
        </BCME3450_row>
        <BCME3450_row>
            <objectNo>0900 預備金</objectNo>
            <budgetno_7248100100/>
            <budgetno_7248101000/>
            <budgetno_7248109011/>
            <budgetno_7248109800>10.00</budgetno_7248109800>
            <total>10.00</total>
        </BCME3450_row>
        <BCME3450_row>
            <objectNo>  0901 第一預備金</objectNo>
            <budgetno_7248100100/>
            <budgetno_7248101000/>
            <budgetno_7248109011/>
            <budgetno_7248109800>10.00</budgetno_7248109800>
            <total>10.00</total>
        </BCME3450_row>
    </BCME3450>
</tables>
