<?xml version="1.0" encoding="UTF-8"?>
<Root>
    <Row>
        <款>18</款>
        <項/>
        <目/>
        <節/>
        <科目名稱>原子能委員會主管</科目名稱>
        <人事費>49570</人事費>
        <業務費_經>10626</業務費_經>
        <奬補助費_經>66</奬補助費_經>
        <債務費>0</債務費>
        <預備金_經>10</預備金_經>
        <經常支出小計>60272</經常支出小計>
        <業務費_資>0</業務費_資>
        <設備及投資>19721</設備及投資>
        <奬補助費_資>0</奬補助費_資>
        <預備金_資>0</預備金_資>
        <資本支出小計>19721</資本支出小計>
        <合計>79993</合計>
    </Row>
    <Row>
        <款/>
        <項>2</項>
        <目/>
        <節/>
        <科目名稱>輻射偵測中心</科目名稱>
        <人事費>49570</人事費>
        <業務費_經>10626</業務費_經>
        <奬補助費_經>66</奬補助費_經>
        <債務費>0</債務費>
        <預備金_經>10</預備金_經>
        <經常支出小計>60272</經常支出小計>
        <業務費_資>0</業務費_資>
        <設備及投資>19721</設備及投資>
        <奬補助費_資>0</奬補助費_資>
        <預備金_資>0</預備金_資>
        <資本支出小計>19721</資本支出小計>
        <合計>79993</合計>
    </Row>
    <Row>
        <款/>
        <項/>
        <目/>
        <節/>
        <科目名稱>環境保護支出</科目名稱>
        <人事費>49570</人事費>
        <業務費_經>10626</業務費_經>
        <奬補助費_經>66</奬補助費_經>
        <債務費>0</債務費>
        <預備金_經>10</預備金_經>
        <經常支出小計>60272</經常支出小計>
        <業務費_資>0</業務費_資>
        <設備及投資>19721</設備及投資>
        <奬補助費_資>0</奬補助費_資>
        <預備金_資>0</預備金_資>
        <資本支出小計>19721</資本支出小計>
        <合計>79993</合計>
    </Row>
    <Row>
        <款/>
        <項/>
        <目>1</目>
        <節/>
        <科目名稱>一般行政</科目名稱>
        <人事費>49570</人事費>
        <業務費_經>4316</業務費_經>
        <奬補助費_經>66</奬補助費_經>
        <債務費>0</債務費>
        <預備金_經>0</預備金_經>
        <經常支出小計>53952</經常支出小計>
        <業務費_資>0</業務費_資>
        <設備及投資>7054</設備及投資>
        <奬補助費_資>0</奬補助費_資>
        <預備金_資>0</預備金_資>
        <資本支出小計>7054</資本支出小計>
        <合計>61006</合計>
    </Row>
    <Row>
        <款/>
        <項/>
        <目>2</目>
        <節/>
        <科目名稱>環境輻射偵測</科目名稱>
        <人事費>0</人事費>
        <業務費_經>6310</業務費_經>
        <奬補助費_經>0</奬補助費_經>
        <債務費>0</債務費>
        <預備金_經>0</預備金_經>
        <經常支出小計>6310</經常支出小計>
        <業務費_資>0</業務費_資>
        <設備及投資>11212</設備及投資>
        <奬補助費_資>0</奬補助費_資>
        <預備金_資>0</預備金_資>
        <資本支出小計>11212</資本支出小計>
        <合計>17522</合計>
    </Row>
    <Row>
        <款/>
        <項/>
        <目>3</目>
        <節/>
        <科目名稱>一般建築及設備</科目名稱>
        <人事費>0</人事費>
        <業務費_經>0</業務費_經>
        <奬補助費_經>0</奬補助費_經>
        <債務費>0</債務費>
        <預備金_經>0</預備金_經>
        <經常支出小計>0</經常支出小計>
        <業務費_資>0</業務費_資>
        <設備及投資>1455</設備及投資>
        <奬補助費_資>0</奬補助費_資>
        <預備金_資>0</預備金_資>
        <資本支出小計>1455</資本支出小計>
        <合計>1455</合計>
    </Row>
    <Row>
        <款/>
        <項/>
        <目/>
        <節>1</節>
        <科目名稱>交通及運輸設備 </科目名稱>
        <人事費>0</人事費>
        <業務費_經>0</業務費_經>
        <奬補助費_經>0</奬補助費_經>
        <債務費>0</債務費>
        <預備金_經>0</預備金_經>
        <經常支出小計>0</經常支出小計>
        <業務費_資>0</業務費_資>
        <設備及投資>1455</設備及投資>
        <奬補助費_資>0</奬補助費_資>
        <預備金_資>0</預備金_資>
        <資本支出小計>1455</資本支出小計>
        <合計>1455</合計>
    </Row>
    <Row>
        <款/>
        <項/>
        <目>4</目>
        <節/>
        <科目名稱>第一預備金</科目名稱>
        <人事費>0</人事費>
        <業務費_經>0</業務費_經>
        <奬補助費_經>0</奬補助費_經>
        <債務費>0</債務費>
        <預備金_經>10</預備金_經>
        <經常支出小計>10</經常支出小計>
        <業務費_資>0</業務費_資>
        <設備及投資>0</設備及投資>
        <奬補助費_資>0</奬補助費_資>
        <預備金_資>0</預備金_資>
        <資本支出小計>0</資本支出小計>
        <合計>10</合計>
    </Row>
</Root>
