<?xml version="1.0" encoding="UTF-8"?>
<tables>
    <BCTDMANAMT>
        <BCTDMANAMT_row>
            <bn_fiscalyear>104</bn_fiscalyear>
            <bn_fundkind>1</bn_fundkind>
            <bn_budgetkind>1</bn_budgetkind>
            <bn_specialbudgetno/>
            <bn_agenno>23030</bn_agenno>
            <bn_agentype>C</bn_agentype>
            <bn_budgetstate>2</bn_budgetstate>
            <bn_budgetsource>1</bn_budgetsource>
            <bn_man1>297</bn_man1>
            <bn_man1_l>297</bn_man1_l>
            <bn_man2>0</bn_man2>
            <bn_man2_l>0</bn_man2_l>
            <bn_man3>1</bn_man3>
            <bn_man3_l>1</bn_man3_l>
            <bn_man4>12</bn_man4>
            <bn_man4_l>12</bn_man4_l>
            <bn_man5>0</bn_man5>
            <bn_man5_l>0</bn_man5_l>
            <bn_man6>0</bn_man6>
            <bn_man6_l>0</bn_man6_l>
            <bn_man7>25</bn_man7>
            <bn_man7_l>25</bn_man7_l>
            <bn_man8>0</bn_man8>
            <bn_man8_l>0</bn_man8_l>
            <bn_man9>11</bn_man9>
            <bn_man9_l>12</bn_man9_l>
            <bn_man10>0</bn_man10>
            <bn_man10_l>0</bn_man10_l>
            <bn_man11>0</bn_man11>
            <bn_man11_l>0</bn_man11_l>
            <bn_amt_man>597242000.00</bn_amt_man>
            <bn_amt_mngbsn>566935000.00</bn_amt_mngbsn>
            <bn_text>&amp;lt;#H1&amp;gt;本年度預算員額346人，較上年度減列駕駛1人。&amp;lt;#H1&amp;gt;以「一般行政－基本行政工作維持」之業務費項下，預計進用派遣人力11人，經費3,680千元及勞務承攬1人，經費900千元。&#xd;
</bn_text>
            <display_name>35230300100 一般行政</display_name>
        </BCTDMANAMT_row>
    </BCTDMANAMT>
</tables>
