<?xml version="1.0" encoding="UTF-8"?>
<tables>
    <BCME3410>
        <BCME3410_row>
            <budgetno/>
            <agenno/>
            <agentype/>
            <mh_budgetname>合         計</mh_budgetname>
            <budgetno_conver/>
            <tyear_amt>1607.000000</tyear_amt>
            <lyear_amt>1419.000000</lyear_amt>
            <byear_amt>2461.000000</byear_amt>
            <b_amt>188.000000</b_amt>
            <bc_content/>
        </BCME3410_row>
        <BCME3410_row>
            <budgetno>04000000000</budgetno>
            <agenno>23030</agenno>
            <agentype>C</agentype>
            <mh_budgetname>罰款及賠償收入</mh_budgetname>
            <budgetno_conver>0400000000</budgetno_conver>
            <tyear_amt>484.000000</tyear_amt>
            <lyear_amt>290.000000</lyear_amt>
            <byear_amt>911.000000</byear_amt>
            <b_amt>194.000000</b_amt>
            <bc_content/>
        </BCME3410_row>
        <BCME3410_row>
            <budgetno>04230300000</budgetno>
            <agenno>23030</agenno>
            <agentype>C</agentype>
            <mh_budgetname>臺灣高等法院檢察署</mh_budgetname>
            <budgetno_conver>0423300000</budgetno_conver>
            <tyear_amt>484.000000</tyear_amt>
            <lyear_amt>290.000000</lyear_amt>
            <byear_amt>911.000000</byear_amt>
            <b_amt>194.000000</b_amt>
            <bc_content/>
        </BCME3410_row>
        <BCME3410_row>
            <budgetno>04230300100</budgetno>
            <agenno>23030</agenno>
            <agentype>C</agentype>
            <mh_budgetname>罰金罰鍰及怠金</mh_budgetname>
            <budgetno_conver>0423300100</budgetno_conver>
            <tyear_amt>281.000000</tyear_amt>
            <lyear_amt>255.000000</lyear_amt>
            <byear_amt>287.000000</byear_amt>
            <b_amt>26.000000</b_amt>
            <bc_content/>
        </BCME3410_row>
        <BCME3410_row>
            <budgetno>04230300101</budgetno>
            <agenno>23030</agenno>
            <agentype>C</agentype>
            <mh_budgetname>罰金罰鍰</mh_budgetname>
            <budgetno_conver>0423300101</budgetno_conver>
            <tyear_amt>281.000000</tyear_amt>
            <lyear_amt>255.000000</lyear_amt>
            <byear_amt>287.000000</byear_amt>
            <b_amt>26.000000</b_amt>
            <bc_content>本年度預算數係法院判決罰金或得易科罰金等收入。</bc_content>
        </BCME3410_row>
        <BCME3410_row>
            <budgetno>04230300200</budgetno>
            <agenno>23030</agenno>
            <agentype>C</agentype>
            <mh_budgetname>沒入及沒收財物</mh_budgetname>
            <budgetno_conver>0423300200</budgetno_conver>
            <tyear_amt>169.000000</tyear_amt>
            <lyear_amt>0.000000</lyear_amt>
            <byear_amt>589.000000</byear_amt>
            <b_amt>169.000000</b_amt>
            <bc_content/>
        </BCME3410_row>
        <BCME3410_row>
            <budgetno>04230300201</budgetno>
            <agenno>23030</agenno>
            <agentype>C</agentype>
            <mh_budgetname>沒入金</mh_budgetname>
            <budgetno_conver>0423300201</budgetno_conver>
            <tyear_amt>169.000000</tyear_amt>
            <lyear_amt>0.000000</lyear_amt>
            <byear_amt>589.000000</byear_amt>
            <b_amt>169.000000</b_amt>
            <bc_content>本年度預算數係法院判決確定沒入扣押款收入。</bc_content>
        </BCME3410_row>
        <BCME3410_row>
            <budgetno>04230300300</budgetno>
            <agenno>23030</agenno>
            <agentype>C</agentype>
            <mh_budgetname>賠償收入</mh_budgetname>
            <budgetno_conver>0423300300</budgetno_conver>
            <tyear_amt>34.000000</tyear_amt>
            <lyear_amt>35.000000</lyear_amt>
            <byear_amt>35.000000</byear_amt>
            <b_amt>-1.000000</b_amt>
            <bc_content/>
        </BCME3410_row>
        <BCME3410_row>
            <budgetno>04230300301</budgetno>
            <agenno>23030</agenno>
            <agentype>C</agentype>
            <mh_budgetname>一般賠償收入</mh_budgetname>
            <budgetno_conver>0423300301</budgetno_conver>
            <tyear_amt>34.000000</tyear_amt>
            <lyear_amt>35.000000</lyear_amt>
            <byear_amt>35.000000</byear_amt>
            <b_amt>-1.000000</b_amt>
            <bc_content>本年度預算數係廠商違約逾期交貨之賠償收入。&#xd;
</bc_content>
        </BCME3410_row>
        <BCME3410_row>
            <budgetno>05000000000</budgetno>
            <agenno>23030</agenno>
            <agentype>C</agentype>
            <mh_budgetname>規費收入</mh_budgetname>
            <budgetno_conver>0500000000</budgetno_conver>
            <tyear_amt>0.000000</tyear_amt>
            <lyear_amt>0.000000</lyear_amt>
            <byear_amt>867.000000</byear_amt>
            <b_amt>0.000000</b_amt>
            <bc_content/>
        </BCME3410_row>
        <BCME3410_row>
            <budgetno>05230300000</budgetno>
            <agenno>23030</agenno>
            <agentype>C</agentype>
            <mh_budgetname>臺灣高等法院檢察署</mh_budgetname>
            <budgetno_conver>0523300000</budgetno_conver>
            <tyear_amt>0.000000</tyear_amt>
            <lyear_amt>0.000000</lyear_amt>
            <byear_amt>867.000000</byear_amt>
            <b_amt>0.000000</b_amt>
            <bc_content/>
        </BCME3410_row>
        <BCME3410_row>
            <budgetno>05230300300</budgetno>
            <agenno>23030</agenno>
            <agentype>C</agentype>
            <mh_budgetname>使用規費收入</mh_budgetname>
            <budgetno_conver>0523300300</budgetno_conver>
            <tyear_amt>0.000000</tyear_amt>
            <lyear_amt>0.000000</lyear_amt>
            <byear_amt>867.000000</byear_amt>
            <b_amt>0.000000</b_amt>
            <bc_content/>
        </BCME3410_row>
        <BCME3410_row>
            <budgetno>05230300305</budgetno>
            <agenno>23030</agenno>
            <agentype>C</agentype>
            <mh_budgetname>資料使用費</mh_budgetname>
            <budgetno_conver>0523300305</budgetno_conver>
            <tyear_amt>0.000000</tyear_amt>
            <lyear_amt>0.000000</lyear_amt>
            <byear_amt>22.000000</byear_amt>
            <b_amt>0.000000</b_amt>
            <bc_content>前年度決算數係出售招標文件等工本費收入。</bc_content>
        </BCME3410_row>
        <BCME3410_row>
            <budgetno>05230300312</budgetno>
            <agenno>23030</agenno>
            <agentype>C</agentype>
            <mh_budgetname>場地設施使用費</mh_budgetname>
            <budgetno_conver>0523300312</budgetno_conver>
            <tyear_amt>0.000000</tyear_amt>
            <lyear_amt>0.000000</lyear_amt>
            <byear_amt>845.000000</byear_amt>
            <b_amt>0.000000</b_amt>
            <bc_content>前年度決算數係借用宿舍員工自薪資扣回繳庫數及宿舍管理費等收入。</bc_content>
        </BCME3410_row>
        <BCME3410_row>
            <budgetno>07000000000</budgetno>
            <agenno>23030</agenno>
            <agentype>C</agentype>
            <mh_budgetname>財產收入</mh_budgetname>
            <budgetno_conver>0700000000</budgetno_conver>
            <tyear_amt>86.000000</tyear_amt>
            <lyear_amt>92.000000</lyear_amt>
            <byear_amt>72.000000</byear_amt>
            <b_amt>-6.000000</b_amt>
            <bc_content/>
        </BCME3410_row>
        <BCME3410_row>
            <budgetno>07230300000</budgetno>
            <agenno>23030</agenno>
            <agentype>C</agentype>
            <mh_budgetname>臺灣高等法院檢察署</mh_budgetname>
            <budgetno_conver>0723300000</budgetno_conver>
            <tyear_amt>86.000000</tyear_amt>
            <lyear_amt>92.000000</lyear_amt>
            <byear_amt>72.000000</byear_amt>
            <b_amt>-6.000000</b_amt>
            <bc_content/>
        </BCME3410_row>
        <BCME3410_row>
            <budgetno>07230300600</budgetno>
            <agenno>23030</agenno>
            <agentype>C</agentype>
            <mh_budgetname>廢舊物資售價</mh_budgetname>
            <budgetno_conver>0723300600</budgetno_conver>
            <tyear_amt>86.000000</tyear_amt>
            <lyear_amt>92.000000</lyear_amt>
            <byear_amt>72.000000</byear_amt>
            <b_amt>-6.000000</b_amt>
            <bc_content>本年度預算數係出售廢舊物品等收入。</bc_content>
        </BCME3410_row>
        <BCME3410_row>
            <budgetno>11000000000</budgetno>
            <agenno>23030</agenno>
            <agentype>C</agentype>
            <mh_budgetname>其他收入</mh_budgetname>
            <budgetno_conver>1100000000</budgetno_conver>
            <tyear_amt>1037.000000</tyear_amt>
            <lyear_amt>1037.000000</lyear_amt>
            <byear_amt>612.000000</byear_amt>
            <b_amt>0.000000</b_amt>
            <bc_content/>
        </BCME3410_row>
        <BCME3410_row>
            <budgetno>11230300000</budgetno>
            <agenno>23030</agenno>
            <agentype>C</agentype>
            <mh_budgetname>臺灣高等法院檢察署</mh_budgetname>
            <budgetno_conver>1123300000</budgetno_conver>
            <tyear_amt>1037.000000</tyear_amt>
            <lyear_amt>1037.000000</lyear_amt>
            <byear_amt>612.000000</byear_amt>
            <b_amt>0.000000</b_amt>
            <bc_content/>
        </BCME3410_row>
        <BCME3410_row>
            <budgetno>11230300900</budgetno>
            <agenno>23030</agenno>
            <agentype>C</agentype>
            <mh_budgetname>雜項收入</mh_budgetname>
            <budgetno_conver>1123300900</budgetno_conver>
            <tyear_amt>1037.000000</tyear_amt>
            <lyear_amt>1037.000000</lyear_amt>
            <byear_amt>612.000000</byear_amt>
            <b_amt>0.000000</b_amt>
            <bc_content/>
        </BCME3410_row>
        <BCME3410_row>
            <budgetno>11230300901</budgetno>
            <agenno>23030</agenno>
            <agentype>C</agentype>
            <mh_budgetname>收回以前年度歲出</mh_budgetname>
            <budgetno_conver>1123300901</budgetno_conver>
            <tyear_amt>0.000000</tyear_amt>
            <lyear_amt>0.000000</lyear_amt>
            <byear_amt>83.000000</byear_amt>
            <b_amt>0.000000</b_amt>
            <bc_content>前年度決算數係收回裁判費及執行費等繳庫數。</bc_content>
        </BCME3410_row>
        <BCME3410_row>
            <budgetno>11230300909</budgetno>
            <agenno>23030</agenno>
            <agentype>C</agentype>
            <mh_budgetname>其他雜項收入</mh_budgetname>
            <budgetno_conver>1123300909</budgetno_conver>
            <tyear_amt>1037.000000</tyear_amt>
            <lyear_amt>1037.000000</lyear_amt>
            <byear_amt>528.000000</byear_amt>
            <b_amt>0.000000</b_amt>
            <bc_content>本年度預算數係出售招標文件、借用宿舍員工自薪資扣回繳庫數及宿舍管理費等收入。</bc_content>
        </BCME3410_row>
    </BCME3410>
</tables>
