<?xml version="1.0" encoding="UTF-8"?>
<tables>
    <BCTDBUDGETDETAIL>
        <BCTDBUDGETDETAIL_row>
            <ba_fiscalyear>105</ba_fiscalyear>
            <ba_fundkind>1</ba_fundkind>
            <ba_budgetkind>1</ba_budgetkind>
            <ba_specialbudgetno/>
            <ba_agenno>23017003</ba_agenno>
            <ba_agentype>C</ba_agentype>
            <ba_budgetstate>1</ba_budgetstate>
            <ba_versiondate/>
            <ba_budgetyear>105</ba_budgetyear>
            <ba_budgetno>35230174100</ba_budgetno>
            <ba_subprojectno>01</ba_subprojectno>
            <ba_departno>01</ba_departno>
            <ba_objectno>0103</ba_objectno>
            <ba_budgettype>E</ba_budgettype>
            <ba_budgetsource>1</ba_budgetsource>
            <ba_mergetype>1</ba_mergetype>
            <ba_budgetamt>79903000.00</ba_budgetamt>
            <ba_flowflag/>
            <ba_signflag/>
            <ba_signno/>
            <ba_key>11  </ba_key>
        </BCTDBUDGETDETAIL_row>
        <BCTDBUDGETDETAIL_row>
            <ba_fiscalyear>105</ba_fiscalyear>
            <ba_fundkind>1</ba_fundkind>
            <ba_budgetkind>1</ba_budgetkind>
            <ba_specialbudgetno/>
            <ba_agenno>23017003</ba_agenno>
            <ba_agentype>C</ba_agentype>
            <ba_budgetstate>1</ba_budgetstate>
            <ba_versiondate/>
            <ba_budgetyear>105</ba_budgetyear>
            <ba_budgetno>35230174100</ba_budgetno>
            <ba_subprojectno>01</ba_subprojectno>
            <ba_departno>01</ba_departno>
            <ba_objectno>0104</ba_objectno>
            <ba_budgettype>E</ba_budgettype>
            <ba_budgetsource>1</ba_budgetsource>
            <ba_mergetype>1</ba_mergetype>
            <ba_budgetamt>4264000.00</ba_budgetamt>
            <ba_flowflag/>
            <ba_signflag/>
            <ba_signno/>
            <ba_key>11  </ba_key>
        </BCTDBUDGETDETAIL_row>
        <BCTDBUDGETDETAIL_row>
            <ba_fiscalyear>105</ba_fiscalyear>
            <ba_fundkind>1</ba_fundkind>
            <ba_budgetkind>1</ba_budgetkind>
            <ba_specialbudgetno/>
            <ba_agenno>23017003</ba_agenno>
            <ba_agentype>C</ba_agentype>
            <ba_budgetstate>1</ba_budgetstate>
            <ba_versiondate/>
            <ba_budgetyear>105</ba_budgetyear>
            <ba_budgetno>35230174100</ba_budgetno>
            <ba_subprojectno>01</ba_subprojectno>
            <ba_departno>01</ba_departno>
            <ba_objectno>0105</ba_objectno>
            <ba_budgettype>E</ba_budgettype>
            <ba_budgetsource>1</ba_budgetsource>
            <ba_mergetype>1</ba_mergetype>
            <ba_budgetamt>2320000.00</ba_budgetamt>
            <ba_flowflag/>
            <ba_signflag/>
            <ba_signno/>
            <ba_key>11  </ba_key>
        </BCTDBUDGETDETAIL_row>
        <BCTDBUDGETDETAIL_row>
            <ba_fiscalyear>105</ba_fiscalyear>
            <ba_fundkind>1</ba_fundkind>
            <ba_budgetkind>1</ba_budgetkind>
            <ba_specialbudgetno/>
            <ba_agenno>23017003</ba_agenno>
            <ba_agentype>C</ba_agentype>
            <ba_budgetstate>1</ba_budgetstate>
            <ba_versiondate/>
            <ba_budgetyear>105</ba_budgetyear>
            <ba_budgetno>35230174100</ba_budgetno>
            <ba_subprojectno>01</ba_subprojectno>
            <ba_departno>01</ba_departno>
            <ba_objectno>0111</ba_objectno>
            <ba_budgettype>E</ba_budgettype>
            <ba_budgetsource>1</ba_budgetsource>
            <ba_mergetype>1</ba_mergetype>
            <ba_budgetamt>17394000.00</ba_budgetamt>
            <ba_flowflag/>
            <ba_signflag/>
            <ba_signno/>
            <ba_key>11  </ba_key>
        </BCTDBUDGETDETAIL_row>
        <BCTDBUDGETDETAIL_row>
            <ba_fiscalyear>105</ba_fiscalyear>
            <ba_fundkind>1</ba_fundkind>
            <ba_budgetkind>1</ba_budgetkind>
            <ba_specialbudgetno/>
            <ba_agenno>23017003</ba_agenno>
            <ba_agentype>C</ba_agentype>
            <ba_budgetstate>1</ba_budgetstate>
            <ba_versiondate/>
            <ba_budgetyear>105</ba_budgetyear>
            <ba_budgetno>35230174100</ba_budgetno>
            <ba_subprojectno>01</ba_subprojectno>
            <ba_departno>01</ba_departno>
            <ba_objectno>0121</ba_objectno>
            <ba_budgettype>E</ba_budgettype>
            <ba_budgetsource>1</ba_budgetsource>
            <ba_mergetype>1</ba_mergetype>
            <ba_budgetamt>1315000.00</ba_budgetamt>
            <ba_flowflag/>
            <ba_signflag/>
            <ba_signno/>
            <ba_key>11  </ba_key>
        </BCTDBUDGETDETAIL_row>
        <BCTDBUDGETDETAIL_row>
            <ba_fiscalyear>105</ba_fiscalyear>
            <ba_fundkind>1</ba_fundkind>
            <ba_budgetkind>1</ba_budgetkind>
            <ba_specialbudgetno/>
            <ba_agenno>23017003</ba_agenno>
            <ba_agentype>C</ba_agentype>
            <ba_budgetstate>1</ba_budgetstate>
            <ba_versiondate/>
            <ba_budgetyear>105</ba_budgetyear>
            <ba_budgetno>35230174100</ba_budgetno>
            <ba_subprojectno>01</ba_subprojectno>
            <ba_departno>01</ba_departno>
            <ba_objectno>0131</ba_objectno>
            <ba_budgettype>E</ba_budgettype>
            <ba_budgetsource>1</ba_budgetsource>
            <ba_mergetype>1</ba_mergetype>
            <ba_budgetamt>11475000.00</ba_budgetamt>
            <ba_flowflag/>
            <ba_signflag/>
            <ba_signno/>
            <ba_key>11  </ba_key>
        </BCTDBUDGETDETAIL_row>
        <BCTDBUDGETDETAIL_row>
            <ba_fiscalyear>105</ba_fiscalyear>
            <ba_fundkind>1</ba_fundkind>
            <ba_budgetkind>1</ba_budgetkind>
            <ba_specialbudgetno/>
            <ba_agenno>23017003</ba_agenno>
            <ba_agentype>C</ba_agentype>
            <ba_budgetstate>1</ba_budgetstate>
            <ba_versiondate/>
            <ba_budgetyear>105</ba_budgetyear>
            <ba_budgetno>35230174100</ba_budgetno>
            <ba_subprojectno>01</ba_subprojectno>
            <ba_departno>01</ba_departno>
            <ba_objectno>0143</ba_objectno>
            <ba_budgettype>E</ba_budgettype>
            <ba_budgetsource>1</ba_budgetsource>
            <ba_mergetype>1</ba_mergetype>
            <ba_budgetamt>9474000.00</ba_budgetamt>
            <ba_flowflag/>
            <ba_signflag/>
            <ba_signno/>
            <ba_key>11  </ba_key>
        </BCTDBUDGETDETAIL_row>
        <BCTDBUDGETDETAIL_row>
            <ba_fiscalyear>105</ba_fiscalyear>
            <ba_fundkind>1</ba_fundkind>
            <ba_budgetkind>1</ba_budgetkind>
            <ba_specialbudgetno/>
            <ba_agenno>23017003</ba_agenno>
            <ba_agentype>C</ba_agentype>
            <ba_budgetstate>1</ba_budgetstate>
            <ba_versiondate/>
            <ba_budgetyear>105</ba_budgetyear>
            <ba_budgetno>35230174100</ba_budgetno>
            <ba_subprojectno>01</ba_subprojectno>
            <ba_departno>01</ba_departno>
            <ba_objectno>0151</ba_objectno>
            <ba_budgettype>E</ba_budgettype>
            <ba_budgetsource>1</ba_budgetsource>
            <ba_mergetype>1</ba_mergetype>
            <ba_budgetamt>8174000.00</ba_budgetamt>
            <ba_flowflag/>
            <ba_signflag/>
            <ba_signno/>
            <ba_key>11  </ba_key>
        </BCTDBUDGETDETAIL_row>
        <BCTDBUDGETDETAIL_row>
            <ba_fiscalyear>105</ba_fiscalyear>
            <ba_fundkind>1</ba_fundkind>
            <ba_budgetkind>1</ba_budgetkind>
            <ba_specialbudgetno/>
            <ba_agenno>23017003</ba_agenno>
            <ba_agentype>C</ba_agentype>
            <ba_budgetstate>1</ba_budgetstate>
            <ba_versiondate/>
            <ba_budgetyear>105</ba_budgetyear>
            <ba_budgetno>35230174100</ba_budgetno>
            <ba_subprojectno>02</ba_subprojectno>
            <ba_departno>01</ba_departno>
            <ba_objectno>0201</ba_objectno>
            <ba_budgettype>E</ba_budgettype>
            <ba_budgetsource>1</ba_budgetsource>
            <ba_mergetype>1</ba_mergetype>
            <ba_budgetamt>136000.00</ba_budgetamt>
            <ba_flowflag/>
            <ba_signflag/>
            <ba_signno/>
            <ba_key>11  </ba_key>
        </BCTDBUDGETDETAIL_row>
        <BCTDBUDGETDETAIL_row>
            <ba_fiscalyear>105</ba_fiscalyear>
            <ba_fundkind>1</ba_fundkind>
            <ba_budgetkind>1</ba_budgetkind>
            <ba_specialbudgetno/>
            <ba_agenno>23017003</ba_agenno>
            <ba_agentype>C</ba_agentype>
            <ba_budgetstate>1</ba_budgetstate>
            <ba_versiondate/>
            <ba_budgetyear>105</ba_budgetyear>
            <ba_budgetno>35230174100</ba_budgetno>
            <ba_subprojectno>02</ba_subprojectno>
            <ba_departno>01</ba_departno>
            <ba_objectno>0202</ba_objectno>
            <ba_budgettype>E</ba_budgettype>
            <ba_budgetsource>1</ba_budgetsource>
            <ba_mergetype>1</ba_mergetype>
            <ba_budgetamt>2149000.00</ba_budgetamt>
            <ba_flowflag/>
            <ba_signflag/>
            <ba_signno/>
            <ba_key>11  </ba_key>
        </BCTDBUDGETDETAIL_row>
        <BCTDBUDGETDETAIL_row>
            <ba_fiscalyear>105</ba_fiscalyear>
            <ba_fundkind>1</ba_fundkind>
            <ba_budgetkind>1</ba_budgetkind>
            <ba_specialbudgetno/>
            <ba_agenno>23017003</ba_agenno>
            <ba_agentype>C</ba_agentype>
            <ba_budgetstate>1</ba_budgetstate>
            <ba_versiondate/>
            <ba_budgetyear>105</ba_budgetyear>
            <ba_budgetno>35230174100</ba_budgetno>
            <ba_subprojectno>02</ba_subprojectno>
            <ba_departno>01</ba_departno>
            <ba_objectno>0203</ba_objectno>
            <ba_budgettype>E</ba_budgettype>
            <ba_budgetsource>1</ba_budgetsource>
            <ba_mergetype>1</ba_mergetype>
            <ba_budgetamt>380000.00</ba_budgetamt>
            <ba_flowflag/>
            <ba_signflag/>
            <ba_signno/>
            <ba_key>11  </ba_key>
        </BCTDBUDGETDETAIL_row>
        <BCTDBUDGETDETAIL_row>
            <ba_fiscalyear>105</ba_fiscalyear>
            <ba_fundkind>1</ba_fundkind>
            <ba_budgetkind>1</ba_budgetkind>
            <ba_specialbudgetno/>
            <ba_agenno>23017003</ba_agenno>
            <ba_agentype>C</ba_agentype>
            <ba_budgetstate>1</ba_budgetstate>
            <ba_versiondate/>
            <ba_budgetyear>105</ba_budgetyear>
            <ba_budgetno>35230174100</ba_budgetno>
            <ba_subprojectno>02</ba_subprojectno>
            <ba_departno>01</ba_departno>
            <ba_objectno>0215</ba_objectno>
            <ba_budgettype>E</ba_budgettype>
            <ba_budgetsource>1</ba_budgetsource>
            <ba_mergetype>1</ba_mergetype>
            <ba_budgetamt>180000.00</ba_budgetamt>
            <ba_flowflag/>
            <ba_signflag/>
            <ba_signno/>
            <ba_key>11  </ba_key>
        </BCTDBUDGETDETAIL_row>
        <BCTDBUDGETDETAIL_row>
            <ba_fiscalyear>105</ba_fiscalyear>
            <ba_fundkind>1</ba_fundkind>
            <ba_budgetkind>1</ba_budgetkind>
            <ba_specialbudgetno/>
            <ba_agenno>23017003</ba_agenno>
            <ba_agentype>C</ba_agentype>
            <ba_budgetstate>1</ba_budgetstate>
            <ba_versiondate/>
            <ba_budgetyear>105</ba_budgetyear>
            <ba_budgetno>35230174100</ba_budgetno>
            <ba_subprojectno>02</ba_subprojectno>
            <ba_departno>01</ba_departno>
            <ba_objectno>0219</ba_objectno>
            <ba_budgettype>E</ba_budgettype>
            <ba_budgetsource>1</ba_budgetsource>
            <ba_mergetype>1</ba_mergetype>
            <ba_budgetamt>180000.00</ba_budgetamt>
            <ba_flowflag/>
            <ba_signflag/>
            <ba_signno/>
            <ba_key>11  </ba_key>
        </BCTDBUDGETDETAIL_row>
        <BCTDBUDGETDETAIL_row>
            <ba_fiscalyear>105</ba_fiscalyear>
            <ba_fundkind>1</ba_fundkind>
            <ba_budgetkind>1</ba_budgetkind>
            <ba_specialbudgetno/>
            <ba_agenno>23017003</ba_agenno>
            <ba_agentype>C</ba_agentype>
            <ba_budgetstate>1</ba_budgetstate>
            <ba_versiondate/>
            <ba_budgetyear>105</ba_budgetyear>
            <ba_budgetno>35230174100</ba_budgetno>
            <ba_subprojectno>02</ba_subprojectno>
            <ba_departno>01</ba_departno>
            <ba_objectno>0221</ba_objectno>
            <ba_budgettype>E</ba_budgettype>
            <ba_budgetsource>1</ba_budgetsource>
            <ba_mergetype>1</ba_mergetype>
            <ba_budgetamt>53000.00</ba_budgetamt>
            <ba_flowflag/>
            <ba_signflag/>
            <ba_signno/>
            <ba_key>11  </ba_key>
        </BCTDBUDGETDETAIL_row>
        <BCTDBUDGETDETAIL_row>
            <ba_fiscalyear>105</ba_fiscalyear>
            <ba_fundkind>1</ba_fundkind>
            <ba_budgetkind>1</ba_budgetkind>
            <ba_specialbudgetno/>
            <ba_agenno>23017003</ba_agenno>
            <ba_agentype>C</ba_agentype>
            <ba_budgetstate>1</ba_budgetstate>
            <ba_versiondate/>
            <ba_budgetyear>105</ba_budgetyear>
            <ba_budgetno>35230174100</ba_budgetno>
            <ba_subprojectno>02</ba_subprojectno>
            <ba_departno>01</ba_departno>
            <ba_objectno>0231</ba_objectno>
            <ba_budgettype>E</ba_budgettype>
            <ba_budgetsource>1</ba_budgetsource>
            <ba_mergetype>1</ba_mergetype>
            <ba_budgetamt>80000.00</ba_budgetamt>
            <ba_flowflag/>
            <ba_signflag/>
            <ba_signno/>
            <ba_key>11  </ba_key>
        </BCTDBUDGETDETAIL_row>
        <BCTDBUDGETDETAIL_row>
            <ba_fiscalyear>105</ba_fiscalyear>
            <ba_fundkind>1</ba_fundkind>
            <ba_budgetkind>1</ba_budgetkind>
            <ba_specialbudgetno/>
            <ba_agenno>23017003</ba_agenno>
            <ba_agentype>C</ba_agentype>
            <ba_budgetstate>1</ba_budgetstate>
            <ba_versiondate/>
            <ba_budgetyear>105</ba_budgetyear>
            <ba_budgetno>35230174100</ba_budgetno>
            <ba_subprojectno>02</ba_subprojectno>
            <ba_departno>01</ba_departno>
            <ba_objectno>0262</ba_objectno>
            <ba_budgettype>E</ba_budgettype>
            <ba_budgetsource>1</ba_budgetsource>
            <ba_mergetype>1</ba_mergetype>
            <ba_budgetamt>8000.00</ba_budgetamt>
            <ba_flowflag/>
            <ba_signflag/>
            <ba_signno/>
            <ba_key>11  </ba_key>
        </BCTDBUDGETDETAIL_row>
        <BCTDBUDGETDETAIL_row>
            <ba_fiscalyear>105</ba_fiscalyear>
            <ba_fundkind>1</ba_fundkind>
            <ba_budgetkind>1</ba_budgetkind>
            <ba_specialbudgetno/>
            <ba_agenno>23017003</ba_agenno>
            <ba_agentype>C</ba_agentype>
            <ba_budgetstate>1</ba_budgetstate>
            <ba_versiondate/>
            <ba_budgetyear>105</ba_budgetyear>
            <ba_budgetno>35230174100</ba_budgetno>
            <ba_subprojectno>02</ba_subprojectno>
            <ba_departno>01</ba_departno>
            <ba_objectno>0271</ba_objectno>
            <ba_budgettype>E</ba_budgettype>
            <ba_budgetsource>1</ba_budgetsource>
            <ba_mergetype>1</ba_mergetype>
            <ba_budgetamt>1805000.00</ba_budgetamt>
            <ba_flowflag/>
            <ba_signflag/>
            <ba_signno/>
            <ba_key>11  </ba_key>
        </BCTDBUDGETDETAIL_row>
        <BCTDBUDGETDETAIL_row>
            <ba_fiscalyear>105</ba_fiscalyear>
            <ba_fundkind>1</ba_fundkind>
            <ba_budgetkind>1</ba_budgetkind>
            <ba_specialbudgetno/>
            <ba_agenno>23017003</ba_agenno>
            <ba_agentype>C</ba_agentype>
            <ba_budgetstate>1</ba_budgetstate>
            <ba_versiondate/>
            <ba_budgetyear>105</ba_budgetyear>
            <ba_budgetno>35230174100</ba_budgetno>
            <ba_subprojectno>02</ba_subprojectno>
            <ba_departno>01</ba_departno>
            <ba_objectno>0279</ba_objectno>
            <ba_budgettype>E</ba_budgettype>
            <ba_budgetsource>1</ba_budgetsource>
            <ba_mergetype>1</ba_mergetype>
            <ba_budgetamt>1253000.00</ba_budgetamt>
            <ba_flowflag/>
            <ba_signflag/>
            <ba_signno/>
            <ba_key>11  </ba_key>
        </BCTDBUDGETDETAIL_row>
        <BCTDBUDGETDETAIL_row>
            <ba_fiscalyear>105</ba_fiscalyear>
            <ba_fundkind>1</ba_fundkind>
            <ba_budgetkind>1</ba_budgetkind>
            <ba_specialbudgetno/>
            <ba_agenno>23017003</ba_agenno>
            <ba_agentype>C</ba_agentype>
            <ba_budgetstate>1</ba_budgetstate>
            <ba_versiondate/>
            <ba_budgetyear>105</ba_budgetyear>
            <ba_budgetno>35230174100</ba_budgetno>
            <ba_subprojectno>02</ba_subprojectno>
            <ba_departno>01</ba_departno>
            <ba_objectno>0282</ba_objectno>
            <ba_budgettype>E</ba_budgettype>
            <ba_budgetsource>1</ba_budgetsource>
            <ba_mergetype>1</ba_mergetype>
            <ba_budgetamt>553000.00</ba_budgetamt>
            <ba_flowflag/>
            <ba_signflag/>
            <ba_signno/>
            <ba_key>11  </ba_key>
        </BCTDBUDGETDETAIL_row>
        <BCTDBUDGETDETAIL_row>
            <ba_fiscalyear>105</ba_fiscalyear>
            <ba_fundkind>1</ba_fundkind>
            <ba_budgetkind>1</ba_budgetkind>
            <ba_specialbudgetno/>
            <ba_agenno>23017003</ba_agenno>
            <ba_agentype>C</ba_agentype>
            <ba_budgetstate>1</ba_budgetstate>
            <ba_versiondate/>
            <ba_budgetyear>105</ba_budgetyear>
            <ba_budgetno>35230174100</ba_budgetno>
            <ba_subprojectno>02</ba_subprojectno>
            <ba_departno>01</ba_departno>
            <ba_objectno>0283</ba_objectno>
            <ba_budgettype>E</ba_budgettype>
            <ba_budgetsource>1</ba_budgetsource>
            <ba_mergetype>1</ba_mergetype>
            <ba_budgetamt>426000.00</ba_budgetamt>
            <ba_flowflag/>
            <ba_signflag/>
            <ba_signno/>
            <ba_key>11  </ba_key>
        </BCTDBUDGETDETAIL_row>
        <BCTDBUDGETDETAIL_row>
            <ba_fiscalyear>105</ba_fiscalyear>
            <ba_fundkind>1</ba_fundkind>
            <ba_budgetkind>1</ba_budgetkind>
            <ba_specialbudgetno/>
            <ba_agenno>23017003</ba_agenno>
            <ba_agentype>C</ba_agentype>
            <ba_budgetstate>1</ba_budgetstate>
            <ba_versiondate/>
            <ba_budgetyear>105</ba_budgetyear>
            <ba_budgetno>35230174100</ba_budgetno>
            <ba_subprojectno>02</ba_subprojectno>
            <ba_departno>01</ba_departno>
            <ba_objectno>0284</ba_objectno>
            <ba_budgettype>E</ba_budgettype>
            <ba_budgetsource>1</ba_budgetsource>
            <ba_mergetype>1</ba_mergetype>
            <ba_budgetamt>1280000.00</ba_budgetamt>
            <ba_flowflag/>
            <ba_signflag/>
            <ba_signno/>
            <ba_key>11  </ba_key>
        </BCTDBUDGETDETAIL_row>
        <BCTDBUDGETDETAIL_row>
            <ba_fiscalyear>105</ba_fiscalyear>
            <ba_fundkind>1</ba_fundkind>
            <ba_budgetkind>1</ba_budgetkind>
            <ba_specialbudgetno/>
            <ba_agenno>23017003</ba_agenno>
            <ba_agentype>C</ba_agentype>
            <ba_budgetstate>1</ba_budgetstate>
            <ba_versiondate/>
            <ba_budgetyear>105</ba_budgetyear>
            <ba_budgetno>35230174100</ba_budgetno>
            <ba_subprojectno>02</ba_subprojectno>
            <ba_departno>01</ba_departno>
            <ba_objectno>0291</ba_objectno>
            <ba_budgettype>E</ba_budgettype>
            <ba_budgetsource>1</ba_budgetsource>
            <ba_mergetype>1</ba_mergetype>
            <ba_budgetamt>100000.00</ba_budgetamt>
            <ba_flowflag/>
            <ba_signflag/>
            <ba_signno/>
            <ba_key>11  </ba_key>
        </BCTDBUDGETDETAIL_row>
        <BCTDBUDGETDETAIL_row>
            <ba_fiscalyear>105</ba_fiscalyear>
            <ba_fundkind>1</ba_fundkind>
            <ba_budgetkind>1</ba_budgetkind>
            <ba_specialbudgetno/>
            <ba_agenno>23017003</ba_agenno>
            <ba_agentype>C</ba_agentype>
            <ba_budgetstate>1</ba_budgetstate>
            <ba_versiondate/>
            <ba_budgetyear>105</ba_budgetyear>
            <ba_budgetno>35230174100</ba_budgetno>
            <ba_subprojectno>02</ba_subprojectno>
            <ba_departno>01</ba_departno>
            <ba_objectno>0294</ba_objectno>
            <ba_budgettype>E</ba_budgettype>
            <ba_budgetsource>1</ba_budgetsource>
            <ba_mergetype>1</ba_mergetype>
            <ba_budgetamt>95000.00</ba_budgetamt>
            <ba_flowflag/>
            <ba_signflag/>
            <ba_signno/>
            <ba_key>11  </ba_key>
        </BCTDBUDGETDETAIL_row>
        <BCTDBUDGETDETAIL_row>
            <ba_fiscalyear>105</ba_fiscalyear>
            <ba_fundkind>1</ba_fundkind>
            <ba_budgetkind>1</ba_budgetkind>
            <ba_specialbudgetno/>
            <ba_agenno>23017003</ba_agenno>
            <ba_agentype>C</ba_agentype>
            <ba_budgetstate>1</ba_budgetstate>
            <ba_versiondate/>
            <ba_budgetyear>105</ba_budgetyear>
            <ba_budgetno>35230174100</ba_budgetno>
            <ba_subprojectno>02</ba_subprojectno>
            <ba_departno>01</ba_departno>
            <ba_objectno>0295</ba_objectno>
            <ba_budgettype>E</ba_budgettype>
            <ba_budgetsource>1</ba_budgetsource>
            <ba_mergetype>1</ba_mergetype>
            <ba_budgetamt>30000.00</ba_budgetamt>
            <ba_flowflag/>
            <ba_signflag/>
            <ba_signno/>
            <ba_key>11  </ba_key>
        </BCTDBUDGETDETAIL_row>
        <BCTDBUDGETDETAIL_row>
            <ba_fiscalyear>105</ba_fiscalyear>
            <ba_fundkind>1</ba_fundkind>
            <ba_budgetkind>1</ba_budgetkind>
            <ba_specialbudgetno/>
            <ba_agenno>23017003</ba_agenno>
            <ba_agentype>C</ba_agentype>
            <ba_budgetstate>1</ba_budgetstate>
            <ba_versiondate/>
            <ba_budgetyear>105</ba_budgetyear>
            <ba_budgetno>35230174100</ba_budgetno>
            <ba_subprojectno>02</ba_subprojectno>
            <ba_departno>01</ba_departno>
            <ba_objectno>0299</ba_objectno>
            <ba_budgettype>E</ba_budgettype>
            <ba_budgetsource>1</ba_budgetsource>
            <ba_mergetype>1</ba_mergetype>
            <ba_budgetamt>94000.00</ba_budgetamt>
            <ba_flowflag/>
            <ba_signflag/>
            <ba_signno/>
            <ba_key>11  </ba_key>
        </BCTDBUDGETDETAIL_row>
        <BCTDBUDGETDETAIL_row>
            <ba_fiscalyear>105</ba_fiscalyear>
            <ba_fundkind>1</ba_fundkind>
            <ba_budgetkind>1</ba_budgetkind>
            <ba_specialbudgetno/>
            <ba_agenno>23017003</ba_agenno>
            <ba_agentype>C</ba_agentype>
            <ba_budgetstate>1</ba_budgetstate>
            <ba_versiondate/>
            <ba_budgetyear>105</ba_budgetyear>
            <ba_budgetno>35230174100</ba_budgetno>
            <ba_subprojectno>02</ba_subprojectno>
            <ba_departno>01</ba_departno>
            <ba_objectno>0475</ba_objectno>
            <ba_budgettype>E</ba_budgettype>
            <ba_budgetsource>1</ba_budgetsource>
            <ba_mergetype>1</ba_mergetype>
            <ba_budgetamt>48000.00</ba_budgetamt>
            <ba_flowflag/>
            <ba_signflag/>
            <ba_signno/>
            <ba_key>11  </ba_key>
        </BCTDBUDGETDETAIL_row>
        <BCTDBUDGETDETAIL_row>
            <ba_fiscalyear>105</ba_fiscalyear>
            <ba_fundkind>1</ba_fundkind>
            <ba_budgetkind>1</ba_budgetkind>
            <ba_specialbudgetno/>
            <ba_agenno>23017003</ba_agenno>
            <ba_agentype>C</ba_agentype>
            <ba_budgetstate>1</ba_budgetstate>
            <ba_versiondate/>
            <ba_budgetyear>105</ba_budgetyear>
            <ba_budgetno>35230174100</ba_budgetno>
            <ba_subprojectno>05</ba_subprojectno>
            <ba_departno>03</ba_departno>
            <ba_objectno>0250</ba_objectno>
            <ba_budgettype>E</ba_budgettype>
            <ba_budgetsource>1</ba_budgetsource>
            <ba_mergetype>1</ba_mergetype>
            <ba_budgetamt>641000.00</ba_budgetamt>
            <ba_flowflag/>
            <ba_signflag/>
            <ba_signno/>
            <ba_key>11  </ba_key>
        </BCTDBUDGETDETAIL_row>
        <BCTDBUDGETDETAIL_row>
            <ba_fiscalyear>105</ba_fiscalyear>
            <ba_fundkind>1</ba_fundkind>
            <ba_budgetkind>1</ba_budgetkind>
            <ba_specialbudgetno/>
            <ba_agenno>23017003</ba_agenno>
            <ba_agentype>C</ba_agentype>
            <ba_budgetstate>1</ba_budgetstate>
            <ba_versiondate/>
            <ba_budgetyear>105</ba_budgetyear>
            <ba_budgetno>35230174100</ba_budgetno>
            <ba_subprojectno>05</ba_subprojectno>
            <ba_departno>03</ba_departno>
            <ba_objectno>0271</ba_objectno>
            <ba_budgettype>E</ba_budgettype>
            <ba_budgetsource>1</ba_budgetsource>
            <ba_mergetype>1</ba_mergetype>
            <ba_budgetamt>655000.00</ba_budgetamt>
            <ba_flowflag/>
            <ba_signflag/>
            <ba_signno/>
            <ba_key>11  </ba_key>
        </BCTDBUDGETDETAIL_row>
        <BCTDBUDGETDETAIL_row>
            <ba_fiscalyear>105</ba_fiscalyear>
            <ba_fundkind>1</ba_fundkind>
            <ba_budgetkind>1</ba_budgetkind>
            <ba_specialbudgetno/>
            <ba_agenno>23017003</ba_agenno>
            <ba_agentype>C</ba_agentype>
            <ba_budgetstate>1</ba_budgetstate>
            <ba_versiondate/>
            <ba_budgetyear>105</ba_budgetyear>
            <ba_budgetno>35230174100</ba_budgetno>
            <ba_subprojectno>05</ba_subprojectno>
            <ba_departno>03</ba_departno>
            <ba_objectno>0279</ba_objectno>
            <ba_budgettype>E</ba_budgettype>
            <ba_budgetsource>1</ba_budgetsource>
            <ba_mergetype>1</ba_mergetype>
            <ba_budgetamt>2108000.00</ba_budgetamt>
            <ba_flowflag/>
            <ba_signflag/>
            <ba_signno/>
            <ba_key>11  </ba_key>
        </BCTDBUDGETDETAIL_row>
        <BCTDBUDGETDETAIL_row>
            <ba_fiscalyear>105</ba_fiscalyear>
            <ba_fundkind>1</ba_fundkind>
            <ba_budgetkind>1</ba_budgetkind>
            <ba_specialbudgetno/>
            <ba_agenno>23017003</ba_agenno>
            <ba_agentype>C</ba_agentype>
            <ba_budgetstate>1</ba_budgetstate>
            <ba_versiondate/>
            <ba_budgetyear>105</ba_budgetyear>
            <ba_budgetno>35230174100</ba_budgetno>
            <ba_subprojectno>05</ba_subprojectno>
            <ba_departno>03</ba_departno>
            <ba_objectno>0291</ba_objectno>
            <ba_budgettype>E</ba_budgettype>
            <ba_budgetsource>1</ba_budgetsource>
            <ba_mergetype>1</ba_mergetype>
            <ba_budgetamt>50000.00</ba_budgetamt>
            <ba_flowflag/>
            <ba_signflag/>
            <ba_signno/>
            <ba_key>11  </ba_key>
        </BCTDBUDGETDETAIL_row>
        <BCTDBUDGETDETAIL_row>
            <ba_fiscalyear>105</ba_fiscalyear>
            <ba_fundkind>1</ba_fundkind>
            <ba_budgetkind>1</ba_budgetkind>
            <ba_specialbudgetno/>
            <ba_agenno>23017003</ba_agenno>
            <ba_agentype>C</ba_agentype>
            <ba_budgetstate>1</ba_budgetstate>
            <ba_versiondate/>
            <ba_budgetyear>105</ba_budgetyear>
            <ba_budgetno>35230174100</ba_budgetno>
            <ba_subprojectno>05</ba_subprojectno>
            <ba_departno>03</ba_departno>
            <ba_objectno>0304</ba_objectno>
            <ba_budgettype>E</ba_budgettype>
            <ba_budgetsource>1</ba_budgetsource>
            <ba_mergetype>1</ba_mergetype>
            <ba_budgetamt>233000.00</ba_budgetamt>
            <ba_flowflag/>
            <ba_signflag/>
            <ba_signno/>
            <ba_key>11  </ba_key>
        </BCTDBUDGETDETAIL_row>
        <BCTDBUDGETDETAIL_row>
            <ba_fiscalyear>105</ba_fiscalyear>
            <ba_fundkind>1</ba_fundkind>
            <ba_budgetkind>1</ba_budgetkind>
            <ba_specialbudgetno/>
            <ba_agenno>23017003</ba_agenno>
            <ba_agentype>C</ba_agentype>
            <ba_budgetstate>1</ba_budgetstate>
            <ba_versiondate/>
            <ba_budgetyear>105</ba_budgetyear>
            <ba_budgetno>35230174100</ba_budgetno>
            <ba_subprojectno>05</ba_subprojectno>
            <ba_departno>03</ba_departno>
            <ba_objectno>0319</ba_objectno>
            <ba_budgettype>E</ba_budgettype>
            <ba_budgetsource>1</ba_budgetsource>
            <ba_mergetype>1</ba_mergetype>
            <ba_budgetamt>1173000.00</ba_budgetamt>
            <ba_flowflag/>
            <ba_signflag/>
            <ba_signno/>
            <ba_key>11  </ba_key>
        </BCTDBUDGETDETAIL_row>
    </BCTDBUDGETDETAIL>
    <BCTDMEMO>
        <BCTDMEMO_row>
            <bc_fiscalyear>105</bc_fiscalyear>
            <bc_fundkind>1</bc_fundkind>
            <bc_budgetkind>1</bc_budgetkind>
            <bc_specialbudgetno/>
            <bc_agenno>23017003</bc_agenno>
            <bc_agentype>C</bc_agentype>
            <bc_budgetstate>1</bc_budgetstate>
            <bc_reportno>BCME3440</bc_reportno>
            <bc_key>3523017410001xxxxxx01xxxxxxxE1x0</bc_key>
            <bc_versiondate/>
            <bc_content>本計畫本年度編列人事費134,319千元，其內容如下:&lt;#H1&gt;法定編制人員待遇79,903千元，係職員140人及駐警2人之薪俸、加給等。&#xd;
&lt;#H1&gt;約聘僱人員待遇4,264千元，係約聘僱人員之酬金。&#xd;
&lt;#H1&gt;技工及工友待遇2,320千元，係技工2人、駕駛2人及工友1人之工餉、加給等。&#xd;
&lt;#H1&gt;獎金17,394千元，係考績獎金、年終工作獎金及獎章之獎勵金等。&#xd;
&lt;#H1&gt;其他給與1,315千元，係休假補助。&#xd;
&lt;#H1&gt;加班值班費11,475千元，係加、值班費及不休假加班費。&#xd;
&lt;#H1&gt;退休離職儲金9,474千元，係現職人員依法應提撥之退休、離職儲金等。&lt;#H1&gt;保險8,174千元，係現職人員依法應提撥之公、勞、健保費等。</bc_content>
        </BCTDMEMO_row>
        <BCTDMEMO_row>
            <bc_fiscalyear>105</bc_fiscalyear>
            <bc_fundkind>1</bc_fundkind>
            <bc_budgetkind>1</bc_budgetkind>
            <bc_specialbudgetno/>
            <bc_agenno>23017003</bc_agenno>
            <bc_agentype>C</bc_agentype>
            <bc_budgetstate>1</bc_budgetstate>
            <bc_reportno>BCME3440</bc_reportno>
            <bc_key>3523017410002xxxxxx01xxxxxxxE1x0</bc_key>
            <bc_versiondate/>
            <bc_content>本計畫本年度編列8,850千元，其內容如下：&lt;#H1&gt;業務費8,802千元，包括：&lt;#H2&gt;教育訓練費136千元，係員工訓練所需教材、膳宿、交通等經費。&#xd;
&lt;#H2&gt;水電費2,149千元。&#xd;
&lt;#H2&gt;通訊費380千元，係郵資、電話及數據通訊費等。&#xd;
&lt;#H2&gt;資訊服務費180千元，係資訊設備之保養、維修及操作等服務費。&#xd;
&lt;#H2&gt;其他業務租金180千元，係影印機等設備租金。&#xd;
&lt;#H2&gt;稅捐及規費53千元，係車輛牌照稅及燃料費等。&#xd;
&lt;#H2&gt;保險費80千元，係對所執行之業務活動、所管財產等所繳納之保險費。&lt;#H2&gt;國內組織會費8千元，係參加國內醫護公會所需之經費。&#xd;
&lt;#H2&gt;物品1,805千元，包括：&#xd;
&lt;#H3&gt;車輛油料費272千元，係按機車13輛、中小型汽車4輛、大型汽車1輛，按汽油每公升價格25.7元、柴油每公升價格22.2元計列。&#xd;
&lt;#H3&gt;資訊耗材等經費200千元。&#xd;
&lt;#H3&gt;一般行政業務所需文具紙張等消耗品720千元。&#xd;
&lt;#H3&gt;非消耗性辦公用具購置經費613千元。&#xd;
&lt;#H2&gt;一般事務費1,253千元，包括：&#xd;
&lt;#H3&gt;文康活動費294千元，係按員工147人，每人每年2,000元計列。&#xd;
&lt;#H3&gt;行政管理事務費194千元。&#xd;
&lt;#H3&gt;員工健康檢查補助費35千元，係按職員10人，每人每年3,500元計列。&lt;#H3&gt;環境清潔及雜支等經費730千元。&lt;#H2&gt;房屋建築養護費553千元。&lt;#H2&gt;車輛及辦公器具養護費426千元，包括：&#xd;
&lt;#H3&gt;車輛養護費277千元，係按機車13輛，每輛每年1,700元，公務汽車滿6年以上者5輛，每輛每年51,000元計列。&#xd;
&lt;#H3&gt;辦公器具養護費149千元，係按職員140人及駐警2人，每人每年1,048元計列。&#xd;
&lt;#H2&gt;設施及機械設備養護費1,280千元，包括：&#xd;
&lt;#H3&gt;發電機、電氣系統及消防設備等養護費90千元。&#xd;
&lt;#H3&gt;高壓斷電感應系統及污水處理場養護費70千元。&#xd;
&lt;#H3&gt;監視設備及安全系統等養護費620千元。&#xd;
&lt;#H3&gt;辦公及其他設備養護費500千元。&#xd;
&lt;#H2&gt;國內旅費100千元，係處理一般公務或特定工作計畫於國內地區所需之差旅費。&#xd;
&lt;#H2&gt;運費95千元。&#xd;
&lt;#H2&gt;短程車資30千元。&#xd;
&lt;#H2&gt;特別費94千元，係按首長每月7,800元計列。&#xd;
&lt;#H1&gt;獎補助費48千元，係退休退職人員三節慰問金，按每人每年6,000元計列。</bc_content>
        </BCTDMEMO_row>
        <BCTDMEMO_row>
            <bc_fiscalyear>105</bc_fiscalyear>
            <bc_fundkind>1</bc_fundkind>
            <bc_budgetkind>1</bc_budgetkind>
            <bc_specialbudgetno/>
            <bc_agenno>23017003</bc_agenno>
            <bc_agentype>C</bc_agentype>
            <bc_budgetstate>1</bc_budgetstate>
            <bc_reportno>BCME3440</bc_reportno>
            <bc_key>3523017410005xxxxxx03xxxxxxxE1x0</bc_key>
            <bc_versiondate/>
            <bc_content>本計畫本年度編列4,860千元，其內容如下：&lt;#H1&gt;業務費3,454千元，包括：&lt;#H2&gt;按日按件計資酬金641千元，包括：&#xd;
&lt;#H3&gt;委請特約醫師及兼任醫師看診所需診療費171千元。&#xd;
&lt;#H3&gt;委請專家、學者出席會議之出席費100千元。&#xd;
&lt;#H3&gt;聘請講師演講或教授教化課程之鐘點費370千元。&#xd;
&lt;#H2&gt;物品655千元，包括：&#xd;
&lt;#H3&gt;疾病醫療材料費133千元。&#xd;
&lt;#H3&gt;尿液檢驗及試劑材料等經費522千元，係按每人每年篩檢3次，每次200元計列。&lt;#H2&gt;一般事務費2,108千元，包括：&#xd;
&lt;#H3&gt;辦理作業、調查分類、教化等業務經費130千元。&#xd;
&lt;#H3&gt;戒護人員服制費及收容人服裝費1,259千元。&#xd;
&lt;#H3&gt;戒護人員常年教育訓練經費62千元。&#xd;
&lt;#H3&gt;警衛管理及戒護業務經費243千元。&#xd;
&lt;#H3&gt;替代役役男勤務及管理等經費323千元。&#xd;
&lt;#H3&gt;辦理收容人胸部Ｘ光篩檢經費91千元。&#xd;
&lt;#H2&gt;國內旅費50千元，係戒護收容人移監等業務所需之差旅費。&#xd;
&lt;#H1&gt;設備及投資1,406千元，包括：&#xd;
&lt;#H2&gt;戒護、安全及接見等設備費388千元。&#xd;
&lt;#H2&gt;醫療設備建置與汰換設備233千元。&#xd;
&lt;#H2&gt;零星設備費785千元。&#xd;
</bc_content>
        </BCTDMEMO_row>
        <BCTDMEMO_row>
            <bc_fiscalyear>105</bc_fiscalyear>
            <bc_fundkind>1</bc_fundkind>
            <bc_budgetkind>1</bc_budgetkind>
            <bc_specialbudgetno/>
            <bc_agenno>23017003</bc_agenno>
            <bc_agentype>C</bc_agentype>
            <bc_budgetstate>1</bc_budgetstate>
            <bc_reportno>BCME3440</bc_reportno>
            <bc_key>35230174100xE1x1</bc_key>
            <bc_versiondate/>
            <bc_content>&lt;#H1&gt;辦理矯正機關基本行政管理及人員訓練等業務。&lt;#H1&gt;辦理矯正機關收容人教化、調查分類、戒護安全、技能訓練、作業及衛生醫療等業務。</bc_content>
        </BCTDMEMO_row>
        <BCTDMEMO_row>
            <bc_fiscalyear>105</bc_fiscalyear>
            <bc_fundkind>1</bc_fundkind>
            <bc_budgetkind>1</bc_budgetkind>
            <bc_specialbudgetno/>
            <bc_agenno>23017003</bc_agenno>
            <bc_agentype>C</bc_agentype>
            <bc_budgetstate>1</bc_budgetstate>
            <bc_reportno>BCME3440</bc_reportno>
            <bc_key>35230174100xE1x2</bc_key>
            <bc_versiondate/>
            <bc_content>&lt;#H1&gt;依施政計畫預定進度，按期實施完成，提高工作效率。&lt;#H1&gt;培養收容人之勤勞習慣，訓練一技之長，俾利復歸社會。&lt;#H1&gt;穩定囚情，防止戒護事故發生，維護機關安全。&lt;#H1&gt;維護收容人身體健康，強化衛生習慣，防止傳染病發生。&lt;#H1&gt;強化教化功能，落實教誨教育工作，培養收容人正確價值觀念。</bc_content>
        </BCTDMEMO_row>
    </BCTDMEMO>
</tables>
