<?xml version="1.0" encoding="UTF-8"?>
<tables>
    <BCME3450>
        <BCME3450_row>
            <objectNo>合計</objectNo>
            <budgetno_3523174100>367752.00</budgetno_3523174100>
            <budgetno_3523179011>1465.00</budgetno_3523179011>
            <total>369217.00</total>
        </BCME3450_row>
        <BCME3450_row>
            <objectNo>0100 人事費</objectNo>
            <budgetno_3523174100>335518.00</budgetno_3523174100>
            <budgetno_3523179011/>
            <total>335518.00</total>
        </BCME3450_row>
        <BCME3450_row>
            <objectNo>  0103 法定編制人員待遇</objectNo>
            <budgetno_3523174100>206217.00</budgetno_3523174100>
            <budgetno_3523179011/>
            <total>206217.00</total>
        </BCME3450_row>
        <BCME3450_row>
            <objectNo>  0104 約聘僱人員待遇</objectNo>
            <budgetno_3523174100>11691.00</budgetno_3523174100>
            <budgetno_3523179011/>
            <total>11691.00</total>
        </BCME3450_row>
        <BCME3450_row>
            <objectNo>  0105 技工及工友待遇</objectNo>
            <budgetno_3523174100>4502.00</budgetno_3523174100>
            <budgetno_3523179011/>
            <total>4502.00</total>
        </BCME3450_row>
        <BCME3450_row>
            <objectNo>  0111 獎金</objectNo>
            <budgetno_3523174100>45563.00</budgetno_3523174100>
            <budgetno_3523179011/>
            <total>45563.00</total>
        </BCME3450_row>
        <BCME3450_row>
            <objectNo>  0121 其他給與</objectNo>
            <budgetno_3523174100>3355.00</budgetno_3523174100>
            <budgetno_3523179011/>
            <total>3355.00</total>
        </BCME3450_row>
        <BCME3450_row>
            <objectNo>  0131 加班值班費</objectNo>
            <budgetno_3523174100>26816.00</budgetno_3523174100>
            <budgetno_3523179011/>
            <total>26816.00</total>
        </BCME3450_row>
        <BCME3450_row>
            <objectNo>  0143 退休離職儲金</objectNo>
            <budgetno_3523174100>17058.00</budgetno_3523174100>
            <budgetno_3523179011/>
            <total>17058.00</total>
        </BCME3450_row>
        <BCME3450_row>
            <objectNo>  0151 保險</objectNo>
            <budgetno_3523174100>20316.00</budgetno_3523174100>
            <budgetno_3523179011/>
            <total>20316.00</total>
        </BCME3450_row>
        <BCME3450_row>
            <objectNo>0200 業務費</objectNo>
            <budgetno_3523174100>29041.00</budgetno_3523174100>
            <budgetno_3523179011/>
            <total>29041.00</total>
        </BCME3450_row>
        <BCME3450_row>
            <objectNo>  0201 教育訓練費</objectNo>
            <budgetno_3523174100>824.00</budgetno_3523174100>
            <budgetno_3523179011/>
            <total>824.00</total>
        </BCME3450_row>
        <BCME3450_row>
            <objectNo>  0202 水電費</objectNo>
            <budgetno_3523174100>5800.00</budgetno_3523174100>
            <budgetno_3523179011/>
            <total>5800.00</total>
        </BCME3450_row>
        <BCME3450_row>
            <objectNo>  0203 通訊費</objectNo>
            <budgetno_3523174100>830.00</budgetno_3523174100>
            <budgetno_3523179011/>
            <total>830.00</total>
        </BCME3450_row>
        <BCME3450_row>
            <objectNo>  0215 資訊服務費</objectNo>
            <budgetno_3523174100>270.00</budgetno_3523174100>
            <budgetno_3523179011/>
            <total>270.00</total>
        </BCME3450_row>
        <BCME3450_row>
            <objectNo>  0221 稅捐及規費</objectNo>
            <budgetno_3523174100>143.00</budgetno_3523174100>
            <budgetno_3523179011/>
            <total>143.00</total>
        </BCME3450_row>
        <BCME3450_row>
            <objectNo>  0231 保險費</objectNo>
            <budgetno_3523174100>138.00</budgetno_3523174100>
            <budgetno_3523179011/>
            <total>138.00</total>
        </BCME3450_row>
        <BCME3450_row>
            <objectNo>  0241 兼職費</objectNo>
            <budgetno_3523174100>414.00</budgetno_3523174100>
            <budgetno_3523179011/>
            <total>414.00</total>
        </BCME3450_row>
        <BCME3450_row>
            <objectNo>  0250 按日按件計資酬金</objectNo>
            <budgetno_3523174100>1065.00</budgetno_3523174100>
            <budgetno_3523179011/>
            <total>1065.00</total>
        </BCME3450_row>
        <BCME3450_row>
            <objectNo>  0262 國內組織會費</objectNo>
            <budgetno_3523174100>24.00</budgetno_3523174100>
            <budgetno_3523179011/>
            <total>24.00</total>
        </BCME3450_row>
        <BCME3450_row>
            <objectNo>  0271 物品</objectNo>
            <budgetno_3523174100>6619.00</budgetno_3523174100>
            <budgetno_3523179011/>
            <total>6619.00</total>
        </BCME3450_row>
        <BCME3450_row>
            <objectNo>  0279 一般事務費</objectNo>
            <budgetno_3523174100>9205.00</budgetno_3523174100>
            <budgetno_3523179011/>
            <total>9205.00</total>
        </BCME3450_row>
        <BCME3450_row>
            <objectNo>  0282 房屋建築養護費</objectNo>
            <budgetno_3523174100>1904.00</budgetno_3523174100>
            <budgetno_3523179011/>
            <total>1904.00</total>
        </BCME3450_row>
        <BCME3450_row>
            <objectNo>  0283 車輛及辦公器具養護費</objectNo>
            <budgetno_3523174100>734.00</budgetno_3523174100>
            <budgetno_3523179011/>
            <total>734.00</total>
        </BCME3450_row>
        <BCME3450_row>
            <objectNo>  0284 設施及機械設備養護費</objectNo>
            <budgetno_3523174100>400.00</budgetno_3523174100>
            <budgetno_3523179011/>
            <total>400.00</total>
        </BCME3450_row>
        <BCME3450_row>
            <objectNo>  0291 國內旅費</objectNo>
            <budgetno_3523174100>500.00</budgetno_3523174100>
            <budgetno_3523179011/>
            <total>500.00</total>
        </BCME3450_row>
        <BCME3450_row>
            <objectNo>  0294 運費</objectNo>
            <budgetno_3523174100>50.00</budgetno_3523174100>
            <budgetno_3523179011/>
            <total>50.00</total>
        </BCME3450_row>
        <BCME3450_row>
            <objectNo>  0299 特別費</objectNo>
            <budgetno_3523174100>121.00</budgetno_3523174100>
            <budgetno_3523179011/>
            <total>121.00</total>
        </BCME3450_row>
        <BCME3450_row>
            <objectNo>0300 設備及投資</objectNo>
            <budgetno_3523174100>2717.00</budgetno_3523174100>
            <budgetno_3523179011>1465.00</budgetno_3523179011>
            <total>4182.00</total>
        </BCME3450_row>
        <BCME3450_row>
            <objectNo>  0305 運輸設備費</objectNo>
            <budgetno_3523174100/>
            <budgetno_3523179011>1465.00</budgetno_3523179011>
            <total>1465.00</total>
        </BCME3450_row>
        <BCME3450_row>
            <objectNo>  0319 雜項設備費</objectNo>
            <budgetno_3523174100>2717.00</budgetno_3523174100>
            <budgetno_3523179011/>
            <total>2717.00</total>
        </BCME3450_row>
        <BCME3450_row>
            <objectNo>0400 獎補助費</objectNo>
            <budgetno_3523174100>476.00</budgetno_3523174100>
            <budgetno_3523179011/>
            <total>476.00</total>
        </BCME3450_row>
        <BCME3450_row>
            <objectNo>  0475 獎勵及慰問</objectNo>
            <budgetno_3523174100>476.00</budgetno_3523174100>
            <budgetno_3523179011/>
            <total>476.00</total>
        </BCME3450_row>
    </BCME3450>
</tables>
