﻿<?xml version="1.0" encoding="UTF-8"?>
<DataCollection>
<Data>
<項目>基金來源</項目>
<本年度預算數金額>3469086</本年度預算數金額>
<本年度預算數百分比>100</本年度預算數百分比>
<上年度預算數金額>6834234</上年度預算數金額>
<上年度預算數百分比>100</上年度預算數百分比>
<前年度決算數金額>5302735</前年度決算數金額>
<前年度決算數百分比>100</前年度決算數百分比>
<本年度與上年度預算數比較增減金額>-3365148</本年度與上年度預算數比較增減金額>
<本年度與上年度預算數比較增減百分比>49.24</本年度與上年度預算數比較增減百分比>
</Data>
<Data>
<項目>
徵收收入</項目>
<本年度預算數金額>0</本年度預算數金額>
<本年度預算數百分比>0</本年度預算數百分比>
<上年度預算數金額>0</上年度預算數金額>
<上年度預算數百分比>0</上年度預算數百分比>
<前年度決算數金額>0</前年度決算數金額>
<前年度決算數百分比>0</前年度決算數百分比>
<本年度與上年度預算數比較增減金額>0</本年度與上年度預算數比較增減金額>
<本年度與上年度預算數比較增減百分比>0</本年度與上年度預算數比較增減百分比>
</Data>
<Data>
<項目>
債務收入</項目>
<本年度預算數金額>0</本年度預算數金額>
<本年度預算數百分比>0</本年度預算數百分比>
<上年度預算數金額>0</上年度預算數金額>
<上年度預算數百分比>0</上年度預算數百分比>
<前年度決算數金額>0</前年度決算數金額>
<前年度決算數百分比>0</前年度決算數百分比>
<本年度與上年度預算數比較增減金額>0</本年度與上年度預算數比較增減金額>
<本年度與上年度預算數比較增減百分比>0</本年度與上年度預算數比較增減百分比>
</Data>
<Data>
<項目>
勞務收入</項目>
<本年度預算數金額>0</本年度預算數金額>
<本年度預算數百分比>0</本年度預算數百分比>
<上年度預算數金額>0</上年度預算數金額>
<上年度預算數百分比>0</上年度預算數百分比>
<前年度決算數金額>0</前年度決算數金額>
<前年度決算數百分比>0</前年度決算數百分比>
<本年度與上年度預算數比較增減金額>0</本年度與上年度預算數比較增減金額>
<本年度與上年度預算數比較增減百分比>0</本年度與上年度預算數比較增減百分比>
</Data>
<Data>
<項目>
農政收入</項目>
<本年度預算數金額>0</本年度預算數金額>
<本年度預算數百分比>0</本年度預算數百分比>
<上年度預算數金額>0</上年度預算數金額>
<上年度預算數百分比>0</上年度預算數百分比>
<前年度決算數金額>0</前年度決算數金額>
<前年度決算數百分比>0</前年度決算數百分比>
<本年度與上年度預算數比較增減金額>0</本年度與上年度預算數比較增減金額>
<本年度與上年度預算數比較增減百分比>0</本年度與上年度預算數比較增減百分比>
</Data>
<Data>
<項目>
財產收入</項目>
<本年度預算數金額>3467633</本年度預算數金額>
<本年度預算數百分比>99.96</本年度預算數百分比>
<上年度預算數金額>6832781</上年度預算數金額>
<上年度預算數百分比>99.98</上年度預算數百分比>
<前年度決算數金額>5296473</前年度決算數金額>
<前年度決算數百分比>99.88</前年度決算數百分比>
<本年度與上年度預算數比較增減金額>-3365148</本年度與上年度預算數比較增減金額>
<本年度與上年度預算數比較增減百分比>49.25</本年度與上年度預算數比較增減百分比>
</Data>
<Data>
<項目>
政府撥入收入</項目>
<本年度預算數金額>0</本年度預算數金額>
<本年度預算數百分比>0</本年度預算數百分比>
<上年度預算數金額>0</上年度預算數金額>
<上年度預算數百分比>0</上年度預算數百分比>
<前年度決算數金額>0</前年度決算數金額>
<前年度決算數百分比>0</前年度決算數百分比>
<本年度與上年度預算數比較增減金額>0</本年度與上年度預算數比較增減金額>
<本年度與上年度預算數比較增減百分比>0</本年度與上年度預算數比較增減百分比>
</Data>
<Data>
<項目>
其他收入</項目>
<本年度預算數金額>1453</本年度預算數金額>
<本年度預算數百分比>0.04</本年度預算數百分比>
<上年度預算數金額>1453</上年度預算數金額>
<上年度預算數百分比>0.02</上年度預算數百分比>
<前年度決算數金額>6262</前年度決算數金額>
<前年度決算數百分比>0.12</前年度決算數百分比>
<本年度與上年度預算數比較增減金額>0</本年度與上年度預算數比較增減金額>
<本年度與上年度預算數比較增減百分比>0</本年度與上年度預算數比較增減百分比>
</Data>
<Data>
<項目>基金用途</項目>
<本年度預算數金額>797502</本年度預算數金額>
<本年度預算數百分比>22.99</本年度預算數百分比>
<上年度預算數金額>4812020</上年度預算數金額>
<上年度預算數百分比>70.41</上年度預算數百分比>
<前年度決算數金額>4184675</前年度決算數金額>
<前年度決算數百分比>78.92</前年度決算數百分比>
<本年度與上年度預算數比較增減金額>-4014518</本年度與上年度預算數比較增減金額>
<本年度與上年度預算數比較增減百分比>83.43</本年度與上年度預算數比較增減百分比>
</Data>
<Data>
<項目>
博愛專案計畫</項目>
<本年度預算數金額>284310</本年度預算數金額>
<本年度預算數百分比>8.2</本年度預算數百分比>
<上年度預算數金額>3722855</上年度預算數金額>
<上年度預算數百分比>54.47</上年度預算數百分比>
<前年度決算數金額>2360363</前年度決算數金額>
<前年度決算數百分比>44.51</前年度決算數百分比>
<本年度與上年度預算數比較增減金額>-3438545</本年度與上年度預算數比較增減金額>
<本年度與上年度預算數比較增減百分比>92.36</本年度與上年度預算數比較增減百分比>
</Data>
<Data>
<項目>
水湳機場遷建專案計畫</項目>
<本年度預算數金額>0</本年度預算數金額>
<本年度預算數百分比>0</本年度預算數百分比>
<上年度預算數金額>648549</上年度預算數金額>
<上年度預算數百分比>9.49</上年度預算數百分比>
<前年度決算數金額>412603</前年度決算數金額>
<前年度決算數百分比>7.78</前年度決算數百分比>
<本年度與上年度預算數比較增減金額>-648549</本年度與上年度預算數比較增減金額>
<本年度與上年度預算數比較增減百分比>100</本年度與上年度預算數比較增減百分比>
</Data>
<Data>
<項目>
老舊營舍整建計畫</項目>
<本年度預算數金額>507076</本年度預算數金額>
<本年度預算數百分比>14.62</本年度預算數百分比>
<上年度預算數金額>432633</上年度預算數金額>
<上年度預算數百分比>6.33</上年度預算數百分比>
<前年度決算數金額>406049</前年度決算數金額>
<前年度決算數百分比>7.66</前年度決算數百分比>
<本年度與上年度預算數比較增減金額>74443</本年度與上年度預算數比較增減金額>
<本年度與上年度預算數比較增減百分比>17.21</本年度與上年度預算數比較增減百分比>
</Data>
<Data>
<項目>
一般行政管理計畫</項目>
<本年度預算數金額>5966</本年度預算數金額>
<本年度預算數百分比>0.17</本年度預算數百分比>
<上年度預算數金額>7777</上年度預算數金額>
<上年度預算數百分比>0.11</上年度預算數百分比>
<前年度決算數金額>1005660</前年度決算數金額>
<前年度決算數百分比>18.96</前年度決算數百分比>
<本年度與上年度預算數比較增減金額>-1811</本年度與上年度預算數比較增減金額>
<本年度與上年度預算數比較增減百分比>23.29</本年度與上年度預算數比較增減百分比>
</Data>
<Data>
<項目>
一般建築及設備計畫</項目>
<本年度預算數金額>150</本年度預算數金額>
<本年度預算數百分比>0</本年度預算數百分比>
<上年度預算數金額>206</上年度預算數金額>
<上年度預算數百分比>0</上年度預算數百分比>
<前年度決算數金額>0</前年度決算數金額>
<前年度決算數百分比>0</前年度決算數百分比>
<本年度與上年度預算數比較增減金額>-56</本年度與上年度預算數比較增減金額>
<本年度與上年度預算數比較增減百分比>27.18</本年度與上年度預算數比較增減百分比>
</Data>
<Data>
<項目>本期賸餘（短絀－）</項目>
<本年度預算數金額>2671584</本年度預算數金額>
<本年度預算數百分比>77.01</本年度預算數百分比>
<上年度預算數金額>2022214</上年度預算數金額>
<上年度預算數百分比>29.59</上年度預算數百分比>
<前年度決算數金額>1118060</前年度決算數金額>
<前年度決算數百分比>21.08</前年度決算數百分比>
<本年度與上年度預算數比較增減金額>649370</本年度與上年度預算數比較增減金額>
<本年度與上年度預算數比較增減百分比>32.11</本年度與上年度預算數比較增減百分比>
</Data>
<Data>
<項目>期初基金餘額</項目>
<本年度預算數金額>28302616</本年度預算數金額>
<本年度預算數百分比></本年度預算數百分比>
<上年度預算數金額>23405344</上年度預算數金額>
<上年度預算數百分比></上年度預算數百分比>
<前年度決算數金額>28572854</前年度決算數金額>
<前年度決算數百分比></前年度決算數百分比>
<本年度與上年度預算數比較增減金額></本年度與上年度預算數比較增減金額>
<本年度與上年度預算數比較增減百分比></本年度與上年度預算數比較增減百分比>
</Data>
<Data>
<項目>期末基金餘額</項目>
<本年度預算數金額>30974200</本年度預算數金額>
<本年度預算數百分比></本年度預算數百分比>
<上年度預算數金額>25427558</上年度預算數金額>
<上年度預算數百分比></上年度預算數百分比>
<前年度決算數金額>29690914</前年度決算數金額>
<前年度決算數百分比></前年度決算數百分比>
<本年度與上年度預算數比較增減金額></本年度與上年度預算數比較增減金額>
<本年度與上年度預算數比較增減百分比></本年度與上年度預算數比較增減百分比>
</Data>
</DataCollection>
