<?xml version="1.0" encoding="UTF-8"?>
<tables>
    <BCME3420>
        <BCME3420_row>
            <budgetno/>
            <agenno/>
            <agentype/>
            <mh_budgetname>合    計</mh_budgetname>
            <displayname>合    計</displayname>
            <budgetno_conver/>
            <tyear_amt>158721000</tyear_amt>
            <lyear_amt>157979000</lyear_amt>
            <byear_amt>145096826</byear_amt>
            <b_amt>742000</b_amt>
            <bc_content/>
            <memo/>
        </BCME3420_row>
        <BCME3420_row>
            <budgetno>00050000000</budgetno>
            <agenno>05013</agenno>
            <agentype>C</agentype>
            <mh_budgetname>司法院主管</mh_budgetname>
            <displayname>司法院主管</displayname>
            <budgetno_conver>0005000000</budgetno_conver>
            <tyear_amt>158721000</tyear_amt>
            <lyear_amt>157979000</lyear_amt>
            <byear_amt>145096826</byear_amt>
            <b_amt>742000</b_amt>
            <bc_content/>
        </BCME3420_row>
        <BCME3420_row>
            <budgetno>00050130000</budgetno>
            <agenno>05013</agenno>
            <agentype>C</agentype>
            <mh_budgetname>高雄高等行政法院</mh_budgetname>
            <displayname>高雄高等行政法院</displayname>
            <budgetno_conver>0005130000</budgetno_conver>
            <tyear_amt>158721000</tyear_amt>
            <lyear_amt>157979000</lyear_amt>
            <byear_amt>145096826</byear_amt>
            <b_amt>742000</b_amt>
            <bc_content/>
        </BCME3420_row>
        <BCME3420_row>
            <budgetno>35050130000</budgetno>
            <agenno>05013</agenno>
            <agentype>C</agentype>
            <mh_budgetname>司法支出</mh_budgetname>
            <displayname>司法支出</displayname>
            <budgetno_conver>3505130000</budgetno_conver>
            <tyear_amt>158721000</tyear_amt>
            <lyear_amt>157979000</lyear_amt>
            <byear_amt>145096826</byear_amt>
            <b_amt>742000</b_amt>
            <bc_content/>
        </BCME3420_row>
        <BCME3420_row>
            <budgetno>35050130100</budgetno>
            <agenno>05013</agenno>
            <agentype>C</agentype>
            <mh_budgetname>一般行政</mh_budgetname>
            <displayname>一般行政</displayname>
            <budgetno_conver>3505130100</budgetno_conver>
            <tyear_amt>153548000</tyear_amt>
            <lyear_amt>150197000</lyear_amt>
            <byear_amt>140806551</byear_amt>
            <b_amt>3351000</b_amt>
            <bc_content>&lt;#H1&gt;本年度預算數153,548千元，包括人事費134,039千元，業務費19,461千元，獎補助費48千元。&#xd;
&lt;#H1&gt;本年度預算數之內容與上年度之比較如下：&#xd;
&lt;#H2&gt;人員維持費134,039千元，較上年度減列(含移撥)員額1人之人事費416千元，增列員工薪俸晉級差額及撥補勞工退休準備金專戶差額等經費1,218千元，計淨增802千元。&#xd;
&lt;#H2&gt;基本行政工作維持費7,332千元，較上年度減列公務車輛養護等經費19千元。&#xd;
&lt;#H2&gt;辦理司法行政業務經費12,177千元，較上年度增列辦公廳室養護等經費2,568千元。</bc_content>
        </BCME3420_row>
        <BCME3420_row>
            <budgetno>35050131000</budgetno>
            <agenno>05013</agenno>
            <agentype>C</agentype>
            <mh_budgetname>行政訴訟審判</mh_budgetname>
            <displayname>行政訴訟審判</displayname>
            <budgetno_conver>3505131000</budgetno_conver>
            <tyear_amt>4673000</tyear_amt>
            <lyear_amt>4243000</lyear_amt>
            <byear_amt>3756275</byear_amt>
            <b_amt>430000</b_amt>
            <bc_content>&lt;#H1&gt;本年度預算數4,673千元，包括業務費4,540千元，設備及投資133千元。&#xd;
&lt;#H1&gt;本年度預算數4,673千元，係辦理行政訴訟業務經費，較上年度增列辦理電子卷證委外掃描等經費430千元。</bc_content>
        </BCME3420_row>
        <BCME3420_row>
            <budgetno>35050139000</budgetno>
            <agenno>05013</agenno>
            <agentype>C</agentype>
            <mh_budgetname>一般建築及設備</mh_budgetname>
            <displayname>一般建築及設備</displayname>
            <budgetno_conver>3505139000</budgetno_conver>
            <tyear_amt>126000</tyear_amt>
            <lyear_amt>3165000</lyear_amt>
            <byear_amt>534000</byear_amt>
            <b_amt>-3039000</b_amt>
            <bc_content/>
        </BCME3420_row>
        <BCME3420_row>
            <budgetno>35050139019</budgetno>
            <agenno>05013</agenno>
            <agentype>C</agentype>
            <mh_budgetname>其他設備</mh_budgetname>
            <displayname>其他設備</displayname>
            <budgetno_conver>3505139019</budgetno_conver>
            <tyear_amt>126000</tyear_amt>
            <lyear_amt>3165000</lyear_amt>
            <byear_amt>534000</byear_amt>
            <b_amt>-3039000</b_amt>
            <bc_content>本年度預算數之內容與上年度之比較如下：&lt;#H1&gt;購置冷氣機及飲水機等經費126千元。&#xd;
&lt;#H1&gt;上年度購置中央空調冷卻等設備預算業已編竣，所列3,165千元如數減列。</bc_content>
        </BCME3420_row>
        <BCME3420_row>
            <budgetno>35050139800</budgetno>
            <agenno>05013</agenno>
            <agentype>C</agentype>
            <mh_budgetname>第一預備金</mh_budgetname>
            <displayname>第一預備金</displayname>
            <budgetno_conver>3505139800</budgetno_conver>
            <tyear_amt>374000</tyear_amt>
            <lyear_amt>374000</lyear_amt>
            <byear_amt>0</byear_amt>
            <b_amt>0</b_amt>
            <bc_content>仍照上年度預算數編列。</bc_content>
        </BCME3420_row>
    </BCME3420>
</tables>
