<?xml version="1.0" encoding="UTF-8"?>
<tables>
    <BCME3460>
        <BCME3460_row>
            <budgetno>00300000000</budgetno>
            <b_level>00</b_level>
            <budgetname>勞動部主管</budgetname>
            <damt1>311059000.00</damt1>
            <damt2>324408000.00</damt2>
            <damt3>79686000.00</damt3>
            <damt4>0.00</damt4>
            <damt5>900000.00</damt5>
            <damt6>716053000.00</damt6>
            <damt7>2850000.00</damt7>
            <damt8>7743000.00</damt8>
            <damt9>4818000.00</damt9>
            <damt10>0.00</damt10>
            <damt11>15411000.00</damt11>
            <damt12>731464000.00</damt12>
            <no1>15</no1>
            <no2>00</no2>
            <no3>00</no3>
            <no4>00</no4>
            <budgetno_conver>0030000000</budgetno_conver>
            <bnorder>3000000000000</bnorder>
            <ba_budgetsource>1</ba_budgetsource>
        </BCME3460_row>
        <BCME3460_row>
            <budgetno>00300300000</budgetno>
            <b_level>10</b_level>
            <budgetname>職業安全衛生署</budgetname>
            <damt1>311059000.00</damt1>
            <damt2>324408000.00</damt2>
            <damt3>79686000.00</damt3>
            <damt4>0.00</damt4>
            <damt5>900000.00</damt5>
            <damt6>716053000.00</damt6>
            <damt7>2850000.00</damt7>
            <damt8>7743000.00</damt8>
            <damt9>4818000.00</damt9>
            <damt10>0.00</damt10>
            <damt11>15411000.00</damt11>
            <damt12>731464000.00</damt12>
            <no1>15</no1>
            <no2>04</no2>
            <no3>00</no3>
            <no4>00</no4>
            <budgetno_conver>0030300000</budgetno_conver>
            <bnorder>3003000000000</bnorder>
            <ba_budgetsource>1</ba_budgetsource>
        </BCME3460_row>
        <BCME3460_row>
            <budgetno>66300300000</budgetno>
            <b_level>20</b_level>
            <budgetname>社會保險支出</budgetname>
            <damt1>0.00</damt1>
            <damt2>0.00</damt2>
            <damt3>70000000.00</damt3>
            <damt4>0.00</damt4>
            <damt5>0.00</damt5>
            <damt6>70000000.00</damt6>
            <damt7>0.00</damt7>
            <damt8>0.00</damt8>
            <damt9>0.00</damt9>
            <damt10>0.00</damt10>
            <damt11>0.00</damt11>
            <damt12>70000000.00</damt12>
            <no1>15</no1>
            <no2>04</no2>
            <no3>00</no3>
            <no4>00</no4>
            <budgetno_conver>6630300000</budgetno_conver>
            <bnorder>3003000660000</bnorder>
            <ba_budgetsource>1</ba_budgetsource>
        </BCME3460_row>
        <BCME3460_row>
            <budgetno>66300301400</budgetno>
            <b_level>30</b_level>
            <budgetname>職業災害保護業務</budgetname>
            <damt1>0.00</damt1>
            <damt2>0.00</damt2>
            <damt3>70000000.00</damt3>
            <damt4>0.00</damt4>
            <damt5>0.00</damt5>
            <damt6>70000000.00</damt6>
            <damt7>0.00</damt7>
            <damt8>0.00</damt8>
            <damt9>0.00</damt9>
            <damt10>0.00</damt10>
            <damt11>0.00</damt11>
            <damt12>70000000.00</damt12>
            <no1>15</no1>
            <no2>04</no2>
            <no3>01</no3>
            <no4>00</no4>
            <budgetno_conver>6630301400</budgetno_conver>
            <bnorder>3003000661400</bnorder>
            <ba_budgetsource>1</ba_budgetsource>
        </BCME3460_row>
        <BCME3460_row>
            <budgetno>68300300000</budgetno>
            <b_level>20</b_level>
            <budgetname>福利服務支出</budgetname>
            <damt1>311059000.00</damt1>
            <damt2>324408000.00</damt2>
            <damt3>9686000.00</damt3>
            <damt4>0.00</damt4>
            <damt5>900000.00</damt5>
            <damt6>646053000.00</damt6>
            <damt7>2850000.00</damt7>
            <damt8>7743000.00</damt8>
            <damt9>4818000.00</damt9>
            <damt10>0.00</damt10>
            <damt11>15411000.00</damt11>
            <damt12>661464000.00</damt12>
            <no1>15</no1>
            <no2>04</no2>
            <no3>00</no3>
            <no4>00</no4>
            <budgetno_conver>6830300000</budgetno_conver>
            <bnorder>3003000680000</bnorder>
            <ba_budgetsource>1</ba_budgetsource>
        </BCME3460_row>
        <BCME3460_row>
            <budgetno>68300300100</budgetno>
            <b_level>30</b_level>
            <budgetname>一般行政</budgetname>
            <damt1>311059000.00</damt1>
            <damt2>39065000.00</damt2>
            <damt3>486000.00</damt3>
            <damt4>0.00</damt4>
            <damt5>0.00</damt5>
            <damt6>350610000.00</damt6>
            <damt7>0.00</damt7>
            <damt8>5856000.00</damt8>
            <damt9>0.00</damt9>
            <damt10>0.00</damt10>
            <damt11>5856000.00</damt11>
            <damt12>356466000.00</damt12>
            <no1>15</no1>
            <no2>04</no2>
            <no3>02</no3>
            <no4>00</no4>
            <budgetno_conver>6830300100</budgetno_conver>
            <bnorder>3003000680100</bnorder>
            <ba_budgetsource>1</ba_budgetsource>
        </BCME3460_row>
        <BCME3460_row>
            <budgetno>68300300200</budgetno>
            <b_level>30</b_level>
            <budgetname>職業安全衛生業務</budgetname>
            <damt1>0.00</damt1>
            <damt2>285343000.00</damt2>
            <damt3>9200000.00</damt3>
            <damt4>0.00</damt4>
            <damt5>0.00</damt5>
            <damt6>294543000.00</damt6>
            <damt7>2850000.00</damt7>
            <damt8>1282000.00</damt8>
            <damt9>4818000.00</damt9>
            <damt10>0.00</damt10>
            <damt11>8950000.00</damt11>
            <damt12>303493000.00</damt12>
            <no1>15</no1>
            <no2>04</no2>
            <no3>03</no3>
            <no4>00</no4>
            <budgetno_conver>6830300200</budgetno_conver>
            <bnorder>3003000680200</bnorder>
            <ba_budgetsource>1</ba_budgetsource>
        </BCME3460_row>
        <BCME3460_row>
            <budgetno>68300309000</budgetno>
            <b_level>30</b_level>
            <budgetname>一般建築及設備</budgetname>
            <damt1>0.00</damt1>
            <damt2>0.00</damt2>
            <damt3>0.00</damt3>
            <damt4>0.00</damt4>
            <damt5>0.00</damt5>
            <damt6>0.00</damt6>
            <damt7>0.00</damt7>
            <damt8>605000.00</damt8>
            <damt9>0.00</damt9>
            <damt10>0.00</damt10>
            <damt11>605000.00</damt11>
            <damt12>605000.00</damt12>
            <no1>15</no1>
            <no2>04</no2>
            <no3>04</no3>
            <no4>00</no4>
            <budgetno_conver>6830309000</budgetno_conver>
            <bnorder>3003000689000</bnorder>
            <ba_budgetsource>1</ba_budgetsource>
        </BCME3460_row>
        <BCME3460_row>
            <budgetno>68300309011</budgetno>
            <b_level>40</b_level>
            <budgetname>交通及運輸設備</budgetname>
            <damt1>0.00</damt1>
            <damt2>0.00</damt2>
            <damt3>0.00</damt3>
            <damt4>0.00</damt4>
            <damt5>0.00</damt5>
            <damt6>0.00</damt6>
            <damt7>0.00</damt7>
            <damt8>605000.00</damt8>
            <damt9>0.00</damt9>
            <damt10>0.00</damt10>
            <damt11>605000.00</damt11>
            <damt12>605000.00</damt12>
            <no1>15</no1>
            <no2>04</no2>
            <no3>04</no3>
            <no4>01</no4>
            <budgetno_conver>6830309011</budgetno_conver>
            <bnorder>3003000689011</bnorder>
            <ba_budgetsource>1</ba_budgetsource>
        </BCME3460_row>
        <BCME3460_row>
            <budgetno>68300309800</budgetno>
            <b_level>30</b_level>
            <budgetname>第一預備金</budgetname>
            <damt1>0.00</damt1>
            <damt2>0.00</damt2>
            <damt3>0.00</damt3>
            <damt4>0.00</damt4>
            <damt5>900000.00</damt5>
            <damt6>900000.00</damt6>
            <damt7>0.00</damt7>
            <damt8>0.00</damt8>
            <damt9>0.00</damt9>
            <damt10>0.00</damt10>
            <damt11>0.00</damt11>
            <damt12>900000.00</damt12>
            <no1>15</no1>
            <no2>04</no2>
            <no3>05</no3>
            <no4>00</no4>
            <budgetno_conver>6830309800</budgetno_conver>
            <bnorder>3003000689800</bnorder>
            <ba_budgetsource>1</ba_budgetsource>
        </BCME3460_row>
    </BCME3460>
</tables>
