<?xml version="1.0" encoding="UTF-8"?>
<tables>
    <BCME3410_row>
        <mh_itemserialno1/>
        <mh_itemserialno2/>
        <mh_itemserialno3/>
        <mh_itemserialno4/>
        <budgetno/>
        <mh_budgetname>合         計</mh_budgetname>
        <budgetno_conver/>
        <tyear_amt>90097.000000</tyear_amt>
        <lyear_amt>141468.000000</lyear_amt>
        <byear_amt>163327.000000</byear_amt>
        <b_amt>-51371.000000</b_amt>
        <bc_content/>
        <blevel>9</blevel>
        <ordinaryid>1</ordinaryid>
    </BCME3410_row>
    <BCME3410_row>
        <mh_itemserialno1>2</mh_itemserialno1>
        <mh_itemserialno2/>
        <mh_itemserialno3/>
        <mh_itemserialno4/>
        <budgetno>04000000000</budgetno>
        <mh_budgetname>罰款及賠償收入</mh_budgetname>
        <budgetno_conver>0400000000</budgetno_conver>
        <tyear_amt>36500.000000</tyear_amt>
        <lyear_amt>36000.000000</lyear_amt>
        <byear_amt>115626.000000</byear_amt>
        <b_amt>500.000000</b_amt>
        <bc_content/>
        <blevel>1</blevel>
        <ordinaryid/>
    </BCME3410_row>
    <BCME3410_row>
        <mh_itemserialno1/>
        <mh_itemserialno2>185</mh_itemserialno2>
        <mh_itemserialno3/>
        <mh_itemserialno4/>
        <budgetno>04600010000</budgetno>
        <mh_budgetname>環境保護署</mh_budgetname>
        <budgetno_conver>0460010000</budgetno_conver>
        <tyear_amt>36500.000000</tyear_amt>
        <lyear_amt>36000.000000</lyear_amt>
        <byear_amt>115626.000000</byear_amt>
        <b_amt>500.000000</b_amt>
        <bc_content/>
        <blevel>2</blevel>
        <ordinaryid/>
    </BCME3410_row>
    <BCME3410_row>
        <mh_itemserialno1/>
        <mh_itemserialno2/>
        <mh_itemserialno3>01</mh_itemserialno3>
        <mh_itemserialno4/>
        <budgetno>04600010100</budgetno>
        <mh_budgetname>罰金罰鍰及怠金</mh_budgetname>
        <budgetno_conver>0460010100</budgetno_conver>
        <tyear_amt>22470.000000</tyear_amt>
        <lyear_amt>21970.000000</lyear_amt>
        <byear_amt>99209.000000</byear_amt>
        <b_amt>500.000000</b_amt>
        <bc_content/>
        <blevel>3</blevel>
        <ordinaryid/>
    </BCME3410_row>
    <BCME3410_row>
        <mh_itemserialno1/>
        <mh_itemserialno2/>
        <mh_itemserialno3/>
        <mh_itemserialno4>01</mh_itemserialno4>
        <budgetno>04600010101</budgetno>
        <mh_budgetname>罰金罰鍰</mh_budgetname>
        <budgetno_conver>0460010101</budgetno_conver>
        <tyear_amt>22470.000000</tyear_amt>
        <lyear_amt>21970.000000</lyear_amt>
        <byear_amt>99209.000000</byear_amt>
        <b_amt>500.000000</b_amt>
        <bc_key>04600010101xxxxxxxxxxxxxxxxxxxxxxxx1R1x0</bc_key>
        <bc_content>本年度預算數係違反環境影響評
估法等規定之罰鍰收入。</bc_content>
        <blevel>4</blevel>
        <ordinaryid/>
    </BCME3410_row>
    <BCME3410_row>
        <mh_itemserialno1/>
        <mh_itemserialno2/>
        <mh_itemserialno3>02</mh_itemserialno3>
        <mh_itemserialno4/>
        <budgetno>04600010300</budgetno>
        <mh_budgetname>賠償收入</mh_budgetname>
        <budgetno_conver>0460010300</budgetno_conver>
        <tyear_amt>14030.000000</tyear_amt>
        <lyear_amt>14030.000000</lyear_amt>
        <byear_amt>16417.000000</byear_amt>
        <b_amt>0.000000</b_amt>
        <bc_content/>
        <blevel>3</blevel>
        <ordinaryid/>
    </BCME3410_row>
    <BCME3410_row>
        <mh_itemserialno1/>
        <mh_itemserialno2/>
        <mh_itemserialno3/>
        <mh_itemserialno4>01</mh_itemserialno4>
        <budgetno>04600010301</budgetno>
        <mh_budgetname>一般賠償收入</mh_budgetname>
        <budgetno_conver>0460010301</budgetno_conver>
        <tyear_amt>14030.000000</tyear_amt>
        <lyear_amt>14030.000000</lyear_amt>
        <byear_amt>16417.000000</byear_amt>
        <b_amt>0.000000</b_amt>
        <bc_key>04600010301xxxxxxxxxxxxxxxxxxxxxxxx1R1x0</bc_key>
        <bc_content>本年度預算數係廠商違約逾期交
貨或完工之賠償收入。</bc_content>
        <blevel>4</blevel>
        <ordinaryid/>
    </BCME3410_row>
    <BCME3410_row>
        <mh_itemserialno1>3</mh_itemserialno1>
        <mh_itemserialno2/>
        <mh_itemserialno3/>
        <mh_itemserialno4/>
        <budgetno>05000000000</budgetno>
        <mh_budgetname>規費收入</mh_budgetname>
        <budgetno_conver>0500000000</budgetno_conver>
        <tyear_amt>33051.000000</tyear_amt>
        <lyear_amt>32508.000000</lyear_amt>
        <byear_amt>27875.000000</byear_amt>
        <b_amt>543.000000</b_amt>
        <bc_content/>
        <blevel>1</blevel>
        <ordinaryid/>
    </BCME3410_row>
    <BCME3410_row>
        <mh_itemserialno1/>
        <mh_itemserialno2>148</mh_itemserialno2>
        <mh_itemserialno3/>
        <mh_itemserialno4/>
        <budgetno>05600010000</budgetno>
        <mh_budgetname>環境保護署</mh_budgetname>
        <budgetno_conver>0560010000</budgetno_conver>
        <tyear_amt>33051.000000</tyear_amt>
        <lyear_amt>32508.000000</lyear_amt>
        <byear_amt>27875.000000</byear_amt>
        <b_amt>543.000000</b_amt>
        <bc_content/>
        <blevel>2</blevel>
        <ordinaryid/>
    </BCME3410_row>
    <BCME3410_row>
        <mh_itemserialno1/>
        <mh_itemserialno2/>
        <mh_itemserialno3>01</mh_itemserialno3>
        <mh_itemserialno4/>
        <budgetno>05600010100</budgetno>
        <mh_budgetname>行政規費收入</mh_budgetname>
        <budgetno_conver>0560010100</budgetno_conver>
        <tyear_amt>33051.000000</tyear_amt>
        <lyear_amt>32508.000000</lyear_amt>
        <byear_amt>27875.000000</byear_amt>
        <b_amt>543.000000</b_amt>
        <bc_content/>
        <blevel>3</blevel>
        <ordinaryid/>
    </BCME3410_row>
    <BCME3410_row>
        <mh_itemserialno1/>
        <mh_itemserialno2/>
        <mh_itemserialno3/>
        <mh_itemserialno4>01</mh_itemserialno4>
        <budgetno>05600010101</budgetno>
        <mh_budgetname>審查費</mh_budgetname>
        <budgetno_conver>0560010101</budgetno_conver>
        <tyear_amt>31555.000000</tyear_amt>
        <lyear_amt>30464.000000</lyear_amt>
        <byear_amt>26345.000000</byear_amt>
        <b_amt>1091.000000</b_amt>
        <bc_key>05600010101xxxxxxxxxxxxxxxxxxxxxxxx1R1x0</bc_key>
        <bc_content>本年度預算數之內容與上年度之
比較如下：
1.環境影響說明書審查費收入6,
　855千元，與上年度同。
2.環境影響評估報告書審查費收
　入645千元，與上年度同。
3.變更內容對照表審查費收入1,
　920千元，與上年度同。
4.環境影響調查報告書、差異分
　析報告及因應對策審查費收入
　8,605千元，與上年度同。
5.預審諮詢會議審查費收入910
　千元，與上年度同。
6.交通工具排放空氣污染物審查
　費收入6,410千元，較上年度
　增列1,110千元。
7.機動車輛車型噪音審驗審查費
　收入4,833千元，與上年度同
　。
8.申請從事油輸送許可等審查費
　收入210千元，與上年度同。
9.限制產品過度包裝審查費收入
　210千元，與上年度同。
10.環境用藥許可證新申請案等
　 審查費收入911千元，較上年
　 度增列21千元。
11.公害糾紛事件申請裁決及調
　 處審查費收入6千元，與上年
　 度同。
12.預鑄式建築物污水處理設施
　 審查費收入40千元，較上年
　 度減列40千元。</bc_content>
        <blevel>4</blevel>
        <ordinaryid/>
    </BCME3410_row>
    <BCME3410_row>
        <mh_itemserialno1/>
        <mh_itemserialno2/>
        <mh_itemserialno3/>
        <mh_itemserialno4>02</mh_itemserialno4>
        <budgetno>05600010102</budgetno>
        <mh_budgetname>證照費</mh_budgetname>
        <budgetno_conver>0560010102</budgetno_conver>
        <tyear_amt>1496.000000</tyear_amt>
        <lyear_amt>2044.000000</lyear_amt>
        <byear_amt>1530.000000</byear_amt>
        <b_amt>-548.000000</b_amt>
        <bc_key>05600010102xxxxxxxxxxxxxxxxxxxxxxxx1R1x0</bc_key>
        <bc_content>本年度預算數之內容與上年度之
比較如下：
1.汽油車、柴油車、機車申請核
　發、補發或換發新車型審驗合
　格證書收入489千元，與上年
　度同。
2.核發海洋污染防治法所列許可
　證明書收入6千元，與上年度
　同。
3.化學物質登錄文件證照費收入
　40千元，較上年度減列620千
　元。
4.環境用藥許可證收入80千元，
　較上年度增列17千元。
5.環境用藥原料用途證明書費等
　收入36千元，與上年度同。
6.環境保護產品新申請、換發及
　補發證書收入800千元，較上
　年度增列50千元。
7.環境保護產品證書登錄基本資
　料變更收入45千元，較上年度
　增列5千元。</bc_content>
        <blevel>4</blevel>
        <ordinaryid/>
    </BCME3410_row>
    <BCME3410_row>
        <mh_itemserialno1>4</mh_itemserialno1>
        <mh_itemserialno2/>
        <mh_itemserialno3/>
        <mh_itemserialno4/>
        <budgetno>07000000000</budgetno>
        <mh_budgetname>財產收入</mh_budgetname>
        <budgetno_conver>0700000000</budgetno_conver>
        <tyear_amt>629.000000</tyear_amt>
        <lyear_amt>635.000000</lyear_amt>
        <byear_amt>427.000000</byear_amt>
        <b_amt>-6.000000</b_amt>
        <bc_content/>
        <blevel>1</blevel>
        <ordinaryid/>
    </BCME3410_row>
    <BCME3410_row>
        <mh_itemserialno1/>
        <mh_itemserialno2>195</mh_itemserialno2>
        <mh_itemserialno3/>
        <mh_itemserialno4/>
        <budgetno>07600010000</budgetno>
        <mh_budgetname>環境保護署</mh_budgetname>
        <budgetno_conver>0760010000</budgetno_conver>
        <tyear_amt>629.000000</tyear_amt>
        <lyear_amt>635.000000</lyear_amt>
        <byear_amt>427.000000</byear_amt>
        <b_amt>-6.000000</b_amt>
        <bc_content/>
        <blevel>2</blevel>
        <ordinaryid/>
    </BCME3410_row>
    <BCME3410_row>
        <mh_itemserialno1/>
        <mh_itemserialno2/>
        <mh_itemserialno3>01</mh_itemserialno3>
        <mh_itemserialno4/>
        <budgetno>07600010100</budgetno>
        <mh_budgetname>財產孳息</mh_budgetname>
        <budgetno_conver>0760010100</budgetno_conver>
        <tyear_amt>12.000000</tyear_amt>
        <lyear_amt>18.000000</lyear_amt>
        <byear_amt>18.000000</byear_amt>
        <b_amt>-6.000000</b_amt>
        <bc_content/>
        <blevel>3</blevel>
        <ordinaryid/>
    </BCME3410_row>
    <BCME3410_row>
        <mh_itemserialno1/>
        <mh_itemserialno2/>
        <mh_itemserialno3/>
        <mh_itemserialno4>01</mh_itemserialno4>
        <budgetno>07600010101</budgetno>
        <mh_budgetname>利息收入</mh_budgetname>
        <budgetno_conver>0760010101</budgetno_conver>
        <tyear_amt>0.000000</tyear_amt>
        <lyear_amt>0.000000</lyear_amt>
        <byear_amt>1.000000</byear_amt>
        <b_amt>0.000000</b_amt>
        <bc_key>07600010101xxxxxxxxxxxxxxxxxxxxxxxx1R1x0</bc_key>
        <bc_content>前年度決算數係台灣銀行電子付
費帳戶利息收入。</bc_content>
        <blevel>4</blevel>
        <ordinaryid/>
    </BCME3410_row>
    <BCME3410_row>
        <mh_itemserialno1/>
        <mh_itemserialno2/>
        <mh_itemserialno3/>
        <mh_itemserialno4>02</mh_itemserialno4>
        <budgetno>07600010106</budgetno>
        <mh_budgetname>租金收入</mh_budgetname>
        <budgetno_conver>0760010106</budgetno_conver>
        <tyear_amt>12.000000</tyear_amt>
        <lyear_amt>18.000000</lyear_amt>
        <byear_amt>17.000000</byear_amt>
        <b_amt>-6.000000</b_amt>
        <bc_key>07600010106xxxxxxxxxxxxxxxxxxxxxxxx1R1x0</bc_key>
        <bc_content>本年度預算數係出借員工消費合
作社及放置自動提款機之場地租
金收入。</bc_content>
        <blevel>4</blevel>
        <ordinaryid/>
    </BCME3410_row>
    <BCME3410_row>
        <mh_itemserialno1/>
        <mh_itemserialno2/>
        <mh_itemserialno3>02</mh_itemserialno3>
        <mh_itemserialno4/>
        <budgetno>07600010600</budgetno>
        <mh_budgetname>廢舊物資售價</mh_budgetname>
        <budgetno_conver>0760010600</budgetno_conver>
        <tyear_amt>617.000000</tyear_amt>
        <lyear_amt>617.000000</lyear_amt>
        <byear_amt>409.000000</byear_amt>
        <b_amt>0.000000</b_amt>
        <bc_key>07600010600xxxxxxxxxxxxxxxxxxxxxxxx1R1x0</bc_key>
        <bc_content>本年度預算數係出售廢舊物品及
回收物資等收入。</bc_content>
        <blevel>3</blevel>
        <ordinaryid/>
    </BCME3410_row>
    <BCME3410_row>
        <mh_itemserialno1>7</mh_itemserialno1>
        <mh_itemserialno2/>
        <mh_itemserialno3/>
        <mh_itemserialno4/>
        <budgetno>11000000000</budgetno>
        <mh_budgetname>其他收入</mh_budgetname>
        <budgetno_conver>1100000000</budgetno_conver>
        <tyear_amt>19917.000000</tyear_amt>
        <lyear_amt>72325.000000</lyear_amt>
        <byear_amt>19399.000000</byear_amt>
        <b_amt>-52408.000000</b_amt>
        <bc_content/>
        <blevel>1</blevel>
        <ordinaryid/>
    </BCME3410_row>
    <BCME3410_row>
        <mh_itemserialno1/>
        <mh_itemserialno2>201</mh_itemserialno2>
        <mh_itemserialno3/>
        <mh_itemserialno4/>
        <budgetno>11600010000</budgetno>
        <mh_budgetname>環境保護署</mh_budgetname>
        <budgetno_conver>1160010000</budgetno_conver>
        <tyear_amt>19917.000000</tyear_amt>
        <lyear_amt>72325.000000</lyear_amt>
        <byear_amt>19399.000000</byear_amt>
        <b_amt>-52408.000000</b_amt>
        <bc_content/>
        <blevel>2</blevel>
        <ordinaryid/>
    </BCME3410_row>
    <BCME3410_row>
        <mh_itemserialno1/>
        <mh_itemserialno2/>
        <mh_itemserialno3>01</mh_itemserialno3>
        <mh_itemserialno4/>
        <budgetno>11600010900</budgetno>
        <mh_budgetname>雜項收入</mh_budgetname>
        <budgetno_conver>1160010900</budgetno_conver>
        <tyear_amt>19917.000000</tyear_amt>
        <lyear_amt>72325.000000</lyear_amt>
        <byear_amt>19399.000000</byear_amt>
        <b_amt>-52408.000000</b_amt>
        <bc_content/>
        <blevel>3</blevel>
        <ordinaryid/>
    </BCME3410_row>
    <BCME3410_row>
        <mh_itemserialno1/>
        <mh_itemserialno2/>
        <mh_itemserialno3/>
        <mh_itemserialno4>01</mh_itemserialno4>
        <budgetno>11600010901</budgetno>
        <mh_budgetname>收回以前年度歲出</mh_budgetname>
        <budgetno_conver>1160010901</budgetno_conver>
        <tyear_amt>19590.000000</tyear_amt>
        <lyear_amt>72000.000000</lyear_amt>
        <byear_amt>18794.000000</byear_amt>
        <b_amt>-52410.000000</b_amt>
        <bc_key>11600010901xxxxxxxxxxxxxxxxxxxxxxxx1R1x0</bc_key>
        <bc_content>本年度預算數係收回以前年度補
助計畫賸餘款等繳庫數。</bc_content>
        <blevel>4</blevel>
        <ordinaryid/>
    </BCME3410_row>
    <BCME3410_row>
        <mh_itemserialno1/>
        <mh_itemserialno2/>
        <mh_itemserialno3/>
        <mh_itemserialno4>02</mh_itemserialno4>
        <budgetno>11600010909</budgetno>
        <mh_budgetname>其他雜項收入</mh_budgetname>
        <budgetno_conver>1160010909</budgetno_conver>
        <tyear_amt>327.000000</tyear_amt>
        <lyear_amt>325.000000</lyear_amt>
        <byear_amt>604.000000</byear_amt>
        <b_amt>2.000000</b_amt>
        <bc_key>11600010909xxxxxxxxxxxxxxxxxxxxxxxx1R1x0</bc_key>
        <bc_content>本年度預算數係臭氧監測儀器校
驗等收入及借用宿舍員工自薪資
扣回繳庫數。</bc_content>
        <blevel>4</blevel>
        <ordinaryid/>
    </BCME3410_row>
</tables>
