<?xml version="1.0" encoding="UTF-8"?>
<tables>
    <BCTDOUTGO>
        <BCTDOUTGO_row>
            <bm_fiscalyear>105</bm_fiscalyear>
            <bm_fundkind>1</bm_fundkind>
            <bm_budgetkind>1</bm_budgetkind>
            <bm_specialbudgetno/>
            <bm_agenno>60001</bm_agenno>
            <bm_agentype>B</bm_agentype>
            <bm_budgetstate>2</bm_budgetstate>
            <bm_abroadplan>2</bm_abroadplan>
            <bm_projtype>1 </bm_projtype>
            <bm_projno>01</bm_projno>
            <bm_abroadplanname>考察兩岸環境用藥及有害生物病媒防治</bm_abroadplanname>
            <bm_visitsts>1</bm_visitsts>
            <bm_visitexplain/>
            <bm_dispatchstaffs>0</bm_dispatchstaffs>
            <bm_abroadsite1/>
            <bm_abroadsite2/>
            <bm_abroadsite3/>
            <bm_abroadperiod1/>
            <bm_abroadperiodto1/>
            <bm_abroadperiod2/>
            <bm_abroadperiodto2/>
            <bm_abroadperiod3/>
            <bm_abroadperiodto3/>
            <bm_abroadstaffs1>0</bm_abroadstaffs1>
            <bm_abroadstaffs2>0</bm_abroadstaffs2>
            <bm_abroadstaffs3>0</bm_abroadstaffs3>
            <bm_abroadallowance1>0.00</bm_abroadallowance1>
            <bm_abroadallowance2>0.00</bm_abroadallowance2>
            <bm_abroadallowance3>0.00</bm_abroadallowance3>
            <bm_budgetno>7260011400</bm_budgetno>
            <bm_regionno>2H</bm_regionno>
            <bm_country>北京或昆山、廣州</bm_country>
            <bm_agency>相關機關</bm_agency>
            <bm_cont_text>&amp;lt;#H1&amp;gt;實際至大陸地區病媒防治業考察病媒防治技術的發展及病媒防治市場的概況。&amp;lt;#H1&amp;gt;考察中國大陸環境用藥製造業，研議與我國環境用藥製造業合作投資的可行性。</bm_cont_text>
            <bm_durationfrom>10501</bm_durationfrom>
            <bm_durationto>10512</bm_durationto>
            <bm_days>5</bm_days>
            <bm_persons>2</bm_persons>
            <bm_amt_trans>40000.00</bm_amt_trans>
            <bm_amt_life>37000.00</bm_amt_life>
            <bm_amt_public>10000.00</bm_amt_public>
            <bm_amt_books>0.00</bm_amt_books>
            <bm_amt_flight>0.00</bm_amt_flight>
            <bm_versiondate/>
        </BCTDOUTGO_row>
        <BCTDOUTGO_row>
            <bm_fiscalyear>105</bm_fiscalyear>
            <bm_fundkind>1</bm_fundkind>
            <bm_budgetkind>1</bm_budgetkind>
            <bm_specialbudgetno/>
            <bm_agenno>60001</bm_agenno>
            <bm_agentype>B</bm_agentype>
            <bm_budgetstate>2</bm_budgetstate>
            <bm_abroadplan>2</bm_abroadplan>
            <bm_projtype>3 </bm_projtype>
            <bm_projno>02</bm_projno>
            <bm_abroadplanname>兩岸環保事務合作交流或合作會議</bm_abroadplanname>
            <bm_visitsts>1</bm_visitsts>
            <bm_visitexplain/>
            <bm_dispatchstaffs>0</bm_dispatchstaffs>
            <bm_abroadsite1/>
            <bm_abroadsite2/>
            <bm_abroadsite3/>
            <bm_abroadperiod1/>
            <bm_abroadperiodto1/>
            <bm_abroadperiod2/>
            <bm_abroadperiodto2/>
            <bm_abroadperiod3/>
            <bm_abroadperiodto3/>
            <bm_abroadstaffs1>0</bm_abroadstaffs1>
            <bm_abroadstaffs2>0</bm_abroadstaffs2>
            <bm_abroadstaffs3>0</bm_abroadstaffs3>
            <bm_abroadallowance1>0.00</bm_abroadallowance1>
            <bm_abroadallowance2>0.00</bm_abroadallowance2>
            <bm_abroadallowance3>0.00</bm_abroadallowance3>
            <bm_budgetno>7260011020</bm_budgetno>
            <bm_regionno>2H</bm_regionno>
            <bm_country>北京</bm_country>
            <bm_agency>中國環境保護部</bm_agency>
            <bm_cont_text>兩岸環境保護交流及合作事宜。</bm_cont_text>
            <bm_durationfrom>10501</bm_durationfrom>
            <bm_durationto>10512</bm_durationto>
            <bm_days>7</bm_days>
            <bm_persons>4</bm_persons>
            <bm_amt_trans>108000.00</bm_amt_trans>
            <bm_amt_life>80000.00</bm_amt_life>
            <bm_amt_public>40000.00</bm_amt_public>
            <bm_amt_books>0.00</bm_amt_books>
            <bm_amt_flight>0.00</bm_amt_flight>
            <bm_versiondate/>
        </BCTDOUTGO_row>
        <BCTDOUTGO_row>
            <bm_fiscalyear>105</bm_fiscalyear>
            <bm_fundkind>1</bm_fundkind>
            <bm_budgetkind>1</bm_budgetkind>
            <bm_specialbudgetno/>
            <bm_agenno>60001</bm_agenno>
            <bm_agentype>B</bm_agentype>
            <bm_budgetstate>2</bm_budgetstate>
            <bm_abroadplan>2</bm_abroadplan>
            <bm_projtype>3 </bm_projtype>
            <bm_projno>03</bm_projno>
            <bm_abroadplanname>兩岸空氣污染管制策略及技術交流會議</bm_abroadplanname>
            <bm_visitsts>2</bm_visitsts>
            <bm_visitexplain>至北京拜會環保部、監測總站及北京大學，進行環保議題交流。</bm_visitexplain>
            <bm_dispatchstaffs>0</bm_dispatchstaffs>
            <bm_abroadsite1/>
            <bm_abroadsite2/>
            <bm_abroadsite3/>
            <bm_abroadperiod1/>
            <bm_abroadperiodto1/>
            <bm_abroadperiod2/>
            <bm_abroadperiodto2/>
            <bm_abroadperiod3/>
            <bm_abroadperiodto3/>
            <bm_abroadstaffs1>0</bm_abroadstaffs1>
            <bm_abroadstaffs2>0</bm_abroadstaffs2>
            <bm_abroadstaffs3>0</bm_abroadstaffs3>
            <bm_abroadallowance1>0.00</bm_abroadallowance1>
            <bm_abroadallowance2>0.00</bm_abroadallowance2>
            <bm_abroadallowance3>0.00</bm_abroadallowance3>
            <bm_budgetno>7260011100</bm_budgetno>
            <bm_regionno>2H</bm_regionno>
            <bm_country>依會議議程</bm_country>
            <bm_agency>中國環境保護部及大氣保護相關科學研究機構</bm_agency>
            <bm_cont_text>兩岸大氣保護交流、減量技術、排放清冊、細懸浮微粒霾害預警等議題。</bm_cont_text>
            <bm_durationfrom>10501</bm_durationfrom>
            <bm_durationto>10512</bm_durationto>
            <bm_days>7</bm_days>
            <bm_persons>3</bm_persons>
            <bm_amt_trans>44000.00</bm_amt_trans>
            <bm_amt_life>104000.00</bm_amt_life>
            <bm_amt_public>8000.00</bm_amt_public>
            <bm_amt_books>0.00</bm_amt_books>
            <bm_amt_flight>0.00</bm_amt_flight>
            <bm_versiondate/>
        </BCTDOUTGO_row>
        <BCTDOUTGO_row>
            <bm_fiscalyear>105</bm_fiscalyear>
            <bm_fundkind>1</bm_fundkind>
            <bm_budgetkind>1</bm_budgetkind>
            <bm_specialbudgetno/>
            <bm_agenno>60001</bm_agenno>
            <bm_agentype>B</bm_agentype>
            <bm_budgetstate>2</bm_budgetstate>
            <bm_abroadplan>2</bm_abroadplan>
            <bm_projtype>3 </bm_projtype>
            <bm_projno>04</bm_projno>
            <bm_abroadplanname>兩岸因應氣候變遷學術研討會大會及相關籌劃、工作諮詢會議</bm_abroadplanname>
            <bm_visitsts>1</bm_visitsts>
            <bm_visitexplain/>
            <bm_dispatchstaffs>0</bm_dispatchstaffs>
            <bm_abroadsite1/>
            <bm_abroadsite2/>
            <bm_abroadsite3/>
            <bm_abroadperiod1/>
            <bm_abroadperiodto1/>
            <bm_abroadperiod2/>
            <bm_abroadperiodto2/>
            <bm_abroadperiod3/>
            <bm_abroadperiodto3/>
            <bm_abroadstaffs1>0</bm_abroadstaffs1>
            <bm_abroadstaffs2>0</bm_abroadstaffs2>
            <bm_abroadstaffs3>0</bm_abroadstaffs3>
            <bm_abroadallowance1>0.00</bm_abroadallowance1>
            <bm_abroadallowance2>0.00</bm_abroadallowance2>
            <bm_abroadallowance3>0.00</bm_abroadallowance3>
            <bm_budgetno>7260011100</bm_budgetno>
            <bm_regionno>2H</bm_regionno>
            <bm_country>北京</bm_country>
            <bm_agency>相關機關</bm_agency>
            <bm_cont_text>延續與中國大陸在因應氣候變遷議題之長期合作交流機制。</bm_cont_text>
            <bm_durationfrom>10501</bm_durationfrom>
            <bm_durationto>10512</bm_durationto>
            <bm_days>7</bm_days>
            <bm_persons>5</bm_persons>
            <bm_amt_trans>125000.00</bm_amt_trans>
            <bm_amt_life>120000.00</bm_amt_life>
            <bm_amt_public>15000.00</bm_amt_public>
            <bm_amt_books>0.00</bm_amt_books>
            <bm_amt_flight>0.00</bm_amt_flight>
            <bm_versiondate/>
        </BCTDOUTGO_row>
        <BCTDOUTGO_row>
            <bm_fiscalyear>105</bm_fiscalyear>
            <bm_fundkind>1</bm_fundkind>
            <bm_budgetkind>1</bm_budgetkind>
            <bm_specialbudgetno/>
            <bm_agenno>60001</bm_agenno>
            <bm_agentype>B</bm_agentype>
            <bm_budgetstate>2</bm_budgetstate>
            <bm_abroadplan>2</bm_abroadplan>
            <bm_projtype>3 </bm_projtype>
            <bm_projno>05</bm_projno>
            <bm_abroadplanname>兩岸協商金門連江海漂垃圾合作處理方式</bm_abroadplanname>
            <bm_visitsts>1</bm_visitsts>
            <bm_visitexplain/>
            <bm_dispatchstaffs>0</bm_dispatchstaffs>
            <bm_abroadsite1/>
            <bm_abroadsite2/>
            <bm_abroadsite3/>
            <bm_abroadperiod1/>
            <bm_abroadperiodto1/>
            <bm_abroadperiod2/>
            <bm_abroadperiodto2/>
            <bm_abroadperiod3/>
            <bm_abroadperiodto3/>
            <bm_abroadstaffs1>0</bm_abroadstaffs1>
            <bm_abroadstaffs2>0</bm_abroadstaffs2>
            <bm_abroadstaffs3>0</bm_abroadstaffs3>
            <bm_abroadallowance1>0.00</bm_abroadallowance1>
            <bm_abroadallowance2>0.00</bm_abroadallowance2>
            <bm_abroadallowance3>0.00</bm_abroadallowance3>
            <bm_budgetno>7260011200</bm_budgetno>
            <bm_regionno>2H</bm_regionno>
            <bm_country>北京</bm_country>
            <bm_agency>環境保護、住房及城鄉建設或海洋事務部門</bm_agency>
            <bm_cont_text>洽談金門縣及連江縣海漂垃圾兩岸協商事宜，協調金門縣及連江縣因大陸陸源海漂垃圾處理之防治及合作方式。</bm_cont_text>
            <bm_durationfrom>10501</bm_durationfrom>
            <bm_durationto>10512</bm_durationto>
            <bm_days>7</bm_days>
            <bm_persons>3</bm_persons>
            <bm_amt_trans>60000.00</bm_amt_trans>
            <bm_amt_life>48000.00</bm_amt_life>
            <bm_amt_public>48000.00</bm_amt_public>
            <bm_amt_books>0.00</bm_amt_books>
            <bm_amt_flight>0.00</bm_amt_flight>
            <bm_versiondate/>
        </BCTDOUTGO_row>
        <BCTDOUTGO_row>
            <bm_fiscalyear>105</bm_fiscalyear>
            <bm_fundkind>1</bm_fundkind>
            <bm_budgetkind>1</bm_budgetkind>
            <bm_specialbudgetno/>
            <bm_agenno>60001</bm_agenno>
            <bm_agentype>B</bm_agentype>
            <bm_budgetstate>2</bm_budgetstate>
            <bm_abroadplan>2</bm_abroadplan>
            <bm_projtype>3 </bm_projtype>
            <bm_projno>06</bm_projno>
            <bm_abroadplanname>兩岸水體水質保護管理制度及技術交流及溝通</bm_abroadplanname>
            <bm_visitsts>1</bm_visitsts>
            <bm_visitexplain/>
            <bm_dispatchstaffs>0</bm_dispatchstaffs>
            <bm_abroadsite1/>
            <bm_abroadsite2/>
            <bm_abroadsite3/>
            <bm_abroadperiod1/>
            <bm_abroadperiodto1/>
            <bm_abroadperiod2/>
            <bm_abroadperiodto2/>
            <bm_abroadperiod3/>
            <bm_abroadperiodto3/>
            <bm_abroadstaffs1>0</bm_abroadstaffs1>
            <bm_abroadstaffs2>0</bm_abroadstaffs2>
            <bm_abroadstaffs3>0</bm_abroadstaffs3>
            <bm_abroadallowance1>0.00</bm_abroadallowance1>
            <bm_abroadallowance2>0.00</bm_abroadallowance2>
            <bm_abroadallowance3>0.00</bm_abroadallowance3>
            <bm_budgetno>7260011200</bm_budgetno>
            <bm_regionno>2H</bm_regionno>
            <bm_country>北京</bm_country>
            <bm_agency>相關機關</bm_agency>
            <bm_cont_text>建立兩岸水污染防治及管理資訊之交換與查詢平台、透過兩岸之產、官、學界聯合參訪，實際瞭解雙方流域水質管理方式（如陸方水體水質污染削減管制措施等）、技術及設置成果。</bm_cont_text>
            <bm_durationfrom>10501</bm_durationfrom>
            <bm_durationto>10512</bm_durationto>
            <bm_days>7</bm_days>
            <bm_persons>3</bm_persons>
            <bm_amt_trans>70000.00</bm_amt_trans>
            <bm_amt_life>66000.00</bm_amt_life>
            <bm_amt_public>20000.00</bm_amt_public>
            <bm_amt_books>0.00</bm_amt_books>
            <bm_amt_flight>0.00</bm_amt_flight>
            <bm_versiondate/>
        </BCTDOUTGO_row>
        <BCTDOUTGO_row>
            <bm_fiscalyear>105</bm_fiscalyear>
            <bm_fundkind>1</bm_fundkind>
            <bm_budgetkind>1</bm_budgetkind>
            <bm_specialbudgetno/>
            <bm_agenno>60001</bm_agenno>
            <bm_agentype>B</bm_agentype>
            <bm_budgetstate>2</bm_budgetstate>
            <bm_abroadplan>2</bm_abroadplan>
            <bm_projtype>3 </bm_projtype>
            <bm_projno>07</bm_projno>
            <bm_abroadplanname>化學物質登錄管理議題研討會議</bm_abroadplanname>
            <bm_visitsts>1</bm_visitsts>
            <bm_visitexplain/>
            <bm_dispatchstaffs>0</bm_dispatchstaffs>
            <bm_abroadsite1/>
            <bm_abroadsite2/>
            <bm_abroadsite3/>
            <bm_abroadperiod1/>
            <bm_abroadperiodto1/>
            <bm_abroadperiod2/>
            <bm_abroadperiodto2/>
            <bm_abroadperiod3/>
            <bm_abroadperiodto3/>
            <bm_abroadstaffs1>0</bm_abroadstaffs1>
            <bm_abroadstaffs2>0</bm_abroadstaffs2>
            <bm_abroadstaffs3>0</bm_abroadstaffs3>
            <bm_abroadallowance1>0.00</bm_abroadallowance1>
            <bm_abroadallowance2>0.00</bm_abroadallowance2>
            <bm_abroadallowance3>0.00</bm_abroadallowance3>
            <bm_budgetno>7260011400</bm_budgetno>
            <bm_regionno>2H</bm_regionno>
            <bm_country>北京或上海</bm_country>
            <bm_agency>相關機關</bm_agency>
            <bm_cont_text>&amp;lt;#H1&amp;gt;透過參加會議交流化學物質登錄管理議題，參與國際化學物質管理趨勢之研討。&amp;lt;#H1&amp;gt;宣傳我國化學物質登錄管理政策與國際調和。</bm_cont_text>
            <bm_durationfrom>10501</bm_durationfrom>
            <bm_durationto>10512</bm_durationto>
            <bm_days>5</bm_days>
            <bm_persons>2</bm_persons>
            <bm_amt_trans>34000.00</bm_amt_trans>
            <bm_amt_life>45000.00</bm_amt_life>
            <bm_amt_public>8000.00</bm_amt_public>
            <bm_amt_books>0.00</bm_amt_books>
            <bm_amt_flight>0.00</bm_amt_flight>
            <bm_versiondate/>
        </BCTDOUTGO_row>
        <BCTDOUTGO_row>
            <bm_fiscalyear>105</bm_fiscalyear>
            <bm_fundkind>1</bm_fundkind>
            <bm_budgetkind>1</bm_budgetkind>
            <bm_specialbudgetno/>
            <bm_agenno>60001</bm_agenno>
            <bm_agentype>B</bm_agentype>
            <bm_budgetstate>2</bm_budgetstate>
            <bm_abroadplan>2</bm_abroadplan>
            <bm_projtype>3 </bm_projtype>
            <bm_projno>08</bm_projno>
            <bm_abroadplanname>兩岸空氣品質監測合作研商及交流</bm_abroadplanname>
            <bm_visitsts>1</bm_visitsts>
            <bm_visitexplain/>
            <bm_dispatchstaffs>0</bm_dispatchstaffs>
            <bm_abroadsite1/>
            <bm_abroadsite2/>
            <bm_abroadsite3/>
            <bm_abroadperiod1/>
            <bm_abroadperiodto1/>
            <bm_abroadperiod2/>
            <bm_abroadperiodto2/>
            <bm_abroadperiod3/>
            <bm_abroadperiodto3/>
            <bm_abroadstaffs1>0</bm_abroadstaffs1>
            <bm_abroadstaffs2>0</bm_abroadstaffs2>
            <bm_abroadstaffs3>0</bm_abroadstaffs3>
            <bm_abroadallowance1>0.00</bm_abroadallowance1>
            <bm_abroadallowance2>0.00</bm_abroadallowance2>
            <bm_abroadallowance3>0.00</bm_abroadallowance3>
            <bm_budgetno>7260011600</bm_budgetno>
            <bm_regionno>2H</bm_regionno>
            <bm_country>上海、廣州</bm_country>
            <bm_agency>中國環境保護部及相關單位</bm_agency>
            <bm_cont_text>參加雙邊空氣品質監測會議並進行監測技術交流。</bm_cont_text>
            <bm_durationfrom>10501</bm_durationfrom>
            <bm_durationto>10512</bm_durationto>
            <bm_days>6</bm_days>
            <bm_persons>4</bm_persons>
            <bm_amt_trans>104000.00</bm_amt_trans>
            <bm_amt_life>70000.00</bm_amt_life>
            <bm_amt_public>20000.00</bm_amt_public>
            <bm_amt_books>0.00</bm_amt_books>
            <bm_amt_flight>0.00</bm_amt_flight>
            <bm_versiondate/>
        </BCTDOUTGO_row>
    </BCTDOUTGO>
</tables>
