<?xml version="1.0" encoding="UTF-8"?>
<tables>
    <BCME3450>
        <BCME3450_row>
            <objectNo>合計</objectNo>
            <budgetno_7260010100>523747.00</budgetno_7260010100>
            <budgetno_7260018800>455761.00</budgetno_7260018800>
            <budgetno_5260011700>48883.00</budgetno_5260011700>
            <budgetno_7260011020>61818.00</budgetno_7260011020>
            <budgetno_7260011100>38978.00</budgetno_7260011100>
            <budgetno_7260011200>91828.00</budgetno_7260011200>
            <budgetno_7260011300>137727.00</budgetno_7260011300>
            <budgetno_7260011400>335372.00</budgetno_7260011400>
            <budgetno_7260011500>25051.00</budgetno_7260011500>
            <budgetno_7260011600>218521.00</budgetno_7260011600>
            <budgetno_7260011023>2027855.00</budgetno_7260011023>
            <budgetno_7260019800>4000.00</budgetno_7260019800>
            <total>3969541.00</total>
        </BCME3450_row>
        <BCME3450_row>
            <objectNo>0100 人事費</objectNo>
            <budgetno_7260010100>490380.00</budgetno_7260010100>
            <budgetno_7260018800>313019.00</budgetno_7260018800>
            <budgetno_5260011700/>
            <budgetno_7260011020/>
            <budgetno_7260011100/>
            <budgetno_7260011200/>
            <budgetno_7260011300/>
            <budgetno_7260011400/>
            <budgetno_7260011500/>
            <budgetno_7260011600/>
            <budgetno_7260011023/>
            <budgetno_7260019800/>
            <total>803399.00</total>
        </BCME3450_row>
        <BCME3450_row>
            <objectNo>  0102 政務人員待遇</objectNo>
            <budgetno_7260010100>4324.00</budgetno_7260010100>
            <budgetno_7260018800/>
            <budgetno_5260011700/>
            <budgetno_7260011020/>
            <budgetno_7260011100/>
            <budgetno_7260011200/>
            <budgetno_7260011300/>
            <budgetno_7260011400/>
            <budgetno_7260011500/>
            <budgetno_7260011600/>
            <budgetno_7260011023/>
            <budgetno_7260019800/>
            <total>4324.00</total>
        </BCME3450_row>
        <BCME3450_row>
            <objectNo>  0103 法定編制人員待遇</objectNo>
            <budgetno_7260010100>270614.00</budgetno_7260010100>
            <budgetno_7260018800>157653.00</budgetno_7260018800>
            <budgetno_5260011700/>
            <budgetno_7260011020/>
            <budgetno_7260011100/>
            <budgetno_7260011200/>
            <budgetno_7260011300/>
            <budgetno_7260011400/>
            <budgetno_7260011500/>
            <budgetno_7260011600/>
            <budgetno_7260011023/>
            <budgetno_7260019800/>
            <total>428267.00</total>
        </BCME3450_row>
        <BCME3450_row>
            <objectNo>  0104 約聘僱人員待遇</objectNo>
            <budgetno_7260010100>27345.00</budgetno_7260010100>
            <budgetno_7260018800>33710.00</budgetno_7260018800>
            <budgetno_5260011700/>
            <budgetno_7260011020/>
            <budgetno_7260011100/>
            <budgetno_7260011200/>
            <budgetno_7260011300/>
            <budgetno_7260011400/>
            <budgetno_7260011500/>
            <budgetno_7260011600/>
            <budgetno_7260011023/>
            <budgetno_7260019800/>
            <total>61055.00</total>
        </BCME3450_row>
        <BCME3450_row>
            <objectNo>  0105 技工及工友待遇</objectNo>
            <budgetno_7260010100>17182.00</budgetno_7260010100>
            <budgetno_7260018800>15845.00</budgetno_7260018800>
            <budgetno_5260011700/>
            <budgetno_7260011020/>
            <budgetno_7260011100/>
            <budgetno_7260011200/>
            <budgetno_7260011300/>
            <budgetno_7260011400/>
            <budgetno_7260011500/>
            <budgetno_7260011600/>
            <budgetno_7260011023/>
            <budgetno_7260019800/>
            <total>33027.00</total>
        </BCME3450_row>
        <BCME3450_row>
            <objectNo>  0111 獎金</objectNo>
            <budgetno_7260010100>77536.00</budgetno_7260010100>
            <budgetno_7260018800>47785.00</budgetno_7260018800>
            <budgetno_5260011700/>
            <budgetno_7260011020/>
            <budgetno_7260011100/>
            <budgetno_7260011200/>
            <budgetno_7260011300/>
            <budgetno_7260011400/>
            <budgetno_7260011500/>
            <budgetno_7260011600/>
            <budgetno_7260011023/>
            <budgetno_7260019800/>
            <total>125321.00</total>
        </BCME3450_row>
        <BCME3450_row>
            <objectNo>  0121 其他給與</objectNo>
            <budgetno_7260010100>6792.00</budgetno_7260010100>
            <budgetno_7260018800>4993.00</budgetno_7260018800>
            <budgetno_5260011700/>
            <budgetno_7260011020/>
            <budgetno_7260011100/>
            <budgetno_7260011200/>
            <budgetno_7260011300/>
            <budgetno_7260011400/>
            <budgetno_7260011500/>
            <budgetno_7260011600/>
            <budgetno_7260011023/>
            <budgetno_7260019800/>
            <total>11785.00</total>
        </BCME3450_row>
        <BCME3450_row>
            <objectNo>  0131 加班值班費</objectNo>
            <budgetno_7260010100>26281.00</budgetno_7260010100>
            <budgetno_7260018800>11987.00</budgetno_7260018800>
            <budgetno_5260011700/>
            <budgetno_7260011020/>
            <budgetno_7260011100/>
            <budgetno_7260011200/>
            <budgetno_7260011300/>
            <budgetno_7260011400/>
            <budgetno_7260011500/>
            <budgetno_7260011600/>
            <budgetno_7260011023/>
            <budgetno_7260019800/>
            <total>38268.00</total>
        </BCME3450_row>
        <BCME3450_row>
            <objectNo>  0143 退休離職儲金</objectNo>
            <budgetno_7260010100>28049.00</budgetno_7260010100>
            <budgetno_7260018800>19373.00</budgetno_7260018800>
            <budgetno_5260011700/>
            <budgetno_7260011020/>
            <budgetno_7260011100/>
            <budgetno_7260011200/>
            <budgetno_7260011300/>
            <budgetno_7260011400/>
            <budgetno_7260011500/>
            <budgetno_7260011600/>
            <budgetno_7260011023/>
            <budgetno_7260019800/>
            <total>47422.00</total>
        </BCME3450_row>
        <BCME3450_row>
            <objectNo>  0151 保險</objectNo>
            <budgetno_7260010100>32257.00</budgetno_7260010100>
            <budgetno_7260018800>21673.00</budgetno_7260018800>
            <budgetno_5260011700/>
            <budgetno_7260011020/>
            <budgetno_7260011100/>
            <budgetno_7260011200/>
            <budgetno_7260011300/>
            <budgetno_7260011400/>
            <budgetno_7260011500/>
            <budgetno_7260011600/>
            <budgetno_7260011023/>
            <budgetno_7260019800/>
            <total>53930.00</total>
        </BCME3450_row>
        <BCME3450_row>
            <objectNo>0200 業務費</objectNo>
            <budgetno_7260010100>32006.00</budgetno_7260010100>
            <budgetno_7260018800>123272.00</budgetno_7260018800>
            <budgetno_5260011700>48883.00</budgetno_5260011700>
            <budgetno_7260011020>55288.00</budgetno_7260011020>
            <budgetno_7260011100>38818.00</budgetno_7260011100>
            <budgetno_7260011200>87248.00</budgetno_7260011200>
            <budgetno_7260011300>137687.00</budgetno_7260011300>
            <budgetno_7260011400>265372.00</budgetno_7260011400>
            <budgetno_7260011500>25041.00</budgetno_7260011500>
            <budgetno_7260011600>104171.00</budgetno_7260011600>
            <budgetno_7260011023/>
            <budgetno_7260019800/>
            <total>917786.00</total>
        </BCME3450_row>
        <BCME3450_row>
            <objectNo>  0201 教育訓練費</objectNo>
            <budgetno_7260010100>700.00</budgetno_7260010100>
            <budgetno_7260018800>438.00</budgetno_7260018800>
            <budgetno_5260011700/>
            <budgetno_7260011020/>
            <budgetno_7260011100/>
            <budgetno_7260011200/>
            <budgetno_7260011300/>
            <budgetno_7260011400/>
            <budgetno_7260011500/>
            <budgetno_7260011600>110.00</budgetno_7260011600>
            <budgetno_7260011023/>
            <budgetno_7260019800/>
            <total>1248.00</total>
        </BCME3450_row>
        <BCME3450_row>
            <objectNo>  0202 水電費</objectNo>
            <budgetno_7260010100>6653.00</budgetno_7260010100>
            <budgetno_7260018800>5963.00</budgetno_7260018800>
            <budgetno_5260011700/>
            <budgetno_7260011020>205.00</budgetno_7260011020>
            <budgetno_7260011100/>
            <budgetno_7260011200/>
            <budgetno_7260011300/>
            <budgetno_7260011400/>
            <budgetno_7260011500/>
            <budgetno_7260011600>249.00</budgetno_7260011600>
            <budgetno_7260011023/>
            <budgetno_7260019800/>
            <total>13070.00</total>
        </BCME3450_row>
        <BCME3450_row>
            <objectNo>  0203 通訊費</objectNo>
            <budgetno_7260010100>135.00</budgetno_7260010100>
            <budgetno_7260018800>3550.00</budgetno_7260018800>
            <budgetno_5260011700/>
            <budgetno_7260011020>400.00</budgetno_7260011020>
            <budgetno_7260011100>59.00</budgetno_7260011100>
            <budgetno_7260011200>1115.00</budgetno_7260011200>
            <budgetno_7260011300>2125.00</budgetno_7260011300>
            <budgetno_7260011400>1042.00</budgetno_7260011400>
            <budgetno_7260011500>20.00</budgetno_7260011500>
            <budgetno_7260011600/>
            <budgetno_7260011023/>
            <budgetno_7260019800/>
            <total>8446.00</total>
        </BCME3450_row>
        <BCME3450_row>
            <objectNo>  0211 土地租金</objectNo>
            <budgetno_7260010100/>
            <budgetno_7260018800/>
            <budgetno_5260011700/>
            <budgetno_7260011020/>
            <budgetno_7260011100>43.00</budgetno_7260011100>
            <budgetno_7260011200/>
            <budgetno_7260011300/>
            <budgetno_7260011400/>
            <budgetno_7260011500/>
            <budgetno_7260011600/>
            <budgetno_7260011023/>
            <budgetno_7260019800/>
            <total>43.00</total>
        </BCME3450_row>
        <BCME3450_row>
            <objectNo>  0215 資訊服務費</objectNo>
            <budgetno_7260010100>700.00</budgetno_7260010100>
            <budgetno_7260018800>1200.00</budgetno_7260018800>
            <budgetno_5260011700/>
            <budgetno_7260011020/>
            <budgetno_7260011100>10.00</budgetno_7260011100>
            <budgetno_7260011200>300.00</budgetno_7260011200>
            <budgetno_7260011300/>
            <budgetno_7260011400/>
            <budgetno_7260011500/>
            <budgetno_7260011600>29694.00</budgetno_7260011600>
            <budgetno_7260011023/>
            <budgetno_7260019800/>
            <total>31904.00</total>
        </BCME3450_row>
        <BCME3450_row>
            <objectNo>  0219 其他業務租金</objectNo>
            <budgetno_7260010100>400.00</budgetno_7260010100>
            <budgetno_7260018800>2628.00</budgetno_7260018800>
            <budgetno_5260011700/>
            <budgetno_7260011020>80.00</budgetno_7260011020>
            <budgetno_7260011100/>
            <budgetno_7260011200>100.00</budgetno_7260011200>
            <budgetno_7260011300/>
            <budgetno_7260011400/>
            <budgetno_7260011500/>
            <budgetno_7260011600/>
            <budgetno_7260011023/>
            <budgetno_7260019800/>
            <total>3208.00</total>
        </BCME3450_row>
        <BCME3450_row>
            <objectNo>  0221 稅捐及規費</objectNo>
            <budgetno_7260010100>136.00</budgetno_7260010100>
            <budgetno_7260018800>1537.00</budgetno_7260018800>
            <budgetno_5260011700/>
            <budgetno_7260011020/>
            <budgetno_7260011100/>
            <budgetno_7260011200/>
            <budgetno_7260011300/>
            <budgetno_7260011400/>
            <budgetno_7260011500/>
            <budgetno_7260011600>175.00</budgetno_7260011600>
            <budgetno_7260011023/>
            <budgetno_7260019800/>
            <total>1848.00</total>
        </BCME3450_row>
        <BCME3450_row>
            <objectNo>  0231 保險費</objectNo>
            <budgetno_7260010100>816.00</budgetno_7260010100>
            <budgetno_7260018800>943.00</budgetno_7260018800>
            <budgetno_5260011700/>
            <budgetno_7260011020/>
            <budgetno_7260011100/>
            <budgetno_7260011200/>
            <budgetno_7260011300/>
            <budgetno_7260011400/>
            <budgetno_7260011500/>
            <budgetno_7260011600>527.00</budgetno_7260011600>
            <budgetno_7260011023/>
            <budgetno_7260019800/>
            <total>2286.00</total>
        </BCME3450_row>
        <BCME3450_row>
            <objectNo>  0241 兼職費</objectNo>
            <budgetno_7260010100>288.00</budgetno_7260010100>
            <budgetno_7260018800>40.00</budgetno_7260018800>
            <budgetno_5260011700/>
            <budgetno_7260011020>100.00</budgetno_7260011020>
            <budgetno_7260011100/>
            <budgetno_7260011200/>
            <budgetno_7260011300/>
            <budgetno_7260011400/>
            <budgetno_7260011500/>
            <budgetno_7260011600/>
            <budgetno_7260011023/>
            <budgetno_7260019800/>
            <total>428.00</total>
        </BCME3450_row>
        <BCME3450_row>
            <objectNo>  0249 臨時人員酬金</objectNo>
            <budgetno_7260010100>1663.00</budgetno_7260010100>
            <budgetno_7260018800>1464.00</budgetno_7260018800>
            <budgetno_5260011700/>
            <budgetno_7260011020>332.00</budgetno_7260011020>
            <budgetno_7260011100/>
            <budgetno_7260011200>499.00</budgetno_7260011200>
            <budgetno_7260011300>332.00</budgetno_7260011300>
            <budgetno_7260011400>168.00</budgetno_7260011400>
            <budgetno_7260011500>1328.00</budgetno_7260011500>
            <budgetno_7260011600>332.00</budgetno_7260011600>
            <budgetno_7260011023/>
            <budgetno_7260019800/>
            <total>6118.00</total>
        </BCME3450_row>
        <BCME3450_row>
            <objectNo>  0250 按日按件計資酬金</objectNo>
            <budgetno_7260010100>75.00</budgetno_7260010100>
            <budgetno_7260018800>3045.00</budgetno_7260018800>
            <budgetno_5260011700/>
            <budgetno_7260011020>9300.00</budgetno_7260011020>
            <budgetno_7260011100>210.00</budgetno_7260011100>
            <budgetno_7260011200>1332.00</budgetno_7260011200>
            <budgetno_7260011300>2956.00</budgetno_7260011300>
            <budgetno_7260011400>1470.00</budgetno_7260011400>
            <budgetno_7260011500>1589.00</budgetno_7260011500>
            <budgetno_7260011600>350.00</budgetno_7260011600>
            <budgetno_7260011023/>
            <budgetno_7260019800/>
            <total>20327.00</total>
        </BCME3450_row>
        <BCME3450_row>
            <objectNo>  0251 委辦費</objectNo>
            <budgetno_7260010100>1400.00</budgetno_7260010100>
            <budgetno_7260018800>31003.00</budgetno_7260018800>
            <budgetno_5260011700>48883.00</budgetno_5260011700>
            <budgetno_7260011020>24660.00</budgetno_7260011020>
            <budgetno_7260011100>37351.00</budgetno_7260011100>
            <budgetno_7260011200>71065.00</budgetno_7260011200>
            <budgetno_7260011300>113360.00</budgetno_7260011300>
            <budgetno_7260011400>186300.00</budgetno_7260011400>
            <budgetno_7260011500>16329.00</budgetno_7260011500>
            <budgetno_7260011600>62742.00</budgetno_7260011600>
            <budgetno_7260011023/>
            <budgetno_7260019800/>
            <total>593093.00</total>
        </BCME3450_row>
        <BCME3450_row>
            <objectNo>  0262 國內組織會費</objectNo>
            <budgetno_7260010100/>
            <budgetno_7260018800/>
            <budgetno_5260011700/>
            <budgetno_7260011020>3.00</budgetno_7260011020>
            <budgetno_7260011100/>
            <budgetno_7260011200/>
            <budgetno_7260011300/>
            <budgetno_7260011400/>
            <budgetno_7260011500/>
            <budgetno_7260011600>20.00</budgetno_7260011600>
            <budgetno_7260011023/>
            <budgetno_7260019800/>
            <total>23.00</total>
        </BCME3450_row>
        <BCME3450_row>
            <objectNo>  0271 物品</objectNo>
            <budgetno_7260010100>1439.00</budgetno_7260010100>
            <budgetno_7260018800>6390.00</budgetno_7260018800>
            <budgetno_5260011700/>
            <budgetno_7260011020>1665.00</budgetno_7260011020>
            <budgetno_7260011100>130.00</budgetno_7260011100>
            <budgetno_7260011200>1500.00</budgetno_7260011200>
            <budgetno_7260011300>2520.00</budgetno_7260011300>
            <budgetno_7260011400>5782.00</budgetno_7260011400>
            <budgetno_7260011500>120.00</budgetno_7260011500>
            <budgetno_7260011600>405.00</budgetno_7260011600>
            <budgetno_7260011023/>
            <budgetno_7260019800/>
            <total>19951.00</total>
        </BCME3450_row>
        <BCME3450_row>
            <objectNo>  0279 一般事務費</objectNo>
            <budgetno_7260010100>9709.00</budgetno_7260010100>
            <budgetno_7260018800>39700.00</budgetno_7260018800>
            <budgetno_5260011700/>
            <budgetno_7260011020>13676.00</budgetno_7260011020>
            <budgetno_7260011100>291.00</budgetno_7260011100>
            <budgetno_7260011200>8905.00</budgetno_7260011200>
            <budgetno_7260011300>14988.00</budgetno_7260011300>
            <budgetno_7260011400>66357.00</budgetno_7260011400>
            <budgetno_7260011500>4823.00</budgetno_7260011500>
            <budgetno_7260011600>1970.00</budgetno_7260011600>
            <budgetno_7260011023/>
            <budgetno_7260019800/>
            <total>160419.00</total>
        </BCME3450_row>
        <BCME3450_row>
            <objectNo>  0282 房屋建築養護費</objectNo>
            <budgetno_7260010100>613.00</budgetno_7260010100>
            <budgetno_7260018800>685.00</budgetno_7260018800>
            <budgetno_5260011700/>
            <budgetno_7260011020>190.00</budgetno_7260011020>
            <budgetno_7260011100/>
            <budgetno_7260011200/>
            <budgetno_7260011300/>
            <budgetno_7260011400/>
            <budgetno_7260011500/>
            <budgetno_7260011600/>
            <budgetno_7260011023/>
            <budgetno_7260019800/>
            <total>1488.00</total>
        </BCME3450_row>
        <BCME3450_row>
            <objectNo>  0283 車輛及辦公器具養護費</objectNo>
            <budgetno_7260010100>572.00</budgetno_7260010100>
            <budgetno_7260018800>2710.00</budgetno_7260018800>
            <budgetno_5260011700/>
            <budgetno_7260011020/>
            <budgetno_7260011100/>
            <budgetno_7260011200/>
            <budgetno_7260011300/>
            <budgetno_7260011400/>
            <budgetno_7260011500/>
            <budgetno_7260011600>300.00</budgetno_7260011600>
            <budgetno_7260011023/>
            <budgetno_7260019800/>
            <total>3582.00</total>
        </BCME3450_row>
        <BCME3450_row>
            <objectNo>  0284 設施及機械設備養護費</objectNo>
            <budgetno_7260010100>4143.00</budgetno_7260010100>
            <budgetno_7260018800>1236.00</budgetno_7260018800>
            <budgetno_5260011700/>
            <budgetno_7260011020/>
            <budgetno_7260011100/>
            <budgetno_7260011200>200.00</budgetno_7260011200>
            <budgetno_7260011300/>
            <budgetno_7260011400>1080.00</budgetno_7260011400>
            <budgetno_7260011500/>
            <budgetno_7260011600>6210.00</budgetno_7260011600>
            <budgetno_7260011023/>
            <budgetno_7260019800/>
            <total>12869.00</total>
        </BCME3450_row>
        <BCME3450_row>
            <objectNo>  0291 國內旅費</objectNo>
            <budgetno_7260010100>1310.00</budgetno_7260010100>
            <budgetno_7260018800>20360.00</budgetno_7260018800>
            <budgetno_5260011700/>
            <budgetno_7260011020>1475.00</budgetno_7260011020>
            <budgetno_7260011100>168.00</budgetno_7260011100>
            <budgetno_7260011200>1400.00</budgetno_7260011200>
            <budgetno_7260011300>1050.00</budgetno_7260011300>
            <budgetno_7260011400>1994.00</budgetno_7260011400>
            <budgetno_7260011500>634.00</budgetno_7260011500>
            <budgetno_7260011600>333.00</budgetno_7260011600>
            <budgetno_7260011023/>
            <budgetno_7260019800/>
            <total>28724.00</total>
        </BCME3450_row>
        <BCME3450_row>
            <objectNo>  0292 大陸地區旅費</objectNo>
            <budgetno_7260010100/>
            <budgetno_7260018800/>
            <budgetno_5260011700/>
            <budgetno_7260011020>228.00</budgetno_7260011020>
            <budgetno_7260011100>416.00</budgetno_7260011100>
            <budgetno_7260011200>312.00</budgetno_7260011200>
            <budgetno_7260011300/>
            <budgetno_7260011400>174.00</budgetno_7260011400>
            <budgetno_7260011500/>
            <budgetno_7260011600>194.00</budgetno_7260011600>
            <budgetno_7260011023/>
            <budgetno_7260019800/>
            <total>1324.00</total>
        </BCME3450_row>
        <BCME3450_row>
            <objectNo>  0293 國外旅費</objectNo>
            <budgetno_7260010100/>
            <budgetno_7260018800>270.00</budgetno_7260018800>
            <budgetno_5260011700/>
            <budgetno_7260011020>2974.00</budgetno_7260011020>
            <budgetno_7260011100>140.00</budgetno_7260011100>
            <budgetno_7260011200>420.00</budgetno_7260011200>
            <budgetno_7260011300>200.00</budgetno_7260011300>
            <budgetno_7260011400>355.00</budgetno_7260011400>
            <budgetno_7260011500>198.00</budgetno_7260011500>
            <budgetno_7260011600>560.00</budgetno_7260011600>
            <budgetno_7260011023/>
            <budgetno_7260019800/>
            <total>5117.00</total>
        </BCME3450_row>
        <BCME3450_row>
            <objectNo>  0294 運費</objectNo>
            <budgetno_7260010100>30.00</budgetno_7260010100>
            <budgetno_7260018800>65.00</budgetno_7260018800>
            <budgetno_5260011700/>
            <budgetno_7260011020/>
            <budgetno_7260011100/>
            <budgetno_7260011200>50.00</budgetno_7260011200>
            <budgetno_7260011300>60.00</budgetno_7260011300>
            <budgetno_7260011400>530.00</budgetno_7260011400>
            <budgetno_7260011500/>
            <budgetno_7260011600/>
            <budgetno_7260011023/>
            <budgetno_7260019800/>
            <total>735.00</total>
        </BCME3450_row>
        <BCME3450_row>
            <objectNo>  0295 短程車資</objectNo>
            <budgetno_7260010100>280.00</budgetno_7260010100>
            <budgetno_7260018800>45.00</budgetno_7260018800>
            <budgetno_5260011700/>
            <budgetno_7260011020/>
            <budgetno_7260011100/>
            <budgetno_7260011200>50.00</budgetno_7260011200>
            <budgetno_7260011300>96.00</budgetno_7260011300>
            <budgetno_7260011400>120.00</budgetno_7260011400>
            <budgetno_7260011500/>
            <budgetno_7260011600/>
            <budgetno_7260011023/>
            <budgetno_7260019800/>
            <total>591.00</total>
        </BCME3450_row>
        <BCME3450_row>
            <objectNo>  0299 特別費</objectNo>
            <budgetno_7260010100>944.00</budgetno_7260010100>
            <budgetno_7260018800/>
            <budgetno_5260011700/>
            <budgetno_7260011020/>
            <budgetno_7260011100/>
            <budgetno_7260011200/>
            <budgetno_7260011300/>
            <budgetno_7260011400/>
            <budgetno_7260011500/>
            <budgetno_7260011600/>
            <budgetno_7260011023/>
            <budgetno_7260019800/>
            <total>944.00</total>
        </BCME3450_row>
        <BCME3450_row>
            <objectNo>0300 設備及投資</objectNo>
            <budgetno_7260010100>791.00</budgetno_7260010100>
            <budgetno_7260018800>17530.00</budgetno_7260018800>
            <budgetno_5260011700/>
            <budgetno_7260011020>30.00</budgetno_7260011020>
            <budgetno_7260011100/>
            <budgetno_7260011200>100.00</budgetno_7260011200>
            <budgetno_7260011300>40.00</budgetno_7260011300>
            <budgetno_7260011400>70000.00</budgetno_7260011400>
            <budgetno_7260011500>10.00</budgetno_7260011500>
            <budgetno_7260011600>114350.00</budgetno_7260011600>
            <budgetno_7260011023/>
            <budgetno_7260019800/>
            <total>202851.00</total>
        </BCME3450_row>
        <BCME3450_row>
            <objectNo>  0302 房屋建築及設備費</objectNo>
            <budgetno_7260010100/>
            <budgetno_7260018800/>
            <budgetno_5260011700/>
            <budgetno_7260011020/>
            <budgetno_7260011100/>
            <budgetno_7260011200/>
            <budgetno_7260011300/>
            <budgetno_7260011400>3000.00</budgetno_7260011400>
            <budgetno_7260011500/>
            <budgetno_7260011600/>
            <budgetno_7260011023/>
            <budgetno_7260019800/>
            <total>3000.00</total>
        </BCME3450_row>
        <BCME3450_row>
            <objectNo>  0304 機械設備費</objectNo>
            <budgetno_7260010100>80.00</budgetno_7260010100>
            <budgetno_7260018800>80.00</budgetno_7260018800>
            <budgetno_5260011700/>
            <budgetno_7260011020/>
            <budgetno_7260011100/>
            <budgetno_7260011200>100.00</budgetno_7260011200>
            <budgetno_7260011300/>
            <budgetno_7260011400>34300.00</budgetno_7260011400>
            <budgetno_7260011500/>
            <budgetno_7260011600>77000.00</budgetno_7260011600>
            <budgetno_7260011023/>
            <budgetno_7260019800/>
            <total>111560.00</total>
        </BCME3450_row>
        <BCME3450_row>
            <objectNo>  0305 運輸設備費</objectNo>
            <budgetno_7260010100/>
            <budgetno_7260018800>14880.00</budgetno_7260018800>
            <budgetno_5260011700/>
            <budgetno_7260011020/>
            <budgetno_7260011100/>
            <budgetno_7260011200/>
            <budgetno_7260011300/>
            <budgetno_7260011400>12600.00</budgetno_7260011400>
            <budgetno_7260011500/>
            <budgetno_7260011600/>
            <budgetno_7260011023/>
            <budgetno_7260019800/>
            <total>27480.00</total>
        </BCME3450_row>
        <BCME3450_row>
            <objectNo>  0306 資訊軟硬體設備費</objectNo>
            <budgetno_7260010100/>
            <budgetno_7260018800>2242.00</budgetno_7260018800>
            <budgetno_5260011700/>
            <budgetno_7260011020/>
            <budgetno_7260011100/>
            <budgetno_7260011200/>
            <budgetno_7260011300/>
            <budgetno_7260011400>11000.00</budgetno_7260011400>
            <budgetno_7260011500/>
            <budgetno_7260011600>37350.00</budgetno_7260011600>
            <budgetno_7260011023/>
            <budgetno_7260019800/>
            <total>50592.00</total>
        </BCME3450_row>
        <BCME3450_row>
            <objectNo>  0319 雜項設備費</objectNo>
            <budgetno_7260010100>711.00</budgetno_7260010100>
            <budgetno_7260018800>328.00</budgetno_7260018800>
            <budgetno_5260011700/>
            <budgetno_7260011020>30.00</budgetno_7260011020>
            <budgetno_7260011100/>
            <budgetno_7260011200/>
            <budgetno_7260011300>40.00</budgetno_7260011300>
            <budgetno_7260011400>9100.00</budgetno_7260011400>
            <budgetno_7260011500/>
            <budgetno_7260011600/>
            <budgetno_7260011023/>
            <budgetno_7260019800/>
            <total>10209.00</total>
        </BCME3450_row>
        <BCME3450_row>
            <objectNo>  0321 權利</objectNo>
            <budgetno_7260010100/>
            <budgetno_7260018800/>
            <budgetno_5260011700/>
            <budgetno_7260011020/>
            <budgetno_7260011100/>
            <budgetno_7260011200/>
            <budgetno_7260011300/>
            <budgetno_7260011400/>
            <budgetno_7260011500>10.00</budgetno_7260011500>
            <budgetno_7260011600/>
            <budgetno_7260011023/>
            <budgetno_7260019800/>
            <total>10.00</total>
        </BCME3450_row>
        <BCME3450_row>
            <objectNo>0400 獎補助費</objectNo>
            <budgetno_7260010100>570.00</budgetno_7260010100>
            <budgetno_7260018800>1940.00</budgetno_7260018800>
            <budgetno_5260011700/>
            <budgetno_7260011020>6500.00</budgetno_7260011020>
            <budgetno_7260011100>160.00</budgetno_7260011100>
            <budgetno_7260011200>4480.00</budgetno_7260011200>
            <budgetno_7260011300/>
            <budgetno_7260011400/>
            <budgetno_7260011500/>
            <budgetno_7260011600/>
            <budgetno_7260011023>2027855.00</budgetno_7260011023>
            <budgetno_7260019800/>
            <total>2041505.00</total>
        </BCME3450_row>
        <BCME3450_row>
            <objectNo>  0403 對直轄市政府之補助</objectNo>
            <budgetno_7260010100/>
            <budgetno_7260018800/>
            <budgetno_5260011700/>
            <budgetno_7260011020/>
            <budgetno_7260011100/>
            <budgetno_7260011200/>
            <budgetno_7260011300/>
            <budgetno_7260011400/>
            <budgetno_7260011500/>
            <budgetno_7260011600/>
            <budgetno_7260011023>883339.00</budgetno_7260011023>
            <budgetno_7260019800/>
            <total>883339.00</total>
        </BCME3450_row>
        <BCME3450_row>
            <objectNo>  0410 對臺灣省各縣市之補助</objectNo>
            <budgetno_7260010100/>
            <budgetno_7260018800/>
            <budgetno_5260011700/>
            <budgetno_7260011020/>
            <budgetno_7260011100/>
            <budgetno_7260011200/>
            <budgetno_7260011300/>
            <budgetno_7260011400/>
            <budgetno_7260011500/>
            <budgetno_7260011600/>
            <budgetno_7260011023>1084926.00</budgetno_7260011023>
            <budgetno_7260019800/>
            <total>1084926.00</total>
        </BCME3450_row>
        <BCME3450_row>
            <objectNo>  0429 對福建省各縣之補助</objectNo>
            <budgetno_7260010100/>
            <budgetno_7260018800/>
            <budgetno_5260011700/>
            <budgetno_7260011020/>
            <budgetno_7260011100/>
            <budgetno_7260011200/>
            <budgetno_7260011300/>
            <budgetno_7260011400/>
            <budgetno_7260011500/>
            <budgetno_7260011600/>
            <budgetno_7260011023>59590.00</budgetno_7260011023>
            <budgetno_7260019800/>
            <total>59590.00</total>
        </BCME3450_row>
        <BCME3450_row>
            <objectNo>  0437 對國內團體之捐助</objectNo>
            <budgetno_7260010100/>
            <budgetno_7260018800/>
            <budgetno_5260011700/>
            <budgetno_7260011020>3300.00</budgetno_7260011020>
            <budgetno_7260011100>160.00</budgetno_7260011100>
            <budgetno_7260011200/>
            <budgetno_7260011300/>
            <budgetno_7260011400/>
            <budgetno_7260011500/>
            <budgetno_7260011600/>
            <budgetno_7260011023/>
            <budgetno_7260019800/>
            <total>3460.00</total>
        </BCME3450_row>
        <BCME3450_row>
            <objectNo>  0438 對私校之獎助</objectNo>
            <budgetno_7260010100/>
            <budgetno_7260018800/>
            <budgetno_5260011700/>
            <budgetno_7260011020>3200.00</budgetno_7260011020>
            <budgetno_7260011100/>
            <budgetno_7260011200/>
            <budgetno_7260011300/>
            <budgetno_7260011400/>
            <budgetno_7260011500/>
            <budgetno_7260011600/>
            <budgetno_7260011023/>
            <budgetno_7260019800/>
            <total>3200.00</total>
        </BCME3450_row>
        <BCME3450_row>
            <objectNo>  0475 獎勵及慰問</objectNo>
            <budgetno_7260010100>570.00</budgetno_7260010100>
            <budgetno_7260018800>1940.00</budgetno_7260018800>
            <budgetno_5260011700/>
            <budgetno_7260011020/>
            <budgetno_7260011100/>
            <budgetno_7260011200/>
            <budgetno_7260011300/>
            <budgetno_7260011400/>
            <budgetno_7260011500/>
            <budgetno_7260011600/>
            <budgetno_7260011023/>
            <budgetno_7260019800/>
            <total>2510.00</total>
        </BCME3450_row>
        <BCME3450_row>
            <objectNo>  0476 其他補助及捐助</objectNo>
            <budgetno_7260010100/>
            <budgetno_7260018800/>
            <budgetno_5260011700/>
            <budgetno_7260011020/>
            <budgetno_7260011100/>
            <budgetno_7260011200>4480.00</budgetno_7260011200>
            <budgetno_7260011300/>
            <budgetno_7260011400/>
            <budgetno_7260011500/>
            <budgetno_7260011600/>
            <budgetno_7260011023/>
            <budgetno_7260019800/>
            <total>4480.00</total>
        </BCME3450_row>
        <BCME3450_row>
            <objectNo>0900 預備金</objectNo>
            <budgetno_7260010100/>
            <budgetno_7260018800/>
            <budgetno_5260011700/>
            <budgetno_7260011020/>
            <budgetno_7260011100/>
            <budgetno_7260011200/>
            <budgetno_7260011300/>
            <budgetno_7260011400/>
            <budgetno_7260011500/>
            <budgetno_7260011600/>
            <budgetno_7260011023/>
            <budgetno_7260019800>4000.00</budgetno_7260019800>
            <total>4000.00</total>
        </BCME3450_row>
        <BCME3450_row>
            <objectNo>  0901 第一預備金</objectNo>
            <budgetno_7260010100/>
            <budgetno_7260018800/>
            <budgetno_5260011700/>
            <budgetno_7260011020/>
            <budgetno_7260011100/>
            <budgetno_7260011200/>
            <budgetno_7260011300/>
            <budgetno_7260011400/>
            <budgetno_7260011500/>
            <budgetno_7260011600/>
            <budgetno_7260011023/>
            <budgetno_7260019800>4000.00</budgetno_7260019800>
            <total>4000.00</total>
        </BCME3450_row>
    </BCME3450>
</tables>
