<?xml version="1.0" encoding="UTF-8"?>
<tables>
    <BCTDOUTGO>
        <BCTDOUTGO_row>
            <bm_fiscalyear>105</bm_fiscalyear>
            <bm_fundkind>1</bm_fundkind>
            <bm_budgetkind>1</bm_budgetkind>
            <bm_specialbudgetno/>
            <bm_agenno>60001</bm_agenno>
            <bm_agentype>B</bm_agentype>
            <bm_budgetstate>2</bm_budgetstate>
            <bm_abroadplan>1</bm_abroadplan>
            <bm_projtype>1 </bm_projtype>
            <bm_projno>01</bm_projno>
            <bm_abroadplanname>考察日本水體水質污染削減管制措施與生物急毒性管制規定</bm_abroadplanname>
            <bm_visitsts>0</bm_visitsts>
            <bm_visitexplain>&lt;br&gt;</bm_visitexplain>
            <bm_dispatchstaffs>0</bm_dispatchstaffs>
            <bm_abroadsite1/>
            <bm_abroadsite2/>
            <bm_abroadsite3/>
            <bm_abroadperiod1/>
            <bm_abroadperiodto1/>
            <bm_abroadperiod2/>
            <bm_abroadperiodto2/>
            <bm_abroadperiod3/>
            <bm_abroadperiodto3/>
            <bm_abroadstaffs1>0</bm_abroadstaffs1>
            <bm_abroadstaffs2>0</bm_abroadstaffs2>
            <bm_abroadstaffs3>0</bm_abroadstaffs3>
            <bm_abroadallowance1>0.00</bm_abroadallowance1>
            <bm_abroadallowance2>0.00</bm_abroadallowance2>
            <bm_abroadallowance3>0.00</bm_abroadallowance3>
            <bm_budgetno>72600011200</bm_budgetno>
            <bm_regionno>2H</bm_regionno>
            <bm_country>日本</bm_country>
            <bm_agency>日本環境廳、東京都環境局、京濱工業區相關重工業</bm_agency>
            <bm_cont_text>東京灣為日本3處實施水污總量管制之海域之一，定有完整管制進程與事業污染監控措施，將針對總體政策訂定、檢討、地方自治體實行、事業因應與對應申報等過程考察。</bm_cont_text>
            <bm_durationfrom>10501</bm_durationfrom>
            <bm_durationto>10512</bm_durationto>
            <bm_days>7</bm_days>
            <bm_persons>1</bm_persons>
            <bm_amt_trans>35000.00</bm_amt_trans>
            <bm_amt_life>57000.00</bm_amt_life>
            <bm_amt_public>8000.00</bm_amt_public>
            <bm_amt_books>0.00</bm_amt_books>
            <bm_amt_flight>0.00</bm_amt_flight>
            <bm_versiondate/>
        </BCTDOUTGO_row>
        <BCTDOUTGO_row>
            <bm_fiscalyear>105</bm_fiscalyear>
            <bm_fundkind>1</bm_fundkind>
            <bm_budgetkind>1</bm_budgetkind>
            <bm_specialbudgetno/>
            <bm_agenno>60001</bm_agenno>
            <bm_agentype>B</bm_agentype>
            <bm_budgetstate>2</bm_budgetstate>
            <bm_abroadplan>1</bm_abroadplan>
            <bm_projtype>1 </bm_projtype>
            <bm_projno>02</bm_projno>
            <bm_abroadplanname>考察美國非點源逕流防治創新技術與法規管制</bm_abroadplanname>
            <bm_visitsts>0</bm_visitsts>
            <bm_visitexplain/>
            <bm_dispatchstaffs>0</bm_dispatchstaffs>
            <bm_abroadsite1/>
            <bm_abroadsite2/>
            <bm_abroadsite3/>
            <bm_abroadperiod1/>
            <bm_abroadperiodto1/>
            <bm_abroadperiod2/>
            <bm_abroadperiodto2/>
            <bm_abroadperiod3/>
            <bm_abroadperiodto3/>
            <bm_abroadstaffs1>0</bm_abroadstaffs1>
            <bm_abroadstaffs2>0</bm_abroadstaffs2>
            <bm_abroadstaffs3>0</bm_abroadstaffs3>
            <bm_abroadallowance1>0.00</bm_abroadallowance1>
            <bm_abroadallowance2>0.00</bm_abroadallowance2>
            <bm_abroadallowance3>0.00</bm_abroadallowance3>
            <bm_budgetno>72600011200</bm_budgetno>
            <bm_regionno>2H</bm_regionno>
            <bm_country>美國</bm_country>
            <bm_agency>參加WEF暴雨逕流防治技術國際研討會及拜會美國環保機</bm_agency>
            <bm_cont_text>&amp;lt;#H1&amp;gt;為因應水體水質污染削減管制作為及重要政策工作，考察暴雨逕流防治技術與法規管理，俾利削減我國非點源污染物。&amp;lt;#H1&amp;gt;瞭解他國法規政策、綠色基礎設施、設置技術、操作與維護、研究及基金設置等事宜。&amp;lt;#H1&amp;gt;參加展覽，以瞭解水質處理創新技術。</bm_cont_text>
            <bm_durationfrom>10501</bm_durationfrom>
            <bm_durationto>10512</bm_durationto>
            <bm_days>9</bm_days>
            <bm_persons>2</bm_persons>
            <bm_amt_trans>130000.00</bm_amt_trans>
            <bm_amt_life>80000.00</bm_amt_life>
            <bm_amt_public>10000.00</bm_amt_public>
            <bm_amt_books>0.00</bm_amt_books>
            <bm_amt_flight>0.00</bm_amt_flight>
            <bm_versiondate/>
        </BCTDOUTGO_row>
        <BCTDOUTGO_row>
            <bm_fiscalyear>105</bm_fiscalyear>
            <bm_fundkind>1</bm_fundkind>
            <bm_budgetkind>1</bm_budgetkind>
            <bm_specialbudgetno/>
            <bm_agenno>60001</bm_agenno>
            <bm_agentype>B</bm_agentype>
            <bm_budgetstate>2</bm_budgetstate>
            <bm_abroadplan>1</bm_abroadplan>
            <bm_projtype>1 </bm_projtype>
            <bm_projno>03</bm_projno>
            <bm_abroadplanname>考察日本石化業及高科技業廢水處理與放流水管制</bm_abroadplanname>
            <bm_visitsts>0</bm_visitsts>
            <bm_visitexplain/>
            <bm_dispatchstaffs>0</bm_dispatchstaffs>
            <bm_abroadsite1/>
            <bm_abroadsite2/>
            <bm_abroadsite3/>
            <bm_abroadperiod1/>
            <bm_abroadperiodto1/>
            <bm_abroadperiod2/>
            <bm_abroadperiodto2/>
            <bm_abroadperiod3/>
            <bm_abroadperiodto3/>
            <bm_abroadstaffs1>0</bm_abroadstaffs1>
            <bm_abroadstaffs2>0</bm_abroadstaffs2>
            <bm_abroadstaffs3>0</bm_abroadstaffs3>
            <bm_abroadallowance1>0.00</bm_abroadallowance1>
            <bm_abroadallowance2>0.00</bm_abroadallowance2>
            <bm_abroadallowance3>0.00</bm_abroadallowance3>
            <bm_budgetno>72600011200</bm_budgetno>
            <bm_regionno>2H</bm_regionno>
            <bm_country>日本</bm_country>
            <bm_agency>日本關西地區、大阪府環境局、兵庫縣等重工業區</bm_agency>
            <bm_cont_text>日本關西地區近年產業與我國產業鏈關係性高，我國後續放流水標準增訂或加嚴之管制項目、限值，均需參考可行之處理技術，了解相關事業廢水處理流程，以及最新水處理技術之應用，作為檢討修訂參考。</bm_cont_text>
            <bm_durationfrom>10501</bm_durationfrom>
            <bm_durationto>10512</bm_durationto>
            <bm_days>7</bm_days>
            <bm_persons>1</bm_persons>
            <bm_amt_trans>35000.00</bm_amt_trans>
            <bm_amt_life>57000.00</bm_amt_life>
            <bm_amt_public>8000.00</bm_amt_public>
            <bm_amt_books>0.00</bm_amt_books>
            <bm_amt_flight>0.00</bm_amt_flight>
            <bm_versiondate/>
        </BCTDOUTGO_row>
    </BCTDOUTGO>
</tables>
