<?xml version="1.0" encoding="UTF-8"?>
<tables>
    <BCME3470>
        <BCME3470_row>
            <budgetno>00600000000</budgetno>
            <budgetname>環境保護署主管</budgetname>
            <damt1>0.000000</damt1>
            <damt2>3000.000000</damt2>
            <damt3>0.000000</damt3>
            <damt4>111560.000000</damt4>
            <damt5>27480.000000</damt5>
            <damt6>50592.000000</damt6>
            <damt7>10209.000000</damt7>
            <damt8>10.000000</damt8>
            <damt9>1596227.000000</damt9>
            <damt10>1799078.000000</damt10>
            <no1>21</no1>
            <no2>00</no2>
            <no3>00</no3>
            <no4>00</no4>
            <budgetno_conver>0060000000</budgetno_conver>
            <b_level>1</b_level>
        </BCME3470_row>
        <BCME3470_row>
            <budgetno>00600010000</budgetno>
            <budgetname>環境保護署</budgetname>
            <damt1>0.000000</damt1>
            <damt2>3000.000000</damt2>
            <damt3>0.000000</damt3>
            <damt4>111560.000000</damt4>
            <damt5>27480.000000</damt5>
            <damt6>50592.000000</damt6>
            <damt7>10209.000000</damt7>
            <damt8>10.000000</damt8>
            <damt9>1596227.000000</damt9>
            <damt10>1799078.000000</damt10>
            <no1>21</no1>
            <no2>01</no2>
            <no3>00</no3>
            <no4>00</no4>
            <budgetno_conver>0060010000</budgetno_conver>
            <b_level>2</b_level>
        </BCME3470_row>
        <BCME3470_row>
            <budgetno>72600010000</budgetno>
            <budgetname>環境保護支出</budgetname>
            <damt1>0.000000</damt1>
            <damt2>3000.000000</damt2>
            <damt3>0.000000</damt3>
            <damt4>111560.000000</damt4>
            <damt5>27480.000000</damt5>
            <damt6>50592.000000</damt6>
            <damt7>10209.000000</damt7>
            <damt8>10.000000</damt8>
            <damt9>1596227.000000</damt9>
            <damt10>1799078.000000</damt10>
            <no1>21</no1>
            <no2/>
            <no3>00</no3>
            <no4>00</no4>
            <budgetno_conver>7260010000</budgetno_conver>
            <b_level>2</b_level>
        </BCME3470_row>
        <BCME3470_row>
            <budgetno>72600010100</budgetno>
            <budgetname>一般行政</budgetname>
            <damt1>0.000000</damt1>
            <damt2>0.000000</damt2>
            <damt3>0.000000</damt3>
            <damt4>80.000000</damt4>
            <damt5>0.000000</damt5>
            <damt6>0.000000</damt6>
            <damt7>711.000000</damt7>
            <damt8>0.000000</damt8>
            <damt9>0.000000</damt9>
            <damt10>791.000000</damt10>
            <no1>21</no1>
            <no2>01</no2>
            <no3>02</no3>
            <no4>00</no4>
            <budgetno_conver>7260010100</budgetno_conver>
            <b_level>3</b_level>
        </BCME3470_row>
        <BCME3470_row>
            <budgetno>72600011000</budgetno>
            <budgetname>綜合計畫</budgetname>
            <damt1>0.000000</damt1>
            <damt2>0.000000</damt2>
            <damt3>0.000000</damt3>
            <damt4>0.000000</damt4>
            <damt5>0.000000</damt5>
            <damt6>0.000000</damt6>
            <damt7>30.000000</damt7>
            <damt8>0.000000</damt8>
            <damt9>1594377.000000</damt9>
            <damt10>1594407.000000</damt10>
            <no1>21</no1>
            <no2>01</no2>
            <no3>03</no3>
            <no4>00</no4>
            <budgetno_conver>7260011000</budgetno_conver>
            <b_level>3</b_level>
        </BCME3470_row>
        <BCME3470_row>
            <budgetno>72600011020</budgetno>
            <budgetname>綜合企劃</budgetname>
            <damt1>0.000000</damt1>
            <damt2>0.000000</damt2>
            <damt3>0.000000</damt3>
            <damt4>0.000000</damt4>
            <damt5>0.000000</damt5>
            <damt6>0.000000</damt6>
            <damt7>30.000000</damt7>
            <damt8>0.000000</damt8>
            <damt9>0.000000</damt9>
            <damt10>30.000000</damt10>
            <no1>21</no1>
            <no2>01</no2>
            <no3>03</no3>
            <no4>01</no4>
            <budgetno_conver>7260011020</budgetno_conver>
            <b_level>4</b_level>
        </BCME3470_row>
        <BCME3470_row>
            <budgetno>72600011023</budgetno>
            <budgetname>加強基層環保建設</budgetname>
            <damt1>0.000000</damt1>
            <damt2>0.000000</damt2>
            <damt3>0.000000</damt3>
            <damt4>0.000000</damt4>
            <damt5>0.000000</damt5>
            <damt6>0.000000</damt6>
            <damt7>0.000000</damt7>
            <damt8>0.000000</damt8>
            <damt9>1594377.000000</damt9>
            <damt10>1594377.000000</damt10>
            <no1>21</no1>
            <no2>01</no2>
            <no3>03</no3>
            <no4>02</no4>
            <budgetno_conver>7260011023</budgetno_conver>
            <b_level>4</b_level>
        </BCME3470_row>
        <BCME3470_row>
            <budgetno>72600011200</budgetno>
            <budgetname>水質保護</budgetname>
            <damt1>0.000000</damt1>
            <damt2>0.000000</damt2>
            <damt3>0.000000</damt3>
            <damt4>100.000000</damt4>
            <damt5>0.000000</damt5>
            <damt6>0.000000</damt6>
            <damt7>0.000000</damt7>
            <damt8>0.000000</damt8>
            <damt9>1350.000000</damt9>
            <damt10>1450.000000</damt10>
            <no1>21</no1>
            <no2>01</no2>
            <no3>05</no3>
            <no4>00</no4>
            <budgetno_conver>7260011200</budgetno_conver>
            <b_level>3</b_level>
        </BCME3470_row>
        <BCME3470_row>
            <budgetno>72600011300</budgetno>
            <budgetname>廢棄物管理</budgetname>
            <damt1>0.000000</damt1>
            <damt2>0.000000</damt2>
            <damt3>0.000000</damt3>
            <damt4>0.000000</damt4>
            <damt5>0.000000</damt5>
            <damt6>0.000000</damt6>
            <damt7>40.000000</damt7>
            <damt8>0.000000</damt8>
            <damt9>0.000000</damt9>
            <damt10>40.000000</damt10>
            <no1>21</no1>
            <no2>01</no2>
            <no3>06</no3>
            <no4>00</no4>
            <budgetno_conver>7260011300</budgetno_conver>
            <b_level>3</b_level>
        </BCME3470_row>
        <BCME3470_row>
            <budgetno>72600011400</budgetno>
            <budgetname>環境衛生及毒物管理</budgetname>
            <damt1>0.000000</damt1>
            <damt2>3000.000000</damt2>
            <damt3>0.000000</damt3>
            <damt4>34300.000000</damt4>
            <damt5>12600.000000</damt5>
            <damt6>11000.000000</damt6>
            <damt7>9100.000000</damt7>
            <damt8>0.000000</damt8>
            <damt9>500.000000</damt9>
            <damt10>70500.000000</damt10>
            <no1>21</no1>
            <no2>01</no2>
            <no3>07</no3>
            <no4>00</no4>
            <budgetno_conver>7260011400</budgetno_conver>
            <b_level>3</b_level>
        </BCME3470_row>
        <BCME3470_row>
            <budgetno>72600011500</budgetno>
            <budgetname>管制考核及糾紛處理</budgetname>
            <damt1>0.000000</damt1>
            <damt2>0.000000</damt2>
            <damt3>0.000000</damt3>
            <damt4>0.000000</damt4>
            <damt5>0.000000</damt5>
            <damt6>0.000000</damt6>
            <damt7>0.000000</damt7>
            <damt8>10.000000</damt8>
            <damt9>0.000000</damt9>
            <damt10>10.000000</damt10>
            <no1>21</no1>
            <no2>01</no2>
            <no3>08</no3>
            <no4>00</no4>
            <budgetno_conver>7260011500</budgetno_conver>
            <b_level>3</b_level>
        </BCME3470_row>
        <BCME3470_row>
            <budgetno>72600011600</budgetno>
            <budgetname>環境監測資訊</budgetname>
            <damt1>0.000000</damt1>
            <damt2>0.000000</damt2>
            <damt3>0.000000</damt3>
            <damt4>77000.000000</damt4>
            <damt5>0.000000</damt5>
            <damt6>37350.000000</damt6>
            <damt7>0.000000</damt7>
            <damt8>0.000000</damt8>
            <damt9>0.000000</damt9>
            <damt10>114350.000000</damt10>
            <no1>21</no1>
            <no2>01</no2>
            <no3>09</no3>
            <no4>00</no4>
            <budgetno_conver>7260011600</budgetno_conver>
            <b_level>3</b_level>
        </BCME3470_row>
        <BCME3470_row>
            <budgetno>72600018800</budgetno>
            <budgetname>區域環境管理</budgetname>
            <damt1>0.000000</damt1>
            <damt2>0.000000</damt2>
            <damt3>0.000000</damt3>
            <damt4>80.000000</damt4>
            <damt5>14880.000000</damt5>
            <damt6>2242.000000</damt6>
            <damt7>328.000000</damt7>
            <damt8>0.000000</damt8>
            <damt9>0.000000</damt9>
            <damt10>17530.000000</damt10>
            <no1>21</no1>
            <no2>01</no2>
            <no3>10</no3>
            <no4>00</no4>
            <budgetno_conver>7260018800</budgetno_conver>
            <b_level>3</b_level>
        </BCME3470_row>
    </BCME3470>
</tables>
