<?xml version="1.0" encoding="UTF-8"?>
<tables>
    <BCTDYEARPLAN>
        <BCTDYEARPLAN_row>
            <b06_fiscalyear>105</b06_fiscalyear>
            <b06_fundkind>1</b06_fundkind>
            <b06_budgetkind>1         </b06_budgetkind>
            <b06_specialbudgetno/>
            <b06_agenno>63001     </b06_agenno>
            <b06_agentype>C         </b06_agentype>
            <b06_budgetstate>2</b06_budgetstate>
            <b06_planno>01</b06_planno>
            <b06_planname>海巡基地籌建及未來發展計畫</b06_planname>
            <b06_startyear>95</b06_startyear>
            <b06_endyear>105</b06_endyear>
            <b06_budgetamt>1596535000.00</b06_budgetamt>
            <b06_amt1>1342362000.00</b06_amt1>
            <b06_amt2>100610000.00</b06_amt2>
            <b06_amt3>153563000.00</b06_amt3>
            <b06_amt4>0.00</b06_amt4>
            <b06_memo>&amp;lt;#H1&amp;gt;行政院94年6月2日院臺防字第0940021354號函核定，第1次修正經行政院96年4月17日院臺防字第0960016029號函核定，第2次修正經行政院98年9月7日院臺防字第0980056776號函復自行核處，第3次修正經行政院103年5月26日院臺防字第1030029338號函核定修正後總經費為1,655,544千元。&amp;lt;#H1&amp;gt;本計畫105年度預算編列於「海岸及海域巡防業務」科目153,563千元。</b06_memo>
            <b06_upduserno>824</b06_upduserno>
            <b06_upddatetime/>
            <b06_versiondate/>
            <b06_amt1_display>13.423620000000</b06_amt1_display>
            <b06_amt2_display>1.006100000000</b06_amt2_display>
            <b06_amt3_display>1.535630000000</b06_amt3_display>
            <b06_amt4_display>0E-12</b06_amt4_display>
            <b06_budgetamt_display>15.965350000000</b06_budgetamt_display>
        </BCTDYEARPLAN_row>
        <BCTDYEARPLAN_row>
            <b06_fiscalyear>105</b06_fiscalyear>
            <b06_fundkind>1</b06_fundkind>
            <b06_budgetkind>1         </b06_budgetkind>
            <b06_specialbudgetno/>
            <b06_agenno>63001     </b06_agenno>
            <b06_agentype>C         </b06_agentype>
            <b06_budgetstate>2</b06_budgetstate>
            <b06_planno>02</b06_planno>
            <b06_planname>南沙太平島交通基礎整建工程計畫</b06_planname>
            <b06_startyear>103</b06_startyear>
            <b06_endyear>105</b06_endyear>
            <b06_budgetamt>2862012000.00</b06_budgetamt>
            <b06_amt1>1127239000.00</b06_amt1>
            <b06_amt2>1252173000.00</b06_amt2>
            <b06_amt3>482600000.00</b06_amt3>
            <b06_amt4>0.00</b06_amt4>
            <b06_memo>&amp;lt;#H1&amp;gt;行政院102年7月15日院臺防字第1020042509號函核定總經費3,373,773千元。&#xd;
&amp;lt;#H1&amp;gt;本計畫105年度預算編列於「海岸及海域巡防業務」科目482,600千元。</b06_memo>
            <b06_upduserno/>
            <b06_upddatetime/>
            <b06_versiondate/>
            <b06_amt1_display>11.272390000000</b06_amt1_display>
            <b06_amt2_display>12.521730000000</b06_amt2_display>
            <b06_amt3_display>4.826000000000</b06_amt3_display>
            <b06_amt4_display>0E-12</b06_amt4_display>
            <b06_budgetamt_display>28.620120000000</b06_budgetamt_display>
        </BCTDYEARPLAN_row>
        <BCTDYEARPLAN_row>
            <b06_fiscalyear>105</b06_fiscalyear>
            <b06_fundkind>1</b06_fundkind>
            <b06_budgetkind>1         </b06_budgetkind>
            <b06_specialbudgetno/>
            <b06_agenno>63001     </b06_agenno>
            <b06_agentype>C         </b06_agentype>
            <b06_budgetstate>2</b06_budgetstate>
            <b06_planno>03</b06_planno>
            <b06_planname>海巡岸際雷達系統換裝計畫</b06_planname>
            <b06_startyear>103</b06_startyear>
            <b06_endyear>106</b06_endyear>
            <b06_budgetamt>741560000.00</b06_budgetamt>
            <b06_amt1>30000000.00</b06_amt1>
            <b06_amt2>100000000.00</b06_amt2>
            <b06_amt3>260000000.00</b06_amt3>
            <b06_amt4>351560000.00</b06_amt4>
            <b06_memo>&amp;lt;#H1&amp;gt;行政院102年6月11日院臺防字第1020034135號函核定，並經行政院104年7月13日院臺防字第1040032884號函核定修正後總經費為741,560千元。&amp;lt;#H1&amp;gt;本計畫105年度預算編列於「海岸及海域巡防業務」科目260,000千元。</b06_memo>
            <b06_upduserno>824</b06_upduserno>
            <b06_upddatetime/>
            <b06_versiondate/>
            <b06_amt1_display>0.300000000000</b06_amt1_display>
            <b06_amt2_display>1.000000000000</b06_amt2_display>
            <b06_amt3_display>2.600000000000</b06_amt3_display>
            <b06_amt4_display>3.515600000000</b06_amt4_display>
            <b06_budgetamt_display>7.415600000000</b06_budgetamt_display>
        </BCTDYEARPLAN_row>
    </BCTDYEARPLAN>
</tables>
