<?xml version="1.0" encoding="UTF-8"?>
<tables>
    <BCME3420>
        <BCME3420_row>
            <budgetno/>
            <agenno/>
            <agentype/>
            <mh_budgetname>合    計</mh_budgetname>
            <displayname>合    計</displayname>
            <budgetno_conver/>
            <tyear_amt>1436827000</tyear_amt>
            <lyear_amt>2172407000</lyear_amt>
            <byear_amt>1885255189</byear_amt>
            <b_amt>-735580000</b_amt>
            <bc_content/>
            <memo/>
        </BCME3420_row>
        <BCME3420_row>
            <budgetno>00630000000</budgetno>
            <agenno>63001</agenno>
            <agentype>C</agentype>
            <mh_budgetname>海岸巡防署主管</mh_budgetname>
            <displayname>海岸巡防署主管</displayname>
            <budgetno_conver>0063000000</budgetno_conver>
            <tyear_amt>1436827000</tyear_amt>
            <lyear_amt>2172407000</lyear_amt>
            <byear_amt>1885255189</byear_amt>
            <b_amt>-735580000</b_amt>
            <bc_content/>
        </BCME3420_row>
        <BCME3420_row>
            <budgetno>00630010000</budgetno>
            <agenno>63001</agenno>
            <agentype>C</agentype>
            <mh_budgetname>海岸巡防署</mh_budgetname>
            <displayname>海岸巡防署</displayname>
            <budgetno_conver>0063010000</budgetno_conver>
            <tyear_amt>1436827000</tyear_amt>
            <lyear_amt>2172407000</lyear_amt>
            <byear_amt>1885255189</byear_amt>
            <b_amt>-735580000</b_amt>
            <bc_content/>
        </BCME3420_row>
        <BCME3420_row>
            <budgetno>38630010000</budgetno>
            <agenno>63001</agenno>
            <agentype>C</agentype>
            <mh_budgetname>民政支出</mh_budgetname>
            <displayname>民政支出</displayname>
            <budgetno_conver>3863010000</budgetno_conver>
            <tyear_amt>1436827000</tyear_amt>
            <lyear_amt>2172407000</lyear_amt>
            <byear_amt>1885255189</byear_amt>
            <b_amt>-735580000</b_amt>
            <bc_content/>
        </BCME3420_row>
        <BCME3420_row>
            <budgetno>38630010100</budgetno>
            <agenno>63001</agenno>
            <agentype>C</agentype>
            <mh_budgetname>一般行政</mh_budgetname>
            <displayname>一般行政</displayname>
            <budgetno_conver>3863010100</budgetno_conver>
            <tyear_amt>400346000</tyear_amt>
            <lyear_amt>397385000</lyear_amt>
            <byear_amt>394229544</byear_amt>
            <b_amt>2961000</b_amt>
            <bc_content>&lt;#H1&gt;本年度預算數400,346千元，包括人事費383,078千元，業務費17,034千元，獎補助費234千元。&#xd;
&lt;#H1&gt;本年度預算數之內容與上年度之比較如下：&#xd;
&lt;#H2&gt;人員維持費383,078千元，較上年度增列法定編制人員待遇及公保保險補助等經費3,683千元。&#xd;
&lt;#H2&gt;基本行政工作維持費17,268千元，較上年度減列各項行政事務工作等經費722千元。&#xd;
</bc_content>
        </BCME3420_row>
        <BCME3420_row>
            <budgetno>38630010200</budgetno>
            <agenno>63001</agenno>
            <agentype>C</agentype>
            <mh_budgetname>海岸及海域巡防業務</mh_budgetname>
            <displayname>海岸及海域巡防業務</displayname>
            <budgetno_conver>3863010200</budgetno_conver>
            <tyear_amt>1030816000</tyear_amt>
            <lyear_amt>1770022000</lyear_amt>
            <byear_amt>1491025645</byear_amt>
            <b_amt>-739206000</b_amt>
            <bc_content>&lt;#H1&gt;本年度預算數1,030,816千元，包括業務費119,745千元，設備及投資905,454千元，獎補助費5,617千元。&#xd;
&lt;#H1&gt;本年度預算數之內容與上年度之比較如下：&#xd;
&lt;#H2&gt;企劃管理作業910千元，較上年度減列績效管制考核作業等經費248千元。&#xd;
&lt;#H2&gt;岸海巡防作業18,796千元，較上年度增列海峽兩岸海上聯合搜救演練等經費5,624千元。&#xd;
&lt;#H2&gt;情報蒐整作業11,404千元，較上年度減列諮詢部署及績效獎勵金等經費1,616千元。&#xd;
&lt;#H2&gt;後勤支援作業22,463千元，較上年度減列財產及物品盤點設備建置計畫等經費5,676千元。&#xd;
&lt;#H2&gt;通訊資訊管理作業78,704千元，較上年度增列公文系統儲存空間擴充計畫等經費4,117千元。&#xd;
&lt;#H2&gt;勤務管制作業313千元，較上年度減列雷達作業系統操作訓練經費等89千元。&#xd;
&lt;#H2&gt;海洋事務推動作業2,063千元，較上年度增列推動海洋事務合作及辦理相關活動等經費116千元。&#xd;
&lt;#H2&gt;海巡基地籌建及未來發展計畫總經費1,596,535千元，分11年辦理，95至104年度已編列1,442,972千元，本年度續編最後1年經費153,563千元，較上年度增列52,953千元。&#xd;
&lt;#H2&gt;南沙太平島交通基礎整建工程計畫總經費3,373,773千元，分年辦理，103至104年度已編列2,379,412千元，本年度續編482,600千元，較上年度減列769,573千元。&#xd;
&lt;#H2&gt;海巡岸際雷達系統換裝計畫總經費741,560千元，分4年辦理，103至104年度已編列130,000千元，本年度續編第3年經費260,000千元，較上年度增列160,000千元。&#xd;
&lt;#H2&gt;上年度辦理應勤無線電通信系統換裝計畫預算業已編竣，所列184,814千元如數減列。</bc_content>
        </BCME3420_row>
        <BCME3420_row>
            <budgetno>38630019000</budgetno>
            <agenno>63001</agenno>
            <agentype>C</agentype>
            <mh_budgetname>一般建築及設備</mh_budgetname>
            <displayname>一般建築及設備</displayname>
            <budgetno_conver>3863019000</budgetno_conver>
            <tyear_amt>665000</tyear_amt>
            <lyear_amt>0</lyear_amt>
            <byear_amt>0</byear_amt>
            <b_amt>665000</b_amt>
            <bc_content/>
        </BCME3420_row>
        <BCME3420_row>
            <budgetno>38630019011</budgetno>
            <agenno>63001</agenno>
            <agentype>C</agentype>
            <mh_budgetname>交通及運輸設備</mh_budgetname>
            <displayname>交通及運輸設備</displayname>
            <budgetno_conver>3863019011</budgetno_conver>
            <tyear_amt>665000</tyear_amt>
            <lyear_amt>0</lyear_amt>
            <byear_amt>0</byear_amt>
            <b_amt>665000</b_amt>
            <bc_content>新增汰換勤務車1輛經費如列數。</bc_content>
        </BCME3420_row>
        <BCME3420_row>
            <budgetno>38630019800</budgetno>
            <agenno>63001</agenno>
            <agentype>C</agentype>
            <mh_budgetname>第一預備金</mh_budgetname>
            <displayname>第一預備金</displayname>
            <budgetno_conver>3863019800</budgetno_conver>
            <tyear_amt>5000000</tyear_amt>
            <lyear_amt>5000000</lyear_amt>
            <byear_amt>0</byear_amt>
            <b_amt>0</b_amt>
            <bc_content>仍照上年度預算數編列。</bc_content>
        </BCME3420_row>
    </BCME3420>
</tables>
