<?xml version="1.0" encoding="UTF-8"?>
<tables>
    <BCTDHELPPLAN>
        <BCTDHELPPLAN_row>
            <bh_fiscalyear>104</bh_fiscalyear>
            <bh_fundkind>1</bh_fundkind>
            <bh_budgetkind>1</bh_budgetkind>
            <bh_specialbudgetno/>
            <bh_agenno>60001</bh_agenno>
            <bh_agentype>B</bh_agentype>
            <bh_budgetstate>2</bh_budgetstate>
            <bh_versiondate/>
            <bh_objectno>0437</bh_objectno>
            <bh_endowplanno>01</bh_endowplanno>
            <bh_endowplanname>環保創新科技研發計畫</bh_endowplanname>
            <bh_donname>團體</bh_donname>
            <bh_endowsts>1</bh_endowsts>
            <bh_budgetno>52600011700</bh_budgetno>
            <bh_subprojectno>01</bh_subprojectno>
            <bh_budgetsource>1</bh_budgetsource>
            <bh_applyid>0</bh_applyid>
            <bh_startyear>104</bh_startyear>
            <bh_endyear>104</bh_endyear>
            <bh_donrem>協助國內育成中心與環保業者進行創新環保技術或設備研發，提升國內環保技術水準。</bh_donrem>
            <bh_bgtyear>0</bh_bgtyear>
            <bh_amt_man>700000.00</bh_amt_man>
            <bh_amt_business>700000.00</bh_amt_business>
            <bh_amt_other>0.00</bh_amt_other>
            <bh_amt_land>0.00</bh_amt_land>
            <bh_amt_house>0.00</bh_amt_house>
            <bh_amt6>0.00</bh_amt6>
            <bh_amt7>0.00</bh_amt7>
            <bh_flowflag/>
            <bh_signflag/>
            <bh_signno/>
            <mj_subprojectno_na>01 - 環境科學及技術之研究</mj_subprojectno_na>
        </BCTDHELPPLAN_row>
        <BCTDHELPPLAN_row>
            <bh_fiscalyear>104</bh_fiscalyear>
            <bh_fundkind>1</bh_fundkind>
            <bh_budgetkind>1</bh_budgetkind>
            <bh_specialbudgetno/>
            <bh_agenno>60001</bh_agenno>
            <bh_agentype>B</bh_agentype>
            <bh_budgetstate>2</bh_budgetstate>
            <bh_versiondate/>
            <bh_objectno>0438</bh_objectno>
            <bh_endowplanno>12</bh_endowplanno>
            <bh_endowplanname>環保創新科技研發計畫</bh_endowplanname>
            <bh_donname>私立大專院校</bh_donname>
            <bh_endowsts>1</bh_endowsts>
            <bh_budgetno>52600011700</bh_budgetno>
            <bh_subprojectno>01</bh_subprojectno>
            <bh_budgetsource>1</bh_budgetsource>
            <bh_applyid>0</bh_applyid>
            <bh_startyear>104</bh_startyear>
            <bh_endyear>104</bh_endyear>
            <bh_donrem>協助國內公民育成中心與環保業者進行創新環保技術或設備研發，提升國內環保技術水準。</bh_donrem>
            <bh_bgtyear>0</bh_bgtyear>
            <bh_amt_man>2550000.00</bh_amt_man>
            <bh_amt_business>2550000.00</bh_amt_business>
            <bh_amt_other>0.00</bh_amt_other>
            <bh_amt_land>0.00</bh_amt_land>
            <bh_amt_house>0.00</bh_amt_house>
            <bh_amt6>0.00</bh_amt6>
            <bh_amt7>0.00</bh_amt7>
            <bh_flowflag/>
            <bh_signflag/>
            <bh_signno/>
            <mj_subprojectno_na>01 - 環境科學及技術之研究</mj_subprojectno_na>
        </BCTDHELPPLAN_row>
        <BCTDHELPPLAN_row>
            <bh_fiscalyear>104</bh_fiscalyear>
            <bh_fundkind>1</bh_fundkind>
            <bh_budgetkind>1</bh_budgetkind>
            <bh_specialbudgetno/>
            <bh_agenno>60001</bh_agenno>
            <bh_agentype>B</bh_agentype>
            <bh_budgetstate>2</bh_budgetstate>
            <bh_versiondate/>
            <bh_objectno>0475</bh_objectno>
            <bh_endowplanno>01</bh_endowplanno>
            <bh_endowplanname>三節慰問金</bh_endowplanname>
            <bh_donname>個人</bh_donname>
            <bh_endowsts>1</bh_endowsts>
            <bh_budgetno>72600010100</bh_budgetno>
            <bh_subprojectno>02</bh_subprojectno>
            <bh_budgetsource>1</bh_budgetsource>
            <bh_applyid>0</bh_applyid>
            <bh_startyear>104</bh_startyear>
            <bh_endyear>104</bh_endyear>
            <bh_donrem>領取退休金人員及在職亡故遺眷之三節慰問。</bh_donrem>
            <bh_bgtyear>0</bh_bgtyear>
            <bh_amt_man>0.00</bh_amt_man>
            <bh_amt_business>0.00</bh_amt_business>
            <bh_amt_other>540000.00</bh_amt_other>
            <bh_amt_land>0.00</bh_amt_land>
            <bh_amt_house>0.00</bh_amt_house>
            <bh_amt6>0.00</bh_amt6>
            <bh_amt7>0.00</bh_amt7>
            <bh_flowflag/>
            <bh_signflag/>
            <bh_signno/>
            <mj_subprojectno_na>02 - 基本行政工作維持</mj_subprojectno_na>
        </BCTDHELPPLAN_row>
        <BCTDHELPPLAN_row>
            <bh_fiscalyear>104</bh_fiscalyear>
            <bh_fundkind>1</bh_fundkind>
            <bh_budgetkind>1</bh_budgetkind>
            <bh_specialbudgetno/>
            <bh_agenno>60001</bh_agenno>
            <bh_agentype>B</bh_agentype>
            <bh_budgetstate>2</bh_budgetstate>
            <bh_versiondate/>
            <bh_objectno>0437</bh_objectno>
            <bh_endowplanno>11</bh_endowplanno>
            <bh_endowplanname>辦理國際性環保科技及人員交流活動、永續發展相關活動</bh_endowplanname>
            <bh_donname>團體等</bh_donname>
            <bh_endowsts>1</bh_endowsts>
            <bh_budgetno>72600011020</bh_budgetno>
            <bh_subprojectno>01</bh_subprojectno>
            <bh_budgetsource>1</bh_budgetsource>
            <bh_applyid>0</bh_applyid>
            <bh_startyear>104</bh_startyear>
            <bh_endyear>104</bh_endyear>
            <bh_donrem>促進國際環保科技交流及永續發展，提昇國人永續發展意識。</bh_donrem>
            <bh_bgtyear>0</bh_bgtyear>
            <bh_amt_man>0.00</bh_amt_man>
            <bh_amt_business>100000.00</bh_amt_business>
            <bh_amt_other>0.00</bh_amt_other>
            <bh_amt_land>0.00</bh_amt_land>
            <bh_amt_house>0.00</bh_amt_house>
            <bh_amt6>0.00</bh_amt6>
            <bh_amt7>0.00</bh_amt7>
            <bh_flowflag/>
            <bh_signflag/>
            <bh_signno/>
            <mj_subprojectno_na>01 - 綜合策劃環境保護計畫</mj_subprojectno_na>
        </BCTDHELPPLAN_row>
        <BCTDHELPPLAN_row>
            <bh_fiscalyear>104</bh_fiscalyear>
            <bh_fundkind>1</bh_fundkind>
            <bh_budgetkind>1</bh_budgetkind>
            <bh_specialbudgetno/>
            <bh_agenno>60001</bh_agenno>
            <bh_agentype>B</bh_agentype>
            <bh_budgetstate>2</bh_budgetstate>
            <bh_versiondate/>
            <bh_objectno>0437</bh_objectno>
            <bh_endowplanno>02</bh_endowplanno>
            <bh_endowplanname>環境管理相關活動</bh_endowplanname>
            <bh_donname>團體等</bh_donname>
            <bh_endowsts>1</bh_endowsts>
            <bh_budgetno>72600011020</bh_budgetno>
            <bh_subprojectno>02</bh_subprojectno>
            <bh_budgetsource>1</bh_budgetsource>
            <bh_applyid>0</bh_applyid>
            <bh_startyear>104</bh_startyear>
            <bh_endyear>104</bh_endyear>
            <bh_donrem>辦理環境管理、規劃、調查及行動相關事項。</bh_donrem>
            <bh_bgtyear>0</bh_bgtyear>
            <bh_amt_man>0.00</bh_amt_man>
            <bh_amt_business>3500000.00</bh_amt_business>
            <bh_amt_other>0.00</bh_amt_other>
            <bh_amt_land>0.00</bh_amt_land>
            <bh_amt_house>0.00</bh_amt_house>
            <bh_amt6>0.00</bh_amt6>
            <bh_amt7>0.00</bh_amt7>
            <bh_flowflag/>
            <bh_signflag/>
            <bh_signno/>
            <mj_subprojectno_na>02 - 環境管理</mj_subprojectno_na>
        </BCTDHELPPLAN_row>
        <BCTDHELPPLAN_row>
            <bh_fiscalyear>104</bh_fiscalyear>
            <bh_fundkind>1</bh_fundkind>
            <bh_budgetkind>1</bh_budgetkind>
            <bh_specialbudgetno/>
            <bh_agenno>60001</bh_agenno>
            <bh_agentype>B</bh_agentype>
            <bh_budgetstate>2</bh_budgetstate>
            <bh_versiondate/>
            <bh_objectno>0438</bh_objectno>
            <bh_endowplanno>10</bh_endowplanno>
            <bh_endowplanname>環境管理相關活動</bh_endowplanname>
            <bh_donname>對私校之獎助</bh_donname>
            <bh_endowsts>1</bh_endowsts>
            <bh_budgetno>72600011020</bh_budgetno>
            <bh_subprojectno>02</bh_subprojectno>
            <bh_budgetsource>1</bh_budgetsource>
            <bh_applyid>0</bh_applyid>
            <bh_startyear>104</bh_startyear>
            <bh_endyear>104</bh_endyear>
            <bh_donrem>辦理環境管理、規劃、調查及行動相關事項。</bh_donrem>
            <bh_bgtyear>0</bh_bgtyear>
            <bh_amt_man>0.00</bh_amt_man>
            <bh_amt_business>3500000.00</bh_amt_business>
            <bh_amt_other>0.00</bh_amt_other>
            <bh_amt_land>0.00</bh_amt_land>
            <bh_amt_house>0.00</bh_amt_house>
            <bh_amt6>0.00</bh_amt6>
            <bh_amt7>0.00</bh_amt7>
            <bh_flowflag/>
            <bh_signflag/>
            <bh_signno/>
            <mj_subprojectno_na>02 - 環境管理</mj_subprojectno_na>
        </BCTDHELPPLAN_row>
        <BCTDHELPPLAN_row>
            <bh_fiscalyear>104</bh_fiscalyear>
            <bh_fundkind>1</bh_fundkind>
            <bh_budgetkind>1</bh_budgetkind>
            <bh_specialbudgetno/>
            <bh_agenno>60001</bh_agenno>
            <bh_agentype>B</bh_agentype>
            <bh_budgetstate>2</bh_budgetstate>
            <bh_versiondate/>
            <bh_objectno>0437</bh_objectno>
            <bh_endowplanno>13</bh_endowplanno>
            <bh_endowplanname>噪音振動管制相關研討會</bh_endowplanname>
            <bh_donname>團體</bh_donname>
            <bh_endowsts>1</bh_endowsts>
            <bh_budgetno>72600011100</bh_budgetno>
            <bh_subprojectno>05</bh_subprojectno>
            <bh_budgetsource>1</bh_budgetsource>
            <bh_applyid>0</bh_applyid>
            <bh_startyear>104</bh_startyear>
            <bh_endyear>104</bh_endyear>
            <bh_donrem>辦理噪音振動管制相關研討會。</bh_donrem>
            <bh_bgtyear>0</bh_bgtyear>
            <bh_amt_man>0.00</bh_amt_man>
            <bh_amt_business>160000.00</bh_amt_business>
            <bh_amt_other>0.00</bh_amt_other>
            <bh_amt_land>0.00</bh_amt_land>
            <bh_amt_house>0.00</bh_amt_house>
            <bh_amt6>0.00</bh_amt6>
            <bh_amt7>0.00</bh_amt7>
            <bh_flowflag/>
            <bh_signflag/>
            <bh_signno/>
            <mj_subprojectno_na>05 - 噪音、振動及非屬原子能游離輻射管制</mj_subprojectno_na>
        </BCTDHELPPLAN_row>
        <BCTDHELPPLAN_row>
            <bh_fiscalyear>104</bh_fiscalyear>
            <bh_fundkind>1</bh_fundkind>
            <bh_budgetkind>1</bh_budgetkind>
            <bh_specialbudgetno/>
            <bh_agenno>60001</bh_agenno>
            <bh_agentype>B</bh_agentype>
            <bh_budgetstate>2</bh_budgetstate>
            <bh_versiondate/>
            <bh_objectno>0476</bh_objectno>
            <bh_endowplanno>03</bh_endowplanno>
            <bh_endowplanname>受污染場址進行污染整治配合辦理停耕(養)之補償</bh_endowplanname>
            <bh_donname>個人</bh_donname>
            <bh_endowsts>1</bh_endowsts>
            <bh_budgetno>72600011200</bh_budgetno>
            <bh_subprojectno>02</bh_subprojectno>
            <bh_budgetsource>1</bh_budgetsource>
            <bh_applyid>0</bh_applyid>
            <bh_startyear>104</bh_startyear>
            <bh_endyear>104</bh_endyear>
            <bh_donrem>協助縣市因辦理污染行為人不明或具高度健康風險之受污染場址進行整治工作之影響，而需農（漁）民配合之停耕（養）之補償。</bh_donrem>
            <bh_bgtyear>0</bh_bgtyear>
            <bh_amt_man>0.00</bh_amt_man>
            <bh_amt_business>5600000.00</bh_amt_business>
            <bh_amt_other>0.00</bh_amt_other>
            <bh_amt_land>0.00</bh_amt_land>
            <bh_amt_house>0.00</bh_amt_house>
            <bh_amt6>0.00</bh_amt6>
            <bh_amt7>0.00</bh_amt7>
            <bh_flowflag/>
            <bh_signflag/>
            <bh_signno/>
            <mj_subprojectno_na>02 - 土壤及地下水污染法規檢討及預防</mj_subprojectno_na>
        </BCTDHELPPLAN_row>
        <BCTDHELPPLAN_row>
            <bh_fiscalyear>104</bh_fiscalyear>
            <bh_fundkind>1</bh_fundkind>
            <bh_budgetkind>1</bh_budgetkind>
            <bh_specialbudgetno/>
            <bh_agenno>60001</bh_agenno>
            <bh_agentype>B</bh_agentype>
            <bh_budgetstate>2</bh_budgetstate>
            <bh_versiondate/>
            <bh_objectno>0475</bh_objectno>
            <bh_endowplanno>12</bh_endowplanno>
            <bh_endowplanname>三節慰問金</bh_endowplanname>
            <bh_donname>個人</bh_donname>
            <bh_endowsts>1</bh_endowsts>
            <bh_budgetno>72600018800</bh_budgetno>
            <bh_subprojectno>03</bh_subprojectno>
            <bh_budgetsource>1</bh_budgetsource>
            <bh_applyid>0</bh_applyid>
            <bh_startyear>104</bh_startyear>
            <bh_endyear>104</bh_endyear>
            <bh_donrem>領取退休金人員及在職亡故遺眷之三節慰問。</bh_donrem>
            <bh_bgtyear>0</bh_bgtyear>
            <bh_amt_man>0.00</bh_amt_man>
            <bh_amt_business>0.00</bh_amt_business>
            <bh_amt_other>876000.00</bh_amt_other>
            <bh_amt_land>0.00</bh_amt_land>
            <bh_amt_house>0.00</bh_amt_house>
            <bh_amt6>0.00</bh_amt6>
            <bh_amt7>0.00</bh_amt7>
            <bh_flowflag/>
            <bh_signflag/>
            <bh_signno/>
            <mj_subprojectno_na>03 - 推動區域環境保護工作</mj_subprojectno_na>
        </BCTDHELPPLAN_row>
        <BCTDHELPPLAN_row>
            <bh_fiscalyear>104</bh_fiscalyear>
            <bh_fundkind>1</bh_fundkind>
            <bh_budgetkind>1</bh_budgetkind>
            <bh_specialbudgetno/>
            <bh_agenno>60001</bh_agenno>
            <bh_agentype>B</bh_agentype>
            <bh_budgetstate>2</bh_budgetstate>
            <bh_versiondate/>
            <bh_objectno>0475</bh_objectno>
            <bh_endowplanno>11</bh_endowplanno>
            <bh_endowplanname>獎勵民眾舉發污染案件</bh_endowplanname>
            <bh_donname>個人</bh_donname>
            <bh_endowsts>1</bh_endowsts>
            <bh_budgetno>72600018800</bh_budgetno>
            <bh_subprojectno>03</bh_subprojectno>
            <bh_budgetsource>1</bh_budgetsource>
            <bh_applyid>0</bh_applyid>
            <bh_startyear>104</bh_startyear>
            <bh_endyear>104</bh_endyear>
            <bh_donrem>獎勵人民舉發污染案件，頒發有功民眾獎勵金。</bh_donrem>
            <bh_bgtyear>0</bh_bgtyear>
            <bh_amt_man>0.00</bh_amt_man>
            <bh_amt_business>0.00</bh_amt_business>
            <bh_amt_other>1300000.00</bh_amt_other>
            <bh_amt_land>0.00</bh_amt_land>
            <bh_amt_house>0.00</bh_amt_house>
            <bh_amt6>0.00</bh_amt6>
            <bh_amt7>0.00</bh_amt7>
            <bh_flowflag/>
            <bh_signflag/>
            <bh_signno/>
            <mj_subprojectno_na>03 - 推動區域環境保護工作</mj_subprojectno_na>
        </BCTDHELPPLAN_row>
    </BCTDHELPPLAN>
</tables>
