<?xml version="1.0" encoding="UTF-8"?>
<tables>
    <BCTDYEARPLAN>
        <BCTDYEARPLAN_row>
            <b06_fiscalyear>104</b06_fiscalyear>
            <b06_fundkind>1</b06_fundkind>
            <b06_budgetkind>1         </b06_budgetkind>
            <b06_specialbudgetno/>
            <b06_agenno>60010     </b06_agenno>
            <b06_agentype>C         </b06_agentype>
            <b06_budgetstate>2</b06_budgetstate>
            <b06_planno>01</b06_planno>
            <b06_planname>新世代環境品質監測及檢測發展計畫</b06_planname>
            <b06_startyear>102</b06_startyear>
            <b06_endyear>107</b06_endyear>
            <b06_budgetamt>543900000.00</b06_budgetamt>
            <b06_amt1>121076000.00</b06_amt1>
            <b06_amt2>109927000.00</b06_amt2>
            <b06_amt3>75839000.00</b06_amt3>
            <b06_amt4>237058000.00</b06_amt4>
            <b06_memo>&amp;lt;#H1&amp;gt;行政院101年7月23日院臺環字第1010044849號函核定。&amp;lt;#H1&amp;gt;本計畫104年度預算編列於「檢驗業務規劃管理」科目。</b06_memo>
            <b06_upduserno/>
            <b06_upddatetime/>
            <b06_versiondate/>
            <b06_amt1_display>1.210760000000</b06_amt1_display>
            <b06_amt2_display>1.099270000000</b06_amt2_display>
            <b06_amt3_display>0.758390000000</b06_amt3_display>
            <b06_amt4_display>2.370580000000</b06_amt4_display>
            <b06_budgetamt_display>5.439000000000</b06_budgetamt_display>
        </BCTDYEARPLAN_row>
    </BCTDYEARPLAN>
</tables>
