<?xml version="1.0" encoding="UTF-8"?>
<tables>
    <BCTDOUTGO>
        <BCTDOUTGO_row>
            <bm_fiscalyear>104</bm_fiscalyear>
            <bm_fundkind>1</bm_fundkind>
            <bm_budgetkind>1</bm_budgetkind>
            <bm_specialbudgetno/>
            <bm_agenno>60001</bm_agenno>
            <bm_agentype>B</bm_agentype>
            <bm_budgetstate>2</bm_budgetstate>
            <bm_abroadplan>1</bm_abroadplan>
            <bm_projtype>1 </bm_projtype>
            <bm_projno>01</bm_projno>
            <bm_abroadplanname>分流式雨水下水道排水污染管理制度探討</bm_abroadplanname>
            <bm_visitsts>0</bm_visitsts>
            <bm_visitexplain>&lt;br&gt;</bm_visitexplain>
            <bm_dispatchstaffs>0</bm_dispatchstaffs>
            <bm_abroadsite1/>
            <bm_abroadsite2/>
            <bm_abroadsite3/>
            <bm_abroadperiod1/>
            <bm_abroadperiodto1/>
            <bm_abroadperiod2/>
            <bm_abroadperiodto2/>
            <bm_abroadperiod3/>
            <bm_abroadperiodto3/>
            <bm_abroadstaffs1>0</bm_abroadstaffs1>
            <bm_abroadstaffs2>0</bm_abroadstaffs2>
            <bm_abroadstaffs3>0</bm_abroadstaffs3>
            <bm_abroadallowance1>0.00</bm_abroadallowance1>
            <bm_abroadallowance2>0.00</bm_abroadallowance2>
            <bm_abroadallowance3>0.00</bm_abroadallowance3>
            <bm_budgetno>72600011200</bm_budgetno>
            <bm_regionno>2H</bm_regionno>
            <bm_country>美國</bm_country>
            <bm_agency>政府部門環保機關</bm_agency>
            <bm_cont_text>&amp;lt;#H1&amp;gt;分流式雨水下水道污染管理方式。&amp;lt;#H1&amp;gt;分流式雨水下水道污染管理權責分工方式。&amp;lt;#H1&amp;gt;雨水下水道污染管理法令規範。</bm_cont_text>
            <bm_durationfrom>10401</bm_durationfrom>
            <bm_durationto>10412</bm_durationto>
            <bm_days>9</bm_days>
            <bm_persons>1</bm_persons>
            <bm_amt_trans>60000.00</bm_amt_trans>
            <bm_amt_life>30000.00</bm_amt_life>
            <bm_amt_public>10000.00</bm_amt_public>
            <bm_amt_books>0.00</bm_amt_books>
            <bm_amt_flight>0.00</bm_amt_flight>
            <bm_versiondate/>
        </BCTDOUTGO_row>
        <BCTDOUTGO_row>
            <bm_fiscalyear>104</bm_fiscalyear>
            <bm_fundkind>1</bm_fundkind>
            <bm_budgetkind>1</bm_budgetkind>
            <bm_specialbudgetno/>
            <bm_agenno>60001</bm_agenno>
            <bm_agentype>B</bm_agentype>
            <bm_budgetstate>2</bm_budgetstate>
            <bm_abroadplan>1</bm_abroadplan>
            <bm_projtype>1 </bm_projtype>
            <bm_projno>02</bm_projno>
            <bm_abroadplanname>考察澳洲服務業環保標章推動情形</bm_abroadplanname>
            <bm_visitsts>0</bm_visitsts>
            <bm_visitexplain/>
            <bm_dispatchstaffs>0</bm_dispatchstaffs>
            <bm_abroadsite1/>
            <bm_abroadsite2/>
            <bm_abroadsite3/>
            <bm_abroadperiod1/>
            <bm_abroadperiodto1/>
            <bm_abroadperiod2/>
            <bm_abroadperiodto2/>
            <bm_abroadperiod3/>
            <bm_abroadperiodto3/>
            <bm_abroadstaffs1>0</bm_abroadstaffs1>
            <bm_abroadstaffs2>0</bm_abroadstaffs2>
            <bm_abroadstaffs3>0</bm_abroadstaffs3>
            <bm_abroadallowance1>0.00</bm_abroadallowance1>
            <bm_abroadallowance2>0.00</bm_abroadallowance2>
            <bm_abroadallowance3>0.00</bm_abroadallowance3>
            <bm_budgetno>72600011500</bm_budgetno>
            <bm_regionno>2H</bm_regionno>
            <bm_country>澳洲</bm_country>
            <bm_agency>推動環境標章之政府機關及民間組織</bm_agency>
            <bm_cont_text>&amp;lt;#H1&amp;gt;拜訪澳洲環境選擇標章組織代表，並考察其服務業環保標章訂定作法和專業意見。&amp;lt;#H1&amp;gt;澳洲企業對服務業環保標章制度參與情形、宣導方式和政策方向。&amp;lt;#H1&amp;gt;行政服務、資訊技術服務(ICT)、銷售服務、配送運輸服務業環保標章案例交流。</bm_cont_text>
            <bm_durationfrom>10401</bm_durationfrom>
            <bm_durationto>10412</bm_durationto>
            <bm_days>6</bm_days>
            <bm_persons>1</bm_persons>
            <bm_amt_trans>40000.00</bm_amt_trans>
            <bm_amt_life>38000.00</bm_amt_life>
            <bm_amt_public>0.00</bm_amt_public>
            <bm_amt_books>0.00</bm_amt_books>
            <bm_amt_flight>0.00</bm_amt_flight>
            <bm_versiondate/>
        </BCTDOUTGO_row>
        <BCTDOUTGO_row>
            <bm_fiscalyear>104</bm_fiscalyear>
            <bm_fundkind>1</bm_fundkind>
            <bm_budgetkind>1</bm_budgetkind>
            <bm_specialbudgetno/>
            <bm_agenno>60001</bm_agenno>
            <bm_agentype>B</bm_agentype>
            <bm_budgetstate>2</bm_budgetstate>
            <bm_abroadplan>1</bm_abroadplan>
            <bm_projtype>1 </bm_projtype>
            <bm_projno>03</bm_projno>
            <bm_abroadplanname>考察溫室氣體、氣膠及氣膠光學厚度監測技術</bm_abroadplanname>
            <bm_visitsts>0</bm_visitsts>
            <bm_visitexplain/>
            <bm_dispatchstaffs>0</bm_dispatchstaffs>
            <bm_abroadsite1/>
            <bm_abroadsite2/>
            <bm_abroadsite3/>
            <bm_abroadperiod1/>
            <bm_abroadperiodto1/>
            <bm_abroadperiod2/>
            <bm_abroadperiodto2/>
            <bm_abroadperiod3/>
            <bm_abroadperiodto3/>
            <bm_abroadstaffs1>0</bm_abroadstaffs1>
            <bm_abroadstaffs2>0</bm_abroadstaffs2>
            <bm_abroadstaffs3>0</bm_abroadstaffs3>
            <bm_abroadallowance1>0.00</bm_abroadallowance1>
            <bm_abroadallowance2>0.00</bm_abroadallowance2>
            <bm_abroadallowance3>0.00</bm_abroadallowance3>
            <bm_budgetno>72600011600</bm_budgetno>
            <bm_regionno>2H</bm_regionno>
            <bm_country>美國</bm_country>
            <bm_agency>美國海洋及大氣總署</bm_agency>
            <bm_cont_text>瞭解溫室氣體、氣膠及氣膠光學厚度監測技術進展；學習先進監測技術及資料解析。</bm_cont_text>
            <bm_durationfrom>10401</bm_durationfrom>
            <bm_durationto>10412</bm_durationto>
            <bm_days>7</bm_days>
            <bm_persons>1</bm_persons>
            <bm_amt_trans>40000.00</bm_amt_trans>
            <bm_amt_life>40000.00</bm_amt_life>
            <bm_amt_public>10000.00</bm_amt_public>
            <bm_amt_books>0.00</bm_amt_books>
            <bm_amt_flight>0.00</bm_amt_flight>
            <bm_versiondate/>
        </BCTDOUTGO_row>
        <BCTDOUTGO_row>
            <bm_fiscalyear>104</bm_fiscalyear>
            <bm_fundkind>1</bm_fundkind>
            <bm_budgetkind>1</bm_budgetkind>
            <bm_specialbudgetno/>
            <bm_agenno>60001</bm_agenno>
            <bm_agentype>B</bm_agentype>
            <bm_budgetstate>2</bm_budgetstate>
            <bm_abroadplan>1</bm_abroadplan>
            <bm_projtype>1 </bm_projtype>
            <bm_projno>04</bm_projno>
            <bm_abroadplanname>考察資通訊技術運用於環境永續發展之趨勢及策略</bm_abroadplanname>
            <bm_visitsts>0</bm_visitsts>
            <bm_visitexplain/>
            <bm_dispatchstaffs>0</bm_dispatchstaffs>
            <bm_abroadsite1/>
            <bm_abroadsite2/>
            <bm_abroadsite3/>
            <bm_abroadperiod1/>
            <bm_abroadperiodto1/>
            <bm_abroadperiod2/>
            <bm_abroadperiodto2/>
            <bm_abroadperiod3/>
            <bm_abroadperiodto3/>
            <bm_abroadstaffs1>0</bm_abroadstaffs1>
            <bm_abroadstaffs2>0</bm_abroadstaffs2>
            <bm_abroadstaffs3>0</bm_abroadstaffs3>
            <bm_abroadallowance1>0.00</bm_abroadallowance1>
            <bm_abroadallowance2>0.00</bm_abroadallowance2>
            <bm_abroadallowance3>0.00</bm_abroadallowance3>
            <bm_budgetno>72600011600</bm_budgetno>
            <bm_regionno>2H</bm_regionno>
            <bm_country>歐洲</bm_country>
            <bm_agency>政府部門環保機關</bm_agency>
            <bm_cont_text>赴歐盟國家ICT4Sustainability相關單位，考察資通訊設施、資料中心節能策略以及具體作法與技術。</bm_cont_text>
            <bm_durationfrom>10401</bm_durationfrom>
            <bm_durationto>10412</bm_durationto>
            <bm_days>7</bm_days>
            <bm_persons>1</bm_persons>
            <bm_amt_trans>60000.00</bm_amt_trans>
            <bm_amt_life>50000.00</bm_amt_life>
            <bm_amt_public>10000.00</bm_amt_public>
            <bm_amt_books>0.00</bm_amt_books>
            <bm_amt_flight>0.00</bm_amt_flight>
            <bm_versiondate/>
        </BCTDOUTGO_row>
        <BCTDOUTGO_row>
            <bm_fiscalyear>104</bm_fiscalyear>
            <bm_fundkind>1</bm_fundkind>
            <bm_budgetkind>1</bm_budgetkind>
            <bm_specialbudgetno/>
            <bm_agenno>60001</bm_agenno>
            <bm_agentype>B</bm_agentype>
            <bm_budgetstate>2</bm_budgetstate>
            <bm_abroadplan>1</bm_abroadplan>
            <bm_projtype>1 </bm_projtype>
            <bm_projno>21</bm_projno>
            <bm_abroadplanname>考察日本環境稽查制度及環境保護</bm_abroadplanname>
            <bm_visitsts>0</bm_visitsts>
            <bm_visitexplain/>
            <bm_dispatchstaffs>0</bm_dispatchstaffs>
            <bm_abroadsite1/>
            <bm_abroadsite2/>
            <bm_abroadsite3/>
            <bm_abroadperiod1/>
            <bm_abroadperiodto1/>
            <bm_abroadperiod2/>
            <bm_abroadperiodto2/>
            <bm_abroadperiod3/>
            <bm_abroadperiodto3/>
            <bm_abroadstaffs1>0</bm_abroadstaffs1>
            <bm_abroadstaffs2>0</bm_abroadstaffs2>
            <bm_abroadstaffs3>0</bm_abroadstaffs3>
            <bm_abroadallowance1>0.00</bm_abroadallowance1>
            <bm_abroadallowance2>0.00</bm_abroadallowance2>
            <bm_abroadallowance3>0.00</bm_abroadallowance3>
            <bm_budgetno>72600018800</bm_budgetno>
            <bm_regionno>2H</bm_regionno>
            <bm_country>日本</bm_country>
            <bm_agency>日本環境省及橫濱市環境創造局</bm_agency>
            <bm_cont_text>&amp;lt;#H1&amp;gt;日本環保稽查以指導為主，執法為輔；而我國為避免球員兼裁判，行政指導為事業主管機關職責，環保機關直接扮演執法角色之制度，本次拜會擬瞭解兩國文化及社會力量差異所產生的不同制度。同時瞭解日本警政單位於環保體系之執法角色、兩國環保法規制定上之差異。&amp;lt;#H1&amp;gt;瞭解日本環境保護協定執行細節，建立政府與事業及民眾間良好互動溝通關係，未來環評開發案及各項環保許可文件，可考量納入社區共利制度。</bm_cont_text>
            <bm_durationfrom>10401</bm_durationfrom>
            <bm_durationto>10412</bm_durationto>
            <bm_days>5</bm_days>
            <bm_persons>2</bm_persons>
            <bm_amt_trans>52000.00</bm_amt_trans>
            <bm_amt_life>82000.00</bm_amt_life>
            <bm_amt_public>10000.00</bm_amt_public>
            <bm_amt_books>0.00</bm_amt_books>
            <bm_amt_flight>0.00</bm_amt_flight>
            <bm_versiondate/>
        </BCTDOUTGO_row>
    </BCTDOUTGO>
</tables>
