<?xml version="1.0" encoding="UTF-8"?>
<tables>
    <BCME3420>
        <BCME3420_row>
            <budgetno/>
            <agenno/>
            <agentype/>
            <mh_budgetname>合    計</mh_budgetname>
            <displayname>合    計</displayname>
            <budgetno_conver/>
            <tyear_amt>270279000.00</tyear_amt>
            <lyear_amt>309307000.00</lyear_amt>
            <byear_amt>309839815.00</byear_amt>
            <b_amt>-39028000.00</b_amt>
            <bc_content/>
            <memo/>
        </BCME3420_row>
        <BCME3420_row>
            <budgetno>00600000000</budgetno>
            <agenno>60010</agenno>
            <agentype>C</agentype>
            <mh_budgetname>環境保護署主管</mh_budgetname>
            <displayname>環境保護署主管</displayname>
            <budgetno_conver>0060000000</budgetno_conver>
            <tyear_amt>270279000.000000</tyear_amt>
            <lyear_amt>309307000.000000</lyear_amt>
            <byear_amt>309839815.000000</byear_amt>
            <b_amt>-39028000.000000</b_amt>
            <bc_content/>
        </BCME3420_row>
        <BCME3420_row>
            <budgetno>00600100000</budgetno>
            <agenno>60010</agenno>
            <agentype>C</agentype>
            <mh_budgetname>環境檢驗所</mh_budgetname>
            <displayname>環境檢驗所</displayname>
            <budgetno_conver>0060100000</budgetno_conver>
            <tyear_amt>270279000.000000</tyear_amt>
            <lyear_amt>309307000.000000</lyear_amt>
            <byear_amt>309839815.000000</byear_amt>
            <b_amt>-39028000.000000</b_amt>
            <bc_content/>
        </BCME3420_row>
        <BCME3420_row>
            <budgetno>52600100000</budgetno>
            <agenno>60010</agenno>
            <agentype>C</agentype>
            <mh_budgetname>科學支出</mh_budgetname>
            <displayname>科學支出</displayname>
            <budgetno_conver>5260100000</budgetno_conver>
            <tyear_amt>12580000.000000</tyear_amt>
            <lyear_amt>9880000.000000</lyear_amt>
            <byear_amt>10910000.000000</byear_amt>
            <b_amt>2700000.000000</b_amt>
            <bc_content/>
        </BCME3420_row>
        <BCME3420_row>
            <budgetno>52600101100</budgetno>
            <agenno>60010</agenno>
            <agentype>C</agentype>
            <mh_budgetname>科技發展</mh_budgetname>
            <displayname>科技發展</displayname>
            <budgetno_conver>5260101100</budgetno_conver>
            <tyear_amt>12580000.000000</tyear_amt>
            <lyear_amt>9880000.000000</lyear_amt>
            <byear_amt>10910000.000000</byear_amt>
            <b_amt>2700000.000000</b_amt>
            <bc_content>本年度預算數12,580千元，係委託辦理環境檢驗科技研究發展經費，較上年度增列環境奈米評析與綠色化學檢測技術研究計畫等經費2,700千元。</bc_content>
        </BCME3420_row>
        <BCME3420_row>
            <budgetno>72600100000</budgetno>
            <agenno>60010</agenno>
            <agentype>C</agentype>
            <mh_budgetname>環境保護支出</mh_budgetname>
            <displayname>環境保護支出</displayname>
            <budgetno_conver>7260100000</budgetno_conver>
            <tyear_amt>257699000.000000</tyear_amt>
            <lyear_amt>299427000.000000</lyear_amt>
            <byear_amt>298929815.000000</byear_amt>
            <b_amt>-41728000.000000</b_amt>
            <bc_content/>
        </BCME3420_row>
        <BCME3420_row>
            <budgetno>72600100100</budgetno>
            <agenno>60010</agenno>
            <agentype>C</agentype>
            <mh_budgetname>一般行政</mh_budgetname>
            <displayname>一般行政</displayname>
            <budgetno_conver>7260100100</budgetno_conver>
            <tyear_amt>141730000.000000</tyear_amt>
            <lyear_amt>143083000.000000</lyear_amt>
            <byear_amt>134619750.000000</byear_amt>
            <b_amt>-1353000.000000</b_amt>
            <bc_content>&lt;#H1&gt;本年度預算數141,730千元，包括人事費136,388千元，業務費5,038千元，設備及投資160千元，獎補助費144千元。&lt;#H1&gt;本年度預算數之內容與上年度之比較如下：&lt;#H2&gt;人員維持費136,348千元，較上年度核實減列人事費20千元。&lt;#H2&gt;基本行政工作維持費5,382千元，較上年度減列辦理機電消防及空調設施養護等經費1,333千元。</bc_content>
        </BCME3420_row>
        <BCME3420_row>
            <budgetno>72600101000</budgetno>
            <agenno>60010</agenno>
            <agentype>C</agentype>
            <mh_budgetname>環境檢驗</mh_budgetname>
            <displayname>環境檢驗</displayname>
            <budgetno_conver>7260101000</budgetno_conver>
            <tyear_amt>115769000.000000</tyear_amt>
            <lyear_amt>156144000.000000</lyear_amt>
            <byear_amt>164310065.000000</byear_amt>
            <b_amt>-40375000.000000</b_amt>
            <bc_content/>
        </BCME3420_row>
        <BCME3420_row>
            <budgetno>72600101020</budgetno>
            <agenno>60010</agenno>
            <agentype>C</agentype>
            <mh_budgetname>檢驗業務規劃管理</mh_budgetname>
            <displayname>檢驗業務規劃管理</displayname>
            <budgetno_conver>7260101020</budgetno_conver>
            <tyear_amt>88422000.000000</tyear_amt>
            <lyear_amt>122989000.000000</lyear_amt>
            <byear_amt>130047315.000000</byear_amt>
            <b_amt>-34567000.000000</b_amt>
            <bc_content>&lt;#H1&gt;本年度預算數88,422千元，包括業務費22,673千元，設備及投資65,749千元。&lt;#H1&gt;本年度預算數之內容與上年度之比較如下：&lt;#H2&gt;環境檢驗業務電腦化及品保品管制度推動經費3,253千元，較上年度減列檢驗室資訊管理系統操作維護及資訊軟硬體設備購置等經費1,246千元。&lt;#H2&gt;全國環境檢驗發展規劃及執行經費1,030千元，較上年度增列辦理環境檢測管理相關研討會及考察環境檢測認證管理等經費170千元。&lt;#H2&gt;環境檢測機構推動及管理經費7,642千元，較上年度增列檢驗用試劑材料、品管樣品及外聘委員評鑑等經費597千元。&lt;#H2&gt;環境檢測標準方法審議及公告經費658千元，與上年度同。&lt;#H2&gt;新世代環境品質監測及檢測發展計畫總經費543,900千元，分6年辦理，102及103年度已編列231,003千元，本年度續編第3年經費75,839千元，較上年度減列購置細懸浮微粒質量自動分析儀、高解析度感應耦合電漿質譜儀及周邊設備等經費34,088千元。&#xd;
</bc_content>
        </BCME3420_row>
        <BCME3420_row>
            <budgetno>72600101021</budgetno>
            <agenno>60010</agenno>
            <agentype>C</agentype>
            <mh_budgetname>空氣污染及噪音檢驗測定</mh_budgetname>
            <displayname>空氣污染及噪音檢驗測定</displayname>
            <budgetno_conver>7260101021</budgetno_conver>
            <tyear_amt>3763000.000000</tyear_amt>
            <lyear_amt>4463000.000000</lyear_amt>
            <byear_amt>5861640.000000</byear_amt>
            <b_amt>-700000.000000</b_amt>
            <bc_content>&lt;#H1&gt;本年度預算數3,763千元，包括業務費3,563千元，設備及投資200千元。&#xd;
&#xd;
&lt;#H1&gt;本年度預算數之內容與上年度之比較如下：&lt;#H2&gt;空氣污染檢測經費2,511千元，較上年度減列購置檢測用試劑、標準品、耗材等經費585千元。&lt;#H2&gt;物理性公害檢測經費1,252千元，較上年度減列研習複合式交通噪音量測技術等經費115千元。</bc_content>
        </BCME3420_row>
        <BCME3420_row>
            <budgetno>72600101022</budgetno>
            <agenno>60010</agenno>
            <agentype>C</agentype>
            <mh_budgetname>水質檢驗</mh_budgetname>
            <displayname>水質檢驗</displayname>
            <budgetno_conver>7260101022</budgetno_conver>
            <tyear_amt>3993000.000000</tyear_amt>
            <lyear_amt>4894000.000000</lyear_amt>
            <byear_amt>5123567.000000</byear_amt>
            <b_amt>-901000.000000</b_amt>
            <bc_content>&lt;#H1&gt;本年度預算數3,993千元，包括業務費3,793千元，設備及投資200千元。&#xd;
&#xd;
&lt;#H1&gt;本年度預算數3,993千元，係辦理水質污染檢測所需經費，較上年度減列購置實驗室分析藥品材料、設備及儀器維護等經費901千元。</bc_content>
        </BCME3420_row>
        <BCME3420_row>
            <budgetno>72600101023</budgetno>
            <agenno>60010</agenno>
            <agentype>C</agentype>
            <mh_budgetname>毒化物及廢棄物檢驗</mh_budgetname>
            <displayname>毒化物及廢棄物檢驗</displayname>
            <budgetno_conver>7260101023</budgetno_conver>
            <tyear_amt>9793000.000000</tyear_amt>
            <lyear_amt>10847000.000000</lyear_amt>
            <byear_amt>10678126.000000</byear_amt>
            <b_amt>-1054000.000000</b_amt>
            <bc_content>&lt;#H1&gt;本年度預算數9,793千元，包括業務費9,293千元，設備及投資500千元。&#xd;
&#xd;
&lt;#H1&gt;本年度預算數之內容與上年度之比較如下：&lt;#H2&gt;土壤、廢棄物及毒化物檢測經費6,280千元，較上年度減列檢測儀器用消耗品等經費92千元。&lt;#H2&gt;超微量毒性物質檢測經費3,513千元，較上年度減列購置實驗室分析藥品材料及檢測用小型設備等經費962千元。</bc_content>
        </BCME3420_row>
        <BCME3420_row>
            <budgetno>72600101024</budgetno>
            <agenno>60010</agenno>
            <agentype>C</agentype>
            <mh_budgetname>環境生物檢定</mh_budgetname>
            <displayname>環境生物檢定</displayname>
            <budgetno_conver>7260101024</budgetno_conver>
            <tyear_amt>9798000.000000</tyear_amt>
            <lyear_amt>12951000.000000</lyear_amt>
            <byear_amt>12599417.000000</byear_amt>
            <b_amt>-3153000.000000</b_amt>
            <bc_content>&lt;#H1&gt;本年度預算數9,798千元，包括業務費9,498千元，設備及投資300千元。&lt;#H1&gt;本年度預算數之內容與上年度之比較如下：&#xd;
&lt;#H2&gt;環境生物檢測經費2,319千元，較上年度減列購置環境微生物檢測物品等經費428千元。&#xd;
&lt;#H2&gt;環境中污染物生物快速篩選檢測及菌種鑑定經費2,400千元，較上年度減列辦理環境中新興污染物快篩技術開發等經費132千元。&#xd;
&lt;#H2&gt;檢驗室安全衛生與環境保護經費5,079千元，較上年度減列汰換污染防治設備及耗材等經費2,593千元。</bc_content>
        </BCME3420_row>
        <BCME3420_row>
            <budgetno>72600109800</budgetno>
            <agenno>60010</agenno>
            <agentype>C</agentype>
            <mh_budgetname>第一預備金</mh_budgetname>
            <displayname>第一預備金</displayname>
            <budgetno_conver>7260109800</budgetno_conver>
            <tyear_amt>200000.000000</tyear_amt>
            <lyear_amt>200000.000000</lyear_amt>
            <byear_amt>0.000000</byear_amt>
            <b_amt>0.000000</b_amt>
            <bc_content>仍照上年度預算數編列。</bc_content>
        </BCME3420_row>
    </BCME3420>
</tables>
