<?xml version="1.0" encoding="UTF-8"?>
<tables>
    <BCTDHELPPLAN>
        <BCTDHELPPLAN_row>
            <bh_fiscalyear>104</bh_fiscalyear>
            <bh_fundkind>1</bh_fundkind>
            <bh_budgetkind>1</bh_budgetkind>
            <bh_specialbudgetno/>
            <bh_agenno>60010</bh_agenno>
            <bh_agentype>C</bh_agentype>
            <bh_budgetstate>2</bh_budgetstate>
            <bh_versiondate/>
            <bh_objectno/>
            <bh_endowplanno>01</bh_endowplanno>
            <bh_endowplanname>重金屬分析電極開發與研究</bh_endowplanname>
            <bh_donname/>
            <bh_endowsts>2</bh_endowsts>
            <bh_budgetno>52600101100</bh_budgetno>
            <bh_subprojectno>01</bh_subprojectno>
            <bh_budgetsource>1</bh_budgetsource>
            <bh_applyid>0</bh_applyid>
            <bh_startyear>102</bh_startyear>
            <bh_endyear>105</bh_endyear>
            <bh_donrem>本研究計畫依據102與103年度研究之文獻彙整、現況評析以及實驗研究成果，針對水體中法規管制之重金屬種類為優先分析項目，開發奈米碳管/金屬複合材料修飾電極檢測技術。</bh_donrem>
            <bh_bgtyear>0</bh_bgtyear>
            <bh_amt_man>352000.00</bh_amt_man>
            <bh_amt_business>850000.00</bh_amt_business>
            <bh_amt_other>298000.00</bh_amt_other>
            <bh_amt_land>0.00</bh_amt_land>
            <bh_amt_house>0.00</bh_amt_house>
            <bh_amt6>0.00</bh_amt6>
            <bh_amt7>0.00</bh_amt7>
            <bh_flowflag/>
            <bh_signflag/>
            <bh_signno/>
            <mj_subprojectno_na>01 - 環境檢驗－科技發展</mj_subprojectno_na>
        </BCTDHELPPLAN_row>
        <BCTDHELPPLAN_row>
            <bh_fiscalyear>104</bh_fiscalyear>
            <bh_fundkind>1</bh_fundkind>
            <bh_budgetkind>1</bh_budgetkind>
            <bh_specialbudgetno/>
            <bh_agenno>60010</bh_agenno>
            <bh_agentype>C</bh_agentype>
            <bh_budgetstate>2</bh_budgetstate>
            <bh_versiondate/>
            <bh_objectno/>
            <bh_endowplanno>02</bh_endowplanno>
            <bh_endowplanname>HRGC/MS/IRMS、FTIR及拉曼光譜鑑識技術開發及應用</bh_endowplanname>
            <bh_donname/>
            <bh_endowsts>2</bh_endowsts>
            <bh_budgetno>52600101100</bh_budgetno>
            <bh_subprojectno>01</bh_subprojectno>
            <bh_budgetsource>1</bh_budgetsource>
            <bh_applyid>0</bh_applyid>
            <bh_startyear>102</bh_startyear>
            <bh_endyear>105</bh_endyear>
            <bh_donrem>本研究計畫開發新創之HRGC/MS /IRMS、FTIR及拉曼光譜鑑識技術，並應用於印染整理業、化學製品製造業等污泥特性指標鑑識及特徵圖譜建置，作為棄置污泥產源追查及發展新穎鑑識技術之參考。</bh_donrem>
            <bh_bgtyear>0</bh_bgtyear>
            <bh_amt_man>800000.00</bh_amt_man>
            <bh_amt_business>780000.00</bh_amt_business>
            <bh_amt_other>1200000.00</bh_amt_other>
            <bh_amt_land>0.00</bh_amt_land>
            <bh_amt_house>0.00</bh_amt_house>
            <bh_amt6>0.00</bh_amt6>
            <bh_amt7>0.00</bh_amt7>
            <bh_flowflag/>
            <bh_signflag/>
            <bh_signno/>
            <mj_subprojectno_na>01 - 環境檢驗－科技發展</mj_subprojectno_na>
        </BCTDHELPPLAN_row>
        <BCTDHELPPLAN_row>
            <bh_fiscalyear>104</bh_fiscalyear>
            <bh_fundkind>1</bh_fundkind>
            <bh_budgetkind>1</bh_budgetkind>
            <bh_specialbudgetno/>
            <bh_agenno>60010</bh_agenno>
            <bh_agentype>C</bh_agentype>
            <bh_budgetstate>2</bh_budgetstate>
            <bh_versiondate/>
            <bh_objectno/>
            <bh_endowplanno>03</bh_endowplanno>
            <bh_endowplanname>水中內分泌干擾物、抗生素及化妝品化合物檢測方法建立</bh_endowplanname>
            <bh_donname/>
            <bh_endowsts>2</bh_endowsts>
            <bh_budgetno>52600101100</bh_budgetno>
            <bh_subprojectno>01</bh_subprojectno>
            <bh_budgetsource>1</bh_budgetsource>
            <bh_applyid>0</bh_applyid>
            <bh_startyear>102</bh_startyear>
            <bh_endyear>105</bh_endyear>
            <bh_donrem>以微萃取技術，建立水中內分泌干擾物、抗生素及化妝品化合物等新興污染物檢測技術，應用於各類水體之方法驗證，提升檢測量能。</bh_donrem>
            <bh_bgtyear>0</bh_bgtyear>
            <bh_amt_man>650000.00</bh_amt_man>
            <bh_amt_business>1000000.00</bh_amt_business>
            <bh_amt_other>150000.00</bh_amt_other>
            <bh_amt_land>0.00</bh_amt_land>
            <bh_amt_house>0.00</bh_amt_house>
            <bh_amt6>0.00</bh_amt6>
            <bh_amt7>0.00</bh_amt7>
            <bh_flowflag/>
            <bh_signflag/>
            <bh_signno/>
            <mj_subprojectno_na>01 - 環境檢驗－科技發展</mj_subprojectno_na>
        </BCTDHELPPLAN_row>
        <BCTDHELPPLAN_row>
            <bh_fiscalyear>104</bh_fiscalyear>
            <bh_fundkind>1</bh_fundkind>
            <bh_budgetkind>1</bh_budgetkind>
            <bh_specialbudgetno/>
            <bh_agenno>60010</bh_agenno>
            <bh_agentype>C</bh_agentype>
            <bh_budgetstate>2</bh_budgetstate>
            <bh_versiondate/>
            <bh_objectno/>
            <bh_endowplanno>04</bh_endowplanno>
            <bh_endowplanname>表面增強拉曼光譜技術應用於環境鑑識技術研究</bh_endowplanname>
            <bh_donname/>
            <bh_endowsts>2</bh_endowsts>
            <bh_budgetno>52600101100</bh_budgetno>
            <bh_subprojectno>01</bh_subprojectno>
            <bh_budgetsource>1</bh_budgetsource>
            <bh_applyid>0</bh_applyid>
            <bh_startyear>104</bh_startyear>
            <bh_endyear>106</bh_endyear>
            <bh_donrem>開發表面增強拉曼光譜技術，建立快速、高靈敏與高選擇性之水中毒性物質檢測技術。</bh_donrem>
            <bh_bgtyear>0</bh_bgtyear>
            <bh_amt_man>750000.00</bh_amt_man>
            <bh_amt_business>600000.00</bh_amt_business>
            <bh_amt_other>250000.00</bh_amt_other>
            <bh_amt_land>0.00</bh_amt_land>
            <bh_amt_house>0.00</bh_amt_house>
            <bh_amt6>0.00</bh_amt6>
            <bh_amt7>0.00</bh_amt7>
            <bh_flowflag/>
            <bh_signflag/>
            <bh_signno/>
            <mj_subprojectno_na>01 - 環境檢驗－科技發展</mj_subprojectno_na>
        </BCTDHELPPLAN_row>
        <BCTDHELPPLAN_row>
            <bh_fiscalyear>104</bh_fiscalyear>
            <bh_fundkind>1</bh_fundkind>
            <bh_budgetkind>1</bh_budgetkind>
            <bh_specialbudgetno/>
            <bh_agenno>60010</bh_agenno>
            <bh_agentype>C</bh_agentype>
            <bh_budgetstate>2</bh_budgetstate>
            <bh_versiondate/>
            <bh_objectno/>
            <bh_endowplanno>05</bh_endowplanno>
            <bh_endowplanname>水中奈米物質分離與特性研究</bh_endowplanname>
            <bh_donname/>
            <bh_endowsts>2</bh_endowsts>
            <bh_budgetno>52600101100</bh_budgetno>
            <bh_subprojectno>01</bh_subprojectno>
            <bh_budgetsource>1</bh_budgetsource>
            <bh_applyid>0</bh_applyid>
            <bh_startyear>104</bh_startyear>
            <bh_endyear>106</bh_endyear>
            <bh_donrem>開發不對稱流場場流分析技術，進行奈米粒子分離與粒徑大小之鑑定，有效了解水中奈米粒子之特性，以評估水體對奈米粒子特性之影響情況。</bh_donrem>
            <bh_bgtyear>0</bh_bgtyear>
            <bh_amt_man>700000.00</bh_amt_man>
            <bh_amt_business>600000.00</bh_amt_business>
            <bh_amt_other>200000.00</bh_amt_other>
            <bh_amt_land>0.00</bh_amt_land>
            <bh_amt_house>0.00</bh_amt_house>
            <bh_amt6>0.00</bh_amt6>
            <bh_amt7>0.00</bh_amt7>
            <bh_flowflag/>
            <bh_signflag/>
            <bh_signno/>
            <mj_subprojectno_na>01 - 環境檢驗－科技發展</mj_subprojectno_na>
        </BCTDHELPPLAN_row>
        <BCTDHELPPLAN_row>
            <bh_fiscalyear>104</bh_fiscalyear>
            <bh_fundkind>1</bh_fundkind>
            <bh_budgetkind>1</bh_budgetkind>
            <bh_specialbudgetno/>
            <bh_agenno>60010</bh_agenno>
            <bh_agentype>C</bh_agentype>
            <bh_budgetstate>2</bh_budgetstate>
            <bh_versiondate/>
            <bh_objectno/>
            <bh_endowplanno>07</bh_endowplanno>
            <bh_endowplanname>氧化物、高濁度、高酸鹼物質鑑定評估程序</bh_endowplanname>
            <bh_donname/>
            <bh_endowsts>2</bh_endowsts>
            <bh_budgetno>52600101100</bh_budgetno>
            <bh_subprojectno>01</bh_subprojectno>
            <bh_budgetsource>1</bh_budgetsource>
            <bh_applyid>0</bh_applyid>
            <bh_startyear>102</bh_startyear>
            <bh_endyear>105</bh_endyear>
            <bh_donrem>建立放流水具氧化物、高濁度、高酸鹼物質生物毒性鑑定評估程序。</bh_donrem>
            <bh_bgtyear>0</bh_bgtyear>
            <bh_amt_man>600000.00</bh_amt_man>
            <bh_amt_business>900000.00</bh_amt_business>
            <bh_amt_other>300000.00</bh_amt_other>
            <bh_amt_land>0.00</bh_amt_land>
            <bh_amt_house>0.00</bh_amt_house>
            <bh_amt6>0.00</bh_amt6>
            <bh_amt7>0.00</bh_amt7>
            <bh_flowflag/>
            <bh_signflag/>
            <bh_signno/>
            <mj_subprojectno_na>01 - 環境檢驗－科技發展</mj_subprojectno_na>
        </BCTDHELPPLAN_row>
        <BCTDHELPPLAN_row>
            <bh_fiscalyear>104</bh_fiscalyear>
            <bh_fundkind>1</bh_fundkind>
            <bh_budgetkind>1</bh_budgetkind>
            <bh_specialbudgetno/>
            <bh_agenno>60010</bh_agenno>
            <bh_agentype>C</bh_agentype>
            <bh_budgetstate>2</bh_budgetstate>
            <bh_versiondate/>
            <bh_objectno/>
            <bh_endowplanno>08</bh_endowplanno>
            <bh_endowplanname>奈米微粒細胞毒性檢測系統之建立及危害評估</bh_endowplanname>
            <bh_donname/>
            <bh_endowsts>2</bh_endowsts>
            <bh_budgetno>52600101100</bh_budgetno>
            <bh_subprojectno>01</bh_subprojectno>
            <bh_budgetsource>1</bh_budgetsource>
            <bh_applyid>0</bh_applyid>
            <bh_startyear>104</bh_startyear>
            <bh_endyear>106</bh_endyear>
            <bh_donrem>以符合OECD建議之新型細胞電阻檢測技術，取代傳統細胞毒性分析方法，對環境樣品經場流分離後之不同粒徑大小奈米物質，可快速評估其對細胞之危害程度。</bh_donrem>
            <bh_bgtyear>0</bh_bgtyear>
            <bh_amt_man>750000.00</bh_amt_man>
            <bh_amt_business>600000.00</bh_amt_business>
            <bh_amt_other>250000.00</bh_amt_other>
            <bh_amt_land>0.00</bh_amt_land>
            <bh_amt_house>0.00</bh_amt_house>
            <bh_amt6>0.00</bh_amt6>
            <bh_amt7>0.00</bh_amt7>
            <bh_flowflag/>
            <bh_signflag/>
            <bh_signno/>
            <mj_subprojectno_na>01 - 環境檢驗－科技發展</mj_subprojectno_na>
        </BCTDHELPPLAN_row>
        <BCTDHELPPLAN_row>
            <bh_fiscalyear>104</bh_fiscalyear>
            <bh_fundkind>1</bh_fundkind>
            <bh_budgetkind>1</bh_budgetkind>
            <bh_specialbudgetno/>
            <bh_agenno>60010</bh_agenno>
            <bh_agentype>C</bh_agentype>
            <bh_budgetstate>2</bh_budgetstate>
            <bh_versiondate/>
            <bh_objectno/>
            <bh_endowplanno>09</bh_endowplanno>
            <bh_endowplanname>環境檢測機構管理作業服務計畫</bh_endowplanname>
            <bh_donname/>
            <bh_endowsts>2</bh_endowsts>
            <bh_budgetno>72600101020</bh_budgetno>
            <bh_subprojectno>03</bh_subprojectno>
            <bh_budgetsource>1</bh_budgetsource>
            <bh_applyid>0</bh_applyid>
            <bh_startyear>104</bh_startyear>
            <bh_endyear>104</bh_endyear>
            <bh_donrem>辦理環境檢測機構管理作業之庶務工作。</bh_donrem>
            <bh_bgtyear>0</bh_bgtyear>
            <bh_amt_man>2800000.00</bh_amt_man>
            <bh_amt_business>2100000.00</bh_amt_business>
            <bh_amt_other>0.00</bh_amt_other>
            <bh_amt_land>0.00</bh_amt_land>
            <bh_amt_house>0.00</bh_amt_house>
            <bh_amt6>0.00</bh_amt6>
            <bh_amt7>0.00</bh_amt7>
            <bh_flowflag/>
            <bh_signflag/>
            <bh_signno/>
            <mj_subprojectno_na>03 - 環境檢測機構推動及管理</mj_subprojectno_na>
        </BCTDHELPPLAN_row>
        <BCTDHELPPLAN_row>
            <bh_fiscalyear>104</bh_fiscalyear>
            <bh_fundkind>1</bh_fundkind>
            <bh_budgetkind>1</bh_budgetkind>
            <bh_specialbudgetno/>
            <bh_agenno>60010</bh_agenno>
            <bh_agentype>C</bh_agentype>
            <bh_budgetstate>2</bh_budgetstate>
            <bh_versiondate/>
            <bh_objectno/>
            <bh_endowplanno>10</bh_endowplanno>
            <bh_endowplanname>污染防治(制)設施委託代操作維護工作計畫</bh_endowplanname>
            <bh_donname/>
            <bh_endowsts>2</bh_endowsts>
            <bh_budgetno>72600101024</bh_budgetno>
            <bh_subprojectno>03</bh_subprojectno>
            <bh_budgetsource>1</bh_budgetsource>
            <bh_applyid>0</bh_applyid>
            <bh_startyear>104</bh_startyear>
            <bh_endyear>104</bh_endyear>
            <bh_donrem>機關之污染防治設施委託代操作維護。</bh_donrem>
            <bh_bgtyear>0</bh_bgtyear>
            <bh_amt_man>1000000.00</bh_amt_man>
            <bh_amt_business>300000.00</bh_amt_business>
            <bh_amt_other>300000.00</bh_amt_other>
            <bh_amt_land>0.00</bh_amt_land>
            <bh_amt_house>0.00</bh_amt_house>
            <bh_amt6>0.00</bh_amt6>
            <bh_amt7>0.00</bh_amt7>
            <bh_flowflag/>
            <bh_signflag/>
            <bh_signno/>
            <mj_subprojectno_na>03 - 檢驗室安全衛生與環境保護</mj_subprojectno_na>
        </BCTDHELPPLAN_row>
    </BCTDHELPPLAN>
</tables>
