<?xml version="1.0" encoding="UTF-8"?>
<tables>
    <BCME3410>
        <BCME3410_row>
            <budgetno/>
            <agenno/>
            <agentype/>
            <mh_budgetname>合         計</mh_budgetname>
            <budgetno_conver/>
            <tyear_amt>11855.000000</tyear_amt>
            <lyear_amt>10929.000000</lyear_amt>
            <byear_amt>11855.000000</byear_amt>
            <b_amt>926.000000</b_amt>
            <bc_content/>
        </BCME3410_row>
        <BCME3410_row>
            <budgetno>05000000000</budgetno>
            <agenno>60020</agenno>
            <agentype>C</agentype>
            <mh_budgetname>規費收入</mh_budgetname>
            <budgetno_conver>0500000000</budgetno_conver>
            <tyear_amt>11853.000000</tyear_amt>
            <lyear_amt>10927.000000</lyear_amt>
            <byear_amt>11832.000000</byear_amt>
            <b_amt>926.000000</b_amt>
            <bc_content/>
        </BCME3410_row>
        <BCME3410_row>
            <budgetno>05600200000</budgetno>
            <agenno>60020</agenno>
            <agentype>C</agentype>
            <mh_budgetname>環境保護人員訓練所</mh_budgetname>
            <budgetno_conver>0560200000</budgetno_conver>
            <tyear_amt>11853.000000</tyear_amt>
            <lyear_amt>10927.000000</lyear_amt>
            <byear_amt>11832.000000</byear_amt>
            <b_amt>926.000000</b_amt>
            <bc_content/>
        </BCME3410_row>
        <BCME3410_row>
            <budgetno>05600200100</budgetno>
            <agenno>60020</agenno>
            <agentype>C</agentype>
            <mh_budgetname>行政規費收入</mh_budgetname>
            <budgetno_conver>0560200100</budgetno_conver>
            <tyear_amt>10603.000000</tyear_amt>
            <lyear_amt>9859.000000</lyear_amt>
            <byear_amt>10743.000000</byear_amt>
            <b_amt>744.000000</b_amt>
            <bc_content/>
        </BCME3410_row>
        <BCME3410_row>
            <budgetno>05600200101</budgetno>
            <agenno>60020</agenno>
            <agentype>C</agentype>
            <mh_budgetname>審查費</mh_budgetname>
            <budgetno_conver>0560200101</budgetno_conver>
            <tyear_amt>1300.000000</tyear_amt>
            <lyear_amt>855.000000</lyear_amt>
            <byear_amt>1519.000000</byear_amt>
            <b_amt>445.000000</b_amt>
            <bc_content>本年度預算數之內容與上年度之比較如下：&lt;#H1&gt;環境教育人員認證審查費收入1,000千元，較上年度增列445千元。&lt;#H1&gt;環境教育設施場所認證審查費收入250千元，與上年度同。&lt;#H1&gt;環境教育機構認證審查費收入50千元，與上年度同。&#xd;
</bc_content>
        </BCME3410_row>
        <BCME3410_row>
            <budgetno>05600200102</budgetno>
            <agenno>60020</agenno>
            <agentype>C</agentype>
            <mh_budgetname>證照費</mh_budgetname>
            <budgetno_conver>0560200102</budgetno_conver>
            <tyear_amt>9303.000000</tyear_amt>
            <lyear_amt>9004.000000</lyear_amt>
            <byear_amt>9224.000000</byear_amt>
            <b_amt>299.000000</b_amt>
            <bc_content>本年度預算數之內容與上年度之比較如下：&lt;#H1&gt;空氣污染防制類證書收入3,583千元，較上年度減列368千元。&#xd;
&lt;#H1&gt;廢水類證書收入1,850千元，較上年度增列250千元。&#xd;
&lt;#H1&gt;廢棄物類證書收入2,500千元，較上年度增列447千元。&#xd;
&lt;#H1&gt;毒性化學物質類證書收入750千元，較上年度減列15千元。&#xd;
&lt;#H1&gt;環境用藥類證書收入380千元，較上年度減列7千元。&#xd;
&lt;#H1&gt;噪音類證書收入200千元，較上年度增列42千元。&#xd;
&lt;#H1&gt;土壤污染類證書收入40千元，較上年度減列50千元。&#xd;
</bc_content>
        </BCME3410_row>
        <BCME3410_row>
            <budgetno>05600200300</budgetno>
            <agenno>60020</agenno>
            <agentype>C</agentype>
            <mh_budgetname>使用規費收入</mh_budgetname>
            <budgetno_conver>0560200300</budgetno_conver>
            <tyear_amt>1250.000000</tyear_amt>
            <lyear_amt>1068.000000</lyear_amt>
            <byear_amt>1089.000000</byear_amt>
            <b_amt>182.000000</b_amt>
            <bc_content/>
        </BCME3410_row>
        <BCME3410_row>
            <budgetno>05600200313</budgetno>
            <agenno>60020</agenno>
            <agentype>C</agentype>
            <mh_budgetname>服務費</mh_budgetname>
            <budgetno_conver>0560200313</budgetno_conver>
            <tyear_amt>1250.000000</tyear_amt>
            <lyear_amt>1068.000000</lyear_amt>
            <byear_amt>1089.000000</byear_amt>
            <b_amt>182.000000</b_amt>
            <bc_content>本年度預算數之內容與上年度之比較如下：&lt;#H1&gt;辦理環境影響評估訓練班學員學費收入660千元，較上年度增列110千元。&lt;#H1&gt;辦理各類環境檢驗測定機構檢測報告簽署人訓練班學員學費收入270千元，較上年度增列72千元。&lt;#H1&gt;辦理溫室氣體查驗盤查暨先期專案查驗人員訓練班及溫室氣體抵換專案查驗人員訓練班學員學費收入320千元，與上年度同。</bc_content>
        </BCME3410_row>
        <BCME3410_row>
            <budgetno>07000000000</budgetno>
            <agenno>60020</agenno>
            <agentype>C</agentype>
            <mh_budgetname>財產收入</mh_budgetname>
            <budgetno_conver>0700000000</budgetno_conver>
            <tyear_amt>2.000000</tyear_amt>
            <lyear_amt>2.000000</lyear_amt>
            <byear_amt>22.000000</byear_amt>
            <b_amt>0.000000</b_amt>
            <bc_content/>
        </BCME3410_row>
        <BCME3410_row>
            <budgetno>07600200000</budgetno>
            <agenno>60020</agenno>
            <agentype>C</agentype>
            <mh_budgetname>環境保護人員訓練所</mh_budgetname>
            <budgetno_conver>0760200000</budgetno_conver>
            <tyear_amt>2.000000</tyear_amt>
            <lyear_amt>2.000000</lyear_amt>
            <byear_amt>22.000000</byear_amt>
            <b_amt>0.000000</b_amt>
            <bc_content/>
        </BCME3410_row>
        <BCME3410_row>
            <budgetno>07600200600</budgetno>
            <agenno>60020</agenno>
            <agentype>C</agentype>
            <mh_budgetname>廢舊物資售價</mh_budgetname>
            <budgetno_conver>0760200600</budgetno_conver>
            <tyear_amt>2.000000</tyear_amt>
            <lyear_amt>2.000000</lyear_amt>
            <byear_amt>22.000000</byear_amt>
            <b_amt>0.000000</b_amt>
            <bc_content>本年度預算數係出售廢舊物品等收入。</bc_content>
        </BCME3410_row>
        <BCME3410_row>
            <budgetno>11000000000</budgetno>
            <agenno>60020</agenno>
            <agentype>C</agentype>
            <mh_budgetname>其他收入</mh_budgetname>
            <budgetno_conver>1100000000</budgetno_conver>
            <tyear_amt>0.000000</tyear_amt>
            <lyear_amt>0.000000</lyear_amt>
            <byear_amt>1.000000</byear_amt>
            <b_amt>0.000000</b_amt>
            <bc_content/>
        </BCME3410_row>
        <BCME3410_row>
            <budgetno>11600200000</budgetno>
            <agenno>60020</agenno>
            <agentype>C</agentype>
            <mh_budgetname>環境保護人員訓練所</mh_budgetname>
            <budgetno_conver>1160200000</budgetno_conver>
            <tyear_amt>0.000000</tyear_amt>
            <lyear_amt>0.000000</lyear_amt>
            <byear_amt>1.000000</byear_amt>
            <b_amt>0.000000</b_amt>
            <bc_content/>
        </BCME3410_row>
        <BCME3410_row>
            <budgetno>11600200900</budgetno>
            <agenno>60020</agenno>
            <agentype>C</agentype>
            <mh_budgetname>雜項收入</mh_budgetname>
            <budgetno_conver>1160200900</budgetno_conver>
            <tyear_amt>0.000000</tyear_amt>
            <lyear_amt>0.000000</lyear_amt>
            <byear_amt>1.000000</byear_amt>
            <b_amt>0.000000</b_amt>
            <bc_content/>
        </BCME3410_row>
        <BCME3410_row>
            <budgetno>11600200901</budgetno>
            <agenno>60020</agenno>
            <agentype>C</agentype>
            <mh_budgetname>收回以前年度歲出</mh_budgetname>
            <budgetno_conver>1160200901</budgetno_conver>
            <tyear_amt>0.000000</tyear_amt>
            <lyear_amt>0.000000</lyear_amt>
            <byear_amt>1.000000</byear_amt>
            <b_amt>0.000000</b_amt>
            <bc_content>前年度決算數係電子收費系統裝機費用退還款。</bc_content>
        </BCME3410_row>
    </BCME3410>
</tables>
