<?xml version="1.0" encoding="UTF-8"?>
<tables>
    <BCTDMANAMT>
        <BCTDMANAMT_row>
            <bn_fiscalyear>104</bn_fiscalyear>
            <bn_fundkind>1</bn_fundkind>
            <bn_budgetkind>1</bn_budgetkind>
            <bn_specialbudgetno/>
            <bn_agenno>60010</bn_agenno>
            <bn_agentype>C</bn_agentype>
            <bn_budgetstate>2</bn_budgetstate>
            <bn_budgetsource>1</bn_budgetsource>
            <bn_man1>98</bn_man1>
            <bn_man1_l>98</bn_man1_l>
            <bn_man2>0</bn_man2>
            <bn_man2_l>0</bn_man2_l>
            <bn_man3>2</bn_man3>
            <bn_man3_l>2</bn_man3_l>
            <bn_man4>5</bn_man4>
            <bn_man4_l>6</bn_man4_l>
            <bn_man5>0</bn_man5>
            <bn_man5_l>0</bn_man5_l>
            <bn_man6>0</bn_man6>
            <bn_man6_l>0</bn_man6_l>
            <bn_man7>0</bn_man7>
            <bn_man7_l>0</bn_man7_l>
            <bn_man8>4</bn_man8>
            <bn_man8_l>4</bn_man8_l>
            <bn_man9>5</bn_man9>
            <bn_man9_l>6</bn_man9_l>
            <bn_man10>0</bn_man10>
            <bn_man10_l>0</bn_man10_l>
            <bn_man11>0</bn_man11>
            <bn_man11_l>0</bn_man11_l>
            <bn_amt_man>131184000.00</bn_amt_man>
            <bn_amt_mngbsn>131137000.00</bn_amt_mngbsn>
            <bn_text>環檢所預計以業務費進用臨時人員20人天60千元及勞務承攬12人5,351千元，分述如下：&amp;lt;#H1&amp;gt;一般行政計畫，預計進用勞務承攬6人，經費1,830千元。&#xd;
&amp;lt;#H1&amp;gt;檢驗業務規劃管理計畫，預計進用勞務承攬4人，經費2,521千元。&#xd;
&amp;lt;#H1&amp;gt;環境生物檢定計畫，預計進用臨時人員20人天，經費60千元；勞務承攬2人，經費1,000千元。</bn_text>
            <display_name>72600100100 一般行政</display_name>
        </BCTDMANAMT_row>
    </BCTDMANAMT>
</tables>
