<?xml version="1.0" encoding="UTF-8"?>
<tables>
    <BCTMCAR>
        <BCTMCAR_row>
            <bq_fiscalyear>104</bq_fiscalyear>
            <bq_fundkind>1</bq_fundkind>
            <bq_budgetkind>1</bq_budgetkind>
            <bq_specialbudgetno/>
            <bq_agenno>60020</bq_agenno>
            <bq_agentype>C</bq_agentype>
            <bq_budgetstate>2</bq_budgetstate>
            <bq_budgetno>72600200100</bq_budgetno>
            <bq_objectno>07350100</bq_objectno>
            <bq_carid>3797-KT</bq_carid>
            <bq_persons>4</bq_persons>
            <bq_buydate>94 03</bq_buydate>
            <bq_ventsize>2378</bq_ventsize>
            <bq_oilamt>852</bq_oilamt>
            <bq_oilprice>24.57</bq_oilprice>
            <bq_amt_maintain>51000.00</bq_amt_maintain>
            <bq_amt5>57000.00</bq_amt5>
            <bq_carnum>1</bq_carnum>
            <bq_remark>一般行政(油氣雙燃料車)。</bq_remark>
            <bq_lpgamt>972</bq_lpgamt>
            <bq_lpgprice>16.52</bq_lpgprice>
            <bq_versiondate/>
        </BCTMCAR_row>
        <BCTMCAR_row>
            <bq_fiscalyear>104</bq_fiscalyear>
            <bq_fundkind>1</bq_fundkind>
            <bq_budgetkind>1</bq_budgetkind>
            <bq_specialbudgetno/>
            <bq_agenno>60020</bq_agenno>
            <bq_agentype>C</bq_agentype>
            <bq_budgetstate>2</bq_budgetstate>
            <bq_budgetno>72600201000</bq_budgetno>
            <bq_objectno>07351500</bq_objectno>
            <bq_carid>7E-0540</bq_carid>
            <bq_persons>4</bq_persons>
            <bq_buydate>91 12</bq_buydate>
            <bq_ventsize>2967</bq_ventsize>
            <bq_oilamt>1100</bq_oilamt>
            <bq_oilprice>24.57</bq_oilprice>
            <bq_amt_maintain>44000.00</bq_amt_maintain>
            <bq_amt5>31000.00</bq_amt5>
            <bq_carnum>1</bq_carnum>
            <bq_remark>環境保護人員訓練。</bq_remark>
            <bq_lpgamt>0</bq_lpgamt>
            <bq_lpgprice>0.00</bq_lpgprice>
            <bq_versiondate/>
        </BCTMCAR_row>
    </BCTMCAR>
</tables>
