<?xml version="1.0" encoding="UTF-8"?>
<tables>
    <BCME3470>
        <BCME3470_row>
            <budgetno>00600000000</budgetno>
            <budgetname>環境保護署主管</budgetname>
            <damt1>0.000000</damt1>
            <damt2>0.000000</damt2>
            <damt3>0.000000</damt3>
            <damt4>0.000000</damt4>
            <damt5>605.000000</damt5>
            <damt6>1120.000000</damt6>
            <damt7>185.000000</damt7>
            <damt8>0.000000</damt8>
            <damt9>0.000000</damt9>
            <damt10>1910.000000</damt10>
            <no1>21</no1>
            <no2>00</no2>
            <no3>00</no3>
            <no4>00</no4>
            <budgetno_conver>0060000000</budgetno_conver>
            <b_level>1</b_level>
        </BCME3470_row>
        <BCME3470_row>
            <budgetno>00600200000</budgetno>
            <budgetname>環境保護人員訓練所</budgetname>
            <damt1>0.000000</damt1>
            <damt2>0.000000</damt2>
            <damt3>0.000000</damt3>
            <damt4>0.000000</damt4>
            <damt5>605.000000</damt5>
            <damt6>1120.000000</damt6>
            <damt7>185.000000</damt7>
            <damt8>0.000000</damt8>
            <damt9>0.000000</damt9>
            <damt10>1910.000000</damt10>
            <no1>21</no1>
            <no2>03</no2>
            <no3>00</no3>
            <no4>00</no4>
            <budgetno_conver>0060200000</budgetno_conver>
            <b_level>2</b_level>
        </BCME3470_row>
        <BCME3470_row>
            <budgetno>72600200000</budgetno>
            <budgetname>環境保護支出</budgetname>
            <damt1>0.000000</damt1>
            <damt2>0.000000</damt2>
            <damt3>0.000000</damt3>
            <damt4>0.000000</damt4>
            <damt5>605.000000</damt5>
            <damt6>1120.000000</damt6>
            <damt7>185.000000</damt7>
            <damt8>0.000000</damt8>
            <damt9>0.000000</damt9>
            <damt10>1910.000000</damt10>
            <no1>21</no1>
            <no2/>
            <no3/>
            <no4>00</no4>
            <budgetno_conver>7260200000</budgetno_conver>
            <b_level>2</b_level>
        </BCME3470_row>
        <BCME3470_row>
            <budgetno>72600201000</budgetno>
            <budgetname>環境保護人員訓練</budgetname>
            <damt1>0.000000</damt1>
            <damt2>0.000000</damt2>
            <damt3>0.000000</damt3>
            <damt4>0.000000</damt4>
            <damt5>0.000000</damt5>
            <damt6>1120.000000</damt6>
            <damt7>185.000000</damt7>
            <damt8>0.000000</damt8>
            <damt9>0.000000</damt9>
            <damt10>1305.000000</damt10>
            <no1>21</no1>
            <no2>03</no2>
            <no3>02</no3>
            <no4>00</no4>
            <budgetno_conver>7260201000</budgetno_conver>
            <b_level>3</b_level>
        </BCME3470_row>
        <BCME3470_row>
            <budgetno>72600209000</budgetno>
            <budgetname>一般建築及設備</budgetname>
            <damt1>0.000000</damt1>
            <damt2>0.000000</damt2>
            <damt3>0.000000</damt3>
            <damt4>0.000000</damt4>
            <damt5>605.000000</damt5>
            <damt6>0.000000</damt6>
            <damt7>0.000000</damt7>
            <damt8>0.000000</damt8>
            <damt9>0.000000</damt9>
            <damt10>605.000000</damt10>
            <no1>21</no1>
            <no2>03</no2>
            <no3>03</no3>
            <no4>00</no4>
            <budgetno_conver>7260209000</budgetno_conver>
            <b_level>3</b_level>
        </BCME3470_row>
        <BCME3470_row>
            <budgetno>72600209011</budgetno>
            <budgetname>交通及運輸設備</budgetname>
            <damt1>0.000000</damt1>
            <damt2>0.000000</damt2>
            <damt3>0.000000</damt3>
            <damt4>0.000000</damt4>
            <damt5>605.000000</damt5>
            <damt6>0.000000</damt6>
            <damt7>0.000000</damt7>
            <damt8>0.000000</damt8>
            <damt9>0.000000</damt9>
            <damt10>605.000000</damt10>
            <no1>21</no1>
            <no2>03</no2>
            <no3>03</no3>
            <no4>01</no4>
            <budgetno_conver>7260209011</budgetno_conver>
            <b_level>4</b_level>
        </BCME3470_row>
    </BCME3470>
</tables>
