<?xml version="1.0" encoding="UTF-8"?>
<tables>
    <BCME3420>
        <BCME3420_row>
            <budgetno/>
            <agenno/>
            <agentype/>
            <mh_budgetname>合    計</mh_budgetname>
            <displayname>合    計</displayname>
            <budgetno_conver/>
            <tyear_amt>3868847000.00</tyear_amt>
            <lyear_amt>4127417000.00</lyear_amt>
            <byear_amt>4080612840.00</byear_amt>
            <b_amt>-258570000.00</b_amt>
            <bc_content/>
            <memo/>
        </BCME3420_row>
        <BCME3420_row>
            <budgetno>00600000000</budgetno>
            <agenno>60001</agenno>
            <agentype>B</agentype>
            <mh_budgetname>環境保護署主管</mh_budgetname>
            <displayname>環境保護署主管</displayname>
            <budgetno_conver>0060000000</budgetno_conver>
            <tyear_amt>3868847000.000000</tyear_amt>
            <lyear_amt>4127417000.000000</lyear_amt>
            <byear_amt>4080612840.000000</byear_amt>
            <b_amt>-258570000.000000</b_amt>
            <bc_content/>
        </BCME3420_row>
        <BCME3420_row>
            <budgetno>00600010000</budgetno>
            <agenno>60001</agenno>
            <agentype>B</agentype>
            <mh_budgetname>環境保護署</mh_budgetname>
            <displayname>環境保護署</displayname>
            <budgetno_conver>0060010000</budgetno_conver>
            <tyear_amt>3868847000.000000</tyear_amt>
            <lyear_amt>4127417000.000000</lyear_amt>
            <byear_amt>4080612840.000000</byear_amt>
            <b_amt>-258570000.000000</b_amt>
            <bc_content/>
        </BCME3420_row>
        <BCME3420_row>
            <budgetno>52600010000</budgetno>
            <agenno>60001</agenno>
            <agentype>B</agentype>
            <mh_budgetname>科學支出</mh_budgetname>
            <displayname>科學支出</displayname>
            <budgetno_conver>5260010000</budgetno_conver>
            <tyear_amt>47345000.000000</tyear_amt>
            <lyear_amt>39028000.000000</lyear_amt>
            <byear_amt>40389074.000000</byear_amt>
            <b_amt>8317000.000000</b_amt>
            <bc_content/>
        </BCME3420_row>
        <BCME3420_row>
            <budgetno>52600011700</budgetno>
            <agenno>60001</agenno>
            <agentype>B</agentype>
            <mh_budgetname>科技發展</mh_budgetname>
            <displayname>科技發展</displayname>
            <budgetno_conver>5260011700</budgetno_conver>
            <tyear_amt>47345000.000000</tyear_amt>
            <lyear_amt>39028000.000000</lyear_amt>
            <byear_amt>40389074.000000</byear_amt>
            <b_amt>8317000.000000</b_amt>
            <bc_content>本年度預算數47,345千元，係委託與補助辦理環境科學及技術之研究經費，較上年度增列大氣細懸浮微粒及其組成特徵之時間空間分布量測技術開發與應用等經費8,317千元。</bc_content>
        </BCME3420_row>
        <BCME3420_row>
            <budgetno>72600010000</budgetno>
            <agenno>60001</agenno>
            <agentype>B</agentype>
            <mh_budgetname>環境保護支出</mh_budgetname>
            <displayname>環境保護支出</displayname>
            <budgetno_conver>7260010000</budgetno_conver>
            <tyear_amt>3821502000.000000</tyear_amt>
            <lyear_amt>4088389000.000000</lyear_amt>
            <byear_amt>4040223766.000000</byear_amt>
            <b_amt>-266887000.000000</b_amt>
            <bc_content/>
        </BCME3420_row>
        <BCME3420_row>
            <budgetno>72600010100</budgetno>
            <agenno>60001</agenno>
            <agentype>B</agentype>
            <mh_budgetname>一般行政</mh_budgetname>
            <displayname>一般行政</displayname>
            <budgetno_conver>7260010100</budgetno_conver>
            <tyear_amt>551620000.000000</tyear_amt>
            <lyear_amt>551667000.000000</lyear_amt>
            <byear_amt>519513017.000000</byear_amt>
            <b_amt>-47000.000000</b_amt>
            <bc_content>&lt;#H1&gt;本年度預算數551,620千元，包括人事費518,253千元，業務費32,036千元，設備及投資791千元，獎補助費540千元。&lt;#H1&gt;本年度預算數之內容與上年度之比較如下：&lt;#H2&gt;人員維持費518,133千元，與上年度同。&lt;#H2&gt;基本行政工作維持費30,649千元，較上年度增列大樓清潔管理及辦理行政事務工作等經費437千元。&lt;#H2&gt;車輛管理經費580千元，較上年度減列公務車輛油料、稅捐、規費及保險等經費484千元。&lt;#H2&gt;統計業務經費2,258千元，與上年度同。</bc_content>
        </BCME3420_row>
        <BCME3420_row>
            <budgetno>72600011000</budgetno>
            <agenno>60001</agenno>
            <agentype>B</agentype>
            <mh_budgetname>綜合計畫</mh_budgetname>
            <displayname>綜合計畫</displayname>
            <budgetno_conver>7260011000</budgetno_conver>
            <tyear_amt>1967306000.000000</tyear_amt>
            <lyear_amt>2197289000.000000</lyear_amt>
            <byear_amt>1855988792.000000</byear_amt>
            <b_amt>-229983000.000000</b_amt>
            <bc_content/>
        </BCME3420_row>
        <BCME3420_row>
            <budgetno>72600011020</budgetno>
            <agenno>60001</agenno>
            <agentype>B</agentype>
            <mh_budgetname>綜合企劃</mh_budgetname>
            <displayname>綜合企劃</displayname>
            <budgetno_conver>7260011020</budgetno_conver>
            <tyear_amt>76009000.000000</tyear_amt>
            <lyear_amt>88573000.000000</lyear_amt>
            <byear_amt>87228026.000000</byear_amt>
            <b_amt>-12564000.000000</b_amt>
            <bc_content>&lt;#H1&gt;本年度預算數76,009千元，包括業務費68,879千元，設備及投資30千元，獎補助費7,100千元。&lt;#H1&gt;本年度預算數之內容與上年度之比較如下：&lt;#H2&gt;綜合策劃環境保護計畫經費21,906千元，較上年度減列辦理國際環保資訊蒐集及國際環保趨勢分析等經費4,410千元。&lt;#H2&gt;環境管理經費24,921千元，較上年度減列辦理社區環境管理之規劃、執行及技術輔導等經費5,041千元。&lt;#H2&gt;環境影響評估經費29,182千元，較上年度減列辦理環境影響評估書件審查等經費3,113千元。</bc_content>
        </BCME3420_row>
        <BCME3420_row>
            <budgetno>72600011023</budgetno>
            <agenno>60001</agenno>
            <agentype>B</agentype>
            <mh_budgetname>加強基層環保建設</mh_budgetname>
            <displayname>加強基層環保建設</displayname>
            <budgetno_conver>7260011023</budgetno_conver>
            <tyear_amt>1891297000.000000</tyear_amt>
            <lyear_amt>2108716000.000000</lyear_amt>
            <byear_amt>1768760766.000000</byear_amt>
            <b_amt>-217419000.000000</b_amt>
            <bc_content>&lt;#H1&gt;本年度預算數1,891,297千元，均為獎補助費。&lt;#H1&gt;本年度預算數之內容與上年度之比較如下：&lt;#H2&gt;水污染防治及流域整體性環境保護經費382,162千元，較上年度增列5,007千元，包括：&lt;#H3&gt;水體環境水質改善及經營管理計畫總經費5,693,920千元，分6年辦理，101至103年度已編列1,451,241千元，本年度續編第4年經費369,562千元，較上年度增列辦理河川流域污染整治工作等經費5,007千元。&lt;#H3&gt;國家重要濕地保育計畫總經費75,600千元，分6年辦理，100至103年度已編列35,000千元，本年度續編第5年經費12,600千元，與上年度同。&lt;#H2&gt;垃圾全分類零廢棄及廢棄物緊急應變計畫經費1,327,383千元，較上年度增列39,085千元，包括：&lt;#H3&gt;垃圾區域調度緊急清理等經費72,000千元，較上年度減列8,000千元。&lt;#H3&gt;資源永續循環利用推動計畫總經費4,017,700千元，分5年辦理，102及103年度已編列543,300千元，本年度續編第3年經費379,483千元，較上年度增列補助地方政府更新垃圾清運車輛並優先鼓勵換購低碳垃圾車等經費15,254千元。&lt;#H3&gt;鼓勵公民營機構興建營運垃圾焚化廠推動計畫總經費25,823,416千元，分年辦理，以前年度已編列13,484,665千元，本年度續編875,900千元，較上年度增列31,831千元。&lt;#H2&gt;新增營造友善城鄉環境計畫181,752千元。&lt;#H2&gt;上年度營造永續優質環境衛生計畫預算業已編竣，所列443,263千元如數減列。</bc_content>
        </BCME3420_row>
        <BCME3420_row>
            <budgetno>72600011100</budgetno>
            <agenno>60001</agenno>
            <agentype>B</agentype>
            <mh_budgetname>空氣品質保護及噪音管制</mh_budgetname>
            <displayname>空氣品質保護及噪音管制</displayname>
            <budgetno_conver>7260011100</budgetno_conver>
            <tyear_amt>49351000.000000</tyear_amt>
            <lyear_amt>24878000.000000</lyear_amt>
            <byear_amt>24366191.000000</byear_amt>
            <b_amt>24473000.000000</b_amt>
            <bc_content>&lt;#H1&gt;本年度預算數49,351千元，包括業務費19,873千元，設備及投資29,318千元，獎補助費160千元。&lt;#H1&gt;本年度預算數之內容與上年度之比較如下：&lt;#H2&gt;空氣品質管理策略規劃及推動經費432千元，較上年度減列研析空氣品質現況及污染成因等經費315千元。&lt;#H2&gt;固定空氣污染源管制經費1,840千元，與上年度同。&lt;#H2&gt;交通工具空氣污染防制經費55千元，與上年度同。&lt;#H2&gt;全球大氣品質保護經費2,350千元，較上年度減列推動我國溫室氣體減量政策等經費812千元。&lt;#H2&gt;噪音、振動及非屬原子能游離輻射管制經費44,674千元，較上年度增列購置噪音監測儀器及建構噪音監測網等經費25,600千元。</bc_content>
        </BCME3420_row>
        <BCME3420_row>
            <budgetno>72600011200</budgetno>
            <agenno>60001</agenno>
            <agentype>B</agentype>
            <mh_budgetname>水質保護</mh_budgetname>
            <displayname>水質保護</displayname>
            <budgetno_conver>7260011200</budgetno_conver>
            <tyear_amt>108296000.000000</tyear_amt>
            <lyear_amt>130654000.000000</lyear_amt>
            <byear_amt>120635547.000000</byear_amt>
            <b_amt>-22358000.000000</b_amt>
            <bc_content>&lt;#H1&gt;本年度預算數108,296千元，包括業務費102,696千元，獎補助費5,600千元。&lt;#H1&gt;本年度預算數之內容與上年度之比較如下：&lt;#H2&gt;水質保護政策及水體品質規劃管理經費1,612千元，較上年度減列辦理水污染防治政策之檢討、研商等經費403千元。&lt;#H2&gt;土壤及地下水污染法規檢討及預防經費5,600千元，較上年度減列配合污染場址整治影響所需停耕（養）之補償經費16,400千元。&lt;#H2&gt;湖泊水庫及河川污染防治經費44,505千元，較上年度增列辦理重要河川污染整治生態效益調查等經費693千元。&lt;#H2&gt;事業廢水行政管制及經濟誘因管理經費20,824千元，較上年度減列辦理事業廢水管理等經費973千元。&lt;#H2&gt;工業區下水道及生活污水管制經費7,973千元，較上年度減列辦理工業區自動監測與連線傳輸系統維護及輔導等經費427千元。&lt;#H2&gt;海域污染防治規劃管理及海洋放流管制經費27,782千元，較上年度減列辦理海洋污染源許可管理及內容查核等經費4,848千元。</bc_content>
        </BCME3420_row>
        <BCME3420_row>
            <budgetno>72600011300</budgetno>
            <agenno>60001</agenno>
            <agentype>B</agentype>
            <mh_budgetname>廢棄物管理</mh_budgetname>
            <displayname>廢棄物管理</displayname>
            <budgetno_conver>7260011300</budgetno_conver>
            <tyear_amt>141617000.000000</tyear_amt>
            <lyear_amt>148449000.000000</lyear_amt>
            <byear_amt>197512119.000000</byear_amt>
            <b_amt>-6832000.000000</b_amt>
            <bc_content>&lt;#H1&gt;本年度預算數141,617千元，包括業務費141,577千元，設備及投資40千元。&lt;#H1&gt;本年度預算數之內容與上年度之比較如下：&lt;#H2&gt;一般廢棄物管理及全分類零廢棄經費11,700千元，較上年度減列推動一般廢棄物源頭管理政策等經費3,030千元。&lt;#H2&gt;事業廢棄物管理經費72,139千元，較上年度減列辦理電子化管理與服務功能提升及系統整合等經費5,596千元。&lt;#H2&gt;資源循環再利用經費57,778千元，較上年度增列辦理減量管理措施之法令訂定等經費1,794千元。</bc_content>
        </BCME3420_row>
        <BCME3420_row>
            <budgetno>72600011400</budgetno>
            <agenno>60001</agenno>
            <agentype>B</agentype>
            <mh_budgetname>環境衛生及毒物管理</mh_budgetname>
            <displayname>環境衛生及毒物管理</displayname>
            <budgetno_conver>7260011400</budgetno_conver>
            <tyear_amt>322174000.000000</tyear_amt>
            <lyear_amt>351436000.000000</lyear_amt>
            <byear_amt>656186825.000000</byear_amt>
            <b_amt>-29262000.000000</b_amt>
            <bc_content>&lt;#H1&gt;本年度預算數322,174千元，包括業務費263,174千元，設備及投資59,000千元。&lt;#H1&gt;本年度預算數之內容與上年度之比較如下：&lt;#H2&gt;公共環境衛生管理經費35,571千元，較上年度減列辦理清淨家園顧厝邊綠色生活網建置及維護環保示範區推廣活動等經費26,514千元。&lt;#H2&gt;執行環境用藥管理經費3,590千元，較上年度增列檢討修訂環境用藥管理法相關子法等經費150千元。&lt;#H2&gt;毒性化學物質運作管理經費69,731千元，較上年度減列辦理毒性化學物質公告列管檢討評估作業等經費146千元。&lt;#H2&gt;毒性化學物質災害防救體系經費202,341千元，較上年度減列7,892千元，包括:&lt;#H3&gt;辦理全國性毒性化學物質災害防救應變等經費7,568千元，較上年度減列維護毒性化學物質災害防救相關系統等經費418千元。&lt;#H3&gt;建構寧適家園計畫總經費3,089,000千元，分5年辦理，103年度已編列257,936千元，本年度續編第2年經費194,773千元，較上年度減列購置環境污染檢測設備等經費7,474千元。&lt;#H2&gt;飲用水管理經費10,941千元，較上年度增列辦理飲用水管理條例相關法規之研修訂作業等經費5,140千元。</bc_content>
        </BCME3420_row>
        <BCME3420_row>
            <budgetno>72600011500</budgetno>
            <agenno>60001</agenno>
            <agentype>B</agentype>
            <mh_budgetname>管制考核及糾紛處理</mh_budgetname>
            <displayname>管制考核及糾紛處理</displayname>
            <budgetno_conver>7260011500</budgetno_conver>
            <tyear_amt>32063000.000000</tyear_amt>
            <lyear_amt>49341000.000000</lyear_amt>
            <byear_amt>58189736.000000</byear_amt>
            <b_amt>-17278000.000000</b_amt>
            <bc_content>&lt;#H1&gt;本年度預算數32,063千元，均為業務費。&lt;#H1&gt;本年度預算數之內容與上年度之比較如下：&lt;#H2&gt;重要施政計畫追蹤管制考核經費2,455千元，較上年度增列研析管制考核業務整合及精進機制等經費321千元。&lt;#H2&gt;推動環保標章及第二類環境保護產品計畫經費15,284千元，較上年度減列辦理我國碳足跡資訊揭露服務專案工作計畫等經費15,564千元。&lt;#H2&gt;污染管制調查及環境工程技師簽證經費8,308千元，較上年度減列辦理環境工程管理及環境工程技師簽證案件查核等經費716千元。&lt;#H2&gt;公害糾紛處理與鑑定經費5,007千元，較上年度減列協助各地方政府加強重大公害糾紛、紓處業務之推展及公害蒐證調查技術等經費1,319千元。&lt;#H2&gt;公害糾紛損害賠償事件之責任裁決經費1,009千元，與上年度同。</bc_content>
        </BCME3420_row>
        <BCME3420_row>
            <budgetno>72600011600</budgetno>
            <agenno>60001</agenno>
            <agentype>B</agentype>
            <mh_budgetname>環境監測資訊</mh_budgetname>
            <displayname>環境監測資訊</displayname>
            <budgetno_conver>7260011600</budgetno_conver>
            <tyear_amt>198726000.000000</tyear_amt>
            <lyear_amt>183169000.000000</lyear_amt>
            <byear_amt>176312489.000000</byear_amt>
            <b_amt>15557000.000000</b_amt>
            <bc_content>&lt;#H1&gt;本年度預算數198,726千元，包括業務費131,701千元，設備及投資67,025千元。&lt;#H1&gt;本年度預算數之內容與上年度之比較如下：&lt;#H2&gt;環境監測規劃管理與品質保證經費61,547千元，較上年度增列辦理加強水質異常通報及機動採樣監測等經費3,249千元。&lt;#H2&gt;空氣品質監測規劃與網站管理經費34,918千元，較上年度增列開發增進空氣品質監測資料收集及分析系統服務等經費1,162千元。&lt;#H2&gt;規劃設計環境保護資訊系統經費72,796千元，較上年度增列辦理內部資源整合系統開發與維護等經費6,046千元。&lt;#H2&gt;操作及維護環境保護資訊系統經費29,465千元，較上年度增列辦理行政、公文、網站資訊共用系統維運及功能提升等經費5,100千元。</bc_content>
        </BCME3420_row>
        <BCME3420_row>
            <budgetno>72600018800</budgetno>
            <agenno>60001</agenno>
            <agentype>B</agentype>
            <mh_budgetname>區域環境管理</mh_budgetname>
            <displayname>區域環境管理</displayname>
            <budgetno_conver>7260018800</budgetno_conver>
            <tyear_amt>446349000.000000</tyear_amt>
            <lyear_amt>443756000.000000</lyear_amt>
            <byear_amt>431519050.000000</byear_amt>
            <b_amt>2593000.000000</b_amt>
            <bc_content>&lt;#H1&gt;本年度預算數446,349千元，包括人事費328,838千元，業務費112,765千元，設備及投資2,570千元，獎補助費2,176千元。&lt;#H1&gt;本年度預算數之內容與上年度之比較如下：&lt;#H2&gt;人員維持費328,468千元，與上年度同。&lt;#H2&gt;推動環境執法及策略經費7,342千元，較上年度增列辦理國內環境執法專業訓練及國際環境執法研討會等經費2,162千元。&lt;#H2&gt;推動區域環境保護工作經費65,453千元，較上年度減列辦理垃圾焚化廠經營管理及查核評鑑相關工作等經費2,885千元。&lt;#H2&gt;執行環保稽查督察管制工作經費45,086千元，較上年度增列執行重大污染源抽復查工作所需之樣品委託檢驗及耗材購置等經費3,316千元。</bc_content>
        </BCME3420_row>
        <BCME3420_row>
            <budgetno>72600019000</budgetno>
            <agenno>60001</agenno>
            <agentype>B</agentype>
            <mh_budgetname>一般建築及設備</mh_budgetname>
            <displayname>一般建築及設備</displayname>
            <budgetno_conver>7260019000</budgetno_conver>
            <tyear_amt>0.000000</tyear_amt>
            <lyear_amt>3750000.000000</lyear_amt>
            <byear_amt>0.000000</byear_amt>
            <b_amt>-3750000.000000</b_amt>
            <bc_content/>
        </BCME3420_row>
        <BCME3420_row>
            <budgetno>72600019011</budgetno>
            <agenno>60001</agenno>
            <agentype>B</agentype>
            <mh_budgetname>交通及運輸設備</mh_budgetname>
            <displayname>交通及運輸設備</displayname>
            <budgetno_conver>7260019011</budgetno_conver>
            <tyear_amt>0.000000</tyear_amt>
            <lyear_amt>3750000.000000</lyear_amt>
            <byear_amt>0.000000</byear_amt>
            <b_amt>-3750000.000000</b_amt>
            <bc_content>上年度汰換首長專用車1輛及副首長專用車2輛預算業已編竣，所列3,750千元如數減列。</bc_content>
        </BCME3420_row>
        <BCME3420_row>
            <budgetno>72600019800</budgetno>
            <agenno>60001</agenno>
            <agentype>B</agentype>
            <mh_budgetname>第一預備金</mh_budgetname>
            <displayname>第一預備金</displayname>
            <budgetno_conver>7260019800</budgetno_conver>
            <tyear_amt>4000000.000000</tyear_amt>
            <lyear_amt>4000000.000000</lyear_amt>
            <byear_amt>0.000000</byear_amt>
            <b_amt>0.000000</b_amt>
            <bc_content>仍照上年度預算數編列。</bc_content>
        </BCME3420_row>
    </BCME3420>
</tables>
