<?xml version="1.0" encoding="UTF-8"?>
<tables>
    <BCME3450>
        <BCME3450_row>
            <objectNo>合計</objectNo>
            <budgetno_7260100100>141730.00</budgetno_7260100100>
            <budgetno_5260101100>12580.00</budgetno_5260101100>
            <budgetno_7260101020>88422.00</budgetno_7260101020>
            <budgetno_7260101021>3763.00</budgetno_7260101021>
            <budgetno_7260101022>3993.00</budgetno_7260101022>
            <budgetno_7260101023>9793.00</budgetno_7260101023>
            <budgetno_7260101024>9798.00</budgetno_7260101024>
            <budgetno_7260109800>200.00</budgetno_7260109800>
            <total>270279.00</total>
        </BCME3450_row>
        <BCME3450_row>
            <objectNo>0100 人事費</objectNo>
            <budgetno_7260100100>136388.00</budgetno_7260100100>
            <budgetno_5260101100/>
            <budgetno_7260101020/>
            <budgetno_7260101021/>
            <budgetno_7260101022/>
            <budgetno_7260101023/>
            <budgetno_7260101024/>
            <budgetno_7260109800/>
            <total>136388.00</total>
        </BCME3450_row>
        <BCME3450_row>
            <objectNo>  0103 法定編制人員待遇</objectNo>
            <budgetno_7260100100>85777.00</budgetno_7260100100>
            <budgetno_5260101100/>
            <budgetno_7260101020/>
            <budgetno_7260101021/>
            <budgetno_7260101022/>
            <budgetno_7260101023/>
            <budgetno_7260101024/>
            <budgetno_7260109800/>
            <total>85777.00</total>
        </BCME3450_row>
        <BCME3450_row>
            <objectNo>  0105 技工及工友待遇</objectNo>
            <budgetno_7260100100>4689.00</budgetno_7260100100>
            <budgetno_5260101100/>
            <budgetno_7260101020/>
            <budgetno_7260101021/>
            <budgetno_7260101022/>
            <budgetno_7260101023/>
            <budgetno_7260101024/>
            <budgetno_7260109800/>
            <total>4689.00</total>
        </BCME3450_row>
        <BCME3450_row>
            <objectNo>  0111 獎金</objectNo>
            <budgetno_7260100100>21722.00</budgetno_7260100100>
            <budgetno_5260101100/>
            <budgetno_7260101020/>
            <budgetno_7260101021/>
            <budgetno_7260101022/>
            <budgetno_7260101023/>
            <budgetno_7260101024/>
            <budgetno_7260109800/>
            <total>21722.00</total>
        </BCME3450_row>
        <BCME3450_row>
            <objectNo>  0121 其他給與</objectNo>
            <budgetno_7260100100>1942.00</budgetno_7260100100>
            <budgetno_5260101100/>
            <budgetno_7260101020/>
            <budgetno_7260101021/>
            <budgetno_7260101022/>
            <budgetno_7260101023/>
            <budgetno_7260101024/>
            <budgetno_7260109800/>
            <total>1942.00</total>
        </BCME3450_row>
        <BCME3450_row>
            <objectNo>  0131 加班值班費</objectNo>
            <budgetno_7260100100>5164.00</budgetno_7260100100>
            <budgetno_5260101100/>
            <budgetno_7260101020/>
            <budgetno_7260101021/>
            <budgetno_7260101022/>
            <budgetno_7260101023/>
            <budgetno_7260101024/>
            <budgetno_7260109800/>
            <total>5164.00</total>
        </BCME3450_row>
        <BCME3450_row>
            <objectNo>  0143 退休離職儲金</objectNo>
            <budgetno_7260100100>7901.00</budgetno_7260100100>
            <budgetno_5260101100/>
            <budgetno_7260101020/>
            <budgetno_7260101021/>
            <budgetno_7260101022/>
            <budgetno_7260101023/>
            <budgetno_7260101024/>
            <budgetno_7260109800/>
            <total>7901.00</total>
        </BCME3450_row>
        <BCME3450_row>
            <objectNo>  0151 保險</objectNo>
            <budgetno_7260100100>9193.00</budgetno_7260100100>
            <budgetno_5260101100/>
            <budgetno_7260101020/>
            <budgetno_7260101021/>
            <budgetno_7260101022/>
            <budgetno_7260101023/>
            <budgetno_7260101024/>
            <budgetno_7260109800/>
            <total>9193.00</total>
        </BCME3450_row>
        <BCME3450_row>
            <objectNo>0200 業務費</objectNo>
            <budgetno_7260100100>5038.00</budgetno_7260100100>
            <budgetno_5260101100>12580.00</budgetno_5260101100>
            <budgetno_7260101020>22673.00</budgetno_7260101020>
            <budgetno_7260101021>3563.00</budgetno_7260101021>
            <budgetno_7260101022>3793.00</budgetno_7260101022>
            <budgetno_7260101023>9293.00</budgetno_7260101023>
            <budgetno_7260101024>9498.00</budgetno_7260101024>
            <budgetno_7260109800/>
            <total>66438.00</total>
        </BCME3450_row>
        <BCME3450_row>
            <objectNo>  0201 教育訓練費</objectNo>
            <budgetno_7260100100>147.00</budgetno_7260100100>
            <budgetno_5260101100/>
            <budgetno_7260101020>42.00</budgetno_7260101020>
            <budgetno_7260101021>50.00</budgetno_7260101021>
            <budgetno_7260101022/>
            <budgetno_7260101023/>
            <budgetno_7260101024>10.00</budgetno_7260101024>
            <budgetno_7260109800/>
            <total>249.00</total>
        </BCME3450_row>
        <BCME3450_row>
            <objectNo>  0202 水電費</objectNo>
            <budgetno_7260100100>190.00</budgetno_7260100100>
            <budgetno_5260101100/>
            <budgetno_7260101020>623.00</budgetno_7260101020>
            <budgetno_7260101021>914.00</budgetno_7260101021>
            <budgetno_7260101022>1800.00</budgetno_7260101022>
            <budgetno_7260101023>2029.00</budgetno_7260101023>
            <budgetno_7260101024>1431.00</budgetno_7260101024>
            <budgetno_7260109800/>
            <total>6987.00</total>
        </BCME3450_row>
        <BCME3450_row>
            <objectNo>  0203 通訊費</objectNo>
            <budgetno_7260100100>86.00</budgetno_7260100100>
            <budgetno_5260101100/>
            <budgetno_7260101020>906.00</budgetno_7260101020>
            <budgetno_7260101021>150.00</budgetno_7260101021>
            <budgetno_7260101022/>
            <budgetno_7260101023>50.00</budgetno_7260101023>
            <budgetno_7260101024>536.00</budgetno_7260101024>
            <budgetno_7260109800/>
            <total>1728.00</total>
        </BCME3450_row>
        <BCME3450_row>
            <objectNo>  0215 資訊服務費</objectNo>
            <budgetno_7260100100>240.00</budgetno_7260100100>
            <budgetno_5260101100/>
            <budgetno_7260101020>150.00</budgetno_7260101020>
            <budgetno_7260101021/>
            <budgetno_7260101022/>
            <budgetno_7260101023/>
            <budgetno_7260101024/>
            <budgetno_7260109800/>
            <total>390.00</total>
        </BCME3450_row>
        <BCME3450_row>
            <objectNo>  0219 其他業務租金</objectNo>
            <budgetno_7260100100/>
            <budgetno_5260101100/>
            <budgetno_7260101020>50.00</budgetno_7260101020>
            <budgetno_7260101021/>
            <budgetno_7260101022/>
            <budgetno_7260101023/>
            <budgetno_7260101024/>
            <budgetno_7260109800/>
            <total>50.00</total>
        </BCME3450_row>
        <BCME3450_row>
            <objectNo>  0221 稅捐及規費</objectNo>
            <budgetno_7260100100>22.00</budgetno_7260100100>
            <budgetno_5260101100/>
            <budgetno_7260101020/>
            <budgetno_7260101021>90.00</budgetno_7260101021>
            <budgetno_7260101022/>
            <budgetno_7260101023/>
            <budgetno_7260101024>106.00</budgetno_7260101024>
            <budgetno_7260109800/>
            <total>218.00</total>
        </BCME3450_row>
        <BCME3450_row>
            <objectNo>  0231 保險費</objectNo>
            <budgetno_7260100100>242.00</budgetno_7260100100>
            <budgetno_5260101100/>
            <budgetno_7260101020>66.00</budgetno_7260101020>
            <budgetno_7260101021>78.00</budgetno_7260101021>
            <budgetno_7260101022/>
            <budgetno_7260101023/>
            <budgetno_7260101024>154.00</budgetno_7260101024>
            <budgetno_7260109800/>
            <total>540.00</total>
        </BCME3450_row>
        <BCME3450_row>
            <objectNo>  0249 臨時人員酬金</objectNo>
            <budgetno_7260100100/>
            <budgetno_5260101100/>
            <budgetno_7260101020/>
            <budgetno_7260101021/>
            <budgetno_7260101022/>
            <budgetno_7260101023/>
            <budgetno_7260101024>60.00</budgetno_7260101024>
            <budgetno_7260109800/>
            <total>60.00</total>
        </BCME3450_row>
        <BCME3450_row>
            <objectNo>  0250 按日按件計資酬金</objectNo>
            <budgetno_7260100100>18.00</budgetno_7260100100>
            <budgetno_5260101100/>
            <budgetno_7260101020>1918.00</budgetno_7260101020>
            <budgetno_7260101021>147.00</budgetno_7260101021>
            <budgetno_7260101022>100.00</budgetno_7260101022>
            <budgetno_7260101023>200.00</budgetno_7260101023>
            <budgetno_7260101024>353.00</budgetno_7260101024>
            <budgetno_7260109800/>
            <total>2736.00</total>
        </BCME3450_row>
        <BCME3450_row>
            <objectNo>  0251 委辦費</objectNo>
            <budgetno_7260100100/>
            <budgetno_5260101100>12580.00</budgetno_5260101100>
            <budgetno_7260101020>4900.00</budgetno_7260101020>
            <budgetno_7260101021/>
            <budgetno_7260101022/>
            <budgetno_7260101023/>
            <budgetno_7260101024>1600.00</budgetno_7260101024>
            <budgetno_7260109800/>
            <total>19080.00</total>
        </BCME3450_row>
        <BCME3450_row>
            <objectNo>  0261 國際組織會費</objectNo>
            <budgetno_7260100100/>
            <budgetno_5260101100/>
            <budgetno_7260101020/>
            <budgetno_7260101021/>
            <budgetno_7260101022/>
            <budgetno_7260101023>4.00</budgetno_7260101023>
            <budgetno_7260101024/>
            <budgetno_7260109800/>
            <total>4.00</total>
        </BCME3450_row>
        <BCME3450_row>
            <objectNo>  0262 國內組織會費</objectNo>
            <budgetno_7260100100/>
            <budgetno_5260101100/>
            <budgetno_7260101020>30.00</budgetno_7260101020>
            <budgetno_7260101021/>
            <budgetno_7260101022/>
            <budgetno_7260101023>20.00</budgetno_7260101023>
            <budgetno_7260101024/>
            <budgetno_7260109800/>
            <total>50.00</total>
        </BCME3450_row>
        <BCME3450_row>
            <objectNo>  0271 物品</objectNo>
            <budgetno_7260100100>320.00</budgetno_7260100100>
            <budgetno_5260101100/>
            <budgetno_7260101020>8793.00</budgetno_7260101020>
            <budgetno_7260101021>579.00</budgetno_7260101021>
            <budgetno_7260101022>893.00</budgetno_7260101022>
            <budgetno_7260101023>1876.00</budgetno_7260101023>
            <budgetno_7260101024>2753.00</budgetno_7260101024>
            <budgetno_7260109800/>
            <total>15214.00</total>
        </BCME3450_row>
        <BCME3450_row>
            <objectNo>  0279 一般事務費</objectNo>
            <budgetno_7260100100>1691.00</budgetno_7260100100>
            <budgetno_5260101100/>
            <budgetno_7260101020>457.00</budgetno_7260101020>
            <budgetno_7260101021>39.00</budgetno_7260101021>
            <budgetno_7260101022/>
            <budgetno_7260101023>2080.00</budgetno_7260101023>
            <budgetno_7260101024>1222.00</budgetno_7260101024>
            <budgetno_7260109800/>
            <total>5489.00</total>
        </BCME3450_row>
        <BCME3450_row>
            <objectNo>  0282 房屋建築養護費</objectNo>
            <budgetno_7260100100>111.00</budgetno_7260100100>
            <budgetno_5260101100/>
            <budgetno_7260101020/>
            <budgetno_7260101021/>
            <budgetno_7260101022/>
            <budgetno_7260101023/>
            <budgetno_7260101024/>
            <budgetno_7260109800/>
            <total>111.00</total>
        </BCME3450_row>
        <BCME3450_row>
            <objectNo>  0283 車輛及辦公器具養護費</objectNo>
            <budgetno_7260100100>160.00</budgetno_7260100100>
            <budgetno_5260101100/>
            <budgetno_7260101020/>
            <budgetno_7260101021>164.00</budgetno_7260101021>
            <budgetno_7260101022/>
            <budgetno_7260101023/>
            <budgetno_7260101024>247.00</budgetno_7260101024>
            <budgetno_7260109800/>
            <total>571.00</total>
        </BCME3450_row>
        <BCME3450_row>
            <objectNo>  0284 設施及機械設備養護費</objectNo>
            <budgetno_7260100100>1340.00</budgetno_7260100100>
            <budgetno_5260101100/>
            <budgetno_7260101020>3750.00</budgetno_7260101020>
            <budgetno_7260101021>694.00</budgetno_7260101021>
            <budgetno_7260101022>600.00</budgetno_7260101022>
            <budgetno_7260101023>2324.00</budgetno_7260101023>
            <budgetno_7260101024>376.00</budgetno_7260101024>
            <budgetno_7260109800/>
            <total>9084.00</total>
        </BCME3450_row>
        <BCME3450_row>
            <objectNo>  0291 國內旅費</objectNo>
            <budgetno_7260100100>350.00</budgetno_7260100100>
            <budgetno_5260101100/>
            <budgetno_7260101020>818.00</budgetno_7260101020>
            <budgetno_7260101021>658.00</budgetno_7260101021>
            <budgetno_7260101022>400.00</budgetno_7260101022>
            <budgetno_7260101023>500.00</budgetno_7260101023>
            <budgetno_7260101024>600.00</budgetno_7260101024>
            <budgetno_7260109800/>
            <total>3326.00</total>
        </BCME3450_row>
        <BCME3450_row>
            <objectNo>  0292 大陸地區旅費</objectNo>
            <budgetno_7260100100/>
            <budgetno_5260101100/>
            <budgetno_7260101020>90.00</budgetno_7260101020>
            <budgetno_7260101021/>
            <budgetno_7260101022/>
            <budgetno_7260101023/>
            <budgetno_7260101024/>
            <budgetno_7260109800/>
            <total>90.00</total>
        </BCME3450_row>
        <BCME3450_row>
            <objectNo>  0293 國外旅費</objectNo>
            <budgetno_7260100100/>
            <budgetno_5260101100/>
            <budgetno_7260101020>80.00</budgetno_7260101020>
            <budgetno_7260101021/>
            <budgetno_7260101022/>
            <budgetno_7260101023>210.00</budgetno_7260101023>
            <budgetno_7260101024/>
            <budgetno_7260109800/>
            <total>290.00</total>
        </BCME3450_row>
        <BCME3450_row>
            <objectNo>  0294 運費</objectNo>
            <budgetno_7260100100/>
            <budgetno_5260101100/>
            <budgetno_7260101020/>
            <budgetno_7260101021/>
            <budgetno_7260101022/>
            <budgetno_7260101023/>
            <budgetno_7260101024>50.00</budgetno_7260101024>
            <budgetno_7260109800/>
            <total>50.00</total>
        </BCME3450_row>
        <BCME3450_row>
            <objectNo>  0299 特別費</objectNo>
            <budgetno_7260100100>121.00</budgetno_7260100100>
            <budgetno_5260101100/>
            <budgetno_7260101020/>
            <budgetno_7260101021/>
            <budgetno_7260101022/>
            <budgetno_7260101023/>
            <budgetno_7260101024/>
            <budgetno_7260109800/>
            <total>121.00</total>
        </BCME3450_row>
        <BCME3450_row>
            <objectNo>0300 設備及投資</objectNo>
            <budgetno_7260100100>160.00</budgetno_7260100100>
            <budgetno_5260101100/>
            <budgetno_7260101020>65749.00</budgetno_7260101020>
            <budgetno_7260101021>200.00</budgetno_7260101021>
            <budgetno_7260101022>200.00</budgetno_7260101022>
            <budgetno_7260101023>500.00</budgetno_7260101023>
            <budgetno_7260101024>300.00</budgetno_7260101024>
            <budgetno_7260109800/>
            <total>67109.00</total>
        </BCME3450_row>
        <BCME3450_row>
            <objectNo>  0304 機械設備費</objectNo>
            <budgetno_7260100100/>
            <budgetno_5260101100/>
            <budgetno_7260101020>64339.00</budgetno_7260101020>
            <budgetno_7260101021>200.00</budgetno_7260101021>
            <budgetno_7260101022>200.00</budgetno_7260101022>
            <budgetno_7260101023>500.00</budgetno_7260101023>
            <budgetno_7260101024>300.00</budgetno_7260101024>
            <budgetno_7260109800/>
            <total>65539.00</total>
        </BCME3450_row>
        <BCME3450_row>
            <objectNo>  0306 資訊軟硬體設備費</objectNo>
            <budgetno_7260100100/>
            <budgetno_5260101100/>
            <budgetno_7260101020>1310.00</budgetno_7260101020>
            <budgetno_7260101021/>
            <budgetno_7260101022/>
            <budgetno_7260101023/>
            <budgetno_7260101024/>
            <budgetno_7260109800/>
            <total>1310.00</total>
        </BCME3450_row>
        <BCME3450_row>
            <objectNo>  0319 雜項設備費</objectNo>
            <budgetno_7260100100>160.00</budgetno_7260100100>
            <budgetno_5260101100/>
            <budgetno_7260101020>100.00</budgetno_7260101020>
            <budgetno_7260101021/>
            <budgetno_7260101022/>
            <budgetno_7260101023/>
            <budgetno_7260101024/>
            <budgetno_7260109800/>
            <total>260.00</total>
        </BCME3450_row>
        <BCME3450_row>
            <objectNo>0400 獎補助費</objectNo>
            <budgetno_7260100100>144.00</budgetno_7260100100>
            <budgetno_5260101100/>
            <budgetno_7260101020/>
            <budgetno_7260101021/>
            <budgetno_7260101022/>
            <budgetno_7260101023/>
            <budgetno_7260101024/>
            <budgetno_7260109800/>
            <total>144.00</total>
        </BCME3450_row>
        <BCME3450_row>
            <objectNo>  0475 獎勵及慰問</objectNo>
            <budgetno_7260100100>144.00</budgetno_7260100100>
            <budgetno_5260101100/>
            <budgetno_7260101020/>
            <budgetno_7260101021/>
            <budgetno_7260101022/>
            <budgetno_7260101023/>
            <budgetno_7260101024/>
            <budgetno_7260109800/>
            <total>144.00</total>
        </BCME3450_row>
        <BCME3450_row>
            <objectNo>0900 預備金</objectNo>
            <budgetno_7260100100/>
            <budgetno_5260101100/>
            <budgetno_7260101020/>
            <budgetno_7260101021/>
            <budgetno_7260101022/>
            <budgetno_7260101023/>
            <budgetno_7260101024/>
            <budgetno_7260109800>200.00</budgetno_7260109800>
            <total>200.00</total>
        </BCME3450_row>
        <BCME3450_row>
            <objectNo>  0901 第一預備金</objectNo>
            <budgetno_7260100100/>
            <budgetno_5260101100/>
            <budgetno_7260101020/>
            <budgetno_7260101021/>
            <budgetno_7260101022/>
            <budgetno_7260101023/>
            <budgetno_7260101024/>
            <budgetno_7260109800>200.00</budgetno_7260109800>
            <total>200.00</total>
        </BCME3450_row>
    </BCME3450>
</tables>
