<?xml version="1.0" encoding="UTF-8"?>
<tables>
    <BCME3450>
        <BCME3450_row>
            <objectNo>合計</objectNo>
            <budgetno_3523170100>173514.00</budgetno_3523170100>
            <budgetno_3523174100>11372884.00</budgetno_3523174100>
            <budgetno_5223175000>540.00</budgetno_5223175000>
            <budgetno_3523178700>192100.00</budgetno_3523178700>
            <budgetno_3523179011>7885.00</budgetno_3523179011>
            <budgetno_3523179800>24592.00</budgetno_3523179800>
            <total>11771515.00</total>
        </BCME3450_row>
        <BCME3450_row>
            <objectNo>0100 人事費</objectNo>
            <budgetno_3523170100>148688.00</budgetno_3523170100>
            <budgetno_3523174100>7680053.00</budgetno_3523174100>
            <budgetno_5223175000/>
            <budgetno_3523178700/>
            <budgetno_3523179011/>
            <budgetno_3523179800/>
            <total>7828741.00</total>
        </BCME3450_row>
        <BCME3450_row>
            <objectNo>  0103 法定編制人員待遇</objectNo>
            <budgetno_3523170100>103344.00</budgetno_3523170100>
            <budgetno_3523174100>4766985.00</budgetno_3523174100>
            <budgetno_5223175000/>
            <budgetno_3523178700/>
            <budgetno_3523179011/>
            <budgetno_3523179800/>
            <total>4870329.00</total>
        </BCME3450_row>
        <BCME3450_row>
            <objectNo>  0104 約聘僱人員待遇</objectNo>
            <budgetno_3523170100/>
            <budgetno_3523174100>202577.00</budgetno_3523174100>
            <budgetno_5223175000/>
            <budgetno_3523178700/>
            <budgetno_3523179011/>
            <budgetno_3523179800/>
            <total>202577.00</total>
        </BCME3450_row>
        <BCME3450_row>
            <objectNo>  0105 技工及工友待遇</objectNo>
            <budgetno_3523170100>1544.00</budgetno_3523170100>
            <budgetno_3523174100>154584.00</budgetno_3523174100>
            <budgetno_5223175000/>
            <budgetno_3523178700/>
            <budgetno_3523179011/>
            <budgetno_3523179800/>
            <total>156128.00</total>
        </BCME3450_row>
        <BCME3450_row>
            <objectNo>  0111 獎金</objectNo>
            <budgetno_3523170100>19613.00</budgetno_3523170100>
            <budgetno_3523174100>1003092.00</budgetno_3523174100>
            <budgetno_5223175000/>
            <budgetno_3523178700/>
            <budgetno_3523179011/>
            <budgetno_3523179800/>
            <total>1022705.00</total>
        </BCME3450_row>
        <BCME3450_row>
            <objectNo>  0121 其他給與</objectNo>
            <budgetno_3523170100>1527.00</budgetno_3523170100>
            <budgetno_3523174100>74897.00</budgetno_3523174100>
            <budgetno_5223175000/>
            <budgetno_3523178700/>
            <budgetno_3523179011/>
            <budgetno_3523179800/>
            <total>76424.00</total>
        </BCME3450_row>
        <BCME3450_row>
            <objectNo>  0131 加班值班費</objectNo>
            <budgetno_3523170100>6291.00</budgetno_3523170100>
            <budgetno_3523174100>618490.00</budgetno_3523174100>
            <budgetno_5223175000/>
            <budgetno_3523178700/>
            <budgetno_3523179011/>
            <budgetno_3523179800/>
            <total>624781.00</total>
        </BCME3450_row>
        <BCME3450_row>
            <objectNo>  0142 退休退職給付</objectNo>
            <budgetno_3523170100/>
            <budgetno_3523174100>1111.00</budgetno_3523174100>
            <budgetno_5223175000/>
            <budgetno_3523178700/>
            <budgetno_3523179011/>
            <budgetno_3523179800/>
            <total>1111.00</total>
        </BCME3450_row>
        <BCME3450_row>
            <objectNo>  0143 退休離職儲金</objectNo>
            <budgetno_3523170100>7732.00</budgetno_3523170100>
            <budgetno_3523174100>397887.00</budgetno_3523174100>
            <budgetno_5223175000/>
            <budgetno_3523178700/>
            <budgetno_3523179011/>
            <budgetno_3523179800/>
            <total>405619.00</total>
        </BCME3450_row>
        <BCME3450_row>
            <objectNo>  0151 保險</objectNo>
            <budgetno_3523170100>8637.00</budgetno_3523170100>
            <budgetno_3523174100>460430.00</budgetno_3523174100>
            <budgetno_5223175000/>
            <budgetno_3523178700/>
            <budgetno_3523179011/>
            <budgetno_3523179800/>
            <total>469067.00</total>
        </BCME3450_row>
        <BCME3450_row>
            <objectNo>0200 業務費</objectNo>
            <budgetno_3523170100>21600.00</budgetno_3523170100>
            <budgetno_3523174100>2481350.00</budgetno_3523174100>
            <budgetno_5223175000>540.00</budgetno_5223175000>
            <budgetno_3523178700/>
            <budgetno_3523179011/>
            <budgetno_3523179800/>
            <total>2503490.00</total>
        </BCME3450_row>
        <BCME3450_row>
            <objectNo>  0201 教育訓練費</objectNo>
            <budgetno_3523170100>450.00</budgetno_3523170100>
            <budgetno_3523174100>12199.00</budgetno_3523174100>
            <budgetno_5223175000/>
            <budgetno_3523178700/>
            <budgetno_3523179011/>
            <budgetno_3523179800/>
            <total>12649.00</total>
        </BCME3450_row>
        <BCME3450_row>
            <objectNo>  0202 水電費</objectNo>
            <budgetno_3523170100>3933.00</budgetno_3523170100>
            <budgetno_3523174100>112919.00</budgetno_3523174100>
            <budgetno_5223175000/>
            <budgetno_3523178700/>
            <budgetno_3523179011/>
            <budgetno_3523179800/>
            <total>116852.00</total>
        </BCME3450_row>
        <BCME3450_row>
            <objectNo>  0203 通訊費</objectNo>
            <budgetno_3523170100>1850.00</budgetno_3523170100>
            <budgetno_3523174100>23670.00</budgetno_3523174100>
            <budgetno_5223175000/>
            <budgetno_3523178700/>
            <budgetno_3523179011/>
            <budgetno_3523179800/>
            <total>25520.00</total>
        </BCME3450_row>
        <BCME3450_row>
            <objectNo>  0215 資訊服務費</objectNo>
            <budgetno_3523170100>1488.00</budgetno_3523170100>
            <budgetno_3523174100>12174.00</budgetno_3523174100>
            <budgetno_5223175000/>
            <budgetno_3523178700/>
            <budgetno_3523179011/>
            <budgetno_3523179800/>
            <total>13662.00</total>
        </BCME3450_row>
        <BCME3450_row>
            <objectNo>  0219 其他業務租金</objectNo>
            <budgetno_3523170100>441.00</budgetno_3523170100>
            <budgetno_3523174100>7400.00</budgetno_3523174100>
            <budgetno_5223175000/>
            <budgetno_3523178700/>
            <budgetno_3523179011/>
            <budgetno_3523179800/>
            <total>7841.00</total>
        </BCME3450_row>
        <BCME3450_row>
            <objectNo>  0221 稅捐及規費</objectNo>
            <budgetno_3523170100>100.00</budgetno_3523170100>
            <budgetno_3523174100>3938.00</budgetno_3523174100>
            <budgetno_5223175000/>
            <budgetno_3523178700/>
            <budgetno_3523179011/>
            <budgetno_3523179800/>
            <total>4038.00</total>
        </BCME3450_row>
        <BCME3450_row>
            <objectNo>  0231 保險費</objectNo>
            <budgetno_3523170100>177.00</budgetno_3523170100>
            <budgetno_3523174100>3810.00</budgetno_3523174100>
            <budgetno_5223175000/>
            <budgetno_3523178700/>
            <budgetno_3523179011/>
            <budgetno_3523179800/>
            <total>3987.00</total>
        </BCME3450_row>
        <BCME3450_row>
            <objectNo>  0241 兼職費</objectNo>
            <budgetno_3523170100/>
            <budgetno_3523174100>3810.00</budgetno_3523174100>
            <budgetno_5223175000/>
            <budgetno_3523178700/>
            <budgetno_3523179011/>
            <budgetno_3523179800/>
            <total>3810.00</total>
        </BCME3450_row>
        <BCME3450_row>
            <objectNo>  0250 按日按件計資酬金</objectNo>
            <budgetno_3523170100>100.00</budgetno_3523170100>
            <budgetno_3523174100>51346.00</budgetno_3523174100>
            <budgetno_5223175000>94.00</budgetno_5223175000>
            <budgetno_3523178700/>
            <budgetno_3523179011/>
            <budgetno_3523179800/>
            <total>51540.00</total>
        </BCME3450_row>
        <BCME3450_row>
            <objectNo>  0262 國內組織會費</objectNo>
            <budgetno_3523170100/>
            <budgetno_3523174100>709.00</budgetno_3523174100>
            <budgetno_5223175000/>
            <budgetno_3523178700/>
            <budgetno_3523179011/>
            <budgetno_3523179800/>
            <total>709.00</total>
        </BCME3450_row>
        <BCME3450_row>
            <objectNo>  0271 物品</objectNo>
            <budgetno_3523170100>3272.00</budgetno_3523170100>
            <budgetno_3523174100>146899.00</budgetno_3523174100>
            <budgetno_5223175000>30.00</budgetno_5223175000>
            <budgetno_3523178700/>
            <budgetno_3523179011/>
            <budgetno_3523179800/>
            <total>150201.00</total>
        </BCME3450_row>
        <BCME3450_row>
            <objectNo>  0279 一般事務費</objectNo>
            <budgetno_3523170100>5213.00</budgetno_3523170100>
            <budgetno_3523174100>308381.00</budgetno_3523174100>
            <budgetno_5223175000>404.00</budgetno_5223175000>
            <budgetno_3523178700/>
            <budgetno_3523179011/>
            <budgetno_3523179800/>
            <total>313998.00</total>
        </BCME3450_row>
        <BCME3450_row>
            <objectNo>  0280 給養費</objectNo>
            <budgetno_3523170100/>
            <budgetno_3523174100>1593222.00</budgetno_3523174100>
            <budgetno_5223175000/>
            <budgetno_3523178700/>
            <budgetno_3523179011/>
            <budgetno_3523179800/>
            <total>1593222.00</total>
        </BCME3450_row>
        <BCME3450_row>
            <objectNo>  0282 房屋建築養護費</objectNo>
            <budgetno_3523170100>294.00</budgetno_3523170100>
            <budgetno_3523174100>34987.00</budgetno_3523174100>
            <budgetno_5223175000/>
            <budgetno_3523178700/>
            <budgetno_3523179011/>
            <budgetno_3523179800/>
            <total>35281.00</total>
        </BCME3450_row>
        <BCME3450_row>
            <objectNo>  0283 車輛及辦公器具養護費</objectNo>
            <budgetno_3523170100>226.00</budgetno_3523170100>
            <budgetno_3523174100>18926.00</budgetno_3523174100>
            <budgetno_5223175000/>
            <budgetno_3523178700/>
            <budgetno_3523179011/>
            <budgetno_3523179800/>
            <total>19152.00</total>
        </BCME3450_row>
        <BCME3450_row>
            <objectNo>  0284 設施及機械設備養護費</objectNo>
            <budgetno_3523170100>691.00</budgetno_3523170100>
            <budgetno_3523174100>118005.00</budgetno_3523174100>
            <budgetno_5223175000/>
            <budgetno_3523178700/>
            <budgetno_3523179011/>
            <budgetno_3523179800/>
            <total>118696.00</total>
        </BCME3450_row>
        <BCME3450_row>
            <objectNo>  0291 國內旅費</objectNo>
            <budgetno_3523170100>2958.00</budgetno_3523170100>
            <budgetno_3523174100>20944.00</budgetno_3523174100>
            <budgetno_5223175000>12.00</budgetno_5223175000>
            <budgetno_3523178700/>
            <budgetno_3523179011/>
            <budgetno_3523179800/>
            <total>23914.00</total>
        </BCME3450_row>
        <BCME3450_row>
            <objectNo>  0292 大陸地區旅費</objectNo>
            <budgetno_3523170100/>
            <budgetno_3523174100>768.00</budgetno_3523174100>
            <budgetno_5223175000/>
            <budgetno_3523178700/>
            <budgetno_3523179011/>
            <budgetno_3523179800/>
            <total>768.00</total>
        </BCME3450_row>
        <BCME3450_row>
            <objectNo>  0293 國外旅費</objectNo>
            <budgetno_3523170100/>
            <budgetno_3523174100>200.00</budgetno_3523174100>
            <budgetno_5223175000/>
            <budgetno_3523178700/>
            <budgetno_3523179011/>
            <budgetno_3523179800/>
            <total>200.00</total>
        </BCME3450_row>
        <BCME3450_row>
            <objectNo>  0294 運費</objectNo>
            <budgetno_3523170100>150.00</budgetno_3523170100>
            <budgetno_3523174100>3068.00</budgetno_3523174100>
            <budgetno_5223175000/>
            <budgetno_3523178700/>
            <budgetno_3523179011/>
            <budgetno_3523179800/>
            <total>3218.00</total>
        </BCME3450_row>
        <BCME3450_row>
            <objectNo>  0295 短程車資</objectNo>
            <budgetno_3523170100>100.00</budgetno_3523170100>
            <budgetno_3523174100>170.00</budgetno_3523174100>
            <budgetno_5223175000/>
            <budgetno_3523178700/>
            <budgetno_3523179011/>
            <budgetno_3523179800/>
            <total>270.00</total>
        </BCME3450_row>
        <BCME3450_row>
            <objectNo>  0299 特別費</objectNo>
            <budgetno_3523170100>157.00</budgetno_3523170100>
            <budgetno_3523174100>3805.00</budgetno_3523174100>
            <budgetno_5223175000/>
            <budgetno_3523178700/>
            <budgetno_3523179011/>
            <budgetno_3523179800/>
            <total>3962.00</total>
        </BCME3450_row>
        <BCME3450_row>
            <objectNo>0300 設備及投資</objectNo>
            <budgetno_3523170100>3118.00</budgetno_3523170100>
            <budgetno_3523174100>129746.00</budgetno_3523174100>
            <budgetno_5223175000/>
            <budgetno_3523178700>192100.00</budgetno_3523178700>
            <budgetno_3523179011>7885.00</budgetno_3523179011>
            <budgetno_3523179800/>
            <total>332849.00</total>
        </BCME3450_row>
        <BCME3450_row>
            <objectNo>  0302 房屋建築及設備費</objectNo>
            <budgetno_3523170100/>
            <budgetno_3523174100>19100.00</budgetno_3523174100>
            <budgetno_5223175000/>
            <budgetno_3523178700>192100.00</budgetno_3523178700>
            <budgetno_3523179011/>
            <budgetno_3523179800/>
            <total>211200.00</total>
        </BCME3450_row>
        <BCME3450_row>
            <objectNo>  0304 機械設備費</objectNo>
            <budgetno_3523170100/>
            <budgetno_3523174100>6000.00</budgetno_3523174100>
            <budgetno_5223175000/>
            <budgetno_3523178700/>
            <budgetno_3523179011/>
            <budgetno_3523179800/>
            <total>6000.00</total>
        </BCME3450_row>
        <BCME3450_row>
            <objectNo>  0305 運輸設備費</objectNo>
            <budgetno_3523170100/>
            <budgetno_3523174100/>
            <budgetno_5223175000/>
            <budgetno_3523178700/>
            <budgetno_3523179011>7885.00</budgetno_3523179011>
            <budgetno_3523179800/>
            <total>7885.00</total>
        </BCME3450_row>
        <BCME3450_row>
            <objectNo>  0319 雜項設備費</objectNo>
            <budgetno_3523170100>3118.00</budgetno_3523170100>
            <budgetno_3523174100>104646.00</budgetno_3523174100>
            <budgetno_5223175000/>
            <budgetno_3523178700/>
            <budgetno_3523179011/>
            <budgetno_3523179800/>
            <total>107764.00</total>
        </BCME3450_row>
        <BCME3450_row>
            <objectNo>0400 獎補助費</objectNo>
            <budgetno_3523170100>108.00</budgetno_3523170100>
            <budgetno_3523174100>1081735.00</budgetno_3523174100>
            <budgetno_5223175000/>
            <budgetno_3523178700/>
            <budgetno_3523179011/>
            <budgetno_3523179800/>
            <total>1081843.00</total>
        </BCME3450_row>
        <BCME3450_row>
            <objectNo>  0443 社會保險負擔</objectNo>
            <budgetno_3523170100/>
            <budgetno_3523174100>1070275.00</budgetno_3523174100>
            <budgetno_5223175000/>
            <budgetno_3523178700/>
            <budgetno_3523179011/>
            <budgetno_3523179800/>
            <total>1070275.00</total>
        </BCME3450_row>
        <BCME3450_row>
            <objectNo>  0445 社會福利津貼及濟助</objectNo>
            <budgetno_3523170100/>
            <budgetno_3523174100>93.00</budgetno_3523174100>
            <budgetno_5223175000/>
            <budgetno_3523178700/>
            <budgetno_3523179011/>
            <budgetno_3523179800/>
            <total>93.00</total>
        </BCME3450_row>
        <BCME3450_row>
            <objectNo>  0454 差額補貼</objectNo>
            <budgetno_3523170100/>
            <budgetno_3523174100>432.00</budgetno_3523174100>
            <budgetno_5223175000/>
            <budgetno_3523178700/>
            <budgetno_3523179011/>
            <budgetno_3523179800/>
            <total>432.00</total>
        </BCME3450_row>
        <BCME3450_row>
            <objectNo>  0475 獎勵及慰問</objectNo>
            <budgetno_3523170100>108.00</budgetno_3523170100>
            <budgetno_3523174100>10935.00</budgetno_3523174100>
            <budgetno_5223175000/>
            <budgetno_3523178700/>
            <budgetno_3523179011/>
            <budgetno_3523179800/>
            <total>11043.00</total>
        </BCME3450_row>
        <BCME3450_row>
            <objectNo>0900 預備金</objectNo>
            <budgetno_3523170100/>
            <budgetno_3523174100/>
            <budgetno_5223175000/>
            <budgetno_3523178700/>
            <budgetno_3523179011/>
            <budgetno_3523179800>24592.00</budgetno_3523179800>
            <total>24592.00</total>
        </BCME3450_row>
        <BCME3450_row>
            <objectNo>  0901 第一預備金</objectNo>
            <budgetno_3523170100/>
            <budgetno_3523174100/>
            <budgetno_5223175000/>
            <budgetno_3523178700/>
            <budgetno_3523179011/>
            <budgetno_3523179800>24592.00</budgetno_3523179800>
            <total>24592.00</total>
        </BCME3450_row>
    </BCME3450>
</tables>

