<?xml version="1.0" encoding="UTF-8"?>
<tables>
    <BCME3410>
        <BCME3410_row>
            <budgetno/>
            <agenno/>
            <agentype/>
            <mh_budgetname>合         計</mh_budgetname>
            <budgetno_conver/>
            <tyear_amt>88922.000000</tyear_amt>
            <lyear_amt>96884.000000</lyear_amt>
            <byear_amt>109229.000000</byear_amt>
            <b_amt>-7962.000000</b_amt>
            <bc_content/>
        </BCME3410_row>
        <BCME3410_row>
            <budgetno>04000000000</budgetno>
            <agenno>23017</agenno>
            <agentype>B</agentype>
            <mh_budgetname>罰款及賠償收入</mh_budgetname>
            <budgetno_conver>0400000000</budgetno_conver>
            <tyear_amt>2359.000000</tyear_amt>
            <lyear_amt>3107.000000</lyear_amt>
            <byear_amt>3385.000000</byear_amt>
            <b_amt>-748.000000</b_amt>
            <bc_content/>
        </BCME3410_row>
        <BCME3410_row>
            <budgetno>04230170000</budgetno>
            <agenno>23017</agenno>
            <agentype>B</agentype>
            <mh_budgetname>矯正署及所屬</mh_budgetname>
            <budgetno_conver>0423170000</budgetno_conver>
            <tyear_amt>2359.000000</tyear_amt>
            <lyear_amt>3107.000000</lyear_amt>
            <byear_amt>3385.000000</byear_amt>
            <b_amt>-748.000000</b_amt>
            <bc_content/>
        </BCME3410_row>
        <BCME3410_row>
            <budgetno>04230170200</budgetno>
            <agenno>23017</agenno>
            <agentype>B</agentype>
            <mh_budgetname>沒入及沒收財物</mh_budgetname>
            <budgetno_conver>0423170200</budgetno_conver>
            <tyear_amt>10.000000</tyear_amt>
            <lyear_amt>21.000000</lyear_amt>
            <byear_amt>22.000000</byear_amt>
            <b_amt>-11.000000</b_amt>
            <bc_content/>
        </BCME3410_row>
        <BCME3410_row>
            <budgetno>04230170201</budgetno>
            <agenno>23017</agenno>
            <agentype>B</agentype>
            <mh_budgetname>沒入金</mh_budgetname>
            <budgetno_conver>0423170201</budgetno_conver>
            <tyear_amt>10.000000</tyear_amt>
            <lyear_amt>21.000000</lyear_amt>
            <byear_amt>22.000000</byear_amt>
            <b_amt>-11.000000</b_amt>
            <bc_content>本年度預算數係依監獄行刑法之規定沒入等收入。</bc_content>
        </BCME3410_row>
        <BCME3410_row>
            <budgetno>04230170300</budgetno>
            <agenno>23017</agenno>
            <agentype>B</agentype>
            <mh_budgetname>賠償收入</mh_budgetname>
            <budgetno_conver>0423170300</budgetno_conver>
            <tyear_amt>2349.000000</tyear_amt>
            <lyear_amt>3086.000000</lyear_amt>
            <byear_amt>3363.000000</byear_amt>
            <b_amt>-737.000000</b_amt>
            <bc_content/>
        </BCME3410_row>
        <BCME3410_row>
            <budgetno>04230170301</budgetno>
            <agenno>23017</agenno>
            <agentype>B</agentype>
            <mh_budgetname>一般賠償收入</mh_budgetname>
            <budgetno_conver>0423170301</budgetno_conver>
            <tyear_amt>2349.000000</tyear_amt>
            <lyear_amt>3086.000000</lyear_amt>
            <byear_amt>3363.000000</byear_amt>
            <b_amt>-737.000000</b_amt>
            <bc_content>本年度預算數係廠商違約逾期交貨之賠償收入。</bc_content>
        </BCME3410_row>
        <BCME3410_row>
            <budgetno>05000000000</budgetno>
            <agenno>23017</agenno>
            <agentype>B</agentype>
            <mh_budgetname>規費收入</mh_budgetname>
            <budgetno_conver>0500000000</budgetno_conver>
            <tyear_amt>0.000000</tyear_amt>
            <lyear_amt>0.000000</lyear_amt>
            <byear_amt>11949.000000</byear_amt>
            <b_amt>0.000000</b_amt>
            <bc_content/>
        </BCME3410_row>
        <BCME3410_row>
            <budgetno>05230170000</budgetno>
            <agenno>23017</agenno>
            <agentype>B</agentype>
            <mh_budgetname>矯正署及所屬</mh_budgetname>
            <budgetno_conver>0523170000</budgetno_conver>
            <tyear_amt>0.000000</tyear_amt>
            <lyear_amt>0.000000</lyear_amt>
            <byear_amt>11949.000000</byear_amt>
            <b_amt>0.000000</b_amt>
            <bc_content/>
        </BCME3410_row>
        <BCME3410_row>
            <budgetno>05230170300</budgetno>
            <agenno>23017</agenno>
            <agentype>B</agentype>
            <mh_budgetname>使用規費收入</mh_budgetname>
            <budgetno_conver>0523170300</budgetno_conver>
            <tyear_amt>0.000000</tyear_amt>
            <lyear_amt>0.000000</lyear_amt>
            <byear_amt>11949.000000</byear_amt>
            <b_amt>0.000000</b_amt>
            <bc_content/>
        </BCME3410_row>
        <BCME3410_row>
            <budgetno>05230170305</budgetno>
            <agenno>23017</agenno>
            <agentype>B</agentype>
            <mh_budgetname>資料使用費</mh_budgetname>
            <budgetno_conver>0523170305</budgetno_conver>
            <tyear_amt>0.000000</tyear_amt>
            <lyear_amt>0.000000</lyear_amt>
            <byear_amt>77.000000</byear_amt>
            <b_amt>0.000000</b_amt>
            <bc_content>前年度決算數係出售政府出版品及招標文件等工本費收入。</bc_content>
        </BCME3410_row>
        <BCME3410_row>
            <budgetno>05230170312</budgetno>
            <agenno>23017</agenno>
            <agentype>B</agentype>
            <mh_budgetname>場地設施使用費</mh_budgetname>
            <budgetno_conver>0523170312</budgetno_conver>
            <tyear_amt>0.000000</tyear_amt>
            <lyear_amt>0.000000</lyear_amt>
            <byear_amt>11872.000000</byear_amt>
            <b_amt>0.000000</b_amt>
            <bc_content>前年度決算數係借用宿舍員工自薪資扣回繳庫數及宿舍管理費等收入。</bc_content>
        </BCME3410_row>
        <BCME3410_row>
            <budgetno>07000000000</budgetno>
            <agenno>23017</agenno>
            <agentype>B</agentype>
            <mh_budgetname>財產收入</mh_budgetname>
            <budgetno_conver>0700000000</budgetno_conver>
            <tyear_amt>12591.000000</tyear_amt>
            <lyear_amt>12524.000000</lyear_amt>
            <byear_amt>10045.000000</byear_amt>
            <b_amt>67.000000</b_amt>
            <bc_content/>
        </BCME3410_row>
        <BCME3410_row>
            <budgetno>07230170000</budgetno>
            <agenno>23017</agenno>
            <agentype>B</agentype>
            <mh_budgetname>矯正署及所屬</mh_budgetname>
            <budgetno_conver>0723170000</budgetno_conver>
            <tyear_amt>12591.000000</tyear_amt>
            <lyear_amt>12524.000000</lyear_amt>
            <byear_amt>10045.000000</byear_amt>
            <b_amt>67.000000</b_amt>
            <bc_content/>
        </BCME3410_row>
        <BCME3410_row>
            <budgetno>07230170100</budgetno>
            <agenno>23017</agenno>
            <agentype>B</agentype>
            <mh_budgetname>財產孳息</mh_budgetname>
            <budgetno_conver>0723170100</budgetno_conver>
            <tyear_amt>4247.000000</tyear_amt>
            <lyear_amt>3780.000000</lyear_amt>
            <byear_amt>4362.000000</byear_amt>
            <b_amt>467.000000</b_amt>
            <bc_content/>
        </BCME3410_row>
        <BCME3410_row>
            <budgetno>07230170101</budgetno>
            <agenno>23017</agenno>
            <agentype>B</agentype>
            <mh_budgetname>利息收入</mh_budgetname>
            <budgetno_conver>0723170101</budgetno_conver>
            <tyear_amt>71.000000</tyear_amt>
            <lyear_amt>71.000000</lyear_amt>
            <byear_amt>65.000000</byear_amt>
            <b_amt>0.000000</b_amt>
            <bc_content>本年度預算數係專戶存款之利息收入。</bc_content>
        </BCME3410_row>
        <BCME3410_row>
            <budgetno>07230170106</budgetno>
            <agenno>23017</agenno>
            <agentype>B</agentype>
            <mh_budgetname>租金收入</mh_budgetname>
            <budgetno_conver>0723170106</budgetno_conver>
            <tyear_amt>4176.000000</tyear_amt>
            <lyear_amt>3709.000000</lyear_amt>
            <byear_amt>4297.000000</byear_amt>
            <b_amt>467.000000</b_amt>
            <bc_content>本年度預算數係員工消費合作社場地租金等收入。</bc_content>
        </BCME3410_row>
        <BCME3410_row>
            <budgetno>07230170600</budgetno>
            <agenno>23017</agenno>
            <agentype>B</agentype>
            <mh_budgetname>廢舊物資售價</mh_budgetname>
            <budgetno_conver>0723170600</budgetno_conver>
            <tyear_amt>8344.000000</tyear_amt>
            <lyear_amt>8744.000000</lyear_amt>
            <byear_amt>5684.000000</byear_amt>
            <b_amt>-400.000000</b_amt>
            <bc_content>本年度預算數係出售廢舊物品等收入。</bc_content>
        </BCME3410_row>
        <BCME3410_row>
            <budgetno>11000000000</budgetno>
            <agenno>23017</agenno>
            <agentype>B</agentype>
            <mh_budgetname>其他收入</mh_budgetname>
            <budgetno_conver>1100000000</budgetno_conver>
            <tyear_amt>73972.000000</tyear_amt>
            <lyear_amt>81253.000000</lyear_amt>
            <byear_amt>83850.000000</byear_amt>
            <b_amt>-7281.000000</b_amt>
            <bc_content/>
        </BCME3410_row>
        <BCME3410_row>
            <budgetno>11230170000</budgetno>
            <agenno>23017</agenno>
            <agentype>B</agentype>
            <mh_budgetname>矯正署及所屬</mh_budgetname>
            <budgetno_conver>1123170000</budgetno_conver>
            <tyear_amt>73972.000000</tyear_amt>
            <lyear_amt>81253.000000</lyear_amt>
            <byear_amt>83850.000000</byear_amt>
            <b_amt>-7281.000000</b_amt>
            <bc_content/>
        </BCME3410_row>
        <BCME3410_row>
            <budgetno>11230170900</budgetno>
            <agenno>23017</agenno>
            <agentype>B</agentype>
            <mh_budgetname>雜項收入</mh_budgetname>
            <budgetno_conver>1123170900</budgetno_conver>
            <tyear_amt>73972.000000</tyear_amt>
            <lyear_amt>81253.000000</lyear_amt>
            <byear_amt>83850.000000</byear_amt>
            <b_amt>-7281.000000</b_amt>
            <bc_content/>
        </BCME3410_row>
        <BCME3410_row>
            <budgetno>11230170901</budgetno>
            <agenno>23017</agenno>
            <agentype>B</agentype>
            <mh_budgetname>收回以前年度歲出</mh_budgetname>
            <budgetno_conver>1123170901</budgetno_conver>
            <tyear_amt>0.000000</tyear_amt>
            <lyear_amt>0.000000</lyear_amt>
            <byear_amt>1025.000000</byear_amt>
            <b_amt>0.000000</b_amt>
            <bc_content>前年度決算數主要係出售結存藥品及收回裁判費等繳庫數。</bc_content>
        </BCME3410_row>
        <BCME3410_row>
            <budgetno>11230170909</budgetno>
            <agenno>23017</agenno>
            <agentype>B</agentype>
            <mh_budgetname>其他雜項收入</mh_budgetname>
            <budgetno_conver>1123170909</budgetno_conver>
            <tyear_amt>73972.000000</tyear_amt>
            <lyear_amt>81253.000000</lyear_amt>
            <byear_amt>82824.000000</byear_amt>
            <b_amt>-7281.000000</b_amt>
            <bc_content>本年度預算數係對收容人實施強制戒治或觀察勒戒及借用宿舍員工自薪資扣回繳庫等收入。</bc_content>
        </BCME3410_row>
    </BCME3410>
</tables>

