<?xml version="1.0" encoding="UTF-8"?>
<tables>
    <BCME3470>
        <BCME3470_row>
            <budgetno>00230000000</budgetno>
            <budgetname>法務部主管</budgetname>
            <damt1>0.000000</damt1>
            <damt2>211200.000000</damt2>
            <damt3>0.000000</damt3>
            <damt4>6000.000000</damt4>
            <damt5>7885.000000</damt5>
            <damt6>0.000000</damt6>
            <damt7>107764.000000</damt7>
            <damt8>0.000000</damt8>
            <damt9>0.000000</damt9>
            <damt10>332849.000000</damt10>
            <no1>12</no1>
            <no2>00</no2>
            <no3>00</no3>
            <no4>00</no4>
            <budgetno_conver>0023000000</budgetno_conver>
            <b_level>1</b_level>
        </BCME3470_row>
        <BCME3470_row>
            <budgetno>00230170000</budgetno>
            <budgetname>矯正署及所屬</budgetname>
            <damt1>0.000000</damt1>
            <damt2>211200.000000</damt2>
            <damt3>0.000000</damt3>
            <damt4>6000.000000</damt4>
            <damt5>7885.000000</damt5>
            <damt6>0.000000</damt6>
            <damt7>107764.000000</damt7>
            <damt8>0.000000</damt8>
            <damt9>0.000000</damt9>
            <damt10>332849.000000</damt10>
            <no1>12</no1>
            <no2>05</no2>
            <no3>00</no3>
            <no4>00</no4>
            <budgetno_conver>0023170000</budgetno_conver>
            <b_level>2</b_level>
        </BCME3470_row>
        <BCME3470_row>
            <budgetno>35230170000</budgetno>
            <budgetname>司法支出</budgetname>
            <damt1>0.000000</damt1>
            <damt2>211200.000000</damt2>
            <damt3>0.000000</damt3>
            <damt4>6000.000000</damt4>
            <damt5>7885.000000</damt5>
            <damt6>0.000000</damt6>
            <damt7>107764.000000</damt7>
            <damt8>0.000000</damt8>
            <damt9>0.000000</damt9>
            <damt10>332849.000000</damt10>
            <no1>12</no1>
            <no2/>
            <no3/>
            <no4/>
            <budgetno_conver>3523170000</budgetno_conver>
            <b_level>2</b_level>
        </BCME3470_row>
        <BCME3470_row>
            <budgetno>35230170100</budgetno>
            <budgetname>一般行政</budgetname>
            <damt1>0.000000</damt1>
            <damt2>0.000000</damt2>
            <damt3>0.000000</damt3>
            <damt4>0.000000</damt4>
            <damt5>0.000000</damt5>
            <damt6>0.000000</damt6>
            <damt7>3118.000000</damt7>
            <damt8>0.000000</damt8>
            <damt9>0.000000</damt9>
            <damt10>3118.000000</damt10>
            <no1>12</no1>
            <no2>05</no2>
            <no3>01</no3>
            <no4>00</no4>
            <budgetno_conver>3523170100</budgetno_conver>
            <b_level>3</b_level>
        </BCME3470_row>
        <BCME3470_row>
            <budgetno>35230174100</budgetno>
            <budgetname>矯正業務</budgetname>
            <damt1>0.000000</damt1>
            <damt2>19100.000000</damt2>
            <damt3>0.000000</damt3>
            <damt4>6000.000000</damt4>
            <damt5>0.000000</damt5>
            <damt6>0.000000</damt6>
            <damt7>104646.000000</damt7>
            <damt8>0.000000</damt8>
            <damt9>0.000000</damt9>
            <damt10>129746.000000</damt10>
            <no1>12</no1>
            <no2>05</no2>
            <no3>02</no3>
            <no4>00</no4>
            <budgetno_conver>3523174100</budgetno_conver>
            <b_level>3</b_level>
        </BCME3470_row>
        <BCME3470_row>
            <budgetno>35230178700</budgetno>
            <budgetname>改善監所計畫</budgetname>
            <damt1>0.000000</damt1>
            <damt2>192100.000000</damt2>
            <damt3>0.000000</damt3>
            <damt4>0.000000</damt4>
            <damt5>0.000000</damt5>
            <damt6>0.000000</damt6>
            <damt7>0.000000</damt7>
            <damt8>0.000000</damt8>
            <damt9>0.000000</damt9>
            <damt10>192100.000000</damt10>
            <no1>12</no1>
            <no2>05</no2>
            <no3>03</no3>
            <no4>00</no4>
            <budgetno_conver>3523178700</budgetno_conver>
            <b_level>3</b_level>
        </BCME3470_row>
        <BCME3470_row>
            <budgetno>35230179000</budgetno>
            <budgetname>一般建築及設備</budgetname>
            <damt1>0.000000</damt1>
            <damt2>0.000000</damt2>
            <damt3>0.000000</damt3>
            <damt4>0.000000</damt4>
            <damt5>7885.000000</damt5>
            <damt6>0.000000</damt6>
            <damt7>0.000000</damt7>
            <damt8>0.000000</damt8>
            <damt9>0.000000</damt9>
            <damt10>7885.000000</damt10>
            <no1>12</no1>
            <no2>05</no2>
            <no3>04</no3>
            <no4>00</no4>
            <budgetno_conver>3523179000</budgetno_conver>
            <b_level>3</b_level>
        </BCME3470_row>
        <BCME3470_row>
            <budgetno>35230179011</budgetno>
            <budgetname>交通及運輸設備</budgetname>
            <damt1>0.000000</damt1>
            <damt2>0.000000</damt2>
            <damt3>0.000000</damt3>
            <damt4>0.000000</damt4>
            <damt5>7885.000000</damt5>
            <damt6>0.000000</damt6>
            <damt7>0.000000</damt7>
            <damt8>0.000000</damt8>
            <damt9>0.000000</damt9>
            <damt10>7885.000000</damt10>
            <no1>12</no1>
            <no2>05</no2>
            <no3>04</no3>
            <no4>01</no4>
            <budgetno_conver>3523179011</budgetno_conver>
            <b_level>4</b_level>
        </BCME3470_row>
    </BCME3470>
</tables>

