<?xml version="1.0" encoding="UTF-8"?>
<tables>
    <BCTDBUDGETDETAIL>
        <BCTDBUDGETDETAIL_row>
            <ba_fiscalyear>104</ba_fiscalyear>
            <ba_fundkind>1</ba_fundkind>
            <ba_budgetkind>1</ba_budgetkind>
            <ba_specialbudgetno/>
            <ba_agenno>23017</ba_agenno>
            <ba_agentype>B</ba_agentype>
            <ba_budgetstate>1</ba_budgetstate>
            <ba_versiondate/>
            <ba_budgetyear>104</ba_budgetyear>
            <ba_budgetno>04230170201</ba_budgetno>
            <ba_subprojectno/>
            <ba_departno>19</ba_departno>
            <ba_objectno/>
            <ba_budgettype>R</ba_budgettype>
            <ba_budgetsource>1</ba_budgetsource>
            <ba_mergetype>1</ba_mergetype>
            <ba_budgetamt>10000.00</ba_budgetamt>
            <ba_flowflag/>
            <ba_signflag/>
            <ba_signno/>
            <ba_key>11  </ba_key>
        </BCTDBUDGETDETAIL_row>
        <BCTDBUDGETDETAIL_row>
            <ba_fiscalyear>104</ba_fiscalyear>
            <ba_fundkind>1</ba_fundkind>
            <ba_budgetkind>1</ba_budgetkind>
            <ba_specialbudgetno/>
            <ba_agenno>23017</ba_agenno>
            <ba_agentype>B</ba_agentype>
            <ba_budgetstate>1</ba_budgetstate>
            <ba_versiondate/>
            <ba_budgetyear>104</ba_budgetyear>
            <ba_budgetno>04230170301</ba_budgetno>
            <ba_subprojectno/>
            <ba_departno>19</ba_departno>
            <ba_objectno/>
            <ba_budgettype>R</ba_budgettype>
            <ba_budgetsource>1</ba_budgetsource>
            <ba_mergetype>1</ba_mergetype>
            <ba_budgetamt>2349000.00</ba_budgetamt>
            <ba_flowflag/>
            <ba_signflag/>
            <ba_signno/>
            <ba_key>11  </ba_key>
        </BCTDBUDGETDETAIL_row>
        <BCTDBUDGETDETAIL_row>
            <ba_fiscalyear>104</ba_fiscalyear>
            <ba_fundkind>1</ba_fundkind>
            <ba_budgetkind>1</ba_budgetkind>
            <ba_specialbudgetno/>
            <ba_agenno>23017</ba_agenno>
            <ba_agentype>B</ba_agentype>
            <ba_budgetstate>1</ba_budgetstate>
            <ba_versiondate/>
            <ba_budgetyear>104</ba_budgetyear>
            <ba_budgetno>07230170101</ba_budgetno>
            <ba_subprojectno/>
            <ba_departno>17</ba_departno>
            <ba_objectno/>
            <ba_budgettype>R</ba_budgettype>
            <ba_budgetsource>1</ba_budgetsource>
            <ba_mergetype>1</ba_mergetype>
            <ba_budgetamt>71000.00</ba_budgetamt>
            <ba_flowflag/>
            <ba_signflag/>
            <ba_signno/>
            <ba_key>11  </ba_key>
        </BCTDBUDGETDETAIL_row>
        <BCTDBUDGETDETAIL_row>
            <ba_fiscalyear>104</ba_fiscalyear>
            <ba_fundkind>1</ba_fundkind>
            <ba_budgetkind>1</ba_budgetkind>
            <ba_specialbudgetno/>
            <ba_agenno>23017</ba_agenno>
            <ba_agentype>B</ba_agentype>
            <ba_budgetstate>1</ba_budgetstate>
            <ba_versiondate/>
            <ba_budgetyear>104</ba_budgetyear>
            <ba_budgetno>07230170106</ba_budgetno>
            <ba_subprojectno/>
            <ba_departno>19</ba_departno>
            <ba_objectno/>
            <ba_budgettype>R</ba_budgettype>
            <ba_budgetsource>1</ba_budgetsource>
            <ba_mergetype>1</ba_mergetype>
            <ba_budgetamt>4176000.00</ba_budgetamt>
            <ba_flowflag/>
            <ba_signflag/>
            <ba_signno/>
            <ba_key>11  </ba_key>
        </BCTDBUDGETDETAIL_row>
        <BCTDBUDGETDETAIL_row>
            <ba_fiscalyear>104</ba_fiscalyear>
            <ba_fundkind>1</ba_fundkind>
            <ba_budgetkind>1</ba_budgetkind>
            <ba_specialbudgetno/>
            <ba_agenno>23017</ba_agenno>
            <ba_agentype>B</ba_agentype>
            <ba_budgetstate>1</ba_budgetstate>
            <ba_versiondate/>
            <ba_budgetyear>104</ba_budgetyear>
            <ba_budgetno>07230170600</ba_budgetno>
            <ba_subprojectno/>
            <ba_departno>16</ba_departno>
            <ba_objectno/>
            <ba_budgettype>R</ba_budgettype>
            <ba_budgetsource>1</ba_budgetsource>
            <ba_mergetype>1</ba_mergetype>
            <ba_budgetamt>8344000.00</ba_budgetamt>
            <ba_flowflag/>
            <ba_signflag/>
            <ba_signno/>
            <ba_key>11  </ba_key>
        </BCTDBUDGETDETAIL_row>
        <BCTDBUDGETDETAIL_row>
            <ba_fiscalyear>104</ba_fiscalyear>
            <ba_fundkind>1</ba_fundkind>
            <ba_budgetkind>1</ba_budgetkind>
            <ba_specialbudgetno/>
            <ba_agenno>23017</ba_agenno>
            <ba_agentype>B</ba_agentype>
            <ba_budgetstate>1</ba_budgetstate>
            <ba_versiondate/>
            <ba_budgetyear>104</ba_budgetyear>
            <ba_budgetno>11230170909</ba_budgetno>
            <ba_subprojectno/>
            <ba_departno>16</ba_departno>
            <ba_objectno/>
            <ba_budgettype>R</ba_budgettype>
            <ba_budgetsource>1</ba_budgetsource>
            <ba_mergetype>1</ba_mergetype>
            <ba_budgetamt>73972000.00</ba_budgetamt>
            <ba_flowflag/>
            <ba_signflag/>
            <ba_signno/>
            <ba_key>11  </ba_key>
        </BCTDBUDGETDETAIL_row>
    </BCTDBUDGETDETAIL>
    <BCTDMEMO>
        <BCTDMEMO_row>
            <bc_fiscalyear>104</bc_fiscalyear>
            <bc_fundkind>1</bc_fundkind>
            <bc_budgetkind>1</bc_budgetkind>
            <bc_specialbudgetno/>
            <bc_agenno>23017</bc_agenno>
            <bc_agentype>B</bc_agentype>
            <bc_budgetstate>1</bc_budgetstate>
            <bc_reportno>BCME3430</bc_reportno>
            <bc_key>0423017020119xxxxxxxR1x0</bc_key>
            <bc_versiondate/>
            <bc_content>本年度預算數係依監獄行刑法等規定之沒入收入(其中臺南監獄6千元、自強外役監獄2千元、宜蘭監獄1千元、嘉義看守所1千元)。</bc_content>
        </BCTDMEMO_row>
        <BCTDMEMO_row>
            <bc_fiscalyear>104</bc_fiscalyear>
            <bc_fundkind>1</bc_fundkind>
            <bc_budgetkind>1</bc_budgetkind>
            <bc_specialbudgetno/>
            <bc_agenno>23017</bc_agenno>
            <bc_agentype>B</bc_agentype>
            <bc_budgetstate>1</bc_budgetstate>
            <bc_reportno>BCME3430</bc_reportno>
            <bc_key>04230170201xR1x1</bc_key>
            <bc_versiondate/>
            <bc_content>係違法送入監所之不當財物，經各機關之監(所)務委員會決議沒入之相關收入。</bc_content>
        </BCTDMEMO_row>
        <BCTDMEMO_row>
            <bc_fiscalyear>104</bc_fiscalyear>
            <bc_fundkind>1</bc_fundkind>
            <bc_budgetkind>1</bc_budgetkind>
            <bc_specialbudgetno/>
            <bc_agenno>23017</bc_agenno>
            <bc_agentype>B</bc_agentype>
            <bc_budgetstate>1</bc_budgetstate>
            <bc_reportno>BCME3430</bc_reportno>
            <bc_key>04230170201xR1x2</bc_key>
            <bc_versiondate/>
            <bc_content>依據監獄行刑法等規定辦理。</bc_content>
        </BCTDMEMO_row>
        <BCTDMEMO_row>
            <bc_fiscalyear>104</bc_fiscalyear>
            <bc_fundkind>1</bc_fundkind>
            <bc_budgetkind>1</bc_budgetkind>
            <bc_specialbudgetno/>
            <bc_agenno>23017</bc_agenno>
            <bc_agentype>B</bc_agentype>
            <bc_budgetstate>1</bc_budgetstate>
            <bc_reportno>BCME3430</bc_reportno>
            <bc_key>0423017030119xxxxxxxR1x0</bc_key>
            <bc_versiondate/>
            <bc_content>本年度預算數係廠商違約逾期交貨等之賠償收入(其中矯正署20千元、臺北監獄12千元、桃園監獄20千元、桃園女子監獄63千元、新竹監獄31千元、臺中監獄158千元、臺中女子監獄38千元、彰化監獄42千元、雲林監獄27千元、雲林第二監獄36千元、嘉義監獄45千元、臺南監獄35千元、明德外役監獄22千元、高雄監獄35千元、高雄第二監獄268千元、高雄女子監獄68千元、屏東監獄63千元、臺東監獄7千元、花蓮監獄54千元、自強外役監獄34千元、宜蘭監獄56千元、基隆監獄2千元、澎湖監獄5千元、綠島監獄33千元、金門監獄2千元、桃園少年輔育院118千元、彰化少年輔育院22千元、誠正中學12千元、明陽中學51千元、泰源技能訓練所48千元、東成技能訓練所88千元、岩灣技能訓練所6千元、新店戒治所36千元、臺中戒治所18千元、高雄戒治所31千元、臺東戒治所101千元、臺北看守所37千元、臺北女子看守所434千元、新竹看守所4千元、苗栗看守所16千元、臺中看守所8千元、南投看守所4千元、彰化看守所5千元、嘉義看守所99千元、臺南看守所13千元、屏東看守所5千元、基隆看守所3千元、臺北少年觀護所6千元、臺南少年觀護所8千元)。</bc_content>
        </BCTDMEMO_row>
        <BCTDMEMO_row>
            <bc_fiscalyear>104</bc_fiscalyear>
            <bc_fundkind>1</bc_fundkind>
            <bc_budgetkind>1</bc_budgetkind>
            <bc_specialbudgetno/>
            <bc_agenno>23017</bc_agenno>
            <bc_agentype>B</bc_agentype>
            <bc_budgetstate>1</bc_budgetstate>
            <bc_reportno>BCME3430</bc_reportno>
            <bc_key>04230170301xR1x1</bc_key>
            <bc_versiondate/>
            <bc_content>係廠商違約逾期交貨等之賠償收入。</bc_content>
        </BCTDMEMO_row>
        <BCTDMEMO_row>
            <bc_fiscalyear>104</bc_fiscalyear>
            <bc_fundkind>1</bc_fundkind>
            <bc_budgetkind>1</bc_budgetkind>
            <bc_specialbudgetno/>
            <bc_agenno>23017</bc_agenno>
            <bc_agentype>B</bc_agentype>
            <bc_budgetstate>1</bc_budgetstate>
            <bc_reportno>BCME3430</bc_reportno>
            <bc_key>04230170301xR1x2</bc_key>
            <bc_versiondate/>
            <bc_content>依據合約等相關規定辦理。</bc_content>
        </BCTDMEMO_row>
        <BCTDMEMO_row>
            <bc_fiscalyear>104</bc_fiscalyear>
            <bc_fundkind>1</bc_fundkind>
            <bc_budgetkind>1</bc_budgetkind>
            <bc_specialbudgetno/>
            <bc_agenno>23017</bc_agenno>
            <bc_agentype>B</bc_agentype>
            <bc_budgetstate>1</bc_budgetstate>
            <bc_reportno>BCME3430</bc_reportno>
            <bc_key>0723017010117xxxxxxxR1x0</bc_key>
            <bc_versiondate/>
            <bc_content>本年度預算數係專戶存款之孳息收入。&#xd;
</bc_content>
        </BCTDMEMO_row>
        <BCTDMEMO_row>
            <bc_fiscalyear>104</bc_fiscalyear>
            <bc_fundkind>1</bc_fundkind>
            <bc_budgetkind>1</bc_budgetkind>
            <bc_specialbudgetno/>
            <bc_agenno>23017</bc_agenno>
            <bc_agentype>B</bc_agentype>
            <bc_budgetstate>1</bc_budgetstate>
            <bc_reportno>BCME3430</bc_reportno>
            <bc_key>07230170101xR1x1</bc_key>
            <bc_versiondate/>
            <bc_content>係專戶存款之孳息收入，依年息0.17%估列。</bc_content>
        </BCTDMEMO_row>
        <BCTDMEMO_row>
            <bc_fiscalyear>104</bc_fiscalyear>
            <bc_fundkind>1</bc_fundkind>
            <bc_budgetkind>1</bc_budgetkind>
            <bc_specialbudgetno/>
            <bc_agenno>23017</bc_agenno>
            <bc_agentype>B</bc_agentype>
            <bc_budgetstate>1</bc_budgetstate>
            <bc_reportno>BCME3430</bc_reportno>
            <bc_key>07230170101xR1x2</bc_key>
            <bc_versiondate/>
            <bc_content>依據財政收支劃分法第27條等相關規定辦理。</bc_content>
        </BCTDMEMO_row>
        <BCTDMEMO_row>
            <bc_fiscalyear>104</bc_fiscalyear>
            <bc_fundkind>1</bc_fundkind>
            <bc_budgetkind>1</bc_budgetkind>
            <bc_specialbudgetno/>
            <bc_agenno>23017</bc_agenno>
            <bc_agentype>B</bc_agentype>
            <bc_budgetstate>1</bc_budgetstate>
            <bc_reportno>BCME3430</bc_reportno>
            <bc_key>0723017010619xxxxxxxR1x0</bc_key>
            <bc_versiondate/>
            <bc_content>本年度預算數係提供場地予員工消費合作社等之場地租金收入(其中矯正署40千元、臺北監獄69千元、桃園女子監獄104千元、新竹監獄118千元、臺中監獄1,099千元、臺中女子監獄19千元、彰化監獄34千元、雲林監獄21千元、雲林第二監獄67千元、嘉義監獄184千元、臺南監獄118千元、明德外役監獄485千元、高雄監獄75千元、高雄女子監獄11千元、屏東監獄66千元、臺東監獄2千元、花蓮監獄37千元、自強外役監獄19千元、宜蘭監獄45千元、基隆監獄8千元、澎湖監獄16千元、桃園少年輔育院97千元、彰化少年輔育院8千元、誠正中學1千元、明陽中學206千元、泰源技能訓練所25千元、東成技能訓練所33千元、岩灣技能訓練所2千元、新店戒治所41千元、臺中戒治所7千元、臺東戒治所12千元、臺北看守所251千元、臺北女子看守所51千元、桃園看守所74千元、新竹看守所22千元、苗栗看守所28千元、臺中看守所170千元、南投看守所3千元、彰化看守所19千元、嘉義看守所57千元、臺南看守所104千元、高雄看守所250千元、屏東看守所23千元、花蓮看守所7千元、基隆看守所4千元、臺南少年觀護所35千元、高雄少年觀護所9千元)。</bc_content>
        </BCTDMEMO_row>
        <BCTDMEMO_row>
            <bc_fiscalyear>104</bc_fiscalyear>
            <bc_fundkind>1</bc_fundkind>
            <bc_budgetkind>1</bc_budgetkind>
            <bc_specialbudgetno/>
            <bc_agenno>23017</bc_agenno>
            <bc_agentype>B</bc_agentype>
            <bc_budgetstate>1</bc_budgetstate>
            <bc_reportno>BCME3430</bc_reportno>
            <bc_key>07230170106xR1x1</bc_key>
            <bc_versiondate/>
            <bc_content>係提供場地予員工消費合作社等之場地租金收入。</bc_content>
        </BCTDMEMO_row>
        <BCTDMEMO_row>
            <bc_fiscalyear>104</bc_fiscalyear>
            <bc_fundkind>1</bc_fundkind>
            <bc_budgetkind>1</bc_budgetkind>
            <bc_specialbudgetno/>
            <bc_agenno>23017</bc_agenno>
            <bc_agentype>B</bc_agentype>
            <bc_budgetstate>1</bc_budgetstate>
            <bc_reportno>BCME3430</bc_reportno>
            <bc_key>07230170106xR1x2</bc_key>
            <bc_versiondate/>
            <bc_content>依據國有財產法及合約等相關規定辦理。</bc_content>
        </BCTDMEMO_row>
        <BCTDMEMO_row>
            <bc_fiscalyear>104</bc_fiscalyear>
            <bc_fundkind>1</bc_fundkind>
            <bc_budgetkind>1</bc_budgetkind>
            <bc_specialbudgetno/>
            <bc_agenno>23017</bc_agenno>
            <bc_agentype>B</bc_agentype>
            <bc_budgetstate>1</bc_budgetstate>
            <bc_reportno>BCME3430</bc_reportno>
            <bc_key>0723017060016xxxxxxxR1x0</bc_key>
            <bc_versiondate/>
            <bc_content>本年度預算數係出售廢舊物品等之收入(其中矯正署119千元、臺北監獄98千元、桃園監獄65千元、桃園女子監獄157千元、新竹監獄241千元、臺中監獄530千元、臺中女子監獄68千元、彰化監獄154千元、雲林監獄82千元、雲林第二監獄117千元、嘉義監獄252千元、臺南監獄1,280千元、明德外役監獄198千元、高雄監獄163千元、高雄第二監獄218千元、高雄女子監獄272千元、屏東監獄352千元、臺東監獄50千元、花蓮監獄221千元、自強外役監獄97千元、宜蘭監獄193千元、基隆監獄10千元、澎湖監獄169千元、綠島監獄25千元、金門監獄12千元、桃園少年輔育院55千元、彰化少年輔育院90千元、誠正中學118千元、明陽中學120千元、泰源技能訓練所241千元、東成技能訓練所100千元、岩灣技能訓練所469千元、新店戒治所78千元、高雄戒治所110千元、高雄女子戒治所1千元、臺東戒治所119千元、臺北看守所536千元、臺北女子看守所20千元、桃園看守所18千元、新竹看守所33千元、苗栗看守所63千元、臺中看守所289千元、南投看守所35千元、彰化看守所41千元、嘉義看守所105千元、臺南看守所195千元、高雄看守所59千元、屏東看守所64千元、臺東看守所1千元、花蓮看守所21千元、基隆看守所28千元、臺北少年觀護所64千元、臺中少年觀護所69千元、彰化少年觀護所1千元、臺南少年觀護所18千元、高雄少年觀護所40千元)。</bc_content>
        </BCTDMEMO_row>
        <BCTDMEMO_row>
            <bc_fiscalyear>104</bc_fiscalyear>
            <bc_fundkind>1</bc_fundkind>
            <bc_budgetkind>1</bc_budgetkind>
            <bc_specialbudgetno/>
            <bc_agenno>23017</bc_agenno>
            <bc_agentype>B</bc_agentype>
            <bc_budgetstate>1</bc_budgetstate>
            <bc_reportno>BCME3430</bc_reportno>
            <bc_key>0723017060019xxxxxxxR1x0</bc_key>
            <bc_versiondate/>
            <bc_content>本年度預算數係出售廢舊物品等之收入(其中矯正署119千元、臺北監獄98千元、桃園監獄65千元、桃園女子監獄157千元、新竹監獄241千元、臺中監獄530千元、臺中女子監獄68千元、彰化監獄154千元、雲林監獄82千元、雲林第二監獄117千元、嘉義監獄252千元、臺南監獄1,280千元、明德外役監獄198千元、高雄監獄163千元、高雄第二監獄218千元、高雄女子監獄272千元、屏東監獄352千元、臺東監獄50千元、花蓮監獄221千元、自強外役監獄97千元、宜蘭監獄193千元、基隆監獄10千元、澎湖監獄169千元、綠島監獄25千元、金門監獄12千元、桃園少年輔育院55千元、彰化少年輔育院90千元、誠正中學118千元、明陽中學120千元、泰源技能訓練所241千元、東成技能訓練所100千元、岩灣技能訓練所469千元、新店戒治所78千元、高雄戒治所110千元、高雄女子戒治所1千元、臺東戒治所119千元、臺北看守所536千元、臺北女子看守所20千元、桃園看守所18千元、新竹看守所33千元、苗栗看守所63千元、臺中看守所289千元、南投看守所35千元、彰化看守所41千元、嘉義看守所105千元、臺南看守所195千元、高雄看守所59千元、屏東看守所64千元、臺東看守所1千元、花蓮看守所21千元、基隆看守所28千元、臺北少年觀護所64千元、臺中少年觀護所69千元、彰化少年觀護所1千元、臺南少年觀護所18千元、高雄少年觀護所40千元)。</bc_content>
        </BCTDMEMO_row>
        <BCTDMEMO_row>
            <bc_fiscalyear>104</bc_fiscalyear>
            <bc_fundkind>1</bc_fundkind>
            <bc_budgetkind>1</bc_budgetkind>
            <bc_specialbudgetno/>
            <bc_agenno>23017</bc_agenno>
            <bc_agentype>B</bc_agentype>
            <bc_budgetstate>1</bc_budgetstate>
            <bc_reportno>BCME3430</bc_reportno>
            <bc_key>07230170600xR1x1</bc_key>
            <bc_versiondate/>
            <bc_content>係出售廢舊物品等之收入。&#xd;
&#xd;
</bc_content>
        </BCTDMEMO_row>
        <BCTDMEMO_row>
            <bc_fiscalyear>104</bc_fiscalyear>
            <bc_fundkind>1</bc_fundkind>
            <bc_budgetkind>1</bc_budgetkind>
            <bc_specialbudgetno/>
            <bc_agenno>23017</bc_agenno>
            <bc_agentype>B</bc_agentype>
            <bc_budgetstate>1</bc_budgetstate>
            <bc_reportno>BCME3430</bc_reportno>
            <bc_key>07230170600xR1x2</bc_key>
            <bc_versiondate/>
            <bc_content>依據國有財產法及各機關奉准報廢財產之變賣及估價作業程序等規定辦理。</bc_content>
        </BCTDMEMO_row>
        <BCTDMEMO_row>
            <bc_fiscalyear>104</bc_fiscalyear>
            <bc_fundkind>1</bc_fundkind>
            <bc_budgetkind>1</bc_budgetkind>
            <bc_specialbudgetno/>
            <bc_agenno>23017</bc_agenno>
            <bc_agentype>B</bc_agentype>
            <bc_budgetstate>1</bc_budgetstate>
            <bc_reportno>BCME3430</bc_reportno>
            <bc_key>1123017090916xxxxxxxR1x0</bc_key>
            <bc_versiondate/>
            <bc_content>本年度預算數係出售招標文件、對收容人實施強制戒治或觀察勒戒及借用宿舍員工自薪資扣回繳庫數、宿舍管理費等收入(其中矯正署283千元、臺北監獄606千元、桃園監獄61千元、桃園女子監獄125千元、新竹監獄442千元、臺中監獄696千元、臺中女子監獄117千元、彰化監獄429千元、雲林監獄110千元、雲林第二監獄363千元、嘉義監獄201千元、臺南監獄616千元、高雄監獄309千元、高雄第二監獄81千元、高雄女子監獄155千元、屏東監獄408千元、臺東監獄190千元、花蓮監獄369千元、自強外役監獄425千元、宜蘭監獄534千元、基隆監獄146千元、澎湖監獄170千元、綠島監獄99千元、金門監獄58千元、桃園少年輔育院160千元、彰化少年輔育院121千元、誠正中學251千元、明陽中學339千元、泰源技能訓練所479千元、東成技能訓練所447千元、岩灣技能訓練所308千元、新店戒治所18,886千元、桃園女子戒治所2,823千元、臺中戒治所14,389千元、臺中女子戒治所8千元、高雄戒治所17,195千元、高雄女子戒治所784千元、臺東戒治所521千元、臺北看守所314千元、臺北女子看守所2,602千元、桃園看守所24千元、新竹看守所33千元、苗栗看守所235千元、臺中看守所1,666千元、南投看守所116千元、彰化看守所100千元、嘉義看守所145千元、臺南看守所334千元、高雄看守所2,232千元、屏東看守所172千元、臺東看守所286千元、花蓮看守所637千元、宜蘭看守所8千元、基隆看守所117千元、澎湖看守所67千元、金門看守所85千元、連江看守所21千元、臺北少年觀護所470千元、桃園少年觀護所5千元、新竹少年觀護所5千元、苗栗少年觀護所8千元、臺中少年觀護所227千元、南投少年觀護所6千元、彰化少年觀護所9千元、臺南少年觀護所113千元、高雄少年觀護所195千元、臺東少年觀護所5千元、花蓮少年觀護所15千元、澎湖少年觀護所16千元)。</bc_content>
        </BCTDMEMO_row>
        <BCTDMEMO_row>
            <bc_fiscalyear>104</bc_fiscalyear>
            <bc_fundkind>1</bc_fundkind>
            <bc_budgetkind>1</bc_budgetkind>
            <bc_specialbudgetno/>
            <bc_agenno>23017</bc_agenno>
            <bc_agentype>B</bc_agentype>
            <bc_budgetstate>1</bc_budgetstate>
            <bc_reportno>BCME3430</bc_reportno>
            <bc_key>1123017090919xxxxxxxR1x0</bc_key>
            <bc_versiondate/>
            <bc_content/>
        </BCTDMEMO_row>
        <BCTDMEMO_row>
            <bc_fiscalyear>104</bc_fiscalyear>
            <bc_fundkind>1</bc_fundkind>
            <bc_budgetkind>1</bc_budgetkind>
            <bc_specialbudgetno/>
            <bc_agenno>23017</bc_agenno>
            <bc_agentype>B</bc_agentype>
            <bc_budgetstate>1</bc_budgetstate>
            <bc_reportno>BCME3430</bc_reportno>
            <bc_key>11230170909xR1x1</bc_key>
            <bc_versiondate/>
            <bc_content>係出售招標文件、對施用毒品之收容人實施強制戒治或觀察勒戒並收取治療相關費用繳庫及借用宿舍員工自薪資扣回繳庫數、宿舍管理費等收入。&#xd;
</bc_content>
        </BCTDMEMO_row>
        <BCTDMEMO_row>
            <bc_fiscalyear>104</bc_fiscalyear>
            <bc_fundkind>1</bc_fundkind>
            <bc_budgetkind>1</bc_budgetkind>
            <bc_specialbudgetno/>
            <bc_agenno>23017</bc_agenno>
            <bc_agentype>B</bc_agentype>
            <bc_budgetstate>1</bc_budgetstate>
            <bc_reportno>BCME3430</bc_reportno>
            <bc_key>11230170909xR1x2</bc_key>
            <bc_versiondate/>
            <bc_content>依據採購法施行細則、毒品危害防制條例第30條及&#xd;
全國軍公教員工待遇支給要點等相關規定辦理。</bc_content>
        </BCTDMEMO_row>
    </BCTDMEMO>
</tables>

