<?xml version="1.0" encoding="UTF-8"?>
<Root>
    <Row>
        <款>21</款>
        <項/>
        <目/>
        <節/>
        <科目名稱>環境保護署主管</科目名稱>
        <人事費>131679</人事費>
        <業務費_經>72234</業務費_經>
        <奬補助費_經>150</奬補助費_經>
        <債務費>0</債務費>
        <預備金_經>200</預備金_經>
        <經常支出小計>204263</經常支出小計>
        <業務費_資>0</業務費_資>
        <設備及投資>59980</設備及投資>
        <奬補助費_資>0</奬補助費_資>
        <預備金_資>0</預備金_資>
        <資本支出小計>59980</資本支出小計>
        <合計>264243</合計>
    </Row>
    <Row>
        <款/>
        <項>2</項>
        <目/>
        <節/>
        <科目名稱>環境檢驗所</科目名稱>
        <人事費>131679</人事費>
        <業務費_經>72234</業務費_經>
        <奬補助費_經>150</奬補助費_經>
        <債務費>0</債務費>
        <預備金_經>200</預備金_經>
        <經常支出小計>204263</經常支出小計>
        <業務費_資>0</業務費_資>
        <設備及投資>59980</設備及投資>
        <奬補助費_資>0</奬補助費_資>
        <預備金_資>0</預備金_資>
        <資本支出小計>59980</資本支出小計>
        <合計>264243</合計>
    </Row>
    <Row>
        <款/>
        <項/>
        <目/>
        <節/>
        <科目名稱>科學支出</科目名稱>
        <人事費>0</人事費>
        <業務費_經>16200</業務費_經>
        <奬補助費_經>0</奬補助費_經>
        <債務費>0</債務費>
        <預備金_經>0</預備金_經>
        <經常支出小計>16200</經常支出小計>
        <業務費_資>0</業務費_資>
        <設備及投資>0</設備及投資>
        <奬補助費_資>0</奬補助費_資>
        <預備金_資>0</預備金_資>
        <資本支出小計>0</資本支出小計>
        <合計>16200</合計>
    </Row>
    <Row>
        <款/>
        <項/>
        <目>1</目>
        <節/>
        <科目名稱>科技發展</科目名稱>
        <人事費>0</人事費>
        <業務費_經>16200</業務費_經>
        <奬補助費_經>0</奬補助費_經>
        <債務費>0</債務費>
        <預備金_經>0</預備金_經>
        <經常支出小計>16200</經常支出小計>
        <業務費_資>0</業務費_資>
        <設備及投資>0</設備及投資>
        <奬補助費_資>0</奬補助費_資>
        <預備金_資>0</預備金_資>
        <資本支出小計>0</資本支出小計>
        <合計>16200</合計>
    </Row>
    <Row>
        <款/>
        <項/>
        <目/>
        <節/>
        <科目名稱>環境保護支出</科目名稱>
        <人事費>131679</人事費>
        <業務費_經>56034</業務費_經>
        <奬補助費_經>150</奬補助費_經>
        <債務費>0</債務費>
        <預備金_經>200</預備金_經>
        <經常支出小計>188063</經常支出小計>
        <業務費_資>0</業務費_資>
        <設備及投資>59980</設備及投資>
        <奬補助費_資>0</奬補助費_資>
        <預備金_資>0</預備金_資>
        <資本支出小計>59980</資本支出小計>
        <合計>248043</合計>
    </Row>
    <Row>
        <款/>
        <項/>
        <目>2</目>
        <節/>
        <科目名稱>一般行政</科目名稱>
        <人事費>131679</人事費>
        <業務費_經>6042</業務費_經>
        <奬補助費_經>150</奬補助費_經>
        <債務費>0</債務費>
        <預備金_經>0</預備金_經>
        <經常支出小計>137871</經常支出小計>
        <業務費_資>0</業務費_資>
        <設備及投資>215</設備及投資>
        <奬補助費_資>0</奬補助費_資>
        <預備金_資>0</預備金_資>
        <資本支出小計>215</資本支出小計>
        <合計>138086</合計>
    </Row>
    <Row>
        <款/>
        <項/>
        <目>3</目>
        <節/>
        <科目名稱>環境檢驗</科目名稱>
        <人事費>0</人事費>
        <業務費_經>49992</業務費_經>
        <奬補助費_經>0</奬補助費_經>
        <債務費>0</債務費>
        <預備金_經>0</預備金_經>
        <經常支出小計>49992</經常支出小計>
        <業務費_資>0</業務費_資>
        <設備及投資>59130</設備及投資>
        <奬補助費_資>0</奬補助費_資>
        <預備金_資>0</預備金_資>
        <資本支出小計>59130</資本支出小計>
        <合計>109122</合計>
    </Row>
    <Row>
        <款/>
        <項/>
        <目/>
        <節>1</節>
        <科目名稱>檢驗業務規劃管理</科目名稱>
        <人事費>0</人事費>
        <業務費_經>23130</業務費_經>
        <奬補助費_經>0</奬補助費_經>
        <債務費>0</債務費>
        <預備金_經>0</預備金_經>
        <經常支出小計>23130</經常支出小計>
        <業務費_資>0</業務費_資>
        <設備及投資>58530</設備及投資>
        <奬補助費_資>0</奬補助費_資>
        <預備金_資>0</預備金_資>
        <資本支出小計>58530</資本支出小計>
        <合計>81660</合計>
    </Row>
    <Row>
        <款/>
        <項/>
        <目/>
        <節>2</節>
        <科目名稱>空氣污染及噪音檢驗測定</科目名稱>
        <人事費>0</人事費>
        <業務費_經>3563</業務費_經>
        <奬補助費_經>0</奬補助費_經>
        <債務費>0</債務費>
        <預備金_經>0</預備金_經>
        <經常支出小計>3563</經常支出小計>
        <業務費_資>0</業務費_資>
        <設備及投資>200</設備及投資>
        <奬補助費_資>0</奬補助費_資>
        <預備金_資>0</預備金_資>
        <資本支出小計>200</資本支出小計>
        <合計>3763</合計>
    </Row>
    <Row>
        <款/>
        <項/>
        <目/>
        <節>3</節>
        <科目名稱>水質檢驗</科目名稱>
        <人事費>0</人事費>
        <業務費_經>3893</業務費_經>
        <奬補助費_經>0</奬補助費_經>
        <債務費>0</債務費>
        <預備金_經>0</預備金_經>
        <經常支出小計>3893</經常支出小計>
        <業務費_資>0</業務費_資>
        <設備及投資>200</設備及投資>
        <奬補助費_資>0</奬補助費_資>
        <預備金_資>0</預備金_資>
        <資本支出小計>200</資本支出小計>
        <合計>4093</合計>
    </Row>
    <Row>
        <款/>
        <項/>
        <目/>
        <節>4</節>
        <科目名稱>毒化物及廢棄物檢驗</科目名稱>
        <人事費>0</人事費>
        <業務費_經>10508</業務費_經>
        <奬補助費_經>0</奬補助費_經>
        <債務費>0</債務費>
        <預備金_經>0</預備金_經>
        <經常支出小計>10508</經常支出小計>
        <業務費_資>0</業務費_資>
        <設備及投資>100</設備及投資>
        <奬補助費_資>0</奬補助費_資>
        <預備金_資>0</預備金_資>
        <資本支出小計>100</資本支出小計>
        <合計>10608</合計>
    </Row>
    <Row>
        <款/>
        <項/>
        <目/>
        <節>5</節>
        <科目名稱>環境生物檢定</科目名稱>
        <人事費>0</人事費>
        <業務費_經>8898</業務費_經>
        <奬補助費_經>0</奬補助費_經>
        <債務費>0</債務費>
        <預備金_經>0</預備金_經>
        <經常支出小計>8898</經常支出小計>
        <業務費_資>0</業務費_資>
        <設備及投資>100</設備及投資>
        <奬補助費_資>0</奬補助費_資>
        <預備金_資>0</預備金_資>
        <資本支出小計>100</資本支出小計>
        <合計>8998</合計>
    </Row>
    <Row>
        <款/>
        <項/>
        <目>4</目>
        <節/>
        <科目名稱>一般建築及設備</科目名稱>
        <人事費>0</人事費>
        <業務費_經>0</業務費_經>
        <奬補助費_經>0</奬補助費_經>
        <債務費>0</債務費>
        <預備金_經>0</預備金_經>
        <經常支出小計>0</經常支出小計>
        <業務費_資>0</業務費_資>
        <設備及投資>635</設備及投資>
        <奬補助費_資>0</奬補助費_資>
        <預備金_資>0</預備金_資>
        <資本支出小計>635</資本支出小計>
        <合計>635</合計>
    </Row>
    <Row>
        <款/>
        <項/>
        <目/>
        <節>1</節>
        <科目名稱>交通及運輸設備</科目名稱>
        <人事費>0</人事費>
        <業務費_經>0</業務費_經>
        <奬補助費_經>0</奬補助費_經>
        <債務費>0</債務費>
        <預備金_經>0</預備金_經>
        <經常支出小計>0</經常支出小計>
        <業務費_資>0</業務費_資>
        <設備及投資>635</設備及投資>
        <奬補助費_資>0</奬補助費_資>
        <預備金_資>0</預備金_資>
        <資本支出小計>635</資本支出小計>
        <合計>635</合計>
    </Row>
    <Row>
        <款/>
        <項/>
        <目>5</目>
        <節/>
        <科目名稱>第一預備金</科目名稱>
        <人事費>0</人事費>
        <業務費_經>0</業務費_經>
        <奬補助費_經>0</奬補助費_經>
        <債務費>0</債務費>
        <預備金_經>200</預備金_經>
        <經常支出小計>200</經常支出小計>
        <業務費_資>0</業務費_資>
        <設備及投資>0</設備及投資>
        <奬補助費_資>0</奬補助費_資>
        <預備金_資>0</預備金_資>
        <資本支出小計>0</資本支出小計>
        <合計>200</合計>
    </Row>
</Root>
