<?xml version="1.0" encoding="UTF-8"?>
<tables>
    <BCME3420>
        <BCME3420_row>
            <budgetno/>
            <agenno/>
            <agentype/>
            <mh_budgetname>合    計</mh_budgetname>
            <displayname>合    計</displayname>
            <budgetno_conver/>
            <tyear_amt>264243000</tyear_amt>
            <lyear_amt>270279000</lyear_amt>
            <byear_amt>299977070</byear_amt>
            <b_amt>-6036000</b_amt>
            <bc_content/>
            <memo/>
        </BCME3420_row>
        <BCME3420_row>
            <budgetno>00600000000</budgetno>
            <agenno>60010</agenno>
            <agentype>C</agentype>
            <mh_budgetname>環境保護署主管</mh_budgetname>
            <displayname>環境保護署主管</displayname>
            <budgetno_conver>0060000000</budgetno_conver>
            <tyear_amt>264243000</tyear_amt>
            <lyear_amt>270279000</lyear_amt>
            <byear_amt>299977070</byear_amt>
            <b_amt>-6036000</b_amt>
            <bc_content/>
        </BCME3420_row>
        <BCME3420_row>
            <budgetno>00600100000</budgetno>
            <agenno>60010</agenno>
            <agentype>C</agentype>
            <mh_budgetname>環境檢驗所</mh_budgetname>
            <displayname>環境檢驗所</displayname>
            <budgetno_conver>0060100000</budgetno_conver>
            <tyear_amt>264243000</tyear_amt>
            <lyear_amt>270279000</lyear_amt>
            <byear_amt>299977070</byear_amt>
            <b_amt>-6036000</b_amt>
            <bc_content/>
        </BCME3420_row>
        <BCME3420_row>
            <budgetno>52600100000</budgetno>
            <agenno>60010</agenno>
            <agentype>C</agentype>
            <mh_budgetname>科學支出</mh_budgetname>
            <displayname>科學支出</displayname>
            <budgetno_conver>5260100000</budgetno_conver>
            <tyear_amt>16200000</tyear_amt>
            <lyear_amt>12580000</lyear_amt>
            <byear_amt>9880000</byear_amt>
            <b_amt>3620000</b_amt>
            <bc_content/>
        </BCME3420_row>
        <BCME3420_row>
            <budgetno>52600101100</budgetno>
            <agenno>60010</agenno>
            <agentype>C</agentype>
            <mh_budgetname>科技發展</mh_budgetname>
            <displayname>科技發展</displayname>
            <budgetno_conver>5260101100</budgetno_conver>
            <tyear_amt>16200000</tyear_amt>
            <lyear_amt>12580000</lyear_amt>
            <byear_amt>9880000</byear_amt>
            <b_amt>3620000</b_amt>
            <bc_content>本年度預算數16,200千元，係委託辦理環境檢驗科技研究發展經費，較上年度增列環境微生物基因晶片之技術建立及應用計畫等經費3,620千元。</bc_content>
        </BCME3420_row>
        <BCME3420_row>
            <budgetno>72600100000</budgetno>
            <agenno>60010</agenno>
            <agentype>C</agentype>
            <mh_budgetname>環境保護支出</mh_budgetname>
            <displayname>環境保護支出</displayname>
            <budgetno_conver>7260100000</budgetno_conver>
            <tyear_amt>248043000</tyear_amt>
            <lyear_amt>257699000</lyear_amt>
            <byear_amt>290097070</byear_amt>
            <b_amt>-9656000</b_amt>
            <bc_content/>
        </BCME3420_row>
        <BCME3420_row>
            <budgetno>72600100100</budgetno>
            <agenno>60010</agenno>
            <agentype>C</agentype>
            <mh_budgetname>一般行政</mh_budgetname>
            <displayname>一般行政</displayname>
            <budgetno_conver>7260100100</budgetno_conver>
            <tyear_amt>138086000</tyear_amt>
            <lyear_amt>141730000</lyear_amt>
            <byear_amt>134150381</byear_amt>
            <b_amt>-3644000</b_amt>
            <bc_content>&lt;#H1&gt;本年度預算數138,086千元，包括人事費131,679千元，業務費6,042千元，設備及投資215千元，獎補助費150千元。&lt;#H1&gt;本年度預算數之內容與上年度之比較如下：&#xd;
&lt;#H2&gt;人員維持費131,639千元，較上年度核實減列人事費4,709千元。&#xd;
&lt;#H2&gt;基本行政工作維持費6,447千元，較上年度增列房屋修繕等經費1,065千元。</bc_content>
        </BCME3420_row>
        <BCME3420_row>
            <budgetno>72600101000</budgetno>
            <agenno>60010</agenno>
            <agentype>C</agentype>
            <mh_budgetname>環境檢驗</mh_budgetname>
            <displayname>環境檢驗</displayname>
            <budgetno_conver>7260101000</budgetno_conver>
            <tyear_amt>109122000</tyear_amt>
            <lyear_amt>115769000</lyear_amt>
            <byear_amt>155946689</byear_amt>
            <b_amt>-6647000</b_amt>
            <bc_content/>
        </BCME3420_row>
        <BCME3420_row>
            <budgetno>72600101020</budgetno>
            <agenno>60010</agenno>
            <agentype>C</agentype>
            <mh_budgetname>檢驗業務規劃管理</mh_budgetname>
            <displayname>檢驗業務規劃管理</displayname>
            <budgetno_conver>7260101020</budgetno_conver>
            <tyear_amt>81660000</tyear_amt>
            <lyear_amt>88422000</lyear_amt>
            <byear_amt>124104666</byear_amt>
            <b_amt>-6762000</b_amt>
            <bc_content>&lt;#H1&gt;本年度預算數81,660千元，包括業務費23,130千元，設備及投資58,530千元。&#xd;
&lt;#H1&gt;本年度預算數之內容與上年度之比較如下：&lt;#H2&gt;環境檢驗業務電腦化及品保品管制度推動經費2,763千元，較上年度減列購置資訊軟硬體設備等經費490千元。&#xd;
&lt;#H2&gt;全國環境檢驗發展規劃及執行經費1,130千元，較上年度增列辦理環境檢測技術相關會議等經費100千元。&#xd;
&lt;#H2&gt;環境檢測機構推動及管理經費8,113千元，較上年度增列辦理環境檢測機構許可認證業務評鑑等經費471千元。&#xd;
&lt;#H2&gt;環境檢測標準方法審議及公告經費724千元，較上年度增列辦理檢測標準方法草案審議等經費66千元。&#xd;
&lt;#H2&gt;新世代環境品質監測及檢測發展計畫總經費543,900千元，分6年辦理，102至104年度已編列306,842千元，本年度續編第4年經費68,930千元，較上年度減列購置全自動機器手臂操作平臺設備等經費6,909千元。&#xd;
</bc_content>
        </BCME3420_row>
        <BCME3420_row>
            <budgetno>72600101021</budgetno>
            <agenno>60010</agenno>
            <agentype>C</agentype>
            <mh_budgetname>空氣污染及噪音檢驗測定</mh_budgetname>
            <displayname>空氣污染及噪音檢驗測定</displayname>
            <budgetno_conver>7260101021</budgetno_conver>
            <tyear_amt>3763000</tyear_amt>
            <lyear_amt>3763000</lyear_amt>
            <byear_amt>4448800</byear_amt>
            <b_amt>0</b_amt>
            <bc_content>&lt;#H1&gt;本年度預算數3,763千元，包括業務費3,563千元，設備及投資200千元。&#xd;
&#xd;
&lt;#H1&gt;本年度預算數之內容與上年度之比較如下：&lt;#H2&gt;空氣污染檢測經費2,511千元，與上年度同。&lt;#H2&gt;物理性公害檢測經費1,252千元，與上年度同。</bc_content>
        </BCME3420_row>
        <BCME3420_row>
            <budgetno>72600101022</budgetno>
            <agenno>60010</agenno>
            <agentype>C</agentype>
            <mh_budgetname>水質檢驗</mh_budgetname>
            <displayname>水質檢驗</displayname>
            <budgetno_conver>7260101022</budgetno_conver>
            <tyear_amt>4093000</tyear_amt>
            <lyear_amt>3993000</lyear_amt>
            <byear_amt>4876334</byear_amt>
            <b_amt>100000</b_amt>
            <bc_content>&lt;#H1&gt;本年度預算數4,093千元，包括業務費3,893千元，設備及投資200千元。&lt;#H1&gt;本年度預算數4,093千元，係辦理水質污染檢測所需經費，較上年度增列購置實驗室分析藥品材料等經費100千元。</bc_content>
        </BCME3420_row>
        <BCME3420_row>
            <budgetno>72600101023</budgetno>
            <agenno>60010</agenno>
            <agentype>C</agentype>
            <mh_budgetname>毒化物及廢棄物檢驗</mh_budgetname>
            <displayname>毒化物及廢棄物檢驗</displayname>
            <budgetno_conver>7260101023</budgetno_conver>
            <tyear_amt>10608000</tyear_amt>
            <lyear_amt>9793000</lyear_amt>
            <byear_amt>9585636</byear_amt>
            <b_amt>815000</b_amt>
            <bc_content>&lt;#H1&gt;本年度預算數10,608千元，包括業務費10,508千元，設備及投資100千元。&#xd;
&lt;#H1&gt;本年度預算數之內容與上年度之比較如下：&#xd;
&lt;#H2&gt;土壤、廢棄物及毒化物檢測經費8,096千元，較上年度增列辦理廢食用油流向管理檢測等經費1,816千元。&#xd;
&lt;#H2&gt;超微量毒性物質檢測經費2,512千元，較上年度減列購置實驗室分析藥品材料及儀器維護等經費1,001千元。</bc_content>
        </BCME3420_row>
        <BCME3420_row>
            <budgetno>72600101024</budgetno>
            <agenno>60010</agenno>
            <agentype>C</agentype>
            <mh_budgetname>環境生物檢定</mh_budgetname>
            <displayname>環境生物檢定</displayname>
            <budgetno_conver>7260101024</budgetno_conver>
            <tyear_amt>8998000</tyear_amt>
            <lyear_amt>9798000</lyear_amt>
            <byear_amt>12931253</byear_amt>
            <b_amt>-800000</b_amt>
            <bc_content>&lt;#H1&gt;本年度預算數8,998千元，包括業務費8,898千元，設備及投資100千元。&lt;#H1&gt;本年度預算數之內容與上年度之比較如下：&#xd;
&lt;#H2&gt;環境生物檢測經費2,019千元，較上年度減列購置環境微生物檢測物品等經費300千元。&#xd;
&lt;#H2&gt;環境中污染物生物快速篩選檢測及菌種鑑定經費2,200千元，較上年度減列辦理新興污染物快篩測試技術開發等經費200千元。&#xd;
&lt;#H2&gt;檢驗室安全衛生與環境保護經費4,779千元，較上年度減列購置底泥採樣器設備等經費300千元。</bc_content>
        </BCME3420_row>
        <BCME3420_row>
            <budgetno>72600109000</budgetno>
            <agenno>60010</agenno>
            <agentype>C</agentype>
            <mh_budgetname>一般建築及設備</mh_budgetname>
            <displayname>一般建築及設備</displayname>
            <budgetno_conver>7260109000</budgetno_conver>
            <tyear_amt>635000</tyear_amt>
            <lyear_amt>0</lyear_amt>
            <byear_amt>0</byear_amt>
            <b_amt>635000</b_amt>
            <bc_content/>
        </BCME3420_row>
        <BCME3420_row>
            <budgetno>72600109011</budgetno>
            <agenno>60010</agenno>
            <agentype>C</agentype>
            <mh_budgetname>交通及運輸設備</mh_budgetname>
            <displayname>交通及運輸設備</displayname>
            <budgetno_conver>7260109011</budgetno_conver>
            <tyear_amt>635000</tyear_amt>
            <lyear_amt>0</lyear_amt>
            <byear_amt>0</byear_amt>
            <b_amt>635000</b_amt>
            <bc_content>新增汰換首長專用車1輛經費如列數。</bc_content>
        </BCME3420_row>
        <BCME3420_row>
            <budgetno>72600109800</budgetno>
            <agenno>60010</agenno>
            <agentype>C</agentype>
            <mh_budgetname>第一預備金</mh_budgetname>
            <displayname>第一預備金</displayname>
            <budgetno_conver>7260109800</budgetno_conver>
            <tyear_amt>200000</tyear_amt>
            <lyear_amt>200000</lyear_amt>
            <byear_amt>0</byear_amt>
            <b_amt>0</b_amt>
            <bc_content>仍照上年度預算數編列。</bc_content>
        </BCME3420_row>
    </BCME3420>
</tables>
