<?xml version="1.0" encoding="UTF-8"?>
<Root>
    <Row>
        <款>4</款>
        <項/>
        <目/>
        <節/>
        <科目名稱>司法院主管</科目名稱>
        <人事費>134310</人事費>
        <業務費_經>24172</業務費_經>
        <奬補助費_經>48</奬補助費_經>
        <債務費>0</債務費>
        <預備金_經>374</預備金_經>
        <經常支出小計>158904</經常支出小計>
        <業務費_資>0</業務費_資>
        <設備及投資>259</設備及投資>
        <奬補助費_資>0</奬補助費_資>
        <預備金_資>0</預備金_資>
        <資本支出小計>259</資本支出小計>
        <合計>159163</合計>
    </Row>
    <Row>
        <款/>
        <項>6</項>
        <目/>
        <節/>
        <科目名稱>高雄高等行政法院</科目名稱>
        <人事費>134310</人事費>
        <業務費_經>24172</業務費_經>
        <奬補助費_經>48</奬補助費_經>
        <債務費>0</債務費>
        <預備金_經>374</預備金_經>
        <經常支出小計>158904</經常支出小計>
        <業務費_資>0</業務費_資>
        <設備及投資>259</設備及投資>
        <奬補助費_資>0</奬補助費_資>
        <預備金_資>0</預備金_資>
        <資本支出小計>259</資本支出小計>
        <合計>159163</合計>
    </Row>
    <Row>
        <款/>
        <項/>
        <目/>
        <節/>
        <科目名稱>司法支出</科目名稱>
        <人事費>134310</人事費>
        <業務費_經>24172</業務費_經>
        <奬補助費_經>48</奬補助費_經>
        <債務費>0</債務費>
        <預備金_經>374</預備金_經>
        <經常支出小計>158904</經常支出小計>
        <業務費_資>0</業務費_資>
        <設備及投資>259</設備及投資>
        <奬補助費_資>0</奬補助費_資>
        <預備金_資>0</預備金_資>
        <資本支出小計>259</資本支出小計>
        <合計>159163</合計>
    </Row>
    <Row>
        <款/>
        <項/>
        <目>1</目>
        <節/>
        <科目名稱>一般行政</科目名稱>
        <人事費>134310</人事費>
        <業務費_經>19632</業務費_經>
        <奬補助費_經>48</奬補助費_經>
        <債務費>0</債務費>
        <預備金_經>0</預備金_經>
        <經常支出小計>153990</經常支出小計>
        <業務費_資>0</業務費_資>
        <設備及投資>0</設備及投資>
        <奬補助費_資>0</奬補助費_資>
        <預備金_資>0</預備金_資>
        <資本支出小計>0</資本支出小計>
        <合計>153990</合計>
    </Row>
    <Row>
        <款/>
        <項/>
        <目>2</目>
        <節/>
        <科目名稱>行政訴訟審判</科目名稱>
        <人事費>0</人事費>
        <業務費_經>4540</業務費_經>
        <奬補助費_經>0</奬補助費_經>
        <債務費>0</債務費>
        <預備金_經>0</預備金_經>
        <經常支出小計>4540</經常支出小計>
        <業務費_資>0</業務費_資>
        <設備及投資>133</設備及投資>
        <奬補助費_資>0</奬補助費_資>
        <預備金_資>0</預備金_資>
        <資本支出小計>133</資本支出小計>
        <合計>4673</合計>
    </Row>
    <Row>
        <款/>
        <項/>
        <目>3</目>
        <節/>
        <科目名稱>一般建築及設備</科目名稱>
        <人事費>0</人事費>
        <業務費_經>0</業務費_經>
        <奬補助費_經>0</奬補助費_經>
        <債務費>0</債務費>
        <預備金_經>0</預備金_經>
        <經常支出小計>0</經常支出小計>
        <業務費_資>0</業務費_資>
        <設備及投資>126</設備及投資>
        <奬補助費_資>0</奬補助費_資>
        <預備金_資>0</預備金_資>
        <資本支出小計>126</資本支出小計>
        <合計>126</合計>
    </Row>
    <Row>
        <款/>
        <項/>
        <目/>
        <節>1</節>
        <科目名稱>其他設備</科目名稱>
        <人事費>0</人事費>
        <業務費_經>0</業務費_經>
        <奬補助費_經>0</奬補助費_經>
        <債務費>0</債務費>
        <預備金_經>0</預備金_經>
        <經常支出小計>0</經常支出小計>
        <業務費_資>0</業務費_資>
        <設備及投資>126</設備及投資>
        <奬補助費_資>0</奬補助費_資>
        <預備金_資>0</預備金_資>
        <資本支出小計>126</資本支出小計>
        <合計>126</合計>
    </Row>
    <Row>
        <款/>
        <項/>
        <目>4</目>
        <節/>
        <科目名稱>第一預備金</科目名稱>
        <人事費>0</人事費>
        <業務費_經>0</業務費_經>
        <奬補助費_經>0</奬補助費_經>
        <債務費>0</債務費>
        <預備金_經>374</預備金_經>
        <經常支出小計>374</經常支出小計>
        <業務費_資>0</業務費_資>
        <設備及投資>0</設備及投資>
        <奬補助費_資>0</奬補助費_資>
        <預備金_資>0</預備金_資>
        <資本支出小計>0</資本支出小計>
        <合計>374</合計>
    </Row>
</Root>
