<?xml version="1.0" encoding="UTF-8" standalone="yes"?>
<Root xmlns:xsi="http://www.w3.org/2001/XMLSchema-instance">
	<Row>
		<款>  </款>
		<項>  </項>
		<目>  </目>
		<科目名稱>合          計</科目名稱>
		<經常門>1490863275</經常門>
		<資本門>57123170</資本門>
		<合計>1547986445</合計>
		<百分比>100</百分比>
	</Row>
	<Row>
		<款>  </款>
		<項>  </項>
		<目>  </目>
		<科目名稱>(1. 稅課收入)</科目名稱>
		<經常門>1126357000</經常門>
		<資本門>0</資本門>
		<合計>1126357000</合計>
		<百分比>72.762717</百分比>
	</Row>
	<Row>
		<款>1</款>
		<項>  </項>
		<目>  </目>
		<科目名稱>稅課收入</科目名稱>
		<經常門>1126357000</經常門>
		<資本門>0</資本門>
		<合計>1126357000</合計>
		<百分比>72.762717</百分比>
	</Row>
	<Row>
		<款>1</款>
		<項>  </項>
		<目>1</目>
		<科目名稱>所得稅</科目名稱>
		<經常門>620331000</經常門>
		<資本門>0</資本門>
		<合計>620331000</合計>
		<百分比>40.073413</百分比>
	</Row>
	<Row>
		<款>1</款>
		<項>  </項>
		<目>2</目>
		<科目名稱>遺產及贈與稅</科目名稱>
		<經常門>6130000</經常門>
		<資本門>0</資本門>
		<合計>6130000</合計>
		<百分比>0.395998</百分比>
	</Row>
	<Row>
		<款>1</款>
		<項>  </項>
		<目>3</目>
		<科目名稱>關稅</科目名稱>
		<經常門>75300000</經常門>
		<資本門>0</資本門>
		<合計>75300000</合計>
		<百分比>4.864384</百分比>
	</Row>
	<Row>
		<款>1</款>
		<項>  </項>
		<目>4</目>
		<科目名稱>貨物稅</科目名稱>
		<經常門>122427000</經常門>
		<資本門>0</資本門>
		<合計>122427000</合計>
		<百分比>7.90879</百分比>
	</Row>
	<Row>
		<款>1</款>
		<項>  </項>
		<目>5</目>
		<科目名稱>證券交易稅</科目名稱>
		<經常門>122000000</經常門>
		<資本門>0</資本門>
		<合計>122000000</合計>
		<百分比>7.881206</百分比>
	</Row>
	<Row>
		<款>1</款>
		<項>  </項>
		<目>6</目>
		<科目名稱>礦區稅</科目名稱>
		<經常門>0</經常門>
		<資本門>0</資本門>
		<合計>0</合計>
		<百分比>0</百分比>
	</Row>
	<Row>
		<款>1</款>
		<項>  </項>
		<目>7</目>
		<科目名稱>期貨交易稅</科目名稱>
		<經常門>4352000</經常門>
		<資本門>0</資本門>
		<合計>4352000</合計>
		<百分比>0.281139</百分比>
	</Row>
	<Row>
		<款>1</款>
		<項>  </項>
		<目>8</目>
		<科目名稱>菸酒稅</科目名稱>
		<經常門>39437000</經常門>
		<資本門>0</資本門>
		<合計>39437000</合計>
		<百分比>2.547632</百分比>
	</Row>
	<Row>
		<款>1</款>
		<項>  </項>
		<目>9</目>
		<科目名稱>營業稅</科目名稱>
		<經常門>136380000</經常門>
		<資本門>0</資本門>
		<合計>136380000</合計>
		<百分比>8.810155</百分比>
	</Row>
	<Row>
		<款>  </款>
		<項>  </項>
		<目>  </目>
		<科目名稱>(3. 規費及罰款收入)</科目名稱>
		<經常門>84442284</經常門>
		<資本門>0</資本門>
		<合計>84442284</合計>
		<百分比>5.454976</百分比>
	</Row>
	<Row>
		<款>2</款>
		<項>  </項>
		<目>  </目>
		<科目名稱>罰款及賠償收入</科目名稱>
		<經常門>24705327</經常門>
		<資本門>0</資本門>
		<合計>24705327</合計>
		<百分比>1.595965</百分比>
	</Row>
	<Row>
		<款>2</款>
		<項>  </項>
		<目>1</目>
		<科目名稱>罰金罰鍰及怠金</科目名稱>
		<經常門>23102063</經常門>
		<資本門>0</資本門>
		<合計>23102063</合計>
		<百分比>1.492394</百分比>
	</Row>
	<Row>
		<款>2</款>
		<項>  </項>
		<目>2</目>
		<科目名稱>沒入及沒收財物</科目名稱>
		<經常門>936411</經常門>
		<資本門>0</資本門>
		<合計>936411</合計>
		<百分比>0.060492</百分比>
	</Row>
	<Row>
		<款>2</款>
		<項>  </項>
		<目>3</目>
		<科目名稱>賠償收入</科目名稱>
		<經常門>666853</經常門>
		<資本門>0</資本門>
		<合計>666853</合計>
		<百分比>0.043079</百分比>
	</Row>
	<Row>
		<款>3</款>
		<項>  </項>
		<目>  </目>
		<科目名稱>規費收入</科目名稱>
		<經常門>59736957</經常門>
		<資本門>0</資本門>
		<合計>59736957</合計>
		<百分比>3.85901</百分比>
	</Row>
	<Row>
		<款>3</款>
		<項>  </項>
		<目>1</目>
		<科目名稱>行政規費收入</科目名稱>
		<經常門>21144698</經常門>
		<資本門>0</資本門>
		<合計>21144698</合計>
		<百分比>1.365949</百分比>
	</Row>
	<Row>
		<款>3</款>
		<項>  </項>
		<目>2</目>
		<科目名稱>司法規費收入</科目名稱>
		<經常門>7967649</經常門>
		<資本門>0</資本門>
		<合計>7967649</合計>
		<百分比>0.514711</百分比>
	</Row>
	<Row>
		<款>3</款>
		<項>  </項>
		<目>3</目>
		<科目名稱>使用規費收入</科目名稱>
		<經常門>30624610</經常門>
		<資本門>0</資本門>
		<合計>30624610</合計>
		<百分比>1.978351</百分比>
	</Row>
	<Row>
		<款>  </款>
		<項>  </項>
		<目>  </目>
		<科目名稱>(4. 財產收入)</科目名稱>
		<經常門>9313291</經常門>
		<資本門>57123170</資本門>
		<合計>66436461</合計>
		<百分比>4.291799</百分比>
	</Row>
	<Row>
		<款>4</款>
		<項>  </項>
		<目>  </目>
		<科目名稱>財產收入</科目名稱>
		<經常門>9313291</經常門>
		<資本門>57123170</資本門>
		<合計>66436461</合計>
		<百分比>4.291799</百分比>
	</Row>
	<Row>
		<款>4</款>
		<項>  </項>
		<目>1</目>
		<科目名稱>財產孳息</科目名稱>
		<經常門>8964012</經常門>
		<資本門>0</資本門>
		<合計>8964012</合計>
		<百分比>0.579076</百分比>
	</Row>
	<Row>
		<款>4</款>
		<項>  </項>
		<目>2</目>
		<科目名稱>財產售價</科目名稱>
		<經常門>0</經常門>
		<資本門>43328828</資本門>
		<合計>43328828</合計>
		<百分比>2.799044</百分比>
	</Row>
	<Row>
		<款>4</款>
		<項>  </項>
		<目>3</目>
		<科目名稱>財產作價</科目名稱>
		<經常門>0</經常門>
		<資本門>5284918</資本門>
		<合計>5284918</合計>
		<百分比>0.341406</百分比>
	</Row>
	<Row>
		<款>4</款>
		<項>  </項>
		<目>4</目>
		<科目名稱>投資收回</科目名稱>
		<經常門>0</經常門>
		<資本門>8509424</資本門>
		<合計>8509424</合計>
		<百分比>0.549709</百分比>
	</Row>
	<Row>
		<款>4</款>
		<項>  </項>
		<目>5</目>
		<科目名稱>廢舊物資售價</科目名稱>
		<經常門>349279</經常門>
		<資本門>0</資本門>
		<合計>349279</合計>
		<百分比>0.022563</百分比>
	</Row>
	<Row>
		<款>  </款>
		<項>  </項>
		<目>  </目>
		<科目名稱>(2. 營業盈餘及事業收入)</科目名稱>
		<經常門>251663070</經常門>
		<資本門>0</資本門>
		<合計>251663070</合計>
		<百分比>16.257447</百分比>
	</Row>
	<Row>
		<款>5</款>
		<項>  </項>
		<目>  </目>
		<科目名稱>營業盈餘及事業收入</科目名稱>
		<經常門>251663070</經常門>
		<資本門>0</資本門>
		<合計>251663070</合計>
		<百分比>16.257447</百分比>
	</Row>
	<Row>
		<款>5</款>
		<項>  </項>
		<目>1</目>
		<科目名稱>營業基金盈餘繳庫</科目名稱>
		<經常門>212097113</經常門>
		<資本門>0</資本門>
		<合計>212097113</合計>
		<百分比>13.701484</百分比>
	</Row>
	<Row>
		<款>5</款>
		<項>  </項>
		<目>2</目>
		<科目名稱>非營業特種基金賸餘繳庫</科目名稱>
		<經常門>18559047</經常門>
		<資本門>0</資本門>
		<合計>18559047</合計>
		<百分比>1.198915</百分比>
	</Row>
	<Row>
		<款>5</款>
		<項>  </項>
		<目>3</目>
		<科目名稱>投資收益</科目名稱>
		<經常門>21006910</經常門>
		<資本門>0</資本門>
		<合計>21006910</合計>
		<百分比>1.357047</百分比>
	</Row>
	<Row>
		<款>  </款>
		<項>  </項>
		<目>  </目>
		<科目名稱>(5. 其他收入)</科目名稱>
		<經常門>19087630</經常門>
		<資本門>0</資本門>
		<合計>19087630</合計>
		<百分比>1.233062</百分比>
	</Row>
	<Row>
		<款>6</款>
		<項>  </項>
		<目>  </目>
		<科目名稱>捐獻及贈與收入</科目名稱>
		<經常門>20</經常門>
		<資本門>0</資本門>
		<合計>20</合計>
		<百分比>0.000001</百分比>
	</Row>
	<Row>
		<款>6</款>
		<項>  </項>
		<目>1</目>
		<科目名稱>捐獻收入</科目名稱>
		<經常門>20</經常門>
		<資本門>0</資本門>
		<合計>20</合計>
		<百分比>0.000001</百分比>
	</Row>
	<Row>
		<款>7</款>
		<項>  </項>
		<目>  </目>
		<科目名稱>其他收入</科目名稱>
		<經常門>19087610</經常門>
		<資本門>0</資本門>
		<合計>19087610</合計>
		<百分比>1.233061</百分比>
	</Row>
	<Row>
		<款>7</款>
		<項>  </項>
		<目>1</目>
		<科目名稱>學雜費收入</科目名稱>
		<經常門>122663</經常門>
		<資本門>0</資本門>
		<合計>122663</合計>
		<百分比>0.007924</百分比>
	</Row>
	<Row>
		<款>7</款>
		<項>  </項>
		<目>2</目>
		<科目名稱>雜項收入</科目名稱>
		<經常門>18964947</經常門>
		<資本門>0</資本門>
		<合計>18964947</合計>
		<百分比>1.225137</百分比>
	</Row>
</Root>