<?xml version="1.0" encoding="UTF-8" standalone="yes"?>
<Root xmlns:xsi="http://www.w3.org/2001/XMLSchema-instance">
	<Row>
		<年度別>42年度</年度別>
		<各級政府收入淨額_合計>3875640</各級政府收入淨額_合計>
		<各級政府收入淨額_中央政府_金額>2155802</各級政府收入淨額_中央政府_金額>
		<各級政府收入淨額_中央政府_百分比>55.6</各級政府收入淨額_中央政府_百分比>
		<各級政府收入淨額_省市政府_金額>728406</各級政府收入淨額_省市政府_金額>
		<各級政府收入淨額_省市政府_百分比>18.8</各級政府收入淨額_省市政府_百分比>
		<各級政府收入淨額_縣市政府_金額>991432</各級政府收入淨額_縣市政府_金額>
		<各級政府收入淨額_縣市政府_百分比>25.6</各級政府收入淨額_縣市政府_百分比>
		<各級政府支出淨額_合計>3744577</各級政府支出淨額_合計>
		<各級政府支出淨額_中央政府_金額>1822257</各級政府支出淨額_中央政府_金額>
		<各級政府支出淨額_中央政府_百分比>48.7</各級政府支出淨額_中央政府_百分比>
		<各級政府支出淨額_省市政府_金額>803462</各級政府支出淨額_省市政府_金額>
		<各級政府支出淨額_省市政府_百分比>21.5</各級政府支出淨額_省市政府_百分比>
		<各級政府支出淨額_縣市政府_金額>1118858</各級政府支出淨額_縣市政府_金額>
		<各級政府支出淨額_縣市政府_百分比>29.8</各級政府支出淨額_縣市政府_百分比>
	</Row>
	<Row>
		<年度別>43年上半年</年度別>
		<各級政府收入淨額_合計>2179715</各級政府收入淨額_合計>
		<各級政府收入淨額_中央政府_金額>1378730</各級政府收入淨額_中央政府_金額>
		<各級政府收入淨額_中央政府_百分比>63.3</各級政府收入淨額_中央政府_百分比>
		<各級政府收入淨額_省市政府_金額>367458</各級政府收入淨額_省市政府_金額>
		<各級政府收入淨額_省市政府_百分比>16.9</各級政府收入淨額_省市政府_百分比>
		<各級政府收入淨額_縣市政府_金額>433527</各級政府收入淨額_縣市政府_金額>
		<各級政府收入淨額_縣市政府_百分比>19.8</各級政府收入淨額_縣市政府_百分比>
		<各級政府支出淨額_合計>2269627</各級政府支出淨額_合計>
		<各級政府支出淨額_中央政府_金額>1335545</各級政府支出淨額_中央政府_金額>
		<各級政府支出淨額_中央政府_百分比>58.8</各級政府支出淨額_中央政府_百分比>
		<各級政府支出淨額_省市政府_金額>375601</各級政府支出淨額_省市政府_金額>
		<各級政府支出淨額_省市政府_百分比>16.5</各級政府支出淨額_省市政府_百分比>
		<各級政府支出淨額_縣市政府_金額>558481</各級政府支出淨額_縣市政府_金額>
		<各級政府支出淨額_縣市政府_百分比>24.7</各級政府支出淨額_縣市政府_百分比>
	</Row>
	<Row>
		<年度別>43年度</年度別>
		<各級政府收入淨額_合計>5301817</各級政府收入淨額_合計>
		<各級政府收入淨額_中央政府_金額>3294401</各級政府收入淨額_中央政府_金額>
		<各級政府收入淨額_中央政府_百分比>62.1</各級政府收入淨額_中央政府_百分比>
		<各級政府收入淨額_省市政府_金額>892922</各級政府收入淨額_省市政府_金額>
		<各級政府收入淨額_省市政府_百分比>16.8</各級政府收入淨額_省市政府_百分比>
		<各級政府收入淨額_縣市政府_金額>1114494</各級政府收入淨額_縣市政府_金額>
		<各級政府收入淨額_縣市政府_百分比>21.1</各級政府收入淨額_縣市政府_百分比>
		<各級政府支出淨額_合計>5356140</各級政府支出淨額_合計>
		<各級政府支出淨額_中央政府_金額>3027813</各級政府支出淨額_中央政府_金額>
		<各級政府支出淨額_中央政府_百分比>56.5</各級政府支出淨額_中央政府_百分比>
		<各級政府支出淨額_省市政府_金額>891499</各級政府支出淨額_省市政府_金額>
		<各級政府支出淨額_省市政府_百分比>16.6</各級政府支出淨額_省市政府_百分比>
		<各級政府支出淨額_縣市政府_金額>1436828</各級政府支出淨額_縣市政府_金額>
		<各級政府支出淨額_縣市政府_百分比>26.9</各級政府支出淨額_縣市政府_百分比>
	</Row>
	<Row>
		<年度別>44年度</年度別>
		<各級政府收入淨額_合計>6688599</各級政府收入淨額_合計>
		<各級政府收入淨額_中央政府_金額>3912749</各級政府收入淨額_中央政府_金額>
		<各級政府收入淨額_中央政府_百分比>58.5</各級政府收入淨額_中央政府_百分比>
		<各級政府收入淨額_省市政府_金額>1490052</各級政府收入淨額_省市政府_金額>
		<各級政府收入淨額_省市政府_百分比>22.3</各級政府收入淨額_省市政府_百分比>
		<各級政府收入淨額_縣市政府_金額>1285798</各級政府收入淨額_縣市政府_金額>
		<各級政府收入淨額_縣市政府_百分比>19.2</各級政府收入淨額_縣市政府_百分比>
		<各級政府支出淨額_合計>6534280</各級政府支出淨額_合計>
		<各級政府支出淨額_中央政府_金額>3872840</各級政府支出淨額_中央政府_金額>
		<各級政府支出淨額_中央政府_百分比>59.3</各級政府支出淨額_中央政府_百分比>
		<各級政府支出淨額_省市政府_金額>968323</各級政府支出淨額_省市政府_金額>
		<各級政府支出淨額_省市政府_百分比>14.8</各級政府支出淨額_省市政府_百分比>
		<各級政府支出淨額_縣市政府_金額>1693117</各級政府支出淨額_縣市政府_金額>
		<各級政府支出淨額_縣市政府_百分比>25.9</各級政府支出淨額_縣市政府_百分比>
	</Row>
	<Row>
		<年度別>45年度</年度別>
		<各級政府收入淨額_合計>7368405</各級政府收入淨額_合計>
		<各級政府收入淨額_中央政府_金額>3954598</各級政府收入淨額_中央政府_金額>
		<各級政府收入淨額_中央政府_百分比>53.7</各級政府收入淨額_中央政府_百分比>
		<各級政府收入淨額_省市政府_金額>1955705</各級政府收入淨額_省市政府_金額>
		<各級政府收入淨額_省市政府_百分比>26.5</各級政府收入淨額_省市政府_百分比>
		<各級政府收入淨額_縣市政府_金額>1458102</各級政府收入淨額_縣市政府_金額>
		<各級政府收入淨額_縣市政府_百分比>19.8</各級政府收入淨額_縣市政府_百分比>
		<各級政府支出淨額_合計>7551406</各級政府支出淨額_合計>
		<各級政府支出淨額_中央政府_金額>4190070</各級政府支出淨額_中央政府_金額>
		<各級政府支出淨額_中央政府_百分比>55.5</各級政府支出淨額_中央政府_百分比>
		<各級政府支出淨額_省市政府_金額>1461268</各級政府支出淨額_省市政府_金額>
		<各級政府支出淨額_省市政府_百分比>19.4</各級政府支出淨額_省市政府_百分比>
		<各級政府支出淨額_縣市政府_金額>1900068</各級政府支出淨額_縣市政府_金額>
		<各級政府支出淨額_縣市政府_百分比>25.1</各級政府支出淨額_縣市政府_百分比>
	</Row>
	<Row>
		<年度別>46年度</年度別>
		<各級政府收入淨額_合計>9095556</各級政府收入淨額_合計>
		<各級政府收入淨額_中央政府_金額>5450367</各級政府收入淨額_中央政府_金額>
		<各級政府收入淨額_中央政府_百分比>59.9</各級政府收入淨額_中央政府_百分比>
		<各級政府收入淨額_省市政府_金額>1981383</各級政府收入淨額_省市政府_金額>
		<各級政府收入淨額_省市政府_百分比>21.8</各級政府收入淨額_省市政府_百分比>
		<各級政府收入淨額_縣市政府_金額>1663806</各級政府收入淨額_縣市政府_金額>
		<各級政府收入淨額_縣市政府_百分比>18.3</各級政府收入淨額_縣市政府_百分比>
		<各級政府支出淨額_合計>8906465</各級政府支出淨額_合計>
		<各級政府支出淨額_中央政府_金額>5232834</各級政府支出淨額_中央政府_金額>
		<各級政府支出淨額_中央政府_百分比>58.8</各級政府支出淨額_中央政府_百分比>
		<各級政府支出淨額_省市政府_金額>1547627</各級政府支出淨額_省市政府_金額>
		<各級政府支出淨額_省市政府_百分比>17.4</各級政府支出淨額_省市政府_百分比>
		<各級政府支出淨額_縣市政府_金額>2126004</各級政府支出淨額_縣市政府_金額>
		<各級政府支出淨額_縣市政府_百分比>23.8</各級政府支出淨額_縣市政府_百分比>
	</Row>
	<Row>
		<年度別>47年度</年度別>
		<各級政府收入淨額_合計>10833254</各級政府收入淨額_合計>
		<各級政府收入淨額_中央政府_金額>6934101</各級政府收入淨額_中央政府_金額>
		<各級政府收入淨額_中央政府_百分比>64</各級政府收入淨額_中央政府_百分比>
		<各級政府收入淨額_省市政府_金額>2051799</各級政府收入淨額_省市政府_金額>
		<各級政府收入淨額_省市政府_百分比>18.9</各級政府收入淨額_省市政府_百分比>
		<各級政府收入淨額_縣市政府_金額>1847354</各級政府收入淨額_縣市政府_金額>
		<各級政府收入淨額_縣市政府_百分比>17.1</各級政府收入淨額_縣市政府_百分比>
		<各級政府支出淨額_合計>10670460</各級政府支出淨額_合計>
		<各級政府支出淨額_中央政府_金額>6565354</各級政府支出淨額_中央政府_金額>
		<各級政府支出淨額_中央政府_百分比>61.5</各級政府支出淨額_中央政府_百分比>
		<各級政府支出淨額_省市政府_金額>1578892</各級政府支出淨額_省市政府_金額>
		<各級政府支出淨額_省市政府_百分比>14.8</各級政府支出淨額_省市政府_百分比>
		<各級政府支出淨額_縣市政府_金額>2526214</各級政府支出淨額_縣市政府_金額>
		<各級政府支出淨額_縣市政府_百分比>23.7</各級政府支出淨額_縣市政府_百分比>
	</Row>
	<Row>
		<年度別>49年度</年度別>
		<各級政府收入淨額_合計>12110825</各級政府收入淨額_合計>
		<各級政府收入淨額_中央政府_金額>7475124</各級政府收入淨額_中央政府_金額>
		<各級政府收入淨額_中央政府_百分比>61.7</各級政府收入淨額_中央政府_百分比>
		<各級政府收入淨額_省市政府_金額>2621476</各級政府收入淨額_省市政府_金額>
		<各級政府收入淨額_省市政府_百分比>21.6</各級政府收入淨額_省市政府_百分比>
		<各級政府收入淨額_縣市政府_金額>2014225</各級政府收入淨額_縣市政府_金額>
		<各級政府收入淨額_縣市政府_百分比>16.7</各級政府收入淨額_縣市政府_百分比>
		<各級政府支出淨額_合計>12192632</各級政府支出淨額_合計>
		<各級政府支出淨額_中央政府_金額>7475054</各級政府支出淨額_中央政府_金額>
		<各級政府支出淨額_中央政府_百分比>61.3</各級政府支出淨額_中央政府_百分比>
		<各級政府支出淨額_省市政府_金額>1774169</各級政府支出淨額_省市政府_金額>
		<各級政府支出淨額_省市政府_百分比>14.6</各級政府支出淨額_省市政府_百分比>
		<各級政府支出淨額_縣市政府_金額>2943409</各級政府支出淨額_縣市政府_金額>
		<各級政府支出淨額_縣市政府_百分比>24.1</各級政府支出淨額_縣市政府_百分比>
	</Row>
	<Row>
		<年度別>50年度</年度別>
		<各級政府收入淨額_合計>14026189</各級政府收入淨額_合計>
		<各級政府收入淨額_中央政府_金額>8589709</各級政府收入淨額_中央政府_金額>
		<各級政府收入淨額_中央政府_百分比>61.2</各級政府收入淨額_中央政府_百分比>
		<各級政府收入淨額_省市政府_金額>3030166</各級政府收入淨額_省市政府_金額>
		<各級政府收入淨額_省市政府_百分比>21.6</各級政府收入淨額_省市政府_百分比>
		<各級政府收入淨額_縣市政府_金額>2406314</各級政府收入淨額_縣市政府_金額>
		<各級政府收入淨額_縣市政府_百分比>17.2</各級政府收入淨額_縣市政府_百分比>
		<各級政府支出淨額_合計>14068035</各級政府支出淨額_合計>
		<各級政府支出淨額_中央政府_金額>8609684</各級政府支出淨額_中央政府_金額>
		<各級政府支出淨額_中央政府_百分比>61.2</各級政府支出淨額_中央政府_百分比>
		<各級政府支出淨額_省市政府_金額>1934530</各級政府支出淨額_省市政府_金額>
		<各級政府支出淨額_省市政府_百分比>13.8</各級政府支出淨額_省市政府_百分比>
		<各級政府支出淨額_縣市政府_金額>3523821</各級政府支出淨額_縣市政府_金額>
		<各級政府支出淨額_縣市政府_百分比>25</各級政府支出淨額_縣市政府_百分比>
	</Row>
	<Row>
		<年度別>51年度</年度別>
		<各級政府收入淨額_合計>15039746</各級政府收入淨額_合計>
		<各級政府收入淨額_中央政府_金額>9303363</各級政府收入淨額_中央政府_金額>
		<各級政府收入淨額_中央政府_百分比>61.9</各級政府收入淨額_中央政府_百分比>
		<各級政府收入淨額_省市政府_金額>2999743</各級政府收入淨額_省市政府_金額>
		<各級政府收入淨額_省市政府_百分比>19.9</各級政府收入淨額_省市政府_百分比>
		<各級政府收入淨額_縣市政府_金額>2736640</各級政府收入淨額_縣市政府_金額>
		<各級政府收入淨額_縣市政府_百分比>18.2</各級政府收入淨額_縣市政府_百分比>
		<各級政府支出淨額_合計>15414040</各級政府支出淨額_合計>
		<各級政府支出淨額_中央政府_金額>9678047</各級政府支出淨額_中央政府_金額>
		<各級政府支出淨額_中央政府_百分比>62.8</各級政府支出淨額_中央政府_百分比>
		<各級政府支出淨額_省市政府_金額>1867874</各級政府支出淨額_省市政府_金額>
		<各級政府支出淨額_省市政府_百分比>12.1</各級政府支出淨額_省市政府_百分比>
		<各級政府支出淨額_縣市政府_金額>3868119</各級政府支出淨額_縣市政府_金額>
		<各級政府支出淨額_縣市政府_百分比>25.1</各級政府支出淨額_縣市政府_百分比>
	</Row>
	<Row>
		<年度別>52年度</年度別>
		<各級政府收入淨額_合計>15840863</各級政府收入淨額_合計>
		<各級政府收入淨額_中央政府_金額>9426019</各級政府收入淨額_中央政府_金額>
		<各級政府收入淨額_中央政府_百分比>59.5</各級政府收入淨額_中央政府_百分比>
		<各級政府收入淨額_省市政府_金額>3413279</各級政府收入淨額_省市政府_金額>
		<各級政府收入淨額_省市政府_百分比>21.5</各級政府收入淨額_省市政府_百分比>
		<各級政府收入淨額_縣市政府_金額>3001565</各級政府收入淨額_縣市政府_金額>
		<各級政府收入淨額_縣市政府_百分比>19</各級政府收入淨額_縣市政府_百分比>
		<各級政府支出淨額_合計>16456874</各級政府支出淨額_合計>
		<各級政府支出淨額_中央政府_金額>10068645</各級政府支出淨額_中央政府_金額>
		<各級政府支出淨額_中央政府_百分比>61.2</各級政府支出淨額_中央政府_百分比>
		<各級政府支出淨額_省市政府_金額>2167846</各級政府支出淨額_省市政府_金額>
		<各級政府支出淨額_省市政府_百分比>13.2</各級政府支出淨額_省市政府_百分比>
		<各級政府支出淨額_縣市政府_金額>4220383</各級政府支出淨額_縣市政府_金額>
		<各級政府支出淨額_縣市政府_百分比>25.6</各級政府支出淨額_縣市政府_百分比>
	</Row>
	<Row>
		<年度別>53年度</年度別>
		<各級政府收入淨額_合計>19054033</各級政府收入淨額_合計>
		<各級政府收入淨額_中央政府_金額>11866487</各級政府收入淨額_中央政府_金額>
		<各級政府收入淨額_中央政府_百分比>62.3</各級政府收入淨額_中央政府_百分比>
		<各級政府收入淨額_省市政府_金額>3916375</各級政府收入淨額_省市政府_金額>
		<各級政府收入淨額_省市政府_百分比>20.6</各級政府收入淨額_省市政府_百分比>
		<各級政府收入淨額_縣市政府_金額>3271171</各級政府收入淨額_縣市政府_金額>
		<各級政府收入淨額_縣市政府_百分比>17.1</各級政府收入淨額_縣市政府_百分比>
		<各級政府支出淨額_合計>18485563</各級政府支出淨額_合計>
		<各級政府支出淨額_中央政府_金額>11470117</各級政府支出淨額_中央政府_金額>
		<各級政府支出淨額_中央政府_百分比>62</各級政府支出淨額_中央政府_百分比>
		<各級政府支出淨額_省市政府_金額>2730081</各級政府支出淨額_省市政府_金額>
		<各級政府支出淨額_省市政府_百分比>14.8</各級政府支出淨額_省市政府_百分比>
		<各級政府支出淨額_縣市政府_金額>4285365</各級政府支出淨額_縣市政府_金額>
		<各級政府支出淨額_縣市政府_百分比>23.2</各級政府支出淨額_縣市政府_百分比>
	</Row>
	<Row>
		<年度別>54年度</年度別>
		<各級政府收入淨額_合計>23384360</各級政府收入淨額_合計>
		<各級政府收入淨額_中央政府_金額>15198625</各級政府收入淨額_中央政府_金額>
		<各級政府收入淨額_中央政府_百分比>65</各級政府收入淨額_中央政府_百分比>
		<各級政府收入淨額_省市政府_金額>4417765</各級政府收入淨額_省市政府_金額>
		<各級政府收入淨額_省市政府_百分比>18.9</各級政府收入淨額_省市政府_百分比>
		<各級政府收入淨額_縣市政府_金額>3767970</各級政府收入淨額_縣市政府_金額>
		<各級政府收入淨額_縣市政府_百分比>16.1</各級政府收入淨額_縣市政府_百分比>
		<各級政府支出淨額_合計>22391338</各級政府支出淨額_合計>
		<各級政府支出淨額_中央政府_金額>14845835</各級政府支出淨額_中央政府_金額>
		<各級政府支出淨額_中央政府_百分比>66.3</各級政府支出淨額_中央政府_百分比>
		<各級政府支出淨額_省市政府_金額>2932311</各級政府支出淨額_省市政府_金額>
		<各級政府支出淨額_省市政府_百分比>13.1</各級政府支出淨額_省市政府_百分比>
		<各級政府支出淨額_縣市政府_金額>4613192</各級政府支出淨額_縣市政府_金額>
		<各級政府支出淨額_縣市政府_百分比>20.6</各級政府支出淨額_縣市政府_百分比>
	</Row>
	<Row>
		<年度別>55年度</年度別>
		<各級政府收入淨額_合計>25192244</各級政府收入淨額_合計>
		<各級政府收入淨額_中央政府_金額>16093536</各級政府收入淨額_中央政府_金額>
		<各級政府收入淨額_中央政府_百分比>63.9</各級政府收入淨額_中央政府_百分比>
		<各級政府收入淨額_省市政府_金額>4644778</各級政府收入淨額_省市政府_金額>
		<各級政府收入淨額_省市政府_百分比>18.4</各級政府收入淨額_省市政府_百分比>
		<各級政府收入淨額_縣市政府_金額>4453930</各級政府收入淨額_縣市政府_金額>
		<各級政府收入淨額_縣市政府_百分比>17.7</各級政府收入淨額_縣市政府_百分比>
		<各級政府支出淨額_合計>23836080</各級政府支出淨額_合計>
		<各級政府支出淨額_中央政府_金額>15057587</各級政府支出淨額_中央政府_金額>
		<各級政府支出淨額_中央政府_百分比>63.2</各級政府支出淨額_中央政府_百分比>
		<各級政府支出淨額_省市政府_金額>3310804</各級政府支出淨額_省市政府_金額>
		<各級政府支出淨額_省市政府_百分比>13.9</各級政府支出淨額_省市政府_百分比>
		<各級政府支出淨額_縣市政府_金額>5467689</各級政府支出淨額_縣市政府_金額>
		<各級政府支出淨額_縣市政府_百分比>22.9</各級政府支出淨額_縣市政府_百分比>
	</Row>
	<Row>
		<年度別>56年度</年度別>
		<各級政府收入淨額_合計>31639480</各級政府收入淨額_合計>
		<各級政府收入淨額_中央政府_金額>20505470</各級政府收入淨額_中央政府_金額>
		<各級政府收入淨額_中央政府_百分比>64.8</各級政府收入淨額_中央政府_百分比>
		<各級政府收入淨額_省市政府_金額>5879129</各級政府收入淨額_省市政府_金額>
		<各級政府收入淨額_省市政府_百分比>18.6</各級政府收入淨額_省市政府_百分比>
		<各級政府收入淨額_縣市政府_金額>5254881</各級政府收入淨額_縣市政府_金額>
		<各級政府收入淨額_縣市政府_百分比>16.6</各級政府收入淨額_縣市政府_百分比>
		<各級政府支出淨額_合計>30726846</各級政府支出淨額_合計>
		<各級政府支出淨額_中央政府_金額>19953120</各級政府支出淨額_中央政府_金額>
		<各級政府支出淨額_中央政府_百分比>64.9</各級政府支出淨額_中央政府_百分比>
		<各級政府支出淨額_省市政府_金額>4310526</各級政府支出淨額_省市政府_金額>
		<各級政府支出淨額_省市政府_百分比>14</各級政府支出淨額_省市政府_百分比>
		<各級政府支出淨額_縣市政府_金額>6463200</各級政府支出淨額_縣市政府_金額>
		<各級政府支出淨額_縣市政府_百分比>21.1</各級政府支出淨額_縣市政府_百分比>
	</Row>
	<Row>
		<年度別>57年度</年度別>
		<各級政府收入淨額_合計>35235301</各級政府收入淨額_合計>
		<各級政府收入淨額_中央政府_金額>22331674</各級政府收入淨額_中央政府_金額>
		<各級政府收入淨額_中央政府_百分比>63.4</各級政府收入淨額_中央政府_百分比>
		<各級政府收入淨額_省市政府_金額>7664725</各級政府收入淨額_省市政府_金額>
		<各級政府收入淨額_省市政府_百分比>21.8</各級政府收入淨額_省市政府_百分比>
		<各級政府收入淨額_縣市政府_金額>5238902</各級政府收入淨額_縣市政府_金額>
		<各級政府收入淨額_縣市政府_百分比>14.8</各級政府收入淨額_縣市政府_百分比>
		<各級政府支出淨額_合計>33002010</各級政府支出淨額_合計>
		<各級政府支出淨額_中央政府_金額>20022330</各級政府支出淨額_中央政府_金額>
		<各級政府支出淨額_中央政府_百分比>60.7</各級政府支出淨額_中央政府_百分比>
		<各級政府支出淨額_省市政府_金額>6435439</各級政府支出淨額_省市政府_金額>
		<各級政府支出淨額_省市政府_百分比>19.5</各級政府支出淨額_省市政府_百分比>
		<各級政府支出淨額_縣市政府_金額>6544241</各級政府支出淨額_縣市政府_金額>
		<各級政府支出淨額_縣市政府_百分比>19.8</各級政府支出淨額_縣市政府_百分比>
	</Row>
	<Row>
		<年度別>58年度</年度別>
		<各級政府收入淨額_合計>45046098</各級政府收入淨額_合計>
		<各級政府收入淨額_中央政府_金額>28374487</各級政府收入淨額_中央政府_金額>
		<各級政府收入淨額_中央政府_百分比>63</各級政府收入淨額_中央政府_百分比>
		<各級政府收入淨額_省市政府_金額>10016376</各級政府收入淨額_省市政府_金額>
		<各級政府收入淨額_省市政府_百分比>22.2</各級政府收入淨額_省市政府_百分比>
		<各級政府收入淨額_縣市政府_金額>6655235</各級政府收入淨額_縣市政府_金額>
		<各級政府收入淨額_縣市政府_百分比>14.8</各級政府收入淨額_縣市政府_百分比>
		<各級政府支出淨額_合計>41868952</各級政府支出淨額_合計>
		<各級政府支出淨額_中央政府_金額>26249994</各級政府支出淨額_中央政府_金額>
		<各級政府支出淨額_中央政府_百分比>62.7</各級政府支出淨額_中央政府_百分比>
		<各級政府支出淨額_省市政府_金額>7759392</各級政府支出淨額_省市政府_金額>
		<各級政府支出淨額_省市政府_百分比>18.5</各級政府支出淨額_省市政府_百分比>
		<各級政府支出淨額_縣市政府_金額>7859566</各級政府支出淨額_縣市政府_金額>
		<各級政府支出淨額_縣市政府_百分比>18.8</各級政府支出淨額_縣市政府_百分比>
	</Row>
	<Row>
		<年度別>59年度</年度別>
		<各級政府收入淨額_合計>51214503</各級政府收入淨額_合計>
		<各級政府收入淨額_中央政府_金額>32146632</各級政府收入淨額_中央政府_金額>
		<各級政府收入淨額_中央政府_百分比>62.8</各級政府收入淨額_中央政府_百分比>
		<各級政府收入淨額_省市政府_金額>12315051</各級政府收入淨額_省市政府_金額>
		<各級政府收入淨額_省市政府_百分比>24</各級政府收入淨額_省市政府_百分比>
		<各級政府收入淨額_縣市政府_金額>6752820</各級政府收入淨額_縣市政府_金額>
		<各級政府收入淨額_縣市政府_百分比>13.2</各級政府收入淨額_縣市政府_百分比>
		<各級政府支出淨額_合計>49152612</各級政府支出淨額_合計>
		<各級政府支出淨額_中央政府_金額>29964040</各級政府支出淨額_中央政府_金額>
		<各級政府支出淨額_中央政府_百分比>61</各級政府支出淨額_中央政府_百分比>
		<各級政府支出淨額_省市政府_金額>9904896</各級政府支出淨額_省市政府_金額>
		<各級政府支出淨額_省市政府_百分比>20.2</各級政府支出淨額_省市政府_百分比>
		<各級政府支出淨額_縣市政府_金額>9283676</各級政府支出淨額_縣市政府_金額>
		<各級政府支出淨額_縣市政府_百分比>18.8</各級政府支出淨額_縣市政府_百分比>
	</Row>
	<Row>
		<年度別>60年度</年度別>
		<各級政府收入淨額_合計>57344711</各級政府收入淨額_合計>
		<各級政府收入淨額_中央政府_金額>36877563</各級政府收入淨額_中央政府_金額>
		<各級政府收入淨額_中央政府_百分比>64.3</各級政府收入淨額_中央政府_百分比>
		<各級政府收入淨額_省市政府_金額>13056123</各級政府收入淨額_省市政府_金額>
		<各級政府收入淨額_省市政府_百分比>22.8</各級政府收入淨額_省市政府_百分比>
		<各級政府收入淨額_縣市政府_金額>7411025</各級政府收入淨額_縣市政府_金額>
		<各級政府收入淨額_縣市政府_百分比>12.9</各級政府收入淨額_縣市政府_百分比>
		<各級政府支出淨額_合計>54829195</各級政府支出淨額_合計>
		<各級政府支出淨額_中央政府_金額>34605127</各級政府支出淨額_中央政府_金額>
		<各級政府支出淨額_中央政府_百分比>63.1</各級政府支出淨額_中央政府_百分比>
		<各級政府支出淨額_省市政府_金額>10590863</各級政府支出淨額_省市政府_金額>
		<各級政府支出淨額_省市政府_百分比>19.3</各級政府支出淨額_省市政府_百分比>
		<各級政府支出淨額_縣市政府_金額>9633205</各級政府支出淨額_縣市政府_金額>
		<各級政府支出淨額_縣市政府_百分比>17.6</各級政府支出淨額_縣市政府_百分比>
	</Row>
	<Row>
		<年度別>61年度</年度別>
		<各級政府收入淨額_合計>66367822</各級政府收入淨額_合計>
		<各級政府收入淨額_中央政府_金額>42695018</各級政府收入淨額_中央政府_金額>
		<各級政府收入淨額_中央政府_百分比>64.3</各級政府收入淨額_中央政府_百分比>
		<各級政府收入淨額_省市政府_金額>14564814</各級政府收入淨額_省市政府_金額>
		<各級政府收入淨額_省市政府_百分比>21.9</各級政府收入淨額_省市政府_百分比>
		<各級政府收入淨額_縣市政府_金額>9107990</各級政府收入淨額_縣市政府_金額>
		<各級政府收入淨額_縣市政府_百分比>13.8</各級政府收入淨額_縣市政府_百分比>
		<各級政府支出淨額_合計>63667744</各級政府支出淨額_合計>
		<各級政府支出淨額_中央政府_金額>39890813</各級政府支出淨額_中央政府_金額>
		<各級政府支出淨額_中央政府_百分比>62.7</各級政府支出淨額_中央政府_百分比>
		<各級政府支出淨額_省市政府_金額>12032069</各級政府支出淨額_省市政府_金額>
		<各級政府支出淨額_省市政府_百分比>18.9</各級政府支出淨額_省市政府_百分比>
		<各級政府支出淨額_縣市政府_金額>11744862</各級政府支出淨額_縣市政府_金額>
		<各級政府支出淨額_縣市政府_百分比>18.4</各級政府支出淨額_縣市政府_百分比>
	</Row>
	<Row>
		<年度別>62年度</年度別>
		<各級政府收入淨額_合計>89637027</各級政府收入淨額_合計>
		<各級政府收入淨額_中央政府_金額>60509838</各級政府收入淨額_中央政府_金額>
		<各級政府收入淨額_中央政府_百分比>67.5</各級政府收入淨額_中央政府_百分比>
		<各級政府收入淨額_省市政府_金額>18170081</各級政府收入淨額_省市政府_金額>
		<各級政府收入淨額_省市政府_百分比>20.3</各級政府收入淨額_省市政府_百分比>
		<各級政府收入淨額_縣市政府_金額>10957108</各級政府收入淨額_縣市政府_金額>
		<各級政府收入淨額_縣市政府_百分比>12.2</各級政府收入淨額_縣市政府_百分比>
		<各級政府支出淨額_合計>79855942</各級政府支出淨額_合計>
		<各級政府支出淨額_中央政府_金額>50633062</各級政府支出淨額_中央政府_金額>
		<各級政府支出淨額_中央政府_百分比>63.4</各級政府支出淨額_中央政府_百分比>
		<各級政府支出淨額_省市政府_金額>15300462</各級政府支出淨額_省市政府_金額>
		<各級政府支出淨額_省市政府_百分比>19.2</各級政府支出淨額_省市政府_百分比>
		<各級政府支出淨額_縣市政府_金額>13922418</各級政府支出淨額_縣市政府_金額>
		<各級政府支出淨額_縣市政府_百分比>17.4</各級政府支出淨額_縣市政府_百分比>
	</Row>
	<Row>
		<年度別>63年度</年度別>
		<各級政府收入淨額_合計>115832322</各級政府收入淨額_合計>
		<各級政府收入淨額_中央政府_金額>77636254</各級政府收入淨額_中央政府_金額>
		<各級政府收入淨額_中央政府_百分比>67</各級政府收入淨額_中央政府_百分比>
		<各級政府收入淨額_省市政府_金額>23158244</各級政府收入淨額_省市政府_金額>
		<各級政府收入淨額_省市政府_百分比>20</各級政府收入淨額_省市政府_百分比>
		<各級政府收入淨額_縣市政府_金額>15037824</各級政府收入淨額_縣市政府_金額>
		<各級政府收入淨額_縣市政府_百分比>13</各級政府收入淨額_縣市政府_百分比>
		<各級政府支出淨額_合計>89933670</各級政府支出淨額_合計>
		<各級政府支出淨額_中央政府_金額>54173442</各級政府支出淨額_中央政府_金額>
		<各級政府支出淨額_中央政府_百分比>60.2</各級政府支出淨額_中央政府_百分比>
		<各級政府支出淨額_省市政府_金額>16251265</各級政府支出淨額_省市政府_金額>
		<各級政府支出淨額_省市政府_百分比>18.1</各級政府支出淨額_省市政府_百分比>
		<各級政府支出淨額_縣市政府_金額>19508963</各級政府支出淨額_縣市政府_金額>
		<各級政府支出淨額_縣市政府_百分比>21.7</各級政府支出淨額_縣市政府_百分比>
	</Row>
	<Row>
		<年度別>64年度</年度別>
		<各級政府收入淨額_合計>134033713</各級政府收入淨額_合計>
		<各級政府收入淨額_中央政府_金額>87866059</各級政府收入淨額_中央政府_金額>
		<各級政府收入淨額_中央政府_百分比>65.6</各級政府收入淨額_中央政府_百分比>
		<各級政府收入淨額_省市政府_金額>30102778</各級政府收入淨額_省市政府_金額>
		<各級政府收入淨額_省市政府_百分比>22.5</各級政府收入淨額_省市政府_百分比>
		<各級政府收入淨額_縣市政府_金額>16064876</各級政府收入淨額_縣市政府_金額>
		<各級政府收入淨額_縣市政府_百分比>11.9</各級政府收入淨額_縣市政府_百分比>
		<各級政府支出淨額_合計>126435527</各級政府支出淨額_合計>
		<各級政府支出淨額_中央政府_金額>76701660</各級政府支出淨額_中央政府_金額>
		<各級政府支出淨額_中央政府_百分比>60.7</各級政府支出淨額_中央政府_百分比>
		<各級政府支出淨額_省市政府_金額>24958788</各級政府支出淨額_省市政府_金額>
		<各級政府支出淨額_省市政府_百分比>19.7</各級政府支出淨額_省市政府_百分比>
		<各級政府支出淨額_縣市政府_金額>24775079</各級政府支出淨額_縣市政府_金額>
		<各級政府支出淨額_縣市政府_百分比>19.6</各級政府支出淨額_縣市政府_百分比>
	</Row>
	<Row>
		<年度別>65年度</年度別>
		<各級政府收入淨額_合計>166102847</各級政府收入淨額_合計>
		<各級政府收入淨額_中央政府_金額>103844597</各級政府收入淨額_中央政府_金額>
		<各級政府收入淨額_中央政府_百分比>62.5</各級政府收入淨額_中央政府_百分比>
		<各級政府收入淨額_省市政府_金額>38165834</各級政府收入淨額_省市政府_金額>
		<各級政府收入淨額_省市政府_百分比>23</各級政府收入淨額_省市政府_百分比>
		<各級政府收入淨額_縣市政府_金額>24092416</各級政府收入淨額_縣市政府_金額>
		<各級政府收入淨額_縣市政府_百分比>14.5</各級政府收入淨額_縣市政府_百分比>
		<各級政府支出淨額_合計>149994458</各級政府支出淨額_合計>
		<各級政府支出淨額_中央政府_金額>88651309</各級政府支出淨額_中央政府_金額>
		<各級政府支出淨額_中央政府_百分比>59.1</各級政府支出淨額_中央政府_百分比>
		<各級政府支出淨額_省市政府_金額>32270618</各級政府支出淨額_省市政府_金額>
		<各級政府支出淨額_省市政府_百分比>21.5</各級政府支出淨額_省市政府_百分比>
		<各級政府支出淨額_縣市政府_金額>29072531</各級政府支出淨額_縣市政府_金額>
		<各級政府支出淨額_縣市政府_百分比>19.4</各級政府支出淨額_縣市政府_百分比>
	</Row>
	<Row>
		<年度別>66年度</年度別>
		<各級政府收入淨額_合計>193828497</各級政府收入淨額_合計>
		<各級政府收入淨額_中央政府_金額>123700431</各級政府收入淨額_中央政府_金額>
		<各級政府收入淨額_中央政府_百分比>63.8</各級政府收入淨額_中央政府_百分比>
		<各級政府收入淨額_省市政府_金額>41117077</各級政府收入淨額_省市政府_金額>
		<各級政府收入淨額_省市政府_百分比>21.2</各級政府收入淨額_省市政府_百分比>
		<各級政府收入淨額_縣市政府_金額>29010989</各級政府收入淨額_縣市政府_金額>
		<各級政府收入淨額_縣市政府_百分比>15</各級政府收入淨額_縣市政府_百分比>
		<各級政府支出淨額_合計>192492667</各級政府支出淨額_合計>
		<各級政府支出淨額_中央政府_金額>116091661</各級政府支出淨額_中央政府_金額>
		<各級政府支出淨額_中央政府_百分比>60.3</各級政府支出淨額_中央政府_百分比>
		<各級政府支出淨額_省市政府_金額>40066757</各級政府支出淨額_省市政府_金額>
		<各級政府支出淨額_省市政府_百分比>20.8</各級政府支出淨額_省市政府_百分比>
		<各級政府支出淨額_縣市政府_金額>36334249</各級政府支出淨額_縣市政府_金額>
		<各級政府支出淨額_縣市政府_百分比>18.9</各級政府支出淨額_縣市政府_百分比>
	</Row>
	<Row>
		<年度別>67年度</年度別>
		<各級政府收入淨額_合計>233644266</各級政府收入淨額_合計>
		<各級政府收入淨額_中央政府_金額>149145528</各級政府收入淨額_中央政府_金額>
		<各級政府收入淨額_中央政府_百分比>63.8</各級政府收入淨額_中央政府_百分比>
		<各級政府收入淨額_省市政府_金額>53799267</各級政府收入淨額_省市政府_金額>
		<各級政府收入淨額_省市政府_百分比>23</各級政府收入淨額_省市政府_百分比>
		<各級政府收入淨額_縣市政府_金額>30699471</各級政府收入淨額_縣市政府_金額>
		<各級政府收入淨額_縣市政府_百分比>13.2</各級政府收入淨額_縣市政府_百分比>
		<各級政府支出淨額_合計>226899721</各級政府支出淨額_合計>
		<各級政府支出淨額_中央政府_金額>136312478</各級政府支出淨額_中央政府_金額>
		<各級政府支出淨額_中央政府_百分比>60.1</各級政府支出淨額_中央政府_百分比>
		<各級政府支出淨額_省市政府_金額>49794090</各級政府支出淨額_省市政府_金額>
		<各級政府支出淨額_省市政府_百分比>21.9</各級政府支出淨額_省市政府_百分比>
		<各級政府支出淨額_縣市政府_金額>40793153</各級政府支出淨額_縣市政府_金額>
		<各級政府支出淨額_縣市政府_百分比>18</各級政府支出淨額_縣市政府_百分比>
	</Row>
	<Row>
		<年度別>68年度</年度別>
		<各級政府收入淨額_合計>287419977</各級政府收入淨額_合計>
		<各級政府收入淨額_中央政府_金額>186919322</各級政府收入淨額_中央政府_金額>
		<各級政府收入淨額_中央政府_百分比>65</各級政府收入淨額_中央政府_百分比>
		<各級政府收入淨額_省市政府_金額>58683303</各級政府收入淨額_省市政府_金額>
		<各級政府收入淨額_省市政府_百分比>20.4</各級政府收入淨額_省市政府_百分比>
		<各級政府收入淨額_縣市政府_金額>41817352</各級政府收入淨額_縣市政府_金額>
		<各級政府收入淨額_縣市政府_百分比>14.6</各級政府收入淨額_縣市政府_百分比>
		<各級政府支出淨額_合計>254710914</各級政府支出淨額_合計>
		<各級政府支出淨額_中央政府_金額>149392933</各級政府支出淨額_中央政府_金額>
		<各級政府支出淨額_中央政府_百分比>58.7</各級政府支出淨額_中央政府_百分比>
		<各級政府支出淨額_省市政府_金額>54648684</各級政府支出淨額_省市政府_金額>
		<各級政府支出淨額_省市政府_百分比>21.5</各級政府支出淨額_省市政府_百分比>
		<各級政府支出淨額_縣市政府_金額>50669297</各級政府支出淨額_縣市政府_金額>
		<各級政府支出淨額_縣市政府_百分比>19.8</各級政府支出淨額_縣市政府_百分比>
	</Row>
	<Row>
		<年度別>69年度</年度別>
		<各級政府收入淨額_合計>368921747</各級政府收入淨額_合計>
		<各級政府收入淨額_中央政府_金額>243633805</各級政府收入淨額_中央政府_金額>
		<各級政府收入淨額_中央政府_百分比>66</各級政府收入淨額_中央政府_百分比>
		<各級政府收入淨額_省市政府_金額>85330898</各級政府收入淨額_省市政府_金額>
		<各級政府收入淨額_省市政府_百分比>23.1</各級政府收入淨額_省市政府_百分比>
		<各級政府收入淨額_縣市政府_金額>39957044</各級政府收入淨額_縣市政府_金額>
		<各級政府收入淨額_縣市政府_百分比>10.9</各級政府收入淨額_縣市政府_百分比>
		<各級政府支出淨額_合計>345396155</各級政府支出淨額_合計>
		<各級政府支出淨額_中央政府_金額>204930057</各級政府支出淨額_中央政府_金額>
		<各級政府支出淨額_中央政府_百分比>59.3</各級政府支出淨額_中央政府_百分比>
		<各級政府支出淨額_省市政府_金額>84600920</各級政府支出淨額_省市政府_金額>
		<各級政府支出淨額_省市政府_百分比>24.5</各級政府支出淨額_省市政府_百分比>
		<各級政府支出淨額_縣市政府_金額>55865178</各級政府支出淨額_縣市政府_金額>
		<各級政府支出淨額_縣市政府_百分比>16.2</各級政府支出淨額_縣市政府_百分比>
	</Row>
	<Row>
		<年度別>70年度</年度別>
		<各級政府收入淨額_合計>437706924</各級政府收入淨額_合計>
		<各級政府收入淨額_中央政府_金額>272380542</各級政府收入淨額_中央政府_金額>
		<各級政府收入淨額_中央政府_百分比>62.2</各級政府收入淨額_中央政府_百分比>
		<各級政府收入淨額_省市政府_金額>115656256</各級政府收入淨額_省市政府_金額>
		<各級政府收入淨額_省市政府_百分比>26.4</各級政府收入淨額_省市政府_百分比>
		<各級政府收入淨額_縣市政府_金額>49670126</各級政府收入淨額_縣市政府_金額>
		<各級政府收入淨額_縣市政府_百分比>11.4</各級政府收入淨額_縣市政府_百分比>
		<各級政府支出淨額_合計>433220713</各級政府支出淨額_合計>
		<各級政府支出淨額_中央政府_金額>238771045</各級政府支出淨額_中央政府_金額>
		<各級政府支出淨額_中央政府_百分比>55.1</各級政府支出淨額_中央政府_百分比>
		<各級政府支出淨額_省市政府_金額>122616690</各級政府支出淨額_省市政府_金額>
		<各級政府支出淨額_省市政府_百分比>28.3</各級政府支出淨額_省市政府_百分比>
		<各級政府支出淨額_縣市政府_金額>71832978</各級政府支出淨額_縣市政府_金額>
		<各級政府支出淨額_縣市政府_百分比>16.6</各級政府支出淨額_縣市政府_百分比>
	</Row>
	<Row>
		<年度別>71年度</年度別>
		<各級政府收入淨額_合計>490766840</各級政府收入淨額_合計>
		<各級政府收入淨額_中央政府_金額>299656218</各級政府收入淨額_中央政府_金額>
		<各級政府收入淨額_中央政府_百分比>61.1</各級政府收入淨額_中央政府_百分比>
		<各級政府收入淨額_省市政府_金額>130888600</各級政府收入淨額_省市政府_金額>
		<各級政府收入淨額_省市政府_百分比>26.7</各級政府收入淨額_省市政府_百分比>
		<各級政府收入淨額_縣市政府_金額>60222022</各級政府收入淨額_縣市政府_金額>
		<各級政府收入淨額_縣市政府_百分比>12.2</各級政府收入淨額_縣市政府_百分比>
		<各級政府支出淨額_合計>493740961</各級政府支出淨額_合計>
		<各級政府支出淨額_中央政府_金額>277572218</各級政府支出淨額_中央政府_金額>
		<各級政府支出淨額_中央政府_百分比>56.2</各級政府支出淨額_中央政府_百分比>
		<各級政府支出淨額_省市政府_金額>136230989</各級政府支出淨額_省市政府_金額>
		<各級政府支出淨額_省市政府_百分比>27.6</各級政府支出淨額_省市政府_百分比>
		<各級政府支出淨額_縣市政府_金額>79937754</各級政府支出淨額_縣市政府_金額>
		<各級政府支出淨額_縣市政府_百分比>16.2</各級政府支出淨額_縣市政府_百分比>
	</Row>
	<Row>
		<年度別>72年度</年度別>
		<各級政府收入淨額_合計>501155444</各級政府收入淨額_合計>
		<各級政府收入淨額_中央政府_金額>308577346</各級政府收入淨額_中央政府_金額>
		<各級政府收入淨額_中央政府_百分比>61.6</各級政府收入淨額_中央政府_百分比>
		<各級政府收入淨額_省市政府_金額>131347065</各級政府收入淨額_省市政府_金額>
		<各級政府收入淨額_省市政府_百分比>26.2</各級政府收入淨額_省市政府_百分比>
		<各級政府收入淨額_縣市政府_金額>61231033</各級政府收入淨額_縣市政府_金額>
		<各級政府收入淨額_縣市政府_百分比>12.2</各級政府收入淨額_縣市政府_百分比>
		<各級政府支出淨額_合計>498158535</各級政府支出淨額_合計>
		<各級政府支出淨額_中央政府_金額>290533735</各級政府支出淨額_中央政府_金額>
		<各級政府支出淨額_中央政府_百分比>58.3</各級政府支出淨額_中央政府_百分比>
		<各級政府支出淨額_省市政府_金額>127212586</各級政府支出淨額_省市政府_金額>
		<各級政府支出淨額_省市政府_百分比>25.5</各級政府支出淨額_省市政府_百分比>
		<各級政府支出淨額_縣市政府_金額>80412214</各級政府支出淨額_縣市政府_金額>
		<各級政府支出淨額_縣市政府_百分比>16.2</各級政府支出淨額_縣市政府_百分比>
	</Row>
	<Row>
		<年度別>73年度</年度別>
		<各級政府收入淨額_合計>534153557</各級政府收入淨額_合計>
		<各級政府收入淨額_中央政府_金額>303874667</各級政府收入淨額_中央政府_金額>
		<各級政府收入淨額_中央政府_百分比>56.9</各級政府收入淨額_中央政府_百分比>
		<各級政府收入淨額_省市政府_金額>163308548</各級政府收入淨額_省市政府_金額>
		<各級政府收入淨額_省市政府_百分比>30.6</各級政府收入淨額_省市政府_百分比>
		<各級政府收入淨額_縣市政府_金額>66970342</各級政府收入淨額_縣市政府_金額>
		<各級政府收入淨額_縣市政府_百分比>12.5</各級政府收入淨額_縣市政府_百分比>
		<各級政府支出淨額_合計>519048815</各級政府支出淨額_合計>
		<各級政府支出淨額_中央政府_金額>292013552</各級政府支出淨額_中央政府_金額>
		<各級政府支出淨額_中央政府_百分比>56.3</各級政府支出淨額_中央政府_百分比>
		<各級政府支出淨額_省市政府_金額>141457121</各級政府支出淨額_省市政府_金額>
		<各級政府支出淨額_省市政府_百分比>27.3</各級政府支出淨額_省市政府_百分比>
		<各級政府支出淨額_縣市政府_金額>85578142</各級政府支出淨額_縣市政府_金額>
		<各級政府支出淨額_縣市政府_百分比>16.4</各級政府支出淨額_縣市政府_百分比>
	</Row>
	<Row>
		<年度別>74年度</年度別>
		<各級政府收入淨額_合計>576039331</各級政府收入淨額_合計>
		<各級政府收入淨額_中央政府_金額>348592401</各級政府收入淨額_中央政府_金額>
		<各級政府收入淨額_中央政府_百分比>60.5</各級政府收入淨額_中央政府_百分比>
		<各級政府收入淨額_省市政府_金額>152557663</各級政府收入淨額_省市政府_金額>
		<各級政府收入淨額_省市政府_百分比>26.5</各級政府收入淨額_省市政府_百分比>
		<各級政府收入淨額_縣市政府_金額>74889267</各級政府收入淨額_縣市政府_金額>
		<各級政府收入淨額_縣市政府_百分比>13</各級政府收入淨額_縣市政府_百分比>
		<各級政府支出淨額_合計>563728552</各級政府支出淨額_合計>
		<各級政府支出淨額_中央政府_金額>326723342</各級政府支出淨額_中央政府_金額>
		<各級政府支出淨額_中央政府_百分比>58</各級政府支出淨額_中央政府_百分比>
		<各級政府支出淨額_省市政府_金額>141410936</各級政府支出淨額_省市政府_金額>
		<各級政府支出淨額_省市政府_百分比>25.1</各級政府支出淨額_省市政府_百分比>
		<各級政府支出淨額_縣市政府_金額>95594274</各級政府支出淨額_縣市政府_金額>
		<各級政府支出淨額_縣市政府_百分比>16.9</各級政府支出淨額_縣市政府_百分比>
	</Row>
	<Row>
		<年度別>75年度</年度別>
		<各級政府收入淨額_合計>636204287</各級政府收入淨額_合計>
		<各級政府收入淨額_中央政府_金額>391368259</各級政府收入淨額_中央政府_金額>
		<各級政府收入淨額_中央政府_百分比>61.5</各級政府收入淨額_中央政府_百分比>
		<各級政府收入淨額_省市政府_金額>169884488</各級政府收入淨額_省市政府_金額>
		<各級政府收入淨額_省市政府_百分比>26.7</各級政府收入淨額_省市政府_百分比>
		<各級政府收入淨額_縣市政府_金額>74951540</各級政府收入淨額_縣市政府_金額>
		<各級政府收入淨額_縣市政府_百分比>11.8</各級政府收入淨額_縣市政府_百分比>
		<各級政府支出淨額_合計>632660848</各級政府支出淨額_合計>
		<各級政府支出淨額_中央政府_金額>373820077</各級政府支出淨額_中央政府_金額>
		<各級政府支出淨額_中央政府_百分比>59.1</各級政府支出淨額_中央政府_百分比>
		<各級政府支出淨額_省市政府_金額>161199685</各級政府支出淨額_省市政府_金額>
		<各級政府支出淨額_省市政府_百分比>25.5</各級政府支出淨額_省市政府_百分比>
		<各級政府支出淨額_縣市政府_金額>97641086</各級政府支出淨額_縣市政府_金額>
		<各級政府支出淨額_縣市政府_百分比>15.4</各級政府支出淨額_縣市政府_百分比>
	</Row>
	<Row>
		<年度別>76年度</年度別>
		<各級政府收入淨額_合計>707842822</各級政府收入淨額_合計>
		<各級政府收入淨額_中央政府_金額>438707255</各級政府收入淨額_中央政府_金額>
		<各級政府收入淨額_中央政府_百分比>62</各級政府收入淨額_中央政府_百分比>
		<各級政府收入淨額_省市政府_金額>176566918</各級政府收入淨額_省市政府_金額>
		<各級政府收入淨額_省市政府_百分比>24.9</各級政府收入淨額_省市政府_百分比>
		<各級政府收入淨額_縣市政府_金額>92568649</各級政府收入淨額_縣市政府_金額>
		<各級政府收入淨額_縣市政府_百分比>13.1</各級政府收入淨額_縣市政府_百分比>
		<各級政府支出淨額_合計>662135243</各級政府支出淨額_合計>
		<各級政府支出淨額_中央政府_金額>388199111</各級政府支出淨額_中央政府_金額>
		<各級政府支出淨額_中央政府_百分比>58.6</各級政府支出淨額_中央政府_百分比>
		<各級政府支出淨額_省市政府_金額>169800307</各級政府支出淨額_省市政府_金額>
		<各級政府支出淨額_省市政府_百分比>25.6</各級政府支出淨額_省市政府_百分比>
		<各級政府支出淨額_縣市政府_金額>104135825</各級政府支出淨額_縣市政府_金額>
		<各級政府支出淨額_縣市政府_百分比>15.8</各級政府支出淨額_縣市政府_百分比>
	</Row>
	<Row>
		<年度別>77年度</年度別>
		<各級政府收入淨額_合計>852630084</各級政府收入淨額_合計>
		<各級政府收入淨額_中央政府_金額>527377015</各級政府收入淨額_中央政府_金額>
		<各級政府收入淨額_中央政府_百分比>61.9</各級政府收入淨額_中央政府_百分比>
		<各級政府收入淨額_省市政府_金額>214497925</各級政府收入淨額_省市政府_金額>
		<各級政府收入淨額_省市政府_百分比>25.2</各級政府收入淨額_省市政府_百分比>
		<各級政府收入淨額_縣市政府_金額>110755144</各級政府收入淨額_縣市政府_金額>
		<各級政府收入淨額_縣市政府_百分比>12.9</各級政府收入淨額_縣市政府_百分比>
		<各級政府支出淨額_合計>751929784</各級政府支出淨額_合計>
		<各級政府支出淨額_中央政府_金額>437533010</各級政府支出淨額_中央政府_金額>
		<各級政府支出淨額_中央政府_百分比>58.2</各級政府支出淨額_中央政府_百分比>
		<各級政府支出淨額_省市政府_金額>191155816</各級政府支出淨額_省市政府_金額>
		<各級政府支出淨額_省市政府_百分比>25.4</各級政府支出淨額_省市政府_百分比>
		<各級政府支出淨額_縣市政府_金額>123240958</各級政府支出淨額_縣市政府_金額>
		<各級政府支出淨額_縣市政府_百分比>16.4</各級政府支出淨額_縣市政府_百分比>
	</Row>
	<Row>
		<年度別>78年度</年度別>
		<各級政府收入淨額_合計>1382533005</各級政府收入淨額_合計>
		<各級政府收入淨額_中央政府_金額>618706634</各級政府收入淨額_中央政府_金額>
		<各級政府收入淨額_中央政府_百分比>44.8</各級政府收入淨額_中央政府_百分比>
		<各級政府收入淨額_省市政府_金額>595923379</各級政府收入淨額_省市政府_金額>
		<各級政府收入淨額_省市政府_百分比>43.1</各級政府收入淨額_省市政府_百分比>
		<各級政府收入淨額_縣市政府_金額>167902992</各級政府收入淨額_縣市政府_金額>
		<各級政府收入淨額_縣市政府_百分比>12.1</各級政府收入淨額_縣市政府_百分比>
		<各級政府支出淨額_合計>1239553553</各級政府支出淨額_合計>
		<各級政府支出淨額_中央政府_金額>527435847</各級政府支出淨額_中央政府_金額>
		<各級政府支出淨額_中央政府_百分比>42.6</各級政府支出淨額_中央政府_百分比>
		<各級政府支出淨額_省市政府_金額>394868891</各級政府支出淨額_省市政府_金額>
		<各級政府支出淨額_省市政府_百分比>31.9</各級政府支出淨額_省市政府_百分比>
		<各級政府支出淨額_縣市政府_金額>317248815</各級政府支出淨額_縣市政府_金額>
		<各級政府支出淨額_縣市政府_百分比>25.5</各級政府支出淨額_縣市政府_百分比>
	</Row>
	<Row>
		<年度別>79年度</年度別>
		<各級政府收入淨額_合計>1203170574</各級政府收入淨額_合計>
		<各級政府收入淨額_中央政府_金額>687550592</各級政府收入淨額_中央政府_金額>
		<各級政府收入淨額_中央政府_百分比>57.1</各級政府收入淨額_中央政府_百分比>
		<各級政府收入淨額_省市政府_金額>357081081</各級政府收入淨額_省市政府_金額>
		<各級政府收入淨額_省市政府_百分比>29.7</各級政府收入淨額_省市政府_百分比>
		<各級政府收入淨額_縣市政府_金額>158538901</各級政府收入淨額_縣市政府_金額>
		<各級政府收入淨額_縣市政府_百分比>13.2</各級政府收入淨額_縣市政府_百分比>
		<各級政府支出淨額_合計>1166746690</各級政府支出淨額_合計>
		<各級政府支出淨額_中央政府_金額>614555561</各級政府支出淨額_中央政府_金額>
		<各級政府支出淨額_中央政府_百分比>52.7</各級政府支出淨額_中央政府_百分比>
		<各級政府支出淨額_省市政府_金額>315679616</各級政府支出淨額_省市政府_金額>
		<各級政府支出淨額_省市政府_百分比>27.1</各級政府支出淨額_省市政府_百分比>
		<各級政府支出淨額_縣市政府_金額>236511513</各級政府支出淨額_縣市政府_金額>
		<各級政府支出淨額_縣市政府_百分比>20.2</各級政府支出淨額_縣市政府_百分比>
	</Row>
	<Row>
		<年度別>80年度</年度別>
		<各級政府收入淨額_合計>1438686098</各級政府收入淨額_合計>
		<各級政府收入淨額_中央政府_金額>870056355</各級政府收入淨額_中央政府_金額>
		<各級政府收入淨額_中央政府_百分比>60.5</各級政府收入淨額_中央政府_百分比>
		<各級政府收入淨額_省市政府_金額>402704850</各級政府收入淨額_省市政府_金額>
		<各級政府收入淨額_省市政府_百分比>28</各級政府收入淨額_省市政府_百分比>
		<各級政府收入淨額_縣市政府_金額>165924893</各級政府收入淨額_縣市政府_金額>
		<各級政府收入淨額_縣市政府_百分比>11.5</各級政府收入淨額_縣市政府_百分比>
		<各級政府支出淨額_合計>1416625389</各級政府支出淨額_合計>
		<各級政府支出淨額_中央政府_金額>767985885</各級政府支出淨額_中央政府_金額>
		<各級政府支出淨額_中央政府_百分比>54.2</各級政府支出淨額_中央政府_百分比>
		<各級政府支出淨額_省市政府_金額>409762864</各級政府支出淨額_省市政府_金額>
		<各級政府支出淨額_省市政府_百分比>28.9</各級政府支出淨額_省市政府_百分比>
		<各級政府支出淨額_縣市政府_金額>238876640</各級政府支出淨額_縣市政府_金額>
		<各級政府支出淨額_縣市政府_百分比>16.9</各級政府支出淨額_縣市政府_百分比>
	</Row>
	<Row>
		<年度別>81年度</年度別>
		<各級政府收入淨額_合計>1710801632</各級政府收入淨額_合計>
		<各級政府收入淨額_中央政府_金額>1059880920</各級政府收入淨額_中央政府_金額>
		<各級政府收入淨額_中央政府_百分比>62</各級政府收入淨額_中央政府_百分比>
		<各級政府收入淨額_省市政府_金額>396545772</各級政府收入淨額_省市政府_金額>
		<各級政府收入淨額_省市政府_百分比>23.2</各級政府收入淨額_省市政府_百分比>
		<各級政府收入淨額_縣市政府_金額>254374940</各級政府收入淨額_縣市政府_金額>
		<各級政府收入淨額_縣市政府_百分比>14.8</各級政府收入淨額_縣市政府_百分比>
		<各級政府支出淨額_合計>1696116706</各級政府支出淨額_合計>
		<各級政府支出淨額_中央政府_金額>980794156</各級政府支出淨額_中央政府_金額>
		<各級政府支出淨額_中央政府_百分比>57.8</各級政府支出淨額_中央政府_百分比>
		<各級政府支出淨額_省市政府_金額>414854836</各級政府支出淨額_省市政府_金額>
		<各級政府支出淨額_省市政府_百分比>24.5</各級政府支出淨額_省市政府_百分比>
		<各級政府支出淨額_縣市政府_金額>300467714</各級政府支出淨額_縣市政府_金額>
		<各級政府支出淨額_縣市政府_百分比>17.7</各級政府支出淨額_縣市政府_百分比>
	</Row>
	<Row>
		<年度別>82年度</年度別>
		<各級政府收入淨額_合計>1894369380</各級政府收入淨額_合計>
		<各級政府收入淨額_中央政府_金額>1149053304</各級政府收入淨額_中央政府_金額>
		<各級政府收入淨額_中央政府_百分比>60.7</各級政府收入淨額_中央政府_百分比>
		<各級政府收入淨額_省市政府_金額>463617615</各級政府收入淨額_省市政府_金額>
		<各級政府收入淨額_省市政府_百分比>24.5</各級政府收入淨額_省市政府_百分比>
		<各級政府收入淨額_縣市政府_金額>281698461</各級政府收入淨額_縣市政府_金額>
		<各級政府收入淨額_縣市政府_百分比>14.8</各級政府收入淨額_縣市政府_百分比>
		<各級政府支出淨額_合計>1859294076</各級政府支出淨額_合計>
		<各級政府支出淨額_中央政府_金額>1061621731</各級政府支出淨額_中央政府_金額>
		<各級政府支出淨額_中央政府_百分比>57.1</各級政府支出淨額_中央政府_百分比>
		<各級政府支出淨額_省市政府_金額>439490383</各級政府支出淨額_省市政府_金額>
		<各級政府支出淨額_省市政府_百分比>23.6</各級政府支出淨額_省市政府_百分比>
		<各級政府支出淨額_縣市政府_金額>358181962</各級政府支出淨額_縣市政府_金額>
		<各級政府支出淨額_縣市政府_百分比>19.3</各級政府支出淨額_縣市政府_百分比>
	</Row>
	<Row>
		<年度別>83年度</年度別>
		<各級政府收入淨額_合計>1924496565</各級政府收入淨額_合計>
		<各級政府收入淨額_中央政府_金額>1062508274</各級政府收入淨額_中央政府_金額>
		<各級政府收入淨額_中央政府_百分比>55.2</各級政府收入淨額_中央政府_百分比>
		<各級政府收入淨額_省市政府_金額>526287801</各級政府收入淨額_省市政府_金額>
		<各級政府收入淨額_省市政府_百分比>27.3</各級政府收入淨額_省市政府_百分比>
		<各級政府收入淨額_縣市政府_金額>335700490</各級政府收入淨額_縣市政府_金額>
		<各級政府收入淨額_縣市政府_百分比>17.5</各級政府收入淨額_縣市政府_百分比>
		<各級政府支出淨額_合計>1913742372</各級政府支出淨額_合計>
		<各級政府支出淨額_中央政府_金額>973010725</各級政府支出淨額_中央政府_金額>
		<各級政府支出淨額_中央政府_百分比>50.8</各級政府支出淨額_中央政府_百分比>
		<各級政府支出淨額_省市政府_金額>553200020</各級政府支出淨額_省市政府_金額>
		<各級政府支出淨額_省市政府_百分比>28.9</各級政府支出淨額_省市政府_百分比>
		<各級政府支出淨額_縣市政府_金額>387531627</各級政府支出淨額_縣市政府_金額>
		<各級政府支出淨額_縣市政府_百分比>20.3</各級政府支出淨額_縣市政府_百分比>
	</Row>
	<Row>
		<年度別>84年度</年度別>
		<各級政府收入淨額_合計>2102736571</各級政府收入淨額_合計>
		<各級政府收入淨額_中央政府_金額>1158549776</各級政府收入淨額_中央政府_金額>
		<各級政府收入淨額_中央政府_百分比>55.1</各級政府收入淨額_中央政府_百分比>
		<各級政府收入淨額_省市政府_金額>633784860</各級政府收入淨額_省市政府_金額>
		<各級政府收入淨額_省市政府_百分比>30.1</各級政府收入淨額_省市政府_百分比>
		<各級政府收入淨額_縣市政府_金額>310401935</各級政府收入淨額_縣市政府_金額>
		<各級政府收入淨額_縣市政府_百分比>14.8</各級政府收入淨額_縣市政府_百分比>
		<各級政府支出淨額_合計>2074928580</各級政府支出淨額_合計>
		<各級政府支出淨額_中央政府_金額>1060292192</各級政府支出淨額_中央政府_金額>
		<各級政府支出淨額_中央政府_百分比>51.1</各級政府支出淨額_中央政府_百分比>
		<各級政府支出淨額_省市政府_金額>657987853</各級政府支出淨額_省市政府_金額>
		<各級政府支出淨額_省市政府_百分比>31.7</各級政府支出淨額_省市政府_百分比>
		<各級政府支出淨額_縣市政府_金額>356648535</各級政府支出淨額_縣市政府_金額>
		<各級政府支出淨額_縣市政府_百分比>17.2</各級政府支出淨額_縣市政府_百分比>
	</Row>
	<Row>
		<年度別>85年度</年度別>
		<各級政府收入淨額_合計>2023976902</各級政府收入淨額_合計>
		<各級政府收入淨額_中央政府_金額>1081257641</各級政府收入淨額_中央政府_金額>
		<各級政府收入淨額_中央政府_百分比>53.4</各級政府收入淨額_中央政府_百分比>
		<各級政府收入淨額_省市政府_金額>635106668</各級政府收入淨額_省市政府_金額>
		<各級政府收入淨額_省市政府_百分比>31.4</各級政府收入淨額_省市政府_百分比>
		<各級政府收入淨額_縣市政府_金額>307612593</各級政府收入淨額_縣市政府_金額>
		<各級政府收入淨額_縣市政府_百分比>15.2</各級政府收入淨額_縣市政府_百分比>
		<各級政府支出淨額_合計>2005896993</各級政府支出淨額_合計>
		<各級政府支出淨額_中央政府_金額>1013481118</各級政府支出淨額_中央政府_金額>
		<各級政府支出淨額_中央政府_百分比>50.5</各級政府支出淨額_中央政府_百分比>
		<各級政府支出淨額_省市政府_金額>628458875</各級政府支出淨額_省市政府_金額>
		<各級政府支出淨額_省市政府_百分比>31.3</各級政府支出淨額_省市政府_百分比>
		<各級政府支出淨額_縣市政府_金額>363957000</各級政府支出淨額_縣市政府_金額>
		<各級政府支出淨額_縣市政府_百分比>18.2</各級政府支出淨額_縣市政府_百分比>
	</Row>
	<Row>
		<年度別>86年度</年度別>
		<各級政府收入淨額_合計>2074064042</各級政府收入淨額_合計>
		<各級政府收入淨額_中央政府_金額>1137032523</各級政府收入淨額_中央政府_金額>
		<各級政府收入淨額_中央政府_百分比>54.8</各級政府收入淨額_中央政府_百分比>
		<各級政府收入淨額_省市政府_金額>624666806</各級政府收入淨額_省市政府_金額>
		<各級政府收入淨額_省市政府_百分比>30.1</各級政府收入淨額_省市政府_百分比>
		<各級政府收入淨額_縣市政府_金額>312364713</各級政府收入淨額_縣市政府_金額>
		<各級政府收入淨額_縣市政府_百分比>15.1</各級政府收入淨額_縣市政府_百分比>
		<各級政府支出淨額_合計>2066751141</各級政府支出淨額_合計>
		<各級政府支出淨額_中央政府_金額>1060644771</各級政府支出淨額_中央政府_金額>
		<各級政府支出淨額_中央政府_百分比>51.3</各級政府支出淨額_中央政府_百分比>
		<各級政府支出淨額_省市政府_金額>629881342</各級政府支出淨額_省市政府_金額>
		<各級政府支出淨額_省市政府_百分比>30.5</各級政府支出淨額_省市政府_百分比>
		<各級政府支出淨額_縣市政府_金額>376225028</各級政府支出淨額_縣市政府_金額>
		<各級政府支出淨額_縣市政府_百分比>18.2</各級政府支出淨額_縣市政府_百分比>
	</Row>
	<Row>
		<年度別>87年度</年度別>
		<各級政府收入淨額_合計>2325350029</各級政府收入淨額_合計>
		<各級政府收入淨額_中央政府_金額>1291705035</各級政府收入淨額_中央政府_金額>
		<各級政府收入淨額_中央政府_百分比>55.5</各級政府收入淨額_中央政府_百分比>
		<各級政府收入淨額_省市政府_金額>716789037</各級政府收入淨額_省市政府_金額>
		<各級政府收入淨額_省市政府_百分比>30.8</各級政府收入淨額_省市政府_百分比>
		<各級政府收入淨額_縣市政府_金額>316855957</各級政府收入淨額_縣市政府_金額>
		<各級政府收入淨額_縣市政府_百分比>13.7</各級政府收入淨額_縣市政府_百分比>
		<各級政府支出淨額_合計>2204658263</各級政府支出淨額_合計>
		<各級政府支出淨額_中央政府_金額>1120532666</各級政府支出淨額_中央政府_金額>
		<各級政府支出淨額_中央政府_百分比>50.8</各級政府支出淨額_中央政府_百分比>
		<各級政府支出淨額_省市政府_金額>692327068</各級政府支出淨額_省市政府_金額>
		<各級政府支出淨額_省市政府_百分比>31.4</各級政府支出淨額_省市政府_百分比>
		<各級政府支出淨額_縣市政府_金額>391798529</各級政府支出淨額_縣市政府_金額>
		<各級政府支出淨額_縣市政府_百分比>17.8</各級政府支出淨額_縣市政府_百分比>
	</Row>
	<Row>
		<年度別>88年度</年度別>
		<各級政府收入淨額_合計>2218136079</各級政府收入淨額_合計>
		<各級政府收入淨額_中央政府_金額>1332211611</各級政府收入淨額_中央政府_金額>
		<各級政府收入淨額_中央政府_百分比>60.1</各級政府收入淨額_中央政府_百分比>
		<各級政府收入淨額_省市政府_金額>580994294</各級政府收入淨額_省市政府_金額>
		<各級政府收入淨額_省市政府_百分比>26.2</各級政府收入淨額_省市政府_百分比>
		<各級政府收入淨額_縣市政府_金額>304930174</各級政府收入淨額_縣市政府_金額>
		<各級政府收入淨額_縣市政府_百分比>13.7</各級政府收入淨額_縣市政府_百分比>
		<各級政府支出淨額_合計>2217845389</各級政府支出淨額_合計>
		<各級政府支出淨額_中央政府_金額>1287435561</各級政府支出淨額_中央政府_金額>
		<各級政府支出淨額_中央政府_百分比>58</各級政府支出淨額_中央政府_百分比>
		<各級政府支出淨額_省市政府_金額>547506583</各級政府支出淨額_省市政府_金額>
		<各級政府支出淨額_省市政府_百分比>24.7</各級政府支出淨額_省市政府_百分比>
		<各級政府支出淨額_縣市政府_金額>382903245</各級政府支出淨額_縣市政府_金額>
		<各級政府支出淨額_縣市政府_百分比>17.3</各級政府支出淨額_縣市政府_百分比>
	</Row>
	<Row>
		<年度別>88年下半年
及89年度</年度別>
		<各級政府收入淨額_合計>2784862529</各級政府收入淨額_合計>
		<各級政府收入淨額_中央政府_金額>2046435773</各級政府收入淨額_中央政府_金額>
		<各級政府收入淨額_中央政府_百分比>73.4842654418149</各級政府收入淨額_中央政府_百分比>
		<各級政府收入淨額_省市政府_金額>292598887</各級政府收入淨額_省市政府_金額>
		<各級政府收入淨額_省市政府_百分比>10.5067623249995</各級政府收入淨額_省市政府_百分比>
		<各級政府收入淨額_縣市政府_金額>445827869</各級政府收入淨額_縣市政府_金額>
		<各級政府收入淨額_縣市政府_百分比>16.0089722331856</各級政府收入淨額_縣市政府_百分比>
		<各級政府支出淨額_合計>3140936188</各級政府支出淨額_合計>
		<各級政府支出淨額_中央政府_金額>2077018084</各級政府支出淨額_中央政府_金額>
		<各級政府支出淨額_中央政府_百分比>66.1273569305637</各級政府支出淨額_中央政府_百分比>
		<各級政府支出淨額_省市政府_金額>336928897</各級政府支出淨額_省市政府_金額>
		<各級政府支出淨額_省市政府_百分比>10.7270213985003</各級政府支出淨額_省市政府_百分比>
		<各級政府支出淨額_縣市政府_金額>726989207</各級政府支出淨額_縣市政府_金額>
		<各級政府支出淨額_縣市政府_百分比>23.245621670936</各級政府支出淨額_縣市政府_百分比>
	</Row>
	<Row>
		<年度別>90年度</年度別>
		<各級政府收入淨額_合計>1896840574</各級政府收入淨額_合計>
		<各級政府收入淨額_中央政府_金額>1417731845</各級政府收入淨額_中央政府_金額>
		<各級政府收入淨額_中央政府_百分比>74.7417502784818</各級政府收入淨額_中央政府_百分比>
		<各級政府收入淨額_省市政府_金額>170256224</各級政府收入淨額_省市政府_金額>
		<各級政府收入淨額_省市政府_百分比>8.97577932134638</各級政府收入淨額_省市政府_百分比>
		<各級政府收入淨額_縣市政府_金額>308852505</各級政府收入淨額_縣市政府_金額>
		<各級政府收入淨額_縣市政府_百分比>16.2824704001719</各級政府收入淨額_縣市政府_百分比>
		<各級政府支出淨額_合計>2271755089</各級政府支出淨額_合計>
		<各級政府支出淨額_中央政府_金額>1481185969</各級政府支出淨額_中央政府_金額>
		<各級政府支出淨額_中央政府_百分比>65.200072673855</各級政府支出淨額_中央政府_百分比>
		<各級政府支出淨額_省市政府_金額>237059823</各級政府支出淨額_省市政府_金額>
		<各級政府支出淨額_省市政府_百分比>10.4350959374037</各級政府支出淨額_省市政府_百分比>
		<各級政府支出淨額_縣市政府_金額>553509297</各級政府支出淨額_縣市政府_金額>
		<各級政府支出淨額_縣市政府_百分比>24.3648313887413</各級政府支出淨額_縣市政府_百分比>
	</Row>
	<Row>
		<年度別>91年度</年度別>
		<各級政府收入淨額_合計>1787918681</各級政府收入淨額_合計>
		<各級政府收入淨額_中央政府_金額>1310436322</各級政府收入淨額_中央政府_金額>
		<各級政府收入淨額_中央政府_百分比>73.2939554760433</各級政府收入淨額_中央政府_百分比>
		<各級政府收入淨額_省市政府_金額>172084347</各級政府收入淨額_省市政府_金額>
		<各級政府收入淨額_省市政府_百分比>9.62484193653324</各級政府收入淨額_省市政府_百分比>
		<各級政府收入淨額_縣市政府_金額>305398012</各級政府收入淨額_縣市政府_金額>
		<各級政府收入淨額_縣市政府_百分比>17.0812025874235</各級政府收入淨額_縣市政府_百分比>
		<各級政府支出淨額_合計>2144993677</各級政府支出淨額_合計>
		<各級政府支出淨額_中央政府_金額>1379934453</各級政府支出淨額_中央政府_金額>
		<各級政府支出淨額_中央政府_百分比>64.3327981707612</各級政府支出淨額_中央政府_百分比>
		<各級政府支出淨額_省市政府_金額>234674841</各級政府支出淨額_省市政府_金額>
		<各級政府支出淨額_省市政府_百分比>11.0405842784682</各級政府支出淨額_省市政府_百分比>
		<各級政府支出淨額_縣市政府_金額>530384383</各級政府支出淨額_縣市政府_金額>
		<各級政府支出淨額_縣市政府_百分比>24.7266175507705</各級政府支出淨額_縣市政府_百分比>
	</Row>
	<Row>
		<年度別>92年度</年度別>
		<各級政府收入淨額_合計>1948847371</各級政府收入淨額_合計>
		<各級政府收入淨額_中央政府_金額>1435284645</各級政府收入淨額_中央政府_金額>
		<各級政府收入淨額_中央政府_百分比>73.7478734229208</各級政府收入淨額_中央政府_百分比>
		<各級政府收入淨額_省市政府_金額>185850449</各級政府收入淨額_省市政府_金額>
		<各級政府收入淨額_省市政府_百分比>9.53642916143996</各級政府收入淨額_省市政府_百分比>
		<各級政府收入淨額_縣市政府_金額>327712277</各級政府收入淨額_縣市政府_金額>
		<各級政府收入淨額_縣市政府_百分比>16.8156974156392</各級政府收入淨額_縣市政府_百分比>
		<各級政府支出淨額_合計>2216514388</各級政府支出淨額_合計>
		<各級政府支出淨額_中央政府_金額>1440336797</各級政府支出淨額_中央政府_金額>
		<各級政府支出淨額_中央政府_百分比>64.9820639467918</各級政府支出淨額_中央政府_百分比>
		<各級政府支出淨額_省市政府_金額>231539015</各級政府支出淨額_省市政府_金額>
		<各級政府支出淨額_省市政府_百分比>10.4460867140557</各級政府支出淨額_省市政府_百分比>
		<各級政府支出淨額_縣市政府_金額>544638576</各級政府支出淨額_縣市政府_金額>
		<各級政府支出淨額_縣市政府_百分比>24.5718493391526</各級政府支出淨額_縣市政府_百分比>
	</Row>
	<Row>
		<年度別>93年度</年度別>
		<各級政府收入淨額_合計>1927399732</各級政府收入淨額_合計>
		<各級政府收入淨額_中央政府_金額>1365269785</各級政府收入淨額_中央政府_金額>
		<各級政府收入淨額_中央政府_百分比>70.834802056515</各級政府收入淨額_中央政府_百分比>
		<各級政府收入淨額_省市政府_金額>194966595</各級政府收入淨額_省市政府_金額>
		<各級政府收入淨額_省市政府_百分比>10.1155246502857</各級政府收入淨額_省市政府_百分比>
		<各級政府收入淨額_縣市政府_金額>367163352</各級政府收入淨額_縣市政府_金額>
		<各級政府收入淨額_縣市政府_百分比>19.1496732931994</各級政府收入淨額_縣市政府_百分比>
		<各級政府支出淨額_合計>2245046575</各級政府支出淨額_合計>
		<各級政府支出淨額_中央政府_金額>1432113815</各級政府支出淨額_中央政府_金額>
		<各級政府支出淨額_中央政府_百分比>63.78993785463</各級政府支出淨額_中央政府_百分比>
		<各級政府支出淨額_省市政府_金額>218612324</各級政府支出淨額_省市政府_金額>
		<各級政府支出淨額_省市政府_百分比>9.73754070113223</各級政府支出淨額_省市政府_百分比>
		<各級政府支出淨額_縣市政府_金額>594320436</各級政府支出淨額_縣市政府_金額>
		<各級政府支出淨額_縣市政府_百分比>26.4725214442377</各級政府支出淨額_縣市政府_百分比>
	</Row>
	<Row>
		<年度別>94年度</年度別>
		<各級政府收入淨額_合計>2218039419</各級政府收入淨額_合計>
		<各級政府收入淨額_中央政府_金額>1616369320</各級政府收入淨額_中央政府_金額>
		<各級政府收入淨額_中央政府_百分比>72.8737869198347</各級政府收入淨額_中央政府_百分比>
		<各級政府收入淨額_省市政府_金額>210659915</各級政府收入淨額_省市政府_金額>
		<各級政府收入淨額_省市政府_百分比>9.49757309069718</各級政府收入淨額_省市政府_百分比>
		<各級政府收入淨額_縣市政府_金額>391010184</各級政府收入淨額_縣市政府_金額>
		<各級政府收入淨額_縣市政府_百分比>17.6286399894681</各級政府收入淨額_縣市政府_百分比>
		<各級政府支出淨額_合計>2291999146</各級政府支出淨額_合計>
		<各級政府支出淨額_中央政府_金額>1454235695</各級政府支出淨額_中央政府_金額>
		<各級政府支出淨額_中央政府_百分比>63.4483523930597</各級政府支出淨額_中央政府_百分比>
		<各級政府支出淨額_省市政府_金額>219065727</各級政府支出淨額_省市政府_金額>
		<各級政府支出淨額_省市政府_百分比>9.557845053403</各級政府支出淨額_省市政府_百分比>
		<各級政府支出淨額_縣市政府_金額>618697724</各級政府支出淨額_縣市政府_金額>
		<各級政府支出淨額_縣市政府_百分比>26.9938025535373</各級政府支出淨額_縣市政府_百分比>
	</Row>
	<Row>
		<年度別>95年度</年度別>
		<各級政府收入淨額_合計>2177017797</各級政府收入淨額_合計>
		<各級政府收入淨額_中央政府_金額>1590934296</各級政府收入淨額_中央政府_金額>
		<各級政府收入淨額_中央政府_百分比>73.0786077262372</各級政府收入淨額_中央政府_百分比>
		<各級政府收入淨額_省市政府_金額>205390616</各級政府收入淨額_省市政府_金額>
		<各級政府收入淨額_省市政府_百分比>9.43449411773458</各級政府收入淨額_省市政府_百分比>
		<各級政府收入淨額_縣市政府_金額>380692885</各級政府收入淨額_縣市政府_金額>
		<各級政府收入淨額_縣市政府_百分比>17.4868981560283</各級政府收入淨額_縣市政府_百分比>
		<各級政府支出淨額_合計>2214225610</各級政府支出淨額_合計>
		<各級政府支出淨額_中央政府_金額>1392978009</各級政府支出淨額_中央政府_金額>
		<各級政府支出淨額_中央政府_百分比>62.9103919089799</各級政府支出淨額_中央政府_百分比>
		<各級政府支出淨額_省市政府_金額>223720841</各級政府支出淨額_省市政府_金額>
		<各級政府支出淨額_省市政府_百分比>10.1037961077507</各級政府支出淨額_省市政府_百分比>
		<各級政府支出淨額_縣市政府_金額>597526760</各級政府支出淨額_縣市政府_金額>
		<各級政府支出淨額_縣市政府_百分比>26.9858119832694</各級政府支出淨額_縣市政府_百分比>
	</Row>
	<Row>
		<年度別>96年度</年度別>
		<各級政府收入淨額_合計>2244758463</各級政府收入淨額_合計>
		<各級政府收入淨額_中央政府_金額>1636049742</各級政府收入淨額_中央政府_金額>
		<各級政府收入淨額_中央政府_百分比>72.8831083150704</各級政府收入淨額_中央政府_百分比>
		<各級政府收入淨額_省市政府_金額>217417818</各級政府收入淨額_省市政府_金額>
		<各級政府收入淨額_省市政府_百分比>9.68557738320909</各級政府收入淨額_省市政府_百分比>
		<各級政府收入淨額_縣市政府_金額>391290903</各級政府收入淨額_縣市政府_金額>
		<各級政府收入淨額_縣市政府_百分比>17.4313143017205</各級政府收入淨額_縣市政府_百分比>
		<各級政府支出淨額_合計>2290169058</各級政府支出淨額_合計>
		<各級政府支出淨額_中央政府_金額>1442511786</各級政府支出淨額_中央政府_金額>
		<各級政府支出淨額_中央政府_百分比>62.9871310574662</各級政府支出淨額_中央政府_百分比>
		<各級政府支出淨額_省市政府_金額>240455247</各級政府支出淨額_省市政府_金額>
		<各級政府支出淨額_省市政府_百分比>10.4994540101764</各級政府支出淨額_省市政府_百分比>
		<各級政府支出淨額_縣市政府_金額>607202025</各級政府支出淨額_縣市政府_金額>
		<各級政府支出淨額_縣市政府_百分比>26.5134149323574</各級政府支出淨額_縣市政府_百分比>
	</Row>
	<Row>
		<年度別>97年度</年度別>
		<各級政府收入淨額_合計>2231580207</各級政府收入淨額_合計>
		<各級政府收入淨額_中央政府_金額>1648767679</各級政府收入淨額_中央政府_金額>
		<各級政府收入淨額_中央政府_百分比>73.8834156096277</各級政府收入淨額_中央政府_百分比>
		<各級政府收入淨額_省市政府_金額>169721280</各級政府收入淨額_省市政府_金額>
		<各級政府收入淨額_省市政府_百分比>7.60543042403853</各級政府收入淨額_省市政府_百分比>
		<各級政府收入淨額_縣市政府_金額>413091248</各級政府收入淨額_縣市政府_金額>
		<各級政府收入淨額_縣市政府_百分比>18.5111539663338</各級政府收入淨額_縣市政府_百分比>
		<各級政府支出淨額_合計>2341678422</各級政府支出淨額_合計>
		<各級政府支出淨額_中央政府_金額>1436804900</各級政府支出淨額_中央政府_金額>
		<各級政府支出淨額_中央政府_百分比>61.3579083490397</各級政府支出淨額_中央政府_百分比>
		<各級政府支出淨額_省市政府_金額>235549263</各級政府支出淨額_省市政府_金額>
		<各級政府支出淨額_省市政府_百分比>10.0589927629269</各級政府支出淨額_省市政府_百分比>
		<各級政府支出淨額_縣市政府_金額>669324259</各級政府支出淨額_縣市政府_金額>
		<各級政府支出淨額_縣市政府_百分比>28.4830988880334</各級政府支出淨額_縣市政府_百分比>
	</Row>
	<Row>
		<年度別>98年度</年度別>
		<各級政府收入淨額_合計>2335939000</各級政府收入淨額_合計>
		<各級政府收入淨額_中央政府_金額>1673232000</各級政府收入淨額_中央政府_金額>
		<各級政府收入淨額_中央政府_百分比>71.629952665716</各級政府收入淨額_中央政府_百分比>
		<各級政府收入淨額_省市政府_金額>168320000</各級政府收入淨額_省市政府_金額>
		<各級政府收入淨額_省市政府_百分比>7.2056676137519</各級政府收入淨額_省市政府_百分比>
		<各級政府收入淨額_縣市政府_金額>494387000</各級政府收入淨額_縣市政府_金額>
		<各級政府收入淨額_縣市政府_百分比>21.1643797205321</各級政府收入淨額_縣市政府_百分比>
		<各級政府支出淨額_合計>2812369000</各級政府支出淨額_合計>
		<各級政府支出淨額_中央政府_金額>1707099000</各級政府支出淨額_中央政府_金額>
		<各級政府支出淨額_中央政府_百分比>60.699680589567</各級政府支出淨額_中央政府_百分比>
		<各級政府支出淨額_省市政府_金額>263973000</各級政府支出淨額_省市政府_金額>
		<各級政府支出淨額_省市政府_百分比>9.38614385238921</各級政府支出淨額_省市政府_百分比>
		<各級政府支出淨額_縣市政府_金額>841297000</各級政府支出淨額_縣市政府_金額>
		<各級政府支出淨額_縣市政府_百分比>29.9141755580438</各級政府支出淨額_縣市政府_百分比>
	</Row>
	<Row>
		<年度別>99年度</年度別>
		<各級政府收入淨額_合計>2173550000</各級政府收入淨額_合計>
		<各級政府收入淨額_中央政府_金額>1548006000</各級政府收入淨額_中央政府_金額>
		<各級政府收入淨額_中央政府_百分比>71.2201697683513</各級政府收入淨額_中央政府_百分比>
		<各級政府收入淨額_省市政府_金額>167926000</各級政府收入淨額_省市政府_金額>
		<各級政府收入淨額_省市政府_百分比>7.72588622299924</各級政府收入淨額_省市政府_百分比>
		<各級政府收入淨額_縣市政府_金額>457618000</各級政府收入淨額_縣市政府_金額>
		<各級政府收入淨額_縣市政府_百分比>21.0539440086494</各級政府收入淨額_縣市政府_百分比>
		<各級政府支出淨額_合計>2695707000</各級政府支出淨額_合計>
		<各級政府支出淨額_中央政府_金額>1614416000</各級政府支出淨額_中央政府_金額>
		<各級政府支出淨額_中央政府_百分比>59.8884077535133</各級政府支出淨額_中央政府_百分比>
		<各級政府支出淨額_省市政府_金額>251643000</各級政府支出淨額_省市政府_金額>
		<各級政府支出淨額_省市政府_百分比>9.3349536874742</各級政府支出淨額_省市政府_百分比>
		<各級政府支出淨額_縣市政府_金額>829648000</各級政府支出淨額_縣市政府_金額>
		<各級政府支出淨額_縣市政府_百分比>30.7766385590125</各級政府支出淨額_縣市政府_百分比>
	</Row>
</Root>