<?xml version="1.0" encoding="UTF-8" standalone="yes"?>
<Root xmlns:xsi="http://www.w3.org/2001/XMLSchema-instance">
	<Row>
		<基金別>一、普通基金</基金別>
		<本年度預算數_收入>1548005165</本年度預算數_收入>
		<本年度預算數_支出>1979576626</本年度預算數_支出>
		<上年度預算數_收入>1673231316</上年度預算數_收入>
		<上年度預算數_支出>2099046213</上年度預算數_支出>
		<本年度與上年度比較_收入>-125226151</本年度與上年度比較_收入>
		<本年度與上年度比較_支出>-119469587</本年度與上年度比較_支出>
	</Row>
	<Row>
		<基金別>(一)總預算部分</基金別>
		<本年度預算數_收入>1547986445</本年度預算數_收入>
		<本年度預算數_支出>1714937403</本年度預算數_支出>
		<上年度預算數_收入>1673231316</上年度預算數_收入>
		<上年度預算數_支出>1809667004</上年度預算數_支出>
		<本年度與上年度比較_收入>-125244871</本年度與上年度比較_收入>
		<本年度與上年度比較_支出>-94729601</本年度與上年度比較_支出>
	</Row>
	<Row>
		<基金別>(二)特別預算部分</基金別>
		<本年度預算數_收入>18720</本年度預算數_收入>
		<本年度預算數_支出>264639223</本年度預算數_支出>
		<上年度預算數_收入>0</上年度預算數_收入>
		<上年度預算數_支出>289379209</上年度預算數_支出>
		<本年度與上年度比較_收入>18720</本年度與上年度比較_收入>
		<本年度與上年度比較_支出>-24739986</本年度與上年度比較_支出>
	</Row>
	<Row>
		<基金別>二、特種基金</基金別>
		<本年度預算數_收入>4645615123</本年度預算數_收入>
		<本年度預算數_支出>4515636210</本年度預算數_支出>
		<上年度預算數_收入>4288867468</上年度預算數_收入>
		<上年度預算數_支出>4179069935</上年度預算數_支出>
		<本年度與上年度比較_收入>358650286</本年度與上年度比較_收入>
		<本年度與上年度比較_支出>340850155</本年度與上年度比較_支出>
	</Row>
	<Row>
		<基金別>(一)營業部分</基金別>
		<本年度預算數_收入>2846128255</本年度預算數_收入>
		<本年度預算數_支出>2710548881</本年度預算數_支出>
		<上年度預算數_收入>2584194920</上年度預算數_收入>
		<上年度預算數_支出>2465401383</上年度預算數_支出>
		<本年度與上年度比較_收入>263835966</本年度與上年度比較_收入>
		<本年度與上年度比較_支出>249431378</本年度與上年度比較_支出>
	</Row>
	<Row>
		<基金別>中央銀行</基金別>
		<本年度預算數_收入>279968666</本年度預算數_收入>
		<本年度預算數_支出>156838327</本年度預算數_支出>
		<上年度預算數_收入>340055234</上年度預算數_收入>
		<上年度預算數_支出>216906096</上年度預算數_支出>
		<本年度與上年度比較_收入>-60086568</本年度與上年度比較_收入>
		<本年度與上年度比較_支出>-60067769</本年度與上年度比較_支出>
	</Row>
	<Row>
		<基金別>台灣糖業股份有限公司</基金別>
		<本年度預算數_收入>40032968</本年度預算數_收入>
		<本年度預算數_支出>36368944</本年度預算數_支出>
		<上年度預算數_收入>39169396</上年度預算數_收入>
		<上年度預算數_支出>35912788</上年度預算數_支出>
		<本年度與上年度比較_收入>1986780</本年度與上年度比較_收入>
		<本年度與上年度比較_支出>1723388</本年度與上年度比較_支出>
	</Row>
	<Row>
		<基金別>台灣中油股份有限公司</基金別>
		<本年度預算數_收入>896087471</本年度預算數_收入>
		<本年度預算數_支出>883649288</本年度預算數_支出>
		<上年度預算數_收入>724677979</上年度預算數_收入>
		<上年度預算數_支出>718065996</上年度預算數_支出>
		<本年度與上年度比較_收入>171289237</本年度與上年度比較_收入>
		<本年度與上年度比較_支出>167495781</本年度與上年度比較_支出>
	</Row>
	<Row>
		<基金別>台灣電力股份有限公司</基金別>
		<本年度預算數_收入>505852657</本年度預算數_收入>
		<本年度預算數_支出>532681986</本年度預算數_支出>
		<上年度預算數_收入>492751850</上年度預算數_收入>
		<上年度預算數_支出>531004351</上年度預算數_支出>
		<本年度與上年度比較_收入>14534072</本年度與上年度比較_收入>
		<本年度與上年度比較_支出>3019751</本年度與上年度比較_支出>
	</Row>
	<Row>
		<基金別>漢翔航空工業股份有限公司</基金別>
		<本年度預算數_收入>18121096</本年度預算數_收入>
		<本年度預算數_支出>17500000</本年度預算數_支出>
		<上年度預算數_收入>16247697</上年度預算數_收入>
		<上年度預算數_支出>15817528</上年度預算數_支出>
		<本年度與上年度比較_收入>1873399</本年度與上年度比較_收入>
		<本年度與上年度比較_支出>1717316</本年度與上年度比較_支出>
	</Row>
	<Row>
		<基金別>台灣自來水股份有限公司</基金別>
		<本年度預算數_收入>26282990</本年度預算數_收入>
		<本年度預算數_支出>26481409</本年度預算數_支出>
		<上年度預算數_收入>26392578</上年度預算數_收入>
		<上年度預算數_支出>26295461</上年度預算數_支出>
		<本年度與上年度比較_收入>-109588</本年度與上年度比較_收入>
		<本年度與上年度比較_支出>222307</本年度與上年度比較_支出>
	</Row>
	<Row>
		<基金別>中國輸出入銀行</基金別>
		<本年度預算數_收入>2036060</本年度預算數_收入>
		<本年度預算數_支出>1650228</本年度預算數_支出>
		<上年度預算數_收入>3376069</上年度預算數_收入>
		<上年度預算數_支出>2930878</上年度預算數_支出>
		<本年度與上年度比較_收入>-1340009</本年度與上年度比較_收入>
		<本年度與上年度比較_支出>-1280650</本年度與上年度比較_支出>
	</Row>
	<Row>
		<基金別>中央存款保險股份有限公司</基金別>
		<本年度預算數_收入>10505515</本年度預算數_收入>
		<本年度預算數_支出>10505515</本年度預算數_支出>
		<上年度預算數_收入>4615759</上年度預算數_收入>
		<上年度預算數_支出>4615759</上年度預算數_支出>
		<本年度與上年度比較_收入>5889756</本年度與上年度比較_收入>
		<本年度與上年度比較_支出>5889756</本年度與上年度比較_支出>
	</Row>
	<Row>
		<基金別>臺灣金融控股股份有限公司</基金別>
		<本年度預算數_收入>229318600</本年度預算數_收入>
		<本年度預算數_支出>222523153</本年度預算數_支出>
		<上年度預算數_收入>194633566</上年度預算數_收入>
		<上年度預算數_支出>188804312</上年度預算數_支出>
		<本年度與上年度比較_收入>34685034</本年度與上年度比較_收入>
		<本年度與上年度比較_支出>33759441</本年度與上年度比較_支出>
	</Row>
	<Row>
		<基金別>臺灣土地銀行股份有限公司</基金別>
		<本年度預算數_收入>56993669</本年度預算數_收入>
		<本年度預算數_支出>51192939</本年度預算數_支出>
		<上年度預算數_收入>63229123</上年度預算數_收入>
		<上年度預算數_支出>57426824</上年度預算數_支出>
		<本年度與上年度比較_收入>-6264396</本年度與上年度比較_收入>
		<本年度與上年度比較_支出>-6204434</本年度與上年度比較_支出>
	</Row>
	<Row>
		<基金別>財政部印刷廠</基金別>
		<本年度預算數_收入>863945</本年度預算數_收入>
		<本年度預算數_支出>779907</本年度預算數_支出>
		<上年度預算數_收入>878852</上年度預算數_收入>
		<上年度預算數_支出>822508</上年度預算數_支出>
		<本年度與上年度比較_收入>-14907</本年度與上年度比較_收入>
		<本年度與上年度比較_支出>-42601</本年度與上年度比較_支出>
	</Row>
	<Row>
		<基金別>臺灣菸酒股份有限公司</基金別>
		<本年度預算數_收入>65070253</本年度預算數_收入>
		<本年度預算數_支出>57664478</本年度預算數_支出>
		<上年度預算數_收入>65082268</上年度預算數_收入>
		<上年度預算數_支出>58530870</上年度預算數_支出>
		<本年度與上年度比較_收入>-512015</本年度與上年度比較_收入>
		<本年度與上年度比較_支出>-1319078</本年度與上年度比較_支出>
	</Row>
	<Row>
		<基金別>中華郵政股份有限公司</基金別>
		<本年度預算數_收入>404514894</本年度預算數_收入>
		<本年度預算數_支出>397092176</本年度預算數_支出>
		<上年度預算數_收入>300755166</上年度預算數_收入>
		<上年度預算數_支出>290686548</上年度預算數_支出>
		<本年度與上年度比較_收入>103756728</本年度與上年度比較_收入>
		<本年度與上年度比較_支出>106414978</本年度與上年度比較_支出>
	</Row>
	<Row>
		<基金別>交通部臺灣鐵路管理局</基金別>
		<本年度預算數_收入>24243820</本年度預算數_收入>
		<本年度預算數_支出>34140529</本年度預算數_支出>
		<上年度預算數_收入>24735606</上年度預算數_收入>
		<上年度預算數_支出>35300206</上年度預算數_支出>
		<本年度與上年度比較_收入>-491786</本年度與上年度比較_收入>
		<本年度與上年度比較_支出>-1156677</本年度與上年度比較_支出>
	</Row>
	<Row>
		<基金別>交通部基隆港務局</基金別>
		<本年度預算數_收入>5388590</本年度預算數_收入>
		<本年度預算數_支出>4908401</本年度預算數_支出>
		<上年度預算數_收入>5852563</上年度預算數_收入>
		<上年度預算數_支出>5317209</上年度預算數_支出>
		<本年度與上年度比較_收入>-464848</本年度與上年度比較_收入>
		<本年度與上年度比較_支出>-407326</本年度與上年度比較_支出>
	</Row>
	<Row>
		<基金別>交通部臺中港務局</基金別>
		<本年度預算數_收入>4870185</本年度預算數_收入>
		<本年度預算數_支出>3550760</本年度預算數_支出>
		<上年度預算數_收入>5071310</上年度預算數_收入>
		<上年度預算數_支出>3609291</上年度預算數_支出>
		<本年度與上年度比較_收入>-201125</本年度與上年度比較_收入>
		<本年度與上年度比較_支出>-49394</本年度與上年度比較_支出>
	</Row>
	<Row>
		<基金別>交通部高雄港務局</基金別>
		<本年度預算數_收入>9122641</本年度預算數_收入>
		<本年度預算數_支出>6113275</本年度預算數_支出>
		<上年度預算數_收入>9244167</上年度預算數_收入>
		<上年度預算數_支出>6079805</上年度預算數_支出>
		<本年度與上年度比較_收入>-122296</本年度與上年度比較_收入>
		<本年度與上年度比較_支出>83756</本年度與上年度比較_支出>
	</Row>
	<Row>
		<基金別>交通部花蓮港務局</基金別>
		<本年度預算數_收入>894432</本年度預算數_收入>
		<本年度預算數_支出>813547</本年度預算數_支出>
		<上年度預算數_收入>962194</上年度預算數_收入>
		<上年度預算數_支出>836777</上年度預算數_支出>
		<本年度與上年度比較_收入>-67762</本年度與上年度比較_收入>
		<本年度與上年度比較_支出>-23010</本年度與上年度比較_支出>
	</Row>
	<Row>
		<基金別>國際機場園區股份有限公司</基金別>
		<本年度預算數_收入>1851393</本年度預算數_收入>
		<本年度預算數_支出>1409751</本年度預算數_支出>
		<上年度預算數_收入>0</上年度預算數_收入>
		<上年度預算數_支出>0</上年度預算數_支出>
		<本年度與上年度比較_收入>1851393</本年度與上年度比較_收入>
		<本年度與上年度比較_支出>1409751</本年度與上年度比較_支出>
	</Row>
	<Row>
		<基金別>榮民工程股份有限公司</基金別>
		<本年度預算數_收入>7027559</本年度預算數_收入>
		<本年度預算數_支出>7603417</本年度預算數_支出>
		<上年度預算數_收入>12252002</上年度預算數_收入>
		<上年度預算數_支出>12226635</上年度預算數_支出>
		<本年度與上年度比較_收入>-5224443</本年度與上年度比較_收入>
		<本年度與上年度比較_支出>-4623218</本年度與上年度比較_支出>
	</Row>
	<Row>
		<基金別>勞工保險局</基金別>
		<本年度預算數_收入>257080851</本年度預算數_收入>
		<本年度預算數_支出>257080851</本年度預算數_支出>
		<上年度預算數_收入>254211541</上年度預算數_收入>
		<上年度預算數_支出>254211541</上年度預算數_支出>
		<本年度與上年度比較_收入>2869310</本年度與上年度比較_收入>
		<本年度與上年度比較_支出>2869310</本年度與上年度比較_支出>
	</Row>
	<Row>
		<基金別>(二)非營業部分－作業基金</基金別>
		<本年度預算數_收入>921874671</本年度預算數_收入>
		<本年度預算數_支出>936352212</本年度預算數_支出>
		<上年度預算數_收入>875049397</上年度預算數_收入>
		<上年度預算數_支出>880252143</上年度預算數_支出>
		<本年度與上年度比較_收入>46825274</本年度與上年度比較_收入>
		<本年度與上年度比較_支出>56100069</本年度與上年度比較_支出>
	</Row>
	<Row>
		<基金別>行政院國家發展基金</基金別>
		<本年度預算數_收入>4120427</本年度預算數_收入>
		<本年度預算數_支出>1462995</本年度預算數_支出>
		<上年度預算數_收入>7227285</上年度預算數_收入>
		<上年度預算數_支出>882371</上年度預算數_支出>
		<本年度與上年度比較_收入>-3106858</本年度與上年度比較_收入>
		<本年度與上年度比較_支出>580624</本年度與上年度比較_支出>
	</Row>
	<Row>
		<基金別>營建建設基金</基金別>
		<本年度預算數_收入>11978843</本年度預算數_收入>
		<本年度預算數_支出>12289563</本年度預算數_支出>
		<上年度預算數_收入>12648922</上年度預算數_收入>
		<上年度預算數_支出>11546128</上年度預算數_支出>
		<本年度與上年度比較_收入>-670079</本年度與上年度比較_收入>
		<本年度與上年度比較_支出>743435</本年度與上年度比較_支出>
	</Row>
	<Row>
		<基金別>國民年金保險基金</基金別>
		<本年度預算數_收入>66325608</本年度預算數_收入>
		<本年度預算數_支出>66325608</本年度預算數_支出>
		<上年度預算數_收入>67566572</上年度預算數_收入>
		<上年度預算數_支出>67566572</上年度預算數_支出>
		<本年度與上年度比較_收入>-1240964</本年度與上年度比較_收入>
		<本年度與上年度比較_支出>-1240964</本年度與上年度比較_支出>
	</Row>
	<Row>
		<基金別>中央都市更新基金</基金別>
		<本年度預算數_收入>313</本年度預算數_收入>
		<本年度預算數_支出>2484</本年度預算數_支出>
		<上年度預算數_收入>619</上年度預算數_收入>
		<上年度預算數_支出>4456</上年度預算數_支出>
		<本年度與上年度比較_收入>-306</本年度與上年度比較_收入>
		<本年度與上年度比較_支出>-1972</本年度與上年度比較_支出>
	</Row>
	<Row>
		<基金別>國軍生產及服務作業基金</基金別>
		<本年度預算數_收入>53561390</本年度預算數_收入>
		<本年度預算數_支出>51206863</本年度預算數_支出>
		<上年度預算數_收入>46743167</上年度預算數_收入>
		<上年度預算數_支出>45706826</上年度預算數_支出>
		<本年度與上年度比較_收入>6818223</本年度與上年度比較_收入>
		<本年度與上年度比較_支出>5500037</本年度與上年度比較_支出>
	</Row>
	<Row>
		<基金別>國軍老舊眷村改建基金</基金別>
		<本年度預算數_收入>13339561</本年度預算數_收入>
		<本年度預算數_支出>21748209</本年度預算數_支出>
		<上年度預算數_收入>14135494</上年度預算數_收入>
		<上年度預算數_支出>19151670</上年度預算數_支出>
		<本年度與上年度比較_收入>-795933</本年度與上年度比較_收入>
		<本年度與上年度比較_支出>2596539</本年度與上年度比較_支出>
	</Row>
	<Row>
		<基金別>地方建設基金</基金別>
		<本年度預算數_收入>253208</本年度預算數_收入>
		<本年度預算數_支出>66826</本年度預算數_支出>
		<上年度預算數_收入>518069</上年度預算數_收入>
		<上年度預算數_支出>11297</上年度預算數_支出>
		<本年度與上年度比較_收入>-264861</本年度與上年度比較_收入>
		<本年度與上年度比較_支出>55529</本年度與上年度比較_支出>
	</Row>
	<Row>
		<基金別>國有財產開發基金</基金別>
		<本年度預算數_收入>25062</本年度預算數_收入>
		<本年度預算數_支出>46223</本年度預算數_支出>
		<上年度預算數_收入>0</上年度預算數_收入>
		<上年度預算數_支出>0</上年度預算數_支出>
		<本年度與上年度比較_收入>25062</本年度與上年度比較_收入>
		<本年度與上年度比較_支出>46223</本年度與上年度比較_支出>
	</Row>
	<Row>
		<基金別>國立大學校院校務基金(53所學校綜計)</基金別>
		<本年度預算數_收入>95367203</本年度預算數_收入>
		<本年度預算數_支出>97157683</本年度預算數_支出>
		<上年度預算數_收入>93522292</上年度預算數_收入>
		<上年度預算數_支出>92733100</上年度預算數_支出>
		<本年度與上年度比較_收入>1844911</本年度與上年度比較_收入>
		<本年度與上年度比較_支出>4424583</本年度與上年度比較_支出>
	</Row>
	<Row>
		<基金別>國立臺灣大學附設醫院作業基金</基金別>
		<本年度預算數_收入>20193699</本年度預算數_收入>
		<本年度預算數_支出>19070368</本年度預算數_支出>
		<上年度預算數_收入>19150453</上年度預算數_收入>
		<上年度預算數_支出>18001203</上年度預算數_支出>
		<本年度與上年度比較_收入>1043246</本年度與上年度比較_收入>
		<本年度與上年度比較_支出>1069165</本年度與上年度比較_支出>
	</Row>
	<Row>
		<基金別>國立成功大學附設醫院作業基金</基金別>
		<本年度預算數_收入>6993974</本年度預算數_收入>
		<本年度預算數_支出>6884126</本年度預算數_支出>
		<上年度預算數_收入>6610369</上年度預算數_收入>
		<上年度預算數_支出>6522895</上年度預算數_支出>
		<本年度與上年度比較_收入>383605</本年度與上年度比較_收入>
		<本年度與上年度比較_支出>361231</本年度與上年度比較_支出>
	</Row>
	<Row>
		<基金別>國立陽明大學附設醫院作業基金</基金別>
		<本年度預算數_收入>1466491</本年度預算數_收入>
		<本年度預算數_支出>1418317</本年度預算數_支出>
		<上年度預算數_收入>1307625</上年度預算數_收入>
		<上年度預算數_支出>1286379</上年度預算數_支出>
		<本年度與上年度比較_收入>158866</本年度與上年度比較_收入>
		<本年度與上年度比較_支出>131938</本年度與上年度比較_支出>
	</Row>
	<Row>
		<基金別>國立社教機構作業基金</基金別>
		<本年度預算數_收入>1811195</本年度預算數_收入>
		<本年度預算數_支出>2108084</本年度預算數_支出>
		<上年度預算數_收入>1606546</上年度預算數_收入>
		<上年度預算數_支出>1591971</上年度預算數_支出>
		<本年度與上年度比較_收入>204649</本年度與上年度比較_收入>
		<本年度與上年度比較_支出>516113</本年度與上年度比較_支出>
	</Row>
	<Row>
		<基金別>國立高級中等學校校務基金 </基金別>
		<本年度預算數_收入>35307927</本年度預算數_收入>
		<本年度預算數_支出>35306927</本年度預算數_支出>
		<上年度預算數_收入>17535138</上年度預算數_收入>
		<上年度預算數_支出>17520634</上年度預算數_支出>
		<本年度與上年度比較_收入>17772789</本年度與上年度比較_收入>
		<本年度與上年度比較_支出>17786293</本年度與上年度比較_支出>
	</Row>
	<Row>
		<基金別>法務部監所作業基金</基金別>
		<本年度預算數_收入>628210</本年度預算數_收入>
		<本年度預算數_支出>697564</本年度預算數_支出>
		<上年度預算數_收入>663155</上年度預算數_收入>
		<上年度預算數_支出>619698</上年度預算數_支出>
		<本年度與上年度比較_收入>-34945</本年度與上年度比較_收入>
		<本年度與上年度比較_支出>77866</本年度與上年度比較_支出>
	</Row>
	<Row>
		<基金別>經濟作業基金</基金別>
		<本年度預算數_收入>7215628</本年度預算數_收入>
		<本年度預算數_支出>6873286</本年度預算數_支出>
		<上年度預算數_收入>6787444</上年度預算數_收入>
		<上年度預算數_支出>8356491</上年度預算數_支出>
		<本年度與上年度比較_收入>428184</本年度與上年度比較_收入>
		<本年度與上年度比較_支出>-1483205</本年度與上年度比較_支出>
	</Row>
	<Row>
		<基金別>水資源作業基金</基金別>
		<本年度預算數_收入>7059884</本年度預算數_收入>
		<本年度預算數_支出>6131422</本年度預算數_支出>
		<上年度預算數_收入>5474500</上年度預算數_收入>
		<上年度預算數_支出>5075988</上年度預算數_支出>
		<本年度與上年度比較_收入>1585384</本年度與上年度比較_收入>
		<本年度與上年度比較_支出>1055434</本年度與上年度比較_支出>
	</Row>
	<Row>
		<基金別>交通作業基金</基金別>
		<本年度預算數_收入>56372677</本年度預算數_收入>
		<本年度預算數_支出>38410734</本年度預算數_支出>
		<上年度預算數_收入>54828366</上年度預算數_收入>
		<上年度預算數_支出>36550940</上年度預算數_支出>
		<本年度與上年度比較_收入>1544311</本年度與上年度比較_收入>
		<本年度與上年度比較_支出>1859794</本年度與上年度比較_支出>
	</Row>
	<Row>
		<基金別>國軍退除役官兵安置基金</基金別>
		<本年度預算數_收入>3684453</本年度預算數_收入>
		<本年度預算數_支出>3239709</本年度預算數_支出>
		<上年度預算數_收入>4082002</上年度預算數_收入>
		<上年度預算數_支出>4248019</上年度預算數_支出>
		<本年度與上年度比較_收入>-397549</本年度與上年度比較_收入>
		<本年度與上年度比較_支出>-1008310</本年度與上年度比較_支出>
	</Row>
	<Row>
		<基金別>榮民醫療作業基金</基金別>
		<本年度預算數_收入>41606678</本年度預算數_收入>
		<本年度預算數_支出>41043296</本年度預算數_支出>
		<上年度預算數_收入>39773948</上年度預算數_收入>
		<上年度預算數_支出>39386943</上年度預算數_支出>
		<本年度與上年度比較_收入>1832730</本年度與上年度比較_收入>
		<本年度與上年度比較_支出>1656353</本年度與上年度比較_支出>
	</Row>
	<Row>
		<基金別>科學工業園區管理局作業基金</基金別>
		<本年度預算數_收入>10353642</本年度預算數_收入>
		<本年度預算數_支出>9104145</本年度預算數_支出>
		<上年度預算數_收入>11398161</上年度預算數_收入>
		<上年度預算數_支出>8989616</上年度預算數_支出>
		<本年度與上年度比較_收入>-1044519</本年度與上年度比較_收入>
		<本年度與上年度比較_支出>114529</本年度與上年度比較_支出>
	</Row>
	<Row>
		<基金別>農業作業基金</基金別>
		<本年度預算數_收入>234055</本年度預算數_收入>
		<本年度預算數_支出>216811</本年度預算數_支出>
		<上年度預算數_收入>254775</上年度預算數_收入>
		<上年度預算數_支出>233951</上年度預算數_支出>
		<本年度與上年度比較_收入>-20720</本年度與上年度比較_收入>
		<本年度與上年度比較_支出>-17140</本年度與上年度比較_支出>
	</Row>
	<Row>
		<基金別>醫療藥品基金</基金別>
		<本年度預算數_收入>27871057</本年度預算數_收入>
		<本年度預算數_支出>27245781</本年度預算數_支出>
		<上年度預算數_收入>26754026</上年度預算數_收入>
		<上年度預算數_支出>26015079</上年度預算數_支出>
		<本年度與上年度比較_收入>1117031</本年度與上年度比較_收入>
		<本年度與上年度比較_支出>1230702</本年度與上年度比較_支出>
	</Row>
	<Row>
		<基金別>管制藥品製藥工廠作業基金</基金別>
		<本年度預算數_收入>484414</本年度預算數_收入>
		<本年度預算數_支出>322628</本年度預算數_支出>
		<上年度預算數_收入>475934</上年度預算數_收入>
		<上年度預算數_支出>341701</上年度預算數_支出>
		<本年度與上年度比較_收入>8480</本年度與上年度比較_收入>
		<本年度與上年度比較_支出>-19073</本年度與上年度比較_支出>
	</Row>
	<Row>
		<基金別>全民健康保險基金</基金別>
		<本年度預算數_收入>453912732</本年度預算數_收入>
		<本年度預算數_支出>486358929</本年度預算數_支出>
		<上年度預算數_收入>434955195</上年度預算數_收入>
		<上年度預算數_支出>466984511</上年度預算數_支出>
		<本年度與上年度比較_收入>18957537</本年度與上年度比較_收入>
		<本年度與上年度比較_支出>19374418</本年度與上年度比較_支出>
	</Row>
	<Row>
		<基金別>故宮文物藝術發展基金</基金別>
		<本年度預算數_收入>212269</本年度預算數_收入>
		<本年度預算數_支出>146720</本年度預算數_支出>
		<上年度預算數_收入>205604</上年度預算數_收入>
		<上年度預算數_支出>142768</上年度預算數_支出>
		<本年度與上年度比較_收入>6665</本年度與上年度比較_收入>
		<本年度與上年度比較_支出>3952</本年度與上年度比較_支出>
	</Row>
	<Row>
		<基金別>原住民族綜合發展基金</基金別>
		<本年度預算數_收入>929545</本年度預算數_收入>
		<本年度預算數_支出>903005</本年度預算數_支出>
		<上年度預算數_收入>823736</上年度預算數_收入>
		<上年度預算數_支出>780936</上年度預算數_支出>
		<本年度與上年度比較_收入>105809</本年度與上年度比較_收入>
		<本年度與上年度比較_支出>122069</本年度與上年度比較_支出>
	</Row>
	<Row>
		<基金別>考選業務基金</基金別>
		<本年度預算數_收入>564526</本年度預算數_收入>
		<本年度預算數_支出>563906</本年度預算數_支出>
		<上年度預算數_收入>0</上年度預算數_收入>
		<上年度預算數_支出>0</上年度預算數_支出>
		<本年度與上年度比較_收入>564526</本年度與上年度比較_收入>
		<本年度與上年度比較_支出>563906</本年度與上年度比較_支出>
	</Row>
	<Row>
		<基金別>(三)非營業部分－債務基金</基金別>
		<本年度預算數_收入>718239658</本年度預算數_收入>
		<本年度預算數_支出>718234669</本年度預算數_支出>
		<上年度預算數_收入>672513390</上年度預算數_收入>
		<上年度預算數_支出>672504550</上年度預算數_支出>
		<本年度與上年度比較_收入>45726268</本年度與上年度比較_收入>
		<本年度與上年度比較_支出>45730119</本年度與上年度比較_支出>
	</Row>
	<Row>
		<基金別>中央政府債務基金</基金別>
		<本年度預算數_收入>718239658</本年度預算數_收入>
		<本年度預算數_支出>718234669</本年度預算數_支出>
		<上年度預算數_收入>672513390</上年度預算數_收入>
		<上年度預算數_支出>672504550</上年度預算數_支出>
		<本年度與上年度比較_收入>45726268</本年度與上年度比較_收入>
		<本年度與上年度比較_支出>45730119</本年度與上年度比較_支出>
	</Row>
	<Row>
		<基金別>(四)非營業部分－特別收入
　  基金</基金別>
		<本年度預算數_收入>155903453</本年度預算數_收入>
		<本年度預算數_支出>149702946</本年度預算數_支出>
		<上年度預算數_收入>150275527</上年度預算數_收入>
		<上年度預算數_支出>156099839</上年度預算數_支出>
		<本年度與上年度比較_收入>5627926</本年度與上年度比較_收入>
		<本年度與上年度比較_支出>-6396893</本年度與上年度比較_支出>
	</Row>
	<Row>
		<基金別>行政院國家科學技術發展基金</基金別>
		<本年度預算數_收入>31231424</本年度預算數_收入>
		<本年度預算數_支出>32955424</本年度預算數_支出>
		<上年度預算數_收入>29651829</上年度預算數_收入>
		<上年度預算數_支出>31424038</上年度預算數_支出>
		<本年度與上年度比較_收入>1579595</本年度與上年度比較_收入>
		<本年度與上年度比較_支出>1531386</本年度與上年度比較_支出>
	</Row>
	<Row>
		<基金別>離島建設基金</基金別>
		<本年度預算數_收入>1295540</本年度預算數_收入>
		<本年度預算數_支出>1200224</本年度預算數_支出>
		<上年度預算數_收入>3323683</上年度預算數_收入>
		<上年度預算數_支出>1519977</上年度預算數_支出>
		<本年度與上年度比較_收入>-2028143</本年度與上年度比較_收入>
		<本年度與上年度比較_支出>-319753</本年度與上年度比較_支出>
	</Row>
	<Row>
		<基金別>行政院公營事業民營化基金</基金別>
		<本年度預算數_收入>22800754</本年度預算數_收入>
		<本年度預算數_支出>9635337</本年度預算數_支出>
		<上年度預算數_收入>1443316</上年度預算數_收入>
		<上年度預算數_支出>11462521</上年度預算數_支出>
		<本年度與上年度比較_收入>21357438</本年度與上年度比較_收入>
		<本年度與上年度比較_支出>-1827184</本年度與上年度比較_支出>
	</Row>
	<Row>
		<基金別>社會福利基金</基金別>
		<本年度預算數_收入>2591800</本年度預算數_收入>
		<本年度預算數_支出>2790800</本年度預算數_支出>
		<上年度預算數_收入>2110162</上年度預算數_收入>
		<上年度預算數_支出>2420162</上年度預算數_支出>
		<本年度與上年度比較_收入>481638</本年度與上年度比較_收入>
		<本年度與上年度比較_支出>370638</本年度與上年度比較_支出>
	</Row>
	<Row>
		<基金別>外籍配偶照顧輔導基金</基金別>
		<本年度預算數_收入>304530</本年度預算數_收入>
		<本年度預算數_支出>293675</本年度預算數_支出>
		<上年度預算數_收入>303638</上年度預算數_收入>
		<上年度預算數_支出>286112</上年度預算數_支出>
		<本年度與上年度比較_收入>892</本年度與上年度比較_收入>
		<本年度與上年度比較_支出>7563</本年度與上年度比較_支出>
	</Row>
	<Row>
		<基金別>研發替代役基金</基金別>
		<本年度預算數_收入>878776</本年度預算數_收入>
		<本年度預算數_支出>807070</本年度預算數_支出>
		<上年度預算數_收入>915077</上年度預算數_收入>
		<上年度預算數_支出>745435</上年度預算數_支出>
		<本年度與上年度比較_收入>-36301</本年度與上年度比較_收入>
		<本年度與上年度比較_支出>61635</本年度與上年度比較_支出>
	</Row>
	<Row>
		<基金別>警察消防海巡空勤人員及協勤民力安全基金</基金別>
		<本年度預算數_收入>103908</本年度預算數_收入>
		<本年度預算數_支出>35621</本年度預算數_支出>
		<上年度預算數_收入>105742</上年度預算數_收入>
		<上年度預算數_支出>35699</上年度預算數_支出>
		<本年度與上年度比較_收入>-1834</本年度與上年度比較_收入>
		<本年度與上年度比較_支出>-78</本年度與上年度比較_支出>
	</Row>
	<Row>
		<基金別>學產基金</基金別>
		<本年度預算數_收入>682063</本年度預算數_收入>
		<本年度預算數_支出>646580</本年度預算數_支出>
		<上年度預算數_收入>575506</上年度預算數_收入>
		<上年度預算數_支出>554107</上年度預算數_支出>
		<本年度與上年度比較_收入>106557</本年度與上年度比較_收入>
		<本年度與上年度比較_支出>92473</本年度與上年度比較_支出>
	</Row>
	<Row>
		<基金別>經濟特別收入基金</基金別>
		<本年度預算數_收入>12202624</本年度預算數_收入>
		<本年度預算數_支出>13922349</本年度預算數_支出>
		<上年度預算數_收入>12452862</上年度預算數_收入>
		<上年度預算數_支出>11059752</上年度預算數_支出>
		<本年度與上年度比較_收入>-250238</本年度與上年度比較_收入>
		<本年度與上年度比較_支出>2862597</本年度與上年度比較_支出>
	</Row>
	<Row>
		<基金別>核能發電後端營運基金</基金別>
		<本年度預算數_收入>11411385</本年度預算數_收入>
		<本年度預算數_支出>1807856</本年度預算數_支出>
		<上年度預算數_收入>12708172</上年度預算數_收入>
		<上年度預算數_支出>1719366</上年度預算數_支出>
		<本年度與上年度比較_收入>-1296787</本年度與上年度比較_收入>
		<本年度與上年度比較_支出>88490</本年度與上年度比較_支出>
	</Row>
	<Row>
		<基金別>地方產業發展基金</基金別>
		<本年度預算數_收入>1000893</本年度預算數_收入>
		<本年度預算數_支出>976100</本年度預算數_支出>
		<上年度預算數_收入>1002250</上年度預算數_收入>
		<上年度預算數_支出>974961</上年度預算數_支出>
		<本年度與上年度比較_收入>-1357</本年度與上年度比較_收入>
		<本年度與上年度比較_支出>1139</本年度與上年度比較_支出>
	</Row>
	<Row>
		<基金別>航港建設基金</基金別>
		<本年度預算數_收入>5247380</本年度預算數_收入>
		<本年度預算數_支出>11581978</本年度預算數_支出>
		<上年度預算數_收入>6530895</上年度預算數_收入>
		<上年度預算數_支出>11744598</上年度預算數_支出>
		<本年度與上年度比較_收入>-1283515</本年度與上年度比較_收入>
		<本年度與上年度比較_支出>-162620</本年度與上年度比較_支出>
	</Row>
	<Row>
		<基金別>核子事故緊急應變基金</基金別>
		<本年度預算數_收入>73050</本年度預算數_收入>
		<本年度預算數_支出>64596</本年度預算數_支出>
		<上年度預算數_收入>73950</上年度預算數_收入>
		<上年度預算數_支出>62880</上年度預算數_支出>
		<本年度與上年度比較_收入>-900</本年度與上年度比較_收入>
		<本年度與上年度比較_支出>1716</本年度與上年度比較_支出>
	</Row>
	<Row>
		<基金別>農業特別收入基金</基金別>
		<本年度預算數_收入>24962884</本年度預算數_收入>
		<本年度預算數_支出>39753765</本年度預算數_支出>
		<上年度預算數_收入>26982247</上年度預算數_收入>
		<上年度預算數_支出>42527159</上年度預算數_支出>
		<本年度與上年度比較_收入>-2019363</本年度與上年度比較_收入>
		<本年度與上年度比較_支出>-2773394</本年度與上年度比較_支出>
	</Row>
	<Row>
		<基金別>就業安定基金</基金別>
		<本年度預算數_收入>12661782</本年度預算數_收入>
		<本年度預算數_支出>14474113</本年度預算數_支出>
		<上年度預算數_收入>10792271</上年度預算數_收入>
		<上年度預算數_支出>10825137</上年度預算數_支出>
		<本年度與上年度比較_收入>1869511</本年度與上年度比較_收入>
		<本年度與上年度比較_支出>3648976</本年度與上年度比較_支出>
	</Row>
	<Row>
		<基金別>健康照護基金</基金別>
		<本年度預算數_收入>8778312</本年度預算數_收入>
		<本年度預算數_支出>9042204</本年度預算數_支出>
		<上年度預算數_收入>2095562</上年度預算數_收入>
		<上年度預算數_支出>2967623</上年度預算數_支出>
		<本年度與上年度比較_收入>6682750</本年度與上年度比較_收入>
		<本年度與上年度比較_支出>6074581</本年度與上年度比較_支出>
	</Row>
	<Row>
		<基金別>環境保護基金</基金別>
		<本年度預算數_收入>4396091</本年度預算數_收入>
		<本年度預算數_支出>5343505</本年度預算數_支出>
		<上年度預算數_收入>4627876</上年度預算數_收入>
		<上年度預算數_支出>5221075</上年度預算數_支出>
		<本年度與上年度比較_收入>-231785</本年度與上年度比較_收入>
		<本年度與上年度比較_支出>122430</本年度與上年度比較_支出>
	</Row>
	<Row>
		<基金別>中華發展基金</基金別>
		<本年度預算數_收入>32100</本年度預算數_收入>
		<本年度預算數_支出>61186</本年度預算數_支出>
		<上年度預算數_收入>47700</上年度預算數_收入>
		<上年度預算數_支出>73706</上年度預算數_支出>
		<本年度與上年度比較_收入>-15600</本年度與上年度比較_收入>
		<本年度與上年度比較_支出>-12520</本年度與上年度比較_支出>
	</Row>
	<Row>
		<基金別>金融監督管理基金</基金別>
		<本年度預算數_收入>887392</本年度預算數_收入>
		<本年度預算數_支出>1006840</本年度預算數_支出>
		<上年度預算數_收入>978773</上年度預算數_收入>
		<上年度預算數_支出>978747</上年度預算數_支出>
		<本年度與上年度比較_收入>-91381</本年度與上年度比較_收入>
		<本年度與上年度比較_支出>28093</本年度與上年度比較_支出>
	</Row>
	<Row>
		<基金別>行政院金融重建基金</基金別>
		<本年度預算數_收入>10085393</本年度預算數_收入>
		<本年度預算數_支出>736210</本年度預算數_支出>
		<上年度預算數_收入>32559144</上年度預算數_收入>
		<上年度預算數_支出>18564357</上年度預算數_支出>
		<本年度與上年度比較_收入>-22473751</本年度與上年度比較_收入>
		<本年度與上年度比較_支出>-17828147</本年度與上年度比較_支出>
	</Row>
	<Row>
		<基金別>通訊傳播監督管理基金</基金別>
		<本年度預算數_收入>722145</本年度預算數_收入>
		<本年度預算數_支出>674876</本年度預算數_支出>
		<上年度預算數_收入>641192</上年度預算數_收入>
		<上年度預算數_支出>617714</上年度預算數_支出>
		<本年度與上年度比較_收入>80953</本年度與上年度比較_收入>
		<本年度與上年度比較_支出>57162</本年度與上年度比較_支出>
	</Row>
	<Row>
		<基金別>有線廣播電視事業發展基金</基金別>
		<本年度預算數_收入>348102</本年度預算數_收入>
		<本年度預算數_支出>337724</本年度預算數_支出>
		<上年度預算數_收入>353680</上年度預算數_收入>
		<上年度預算數_支出>314713</上年度預算數_支出>
		<本年度與上年度比較_收入>-5578</本年度與上年度比較_收入>
		<本年度與上年度比較_支出>23011</本年度與上年度比較_支出>
	</Row>
	<Row>
		<基金別>運動發展基金</基金別>
		<本年度預算數_收入>3205125</本年度預算數_收入>
		<本年度預算數_支出>1554913</本年度預算數_支出>
		<上年度預算數_收入>0</上年度預算數_收入>
		<上年度預算數_支出>0</上年度預算數_支出>
		<本年度與上年度比較_收入>3205125</本年度與上年度比較_收入>
		<本年度與上年度比較_支出>1554913</本年度與上年度比較_支出>
	</Row>
	<Row>
		<基金別>(五)非營業部分－資本計畫
　  基金</基金別>
		<本年度預算數_收入>3469086</本年度預算數_收入>
		<本年度預算數_支出>797502</本年度預算數_支出>
		<上年度預算數_收入>6834234</上年度預算數_收入>
		<上年度預算數_支出>4812020</上年度預算數_支出>
		<本年度與上年度比較_收入>-3365148</本年度與上年度比較_收入>
		<本年度與上年度比較_支出>-4014518</本年度與上年度比較_支出>
	</Row>
	<Row>
		<基金別>國軍老舊營舍改建基金</基金別>
		<本年度預算數_收入>3469086</本年度預算數_收入>
		<本年度預算數_支出>797502</本年度預算數_支出>
		<上年度預算數_收入>6834234</上年度預算數_收入>
		<上年度預算數_支出>4812020</上年度預算數_支出>
		<本年度與上年度比較_收入>-3365148</本年度與上年度比較_收入>
		<本年度與上年度比較_支出>-4014518</本年度與上年度比較_支出>
	</Row>
</Root>