<?xml version="1.0" encoding="UTF-8" standalone="yes"?>
<Root xmlns:xsi="http://www.w3.org/2001/XMLSchema-instance">
	<Row>
		<款>  </款>
		<科目名稱>合              計</科目名稱>
		<職員>93392</職員>
		<警察>10679</警察>
		<法警>1810</法警>
		<駐警>879</駐警>
		<工友>5845</工友>
		<技工>6215</技工>
		<駕駛>3212</駕駛>
		<聘用>4396</聘用>
		<約僱>5320</約僱>
		<駐外雇員>729</駐外雇員>
		<合計>132477</合計>
	</Row>
	<Row>
		<款>1</款>
		<科目名稱>總統府主管</科目名稱>
		<職員>2047</職員>
		<警察>-</警察>
		<法警>-</法警>
		<駐警>28</駐警>
		<工友>136</工友>
		<技工>93</技工>
		<駕駛>85</駕駛>
		<聘用>84</聘用>
		<約僱>18</約僱>
		<駐外雇員>-</駐外雇員>
		<合計>2491</合計>
	</Row>
	<Row>
		<款>2</款>
		<科目名稱>行政院主管</科目名稱>
		<職員>5858</職員>
		<警察>-</警察>
		<法警>-</法警>
		<駐警>88</駐警>
		<工友>404</工友>
		<技工>252</技工>
		<駕駛>258</駕駛>
		<聘用>553</聘用>
		<約僱>369</約僱>
		<駐外雇員>17</駐外雇員>
		<合計>7799</合計>
	</Row>
	<Row>
		<款>3</款>
		<科目名稱>立法院主管</科目名稱>
		<職員>526</職員>
		<警察>-</警察>
		<法警>-</法警>
		<駐警>31</駐警>
		<工友>97</工友>
		<技工>228</技工>
		<駕駛>67</駕駛>
		<聘用>80</聘用>
		<約僱>26</約僱>
		<駐外雇員>-</駐外雇員>
		<合計>1055</合計>
	</Row>
	<Row>
		<款>4</款>
		<科目名稱>司法院主管</科目名稱>
		<職員>9100</職員>
		<警察>-</警察>
		<法警>1188</法警>
		<駐警>9</駐警>
		<工友>451</工友>
		<技工>86</技工>
		<駕駛>565</駕駛>
		<聘用>1521</聘用>
		<約僱>67</約僱>
		<駐外雇員>-</駐外雇員>
		<合計>12987</合計>
	</Row>
	<Row>
		<款>5</款>
		<科目名稱>考試院主管</科目名稱>
		<職員>866</職員>
		<警察>-</警察>
		<法警>-</法警>
		<駐警>33</駐警>
		<工友>68</工友>
		<技工>25</技工>
		<駕駛>55</駕駛>
		<聘用>18</聘用>
		<約僱>22</約僱>
		<駐外雇員>-</駐外雇員>
		<合計>1087</合計>
	</Row>
	<Row>
		<款>6</款>
		<科目名稱>監察院主管</科目名稱>
		<職員>1186</職員>
		<警察>-</警察>
		<法警>-</法警>
		<駐警>27</駐警>
		<工友>105</工友>
		<技工>54</技工>
		<駕駛>72</駕駛>
		<聘用>90</聘用>
		<約僱>15</約僱>
		<駐外雇員>-</駐外雇員>
		<合計>1549</合計>
	</Row>
	<Row>
		<款>7</款>
		<科目名稱>內政部主管</科目名稱>
		<職員>7135</職員>
		<警察>10672</警察>
		<法警>-</法警>
		<駐警>12</駐警>
		<工友>931</工友>
		<技工>698</技工>
		<駕駛>307</駕駛>
		<聘用>469</聘用>
		<約僱>978</約僱>
		<駐外雇員>-</駐外雇員>
		<合計>21202</合計>
	</Row>
	<Row>
		<款>8</款>
		<科目名稱>外交部主管</科目名稱>
		<職員>1981</職員>
		<警察>-</警察>
		<法警>-</法警>
		<駐警>20</駐警>
		<工友>40</工友>
		<技工>12</技工>
		<駕駛>50</駕駛>
		<聘用>80</聘用>
		<約僱>94</約僱>
		<駐外雇員>712</駐外雇員>
		<合計>2989</合計>
	</Row>
	<Row>
		<款>9</款>
		<科目名稱>國防部主管</科目名稱>
		<職員>282</職員>
		<警察>-</警察>
		<法警>-</法警>
		<駐警>-</駐警>
		<工友>2</工友>
		<技工>3</技工>
		<駕駛>-</駕駛>
		<聘用>-</聘用>
		<約僱>-</約僱>
		<駐外雇員>-</駐外雇員>
		<合計>287</合計>
	</Row>
	<Row>
		<款>10</款>
		<科目名稱>財政部主管</科目名稱>
		<職員>12452</職員>
		<警察>-</警察>
		<法警>-</法警>
		<駐警>15</駐警>
		<工友>510</工友>
		<技工>447</技工>
		<駕駛>304</駕駛>
		<聘用>98</聘用>
		<約僱>1969</約僱>
		<駐外雇員>-</駐外雇員>
		<合計>15795</合計>
	</Row>
	<Row>
		<款>11</款>
		<科目名稱>教育部主管</科目名稱>
		<職員>1170</職員>
		<警察>-</警察>
		<法警>-</法警>
		<駐警>137</駐警>
		<工友>116</工友>
		<技工>110</技工>
		<駕駛>43</駕駛>
		<聘用>120</聘用>
		<約僱>155</約僱>
		<駐外雇員>-</駐外雇員>
		<合計>1851</合計>
	</Row>
	<Row>
		<款>12</款>
		<科目名稱>法務部主管</科目名稱>
		<職員>15818</職員>
		<警察>-</警察>
		<法警>622</法警>
		<駐警>202</駐警>
		<工友>467</工友>
		<技工>121</技工>
		<駕駛>593</駕駛>
		<聘用>19</聘用>
		<約僱>21</約僱>
		<駐外雇員>-</駐外雇員>
		<合計>17863</合計>
	</Row>
	<Row>
		<款>13</款>
		<科目名稱>經濟部主管</科目名稱>
		<職員>4961</職員>
		<警察>7</警察>
		<法警>-</法警>
		<駐警>100</駐警>
		<工友>311</工友>
		<技工>337</技工>
		<駕駛>169</駕駛>
		<聘用>356</聘用>
		<約僱>261</約僱>
		<駐外雇員>-</駐外雇員>
		<合計>6502</合計>
	</Row>
	<Row>
		<款>14</款>
		<科目名稱>交通部主管</科目名稱>
		<職員>7394</職員>
		<警察>-</警察>
		<法警>-</法警>
		<駐警>46</駐警>
		<工友>346</工友>
		<技工>139</技工>
		<駕駛>130</駕駛>
		<聘用>172</聘用>
		<約僱>911</約僱>
		<駐外雇員>-</駐外雇員>
		<合計>9138</合計>
	</Row>
	<Row>
		<款>15</款>
		<科目名稱>蒙藏委員會主管</科目名稱>
		<職員>60</職員>
		<警察>-</警察>
		<法警>-</法警>
		<駐警>1</駐警>
		<工友>3</工友>
		<技工>2</技工>
		<駕駛>2</駕駛>
		<聘用>3</聘用>
		<約僱>-</約僱>
		<駐外雇員>-</駐外雇員>
		<合計>71</合計>
	</Row>
	<Row>
		<款>16</款>
		<科目名稱>僑務委員會主管</科目名稱>
		<職員>240</職員>
		<警察>-</警察>
		<法警>-</法警>
		<駐警>-</駐警>
		<工友>11</工友>
		<技工>4</技工>
		<駕駛>5</駕駛>
		<聘用>8</聘用>
		<約僱>5</約僱>
		<駐外雇員>-</駐外雇員>
		<合計>273</合計>
	</Row>
	<Row>
		<款>17</款>
		<科目名稱>國軍退除役官兵輔導委員會主管</科目名稱>
		<職員>1654</職員>
		<警察>-</警察>
		<法警>-</法警>
		<駐警>89</駐警>
		<工友>928</工友>
		<技工>338</技工>
		<駕駛>-</駕駛>
		<聘用>7</聘用>
		<約僱>22</約僱>
		<駐外雇員>-</駐外雇員>
		<合計>3038</合計>
	</Row>
	<Row>
		<款>18</款>
		<科目名稱>國家科學委員會主管</科目名稱>
		<職員>924</職員>
		<警察>-</警察>
		<法警>-</法警>
		<駐警>7</駐警>
		<工友>47</工友>
		<技工>26</技工>
		<駕駛>13</駕駛>
		<聘用>171</聘用>
		<約僱>10</約僱>
		<駐外雇員>-</駐外雇員>
		<合計>1198</合計>
	</Row>
	<Row>
		<款>19</款>
		<科目名稱>原子能委員會主管</科目名稱>
		<職員>1123</職員>
		<警察>-</警察>
		<法警>-</法警>
		<駐警>-</駐警>
		<工友>49</工友>
		<技工>30</技工>
		<駕駛>24</駕駛>
		<聘用>76</聘用>
		<約僱>5</約僱>
		<駐外雇員>-</駐外雇員>
		<合計>1307</合計>
	</Row>
	<Row>
		<款>20</款>
		<科目名稱>農業委員會主管</科目名稱>
		<職員>4620</職員>
		<警察>-</警察>
		<法警>-</法警>
		<駐警>9</駐警>
		<工友>363</工友>
		<技工>2685</技工>
		<駕駛>220</駕駛>
		<聘用>157</聘用>
		<約僱>224</約僱>
		<駐外雇員>-</駐外雇員>
		<合計>8278</合計>
	</Row>
	<Row>
		<款>21</款>
		<科目名稱>勞工委員會主管</科目名稱>
		<職員>1404</職員>
		<警察>-</警察>
		<法警>-</法警>
		<駐警>-</駐警>
		<工友>103</工友>
		<技工>75</技工>
		<駕駛>47</駕駛>
		<聘用>102</聘用>
		<約僱>39</約僱>
		<駐外雇員>-</駐外雇員>
		<合計>1770</合計>
	</Row>
	<Row>
		<款>22</款>
		<科目名稱>衛生署主管</科目名稱>
		<職員>5009</職員>
		<警察>-</警察>
		<法警>-</法警>
		<駐警>11</駐警>
		<工友>245</工友>
		<技工>118</技工>
		<駕駛>119</駕駛>
		<聘用>82</聘用>
		<約僱>29</約僱>
		<駐外雇員>-</駐外雇員>
		<合計>5613</合計>
	</Row>
	<Row>
		<款>23</款>
		<科目名稱>環境保護署主管</科目名稱>
		<職員>681</職員>
		<警察>-</警察>
		<法警>-</法警>
		<駐警>14</駐警>
		<工友>34</工友>
		<技工>39</技工>
		<駕駛>45</駕駛>
		<聘用>106</聘用>
		<約僱>2</約僱>
		<駐外雇員>-</駐外雇員>
		<合計>921</合計>
	</Row>
	<Row>
		<款>24</款>
		<科目名稱>海岸巡防署主管</科目名稱>
		<職員>6730</職員>
		<警察>-</警察>
		<法警>-</法警>
		<駐警>-</駐警>
		<工友>20</工友>
		<技工>230</技工>
		<駕駛>5</駕駛>
		<聘用>22</聘用>
		<約僱>62</約僱>
		<駐外雇員>-</駐外雇員>
		<合計>7069</合計>
	</Row>
	<Row>
		<款>25</款>
		<科目名稱>省市地方政府</科目名稱>
		<職員>171</職員>
		<警察>-</警察>
		<法警>-</法警>
		<駐警>-</駐警>
		<工友>58</工友>
		<技工>63</技工>
		<駕駛>34</駕駛>
		<聘用>2</聘用>
		<約僱>16</約僱>
		<駐外雇員>-</駐外雇員>
		<合計>344</合計>
	</Row>
</Root>