<?xml version="1.0" encoding="UTF-8" standalone="yes"?>
<Root xmlns:xsi="http://www.w3.org/2001/XMLSchema-instance">
	<Row>
		<職能別分類經濟性分類>總計</職能別分類經濟性分類>
		<消費支出_經>650609217</消費支出_經>
		<債務利息_經>125526738</債務利息_經>
		<補助地方_經>328991296</補助地方_經>
		<移轉民間_經>352666073</移轉民間_經>
		<小計_經>1457793324</小計_經>
		<資本形成_資>78469977</資本形成_資>
		<土地購入_資>2822369</土地購入_資>
		<增資_資>62540485</增資_資>
		<補助地方_資>85589580</補助地方_資>
		<移轉民間_資>27721668</移轉民間_資>
		<小計_資>257144079</小計_資>
		<總計>1714937403</總計>
	</Row>
	<Row>
		<職能別分類經濟性分類>01一般公共事務</職能別分類經濟性分類>
		<消費支出_經>78649621</消費支出_經>
		<債務利息_經>0</債務利息_經>
		<補助地方_經>2785093</補助地方_經>
		<移轉民間_經>18978229</移轉民間_經>
		<小計_經>100412943</小計_經>
		<資本形成_資>8605408</資本形成_資>
		<土地購入_資>9915</土地購入_資>
		<增資_資>29906182</增資_資>
		<補助地方_資>3194915</補助地方_資>
		<移轉民間_資>2503642</移轉民間_資>
		<小計_資>44220062</小計_資>
		<總計>144633005</總計>
	</Row>
	<Row>
		<職能別分類經濟性分類>02防衛</職能別分類經濟性分類>
		<消費支出_經>276865320</消費支出_經>
		<債務利息_經>0</債務利息_經>
		<補助地方_經>523153</補助地方_經>
		<移轉民間_經>1729335</移轉民間_經>
		<小計_經>279117808</小計_經>
		<資本形成_資>14805727</資本形成_資>
		<土地購入_資>803648</土地購入_資>
		<增資_資>0</增資_資>
		<補助地方_資>35000</補助地方_資>
		<移轉民間_資>5243420</移轉民間_資>
		<小計_資>20887795</小計_資>
		<總計>300005603</總計>
	</Row>
	<Row>
		<職能別分類經濟性分類>03公共秩序與安全</職能別分類經濟性分類>
		<消費支出_經>76001237</消費支出_經>
		<債務利息_經>0</債務利息_經>
		<補助地方_經>575643</補助地方_經>
		<移轉民間_經>450265</移轉民間_經>
		<小計_經>77027145</小計_經>
		<資本形成_資>6832428</資本形成_資>
		<土地購入_資>55586</土地購入_資>
		<增資_資>0</增資_資>
		<補助地方_資>89607</補助地方_資>
		<移轉民間_資>45133</移轉民間_資>
		<小計_資>7022754</小計_資>
		<總計>84049899</總計>
	</Row>
	<Row>
		<職能別分類經濟性分類>04教育</職能別分類經濟性分類>
		<消費支出_經>8812349</消費支出_經>
		<債務利息_經>0</債務利息_經>
		<補助地方_經>137316897</補助地方_經>
		<移轉民間_經>30310883</移轉民間_經>
		<小計_經>176440129</小計_經>
		<資本形成_資>1425671</資本形成_資>
		<土地購入_資>0</土地購入_資>
		<增資_資>9231865</增資_資>
		<補助地方_資>16178740</補助地方_資>
		<移轉民間_資>5451587</移轉民間_資>
		<小計_資>32287863</小計_資>
		<總計>208727992</總計>
	</Row>
	<Row>
		<職能別分類經濟性分類>05保健</職能別分類經濟性分類>
		<消費支出_經>8620445</消費支出_經>
		<債務利息_經>0</債務利息_經>
		<補助地方_經>9416721</補助地方_經>
		<移轉民間_經>10633189</移轉民間_經>
		<小計_經>28670355</小計_經>
		<資本形成_資>1095067</資本形成_資>
		<土地購入_資>0</土地購入_資>
		<增資_資>50000</增資_資>
		<補助地方_資>379269</補助地方_資>
		<移轉民間_資>345889</移轉民間_資>
		<小計_資>1870225</小計_資>
		<總計>30540580</總計>
	</Row>
	<Row>
		<職能別分類經濟性分類>06社會安全與福利</職能別分類經濟性分類>
		<消費支出_經>127562216</消費支出_經>
		<債務利息_經>0</債務利息_經>
		<補助地方_經>38324190</補助地方_經>
		<移轉民間_經>255129333</移轉民間_經>
		<小計_經>421015739</小計_經>
		<資本形成_資>424567</資本形成_資>
		<土地購入_資>26121</土地購入_資>
		<增資_資>465930</增資_資>
		<補助地方_資>194374</補助地方_資>
		<移轉民間_資>743316</移轉民間_資>
		<小計_資>1854308</小計_資>
		<總計>422870047</總計>
	</Row>
	<Row>
		<職能別分類經濟性分類>07住宅及社區服務</職能別分類經濟性分類>
		<消費支出_經>0</消費支出_經>
		<債務利息_經>0</債務利息_經>
		<補助地方_經>0</補助地方_經>
		<移轉民間_經>0</移轉民間_經>
		<小計_經>0</小計_經>
		<資本形成_資>508523</資本形成_資>
		<土地購入_資>0</土地購入_資>
		<增資_資>700000</增資_資>
		<補助地方_資>0</補助地方_資>
		<移轉民間_資>0</移轉民間_資>
		<小計_資>1208523</小計_資>
		<總計>1208523</總計>
	</Row>
	<Row>
		<職能別分類經濟性分類>08娛樂、文化與宗教</職能別分類經濟性分類>
		<消費支出_經>9341330</消費支出_經>
		<債務利息_經>0</債務利息_經>
		<補助地方_經>2261748</補助地方_經>
		<移轉民間_經>5035578</移轉民間_經>
		<小計_經>16638656</小計_經>
		<資本形成_資>4564777</資本形成_資>
		<土地購入_資>186000</土地購入_資>
		<增資_資>32715</增資_資>
		<補助地方_資>3298957</補助地方_資>
		<移轉民間_資>1237165</移轉民間_資>
		<小計_資>9319614</小計_資>
		<總計>25958270</總計>
	</Row>
	<Row>
		<職能別分類經濟性分類>09燃料與能源</職能別分類經濟性分類>
		<消費支出_經>656328</消費支出_經>
		<債務利息_經>0</債務利息_經>
		<補助地方_經>0</補助地方_經>
		<移轉民間_經>2508</移轉民間_經>
		<小計_經>658836</小計_經>
		<資本形成_資>10637</資本形成_資>
		<土地購入_資>0</土地購入_資>
		<增資_資>0</增資_資>
		<補助地方_資>317300</補助地方_資>
		<移轉民間_資>0</移轉民間_資>
		<小計_資>327937</小計_資>
		<總計>986773</總計>
	</Row>
	<Row>
		<職能別分類經濟性分類>10農、林、漁、牧</職能別分類經濟性分類>
		<消費支出_經>18962854</消費支出_經>
		<債務利息_經>0</債務利息_經>
		<補助地方_經>16628392</補助地方_經>
		<移轉民間_經>4987944</移轉民間_經>
		<小計_經>40579190</小計_經>
		<資本形成_資>13064051</資本形成_資>
		<土地購入_資>673032</土地購入_資>
		<增資_資>4574225</增資_資>
		<補助地方_資>3521746</補助地方_資>
		<移轉民間_資>4948624</移轉民間_資>
		<小計_資>26781678</小計_資>
		<總計>67360868</總計>
	</Row>
	<Row>
		<職能別分類經濟性分類>11礦業、製造業及營造業</職能別分類經濟性分類>
		<消費支出_經>7305325</消費支出_經>
		<債務利息_經>0</債務利息_經>
		<補助地方_經>9765595</補助地方_經>
		<移轉民間_經>22560390</移轉民間_經>
		<小計_經>39631310</小計_經>
		<資本形成_資>785921</資本形成_資>
		<土地購入_資>0</土地購入_資>
		<增資_資>0</增資_資>
		<補助地方_資>2372433</補助地方_資>
		<移轉民間_資>916318</移轉民間_資>
		<小計_資>4074672</小計_資>
		<總計>43705982</總計>
	</Row>
	<Row>
		<職能別分類經濟性分類>12運輸及通信</職能別分類經濟性分類>
		<消費支出_經>8526932</消費支出_經>
		<債務利息_經>0</債務利息_經>
		<補助地方_經>693650</補助地方_經>
		<移轉民間_經>1693700</移轉民間_經>
		<小計_經>10914282</小計_經>
		<資本形成_資>16296267</資本形成_資>
		<土地購入_資>75000</土地購入_資>
		<增資_資>5574435</增資_資>
		<補助地方_資>31923264</補助地方_資>
		<移轉民間_資>376539</移轉民間_資>
		<小計_資>54245505</小計_資>
		<總計>65159787</總計>
	</Row>
	<Row>
		<職能別分類經濟性分類>13其他經濟服務</職能別分類經濟性分類>
		<消費支出_經>15907293</消費支出_經>
		<債務利息_經>0</債務利息_經>
		<補助地方_經>1779150</補助地方_經>
		<移轉民間_經>1065857</移轉民間_經>
		<小計_經>18752300</小計_經>
		<資本形成_資>4943426</資本形成_資>
		<土地購入_資>459666</土地購入_資>
		<增資_資>12005133</增資_資>
		<補助地方_資>19942400</補助地方_資>
		<移轉民間_資>5887715</移轉民間_資>
		<小計_資>43238340</小計_資>
		<總計>61990640</總計>
	</Row>
	<Row>
		<職能別分類經濟性分類>14環境保護</職能別分類經濟性分類>
		<消費支出_經>4598139</消費支出_經>
		<債務利息_經>0</債務利息_經>
		<補助地方_經>2180476</補助地方_經>
		<移轉民間_經>45289</移轉民間_經>
		<小計_經>6823904</小計_經>
		<資本形成_資>1120507</資本形成_資>
		<土地購入_資>533401</土地購入_資>
		<增資_資>0</增資_資>
		<補助地方_資>3566075</補助地方_資>
		<移轉民間_資>22320</移轉民間_資>
		<小計_資>5242303</小計_資>
		<總計>12066207</總計>
	</Row>
	<Row>
		<職能別分類經濟性分類>15其他支出</職能別分類經濟性分類>
		<消費支出_經>8799828</消費支出_經>
		<債務利息_經>125526738</債務利息_經>
		<補助地方_經>106740588</補助地方_經>
		<移轉民間_經>43573</移轉民間_經>
		<小計_經>241110727</小計_經>
		<資本形成_資>3987000</資本形成_資>
		<土地購入_資>0</土地購入_資>
		<增資_資>0</增資_資>
		<補助地方_資>575500</補助地方_資>
		<移轉民間_資>0</移轉民間_資>
		<小計_資>4562500</小計_資>
		<總計>245673227</總計>
	</Row>
</Root>