<?xml version="1.0" encoding="UTF-8" standalone="yes"?>
<Root xmlns:xsi="http://www.w3.org/2001/XMLSchema-instance">
	<Row>
		<科目名稱>合      計</科目名稱>
		<本年度預算數>1714937403</本年度預算數>
		<上年度預算數>1809667004</上年度預算數>
		<前年度決算數>1617673831</前年度決算數>
		<本年度與上年度比較>-94729601</本年度與上年度比較>
		<款>  </款>
	</Row>
	<Row>
		<科目名稱>總統府主管</科目名稱>
		<本年度預算數>13460093</本年度預算數>
		<上年度預算數>13193658</上年度預算數>
		<前年度決算數>11782545</前年度決算數>
		<本年度與上年度比較>266435</本年度與上年度比較>
		<款>1</款>
	</Row>
	<Row>
		<科目名稱>行政院主管</科目名稱>
		<本年度預算數>42759416</本年度預算數>
		<上年度預算數>42389657</上年度預算數>
		<前年度決算數>40490270</前年度決算數>
		<本年度與上年度比較>369759</本年度與上年度比較>
		<款>2</款>
	</Row>
	<Row>
		<科目名稱>立法院主管</科目名稱>
		<本年度預算數>3533469</本年度預算數>
		<上年度預算數>3547244</上年度預算數>
		<前年度決算數>3634793</前年度決算數>
		<本年度與上年度比較>-13775</本年度與上年度比較>
		<款>3</款>
	</Row>
	<Row>
		<科目名稱>司法院主管</科目名稱>
		<本年度預算數>18728888</本年度預算數>
		<上年度預算數>18693530</上年度預算數>
		<前年度決算數>16830198</前年度決算數>
		<本年度與上年度比較>35358</本年度與上年度比較>
		<款>4</款>
	</Row>
	<Row>
		<科目名稱>考試院主管</科目名稱>
		<本年度預算數>22121697</本年度預算數>
		<上年度預算數>21418276</上年度預算數>
		<前年度決算數>20502010</前年度決算數>
		<本年度與上年度比較>703421</本年度與上年度比較>
		<款>5</款>
	</Row>
	<Row>
		<科目名稱>監察院主管</科目名稱>
		<本年度預算數>2055086</本年度預算數>
		<上年度預算數>2056679</上年度預算數>
		<前年度決算數>1903699</前年度決算數>
		<本年度與上年度比較>-1593</本年度與上年度比較>
		<款>6</款>
	</Row>
	<Row>
		<科目名稱>內政部主管</科目名稱>
		<本年度預算數>134788907</本年度預算數>
		<上年度預算數>182541121</上年度預算數>
		<前年度決算數>144213794</前年度決算數>
		<本年度與上年度比較>-47752214</本年度與上年度比較>
		<款>7</款>
	</Row>
	<Row>
		<科目名稱>外交部主管</科目名稱>
		<本年度預算數>30733799</本年度預算數>
		<上年度預算數>31309607</上年度預算數>
		<前年度決算數>29392438</前年度決算數>
		<本年度與上年度比較>-575808</本年度與上年度比較>
		<款>8</款>
	</Row>
	<Row>
		<科目名稱>國防部主管</科目名稱>
		<本年度預算數>297435147</本年度預算數>
		<上年度預算數>318650064</上年度預算數>
		<前年度決算數>290574086</前年度決算數>
		<本年度與上年度比較>-21214917</本年度與上年度比較>
		<款>9</款>
	</Row>
	<Row>
		<科目名稱>財政部主管</科目名稱>
		<本年度預算數>191574318</本年度預算數>
		<上年度預算數>186080652</上年度預算數>
		<前年度決算數>193090821</前年度決算數>
		<本年度與上年度比較>5493666</本年度與上年度比較>
		<款>10</款>
	</Row>
	<Row>
		<科目名稱>教育部主管</科目名稱>
		<本年度預算數>167388000</本年度預算數>
		<上年度預算數>168150292</上年度預算數>
		<前年度決算數>152091137</前年度決算數>
		<本年度與上年度比較>-762292</本年度與上年度比較>
		<款>11</款>
	</Row>
	<Row>
		<科目名稱>法務部主管</科目名稱>
		<本年度預算數>27908800</本年度預算數>
		<上年度預算數>26834099</上年度預算數>
		<前年度決算數>25838380</前年度決算數>
		<本年度與上年度比較>1074701</本年度與上年度比較>
		<款>12</款>
	</Row>
	<Row>
		<科目名稱>經濟部主管</科目名稱>
		<本年度預算數>58470237</本年度預算數>
		<上年度預算數>72387485</上年度預算數>
		<前年度決算數>61718338</前年度決算數>
		<本年度與上年度比較>-13917248</本年度與上年度比較>
		<款>13</款>
	</Row>
	<Row>
		<科目名稱>交通部主管</科目名稱>
		<本年度預算數>65422914</本年度預算數>
		<上年度預算數>100097002</上年度預算數>
		<前年度決算數>60845585</前年度決算數>
		<本年度與上年度比較>-34674088</本年度與上年度比較>
		<款>14</款>
	</Row>
	<Row>
		<科目名稱>蒙藏委員會主管</科目名稱>
		<本年度預算數>148839</本年度預算數>
		<上年度預算數>148755</上年度預算數>
		<前年度決算數>159577</前年度決算數>
		<本年度與上年度比較>84</本年度與上年度比較>
		<款>15</款>
	</Row>
	<Row>
		<科目名稱>僑務委員會主管</科目名稱>
		<本年度預算數>1463796</本年度預算數>
		<上年度預算數>1362163</上年度預算數>
		<前年度決算數>1287533</前年度決算數>
		<本年度與上年度比較>101633</本年度與上年度比較>
		<款>16</款>
	</Row>
	<Row>
		<科目名稱>國軍退除役官兵輔導委員會主管</科目名稱>
		<本年度預算數>134560744</本年度預算數>
		<上年度預算數>135333076</上年度預算數>
		<前年度決算數>133380734</前年度決算數>
		<本年度與上年度比較>-772332</本年度與上年度比較>
		<款>17</款>
	</Row>
	<Row>
		<科目名稱>國家科學委員會主管</科目名稱>
		<本年度預算數>41733339</本年度預算數>
		<上年度預算數>41501157</上年度預算數>
		<前年度決算數>40398981</前年度決算數>
		<本年度與上年度比較>232182</本年度與上年度比較>
		<款>18</款>
	</Row>
	<Row>
		<科目名稱>原子能委員會主管</科目名稱>
		<本年度預算數>3136903</本年度預算數>
		<上年度預算數>3456283</上年度預算數>
		<前年度決算數>3142160</前年度決算數>
		<本年度與上年度比較>-319380</本年度與上年度比較>
		<款>19</款>
	</Row>
	<Row>
		<科目名稱>農業委員會主管</科目名稱>
		<本年度預算數>106391204</本年度預算數>
		<上年度預算數>107731458</上年度預算數>
		<前年度決算數>103973301</前年度決算數>
		<本年度與上年度比較>-1340254</本年度與上年度比較>
		<款>20</款>
	</Row>
	<Row>
		<科目名稱>勞工委員會主管</科目名稱>
		<本年度預算數>66304007</本年度預算數>
		<上年度預算數>59909730</上年度預算數>
		<前年度決算數>54321204</前年度決算數>
		<本年度與上年度比較>6394277</本年度與上年度比較>
		<款>21</款>
	</Row>
	<Row>
		<科目名稱>衛生署主管</科目名稱>
		<本年度預算數>61023678</本年度預算數>
		<上年度預算數>53433141</上年度預算數>
		<前年度決算數>52666608</前年度決算數>
		<本年度與上年度比較>7590537</本年度與上年度比較>
		<款>22</款>
	</Row>
	<Row>
		<科目名稱>環境保護署主管</科目名稱>
		<本年度預算數>8256705</本年度預算數>
		<上年度預算數>8510734</上年度預算數>
		<前年度決算數>8153064</前年度決算數>
		<本年度與上年度比較>-254029</本年度與上年度比較>
		<款>23</款>
	</Row>
	<Row>
		<科目名稱>海岸巡防署主管</科目名稱>
		<本年度預算數>12986369</本年度預算數>
		<上年度預算數>12266613</上年度預算數>
		<前年度決算數>12189142</前年度決算數>
		<本年度與上年度比較>719756</本年度與上年度比較>
		<款>24</款>
	</Row>
	<Row>
		<科目名稱>省市地方政府</科目名稱>
		<本年度預算數>192564048</本年度預算數>
		<上年度預算數>188664528</上年度預算數>
		<前年度決算數>153293432</前年度決算數>
		<本年度與上年度比較>3899520</本年度與上年度比較>
		<款>25</款>
	</Row>
	<Row>
		<科目名稱>災害準備金</科目名稱>
		<本年度預算數>1997000</本年度預算數>
		<上年度預算數>2000000</上年度預算數>
		<前年度決算數>1800000</前年度決算數>
		<本年度與上年度比較>-3000</本年度與上年度比較>
		<款>26</款>
	</Row>
	<Row>
		<科目名稱>第二預備金</科目名稱>
		<本年度預算數>7990000</本年度預算數>
		<上年度預算數>8000000</上年度預算數>
		<前年度決算數>-</前年度決算數>
		<本年度與上年度比較>-10000</本年度與上年度比較>
		<款>27</款>
	</Row>
</Root>