<?xml version="1.0" encoding="UTF-8" standalone="yes"?>
<Root xmlns:xsi="http://www.w3.org/2001/XMLSchema-instance">
	<Row>
		<科目名稱>合      計</科目名稱>
		<本年度預算數>257144079</本年度預算數>
		<上年度預算數>332786554</上年度預算數>
		<前年度決算數>267666010</前年度決算數>
		<本年度與上年度比較>-75642475</本年度與上年度比較>
		<款>  </款>
	</Row>
	<Row>
		<科目名稱>總統府主管</科目名稱>
		<本年度預算數>3435175</本年度預算數>
		<上年度預算數>3339314</上年度預算數>
		<前年度決算數>3055868</前年度決算數>
		<本年度與上年度比較>95861</本年度與上年度比較>
		<款>1</款>
	</Row>
	<Row>
		<科目名稱>行政院主管</科目名稱>
		<本年度預算數>11656050</本年度預算數>
		<上年度預算數>12913153</上年度預算數>
		<前年度決算數>12316071</前年度決算數>
		<本年度與上年度比較>-1257103</本年度與上年度比較>
		<款>2</款>
	</Row>
	<Row>
		<科目名稱>立法院主管</科目名稱>
		<本年度預算數>296000</本年度預算數>
		<上年度預算數>272133</上年度預算數>
		<前年度決算數>289023</前年度決算數>
		<本年度與上年度比較>23867</本年度與上年度比較>
		<款>3</款>
	</Row>
	<Row>
		<科目名稱>司法院主管</科目名稱>
		<本年度預算數>765240</本年度預算數>
		<上年度預算數>827322</上年度預算數>
		<前年度決算數>1479109</前年度決算數>
		<本年度與上年度比較>-62082</本年度與上年度比較>
		<款>4</款>
	</Row>
	<Row>
		<科目名稱>考試院主管</科目名稱>
		<本年度預算數>117633</本年度預算數>
		<上年度預算數>92164</上年度預算數>
		<前年度決算數>217728</前年度決算數>
		<本年度與上年度比較>25469</本年度與上年度比較>
		<款>5</款>
	</Row>
	<Row>
		<科目名稱>監察院主管</科目名稱>
		<本年度預算數>80910</本年度預算數>
		<上年度預算數>88724</上年度預算數>
		<前年度決算數>98180</前年度決算數>
		<本年度與上年度比較>-7814</本年度與上年度比較>
		<款>6</款>
	</Row>
	<Row>
		<科目名稱>內政部主管</科目名稱>
		<本年度預算數>14429789</本年度預算數>
		<上年度預算數>43159135</上年度預算數>
		<前年度決算數>29441813</前年度決算數>
		<本年度與上年度比較>-28729346</本年度與上年度比較>
		<款>7</款>
	</Row>
	<Row>
		<科目名稱>外交部主管</科目名稱>
		<本年度預算數>682625</本年度預算數>
		<上年度預算數>533102</上年度預算數>
		<前年度決算數>430629</前年度決算數>
		<本年度與上年度比較>149523</本年度與上年度比較>
		<款>8</款>
	</Row>
	<Row>
		<科目名稱>國防部主管</科目名稱>
		<本年度預算數>20841588</本年度預算數>
		<上年度預算數>26088551</上年度預算數>
		<前年度決算數>24157448</前年度決算數>
		<本年度與上年度比較>-5246963</本年度與上年度比較>
		<款>9</款>
	</Row>
	<Row>
		<科目名稱>財政部主管</科目名稱>
		<本年度預算數>6046814</本年度預算數>
		<上年度預算數>1664327</上年度預算數>
		<前年度決算數>8355828</前年度決算數>
		<本年度與上年度比較>4382487</本年度與上年度比較>
		<款>10</款>
	</Row>
	<Row>
		<科目名稱>教育部主管</科目名稱>
		<本年度預算數>26860891</本年度預算數>
		<上年度預算數>25812568</上年度預算數>
		<前年度決算數>24039770</前年度決算數>
		<本年度與上年度比較>1048323</本年度與上年度比較>
		<款>11</款>
	</Row>
	<Row>
		<科目名稱>法務部主管</科目名稱>
		<本年度預算數>1229854</本年度預算數>
		<上年度預算數>1223625</上年度預算數>
		<前年度決算數>1269839</前年度決算數>
		<本年度與上年度比較>6229</本年度與上年度比較>
		<款>12</款>
	</Row>
	<Row>
		<科目名稱>經濟部主管</科目名稱>
		<本年度預算數>18214084</本年度預算數>
		<上年度預算數>30888279</上年度預算數>
		<前年度決算數>24811088</前年度決算數>
		<本年度與上年度比較>-12674195</本年度與上年度比較>
		<款>13</款>
	</Row>
	<Row>
		<科目名稱>交通部主管</科目名稱>
		<本年度預算數>52454573</本年度預算數>
		<上年度預算數>88112880</上年度預算數>
		<前年度決算數>45312643</前年度決算數>
		<本年度與上年度比較>-35658307</本年度與上年度比較>
		<款>14</款>
	</Row>
	<Row>
		<科目名稱>蒙藏委員會主管</科目名稱>
		<本年度預算數>4698</本年度預算數>
		<上年度預算數>3148</上年度預算數>
		<前年度決算數>6340</前年度決算數>
		<本年度與上年度比較>1550</本年度與上年度比較>
		<款>15</款>
	</Row>
	<Row>
		<科目名稱>僑務委員會主管</科目名稱>
		<本年度預算數>171276</本年度預算數>
		<上年度預算數>36581</上年度預算數>
		<前年度決算數>29537</前年度決算數>
		<本年度與上年度比較>134695</本年度與上年度比較>
		<款>16</款>
	</Row>
	<Row>
		<科目名稱>國軍退除役官兵輔導委員會主管</科目名稱>
		<本年度預算數>645673</本年度預算數>
		<上年度預算數>295673</上年度預算數>
		<前年度決算數>466428</前年度決算數>
		<本年度與上年度比較>350000</本年度與上年度比較>
		<款>17</款>
	</Row>
	<Row>
		<科目名稱>國家科學委員會主管</科目名稱>
		<本年度預算數>34160586</本年度預算數>
		<上年度預算數>33836250</上年度預算數>
		<前年度決算數>34248462</前年度決算數>
		<本年度與上年度比較>324336</本年度與上年度比較>
		<款>18</款>
	</Row>
	<Row>
		<科目名稱>原子能委員會主管</科目名稱>
		<本年度預算數>682619</本年度預算數>
		<上年度預算數>875497</上年度預算數>
		<前年度決算數>758322</前年度決算數>
		<本年度與上年度比較>-192878</本年度與上年度比較>
		<款>19</款>
	</Row>
	<Row>
		<科目名稱>農業委員會主管</科目名稱>
		<本年度預算數>19232240</本年度預算數>
		<上年度預算數>17131808</上年度預算數>
		<前年度決算數>14515041</前年度決算數>
		<本年度與上年度比較>2100432</本年度與上年度比較>
		<款>20</款>
	</Row>
	<Row>
		<科目名稱>勞工委員會主管</科目名稱>
		<本年度預算數>76095</本年度預算數>
		<上年度預算數>58526</上年度預算數>
		<前年度決算數>71291</前年度決算數>
		<本年度與上年度比較>17569</本年度與上年度比較>
		<款>21</款>
	</Row>
	<Row>
		<科目名稱>衛生署主管</科目名稱>
		<本年度預算數>2580733</本年度預算數>
		<上年度預算數>2058758</上年度預算數>
		<前年度決算數>3076579</前年度決算數>
		<本年度與上年度比較>521975</本年度與上年度比較>
		<款>22</款>
	</Row>
	<Row>
		<科目名稱>環境保護署主管</科目名稱>
		<本年度預算數>3778367</本年度預算數>
		<上年度預算數>4068476</上年度預算數>
		<前年度決算數>4367317</前年度決算數>
		<本年度與上年度比較>-290109</本年度與上年度比較>
		<款>23</款>
	</Row>
	<Row>
		<科目名稱>海岸巡防署主管</科目名稱>
		<本年度預算數>2510759</本年度預算數>
		<上年度預算數>1779098</上年度預算數>
		<前年度決算數>1806835</前年度決算數>
		<本年度與上年度比較>731661</本年度與上年度比較>
		<款>24</款>
	</Row>
	<Row>
		<科目名稱>省市地方政府</科目名稱>
		<本年度預算數>32202807</本年度預算數>
		<上年度預算數>33627462</上年度預算數>
		<前年度決算數>32544819</前年度決算數>
		<本年度與上年度比較>-1424655</本年度與上年度比較>
		<款>25</款>
	</Row>
	<Row>
		<科目名稱>災害準備金</科目名稱>
		<本年度預算數>1497000</本年度預算數>
		<上年度預算數>1500000</上年度預算數>
		<前年度決算數>500000</前年度決算數>
		<本年度與上年度比較>-3000</本年度與上年度比較>
		<款>26</款>
	</Row>
	<Row>
		<科目名稱>第二預備金</科目名稱>
		<本年度預算數>2490000</本年度預算數>
		<上年度預算數>2500000</上年度預算數>
		<前年度決算數>-</前年度決算數>
		<本年度與上年度比較>-10000</本年度與上年度比較>
		<款>27</款>
	</Row>
</Root>