<?xml version="1.0" encoding="UTF-8" standalone="yes"?>
<Root xmlns:xsi="http://www.w3.org/2001/XMLSchema-instance">
	<Row>
		<款>  </款>
		<科目名稱>合                        計</科目名稱>
		<土地>2822369</土地>
		<房屋建築>15179052</房屋建築>
		<公共建設>32344670</公共建設>
		<機械設備>8083243</機械設備>
		<運輸設備>2531331</運輸設備>
		<資訊設備>10539216</資訊設備>
		<什項設備>4282883</什項設備>
		<權利>16396</權利>
		<投資>62540485</投資>
		<其它資本支出>118804434</其它資本支出>
		<合計>257144079</合計>
	</Row>
	<Row>
		<款>1</款>
		<科目名稱>總統府主管</科目名稱>
		<土地>-</土地>
		<房屋建築>594066</房屋建築>
		<公共建設>968894</公共建設>
		<機械設備>1098812</機械設備>
		<運輸設備>3879</運輸設備>
		<資訊設備>338083</資訊設備>
		<什項設備>431441</什項設備>
		<權利>-</權利>
		<投資>-</投資>
		<其它資本支出>-</其它資本支出>
		<合計>3435175</合計>
	</Row>
	<Row>
		<款>2</款>
		<科目名稱>行政院主管</科目名稱>
		<土地>-</土地>
		<房屋建築>2375928</房屋建築>
		<公共建設>744155</公共建設>
		<機械設備>40638</機械設備>
		<運輸設備>13085</運輸設備>
		<資訊設備>1111753</資訊設備>
		<什項設備>786800</什項設備>
		<權利>3253</權利>
		<投資>465000</投資>
		<其它資本支出>6115438</其它資本支出>
		<合計>11656050</合計>
	</Row>
	<Row>
		<款>3</款>
		<科目名稱>立法院主管</科目名稱>
		<土地>-</土地>
		<房屋建築>36177</房屋建築>
		<公共建設>6000</公共建設>
		<機械設備>-</機械設備>
		<運輸設備>2610</運輸設備>
		<資訊設備>114133</資訊設備>
		<什項設備>137080</什項設備>
		<權利>-</權利>
		<投資>-</投資>
		<其它資本支出>-</其它資本支出>
		<合計>296000</合計>
	</Row>
	<Row>
		<款>4</款>
		<科目名稱>司法院主管</科目名稱>
		<土地>-</土地>
		<房屋建築>17021</房屋建築>
		<公共建設>-</公共建設>
		<機械設備>12748</機械設備>
		<運輸設備>40940</運輸設備>
		<資訊設備>361624</資訊設備>
		<什項設備>114230</什項設備>
		<權利>-</權利>
		<投資>-</投資>
		<其它資本支出>218677</其它資本支出>
		<合計>765240</合計>
	</Row>
	<Row>
		<款>5</款>
		<科目名稱>考試院主管</科目名稱>
		<土地>-</土地>
		<房屋建築>50000</房屋建築>
		<公共建設>-</公共建設>
		<機械設備>-</機械設備>
		<運輸設備>5085</運輸設備>
		<資訊設備>37502</資訊設備>
		<什項設備>24546</什項設備>
		<權利>-</權利>
		<投資>-</投資>
		<其它資本支出>500</其它資本支出>
		<合計>117633</合計>
	</Row>
	<Row>
		<款>6</款>
		<科目名稱>監察院主管</科目名稱>
		<土地>-</土地>
		<房屋建築>23686</房屋建築>
		<公共建設>-</公共建設>
		<機械設備>-</機械設備>
		<運輸設備>5380</運輸設備>
		<資訊設備>42803</資訊設備>
		<什項設備>9041</什項設備>
		<權利>-</權利>
		<投資>-</投資>
		<其它資本支出>-</其它資本支出>
		<合計>80910</合計>
	</Row>
	<Row>
		<款>7</款>
		<科目名稱>內政部主管</科目名稱>
		<土地>652553</土地>
		<房屋建築>1543975</房屋建築>
		<公共建設>1851441</公共建設>
		<機械設備>319093</機械設備>
		<運輸設備>141048</運輸設備>
		<資訊設備>1634260</資訊設備>
		<什項設備>422883</什項設備>
		<權利>-</權利>
		<投資>1900000</投資>
		<其它資本支出>5964536</其它資本支出>
		<合計>14429789</合計>
	</Row>
	<Row>
		<款>8</款>
		<科目名稱>外交部主管</科目名稱>
		<土地>-</土地>
		<房屋建築>322746</房屋建築>
		<公共建設>-</公共建設>
		<機械設備>11575</機械設備>
		<運輸設備>87749</運輸設備>
		<資訊設備>104692</資訊設備>
		<什項設備>102645</什項設備>
		<權利>-</權利>
		<投資>-</投資>
		<其它資本支出>53218</其它資本支出>
		<合計>682625</合計>
	</Row>
	<Row>
		<款>9</款>
		<科目名稱>國防部主管</科目名稱>
		<土地>803648</土地>
		<房屋建築>3877712</房屋建築>
		<公共建設>1893162</公共建設>
		<機械設備>3826147</機械設備>
		<運輸設備>160250</運輸設備>
		<資訊設備>4229478</資訊設備>
		<什項設備>807771</什項設備>
		<權利>-</權利>
		<投資>-</投資>
		<其它資本支出>5243420</其它資本支出>
		<合計>20841588</合計>
	</Row>
	<Row>
		<款>10</款>
		<科目名稱>財政部主管</科目名稱>
		<土地>915</土地>
		<房屋建築>645523</房屋建築>
		<公共建設>615</公共建設>
		<機械設備>176869</機械設備>
		<運輸設備>15450</運輸設備>
		<資訊設備>497865</資訊設備>
		<什項設備>145838</什項設備>
		<權利>-</權利>
		<投資>4562016</投資>
		<其它資本支出>1723</其它資本支出>
		<合計>6046814</合計>
	</Row>
	<Row>
		<款>11</款>
		<科目名稱>教育部主管</科目名稱>
		<土地>186000</土地>
		<房屋建築>1106414</房屋建築>
		<公共建設>8095</公共建設>
		<機械設備>21369</機械設備>
		<運輸設備>1335</運輸設備>
		<資訊設備>99399</資訊設備>
		<什項設備>104277</什項設備>
		<權利>13000</權利>
		<投資>9264580</投資>
		<其它資本支出>16056422</其它資本支出>
		<合計>26860891</合計>
	</Row>
	<Row>
		<款>12</款>
		<科目名稱>法務部主管</科目名稱>
		<土地>11434</土地>
		<房屋建築>497798</房屋建築>
		<公共建設>-</公共建設>
		<機械設備>133904</機械設備>
		<運輸設備>40063</運輸設備>
		<資訊設備>154819</資訊設備>
		<什項設備>391726</什項設備>
		<權利>-</權利>
		<投資>-</投資>
		<其它資本支出>110</其它資本支出>
		<合計>1229854</合計>
	</Row>
	<Row>
		<款>13</款>
		<科目名稱>經濟部主管</科目名稱>
		<土地>706516</土地>
		<房屋建築>193581</房屋建築>
		<公共建設>5364610</公共建設>
		<機械設備>290563</機械設備>
		<運輸設備>27680</運輸設備>
		<資訊設備>343910</資訊設備>
		<什項設備>256031</什項設備>
		<權利>-</權利>
		<投資>2758618</投資>
		<其它資本支出>8272575</其它資本支出>
		<合計>18214084</合計>
	</Row>
	<Row>
		<款>14</款>
		<科目名稱>交通部主管</科目名稱>
		<土地>271150</土地>
		<房屋建築>688409</房屋建築>
		<公共建設>17002777</公共建設>
		<機械設備>497197</機械設備>
		<運輸設備>45470</運輸設備>
		<資訊設備>349448</資訊設備>
		<什項設備>85576</什項設備>
		<權利>-</權利>
		<投資>8094735</投資>
		<其它資本支出>25419811</其它資本支出>
		<合計>52454573</合計>
	</Row>
	<Row>
		<款>15</款>
		<科目名稱>蒙藏委員會主管</科目名稱>
		<土地>-</土地>
		<房屋建築>1300</房屋建築>
		<公共建設>-</公共建設>
		<機械設備>-</機械設備>
		<運輸設備>-</運輸設備>
		<資訊設備>1229</資訊設備>
		<什項設備>1488</什項設備>
		<權利>-</權利>
		<投資>-</投資>
		<其它資本支出>681</其它資本支出>
		<合計>4698</合計>
	</Row>
	<Row>
		<款>16</款>
		<科目名稱>僑務委員會主管</科目名稱>
		<土地>-</土地>
		<房屋建築>136710</房屋建築>
		<公共建設>-</公共建設>
		<機械設備>190</機械設備>
		<運輸設備>-</運輸設備>
		<資訊設備>11383</資訊設備>
		<什項設備>7181</什項設備>
		<權利>-</權利>
		<投資>-</投資>
		<其它資本支出>15812</其它資本支出>
		<合計>171276</合計>
	</Row>
	<Row>
		<款>17</款>
		<科目名稱>國軍退除役官兵輔導委員會主管</科目名稱>
		<土地>26121</土地>
		<房屋建築>502385</房屋建築>
		<公共建設>6138</公共建設>
		<機械設備>5941</機械設備>
		<運輸設備>28478</運輸設備>
		<資訊設備>34510</資訊設備>
		<什項設備>38650</什項設備>
		<權利>-</權利>
		<投資>-</投資>
		<其它資本支出>3450</其它資本支出>
		<合計>645673</合計>
	</Row>
	<Row>
		<款>18</款>
		<科目名稱>國家科學委員會主管</科目名稱>
		<土地>-</土地>
		<房屋建築>637622</房屋建築>
		<公共建設>2400</公共建設>
		<機械設備>17360</機械設備>
		<運輸設備>750</運輸設備>
		<資訊設備>85336</資訊設備>
		<什項設備>20852</什項設備>
		<權利>-</權利>
		<投資>30969267</投資>
		<其它資本支出>2426999</其它資本支出>
		<合計>34160586</合計>
	</Row>
	<Row>
		<款>19</款>
		<科目名稱>原子能委員會主管</科目名稱>
		<土地>9000</土地>
		<房屋建築>3782</房屋建築>
		<公共建設>-</公共建設>
		<機械設備>529528</機械設備>
		<運輸設備>55</運輸設備>
		<資訊設備>61050</資訊設備>
		<什項設備>79204</什項設備>
		<權利>-</權利>
		<投資>-</投資>
		<其它資本支出>-</其它資本支出>
		<合計>682619</合計>
	</Row>
	<Row>
		<款>20</款>
		<科目名稱>農業委員會主管</科目名稱>
		<土地>155032</土地>
		<房屋建築>1315117</房屋建築>
		<公共建設>4444174</公共建設>
		<機械設備>410760</機械設備>
		<運輸設備>73671</運輸設備>
		<資訊設備>289956</資訊設備>
		<什項設備>135158</什項設備>
		<權利>143</權利>
		<投資>4005694</投資>
		<其它資本支出>8402535</其它資本支出>
		<合計>19232240</合計>
	</Row>
	<Row>
		<款>21</款>
		<科目名稱>勞工委員會主管</科目名稱>
		<土地>-</土地>
		<房屋建築>-</房屋建築>
		<公共建設>-</公共建設>
		<機械設備>24748</機械設備>
		<運輸設備>501</運輸設備>
		<資訊設備>30104</資訊設備>
		<什項設備>6247</什項設備>
		<權利>-</權利>
		<投資>4645</投資>
		<其它資本支出>9850</其它資本支出>
		<合計>76095</合計>
	</Row>
	<Row>
		<款>22</款>
		<科目名稱>衛生署主管</科目名稱>
		<土地>-</土地>
		<房屋建築>380101</房屋建築>
		<公共建設>-</公共建設>
		<機械設備>225684</機械設備>
		<運輸設備>27993</運輸設備>
		<資訊設備>506392</資訊設備>
		<什項設備>64531</什項設備>
		<權利>-</權利>
		<投資>515930</投資>
		<其它資本支出>860102</其它資本支出>
		<合計>2580733</合計>
	</Row>
	<Row>
		<款>23</款>
		<科目名稱>環境保護署主管</科目名稱>
		<土地>-</土地>
		<房屋建築>-</房屋建築>
		<公共建設>-</公共建設>
		<機械設備>69171</機械設備>
		<運輸設備>6310</運輸設備>
		<資訊設備>78297</資訊設備>
		<什項設備>58514</什項設備>
		<權利>-</權利>
		<投資>-</投資>
		<其它資本支出>3566075</其它資本支出>
		<合計>3778367</合計>
	</Row>
	<Row>
		<款>24</款>
		<科目名稱>海岸巡防署主管</科目名稱>
		<土地>-</土地>
		<房屋建築>224633</房屋建築>
		<公共建設>52209</公共建設>
		<機械設備>370946</機械設備>
		<運輸設備>1803429</運輸設備>
		<資訊設備>15983</資訊設備>
		<什項設備>43559</什項設備>
		<權利>-</權利>
		<投資>-</投資>
		<其它資本支出>-</其它資本支出>
		<合計>2510759</合計>
	</Row>
	<Row>
		<款>25</款>
		<科目名稱>省市地方政府</科目名稱>
		<土地>-</土地>
		<房屋建築>4366</房屋建築>
		<公共建設>-</公共建設>
		<機械設備>-</機械設備>
		<運輸設備>120</運輸設備>
		<資訊設備>5207</資訊設備>
		<什項設備>7614</什項設備>
		<權利>-</權利>
		<投資>-</投資>
		<其它資本支出>32185500</其它資本支出>
		<合計>32202807</合計>
	</Row>
	<Row>
		<款>26</款>
		<科目名稱>災害準備金</科目名稱>
		<土地>-</土地>
		<房屋建築>-</房屋建築>
		<公共建設>-</公共建設>
		<機械設備>-</機械設備>
		<運輸設備>-</運輸設備>
		<資訊設備>-</資訊設備>
		<什項設備>-</什項設備>
		<權利>-</權利>
		<投資>-</投資>
		<其它資本支出>1497000</其它資本支出>
		<合計>1497000</合計>
	</Row>
	<Row>
		<款>27</款>
		<科目名稱>第二預備金</科目名稱>
		<土地>-</土地>
		<房屋建築>-</房屋建築>
		<公共建設>-</公共建設>
		<機械設備>-</機械設備>
		<運輸設備>-</運輸設備>
		<資訊設備>-</資訊設備>
		<什項設備>-</什項設備>
		<權利>-</權利>
		<投資>-</投資>
		<其它資本支出>2490000</其它資本支出>
		<合計>2490000</合計>
	</Row>
</Root>