<?xml version="1.0" encoding="UTF-8" standalone="yes"?>
<Root xmlns:xsi="http://www.w3.org/2001/XMLSchema-instance">
	<Row>
		<年度別>39年度</年度別>
		<歲入_稅課及專賣收入>422</歲入_稅課及專賣收入>
		<歲入_營業盈餘及事業收入>58</歲入_營業盈餘及事業收入>
		<歲入_協助收入>-</歲入_協助收入>
		<歲入_規費及罰款收入>12</歲入_規費及罰款收入>
		<歲入_財產收入>23</歲入_財產收入>
		<歲入_其他收入>372</歲入_其他收入>
		<歲入_合計_金額>887</歲入_合計_金額>
		<歲入_合計_年增率>...</歲入_合計_年增率>
		<歲出_一般政務支出>39</歲出_一般政務支出>
		<歲出_國防支出>1166</歲出_國防支出>
		<歲出_教育科學文化支出>8</歲出_教育科學文化支出>
		<歲出_經濟發展支出>19</歲出_經濟發展支出>
		<歲出_社會福利支出>24</歲出_社會福利支出>
		<歲出_社區發展及環境保護支出>-</歲出_社區發展及環境保護支出>
		<歲出_退休撫卹支出>-</歲出_退休撫卹支出>
		<歲出_債務支出>18</歲出_債務支出>
		<歲出_一般補助及其他支出>22</歲出_一般補助及其他支出>
		<歲出_合計_金額>1296</歲出_合計_金額>
		<歲出_合計_年增率>...</歲出_合計_年增率>
		<歲入歲出餘絀>-409</歲入歲出餘絀>
		<債務還本>-</債務還本>
		<融資調度_發行公債及賒借>409</融資調度_發行公債及賒借>
		<融資調度_移用以前年度歲計賸餘>-</融資調度_移用以前年度歲計賸餘>
		<融資調度_合計>409</融資調度_合計>
	</Row>
	<Row>
		<年度別>40年度</年度別>
		<歲入_稅課及專賣收入>466</歲入_稅課及專賣收入>
		<歲入_營業盈餘及事業收入>179</歲入_營業盈餘及事業收入>
		<歲入_協助收入>98</歲入_協助收入>
		<歲入_規費及罰款收入>21</歲入_規費及罰款收入>
		<歲入_財產收入>126</歲入_財產收入>
		<歲入_其他收入>190</歲入_其他收入>
		<歲入_合計_金額>1080</歲入_合計_金額>
		<歲入_合計_年增率>21.8</歲入_合計_年增率>
		<歲出_一般政務支出>100</歲出_一般政務支出>
		<歲出_國防支出>1109</歲出_國防支出>
		<歲出_教育科學文化支出>11</歲出_教育科學文化支出>
		<歲出_經濟發展支出>39</歲出_經濟發展支出>
		<歲出_社會福利支出>80</歲出_社會福利支出>
		<歲出_社區發展及環境保護支出>-</歲出_社區發展及環境保護支出>
		<歲出_退休撫卹支出>-</歲出_退休撫卹支出>
		<歲出_債務支出>92</歲出_債務支出>
		<歲出_一般補助及其他支出>1</歲出_一般補助及其他支出>
		<歲出_合計_金額>1432</歲出_合計_金額>
		<歲出_合計_年增率>10.5</歲出_合計_年增率>
		<歲入歲出餘絀>-352</歲入歲出餘絀>
		<債務還本>-</債務還本>
		<融資調度_發行公債及賒借>352</融資調度_發行公債及賒借>
		<融資調度_移用以前年度歲計賸餘>-</融資調度_移用以前年度歲計賸餘>
		<融資調度_合計>352</融資調度_合計>
	</Row>
	<Row>
		<年度別>41年度</年度別>
		<歲入_稅課及專賣收入>882</歲入_稅課及專賣收入>
		<歲入_營業盈餘及事業收入>78</歲入_營業盈餘及事業收入>
		<歲入_協助收入>454</歲入_協助收入>
		<歲入_規費及罰款收入>28</歲入_規費及罰款收入>
		<歲入_財產收入>53</歲入_財產收入>
		<歲入_其他收入>249</歲入_其他收入>
		<歲入_合計_金額>1744</歲入_合計_金額>
		<歲入_合計_年增率>61.5</歲入_合計_年增率>
		<歲出_一般政務支出>122</歲出_一般政務支出>
		<歲出_國防支出>1358</歲出_國防支出>
		<歲出_教育科學文化支出>17</歲出_教育科學文化支出>
		<歲出_經濟發展支出>45</歲出_經濟發展支出>
		<歲出_社會福利支出>114</歲出_社會福利支出>
		<歲出_社區發展及環境保護支出>-</歲出_社區發展及環境保護支出>
		<歲出_退休撫卹支出>-</歲出_退休撫卹支出>
		<歲出_債務支出>137</歲出_債務支出>
		<歲出_一般補助及其他支出>125</歲出_一般補助及其他支出>
		<歲出_合計_金額>1918</歲出_合計_金額>
		<歲出_合計_年增率>33.9</歲出_合計_年增率>
		<歲入歲出餘絀>-174</歲入歲出餘絀>
		<債務還本>-</債務還本>
		<融資調度_發行公債及賒借>174</融資調度_發行公債及賒借>
		<融資調度_移用以前年度歲計賸餘>-</融資調度_移用以前年度歲計賸餘>
		<融資調度_合計>174</融資調度_合計>
	</Row>
	<Row>
		<年度別>42年度</年度別>
		<歲入_稅課及專賣收入>1482</歲入_稅課及專賣收入>
		<歲入_營業盈餘及事業收入>90</歲入_營業盈餘及事業收入>
		<歲入_協助收入>560</歲入_協助收入>
		<歲入_規費及罰款收入>34</歲入_規費及罰款收入>
		<歲入_財產收入>13</歲入_財產收入>
		<歲入_其他收入>152</歲入_其他收入>
		<歲入_合計_金額>2333</歲入_合計_金額>
		<歲入_合計_年增率>33.8</歲入_合計_年增率>
		<歲出_一般政務支出>151</歲出_一般政務支出>
		<歲出_國防支出>1408</歲出_國防支出>
		<歲出_教育科學文化支出>21</歲出_教育科學文化支出>
		<歲出_經濟發展支出>39</歲出_經濟發展支出>
		<歲出_社會福利支出>138</歲出_社會福利支出>
		<歲出_社區發展及環境保護支出>-</歲出_社區發展及環境保護支出>
		<歲出_退休撫卹支出>-</歲出_退休撫卹支出>
		<歲出_債務支出>67</歲出_債務支出>
		<歲出_一般補助及其他支出>485</歲出_一般補助及其他支出>
		<歲出_合計_金額>2309</歲出_合計_金額>
		<歲出_合計_年增率>20.4</歲出_合計_年增率>
		<歲入歲出餘絀>24</歲入歲出餘絀>
		<債務還本>-</債務還本>
		<融資調度_發行公債及賒借>29</融資調度_發行公債及賒借>
		<融資調度_移用以前年度歲計賸餘>-</融資調度_移用以前年度歲計賸餘>
		<融資調度_合計>29</融資調度_合計>
	</Row>
	<Row>
		<年度別>43年上半年</年度別>
		<歲入_稅課及專賣收入>1023</歲入_稅課及專賣收入>
		<歲入_營業盈餘及事業收入>4</歲入_營業盈餘及事業收入>
		<歲入_協助收入>362</歲入_協助收入>
		<歲入_規費及罰款收入>21</歲入_規費及罰款收入>
		<歲入_財產收入>19</歲入_財產收入>
		<歲入_其他收入>44</歲入_其他收入>
		<歲入_合計_金額>1473</歲入_合計_金額>
		<歲入_合計_年增率>26.3</歲入_合計_年增率>
		<歲出_一般政務支出>132</歲出_一般政務支出>
		<歲出_國防支出>1012</歲出_國防支出>
		<歲出_教育科學文化支出>22</歲出_教育科學文化支出>
		<歲出_經濟發展支出>19</歲出_經濟發展支出>
		<歲出_社會福利支出>81</歲出_社會福利支出>
		<歲出_社區發展及環境保護支出>-</歲出_社區發展及環境保護支出>
		<歲出_退休撫卹支出>-</歲出_退休撫卹支出>
		<歲出_債務支出>34</歲出_債務支出>
		<歲出_一般補助及其他支出>303</歲出_一般補助及其他支出>
		<歲出_合計_金額>1603</歲出_合計_金額>
		<歲出_合計_年增率>38.8</歲出_合計_年增率>
		<歲入歲出餘絀>-130</歲入歲出餘絀>
		<債務還本>-</債務還本>
		<融資調度_發行公債及賒借>130</融資調度_發行公債及賒借>
		<融資調度_移用以前年度歲計賸餘>-</融資調度_移用以前年度歲計賸餘>
		<融資調度_合計>130</融資調度_合計>
	</Row>
	<Row>
		<年度別>43年度</年度別>
		<歲入_稅課及專賣收入>2658</歲入_稅課及專賣收入>
		<歲入_營業盈餘及事業收入>75</歲入_營業盈餘及事業收入>
		<歲入_協助收入>743</歲入_協助收入>
		<歲入_規費及罰款收入>44</歲入_規費及罰款收入>
		<歲入_財產收入>20</歲入_財產收入>
		<歲入_其他收入>92</歲入_其他收入>
		<歲入_合計_金額>3632</歲入_合計_金額>
		<歲入_合計_年增率>23.3</歲入_合計_年增率>
		<歲出_一般政務支出>240</歲出_一般政務支出>
		<歲出_國防支出>2449</歲出_國防支出>
		<歲出_教育科學文化支出>45</歲出_教育科學文化支出>
		<歲出_經濟發展支出>31</歲出_經濟發展支出>
		<歲出_社會福利支出>161</歲出_社會福利支出>
		<歲出_社區發展及環境保護支出>-</歲出_社區發展及環境保護支出>
		<歲出_退休撫卹支出>-</歲出_退休撫卹支出>
		<歲出_債務支出>62</歲出_債務支出>
		<歲出_一般補助及其他支出>797</歲出_一般補助及其他支出>
		<歲出_合計_金額>3785</歲出_合計_金額>
		<歲出_合計_年增率>18.1</歲出_合計_年增率>
		<歲入歲出餘絀>-153</歲入歲出餘絀>
		<債務還本>-</債務還本>
		<融資調度_發行公債及賒借>153</融資調度_發行公債及賒借>
		<融資調度_移用以前年度歲計賸餘>-</融資調度_移用以前年度歲計賸餘>
		<融資調度_合計>153</融資調度_合計>
	</Row>
	<Row>
		<年度別>44年度</年度別>
		<歲入_稅課及專賣收入>3106</歲入_稅課及專賣收入>
		<歲入_營業盈餘及事業收入>144</歲入_營業盈餘及事業收入>
		<歲入_協助收入>483</歲入_協助收入>
		<歲入_規費及罰款收入>61</歲入_規費及罰款收入>
		<歲入_財產收入>63</歲入_財產收入>
		<歲入_其他收入>90</歲入_其他收入>
		<歲入_合計_金額>3947</歲入_合計_金額>
		<歲入_合計_年增率>8.7</歲入_合計_年增率>
		<歲出_一般政務支出>303</歲出_一般政務支出>
		<歲出_國防支出>3058</歲出_國防支出>
		<歲出_教育科學文化支出>82</歲出_教育科學文化支出>
		<歲出_經濟發展支出>133</歲出_經濟發展支出>
		<歲出_社會福利支出>213</歲出_社會福利支出>
		<歲出_社區發展及環境保護支出>-</歲出_社區發展及環境保護支出>
		<歲出_退休撫卹支出>-</歲出_退休撫卹支出>
		<歲出_債務支出>76</歲出_債務支出>
		<歲出_一般補助及其他支出>30</歲出_一般補助及其他支出>
		<歲出_合計_金額>3895</歲出_合計_金額>
		<歲出_合計_年增率>2.9</歲出_合計_年增率>
		<歲入歲出餘絀>52</歲入歲出餘絀>
		<債務還本>-</債務還本>
		<融資調度_發行公債及賒借>2</融資調度_發行公債及賒借>
		<融資調度_移用以前年度歲計賸餘>-</融資調度_移用以前年度歲計賸餘>
		<融資調度_合計>2</融資調度_合計>
	</Row>
	<Row>
		<年度別>45年度</年度別>
		<歲入_稅課及專賣收入>3367</歲入_稅課及專賣收入>
		<歲入_營業盈餘及事業收入>305</歲入_營業盈餘及事業收入>
		<歲入_協助收入>106</歲入_協助收入>
		<歲入_規費及罰款收入>69</歲入_規費及罰款收入>
		<歲入_財產收入>106</歲入_財產收入>
		<歲入_其他收入>98</歲入_其他收入>
		<歲入_合計_金額>4051</歲入_合計_金額>
		<歲入_合計_年增率>2.6</歲入_合計_年增率>
		<歲出_一般政務支出>391</歲出_一般政務支出>
		<歲出_國防支出>3231</歲出_國防支出>
		<歲出_教育科學文化支出>148</歲出_教育科學文化支出>
		<歲出_經濟發展支出>136</歲出_經濟發展支出>
		<歲出_社會福利支出>247</歲出_社會福利支出>
		<歲出_社區發展及環境保護支出>-</歲出_社區發展及環境保護支出>
		<歲出_退休撫卹支出>-</歲出_退休撫卹支出>
		<歲出_債務支出>63</歲出_債務支出>
		<歲出_一般補助及其他支出>10</歲出_一般補助及其他支出>
		<歲出_合計_金額>4226</歲出_合計_金額>
		<歲出_合計_年增率>8.5</歲出_合計_年增率>
		<歲入歲出餘絀>-175</歲入歲出餘絀>
		<債務還本>-</債務還本>
		<融資調度_發行公債及賒借>175</融資調度_發行公債及賒借>
		<融資調度_移用以前年度歲計賸餘>-</融資調度_移用以前年度歲計賸餘>
		<融資調度_合計>175</融資調度_合計>
	</Row>
	<Row>
		<年度別>46年度</年度別>
		<歲入_稅課及專賣收入>4343</歲入_稅課及專賣收入>
		<歲入_營業盈餘及事業收入>409</歲入_營業盈餘及事業收入>
		<歲入_協助收入>390</歲入_協助收入>
		<歲入_規費及罰款收入>84</歲入_規費及罰款收入>
		<歲入_財產收入>25</歲入_財產收入>
		<歲入_其他收入>203</歲入_其他收入>
		<歲入_合計_金額>5454</歲入_合計_金額>
		<歲入_合計_年增率>34.6</歲入_合計_年增率>
		<歲出_一般政務支出>427</歲出_一般政務支出>
		<歲出_國防支出>4154</歲出_國防支出>
		<歲出_教育科學文化支出>173</歲出_教育科學文化支出>
		<歲出_經濟發展支出>153</歲出_經濟發展支出>
		<歲出_社會福利支出>258</歲出_社會福利支出>
		<歲出_社區發展及環境保護支出>-</歲出_社區發展及環境保護支出>
		<歲出_退休撫卹支出>-</歲出_退休撫卹支出>
		<歲出_債務支出>60</歲出_債務支出>
		<歲出_一般補助及其他支出>184</歲出_一般補助及其他支出>
		<歲出_合計_金額>5409</歲出_合計_金額>
		<歲出_合計_年增率>28</歲出_合計_年增率>
		<歲入歲出餘絀>45</歲入歲出餘絀>
		<債務還本>-</債務還本>
		<融資調度_發行公債及賒借>-</融資調度_發行公債及賒借>
		<融資調度_移用以前年度歲計賸餘>-</融資調度_移用以前年度歲計賸餘>
		<融資調度_合計>-</融資調度_合計>
	</Row>
	<Row>
		<年度別>47年度</年度別>
		<歲入_稅課及專賣收入>5332</歲入_稅課及專賣收入>
		<歲入_營業盈餘及事業收入>416</歲入_營業盈餘及事業收入>
		<歲入_協助收入>505</歲入_協助收入>
		<歲入_規費及罰款收入>115</歲入_規費及罰款收入>
		<歲入_財產收入>135</歲入_財產收入>
		<歲入_其他收入>165</歲入_其他收入>
		<歲入_合計_金額>6668</歲入_合計_金額>
		<歲入_合計_年增率>22.3</歲入_合計_年增率>
		<歲出_一般政務支出>437</歲出_一般政務支出>
		<歲出_國防支出>5292</歲出_國防支出>
		<歲出_教育科學文化支出>186</歲出_教育科學文化支出>
		<歲出_經濟發展支出>194</歲出_經濟發展支出>
		<歲出_社會福利支出>411</歲出_社會福利支出>
		<歲出_社區發展及環境保護支出>-</歲出_社區發展及環境保護支出>
		<歲出_退休撫卹支出>-</歲出_退休撫卹支出>
		<歲出_債務支出>58</歲出_債務支出>
		<歲出_一般補助及其他支出>442</歲出_一般補助及其他支出>
		<歲出_合計_金額>7020</歲出_合計_金額>
		<歲出_合計_年增率>29.8</歲出_合計_年增率>
		<歲入歲出餘絀>-352</歲入歲出餘絀>
		<債務還本>-</債務還本>
		<融資調度_發行公債及賒借>400</融資調度_發行公債及賒借>
		<融資調度_移用以前年度歲計賸餘>-</融資調度_移用以前年度歲計賸餘>
		<融資調度_合計>400</融資調度_合計>
	</Row>
	<Row>
		<年度別>49年度</年度別>
		<歲入_稅課及專賣收入>5002</歲入_稅課及專賣收入>
		<歲入_營業盈餘及事業收入>659</歲入_營業盈餘及事業收入>
		<歲入_協助收入>1073</歲入_協助收入>
		<歲入_規費及罰款收入>125</歲入_規費及罰款收入>
		<歲入_財產收入>137</歲入_財產收入>
		<歲入_其他收入>769</歲入_其他收入>
		<歲入_合計_金額>7765</歲入_合計_金額>
		<歲入_合計_年增率>16.5</歲入_合計_年增率>
		<歲出_一般政務支出>501</歲出_一般政務支出>
		<歲出_國防支出>5892</歲出_國防支出>
		<歲出_教育科學文化支出>223</歲出_教育科學文化支出>
		<歲出_經濟發展支出>144</歲出_經濟發展支出>
		<歲出_社會福利支出>421</歲出_社會福利支出>
		<歲出_社區發展及環境保護支出>-</歲出_社區發展及環境保護支出>
		<歲出_退休撫卹支出>-</歲出_退休撫卹支出>
		<歲出_債務支出>109</歲出_債務支出>
		<歲出_一般補助及其他支出>595</歲出_一般補助及其他支出>
		<歲出_合計_金額>7885</歲出_合計_金額>
		<歲出_合計_年增率>12.3</歲出_合計_年增率>
		<歲入歲出餘絀>-120</歲入歲出餘絀>
		<債務還本>-</債務還本>
		<融資調度_發行公債及賒借>120</融資調度_發行公債及賒借>
		<融資調度_移用以前年度歲計賸餘>-</融資調度_移用以前年度歲計賸餘>
		<融資調度_合計>120</融資調度_合計>
	</Row>
	<Row>
		<年度別>50年度</年度別>
		<歲入_稅課及專賣收入>5640</歲入_稅課及專賣收入>
		<歲入_營業盈餘及事業收入>639</歲入_營業盈餘及事業收入>
		<歲入_協助收入>1352</歲入_協助收入>
		<歲入_規費及罰款收入>142</歲入_規費及罰款收入>
		<歲入_財產收入>114</歲入_財產收入>
		<歲入_其他收入>361</歲入_其他收入>
		<歲入_合計_金額>8248</歲入_合計_金額>
		<歲入_合計_年增率>6.2</歲入_合計_年增率>
		<歲出_一般政務支出>619</歲出_一般政務支出>
		<歲出_國防支出>6777</歲出_國防支出>
		<歲出_教育科學文化支出>264</歲出_教育科學文化支出>
		<歲出_經濟發展支出>180</歲出_經濟發展支出>
		<歲出_社會福利支出>425</歲出_社會福利支出>
		<歲出_社區發展及環境保護支出>-</歲出_社區發展及環境保護支出>
		<歲出_退休撫卹支出>-</歲出_退休撫卹支出>
		<歲出_債務支出>372</歲出_債務支出>
		<歲出_一般補助及其他支出>77</歲出_一般補助及其他支出>
		<歲出_合計_金額>8714</歲出_合計_金額>
		<歲出_合計_年增率>10.5</歲出_合計_年增率>
		<歲入歲出餘絀>-466</歲入歲出餘絀>
		<債務還本>-</債務還本>
		<融資調度_發行公債及賒借>466</融資調度_發行公債及賒借>
		<融資調度_移用以前年度歲計賸餘>-</融資調度_移用以前年度歲計賸餘>
		<融資調度_合計>466</融資調度_合計>
	</Row>
	<Row>
		<年度別>51年度</年度別>
		<歲入_稅課及專賣收入>5860</歲入_稅課及專賣收入>
		<歲入_營業盈餘及事業收入>936</歲入_營業盈餘及事業收入>
		<歲入_協助收入>1177</歲入_協助收入>
		<歲入_規費及罰款收入>166</歲入_規費及罰款收入>
		<歲入_財產收入>550</歲入_財產收入>
		<歲入_其他收入>140</歲入_其他收入>
		<歲入_合計_金額>8829</歲入_合計_金額>
		<歲入_合計_年增率>7</歲入_合計_年增率>
		<歲出_一般政務支出>666</歲出_一般政務支出>
		<歲出_國防支出>7033</歲出_國防支出>
		<歲出_教育科學文化支出>313</歲出_教育科學文化支出>
		<歲出_經濟發展支出>507</歲出_經濟發展支出>
		<歲出_社會福利支出>598</歲出_社會福利支出>
		<歲出_社區發展及環境保護支出>-</歲出_社區發展及環境保護支出>
		<歲出_退休撫卹支出>-</歲出_退休撫卹支出>
		<歲出_債務支出>552</歲出_債務支出>
		<歲出_一般補助及其他支出>50</歲出_一般補助及其他支出>
		<歲出_合計_金額>9719</歲出_合計_金額>
		<歲出_合計_年增率>11.5</歲出_合計_年增率>
		<歲入歲出餘絀>-890</歲入歲出餘絀>
		<債務還本>-</債務還本>
		<融資調度_發行公債及賒借>850</融資調度_發行公債及賒借>
		<融資調度_移用以前年度歲計賸餘>40</融資調度_移用以前年度歲計賸餘>
		<融資調度_合計>890</融資調度_合計>
	</Row>
	<Row>
		<年度別>52年度</年度別>
		<歲入_稅課及專賣收入>6323</歲入_稅課及專賣收入>
		<歲入_營業盈餘及事業收入>790</歲入_營業盈餘及事業收入>
		<歲入_協助收入>1179</歲入_協助收入>
		<歲入_規費及罰款收入>220</歲入_規費及罰款收入>
		<歲入_財產收入>314</歲入_財產收入>
		<歲入_其他收入>80</歲入_其他收入>
		<歲入_合計_金額>8906</歲入_合計_金額>
		<歲入_合計_年增率>0.9</歲入_合計_年增率>
		<歲出_一般政務支出>715</歲出_一般政務支出>
		<歲出_國防支出>7600</歲出_國防支出>
		<歲出_教育科學文化支出>283</歲出_教育科學文化支出>
		<歲出_經濟發展支出>438</歲出_經濟發展支出>
		<歲出_社會福利支出>686</歲出_社會福利支出>
		<歲出_社區發展及環境保護支出>-</歲出_社區發展及環境保護支出>
		<歲出_退休撫卹支出>-</歲出_退休撫卹支出>
		<歲出_債務支出>369</歲出_債務支出>
		<歲出_一般補助及其他支出>42</歲出_一般補助及其他支出>
		<歲出_合計_金額>10133</歲出_合計_金額>
		<歲出_合計_年增率>4.3</歲出_合計_年增率>
		<歲入歲出餘絀>-1227</歲入歲出餘絀>
		<債務還本>-</債務還本>
		<融資調度_發行公債及賒借>943</融資調度_發行公債及賒借>
		<融資調度_移用以前年度歲計賸餘>284</融資調度_移用以前年度歲計賸餘>
		<融資調度_合計>1227</融資調度_合計>
	</Row>
	<Row>
		<年度別>53年度</年度別>
		<歲入_稅課及專賣收入>7638</歲入_稅課及專賣收入>
		<歲入_營業盈餘及事業收入>1673</歲入_營業盈餘及事業收入>
		<歲入_協助收入>1049</歲入_協助收入>
		<歲入_規費及罰款收入>291</歲入_規費及罰款收入>
		<歲入_財產收入>322</歲入_財產收入>
		<歲入_其他收入>130</歲入_其他收入>
		<歲入_合計_金額>11103</歲入_合計_金額>
		<歲入_合計_年增率>24.7</歲入_合計_年增率>
		<歲出_一般政務支出>880</歲出_一般政務支出>
		<歲出_國防支出>8292</歲出_國防支出>
		<歲出_教育科學文化支出>326</歲出_教育科學文化支出>
		<歲出_經濟發展支出>490</歲出_經濟發展支出>
		<歲出_社會福利支出>901</歲出_社會福利支出>
		<歲出_社區發展及環境保護支出>-</歲出_社區發展及環境保護支出>
		<歲出_退休撫卹支出>-</歲出_退休撫卹支出>
		<歲出_債務支出>647</歲出_債務支出>
		<歲出_一般補助及其他支出>153</歲出_一般補助及其他支出>
		<歲出_合計_金額>11689</歲出_合計_金額>
		<歲出_合計_年增率>15.4</歲出_合計_年增率>
		<歲入歲出餘絀>-586</歲入歲出餘絀>
		<債務還本>-</債務還本>
		<融資調度_發行公債及賒借>800</融資調度_發行公債及賒借>
		<融資調度_移用以前年度歲計賸餘>-</融資調度_移用以前年度歲計賸餘>
		<融資調度_合計>800</融資調度_合計>
	</Row>
	<Row>
		<年度別>54年度</年度別>
		<歲入_稅課及專賣收入>9283</歲入_稅課及專賣收入>
		<歲入_營業盈餘及事業收入>2497</歲入_營業盈餘及事業收入>
		<歲入_協助收入>888</歲入_協助收入>
		<歲入_規費及罰款收入>363</歲入_規費及罰款收入>
		<歲入_財產收入>932</歲入_財產收入>
		<歲入_其他收入>109</歲入_其他收入>
		<歲入_合計_金額>14072</歲入_合計_金額>
		<歲入_合計_年增率>26.7</歲入_合計_年增率>
		<歲出_一般政務支出>912</歲出_一般政務支出>
		<歲出_國防支出>9294</歲出_國防支出>
		<歲出_教育科學文化支出>380</歲出_教育科學文化支出>
		<歲出_經濟發展支出>2211</歲出_經濟發展支出>
		<歲出_社會福利支出>1180</歲出_社會福利支出>
		<歲出_社區發展及環境保護支出>-</歲出_社區發展及環境保護支出>
		<歲出_退休撫卹支出>-</歲出_退休撫卹支出>
		<歲出_債務支出>927</歲出_債務支出>
		<歲出_一般補助及其他支出>106</歲出_一般補助及其他支出>
		<歲出_合計_金額>15010</歲出_合計_金額>
		<歲出_合計_年增率>28.4</歲出_合計_年增率>
		<歲入歲出餘絀>-938</歲入歲出餘絀>
		<債務還本>-</債務還本>
		<融資調度_發行公債及賒借>1200</融資調度_發行公債及賒借>
		<融資調度_移用以前年度歲計賸餘>-</融資調度_移用以前年度歲計賸餘>
		<融資調度_合計>1200</融資調度_合計>
	</Row>
	<Row>
		<年度別>55年度</年度別>
		<歲入_稅課及專賣收入>10529</歲入_稅課及專賣收入>
		<歲入_營業盈餘及事業收入>2116</歲入_營業盈餘及事業收入>
		<歲入_協助收入>778</歲入_協助收入>
		<歲入_規費及罰款收入>419</歲入_規費及罰款收入>
		<歲入_財產收入>152</歲入_財產收入>
		<歲入_其他收入>137</歲入_其他收入>
		<歲入_合計_金額>14131</歲入_合計_金額>
		<歲入_合計_年增率>0.4</歲入_合計_年增率>
		<歲出_一般政務支出>1121</歲出_一般政務支出>
		<歲出_國防支出>11257</歲出_國防支出>
		<歲出_教育科學文化支出>625</歲出_教育科學文化支出>
		<歲出_經濟發展支出>816</歲出_經濟發展支出>
		<歲出_社會福利支出>550</歲出_社會福利支出>
		<歲出_社區發展及環境保護支出>-</歲出_社區發展及環境保護支出>
		<歲出_退休撫卹支出>-</歲出_退休撫卹支出>
		<歲出_債務支出>728</歲出_債務支出>
		<歲出_一般補助及其他支出>60</歲出_一般補助及其他支出>
		<歲出_合計_金額>15157</歲出_合計_金額>
		<歲出_合計_年增率>1</歲出_合計_年增率>
		<歲入歲出餘絀>-1026</歲入歲出餘絀>
		<債務還本>-</債務還本>
		<融資調度_發行公債及賒借>2100</融資調度_發行公債及賒借>
		<融資調度_移用以前年度歲計賸餘>-</融資調度_移用以前年度歲計賸餘>
		<融資調度_合計>2100</融資調度_合計>
	</Row>
	<Row>
		<年度別>56年度</年度別>
		<歲入_稅課及專賣收入>11999</歲入_稅課及專賣收入>
		<歲入_營業盈餘及事業收入>3600</歲入_營業盈餘及事業收入>
		<歲入_協助收入>629</歲入_協助收入>
		<歲入_規費及罰款收入>469</歲入_規費及罰款收入>
		<歲入_財產收入>919</歲入_財產收入>
		<歲入_其他收入>238</歲入_其他收入>
		<歲入_合計_金額>17854</歲入_合計_金額>
		<歲入_合計_年增率>26.3</歲入_合計_年增率>
		<歲出_一般政務支出>1158</歲出_一般政務支出>
		<歲出_國防支出>11903</歲出_國防支出>
		<歲出_教育科學文化支出>763</歲出_教育科學文化支出>
		<歲出_經濟發展支出>3065</歲出_經濟發展支出>
		<歲出_社會福利支出>1606</歲出_社會福利支出>
		<歲出_社區發展及環境保護支出>-</歲出_社區發展及環境保護支出>
		<歲出_退休撫卹支出>-</歲出_退休撫卹支出>
		<歲出_債務支出>1458</歲出_債務支出>
		<歲出_一般補助及其他支出>81</歲出_一般補助及其他支出>
		<歲出_合計_金額>20034</歲出_合計_金額>
		<歲出_合計_年增率>32.2</歲出_合計_年增率>
		<歲入歲出餘絀>-2180</歲入歲出餘絀>
		<債務還本>-</債務還本>
		<融資調度_發行公債及賒借>2800</融資調度_發行公債及賒借>
		<融資調度_移用以前年度歲計賸餘>-</融資調度_移用以前年度歲計賸餘>
		<融資調度_合計>2800</融資調度_合計>
	</Row>
	<Row>
		<年度別>57年度</年度別>
		<歲入_稅課及專賣收入>15267</歲入_稅課及專賣收入>
		<歲入_營業盈餘及事業收入>2683</歲入_營業盈餘及事業收入>
		<歲入_協助收入>496</歲入_協助收入>
		<歲入_規費及罰款收入>612</歲入_規費及罰款收入>
		<歲入_財產收入>233</歲入_財產收入>
		<歲入_其他收入>177</歲入_其他收入>
		<歲入_合計_金額>19468</歲入_合計_金額>
		<歲入_合計_年增率>9</歲入_合計_年增率>
		<歲出_一般政務支出>1310</歲出_一般政務支出>
		<歲出_國防支出>13374</歲出_國防支出>
		<歲出_教育科學文化支出>929</歲出_教育科學文化支出>
		<歲出_經濟發展支出>906</歲出_經濟發展支出>
		<歲出_社會福利支出>2126</歲出_社會福利支出>
		<歲出_社區發展及環境保護支出>-</歲出_社區發展及環境保護支出>
		<歲出_退休撫卹支出>-</歲出_退休撫卹支出>
		<歲出_債務支出>1416</歲出_債務支出>
		<歲出_一般補助及其他支出>712</歲出_一般補助及其他支出>
		<歲出_合計_金額>20773</歲出_合計_金額>
		<歲出_合計_年增率>3.7</歲出_合計_年增率>
		<歲入歲出餘絀>-1305</歲入歲出餘絀>
		<債務還本>-</債務還本>
		<融資調度_發行公債及賒借>3000</融資調度_發行公債及賒借>
		<融資調度_移用以前年度歲計賸餘>-</融資調度_移用以前年度歲計賸餘>
		<融資調度_合計>3000</融資調度_合計>
	</Row>
	<Row>
		<年度別>58年度</年度別>
		<歲入_稅課及專賣收入>20754</歲入_稅課及專賣收入>
		<歲入_營業盈餘及事業收入>3491</歲入_營業盈餘及事業收入>
		<歲入_協助收入>412</歲入_協助收入>
		<歲入_規費及罰款收入>729</歲入_規費及罰款收入>
		<歲入_財產收入>366</歲入_財產收入>
		<歲入_其他收入>849</歲入_其他收入>
		<歲入_合計_金額>26601</歲入_合計_金額>
		<歲入_合計_年增率>36.6</歲入_合計_年增率>
		<歲出_一般政務支出>1437</歲出_一般政務支出>
		<歲出_國防支出>15851</歲出_國防支出>
		<歲出_教育科學文化支出>1429</歲出_教育科學文化支出>
		<歲出_經濟發展支出>2365</歲出_經濟發展支出>
		<歲出_社會福利支出>2506</歲出_社會福利支出>
		<歲出_社區發展及環境保護支出>-</歲出_社區發展及環境保護支出>
		<歲出_退休撫卹支出>-</歲出_退休撫卹支出>
		<歲出_債務支出>2586</歲出_債務支出>
		<歲出_一般補助及其他支出>613</歲出_一般補助及其他支出>
		<歲出_合計_金額>26787</歲出_合計_金額>
		<歲出_合計_年增率>29</歲出_合計_年增率>
		<歲入歲出餘絀>-186</歲入歲出餘絀>
		<債務還本>-</債務還本>
		<融資調度_發行公債及賒借>2100</融資調度_發行公債及賒借>
		<融資調度_移用以前年度歲計賸餘>-</融資調度_移用以前年度歲計賸餘>
		<融資調度_合計>2100</融資調度_合計>
	</Row>
	<Row>
		<年度別>59年度</年度別>
		<歲入_稅課及專賣收入>23596</歲入_稅課及專賣收入>
		<歲入_營業盈餘及事業收入>3525</歲入_營業盈餘及事業收入>
		<歲入_協助收入>235</歲入_協助收入>
		<歲入_規費及罰款收入>936</歲入_規費及罰款收入>
		<歲入_財產收入>1085</歲入_財產收入>
		<歲入_其他收入>504</歲入_其他收入>
		<歲入_合計_金額>29881</歲入_合計_金額>
		<歲入_合計_年增率>12.3</歲入_合計_年增率>
		<歲出_一般政務支出>2000</歲出_一般政務支出>
		<歲出_國防支出>18427</歲出_國防支出>
		<歲出_教育科學文化支出>1837</歲出_教育科學文化支出>
		<歲出_經濟發展支出>2042</歲出_經濟發展支出>
		<歲出_社會福利支出>3067</歲出_社會福利支出>
		<歲出_社區發展及環境保護支出>-</歲出_社區發展及環境保護支出>
		<歲出_退休撫卹支出>-</歲出_退休撫卹支出>
		<歲出_債務支出>2293</歲出_債務支出>
		<歲出_一般補助及其他支出>1001</歲出_一般補助及其他支出>
		<歲出_合計_金額>30667</歲出_合計_金額>
		<歲出_合計_年增率>14.5</歲出_合計_年增率>
		<歲入歲出餘絀>-786</歲入歲出餘絀>
		<債務還本>-</債務還本>
		<融資調度_發行公債及賒借>2500</融資調度_發行公債及賒借>
		<融資調度_移用以前年度歲計賸餘>-</融資調度_移用以前年度歲計賸餘>
		<融資調度_合計>2500</融資調度_合計>
	</Row>
	<Row>
		<年度別>60年度</年度別>
		<歲入_稅課及專賣收入>26085</歲入_稅課及專賣收入>
		<歲入_營業盈餘及事業收入>4933</歲入_營業盈餘及事業收入>
		<歲入_協助收入>110</歲入_協助收入>
		<歲入_規費及罰款收入>1073</歲入_規費及罰款收入>
		<歲入_財產收入>413</歲入_財產收入>
		<歲入_其他收入>727</歲入_其他收入>
		<歲入_合計_金額>33341</歲入_合計_金額>
		<歲入_合計_年增率>11.6</歲入_合計_年增率>
		<歲出_一般政務支出>2048</歲出_一般政務支出>
		<歲出_國防支出>20115</歲出_國防支出>
		<歲出_教育科學文化支出>2314</歲出_教育科學文化支出>
		<歲出_經濟發展支出>2743</歲出_經濟發展支出>
		<歲出_社會福利支出>3846</歲出_社會福利支出>
		<歲出_社區發展及環境保護支出>-</歲出_社區發展及環境保護支出>
		<歲出_退休撫卹支出>-</歲出_退休撫卹支出>
		<歲出_債務支出>3488</歲出_債務支出>
		<歲出_一般補助及其他支出>394</歲出_一般補助及其他支出>
		<歲出_合計_金額>34948</歲出_合計_金額>
		<歲出_合計_年增率>14</歲出_合計_年增率>
		<歲入歲出餘絀>-1607</歲入歲出餘絀>
		<債務還本>-</債務還本>
		<融資調度_發行公債及賒借>2800</融資調度_發行公債及賒借>
		<融資調度_移用以前年度歲計賸餘>-</融資調度_移用以前年度歲計賸餘>
		<融資調度_合計>2800</融資調度_合計>
	</Row>
	<Row>
		<年度別>61年度</年度別>
		<歲入_稅課及專賣收入>31207</歲入_稅課及專賣收入>
		<歲入_營業盈餘及事業收入>6242</歲入_營業盈餘及事業收入>
		<歲入_協助收入>136</歲入_協助收入>
		<歲入_規費及罰款收入>1159</歲入_規費及罰款收入>
		<歲入_財產收入>448</歲入_財產收入>
		<歲入_其他收入>1157</歲入_其他收入>
		<歲入_合計_金額>40349</歲入_合計_金額>
		<歲入_合計_年增率>21</歲入_合計_年增率>
		<歲出_一般政務支出>2285</歲出_一般政務支出>
		<歲出_國防支出>20139</歲出_國防支出>
		<歲出_教育科學文化支出>3027</歲出_教育科學文化支出>
		<歲出_經濟發展支出>4167</歲出_經濟發展支出>
		<歲出_社會福利支出>5926</歲出_社會福利支出>
		<歲出_社區發展及環境保護支出>-</歲出_社區發展及環境保護支出>
		<歲出_退休撫卹支出>-</歲出_退休撫卹支出>
		<歲出_債務支出>3334</歲出_債務支出>
		<歲出_一般補助及其他支出>950</歲出_一般補助及其他支出>
		<歲出_合計_金額>39828</歲出_合計_金額>
		<歲出_合計_年增率>14</歲出_合計_年增率>
		<歲入歲出餘絀>521</歲入歲出餘絀>
		<債務還本>-</債務還本>
		<融資調度_發行公債及賒借>1400</融資調度_發行公債及賒借>
		<融資調度_移用以前年度歲計賸餘>-</融資調度_移用以前年度歲計賸餘>
		<融資調度_合計>1400</融資調度_合計>
	</Row>
	<Row>
		<年度別>62年度</年度別>
		<歲入_稅課及專賣收入>40194</歲入_稅課及專賣收入>
		<歲入_營業盈餘及事業收入>10381</歲入_營業盈餘及事業收入>
		<歲入_協助收入>61</歲入_協助收入>
		<歲入_規費及罰款收入>1522</歲入_規費及罰款收入>
		<歲入_財產收入>1175</歲入_財產收入>
		<歲入_其他收入>1634</歲入_其他收入>
		<歲入_合計_金額>54967</歲入_合計_金額>
		<歲入_合計_年增率>36.2</歲入_合計_年增率>
		<歲出_一般政務支出>2517</歲出_一般政務支出>
		<歲出_國防支出>23626</歲出_國防支出>
		<歲出_教育科學文化支出>3283</歲出_教育科學文化支出>
		<歲出_經濟發展支出>8196</歲出_經濟發展支出>
		<歲出_社會福利支出>6191</歲出_社會福利支出>
		<歲出_社區發展及環境保護支出>-</歲出_社區發展及環境保護支出>
		<歲出_退休撫卹支出>-</歲出_退休撫卹支出>
		<歲出_債務支出>3071</歲出_債務支出>
		<歲出_一般補助及其他支出>1345</歲出_一般補助及其他支出>
		<歲出_合計_金額>48229</歲出_合計_金額>
		<歲出_合計_年增率>21.1</歲出_合計_年增率>
		<歲入歲出餘絀>6738</歲入歲出餘絀>
		<債務還本>-</債務還本>
		<融資調度_發行公債及賒借>2000</融資調度_發行公債及賒借>
		<融資調度_移用以前年度歲計賸餘>-</融資調度_移用以前年度歲計賸餘>
		<融資調度_合計>2000</融資調度_合計>
	</Row>
	<Row>
		<年度別>63年度</年度別>
		<歲入_稅課及專賣收入>59756</歲入_稅課及專賣收入>
		<歲入_營業盈餘及事業收入>7558</歲入_營業盈餘及事業收入>
		<歲入_協助收入>47</歲入_協助收入>
		<歲入_規費及罰款收入>1791</歲入_規費及罰款收入>
		<歲入_財產收入>1183</歲入_財產收入>
		<歲入_其他收入>1822</歲入_其他收入>
		<歲入_合計_金額>72157</歲入_合計_金額>
		<歲入_合計_年增率>31.3</歲入_合計_年增率>
		<歲出_一般政務支出>2671</歲出_一般政務支出>
		<歲出_國防支出>27674</歲出_國防支出>
		<歲出_教育科學文化支出>4403</歲出_教育科學文化支出>
		<歲出_經濟發展支出>6034</歲出_經濟發展支出>
		<歲出_社會福利支出>7086</歲出_社會福利支出>
		<歲出_社區發展及環境保護支出>-</歲出_社區發展及環境保護支出>
		<歲出_退休撫卹支出>-</歲出_退休撫卹支出>
		<歲出_債務支出>2836</歲出_債務支出>
		<歲出_一般補助及其他支出>2417</歲出_一般補助及其他支出>
		<歲出_合計_金額>53121</歲出_合計_金額>
		<歲出_合計_年增率>10.1</歲出_合計_年增率>
		<歲入歲出餘絀>19036</歲入歲出餘絀>
		<債務還本>-</債務還本>
		<融資調度_發行公債及賒借>-</融資調度_發行公債及賒借>
		<融資調度_移用以前年度歲計賸餘>-</融資調度_移用以前年度歲計賸餘>
		<融資調度_合計>-</融資調度_合計>
	</Row>
	<Row>
		<年度別>64年度</年度別>
		<歲入_稅課及專賣收入>64347</歲入_稅課及專賣收入>
		<歲入_營業盈餘及事業收入>11034</歲入_營業盈餘及事業收入>
		<歲入_協助收入>-</歲入_協助收入>
		<歲入_規費及罰款收入>2508</歲入_規費及罰款收入>
		<歲入_財產收入>1590</歲入_財產收入>
		<歲入_其他收入>2329</歲入_其他收入>
		<歲入_合計_金額>81808</歲入_合計_金額>
		<歲入_合計_年增率>13.4</歲入_合計_年增率>
		<歲出_一般政務支出>3890</歲出_一般政務支出>
		<歲出_國防支出>35902</歲出_國防支出>
		<歲出_教育科學文化支出>4473</歲出_教育科學文化支出>
		<歲出_經濟發展支出>13537</歲出_經濟發展支出>
		<歲出_社會福利支出>9441</歲出_社會福利支出>
		<歲出_社區發展及環境保護支出>-</歲出_社區發展及環境保護支出>
		<歲出_退休撫卹支出>-</歲出_退休撫卹支出>
		<歲出_債務支出>2689</歲出_債務支出>
		<歲出_一般補助及其他支出>4898</歲出_一般補助及其他支出>
		<歲出_合計_金額>74830</歲出_合計_金額>
		<歲出_合計_年增率>40.9</歲出_合計_年增率>
		<歲入歲出餘絀>6978</歲入歲出餘絀>
		<債務還本>-</債務還本>
		<融資調度_發行公債及賒借>-</融資調度_發行公債及賒借>
		<融資調度_移用以前年度歲計賸餘>-</融資調度_移用以前年度歲計賸餘>
		<融資調度_合計>-</融資調度_合計>
	</Row>
	<Row>
		<年度別>65年度</年度別>
		<歲入_稅課及專賣收入>77660</歲入_稅課及專賣收入>
		<歲入_營業盈餘及事業收入>11774</歲入_營業盈餘及事業收入>
		<歲入_協助收入>-</歲入_協助收入>
		<歲入_規費及罰款收入>2554</歲入_規費及罰款收入>
		<歲入_財產收入>1287</歲入_財產收入>
		<歲入_其他收入>2911</歲入_其他收入>
		<歲入_合計_金額>96186</歲入_合計_金額>
		<歲入_合計_年增率>17.6</歲入_合計_年增率>
		<歲出_一般政務支出>4778</歲出_一般政務支出>
		<歲出_國防支出>39564</歲出_國防支出>
		<歲出_教育科學文化支出>5530</歲出_教育科學文化支出>
		<歲出_經濟發展支出>17669</歲出_經濟發展支出>
		<歲出_社會福利支出>11622</歲出_社會福利支出>
		<歲出_社區發展及環境保護支出>-</歲出_社區發展及環境保護支出>
		<歲出_退休撫卹支出>-</歲出_退休撫卹支出>
		<歲出_債務支出>2284</歲出_債務支出>
		<歲出_一般補助及其他支出>5529</歲出_一般補助及其他支出>
		<歲出_合計_金額>86976</歲出_合計_金額>
		<歲出_合計_年增率>16.2</歲出_合計_年增率>
		<歲入歲出餘絀>9210</歲入歲出餘絀>
		<債務還本>-</債務還本>
		<融資調度_發行公債及賒借>-</融資調度_發行公債及賒借>
		<融資調度_移用以前年度歲計賸餘>-</融資調度_移用以前年度歲計賸餘>
		<融資調度_合計>-</融資調度_合計>
	</Row>
	<Row>
		<年度別>66年度</年度別>
		<歲入_稅課及專賣收入>88453</歲入_稅課及專賣收入>
		<歲入_營業盈餘及事業收入>15919</歲入_營業盈餘及事業收入>
		<歲入_協助收入>-</歲入_協助收入>
		<歲入_規費及罰款收入>3406</歲入_規費及罰款收入>
		<歲入_財產收入>1657</歲入_財產收入>
		<歲入_其他收入>3586</歲入_其他收入>
		<歲入_合計_金額>113021</歲入_合計_金額>
		<歲入_合計_年增率>17.5</歲入_合計_年增率>
		<歲出_一般政務支出>5059</歲出_一般政務支出>
		<歲出_國防支出>51279</歲出_國防支出>
		<歲出_教育科學文化支出>7030</歲出_教育科學文化支出>
		<歲出_經濟發展支出>22763</歲出_經濟發展支出>
		<歲出_社會福利支出>13866</歲出_社會福利支出>
		<歲出_社區發展及環境保護支出>-</歲出_社區發展及環境保護支出>
		<歲出_退休撫卹支出>-</歲出_退休撫卹支出>
		<歲出_債務支出>2096</歲出_債務支出>
		<歲出_一般補助及其他支出>5196</歲出_一般補助及其他支出>
		<歲出_合計_金額>107289</歲出_合計_金額>
		<歲出_合計_年增率>23.4</歲出_合計_年增率>
		<歲入歲出餘絀>5732</歲入歲出餘絀>
		<債務還本>-</債務還本>
		<融資調度_發行公債及賒借>-</融資調度_發行公債及賒借>
		<融資調度_移用以前年度歲計賸餘>-</融資調度_移用以前年度歲計賸餘>
		<融資調度_合計>-</融資調度_合計>
	</Row>
	<Row>
		<年度別>67年度</年度別>
		<歲入_稅課及專賣收入>108056</歲入_稅課及專賣收入>
		<歲入_營業盈餘及事業收入>19001</歲入_營業盈餘及事業收入>
		<歲入_協助收入>-</歲入_協助收入>
		<歲入_規費及罰款收入>4252</歲入_規費及罰款收入>
		<歲入_財產收入>3511</歲入_財產收入>
		<歲入_其他收入>3665</歲入_其他收入>
		<歲入_合計_金額>138485</歲入_合計_金額>
		<歲入_合計_年增率>22.5</歲入_合計_年增率>
		<歲出_一般政務支出>6099</歲出_一般政務支出>
		<歲出_國防支出>64169</歲出_國防支出>
		<歲出_教育科學文化支出>7833</歲出_教育科學文化支出>
		<歲出_經濟發展支出>29796</歲出_經濟發展支出>
		<歲出_社會福利支出>15259</歲出_社會福利支出>
		<歲出_社區發展及環境保護支出>-</歲出_社區發展及環境保護支出>
		<歲出_退休撫卹支出>-</歲出_退休撫卹支出>
		<歲出_債務支出>1190</歲出_債務支出>
		<歲出_一般補助及其他支出>5731</歲出_一般補助及其他支出>
		<歲出_合計_金額>130077</歲出_合計_金額>
		<歲出_合計_年增率>21.2</歲出_合計_年增率>
		<歲入歲出餘絀>8408</歲入歲出餘絀>
		<債務還本>-</債務還本>
		<融資調度_發行公債及賒借>-</融資調度_發行公債及賒借>
		<融資調度_移用以前年度歲計賸餘>-</融資調度_移用以前年度歲計賸餘>
		<融資調度_合計>-</融資調度_合計>
	</Row>
	<Row>
		<年度別>68年度</年度別>
		<歲入_稅課及專賣收入>141212</歲入_稅課及專賣收入>
		<歲入_營業盈餘及事業收入>20535</歲入_營業盈餘及事業收入>
		<歲入_協助收入>-</歲入_協助收入>
		<歲入_規費及罰款收入>5564</歲入_規費及罰款收入>
		<歲入_財產收入>4615</歲入_財產收入>
		<歲入_其他收入>4996</歲入_其他收入>
		<歲入_合計_金額>176922</歲入_合計_金額>
		<歲入_合計_年增率>27.8</歲入_合計_年增率>
		<歲出_一般政務支出>6982</歲出_一般政務支出>
		<歲出_國防支出>72386</歲出_國防支出>
		<歲出_教育科學文化支出>10041</歲出_教育科學文化支出>
		<歲出_經濟發展支出>36556</歲出_經濟發展支出>
		<歲出_社會福利支出>18713</歲出_社會福利支出>
		<歲出_社區發展及環境保護支出>-</歲出_社區發展及環境保護支出>
		<歲出_退休撫卹支出>-</歲出_退休撫卹支出>
		<歲出_債務支出>650</歲出_債務支出>
		<歲出_一般補助及其他支出>7718</歲出_一般補助及其他支出>
		<歲出_合計_金額>153046</歲出_合計_金額>
		<歲出_合計_年增率>17.7</歲出_合計_年增率>
		<歲入歲出餘絀>23876</歲入歲出餘絀>
		<債務還本>-</債務還本>
		<融資調度_發行公債及賒借>-</融資調度_發行公債及賒借>
		<融資調度_移用以前年度歲計賸餘>-</融資調度_移用以前年度歲計賸餘>
		<融資調度_合計>-</融資調度_合計>
	</Row>
	<Row>
		<年度別>69年度</年度別>
		<歲入_稅課及專賣收入>168018</歲入_稅課及專賣收入>
		<歲入_營業盈餘及事業收入>26550</歲入_營業盈餘及事業收入>
		<歲入_協助收入>-</歲入_協助收入>
		<歲入_規費及罰款收入>9650</歲入_規費及罰款收入>
		<歲入_財產收入>8920</歲入_財產收入>
		<歲入_其他收入>5531</歲入_其他收入>
		<歲入_合計_金額>218669</歲入_合計_金額>
		<歲入_合計_年增率>23.6</歲入_合計_年增率>
		<歲出_一般政務支出>8794</歲出_一般政務支出>
		<歲出_國防支出>81080</歲出_國防支出>
		<歲出_教育科學文化支出>13669</歲出_教育科學文化支出>
		<歲出_經濟發展支出>52512</歲出_經濟發展支出>
		<歲出_社會福利支出>25854</歲出_社會福利支出>
		<歲出_社區發展及環境保護支出>-</歲出_社區發展及環境保護支出>
		<歲出_退休撫卹支出>-</歲出_退休撫卹支出>
		<歲出_債務支出>4364</歲出_債務支出>
		<歲出_一般補助及其他支出>15520</歲出_一般補助及其他支出>
		<歲出_合計_金額>201793</歲出_合計_金額>
		<歲出_合計_年增率>31.9</歲出_合計_年增率>
		<歲入歲出餘絀>16876</歲入歲出餘絀>
		<債務還本>-</債務還本>
		<融資調度_發行公債及賒借>-</融資調度_發行公債及賒借>
		<融資調度_移用以前年度歲計賸餘>-</融資調度_移用以前年度歲計賸餘>
		<融資調度_合計>-</融資調度_合計>
	</Row>
	<Row>
		<年度別>70年度</年度別>
		<歲入_稅課及專賣收入>197973</歲入_稅課及專賣收入>
		<歲入_營業盈餘及事業收入>33032</歲入_營業盈餘及事業收入>
		<歲入_協助收入>-</歲入_協助收入>
		<歲入_規費及罰款收入>11115</歲入_規費及罰款收入>
		<歲入_財產收入>11163</歲入_財產收入>
		<歲入_其他收入>7113</歲入_其他收入>
		<歲入_合計_金額>260396</歲入_合計_金額>
		<歲入_合計_年增率>19.1</歲入_合計_年增率>
		<歲出_一般政務支出>11882</歲出_一般政務支出>
		<歲出_國防支出>108272</歲出_國防支出>
		<歲出_教育科學文化支出>22735</歲出_教育科學文化支出>
		<歲出_經濟發展支出>76000</歲出_經濟發展支出>
		<歲出_社會福利支出>34125</歲出_社會福利支出>
		<歲出_社區發展及環境保護支出>-</歲出_社區發展及環境保護支出>
		<歲出_退休撫卹支出>-</歲出_退休撫卹支出>
		<歲出_債務支出>4857</歲出_債務支出>
		<歲出_一般補助及其他支出>14510</歲出_一般補助及其他支出>
		<歲出_合計_金額>272381</歲出_合計_金額>
		<歲出_合計_年增率>35</歲出_合計_年增率>
		<歲入歲出餘絀>-11985</歲入歲出餘絀>
		<債務還本>-</債務還本>
		<融資調度_發行公債及賒借>3000</融資調度_發行公債及賒借>
		<融資調度_移用以前年度歲計賸餘>8985</融資調度_移用以前年度歲計賸餘>
		<融資調度_合計>11985</融資調度_合計>
	</Row>
	<Row>
		<年度別>71年度</年度別>
		<歲入_稅課及專賣收入>206949</歲入_稅課及專賣收入>
		<歲入_營業盈餘及事業收入>47067</歲入_營業盈餘及事業收入>
		<歲入_協助收入>-</歲入_協助收入>
		<歲入_規費及罰款收入>10496</歲入_規費及罰款收入>
		<歲入_財產收入>11689</歲入_財產收入>
		<歲入_其他收入>11739</歲入_其他收入>
		<歲入_合計_金額>287940</歲入_合計_金額>
		<歲入_合計_年增率>10.6</歲入_合計_年增率>
		<歲出_一般政務支出>14515</歲出_一般政務支出>
		<歲出_國防支出>124393</歲出_國防支出>
		<歲出_教育科學文化支出>28455</歲出_教育科學文化支出>
		<歲出_經濟發展支出>77290</歲出_經濟發展支出>
		<歲出_社會福利支出>45590</歲出_社會福利支出>
		<歲出_社區發展及環境保護支出>-</歲出_社區發展及環境保護支出>
		<歲出_退休撫卹支出>-</歲出_退休撫卹支出>
		<歲出_債務支出>5242</歲出_債務支出>
		<歲出_一般補助及其他支出>14960</歲出_一般補助及其他支出>
		<歲出_合計_金額>310445</歲出_合計_金額>
		<歲出_合計_年增率>14</歲出_合計_年增率>
		<歲入歲出餘絀>-22505</歲入歲出餘絀>
		<債務還本>-</債務還本>
		<融資調度_發行公債及賒借>12000</融資調度_發行公債及賒借>
		<融資調度_移用以前年度歲計賸餘>10505</融資調度_移用以前年度歲計賸餘>
		<融資調度_合計>22505</融資調度_合計>
	</Row>
	<Row>
		<年度別>72年度</年度別>
		<歲入_稅課及專賣收入>207161</歲入_稅課及專賣收入>
		<歲入_營業盈餘及事業收入>54624</歲入_營業盈餘及事業收入>
		<歲入_協助收入>-</歲入_協助收入>
		<歲入_規費及罰款收入>13000</歲入_規費及罰款收入>
		<歲入_財產收入>7356</歲入_財產收入>
		<歲入_其他收入>11143</歲入_其他收入>
		<歲入_合計_金額>293284</歲入_合計_金額>
		<歲入_合計_年增率>1.9</歲入_合計_年增率>
		<歲出_一般政務支出>15935</歲出_一般政務支出>
		<歲出_國防支出>139231</歲出_國防支出>
		<歲出_教育科學文化支出>34182</歲出_教育科學文化支出>
		<歲出_經濟發展支出>58305</歲出_經濟發展支出>
		<歲出_社會福利支出>50032</歲出_社會福利支出>
		<歲出_社區發展及環境保護支出>-</歲出_社區發展及環境保護支出>
		<歲出_退休撫卹支出>-</歲出_退休撫卹支出>
		<歲出_債務支出>6427</歲出_債務支出>
		<歲出_一般補助及其他支出>15405</歲出_一般補助及其他支出>
		<歲出_合計_金額>319517</歲出_合計_金額>
		<歲出_合計_年增率>2.9</歲出_合計_年增率>
		<歲入歲出餘絀>-26233</歲入歲出餘絀>
		<債務還本>-</債務還本>
		<融資調度_發行公債及賒借>20000</融資調度_發行公債及賒借>
		<融資調度_移用以前年度歲計賸餘>6233</融資調度_移用以前年度歲計賸餘>
		<融資調度_合計>26233</融資調度_合計>
	</Row>
	<Row>
		<年度別>73年度</年度別>
		<歲入_稅課及專賣收入>230477</歲入_稅課及專賣收入>
		<歲入_營業盈餘及事業收入>48730</歲入_營業盈餘及事業收入>
		<歲入_協助收入>-</歲入_協助收入>
		<歲入_規費及罰款收入>16615</歲入_規費及罰款收入>
		<歲入_財產收入>4412</歲入_財產收入>
		<歲入_其他收入>10455</歲入_其他收入>
		<歲入_合計_金額>310689</歲入_合計_金額>
		<歲入_合計_年增率>5.9</歲入_合計_年增率>
		<歲出_一般政務支出>16553</歲出_一般政務支出>
		<歲出_國防支出>128655</歲出_國防支出>
		<歲出_教育科學文化支出>34393</歲出_教育科學文化支出>
		<歲出_經濟發展支出>57896</歲出_經濟發展支出>
		<歲出_社會福利支出>55182</歲出_社會福利支出>
		<歲出_社區發展及環境保護支出>-</歲出_社區發展及環境保護支出>
		<歲出_退休撫卹支出>-</歲出_退休撫卹支出>
		<歲出_債務支出>12151</歲出_債務支出>
		<歲出_一般補助及其他支出>11362</歲出_一般補助及其他支出>
		<歲出_合計_金額>316192</歲出_合計_金額>
		<歲出_合計_年增率>-1</歲出_合計_年增率>
		<歲入歲出餘絀>-5503</歲入歲出餘絀>
		<債務還本>-</債務還本>
		<融資調度_發行公債及賒借>5000</融資調度_發行公債及賒借>
		<融資調度_移用以前年度歲計賸餘>503</融資調度_移用以前年度歲計賸餘>
		<融資調度_合計>5503</融資調度_合計>
	</Row>
	<Row>
		<年度別>74年度</年度別>
		<歲入_稅課及專賣收入>238779</歲入_稅課及專賣收入>
		<歲入_營業盈餘及事業收入>70838</歲入_營業盈餘及事業收入>
		<歲入_協助收入>-</歲入_協助收入>
		<歲入_規費及罰款收入>18226</歲入_規費及罰款收入>
		<歲入_財產收入>5866</歲入_財產收入>
		<歲入_其他收入>10278</歲入_其他收入>
		<歲入_合計_金額>343987</歲入_合計_金額>
		<歲入_合計_年增率>10.7</歲入_合計_年增率>
		<歲出_一般政務支出>19461</歲出_一般政務支出>
		<歲出_國防支出>140951</歲出_國防支出>
		<歲出_教育科學文化支出>40609</歲出_教育科學文化支出>
		<歲出_經濟發展支出>64431</歲出_經濟發展支出>
		<歲出_社會福利支出>58999</歲出_社會福利支出>
		<歲出_社區發展及環境保護支出>-</歲出_社區發展及環境保護支出>
		<歲出_退休撫卹支出>-</歲出_退休撫卹支出>
		<歲出_債務支出>15937</歲出_債務支出>
		<歲出_一般補助及其他支出>13483</歲出_一般補助及其他支出>
		<歲出_合計_金額>353871</歲出_合計_金額>
		<歲出_合計_年增率>11.9</歲出_合計_年增率>
		<歲入歲出餘絀>-9884</歲入歲出餘絀>
		<債務還本>-</債務還本>
		<融資調度_發行公債及賒借>18000</融資調度_發行公債及賒借>
		<融資調度_移用以前年度歲計賸餘>-</融資調度_移用以前年度歲計賸餘>
		<融資調度_合計>18000</融資調度_合計>
	</Row>
	<Row>
		<年度別>75年度</年度別>
		<歲入_稅課及專賣收入>237717</歲入_稅課及專賣收入>
		<歲入_營業盈餘及事業收入>92531</歲入_營業盈餘及事業收入>
		<歲入_協助收入>-</歲入_協助收入>
		<歲入_規費及罰款收入>19417</歲入_規費及罰款收入>
		<歲入_財產收入>13033</歲入_財產收入>
		<歲入_其他收入>12357</歲入_其他收入>
		<歲入_合計_金額>375055</歲入_合計_金額>
		<歲入_合計_年增率>9</歲入_合計_年增率>
		<歲出_一般政務支出>22266</歲出_一般政務支出>
		<歲出_國防支出>160176</歲出_國防支出>
		<歲出_教育科學文化支出>49880</歲出_教育科學文化支出>
		<歲出_經濟發展支出>76360</歲出_經濟發展支出>
		<歲出_社會福利支出>68060</歲出_社會福利支出>
		<歲出_社區發展及環境保護支出>-</歲出_社區發展及環境保護支出>
		<歲出_退休撫卹支出>-</歲出_退休撫卹支出>
		<歲出_債務支出>12283</歲出_債務支出>
		<歲出_一般補助及其他支出>16695</歲出_一般補助及其他支出>
		<歲出_合計_金額>405720</歲出_合計_金額>
		<歲出_合計_年增率>14.7</歲出_合計_年增率>
		<歲入歲出餘絀>-30665</歲入歲出餘絀>
		<債務還本>-</債務還本>
		<融資調度_發行公債及賒借>25000</融資調度_發行公債及賒借>
		<融資調度_移用以前年度歲計賸餘>5665</融資調度_移用以前年度歲計賸餘>
		<融資調度_合計>30665</融資調度_合計>
	</Row>
	<Row>
		<年度別>76年度</年度別>
		<歲入_稅課及專賣收入>270555</歲入_稅課及專賣收入>
		<歲入_營業盈餘及事業收入>96021</歲入_營業盈餘及事業收入>
		<歲入_協助收入>-</歲入_協助收入>
		<歲入_規費及罰款收入>19189</歲入_規費及罰款收入>
		<歲入_財產收入>11164</歲入_財產收入>
		<歲入_其他收入>14107</歲入_其他收入>
		<歲入_合計_金額>411036</歲入_合計_金額>
		<歲入_合計_年增率>9.6</歲入_合計_年增率>
		<歲出_一般政務支出>23741</歲出_一般政務支出>
		<歲出_國防支出>155274</歲出_國防支出>
		<歲出_教育科學文化支出>53333</歲出_教育科學文化支出>
		<歲出_經濟發展支出>84060</歲出_經濟發展支出>
		<歲出_社會福利支出>72338</歲出_社會福利支出>
		<歲出_社區發展及環境保護支出>-</歲出_社區發展及環境保護支出>
		<歲出_退休撫卹支出>-</歲出_退休撫卹支出>
		<歲出_債務支出>17160</歲出_債務支出>
		<歲出_一般補助及其他支出>13056</歲出_一般補助及其他支出>
		<歲出_合計_金額>418962</歲出_合計_金額>
		<歲出_合計_年增率>3.3</歲出_合計_年增率>
		<歲入歲出餘絀>-7926</歲入歲出餘絀>
		<債務還本>-</債務還本>
		<融資調度_發行公債及賒借>40000</融資調度_發行公債及賒借>
		<融資調度_移用以前年度歲計賸餘>-</融資調度_移用以前年度歲計賸餘>
		<融資調度_合計>40000</融資調度_合計>
	</Row>
	<Row>
		<年度別>77年度</年度別>
		<歲入_稅課及專賣收入>331764</歲入_稅課及專賣收入>
		<歲入_營業盈餘及事業收入>101105</歲入_營業盈餘及事業收入>
		<歲入_協助收入>-</歲入_協助收入>
		<歲入_規費及罰款收入>19080</歲入_規費及罰款收入>
		<歲入_財產收入>12734</歲入_財產收入>
		<歲入_其他收入>15546</歲入_其他收入>
		<歲入_合計_金額>480229</歲入_合計_金額>
		<歲入_合計_年增率>16.8</歲入_合計_年增率>
		<歲出_一般政務支出>27044</歲出_一般政務支出>
		<歲出_國防支出>167009</歲出_國防支出>
		<歲出_教育科學文化支出>59115</歲出_教育科學文化支出>
		<歲出_經濟發展支出>85816</歲出_經濟發展支出>
		<歲出_社會福利支出>88760</歲出_社會福利支出>
		<歲出_社區發展及環境保護支出>-</歲出_社區發展及環境保護支出>
		<歲出_退休撫卹支出>-</歲出_退休撫卹支出>
		<歲出_債務支出>23151</歲出_債務支出>
		<歲出_一般補助及其他支出>19360</歲出_一般補助及其他支出>
		<歲出_合計_金額>470255</歲出_合計_金額>
		<歲出_合計_年增率>12.2</歲出_合計_年增率>
		<歲入歲出餘絀>9974</歲入歲出餘絀>
		<債務還本>-</債務還本>
		<融資調度_發行公債及賒借>59524</融資調度_發行公債及賒借>
		<融資調度_移用以前年度歲計賸餘>-</融資調度_移用以前年度歲計賸餘>
		<融資調度_合計>59524</融資調度_合計>
	</Row>
	<Row>
		<年度別>78年度</年度別>
		<歲入_稅課及專賣收入>412971</歲入_稅課及專賣收入>
		<歲入_營業盈餘及事業收入>95393</歲入_營業盈餘及事業收入>
		<歲入_協助收入>-</歲入_協助收入>
		<歲入_規費及罰款收入>21260</歲入_規費及罰款收入>
		<歲入_財產收入>16477</歲入_財產收入>
		<歲入_其他收入>16124</歲入_其他收入>
		<歲入_合計_金額>562225</歲入_合計_金額>
		<歲入_合計_年增率>17.1</歲入_合計_年增率>
		<歲出_一般政務支出>45964</歲出_一般政務支出>
		<歲出_國防支出>187908</歲出_國防支出>
		<歲出_教育科學文化支出>75740</歲出_教育科學文化支出>
		<歲出_經濟發展支出>91059</歲出_經濟發展支出>
		<歲出_社會福利支出>100160</歲出_社會福利支出>
		<歲出_社區發展及環境保護支出>-</歲出_社區發展及環境保護支出>
		<歲出_退休撫卹支出>-</歲出_退休撫卹支出>
		<歲出_債務支出>30384</歲出_債務支出>
		<歲出_一般補助及其他支出>17985</歲出_一般補助及其他支出>
		<歲出_合計_金額>549200</歲出_合計_金額>
		<歲出_合計_年增率>16.8</歲出_合計_年增率>
		<歲入歲出餘絀>13025</歲入歲出餘絀>
		<債務還本>-</債務還本>
		<融資調度_發行公債及賒借>51151</融資調度_發行公債及賒借>
		<融資調度_移用以前年度歲計賸餘>-</融資調度_移用以前年度歲計賸餘>
		<融資調度_合計>51151</融資調度_合計>
	</Row>
	<Row>
		<年度別>79年度</年度別>
		<歲入_稅課及專賣收入>562740</歲入_稅課及專賣收入>
		<歲入_營業盈餘及事業收入>85605</歲入_營業盈餘及事業收入>
		<歲入_協助收入>-</歲入_協助收入>
		<歲入_規費及罰款收入>22015</歲入_規費及罰款收入>
		<歲入_財產收入>18883</歲入_財產收入>
		<歲入_其他收入>17827</歲入_其他收入>
		<歲入_合計_金額>707070</歲入_合計_金額>
		<歲入_合計_年增率>25.8</歲入_合計_年增率>
		<歲出_一般政務支出>58448</歲出_一般政務支出>
		<歲出_國防支出>210974</歲出_國防支出>
		<歲出_教育科學文化支出>101014</歲出_教育科學文化支出>
		<歲出_經濟發展支出>107520</歲出_經濟發展支出>
		<歲出_社會福利支出>130420</歲出_社會福利支出>
		<歲出_社區發展及環境保護支出>-</歲出_社區發展及環境保護支出>
		<歲出_退休撫卹支出>-</歲出_退休撫卹支出>
		<歲出_債務支出>45235</歲出_債務支出>
		<歲出_一般補助及其他支出>19590</歲出_一般補助及其他支出>
		<歲出_合計_金額>673201</歲出_合計_金額>
		<歲出_合計_年增率>22.6</歲出_合計_年增率>
		<歲入歲出餘絀>33869</歲入歲出餘絀>
		<債務還本>-</債務還本>
		<融資調度_發行公債及賒借>836</融資調度_發行公債及賒借>
		<融資調度_移用以前年度歲計賸餘>-</融資調度_移用以前年度歲計賸餘>
		<融資調度_合計>836</融資調度_合計>
	</Row>
	<Row>
		<年度別>80年度</年度別>
		<歲入_稅課及專賣收入>508374</歲入_稅課及專賣收入>
		<歲入_營業盈餘及事業收入>74762</歲入_營業盈餘及事業收入>
		<歲入_協助收入>-</歲入_協助收入>
		<歲入_規費及罰款收入>13301</歲入_規費及罰款收入>
		<歲入_財產收入>40335</歲入_財產收入>
		<歲入_其他收入>18207</歲入_其他收入>
		<歲入_合計_金額>654979</歲入_合計_金額>
		<歲入_合計_年增率>-7.4</歲入_合計_年增率>
		<歲出_一般政務支出>74433</歲出_一般政務支出>
		<歲出_國防支出>227099</歲出_國防支出>
		<歲出_教育科學文化支出>120511</歲出_教育科學文化支出>
		<歲出_經濟發展支出>148977</歲出_經濟發展支出>
		<歲出_社會福利支出>150782</歲出_社會福利支出>
		<歲出_社區發展及環境保護支出>-</歲出_社區發展及環境保護支出>
		<歲出_退休撫卹支出>-</歲出_退休撫卹支出>
		<歲出_債務支出>52190</歲出_債務支出>
		<歲出_一般補助及其他支出>30566</歲出_一般補助及其他支出>
		<歲出_合計_金額>804558</歲出_合計_金額>
		<歲出_合計_年增率>19.5</歲出_合計_年增率>
		<歲入歲出餘絀>-149579</歲入歲出餘絀>
		<債務還本>-</債務還本>
		<融資調度_發行公債及賒借>99649</融資調度_發行公債及賒借>
		<融資調度_移用以前年度歲計賸餘>49930</融資調度_移用以前年度歲計賸餘>
		<融資調度_合計>149579</融資調度_合計>
	</Row>
	<Row>
		<年度別>81年度</年度別>
		<歲入_稅課及專賣收入>541815</歲入_稅課及專賣收入>
		<歲入_營業盈餘及事業收入>102842</歲入_營業盈餘及事業收入>
		<歲入_協助收入>-</歲入_協助收入>
		<歲入_規費及罰款收入>16588</歲入_規費及罰款收入>
		<歲入_財產收入>22233</歲入_財產收入>
		<歲入_其他收入>22321</歲入_其他收入>
		<歲入_合計_金額>705799</歲入_合計_金額>
		<歲入_合計_年增率>7.8</歲入_合計_年增率>
		<歲出_一般政務支出>106455</歲出_一般政務支出>
		<歲出_國防支出>239398</歲出_國防支出>
		<歲出_教育科學文化支出>147785</歲出_教育科學文化支出>
		<歲出_經濟發展支出>175906</歲出_經濟發展支出>
		<歲出_社會福利支出>103134</歲出_社會福利支出>
		<歲出_社區發展及環境保護支出>-</歲出_社區發展及環境保護支出>
		<歲出_退休撫卹支出>84867</歲出_退休撫卹支出>
		<歲出_債務支出>52487</歲出_債務支出>
		<歲出_一般補助及其他支出>35193</歲出_一般補助及其他支出>
		<歲出_合計_金額>945225</歲出_合計_金額>
		<歲出_合計_年增率>17.5</歲出_合計_年增率>
		<歲入歲出餘絀>-239426</歲入歲出餘絀>
		<債務還本>-</債務還本>
		<融資調度_發行公債及賒借>238658</融資調度_發行公債及賒借>
		<融資調度_移用以前年度歲計賸餘>768</融資調度_移用以前年度歲計賸餘>
		<融資調度_合計>239426</融資調度_合計>
	</Row>
	<Row>
		<年度別>82年度</年度別>
		<歲入_稅課及專賣收入>597478</歲入_稅課及專賣收入>
		<歲入_營業盈餘及事業收入>146344</歲入_營業盈餘及事業收入>
		<歲入_協助收入>-</歲入_協助收入>
		<歲入_規費及罰款收入>21141</歲入_規費及罰款收入>
		<歲入_財產收入>48765</歲入_財產收入>
		<歲入_其他收入>20489</歲入_其他收入>
		<歲入_合計_金額>834217</歲入_合計_金額>
		<歲入_合計_年增率>18.2</歲入_合計_年增率>
		<歲出_一般政務支出>98541</歲出_一般政務支出>
		<歲出_國防支出>253511</歲出_國防支出>
		<歲出_教育科學文化支出>156911</歲出_教育科學文化支出>
		<歲出_經濟發展支出>187113</歲出_經濟發展支出>
		<歲出_社會福利支出>116374</歲出_社會福利支出>
		<歲出_社區發展及環境保護支出>-</歲出_社區發展及環境保護支出>
		<歲出_退休撫卹支出>88523</歲出_退休撫卹支出>
		<歲出_債務支出>92264</歲出_債務支出>
		<歲出_一般補助及其他支出>37894</歲出_一般補助及其他支出>
		<歲出_合計_金額>1031131</歲出_合計_金額>
		<歲出_合計_年增率>9.1</歲出_合計_年增率>
		<歲入歲出餘絀>-196913</歲入歲出餘絀>
		<債務還本>-</債務還本>
		<融資調度_發行公債及賒借>162804</融資調度_發行公債及賒借>
		<融資調度_移用以前年度歲計賸餘>34109</融資調度_移用以前年度歲計賸餘>
		<融資調度_合計>196913</融資調度_合計>
	</Row>
	<Row>
		<年度別>83年度</年度別>
		<歲入_稅課及專賣收入>657609</歲入_稅課及專賣收入>
		<歲入_營業盈餘及事業收入>155342</歲入_營業盈餘及事業收入>
		<歲入_協助收入>-</歲入_協助收入>
		<歲入_規費及罰款收入>21189</歲入_規費及罰款收入>
		<歲入_財產收入>41745</歲入_財產收入>
		<歲入_其他收入>24646</歲入_其他收入>
		<歲入_合計_金額>900531</歲入_合計_金額>
		<歲入_合計_年增率>7.9</歲入_合計_年增率>
		<歲出_一般政務支出>94414</歲出_一般政務支出>
		<歲出_國防支出>242490</歲出_國防支出>
		<歲出_教育科學文化支出>158586</歲出_教育科學文化支出>
		<歲出_經濟發展支出>172019</歲出_經濟發展支出>
		<歲出_社會福利支出>91046</歲出_社會福利支出>
		<歲出_社區發展及環境保護支出>29205</歲出_社區發展及環境保護支出>
		<歲出_退休撫卹支出>93356</歲出_退休撫卹支出>
		<歲出_債務支出>106730</歲出_債務支出>
		<歲出_一般補助及其他支出>36409</歲出_一般補助及其他支出>
		<歲出_合計_金額>1024255</歲出_合計_金額>
		<歲出_合計_年增率>-0.7</歲出_合計_年增率>
		<歲入歲出餘絀>-123724</歲入歲出餘絀>
		<債務還本>-</債務還本>
		<融資調度_發行公債及賒借>108175</融資調度_發行公債及賒借>
		<融資調度_移用以前年度歲計賸餘>15549</融資調度_移用以前年度歲計賸餘>
		<融資調度_合計>123724</融資調度_合計>
	</Row>
	<Row>
		<年度別>84年度</年度別>
		<歲入_稅課及專賣收入>745640</歲入_稅課及專賣收入>
		<歲入_營業盈餘及事業收入>113851</歲入_營業盈餘及事業收入>
		<歲入_協助收入>-</歲入_協助收入>
		<歲入_規費及罰款收入>24982</歲入_規費及罰款收入>
		<歲入_財產收入>31423</歲入_財產收入>
		<歲入_其他收入>21520</歲入_其他收入>
		<歲入_合計_金額>937416</歲入_合計_金額>
		<歲入_合計_年增率>4.1</歲入_合計_年增率>
		<歲出_一般政務支出>93135</歲出_一般政務支出>
		<歲出_國防支出>234073</歲出_國防支出>
		<歲出_教育科學文化支出>156582</歲出_教育科學文化支出>
		<歲出_經濟發展支出>137059</歲出_經濟發展支出>
		<歲出_社會福利支出>134182</歲出_社會福利支出>
		<歲出_社區發展及環境保護支出>24820</歲出_社區發展及環境保護支出>
		<歲出_退休撫卹支出>95948</歲出_退休撫卹支出>
		<歲出_債務支出>87715</歲出_債務支出>
		<歲出_一般補助及其他支出>33184</歲出_一般補助及其他支出>
		<歲出_合計_金額>996698</歲出_合計_金額>
		<歲出_合計_年增率>-2.7</歲出_合計_年增率>
		<歲入歲出餘絀>-59282</歲入歲出餘絀>
		<債務還本>-</債務還本>
		<融資調度_發行公債及賒借>75104</融資調度_發行公債及賒借>
		<融資調度_移用以前年度歲計賸餘>-</融資調度_移用以前年度歲計賸餘>
		<融資調度_合計>75104</融資調度_合計>
	</Row>
	<Row>
		<年度別>85年度</年度別>
		<歲入_稅課及專賣收入>742481</歲入_稅課及專賣收入>
		<歲入_營業盈餘及事業收入>151589</歲入_營業盈餘及事業收入>
		<歲入_協助收入>-</歲入_協助收入>
		<歲入_規費及罰款收入>31934</歲入_規費及罰款收入>
		<歲入_財產收入>40639</歲入_財產收入>
		<歲入_其他收入>30114</歲入_其他收入>
		<歲入_合計_金額>996757</歲入_合計_金額>
		<歲入_合計_年增率>6.3</歲入_合計_年增率>
		<歲出_一般政務支出>104737</歲出_一般政務支出>
		<歲出_國防支出>244125</歲出_國防支出>
		<歲出_教育科學文化支出>166634</歲出_教育科學文化支出>
		<歲出_經濟發展支出>124174</歲出_經濟發展支出>
		<歲出_社會福利支出>143737</歲出_社會福利支出>
		<歲出_社區發展及環境保護支出>19834</歲出_社區發展及環境保護支出>
		<歲出_退休撫卹支出>108600</歲出_退休撫卹支出>
		<歲出_債務支出>141366</歲出_債務支出>
		<歲出_一般補助及其他支出>31870</歲出_一般補助及其他支出>
		<歲出_合計_金額>1085077</歲出_合計_金額>
		<歲出_合計_年增率>8.9</歲出_合計_年增率>
		<歲入歲出餘絀>-88320</歲入歲出餘絀>
		<債務還本>-</債務還本>
		<融資調度_發行公債及賒借>95769</融資調度_發行公債及賒借>
		<融資調度_移用以前年度歲計賸餘>-</融資調度_移用以前年度歲計賸餘>
		<融資調度_合計>95769</融資調度_合計>
	</Row>
	<Row>
		<年度別>86年度</年度別>
		<歲入_稅課及專賣收入>786875</歲入_稅課及專賣收入>
		<歲入_營業盈餘及事業收入>149502</歲入_營業盈餘及事業收入>
		<歲入_協助收入>-</歲入_協助收入>
		<歲入_規費及罰款收入>32727</歲入_規費及罰款收入>
		<歲入_財產收入>31143</歲入_財產收入>
		<歲入_其他收入>24960</歲入_其他收入>
		<歲入_合計_金額>1025207</歲入_合計_金額>
		<歲入_合計_年增率>2.9</歲入_合計_年增率>
		<歲出_一般政務支出>108018</歲出_一般政務支出>
		<歲出_國防支出>253417</歲出_國防支出>
		<歲出_教育科學文化支出>174929</歲出_教育科學文化支出>
		<歲出_經濟發展支出>113740</歲出_經濟發展支出>
		<歲出_社會福利支出>150021</歲出_社會福利支出>
		<歲出_社區發展及環境保護支出>15246</歲出_社區發展及環境保護支出>
		<歲出_退休撫卹支出>139521</歲出_退休撫卹支出>
		<歲出_債務支出>159259</歲出_債務支出>
		<歲出_一般補助及其他支出>37611</歲出_一般補助及其他支出>
		<歲出_合計_金額>1151762</歲出_合計_金額>
		<歲出_合計_年增率>6.1</歲出_合計_年增率>
		<歲入歲出餘絀>-126555</歲入歲出餘絀>
		<債務還本>-</債務還本>
		<融資調度_發行公債及賒借>117265</融資調度_發行公債及賒借>
		<融資調度_移用以前年度歲計賸餘>9290</融資調度_移用以前年度歲計賸餘>
		<融資調度_合計>126555</融資調度_合計>
	</Row>
	<Row>
		<年度別>87年度</年度別>
		<歲入_稅課及專賣收入>896140</歲入_稅課及專賣收入>
		<歲入_營業盈餘及事業收入>239924</歲入_營業盈餘及事業收入>
		<歲入_協助收入>-</歲入_協助收入>
		<歲入_規費及罰款收入>34886</歲入_規費及罰款收入>
		<歲入_財產收入>60537</歲入_財產收入>
		<歲入_其他收入>20037</歲入_其他收入>
		<歲入_合計_金額>1251524</歲入_合計_金額>
		<歲入_合計_年增率>22.1</歲入_合計_年增率>
		<歲出_一般政務支出>112717</歲出_一般政務支出>
		<歲出_國防支出>257125</歲出_國防支出>
		<歲出_教育科學文化支出>184816</歲出_教育科學文化支出>
		<歲出_經濟發展支出>126479</歲出_經濟發展支出>
		<歲出_社會福利支出>150152</歲出_社會福利支出>
		<歲出_社區發展及環境保護支出>15758</歲出_社區發展及環境保護支出>
		<歲出_退休撫卹支出>139832</歲出_退休撫卹支出>
		<歲出_債務支出>167417</歲出_債務支出>
		<歲出_一般補助及其他支出>32715</歲出_一般補助及其他支出>
		<歲出_合計_金額>1187011</歲出_合計_金額>
		<歲出_合計_年增率>3.1</歲出_合計_年增率>
		<歲入歲出餘絀>64513</歲入歲出餘絀>
		<債務還本>-</債務還本>
		<融資調度_發行公債及賒借>49904</融資調度_發行公債及賒借>
		<融資調度_移用以前年度歲計賸餘>-</融資調度_移用以前年度歲計賸餘>
		<融資調度_合計>49904</融資調度_合計>
	</Row>
	<Row>
		<年度別>88年度</年度別>
		<歲入_稅課及專賣收入>808840</歲入_稅課及專賣收入>
		<歲入_營業盈餘及事業收入>284119</歲入_營業盈餘及事業收入>
		<歲入_協助收入>-</歲入_協助收入>
		<歲入_規費及罰款收入>29073</歲入_規費及罰款收入>
		<歲入_財產收入>91879</歲入_財產收入>
		<歲入_其他收入>14738</歲入_其他收入>
		<歲入_合計_金額>1228649</歲入_合計_金額>
		<歲入_合計_年增率>-1.8</歲入_合計_年增率>
		<歲出_一般政務支出>134569</歲出_一般政務支出>
		<歲出_國防支出>263166</歲出_國防支出>
		<歲出_教育科學文化支出>202669</歲出_教育科學文化支出>
		<歲出_經濟發展支出>172552</歲出_經濟發展支出>
		<歲出_社會福利支出>157588</歲出_社會福利支出>
		<歲出_社區發展及環境保護支出>19260</歲出_社區發展及環境保護支出>
		<歲出_退休撫卹支出>129272</歲出_退休撫卹支出>
		<歲出_債務支出>198268</歲出_債務支出>
		<歲出_一般補助及其他支出>4652</歲出_一般補助及其他支出>
		<歲出_合計_金額>1281996</歲出_合計_金額>
		<歲出_合計_年增率>8</歲出_合計_年增率>
		<歲入歲出餘絀>-53347</歲入歲出餘絀>
		<債務還本>-</債務還本>
		<融資調度_發行公債及賒借>56558</融資調度_發行公債及賒借>
		<融資調度_移用以前年度歲計賸餘>-</融資調度_移用以前年度歲計賸餘>
		<融資調度_合計>56558</融資調度_合計>
	</Row>
	<Row>
		<年度別>88年下半年
及89年度</年度別>
		<歲入_稅課及專賣收入>1357973</歲入_稅課及專賣收入>
		<歲入_營業盈餘及事業收入>442412</歲入_營業盈餘及事業收入>
		<歲入_協助收入>-</歲入_協助收入>
		<歲入_規費及罰款收入>102989</歲入_規費及罰款收入>
		<歲入_財產收入>88472</歲入_財產收入>
		<歲入_其他收入>38999</歲入_其他收入>
		<歲入_合計_金額>2030845</歲入_合計_金額>
		<歲入_合計_年增率>65.3</歲入_合計_年增率>
		<歲出_一般政務支出>234928</歲出_一般政務支出>
		<歲出_國防支出>343282</歲出_國防支出>
		<歲出_教育科學文化支出>367635</歲出_教育科學文化支出>
		<歲出_經濟發展支出>356418</歲出_經濟發展支出>
		<歲出_社會福利支出>411023</歲出_社會福利支出>
		<歲出_社區發展及環境保護支出>39627</歲出_社區發展及環境保護支出>
		<歲出_退休撫卹支出>195395</歲出_退休撫卹支出>
		<歲出_債務支出>249584</歲出_債務支出>
		<歲出_一般補助及其他支出>32253</歲出_一般補助及其他支出>
		<歲出_合計_金額>2230145</歲出_合計_金額>
		<歲出_合計_年增率>74</歲出_合計_年增率>
		<歲入歲出餘絀>-199300</歲入歲出餘絀>
		<債務還本>193382</債務還本>
		<融資調度_發行公債及賒借>466119</融資調度_發行公債及賒借>
		<融資調度_移用以前年度歲計賸餘>-</融資調度_移用以前年度歲計賸餘>
		<融資調度_合計>466119</融資調度_合計>
	</Row>
	<Row>
		<年度別>90年度</年度別>
		<歲入_稅課及專賣收入>899043</歲入_稅課及專賣收入>
		<歲入_營業盈餘及事業收入>335788</歲入_營業盈餘及事業收入>
		<歲入_協助收入>-</歲入_協助收入>
		<歲入_規費及罰款收入>72493</歲入_規費及罰款收入>
		<歲入_財產收入>80880</歲入_財產收入>
		<歲入_其他收入>28965</歲入_其他收入>
		<歲入_合計_金額>1417169</歲入_合計_金額>
		<歲入_合計_年增率>-30.2177664962122</歲入_合計_年增率>
		<歲出_一般政務支出>166960</歲出_一般政務支出>
		<歲出_國防支出>237742</歲出_國防支出>
		<歲出_教育科學文化支出>257151</歲出_教育科學文化支出>
		<歲出_經濟發展支出>277075</歲出_經濟發展支出>
		<歲出_社會福利支出>293349</歲出_社會福利支出>
		<歲出_社區發展及環境保護支出>22309</歲出_社區發展及環境保護支出>
		<歲出_退休撫卹支出>121967</歲出_退休撫卹支出>
		<歲出_債務支出>151242</歲出_債務支出>
		<歲出_一般補助及其他支出>31905</歲出_一般補助及其他支出>
		<歲出_合計_金額>1559700</歲出_合計_金額>
		<歲出_合計_年增率>-30.0628434473992</歲出_合計_年增率>
		<歲入歲出餘絀>-142531</歲入歲出餘絀>
		<債務還本>122237</債務還本>
		<融資調度_發行公債及賒借>275842</融資調度_發行公債及賒借>
		<融資調度_移用以前年度歲計賸餘>-</融資調度_移用以前年度歲計賸餘>
		<融資調度_合計>275842</融資調度_合計>
	</Row>
	<Row>
		<年度別>91年度</年度別>
		<歲入_稅課及專賣收入>820397</歲入_稅課及專賣收入>
		<歲入_營業盈餘及事業收入>250638</歲入_營業盈餘及事業收入>
		<歲入_協助收入>-</歲入_協助收入>
		<歲入_規費及罰款收入>128798</歲入_規費及罰款收入>
		<歲入_財產收入>73896</歲入_財產收入>
		<歲入_其他收入>30938</歲入_其他收入>
		<歲入_合計_金額>1304667</歲入_合計_金額>
		<歲入_合計_年增率>-7.93850274737875</歲入_合計_年增率>
		<歲出_一般政務支出>162255</歲出_一般政務支出>
		<歲出_國防支出>225243</歲出_國防支出>
		<歲出_教育科學文化支出>267008</歲出_教育科學文化支出>
		<歲出_經濟發展支出>291166</歲出_經濟發展支出>
		<歲出_社會福利支出>262241</歲出_社會福利支出>
		<歲出_社區發展及環境保護支出>23433</歲出_社區發展及環境保護支出>
		<歲出_退休撫卹支出>124288</歲出_退休撫卹支出>
		<歲出_債務支出>152240</歲出_債務支出>
		<歲出_一般補助及其他支出>44069</歲出_一般補助及其他支出>
		<歲出_合計_金額>1551943</歲出_合計_金額>
		<歲出_合計_年增率>-0.497339231903571</歲出_合計_年增率>
		<歲入歲出餘絀>-247276</歲入歲出餘絀>
		<債務還本>55455</債務還本>
		<融資調度_發行公債及賒借>244454</融資調度_發行公債及賒借>
		<融資調度_移用以前年度歲計賸餘>58277</融資調度_移用以前年度歲計賸餘>
		<融資調度_合計>302731</融資調度_合計>
	</Row>
	<Row>
		<年度別>92年度</年度別>
		<歲入_稅課及專賣收入>828550.69</歲入_稅課及專賣收入>
		<歲入_營業盈餘及事業收入>326485.07</歲入_營業盈餘及事業收入>
		<歲入_協助收入>-</歲入_協助收入>
		<歲入_規費及罰款收入>77784.44</歲入_規費及罰款收入>
		<歲入_財產收入>65686.996</歲入_財產收入>
		<歲入_其他收入>22416.678</歲入_其他收入>
		<歲入_合計_金額>1320923.874</歲入_合計_金額>
		<歲入_合計_年增率>1.24605543023624</歲入_合計_年增率>
		<歲出_一般政務支出>167335</歲出_一般政務支出>
		<歲出_國防支出>227740</歲出_國防支出>
		<歲出_教育科學文化支出>300178</歲出_教育科學文化支出>
		<歲出_經濟發展支出>295524</歲出_經濟發展支出>
		<歲出_社會福利支出>284365</歲出_社會福利支出>
		<歲出_社區發展及環境保護支出>28680</歲出_社區發展及環境保護支出>
		<歲出_退休撫卹支出>125414</歲出_退休撫卹支出>
		<歲出_債務支出>144634</歲出_債務支出>
		<歲出_一般補助及其他支出>44260</歲出_一般補助及其他支出>
		<歲出_合計_金額>1618130</歲出_合計_金額>
		<歲出_合計_年增率>4.26478292050674</歲出_合計_年增率>
		<歲入歲出餘絀>-297206.126</歲入歲出餘絀>
		<債務還本>46500</債務還本>
		<融資調度_發行公債及賒借>300803</融資調度_發行公債及賒借>
		<融資調度_移用以前年度歲計賸餘>42902.68</融資調度_移用以前年度歲計賸餘>
		<融資調度_合計>343705.68</融資調度_合計>
	</Row>
	<Row>
		<年度別>93年度</年度別>
		<歲入_稅課及專賣收入>916621</歲入_稅課及專賣收入>
		<歲入_營業盈餘及事業收入>282133</歲入_營業盈餘及事業收入>
		<歲入_協助收入>-</歲入_協助收入>
		<歲入_規費及罰款收入>76092</歲入_規費及罰款收入>
		<歲入_財產收入>70284</歲入_財產收入>
		<歲入_其他收入>23032</歲入_其他收入>
		<歲入_合計_金額>1368162</歲入_合計_金額>
		<歲入_合計_年增率>3.57614295038473</歲入_合計_年增率>
		<歲出_一般政務支出>164131</歲出_一般政務支出>
		<歲出_國防支出>248910</歲出_國防支出>
		<歲出_教育科學文化支出>302057</歲出_教育科學文化支出>
		<歲出_經濟發展支出>248878</歲出_經濟發展支出>
		<歲出_社會福利支出>279849</歲出_社會福利支出>
		<歲出_社區發展及環境保護支出>24781</歲出_社區發展及環境保護支出>
		<歲出_退休撫卹支出>123116</歲出_退休撫卹支出>
		<歲出_債務支出>127055</歲出_債務支出>
		<歲出_一般補助及其他支出>46022</歲出_一般補助及其他支出>
		<歲出_合計_金額>1564799</歲出_合計_金額>
		<歲出_合計_年增率>-3.2958414960479</歲出_合計_年增率>
		<歲入歲出餘絀>-196637</歲入歲出餘絀>
		<債務還本>56100</債務還本>
		<融資調度_發行公債及賒借>253518</融資調度_發行公債及賒借>
		<融資調度_移用以前年度歲計賸餘>-</融資調度_移用以前年度歲計賸餘>
		<融資調度_合計>253518</融資調度_合計>
	</Row>
	<Row>
		<年度別>94年度</年度別>
		<歲入_稅課及專賣收入>1067720</歲入_稅課及專賣收入>
		<歲入_營業盈餘及事業收入>243420</歲入_營業盈餘及事業收入>
		<歲入_協助收入>-</歲入_協助收入>
		<歲入_規費及罰款收入>79039</歲入_規費及罰款收入>
		<歲入_財產收入>52588</歲入_財產收入>
		<歲入_其他收入>21739</歲入_其他收入>
		<歲入_合計_金額>1464506</歲入_合計_金額>
		<歲入_合計_年增率>7.04185615446125</歲入_合計_年增率>
		<歲出_一般政務支出>165485</歲出_一般政務支出>
		<歲出_國防支出>248547</歲出_國防支出>
		<歲出_教育科學文化支出>301466</歲出_教育科學文化支出>
		<歲出_經濟發展支出>246996</歲出_經濟發展支出>
		<歲出_社會福利支出>285691</歲出_社會福利支出>
		<歲出_社區發展及環境保護支出>25217</歲出_社區發展及環境保護支出>
		<歲出_退休撫卹支出>130537</歲出_退休撫卹支出>
		<歲出_債務支出>117870</歲出_債務支出>
		<歲出_一般補助及其他支出>45159</歲出_一般補助及其他支出>
		<歲出_合計_金額>1566968</歲出_合計_金額>
		<歲出_合計_年增率>0.138612051771503</歲出_合計_年增率>
		<歲入歲出餘絀>-102462</歲入歲出餘絀>
		<債務還本>64073</債務還本>
		<融資調度_發行公債及賒借>167301</融資調度_發行公債及賒借>
		<融資調度_移用以前年度歲計賸餘>-</融資調度_移用以前年度歲計賸餘>
		<融資調度_合計>167301</融資調度_合計>
	</Row>
	<Row>
		<年度別>95年度</年度別>
		<歲入_稅課及專賣收入>1094282</歲入_稅課及專賣收入>
		<歲入_營業盈餘及事業收入>289076</歲入_營業盈餘及事業收入>
		<歲入_協助收入>-</歲入_協助收入>
		<歲入_規費及罰款收入>78964</歲入_規費及罰款收入>
		<歲入_財產收入>58538</歲入_財產收入>
		<歲入_其他收入>25512</歲入_其他收入>
		<歲入_合計_金額>1546372</歲入_合計_金額>
		<歲入_合計_年增率>5.59000782516426</歲入_合計_年增率>
		<歲出_一般政務支出>167342</歲出_一般政務支出>
		<歲出_國防支出>237093</歲出_國防支出>
		<歲出_教育科學文化支出>303111</歲出_教育科學文化支出>
		<歲出_經濟發展支出>196961</歲出_經濟發展支出>
		<歲出_社會福利支出>303326</歲出_社會福利支出>
		<歲出_社區發展及環境保護支出>20406</歲出_社區發展及環境保護支出>
		<歲出_退休撫卹支出>134663</歲出_退休撫卹支出>
		<歲出_債務支出>125200</歲出_債務支出>
		<歲出_一般補助及其他支出>41713</歲出_一般補助及其他支出>
		<歲出_合計_金額>1529815</歲出_合計_金額>
		<歲出_合計_年增率>-2.37101204364096</歲出_合計_年增率>
		<歲入歲出餘絀>16557</歲入歲出餘絀>
		<債務還本>65000</債務還本>
		<融資調度_發行公債及賒借>63936</融資調度_發行公債及賒借>
		<融資調度_移用以前年度歲計賸餘>-</融資調度_移用以前年度歲計賸餘>
		<融資調度_合計>63936</融資調度_合計>
	</Row>
	<Row>
		<年度別>96年度</年度別>
		<歲入_稅課及專賣收入>1208699</歲入_稅課及專賣收入>
		<歲入_營業盈餘及事業收入>271467</歲入_營業盈餘及事業收入>
		<歲入_協助收入>-</歲入_協助收入>
		<歲入_規費及罰款收入>81097</歲入_規費及罰款收入>
		<歲入_財產收入>51294</歲入_財產收入>
		<歲入_其他收入>22905</歲入_其他收入>
		<歲入_合計_金額>1635462</歲入_合計_金額>
		<歲入_合計_年增率>5.76122692340524</歲入_合計_年增率>
		<歲出_一般政務支出>168173</歲出_一般政務支出>
		<歲出_國防支出>256690</歲出_國防支出>
		<歲出_教育科學文化支出>308683</歲出_教育科學文化支出>
		<歲出_經濟發展支出>193285</歲出_經濟發展支出>
		<歲出_社會福利支出>305129</歲出_社會福利支出>
		<歲出_社區發展及環境保護支出>19401</歲出_社區發展及環境保護支出>
		<歲出_退休撫卹支出>134590</歲出_退休撫卹支出>
		<歲出_債務支出>123997</歲出_債務支出>
		<歲出_一般補助及其他支出>42083</歲出_一般補助及其他支出>
		<歲出_合計_金額>1552031</歲出_合計_金額>
		<歲出_合計_年增率>1.45220173681131</歲出_合計_年增率>
		<歲入歲出餘絀>83431</歲入歲出餘絀>
		<債務還本>6000</債務還本>
		<融資調度_發行公債及賒借>-</融資調度_發行公債及賒借>
		<融資調度_移用以前年度歲計賸餘>-</融資調度_移用以前年度歲計賸餘>
		<融資調度_合計>-</融資調度_合計>
	</Row>
	<Row>
		<年度別>97年度</年度別>
		<歲入_稅課及專賣收入>1242942</歲入_稅課及專賣收入>
		<歲入_營業盈餘及事業收入>253353</歲入_營業盈餘及事業收入>
		<歲入_協助收入>-</歲入_協助收入>
		<歲入_規費及罰款收入>83121</歲入_規費及罰款收入>
		<歲入_財產收入>40038</歲入_財產收入>
		<歲入_其他收入>21430</歲入_其他收入>
		<歲入_合計_金額>1640884</歲入_合計_金額>
		<歲入_合計_年增率>0.331527115885288</歲入_合計_年增率>
		<歲出_一般政務支出>173042</歲出_一般政務支出>
		<歲出_國防支出>282409</歲出_國防支出>
		<歲出_教育科學文化支出>310356</歲出_教育科學文化支出>
		<歲出_經濟發展支出>201343</歲出_經濟發展支出>
		<歲出_社會福利支出>298389</歲出_社會福利支出>
		<歲出_社區發展及環境保護支出>13469</歲出_社區發展及環境保護支出>
		<歲出_退休撫卹支出>133758</歲出_退休撫卹支出>
		<歲出_債務支出>117435</歲出_債務支出>
		<歲出_一般補助及其他支出>87473</歲出_一般補助及其他支出>
		<歲出_合計_金額>1617674</歲出_合計_金額>
		<歲出_合計_年增率>4.2294902614703</歲出_合計_年增率>
		<歲入歲出餘絀>23210</歲入歲出餘絀>
		<債務還本>65000</債務還本>
		<融資調度_發行公債及賒借>-</融資調度_發行公債及賒借>
		<融資調度_移用以前年度歲計賸餘>41790</融資調度_移用以前年度歲計賸餘>
		<融資調度_合計>41790</融資調度_合計>
	</Row>
	<Row>
		<年度別>98年度</年度別>
		<歲入_稅課及專賣收入>1267135</歲入_稅課及專賣收入>
		<歲入_營業盈餘及事業收入>251286</歲入_營業盈餘及事業收入>
		<歲入_協助收入>-</歲入_協助收入>
		<歲入_規費及罰款收入>81615</歲入_規費及罰款收入>
		<歲入_財產收入>51507</歲入_財產收入>
		<歲入_其他收入>21688</歲入_其他收入>
		<歲入_合計_金額>1673231</歲入_合計_金額>
		<歲入_合計_年增率>1.97131546166578</歲入_合計_年增率>
		<歲出_一般政務支出>178260</歲出_一般政務支出>
		<歲出_國防支出>308175</歲出_國防支出>
		<歲出_教育科學文化支出>341787</歲出_教育科學文化支出>
		<歲出_經濟發展支出>261337</歲出_經濟發展支出>
		<歲出_社會福利支出>324786</歲出_社會福利支出>
		<歲出_社區發展及環境保護支出>22620</歲出_社區發展及環境保護支出>
		<歲出_退休撫卹支出>136841</歲出_退休撫卹支出>
		<歲出_債務支出>128473</歲出_債務支出>
		<歲出_一般補助及其他支出>107388</歲出_一般補助及其他支出>
		<歲出_合計_金額>1809667</歲出_合計_金額>
		<歲出_合計_年增率>11.868460518003</歲出_合計_年增率>
		<歲入歲出餘絀>-136436</歲入歲出餘絀>
		<債務還本>65000</債務還本>
		<融資調度_發行公債及賒借>165000</融資調度_發行公債及賒借>
		<融資調度_移用以前年度歲計賸餘>36436</融資調度_移用以前年度歲計賸餘>
		<融資調度_合計>201436</融資調度_合計>
	</Row>
	<Row>
		<年度別>99年度</年度別>
		<歲入_稅課及專賣收入>1126357</歲入_稅課及專賣收入>
		<歲入_營業盈餘及事業收入>251663</歲入_營業盈餘及事業收入>
		<歲入_協助收入>-</歲入_協助收入>
		<歲入_規費及罰款收入>84442</歲入_規費及罰款收入>
		<歲入_財產收入>66437</歲入_財產收入>
		<歲入_其他收入>19088</歲入_其他收入>
		<歲入_合計_金額>1547986</歲入_合計_金額>
		<歲入_合計_年增率>-7.48521871755902</歲入_合計_年增率>
		<歲出_一般政務支出>179360</歲出_一般政務支出>
		<歲出_國防支出>286341</歲出_國防支出>
		<歲出_教育科學文化支出>348221</歲出_教育科學文化支出>
		<歲出_經濟發展支出>200510</歲出_經濟發展支出>
		<歲出_社會福利支出>325128</歲出_社會福利支出>
		<歲出_社區發展及環境保護支出>9642</歲出_社區發展及環境保護支出>
		<歲出_退休撫卹支出>136823</歲出_退休撫卹支出>
		<歲出_債務支出>126052</歲出_債務支出>
		<歲出_一般補助及其他支出>102860</歲出_一般補助及其他支出>
		<歲出_合計_金額>1714937</歲出_合計_金額>
		<歲出_合計_年增率>-5.23466472008386</歲出_合計_年增率>
		<歲入歲出餘絀>-166951</歲入歲出餘絀>
		<債務還本>66000</債務還本>
		<融資調度_發行公債及賒借>228765</融資調度_發行公債及賒借>
		<融資調度_移用以前年度歲計賸餘>4186</融資調度_移用以前年度歲計賸餘>
		<融資調度_合計>232951</融資調度_合計>
	</Row>
</Root>