<?xml version="1.0" encoding="UTF-8"?>
<tables>
    <BCME3450>
        <BCME3450_row>
            <objectNo>合計</objectNo>
            <budgetno_3523150100>61847.00</budgetno_3523150100>
            <budgetno_3523151000>45714.00</budgetno_3523151000>
            <budgetno_5223151100>31830.00</budgetno_5223151100>
            <budgetno_3523159011>780.00</budgetno_3523159011>
            <budgetno_3523159800>220.00</budgetno_3523159800>
            <total>140391.00</total>
        </BCME3450_row>
        <BCME3450_row>
            <objectNo>0100 人事費</objectNo>
            <budgetno_3523150100>48865.00</budgetno_3523150100>
            <budgetno_3523151000/>
            <budgetno_5223151100/>
            <budgetno_3523159011/>
            <budgetno_3523159800/>
            <total>48865.00</total>
        </BCME3450_row>
        <BCME3450_row>
            <objectNo>  0103 法定編制人員待遇</objectNo>
            <budgetno_3523150100>28854.00</budgetno_3523150100>
            <budgetno_3523151000/>
            <budgetno_5223151100/>
            <budgetno_3523159011/>
            <budgetno_3523159800/>
            <total>28854.00</total>
        </BCME3450_row>
        <BCME3450_row>
            <objectNo>  0105 技工及工友待遇</objectNo>
            <budgetno_3523150100>2700.00</budgetno_3523150100>
            <budgetno_3523151000/>
            <budgetno_5223151100/>
            <budgetno_3523159011/>
            <budgetno_3523159800/>
            <total>2700.00</total>
        </BCME3450_row>
        <BCME3450_row>
            <objectNo>  0111 獎金</objectNo>
            <budgetno_3523150100>8715.00</budgetno_3523150100>
            <budgetno_3523151000/>
            <budgetno_5223151100/>
            <budgetno_3523159011/>
            <budgetno_3523159800/>
            <total>8715.00</total>
        </BCME3450_row>
        <BCME3450_row>
            <objectNo>  0121 其他給與</objectNo>
            <budgetno_3523150100>548.00</budgetno_3523150100>
            <budgetno_3523151000/>
            <budgetno_5223151100/>
            <budgetno_3523159011/>
            <budgetno_3523159800/>
            <total>548.00</total>
        </BCME3450_row>
        <BCME3450_row>
            <objectNo>  0131 加班值班費</objectNo>
            <budgetno_3523150100>2366.00</budgetno_3523150100>
            <budgetno_3523151000/>
            <budgetno_5223151100/>
            <budgetno_3523159011/>
            <budgetno_3523159800/>
            <total>2366.00</total>
        </BCME3450_row>
        <BCME3450_row>
            <objectNo>  0143 退休離職儲金</objectNo>
            <budgetno_3523150100>2330.00</budgetno_3523150100>
            <budgetno_3523151000/>
            <budgetno_5223151100/>
            <budgetno_3523159011/>
            <budgetno_3523159800/>
            <total>2330.00</total>
        </BCME3450_row>
        <BCME3450_row>
            <objectNo>  0151 保險</objectNo>
            <budgetno_3523150100>3352.00</budgetno_3523150100>
            <budgetno_3523151000/>
            <budgetno_5223151100/>
            <budgetno_3523159011/>
            <budgetno_3523159800/>
            <total>3352.00</total>
        </BCME3450_row>
        <BCME3450_row>
            <objectNo>0200 業務費</objectNo>
            <budgetno_3523150100>12976.00</budgetno_3523150100>
            <budgetno_3523151000>41337.00</budgetno_3523151000>
            <budgetno_5223151100>19430.00</budgetno_5223151100>
            <budgetno_3523159011/>
            <budgetno_3523159800/>
            <total>73743.00</total>
        </BCME3450_row>
        <BCME3450_row>
            <objectNo>  0201 教育訓練費</objectNo>
            <budgetno_3523150100>125.00</budgetno_3523150100>
            <budgetno_3523151000/>
            <budgetno_5223151100>200.00</budgetno_5223151100>
            <budgetno_3523159011/>
            <budgetno_3523159800/>
            <total>325.00</total>
        </BCME3450_row>
        <BCME3450_row>
            <objectNo>  0202 水電費</objectNo>
            <budgetno_3523150100>3299.00</budgetno_3523150100>
            <budgetno_3523151000/>
            <budgetno_5223151100/>
            <budgetno_3523159011/>
            <budgetno_3523159800/>
            <total>3299.00</total>
        </BCME3450_row>
        <BCME3450_row>
            <objectNo>  0203 通訊費</objectNo>
            <budgetno_3523150100>995.00</budgetno_3523150100>
            <budgetno_3523151000/>
            <budgetno_5223151100/>
            <budgetno_3523159011/>
            <budgetno_3523159800/>
            <total>995.00</total>
        </BCME3450_row>
        <BCME3450_row>
            <objectNo>  0215 資訊服務費</objectNo>
            <budgetno_3523150100>320.00</budgetno_3523150100>
            <budgetno_3523151000/>
            <budgetno_5223151100/>
            <budgetno_3523159011/>
            <budgetno_3523159800/>
            <total>320.00</total>
        </BCME3450_row>
        <BCME3450_row>
            <objectNo>  0221 稅捐及規費</objectNo>
            <budgetno_3523150100>95.00</budgetno_3523150100>
            <budgetno_3523151000/>
            <budgetno_5223151100/>
            <budgetno_3523159011/>
            <budgetno_3523159800/>
            <total>95.00</total>
        </BCME3450_row>
        <BCME3450_row>
            <objectNo>  0231 保險費</objectNo>
            <budgetno_3523150100>164.00</budgetno_3523150100>
            <budgetno_3523151000/>
            <budgetno_5223151100/>
            <budgetno_3523159011/>
            <budgetno_3523159800/>
            <total>164.00</total>
        </BCME3450_row>
        <BCME3450_row>
            <objectNo>  0249 臨時人員酬金</objectNo>
            <budgetno_3523150100>1237.00</budgetno_3523150100>
            <budgetno_3523151000>2331.00</budgetno_3523151000>
            <budgetno_5223151100>4354.00</budgetno_5223151100>
            <budgetno_3523159011/>
            <budgetno_3523159800/>
            <total>7922.00</total>
        </BCME3450_row>
        <BCME3450_row>
            <objectNo>  0250 按日按件計資酬金</objectNo>
            <budgetno_3523150100>29.00</budgetno_3523150100>
            <budgetno_3523151000>24115.00</budgetno_3523151000>
            <budgetno_5223151100/>
            <budgetno_3523159011/>
            <budgetno_3523159800/>
            <total>24144.00</total>
        </BCME3450_row>
        <BCME3450_row>
            <objectNo>  0271 物品</objectNo>
            <budgetno_3523150100>1275.00</budgetno_3523150100>
            <budgetno_3523151000>9311.00</budgetno_3523151000>
            <budgetno_5223151100>5900.00</budgetno_5223151100>
            <budgetno_3523159011/>
            <budgetno_3523159800/>
            <total>16486.00</total>
        </BCME3450_row>
        <BCME3450_row>
            <objectNo>  0279 一般事務費</objectNo>
            <budgetno_3523150100>4172.00</budgetno_3523150100>
            <budgetno_3523151000>1170.00</budgetno_3523151000>
            <budgetno_5223151100>7726.00</budgetno_5223151100>
            <budgetno_3523159011/>
            <budgetno_3523159800/>
            <total>13068.00</total>
        </BCME3450_row>
        <BCME3450_row>
            <objectNo>  0283 車輛及辦公器具養護費</objectNo>
            <budgetno_3523150100>348.00</budgetno_3523150100>
            <budgetno_3523151000/>
            <budgetno_5223151100/>
            <budgetno_3523159011/>
            <budgetno_3523159800/>
            <total>348.00</total>
        </BCME3450_row>
        <BCME3450_row>
            <objectNo>  0284 設施及機械設備養護費</objectNo>
            <budgetno_3523150100>700.00</budgetno_3523150100>
            <budgetno_3523151000>3467.00</budgetno_3523151000>
            <budgetno_5223151100>1000.00</budgetno_5223151100>
            <budgetno_3523159011/>
            <budgetno_3523159800/>
            <total>5167.00</total>
        </BCME3450_row>
        <BCME3450_row>
            <objectNo>  0291 國內旅費</objectNo>
            <budgetno_3523150100>96.00</budgetno_3523150100>
            <budgetno_3523151000>800.00</budgetno_3523151000>
            <budgetno_5223151100/>
            <budgetno_3523159011/>
            <budgetno_3523159800/>
            <total>896.00</total>
        </BCME3450_row>
        <BCME3450_row>
            <objectNo>  0293 國外旅費</objectNo>
            <budgetno_3523150100/>
            <budgetno_3523151000>119.00</budgetno_3523151000>
            <budgetno_5223151100>250.00</budgetno_5223151100>
            <budgetno_3523159011/>
            <budgetno_3523159800/>
            <total>369.00</total>
        </BCME3450_row>
        <BCME3450_row>
            <objectNo>  0294 運費</objectNo>
            <budgetno_3523150100/>
            <budgetno_3523151000>23.00</budgetno_3523151000>
            <budgetno_5223151100/>
            <budgetno_3523159011/>
            <budgetno_3523159800/>
            <total>23.00</total>
        </BCME3450_row>
        <BCME3450_row>
            <objectNo>  0295 短程車資</objectNo>
            <budgetno_3523150100/>
            <budgetno_3523151000>1.00</budgetno_3523151000>
            <budgetno_5223151100/>
            <budgetno_3523159011/>
            <budgetno_3523159800/>
            <total>1.00</total>
        </BCME3450_row>
        <BCME3450_row>
            <objectNo>  0299 特別費</objectNo>
            <budgetno_3523150100>121.00</budgetno_3523150100>
            <budgetno_3523151000/>
            <budgetno_5223151100/>
            <budgetno_3523159011/>
            <budgetno_3523159800/>
            <total>121.00</total>
        </BCME3450_row>
        <BCME3450_row>
            <objectNo>0300 設備及投資</objectNo>
            <budgetno_3523150100/>
            <budgetno_3523151000>4377.00</budgetno_3523151000>
            <budgetno_5223151100>12400.00</budgetno_5223151100>
            <budgetno_3523159011>780.00</budgetno_3523159011>
            <budgetno_3523159800/>
            <total>17557.00</total>
        </BCME3450_row>
        <BCME3450_row>
            <objectNo>  0304 機械設備費</objectNo>
            <budgetno_3523150100/>
            <budgetno_3523151000>2600.00</budgetno_3523151000>
            <budgetno_5223151100>12400.00</budgetno_5223151100>
            <budgetno_3523159011/>
            <budgetno_3523159800/>
            <total>15000.00</total>
        </BCME3450_row>
        <BCME3450_row>
            <objectNo>  0305 運輸設備費</objectNo>
            <budgetno_3523150100/>
            <budgetno_3523151000/>
            <budgetno_5223151100/>
            <budgetno_3523159011>780.00</budgetno_3523159011>
            <budgetno_3523159800/>
            <total>780.00</total>
        </BCME3450_row>
        <BCME3450_row>
            <objectNo>  0306 資訊軟硬體設備費</objectNo>
            <budgetno_3523150100/>
            <budgetno_3523151000>1205.00</budgetno_3523151000>
            <budgetno_5223151100/>
            <budgetno_3523159011/>
            <budgetno_3523159800/>
            <total>1205.00</total>
        </BCME3450_row>
        <BCME3450_row>
            <objectNo>  0319 雜項設備費</objectNo>
            <budgetno_3523150100/>
            <budgetno_3523151000>572.00</budgetno_3523151000>
            <budgetno_5223151100/>
            <budgetno_3523159011/>
            <budgetno_3523159800/>
            <total>572.00</total>
        </BCME3450_row>
        <BCME3450_row>
            <objectNo>0400 獎補助費</objectNo>
            <budgetno_3523150100>6.00</budgetno_3523150100>
            <budgetno_3523151000/>
            <budgetno_5223151100/>
            <budgetno_3523159011/>
            <budgetno_3523159800/>
            <total>6.00</total>
        </BCME3450_row>
        <BCME3450_row>
            <objectNo>  0475 獎勵及慰問</objectNo>
            <budgetno_3523150100>6.00</budgetno_3523150100>
            <budgetno_3523151000/>
            <budgetno_5223151100/>
            <budgetno_3523159011/>
            <budgetno_3523159800/>
            <total>6.00</total>
        </BCME3450_row>
        <BCME3450_row>
            <objectNo>0900 預備金</objectNo>
            <budgetno_3523150100/>
            <budgetno_3523151000/>
            <budgetno_5223151100/>
            <budgetno_3523159011/>
            <budgetno_3523159800>220.00</budgetno_3523159800>
            <total>220.00</total>
        </BCME3450_row>
        <BCME3450_row>
            <objectNo>  0901 第一預備金</objectNo>
            <budgetno_3523150100/>
            <budgetno_3523151000/>
            <budgetno_5223151100/>
            <budgetno_3523159011/>
            <budgetno_3523159800>220.00</budgetno_3523159800>
            <total>220.00</total>
        </BCME3450_row>
    </BCME3450>
</tables>
