<?xml version="1.0" encoding="UTF-8"?>
<tables>
    <BCME3420>
        <BCME3420_row>
            <budgetno/>
            <agenno/>
            <agentype/>
            <mh_budgetname>合    計</mh_budgetname>
            <displayname>合    計</displayname>
            <budgetno_conver/>
            <tyear_amt>140391000.00</tyear_amt>
            <lyear_amt>131899000.00</lyear_amt>
            <byear_amt>131955194.00</byear_amt>
            <b_amt>8492000.00</b_amt>
            <bc_content/>
            <memo/>
        </BCME3420_row>
        <BCME3420_row>
            <budgetno>00230000000</budgetno>
            <agenno>23015</agenno>
            <agentype>C</agentype>
            <mh_budgetname>法務部主管</mh_budgetname>
            <displayname>法務部主管</displayname>
            <budgetno_conver>0023000000</budgetno_conver>
            <tyear_amt>140391000.000000</tyear_amt>
            <lyear_amt>131899000.000000</lyear_amt>
            <byear_amt>131955194.000000</byear_amt>
            <b_amt>8492000.000000</b_amt>
            <bc_content/>
        </BCME3420_row>
        <BCME3420_row>
            <budgetno>00230150000</budgetno>
            <agenno>23015</agenno>
            <agentype>C</agentype>
            <mh_budgetname>法醫研究所</mh_budgetname>
            <displayname>法醫研究所</displayname>
            <budgetno_conver>0023150000</budgetno_conver>
            <tyear_amt>140391000.000000</tyear_amt>
            <lyear_amt>131899000.000000</lyear_amt>
            <byear_amt>131955194.000000</byear_amt>
            <b_amt>8492000.000000</b_amt>
            <bc_content/>
        </BCME3420_row>
        <BCME3420_row>
            <budgetno>35230150000</budgetno>
            <agenno>23015</agenno>
            <agentype>C</agentype>
            <mh_budgetname>司法支出</mh_budgetname>
            <displayname>司法支出</displayname>
            <budgetno_conver>3523150000</budgetno_conver>
            <tyear_amt>108561000.000000</tyear_amt>
            <lyear_amt>108855000.000000</lyear_amt>
            <byear_amt>102893230.000000</byear_amt>
            <b_amt>-294000.000000</b_amt>
            <bc_content/>
        </BCME3420_row>
        <BCME3420_row>
            <budgetno>35230150100</budgetno>
            <agenno>23015</agenno>
            <agentype>C</agentype>
            <mh_budgetname>一般行政</mh_budgetname>
            <displayname>一般行政</displayname>
            <budgetno_conver>3523150100</budgetno_conver>
            <tyear_amt>61847000.000000</tyear_amt>
            <lyear_amt>62272000.000000</lyear_amt>
            <byear_amt>58187768.000000</byear_amt>
            <b_amt>-425000.000000</b_amt>
            <bc_content>&lt;#H1&gt;本年度預算數61,847千元，包括人事費48,865千元，業務費12,976千元，獎補助費6千元。&#xd;
&lt;#H1&gt;本年度預算數之內容與上年度之比較如下：&#xd;
&lt;#H2&gt;人員維持費48,865千元，與上年度同。&#xd;
&lt;#H2&gt;基本行政工作維持費12,982千元，較上年度減列購置辦公物品等經費425千元。&#xd;
</bc_content>
        </BCME3420_row>
        <BCME3420_row>
            <budgetno>35230151000</budgetno>
            <agenno>23015</agenno>
            <agentype>C</agentype>
            <mh_budgetname>法醫業務</mh_budgetname>
            <displayname>法醫業務</displayname>
            <budgetno_conver>3523151000</budgetno_conver>
            <tyear_amt>45714000.000000</tyear_amt>
            <lyear_amt>46339000.000000</lyear_amt>
            <byear_amt>44705462.000000</byear_amt>
            <b_amt>-625000.000000</b_amt>
            <bc_content>&lt;#H1&gt;本年度預算數45,714千元，包括業務費41,337千元，設備及投資4,377千元。&#xd;
&lt;#H1&gt;本年度預算數之內容與上年度之比較如下：&#xd;
&lt;#H2&gt;法醫訓練研究經費4,808千元，較上年度減列購置儀器設備等經費1,685千元。&#xd;
&lt;#H2&gt;法醫病理鑑定及指導地檢署法醫業務經費28,913千元，較上年度增列辦理解剖及死因鑑定等經費341千元。&#xd;
&lt;#H2&gt;毒物化學鑑定經費6,354千元，與上年度同。&#xd;
&lt;#H2&gt;血清證物鑑定經費5,235千元，較上年度增列鑑定及實驗研究耗材等經費719千元。&#xd;
&lt;#H2&gt;北區解剖室維持經費404千元，與上年度同。&#xd;
</bc_content>
        </BCME3420_row>
        <BCME3420_row>
            <budgetno>35230159000</budgetno>
            <agenno>23015</agenno>
            <agentype>C</agentype>
            <mh_budgetname>一般建築及設備</mh_budgetname>
            <displayname>一般建築及設備</displayname>
            <budgetno_conver>3523159000</budgetno_conver>
            <tyear_amt>780000.000000</tyear_amt>
            <lyear_amt>0.000000</lyear_amt>
            <byear_amt>0.000000</byear_amt>
            <b_amt>780000.000000</b_amt>
            <bc_content/>
        </BCME3420_row>
        <BCME3420_row>
            <budgetno>35230159011</budgetno>
            <agenno>23015</agenno>
            <agentype>C</agentype>
            <mh_budgetname>交通及運輸設備</mh_budgetname>
            <displayname>交通及運輸設備</displayname>
            <budgetno_conver>3523159011</budgetno_conver>
            <tyear_amt>780000.000000</tyear_amt>
            <lyear_amt>0.000000</lyear_amt>
            <byear_amt>0.000000</byear_amt>
            <b_amt>780000.000000</b_amt>
            <bc_content>新增汰換勘驗車1輛經費如列數。</bc_content>
        </BCME3420_row>
        <BCME3420_row>
            <budgetno>35230159800</budgetno>
            <agenno>23015</agenno>
            <agentype>C</agentype>
            <mh_budgetname>第一預備金</mh_budgetname>
            <displayname>第一預備金</displayname>
            <budgetno_conver>3523159800</budgetno_conver>
            <tyear_amt>220000.000000</tyear_amt>
            <lyear_amt>244000.000000</lyear_amt>
            <byear_amt>0.000000</byear_amt>
            <b_amt>-24000.000000</b_amt>
            <bc_content>本年度預算數較上年度減列如列數。&#xd;
</bc_content>
        </BCME3420_row>
        <BCME3420_row>
            <budgetno>52230150000</budgetno>
            <agenno>23015</agenno>
            <agentype>C</agentype>
            <mh_budgetname>科學支出</mh_budgetname>
            <displayname>科學支出</displayname>
            <budgetno_conver>5223150000</budgetno_conver>
            <tyear_amt>31830000.000000</tyear_amt>
            <lyear_amt>23044000.000000</lyear_amt>
            <byear_amt>29061964.000000</byear_amt>
            <b_amt>8786000.000000</b_amt>
            <bc_content/>
        </BCME3420_row>
        <BCME3420_row>
            <budgetno>52230151100</budgetno>
            <agenno>23015</agenno>
            <agentype>C</agentype>
            <mh_budgetname>鑑識科技業務</mh_budgetname>
            <displayname>鑑識科技業務</displayname>
            <budgetno_conver>5223151100</budgetno_conver>
            <tyear_amt>31830000.000000</tyear_amt>
            <lyear_amt>23044000.000000</lyear_amt>
            <byear_amt>29061964.000000</byear_amt>
            <b_amt>8786000.000000</b_amt>
            <bc_content>&lt;#H1&gt;本年度預算數31,830千元，包括業務費19,430千元，設備及投資12,400千元。&#xd;
&lt;#H1&gt;本年度預算數之內容與上年度之比較如下：&#xd;
&lt;#H2&gt;辦理法醫病理鑑識研究計畫經費10,440千元，較上年度增列購置鑑識儀器設備等經費3,504千元。&#xd;
&lt;#H2&gt;辦理毒物化學鑑識研究計畫經費9,500千元，較上年度減列購置鑑識儀器設備等經費1,870千元。&#xd;
&lt;#H2&gt;辦理血清證物鑑識研究計畫經費11,890千元，較上年度增列購置鑑識儀器設備等經費7,152千元。&#xd;
</bc_content>
        </BCME3420_row>
    </BCME3420>
</tables>
