<?xml version="1.0" encoding="UTF-8" standalone="yes"?>
<Root xmlns:xsi="http://www.w3.org/2001/XMLSchema-instance">
	<Row>
		<名稱>合         計</名稱>
		<補助台北市政府>8682713</補助台北市政府>
		<補助高雄市政府>4097150</補助高雄市政府>
		<補助臺灣省各縣市政府>190797177</補助臺灣省各縣市政府>
		<補助金門及連江縣政府>3530927</補助金門及連江縣政府>
		<合計>207107967</合計>
	</Row>
	<Row>
		<名稱>行政院主管</名稱>
		<補助台北市政府>106409</補助台北市政府>
		<補助高雄市政府>201705</補助高雄市政府>
		<補助臺灣省各縣市政府>4908645</補助臺灣省各縣市政府>
		<補助金門及連江縣政府>110790</補助金門及連江縣政府>
		<合計>5327549</合計>
	</Row>
	<Row>
		<名稱>內政部主管</名稱>
		<補助台北市政府>462490</補助台北市政府>
		<補助高雄市政府>902931</補助高雄市政府>
		<補助臺灣省各縣市政府>12219907</補助臺灣省各縣市政府>
		<補助金門及連江縣政府>381659</補助金門及連江縣政府>
		<合計>13966987</合計>
	</Row>
	<Row>
		<名稱>國防部主管</名稱>
		<補助台北市政府>-</補助台北市政府>
		<補助高雄市政府>-</補助高雄市政府>
		<補助臺灣省各縣市政府>122000</補助臺灣省各縣市政府>
		<補助金門及連江縣政府>-</補助金門及連江縣政府>
		<合計>122000</合計>
	</Row>
	<Row>
		<名稱>財政部主管</名稱>
		<補助台北市政府>3504393</補助台北市政府>
		<補助高雄市政府>1320015</補助高雄市政府>
		<補助臺灣省各縣市政府>5797556</補助臺灣省各縣市政府>
		<補助金門及連江縣政府>113517</補助金門及連江縣政府>
		<合計>10735481</合計>
	</Row>
	<Row>
		<名稱>教育部主管</名稱>
		<補助台北市政府>542076</補助台北市政府>
		<補助高雄市政府>705089</補助高雄市政府>
		<補助臺灣省各縣市政府>9834244</補助臺灣省各縣市政府>
		<補助金門及連江縣政府>260599</補助金門及連江縣政府>
		<合計>11342008</合計>
	</Row>
	<Row>
		<名稱>經濟部主管</名稱>
		<補助台北市政府>25238</補助台北市政府>
		<補助高雄市政府>8738</補助高雄市政府>
		<補助臺灣省各縣市政府>475887</補助臺灣省各縣市政府>
		<補助金門及連江縣政府>325288</補助金門及連江縣政府>
		<合計>835151</合計>
	</Row>
	<Row>
		<名稱>交通部主管</名稱>
		<補助台北市政府>4037500</補助台北市政府>
		<補助高雄市政府>45858</補助高雄市政府>
		<補助臺灣省各縣市政府>9583434</補助臺灣省各縣市政府>
		<補助金門及連江縣政府>231772</補助金門及連江縣政府>
		<合計>13898564</合計>
	</Row>
	<Row>
		<名稱>農業委員會主管</名稱>
		<補助台北市政府>250</補助台北市政府>
		<補助高雄市政府>250</補助高雄市政府>
		<補助臺灣省各縣市政府>4183315</補助臺灣省各縣市政府>
		<補助金門及連江縣政府>32622</補助金門及連江縣政府>
		<合計>4216437</合計>
	</Row>
	<Row>
		<名稱>勞工委員會主管</名稱>
		<補助台北市政府>4357</補助台北市政府>
		<補助高雄市政府>2564</補助高雄市政府>
		<補助臺灣省各縣市政府>34587</補助臺灣省各縣市政府>
		<補助金門及連江縣政府>667</補助金門及連江縣政府>
		<合計>42175</合計>
	</Row>
	<Row>
		<名稱>衛生署主管</名稱>
		<補助台北市政府>-</補助台北市政府>
		<補助高雄市政府>-</補助高雄市政府>
		<補助臺灣省各縣市政府>360590</補助臺灣省各縣市政府>
		<補助金門及連江縣政府>144129</補助金門及連江縣政府>
		<合計>504719</合計>
	</Row>
	<Row>
		<名稱>環境保護署主管</名稱>
		<補助台北市政府>-</補助台北市政府>
		<補助高雄市政府>-</補助高雄市政府>
		<補助臺灣省各縣市政府>4937758</補助臺灣省各縣市政府>
		<補助金門及連江縣政府>38365</補助金門及連江縣政府>
		<合計>4976123</合計>
	</Row>
	<Row>
		<名稱>省市地方政府</名稱>
		<補助台北市政府>-</補助台北市政府>
		<補助高雄市政府>910000</補助高雄市政府>
		<補助臺灣省各縣市政府>138339254</補助臺灣省各縣市政府>
		<補助金門及連江縣政府>1891519</補助金門及連江縣政府>
		<合計>141140773</合計>
	</Row>
</Root>