<?xml version="1.0" encoding="UTF-8" standalone="yes"?>
<Root xmlns:xsi="http://www.w3.org/2001/XMLSchema-instance">
	<Row>
		<科目名稱>合          計</科目名稱>
		<本年度預算數>279500980</本年度預算數>
		<上年度預算數>282042268</上年度預算數>
		<前年度決算數>334692740</前年度決算數>
		<本年度與上年度比較>-2541288</本年度與上年度比較>
	</Row>
	<Row>
		<科目名稱>(1. 一般政務支出)</科目名稱>
		<本年度預算數>15703244</本年度預算數>
		<上年度預算數>16955129</上年度預算數>
		<前年度決算數>16801900</前年度決算數>
		<本年度與上年度比較>-1251885</本年度與上年度比較>
	</Row>
	<Row>
		<款>1</款>
		<科目名稱>政權行使支出</科目名稱>
		<本年度預算數>-</本年度預算數>
		<上年度預算數>-</上年度預算數>
		<前年度決算數>1930</前年度決算數>
		<本年度與上年度比較>-</本年度與上年度比較>
	</Row>
	<Row>
		<款>2</款>
		<科目名稱>國務支出</科目名稱>
		<本年度預算數>224440</本年度預算數>
		<上年度預算數>99593</上年度預算數>
		<前年度決算數>96693</前年度決算數>
		<本年度與上年度比較>124847</本年度與上年度比較>
	</Row>
	<Row>
		<款>3</款>
		<科目名稱>行政支出</科目名稱>
		<本年度預算數>806978</本年度預算數>
		<上年度預算數>1120972</上年度預算數>
		<前年度決算數>1195497</前年度決算數>
		<本年度與上年度比較>-313994</本年度與上年度比較>
	</Row>
	<Row>
		<款>4</款>
		<科目名稱>立法支出</科目名稱>
		<本年度預算數>193497</本年度預算數>
		<上年度預算數>377810</上年度預算數>
		<前年度決算數>404706</前年度決算數>
		<本年度與上年度比較>-184313</本年度與上年度比較>
	</Row>
	<Row>
		<款>5</款>
		<科目名稱>司法支出</科目名稱>
		<本年度預算數>2709132</本年度預算數>
		<上年度預算數>3000762</上年度預算數>
		<前年度決算數>2044936</前年度決算數>
		<本年度與上年度比較>-291630</本年度與上年度比較>
	</Row>
	<Row>
		<款>6</款>
		<科目名稱>考試支出</科目名稱>
		<本年度預算數>281597</本年度預算數>
		<上年度預算數>99389</上年度預算數>
		<前年度決算數>67636</前年度決算數>
		<本年度與上年度比較>182208</本年度與上年度比較>
	</Row>
	<Row>
		<款>7</款>
		<科目名稱>監察支出</科目名稱>
		<本年度預算數>443014</本年度預算數>
		<上年度預算數>314738</上年度預算數>
		<前年度決算數>121764</前年度決算數>
		<本年度與上年度比較>128276</本年度與上年度比較>
	</Row>
	<Row>
		<款>8</款>
		<科目名稱>民政支出</科目名稱>
		<本年度預算數>8964780</本年度預算數>
		<上年度預算數>10010003</上年度預算數>
		<前年度決算數>10221162</前年度決算數>
		<本年度與上年度比較>-1045223</本年度與上年度比較>
	</Row>
	<Row>
		<款>9</款>
		<科目名稱>外交支出</科目名稱>
		<本年度預算數>376193</本年度預算數>
		<上年度預算數>365400</上年度預算數>
		<前年度決算數>1059527</前年度決算數>
		<本年度與上年度比較>10793</本年度與上年度比較>
	</Row>
	<Row>
		<款>10</款>
		<科目名稱>財務支出</科目名稱>
		<本年度預算數>1601158</本年度預算數>
		<上年度預算數>1507864</上年度預算數>
		<前年度決算數>1548683</前年度決算數>
		<本年度與上年度比較>93294</本年度與上年度比較>
	</Row>
	<Row>
		<款>11</款>
		<科目名稱>邊政支出</科目名稱>
		<本年度預算數>1446</本年度預算數>
		<上年度預算數>1738</上年度預算數>
		<前年度決算數>2987</前年度決算數>
		<本年度與上年度比較>-292</本年度與上年度比較>
	</Row>
	<Row>
		<款>12</款>
		<科目名稱>僑務支出</科目名稱>
		<本年度預算數>101009</本年度預算數>
		<上年度預算數>56860</上年度預算數>
		<前年度決算數>36380</前年度決算數>
		<本年度與上年度比較>44149</本年度與上年度比較>
	</Row>
	<Row>
		<科目名稱>(2. 國防支出)</科目名稱>
		<本年度預算數>26760768</本年度預算數>
		<上年度預算數>14246822</上年度預算數>
		<前年度決算數>12246053</前年度決算數>
		<本年度與上年度比較>12513946</本年度與上年度比較>
	</Row>
	<Row>
		<款>13</款>
		<科目名稱>國防支出</科目名稱>
		<本年度預算數>26760768</本年度預算數>
		<上年度預算數>14246822</上年度預算數>
		<前年度決算數>12246053</前年度決算數>
		<本年度與上年度比較>12513946</本年度與上年度比較>
	</Row>
	<Row>
		<科目名稱>(3. 教育科學文化支出)</科目名稱>
		<本年度預算數>81080476</本年度預算數>
		<上年度預算數>76449040</上年度預算數>
		<前年度決算數>76465586</前年度決算數>
		<本年度與上年度比較>4631436</本年度與上年度比較>
	</Row>
	<Row>
		<款>14</款>
		<科目名稱>教育支出</科目名稱>
		<本年度預算數>32427293</本年度預算數>
		<上年度預算數>30742278</上年度預算數>
		<前年度決算數>30610515</前年度決算數>
		<本年度與上年度比較>1685015</本年度與上年度比較>
	</Row>
	<Row>
		<款>15</款>
		<科目名稱>科學支出</科目名稱>
		<本年度預算數>41900670</本年度預算數>
		<上年度預算數>39349100</上年度預算數>
		<前年度決算數>41343765</前年度決算數>
		<本年度與上年度比較>2551570</本年度與上年度比較>
	</Row>
	<Row>
		<款>16</款>
		<科目名稱>文化支出</科目名稱>
		<本年度預算數>6752513</本年度預算數>
		<上年度預算數>6357662</上年度預算數>
		<前年度決算數>4511306</前年度決算數>
		<本年度與上年度比較>394851</本年度與上年度比較>
	</Row>
	<Row>
		<科目名稱>(4. 經濟發展支出)</科目名稱>
		<本年度預算數>130933161</本年度預算數>
		<上年度預算數>148107309</上年度預算數>
		<前年度決算數>198460061</前年度決算數>
		<本年度與上年度比較>-17174148</本年度與上年度比較>
	</Row>
	<Row>
		<款>17</款>
		<科目名稱>農業支出</科目名稱>
		<本年度預算數>31035681</本年度預算數>
		<上年度預算數>47415897</上年度預算數>
		<前年度決算數>88468338</前年度決算數>
		<本年度與上年度比較>-16380216</本年度與上年度比較>
	</Row>
	<Row>
		<款>18</款>
		<科目名稱>工業支出</科目名稱>
		<本年度預算數>3227045</本年度預算數>
		<上年度預算數>3916239</上年度預算數>
		<前年度決算數>2622218</前年度決算數>
		<本年度與上年度比較>-689194</本年度與上年度比較>
	</Row>
	<Row>
		<款>19</款>
		<科目名稱>交通支出</科目名稱>
		<本年度預算數>67042457</本年度預算數>
		<上年度預算數>67511216</上年度預算數>
		<前年度決算數>78405238</前年度決算數>
		<本年度與上年度比較>-468759</本年度與上年度比較>
	</Row>
	<Row>
		<款>20</款>
		<科目名稱>其他經濟服務支出</科目名稱>
		<本年度預算數>29627978</本年度預算數>
		<上年度預算數>29263957</上年度預算數>
		<前年度決算數>28964267</前年度決算數>
		<本年度與上年度比較>364021</本年度與上年度比較>
	</Row>
	<Row>
		<科目名稱>(5. 社會福利支出)</科目名稱>
		<本年度預算數>3663513</本年度預算數>
		<上年度預算數>4791323</上年度預算數>
		<前年度決算數>5244104</前年度決算數>
		<本年度與上年度比較>-1127810</本年度與上年度比較>
	</Row>
	<Row>
		<款>21</款>
		<科目名稱>社會保險支出</科目名稱>
		<本年度預算數>21730</本年度預算數>
		<上年度預算數>26063</上年度預算數>
		<前年度決算數>3199</前年度決算數>
		<本年度與上年度比較>-4333</本年度與上年度比較>
	</Row>
	<Row>
		<款>22</款>
		<科目名稱>社會救助支出</科目名稱>
		<本年度預算數>5090</本年度預算數>
		<上年度預算數>1850</上年度預算數>
		<前年度決算數>5841</前年度決算數>
		<本年度與上年度比較>3240</本年度與上年度比較>
	</Row>
	<Row>
		<款>23</款>
		<科目名稱>福利服務支出</科目名稱>
		<本年度預算數>2118431</本年度預算數>
		<上年度預算數>2956899</上年度預算數>
		<前年度決算數>2906750</前年度決算數>
		<本年度與上年度比較>-838468</本年度與上年度比較>
	</Row>
	<Row>
		<款>24</款>
		<科目名稱>國民就業支出</科目名稱>
		<本年度預算數>16319</本年度預算數>
		<上年度預算數>17403</上年度預算數>
		<前年度決算數>17447</前年度決算數>
		<本年度與上年度比較>-1084</本年度與上年度比較>
	</Row>
	<Row>
		<款>25</款>
		<科目名稱>醫療保健支出</科目名稱>
		<本年度預算數>1501943</本年度預算數>
		<上年度預算數>1789108</上年度預算數>
		<前年度決算數>2310868</前年度決算數>
		<本年度與上年度比較>-287165</本年度與上年度比較>
	</Row>
	<Row>
		<科目名稱>(6. 社區發展及環境保護支出)</科目名稱>
		<本年度預算數>14725005</本年度預算數>
		<上年度預算數>15016202</上年度預算數>
		<前年度決算數>20736852</前年度決算數>
		<本年度與上年度比較>-291197</本年度與上年度比較>
	</Row>
	<Row>
		<款>26</款>
		<科目名稱>環境保護支出</科目名稱>
		<本年度預算數>7473382</本年度預算數>
		<上年度預算數>7764579</上年度預算數>
		<前年度決算數>12659610</前年度決算數>
		<本年度與上年度比較>-291197</本年度與上年度比較>
	</Row>
	<Row>
		<款>27</款>
		<科目名稱>社區發展支出</科目名稱>
		<本年度預算數>7251623</本年度預算數>
		<上年度預算數>7251623</上年度預算數>
		<前年度決算數>8077242</前年度決算數>
		<本年度與上年度比較>-</本年度與上年度比較>
	</Row>
	<Row>
		<科目名稱>(7. 退休撫卹支出)</科目名稱>
		<本年度預算數>6213</本年度預算數>
		<上年度預算數>6443</上年度預算數>
		<前年度決算數>8041</前年度決算數>
		<本年度與上年度比較>-230</本年度與上年度比較>
	</Row>
	<Row>
		<款>28</款>
		<科目名稱>退休撫卹給付支出</科目名稱>
		<本年度預算數>-</本年度預算數>
		<上年度預算數>-</上年度預算數>
		<前年度決算數>-</前年度決算數>
		<本年度與上年度比較>-</本年度與上年度比較>
	</Row>
	<Row>
		<款>29</款>
		<科目名稱>退休撫卹業務支出</科目名稱>
		<本年度預算數>6213</本年度預算數>
		<上年度預算數>6443</上年度預算數>
		<前年度決算數>8041</前年度決算數>
		<本年度與上年度比較>-230</本年度與上年度比較>
	</Row>
	<Row>
		<科目名稱>(8. 債務支出)</科目名稱>
		<本年度預算數>-</本年度預算數>
		<上年度預算數>-</上年度預算數>
		<前年度決算數>-</前年度決算數>
		<本年度與上年度比較>-</本年度與上年度比較>
	</Row>
	<Row>
		<款>30</款>
		<科目名稱>債務付息支出</科目名稱>
		<本年度預算數>-</本年度預算數>
		<上年度預算數>-</上年度預算數>
		<前年度決算數>-</前年度決算數>
		<本年度與上年度比較>-</本年度與上年度比較>
	</Row>
	<Row>
		<款>31</款>
		<科目名稱>還本付息事務支出</科目名稱>
		<本年度預算數>-</本年度預算數>
		<上年度預算數>-</上年度預算數>
		<前年度決算數>-</前年度決算數>
		<本年度與上年度比較>-</本年度與上年度比較>
	</Row>
	<Row>
		<科目名稱>(9. 一般補助及其他支出)</科目名稱>
		<本年度預算數>6628600</本年度預算數>
		<上年度預算數>6470000</上年度預算數>
		<前年度決算數>4730143</前年度決算數>
		<本年度與上年度比較>158600</本年度與上年度比較>
	</Row>
	<Row>
		<款>32</款>
		<科目名稱>專案補助支出</科目名稱>
		<本年度預算數>2628600</本年度預算數>
		<上年度預算數>2470000</上年度預算數>
		<前年度決算數>2901293</前年度決算數>
		<本年度與上年度比較>158600</本年度與上年度比較>
	</Row>
	<Row>
		<款>33</款>
		<科目名稱>其他支出</科目名稱>
		<本年度預算數>1500000</本年度預算數>
		<上年度預算數>1500000</上年度預算數>
		<前年度決算數>1828850</前年度決算數>
		<本年度與上年度比較>-</本年度與上年度比較>
	</Row>
	<Row>
		<款>34</款>
		<科目名稱>第二預備金</科目名稱>
		<本年度預算數>2500000</本年度預算數>
		<上年度預算數>2500000</上年度預算數>
		<前年度決算數>-</前年度決算數>
		<本年度與上年度比較>-</本年度與上年度比較>
	</Row>
</Root>