<?xml version="1.0" encoding="UTF-8" standalone="yes"?>
<Root xmlns:xsi="http://www.w3.org/2001/XMLSchema-instance">
	<Row>
		<科目名稱>合          計</科目名稱>
		<經常門>1348850227</經常門>
		<資本門>279500980</資本門>
		<合計>1628351207</合計>
		<百分比>100</百分比>
	</Row>
	<Row>
		<款>1</款>
		<科目名稱>國民大會主管</科目名稱>
		<經常門>0</經常門>
		<資本門>0</資本門>
		<合計>0</合計>
		<百分比>0</百分比>
	</Row>
	<Row>
		<款>2</款>
		<科目名稱>總統府主管</科目名稱>
		<經常門>8804804</經常門>
		<資本門>2976089</資本門>
		<合計>11780893</合計>
		<百分比>0.723486</百分比>
	</Row>
	<Row>
		<款>3</款>
		<科目名稱>行政院主管</科目名稱>
		<經常門>26948369</經常門>
		<資本門>14396096</資本門>
		<合計>41344465</合計>
		<百分比>2.539039</百分比>
	</Row>
	<Row>
		<款>4</款>
		<科目名稱>立法院主管</科目名稱>
		<經常門>4109606</經常門>
		<資本門>193497</資本門>
		<合計>4303103</合計>
		<百分比>0.264261</百分比>
	</Row>
	<Row>
		<款>5</款>
		<科目名稱>司法院主管</科目名稱>
		<經常門>15408363</經常門>
		<資本門>1752503</資本門>
		<合計>17160866</合計>
		<百分比>1.05388</百分比>
	</Row>
	<Row>
		<款>6</款>
		<科目名稱>考試院主管</科目名稱>
		<經常門>18850151</經常門>
		<資本門>287240</資本門>
		<合計>19137391</合計>
		<百分比>1.175262</百分比>
	</Row>
	<Row>
		<款>7</款>
		<科目名稱>監察院主管</科目名稱>
		<經常門>1939933</經常門>
		<資本門>443014</資本門>
		<合計>2382947</合計>
		<百分比>0.146341</百分比>
	</Row>
	<Row>
		<款>8</款>
		<科目名稱>內政部主管</科目名稱>
		<經常門>106882180</經常門>
		<資本門>26445987</資本門>
		<合計>133328167</合計>
		<百分比>8.187924</百分比>
	</Row>
	<Row>
		<款>9</款>
		<科目名稱>外交部主管</科目名稱>
		<經常門>28290180</經常門>
		<資本門>369848</資本門>
		<合計>28660028</合計>
		<百分比>1.760064</百分比>
	</Row>
	<Row>
		<款>10</款>
		<科目名稱>國防部主管</科目名稱>
		<經常門>278147591</經常門>
		<資本門>26765063</資本門>
		<合計>304912654</合計>
		<百分比>18.725239</百分比>
	</Row>
	<Row>
		<款>11</款>
		<科目名稱>財政部主管</科目名稱>
		<經常門>198292480</經常門>
		<資本門>3723047</資本門>
		<合計>202015527</合計>
		<百分比>12.40614</百分比>
	</Row>
	<Row>
		<款>12</款>
		<科目名稱>教育部主管</科目名稱>
		<經常門>124885389</經常門>
		<資本門>22879910</資本門>
		<合計>147765299</合計>
		<百分比>9.074535</百分比>
	</Row>
	<Row>
		<款>13</款>
		<科目名稱>法務部主管</科目名稱>
		<經常門>24406383</經常門>
		<資本門>1500999</資本門>
		<合計>25907382</合計>
		<百分比>1.591019</百分比>
	</Row>
	<Row>
		<款>14</款>
		<科目名稱>經濟部主管</科目名稱>
		<經常門>36719314</經常門>
		<資本門>23166382</資本門>
		<合計>59885696</合計>
		<百分比>3.677689</百分比>
	</Row>
	<Row>
		<款>15</款>
		<科目名稱>交通部主管</科目名稱>
		<經常門>14402429</經常門>
		<資本門>51276444</資本門>
		<合計>65678873</合計>
		<百分比>4.033459</百分比>
	</Row>
	<Row>
		<款>16</款>
		<科目名稱>蒙藏委員會主管</科目名稱>
		<經常門>146932</經常門>
		<資本門>3406</資本門>
		<合計>150338</合計>
		<百分比>0.009233</百分比>
	</Row>
	<Row>
		<款>17</款>
		<科目名稱>僑務委員會主管</科目名稱>
		<經常門>1338791</經常門>
		<資本門>110973</資本門>
		<合計>1449764</合計>
		<百分比>0.089033</百分比>
	</Row>
	<Row>
		<款>18</款>
		<科目名稱>國軍退除役官兵輔導委員會主管</科目名稱>
		<經常門>135252257</經常門>
		<資本門>1087579</資本門>
		<合計>136339836</合計>
		<百分比>8.372877</百分比>
	</Row>
	<Row>
		<款>19</款>
		<科目名稱>國家科學委員會主管</科目名稱>
		<經常門>6530974</經常門>
		<資本門>35644910</資本門>
		<合計>42175884</合計>
		<百分比>2.590098</百分比>
	</Row>
	<Row>
		<款>20</款>
		<科目名稱>原子能委員會主管</科目名稱>
		<經常門>2429978</經常門>
		<資本門>615404</資本門>
		<合計>3045382</合計>
		<百分比>0.187022</百分比>
	</Row>
	<Row>
		<款>21</款>
		<科目名稱>農業委員會主管</科目名稱>
		<經常門>76184318</經常門>
		<資本門>16750092</資本門>
		<合計>92934410</合計>
		<百分比>5.707271</百分比>
	</Row>
	<Row>
		<款>22</款>
		<科目名稱>勞工委員會主管</科目名稱>
		<經常門>64044415</經常門>
		<資本門>64601</資本門>
		<合計>64109016</合計>
		<百分比>3.937051</百分比>
	</Row>
	<Row>
		<款>23</款>
		<科目名稱>衛生署主管</科目名稱>
		<經常門>49138235</經常門>
		<資本門>2517095</資本門>
		<合計>51655330</合計>
		<百分比>3.172247</百分比>
	</Row>
	<Row>
		<款>24</款>
		<科目名稱>環境保護署主管</科目名稱>
		<經常門>4319895</經常門>
		<資本門>3480890</資本門>
		<合計>7800785</合計>
		<百分比>0.47906</百分比>
	</Row>
	<Row>
		<款>25</款>
		<科目名稱>海岸巡防署主管</科目名稱>
		<經常門>10781356</經常門>
		<資本門>1733068</資本門>
		<合計>12514424</合計>
		<百分比>0.768533</百分比>
	</Row>
	<Row>
		<款>26</款>
		<科目名稱>省市地方政府</科目名稱>
		<經常門>104595904</經常門>
		<資本門>37316843</資本門>
		<合計>141912747</合計>
		<百分比>8.715119</百分比>
	</Row>
	<Row>
		<款>27</款>
		<科目名稱>調整軍公教人員待遇準備</科目名稱>
		<經常門>0</經常門>
		<資本門>0</資本門>
		<合計>0</合計>
		<百分比>0</百分比>
	</Row>
	<Row>
		<款>28</款>
		<科目名稱>災害準備金</科目名稱>
		<經常門>500000</經常門>
		<資本門>1500000</資本門>
		<合計>2000000</合計>
		<百分比>0.122824</百分比>
	</Row>
	<Row>
		<款>29</款>
		<科目名稱>第二預備金</科目名稱>
		<經常門>5500000</經常門>
		<資本門>2500000</資本門>
		<合計>8000000</合計>
		<百分比>0.491295</百分比>
	</Row>
</Root>