<?xml version="1.0" encoding="UTF-8" standalone="yes"?>
<Root xmlns:xsi="http://www.w3.org/2001/XMLSchema-instance">
	<Row>
		<科目名稱>合          計</科目名稱>
		<本年度預算數>1348850227</本年度預算數>
		<上年度預算數>1289642803</上年度預算數>
		<前年度決算數>1232275458</前年度決算數>
		<本年度與上年度比較>59207424</本年度與上年度比較>
	</Row>
	<Row>
		<科目名稱>(1. 一般政務支出)</科目名稱>
		<本年度預算數>158672875</本年度預算數>
		<上年度預算數>154449062</上年度預算數>
		<前年度決算數>148703017</前年度決算數>
		<本年度與上年度比較>4223813</本年度與上年度比較>
	</Row>
	<Row>
		<款>1</款>
		<科目名稱>政權行使支出</科目名稱>
		<本年度預算數>-</本年度預算數>
		<上年度預算數>-</上年度預算數>
		<前年度決算數>71347</前年度決算數>
		<本年度與上年度比較>-</本年度與上年度比較>
	</Row>
	<Row>
		<款>2</款>
		<科目名稱>國務支出</科目名稱>
		<本年度預算數>1122932</本年度預算數>
		<上年度預算數>1253948</上年度預算數>
		<前年度決算數>1230941</前年度決算數>
		<本年度與上年度比較>-131016</本年度與上年度比較>
	</Row>
	<Row>
		<款>3</款>
		<科目名稱>行政支出</科目名稱>
		<本年度預算數>5871370</本年度預算數>
		<上年度預算數>5997092</上年度預算數>
		<前年度決算數>5729766</前年度決算數>
		<本年度與上年度比較>-125722</本年度與上年度比較>
	</Row>
	<Row>
		<款>4</款>
		<科目名稱>立法支出</科目名稱>
		<本年度預算數>4109606</本年度預算數>
		<上年度預算數>3968616</上年度預算數>
		<前年度決算數>3856978</前年度決算數>
		<本年度與上年度比較>140990</本年度與上年度比較>
	</Row>
	<Row>
		<款>5</款>
		<科目名稱>司法支出</科目名稱>
		<本年度預算數>39129590</本年度預算數>
		<上年度預算數>37686080</上年度預算數>
		<前年度決算數>35682246</前年度決算數>
		<本年度與上年度比較>1443510</本年度與上年度比較>
	</Row>
	<Row>
		<款>6</款>
		<科目名稱>考試支出</科目名稱>
		<本年度預算數>1934428</本年度預算數>
		<上年度預算數>1868191</上年度預算數>
		<前年度決算數>1885968</前年度決算數>
		<本年度與上年度比較>66237</本年度與上年度比較>
	</Row>
	<Row>
		<款>7</款>
		<科目名稱>監察支出</科目名稱>
		<本年度預算數>1939933</本年度預算數>
		<上年度預算數>1942796</上年度預算數>
		<前年度決算數>1803929</前年度決算數>
		<本年度與上年度比較>-2863</本年度與上年度比較>
	</Row>
	<Row>
		<款>8</款>
		<科目名稱>民政支出</科目名稱>
		<本年度預算數>47587841</本年度預算數>
		<上年度預算數>44540047</上年度預算數>
		<前年度決算數>43845871</前年度決算數>
		<本年度與上年度比較>3047794</本年度與上年度比較>
	</Row>
	<Row>
		<款>9</款>
		<科目名稱>外交支出</科目名稱>
		<本年度預算數>28544588</本年度預算數>
		<上年度預算數>27969226</上年度預算數>
		<前年度決算數>26900682</前年度決算數>
		<本年度與上年度比較>575362</本年度與上年度比較>
	</Row>
	<Row>
		<款>10</款>
		<科目名稱>財務支出</科目名稱>
		<本年度預算數>27182376</本年度預算數>
		<上年度預算數>27924662</上年度預算數>
		<前年度決算數>26470971</前年度決算數>
		<本年度與上年度比較>-742286</本年度與上年度比較>
	</Row>
	<Row>
		<款>11</款>
		<科目名稱>邊政支出</科目名稱>
		<本年度預算數>132746</本年度預算數>
		<上年度預算數>136620</上年度預算數>
		<前年度決算數>137193</前年度決算數>
		<本年度與上年度比較>-3874</本年度與上年度比較>
	</Row>
	<Row>
		<款>12</款>
		<科目名稱>僑務支出</科目名稱>
		<本年度預算數>1117465</本年度預算數>
		<上年度預算數>1161784</上年度預算數>
		<前年度決算數>1087126</前年度決算數>
		<本年度與上年度比較>-44319</本年度與上年度比較>
	</Row>
	<Row>
		<科目名稱>(2. 國防支出)</科目名稱>
		<本年度預算數>266242062</本年度預算數>
		<上年度預算數>226333592</上年度預算數>
		<前年度決算數>236301068</前年度決算數>
		<本年度與上年度比較>39908470</本年度與上年度比較>
	</Row>
	<Row>
		<款>13</款>
		<科目名稱>國防支出</科目名稱>
		<本年度預算數>266242062</本年度預算數>
		<上年度預算數>226333592</上年度預算數>
		<前年度決算數>236301068</前年度決算數>
		<本年度與上年度比較>39908470</本年度與上年度比較>
	</Row>
	<Row>
		<科目名稱>(3. 教育科學文化支出)</科目名稱>
		<本年度預算數>235185688</本年度預算數>
		<上年度預算數>237832266</上年度預算數>
		<前年度決算數>224906762</前年度決算數>
		<本年度與上年度比較>-2646578</本年度與上年度比較>
	</Row>
	<Row>
		<款>14</款>
		<科目名稱>教育支出</科目名稱>
		<本年度預算數>162762622</本年度預算數>
		<上年度預算數>165145302</上年度預算數>
		<前年度決算數>157961215</前年度決算數>
		<本年度與上年度比較>-2382680</本年度與上年度比較>
	</Row>
	<Row>
		<款>15</款>
		<科目名稱>科學支出</科目名稱>
		<本年度預算數>58848218</本年度預算數>
		<上年度預算數>58649319</上年度預算數>
		<前年度決算數>53161928</前年度決算數>
		<本年度與上年度比較>198899</本年度與上年度比較>
	</Row>
	<Row>
		<款>16</款>
		<科目名稱>文化支出</科目名稱>
		<本年度預算數>13574848</本年度預算數>
		<上年度預算數>14037645</上年度預算數>
		<前年度決算數>13783618</前年度決算數>
		<本年度與上年度比較>-462797</本年度與上年度比較>
	</Row>
	<Row>
		<科目名稱>(4. 經濟發展支出)</科目名稱>
		<本年度預算數>65602434</本年度預算數>
		<上年度預算數>51009685</上年度預算數>
		<前年度決算數>48636255</前年度決算數>
		<本年度與上年度比較>14592749</本年度與上年度比較>
	</Row>
	<Row>
		<款>17</款>
		<科目名稱>農業支出</科目名稱>
		<本年度預算數>35182225</本年度預算數>
		<上年度預算數>21514270</上年度預算數>
		<前年度決算數>20909642</前年度決算數>
		<本年度與上年度比較>13667955</本年度與上年度比較>
	</Row>
	<Row>
		<款>18</款>
		<科目名稱>工業支出</科目名稱>
		<本年度預算數>7946225</本年度預算數>
		<上年度預算數>8658019</上年度預算數>
		<前年度決算數>7856097</前年度決算數>
		<本年度與上年度比較>-711794</本年度與上年度比較>
	</Row>
	<Row>
		<款>19</款>
		<科目名稱>交通支出</科目名稱>
		<本年度預算數>12308672</本年度預算數>
		<上年度預算數>10320143</上年度預算數>
		<前年度決算數>9640625</前年度決算數>
		<本年度與上年度比較>1988529</本年度與上年度比較>
	</Row>
	<Row>
		<款>20</款>
		<科目名稱>其他經濟服務支出</科目名稱>
		<本年度預算數>10165312</本年度預算數>
		<上年度預算數>10517253</上年度預算數>
		<前年度決算數>10229891</前年度決算數>
		<本年度與上年度比較>-351941</本年度與上年度比較>
	</Row>
	<Row>
		<科目名稱>(5. 社會福利支出)</科目名稱>
		<本年度預算數>304962414</本年度預算數>
		<上年度預算數>299409054</上年度預算數>
		<前年度決算數>280446707</前年度決算數>
		<本年度與上年度比較>5553360</本年度與上年度比較>
	</Row>
	<Row>
		<款>21</款>
		<科目名稱>社會保險支出</科目名稱>
		<本年度預算數>154814342</本年度預算數>
		<上年度預算數>153861605</上年度預算數>
		<前年度決算數>152050849</前年度決算數>
		<本年度與上年度比較>952737</本年度與上年度比較>
	</Row>
	<Row>
		<款>22</款>
		<科目名稱>社會救助支出</科目名稱>
		<本年度預算數>7958247</本年度預算數>
		<上年度預算數>7624699</上年度預算數>
		<前年度決算數>7507778</前年度決算數>
		<本年度與上年度比較>333548</本年度與上年度比較>
	</Row>
	<Row>
		<款>23</款>
		<科目名稱>福利服務支出</科目名稱>
		<本年度預算數>121368351</本年度預算數>
		<上年度預算數>120281322</上年度預算數>
		<前年度決算數>107418305</前年度決算數>
		<本年度與上年度比較>1087029</本年度與上年度比較>
	</Row>
	<Row>
		<款>24</款>
		<科目名稱>國民就業支出</科目名稱>
		<本年度預算數>1903403</本年度預算數>
		<上年度預算數>2016429</上年度預算數>
		<前年度決算數>1890410</前年度決算數>
		<本年度與上年度比較>-113026</本年度與上年度比較>
	</Row>
	<Row>
		<款>25</款>
		<科目名稱>醫療保健支出</科目名稱>
		<本年度預算數>18918071</本年度預算數>
		<上年度預算數>15624999</上年度預算數>
		<前年度決算數>11579364</前年度決算數>
		<本年度與上年度比較>3293072</本年度與上年度比較>
	</Row>
	<Row>
		<科目名稱>(6. 社區發展及環境保護支出)</科目名稱>
		<本年度預算數>4868541</本年度預算數>
		<上年度預算數>5742166</上年度預算數>
		<前年度決算數>4480332</前年度決算數>
		<本年度與上年度比較>-873625</本年度與上年度比較>
	</Row>
	<Row>
		<款>26</款>
		<科目名稱>環境保護支出</科目名稱>
		<本年度預算數>4868541</本年度預算數>
		<上年度預算數>5742166</上年度預算數>
		<前年度決算數>4480332</前年度決算數>
		<本年度與上年度比較>-873625</本年度與上年度比較>
	</Row>
	<Row>
		<款>27</款>
		<科目名稱>社區發展支出</科目名稱>
		<本年度預算數>-</本年度預算數>
		<上年度預算數>-</上年度預算數>
		<前年度決算數>-</前年度決算數>
		<本年度與上年度比較>-</本年度與上年度比較>
	</Row>
	<Row>
		<科目名稱>(7. 退休撫卹支出)</科目名稱>
		<本年度預算數>134719580</本年度預算數>
		<上年度預算數>133797555</上年度預算數>
		<前年度決算數>130502859</前年度決算數>
		<本年度與上年度比較>922025</本年度與上年度比較>
	</Row>
	<Row>
		<款>28</款>
		<科目名稱>退休撫卹給付支出</科目名稱>
		<本年度預算數>134545988</本年度預算數>
		<上年度預算數>133618324</上年度預算數>
		<前年度決算數>130327465</前年度決算數>
		<本年度與上年度比較>927664</本年度與上年度比較>
	</Row>
	<Row>
		<款>29</款>
		<科目名稱>退休撫卹業務支出</科目名稱>
		<本年度預算數>173592</本年度預算數>
		<上年度預算數>179231</上年度預算數>
		<前年度決算數>175394</前年度決算數>
		<本年度與上年度比較>-5639</本年度與上年度比較>
	</Row>
	<Row>
		<科目名稱>(8. 債務支出)</科目名稱>
		<本年度預算數>132253907</本年度預算數>
		<上年度預算數>135458457</上年度預算數>
		<前年度決算數>117869748</前年度決算數>
		<本年度與上年度比較>-3204550</本年度與上年度比較>
	</Row>
	<Row>
		<款>30</款>
		<科目名稱>債務付息支出</科目名稱>
		<本年度預算數>131746461</本年度預算數>
		<上年度預算數>134957018</上年度預算數>
		<前年度決算數>117458558</前年度決算數>
		<本年度與上年度比較>-3210557</本年度與上年度比較>
	</Row>
	<Row>
		<款>31</款>
		<科目名稱>還本付息事務支出</科目名稱>
		<本年度預算數>507446</本年度預算數>
		<上年度預算數>501439</上年度預算數>
		<前年度決算數>411190</前年度決算數>
		<本年度與上年度比較>6007</本年度與上年度比較>
	</Row>
	<Row>
		<科目名稱>(9. 一般補助及其他支出)</科目名稱>
		<本年度預算數>46342726</本年度預算數>
		<上年度預算數>45610966</上年度預算數>
		<前年度決算數>40428710</前年度決算數>
		<本年度與上年度比較>731760</本年度與上年度比較>
	</Row>
	<Row>
		<款>32</款>
		<科目名稱>專案補助支出</科目名稱>
		<本年度預算數>36769973</本年度預算數>
		<上年度預算數>36399467</上年度預算數>
		<前年度決算數>36559910</前年度決算數>
		<本年度與上年度比較>370506</本年度與上年度比較>
	</Row>
	<Row>
		<款>33</款>
		<科目名稱>其他支出</科目名稱>
		<本年度預算數>4072753</本年度預算數>
		<上年度預算數>4211499</上年度預算數>
		<前年度決算數>3868800</前年度決算數>
		<本年度與上年度比較>-138746</本年度與上年度比較>
	</Row>
	<Row>
		<款>34</款>
		<科目名稱>第二預備金</科目名稱>
		<本年度預算數>5500000</本年度預算數>
		<上年度預算數>5000000</上年度預算數>
		<前年度決算數>-</前年度決算數>
		<本年度與上年度比較>500000</本年度與上年度比較>
	</Row>
</Root>