<?xml version="1.0" encoding="UTF-8" standalone="yes"?>
<Root xmlns:xsi="http://www.w3.org/2001/XMLSchema-instance">
	<Row>
		<科目名稱>合      計</科目名稱>
		<本年度預算數>1628351207</本年度預算數>
		<上年度預算數>1571685071</上年度預算數>
		<前年度決算數>1566968199</前年度決算數>
		<本年度與上年度比較>56666136</本年度與上年度比較>
	</Row>
	<Row>
		<科目名稱>國民大會主管</科目名稱>
		<本年度預算數>-</本年度預算數>
		<上年度預算數>-</上年度預算數>
		<前年度決算數>73277</前年度決算數>
		<本年度與上年度比較>-</本年度與上年度比較>
		<款>1</款>
	</Row>
	<Row>
		<科目名稱>總統府主管</科目名稱>
		<本年度預算數>11780893</本年度預算數>
		<上年度預算數>11091028</上年度預算數>
		<前年度決算數>10168597</前年度決算數>
		<本年度與上年度比較>689865</本年度與上年度比較>
		<款>2</款>
	</Row>
	<Row>
		<科目名稱>行政院主管</科目名稱>
		<本年度預算數>41344465</本年度預算數>
		<上年度預算數>40432920</上年度預算數>
		<前年度決算數>39257878</前年度決算數>
		<本年度與上年度比較>911545</本年度與上年度比較>
		<款>3</款>
	</Row>
	<Row>
		<科目名稱>立法院主管</科目名稱>
		<本年度預算數>4303103</本年度預算數>
		<上年度預算數>4346426</上年度預算數>
		<前年度決算數>4227735</前年度決算數>
		<本年度與上年度比較>-43323</本年度與上年度比較>
		<款>4</款>
	</Row>
	<Row>
		<科目名稱>司法院主管</科目名稱>
		<本年度預算數>17160866</本年度預算數>
		<上年度預算數>16871598</上年度預算數>
		<前年度決算數>15162870</前年度決算數>
		<本年度與上年度比較>289268</本年度與上年度比較>
		<款>5</款>
	</Row>
	<Row>
		<科目名稱>考試院主管</科目名稱>
		<本年度預算數>19137391</本年度預算數>
		<上年度預算數>17291875</上年度預算數>
		<前年度決算數>16780155</前年度決算數>
		<本年度與上年度比較>1845516</本年度與上年度比較>
		<款>6</款>
	</Row>
	<Row>
		<科目名稱>監察院主管</科目名稱>
		<本年度預算數>2382947</本年度預算數>
		<上年度預算數>2257534</上年度預算數>
		<前年度決算數>1899609</前年度決算數>
		<本年度與上年度比較>125413</本年度與上年度比較>
		<款>7</款>
	</Row>
	<Row>
		<科目名稱>內政部主管</科目名稱>
		<本年度預算數>133328167</本年度預算數>
		<上年度預算數>130169191</上年度預算數>
		<前年度決算數>127926797</前年度決算數>
		<本年度與上年度比較>3158976</本年度與上年度比較>
		<款>8</款>
	</Row>
	<Row>
		<科目名稱>外交部主管</科目名稱>
		<本年度預算數>28660028</本年度預算數>
		<上年度預算數>28044626</上年度預算數>
		<前年度決算數>27614791</前年度決算數>
		<本年度與上年度比較>615402</本年度與上年度比較>
		<款>9</款>
	</Row>
	<Row>
		<科目名稱>國防部主管</科目名稱>
		<本年度預算數>304912654</本年度預算數>
		<上年度預算數>252489237</上年度預算數>
		<前年度決算數>257753429</前年度決算數>
		<本年度與上年度比較>52423417</本年度與上年度比較>
		<款>10</款>
	</Row>
	<Row>
		<科目名稱>財政部主管</科目名稱>
		<本年度預算數>202015527</本年度預算數>
		<上年度預算數>202723744</上年度預算數>
		<前年度決算數>184587885</前年度決算數>
		<本年度與上年度比較>-708217</本年度與上年度比較>
		<款>11</款>
	</Row>
	<Row>
		<科目名稱>教育部主管</科目名稱>
		<本年度預算數>147765299</本年度預算數>
		<上年度預算數>145356506</上年度預算數>
		<前年度決算數>141125189</前年度決算數>
		<本年度與上年度比較>2408793</本年度與上年度比較>
		<款>12</款>
	</Row>
	<Row>
		<科目名稱>法務部主管</科目名稱>
		<本年度預算數>25907382</本年度預算數>
		<上年度預算數>25002272</上年度預算數>
		<前年度決算數>23062333</前年度決算數>
		<本年度與上年度比較>905110</本年度與上年度比較>
		<款>13</款>
	</Row>
	<Row>
		<科目名稱>經濟部主管</科目名稱>
		<本年度預算數>59885696</本年度預算數>
		<上年度預算數>62635695</上年度預算數>
		<前年度決算數>61014046</前年度決算數>
		<本年度與上年度比較>-2749999</本年度與上年度比較>
		<款>14</款>
	</Row>
	<Row>
		<科目名稱>交通部主管</科目名稱>
		<本年度預算數>65678873</本年度預算數>
		<上年度預算數>66049114</上年度預算數>
		<前年度決算數>74488461</前年度決算數>
		<本年度與上年度比較>-370241</本年度與上年度比較>
		<款>15</款>
	</Row>
	<Row>
		<科目名稱>蒙藏委員會主管</科目名稱>
		<本年度預算數>150338</本年度預算數>
		<上年度預算數>153761</上年度預算數>
		<前年度決算數>153875</前年度決算數>
		<本年度與上年度比較>-3423</本年度與上年度比較>
		<款>16</款>
	</Row>
	<Row>
		<科目名稱>僑務委員會主管</科目名稱>
		<本年度預算數>1449764</本年度預算數>
		<上年度預算數>1460279</上年度預算數>
		<前年度決算數>1366917</前年度決算數>
		<本年度與上年度比較>-10515</本年度與上年度比較>
		<款>17</款>
	</Row>
	<Row>
		<科目名稱>國軍退除役官兵輔導委員會主管</科目名稱>
		<本年度預算數>136339836</本年度預算數>
		<上年度預算數>141423211</上年度預算數>
		<前年度決算數>142360520</前年度決算數>
		<本年度與上年度比較>-5083375</本年度與上年度比較>
		<款>18</款>
	</Row>
	<Row>
		<科目名稱>國家科學委員會主管</科目名稱>
		<本年度預算數>42175884</本年度預算數>
		<上年度預算數>40479638</上年度預算數>
		<前年度決算數>42078788</前年度決算數>
		<本年度與上年度比較>1696246</本年度與上年度比較>
		<款>19</款>
	</Row>
	<Row>
		<科目名稱>原子能委員會主管</科目名稱>
		<本年度預算數>3045382</本年度預算數>
		<上年度預算數>2909103</上年度預算數>
		<前年度決算數>2818513</前年度決算數>
		<本年度與上年度比較>136279</本年度與上年度比較>
		<款>20</款>
	</Row>
	<Row>
		<科目名稱>農業委員會主管</科目名稱>
		<本年度預算數>92934410</本年度預算數>
		<上年度預算數>94737663</上年度預算數>
		<前年度決算數>122279499</前年度決算數>
		<本年度與上年度比較>-1803253</本年度與上年度比較>
		<款>21</款>
	</Row>
	<Row>
		<科目名稱>勞工委員會主管</科目名稱>
		<本年度預算數>64109016</本年度預算數>
		<上年度預算數>64992510</上年度預算數>
		<前年度決算數>61789202</前年度決算數>
		<本年度與上年度比較>-883494</本年度與上年度比較>
		<款>22</款>
	</Row>
	<Row>
		<科目名稱>衛生署主管</科目名稱>
		<本年度預算數>51655330</本年度預算數>
		<上年度預算數>46921364</上年度預算數>
		<前年度決算數>40932013</前年度決算數>
		<本年度與上年度比較>4733966</本年度與上年度比較>
		<款>23</款>
	</Row>
	<Row>
		<科目名稱>環境保護署主管</科目名稱>
		<本年度預算數>7800785</本年度預算數>
		<上年度預算數>9133640</上年度預算數>
		<前年度決算數>9409932</前年度決算數>
		<本年度與上年度比較>-1332855</本年度與上年度比較>
		<款>24</款>
	</Row>
	<Row>
		<科目名稱>海岸巡防署主管</科目名稱>
		<本年度預算數>12514424</本年度預算數>
		<上年度預算數>12550150</上年度預算數>
		<前年度決算數>12295109</前年度決算數>
		<本年度與上年度比較>-35726</本年度與上年度比較>
		<款>25</款>
	</Row>
	<Row>
		<科目名稱>省市地方政府</科目名稱>
		<本年度預算數>141912747</本年度預算數>
		<上年度預算數>142661986</上年度預算數>
		<前年度決算數>135072983</前年度決算數>
		<本年度與上年度比較>-749239</本年度與上年度比較>
		<款>26</款>
	</Row>
	<Row>
		<科目名稱>調整軍公教人員待遇準備</科目名稱>
		<本年度預算數>-</本年度預算數>
		<上年度預算數>-</上年度預算數>
		<前年度決算數>9438945</前年度決算數>
		<本年度與上年度比較>-</本年度與上年度比較>
		<款>27</款>
	</Row>
	<Row>
		<科目名稱>災害準備金</科目名稱>
		<本年度預算數>2000000</本年度預算數>
		<上年度預算數>2000000</上年度預算數>
		<前年度決算數>1828850</前年度決算數>
		<本年度與上年度比較>-</本年度與上年度比較>
		<款>28</款>
	</Row>
	<Row>
		<科目名稱>第二預備金</科目名稱>
		<本年度預算數>8000000</本年度預算數>
		<上年度預算數>7500000</上年度預算數>
		<前年度決算數>-</前年度決算數>
		<本年度與上年度比較>500000</本年度與上年度比較>
		<款>29</款>
	</Row>
</Root>