<?xml version="1.0" encoding="UTF-8" standalone="yes"?>
<Root xmlns:xsi="http://www.w3.org/2001/XMLSchema-instance">
	<Row>
		<科目名稱>合          計</科目名稱>
		<經常門>1348850227</經常門>
		<資本門>279500980</資本門>
		<合計>1628351207</合計>
		<百分比>100</百分比>
	</Row>
	<Row>
		<科目名稱>(1. 一般政務支出)</科目名稱>
		<經常門>158672875</經常門>
		<資本門>15703244</資本門>
		<合計>174376119</合計>
		<百分比>10.708754</百分比>
	</Row>
	<Row>
		<款>1</款>
		<科目名稱>政權行使支出</科目名稱>
		<經常門>0</經常門>
		<資本門>0</資本門>
		<合計>0</合計>
		<百分比>0</百分比>
	</Row>
	<Row>
		<款>2</款>
		<科目名稱>國務支出</科目名稱>
		<經常門>1122932</經常門>
		<資本門>224440</資本門>
		<合計>1347372</合計>
		<百分比>0.082745</百分比>
	</Row>
	<Row>
		<款>3</款>
		<科目名稱>行政支出</科目名稱>
		<經常門>5871370</經常門>
		<資本門>806978</資本門>
		<合計>6678348</合計>
		<百分比>0.410129</百分比>
	</Row>
	<Row>
		<款>4</款>
		<科目名稱>立法支出</科目名稱>
		<經常門>4109606</經常門>
		<資本門>193497</資本門>
		<合計>4303103</合計>
		<百分比>0.264261</百分比>
	</Row>
	<Row>
		<款>5</款>
		<科目名稱>司法支出</科目名稱>
		<經常門>39129590</經常門>
		<資本門>2709132</資本門>
		<合計>41838722</合計>
		<百分比>2.569392</百分比>
	</Row>
	<Row>
		<款>6</款>
		<科目名稱>考試支出</科目名稱>
		<經常門>1934428</經常門>
		<資本門>281597</資本門>
		<合計>2216025</合計>
		<百分比>0.13609</百分比>
	</Row>
	<Row>
		<款>7</款>
		<科目名稱>監察支出</科目名稱>
		<經常門>1939933</經常門>
		<資本門>443014</資本門>
		<合計>2382947</合計>
		<百分比>0.146341</百分比>
	</Row>
	<Row>
		<款>8</款>
		<科目名稱>民政支出</科目名稱>
		<經常門>47587841</經常門>
		<資本門>8964780</資本門>
		<合計>56552621</合計>
		<百分比>3.472999</百分比>
	</Row>
	<Row>
		<款>9</款>
		<科目名稱>外交支出</科目名稱>
		<經常門>28544588</經常門>
		<資本門>376193</資本門>
		<合計>28920781</合計>
		<百分比>1.776078</百分比>
	</Row>
	<Row>
		<款>10</款>
		<科目名稱>財務支出</科目名稱>
		<經常門>27182376</經常門>
		<資本門>1601158</資本門>
		<合計>28783534</合計>
		<百分比>1.767649</百分比>
	</Row>
	<Row>
		<款>11</款>
		<科目名稱>邊政支出</科目名稱>
		<經常門>132746</經常門>
		<資本門>1446</資本門>
		<合計>134192</合計>
		<百分比>0.008241</百分比>
	</Row>
	<Row>
		<款>12</款>
		<科目名稱>僑務支出</科目名稱>
		<經常門>1117465</經常門>
		<資本門>101009</資本門>
		<合計>1218474</合計>
		<百分比>0.074829</百分比>
	</Row>
	<Row>
		<科目名稱>(2. 國防支出)</科目名稱>
		<經常門>266242062</經常門>
		<資本門>26760768</資本門>
		<合計>293002830</合計>
		<百分比>17.993835</百分比>
	</Row>
	<Row>
		<款>13</款>
		<科目名稱>國防支出</科目名稱>
		<經常門>266242062</經常門>
		<資本門>26760768</資本門>
		<合計>293002830</合計>
		<百分比>17.993835</百分比>
	</Row>
	<Row>
		<科目名稱>(3. 教育科學文化支出)</科目名稱>
		<經常門>235185688</經常門>
		<資本門>81080476</資本門>
		<合計>316266164</合計>
		<百分比>19.422479</百分比>
	</Row>
	<Row>
		<款>14</款>
		<科目名稱>教育支出</科目名稱>
		<經常門>162762622</經常門>
		<資本門>32427293</資本門>
		<合計>195189915</合計>
		<百分比>11.986967</百分比>
	</Row>
	<Row>
		<款>15</款>
		<科目名稱>科學支出</科目名稱>
		<經常門>58848218</經常門>
		<資本門>41900670</資本門>
		<合計>100748888</合計>
		<百分比>6.187172</百分比>
	</Row>
	<Row>
		<款>16</款>
		<科目名稱>文化支出</科目名稱>
		<經常門>13574848</經常門>
		<資本門>6752513</資本門>
		<合計>20327361</合計>
		<百分比>1.24834</百分比>
	</Row>
	<Row>
		<科目名稱>(4. 經濟發展支出)</科目名稱>
		<經常門>65602434</經常門>
		<資本門>130933161</資本門>
		<合計>196535595</合計>
		<百分比>12.069607</百分比>
	</Row>
	<Row>
		<款>17</款>
		<科目名稱>農業支出</科目名稱>
		<經常門>35182225</經常門>
		<資本門>31035681</資本門>
		<合計>66217906</合計>
		<百分比>4.066562</百分比>
	</Row>
	<Row>
		<款>18</款>
		<科目名稱>工業支出</科目名稱>
		<經常門>7946225</經常門>
		<資本門>3227045</資本門>
		<合計>11173270</合計>
		<百分比>0.686171</百分比>
	</Row>
	<Row>
		<款>19</款>
		<科目名稱>交通支出</科目名稱>
		<經常門>12308672</經常門>
		<資本門>67042457</資本門>
		<合計>79351129</合計>
		<百分比>4.873097</百分比>
	</Row>
	<Row>
		<款>20</款>
		<科目名稱>其他經濟服務支出</科目名稱>
		<經常門>10165312</經常門>
		<資本門>29627978</資本門>
		<合計>39793290</合計>
		<百分比>2.443778</百分比>
	</Row>
	<Row>
		<科目名稱>(5. 社會福利支出)</科目名稱>
		<經常門>304962414</經常門>
		<資本門>3663513</資本門>
		<合計>308625927</合計>
		<百分比>18.953278</百分比>
	</Row>
	<Row>
		<款>21</款>
		<科目名稱>社會保險支出</科目名稱>
		<經常門>154814342</經常門>
		<資本門>21730</資本門>
		<合計>154836072</合計>
		<百分比>9.508764</百分比>
	</Row>
	<Row>
		<款>22</款>
		<科目名稱>社會救助支出</科目名稱>
		<經常門>7958247</經常門>
		<資本門>5090</資本門>
		<合計>7963337</合計>
		<百分比>0.489043</百分比>
	</Row>
	<Row>
		<款>23</款>
		<科目名稱>福利服務支出</科目名稱>
		<經常門>121368351</經常門>
		<資本門>2118431</資本門>
		<合計>123486782</合計>
		<百分比>7.583547</百分比>
	</Row>
	<Row>
		<款>24</款>
		<科目名稱>國民就業支出</科目名稱>
		<經常門>1903403</經常門>
		<資本門>16319</資本門>
		<合計>1919722</合計>
		<百分比>0.117894</百分比>
	</Row>
	<Row>
		<款>25</款>
		<科目名稱>醫療保健支出</科目名稱>
		<經常門>18918071</經常門>
		<資本門>1501943</資本門>
		<合計>20420014</合計>
		<百分比>1.25403</百分比>
	</Row>
	<Row>
		<科目名稱>(6. 社區發展及環境保護支出)</科目名稱>
		<經常門>4868541</經常門>
		<資本門>14725005</資本門>
		<合計>19593546</合計>
		<百分比>1.203275</百分比>
	</Row>
	<Row>
		<款>26</款>
		<科目名稱>環境保護支出</科目名稱>
		<經常門>4868541</經常門>
		<資本門>7473382</資本門>
		<合計>12341923</合計>
		<百分比>0.75794</百分比>
	</Row>
	<Row>
		<款>27</款>
		<科目名稱>社區發展支出</科目名稱>
		<經常門>0</經常門>
		<資本門>7251623</資本門>
		<合計>7251623</合計>
		<百分比>0.445335</百分比>
	</Row>
	<Row>
		<科目名稱>(7. 退休撫卹支出)</科目名稱>
		<經常門>134719580</經常門>
		<資本門>6213</資本門>
		<合計>134725793</合計>
		<百分比>8.273755</百分比>
	</Row>
	<Row>
		<款>28</款>
		<科目名稱>退休撫卹給付支出</科目名稱>
		<經常門>134545988</經常門>
		<資本門>0</資本門>
		<合計>134545988</合計>
		<百分比>8.262713</百分比>
	</Row>
	<Row>
		<款>29</款>
		<科目名稱>退休撫卹業務支出</科目名稱>
		<經常門>173592</經常門>
		<資本門>6213</資本門>
		<合計>179805</合計>
		<百分比>0.011042</百分比>
	</Row>
	<Row>
		<科目名稱>(8. 債務支出)</科目名稱>
		<經常門>132253907</經常門>
		<資本門>0</資本門>
		<合計>132253907</合計>
		<百分比>8.121952</百分比>
	</Row>
	<Row>
		<款>30</款>
		<科目名稱>債務付息支出</科目名稱>
		<經常門>131746461</經常門>
		<資本門>0</資本門>
		<合計>131746461</合計>
		<百分比>8.090789</百分比>
	</Row>
	<Row>
		<款>31</款>
		<科目名稱>還本付息事務支出</科目名稱>
		<經常門>507446</經常門>
		<資本門>0</資本門>
		<合計>507446</合計>
		<百分比>0.031163</百分比>
	</Row>
	<Row>
		<科目名稱>(9. 一般補助及其他支出)</科目名稱>
		<經常門>46342726</經常門>
		<資本門>6628600</資本門>
		<合計>52971326</合計>
		<百分比>3.253065</百分比>
	</Row>
	<Row>
		<款>32</款>
		<科目名稱>專案補助支出</科目名稱>
		<經常門>36769973</經常門>
		<資本門>2628600</資本門>
		<合計>39398573</合計>
		<百分比>2.419538</百分比>
	</Row>
	<Row>
		<款>33</款>
		<科目名稱>其他支出</科目名稱>
		<經常門>4072753</經常門>
		<資本門>1500000</資本門>
		<合計>5572753</合計>
		<百分比>0.342233</百分比>
	</Row>
	<Row>
		<款>34</款>
		<科目名稱>第二預備金</科目名稱>
		<經常門>5500000</經常門>
		<資本門>2500000</資本門>
		<合計>8000000</合計>
		<百分比>0.491295</百分比>
	</Row>
</Root>