<?xml version="1.0" encoding="UTF-8"?>
<tables>
    <BCME3420>
        <BCME3420_row>
            <budgetno/>
            <agenno/>
            <agentype/>
            <mh_budgetname>合    計</mh_budgetname>
            <displayname>合    計</displayname>
            <budgetno_conver/>
            <tyear_amt>53353000.00</tyear_amt>
            <lyear_amt>53231000.00</lyear_amt>
            <byear_amt>52757982.00</byear_amt>
            <b_amt>122000.00</b_amt>
            <bc_content/>
            <memo/>
        </BCME3420_row>
        <BCME3420_row>
            <budgetno>00030000000</budgetno>
            <agenno>03091</agenno>
            <agentype>C</agentype>
            <mh_budgetname>行政院主管</mh_budgetname>
            <displayname>行政院主管</displayname>
            <budgetno_conver>0003000000</budgetno_conver>
            <tyear_amt>53353000.000000</tyear_amt>
            <lyear_amt>53231000.000000</lyear_amt>
            <byear_amt>52757982.000000</byear_amt>
            <b_amt>122000.000000</b_amt>
            <bc_content/>
        </BCME3420_row>
        <BCME3420_row>
            <budgetno>00030910000</budgetno>
            <agenno>03091</agenno>
            <agentype>C</agentype>
            <mh_budgetname>飛航安全調查委員會</mh_budgetname>
            <displayname>飛航安全調查委員會</displayname>
            <budgetno_conver>0003910000</budgetno_conver>
            <tyear_amt>53353000.000000</tyear_amt>
            <lyear_amt>53231000.000000</lyear_amt>
            <byear_amt>52757982.000000</byear_amt>
            <b_amt>122000.000000</b_amt>
            <bc_content/>
        </BCME3420_row>
        <BCME3420_row>
            <budgetno>33030910000</budgetno>
            <agenno>03091</agenno>
            <agentype>C</agentype>
            <mh_budgetname>行政支出</mh_budgetname>
            <displayname>行政支出</displayname>
            <budgetno_conver>3303910000</budgetno_conver>
            <tyear_amt>53353000.000000</tyear_amt>
            <lyear_amt>53231000.000000</lyear_amt>
            <byear_amt>52757982.000000</byear_amt>
            <b_amt>122000.000000</b_amt>
            <bc_content/>
        </BCME3420_row>
        <BCME3420_row>
            <budgetno>33030910100</budgetno>
            <agenno>03091</agenno>
            <agentype>C</agentype>
            <mh_budgetname>一般行政</mh_budgetname>
            <displayname>一般行政</displayname>
            <budgetno_conver>3303910100</budgetno_conver>
            <tyear_amt>44976000.000000</tyear_amt>
            <lyear_amt>45933000.000000</lyear_amt>
            <byear_amt>44803788.000000</byear_amt>
            <b_amt>-957000.000000</b_amt>
            <bc_content>&lt;#H1&gt;本年度預算數44,976千元，包括人事費38,716千元，業務費6,210千元，設備及投資50千元。&lt;#H1&gt;本年度預算數之內容與上年度之比較如下：&lt;#H2&gt;人員維持費38,716千元，較上年度核實減列人事費739千元。&lt;#H2&gt;基本工作維持費6,260千元，較上年度減列影印機租金218千元。</bc_content>
        </BCME3420_row>
        <BCME3420_row>
            <budgetno>33030910200</budgetno>
            <agenno>03091</agenno>
            <agentype>C</agentype>
            <mh_budgetname>飛航安全業務</mh_budgetname>
            <displayname>飛航安全業務</displayname>
            <budgetno_conver>3303910200</budgetno_conver>
            <tyear_amt>8347000.000000</tyear_amt>
            <lyear_amt>7248000.000000</lyear_amt>
            <byear_amt>7954194.000000</byear_amt>
            <b_amt>1099000.000000</b_amt>
            <bc_content>&lt;#H1&gt;本年度預算數8,347千元，包括業務費4,799千元，設備及投資3,548千元。&lt;#H1&gt;本年度預算數之內容與上年度之比較如下：&lt;#H2&gt;事故調查業務經費2,332千元，較上年度減列研討會及印刷等經費25千元。&lt;#H2&gt;調查能量建立業務經費6,015千元，較上年度增列購置新式飛航紀錄器解讀設備及資訊安全設施等經費1,124千元。</bc_content>
        </BCME3420_row>
        <BCME3420_row>
            <budgetno>33030919800</budgetno>
            <agenno>03091</agenno>
            <agentype>C</agentype>
            <mh_budgetname>第一預備金</mh_budgetname>
            <displayname>第一預備金</displayname>
            <budgetno_conver>3303919800</budgetno_conver>
            <tyear_amt>30000.000000</tyear_amt>
            <lyear_amt>50000.000000</lyear_amt>
            <byear_amt>0.000000</byear_amt>
            <b_amt>-20000.000000</b_amt>
            <bc_content>本年度預算數較上年度減列如列數。</bc_content>
        </BCME3420_row>
    </BCME3420>
</tables>
