<?xml version="1.0" encoding="UTF-8"?>
<tables>
    <BCME3410>
        <BCME3410_row>
            <budgetno/>
            <agenno/>
            <agentype/>
            <mh_budgetname>合         計</mh_budgetname>
            <budgetno_conver/>
            <tyear_amt>84.000000</tyear_amt>
            <lyear_amt>84.000000</lyear_amt>
            <byear_amt>201.000000</byear_amt>
            <b_amt>0.000000</b_amt>
            <bc_content/>
        </BCME3410_row>
        <BCME3410_row>
            <budgetno>05000000000</budgetno>
            <agenno>03091</agenno>
            <agentype>C</agentype>
            <mh_budgetname>規費收入</mh_budgetname>
            <budgetno_conver>0500000000</budgetno_conver>
            <tyear_amt>0.000000</tyear_amt>
            <lyear_amt>0.000000</lyear_amt>
            <byear_amt>64.000000</byear_amt>
            <b_amt>0.000000</b_amt>
            <bc_content/>
        </BCME3410_row>
        <BCME3410_row>
            <budgetno>05030910000</budgetno>
            <agenno>03091</agenno>
            <agentype>C</agentype>
            <mh_budgetname>飛航安全調查委員會</mh_budgetname>
            <budgetno_conver>0503910000</budgetno_conver>
            <tyear_amt>0.000000</tyear_amt>
            <lyear_amt>0.000000</lyear_amt>
            <byear_amt>64.000000</byear_amt>
            <b_amt>0.000000</b_amt>
            <bc_content/>
        </BCME3410_row>
        <BCME3410_row>
            <budgetno>05030910300</budgetno>
            <agenno>03091</agenno>
            <agentype>C</agentype>
            <mh_budgetname>使用規費收入</mh_budgetname>
            <budgetno_conver>0503910300</budgetno_conver>
            <tyear_amt>0.000000</tyear_amt>
            <lyear_amt>0.000000</lyear_amt>
            <byear_amt>64.000000</byear_amt>
            <b_amt>0.000000</b_amt>
            <bc_content/>
        </BCME3410_row>
        <BCME3410_row>
            <budgetno>05030910312</budgetno>
            <agenno>03091</agenno>
            <agentype>C</agentype>
            <mh_budgetname>場地設施使用費</mh_budgetname>
            <budgetno_conver>0503910312</budgetno_conver>
            <tyear_amt>0.000000</tyear_amt>
            <lyear_amt>0.000000</lyear_amt>
            <byear_amt>64.000000</byear_amt>
            <b_amt>0.000000</b_amt>
            <bc_content>上年度預算數係停車場使用費等收入。</bc_content>
        </BCME3410_row>
        <BCME3410_row>
            <budgetno>11000000000</budgetno>
            <agenno>03091</agenno>
            <agentype>C</agentype>
            <mh_budgetname>其他收入</mh_budgetname>
            <budgetno_conver>1100000000</budgetno_conver>
            <tyear_amt>84.000000</tyear_amt>
            <lyear_amt>84.000000</lyear_amt>
            <byear_amt>137.000000</byear_amt>
            <b_amt>0.000000</b_amt>
            <bc_content/>
        </BCME3410_row>
        <BCME3410_row>
            <budgetno>11030910000</budgetno>
            <agenno>03091</agenno>
            <agentype>C</agentype>
            <mh_budgetname>飛航安全調查委員會</mh_budgetname>
            <budgetno_conver>1103910000</budgetno_conver>
            <tyear_amt>84.000000</tyear_amt>
            <lyear_amt>84.000000</lyear_amt>
            <byear_amt>137.000000</byear_amt>
            <b_amt>0.000000</b_amt>
            <bc_content/>
        </BCME3410_row>
        <BCME3410_row>
            <budgetno>11030910900</budgetno>
            <agenno>03091</agenno>
            <agentype>C</agentype>
            <mh_budgetname>雜項收入</mh_budgetname>
            <budgetno_conver>1103910900</budgetno_conver>
            <tyear_amt>84.000000</tyear_amt>
            <lyear_amt>84.000000</lyear_amt>
            <byear_amt>137.000000</byear_amt>
            <b_amt>0.000000</b_amt>
            <bc_content/>
        </BCME3410_row>
        <BCME3410_row>
            <budgetno>11030910901</budgetno>
            <agenno>03091</agenno>
            <agentype>C</agentype>
            <mh_budgetname>收回以前年度歲出</mh_budgetname>
            <budgetno_conver>1103910901</budgetno_conver>
            <tyear_amt>0.000000</tyear_amt>
            <lyear_amt>0.000000</lyear_amt>
            <byear_amt>130.000000</byear_amt>
            <b_amt>0.000000</b_amt>
            <bc_content/>
        </BCME3410_row>
        <BCME3410_row>
            <budgetno>11030910909</budgetno>
            <agenno>03091</agenno>
            <agentype>C</agentype>
            <mh_budgetname>其他雜項收入</mh_budgetname>
            <budgetno_conver>1103910909</budgetno_conver>
            <tyear_amt>84.000000</tyear_amt>
            <lyear_amt>84.000000</lyear_amt>
            <byear_amt>7.000000</byear_amt>
            <b_amt>0.000000</b_amt>
            <bc_content>本年度預算數係停車場使用費等收入。</bc_content>
        </BCME3410_row>
    </BCME3410>
</tables>
