<?xml version="1.0" encoding="UTF-8"?>
<tables>
    <BCME3470>
        <BCME3470_row>
            <budgetno>00030000000</budgetno>
            <budgetname>行政院主管</budgetname>
            <damt1>0.000000</damt1>
            <damt2>0.000000</damt2>
            <damt3>0.000000</damt3>
            <damt4>2028.000000</damt4>
            <damt5>0.000000</damt5>
            <damt6>1420.000000</damt6>
            <damt7>150.000000</damt7>
            <damt8>0.000000</damt8>
            <damt9>0.000000</damt9>
            <damt10>3598.000000</damt10>
            <no1>02</no1>
            <no2>00</no2>
            <no3>00</no3>
            <no4>00</no4>
            <budgetno_conver>0003000000</budgetno_conver>
            <b_level>1</b_level>
        </BCME3470_row>
        <BCME3470_row>
            <budgetno>00030910000</budgetno>
            <budgetname>飛航安全調查委員會</budgetname>
            <damt1>0.000000</damt1>
            <damt2>0.000000</damt2>
            <damt3>0.000000</damt3>
            <damt4>2028.000000</damt4>
            <damt5>0.000000</damt5>
            <damt6>1420.000000</damt6>
            <damt7>150.000000</damt7>
            <damt8>0.000000</damt8>
            <damt9>0.000000</damt9>
            <damt10>3598.000000</damt10>
            <no1>02</no1>
            <no2>16</no2>
            <no3>00</no3>
            <no4>00</no4>
            <budgetno_conver>0003910000</budgetno_conver>
            <b_level>2</b_level>
        </BCME3470_row>
        <BCME3470_row>
            <budgetno>33030910000</budgetno>
            <budgetname>行政支出</budgetname>
            <damt1>0.000000</damt1>
            <damt2>0.000000</damt2>
            <damt3>0.000000</damt3>
            <damt4>2028.000000</damt4>
            <damt5>0.000000</damt5>
            <damt6>1420.000000</damt6>
            <damt7>150.000000</damt7>
            <damt8>0.000000</damt8>
            <damt9>0.000000</damt9>
            <damt10>3598.000000</damt10>
            <no1>02</no1>
            <no2/>
            <no3/>
            <no4/>
            <budgetno_conver>3303910000</budgetno_conver>
            <b_level>2</b_level>
        </BCME3470_row>
        <BCME3470_row>
            <budgetno>33030910100</budgetno>
            <budgetname>一般行政</budgetname>
            <damt1>0.000000</damt1>
            <damt2>0.000000</damt2>
            <damt3>0.000000</damt3>
            <damt4>0.000000</damt4>
            <damt5>0.000000</damt5>
            <damt6>0.000000</damt6>
            <damt7>50.000000</damt7>
            <damt8>0.000000</damt8>
            <damt9>0.000000</damt9>
            <damt10>50.000000</damt10>
            <no1>02</no1>
            <no2>16</no2>
            <no3>01</no3>
            <no4>00</no4>
            <budgetno_conver>3303910100</budgetno_conver>
            <b_level>3</b_level>
        </BCME3470_row>
        <BCME3470_row>
            <budgetno>33030910200</budgetno>
            <budgetname>飛航安全業務</budgetname>
            <damt1>0.000000</damt1>
            <damt2>0.000000</damt2>
            <damt3>0.000000</damt3>
            <damt4>2028.000000</damt4>
            <damt5>0.000000</damt5>
            <damt6>1420.000000</damt6>
            <damt7>100.000000</damt7>
            <damt8>0.000000</damt8>
            <damt9>0.000000</damt9>
            <damt10>3548.000000</damt10>
            <no1>02</no1>
            <no2>16</no2>
            <no3>02</no3>
            <no4>00</no4>
            <budgetno_conver>3303910200</budgetno_conver>
            <b_level>3</b_level>
        </BCME3470_row>
    </BCME3470>
</tables>
