<?xml version="1.0" encoding="UTF-8"?>
<tables>
    <BCME3460>
        <BCME3460_row>
            <budgetno>00030000000</budgetno>
            <b_level>00</b_level>
            <budgetname>行政院主管</budgetname>
            <damt1>38716000.00</damt1>
            <damt2>11009000.00</damt2>
            <damt3>0.00</damt3>
            <damt4>0.00</damt4>
            <damt5>30000.00</damt5>
            <damt6>49755000.00</damt6>
            <damt7>0.00</damt7>
            <damt8>3598000.00</damt8>
            <damt9>0.00</damt9>
            <damt10>0.00</damt10>
            <damt11>3598000.00</damt11>
            <damt12>53353000.00</damt12>
            <no1>02</no1>
            <no2>00</no2>
            <no3>00</no3>
            <no4>00</no4>
            <budgetno_conver>0003000000</budgetno_conver>
            <bnorder>0300000000000</bnorder>
            <ba_budgetsource>1</ba_budgetsource>
        </BCME3460_row>
        <BCME3460_row>
            <budgetno>00030910000</budgetno>
            <b_level>10</b_level>
            <budgetname>飛航安全調查委員會</budgetname>
            <damt1>38716000.00</damt1>
            <damt2>11009000.00</damt2>
            <damt3>0.00</damt3>
            <damt4>0.00</damt4>
            <damt5>30000.00</damt5>
            <damt6>49755000.00</damt6>
            <damt7>0.00</damt7>
            <damt8>3598000.00</damt8>
            <damt9>0.00</damt9>
            <damt10>0.00</damt10>
            <damt11>3598000.00</damt11>
            <damt12>53353000.00</damt12>
            <no1>02</no1>
            <no2>16</no2>
            <no3>00</no3>
            <no4>00</no4>
            <budgetno_conver>0003910000</budgetno_conver>
            <bnorder>0309100000000</bnorder>
            <ba_budgetsource>1</ba_budgetsource>
        </BCME3460_row>
        <BCME3460_row>
            <budgetno>33030910000</budgetno>
            <b_level>20</b_level>
            <budgetname>行政支出</budgetname>
            <damt1>38716000.00</damt1>
            <damt2>11009000.00</damt2>
            <damt3>0.00</damt3>
            <damt4>0.00</damt4>
            <damt5>30000.00</damt5>
            <damt6>49755000.00</damt6>
            <damt7>0.00</damt7>
            <damt8>3598000.00</damt8>
            <damt9>0.00</damt9>
            <damt10>0.00</damt10>
            <damt11>3598000.00</damt11>
            <damt12>53353000.00</damt12>
            <no1>02</no1>
            <no2>16</no2>
            <no3>00</no3>
            <no4>00</no4>
            <budgetno_conver>3303910000</budgetno_conver>
            <bnorder>0309100330000</bnorder>
            <ba_budgetsource>1</ba_budgetsource>
        </BCME3460_row>
        <BCME3460_row>
            <budgetno>33030910100</budgetno>
            <b_level>30</b_level>
            <budgetname>一般行政</budgetname>
            <damt1>38716000.00</damt1>
            <damt2>6210000.00</damt2>
            <damt3>0.00</damt3>
            <damt4>0.00</damt4>
            <damt5>0.00</damt5>
            <damt6>44926000.00</damt6>
            <damt7>0.00</damt7>
            <damt8>50000.00</damt8>
            <damt9>0.00</damt9>
            <damt10>0.00</damt10>
            <damt11>50000.00</damt11>
            <damt12>44976000.00</damt12>
            <no1>02</no1>
            <no2>16</no2>
            <no3>01</no3>
            <no4>00</no4>
            <budgetno_conver>3303910100</budgetno_conver>
            <bnorder>0309100330100</bnorder>
            <ba_budgetsource>1</ba_budgetsource>
        </BCME3460_row>
        <BCME3460_row>
            <budgetno>33030910200</budgetno>
            <b_level>30</b_level>
            <budgetname>飛航安全業務</budgetname>
            <damt1>0.00</damt1>
            <damt2>4799000.00</damt2>
            <damt3>0.00</damt3>
            <damt4>0.00</damt4>
            <damt5>0.00</damt5>
            <damt6>4799000.00</damt6>
            <damt7>0.00</damt7>
            <damt8>3548000.00</damt8>
            <damt9>0.00</damt9>
            <damt10>0.00</damt10>
            <damt11>3548000.00</damt11>
            <damt12>8347000.00</damt12>
            <no1>02</no1>
            <no2>16</no2>
            <no3>02</no3>
            <no4>00</no4>
            <budgetno_conver>3303910200</budgetno_conver>
            <bnorder>0309100330200</bnorder>
            <ba_budgetsource>1</ba_budgetsource>
        </BCME3460_row>
        <BCME3460_row>
            <budgetno>33030919800</budgetno>
            <b_level>30</b_level>
            <budgetname>第一預備金</budgetname>
            <damt1>0.00</damt1>
            <damt2>0.00</damt2>
            <damt3>0.00</damt3>
            <damt4>0.00</damt4>
            <damt5>30000.00</damt5>
            <damt6>30000.00</damt6>
            <damt7>0.00</damt7>
            <damt8>0.00</damt8>
            <damt9>0.00</damt9>
            <damt10>0.00</damt10>
            <damt11>0.00</damt11>
            <damt12>30000.00</damt12>
            <no1>02</no1>
            <no2>16</no2>
            <no3>03</no3>
            <no4>00</no4>
            <budgetno_conver>3303919800</budgetno_conver>
            <bnorder>0309100339800</bnorder>
            <ba_budgetsource>1</ba_budgetsource>
        </BCME3460_row>
    </BCME3460>
</tables>
