<?xml version="1.0" encoding="UTF-8"?>
<GenericData>
　　<Header>
　　　　<Table Id="FNWBREMAIN" Name="盈虧撥補預計表" Domain="PBA" />
　　　　<Program Id="PBABR070_A" />
　　　　<Sender Name="台灣銀行股份有限公司" />
　　　　<報表名稱>盈虧撥補預計表</報表名稱>
　　　　<年度>105</年度>
　　　　<基金>台灣銀行股份有限公司</基金>
　　　　<階段>預算案</階段>
　　　　<版本>1</版本>
　　　　<單位>新臺幣千元</單位>
　　</Header>
　　<DataSet>
　　　　<ROW>
　　　　　　<SEQNO>1</SEQNO>
　　　　　　<LEVEL>2</LEVEL>
　　　　　　<BOLD>1</BOLD>
　　　　　　<項目名稱>盈餘之部</項目名稱>
　　　　　　<項目編號>81</項目編號>
　　　　　　<預算數>6620397</預算數>
　　　　　　<說明 />
　　　　</ROW>
　　　　<ROW>
　　　　　　<SEQNO>2</SEQNO>
　　　　　　<LEVEL>3</LEVEL>
　　　　　　<BOLD>1</BOLD>
　　　　　　<項目名稱>本期淨利</項目名稱>
　　　　　　<項目編號>8101</項目編號>
　　　　　　<預算數>6581487</預算數>
　　　　　　<說明 />
　　　　</ROW>
　　　　<ROW>
　　　　　　<SEQNO>3</SEQNO>
　　　　　　<LEVEL>3</LEVEL>
　　　　　　<BOLD>1</BOLD>
　　　　　　<項目名稱>首次採用國際財務報導準則調整數轉列數</項目名稱>
　　　　　　<項目編號>8107</項目編號>
　　　　　　<預算數>38910</預算數>
　　　　　　<說明 />
　　　　</ROW>
　　　　<ROW>
　　　　　　<SEQNO>4</SEQNO>
　　　　　　<LEVEL>2</LEVEL>
　　　　　　<BOLD>1</BOLD>
　　　　　　<項目名稱>分配之部</項目名稱>
　　　　　　<項目編號>82</項目編號>
　　　　　　<預算數>6620397</預算數>
　　　　　　<說明 />
　　　　</ROW>
　　　　<ROW>
　　　　　　<SEQNO>5</SEQNO>
　　　　　　<LEVEL>3</LEVEL>
　　　　　　<BOLD>1</BOLD>
　　　　　　<項目名稱>轉投資機關所得者</項目名稱>
　　　　　　<項目編號>8203</項目編號>
　　　　　　<預算數>2013356</預算數>
　　　　　　<說明 />
　　　　</ROW>
　　　　<ROW>
　　　　　　<SEQNO>6</SEQNO>
　　　　　　<LEVEL>4</LEVEL>
　　　　　　<BOLD>0</BOLD>
　　　　　　<項目名稱>股（官）息紅利</項目名稱>
　　　　　　<項目編號>820301</項目編號>
　　　　　　<預算數>2013356</預算數>
　　　　　　<說明 />
　　　　</ROW>
　　　　<ROW>
　　　　　　<SEQNO>7</SEQNO>
　　　　　　<LEVEL>3</LEVEL>
　　　　　　<BOLD>1</BOLD>
　　　　　　<項目名稱>留存事業機關者</項目名稱>
　　　　　　<項目編號>8207</項目編號>
　　　　　　<預算數>4607041</預算數>
　　　　　　<說明 />
　　　　</ROW>
　　　　<ROW>
　　　　　　<SEQNO>8</SEQNO>
　　　　　　<LEVEL>4</LEVEL>
　　　　　　<BOLD>0</BOLD>
　　　　　　<項目名稱>法定公積</項目名稱>
　　　　　　<項目編號>820703</項目編號>
　　　　　　<預算數>1974446</預算數>
　　　　　　<說明 />
　　　　</ROW>
　　　　<ROW>
　　　　　　<SEQNO>9</SEQNO>
　　　　　　<LEVEL>4</LEVEL>
　　　　　　<BOLD>0</BOLD>
　　　　　　<項目名稱>特別公積</項目名稱>
　　　　　　<項目編號>820704</項目編號>
　　　　　　<預算數>2632595</預算數>
　　　　　　<說明 />
　　　　</ROW>
　　</DataSet>
</GenericData>

