<?xml version="1.0" encoding="UTF-8"?>
<GenericData>
　　<Header>
　　　　<Table Id="FNWBCSHFLOWR" Name="現金流量預計表" Domain="PBA" />
　　　　<Program Id="PBABR080_A" />
　　　　<Sender Name="台灣銀行股份有限公司" />
　　　　<報表名稱>現金流量預計表</報表名稱>
　　　　<年度>105</年度>
　　　　<基金>台灣銀行股份有限公司</基金>
　　　　<階段>預算案</階段>
　　　　<版本>1</版本>
　　　　<單位>新臺幣千元</單位>
　　</Header>
　　<DataSet>
　　　　<ROW>
　　　　　　<SEQNO>1</SEQNO>
　　　　　　<LEVEL>02</LEVEL>
　　　　　　<BOLD>1</BOLD>
　　　　　　<項目名稱>營業活動之現金流量</項目名稱>
　　　　　　<項目編號>90</項目編號>
　　　　　　<預算數 />
　　　　　　<說明 />
　　　　</ROW>
　　　　<ROW>
　　　　　　<SEQNO>2</SEQNO>
　　　　　　<LEVEL>03</LEVEL>
　　　　　　<BOLD>1</BOLD>
　　　　　　<項目名稱>繼續營業單位稅前淨利（淨損）</項目名稱>
　　　　　　<項目編號>9001</項目編號>
　　　　　　<預算數>7500000</預算數>
　　　　　　<說明 />
　　　　</ROW>
　　　　<ROW>
　　　　　　<SEQNO>3</SEQNO>
　　　　　　<LEVEL>03</LEVEL>
　　　　　　<BOLD>1</BOLD>
　　　　　　<項目名稱>稅前淨利（淨損）</項目名稱>
　　　　　　<項目編號>9003</項目編號>
　　　　　　<預算數>7500000</預算數>
　　　　　　<說明 />
　　　　</ROW>
　　　　<ROW>
　　　　　　<SEQNO>4</SEQNO>
　　　　　　<LEVEL>03</LEVEL>
　　　　　　<BOLD>1</BOLD>
　　　　　　<項目名稱>利息股利之調整</項目名稱>
　　　　　　<項目編號>9004</項目編號>
　　　　　　<預算數>-30847113</預算數>
　　　　　　<說明 />
　　　　</ROW>
　　　　<ROW>
　　　　　　<SEQNO>5</SEQNO>
　　　　　　<LEVEL>03</LEVEL>
　　　　　　<BOLD>1</BOLD>
　　　　　　<項目名稱>未計利息股利之稅前淨利（淨損）</項目名稱>
　　　　　　<項目編號>9005</項目編號>
　　　　　　<預算數>-23347113</預算數>
　　　　　　<說明 />
　　　　</ROW>
　　　　<ROW>
　　　　　　<SEQNO>6</SEQNO>
　　　　　　<LEVEL>03</LEVEL>
　　　　　　<BOLD>1</BOLD>
　　　　　　<項目名稱>調整項目</項目名稱>
　　　　　　<項目編號>9006</項目編號>
　　　　　　<預算數>226068</預算數>
　　　　　　<說明 />
　　　　</ROW>
　　　　<ROW>
　　　　　　<SEQNO>7</SEQNO>
　　　　　　<LEVEL>03</LEVEL>
　　　　　　<BOLD>1</BOLD>
　　　　　　<項目名稱>未計利息股利之現金流入（流出）</項目名稱>
　　　　　　<項目編號>9007</項目編號>
　　　　　　<預算數>-23121045</預算數>
　　　　　　<說明 />
　　　　</ROW>
　　　　<ROW>
　　　　　　<SEQNO>8</SEQNO>
　　　　　　<LEVEL>03</LEVEL>
　　　　　　<BOLD>1</BOLD>
　　　　　　<項目名稱>收取利息</項目名稱>
　　　　　　<項目編號>9008</項目編號>
　　　　　　<預算數>68283992</預算數>
　　　　　　<說明 />
　　　　</ROW>
　　　　<ROW>
　　　　　　<SEQNO>9</SEQNO>
　　　　　　<LEVEL>03</LEVEL>
　　　　　　<BOLD>1</BOLD>
　　　　　　<項目名稱>收取股利</項目名稱>
　　　　　　<項目編號>9009</項目編號>
　　　　　　<預算數>3957224</預算數>
　　　　　　<說明 />
　　　　</ROW>
　　　　<ROW>
　　　　　　<SEQNO>10</SEQNO>
　　　　　　<LEVEL>03</LEVEL>
　　　　　　<BOLD>1</BOLD>
　　　　　　<項目名稱>支付利息</項目名稱>
　　　　　　<項目編號>9010</項目編號>
　　　　　　<預算數>-52732938</預算數>
　　　　　　<說明 />
　　　　</ROW>
　　　　<ROW>
　　　　　　<SEQNO>11</SEQNO>
　　　　　　<LEVEL>03</LEVEL>
　　　　　　<BOLD>1</BOLD>
　　　　　　<項目名稱>支付所得稅</項目名稱>
　　　　　　<項目編號>9012</項目編號>
　　　　　　<預算數>-925709</預算數>
　　　　　　<說明 />
　　　　</ROW>
　　　　<ROW>
　　　　　　<SEQNO>12</SEQNO>
　　　　　　<LEVEL>02</LEVEL>
　　　　　　<BOLD>1</BOLD>
　　　　　　<項目名稱>營業活動之淨現金流入（流出）</項目名稱>
　　　　　　<項目編號>91</項目編號>
　　　　　　<預算數>-4538476</預算數>
　　　　　　<說明 />
　　　　</ROW>
　　　　<ROW>
　　　　　　<SEQNO>13</SEQNO>
　　　　　　<LEVEL>02</LEVEL>
　　　　　　<BOLD>1</BOLD>
　　　　　　<項目名稱>投資活動之現金流量</項目名稱>
　　　　　　<項目編號>92</項目編號>
　　　　　　<預算數 />
　　　　　　<說明 />
　　　　</ROW>
　　　　<ROW>
　　　　　　<SEQNO>14</SEQNO>
　　　　　　<LEVEL>03</LEVEL>
　　　　　　<BOLD>1</BOLD>
　　　　　　<項目名稱>流動金融資產淨減（淨增）</項目名稱>
　　　　　　<項目編號>9201</項目編號>
　　　　　　<預算數>-587058</預算數>
　　　　　　<說明 />
　　　　</ROW>
　　　　<ROW>
　　　　　　<SEQNO>15</SEQNO>
　　　　　　<LEVEL>03</LEVEL>
　　　　　　<BOLD>1</BOLD>
　　　　　　<項目名稱>減少投資</項目名稱>
　　　　　　<項目編號>9202</項目編號>
　　　　　　<預算數>408306</預算數>
　　　　　　<說明 />
　　　　</ROW>
　　　　<ROW>
　　　　　　<SEQNO>16</SEQNO>
　　　　　　<LEVEL>03</LEVEL>
　　　　　　<BOLD>1</BOLD>
　　　　　　<項目名稱>減少不動產、廠房及設備</項目名稱>
　　　　　　<項目編號>9205</項目編號>
　　　　　　<預算數>529532</預算數>
　　　　　　<說明 />
　　　　</ROW>
　　　　<ROW>
　　　　　　<SEQNO>17</SEQNO>
　　　　　　<LEVEL>03</LEVEL>
　　　　　　<BOLD>1</BOLD>
　　　　　　<項目名稱>無形資產及其他資產淨減（淨增）</項目名稱>
　　　　　　<項目編號>9208</項目編號>
　　　　　　<預算數>-427473</預算數>
　　　　　　<說明 />
　　　　</ROW>
　　　　<ROW>
　　　　　　<SEQNO>18</SEQNO>
　　　　　　<LEVEL>03</LEVEL>
　　　　　　<BOLD>1</BOLD>
　　　　　　<項目名稱>收取利息</項目名稱>
　　　　　　<項目編號>9209</項目編號>
　　　　　　<預算數>10681460</預算數>
　　　　　　<說明 />
　　　　</ROW>
　　　　<ROW>
　　　　　　<SEQNO>19</SEQNO>
　　　　　　<LEVEL>03</LEVEL>
　　　　　　<BOLD>1</BOLD>
　　　　　　<項目名稱>收取股利</項目名稱>
　　　　　　<項目編號>9210</項目編號>
　　　　　　<預算數>2366125</預算數>
　　　　　　<說明 />
　　　　</ROW>
　　　　<ROW>
　　　　　　<SEQNO>20</SEQNO>
　　　　　　<LEVEL>03</LEVEL>
　　　　　　<BOLD>1</BOLD>
　　　　　　<項目名稱>增加投資</項目名稱>
　　　　　　<項目編號>9212</項目編號>
　　　　　　<預算數>-8176205</預算數>
　　　　　　<說明 />
　　　　</ROW>
　　　　<ROW>
　　　　　　<SEQNO>21</SEQNO>
　　　　　　<LEVEL>03</LEVEL>
　　　　　　<BOLD>1</BOLD>
　　　　　　<項目名稱>增加基金及長期應收款</項目名稱>
　　　　　　<項目編號>9214</項目編號>
　　　　　　<預算數>-175419</預算數>
　　　　　　<說明 />
　　　　</ROW>
　　　　<ROW>
　　　　　　<SEQNO>22</SEQNO>
　　　　　　<LEVEL>03</LEVEL>
　　　　　　<BOLD>1</BOLD>
　　　　　　<項目名稱>增加不動產、廠房及設備</項目名稱>
　　　　　　<項目編號>9215</項目編號>
　　　　　　<預算數>-803368</預算數>
　　　　　　<說明 />
　　　　</ROW>
　　　　<ROW>
　　　　　　<SEQNO>23</SEQNO>
　　　　　　<LEVEL>02</LEVEL>
　　　　　　<BOLD>1</BOLD>
　　　　　　<項目名稱>投資活動之淨現金流入（流出）</項目名稱>
　　　　　　<項目編號>93</項目編號>
　　　　　　<預算數>3815900</預算數>
　　　　　　<說明 />
　　　　</ROW>
　　　　<ROW>
　　　　　　<SEQNO>24</SEQNO>
　　　　　　<LEVEL>02</LEVEL>
　　　　　　<BOLD>1</BOLD>
　　　　　　<項目名稱>籌資活動之現金流量</項目名稱>
　　　　　　<項目編號>94</項目編號>
　　　　　　<預算數 />
　　　　　　<說明 />
　　　　</ROW>
　　　　<ROW>
　　　　　　<SEQNO>25</SEQNO>
　　　　　　<LEVEL>03</LEVEL>
　　　　　　<BOLD>1</BOLD>
　　　　　　<項目名稱>流動金融負債淨增（淨減）</項目名稱>
　　　　　　<項目編號>9402</項目編號>
　　　　　　<預算數>12600</預算數>
　　　　　　<說明 />
　　　　</ROW>
　　　　<ROW>
　　　　　　<SEQNO>26</SEQNO>
　　　　　　<LEVEL>03</LEVEL>
　　　　　　<BOLD>1</BOLD>
　　　　　　<項目名稱>其他負債淨增（淨減）</項目名稱>
　　　　　　<項目編號>9407</項目編號>
　　　　　　<預算數>-71226</預算數>
　　　　　　<說明 />
　　　　</ROW>
　　　　<ROW>
　　　　　　<SEQNO>27</SEQNO>
　　　　　　<LEVEL>03</LEVEL>
　　　　　　<BOLD>1</BOLD>
　　　　　　<項目名稱>增加資本、公積及填補虧損</項目名稱>
　　　　　　<項目編號>9408</項目編號>
　　　　　　<預算數>7000000</預算數>
　　　　　　<說明 />
　　　　</ROW>
　　　　<ROW>
　　　　　　<SEQNO>28</SEQNO>
　　　　　　<LEVEL>03</LEVEL>
　　　　　　<BOLD>1</BOLD>
　　　　　　<項目名稱>減少非流動金融負債</項目名稱>
　　　　　　<項目編號>9411</項目編號>
　　　　　　<預算數>-3869</預算數>
　　　　　　<說明 />
　　　　</ROW>
　　　　<ROW>
　　　　　　<SEQNO>29</SEQNO>
　　　　　　<LEVEL>03</LEVEL>
　　　　　　<BOLD>1</BOLD>
　　　　　　<項目名稱>支付利息</項目名稱>
　　　　　　<項目編號>9413</項目編號>
　　　　　　<預算數>-551293</預算數>
　　　　　　<說明 />
　　　　</ROW>
　　　　<ROW>
　　　　　　<SEQNO>30</SEQNO>
　　　　　　<LEVEL>02</LEVEL>
　　　　　　<BOLD>1</BOLD>
　　　　　　<項目名稱>籌資活動之淨現金流入（流出）</項目名稱>
　　　　　　<項目編號>95</項目編號>
　　　　　　<預算數>6386212</預算數>
　　　　　　<說明 />
　　　　</ROW>
　　　　<ROW>
　　　　　　<SEQNO>31</SEQNO>
　　　　　　<LEVEL>02</LEVEL>
　　　　　　<BOLD>1</BOLD>
　　　　　　<項目名稱>匯率影響數</項目名稱>
　　　　　　<項目編號>96</項目編號>
　　　　　　<預算數>-113671</預算數>
　　　　　　<說明 />
　　　　</ROW>
　　　　<ROW>
　　　　　　<SEQNO>32</SEQNO>
　　　　　　<LEVEL>02</LEVEL>
　　　　　　<BOLD>1</BOLD>
　　　　　　<項目名稱>現金及約當現金之淨增（淨減）</項目名稱>
　　　　　　<項目編號>97</項目編號>
　　　　　　<預算數>5549965</預算數>
　　　　　　<說明 />
　　　　</ROW>
　　　　<ROW>
　　　　　　<SEQNO>33</SEQNO>
　　　　　　<LEVEL>02</LEVEL>
　　　　　　<BOLD>1</BOLD>
　　　　　　<項目名稱>期初現金及約當現金</項目名稱>
　　　　　　<項目編號>98</項目編號>
　　　　　　<預算數>1152766751</預算數>
　　　　　　<說明 />
　　　　</ROW>
　　　　<ROW>
　　　　　　<SEQNO>34</SEQNO>
　　　　　　<LEVEL>02</LEVEL>
　　　　　　<BOLD>1</BOLD>
　　　　　　<項目名稱>期末現金及約當現金</項目名稱>
　　　　　　<項目編號>99</項目編號>
　　　　　　<預算數>1158316716</預算數>
　　　　　　<說明 />
　　　　</ROW>
　　</DataSet>
</GenericData>

