<?xml version="1.0" encoding="UTF-8"?>
<tables>
    <BCTMCAR>
        <BCTMCAR_row>
            <bq_fiscalyear>106</bq_fiscalyear>
            <bq_fundkind>1</bq_fundkind>
            <bq_budgetkind>1</bq_budgetkind>
            <bq_specialbudgetno/>
            <bq_agenno>36001</bq_agenno>
            <bq_agentype>C</bq_agentype>
            <bq_budgetstate>1</bq_budgetstate>
            <bq_budgetno>41360010100</bq_budgetno>
            <bq_objectno>07350100</bq_objectno>
            <bq_carid>2839-QX</bq_carid>
            <bq_persons>3</bq_persons>
            <bq_buydate>09701</bq_buydate>
            <bq_ventsize>2980</bq_ventsize>
            <bq_oilamt>1668</bq_oilamt>
            <bq_oilprice>23.40</bq_oilprice>
            <bq_amt_maintain>51000.00</bq_amt_maintain>
            <bq_amt5>84000.00</bq_amt5>
            <bq_carnum>1</bq_carnum>
            <bq_remark/>
            <bq_lpgamt>0</bq_lpgamt>
            <bq_lpgprice>0.00</bq_lpgprice>
            <bq_versiondate/>
        </BCTMCAR_row>
        <BCTMCAR_row>
            <bq_fiscalyear>106</bq_fiscalyear>
            <bq_fundkind>1</bq_fundkind>
            <bq_budgetkind>1</bq_budgetkind>
            <bq_specialbudgetno/>
            <bq_agenno>36001</bq_agenno>
            <bq_agentype>C</bq_agentype>
            <bq_budgetstate>1</bq_budgetstate>
            <bq_budgetno>41360010100</bq_budgetno>
            <bq_objectno>07350400</bq_objectno>
            <bq_carid>ANZ-8561</bq_carid>
            <bq_persons>3</bq_persons>
            <bq_buydate>10501</bq_buydate>
            <bq_ventsize>1800</bq_ventsize>
            <bq_oilamt>1668</bq_oilamt>
            <bq_oilprice>23.40</bq_oilprice>
            <bq_amt_maintain>9000.00</bq_amt_maintain>
            <bq_amt5>72000.00</bq_amt5>
            <bq_carnum>1</bq_carnum>
            <bq_remark/>
            <bq_lpgamt>0</bq_lpgamt>
            <bq_lpgprice>0.00</bq_lpgprice>
            <bq_versiondate/>
        </BCTMCAR_row>
        <BCTMCAR_row>
            <bq_fiscalyear>106</bq_fiscalyear>
            <bq_fundkind>1</bq_fundkind>
            <bq_budgetkind>1</bq_budgetkind>
            <bq_specialbudgetno/>
            <bq_agenno>36001</bq_agenno>
            <bq_agentype>C</bq_agentype>
            <bq_budgetstate>1</bq_budgetstate>
            <bq_budgetno>41360010100</bq_budgetno>
            <bq_objectno>07351600</bq_objectno>
            <bq_carid>LJ3-725</bq_carid>
            <bq_persons>1</bq_persons>
            <bq_buydate>09102</bq_buydate>
            <bq_ventsize>124</bq_ventsize>
            <bq_oilamt>312</bq_oilamt>
            <bq_oilprice>23.40</bq_oilprice>
            <bq_amt_maintain>2000.00</bq_amt_maintain>
            <bq_amt5>2000.00</bq_amt5>
            <bq_carnum>1</bq_carnum>
            <bq_remark>LJ3-725。</bq_remark>
            <bq_lpgamt>0</bq_lpgamt>
            <bq_lpgprice>0.00</bq_lpgprice>
            <bq_versiondate/>
        </BCTMCAR_row>
    </BCTMCAR>
</tables>
