<?xml version="1.0" encoding="UTF-8"?>
<tables>
    <BCTDHELPPLAN>
        <BCTDHELPPLAN_row>
            <bh_fiscalyear>106</bh_fiscalyear>
            <bh_fundkind>1</bh_fundkind>
            <bh_budgetkind>1</bh_budgetkind>
            <bh_specialbudgetno/>
            <bh_agenno>36001</bh_agenno>
            <bh_agentype>C</bh_agentype>
            <bh_budgetstate>1</bh_budgetstate>
            <bh_versiondate/>
            <bh_objectno/>
            <bh_endowplanno>02</bh_endowplanno>
            <bh_endowplanname>辦理蒙藏議題委託研究</bh_endowplanname>
            <bh_donname/>
            <bh_endowsts>2</bh_endowsts>
            <bh_budgetno>41360013000</bh_budgetno>
            <bh_subprojectno>01</bh_subprojectno>
            <bh_budgetsource>1</bh_budgetsource>
            <bh_applyid>0</bh_applyid>
            <bh_startyear>106</bh_startyear>
            <bh_endyear>106</bh_endyear>
            <bh_donrem>辦理蒙藏議題委託研究事宜。</bh_donrem>
            <bh_bgtyear>0</bh_bgtyear>
            <bh_amt_man>0.00</bh_amt_man>
            <bh_amt_business>470000.00</bh_amt_business>
            <bh_amt_other>30000.00</bh_amt_other>
            <bh_amt_land>0.00</bh_amt_land>
            <bh_amt_house>0.00</bh_amt_house>
            <bh_amt6>0.00</bh_amt6>
            <bh_amt7>0.00</bh_amt7>
            <bh_flowflag/>
            <bh_signflag/>
            <bh_signno/>
            <mj_subprojectno_na>01 - 西藏政策之研究規劃與情勢研判</mj_subprojectno_na>
        </BCTDHELPPLAN_row>
        <BCTDHELPPLAN_row>
            <bh_fiscalyear>106</bh_fiscalyear>
            <bh_fundkind>1</bh_fundkind>
            <bh_budgetkind>1</bh_budgetkind>
            <bh_specialbudgetno/>
            <bh_agenno>36001</bh_agenno>
            <bh_agentype>C</bh_agentype>
            <bh_budgetstate>1</bh_budgetstate>
            <bh_versiondate/>
            <bh_objectno/>
            <bh_endowplanno>03</bh_endowplanno>
            <bh_endowplanname>在臺藏胞及居留藏人關懷專案</bh_endowplanname>
            <bh_donname/>
            <bh_endowsts>2</bh_endowsts>
            <bh_budgetno>41360013000</bh_budgetno>
            <bh_subprojectno>03</bh_subprojectno>
            <bh_budgetsource>1</bh_budgetsource>
            <bh_applyid>0</bh_applyid>
            <bh_startyear>106</bh_startyear>
            <bh_endyear>106</bh_endyear>
            <bh_donrem>為貼近國內藏族，結合社工人員，提供個別協助與轉介服務，以提升其技能，協助解決各項生活問題。</bh_donrem>
            <bh_bgtyear>0</bh_bgtyear>
            <bh_amt_man>1220000.00</bh_amt_man>
            <bh_amt_business>360000.00</bh_amt_business>
            <bh_amt_other>20000.00</bh_amt_other>
            <bh_amt_land>0.00</bh_amt_land>
            <bh_amt_house>0.00</bh_amt_house>
            <bh_amt6>0.00</bh_amt6>
            <bh_amt7>0.00</bh_amt7>
            <bh_flowflag/>
            <bh_signflag/>
            <bh_signno/>
            <mj_subprojectno_na>03 - 國內藏族之聯繫輔導及西藏事務人才之培育</mj_subprojectno_na>
        </BCTDHELPPLAN_row>
    </BCTDHELPPLAN>
</tables>
