<?xml version="1.0"?>
<?mso-application progid="Excel.Sheet"?>
<Workbook xmlns="urn:schemas-microsoft-com:office:spreadsheet"
 xmlns:o="urn:schemas-microsoft-com:office:office"
 xmlns:x="urn:schemas-microsoft-com:office:excel"
 xmlns:ss="urn:schemas-microsoft-com:office:spreadsheet"
 xmlns:html="http://www.w3.org/TR/REC-html40">
 <DocumentProperties xmlns="urn:schemas-microsoft-com:office:office">
  <LastAuthor>user</LastAuthor>
  <Created>1997-01-14T01:50:29Z</Created>
  <LastSaved>2013-12-04T09:08:50Z</LastSaved>
  <Version>11.9999</Version>
 </DocumentProperties>
 <OfficeDocumentSettings xmlns="urn:schemas-microsoft-com:office:office">
  <DownloadComponents/>
  <LocationOfComponents HRef="file:///D:\office2003\"/>
 </OfficeDocumentSettings>
 <ExcelWorkbook xmlns="urn:schemas-microsoft-com:office:excel">
  <WindowHeight>4536</WindowHeight>
  <WindowWidth>8508</WindowWidth>
  <WindowTopX>5268</WindowTopX>
  <WindowTopY>2172</WindowTopY>
  <ProtectStructure>False</ProtectStructure>
  <ProtectWindows>False</ProtectWindows>
  <DisplayInkNotes>False</DisplayInkNotes>
 </ExcelWorkbook>
 <Styles>
  <Style ss:ID="Default" ss:Name="Normal">
   <Alignment ss:Vertical="Bottom"/>
   <Borders/>
   <Font ss:FontName="新細明體" x:CharSet="136" x:Family="Roman" ss:Size="12"/>
   <Interior/>
   <NumberFormat/>
   <Protection/>
  </Style>
  <Style ss:ID="m46226736">
   <Alignment ss:Horizontal="Center" ss:Vertical="Center" ss:WrapText="1"/>
   <Borders>
    <Border ss:Position="Bottom" ss:LineStyle="Continuous" ss:Weight="1"/>
    <Border ss:Position="Right" ss:LineStyle="Continuous" ss:Weight="1"/>
    <Border ss:Position="Top" ss:LineStyle="Continuous" ss:Weight="1"/>
   </Borders>
  </Style>
  <Style ss:ID="m46226746">
   <Alignment ss:Horizontal="Center" ss:Vertical="Center" ss:WrapText="1"/>
   <Borders>
    <Border ss:Position="Bottom" ss:LineStyle="Continuous" ss:Weight="1"/>
    <Border ss:Position="Left" ss:LineStyle="Continuous" ss:Weight="1"/>
    <Border ss:Position="Right" ss:LineStyle="Continuous" ss:Weight="1"/>
    <Border ss:Position="Top" ss:LineStyle="Continuous" ss:Weight="1"/>
   </Borders>
  </Style>
  <Style ss:ID="s62">
   <Alignment ss:Vertical="Center" ss:WrapText="1"/>
  </Style>
  <Style ss:ID="s63">
   <Alignment ss:Horizontal="Center" ss:Vertical="Center" ss:WrapText="1"/>
   <Borders>
    <Border ss:Position="Left" ss:LineStyle="Continuous" ss:Weight="1"/>
    <Border ss:Position="Right" ss:LineStyle="Continuous" ss:Weight="1"/>
    <Border ss:Position="Top" ss:LineStyle="Continuous" ss:Weight="1"/>
   </Borders>
  </Style>
  <Style ss:ID="s64">
   <Alignment ss:Horizontal="Center" ss:Vertical="Center" ss:WrapText="1"/>
   <Borders>
    <Border ss:Position="Right" ss:LineStyle="Continuous" ss:Weight="1"/>
    <Border ss:Position="Top" ss:LineStyle="Continuous" ss:Weight="1"/>
   </Borders>
  </Style>
  <Style ss:ID="s65">
   <Alignment ss:Horizontal="Center" ss:Vertical="Center" ss:WrapText="1"/>
  </Style>
  <Style ss:ID="s66">
   <Alignment ss:Horizontal="Left" ss:Vertical="Center" ss:WrapText="1"/>
  </Style>
  <Style ss:ID="s69">
   <Alignment ss:Horizontal="Right" ss:Vertical="Center" ss:WrapText="1"/>
   <NumberFormat ss:Format="#,##0_ "/>
  </Style>
  <Style ss:ID="s70">
   <Alignment ss:Horizontal="Center" ss:Vertical="Center" ss:WrapText="1"/>
   <Borders>
    <Border ss:Position="Bottom" ss:LineStyle="Continuous" ss:Weight="1"/>
    <Border ss:Position="Left" ss:LineStyle="Continuous" ss:Weight="1"/>
    <Border ss:Position="Top" ss:LineStyle="Continuous" ss:Weight="1"/>
   </Borders>
  </Style>
  <Style ss:ID="s71">
   <Alignment ss:Horizontal="Right" ss:Vertical="Center" ss:WrapText="1"/>
  </Style>
  <Style ss:ID="s72">
   <Alignment ss:Horizontal="Center" ss:Vertical="Center" ss:WrapText="1"/>
   <Borders/>
   <NumberFormat ss:Format="#,##0_ "/>
  </Style>
  <Style ss:ID="s80">
   <Alignment ss:Horizontal="Center" ss:Vertical="Center" ss:WrapText="1"/>
   <Borders>
    <Border ss:Position="Right" ss:LineStyle="Continuous" ss:Weight="1"
     ss:Color="#000000"/>
    <Border ss:Position="Top" ss:LineStyle="Continuous" ss:Weight="1"
     ss:Color="#000000"/>
   </Borders>
   <Protection/>
  </Style>
  <Style ss:ID="s81">
   <Alignment ss:Horizontal="Center" ss:Vertical="Center" ss:WrapText="1"/>
   <Borders>
    <Border ss:Position="Left" ss:LineStyle="Continuous" ss:Weight="1"
     ss:Color="#000000"/>
    <Border ss:Position="Right" ss:LineStyle="Continuous" ss:Weight="1"
     ss:Color="#000000"/>
    <Border ss:Position="Top" ss:LineStyle="Continuous" ss:Weight="1"
     ss:Color="#000000"/>
   </Borders>
   <Protection/>
  </Style>
  <Style ss:ID="s82">
   <Alignment ss:Horizontal="Left" ss:Vertical="Center" ss:WrapText="1"/>
   <Borders>
    <Border ss:Position="Left" ss:LineStyle="Continuous" ss:Weight="1"
     ss:Color="#000000"/>
    <Border ss:Position="Right" ss:LineStyle="Continuous" ss:Weight="1"
     ss:Color="#000000"/>
    <Border ss:Position="Top" ss:LineStyle="Continuous" ss:Weight="1"
     ss:Color="#000000"/>
   </Borders>
   <Protection/>
  </Style>
  <Style ss:ID="s83">
   <Alignment ss:Horizontal="Right" ss:Vertical="Center" ss:WrapText="1"/>
   <Borders>
    <Border ss:Position="Left" ss:LineStyle="Continuous" ss:Weight="1"
     ss:Color="#000000"/>
    <Border ss:Position="Right" ss:LineStyle="Continuous" ss:Weight="1"
     ss:Color="#000000"/>
    <Border ss:Position="Top" ss:LineStyle="Continuous" ss:Weight="1"
     ss:Color="#000000"/>
   </Borders>
   <Protection/>
  </Style>
  <Style ss:ID="s84">
   <Alignment ss:Horizontal="Right" ss:Vertical="Center" ss:WrapText="1"/>
   <Borders>
    <Border ss:Position="Left" ss:LineStyle="Continuous" ss:Weight="1"
     ss:Color="#000000"/>
    <Border ss:Position="Top" ss:LineStyle="Continuous" ss:Weight="1"
     ss:Color="#000000"/>
   </Borders>
   <Protection/>
  </Style>
  <Style ss:ID="s85">
   <Alignment ss:Horizontal="Center" ss:Vertical="Center" ss:WrapText="1"/>
   <Borders>
    <Border ss:Position="Right" ss:LineStyle="Continuous" ss:Weight="1"
     ss:Color="#000000"/>
   </Borders>
   <Protection/>
  </Style>
  <Style ss:ID="s86">
   <Alignment ss:Horizontal="Center" ss:Vertical="Center" ss:WrapText="1"/>
   <Borders>
    <Border ss:Position="Left" ss:LineStyle="Continuous" ss:Weight="1"
     ss:Color="#000000"/>
    <Border ss:Position="Right" ss:LineStyle="Continuous" ss:Weight="1"
     ss:Color="#000000"/>
   </Borders>
   <Protection/>
  </Style>
  <Style ss:ID="s87">
   <Alignment ss:Horizontal="Left" ss:Vertical="Center" ss:WrapText="1"/>
   <Borders>
    <Border ss:Position="Left" ss:LineStyle="Continuous" ss:Weight="1"
     ss:Color="#000000"/>
    <Border ss:Position="Right" ss:LineStyle="Continuous" ss:Weight="1"
     ss:Color="#000000"/>
   </Borders>
   <Protection/>
  </Style>
  <Style ss:ID="s88">
   <Alignment ss:Horizontal="Right" ss:Vertical="Center" ss:WrapText="1"/>
   <Borders>
    <Border ss:Position="Left" ss:LineStyle="Continuous" ss:Weight="1"
     ss:Color="#000000"/>
    <Border ss:Position="Right" ss:LineStyle="Continuous" ss:Weight="1"
     ss:Color="#000000"/>
   </Borders>
   <Protection/>
  </Style>
  <Style ss:ID="s96">
   <Alignment ss:Horizontal="Right" ss:Vertical="Center" ss:WrapText="1"/>
   <Borders>
    <Border ss:Position="Left" ss:LineStyle="Continuous" ss:Weight="1"
     ss:Color="#000000"/>
   </Borders>
   <Protection/>
  </Style>
  <Style ss:ID="s97">
   <Alignment ss:Horizontal="Center" ss:Vertical="Center" ss:WrapText="1"/>
   <Borders>
    <Border ss:Position="Bottom" ss:LineStyle="Continuous" ss:Weight="1"
     ss:Color="#000000"/>
    <Border ss:Position="Right" ss:LineStyle="Continuous" ss:Weight="1"
     ss:Color="#000000"/>
   </Borders>
   <Protection/>
  </Style>
  <Style ss:ID="s98">
   <Alignment ss:Horizontal="Center" ss:Vertical="Center" ss:WrapText="1"/>
   <Borders>
    <Border ss:Position="Bottom" ss:LineStyle="Continuous" ss:Weight="1"
     ss:Color="#000000"/>
    <Border ss:Position="Left" ss:LineStyle="Continuous" ss:Weight="1"
     ss:Color="#000000"/>
    <Border ss:Position="Right" ss:LineStyle="Continuous" ss:Weight="1"
     ss:Color="#000000"/>
   </Borders>
   <Protection/>
  </Style>
  <Style ss:ID="s99">
   <Alignment ss:Horizontal="Left" ss:Vertical="Center" ss:WrapText="1"/>
   <Borders>
    <Border ss:Position="Bottom" ss:LineStyle="Continuous" ss:Weight="1"
     ss:Color="#000000"/>
    <Border ss:Position="Left" ss:LineStyle="Continuous" ss:Weight="1"
     ss:Color="#000000"/>
    <Border ss:Position="Right" ss:LineStyle="Continuous" ss:Weight="1"
     ss:Color="#000000"/>
   </Borders>
   <Protection/>
  </Style>
  <Style ss:ID="s100">
   <Alignment ss:Horizontal="Right" ss:Vertical="Center" ss:WrapText="1"/>
   <Borders>
    <Border ss:Position="Bottom" ss:LineStyle="Continuous" ss:Weight="1"
     ss:Color="#000000"/>
    <Border ss:Position="Left" ss:LineStyle="Continuous" ss:Weight="1"
     ss:Color="#000000"/>
    <Border ss:Position="Right" ss:LineStyle="Continuous" ss:Weight="1"
     ss:Color="#000000"/>
   </Borders>
   <Protection/>
  </Style>
  <Style ss:ID="s101">
   <Alignment ss:Horizontal="Right" ss:Vertical="Center" ss:WrapText="1"/>
   <Borders>
    <Border ss:Position="Bottom" ss:LineStyle="Continuous" ss:Weight="1"
     ss:Color="#000000"/>
    <Border ss:Position="Left" ss:LineStyle="Continuous" ss:Weight="1"
     ss:Color="#000000"/>
   </Borders>
   <Protection/>
  </Style>
  <Style ss:ID="s102">
   <Alignment ss:Horizontal="Center" ss:Vertical="Center" ss:WrapText="1"/>
   <Font ss:FontName="新細明體" x:CharSet="136" x:Family="Roman" ss:Size="12"
    ss:Bold="1"/>
  </Style>
  <Style ss:ID="s103">
   <Alignment ss:Horizontal="Center" ss:Vertical="Center" ss:WrapText="1"/>
   <Borders>
    <Border ss:Position="Left" ss:LineStyle="Continuous" ss:Weight="1"/>
    <Border ss:Position="Top" ss:LineStyle="Continuous" ss:Weight="1"/>
   </Borders>
  </Style>
  <Style ss:ID="s108">
   <Alignment ss:Horizontal="Center" ss:Vertical="Center" ss:WrapText="1"/>
   <Borders>
    <Border ss:Position="Bottom" ss:LineStyle="Continuous" ss:Weight="1"/>
   </Borders>
  </Style>
  <Style ss:ID="s109">
   <Alignment ss:Horizontal="Right" ss:Vertical="Center" ss:WrapText="1"/>
   <Borders>
    <Border ss:Position="Bottom" ss:LineStyle="Continuous" ss:Weight="1"/>
   </Borders>
  </Style>
 </Styles>
 <Worksheet ss:Name="Sheet1">
  <Table ss:ExpandedColumnCount="256" ss:ExpandedRowCount="8" x:FullColumns="1"
   x:FullRows="1" ss:StyleID="s62" ss:DefaultRowHeight="16.2">
   <Column ss:StyleID="s65" ss:AutoFitWidth="0" ss:Width="16.2" ss:Span="1"/>
   <Column ss:Index="3" ss:StyleID="s66" ss:AutoFitWidth="0" ss:Width="130.2"/>
   <Column ss:StyleID="s71" ss:AutoFitWidth="0" ss:Width="91.199999999999989"/>
   <Column ss:StyleID="s71" ss:AutoFitWidth="0" ss:Width="81.6"/>
   <Column ss:StyleID="s69" ss:AutoFitWidth="0" ss:Width="82.199999999999989"/>
   <Column ss:StyleID="s71" ss:AutoFitWidth="0" ss:Width="84.600000000000009"/>
   <Column ss:StyleID="s71" ss:AutoFitWidth="0" ss:Width="80.4"/>
   <Column ss:StyleID="s71" ss:AutoFitWidth="0" ss:Width="82.199999999999989"/>
   <Column ss:StyleID="s71" ss:AutoFitWidth="0" ss:Width="80.4"/>
   <Column ss:StyleID="s71" ss:AutoFitWidth="0" ss:Width="82.199999999999989"/>
   <Column ss:StyleID="s71" ss:AutoFitWidth="0" ss:Width="76.2"/>
   <Column ss:StyleID="s62" ss:AutoFitWidth="0" ss:Width="160.20000000000002"/>
   <Column ss:StyleID="s62" ss:AutoFitWidth="0" ss:Width="48.6" ss:Span="242"/>
   <Row>
    <Cell ss:MergeAcross="11" ss:StyleID="s102"><Data ss:Type="String">蒙藏委員會主管</Data></Cell>
   </Row>
   <Row ss:AutoFitHeight="0" ss:Height="16.5">
    <Cell ss:MergeAcross="11" ss:StyleID="s102"><Data ss:Type="String">各機關歲入來源別科目分析表</Data></Cell>
   </Row>
   <Row ss:AutoFitHeight="0" ss:Height="16.5">
    <Cell ss:MergeAcross="4" ss:StyleID="s108"><Data ss:Type="String">                           </Data></Cell>
    <Cell ss:MergeAcross="2" ss:StyleID="s108"><Data ss:Type="String">中華民國106年度</Data></Cell>
    <Cell ss:MergeAcross="3" ss:StyleID="s109"><Data ss:Type="String">單位：新臺幣千元</Data></Cell>
   </Row>
   <Row ss:AutoFitHeight="0" ss:Height="16.5">
    <Cell ss:MergeAcross="2" ss:StyleID="m46226736"><Data ss:Type="String">科               目</Data></Cell>
    <Cell ss:MergeAcross="6" ss:StyleID="m46226746"><Data ss:Type="String">經　　 　 常　　 　 收　　 　 入</Data></Cell>
    <Cell ss:StyleID="s70"><Data ss:Type="String">資 本 收 入</Data></Cell>
    <Cell ss:MergeDown="1" ss:StyleID="s103"><Data ss:Type="String">合 計</Data></Cell>
   </Row>
   <Row ss:Height="32.4">
    <Cell ss:StyleID="s64"><Data ss:Type="String">款</Data></Cell>
    <Cell ss:StyleID="s64"><Data ss:Type="String">項</Data></Cell>
    <Cell ss:StyleID="s63"><Data ss:Type="String">名       稱</Data></Cell>
    <Cell ss:StyleID="s63"><Data ss:Type="String">稅課收入</Data></Cell>
    <Cell ss:StyleID="s63"><Data ss:Type="String">罰款及賠償收入</Data></Cell>
    <Cell ss:StyleID="s72"><Data ss:Type="String">規費收入</Data></Cell>
    <Cell ss:StyleID="s63"><Data ss:Type="String">財產收入</Data></Cell>
    <Cell ss:StyleID="s63"><Data ss:Type="String">營業盈餘及&#10;事業收入</Data></Cell>
    <Cell ss:StyleID="s63"><Data ss:Type="String">捐獻及贈與收入</Data></Cell>
    <Cell ss:StyleID="s63"><Data ss:Type="String">其他收入</Data></Cell>
    <Cell ss:StyleID="s63"><Data ss:Type="String">財 產 收 入</Data></Cell>
   </Row>
   <Row>
    <Cell ss:StyleID="s80"/>
    <Cell ss:StyleID="s81"/>
    <Cell ss:StyleID="s82"><Data ss:Type="String">合                      計</Data></Cell>
    <Cell ss:StyleID="s83"><Data ss:Type="String">-</Data></Cell>
    <Cell ss:StyleID="s83"><Data ss:Type="String">-</Data></Cell>
    <Cell ss:StyleID="s83"><Data ss:Type="String">-</Data></Cell>
    <Cell ss:StyleID="s83"><Data ss:Type="String">-</Data></Cell>
    <Cell ss:StyleID="s83"><Data ss:Type="String">-</Data></Cell>
    <Cell ss:StyleID="s83"><Data ss:Type="String">-</Data></Cell>
    <Cell ss:StyleID="s83"><Data ss:Type="Number">242</Data></Cell>
    <Cell ss:StyleID="s83"><Data ss:Type="String">-</Data></Cell>
    <Cell ss:StyleID="s84"><Data ss:Type="Number">242</Data></Cell>
   </Row>
   <Row ss:AutoFitHeight="0" ss:Height="16.5">
    <Cell ss:StyleID="s85"><Data ss:Type="Number">16</Data></Cell>
    <Cell ss:StyleID="s86"/>
    <Cell ss:StyleID="s87"><Data ss:Type="String">蒙藏委員會主管</Data></Cell>
    <Cell ss:StyleID="s88"><Data ss:Type="String">-</Data></Cell>
    <Cell ss:StyleID="s88"><Data ss:Type="String">-</Data></Cell>
    <Cell ss:StyleID="s88"><Data ss:Type="String">-</Data></Cell>
    <Cell ss:StyleID="s88"><Data ss:Type="String">-</Data></Cell>
    <Cell ss:StyleID="s88"><Data ss:Type="String">-</Data></Cell>
    <Cell ss:StyleID="s88"><Data ss:Type="String">-</Data></Cell>
    <Cell ss:StyleID="s88"><Data ss:Type="Number">242</Data></Cell>
    <Cell ss:StyleID="s88"><Data ss:Type="String">-</Data></Cell>
    <Cell ss:StyleID="s96"><Data ss:Type="Number">242</Data></Cell>
   </Row>
   <Row ss:AutoFitHeight="0" ss:Height="16.5">
    <Cell ss:StyleID="s97"><Data ss:Type="Number">16</Data></Cell>
    <Cell ss:StyleID="s98"><Data ss:Type="Number">1</Data></Cell>
    <Cell ss:StyleID="s99"><Data ss:Type="String">蒙藏委員會</Data></Cell>
    <Cell ss:StyleID="s100"><Data ss:Type="String">-</Data></Cell>
    <Cell ss:StyleID="s100"><Data ss:Type="String">-</Data></Cell>
    <Cell ss:StyleID="s100"><Data ss:Type="String">-</Data></Cell>
    <Cell ss:StyleID="s100"><Data ss:Type="String">-</Data></Cell>
    <Cell ss:StyleID="s100"><Data ss:Type="String">-</Data></Cell>
    <Cell ss:StyleID="s100"><Data ss:Type="String">-</Data></Cell>
    <Cell ss:StyleID="s100"><Data ss:Type="Number">242</Data></Cell>
    <Cell ss:StyleID="s100"><Data ss:Type="String">-</Data></Cell>
    <Cell ss:StyleID="s101"><Data ss:Type="Number">242</Data></Cell>
   </Row>
  </Table>
  <WorksheetOptions xmlns="urn:schemas-microsoft-com:office:excel">
   <PageSetup>
    <Layout x:Orientation="Landscape"/>
   </PageSetup>
   <Print>
    <ValidPrinterInfo/>
    <PaperSizeIndex>9</PaperSizeIndex>
    <HorizontalResolution>600</HorizontalResolution>
    <VerticalResolution>600</VerticalResolution>
   </Print>
   <Selected/>
   <Panes>
    <Pane>
     <Number>3</Number>
     <ActiveRow>4</ActiveRow>
    </Pane>
   </Panes>
   <ProtectObjects>False</ProtectObjects>
   <ProtectScenarios>False</ProtectScenarios>
  </WorksheetOptions>
 </Worksheet>
</Workbook>
