<?xml version="1.0"?>
<?mso-application progid="Excel.Sheet"?>
<Workbook xmlns="urn:schemas-microsoft-com:office:spreadsheet"
 xmlns:o="urn:schemas-microsoft-com:office:office"
 xmlns:x="urn:schemas-microsoft-com:office:excel"
 xmlns:ss="urn:schemas-microsoft-com:office:spreadsheet"
 xmlns:html="http://www.w3.org/TR/REC-html40">
 <DocumentProperties xmlns="urn:schemas-microsoft-com:office:office">
  <LastAuthor>user</LastAuthor>
  <Created>1997-01-14T01:50:29Z</Created>
  <LastSaved>2014-11-03T07:53:26Z</LastSaved>
  <Version>11.9999</Version>
 </DocumentProperties>
 <OfficeDocumentSettings xmlns="urn:schemas-microsoft-com:office:office">
  <DownloadComponents/>
  <LocationOfComponents HRef="file:///D:\office2003\"/>
 </OfficeDocumentSettings>
 <ExcelWorkbook xmlns="urn:schemas-microsoft-com:office:excel">
  <WindowHeight>4536</WindowHeight>
  <WindowWidth>8508</WindowWidth>
  <WindowTopX>5268</WindowTopX>
  <WindowTopY>2172</WindowTopY>
  <ProtectStructure>False</ProtectStructure>
  <ProtectWindows>False</ProtectWindows>
  <DisplayInkNotes>False</DisplayInkNotes>
 </ExcelWorkbook>
 <Styles>
  <Style ss:ID="Default" ss:Name="Normal">
   <Alignment ss:Vertical="Bottom"/>
   <Borders/>
   <Font ss:FontName="新細明體" x:CharSet="136" x:Family="Roman" ss:Size="12"/>
   <Interior/>
   <NumberFormat/>
   <Protection/>
  </Style>
  <Style ss:ID="m46947808">
   <Alignment ss:Horizontal="Center" ss:Vertical="Center" ss:WrapText="1"/>
   <Borders>
    <Border ss:Position="Left" ss:LineStyle="Continuous" ss:Weight="1"/>
    <Border ss:Position="Right" ss:LineStyle="Continuous" ss:Weight="1"/>
    <Border ss:Position="Top" ss:LineStyle="Continuous" ss:Weight="1"/>
   </Borders>
  </Style>
  <Style ss:ID="m46947848">
   <Alignment ss:Horizontal="Center" ss:Vertical="Center" ss:WrapText="1"/>
   <Borders>
    <Border ss:Position="Bottom" ss:LineStyle="Continuous" ss:Weight="1"/>
    <Border ss:Position="Right" ss:LineStyle="Continuous" ss:Weight="1"/>
    <Border ss:Position="Top" ss:LineStyle="Continuous" ss:Weight="1"/>
   </Borders>
  </Style>
  <Style ss:ID="m46947858">
   <Alignment ss:Horizontal="Center" ss:Vertical="Center" ss:WrapText="1"/>
   <Borders>
    <Border ss:Position="Left" ss:LineStyle="Continuous" ss:Weight="1"/>
    <Border ss:Position="Right" ss:LineStyle="Continuous" ss:Weight="1"/>
    <Border ss:Position="Top" ss:LineStyle="Continuous" ss:Weight="1"/>
   </Borders>
  </Style>
  <Style ss:ID="s62">
   <Alignment ss:Vertical="Center" ss:WrapText="1"/>
  </Style>
  <Style ss:ID="s63">
   <Alignment ss:Horizontal="Right" ss:Vertical="Center" ss:WrapText="1"/>
  </Style>
  <Style ss:ID="s64">
   <Alignment ss:Horizontal="Center" ss:Vertical="Center" ss:WrapText="1"/>
   <Borders/>
  </Style>
  <Style ss:ID="s65">
   <Alignment ss:Horizontal="Center" ss:Vertical="Center" ss:WrapText="1"/>
   <Borders>
    <Border ss:Position="Left" ss:LineStyle="Continuous" ss:Weight="1"/>
    <Border ss:Position="Right" ss:LineStyle="Continuous" ss:Weight="1"/>
    <Border ss:Position="Top" ss:LineStyle="Continuous" ss:Weight="1"/>
   </Borders>
  </Style>
  <Style ss:ID="s66">
   <Alignment ss:Horizontal="Center" ss:Vertical="Center" ss:WrapText="1"/>
   <Font ss:FontName="新細明體" x:CharSet="136" x:Family="Roman" ss:Size="12"
    ss:Bold="1"/>
  </Style>
  <Style ss:ID="s67">
   <Alignment ss:Horizontal="Center" ss:Vertical="Center" ss:WrapText="1"/>
   <Borders>
    <Border ss:Position="Right" ss:LineStyle="Continuous" ss:Weight="1"/>
    <Border ss:Position="Top" ss:LineStyle="Continuous" ss:Weight="1"/>
   </Borders>
  </Style>
  <Style ss:ID="s68">
   <Alignment ss:Horizontal="Center" ss:Vertical="Center" ss:WrapText="1"/>
  </Style>
  <Style ss:ID="s70">
   <Alignment ss:Horizontal="Left" ss:Vertical="Center" ss:WrapText="1"/>
  </Style>
  <Style ss:ID="s80">
   <Alignment ss:Horizontal="Center" ss:Vertical="Center" ss:WrapText="1"/>
   <Borders>
    <Border ss:Position="Right" ss:LineStyle="Continuous" ss:Weight="1"
     ss:Color="#000000"/>
    <Border ss:Position="Top" ss:LineStyle="Continuous" ss:Weight="1"
     ss:Color="#000000"/>
   </Borders>
   <Protection/>
  </Style>
  <Style ss:ID="s81">
   <Alignment ss:Horizontal="Center" ss:Vertical="Center" ss:WrapText="1"/>
   <Borders>
    <Border ss:Position="Left" ss:LineStyle="Continuous" ss:Weight="1"
     ss:Color="#000000"/>
    <Border ss:Position="Right" ss:LineStyle="Continuous" ss:Weight="1"
     ss:Color="#000000"/>
    <Border ss:Position="Top" ss:LineStyle="Continuous" ss:Weight="1"
     ss:Color="#000000"/>
   </Borders>
   <Protection/>
  </Style>
  <Style ss:ID="s82">
   <Alignment ss:Horizontal="Left" ss:Vertical="Center" ss:WrapText="1"/>
   <Borders>
    <Border ss:Position="Left" ss:LineStyle="Continuous" ss:Weight="1"
     ss:Color="#000000"/>
    <Border ss:Position="Right" ss:LineStyle="Continuous" ss:Weight="1"
     ss:Color="#000000"/>
    <Border ss:Position="Top" ss:LineStyle="Continuous" ss:Weight="1"
     ss:Color="#000000"/>
   </Borders>
   <Protection/>
  </Style>
  <Style ss:ID="s83">
   <Alignment ss:Horizontal="Right" ss:Vertical="Center" ss:WrapText="1"/>
   <Borders>
    <Border ss:Position="Left" ss:LineStyle="Continuous" ss:Weight="1"
     ss:Color="#000000"/>
    <Border ss:Position="Right" ss:LineStyle="Continuous" ss:Weight="1"
     ss:Color="#000000"/>
    <Border ss:Position="Top" ss:LineStyle="Continuous" ss:Weight="1"
     ss:Color="#000000"/>
   </Borders>
   <Protection/>
  </Style>
  <Style ss:ID="s84">
   <Alignment ss:Horizontal="Left" ss:Vertical="Center" ss:WrapText="1"/>
   <Borders>
    <Border ss:Position="Left" ss:LineStyle="Continuous" ss:Weight="1"
     ss:Color="#000000"/>
    <Border ss:Position="Top" ss:LineStyle="Continuous" ss:Weight="1"
     ss:Color="#000000"/>
   </Borders>
   <Protection/>
  </Style>
  <Style ss:ID="s85">
   <Alignment ss:Horizontal="Center" ss:Vertical="Center" ss:WrapText="1"/>
   <Borders>
    <Border ss:Position="Right" ss:LineStyle="Continuous" ss:Weight="1"
     ss:Color="#000000"/>
   </Borders>
   <Protection/>
  </Style>
  <Style ss:ID="s86">
   <Alignment ss:Horizontal="Center" ss:Vertical="Center" ss:WrapText="1"/>
   <Borders>
    <Border ss:Position="Left" ss:LineStyle="Continuous" ss:Weight="1"
     ss:Color="#000000"/>
    <Border ss:Position="Right" ss:LineStyle="Continuous" ss:Weight="1"
     ss:Color="#000000"/>
   </Borders>
   <Protection/>
  </Style>
  <Style ss:ID="s87">
   <Alignment ss:Horizontal="Left" ss:Vertical="Center" ss:WrapText="1"/>
   <Borders>
    <Border ss:Position="Left" ss:LineStyle="Continuous" ss:Weight="1"
     ss:Color="#000000"/>
    <Border ss:Position="Right" ss:LineStyle="Continuous" ss:Weight="1"
     ss:Color="#000000"/>
   </Borders>
   <Protection/>
  </Style>
  <Style ss:ID="s96">
   <Alignment ss:Horizontal="Right" ss:Vertical="Center" ss:WrapText="1"/>
   <Borders>
    <Border ss:Position="Left" ss:LineStyle="Continuous" ss:Weight="1"
     ss:Color="#000000"/>
    <Border ss:Position="Right" ss:LineStyle="Continuous" ss:Weight="1"
     ss:Color="#000000"/>
   </Borders>
   <Protection/>
  </Style>
  <Style ss:ID="s97">
   <Alignment ss:Horizontal="Left" ss:Vertical="Center" ss:WrapText="1"/>
   <Borders>
    <Border ss:Position="Left" ss:LineStyle="Continuous" ss:Weight="1"
     ss:Color="#000000"/>
   </Borders>
   <Protection/>
  </Style>
  <Style ss:ID="s98">
   <Alignment ss:Horizontal="Center" ss:Vertical="Center" ss:WrapText="1"/>
   <Borders>
    <Border ss:Position="Bottom" ss:LineStyle="Continuous" ss:Weight="1"
     ss:Color="#000000"/>
    <Border ss:Position="Right" ss:LineStyle="Continuous" ss:Weight="1"
     ss:Color="#000000"/>
   </Borders>
   <Protection/>
  </Style>
  <Style ss:ID="s99">
   <Alignment ss:Horizontal="Center" ss:Vertical="Center" ss:WrapText="1"/>
   <Borders>
    <Border ss:Position="Bottom" ss:LineStyle="Continuous" ss:Weight="1"
     ss:Color="#000000"/>
    <Border ss:Position="Left" ss:LineStyle="Continuous" ss:Weight="1"
     ss:Color="#000000"/>
    <Border ss:Position="Right" ss:LineStyle="Continuous" ss:Weight="1"
     ss:Color="#000000"/>
   </Borders>
   <Protection/>
  </Style>
  <Style ss:ID="s100">
   <Alignment ss:Horizontal="Left" ss:Vertical="Center" ss:WrapText="1"/>
   <Borders>
    <Border ss:Position="Bottom" ss:LineStyle="Continuous" ss:Weight="1"
     ss:Color="#000000"/>
    <Border ss:Position="Left" ss:LineStyle="Continuous" ss:Weight="1"
     ss:Color="#000000"/>
    <Border ss:Position="Right" ss:LineStyle="Continuous" ss:Weight="1"
     ss:Color="#000000"/>
   </Borders>
   <Protection/>
  </Style>
  <Style ss:ID="s101">
   <Alignment ss:Horizontal="Right" ss:Vertical="Center" ss:WrapText="1"/>
   <Borders>
    <Border ss:Position="Bottom" ss:LineStyle="Continuous" ss:Weight="1"
     ss:Color="#000000"/>
    <Border ss:Position="Left" ss:LineStyle="Continuous" ss:Weight="1"
     ss:Color="#000000"/>
    <Border ss:Position="Right" ss:LineStyle="Continuous" ss:Weight="1"
     ss:Color="#000000"/>
   </Borders>
   <Protection/>
  </Style>
  <Style ss:ID="s102">
   <Alignment ss:Horizontal="Left" ss:Vertical="Center" ss:WrapText="1"/>
   <Borders>
    <Border ss:Position="Bottom" ss:LineStyle="Continuous" ss:Weight="1"
     ss:Color="#000000"/>
    <Border ss:Position="Left" ss:LineStyle="Continuous" ss:Weight="1"
     ss:Color="#000000"/>
   </Borders>
   <Protection/>
  </Style>
  <Style ss:ID="s106">
   <Alignment ss:Horizontal="Center" ss:Vertical="Center" ss:WrapText="1"/>
   <Borders>
    <Border ss:Position="Left" ss:LineStyle="Continuous" ss:Weight="1"/>
    <Border ss:Position="Top" ss:LineStyle="Continuous" ss:Weight="1"/>
   </Borders>
  </Style>
  <Style ss:ID="s108">
   <Alignment ss:Horizontal="Center" ss:Vertical="Center" ss:WrapText="1"/>
   <Borders>
    <Border ss:Position="Bottom" ss:LineStyle="Continuous" ss:Weight="1"/>
   </Borders>
  </Style>
 </Styles>
 <Worksheet ss:Name="Sheet1">
  <Table ss:ExpandedColumnCount="256" ss:ExpandedRowCount="22" x:FullColumns="1"
   x:FullRows="1" ss:StyleID="s62" ss:DefaultRowHeight="16.2">
   <Column ss:StyleID="s68" ss:AutoFitWidth="0" ss:Width="18"/>
   <Column ss:StyleID="s68" ss:AutoFitWidth="0" ss:Width="18.6"/>
   <Column ss:StyleID="s68" ss:AutoFitWidth="0" ss:Width="15.600000000000001"/>
   <Column ss:StyleID="s68" ss:AutoFitWidth="0" ss:Width="16.8"/>
   <Column ss:StyleID="s70" ss:AutoFitWidth="0" ss:Width="85.2"/>
   <Column ss:StyleID="s70" ss:AutoFitWidth="0" ss:Width="72" ss:Span="3"/>
   <Column ss:Index="10" ss:StyleID="s70" ss:AutoFitWidth="0" ss:Width="92.4"/>
   <Column ss:StyleID="s62" ss:AutoFitWidth="0" ss:Width="92.4"/>
   <Column ss:StyleID="s62" ss:Width="40.2" ss:Span="3"/>
   <Column ss:Index="16" ss:StyleID="s62" ss:Width="75"/>
   <Column ss:StyleID="s62" ss:Width="32.4"/>
   <Column ss:StyleID="s62" ss:AutoFitWidth="0" ss:Width="160.20000000000002"/>
   <Column ss:StyleID="s62" ss:AutoFitWidth="0" ss:Width="48.6" ss:Span="237"/>
   <Row>
    <Cell ss:MergeAcross="9" ss:StyleID="s66"><Data ss:Type="String">蒙藏委員會主管</Data></Cell>
    <Cell ss:StyleID="s66"/>
   </Row>
   <Row ss:AutoFitHeight="0" ss:Height="16.5">
    <Cell ss:MergeAcross="9" ss:StyleID="s66"><Data ss:Type="String">歲入來源別預算表</Data></Cell>
    <Cell ss:StyleID="s66"/>
   </Row>
   <Row ss:Height="32.4">
    <Cell ss:MergeAcross="3" ss:StyleID="s108"><Data ss:Type="String">經資門併計</Data></Cell>
    <Cell ss:MergeAcross="4" ss:StyleID="s108"><Data ss:Type="String">中華民國106年度</Data></Cell>
    <Cell ss:StyleID="s68"><Data ss:Type="String">單位：新臺幣千元</Data></Cell>
    <Cell ss:StyleID="s63"/>
   </Row>
   <Row ss:AutoFitHeight="0" ss:Height="16.5">
    <Cell ss:MergeAcross="4" ss:StyleID="m46947848"><Data ss:Type="String">科                      目</Data></Cell>
    <Cell ss:MergeDown="1" ss:StyleID="m46947858"><Data ss:Type="String">本年度預算數</Data></Cell>
    <Cell ss:MergeDown="1" ss:StyleID="s65"><Data ss:Type="String">上年度預算數</Data></Cell>
    <Cell ss:MergeDown="1" ss:StyleID="s65"><Data ss:Type="String">前年度決算數</Data></Cell>
    <Cell ss:MergeDown="1" ss:StyleID="m46947808"><Data ss:Type="String">本年度&#10;與上年度比較</Data></Cell>
    <Cell ss:MergeDown="1" ss:StyleID="s106"><Data ss:Type="String">說   明</Data></Cell>
    <Cell ss:StyleID="s64"/>
   </Row>
   <Row>
    <Cell ss:StyleID="s67"><Data ss:Type="String">款</Data></Cell>
    <Cell ss:StyleID="s65"><Data ss:Type="String">項</Data></Cell>
    <Cell ss:StyleID="s65"><Data ss:Type="String">目</Data></Cell>
    <Cell ss:StyleID="s65"><Data ss:Type="String">節</Data></Cell>
    <Cell ss:StyleID="s65"><Data ss:Type="String">名稱及編號</Data></Cell>
    <Cell ss:Index="11" ss:StyleID="s64"/>
   </Row>
   <Row ss:Height="32.4">
    <Cell ss:StyleID="s80"/>
    <Cell ss:StyleID="s81"/>
    <Cell ss:StyleID="s81"/>
    <Cell ss:StyleID="s81"/>
    <Cell ss:StyleID="s82"><Data ss:Type="String">&#10;合         計</Data></Cell>
    <Cell ss:StyleID="s83"><Data ss:Type="Number">242</Data></Cell>
    <Cell ss:StyleID="s83"><Data ss:Type="Number">242</Data></Cell>
    <Cell ss:StyleID="s83"><Data ss:Type="Number">306</Data></Cell>
    <Cell ss:StyleID="s83"><Data ss:Type="String">-</Data></Cell>
    <Cell ss:StyleID="s84"><Data ss:Type="String"></Data></Cell>
    <Cell ss:StyleID="s64"/>
   </Row>
   <Row ss:AutoFitHeight="0" ss:Height="16.5">
    <Cell ss:StyleID="s85"><Data ss:Type="Number">2</Data></Cell>
    <Cell ss:StyleID="s86"/>
    <Cell ss:StyleID="s86"/>
    <Cell ss:StyleID="s86"/>
    <Cell ss:StyleID="s87"><Data ss:Type="String">0400000000&#10;罰款及賠償收入</Data></Cell>
    <Cell ss:StyleID="s96"><Data ss:Type="String">-</Data></Cell>
    <Cell ss:StyleID="s96"><Data ss:Type="String">-</Data></Cell>
    <Cell ss:StyleID="s96"><Data ss:Type="Number">38</Data></Cell>
    <Cell ss:StyleID="s96"><Data ss:Type="String">-</Data></Cell>
    <Cell ss:StyleID="s97"><Data ss:Type="String"></Data></Cell>
   </Row>
   <Row ss:AutoFitHeight="0" ss:Height="16.5">
    <Cell ss:StyleID="s85"/>
    <Cell ss:StyleID="s86"><Data ss:Type="Number">148</Data></Cell>
    <Cell ss:StyleID="s86"/>
    <Cell ss:StyleID="s86"/>
    <Cell ss:StyleID="s87"><Data ss:Type="String">0436010000&#10;蒙藏委員會</Data></Cell>
    <Cell ss:StyleID="s96"><Data ss:Type="String">-</Data></Cell>
    <Cell ss:StyleID="s96"><Data ss:Type="String">-</Data></Cell>
    <Cell ss:StyleID="s96"><Data ss:Type="Number">38</Data></Cell>
    <Cell ss:StyleID="s96"><Data ss:Type="String">-</Data></Cell>
    <Cell ss:StyleID="s97"><Data ss:Type="String"></Data></Cell>
   </Row>
   <Row ss:AutoFitHeight="0" ss:Height="16.5">
    <Cell ss:StyleID="s85"/>
    <Cell ss:StyleID="s86"/>
    <Cell ss:StyleID="s86"><Data ss:Type="Number">1</Data></Cell>
    <Cell ss:StyleID="s86"/>
    <Cell ss:StyleID="s87"><Data ss:Type="String">0436010300&#10;賠償收入</Data></Cell>
    <Cell ss:StyleID="s96"><Data ss:Type="String">-</Data></Cell>
    <Cell ss:StyleID="s96"><Data ss:Type="String">-</Data></Cell>
    <Cell ss:StyleID="s96"><Data ss:Type="Number">38</Data></Cell>
    <Cell ss:StyleID="s96"><Data ss:Type="String">-</Data></Cell>
    <Cell ss:StyleID="s97"><Data ss:Type="String"></Data></Cell>
   </Row>
   <Row ss:AutoFitHeight="0" ss:Height="16.5">
    <Cell ss:StyleID="s85"/>
    <Cell ss:StyleID="s86"/>
    <Cell ss:StyleID="s86"/>
    <Cell ss:StyleID="s86"><Data ss:Type="Number">1</Data></Cell>
    <Cell ss:StyleID="s87"><Data ss:Type="String">0436010301&#10;一般賠償收入</Data></Cell>
    <Cell ss:StyleID="s96"><Data ss:Type="String">-</Data></Cell>
    <Cell ss:StyleID="s96"><Data ss:Type="String">-</Data></Cell>
    <Cell ss:StyleID="s96"><Data ss:Type="Number">38</Data></Cell>
    <Cell ss:StyleID="s96"><Data ss:Type="String">-</Data></Cell>
    <Cell ss:StyleID="s97"><Data ss:Type="String">前年度決算數係廠商違約逾期交&#10;貨賠償收入。</Data></Cell>
   </Row>
   <Row ss:AutoFitHeight="0" ss:Height="16.5">
    <Cell ss:StyleID="s85"><Data ss:Type="Number">3</Data></Cell>
    <Cell ss:StyleID="s86"/>
    <Cell ss:StyleID="s86"/>
    <Cell ss:StyleID="s86"/>
    <Cell ss:StyleID="s87"><Data ss:Type="String">0500000000&#10;規費收入</Data></Cell>
    <Cell ss:StyleID="s96"><Data ss:Type="String">-</Data></Cell>
    <Cell ss:StyleID="s96"><Data ss:Type="String">-</Data></Cell>
    <Cell ss:StyleID="s96"><Data ss:Type="Number">10</Data></Cell>
    <Cell ss:StyleID="s96"><Data ss:Type="String">-</Data></Cell>
    <Cell ss:StyleID="s97"><Data ss:Type="String"></Data></Cell>
   </Row>
   <Row ss:AutoFitHeight="0" ss:Height="16.5">
    <Cell ss:StyleID="s85"/>
    <Cell ss:StyleID="s86"><Data ss:Type="Number">117</Data></Cell>
    <Cell ss:StyleID="s86"/>
    <Cell ss:StyleID="s86"/>
    <Cell ss:StyleID="s87"><Data ss:Type="String">0536010000&#10;蒙藏委員會</Data></Cell>
    <Cell ss:StyleID="s96"><Data ss:Type="String">-</Data></Cell>
    <Cell ss:StyleID="s96"><Data ss:Type="String">-</Data></Cell>
    <Cell ss:StyleID="s96"><Data ss:Type="Number">10</Data></Cell>
    <Cell ss:StyleID="s96"><Data ss:Type="String">-</Data></Cell>
    <Cell ss:StyleID="s97"><Data ss:Type="String"></Data></Cell>
   </Row>
   <Row ss:AutoFitHeight="0" ss:Height="16.5">
    <Cell ss:StyleID="s85"/>
    <Cell ss:StyleID="s86"/>
    <Cell ss:StyleID="s86"><Data ss:Type="Number">1</Data></Cell>
    <Cell ss:StyleID="s86"/>
    <Cell ss:StyleID="s87"><Data ss:Type="String">0536010300&#10;使用規費收入</Data></Cell>
    <Cell ss:StyleID="s96"><Data ss:Type="String">-</Data></Cell>
    <Cell ss:StyleID="s96"><Data ss:Type="String">-</Data></Cell>
    <Cell ss:StyleID="s96"><Data ss:Type="Number">10</Data></Cell>
    <Cell ss:StyleID="s96"><Data ss:Type="String">-</Data></Cell>
    <Cell ss:StyleID="s97"><Data ss:Type="String"></Data></Cell>
   </Row>
   <Row ss:AutoFitHeight="0" ss:Height="16.5">
    <Cell ss:StyleID="s85"/>
    <Cell ss:StyleID="s86"/>
    <Cell ss:StyleID="s86"/>
    <Cell ss:StyleID="s86"><Data ss:Type="Number">1</Data></Cell>
    <Cell ss:StyleID="s87"><Data ss:Type="String">0536010312&#10;場地設施使用費</Data></Cell>
    <Cell ss:StyleID="s96"><Data ss:Type="String">-</Data></Cell>
    <Cell ss:StyleID="s96"><Data ss:Type="String">-</Data></Cell>
    <Cell ss:StyleID="s96"><Data ss:Type="Number">10</Data></Cell>
    <Cell ss:StyleID="s96"><Data ss:Type="String">-</Data></Cell>
    <Cell ss:StyleID="s97"><Data ss:Type="String">前年度決算數係借用宿舍員工自&#10;薪資扣回繳庫數。</Data></Cell>
   </Row>
   <Row ss:AutoFitHeight="0" ss:Height="16.5">
    <Cell ss:StyleID="s85"><Data ss:Type="Number">4</Data></Cell>
    <Cell ss:StyleID="s86"/>
    <Cell ss:StyleID="s86"/>
    <Cell ss:StyleID="s86"/>
    <Cell ss:StyleID="s87"><Data ss:Type="String">0700000000&#10;財產收入</Data></Cell>
    <Cell ss:StyleID="s96"><Data ss:Type="String">-</Data></Cell>
    <Cell ss:StyleID="s96"><Data ss:Type="String">-</Data></Cell>
    <Cell ss:StyleID="s96"><Data ss:Type="Number">2</Data></Cell>
    <Cell ss:StyleID="s96"><Data ss:Type="String">-</Data></Cell>
    <Cell ss:StyleID="s97"><Data ss:Type="String"></Data></Cell>
   </Row>
   <Row ss:AutoFitHeight="0" ss:Height="16.5">
    <Cell ss:StyleID="s85"/>
    <Cell ss:StyleID="s86"><Data ss:Type="Number">168</Data></Cell>
    <Cell ss:StyleID="s86"/>
    <Cell ss:StyleID="s86"/>
    <Cell ss:StyleID="s87"><Data ss:Type="String">0736010000&#10;蒙藏委員會</Data></Cell>
    <Cell ss:StyleID="s96"><Data ss:Type="String">-</Data></Cell>
    <Cell ss:StyleID="s96"><Data ss:Type="String">-</Data></Cell>
    <Cell ss:StyleID="s96"><Data ss:Type="Number">2</Data></Cell>
    <Cell ss:StyleID="s96"><Data ss:Type="String">-</Data></Cell>
    <Cell ss:StyleID="s97"><Data ss:Type="String"></Data></Cell>
   </Row>
   <Row ss:AutoFitHeight="0" ss:Height="16.5">
    <Cell ss:StyleID="s85"/>
    <Cell ss:StyleID="s86"/>
    <Cell ss:StyleID="s86"><Data ss:Type="Number">1</Data></Cell>
    <Cell ss:StyleID="s86"/>
    <Cell ss:StyleID="s87"><Data ss:Type="String">0736010600&#10;廢舊物資售價</Data></Cell>
    <Cell ss:StyleID="s96"><Data ss:Type="String">-</Data></Cell>
    <Cell ss:StyleID="s96"><Data ss:Type="String">-</Data></Cell>
    <Cell ss:StyleID="s96"><Data ss:Type="Number">2</Data></Cell>
    <Cell ss:StyleID="s96"><Data ss:Type="String">-</Data></Cell>
    <Cell ss:StyleID="s97"><Data ss:Type="String">前年度決算數係出售報廢財產等&#10;收入。</Data></Cell>
   </Row>
   <Row ss:AutoFitHeight="0" ss:Height="16.5">
    <Cell ss:StyleID="s85"><Data ss:Type="Number">7</Data></Cell>
    <Cell ss:StyleID="s86"/>
    <Cell ss:StyleID="s86"/>
    <Cell ss:StyleID="s86"/>
    <Cell ss:StyleID="s87"><Data ss:Type="String">1100000000&#10;其他收入</Data></Cell>
    <Cell ss:StyleID="s96"><Data ss:Type="Number">242</Data></Cell>
    <Cell ss:StyleID="s96"><Data ss:Type="Number">242</Data></Cell>
    <Cell ss:StyleID="s96"><Data ss:Type="Number">257</Data></Cell>
    <Cell ss:StyleID="s96"><Data ss:Type="String">-</Data></Cell>
    <Cell ss:StyleID="s97"><Data ss:Type="String"></Data></Cell>
   </Row>
   <Row ss:AutoFitHeight="0" ss:Height="16.5">
    <Cell ss:StyleID="s85"/>
    <Cell ss:StyleID="s86"><Data ss:Type="Number">165</Data></Cell>
    <Cell ss:StyleID="s86"/>
    <Cell ss:StyleID="s86"/>
    <Cell ss:StyleID="s87"><Data ss:Type="String">1136010000&#10;蒙藏委員會</Data></Cell>
    <Cell ss:StyleID="s96"><Data ss:Type="Number">242</Data></Cell>
    <Cell ss:StyleID="s96"><Data ss:Type="Number">242</Data></Cell>
    <Cell ss:StyleID="s96"><Data ss:Type="Number">257</Data></Cell>
    <Cell ss:StyleID="s96"><Data ss:Type="String">-</Data></Cell>
    <Cell ss:StyleID="s97"><Data ss:Type="String"></Data></Cell>
   </Row>
   <Row ss:AutoFitHeight="0" ss:Height="16.5">
    <Cell ss:StyleID="s85"/>
    <Cell ss:StyleID="s86"/>
    <Cell ss:StyleID="s86"><Data ss:Type="Number">1</Data></Cell>
    <Cell ss:StyleID="s86"/>
    <Cell ss:StyleID="s87"><Data ss:Type="String">1136010900&#10;雜項收入</Data></Cell>
    <Cell ss:StyleID="s96"><Data ss:Type="Number">242</Data></Cell>
    <Cell ss:StyleID="s96"><Data ss:Type="Number">242</Data></Cell>
    <Cell ss:StyleID="s96"><Data ss:Type="Number">257</Data></Cell>
    <Cell ss:StyleID="s96"><Data ss:Type="String">-</Data></Cell>
    <Cell ss:StyleID="s97"><Data ss:Type="String"></Data></Cell>
   </Row>
   <Row ss:AutoFitHeight="0" ss:Height="16.5">
    <Cell ss:StyleID="s85"/>
    <Cell ss:StyleID="s86"/>
    <Cell ss:StyleID="s86"/>
    <Cell ss:StyleID="s86"><Data ss:Type="Number">1</Data></Cell>
    <Cell ss:StyleID="s87"><Data ss:Type="String">1136010901&#10;收回以前年度歲出</Data></Cell>
    <Cell ss:StyleID="s96"><Data ss:Type="String">-</Data></Cell>
    <Cell ss:StyleID="s96"><Data ss:Type="String">-</Data></Cell>
    <Cell ss:StyleID="s96"><Data ss:Type="Number">40</Data></Cell>
    <Cell ss:StyleID="s96"><Data ss:Type="String">-</Data></Cell>
    <Cell ss:StyleID="s97"><Data ss:Type="String">前年度決算數係收回退休人員溢&#10;領早期退休公教人員生活困難照&#10;護金。</Data></Cell>
   </Row>
   <Row ss:AutoFitHeight="0" ss:Height="16.5">
    <Cell ss:StyleID="s98"/>
    <Cell ss:StyleID="s99"/>
    <Cell ss:StyleID="s99"/>
    <Cell ss:StyleID="s99"><Data ss:Type="Number">2</Data></Cell>
    <Cell ss:StyleID="s100"><Data ss:Type="String">1136010909&#10;其他雜項收入</Data></Cell>
    <Cell ss:StyleID="s101"><Data ss:Type="Number">242</Data></Cell>
    <Cell ss:StyleID="s101"><Data ss:Type="Number">242</Data></Cell>
    <Cell ss:StyleID="s101"><Data ss:Type="Number">217</Data></Cell>
    <Cell ss:StyleID="s101"><Data ss:Type="String">-</Data></Cell>
    <Cell ss:StyleID="s102"><Data ss:Type="String">本年度預算數係停車場使用費、&#10;出售出版品及借用宿舍員工自薪&#10;資扣回繳庫數等收入。</Data></Cell>
   </Row>
  </Table>
  <WorksheetOptions xmlns="urn:schemas-microsoft-com:office:excel">
   <PageSetup>
    <Layout x:Orientation="Landscape"/>
   </PageSetup>
   <Print>
    <ValidPrinterInfo/>
    <PaperSizeIndex>9</PaperSizeIndex>
    <HorizontalResolution>600</HorizontalResolution>
    <VerticalResolution>600</VerticalResolution>
   </Print>
   <Selected/>
   <Panes>
    <Pane>
     <Number>3</Number>
     <ActiveRow>8</ActiveRow>
     <ActiveCol>6</ActiveCol>
    </Pane>
   </Panes>
   <ProtectObjects>False</ProtectObjects>
   <ProtectScenarios>False</ProtectScenarios>
  </WorksheetOptions>
 </Worksheet>
</Workbook>
