<?xml version="1.0"?>
<?mso-application progid="Excel.Sheet"?>
<Workbook xmlns="urn:schemas-microsoft-com:office:spreadsheet"
 xmlns:o="urn:schemas-microsoft-com:office:office"
 xmlns:x="urn:schemas-microsoft-com:office:excel"
 xmlns:ss="urn:schemas-microsoft-com:office:spreadsheet"
 xmlns:html="http://www.w3.org/TR/REC-html40">
 <DocumentProperties xmlns="urn:schemas-microsoft-com:office:office">
  <LastAuthor>user</LastAuthor>
  <Created>1997-01-14T01:50:29Z</Created>
  <LastSaved>2011-08-12T08:07:36Z</LastSaved>
  <Version>11.9999</Version>
 </DocumentProperties>
 <OfficeDocumentSettings xmlns="urn:schemas-microsoft-com:office:office">
  <DownloadComponents/>
  <LocationOfComponents HRef="file:///D:\office2003\"/>
 </OfficeDocumentSettings>
 <ExcelWorkbook xmlns="urn:schemas-microsoft-com:office:excel">
  <WindowHeight>4536</WindowHeight>
  <WindowWidth>8508</WindowWidth>
  <WindowTopX>5268</WindowTopX>
  <WindowTopY>2172</WindowTopY>
  <AcceptLabelsInFormulas/>
  <ProtectStructure>False</ProtectStructure>
  <ProtectWindows>False</ProtectWindows>
  <DisplayInkNotes>False</DisplayInkNotes>
 </ExcelWorkbook>
 <Styles>
  <Style ss:ID="Default" ss:Name="Normal">
   <Alignment ss:Vertical="Bottom"/>
   <Borders/>
   <Font ss:FontName="新細明體" x:CharSet="136" x:Family="Roman" ss:Size="12"/>
   <Interior/>
   <NumberFormat/>
   <Protection/>
  </Style>
  <Style ss:ID="m47651530">
   <Alignment ss:Horizontal="Center" ss:Vertical="Center" ss:WrapText="1"/>
   <Borders>
    <Border ss:Position="Left" ss:LineStyle="Continuous" ss:Weight="1"/>
    <Border ss:Position="Top" ss:LineStyle="Continuous" ss:Weight="1"/>
   </Borders>
  </Style>
  <Style ss:ID="m47651540">
   <Alignment ss:Horizontal="Center" ss:Vertical="Center" ss:WrapText="1"/>
   <Borders>
    <Border ss:Position="Bottom" ss:LineStyle="Continuous" ss:Weight="1"/>
    <Border ss:Position="Right" ss:LineStyle="Continuous" ss:Weight="1"/>
    <Border ss:Position="Top" ss:LineStyle="Continuous" ss:Weight="1"/>
   </Borders>
  </Style>
  <Style ss:ID="m47651550">
   <Alignment ss:Horizontal="Center" ss:Vertical="Center" ss:WrapText="1"/>
   <Borders>
    <Border ss:Position="Left" ss:LineStyle="Continuous" ss:Weight="1"/>
    <Border ss:Position="Right" ss:LineStyle="Continuous" ss:Weight="1"/>
    <Border ss:Position="Top" ss:LineStyle="Continuous" ss:Weight="1"/>
   </Borders>
  </Style>
  <Style ss:ID="s21">
   <Alignment ss:Vertical="Center" ss:WrapText="1"/>
  </Style>
  <Style ss:ID="s22">
   <Alignment ss:Horizontal="Right" ss:Vertical="Center" ss:WrapText="1"/>
  </Style>
  <Style ss:ID="s23">
   <Alignment ss:Horizontal="Center" ss:Vertical="Center" ss:WrapText="1"/>
   <Borders/>
  </Style>
  <Style ss:ID="s24">
   <Alignment ss:Horizontal="Center" ss:Vertical="Center" ss:WrapText="1"/>
   <Borders>
    <Border ss:Position="Left" ss:LineStyle="Continuous" ss:Weight="1"/>
    <Border ss:Position="Right" ss:LineStyle="Continuous" ss:Weight="1"/>
    <Border ss:Position="Top" ss:LineStyle="Continuous" ss:Weight="1"/>
   </Borders>
  </Style>
  <Style ss:ID="s25">
   <Alignment ss:Horizontal="Center" ss:Vertical="Center" ss:WrapText="1"/>
   <Font ss:FontName="新細明體" x:CharSet="136" x:Family="Roman" ss:Size="12"
    ss:Bold="1"/>
  </Style>
  <Style ss:ID="s26">
   <Alignment ss:Horizontal="Center" ss:Vertical="Center" ss:WrapText="1"/>
   <Borders>
    <Border ss:Position="Right" ss:LineStyle="Continuous" ss:Weight="1"/>
    <Border ss:Position="Top" ss:LineStyle="Continuous" ss:Weight="1"/>
   </Borders>
  </Style>
  <Style ss:ID="s27">
   <Alignment ss:Horizontal="Center" ss:Vertical="Center" ss:WrapText="1"/>
  </Style>
  <Style ss:ID="s28">
   <Alignment ss:Horizontal="Left" ss:Vertical="Center" ss:WrapText="1"/>
  </Style>
  <Style ss:ID="s40">
   <Alignment ss:Horizontal="Center" ss:Vertical="Center" ss:WrapText="1"/>
   <Borders>
    <Border ss:Position="Right" ss:LineStyle="Continuous" ss:Weight="1"
     ss:Color="#000000"/>
    <Border ss:Position="Top" ss:LineStyle="Continuous" ss:Weight="1"
     ss:Color="#000000"/>
   </Borders>
   <Protection/>
  </Style>
  <Style ss:ID="s41">
   <Alignment ss:Horizontal="Center" ss:Vertical="Center" ss:WrapText="1"/>
   <Borders>
    <Border ss:Position="Left" ss:LineStyle="Continuous" ss:Weight="1"
     ss:Color="#000000"/>
    <Border ss:Position="Right" ss:LineStyle="Continuous" ss:Weight="1"
     ss:Color="#000000"/>
    <Border ss:Position="Top" ss:LineStyle="Continuous" ss:Weight="1"
     ss:Color="#000000"/>
   </Borders>
   <Protection/>
  </Style>
  <Style ss:ID="s42">
   <Alignment ss:Horizontal="Left" ss:Vertical="Center" ss:WrapText="1"/>
   <Borders>
    <Border ss:Position="Left" ss:LineStyle="Continuous" ss:Weight="1"
     ss:Color="#000000"/>
    <Border ss:Position="Right" ss:LineStyle="Continuous" ss:Weight="1"
     ss:Color="#000000"/>
    <Border ss:Position="Top" ss:LineStyle="Continuous" ss:Weight="1"
     ss:Color="#000000"/>
   </Borders>
   <Protection/>
  </Style>
  <Style ss:ID="s43">
   <Alignment ss:Horizontal="Right" ss:Vertical="Center" ss:WrapText="1"/>
   <Borders>
    <Border ss:Position="Left" ss:LineStyle="Continuous" ss:Weight="1"
     ss:Color="#000000"/>
    <Border ss:Position="Right" ss:LineStyle="Continuous" ss:Weight="1"
     ss:Color="#000000"/>
    <Border ss:Position="Top" ss:LineStyle="Continuous" ss:Weight="1"
     ss:Color="#000000"/>
   </Borders>
   <Protection/>
  </Style>
  <Style ss:ID="s44">
   <Alignment ss:Horizontal="Right" ss:Vertical="Center" ss:WrapText="1"/>
   <Borders>
    <Border ss:Position="Left" ss:LineStyle="Continuous" ss:Weight="1"
     ss:Color="#000000"/>
    <Border ss:Position="Top" ss:LineStyle="Continuous" ss:Weight="1"
     ss:Color="#000000"/>
   </Borders>
   <Protection/>
  </Style>
  <Style ss:ID="s45">
   <Alignment ss:Horizontal="Center" ss:Vertical="Center" ss:WrapText="1"/>
   <Borders>
    <Border ss:Position="Right" ss:LineStyle="Continuous" ss:Weight="1"
     ss:Color="#000000"/>
   </Borders>
   <Protection/>
  </Style>
  <Style ss:ID="s46">
   <Alignment ss:Horizontal="Center" ss:Vertical="Center" ss:WrapText="1"/>
   <Borders>
    <Border ss:Position="Left" ss:LineStyle="Continuous" ss:Weight="1"
     ss:Color="#000000"/>
    <Border ss:Position="Right" ss:LineStyle="Continuous" ss:Weight="1"
     ss:Color="#000000"/>
   </Borders>
   <Protection/>
  </Style>
  <Style ss:ID="s47">
   <Alignment ss:Horizontal="Left" ss:Vertical="Center" ss:WrapText="1"/>
   <Borders>
    <Border ss:Position="Left" ss:LineStyle="Continuous" ss:Weight="1"
     ss:Color="#000000"/>
    <Border ss:Position="Right" ss:LineStyle="Continuous" ss:Weight="1"
     ss:Color="#000000"/>
   </Borders>
   <Protection/>
  </Style>
  <Style ss:ID="s48">
   <Alignment ss:Horizontal="Right" ss:Vertical="Center" ss:WrapText="1"/>
   <Borders>
    <Border ss:Position="Left" ss:LineStyle="Continuous" ss:Weight="1"
     ss:Color="#000000"/>
    <Border ss:Position="Right" ss:LineStyle="Continuous" ss:Weight="1"
     ss:Color="#000000"/>
   </Borders>
   <Protection/>
  </Style>
  <Style ss:ID="s49">
   <Alignment ss:Horizontal="Right" ss:Vertical="Center" ss:WrapText="1"/>
   <Borders>
    <Border ss:Position="Left" ss:LineStyle="Continuous" ss:Weight="1"
     ss:Color="#000000"/>
   </Borders>
   <Protection/>
  </Style>
  <Style ss:ID="s50">
   <Alignment ss:Horizontal="Center" ss:Vertical="Center" ss:WrapText="1"/>
   <Borders>
    <Border ss:Position="Bottom" ss:LineStyle="Continuous" ss:Weight="1"
     ss:Color="#000000"/>
    <Border ss:Position="Right" ss:LineStyle="Continuous" ss:Weight="1"
     ss:Color="#000000"/>
   </Borders>
   <Protection/>
  </Style>
  <Style ss:ID="s51">
   <Alignment ss:Horizontal="Center" ss:Vertical="Center" ss:WrapText="1"/>
   <Borders>
    <Border ss:Position="Bottom" ss:LineStyle="Continuous" ss:Weight="1"
     ss:Color="#000000"/>
    <Border ss:Position="Left" ss:LineStyle="Continuous" ss:Weight="1"
     ss:Color="#000000"/>
    <Border ss:Position="Right" ss:LineStyle="Continuous" ss:Weight="1"
     ss:Color="#000000"/>
   </Borders>
   <Protection/>
  </Style>
  <Style ss:ID="s52">
   <Alignment ss:Horizontal="Left" ss:Vertical="Center" ss:WrapText="1"/>
   <Borders>
    <Border ss:Position="Bottom" ss:LineStyle="Continuous" ss:Weight="1"
     ss:Color="#000000"/>
    <Border ss:Position="Left" ss:LineStyle="Continuous" ss:Weight="1"
     ss:Color="#000000"/>
    <Border ss:Position="Right" ss:LineStyle="Continuous" ss:Weight="1"
     ss:Color="#000000"/>
   </Borders>
   <Protection/>
  </Style>
  <Style ss:ID="s64">
   <Alignment ss:Horizontal="Right" ss:Vertical="Center" ss:WrapText="1"/>
   <Borders>
    <Border ss:Position="Bottom" ss:LineStyle="Continuous" ss:Weight="1"
     ss:Color="#000000"/>
    <Border ss:Position="Left" ss:LineStyle="Continuous" ss:Weight="1"
     ss:Color="#000000"/>
    <Border ss:Position="Right" ss:LineStyle="Continuous" ss:Weight="1"
     ss:Color="#000000"/>
   </Borders>
   <Protection/>
  </Style>
  <Style ss:ID="s65">
   <Alignment ss:Horizontal="Right" ss:Vertical="Center" ss:WrapText="1"/>
   <Borders>
    <Border ss:Position="Bottom" ss:LineStyle="Continuous" ss:Weight="1"
     ss:Color="#000000"/>
    <Border ss:Position="Left" ss:LineStyle="Continuous" ss:Weight="1"
     ss:Color="#000000"/>
   </Borders>
   <Protection/>
  </Style>
  <Style ss:ID="s74">
   <Alignment ss:Horizontal="Center" ss:Vertical="Center" ss:WrapText="1"/>
   <Borders>
    <Border ss:Position="Bottom" ss:LineStyle="Continuous" ss:Weight="1"/>
   </Borders>
  </Style>
  <Style ss:ID="s75">
   <Alignment ss:Horizontal="Right" ss:Vertical="Center" ss:WrapText="1"/>
   <Borders>
    <Border ss:Position="Bottom" ss:LineStyle="Continuous" ss:Weight="1"/>
   </Borders>
  </Style>
  <Style ss:ID="s76">
   <Alignment ss:Horizontal="Left" ss:Vertical="Center" ss:WrapText="1"/>
   <Borders>
    <Border ss:Position="Bottom" ss:LineStyle="Continuous" ss:Weight="1"/>
   </Borders>
  </Style>
 </Styles>
 <Worksheet ss:Name="Sheet1">
  <Table ss:ExpandedColumnCount="256" ss:ExpandedRowCount="14" x:FullColumns="1"
   x:FullRows="1" ss:StyleID="s21" ss:DefaultRowHeight="16.2">
   <Column ss:StyleID="s27" ss:AutoFitWidth="0" ss:Width="18"/>
   <Column ss:StyleID="s27" ss:AutoFitWidth="0" ss:Width="18.6" ss:Span="1"/>
   <Column ss:Index="4" ss:StyleID="s27" ss:AutoFitWidth="0" ss:Width="18"/>
   <Column ss:StyleID="s28" ss:AutoFitWidth="0" ss:Width="103.8"/>
   <Column ss:StyleID="s22" ss:AutoFitWidth="0" ss:Width="72" ss:Span="2"/>
   <Column ss:Index="9" ss:StyleID="s22" ss:AutoFitWidth="0" ss:Width="90"/>
   <Column ss:StyleID="s21" ss:AutoFitWidth="0" ss:Width="92.4"/>
   <Column ss:StyleID="s21" ss:Width="40.2" ss:Span="3"/>
   <Column ss:Index="15" ss:StyleID="s21" ss:Width="75"/>
   <Column ss:StyleID="s21" ss:Width="32.4"/>
   <Column ss:StyleID="s21" ss:AutoFitWidth="0" ss:Width="160.20000000000002"/>
   <Column ss:StyleID="s21" ss:AutoFitWidth="0" ss:Width="48.6" ss:Span="238"/>
   <Row>
    <Cell ss:MergeAcross="8" ss:StyleID="s25"><Data ss:Type="String">蒙藏委員會主管</Data></Cell>
    <Cell ss:StyleID="s25"/>
   </Row>
   <Row ss:AutoFitHeight="0" ss:Height="16.5">
    <Cell ss:MergeAcross="8" ss:StyleID="s25"><Data ss:Type="String">歲出政事別預算表</Data></Cell>
    <Cell ss:StyleID="s25"/>
   </Row>
   <Row>
    <Cell ss:MergeAcross="4" ss:StyleID="s76"><Data ss:Type="String">經資門併計</Data></Cell>
    <Cell ss:MergeAcross="1" ss:StyleID="s74"><Data ss:Type="String">中華民國106年度</Data></Cell>
    <Cell ss:MergeAcross="1" ss:StyleID="s75"><Data ss:Type="String">單位：新臺幣千元</Data></Cell>
    <Cell ss:StyleID="s22"/>
   </Row>
   <Row ss:AutoFitHeight="0" ss:Height="16.5">
    <Cell ss:MergeAcross="4" ss:StyleID="m47651540"><Data ss:Type="String">科                               目</Data></Cell>
    <Cell ss:MergeDown="1" ss:StyleID="m47651550"><Data ss:Type="String">本年度預算數</Data></Cell>
    <Cell ss:MergeDown="1" ss:StyleID="s24"><Data ss:Type="String">上年度預算數</Data></Cell>
    <Cell ss:MergeDown="1" ss:StyleID="s24"><Data ss:Type="String">前年度決算數</Data></Cell>
    <Cell ss:MergeDown="1" ss:StyleID="m47651530"><Data ss:Type="String">本年度節與上年度&#10;比                        較</Data></Cell>
    <Cell ss:StyleID="s23"/>
   </Row>
   <Row>
    <Cell ss:StyleID="s26"><Data ss:Type="String">款</Data></Cell>
    <Cell ss:StyleID="s24"><Data ss:Type="String">項</Data></Cell>
    <Cell ss:StyleID="s24"><Data ss:Type="String">目</Data></Cell>
    <Cell ss:StyleID="s24"><Data ss:Type="String">節</Data></Cell>
    <Cell ss:StyleID="s24"><Data ss:Type="String">名   稱   及   編   號</Data></Cell>
    <Cell ss:Index="10" ss:StyleID="s23"/>
   </Row>
   <Row ss:Height="32.4">
    <Cell ss:StyleID="s40"/>
    <Cell ss:StyleID="s41"/>
    <Cell ss:StyleID="s41"/>
    <Cell ss:StyleID="s41"/>
    <Cell ss:StyleID="s42"><Data ss:Type="String">&#10;合   計</Data></Cell>
    <Cell ss:StyleID="s43"><Data ss:Type="Number">115931</Data></Cell>
    <Cell ss:StyleID="s43"><Data ss:Type="Number">126360</Data></Cell>
    <Cell ss:StyleID="s43"><Data ss:Type="Number">103169.163</Data></Cell>
    <Cell ss:StyleID="s44"><Data ss:Type="Number">-10429</Data></Cell>
    <Cell ss:StyleID="s23"/>
   </Row>
   <Row ss:AutoFitHeight="0" ss:Height="16.5">
    <Cell ss:StyleID="s45"/>
    <Cell ss:StyleID="s46"/>
    <Cell ss:StyleID="s46"/>
    <Cell ss:StyleID="s46"/>
    <Cell ss:StyleID="s47"><Data ss:Type="String">&#10;(1.一般政務支出)</Data></Cell>
    <Cell ss:StyleID="s48"><Data ss:Type="Number">115931</Data></Cell>
    <Cell ss:StyleID="s48"><Data ss:Type="Number">126360</Data></Cell>
    <Cell ss:StyleID="s48"><Data ss:Type="Number">103169.163</Data></Cell>
    <Cell ss:StyleID="s49"><Data ss:Type="Number">-10429</Data></Cell>
   </Row>
   <Row ss:AutoFitHeight="0" ss:Height="16.5">
    <Cell ss:StyleID="s45"><Data ss:Type="Number">10</Data></Cell>
    <Cell ss:StyleID="s46"/>
    <Cell ss:StyleID="s46"/>
    <Cell ss:StyleID="s46"/>
    <Cell ss:StyleID="s47"><Data ss:Type="String">4100000000&#10;邊政支出</Data></Cell>
    <Cell ss:StyleID="s48"><Data ss:Type="Number">115931</Data></Cell>
    <Cell ss:StyleID="s48"><Data ss:Type="Number">126360</Data></Cell>
    <Cell ss:StyleID="s48"><Data ss:Type="Number">103169.163</Data></Cell>
    <Cell ss:StyleID="s49"><Data ss:Type="Number">-10429</Data></Cell>
   </Row>
   <Row ss:AutoFitHeight="0" ss:Height="16.5">
    <Cell ss:StyleID="s45"/>
    <Cell ss:StyleID="s46"><Data ss:Type="Number">1</Data></Cell>
    <Cell ss:StyleID="s46"/>
    <Cell ss:StyleID="s46"/>
    <Cell ss:StyleID="s47"><Data ss:Type="String">4136010000&#10;蒙藏委員會</Data></Cell>
    <Cell ss:StyleID="s48"><Data ss:Type="Number">115931</Data></Cell>
    <Cell ss:StyleID="s48"><Data ss:Type="Number">126360</Data></Cell>
    <Cell ss:StyleID="s48"><Data ss:Type="Number">103169.163</Data></Cell>
    <Cell ss:StyleID="s49"><Data ss:Type="Number">-10429</Data></Cell>
   </Row>
   <Row ss:AutoFitHeight="0" ss:Height="16.5">
    <Cell ss:StyleID="s45"/>
    <Cell ss:StyleID="s46"/>
    <Cell ss:StyleID="s46"><Data ss:Type="Number">1</Data></Cell>
    <Cell ss:StyleID="s46"/>
    <Cell ss:StyleID="s47"><Data ss:Type="String">4136010100&#10;一般行政</Data></Cell>
    <Cell ss:StyleID="s48"><Data ss:Type="Number">83838</Data></Cell>
    <Cell ss:StyleID="s48"><Data ss:Type="Number">85681</Data></Cell>
    <Cell ss:StyleID="s48"><Data ss:Type="Number">73465.125</Data></Cell>
    <Cell ss:StyleID="s49"><Data ss:Type="Number">-1843</Data></Cell>
   </Row>
   <Row ss:AutoFitHeight="0" ss:Height="16.5">
    <Cell ss:StyleID="s45"/>
    <Cell ss:StyleID="s46"/>
    <Cell ss:StyleID="s46"><Data ss:Type="Number">2</Data></Cell>
    <Cell ss:StyleID="s46"/>
    <Cell ss:StyleID="s47"><Data ss:Type="String">4136012000&#10;蒙事業務</Data></Cell>
    <Cell ss:StyleID="s48"><Data ss:Type="Number">19404</Data></Cell>
    <Cell ss:StyleID="s48"><Data ss:Type="Number">25970</Data></Cell>
    <Cell ss:StyleID="s48"><Data ss:Type="Number">20122.546999999999</Data></Cell>
    <Cell ss:StyleID="s49"><Data ss:Type="Number">-6566</Data></Cell>
   </Row>
   <Row ss:AutoFitHeight="0" ss:Height="16.5">
    <Cell ss:StyleID="s45"/>
    <Cell ss:StyleID="s46"/>
    <Cell ss:StyleID="s46"><Data ss:Type="Number">3</Data></Cell>
    <Cell ss:StyleID="s46"/>
    <Cell ss:StyleID="s47"><Data ss:Type="String">4136013000&#10;藏事業務</Data></Cell>
    <Cell ss:StyleID="s48"><Data ss:Type="Number">12165</Data></Cell>
    <Cell ss:StyleID="s48"><Data ss:Type="Number">13517</Data></Cell>
    <Cell ss:StyleID="s48"><Data ss:Type="Number">9581.491</Data></Cell>
    <Cell ss:StyleID="s49"><Data ss:Type="Number">-1352</Data></Cell>
   </Row>
   <Row ss:AutoFitHeight="0" ss:Height="16.5">
    <Cell ss:StyleID="s45"/>
    <Cell ss:StyleID="s46"/>
    <Cell ss:StyleID="s46"><Data ss:Type="Number">4</Data></Cell>
    <Cell ss:StyleID="s46"/>
    <Cell ss:StyleID="s47"><Data ss:Type="String">4136019000&#10;一般建築及設備</Data></Cell>
    <Cell ss:StyleID="s48"><Data ss:Type="String">-</Data></Cell>
    <Cell ss:StyleID="s48"><Data ss:Type="Number">610</Data></Cell>
    <Cell ss:StyleID="s48"><Data ss:Type="String">-</Data></Cell>
    <Cell ss:StyleID="s49"><Data ss:Type="Number">-610</Data></Cell>
   </Row>
   <Row ss:AutoFitHeight="0" ss:Height="16.5">
    <Cell ss:StyleID="s50"/>
    <Cell ss:StyleID="s51"/>
    <Cell ss:StyleID="s51"><Data ss:Type="Number">5</Data></Cell>
    <Cell ss:StyleID="s51"/>
    <Cell ss:StyleID="s52"><Data ss:Type="String">4136019800&#10;第一預備金</Data></Cell>
    <Cell ss:StyleID="s64"><Data ss:Type="Number">524</Data></Cell>
    <Cell ss:StyleID="s64"><Data ss:Type="Number">582</Data></Cell>
    <Cell ss:StyleID="s64"><Data ss:Type="String">-</Data></Cell>
    <Cell ss:StyleID="s65"><Data ss:Type="Number">-58</Data></Cell>
   </Row>
  </Table>
  <WorksheetOptions xmlns="urn:schemas-microsoft-com:office:excel">
   <PageSetup>
    <Layout x:Orientation="Landscape"/>
   </PageSetup>
   <Print>
    <ValidPrinterInfo/>
    <PaperSizeIndex>9</PaperSizeIndex>
    <HorizontalResolution>600</HorizontalResolution>
    <VerticalResolution>600</VerticalResolution>
   </Print>
   <Selected/>
   <Panes>
    <Pane>
     <Number>3</Number>
     <ActiveRow>1</ActiveRow>
     <RangeSelection>R2C1:R2C9</RangeSelection>
    </Pane>
   </Panes>
   <ProtectObjects>False</ProtectObjects>
   <ProtectScenarios>False</ProtectScenarios>
  </WorksheetOptions>
 </Worksheet>
</Workbook>
