<?xml version="1.0"?>
<?mso-application progid="Excel.Sheet"?>
<Workbook xmlns="urn:schemas-microsoft-com:office:spreadsheet"
 xmlns:o="urn:schemas-microsoft-com:office:office"
 xmlns:x="urn:schemas-microsoft-com:office:excel"
 xmlns:ss="urn:schemas-microsoft-com:office:spreadsheet"
 xmlns:html="http://www.w3.org/TR/REC-html40">
 <DocumentProperties xmlns="urn:schemas-microsoft-com:office:office">
  <LastAuthor>user</LastAuthor>
  <Created>1997-01-14T01:50:29Z</Created>
  <LastSaved>2014-11-03T07:57:32Z</LastSaved>
  <Version>11.9999</Version>
 </DocumentProperties>
 <OfficeDocumentSettings xmlns="urn:schemas-microsoft-com:office:office">
  <DownloadComponents/>
  <LocationOfComponents HRef="file:///D:\office2003\"/>
 </OfficeDocumentSettings>
 <ExcelWorkbook xmlns="urn:schemas-microsoft-com:office:excel">
  <WindowHeight>4536</WindowHeight>
  <WindowWidth>8508</WindowWidth>
  <WindowTopX>5268</WindowTopX>
  <WindowTopY>2172</WindowTopY>
  <ProtectStructure>False</ProtectStructure>
  <ProtectWindows>False</ProtectWindows>
  <DisplayInkNotes>False</DisplayInkNotes>
 </ExcelWorkbook>
 <Styles>
  <Style ss:ID="Default" ss:Name="Normal">
   <Alignment ss:Vertical="Bottom"/>
   <Borders/>
   <Font ss:FontName="新細明體" x:CharSet="136" x:Family="Roman" ss:Size="12"/>
   <Interior/>
   <NumberFormat/>
   <Protection/>
  </Style>
  <Style ss:ID="m46095718">
   <Alignment ss:Horizontal="Center" ss:Vertical="Center" ss:WrapText="1"/>
   <Borders>
    <Border ss:Position="Left" ss:LineStyle="Continuous" ss:Weight="1"/>
    <Border ss:Position="Right" ss:LineStyle="Continuous" ss:Weight="1"/>
    <Border ss:Position="Top" ss:LineStyle="Continuous" ss:Weight="1"/>
   </Borders>
  </Style>
  <Style ss:ID="m46095728">
   <Alignment ss:Horizontal="Center" ss:Vertical="Center" ss:WrapText="1"/>
   <Borders>
    <Border ss:Position="Bottom" ss:LineStyle="Continuous" ss:Weight="1"/>
    <Border ss:Position="Left" ss:LineStyle="Continuous" ss:Weight="1"/>
    <Border ss:Position="Top" ss:LineStyle="Continuous" ss:Weight="1"/>
   </Borders>
  </Style>
  <Style ss:ID="m46095738">
   <Alignment ss:Horizontal="Center" ss:Vertical="Center" ss:WrapText="1"/>
   <Borders>
    <Border ss:Position="Bottom" ss:LineStyle="Continuous" ss:Weight="1"/>
    <Border ss:Position="Right" ss:LineStyle="Continuous" ss:Weight="1"/>
    <Border ss:Position="Top" ss:LineStyle="Continuous" ss:Weight="1"/>
   </Borders>
  </Style>
  <Style ss:ID="m46095748">
   <Alignment ss:Horizontal="Center" ss:Vertical="Center" ss:WrapText="1"/>
   <Borders>
    <Border ss:Position="Left" ss:LineStyle="Continuous" ss:Weight="1"/>
    <Border ss:Position="Right" ss:LineStyle="Continuous" ss:Weight="1"/>
    <Border ss:Position="Top" ss:LineStyle="Continuous" ss:Weight="1"/>
   </Borders>
  </Style>
  <Style ss:ID="s62">
   <Alignment ss:Vertical="Center" ss:WrapText="1"/>
  </Style>
  <Style ss:ID="s63">
   <Alignment ss:Horizontal="Right" ss:Vertical="Center" ss:WrapText="1"/>
  </Style>
  <Style ss:ID="s64">
   <Alignment ss:Horizontal="Center" ss:Vertical="Center" ss:WrapText="1"/>
   <Borders/>
  </Style>
  <Style ss:ID="s65">
   <Alignment ss:Horizontal="Center" ss:Vertical="Center" ss:WrapText="1"/>
   <Borders>
    <Border ss:Position="Left" ss:LineStyle="Continuous" ss:Weight="1"/>
    <Border ss:Position="Right" ss:LineStyle="Continuous" ss:Weight="1"/>
    <Border ss:Position="Top" ss:LineStyle="Continuous" ss:Weight="1"/>
   </Borders>
  </Style>
  <Style ss:ID="s66">
   <Alignment ss:Horizontal="Center" ss:Vertical="Center" ss:WrapText="1"/>
   <Font ss:FontName="新細明體" x:CharSet="136" x:Family="Roman" ss:Size="12"
    ss:Bold="1"/>
  </Style>
  <Style ss:ID="s67">
   <Alignment ss:Horizontal="Center" ss:Vertical="Center" ss:WrapText="1"/>
   <Borders>
    <Border ss:Position="Right" ss:LineStyle="Continuous" ss:Weight="1"/>
    <Border ss:Position="Top" ss:LineStyle="Continuous" ss:Weight="1"/>
   </Borders>
  </Style>
  <Style ss:ID="s68">
   <Alignment ss:Horizontal="Center" ss:Vertical="Center" ss:WrapText="1"/>
  </Style>
  <Style ss:ID="s70">
   <Alignment ss:Horizontal="Left" ss:Vertical="Center" ss:WrapText="1"/>
  </Style>
  <Style ss:ID="s79">
   <Alignment ss:Horizontal="Center" ss:Vertical="Center" ss:WrapText="1"/>
   <Borders>
    <Border ss:Position="Right" ss:LineStyle="Continuous" ss:Weight="1"
     ss:Color="#000000"/>
    <Border ss:Position="Top" ss:LineStyle="Continuous" ss:Weight="1"
     ss:Color="#000000"/>
   </Borders>
   <Protection/>
  </Style>
  <Style ss:ID="s80">
   <Alignment ss:Horizontal="Center" ss:Vertical="Center" ss:WrapText="1"/>
   <Borders>
    <Border ss:Position="Left" ss:LineStyle="Continuous" ss:Weight="1"
     ss:Color="#000000"/>
    <Border ss:Position="Right" ss:LineStyle="Continuous" ss:Weight="1"
     ss:Color="#000000"/>
    <Border ss:Position="Top" ss:LineStyle="Continuous" ss:Weight="1"
     ss:Color="#000000"/>
   </Borders>
   <Protection/>
  </Style>
  <Style ss:ID="s81">
   <Alignment ss:Horizontal="Left" ss:Vertical="Center" ss:WrapText="1"/>
   <Borders>
    <Border ss:Position="Left" ss:LineStyle="Continuous" ss:Weight="1"
     ss:Color="#000000"/>
    <Border ss:Position="Right" ss:LineStyle="Continuous" ss:Weight="1"
     ss:Color="#000000"/>
    <Border ss:Position="Top" ss:LineStyle="Continuous" ss:Weight="1"
     ss:Color="#000000"/>
   </Borders>
   <Protection/>
  </Style>
  <Style ss:ID="s82">
   <Alignment ss:Horizontal="Right" ss:Vertical="Center" ss:WrapText="1"/>
   <Borders>
    <Border ss:Position="Left" ss:LineStyle="Continuous" ss:Weight="1"
     ss:Color="#000000"/>
    <Border ss:Position="Right" ss:LineStyle="Continuous" ss:Weight="1"
     ss:Color="#000000"/>
    <Border ss:Position="Top" ss:LineStyle="Continuous" ss:Weight="1"
     ss:Color="#000000"/>
   </Borders>
   <Protection/>
  </Style>
  <Style ss:ID="s83">
   <Alignment ss:Horizontal="Left" ss:Vertical="Center" ss:WrapText="1"/>
   <Borders>
    <Border ss:Position="Left" ss:LineStyle="Continuous" ss:Weight="1"
     ss:Color="#000000"/>
    <Border ss:Position="Top" ss:LineStyle="Continuous" ss:Weight="1"
     ss:Color="#000000"/>
   </Borders>
   <Protection/>
  </Style>
  <Style ss:ID="s84">
   <Alignment ss:Horizontal="Center" ss:Vertical="Center" ss:WrapText="1"/>
   <Borders>
    <Border ss:Position="Right" ss:LineStyle="Continuous" ss:Weight="1"
     ss:Color="#000000"/>
   </Borders>
   <Protection/>
  </Style>
  <Style ss:ID="s85">
   <Alignment ss:Horizontal="Center" ss:Vertical="Center" ss:WrapText="1"/>
   <Borders>
    <Border ss:Position="Left" ss:LineStyle="Continuous" ss:Weight="1"
     ss:Color="#000000"/>
    <Border ss:Position="Right" ss:LineStyle="Continuous" ss:Weight="1"
     ss:Color="#000000"/>
   </Borders>
   <Protection/>
  </Style>
  <Style ss:ID="s86">
   <Alignment ss:Horizontal="Left" ss:Vertical="Center" ss:WrapText="1"/>
   <Borders>
    <Border ss:Position="Left" ss:LineStyle="Continuous" ss:Weight="1"
     ss:Color="#000000"/>
    <Border ss:Position="Right" ss:LineStyle="Continuous" ss:Weight="1"
     ss:Color="#000000"/>
   </Borders>
   <Protection/>
  </Style>
  <Style ss:ID="s87">
   <Alignment ss:Horizontal="Right" ss:Vertical="Center" ss:WrapText="1"/>
   <Borders>
    <Border ss:Position="Left" ss:LineStyle="Continuous" ss:Weight="1"
     ss:Color="#000000"/>
    <Border ss:Position="Right" ss:LineStyle="Continuous" ss:Weight="1"
     ss:Color="#000000"/>
   </Borders>
   <Protection/>
  </Style>
  <Style ss:ID="s96">
   <Alignment ss:Horizontal="Left" ss:Vertical="Center" ss:WrapText="1"/>
   <Borders>
    <Border ss:Position="Left" ss:LineStyle="Continuous" ss:Weight="1"
     ss:Color="#000000"/>
   </Borders>
   <Protection/>
  </Style>
  <Style ss:ID="s97">
   <Alignment ss:Horizontal="Center" ss:Vertical="Center" ss:WrapText="1"/>
   <Borders>
    <Border ss:Position="Bottom" ss:LineStyle="Continuous" ss:Weight="1"
     ss:Color="#000000"/>
    <Border ss:Position="Right" ss:LineStyle="Continuous" ss:Weight="1"
     ss:Color="#000000"/>
   </Borders>
   <Protection/>
  </Style>
  <Style ss:ID="s98">
   <Alignment ss:Horizontal="Center" ss:Vertical="Center" ss:WrapText="1"/>
   <Borders>
    <Border ss:Position="Bottom" ss:LineStyle="Continuous" ss:Weight="1"
     ss:Color="#000000"/>
    <Border ss:Position="Left" ss:LineStyle="Continuous" ss:Weight="1"
     ss:Color="#000000"/>
    <Border ss:Position="Right" ss:LineStyle="Continuous" ss:Weight="1"
     ss:Color="#000000"/>
   </Borders>
   <Protection/>
  </Style>
  <Style ss:ID="s99">
   <Alignment ss:Horizontal="Left" ss:Vertical="Center" ss:WrapText="1"/>
   <Borders>
    <Border ss:Position="Bottom" ss:LineStyle="Continuous" ss:Weight="1"
     ss:Color="#000000"/>
    <Border ss:Position="Left" ss:LineStyle="Continuous" ss:Weight="1"
     ss:Color="#000000"/>
    <Border ss:Position="Right" ss:LineStyle="Continuous" ss:Weight="1"
     ss:Color="#000000"/>
   </Borders>
   <Protection/>
  </Style>
  <Style ss:ID="s100">
   <Alignment ss:Horizontal="Right" ss:Vertical="Center" ss:WrapText="1"/>
   <Borders>
    <Border ss:Position="Bottom" ss:LineStyle="Continuous" ss:Weight="1"
     ss:Color="#000000"/>
    <Border ss:Position="Left" ss:LineStyle="Continuous" ss:Weight="1"
     ss:Color="#000000"/>
    <Border ss:Position="Right" ss:LineStyle="Continuous" ss:Weight="1"
     ss:Color="#000000"/>
   </Borders>
   <Protection/>
  </Style>
  <Style ss:ID="s101">
   <Alignment ss:Horizontal="Left" ss:Vertical="Center" ss:WrapText="1"/>
   <Borders>
    <Border ss:Position="Bottom" ss:LineStyle="Continuous" ss:Weight="1"
     ss:Color="#000000"/>
    <Border ss:Position="Left" ss:LineStyle="Continuous" ss:Weight="1"
     ss:Color="#000000"/>
   </Borders>
   <Protection/>
  </Style>
  <Style ss:ID="s103">
   <Alignment ss:Horizontal="Center" ss:Vertical="Center" ss:WrapText="1"/>
   <Borders>
    <Border ss:Position="Bottom" ss:LineStyle="Continuous" ss:Weight="1"/>
   </Borders>
  </Style>
 </Styles>
 <Worksheet ss:Name="Sheet1">
  <Table ss:ExpandedColumnCount="256" ss:ExpandedRowCount="14" x:FullColumns="1"
   x:FullRows="1" ss:StyleID="s62" ss:DefaultRowHeight="16.2">
   <Column ss:StyleID="s68" ss:AutoFitWidth="0" ss:Width="18"/>
   <Column ss:StyleID="s68" ss:AutoFitWidth="0" ss:Width="18.6"/>
   <Column ss:StyleID="s68" ss:AutoFitWidth="0" ss:Width="15.600000000000001"/>
   <Column ss:StyleID="s68" ss:AutoFitWidth="0" ss:Width="16.8"/>
   <Column ss:StyleID="s70" ss:AutoFitWidth="0" ss:Width="85.2"/>
   <Column ss:StyleID="s70" ss:AutoFitWidth="0" ss:Width="72" ss:Span="1"/>
   <Column ss:Index="8" ss:StyleID="s70" ss:AutoFitWidth="0"
    ss:Width="97.800000000000011"/>
   <Column ss:StyleID="s70" ss:AutoFitWidth="0" ss:Width="208.79999999999998"/>
   <Column ss:StyleID="s62" ss:AutoFitWidth="0" ss:Width="92.4"/>
   <Column ss:StyleID="s62" ss:Width="40.2" ss:Span="3"/>
   <Column ss:Index="15" ss:StyleID="s62" ss:Width="75"/>
   <Column ss:StyleID="s62" ss:Width="32.4"/>
   <Column ss:StyleID="s62" ss:AutoFitWidth="0" ss:Width="160.20000000000002"/>
   <Column ss:StyleID="s62" ss:AutoFitWidth="0" ss:Width="48.6" ss:Span="238"/>
   <Row>
    <Cell ss:MergeAcross="8" ss:StyleID="s66"><Data ss:Type="String">蒙藏委員會主管</Data></Cell>
    <Cell ss:StyleID="s66"/>
   </Row>
   <Row ss:AutoFitHeight="0" ss:Height="16.5">
    <Cell ss:MergeAcross="8" ss:StyleID="s66"><Data ss:Type="String">歲出機關別預算表</Data></Cell>
    <Cell ss:StyleID="s66"/>
   </Row>
   <Row>
    <Cell ss:MergeAcross="4" ss:StyleID="s103"><Data ss:Type="String">經資門併計</Data></Cell>
    <Cell ss:MergeAcross="2" ss:StyleID="s103"><Data ss:Type="String">中華民國106年度</Data></Cell>
    <Cell ss:StyleID="s63"><Data ss:Type="String">單位：新臺幣千元</Data></Cell>
    <Cell ss:StyleID="s63"/>
   </Row>
   <Row ss:AutoFitHeight="0" ss:Height="16.5">
    <Cell ss:MergeAcross="4" ss:StyleID="m46095738"><Data ss:Type="String">科                               目</Data></Cell>
    <Cell ss:MergeDown="1" ss:StyleID="m46095748"><Data ss:Type="String">本年度預算數</Data></Cell>
    <Cell ss:MergeDown="1" ss:StyleID="s65"><Data ss:Type="String">上年度預算數</Data></Cell>
    <Cell ss:MergeDown="1" ss:StyleID="m46095718"><Data ss:Type="String">本年度節與上年度&#10;比                       較</Data></Cell>
    <Cell ss:MergeDown="1" ss:StyleID="m46095728"><Data ss:Type="String">說   明</Data></Cell>
    <Cell ss:StyleID="s64"/>
   </Row>
   <Row>
    <Cell ss:StyleID="s67"><Data ss:Type="String">款</Data></Cell>
    <Cell ss:StyleID="s65"><Data ss:Type="String">項</Data></Cell>
    <Cell ss:StyleID="s65"><Data ss:Type="String">目</Data></Cell>
    <Cell ss:StyleID="s65"><Data ss:Type="String">節</Data></Cell>
    <Cell ss:StyleID="s65"><Data ss:Type="String">名稱及編號</Data></Cell>
    <Cell ss:Index="10" ss:StyleID="s64"/>
   </Row>
   <Row ss:AutoFitHeight="0" ss:Height="60">
    <Cell ss:StyleID="s79"><Data ss:Type="Number">16</Data></Cell>
    <Cell ss:StyleID="s80"/>
    <Cell ss:StyleID="s80"/>
    <Cell ss:StyleID="s80"/>
    <Cell ss:StyleID="s81"><Data ss:Type="String">0036000000&#10;蒙藏委員會主管</Data></Cell>
    <Cell ss:StyleID="s82"><Data ss:Type="Number">115931</Data></Cell>
    <Cell ss:StyleID="s82"><Data ss:Type="Number">126360</Data></Cell>
    <Cell ss:StyleID="s82"><Data ss:Type="Number">-10429</Data></Cell>
    <Cell ss:StyleID="s83"/>
    <Cell ss:StyleID="s64"/>
   </Row>
   <Row ss:AutoFitHeight="0" ss:Height="60">
    <Cell ss:StyleID="s84"/>
    <Cell ss:StyleID="s85"><Data ss:Type="Number">1</Data></Cell>
    <Cell ss:StyleID="s85"/>
    <Cell ss:StyleID="s85"/>
    <Cell ss:StyleID="s86"><Data ss:Type="String">0036010000&#10;蒙藏委員會</Data></Cell>
    <Cell ss:StyleID="s87"><Data ss:Type="Number">115931</Data></Cell>
    <Cell ss:StyleID="s87"><Data ss:Type="Number">126360</Data></Cell>
    <Cell ss:StyleID="s87"><Data ss:Type="Number">-10429</Data></Cell>
    <Cell ss:StyleID="s96"/>
   </Row>
   <Row ss:AutoFitHeight="0" ss:Height="60">
    <Cell ss:StyleID="s84"/>
    <Cell ss:StyleID="s85"/>
    <Cell ss:StyleID="s85"/>
    <Cell ss:StyleID="s85"/>
    <Cell ss:StyleID="s86"><Data ss:Type="String">4136010000&#10;邊政支出</Data></Cell>
    <Cell ss:StyleID="s87"><Data ss:Type="Number">115931</Data></Cell>
    <Cell ss:StyleID="s87"><Data ss:Type="Number">126360</Data></Cell>
    <Cell ss:StyleID="s87"><Data ss:Type="Number">-10429</Data></Cell>
    <Cell ss:StyleID="s96"/>
   </Row>
   <Row ss:AutoFitHeight="0" ss:Height="259.95">
    <Cell ss:StyleID="s84"/>
    <Cell ss:StyleID="s85"/>
    <Cell ss:StyleID="s85"><Data ss:Type="Number">1</Data></Cell>
    <Cell ss:StyleID="s85"/>
    <Cell ss:StyleID="s86"><Data ss:Type="String">4136010100&#10;一般行政</Data></Cell>
    <Cell ss:StyleID="s87"><Data ss:Type="Number">83838</Data></Cell>
    <Cell ss:StyleID="s87"><Data ss:Type="Number">85681</Data></Cell>
    <Cell ss:StyleID="s87"><Data ss:Type="Number">-1843</Data></Cell>
    <Cell ss:StyleID="s96"><Data ss:Type="String">1.本年度預算數83,838千元，包括人事費74&#10;   ,132千元，業務費8,184千元，獎補助費2&#10;   70千元，設備及投資1,252千元。&#10;2.本年度預算數之內容與上年度之比較如下&#10;   ：&#10;  (1)人員維持費74,402千元，較上年度核&#10;      實減列人事費896千元。&#10;  (2)基本行政工作維持費7,091千元，較上&#10;      年度增列中央聯合辦公大樓管理維護&#10;      費、辦公室節電燈具汰換等經費723千&#10;      元。&#10;  (3)資訊管理2,345千元，較上年度減列建&#10;      置網路實體隔離等經費1,670千元。</Data></Cell>
   </Row>
   <Row ss:AutoFitHeight="0" ss:Height="400.05">
    <Cell ss:StyleID="s84"/>
    <Cell ss:StyleID="s85"/>
    <Cell ss:StyleID="s85"><Data ss:Type="Number">2</Data></Cell>
    <Cell ss:StyleID="s85"/>
    <Cell ss:StyleID="s86"><Data ss:Type="String">4136012000&#10;蒙事業務</Data></Cell>
    <Cell ss:StyleID="s87"><Data ss:Type="Number">19404</Data></Cell>
    <Cell ss:StyleID="s87"><Data ss:Type="Number">25970</Data></Cell>
    <Cell ss:StyleID="s87"><Data ss:Type="Number">-6566</Data></Cell>
    <Cell ss:StyleID="s96"><Data ss:Type="String">1.本年度預算數19,404千元，包括業務費12&#10;   ,790千元，獎補助費4,744千元，設備及&#10;   投資1,870千元。&#10;2.本年度預算數之內容與上年度之比較如下&#10;   ：&#10;  (1)蒙事政策研究規劃與現況研析5,780千&#10;      元，較上年度增列推動臺灣與蒙古國&#10;      高科技重點稀貴金屬來源掌握專案計&#10;      畫等經費3,850千元。&#10;  (2)推動與全球蒙族聚居地區交流3,823千&#10;      元，較上年度減列辦理與蒙族聚居地&#10;      區交流活動及蒙古國洗腎中心計畫等&#10;      經費6,764千元。&#10;  (3)輔導聯繫蒙胞與培育蒙族聚居地區青&#10;      年4,814千元，較上年度增列獎勵暨培&#10;      訓表現優異蒙族青年及補助蒙藏籍公&#10;      費生等經費340千元。&#10;  (4)發揮蒙藏文化社教功能4,987千元，較&#10;      上年度減列環境修繕與裝修工程等經&#10;      費3,992千元。</Data></Cell>
   </Row>
   <Row ss:AutoFitHeight="0" ss:Height="280.05">
    <Cell ss:StyleID="s84"/>
    <Cell ss:StyleID="s85"/>
    <Cell ss:StyleID="s85"><Data ss:Type="Number">3</Data></Cell>
    <Cell ss:StyleID="s85"/>
    <Cell ss:StyleID="s86"><Data ss:Type="String">4136013000&#10;藏事業務</Data></Cell>
    <Cell ss:StyleID="s87"><Data ss:Type="Number">12165</Data></Cell>
    <Cell ss:StyleID="s87"><Data ss:Type="Number">13517</Data></Cell>
    <Cell ss:StyleID="s87"><Data ss:Type="Number">-1352</Data></Cell>
    <Cell ss:StyleID="s96"><Data ss:Type="String">1.本年度預算數12,165千元，包括業務費10&#10;   ,432千元，獎補助費1,733千元。&#10;2.本年度預算數之內容與上年度之比較如下&#10;   ：&#10;  (1)西藏政策之研究規劃與情勢研判2,822&#10;      千元，較上年度減列編印蒙藏叢書、&#10;      蒐集及訂閱蒙藏現況資料等經費132千&#10;      元。&#10;  (2)與藏族聚居地區交流活動之規劃及推&#10;      動5,261千元，較上年度減列辦理臺灣&#10;      地區與藏族聚居地區各項交流活動等&#10;      經費1,220千元。&#10;  (3)國內藏族之聯繫輔導及西藏事務人才&#10;      之培育4,082千元，與上年度同。</Data></Cell>
   </Row>
   <Row ss:AutoFitHeight="0" ss:Height="60">
    <Cell ss:StyleID="s84"/>
    <Cell ss:StyleID="s85"/>
    <Cell ss:StyleID="s85"><Data ss:Type="Number">4</Data></Cell>
    <Cell ss:StyleID="s85"/>
    <Cell ss:StyleID="s86"><Data ss:Type="String">4136019000&#10;一般建築及設備</Data></Cell>
    <Cell ss:StyleID="s87"><Data ss:Type="String">-</Data></Cell>
    <Cell ss:StyleID="s87"><Data ss:Type="Number">610</Data></Cell>
    <Cell ss:StyleID="s87"><Data ss:Type="Number">-610</Data></Cell>
    <Cell ss:StyleID="s96"/>
   </Row>
   <Row ss:AutoFitHeight="0" ss:Height="40.050000000000004">
    <Cell ss:StyleID="s84"/>
    <Cell ss:StyleID="s85"/>
    <Cell ss:StyleID="s85"/>
    <Cell ss:StyleID="s85"><Data ss:Type="Number">1</Data></Cell>
    <Cell ss:StyleID="s86"><Data ss:Type="String">4136019011&#10;交通及運輸設備</Data></Cell>
    <Cell ss:StyleID="s87"><Data ss:Type="String">-</Data></Cell>
    <Cell ss:StyleID="s87"><Data ss:Type="Number">610</Data></Cell>
    <Cell ss:StyleID="s87"><Data ss:Type="Number">-610</Data></Cell>
    <Cell ss:StyleID="s96"><Data ss:Type="String">上年度汰換公務轎車1輛預算業已編竣，所&#10;列610千元如數減列。</Data></Cell>
   </Row>
   <Row ss:AutoFitHeight="0" ss:Height="60">
    <Cell ss:StyleID="s97"/>
    <Cell ss:StyleID="s98"/>
    <Cell ss:StyleID="s98"><Data ss:Type="Number">5</Data></Cell>
    <Cell ss:StyleID="s98"/>
    <Cell ss:StyleID="s99"><Data ss:Type="String">4136019800&#10;第一預備金</Data></Cell>
    <Cell ss:StyleID="s100"><Data ss:Type="Number">524</Data></Cell>
    <Cell ss:StyleID="s100"><Data ss:Type="Number">582</Data></Cell>
    <Cell ss:StyleID="s100"><Data ss:Type="Number">-58</Data></Cell>
    <Cell ss:StyleID="s101"><Data ss:Type="String">本年度預算數較上年度減列如列數。</Data></Cell>
   </Row>
  </Table>
  <WorksheetOptions xmlns="urn:schemas-microsoft-com:office:excel">
   <PageSetup>
    <Layout x:Orientation="Landscape"/>
   </PageSetup>
   <Print>
    <ValidPrinterInfo/>
    <PaperSizeIndex>9</PaperSizeIndex>
    <HorizontalResolution>600</HorizontalResolution>
    <VerticalResolution>600</VerticalResolution>
   </Print>
   <Selected/>
   <Panes>
    <Pane>
     <Number>3</Number>
     <ActiveRow>8</ActiveRow>
     <ActiveCol>7</ActiveCol>
    </Pane>
   </Panes>
   <ProtectObjects>False</ProtectObjects>
   <ProtectScenarios>False</ProtectScenarios>
  </WorksheetOptions>
 </Worksheet>
</Workbook>
