<?xml version="1.0" encoding="UTF-8"?>
<tables>
    <BCME3460>
        <BCME3460_row>
            <budgetno>00060000000</budgetno>
            <b_level>00</b_level>
            <budgetname>考試院主管</budgetname>
            <damt1>105237000.00</damt1>
            <damt2>24793000.00</damt2>
            <damt3>740030000.00</damt3>
            <damt4>0.00</damt4>
            <damt5>300000.00</damt5>
            <damt6>870360000.00</damt6>
            <damt7>0.00</damt7>
            <damt8>12968000.00</damt8>
            <damt9>0.00</damt9>
            <damt10>0.00</damt10>
            <damt11>12968000.00</damt11>
            <damt12>883328000.00</damt12>
            <no1>05</no1>
            <no2>00</no2>
            <no3>00</no3>
            <no4>00</no4>
            <budgetno_conver>0006000000</budgetno_conver>
            <bnorder>0600000000000</bnorder>
            <ba_budgetsource>1</ba_budgetsource>
        </BCME3460_row>
        <BCME3460_row>
            <budgetno>00060600000</budgetno>
            <b_level>10</b_level>
            <budgetname>公務人員退休撫卹基金管理委員會</budgetname>
            <damt1>105237000.00</damt1>
            <damt2>24793000.00</damt2>
            <damt3>740030000.00</damt3>
            <damt4>0.00</damt4>
            <damt5>300000.00</damt5>
            <damt6>870360000.00</damt6>
            <damt7>0.00</damt7>
            <damt8>12968000.00</damt8>
            <damt9>0.00</damt9>
            <damt10>0.00</damt10>
            <damt11>12968000.00</damt11>
            <damt12>883328000.00</damt12>
            <no1>05</no1>
            <no2>07</no2>
            <no3>00</no3>
            <no4>00</no4>
            <budgetno_conver>0006600000</budgetno_conver>
            <bnorder>0606000000000</bnorder>
            <ba_budgetsource>1</ba_budgetsource>
        </BCME3460_row>
        <BCME3460_row>
            <budgetno>75060600000</budgetno>
            <b_level>20</b_level>
            <budgetname>退休撫卹給付支出</budgetname>
            <damt1>0.00</damt1>
            <damt2>0.00</damt2>
            <damt3>740000000.00</damt3>
            <damt4>0.00</damt4>
            <damt5>0.00</damt5>
            <damt6>740000000.00</damt6>
            <damt7>0.00</damt7>
            <damt8>0.00</damt8>
            <damt9>0.00</damt9>
            <damt10>0.00</damt10>
            <damt11>0.00</damt11>
            <damt12>740000000.00</damt12>
            <no1>05</no1>
            <no2>07</no2>
            <no3>00</no3>
            <no4>00</no4>
            <budgetno_conver>7506600000</budgetno_conver>
            <bnorder>0606000750000</bnorder>
            <ba_budgetsource>1</ba_budgetsource>
        </BCME3460_row>
        <BCME3460_row>
            <budgetno>75060605300</budgetno>
            <b_level>30</b_level>
            <budgetname>公務人員退休撫卹給付</budgetname>
            <damt1>0.00</damt1>
            <damt2>0.00</damt2>
            <damt3>740000000.00</damt3>
            <damt4>0.00</damt4>
            <damt5>0.00</damt5>
            <damt6>740000000.00</damt6>
            <damt7>0.00</damt7>
            <damt8>0.00</damt8>
            <damt9>0.00</damt9>
            <damt10>0.00</damt10>
            <damt11>0.00</damt11>
            <damt12>740000000.00</damt12>
            <no1>05</no1>
            <no2>07</no2>
            <no3>01</no3>
            <no4>00</no4>
            <budgetno_conver>7506605300</budgetno_conver>
            <bnorder>0606000755300</bnorder>
            <ba_budgetsource>1</ba_budgetsource>
        </BCME3460_row>
        <BCME3460_row>
            <budgetno>76060600000</budgetno>
            <b_level>20</b_level>
            <budgetname>退休撫卹業務支出</budgetname>
            <damt1>105237000.00</damt1>
            <damt2>24793000.00</damt2>
            <damt3>30000.00</damt3>
            <damt4>0.00</damt4>
            <damt5>300000.00</damt5>
            <damt6>130360000.00</damt6>
            <damt7>0.00</damt7>
            <damt8>12968000.00</damt8>
            <damt9>0.00</damt9>
            <damt10>0.00</damt10>
            <damt11>12968000.00</damt11>
            <damt12>143328000.00</damt12>
            <no1>05</no1>
            <no2>07</no2>
            <no3>00</no3>
            <no4>00</no4>
            <budgetno_conver>7606600000</budgetno_conver>
            <bnorder>0606000760000</bnorder>
            <ba_budgetsource>1</ba_budgetsource>
        </BCME3460_row>
        <BCME3460_row>
            <budgetno>76060600100</budgetno>
            <b_level>30</b_level>
            <budgetname>一般行政</budgetname>
            <damt1>105237000.00</damt1>
            <damt2>8308000.00</damt2>
            <damt3>30000.00</damt3>
            <damt4>0.00</damt4>
            <damt5>0.00</damt5>
            <damt6>113575000.00</damt6>
            <damt7>0.00</damt7>
            <damt8>332000.00</damt8>
            <damt9>0.00</damt9>
            <damt10>0.00</damt10>
            <damt11>332000.00</damt11>
            <damt12>113907000.00</damt12>
            <no1>05</no1>
            <no2>07</no2>
            <no3>02</no3>
            <no4>00</no4>
            <budgetno_conver>7606600100</budgetno_conver>
            <bnorder>0606000760100</bnorder>
            <ba_budgetsource>1</ba_budgetsource>
        </BCME3460_row>
        <BCME3460_row>
            <budgetno>76060600600</budgetno>
            <b_level>30</b_level>
            <budgetname>退撫基金管理</budgetname>
            <damt1>0.00</damt1>
            <damt2>16485000.00</damt2>
            <damt3>0.00</damt3>
            <damt4>0.00</damt4>
            <damt5>0.00</damt5>
            <damt6>16485000.00</damt6>
            <damt7>0.00</damt7>
            <damt8>12636000.00</damt8>
            <damt9>0.00</damt9>
            <damt10>0.00</damt10>
            <damt11>12636000.00</damt11>
            <damt12>29121000.00</damt12>
            <no1>05</no1>
            <no2>07</no2>
            <no3>03</no3>
            <no4>00</no4>
            <budgetno_conver>7606600600</budgetno_conver>
            <bnorder>0606000760600</bnorder>
            <ba_budgetsource>1</ba_budgetsource>
        </BCME3460_row>
        <BCME3460_row>
            <budgetno>76060609800</budgetno>
            <b_level>30</b_level>
            <budgetname>第一預備金</budgetname>
            <damt1>0.00</damt1>
            <damt2>0.00</damt2>
            <damt3>0.00</damt3>
            <damt4>0.00</damt4>
            <damt5>300000.00</damt5>
            <damt6>300000.00</damt6>
            <damt7>0.00</damt7>
            <damt8>0.00</damt8>
            <damt9>0.00</damt9>
            <damt10>0.00</damt10>
            <damt11>0.00</damt11>
            <damt12>300000.00</damt12>
            <no1>05</no1>
            <no2>07</no2>
            <no3>04</no3>
            <no4>00</no4>
            <budgetno_conver>7606609800</budgetno_conver>
            <bnorder>0606000769800</bnorder>
            <ba_budgetsource>1</ba_budgetsource>
        </BCME3460_row>
    </BCME3460>
</tables>
