<?xml version="1.0" encoding="UTF-8"?>
<tables>
    <BCME3450>
        <BCME3450_row>
            <objectNo>合計</objectNo>
            <budgetno_7606600100>113907.00</budgetno_7606600100>
            <budgetno_7606600600>29121.00</budgetno_7606600600>
            <budgetno_7506605300>740000.00</budgetno_7506605300>
            <budgetno_7606609800>300.00</budgetno_7606609800>
            <total>883328.00</total>
        </BCME3450_row>
        <BCME3450_row>
            <objectNo>0100 人事費</objectNo>
            <budgetno_7606600100>105237.00</budgetno_7606600100>
            <budgetno_7606600600/>
            <budgetno_7506605300/>
            <budgetno_7606609800/>
            <total>105237.00</total>
        </BCME3450_row>
        <BCME3450_row>
            <objectNo>  0103 法定編制人員待遇</objectNo>
            <budgetno_7606600100>64874.00</budgetno_7606600100>
            <budgetno_7606600600/>
            <budgetno_7506605300/>
            <budgetno_7606609800/>
            <total>64874.00</total>
        </BCME3450_row>
        <BCME3450_row>
            <objectNo>  0104 約聘僱人員待遇</objectNo>
            <budgetno_7606600100>3189.00</budgetno_7606600100>
            <budgetno_7606600600/>
            <budgetno_7506605300/>
            <budgetno_7606609800/>
            <total>3189.00</total>
        </BCME3450_row>
        <BCME3450_row>
            <objectNo>  0105 技工及工友待遇</objectNo>
            <budgetno_7606600100>3459.00</budgetno_7606600100>
            <budgetno_7606600600/>
            <budgetno_7506605300/>
            <budgetno_7606609800/>
            <total>3459.00</total>
        </BCME3450_row>
        <BCME3450_row>
            <objectNo>  0111 獎金</objectNo>
            <budgetno_7606600100>14626.00</budgetno_7606600100>
            <budgetno_7606600600/>
            <budgetno_7506605300/>
            <budgetno_7606609800/>
            <total>14626.00</total>
        </BCME3450_row>
        <BCME3450_row>
            <objectNo>  0121 其他給與</objectNo>
            <budgetno_7606600100>1520.00</budgetno_7606600100>
            <budgetno_7606600600/>
            <budgetno_7506605300/>
            <budgetno_7606609800/>
            <total>1520.00</total>
        </BCME3450_row>
        <BCME3450_row>
            <objectNo>  0131 加班值班費</objectNo>
            <budgetno_7606600100>4753.00</budgetno_7606600100>
            <budgetno_7606600600/>
            <budgetno_7506605300/>
            <budgetno_7606609800/>
            <total>4753.00</total>
        </BCME3450_row>
        <BCME3450_row>
            <objectNo>  0143 退休離職儲金</objectNo>
            <budgetno_7606600100>6018.00</budgetno_7606600100>
            <budgetno_7606600600/>
            <budgetno_7506605300/>
            <budgetno_7606609800/>
            <total>6018.00</total>
        </BCME3450_row>
        <BCME3450_row>
            <objectNo>  0151 保險</objectNo>
            <budgetno_7606600100>6798.00</budgetno_7606600100>
            <budgetno_7606600600/>
            <budgetno_7506605300/>
            <budgetno_7606609800/>
            <total>6798.00</total>
        </BCME3450_row>
        <BCME3450_row>
            <objectNo>0200 業務費</objectNo>
            <budgetno_7606600100>8308.00</budgetno_7606600100>
            <budgetno_7606600600>16485.00</budgetno_7606600600>
            <budgetno_7506605300/>
            <budgetno_7606609800/>
            <total>24793.00</total>
        </BCME3450_row>
        <BCME3450_row>
            <objectNo>  0201 教育訓練費</objectNo>
            <budgetno_7606600100>40.00</budgetno_7606600100>
            <budgetno_7606600600>20.00</budgetno_7606600600>
            <budgetno_7506605300/>
            <budgetno_7606609800/>
            <total>60.00</total>
        </BCME3450_row>
        <BCME3450_row>
            <objectNo>  0202 水電費</objectNo>
            <budgetno_7606600100>1064.00</budgetno_7606600100>
            <budgetno_7606600600/>
            <budgetno_7506605300/>
            <budgetno_7606609800/>
            <total>1064.00</total>
        </BCME3450_row>
        <BCME3450_row>
            <objectNo>  0203 通訊費</objectNo>
            <budgetno_7606600100>1294.00</budgetno_7606600100>
            <budgetno_7606600600>5546.00</budgetno_7606600600>
            <budgetno_7506605300/>
            <budgetno_7606609800/>
            <total>6840.00</total>
        </BCME3450_row>
        <BCME3450_row>
            <objectNo>  0215 資訊服務費</objectNo>
            <budgetno_7606600100>50.00</budgetno_7606600100>
            <budgetno_7606600600>4260.00</budgetno_7606600600>
            <budgetno_7506605300/>
            <budgetno_7606609800/>
            <total>4310.00</total>
        </BCME3450_row>
        <BCME3450_row>
            <objectNo>  0219 其他業務租金</objectNo>
            <budgetno_7606600100>62.00</budgetno_7606600100>
            <budgetno_7606600600>186.00</budgetno_7606600600>
            <budgetno_7506605300/>
            <budgetno_7606609800/>
            <total>248.00</total>
        </BCME3450_row>
        <BCME3450_row>
            <objectNo>  0221 稅捐及規費</objectNo>
            <budgetno_7606600100>20.00</budgetno_7606600100>
            <budgetno_7606600600/>
            <budgetno_7506605300/>
            <budgetno_7606609800/>
            <total>20.00</total>
        </BCME3450_row>
        <BCME3450_row>
            <objectNo>  0231 保險費</objectNo>
            <budgetno_7606600100>22.00</budgetno_7606600100>
            <budgetno_7606600600/>
            <budgetno_7506605300/>
            <budgetno_7606609800/>
            <total>22.00</total>
        </BCME3450_row>
        <BCME3450_row>
            <objectNo>  0241 兼職費</objectNo>
            <budgetno_7606600100>490.00</budgetno_7606600100>
            <budgetno_7606600600/>
            <budgetno_7506605300/>
            <budgetno_7606609800/>
            <total>490.00</total>
        </BCME3450_row>
        <BCME3450_row>
            <objectNo>  0250 按日按件計資酬金</objectNo>
            <budgetno_7606600100>296.00</budgetno_7606600100>
            <budgetno_7606600600>1023.00</budgetno_7606600600>
            <budgetno_7506605300/>
            <budgetno_7606609800/>
            <total>1319.00</total>
        </BCME3450_row>
        <BCME3450_row>
            <objectNo>  0251 委辦費</objectNo>
            <budgetno_7606600100/>
            <budgetno_7606600600>3600.00</budgetno_7606600600>
            <budgetno_7506605300/>
            <budgetno_7606609800/>
            <total>3600.00</total>
        </BCME3450_row>
        <BCME3450_row>
            <objectNo>  0262 國內組織會費</objectNo>
            <budgetno_7606600100>30.00</budgetno_7606600100>
            <budgetno_7606600600/>
            <budgetno_7506605300/>
            <budgetno_7606609800/>
            <total>30.00</total>
        </BCME3450_row>
        <BCME3450_row>
            <objectNo>  0271 物品</objectNo>
            <budgetno_7606600100>282.00</budgetno_7606600100>
            <budgetno_7606600600>565.00</budgetno_7606600600>
            <budgetno_7506605300/>
            <budgetno_7606609800/>
            <total>847.00</total>
        </BCME3450_row>
        <BCME3450_row>
            <objectNo>  0279 一般事務費</objectNo>
            <budgetno_7606600100>3971.00</budgetno_7606600100>
            <budgetno_7606600600>183.00</budgetno_7606600600>
            <budgetno_7506605300/>
            <budgetno_7606609800/>
            <total>4154.00</total>
        </BCME3450_row>
        <BCME3450_row>
            <objectNo>  0282 房屋建築養護費</objectNo>
            <budgetno_7606600100>47.00</budgetno_7606600100>
            <budgetno_7606600600/>
            <budgetno_7506605300/>
            <budgetno_7606609800/>
            <total>47.00</total>
        </BCME3450_row>
        <BCME3450_row>
            <objectNo>  0283 車輛及辦公器具養護費</objectNo>
            <budgetno_7606600100>145.00</budgetno_7606600100>
            <budgetno_7606600600/>
            <budgetno_7506605300/>
            <budgetno_7606609800/>
            <total>145.00</total>
        </BCME3450_row>
        <BCME3450_row>
            <objectNo>  0284 設施及機械設備養護費</objectNo>
            <budgetno_7606600100>475.00</budgetno_7606600100>
            <budgetno_7606600600/>
            <budgetno_7506605300/>
            <budgetno_7606609800/>
            <total>475.00</total>
        </BCME3450_row>
        <BCME3450_row>
            <objectNo>  0291 國內旅費</objectNo>
            <budgetno_7606600100>10.00</budgetno_7606600100>
            <budgetno_7606600600>56.00</budgetno_7606600600>
            <budgetno_7506605300/>
            <budgetno_7606609800/>
            <total>66.00</total>
        </BCME3450_row>
        <BCME3450_row>
            <objectNo>  0293 國外旅費</objectNo>
            <budgetno_7606600100/>
            <budgetno_7606600600>1046.00</budgetno_7606600600>
            <budgetno_7506605300/>
            <budgetno_7606609800/>
            <total>1046.00</total>
        </BCME3450_row>
        <BCME3450_row>
            <objectNo>  0295 短程車資</objectNo>
            <budgetno_7606600100>10.00</budgetno_7606600100>
            <budgetno_7606600600/>
            <budgetno_7506605300/>
            <budgetno_7606609800/>
            <total>10.00</total>
        </BCME3450_row>
        <BCME3450_row>
            <objectNo>0300 設備及投資</objectNo>
            <budgetno_7606600100>332.00</budgetno_7606600100>
            <budgetno_7606600600>12636.00</budgetno_7606600600>
            <budgetno_7506605300/>
            <budgetno_7606609800/>
            <total>12968.00</total>
        </BCME3450_row>
        <BCME3450_row>
            <objectNo>  0306 資訊軟硬體設備費</objectNo>
            <budgetno_7606600100/>
            <budgetno_7606600600>12636.00</budgetno_7606600600>
            <budgetno_7506605300/>
            <budgetno_7606609800/>
            <total>12636.00</total>
        </BCME3450_row>
        <BCME3450_row>
            <objectNo>  0319 雜項設備費</objectNo>
            <budgetno_7606600100>332.00</budgetno_7606600100>
            <budgetno_7606600600/>
            <budgetno_7506605300/>
            <budgetno_7606609800/>
            <total>332.00</total>
        </BCME3450_row>
        <BCME3450_row>
            <objectNo>0400 獎補助費</objectNo>
            <budgetno_7606600100>30.00</budgetno_7606600100>
            <budgetno_7606600600/>
            <budgetno_7506605300>740000.00</budgetno_7506605300>
            <budgetno_7606609800/>
            <total>740030.00</total>
        </BCME3450_row>
        <BCME3450_row>
            <objectNo>  0444 公保及退撫基金差額補助</objectNo>
            <budgetno_7606600100/>
            <budgetno_7606600600/>
            <budgetno_7506605300>740000.00</budgetno_7506605300>
            <budgetno_7606609800/>
            <total>740000.00</total>
        </BCME3450_row>
        <BCME3450_row>
            <objectNo>  0475 獎勵及慰問</objectNo>
            <budgetno_7606600100>30.00</budgetno_7606600100>
            <budgetno_7606600600/>
            <budgetno_7506605300/>
            <budgetno_7606609800/>
            <total>30.00</total>
        </BCME3450_row>
        <BCME3450_row>
            <objectNo>0900 預備金</objectNo>
            <budgetno_7606600100/>
            <budgetno_7606600600/>
            <budgetno_7506605300/>
            <budgetno_7606609800>300.00</budgetno_7606609800>
            <total>300.00</total>
        </BCME3450_row>
        <BCME3450_row>
            <objectNo>  0901 第一預備金</objectNo>
            <budgetno_7606600100/>
            <budgetno_7606600600/>
            <budgetno_7506605300/>
            <budgetno_7606609800>300.00</budgetno_7606609800>
            <total>300.00</total>
        </BCME3450_row>
    </BCME3450>
</tables>
