<?xml version="1.0" encoding="UTF-8"?>
<tables>
    <BCTDHELPPLAN>
        <BCTDHELPPLAN_row>
            <bh_fiscalyear>104</bh_fiscalyear>
            <bh_fundkind>1</bh_fundkind>
            <bh_budgetkind>1</bh_budgetkind>
            <bh_specialbudgetno/>
            <bh_agenno>06060</bh_agenno>
            <bh_agentype>C</bh_agentype>
            <bh_budgetstate>1</bh_budgetstate>
            <bh_versiondate/>
            <bh_objectno/>
            <bh_endowplanno>01</bh_endowplanno>
            <bh_endowplanname>公務人員退休撫卹基金第6次精算作業</bh_endowplanname>
            <bh_donname/>
            <bh_endowsts>2</bh_endowsts>
            <bh_budgetno>76060600600</bh_budgetno>
            <bh_subprojectno>01</bh_subprojectno>
            <bh_budgetsource>1</bh_budgetsource>
            <bh_applyid>0</bh_applyid>
            <bh_startyear>104</bh_startyear>
            <bh_endyear>104</bh_endyear>
            <bh_donrem>委託專業精算機構及監督覆核機構辦理公務人員退休撫卹基金第6次精算作業。</bh_donrem>
            <bh_bgtyear>0</bh_bgtyear>
            <bh_amt_man>2340000.00</bh_amt_man>
            <bh_amt_business>1260000.00</bh_amt_business>
            <bh_amt_other>0.00</bh_amt_other>
            <bh_amt_land>0.00</bh_amt_land>
            <bh_amt_house>0.00</bh_amt_house>
            <bh_amt6>0.00</bh_amt6>
            <bh_amt7>0.00</bh_amt7>
            <bh_flowflag/>
            <bh_signflag/>
            <bh_signno/>
            <mj_subprojectno_na>01 - 基金收支及保管之規劃</mj_subprojectno_na>
        </BCTDHELPPLAN_row>
    </BCTDHELPPLAN>
</tables>
