<?xml version="1.0" encoding="UTF-8"?>
<tables>
    <BCME3460>
        <BCME3460_row>
            <budgetno>00630000000</budgetno>
            <b_level>00</b_level>
            <budgetname>海岸巡防署主管</budgetname>
            <damt1>3355741000.00</damt1>
            <damt2>1101316000.00</damt2>
            <damt3>2380000.00</damt3>
            <damt4>0.00</damt4>
            <damt5>10000000.00</damt5>
            <damt6>4469437000.00</damt6>
            <damt7>0.00</damt7>
            <damt8>2386099000.00</damt8>
            <damt9>0.00</damt9>
            <damt10>0.00</damt10>
            <damt11>2386099000.00</damt11>
            <damt12>6855536000.00</damt12>
            <no1>23</no1>
            <no2>00</no2>
            <no3>00</no3>
            <no4>00</no4>
            <budgetno_conver>0063000000</budgetno_conver>
            <bnorder>6300000000000</bnorder>
            <ba_budgetsource>1</ba_budgetsource>
        </BCME3460_row>
        <BCME3460_row>
            <budgetno>00630100000</budgetno>
            <b_level>10</b_level>
            <budgetname>海洋巡防總局</budgetname>
            <damt1>3355741000.00</damt1>
            <damt2>1101316000.00</damt2>
            <damt3>2380000.00</damt3>
            <damt4>0.00</damt4>
            <damt5>10000000.00</damt5>
            <damt6>4469437000.00</damt6>
            <damt7>0.00</damt7>
            <damt8>2386099000.00</damt8>
            <damt9>0.00</damt9>
            <damt10>0.00</damt10>
            <damt11>2386099000.00</damt11>
            <damt12>6855536000.00</damt12>
            <no1>23</no1>
            <no2>02</no2>
            <no3>00</no3>
            <no4>00</no4>
            <budgetno_conver>0063100000</budgetno_conver>
            <bnorder>6301000000000</bnorder>
            <ba_budgetsource>1</ba_budgetsource>
        </BCME3460_row>
        <BCME3460_row>
            <budgetno>38630100000</budgetno>
            <b_level>20</b_level>
            <budgetname>民政支出</budgetname>
            <damt1>3355741000.00</damt1>
            <damt2>1101316000.00</damt2>
            <damt3>2380000.00</damt3>
            <damt4>0.00</damt4>
            <damt5>10000000.00</damt5>
            <damt6>4469437000.00</damt6>
            <damt7>0.00</damt7>
            <damt8>2386099000.00</damt8>
            <damt9>0.00</damt9>
            <damt10>0.00</damt10>
            <damt11>2386099000.00</damt11>
            <damt12>6855536000.00</damt12>
            <no1>23</no1>
            <no2>02</no2>
            <no3>00</no3>
            <no4>00</no4>
            <budgetno_conver>3863100000</budgetno_conver>
            <bnorder>6301000380000</bnorder>
            <ba_budgetsource>1</ba_budgetsource>
        </BCME3460_row>
        <BCME3460_row>
            <budgetno>38630100100</budgetno>
            <b_level>30</b_level>
            <budgetname>一般行政</budgetname>
            <damt1>3355741000.00</damt1>
            <damt2>33795000.00</damt2>
            <damt3>2380000.00</damt3>
            <damt4>0.00</damt4>
            <damt5>0.00</damt5>
            <damt6>3391916000.00</damt6>
            <damt7>0.00</damt7>
            <damt8>0.00</damt8>
            <damt9>0.00</damt9>
            <damt10>0.00</damt10>
            <damt11>0.00</damt11>
            <damt12>3391916000.00</damt12>
            <no1>23</no1>
            <no2>02</no2>
            <no3>01</no3>
            <no4>00</no4>
            <budgetno_conver>3863100100</budgetno_conver>
            <bnorder>6301000380100</bnorder>
            <ba_budgetsource>1</ba_budgetsource>
        </BCME3460_row>
        <BCME3460_row>
            <budgetno>38630100200</budgetno>
            <b_level>30</b_level>
            <budgetname>海洋巡防業務</budgetname>
            <damt1>0.00</damt1>
            <damt2>1067521000.00</damt2>
            <damt3>0.00</damt3>
            <damt4>0.00</damt4>
            <damt5>0.00</damt5>
            <damt6>1067521000.00</damt6>
            <damt7>0.00</damt7>
            <damt8>2382860000.00</damt8>
            <damt9>0.00</damt9>
            <damt10>0.00</damt10>
            <damt11>2382860000.00</damt11>
            <damt12>3450381000.00</damt12>
            <no1>23</no1>
            <no2>02</no2>
            <no3>02</no3>
            <no4>00</no4>
            <budgetno_conver>3863100200</budgetno_conver>
            <bnorder>6301000380200</bnorder>
            <ba_budgetsource>1</ba_budgetsource>
        </BCME3460_row>
        <BCME3460_row>
            <budgetno>38630109000</budgetno>
            <b_level>30</b_level>
            <budgetname>一般建築及設備</budgetname>
            <damt1>0.00</damt1>
            <damt2>0.00</damt2>
            <damt3>0.00</damt3>
            <damt4>0.00</damt4>
            <damt5>0.00</damt5>
            <damt6>0.00</damt6>
            <damt7>0.00</damt7>
            <damt8>3239000.00</damt8>
            <damt9>0.00</damt9>
            <damt10>0.00</damt10>
            <damt11>3239000.00</damt11>
            <damt12>3239000.00</damt12>
            <no1>23</no1>
            <no2>02</no2>
            <no3>03</no3>
            <no4>00</no4>
            <budgetno_conver>3863109000</budgetno_conver>
            <bnorder>6301000389000</bnorder>
            <ba_budgetsource>1</ba_budgetsource>
        </BCME3460_row>
        <BCME3460_row>
            <budgetno>38630109011</budgetno>
            <b_level>40</b_level>
            <budgetname>交通及運輸設備</budgetname>
            <damt1>0.00</damt1>
            <damt2>0.00</damt2>
            <damt3>0.00</damt3>
            <damt4>0.00</damt4>
            <damt5>0.00</damt5>
            <damt6>0.00</damt6>
            <damt7>0.00</damt7>
            <damt8>3239000.00</damt8>
            <damt9>0.00</damt9>
            <damt10>0.00</damt10>
            <damt11>3239000.00</damt11>
            <damt12>3239000.00</damt12>
            <no1>23</no1>
            <no2>02</no2>
            <no3>03</no3>
            <no4>01</no4>
            <budgetno_conver>3863109011</budgetno_conver>
            <bnorder>6301000389011</bnorder>
            <ba_budgetsource>1</ba_budgetsource>
        </BCME3460_row>
        <BCME3460_row>
            <budgetno>38630109800</budgetno>
            <b_level>30</b_level>
            <budgetname>第一預備金</budgetname>
            <damt1>0.00</damt1>
            <damt2>0.00</damt2>
            <damt3>0.00</damt3>
            <damt4>0.00</damt4>
            <damt5>10000000.00</damt5>
            <damt6>10000000.00</damt6>
            <damt7>0.00</damt7>
            <damt8>0.00</damt8>
            <damt9>0.00</damt9>
            <damt10>0.00</damt10>
            <damt11>0.00</damt11>
            <damt12>10000000.00</damt12>
            <no1>23</no1>
            <no2>02</no2>
            <no3>04</no3>
            <no4>00</no4>
            <budgetno_conver>3863109800</budgetno_conver>
            <bnorder>6301000389800</bnorder>
            <ba_budgetsource>1</ba_budgetsource>
        </BCME3460_row>
    </BCME3460>
</tables>
