<?xml version="1.0" encoding="UTF-8"?>
<tables>
    <BCTMCAR>
        <BCTMCAR_row>
            <bq_fiscalyear>104</bq_fiscalyear>
            <bq_fundkind>1</bq_fundkind>
            <bq_budgetkind>1</bq_budgetkind>
            <bq_specialbudgetno/>
            <bq_agenno>63010</bq_agenno>
            <bq_agentype>C</bq_agentype>
            <bq_budgetstate>1</bq_budgetstate>
            <bq_budgetno>38630100100</bq_budgetno>
            <bq_objectno>07351700</bq_objectno>
            <bq_carid>02</bq_carid>
            <bq_persons>1</bq_persons>
            <bq_buydate>92 07</bq_buydate>
            <bq_ventsize>150</bq_ventsize>
            <bq_oilamt>7440</bq_oilamt>
            <bq_oilprice>35.10</bq_oilprice>
            <bq_amt_maintain>48000.00</bq_amt_maintain>
            <bq_amt5>36000.00</bq_amt5>
            <bq_carnum>24</bq_carnum>
            <bq_remark>偵機車01~24。&amp;lt;br&amp;gt;</bq_remark>
            <bq_lpgamt>0</bq_lpgamt>
            <bq_lpgprice>0.00</bq_lpgprice>
            <bq_versiondate/>
        </BCTMCAR_row>
        <BCTMCAR_row>
            <bq_fiscalyear>104</bq_fiscalyear>
            <bq_fundkind>1</bq_fundkind>
            <bq_budgetkind>1</bq_budgetkind>
            <bq_specialbudgetno/>
            <bq_agenno>63010</bq_agenno>
            <bq_agentype>C</bq_agentype>
            <bq_budgetstate>1</bq_budgetstate>
            <bq_budgetno>38630100100</bq_budgetno>
            <bq_objectno>07351600</bq_objectno>
            <bq_carid>03</bq_carid>
            <bq_persons>1</bq_persons>
            <bq_buydate>92  7</bq_buydate>
            <bq_ventsize>150</bq_ventsize>
            <bq_oilamt>5270</bq_oilamt>
            <bq_oilprice>35.10</bq_oilprice>
            <bq_amt_maintain>34000.00</bq_amt_maintain>
            <bq_amt5>25000.00</bq_amt5>
            <bq_carnum>17</bq_carnum>
            <bq_remark>NX7-420、NX7-425、NX7-427、NX7-435、NX7-437、NX7-439、NX7-451、NX7-453、NX7-459、NX7-460、NX7-466、NX7-469、NX7-472、NX7-473、NX7-476、NX7-480、NX7-483。</bq_remark>
            <bq_lpgamt>0</bq_lpgamt>
            <bq_lpgprice>0.00</bq_lpgprice>
            <bq_versiondate/>
        </BCTMCAR_row>
        <BCTMCAR_row>
            <bq_fiscalyear>104</bq_fiscalyear>
            <bq_fundkind>1</bq_fundkind>
            <bq_budgetkind>1</bq_budgetkind>
            <bq_specialbudgetno/>
            <bq_agenno>63010</bq_agenno>
            <bq_agentype>C</bq_agentype>
            <bq_budgetstate>1</bq_budgetstate>
            <bq_budgetno>38630100100</bq_budgetno>
            <bq_objectno>07351500</bq_objectno>
            <bq_carid>3419-TK</bq_carid>
            <bq_persons>7</bq_persons>
            <bq_buydate>97 03</bq_buydate>
            <bq_ventsize>2350</bq_ventsize>
            <bq_oilamt>1071</bq_oilamt>
            <bq_oilprice>35.10</bq_oilprice>
            <bq_amt_maintain>51000.00</bq_amt_maintain>
            <bq_amt5>20000.00</bq_amt5>
            <bq_carnum>1</bq_carnum>
            <bq_remark>勤務車。</bq_remark>
            <bq_lpgamt>0</bq_lpgamt>
            <bq_lpgprice>0.00</bq_lpgprice>
            <bq_versiondate/>
        </BCTMCAR_row>
        <BCTMCAR_row>
            <bq_fiscalyear>104</bq_fiscalyear>
            <bq_fundkind>1</bq_fundkind>
            <bq_budgetkind>1</bq_budgetkind>
            <bq_specialbudgetno/>
            <bq_agenno>63010</bq_agenno>
            <bq_agentype>C</bq_agentype>
            <bq_budgetstate>1</bq_budgetstate>
            <bq_budgetno>38630100100</bq_budgetno>
            <bq_objectno>07351500</bq_objectno>
            <bq_carid>3420-TK</bq_carid>
            <bq_persons>7</bq_persons>
            <bq_buydate>97 03</bq_buydate>
            <bq_ventsize>2350</bq_ventsize>
            <bq_oilamt>1071</bq_oilamt>
            <bq_oilprice>35.10</bq_oilprice>
            <bq_amt_maintain>51000.00</bq_amt_maintain>
            <bq_amt5>20000.00</bq_amt5>
            <bq_carnum>1</bq_carnum>
            <bq_remark>勤務車。</bq_remark>
            <bq_lpgamt>0</bq_lpgamt>
            <bq_lpgprice>0.00</bq_lpgprice>
            <bq_versiondate/>
        </BCTMCAR_row>
        <BCTMCAR_row>
            <bq_fiscalyear>104</bq_fiscalyear>
            <bq_fundkind>1</bq_fundkind>
            <bq_budgetkind>1</bq_budgetkind>
            <bq_specialbudgetno/>
            <bq_agenno>63010</bq_agenno>
            <bq_agentype>C</bq_agentype>
            <bq_budgetstate>1</bq_budgetstate>
            <bq_budgetno>38630100100</bq_budgetno>
            <bq_objectno>07351500</bq_objectno>
            <bq_carid>3422-TK</bq_carid>
            <bq_persons>7</bq_persons>
            <bq_buydate>97 03</bq_buydate>
            <bq_ventsize>2350</bq_ventsize>
            <bq_oilamt>1071</bq_oilamt>
            <bq_oilprice>35.10</bq_oilprice>
            <bq_amt_maintain>51000.00</bq_amt_maintain>
            <bq_amt5>20000.00</bq_amt5>
            <bq_carnum>1</bq_carnum>
            <bq_remark>勤務車。</bq_remark>
            <bq_lpgamt>0</bq_lpgamt>
            <bq_lpgprice>0.00</bq_lpgprice>
            <bq_versiondate/>
        </BCTMCAR_row>
        <BCTMCAR_row>
            <bq_fiscalyear>104</bq_fiscalyear>
            <bq_fundkind>1</bq_fundkind>
            <bq_budgetkind>1</bq_budgetkind>
            <bq_specialbudgetno/>
            <bq_agenno>63010</bq_agenno>
            <bq_agentype>C</bq_agentype>
            <bq_budgetstate>1</bq_budgetstate>
            <bq_budgetno>38630100100</bq_budgetno>
            <bq_objectno>07351500</bq_objectno>
            <bq_carid>3439-L3</bq_carid>
            <bq_persons>4</bq_persons>
            <bq_buydate>10104</bq_buydate>
            <bq_ventsize>1798</bq_ventsize>
            <bq_oilamt>852</bq_oilamt>
            <bq_oilprice>35.10</bq_oilprice>
            <bq_amt_maintain>25000.00</bq_amt_maintain>
            <bq_amt5>15000.00</bq_amt5>
            <bq_carnum>1</bq_carnum>
            <bq_remark>勤務車。油氣雙燃料車。</bq_remark>
            <bq_lpgamt>845</bq_lpgamt>
            <bq_lpgprice>23.60</bq_lpgprice>
            <bq_versiondate/>
        </BCTMCAR_row>
        <BCTMCAR_row>
            <bq_fiscalyear>104</bq_fiscalyear>
            <bq_fundkind>1</bq_fundkind>
            <bq_budgetkind>1</bq_budgetkind>
            <bq_specialbudgetno/>
            <bq_agenno>63010</bq_agenno>
            <bq_agentype>C</bq_agentype>
            <bq_budgetstate>1</bq_budgetstate>
            <bq_budgetno>38630100100</bq_budgetno>
            <bq_objectno>07351500</bq_objectno>
            <bq_carid>3451-L3</bq_carid>
            <bq_persons>4</bq_persons>
            <bq_buydate>10104</bq_buydate>
            <bq_ventsize>1798</bq_ventsize>
            <bq_oilamt>852</bq_oilamt>
            <bq_oilprice>35.10</bq_oilprice>
            <bq_amt_maintain>25000.00</bq_amt_maintain>
            <bq_amt5>15000.00</bq_amt5>
            <bq_carnum>1</bq_carnum>
            <bq_remark>勤務車。油氣雙燃料車。</bq_remark>
            <bq_lpgamt>845</bq_lpgamt>
            <bq_lpgprice>23.60</bq_lpgprice>
            <bq_versiondate/>
        </BCTMCAR_row>
        <BCTMCAR_row>
            <bq_fiscalyear>104</bq_fiscalyear>
            <bq_fundkind>1</bq_fundkind>
            <bq_budgetkind>1</bq_budgetkind>
            <bq_specialbudgetno/>
            <bq_agenno>63010</bq_agenno>
            <bq_agentype>C</bq_agentype>
            <bq_budgetstate>1</bq_budgetstate>
            <bq_budgetno>38630100100</bq_budgetno>
            <bq_objectno>07351500</bq_objectno>
            <bq_carid>3452-L3</bq_carid>
            <bq_persons>4</bq_persons>
            <bq_buydate>10104</bq_buydate>
            <bq_ventsize>1798</bq_ventsize>
            <bq_oilamt>852</bq_oilamt>
            <bq_oilprice>35.10</bq_oilprice>
            <bq_amt_maintain>25000.00</bq_amt_maintain>
            <bq_amt5>15000.00</bq_amt5>
            <bq_carnum>1</bq_carnum>
            <bq_remark>勤務車。油氣雙燃料車。</bq_remark>
            <bq_lpgamt>845</bq_lpgamt>
            <bq_lpgprice>23.60</bq_lpgprice>
            <bq_versiondate/>
        </BCTMCAR_row>
        <BCTMCAR_row>
            <bq_fiscalyear>104</bq_fiscalyear>
            <bq_fundkind>1</bq_fundkind>
            <bq_budgetkind>1</bq_budgetkind>
            <bq_specialbudgetno/>
            <bq_agenno>63010</bq_agenno>
            <bq_agentype>C</bq_agentype>
            <bq_budgetstate>1</bq_budgetstate>
            <bq_budgetno>38630100100</bq_budgetno>
            <bq_objectno>07351500</bq_objectno>
            <bq_carid>3453-L3</bq_carid>
            <bq_persons>4</bq_persons>
            <bq_buydate>10104</bq_buydate>
            <bq_ventsize>1998</bq_ventsize>
            <bq_oilamt>1071</bq_oilamt>
            <bq_oilprice>35.10</bq_oilprice>
            <bq_amt_maintain>25000.00</bq_amt_maintain>
            <bq_amt5>20000.00</bq_amt5>
            <bq_carnum>1</bq_carnum>
            <bq_remark>勤務車。</bq_remark>
            <bq_lpgamt>0</bq_lpgamt>
            <bq_lpgprice>0.00</bq_lpgprice>
            <bq_versiondate/>
        </BCTMCAR_row>
        <BCTMCAR_row>
            <bq_fiscalyear>104</bq_fiscalyear>
            <bq_fundkind>1</bq_fundkind>
            <bq_budgetkind>1</bq_budgetkind>
            <bq_specialbudgetno/>
            <bq_agenno>63010</bq_agenno>
            <bq_agentype>C</bq_agentype>
            <bq_budgetstate>1</bq_budgetstate>
            <bq_budgetno>38630100100</bq_budgetno>
            <bq_objectno>07351500</bq_objectno>
            <bq_carid>4231-GW</bq_carid>
            <bq_persons>6</bq_persons>
            <bq_buydate>92 06</bq_buydate>
            <bq_ventsize>2461</bq_ventsize>
            <bq_oilamt>1071</bq_oilamt>
            <bq_oilprice>35.10</bq_oilprice>
            <bq_amt_maintain>8000.00</bq_amt_maintain>
            <bq_amt5>25000.00</bq_amt5>
            <bq_carnum>1</bq_carnum>
            <bq_remark>勤務車。</bq_remark>
            <bq_lpgamt>0</bq_lpgamt>
            <bq_lpgprice>0.00</bq_lpgprice>
            <bq_versiondate/>
        </BCTMCAR_row>
        <BCTMCAR_row>
            <bq_fiscalyear>104</bq_fiscalyear>
            <bq_fundkind>1</bq_fundkind>
            <bq_budgetkind>1</bq_budgetkind>
            <bq_specialbudgetno/>
            <bq_agenno>63010</bq_agenno>
            <bq_agentype>C</bq_agentype>
            <bq_budgetstate>1</bq_budgetstate>
            <bq_budgetno>38630100100</bq_budgetno>
            <bq_objectno>07351500</bq_objectno>
            <bq_carid>4861-UT</bq_carid>
            <bq_persons>4</bq_persons>
            <bq_buydate>97 05</bq_buydate>
            <bq_ventsize>1998</bq_ventsize>
            <bq_oilamt>1071</bq_oilamt>
            <bq_oilprice>35.10</bq_oilprice>
            <bq_amt_maintain>51000.00</bq_amt_maintain>
            <bq_amt5>20000.00</bq_amt5>
            <bq_carnum>1</bq_carnum>
            <bq_remark>勤務車。</bq_remark>
            <bq_lpgamt>0</bq_lpgamt>
            <bq_lpgprice>0.00</bq_lpgprice>
            <bq_versiondate/>
        </BCTMCAR_row>
        <BCTMCAR_row>
            <bq_fiscalyear>104</bq_fiscalyear>
            <bq_fundkind>1</bq_fundkind>
            <bq_budgetkind>1</bq_budgetkind>
            <bq_specialbudgetno/>
            <bq_agenno>63010</bq_agenno>
            <bq_agentype>C</bq_agentype>
            <bq_budgetstate>1</bq_budgetstate>
            <bq_budgetno>38630100100</bq_budgetno>
            <bq_objectno>07351500</bq_objectno>
            <bq_carid>4867-UT</bq_carid>
            <bq_persons>4</bq_persons>
            <bq_buydate>97 05</bq_buydate>
            <bq_ventsize>1998</bq_ventsize>
            <bq_oilamt>852</bq_oilamt>
            <bq_oilprice>35.10</bq_oilprice>
            <bq_amt_maintain>51000.00</bq_amt_maintain>
            <bq_amt5>20000.00</bq_amt5>
            <bq_carnum>1</bq_carnum>
            <bq_remark>勤務車。油氣雙燃料車。</bq_remark>
            <bq_lpgamt>845</bq_lpgamt>
            <bq_lpgprice>23.60</bq_lpgprice>
            <bq_versiondate/>
        </BCTMCAR_row>
        <BCTMCAR_row>
            <bq_fiscalyear>104</bq_fiscalyear>
            <bq_fundkind>1</bq_fundkind>
            <bq_budgetkind>1</bq_budgetkind>
            <bq_specialbudgetno/>
            <bq_agenno>63010</bq_agenno>
            <bq_agentype>C</bq_agentype>
            <bq_budgetstate>1</bq_budgetstate>
            <bq_budgetno>38630100100</bq_budgetno>
            <bq_objectno>07351500</bq_objectno>
            <bq_carid>4939-VM</bq_carid>
            <bq_persons>6</bq_persons>
            <bq_buydate>98  2</bq_buydate>
            <bq_ventsize>2378</bq_ventsize>
            <bq_oilamt>1071</bq_oilamt>
            <bq_oilprice>35.10</bq_oilprice>
            <bq_amt_maintain>34000.00</bq_amt_maintain>
            <bq_amt5>20000.00</bq_amt5>
            <bq_carnum>1</bq_carnum>
            <bq_remark>勤務車。</bq_remark>
            <bq_lpgamt>0</bq_lpgamt>
            <bq_lpgprice>0.00</bq_lpgprice>
            <bq_versiondate/>
        </BCTMCAR_row>
        <BCTMCAR_row>
            <bq_fiscalyear>104</bq_fiscalyear>
            <bq_fundkind>1</bq_fundkind>
            <bq_budgetkind>1</bq_budgetkind>
            <bq_specialbudgetno/>
            <bq_agenno>63010</bq_agenno>
            <bq_agentype>C</bq_agentype>
            <bq_budgetstate>1</bq_budgetstate>
            <bq_budgetno>38630100100</bq_budgetno>
            <bq_objectno>07351500</bq_objectno>
            <bq_carid>5160-FK</bq_carid>
            <bq_persons>6</bq_persons>
            <bq_buydate>92 06</bq_buydate>
            <bq_ventsize>2461</bq_ventsize>
            <bq_oilamt>1071</bq_oilamt>
            <bq_oilprice>35.10</bq_oilprice>
            <bq_amt_maintain>51000.00</bq_amt_maintain>
            <bq_amt5>26000.00</bq_amt5>
            <bq_carnum>1</bq_carnum>
            <bq_remark>勤務車。</bq_remark>
            <bq_lpgamt>0</bq_lpgamt>
            <bq_lpgprice>0.00</bq_lpgprice>
            <bq_versiondate/>
        </BCTMCAR_row>
        <BCTMCAR_row>
            <bq_fiscalyear>104</bq_fiscalyear>
            <bq_fundkind>1</bq_fundkind>
            <bq_budgetkind>1</bq_budgetkind>
            <bq_specialbudgetno/>
            <bq_agenno>63010</bq_agenno>
            <bq_agentype>C</bq_agentype>
            <bq_budgetstate>1</bq_budgetstate>
            <bq_budgetno>38630100100</bq_budgetno>
            <bq_objectno>07351500</bq_objectno>
            <bq_carid>5161-FK</bq_carid>
            <bq_persons>6</bq_persons>
            <bq_buydate>92 06</bq_buydate>
            <bq_ventsize>2461</bq_ventsize>
            <bq_oilamt>1071</bq_oilamt>
            <bq_oilprice>35.10</bq_oilprice>
            <bq_amt_maintain>51000.00</bq_amt_maintain>
            <bq_amt5>26000.00</bq_amt5>
            <bq_carnum>1</bq_carnum>
            <bq_remark>勤務車。</bq_remark>
            <bq_lpgamt>0</bq_lpgamt>
            <bq_lpgprice>0.00</bq_lpgprice>
            <bq_versiondate/>
        </BCTMCAR_row>
        <BCTMCAR_row>
            <bq_fiscalyear>104</bq_fiscalyear>
            <bq_fundkind>1</bq_fundkind>
            <bq_budgetkind>1</bq_budgetkind>
            <bq_specialbudgetno/>
            <bq_agenno>63010</bq_agenno>
            <bq_agentype>C</bq_agentype>
            <bq_budgetstate>1</bq_budgetstate>
            <bq_budgetno>38630100100</bq_budgetno>
            <bq_objectno>07351500</bq_objectno>
            <bq_carid>5162-FK</bq_carid>
            <bq_persons>6</bq_persons>
            <bq_buydate>92 06</bq_buydate>
            <bq_ventsize>2461</bq_ventsize>
            <bq_oilamt>1071</bq_oilamt>
            <bq_oilprice>35.10</bq_oilprice>
            <bq_amt_maintain>51000.00</bq_amt_maintain>
            <bq_amt5>26000.00</bq_amt5>
            <bq_carnum>1</bq_carnum>
            <bq_remark>勤務車。</bq_remark>
            <bq_lpgamt>0</bq_lpgamt>
            <bq_lpgprice>0.00</bq_lpgprice>
            <bq_versiondate/>
        </BCTMCAR_row>
        <BCTMCAR_row>
            <bq_fiscalyear>104</bq_fiscalyear>
            <bq_fundkind>1</bq_fundkind>
            <bq_budgetkind>1</bq_budgetkind>
            <bq_specialbudgetno/>
            <bq_agenno>63010</bq_agenno>
            <bq_agentype>C</bq_agentype>
            <bq_budgetstate>1</bq_budgetstate>
            <bq_budgetno>38630100100</bq_budgetno>
            <bq_objectno>07351500</bq_objectno>
            <bq_carid>5163-FK</bq_carid>
            <bq_persons>6</bq_persons>
            <bq_buydate>92 06</bq_buydate>
            <bq_ventsize>2461</bq_ventsize>
            <bq_oilamt>1071</bq_oilamt>
            <bq_oilprice>35.10</bq_oilprice>
            <bq_amt_maintain>8000.00</bq_amt_maintain>
            <bq_amt5>25000.00</bq_amt5>
            <bq_carnum>1</bq_carnum>
            <bq_remark>勤務車，預計104年汰換。</bq_remark>
            <bq_lpgamt>0</bq_lpgamt>
            <bq_lpgprice>0.00</bq_lpgprice>
            <bq_versiondate/>
        </BCTMCAR_row>
        <BCTMCAR_row>
            <bq_fiscalyear>104</bq_fiscalyear>
            <bq_fundkind>1</bq_fundkind>
            <bq_budgetkind>1</bq_budgetkind>
            <bq_specialbudgetno/>
            <bq_agenno>63010</bq_agenno>
            <bq_agentype>C</bq_agentype>
            <bq_budgetstate>1</bq_budgetstate>
            <bq_budgetno>38630100100</bq_budgetno>
            <bq_objectno>07351500</bq_objectno>
            <bq_carid>5170-FK</bq_carid>
            <bq_persons>6</bq_persons>
            <bq_buydate>92 06</bq_buydate>
            <bq_ventsize>2461</bq_ventsize>
            <bq_oilamt>1071</bq_oilamt>
            <bq_oilprice>35.10</bq_oilprice>
            <bq_amt_maintain>8000.00</bq_amt_maintain>
            <bq_amt5>25000.00</bq_amt5>
            <bq_carnum>1</bq_carnum>
            <bq_remark>勤務車，預計104年汰換。</bq_remark>
            <bq_lpgamt>0</bq_lpgamt>
            <bq_lpgprice>0.00</bq_lpgprice>
            <bq_versiondate/>
        </BCTMCAR_row>
        <BCTMCAR_row>
            <bq_fiscalyear>104</bq_fiscalyear>
            <bq_fundkind>1</bq_fundkind>
            <bq_budgetkind>1</bq_budgetkind>
            <bq_specialbudgetno/>
            <bq_agenno>63010</bq_agenno>
            <bq_agentype>C</bq_agentype>
            <bq_budgetstate>1</bq_budgetstate>
            <bq_budgetno>38630100100</bq_budgetno>
            <bq_objectno>07351500</bq_objectno>
            <bq_carid>5173-FK</bq_carid>
            <bq_persons>6</bq_persons>
            <bq_buydate>92 06</bq_buydate>
            <bq_ventsize>2461</bq_ventsize>
            <bq_oilamt>1071</bq_oilamt>
            <bq_oilprice>35.10</bq_oilprice>
            <bq_amt_maintain>51000.00</bq_amt_maintain>
            <bq_amt5>26000.00</bq_amt5>
            <bq_carnum>1</bq_carnum>
            <bq_remark>勤務車。</bq_remark>
            <bq_lpgamt>0</bq_lpgamt>
            <bq_lpgprice>0.00</bq_lpgprice>
            <bq_versiondate/>
        </BCTMCAR_row>
        <BCTMCAR_row>
            <bq_fiscalyear>104</bq_fiscalyear>
            <bq_fundkind>1</bq_fundkind>
            <bq_budgetkind>1</bq_budgetkind>
            <bq_specialbudgetno/>
            <bq_agenno>63010</bq_agenno>
            <bq_agentype>C</bq_agentype>
            <bq_budgetstate>1</bq_budgetstate>
            <bq_budgetno>38630100100</bq_budgetno>
            <bq_objectno>07351500</bq_objectno>
            <bq_carid>5181-FK</bq_carid>
            <bq_persons>6</bq_persons>
            <bq_buydate>92 06</bq_buydate>
            <bq_ventsize>2461</bq_ventsize>
            <bq_oilamt>1071</bq_oilamt>
            <bq_oilprice>35.10</bq_oilprice>
            <bq_amt_maintain>51000.00</bq_amt_maintain>
            <bq_amt5>26000.00</bq_amt5>
            <bq_carnum>1</bq_carnum>
            <bq_remark>勤務車。</bq_remark>
            <bq_lpgamt>0</bq_lpgamt>
            <bq_lpgprice>0.00</bq_lpgprice>
            <bq_versiondate/>
        </BCTMCAR_row>
        <BCTMCAR_row>
            <bq_fiscalyear>104</bq_fiscalyear>
            <bq_fundkind>1</bq_fundkind>
            <bq_budgetkind>1</bq_budgetkind>
            <bq_specialbudgetno/>
            <bq_agenno>63010</bq_agenno>
            <bq_agentype>C</bq_agentype>
            <bq_budgetstate>1</bq_budgetstate>
            <bq_budgetno>38630100100</bq_budgetno>
            <bq_objectno>07351500</bq_objectno>
            <bq_carid>5183-FK</bq_carid>
            <bq_persons>6</bq_persons>
            <bq_buydate>92 06</bq_buydate>
            <bq_ventsize>2461</bq_ventsize>
            <bq_oilamt>1071</bq_oilamt>
            <bq_oilprice>35.10</bq_oilprice>
            <bq_amt_maintain>51000.00</bq_amt_maintain>
            <bq_amt5>26000.00</bq_amt5>
            <bq_carnum>1</bq_carnum>
            <bq_remark>勤務車。</bq_remark>
            <bq_lpgamt>0</bq_lpgamt>
            <bq_lpgprice>0.00</bq_lpgprice>
            <bq_versiondate/>
        </BCTMCAR_row>
        <BCTMCAR_row>
            <bq_fiscalyear>104</bq_fiscalyear>
            <bq_fundkind>1</bq_fundkind>
            <bq_budgetkind>1</bq_budgetkind>
            <bq_specialbudgetno/>
            <bq_agenno>63010</bq_agenno>
            <bq_agentype>C</bq_agentype>
            <bq_budgetstate>1</bq_budgetstate>
            <bq_budgetno>38630100100</bq_budgetno>
            <bq_objectno>07351500</bq_objectno>
            <bq_carid>5190-FK</bq_carid>
            <bq_persons>6</bq_persons>
            <bq_buydate>92 06</bq_buydate>
            <bq_ventsize>2461</bq_ventsize>
            <bq_oilamt>1071</bq_oilamt>
            <bq_oilprice>35.10</bq_oilprice>
            <bq_amt_maintain>51000.00</bq_amt_maintain>
            <bq_amt5>26000.00</bq_amt5>
            <bq_carnum>1</bq_carnum>
            <bq_remark>勤務車。</bq_remark>
            <bq_lpgamt>0</bq_lpgamt>
            <bq_lpgprice>0.00</bq_lpgprice>
            <bq_versiondate/>
        </BCTMCAR_row>
        <BCTMCAR_row>
            <bq_fiscalyear>104</bq_fiscalyear>
            <bq_fundkind>1</bq_fundkind>
            <bq_budgetkind>1</bq_budgetkind>
            <bq_specialbudgetno/>
            <bq_agenno>63010</bq_agenno>
            <bq_agentype>C</bq_agentype>
            <bq_budgetstate>1</bq_budgetstate>
            <bq_budgetno>38630100100</bq_budgetno>
            <bq_objectno>07351500</bq_objectno>
            <bq_carid>5191-FK</bq_carid>
            <bq_persons>6</bq_persons>
            <bq_buydate>92 06</bq_buydate>
            <bq_ventsize>2461</bq_ventsize>
            <bq_oilamt>1071</bq_oilamt>
            <bq_oilprice>35.10</bq_oilprice>
            <bq_amt_maintain>51000.00</bq_amt_maintain>
            <bq_amt5>26000.00</bq_amt5>
            <bq_carnum>1</bq_carnum>
            <bq_remark>勤務車。</bq_remark>
            <bq_lpgamt>0</bq_lpgamt>
            <bq_lpgprice>0.00</bq_lpgprice>
            <bq_versiondate/>
        </BCTMCAR_row>
        <BCTMCAR_row>
            <bq_fiscalyear>104</bq_fiscalyear>
            <bq_fundkind>1</bq_fundkind>
            <bq_budgetkind>1</bq_budgetkind>
            <bq_specialbudgetno/>
            <bq_agenno>63010</bq_agenno>
            <bq_agentype>C</bq_agentype>
            <bq_budgetstate>1</bq_budgetstate>
            <bq_budgetno>38630100100</bq_budgetno>
            <bq_objectno>07351500</bq_objectno>
            <bq_carid>5192-FK</bq_carid>
            <bq_persons>6</bq_persons>
            <bq_buydate>92 06</bq_buydate>
            <bq_ventsize>2461</bq_ventsize>
            <bq_oilamt>1071</bq_oilamt>
            <bq_oilprice>35.10</bq_oilprice>
            <bq_amt_maintain>8000.00</bq_amt_maintain>
            <bq_amt5>25000.00</bq_amt5>
            <bq_carnum>1</bq_carnum>
            <bq_remark>勤務車。</bq_remark>
            <bq_lpgamt>0</bq_lpgamt>
            <bq_lpgprice>0.00</bq_lpgprice>
            <bq_versiondate/>
        </BCTMCAR_row>
        <BCTMCAR_row>
            <bq_fiscalyear>104</bq_fiscalyear>
            <bq_fundkind>1</bq_fundkind>
            <bq_budgetkind>1</bq_budgetkind>
            <bq_specialbudgetno/>
            <bq_agenno>63010</bq_agenno>
            <bq_agentype>C</bq_agentype>
            <bq_budgetstate>1</bq_budgetstate>
            <bq_budgetno>38630100100</bq_budgetno>
            <bq_objectno>07351500</bq_objectno>
            <bq_carid>6261-FK</bq_carid>
            <bq_persons>4</bq_persons>
            <bq_buydate>92 06</bq_buydate>
            <bq_ventsize>1995</bq_ventsize>
            <bq_oilamt>1071</bq_oilamt>
            <bq_oilprice>35.10</bq_oilprice>
            <bq_amt_maintain>51000.00</bq_amt_maintain>
            <bq_amt5>20000.00</bq_amt5>
            <bq_carnum>1</bq_carnum>
            <bq_remark>勤務車。</bq_remark>
            <bq_lpgamt>0</bq_lpgamt>
            <bq_lpgprice>0.00</bq_lpgprice>
            <bq_versiondate/>
        </BCTMCAR_row>
        <BCTMCAR_row>
            <bq_fiscalyear>104</bq_fiscalyear>
            <bq_fundkind>1</bq_fundkind>
            <bq_budgetkind>1</bq_budgetkind>
            <bq_specialbudgetno/>
            <bq_agenno>63010</bq_agenno>
            <bq_agentype>C</bq_agentype>
            <bq_budgetstate>1</bq_budgetstate>
            <bq_budgetno>38630100100</bq_budgetno>
            <bq_objectno>07351500</bq_objectno>
            <bq_carid>6290-FK</bq_carid>
            <bq_persons>4</bq_persons>
            <bq_buydate>92 06</bq_buydate>
            <bq_ventsize>1995</bq_ventsize>
            <bq_oilamt>1071</bq_oilamt>
            <bq_oilprice>35.10</bq_oilprice>
            <bq_amt_maintain>51000.00</bq_amt_maintain>
            <bq_amt5>20000.00</bq_amt5>
            <bq_carnum>1</bq_carnum>
            <bq_remark>勤務車</bq_remark>
            <bq_lpgamt>0</bq_lpgamt>
            <bq_lpgprice>0.00</bq_lpgprice>
            <bq_versiondate/>
        </BCTMCAR_row>
        <BCTMCAR_row>
            <bq_fiscalyear>104</bq_fiscalyear>
            <bq_fundkind>1</bq_fundkind>
            <bq_budgetkind>1</bq_budgetkind>
            <bq_specialbudgetno/>
            <bq_agenno>63010</bq_agenno>
            <bq_agentype>C</bq_agentype>
            <bq_budgetstate>1</bq_budgetstate>
            <bq_budgetno>38630100100</bq_budgetno>
            <bq_objectno>07351500</bq_objectno>
            <bq_carid>6293-FK</bq_carid>
            <bq_persons>4</bq_persons>
            <bq_buydate>92 06</bq_buydate>
            <bq_ventsize>1995</bq_ventsize>
            <bq_oilamt>1071</bq_oilamt>
            <bq_oilprice>35.10</bq_oilprice>
            <bq_amt_maintain>51000.00</bq_amt_maintain>
            <bq_amt5>20000.00</bq_amt5>
            <bq_carnum>1</bq_carnum>
            <bq_remark>勤務車。</bq_remark>
            <bq_lpgamt>0</bq_lpgamt>
            <bq_lpgprice>0.00</bq_lpgprice>
            <bq_versiondate/>
        </BCTMCAR_row>
        <BCTMCAR_row>
            <bq_fiscalyear>104</bq_fiscalyear>
            <bq_fundkind>1</bq_fundkind>
            <bq_budgetkind>1</bq_budgetkind>
            <bq_specialbudgetno/>
            <bq_agenno>63010</bq_agenno>
            <bq_agentype>C</bq_agentype>
            <bq_budgetstate>1</bq_budgetstate>
            <bq_budgetno>38630100100</bq_budgetno>
            <bq_objectno>07351500</bq_objectno>
            <bq_carid>6301-FK</bq_carid>
            <bq_persons>4</bq_persons>
            <bq_buydate>92 06</bq_buydate>
            <bq_ventsize>1995</bq_ventsize>
            <bq_oilamt>1071</bq_oilamt>
            <bq_oilprice>35.10</bq_oilprice>
            <bq_amt_maintain>51000.00</bq_amt_maintain>
            <bq_amt5>20000.00</bq_amt5>
            <bq_carnum>1</bq_carnum>
            <bq_remark>勤務車。</bq_remark>
            <bq_lpgamt>0</bq_lpgamt>
            <bq_lpgprice>0.00</bq_lpgprice>
            <bq_versiondate/>
        </BCTMCAR_row>
        <BCTMCAR_row>
            <bq_fiscalyear>104</bq_fiscalyear>
            <bq_fundkind>1</bq_fundkind>
            <bq_budgetkind>1</bq_budgetkind>
            <bq_specialbudgetno/>
            <bq_agenno>63010</bq_agenno>
            <bq_agentype>C</bq_agentype>
            <bq_budgetstate>1</bq_budgetstate>
            <bq_budgetno>38630100100</bq_budgetno>
            <bq_objectno>07351500</bq_objectno>
            <bq_carid>6302-FK</bq_carid>
            <bq_persons>4</bq_persons>
            <bq_buydate>92 06</bq_buydate>
            <bq_ventsize>1995</bq_ventsize>
            <bq_oilamt>1071</bq_oilamt>
            <bq_oilprice>35.10</bq_oilprice>
            <bq_amt_maintain>51000.00</bq_amt_maintain>
            <bq_amt5>20000.00</bq_amt5>
            <bq_carnum>1</bq_carnum>
            <bq_remark>勤務車。</bq_remark>
            <bq_lpgamt>0</bq_lpgamt>
            <bq_lpgprice>0.00</bq_lpgprice>
            <bq_versiondate/>
        </BCTMCAR_row>
        <BCTMCAR_row>
            <bq_fiscalyear>104</bq_fiscalyear>
            <bq_fundkind>1</bq_fundkind>
            <bq_budgetkind>1</bq_budgetkind>
            <bq_specialbudgetno/>
            <bq_agenno>63010</bq_agenno>
            <bq_agentype>C</bq_agentype>
            <bq_budgetstate>1</bq_budgetstate>
            <bq_budgetno>38630100100</bq_budgetno>
            <bq_objectno>07351200</bq_objectno>
            <bq_carid>6303-FJ</bq_carid>
            <bq_persons>2</bq_persons>
            <bq_buydate>09207</bq_buydate>
            <bq_ventsize>2835</bq_ventsize>
            <bq_oilamt>2149</bq_oilamt>
            <bq_oilprice>32.50</bq_oilprice>
            <bq_amt_maintain>51000.00</bq_amt_maintain>
            <bq_amt5>16000.00</bq_amt5>
            <bq_carnum>1</bq_carnum>
            <bq_remark>柴油車。</bq_remark>
            <bq_lpgamt>0</bq_lpgamt>
            <bq_lpgprice>0.00</bq_lpgprice>
            <bq_versiondate/>
        </BCTMCAR_row>
        <BCTMCAR_row>
            <bq_fiscalyear>104</bq_fiscalyear>
            <bq_fundkind>1</bq_fundkind>
            <bq_budgetkind>1</bq_budgetkind>
            <bq_specialbudgetno/>
            <bq_agenno>63010</bq_agenno>
            <bq_agentype>C</bq_agentype>
            <bq_budgetstate>1</bq_budgetstate>
            <bq_budgetno>38630100100</bq_budgetno>
            <bq_objectno>07351500</bq_objectno>
            <bq_carid>6310-FK</bq_carid>
            <bq_persons>4</bq_persons>
            <bq_buydate>92 06</bq_buydate>
            <bq_ventsize>1995</bq_ventsize>
            <bq_oilamt>1071</bq_oilamt>
            <bq_oilprice>35.10</bq_oilprice>
            <bq_amt_maintain>51000.00</bq_amt_maintain>
            <bq_amt5>20000.00</bq_amt5>
            <bq_carnum>1</bq_carnum>
            <bq_remark>勤務車。</bq_remark>
            <bq_lpgamt>0</bq_lpgamt>
            <bq_lpgprice>0.00</bq_lpgprice>
            <bq_versiondate/>
        </BCTMCAR_row>
        <BCTMCAR_row>
            <bq_fiscalyear>104</bq_fiscalyear>
            <bq_fundkind>1</bq_fundkind>
            <bq_budgetkind>1</bq_budgetkind>
            <bq_specialbudgetno/>
            <bq_agenno>63010</bq_agenno>
            <bq_agentype>C</bq_agentype>
            <bq_budgetstate>1</bq_budgetstate>
            <bq_budgetno>38630100100</bq_budgetno>
            <bq_objectno>07351500</bq_objectno>
            <bq_carid>6320-FK</bq_carid>
            <bq_persons>4</bq_persons>
            <bq_buydate>92 06</bq_buydate>
            <bq_ventsize>1995</bq_ventsize>
            <bq_oilamt>1071</bq_oilamt>
            <bq_oilprice>35.10</bq_oilprice>
            <bq_amt_maintain>51000.00</bq_amt_maintain>
            <bq_amt5>20000.00</bq_amt5>
            <bq_carnum>1</bq_carnum>
            <bq_remark>勤務車。</bq_remark>
            <bq_lpgamt>0</bq_lpgamt>
            <bq_lpgprice>0.00</bq_lpgprice>
            <bq_versiondate/>
        </BCTMCAR_row>
        <BCTMCAR_row>
            <bq_fiscalyear>104</bq_fiscalyear>
            <bq_fundkind>1</bq_fundkind>
            <bq_budgetkind>1</bq_budgetkind>
            <bq_specialbudgetno/>
            <bq_agenno>63010</bq_agenno>
            <bq_agentype>C</bq_agentype>
            <bq_budgetstate>1</bq_budgetstate>
            <bq_budgetno>38630100100</bq_budgetno>
            <bq_objectno>07351500</bq_objectno>
            <bq_carid>6321-FK</bq_carid>
            <bq_persons>4</bq_persons>
            <bq_buydate>92 06</bq_buydate>
            <bq_ventsize>1995</bq_ventsize>
            <bq_oilamt>852</bq_oilamt>
            <bq_oilprice>35.10</bq_oilprice>
            <bq_amt_maintain>8000.00</bq_amt_maintain>
            <bq_amt5>20000.00</bq_amt5>
            <bq_carnum>1</bq_carnum>
            <bq_remark>勤務車。</bq_remark>
            <bq_lpgamt>0</bq_lpgamt>
            <bq_lpgprice>0.00</bq_lpgprice>
            <bq_versiondate/>
        </BCTMCAR_row>
        <BCTMCAR_row>
            <bq_fiscalyear>104</bq_fiscalyear>
            <bq_fundkind>1</bq_fundkind>
            <bq_budgetkind>1</bq_budgetkind>
            <bq_specialbudgetno/>
            <bq_agenno>63010</bq_agenno>
            <bq_agentype>C</bq_agentype>
            <bq_budgetstate>1</bq_budgetstate>
            <bq_budgetno>38630100100</bq_budgetno>
            <bq_objectno>07351500</bq_objectno>
            <bq_carid>6498-TK</bq_carid>
            <bq_persons>4</bq_persons>
            <bq_buydate>97 03</bq_buydate>
            <bq_ventsize>2378</bq_ventsize>
            <bq_oilamt>1071</bq_oilamt>
            <bq_oilprice>35.10</bq_oilprice>
            <bq_amt_maintain>51000.00</bq_amt_maintain>
            <bq_amt5>20000.00</bq_amt5>
            <bq_carnum>1</bq_carnum>
            <bq_remark>勤務車。</bq_remark>
            <bq_lpgamt>0</bq_lpgamt>
            <bq_lpgprice>0.00</bq_lpgprice>
            <bq_versiondate/>
        </BCTMCAR_row>
        <BCTMCAR_row>
            <bq_fiscalyear>104</bq_fiscalyear>
            <bq_fundkind>1</bq_fundkind>
            <bq_budgetkind>1</bq_budgetkind>
            <bq_specialbudgetno/>
            <bq_agenno>63010</bq_agenno>
            <bq_agentype>C</bq_agentype>
            <bq_budgetstate>1</bq_budgetstate>
            <bq_budgetno>38630100100</bq_budgetno>
            <bq_objectno>07351500</bq_objectno>
            <bq_carid>6571-TK</bq_carid>
            <bq_persons>4</bq_persons>
            <bq_buydate>97 03</bq_buydate>
            <bq_ventsize>2378</bq_ventsize>
            <bq_oilamt>1071</bq_oilamt>
            <bq_oilprice>35.10</bq_oilprice>
            <bq_amt_maintain>51000.00</bq_amt_maintain>
            <bq_amt5>21000.00</bq_amt5>
            <bq_carnum>1</bq_carnum>
            <bq_remark>勤務車。</bq_remark>
            <bq_lpgamt>0</bq_lpgamt>
            <bq_lpgprice>0.00</bq_lpgprice>
            <bq_versiondate/>
        </BCTMCAR_row>
        <BCTMCAR_row>
            <bq_fiscalyear>104</bq_fiscalyear>
            <bq_fundkind>1</bq_fundkind>
            <bq_budgetkind>1</bq_budgetkind>
            <bq_specialbudgetno/>
            <bq_agenno>63010</bq_agenno>
            <bq_agentype>C</bq_agentype>
            <bq_budgetstate>1</bq_budgetstate>
            <bq_budgetno>38630100100</bq_budgetno>
            <bq_objectno>07351500</bq_objectno>
            <bq_carid>6N-0565</bq_carid>
            <bq_persons>8</bq_persons>
            <bq_buydate>90 10</bq_buydate>
            <bq_ventsize>1968</bq_ventsize>
            <bq_oilamt>1071</bq_oilamt>
            <bq_oilprice>35.10</bq_oilprice>
            <bq_amt_maintain>51000.00</bq_amt_maintain>
            <bq_amt5>21000.00</bq_amt5>
            <bq_carnum>1</bq_carnum>
            <bq_remark>廂型車，勤務車。</bq_remark>
            <bq_lpgamt>0</bq_lpgamt>
            <bq_lpgprice>0.00</bq_lpgprice>
            <bq_versiondate/>
        </BCTMCAR_row>
        <BCTMCAR_row>
            <bq_fiscalyear>104</bq_fiscalyear>
            <bq_fundkind>1</bq_fundkind>
            <bq_budgetkind>1</bq_budgetkind>
            <bq_specialbudgetno/>
            <bq_agenno>63010</bq_agenno>
            <bq_agentype>C</bq_agentype>
            <bq_budgetstate>1</bq_budgetstate>
            <bq_budgetno>38630100100</bq_budgetno>
            <bq_objectno>07351500</bq_objectno>
            <bq_carid>6N-0571</bq_carid>
            <bq_persons>8</bq_persons>
            <bq_buydate>90 10</bq_buydate>
            <bq_ventsize>1968</bq_ventsize>
            <bq_oilamt>1071</bq_oilamt>
            <bq_oilprice>35.10</bq_oilprice>
            <bq_amt_maintain>8000.00</bq_amt_maintain>
            <bq_amt5>20000.00</bq_amt5>
            <bq_carnum>1</bq_carnum>
            <bq_remark>廂型車，勤務車。</bq_remark>
            <bq_lpgamt>0</bq_lpgamt>
            <bq_lpgprice>0.00</bq_lpgprice>
            <bq_versiondate/>
        </BCTMCAR_row>
        <BCTMCAR_row>
            <bq_fiscalyear>104</bq_fiscalyear>
            <bq_fundkind>1</bq_fundkind>
            <bq_budgetkind>1</bq_budgetkind>
            <bq_specialbudgetno/>
            <bq_agenno>63010</bq_agenno>
            <bq_agentype>C</bq_agentype>
            <bq_budgetstate>1</bq_budgetstate>
            <bq_budgetno>38630100100</bq_budgetno>
            <bq_objectno>07351000</bq_objectno>
            <bq_carid>818-QM</bq_carid>
            <bq_persons>2</bq_persons>
            <bq_buydate>92 07</bq_buydate>
            <bq_ventsize>3907</bq_ventsize>
            <bq_oilamt>2149</bq_oilamt>
            <bq_oilprice>32.50</bq_oilprice>
            <bq_amt_maintain>51000.00</bq_amt_maintain>
            <bq_amt5>22000.00</bq_amt5>
            <bq_carnum>1</bq_carnum>
            <bq_remark>柴油車。</bq_remark>
            <bq_lpgamt>0</bq_lpgamt>
            <bq_lpgprice>0.00</bq_lpgprice>
            <bq_versiondate/>
        </BCTMCAR_row>
        <BCTMCAR_row>
            <bq_fiscalyear>104</bq_fiscalyear>
            <bq_fundkind>1</bq_fundkind>
            <bq_budgetkind>1</bq_budgetkind>
            <bq_specialbudgetno/>
            <bq_agenno>63010</bq_agenno>
            <bq_agentype>C</bq_agentype>
            <bq_budgetstate>1</bq_budgetstate>
            <bq_budgetno>38630100100</bq_budgetno>
            <bq_objectno>07351000</bq_objectno>
            <bq_carid>819-QM</bq_carid>
            <bq_persons>2</bq_persons>
            <bq_buydate>92 08</bq_buydate>
            <bq_ventsize>3907</bq_ventsize>
            <bq_oilamt>2149</bq_oilamt>
            <bq_oilprice>32.50</bq_oilprice>
            <bq_amt_maintain>51000.00</bq_amt_maintain>
            <bq_amt5>22000.00</bq_amt5>
            <bq_carnum>1</bq_carnum>
            <bq_remark>柴油車。</bq_remark>
            <bq_lpgamt>0</bq_lpgamt>
            <bq_lpgprice>0.00</bq_lpgprice>
            <bq_versiondate/>
        </BCTMCAR_row>
        <BCTMCAR_row>
            <bq_fiscalyear>104</bq_fiscalyear>
            <bq_fundkind>1</bq_fundkind>
            <bq_budgetkind>1</bq_budgetkind>
            <bq_specialbudgetno/>
            <bq_agenno>63010</bq_agenno>
            <bq_agentype>C</bq_agentype>
            <bq_budgetstate>1</bq_budgetstate>
            <bq_budgetno>38630100100</bq_budgetno>
            <bq_objectno>07351500</bq_objectno>
            <bq_carid>8K-7401</bq_carid>
            <bq_persons>4</bq_persons>
            <bq_buydate>90 04</bq_buydate>
            <bq_ventsize>1998</bq_ventsize>
            <bq_oilamt>1071</bq_oilamt>
            <bq_oilprice>35.10</bq_oilprice>
            <bq_amt_maintain>51000.00</bq_amt_maintain>
            <bq_amt5>20000.00</bq_amt5>
            <bq_carnum>1</bq_carnum>
            <bq_remark>勤務車。</bq_remark>
            <bq_lpgamt>0</bq_lpgamt>
            <bq_lpgprice>0.00</bq_lpgprice>
            <bq_versiondate/>
        </BCTMCAR_row>
        <BCTMCAR_row>
            <bq_fiscalyear>104</bq_fiscalyear>
            <bq_fundkind>1</bq_fundkind>
            <bq_budgetkind>1</bq_budgetkind>
            <bq_specialbudgetno/>
            <bq_agenno>63010</bq_agenno>
            <bq_agentype>C</bq_agentype>
            <bq_budgetstate>1</bq_budgetstate>
            <bq_budgetno>38630100100</bq_budgetno>
            <bq_objectno>07351500</bq_objectno>
            <bq_carid>8K-7405</bq_carid>
            <bq_persons>4</bq_persons>
            <bq_buydate>90 04</bq_buydate>
            <bq_ventsize>1998</bq_ventsize>
            <bq_oilamt>1071</bq_oilamt>
            <bq_oilprice>35.10</bq_oilprice>
            <bq_amt_maintain>51000.00</bq_amt_maintain>
            <bq_amt5>20000.00</bq_amt5>
            <bq_carnum>1</bq_carnum>
            <bq_remark>勤務車。</bq_remark>
            <bq_lpgamt>0</bq_lpgamt>
            <bq_lpgprice>0.00</bq_lpgprice>
            <bq_versiondate/>
        </BCTMCAR_row>
        <BCTMCAR_row>
            <bq_fiscalyear>104</bq_fiscalyear>
            <bq_fundkind>1</bq_fundkind>
            <bq_budgetkind>1</bq_budgetkind>
            <bq_specialbudgetno/>
            <bq_agenno>63010</bq_agenno>
            <bq_agentype>C</bq_agentype>
            <bq_budgetstate>1</bq_budgetstate>
            <bq_budgetno>38630100100</bq_budgetno>
            <bq_objectno>07351500</bq_objectno>
            <bq_carid>8K-7410</bq_carid>
            <bq_persons>4</bq_persons>
            <bq_buydate>90 04</bq_buydate>
            <bq_ventsize>1998</bq_ventsize>
            <bq_oilamt>1071</bq_oilamt>
            <bq_oilprice>35.10</bq_oilprice>
            <bq_amt_maintain>51000.00</bq_amt_maintain>
            <bq_amt5>20000.00</bq_amt5>
            <bq_carnum>1</bq_carnum>
            <bq_remark>勤務車。</bq_remark>
            <bq_lpgamt>0</bq_lpgamt>
            <bq_lpgprice>0.00</bq_lpgprice>
            <bq_versiondate/>
        </BCTMCAR_row>
        <BCTMCAR_row>
            <bq_fiscalyear>104</bq_fiscalyear>
            <bq_fundkind>1</bq_fundkind>
            <bq_budgetkind>1</bq_budgetkind>
            <bq_specialbudgetno/>
            <bq_agenno>63010</bq_agenno>
            <bq_agentype>C</bq_agentype>
            <bq_budgetstate>1</bq_budgetstate>
            <bq_budgetno>38630100100</bq_budgetno>
            <bq_objectno>07351500</bq_objectno>
            <bq_carid>8K-7412</bq_carid>
            <bq_persons>4</bq_persons>
            <bq_buydate>90 04</bq_buydate>
            <bq_ventsize>1998</bq_ventsize>
            <bq_oilamt>1071</bq_oilamt>
            <bq_oilprice>35.10</bq_oilprice>
            <bq_amt_maintain>51000.00</bq_amt_maintain>
            <bq_amt5>20000.00</bq_amt5>
            <bq_carnum>1</bq_carnum>
            <bq_remark>勤務車。</bq_remark>
            <bq_lpgamt>0</bq_lpgamt>
            <bq_lpgprice>0.00</bq_lpgprice>
            <bq_versiondate/>
        </BCTMCAR_row>
        <BCTMCAR_row>
            <bq_fiscalyear>104</bq_fiscalyear>
            <bq_fundkind>1</bq_fundkind>
            <bq_budgetkind>1</bq_budgetkind>
            <bq_specialbudgetno/>
            <bq_agenno>63010</bq_agenno>
            <bq_agentype>C</bq_agentype>
            <bq_budgetstate>1</bq_budgetstate>
            <bq_budgetno>38630100100</bq_budgetno>
            <bq_objectno>07351500</bq_objectno>
            <bq_carid>8K-7413</bq_carid>
            <bq_persons>4</bq_persons>
            <bq_buydate>90 04</bq_buydate>
            <bq_ventsize>1998</bq_ventsize>
            <bq_oilamt>1071</bq_oilamt>
            <bq_oilprice>35.10</bq_oilprice>
            <bq_amt_maintain>51000.00</bq_amt_maintain>
            <bq_amt5>20000.00</bq_amt5>
            <bq_carnum>1</bq_carnum>
            <bq_remark>勤務車。</bq_remark>
            <bq_lpgamt>0</bq_lpgamt>
            <bq_lpgprice>0.00</bq_lpgprice>
            <bq_versiondate/>
        </BCTMCAR_row>
        <BCTMCAR_row>
            <bq_fiscalyear>104</bq_fiscalyear>
            <bq_fundkind>1</bq_fundkind>
            <bq_budgetkind>1</bq_budgetkind>
            <bq_specialbudgetno/>
            <bq_agenno>63010</bq_agenno>
            <bq_agentype>C</bq_agentype>
            <bq_budgetstate>1</bq_budgetstate>
            <bq_budgetno>38630100100</bq_budgetno>
            <bq_objectno>07351500</bq_objectno>
            <bq_carid>8K-7415</bq_carid>
            <bq_persons>4</bq_persons>
            <bq_buydate>90 04</bq_buydate>
            <bq_ventsize>1998</bq_ventsize>
            <bq_oilamt>1071</bq_oilamt>
            <bq_oilprice>35.10</bq_oilprice>
            <bq_amt_maintain>51000.00</bq_amt_maintain>
            <bq_amt5>20000.00</bq_amt5>
            <bq_carnum>1</bq_carnum>
            <bq_remark>勤務車。</bq_remark>
            <bq_lpgamt>0</bq_lpgamt>
            <bq_lpgprice>0.00</bq_lpgprice>
            <bq_versiondate/>
        </BCTMCAR_row>
        <BCTMCAR_row>
            <bq_fiscalyear>104</bq_fiscalyear>
            <bq_fundkind>1</bq_fundkind>
            <bq_budgetkind>1</bq_budgetkind>
            <bq_specialbudgetno/>
            <bq_agenno>63010</bq_agenno>
            <bq_agentype>C</bq_agentype>
            <bq_budgetstate>1</bq_budgetstate>
            <bq_budgetno>38630100100</bq_budgetno>
            <bq_objectno>07351500</bq_objectno>
            <bq_carid>8K-7418</bq_carid>
            <bq_persons>4</bq_persons>
            <bq_buydate>90 04</bq_buydate>
            <bq_ventsize>1998</bq_ventsize>
            <bq_oilamt>1071</bq_oilamt>
            <bq_oilprice>35.10</bq_oilprice>
            <bq_amt_maintain>51000.00</bq_amt_maintain>
            <bq_amt5>20000.00</bq_amt5>
            <bq_carnum>1</bq_carnum>
            <bq_remark>勤務車。</bq_remark>
            <bq_lpgamt>0</bq_lpgamt>
            <bq_lpgprice>0.00</bq_lpgprice>
            <bq_versiondate/>
        </BCTMCAR_row>
        <BCTMCAR_row>
            <bq_fiscalyear>104</bq_fiscalyear>
            <bq_fundkind>1</bq_fundkind>
            <bq_budgetkind>1</bq_budgetkind>
            <bq_specialbudgetno/>
            <bq_agenno>63010</bq_agenno>
            <bq_agentype>C</bq_agentype>
            <bq_budgetstate>1</bq_budgetstate>
            <bq_budgetno>38630100100</bq_budgetno>
            <bq_objectno>07351500</bq_objectno>
            <bq_carid>8K-7419</bq_carid>
            <bq_persons>4</bq_persons>
            <bq_buydate>90 04</bq_buydate>
            <bq_ventsize>1998</bq_ventsize>
            <bq_oilamt>1071</bq_oilamt>
            <bq_oilprice>35.10</bq_oilprice>
            <bq_amt_maintain>51000.00</bq_amt_maintain>
            <bq_amt5>20000.00</bq_amt5>
            <bq_carnum>1</bq_carnum>
            <bq_remark>勤務車。</bq_remark>
            <bq_lpgamt>0</bq_lpgamt>
            <bq_lpgprice>0.00</bq_lpgprice>
            <bq_versiondate/>
        </BCTMCAR_row>
        <BCTMCAR_row>
            <bq_fiscalyear>104</bq_fiscalyear>
            <bq_fundkind>1</bq_fundkind>
            <bq_budgetkind>1</bq_budgetkind>
            <bq_specialbudgetno/>
            <bq_agenno>63010</bq_agenno>
            <bq_agentype>C</bq_agentype>
            <bq_budgetstate>1</bq_budgetstate>
            <bq_budgetno>38630100100</bq_budgetno>
            <bq_objectno>07351500</bq_objectno>
            <bq_carid>8K-7440</bq_carid>
            <bq_persons>4</bq_persons>
            <bq_buydate>90 04</bq_buydate>
            <bq_ventsize>1998</bq_ventsize>
            <bq_oilamt>1071</bq_oilamt>
            <bq_oilprice>35.10</bq_oilprice>
            <bq_amt_maintain>8000.00</bq_amt_maintain>
            <bq_amt5>20000.00</bq_amt5>
            <bq_carnum>1</bq_carnum>
            <bq_remark>勤務車。預計104年汰換。</bq_remark>
            <bq_lpgamt>0</bq_lpgamt>
            <bq_lpgprice>0.00</bq_lpgprice>
            <bq_versiondate/>
        </BCTMCAR_row>
        <BCTMCAR_row>
            <bq_fiscalyear>104</bq_fiscalyear>
            <bq_fundkind>1</bq_fundkind>
            <bq_budgetkind>1</bq_budgetkind>
            <bq_specialbudgetno/>
            <bq_agenno>63010</bq_agenno>
            <bq_agentype>C</bq_agentype>
            <bq_budgetstate>1</bq_budgetstate>
            <bq_budgetno>38630100100</bq_budgetno>
            <bq_objectno>07350100</bq_objectno>
            <bq_carid>9725-VL</bq_carid>
            <bq_persons>4</bq_persons>
            <bq_buydate>97 12</bq_buydate>
            <bq_ventsize>1794</bq_ventsize>
            <bq_oilamt>1071</bq_oilamt>
            <bq_oilprice>35.10</bq_oilprice>
            <bq_amt_maintain>51000.00</bq_amt_maintain>
            <bq_amt5>15000.00</bq_amt5>
            <bq_carnum>1</bq_carnum>
            <bq_remark/>
            <bq_lpgamt>0</bq_lpgamt>
            <bq_lpgprice>0.00</bq_lpgprice>
            <bq_versiondate/>
        </BCTMCAR_row>
        <BCTMCAR_row>
            <bq_fiscalyear>104</bq_fiscalyear>
            <bq_fundkind>1</bq_fundkind>
            <bq_budgetkind>1</bq_budgetkind>
            <bq_specialbudgetno/>
            <bq_agenno>63010</bq_agenno>
            <bq_agentype>C</bq_agentype>
            <bq_budgetstate>1</bq_budgetstate>
            <bq_budgetno>38630100100</bq_budgetno>
            <bq_objectno>07351500</bq_objectno>
            <bq_carid>ABB-5020</bq_carid>
            <bq_persons>4</bq_persons>
            <bq_buydate>10206</bq_buydate>
            <bq_ventsize>1798</bq_ventsize>
            <bq_oilamt>852</bq_oilamt>
            <bq_oilprice>35.10</bq_oilprice>
            <bq_amt_maintain>8000.00</bq_amt_maintain>
            <bq_amt5>17000.00</bq_amt5>
            <bq_carnum>1</bq_carnum>
            <bq_remark>勤務車，油氣雙燃料車。</bq_remark>
            <bq_lpgamt>845</bq_lpgamt>
            <bq_lpgprice>23.60</bq_lpgprice>
            <bq_versiondate/>
        </BCTMCAR_row>
        <BCTMCAR_row>
            <bq_fiscalyear>104</bq_fiscalyear>
            <bq_fundkind>1</bq_fundkind>
            <bq_budgetkind>1</bq_budgetkind>
            <bq_specialbudgetno/>
            <bq_agenno>63010</bq_agenno>
            <bq_agentype>C</bq_agentype>
            <bq_budgetstate>1</bq_budgetstate>
            <bq_budgetno>38630100100</bq_budgetno>
            <bq_objectno>07351500</bq_objectno>
            <bq_carid>AGJ-0721</bq_carid>
            <bq_persons>4</bq_persons>
            <bq_buydate>10306</bq_buydate>
            <bq_ventsize>1998</bq_ventsize>
            <bq_oilamt>1071</bq_oilamt>
            <bq_oilprice>35.10</bq_oilprice>
            <bq_amt_maintain>8000.00</bq_amt_maintain>
            <bq_amt5>20000.00</bq_amt5>
            <bq_carnum>1</bq_carnum>
            <bq_remark>原8K-7409，勤務車。</bq_remark>
            <bq_lpgamt>0</bq_lpgamt>
            <bq_lpgprice>0.00</bq_lpgprice>
            <bq_versiondate/>
        </BCTMCAR_row>
        <BCTMCAR_row>
            <bq_fiscalyear>104</bq_fiscalyear>
            <bq_fundkind>1</bq_fundkind>
            <bq_budgetkind>1</bq_budgetkind>
            <bq_specialbudgetno/>
            <bq_agenno>63010</bq_agenno>
            <bq_agentype>C</bq_agentype>
            <bq_budgetstate>1</bq_budgetstate>
            <bq_budgetno>38630100100</bq_budgetno>
            <bq_objectno>07351500</bq_objectno>
            <bq_carid>AGJ-2183</bq_carid>
            <bq_persons>4</bq_persons>
            <bq_buydate>10306</bq_buydate>
            <bq_ventsize>1998</bq_ventsize>
            <bq_oilamt>852</bq_oilamt>
            <bq_oilprice>35.10</bq_oilprice>
            <bq_amt_maintain>8000.00</bq_amt_maintain>
            <bq_amt5>21000.00</bq_amt5>
            <bq_carnum>1</bq_carnum>
            <bq_remark>原4679-L3，勤務車。</bq_remark>
            <bq_lpgamt>845</bq_lpgamt>
            <bq_lpgprice>23.60</bq_lpgprice>
            <bq_versiondate/>
        </BCTMCAR_row>
        <BCTMCAR_row>
            <bq_fiscalyear>104</bq_fiscalyear>
            <bq_fundkind>1</bq_fundkind>
            <bq_budgetkind>1</bq_budgetkind>
            <bq_specialbudgetno/>
            <bq_agenno>63010</bq_agenno>
            <bq_agentype>C</bq_agentype>
            <bq_budgetstate>1</bq_budgetstate>
            <bq_budgetno>38630100100</bq_budgetno>
            <bq_objectno>07351500</bq_objectno>
            <bq_carid>AGJ-2187</bq_carid>
            <bq_persons>4</bq_persons>
            <bq_buydate>10306</bq_buydate>
            <bq_ventsize>1995</bq_ventsize>
            <bq_oilamt>852</bq_oilamt>
            <bq_oilprice>35.10</bq_oilprice>
            <bq_amt_maintain>8000.00</bq_amt_maintain>
            <bq_amt5>20000.00</bq_amt5>
            <bq_carnum>1</bq_carnum>
            <bq_remark>原6270-FK，勤務車。</bq_remark>
            <bq_lpgamt>845</bq_lpgamt>
            <bq_lpgprice>23.60</bq_lpgprice>
            <bq_versiondate/>
        </BCTMCAR_row>
        <BCTMCAR_row>
            <bq_fiscalyear>104</bq_fiscalyear>
            <bq_fundkind>1</bq_fundkind>
            <bq_budgetkind>1</bq_budgetkind>
            <bq_specialbudgetno/>
            <bq_agenno>63010</bq_agenno>
            <bq_agentype>C</bq_agentype>
            <bq_budgetstate>1</bq_budgetstate>
            <bq_budgetno>38630100100</bq_budgetno>
            <bq_objectno>07351500</bq_objectno>
            <bq_carid>AGQ-9501</bq_carid>
            <bq_persons>6</bq_persons>
            <bq_buydate>10306</bq_buydate>
            <bq_ventsize>2461</bq_ventsize>
            <bq_oilamt>1071</bq_oilamt>
            <bq_oilprice>35.10</bq_oilprice>
            <bq_amt_maintain>8000.00</bq_amt_maintain>
            <bq_amt5>25000.00</bq_amt5>
            <bq_carnum>1</bq_carnum>
            <bq_remark>原5180-FK，勤務車。</bq_remark>
            <bq_lpgamt>0</bq_lpgamt>
            <bq_lpgprice>0.00</bq_lpgprice>
            <bq_versiondate/>
        </BCTMCAR_row>
        <BCTMCAR_row>
            <bq_fiscalyear>104</bq_fiscalyear>
            <bq_fundkind>1</bq_fundkind>
            <bq_budgetkind>1</bq_budgetkind>
            <bq_specialbudgetno/>
            <bq_agenno>63010</bq_agenno>
            <bq_agentype>C</bq_agentype>
            <bq_budgetstate>1</bq_budgetstate>
            <bq_budgetno>38630100100</bq_budgetno>
            <bq_objectno>07351500</bq_objectno>
            <bq_carid>BD-169</bq_carid>
            <bq_persons>21</bq_persons>
            <bq_buydate>92 07</bq_buydate>
            <bq_ventsize>4104</bq_ventsize>
            <bq_oilamt>2149</bq_oilamt>
            <bq_oilprice>32.50</bq_oilprice>
            <bq_amt_maintain>51000.00</bq_amt_maintain>
            <bq_amt5>22000.00</bq_amt5>
            <bq_carnum>1</bq_carnum>
            <bq_remark>柴油車，大型車，勤務車。</bq_remark>
            <bq_lpgamt>0</bq_lpgamt>
            <bq_lpgprice>0.00</bq_lpgprice>
            <bq_versiondate/>
        </BCTMCAR_row>
        <BCTMCAR_row>
            <bq_fiscalyear>104</bq_fiscalyear>
            <bq_fundkind>1</bq_fundkind>
            <bq_budgetkind>1</bq_budgetkind>
            <bq_specialbudgetno/>
            <bq_agenno>63010</bq_agenno>
            <bq_agentype>C</bq_agentype>
            <bq_budgetstate>1</bq_budgetstate>
            <bq_budgetno>38630100100</bq_budgetno>
            <bq_objectno>07351500</bq_objectno>
            <bq_carid>偵防車01</bq_carid>
            <bq_persons>4</bq_persons>
            <bq_buydate>10306</bq_buydate>
            <bq_ventsize>1998</bq_ventsize>
            <bq_oilamt>852</bq_oilamt>
            <bq_oilprice>35.10</bq_oilprice>
            <bq_amt_maintain>8000.00</bq_amt_maintain>
            <bq_amt5>21000.00</bq_amt5>
            <bq_carnum>1</bq_carnum>
            <bq_remark>油氣雙燃料車。</bq_remark>
            <bq_lpgamt>845</bq_lpgamt>
            <bq_lpgprice>23.60</bq_lpgprice>
            <bq_versiondate/>
        </BCTMCAR_row>
        <BCTMCAR_row>
            <bq_fiscalyear>104</bq_fiscalyear>
            <bq_fundkind>1</bq_fundkind>
            <bq_budgetkind>1</bq_budgetkind>
            <bq_specialbudgetno/>
            <bq_agenno>63010</bq_agenno>
            <bq_agentype>C</bq_agentype>
            <bq_budgetstate>1</bq_budgetstate>
            <bq_budgetno>38630100100</bq_budgetno>
            <bq_objectno>07351500</bq_objectno>
            <bq_carid>偵防車02</bq_carid>
            <bq_persons>4</bq_persons>
            <bq_buydate>90 04</bq_buydate>
            <bq_ventsize>1998</bq_ventsize>
            <bq_oilamt>1071</bq_oilamt>
            <bq_oilprice>35.10</bq_oilprice>
            <bq_amt_maintain>51000.00</bq_amt_maintain>
            <bq_amt5>21000.00</bq_amt5>
            <bq_carnum>1</bq_carnum>
            <bq_remark/>
            <bq_lpgamt>0</bq_lpgamt>
            <bq_lpgprice>0.00</bq_lpgprice>
            <bq_versiondate/>
        </BCTMCAR_row>
        <BCTMCAR_row>
            <bq_fiscalyear>104</bq_fiscalyear>
            <bq_fundkind>1</bq_fundkind>
            <bq_budgetkind>1</bq_budgetkind>
            <bq_specialbudgetno/>
            <bq_agenno>63010</bq_agenno>
            <bq_agentype>C</bq_agentype>
            <bq_budgetstate>1</bq_budgetstate>
            <bq_budgetno>38630100100</bq_budgetno>
            <bq_objectno>07351500</bq_objectno>
            <bq_carid>偵防車03</bq_carid>
            <bq_persons>4</bq_persons>
            <bq_buydate>10206</bq_buydate>
            <bq_ventsize>2378</bq_ventsize>
            <bq_oilamt>852</bq_oilamt>
            <bq_oilprice>35.10</bq_oilprice>
            <bq_amt_maintain>8000.00</bq_amt_maintain>
            <bq_amt5>22000.00</bq_amt5>
            <bq_carnum>1</bq_carnum>
            <bq_remark>油氣雙燃料車。</bq_remark>
            <bq_lpgamt>845</bq_lpgamt>
            <bq_lpgprice>23.60</bq_lpgprice>
            <bq_versiondate/>
        </BCTMCAR_row>
        <BCTMCAR_row>
            <bq_fiscalyear>104</bq_fiscalyear>
            <bq_fundkind>1</bq_fundkind>
            <bq_budgetkind>1</bq_budgetkind>
            <bq_specialbudgetno/>
            <bq_agenno>63010</bq_agenno>
            <bq_agentype>C</bq_agentype>
            <bq_budgetstate>1</bq_budgetstate>
            <bq_budgetno>38630100100</bq_budgetno>
            <bq_objectno>07351500</bq_objectno>
            <bq_carid>偵防車04</bq_carid>
            <bq_persons>4</bq_persons>
            <bq_buydate>90 04</bq_buydate>
            <bq_ventsize>1998</bq_ventsize>
            <bq_oilamt>1071</bq_oilamt>
            <bq_oilprice>35.10</bq_oilprice>
            <bq_amt_maintain>51000.00</bq_amt_maintain>
            <bq_amt5>21000.00</bq_amt5>
            <bq_carnum>1</bq_carnum>
            <bq_remark/>
            <bq_lpgamt>0</bq_lpgamt>
            <bq_lpgprice>0.00</bq_lpgprice>
            <bq_versiondate/>
        </BCTMCAR_row>
        <BCTMCAR_row>
            <bq_fiscalyear>104</bq_fiscalyear>
            <bq_fundkind>1</bq_fundkind>
            <bq_budgetkind>1</bq_budgetkind>
            <bq_specialbudgetno/>
            <bq_agenno>63010</bq_agenno>
            <bq_agentype>C</bq_agentype>
            <bq_budgetstate>1</bq_budgetstate>
            <bq_budgetno>38630100100</bq_budgetno>
            <bq_objectno>07351500</bq_objectno>
            <bq_carid>偵防車05</bq_carid>
            <bq_persons>6</bq_persons>
            <bq_buydate>92 06</bq_buydate>
            <bq_ventsize>2792</bq_ventsize>
            <bq_oilamt>1071</bq_oilamt>
            <bq_oilprice>35.10</bq_oilprice>
            <bq_amt_maintain>51000.00</bq_amt_maintain>
            <bq_amt5>26000.00</bq_amt5>
            <bq_carnum>1</bq_carnum>
            <bq_remark/>
            <bq_lpgamt>0</bq_lpgamt>
            <bq_lpgprice>0.00</bq_lpgprice>
            <bq_versiondate/>
        </BCTMCAR_row>
        <BCTMCAR_row>
            <bq_fiscalyear>104</bq_fiscalyear>
            <bq_fundkind>1</bq_fundkind>
            <bq_budgetkind>1</bq_budgetkind>
            <bq_specialbudgetno/>
            <bq_agenno>63010</bq_agenno>
            <bq_agentype>C</bq_agentype>
            <bq_budgetstate>1</bq_budgetstate>
            <bq_budgetno>38630100100</bq_budgetno>
            <bq_objectno>07351500</bq_objectno>
            <bq_carid>偵防車06</bq_carid>
            <bq_persons>6</bq_persons>
            <bq_buydate>10205</bq_buydate>
            <bq_ventsize>2198</bq_ventsize>
            <bq_oilamt>1071</bq_oilamt>
            <bq_oilprice>35.10</bq_oilprice>
            <bq_amt_maintain>8313.00</bq_amt_maintain>
            <bq_amt5>21000.00</bq_amt5>
            <bq_carnum>1</bq_carnum>
            <bq_remark/>
            <bq_lpgamt>0</bq_lpgamt>
            <bq_lpgprice>0.00</bq_lpgprice>
            <bq_versiondate/>
        </BCTMCAR_row>
        <BCTMCAR_row>
            <bq_fiscalyear>104</bq_fiscalyear>
            <bq_fundkind>1</bq_fundkind>
            <bq_budgetkind>1</bq_budgetkind>
            <bq_specialbudgetno/>
            <bq_agenno>63010</bq_agenno>
            <bq_agentype>C</bq_agentype>
            <bq_budgetstate>1</bq_budgetstate>
            <bq_budgetno>38630100100</bq_budgetno>
            <bq_objectno>07351500</bq_objectno>
            <bq_carid>偵防車07</bq_carid>
            <bq_persons>4</bq_persons>
            <bq_buydate>92 06</bq_buydate>
            <bq_ventsize>1995</bq_ventsize>
            <bq_oilamt>1071</bq_oilamt>
            <bq_oilprice>35.10</bq_oilprice>
            <bq_amt_maintain>51000.00</bq_amt_maintain>
            <bq_amt5>21000.00</bq_amt5>
            <bq_carnum>1</bq_carnum>
            <bq_remark/>
            <bq_lpgamt>0</bq_lpgamt>
            <bq_lpgprice>0.00</bq_lpgprice>
            <bq_versiondate/>
        </BCTMCAR_row>
        <BCTMCAR_row>
            <bq_fiscalyear>104</bq_fiscalyear>
            <bq_fundkind>1</bq_fundkind>
            <bq_budgetkind>1</bq_budgetkind>
            <bq_specialbudgetno/>
            <bq_agenno>63010</bq_agenno>
            <bq_agentype>C</bq_agentype>
            <bq_budgetstate>1</bq_budgetstate>
            <bq_budgetno>38630100100</bq_budgetno>
            <bq_objectno>07351500</bq_objectno>
            <bq_carid>偵防車08</bq_carid>
            <bq_persons>4</bq_persons>
            <bq_buydate>10206</bq_buydate>
            <bq_ventsize>2378</bq_ventsize>
            <bq_oilamt>852</bq_oilamt>
            <bq_oilprice>35.10</bq_oilprice>
            <bq_amt_maintain>8000.00</bq_amt_maintain>
            <bq_amt5>22000.00</bq_amt5>
            <bq_carnum>1</bq_carnum>
            <bq_remark>油氣雙燃料車。</bq_remark>
            <bq_lpgamt>845</bq_lpgamt>
            <bq_lpgprice>23.60</bq_lpgprice>
            <bq_versiondate/>
        </BCTMCAR_row>
        <BCTMCAR_row>
            <bq_fiscalyear>104</bq_fiscalyear>
            <bq_fundkind>1</bq_fundkind>
            <bq_budgetkind>1</bq_budgetkind>
            <bq_specialbudgetno/>
            <bq_agenno>63010</bq_agenno>
            <bq_agentype>C</bq_agentype>
            <bq_budgetstate>1</bq_budgetstate>
            <bq_budgetno>38630100100</bq_budgetno>
            <bq_objectno>07351500</bq_objectno>
            <bq_carid>偵防車09</bq_carid>
            <bq_persons>4</bq_persons>
            <bq_buydate>92 06</bq_buydate>
            <bq_ventsize>1995</bq_ventsize>
            <bq_oilamt>1071</bq_oilamt>
            <bq_oilprice>35.10</bq_oilprice>
            <bq_amt_maintain>51000.00</bq_amt_maintain>
            <bq_amt5>21000.00</bq_amt5>
            <bq_carnum>1</bq_carnum>
            <bq_remark/>
            <bq_lpgamt>0</bq_lpgamt>
            <bq_lpgprice>0.00</bq_lpgprice>
            <bq_versiondate/>
        </BCTMCAR_row>
        <BCTMCAR_row>
            <bq_fiscalyear>104</bq_fiscalyear>
            <bq_fundkind>1</bq_fundkind>
            <bq_budgetkind>1</bq_budgetkind>
            <bq_specialbudgetno/>
            <bq_agenno>63010</bq_agenno>
            <bq_agentype>C</bq_agentype>
            <bq_budgetstate>1</bq_budgetstate>
            <bq_budgetno>38630100100</bq_budgetno>
            <bq_objectno>07351500</bq_objectno>
            <bq_carid>偵防車10</bq_carid>
            <bq_persons>4</bq_persons>
            <bq_buydate>92 06</bq_buydate>
            <bq_ventsize>1995</bq_ventsize>
            <bq_oilamt>852</bq_oilamt>
            <bq_oilprice>35.10</bq_oilprice>
            <bq_amt_maintain>8000.00</bq_amt_maintain>
            <bq_amt5>21000.00</bq_amt5>
            <bq_carnum>1</bq_carnum>
            <bq_remark>預計104年汰換。</bq_remark>
            <bq_lpgamt>0</bq_lpgamt>
            <bq_lpgprice>0.00</bq_lpgprice>
            <bq_versiondate/>
        </BCTMCAR_row>
        <BCTMCAR_row>
            <bq_fiscalyear>104</bq_fiscalyear>
            <bq_fundkind>1</bq_fundkind>
            <bq_budgetkind>1</bq_budgetkind>
            <bq_specialbudgetno/>
            <bq_agenno>63010</bq_agenno>
            <bq_agentype>C</bq_agentype>
            <bq_budgetstate>1</bq_budgetstate>
            <bq_budgetno>38630100100</bq_budgetno>
            <bq_objectno>07351500</bq_objectno>
            <bq_carid>偵防車11</bq_carid>
            <bq_persons>4</bq_persons>
            <bq_buydate>97 03</bq_buydate>
            <bq_ventsize>2378</bq_ventsize>
            <bq_oilamt>1071</bq_oilamt>
            <bq_oilprice>35.10</bq_oilprice>
            <bq_amt_maintain>51000.00</bq_amt_maintain>
            <bq_amt5>21000.00</bq_amt5>
            <bq_carnum>1</bq_carnum>
            <bq_remark/>
            <bq_lpgamt>0</bq_lpgamt>
            <bq_lpgprice>0.00</bq_lpgprice>
            <bq_versiondate/>
        </BCTMCAR_row>
        <BCTMCAR_row>
            <bq_fiscalyear>104</bq_fiscalyear>
            <bq_fundkind>1</bq_fundkind>
            <bq_budgetkind>1</bq_budgetkind>
            <bq_specialbudgetno/>
            <bq_agenno>63010</bq_agenno>
            <bq_agentype>C</bq_agentype>
            <bq_budgetstate>1</bq_budgetstate>
            <bq_budgetno>38630100100</bq_budgetno>
            <bq_objectno>07351500</bq_objectno>
            <bq_carid>偵防車12</bq_carid>
            <bq_persons>4</bq_persons>
            <bq_buydate>97 03</bq_buydate>
            <bq_ventsize>2378</bq_ventsize>
            <bq_oilamt>1071</bq_oilamt>
            <bq_oilprice>35.10</bq_oilprice>
            <bq_amt_maintain>51000.00</bq_amt_maintain>
            <bq_amt5>22000.00</bq_amt5>
            <bq_carnum>1</bq_carnum>
            <bq_remark/>
            <bq_lpgamt>0</bq_lpgamt>
            <bq_lpgprice>0.00</bq_lpgprice>
            <bq_versiondate/>
        </BCTMCAR_row>
        <BCTMCAR_row>
            <bq_fiscalyear>104</bq_fiscalyear>
            <bq_fundkind>1</bq_fundkind>
            <bq_budgetkind>1</bq_budgetkind>
            <bq_specialbudgetno/>
            <bq_agenno>63010</bq_agenno>
            <bq_agentype>C</bq_agentype>
            <bq_budgetstate>1</bq_budgetstate>
            <bq_budgetno>38630100100</bq_budgetno>
            <bq_objectno>07351500</bq_objectno>
            <bq_carid>偵防車13</bq_carid>
            <bq_persons>7</bq_persons>
            <bq_buydate>97 03</bq_buydate>
            <bq_ventsize>2350</bq_ventsize>
            <bq_oilamt>1071</bq_oilamt>
            <bq_oilprice>35.10</bq_oilprice>
            <bq_amt_maintain>51000.00</bq_amt_maintain>
            <bq_amt5>21000.00</bq_amt5>
            <bq_carnum>1</bq_carnum>
            <bq_remark/>
            <bq_lpgamt>0</bq_lpgamt>
            <bq_lpgprice>0.00</bq_lpgprice>
            <bq_versiondate/>
        </BCTMCAR_row>
        <BCTMCAR_row>
            <bq_fiscalyear>104</bq_fiscalyear>
            <bq_fundkind>1</bq_fundkind>
            <bq_budgetkind>1</bq_budgetkind>
            <bq_specialbudgetno/>
            <bq_agenno>63010</bq_agenno>
            <bq_agentype>C</bq_agentype>
            <bq_budgetstate>1</bq_budgetstate>
            <bq_budgetno>38630100100</bq_budgetno>
            <bq_objectno>07351500</bq_objectno>
            <bq_carid>偵防車14</bq_carid>
            <bq_persons>7</bq_persons>
            <bq_buydate>97 03</bq_buydate>
            <bq_ventsize>2350</bq_ventsize>
            <bq_oilamt>1071</bq_oilamt>
            <bq_oilprice>35.10</bq_oilprice>
            <bq_amt_maintain>51000.00</bq_amt_maintain>
            <bq_amt5>21000.00</bq_amt5>
            <bq_carnum>1</bq_carnum>
            <bq_remark/>
            <bq_lpgamt>0</bq_lpgamt>
            <bq_lpgprice>0.00</bq_lpgprice>
            <bq_versiondate/>
        </BCTMCAR_row>
        <BCTMCAR_row>
            <bq_fiscalyear>104</bq_fiscalyear>
            <bq_fundkind>1</bq_fundkind>
            <bq_budgetkind>1</bq_budgetkind>
            <bq_specialbudgetno/>
            <bq_agenno>63010</bq_agenno>
            <bq_agentype>C</bq_agentype>
            <bq_budgetstate>1</bq_budgetstate>
            <bq_budgetno>38630100100</bq_budgetno>
            <bq_objectno>07351500</bq_objectno>
            <bq_carid>偵防車15</bq_carid>
            <bq_persons>4</bq_persons>
            <bq_buydate>97 05</bq_buydate>
            <bq_ventsize>1998</bq_ventsize>
            <bq_oilamt>852</bq_oilamt>
            <bq_oilprice>35.10</bq_oilprice>
            <bq_amt_maintain>51000.00</bq_amt_maintain>
            <bq_amt5>21000.00</bq_amt5>
            <bq_carnum>1</bq_carnum>
            <bq_remark>油氣雙燃料車。</bq_remark>
            <bq_lpgamt>845</bq_lpgamt>
            <bq_lpgprice>23.60</bq_lpgprice>
            <bq_versiondate/>
        </BCTMCAR_row>
        <BCTMCAR_row>
            <bq_fiscalyear>104</bq_fiscalyear>
            <bq_fundkind>1</bq_fundkind>
            <bq_budgetkind>1</bq_budgetkind>
            <bq_specialbudgetno/>
            <bq_agenno>63010</bq_agenno>
            <bq_agentype>C</bq_agentype>
            <bq_budgetstate>1</bq_budgetstate>
            <bq_budgetno>38630100100</bq_budgetno>
            <bq_objectno>07351500</bq_objectno>
            <bq_carid>偵防車16</bq_carid>
            <bq_persons>4</bq_persons>
            <bq_buydate>97 05</bq_buydate>
            <bq_ventsize>1998</bq_ventsize>
            <bq_oilamt>1071</bq_oilamt>
            <bq_oilprice>35.10</bq_oilprice>
            <bq_amt_maintain>51000.00</bq_amt_maintain>
            <bq_amt5>21000.00</bq_amt5>
            <bq_carnum>1</bq_carnum>
            <bq_remark/>
            <bq_lpgamt>0</bq_lpgamt>
            <bq_lpgprice>0.00</bq_lpgprice>
            <bq_versiondate/>
        </BCTMCAR_row>
        <BCTMCAR_row>
            <bq_fiscalyear>104</bq_fiscalyear>
            <bq_fundkind>1</bq_fundkind>
            <bq_budgetkind>1</bq_budgetkind>
            <bq_specialbudgetno/>
            <bq_agenno>63010</bq_agenno>
            <bq_agentype>C</bq_agentype>
            <bq_budgetstate>1</bq_budgetstate>
            <bq_budgetno>38630100100</bq_budgetno>
            <bq_objectno>07351500</bq_objectno>
            <bq_carid>偵防車17</bq_carid>
            <bq_persons>4</bq_persons>
            <bq_buydate>97 05</bq_buydate>
            <bq_ventsize>1998</bq_ventsize>
            <bq_oilamt>852</bq_oilamt>
            <bq_oilprice>35.10</bq_oilprice>
            <bq_amt_maintain>51000.00</bq_amt_maintain>
            <bq_amt5>21000.00</bq_amt5>
            <bq_carnum>1</bq_carnum>
            <bq_remark>油氣雙燃料車。</bq_remark>
            <bq_lpgamt>845</bq_lpgamt>
            <bq_lpgprice>23.60</bq_lpgprice>
            <bq_versiondate/>
        </BCTMCAR_row>
        <BCTMCAR_row>
            <bq_fiscalyear>104</bq_fiscalyear>
            <bq_fundkind>1</bq_fundkind>
            <bq_budgetkind>1</bq_budgetkind>
            <bq_specialbudgetno/>
            <bq_agenno>63010</bq_agenno>
            <bq_agentype>C</bq_agentype>
            <bq_budgetstate>1</bq_budgetstate>
            <bq_budgetno>38630100100</bq_budgetno>
            <bq_objectno>07351500</bq_objectno>
            <bq_carid>偵防車18</bq_carid>
            <bq_persons>4</bq_persons>
            <bq_buydate>97 05</bq_buydate>
            <bq_ventsize>1998</bq_ventsize>
            <bq_oilamt>852</bq_oilamt>
            <bq_oilprice>35.10</bq_oilprice>
            <bq_amt_maintain>51000.00</bq_amt_maintain>
            <bq_amt5>21000.00</bq_amt5>
            <bq_carnum>1</bq_carnum>
            <bq_remark>油氣雙燃料車。</bq_remark>
            <bq_lpgamt>845</bq_lpgamt>
            <bq_lpgprice>23.60</bq_lpgprice>
            <bq_versiondate/>
        </BCTMCAR_row>
        <BCTMCAR_row>
            <bq_fiscalyear>104</bq_fiscalyear>
            <bq_fundkind>1</bq_fundkind>
            <bq_budgetkind>1</bq_budgetkind>
            <bq_specialbudgetno/>
            <bq_agenno>63010</bq_agenno>
            <bq_agentype>C</bq_agentype>
            <bq_budgetstate>1</bq_budgetstate>
            <bq_budgetno>38630100100</bq_budgetno>
            <bq_objectno>07351500</bq_objectno>
            <bq_carid>偵防車19</bq_carid>
            <bq_persons>4</bq_persons>
            <bq_buydate>98  2</bq_buydate>
            <bq_ventsize>1798</bq_ventsize>
            <bq_oilamt>1071</bq_oilamt>
            <bq_oilprice>35.10</bq_oilprice>
            <bq_amt_maintain>34000.00</bq_amt_maintain>
            <bq_amt5>16000.00</bq_amt5>
            <bq_carnum>1</bq_carnum>
            <bq_remark/>
            <bq_lpgamt>0</bq_lpgamt>
            <bq_lpgprice>0.00</bq_lpgprice>
            <bq_versiondate/>
        </BCTMCAR_row>
        <BCTMCAR_row>
            <bq_fiscalyear>104</bq_fiscalyear>
            <bq_fundkind>1</bq_fundkind>
            <bq_budgetkind>1</bq_budgetkind>
            <bq_specialbudgetno/>
            <bq_agenno>63010</bq_agenno>
            <bq_agentype>C</bq_agentype>
            <bq_budgetstate>1</bq_budgetstate>
            <bq_budgetno>38630100100</bq_budgetno>
            <bq_objectno>07351500</bq_objectno>
            <bq_carid>偵防車20</bq_carid>
            <bq_persons>6</bq_persons>
            <bq_buydate>98  4</bq_buydate>
            <bq_ventsize>2378</bq_ventsize>
            <bq_oilamt>1071</bq_oilamt>
            <bq_oilprice>35.10</bq_oilprice>
            <bq_amt_maintain>34000.00</bq_amt_maintain>
            <bq_amt5>21000.00</bq_amt5>
            <bq_carnum>1</bq_carnum>
            <bq_remark/>
            <bq_lpgamt>0</bq_lpgamt>
            <bq_lpgprice>0.00</bq_lpgprice>
            <bq_versiondate/>
        </BCTMCAR_row>
        <BCTMCAR_row>
            <bq_fiscalyear>104</bq_fiscalyear>
            <bq_fundkind>1</bq_fundkind>
            <bq_budgetkind>1</bq_budgetkind>
            <bq_specialbudgetno/>
            <bq_agenno>63010</bq_agenno>
            <bq_agentype>C</bq_agentype>
            <bq_budgetstate>1</bq_budgetstate>
            <bq_budgetno>38630100100</bq_budgetno>
            <bq_objectno>07351500</bq_objectno>
            <bq_carid>偵防車21</bq_carid>
            <bq_persons>6</bq_persons>
            <bq_buydate>98  4</bq_buydate>
            <bq_ventsize>2378</bq_ventsize>
            <bq_oilamt>1071</bq_oilamt>
            <bq_oilprice>35.10</bq_oilprice>
            <bq_amt_maintain>34000.00</bq_amt_maintain>
            <bq_amt5>21000.00</bq_amt5>
            <bq_carnum>1</bq_carnum>
            <bq_remark/>
            <bq_lpgamt>0</bq_lpgamt>
            <bq_lpgprice>0.00</bq_lpgprice>
            <bq_versiondate/>
        </BCTMCAR_row>
        <BCTMCAR_row>
            <bq_fiscalyear>104</bq_fiscalyear>
            <bq_fundkind>1</bq_fundkind>
            <bq_budgetkind>1</bq_budgetkind>
            <bq_specialbudgetno/>
            <bq_agenno>63010</bq_agenno>
            <bq_agentype>C</bq_agentype>
            <bq_budgetstate>1</bq_budgetstate>
            <bq_budgetno>38630100100</bq_budgetno>
            <bq_objectno>07351500</bq_objectno>
            <bq_carid>偵防車22</bq_carid>
            <bq_persons>6</bq_persons>
            <bq_buydate>98  4</bq_buydate>
            <bq_ventsize>2378</bq_ventsize>
            <bq_oilamt>1071</bq_oilamt>
            <bq_oilprice>35.10</bq_oilprice>
            <bq_amt_maintain>34000.00</bq_amt_maintain>
            <bq_amt5>21000.00</bq_amt5>
            <bq_carnum>1</bq_carnum>
            <bq_remark/>
            <bq_lpgamt>0</bq_lpgamt>
            <bq_lpgprice>0.00</bq_lpgprice>
            <bq_versiondate/>
        </BCTMCAR_row>
        <BCTMCAR_row>
            <bq_fiscalyear>104</bq_fiscalyear>
            <bq_fundkind>1</bq_fundkind>
            <bq_budgetkind>1</bq_budgetkind>
            <bq_specialbudgetno/>
            <bq_agenno>63010</bq_agenno>
            <bq_agentype>C</bq_agentype>
            <bq_budgetstate>1</bq_budgetstate>
            <bq_budgetno>38630100100</bq_budgetno>
            <bq_objectno>07351500</bq_objectno>
            <bq_carid>偵防車23</bq_carid>
            <bq_persons>6</bq_persons>
            <bq_buydate>98  4</bq_buydate>
            <bq_ventsize>2378</bq_ventsize>
            <bq_oilamt>1071</bq_oilamt>
            <bq_oilprice>35.10</bq_oilprice>
            <bq_amt_maintain>34000.00</bq_amt_maintain>
            <bq_amt5>21000.00</bq_amt5>
            <bq_carnum>1</bq_carnum>
            <bq_remark/>
            <bq_lpgamt>0</bq_lpgamt>
            <bq_lpgprice>0.00</bq_lpgprice>
            <bq_versiondate/>
        </BCTMCAR_row>
        <BCTMCAR_row>
            <bq_fiscalyear>104</bq_fiscalyear>
            <bq_fundkind>1</bq_fundkind>
            <bq_budgetkind>1</bq_budgetkind>
            <bq_specialbudgetno/>
            <bq_agenno>63010</bq_agenno>
            <bq_agentype>C</bq_agentype>
            <bq_budgetstate>1</bq_budgetstate>
            <bq_budgetno>38630100100</bq_budgetno>
            <bq_objectno>07351500</bq_objectno>
            <bq_carid>偵防車24</bq_carid>
            <bq_persons>4</bq_persons>
            <bq_buydate>98  4</bq_buydate>
            <bq_ventsize>1798</bq_ventsize>
            <bq_oilamt>1071</bq_oilamt>
            <bq_oilprice>35.10</bq_oilprice>
            <bq_amt_maintain>34000.00</bq_amt_maintain>
            <bq_amt5>16000.00</bq_amt5>
            <bq_carnum>1</bq_carnum>
            <bq_remark/>
            <bq_lpgamt>0</bq_lpgamt>
            <bq_lpgprice>0.00</bq_lpgprice>
            <bq_versiondate/>
        </BCTMCAR_row>
        <BCTMCAR_row>
            <bq_fiscalyear>104</bq_fiscalyear>
            <bq_fundkind>1</bq_fundkind>
            <bq_budgetkind>1</bq_budgetkind>
            <bq_specialbudgetno/>
            <bq_agenno>63010</bq_agenno>
            <bq_agentype>C</bq_agentype>
            <bq_budgetstate>1</bq_budgetstate>
            <bq_budgetno>38630100100</bq_budgetno>
            <bq_objectno>07351500</bq_objectno>
            <bq_carid>偵防車25</bq_carid>
            <bq_persons>4</bq_persons>
            <bq_buydate>98  4</bq_buydate>
            <bq_ventsize>1798</bq_ventsize>
            <bq_oilamt>1071</bq_oilamt>
            <bq_oilprice>35.10</bq_oilprice>
            <bq_amt_maintain>34000.00</bq_amt_maintain>
            <bq_amt5>16000.00</bq_amt5>
            <bq_carnum>1</bq_carnum>
            <bq_remark/>
            <bq_lpgamt>0</bq_lpgamt>
            <bq_lpgprice>0.00</bq_lpgprice>
            <bq_versiondate/>
        </BCTMCAR_row>
        <BCTMCAR_row>
            <bq_fiscalyear>104</bq_fiscalyear>
            <bq_fundkind>1</bq_fundkind>
            <bq_budgetkind>1</bq_budgetkind>
            <bq_specialbudgetno/>
            <bq_agenno>63010</bq_agenno>
            <bq_agentype>C</bq_agentype>
            <bq_budgetstate>1</bq_budgetstate>
            <bq_budgetno>38630100100</bq_budgetno>
            <bq_objectno>07351500</bq_objectno>
            <bq_carid>偵防車26</bq_carid>
            <bq_persons>4</bq_persons>
            <bq_buydate>98  4</bq_buydate>
            <bq_ventsize>1798</bq_ventsize>
            <bq_oilamt>1071</bq_oilamt>
            <bq_oilprice>35.10</bq_oilprice>
            <bq_amt_maintain>34000.00</bq_amt_maintain>
            <bq_amt5>16000.00</bq_amt5>
            <bq_carnum>1</bq_carnum>
            <bq_remark/>
            <bq_lpgamt>0</bq_lpgamt>
            <bq_lpgprice>0.00</bq_lpgprice>
            <bq_versiondate/>
        </BCTMCAR_row>
        <BCTMCAR_row>
            <bq_fiscalyear>104</bq_fiscalyear>
            <bq_fundkind>1</bq_fundkind>
            <bq_budgetkind>1</bq_budgetkind>
            <bq_specialbudgetno/>
            <bq_agenno>63010</bq_agenno>
            <bq_agentype>C</bq_agentype>
            <bq_budgetstate>1</bq_budgetstate>
            <bq_budgetno>38630100100</bq_budgetno>
            <bq_objectno>07351500</bq_objectno>
            <bq_carid>偵防車27</bq_carid>
            <bq_persons>4</bq_persons>
            <bq_buydate>98  4</bq_buydate>
            <bq_ventsize>1798</bq_ventsize>
            <bq_oilamt>1071</bq_oilamt>
            <bq_oilprice>35.10</bq_oilprice>
            <bq_amt_maintain>34000.00</bq_amt_maintain>
            <bq_amt5>16000.00</bq_amt5>
            <bq_carnum>1</bq_carnum>
            <bq_remark/>
            <bq_lpgamt>0</bq_lpgamt>
            <bq_lpgprice>0.00</bq_lpgprice>
            <bq_versiondate/>
        </BCTMCAR_row>
        <BCTMCAR_row>
            <bq_fiscalyear>104</bq_fiscalyear>
            <bq_fundkind>1</bq_fundkind>
            <bq_budgetkind>1</bq_budgetkind>
            <bq_specialbudgetno/>
            <bq_agenno>63010</bq_agenno>
            <bq_agentype>C</bq_agentype>
            <bq_budgetstate>1</bq_budgetstate>
            <bq_budgetno>38630100100</bq_budgetno>
            <bq_objectno>07351500</bq_objectno>
            <bq_carid>偵防車28</bq_carid>
            <bq_persons>4</bq_persons>
            <bq_buydate>98  4</bq_buydate>
            <bq_ventsize>1798</bq_ventsize>
            <bq_oilamt>1071</bq_oilamt>
            <bq_oilprice>35.10</bq_oilprice>
            <bq_amt_maintain>34000.00</bq_amt_maintain>
            <bq_amt5>16000.00</bq_amt5>
            <bq_carnum>1</bq_carnum>
            <bq_remark/>
            <bq_lpgamt>0</bq_lpgamt>
            <bq_lpgprice>0.00</bq_lpgprice>
            <bq_versiondate/>
        </BCTMCAR_row>
        <BCTMCAR_row>
            <bq_fiscalyear>104</bq_fiscalyear>
            <bq_fundkind>1</bq_fundkind>
            <bq_budgetkind>1</bq_budgetkind>
            <bq_specialbudgetno/>
            <bq_agenno>63010</bq_agenno>
            <bq_agentype>C</bq_agentype>
            <bq_budgetstate>1</bq_budgetstate>
            <bq_budgetno>38630100100</bq_budgetno>
            <bq_objectno>07351500</bq_objectno>
            <bq_carid>偵防車29</bq_carid>
            <bq_persons>4</bq_persons>
            <bq_buydate>98  4</bq_buydate>
            <bq_ventsize>1798</bq_ventsize>
            <bq_oilamt>1071</bq_oilamt>
            <bq_oilprice>35.10</bq_oilprice>
            <bq_amt_maintain>34000.00</bq_amt_maintain>
            <bq_amt5>16000.00</bq_amt5>
            <bq_carnum>1</bq_carnum>
            <bq_remark/>
            <bq_lpgamt>0</bq_lpgamt>
            <bq_lpgprice>0.00</bq_lpgprice>
            <bq_versiondate/>
        </BCTMCAR_row>
        <BCTMCAR_row>
            <bq_fiscalyear>104</bq_fiscalyear>
            <bq_fundkind>1</bq_fundkind>
            <bq_budgetkind>1</bq_budgetkind>
            <bq_specialbudgetno/>
            <bq_agenno>63010</bq_agenno>
            <bq_agentype>C</bq_agentype>
            <bq_budgetstate>1</bq_budgetstate>
            <bq_budgetno>38630100100</bq_budgetno>
            <bq_objectno>07351500</bq_objectno>
            <bq_carid>偵防車30</bq_carid>
            <bq_persons>4</bq_persons>
            <bq_buydate>98  4</bq_buydate>
            <bq_ventsize>1798</bq_ventsize>
            <bq_oilamt>1071</bq_oilamt>
            <bq_oilprice>35.10</bq_oilprice>
            <bq_amt_maintain>34000.00</bq_amt_maintain>
            <bq_amt5>16000.00</bq_amt5>
            <bq_carnum>1</bq_carnum>
            <bq_remark/>
            <bq_lpgamt>0</bq_lpgamt>
            <bq_lpgprice>0.00</bq_lpgprice>
            <bq_versiondate/>
        </BCTMCAR_row>
        <BCTMCAR_row>
            <bq_fiscalyear>104</bq_fiscalyear>
            <bq_fundkind>1</bq_fundkind>
            <bq_budgetkind>1</bq_budgetkind>
            <bq_specialbudgetno/>
            <bq_agenno>63010</bq_agenno>
            <bq_agentype>C</bq_agentype>
            <bq_budgetstate>1</bq_budgetstate>
            <bq_budgetno>38630100100</bq_budgetno>
            <bq_objectno>07351500</bq_objectno>
            <bq_carid>偵防車31</bq_carid>
            <bq_persons>4</bq_persons>
            <bq_buydate>99 04</bq_buydate>
            <bq_ventsize>1798</bq_ventsize>
            <bq_oilamt>852</bq_oilamt>
            <bq_oilprice>35.10</bq_oilprice>
            <bq_amt_maintain>34000.00</bq_amt_maintain>
            <bq_amt5>16000.00</bq_amt5>
            <bq_carnum>1</bq_carnum>
            <bq_remark>油氣雙燃料車。</bq_remark>
            <bq_lpgamt>845</bq_lpgamt>
            <bq_lpgprice>23.60</bq_lpgprice>
            <bq_versiondate/>
        </BCTMCAR_row>
        <BCTMCAR_row>
            <bq_fiscalyear>104</bq_fiscalyear>
            <bq_fundkind>1</bq_fundkind>
            <bq_budgetkind>1</bq_budgetkind>
            <bq_specialbudgetno/>
            <bq_agenno>63010</bq_agenno>
            <bq_agentype>C</bq_agentype>
            <bq_budgetstate>1</bq_budgetstate>
            <bq_budgetno>38630100100</bq_budgetno>
            <bq_objectno>07351500</bq_objectno>
            <bq_carid>偵防車32</bq_carid>
            <bq_persons>4</bq_persons>
            <bq_buydate>99 04</bq_buydate>
            <bq_ventsize>2378</bq_ventsize>
            <bq_oilamt>1071</bq_oilamt>
            <bq_oilprice>35.10</bq_oilprice>
            <bq_amt_maintain>34000.00</bq_amt_maintain>
            <bq_amt5>21000.00</bq_amt5>
            <bq_carnum>1</bq_carnum>
            <bq_remark/>
            <bq_lpgamt>0</bq_lpgamt>
            <bq_lpgprice>0.00</bq_lpgprice>
            <bq_versiondate/>
        </BCTMCAR_row>
        <BCTMCAR_row>
            <bq_fiscalyear>104</bq_fiscalyear>
            <bq_fundkind>1</bq_fundkind>
            <bq_budgetkind>1</bq_budgetkind>
            <bq_specialbudgetno/>
            <bq_agenno>63010</bq_agenno>
            <bq_agentype>C</bq_agentype>
            <bq_budgetstate>1</bq_budgetstate>
            <bq_budgetno>38630100100</bq_budgetno>
            <bq_objectno>07351500</bq_objectno>
            <bq_carid>偵防車33</bq_carid>
            <bq_persons>4</bq_persons>
            <bq_buydate>99 04</bq_buydate>
            <bq_ventsize>1798</bq_ventsize>
            <bq_oilamt>852</bq_oilamt>
            <bq_oilprice>35.10</bq_oilprice>
            <bq_amt_maintain>34000.00</bq_amt_maintain>
            <bq_amt5>16000.00</bq_amt5>
            <bq_carnum>1</bq_carnum>
            <bq_remark>油氣雙燃料車。</bq_remark>
            <bq_lpgamt>845</bq_lpgamt>
            <bq_lpgprice>23.60</bq_lpgprice>
            <bq_versiondate/>
        </BCTMCAR_row>
        <BCTMCAR_row>
            <bq_fiscalyear>104</bq_fiscalyear>
            <bq_fundkind>1</bq_fundkind>
            <bq_budgetkind>1</bq_budgetkind>
            <bq_specialbudgetno/>
            <bq_agenno>63010</bq_agenno>
            <bq_agentype>C</bq_agentype>
            <bq_budgetstate>1</bq_budgetstate>
            <bq_budgetno>38630100100</bq_budgetno>
            <bq_objectno>07351500</bq_objectno>
            <bq_carid>偵防車34</bq_carid>
            <bq_persons>8</bq_persons>
            <bq_buydate>99 04</bq_buydate>
            <bq_ventsize>2378</bq_ventsize>
            <bq_oilamt>1071</bq_oilamt>
            <bq_oilprice>35.10</bq_oilprice>
            <bq_amt_maintain>34000.00</bq_amt_maintain>
            <bq_amt5>21000.00</bq_amt5>
            <bq_carnum>1</bq_carnum>
            <bq_remark/>
            <bq_lpgamt>0</bq_lpgamt>
            <bq_lpgprice>0.00</bq_lpgprice>
            <bq_versiondate/>
        </BCTMCAR_row>
        <BCTMCAR_row>
            <bq_fiscalyear>104</bq_fiscalyear>
            <bq_fundkind>1</bq_fundkind>
            <bq_budgetkind>1</bq_budgetkind>
            <bq_specialbudgetno/>
            <bq_agenno>63010</bq_agenno>
            <bq_agentype>C</bq_agentype>
            <bq_budgetstate>1</bq_budgetstate>
            <bq_budgetno>38630100100</bq_budgetno>
            <bq_objectno>07351500</bq_objectno>
            <bq_carid>偵防車35</bq_carid>
            <bq_persons>4</bq_persons>
            <bq_buydate>99 04</bq_buydate>
            <bq_ventsize>2378</bq_ventsize>
            <bq_oilamt>1071</bq_oilamt>
            <bq_oilprice>35.10</bq_oilprice>
            <bq_amt_maintain>34000.00</bq_amt_maintain>
            <bq_amt5>21000.00</bq_amt5>
            <bq_carnum>1</bq_carnum>
            <bq_remark/>
            <bq_lpgamt>0</bq_lpgamt>
            <bq_lpgprice>0.00</bq_lpgprice>
            <bq_versiondate/>
        </BCTMCAR_row>
        <BCTMCAR_row>
            <bq_fiscalyear>104</bq_fiscalyear>
            <bq_fundkind>1</bq_fundkind>
            <bq_budgetkind>1</bq_budgetkind>
            <bq_specialbudgetno/>
            <bq_agenno>63010</bq_agenno>
            <bq_agentype>C</bq_agentype>
            <bq_budgetstate>1</bq_budgetstate>
            <bq_budgetno>38630100100</bq_budgetno>
            <bq_objectno>07351500</bq_objectno>
            <bq_carid>偵防車36</bq_carid>
            <bq_persons>4</bq_persons>
            <bq_buydate>99 04</bq_buydate>
            <bq_ventsize>1798</bq_ventsize>
            <bq_oilamt>852</bq_oilamt>
            <bq_oilprice>35.10</bq_oilprice>
            <bq_amt_maintain>34000.00</bq_amt_maintain>
            <bq_amt5>16000.00</bq_amt5>
            <bq_carnum>1</bq_carnum>
            <bq_remark>油氣雙燃料車。</bq_remark>
            <bq_lpgamt>845</bq_lpgamt>
            <bq_lpgprice>23.60</bq_lpgprice>
            <bq_versiondate/>
        </BCTMCAR_row>
        <BCTMCAR_row>
            <bq_fiscalyear>104</bq_fiscalyear>
            <bq_fundkind>1</bq_fundkind>
            <bq_budgetkind>1</bq_budgetkind>
            <bq_specialbudgetno/>
            <bq_agenno>63010</bq_agenno>
            <bq_agentype>C</bq_agentype>
            <bq_budgetstate>1</bq_budgetstate>
            <bq_budgetno>38630100100</bq_budgetno>
            <bq_objectno>07351500</bq_objectno>
            <bq_carid>偵防車37</bq_carid>
            <bq_persons>8</bq_persons>
            <bq_buydate>99 04</bq_buydate>
            <bq_ventsize>2378</bq_ventsize>
            <bq_oilamt>1071</bq_oilamt>
            <bq_oilprice>35.10</bq_oilprice>
            <bq_amt_maintain>34000.00</bq_amt_maintain>
            <bq_amt5>21000.00</bq_amt5>
            <bq_carnum>1</bq_carnum>
            <bq_remark/>
            <bq_lpgamt>0</bq_lpgamt>
            <bq_lpgprice>0.00</bq_lpgprice>
            <bq_versiondate/>
        </BCTMCAR_row>
        <BCTMCAR_row>
            <bq_fiscalyear>104</bq_fiscalyear>
            <bq_fundkind>1</bq_fundkind>
            <bq_budgetkind>1</bq_budgetkind>
            <bq_specialbudgetno/>
            <bq_agenno>63010</bq_agenno>
            <bq_agentype>C</bq_agentype>
            <bq_budgetstate>1</bq_budgetstate>
            <bq_budgetno>38630100100</bq_budgetno>
            <bq_objectno>07351500</bq_objectno>
            <bq_carid>偵防車38</bq_carid>
            <bq_persons>8</bq_persons>
            <bq_buydate>99 04</bq_buydate>
            <bq_ventsize>2378</bq_ventsize>
            <bq_oilamt>1071</bq_oilamt>
            <bq_oilprice>35.10</bq_oilprice>
            <bq_amt_maintain>34000.00</bq_amt_maintain>
            <bq_amt5>21000.00</bq_amt5>
            <bq_carnum>1</bq_carnum>
            <bq_remark/>
            <bq_lpgamt>0</bq_lpgamt>
            <bq_lpgprice>0.00</bq_lpgprice>
            <bq_versiondate/>
        </BCTMCAR_row>
        <BCTMCAR_row>
            <bq_fiscalyear>104</bq_fiscalyear>
            <bq_fundkind>1</bq_fundkind>
            <bq_budgetkind>1</bq_budgetkind>
            <bq_specialbudgetno/>
            <bq_agenno>63010</bq_agenno>
            <bq_agentype>C</bq_agentype>
            <bq_budgetstate>1</bq_budgetstate>
            <bq_budgetno>38630100100</bq_budgetno>
            <bq_objectno>07351500</bq_objectno>
            <bq_carid>偵防車39</bq_carid>
            <bq_persons>4</bq_persons>
            <bq_buydate>99 04</bq_buydate>
            <bq_ventsize>1798</bq_ventsize>
            <bq_oilamt>1071</bq_oilamt>
            <bq_oilprice>35.10</bq_oilprice>
            <bq_amt_maintain>34000.00</bq_amt_maintain>
            <bq_amt5>15000.00</bq_amt5>
            <bq_carnum>1</bq_carnum>
            <bq_remark/>
            <bq_lpgamt>0</bq_lpgamt>
            <bq_lpgprice>0.00</bq_lpgprice>
            <bq_versiondate/>
        </BCTMCAR_row>
        <BCTMCAR_row>
            <bq_fiscalyear>104</bq_fiscalyear>
            <bq_fundkind>1</bq_fundkind>
            <bq_budgetkind>1</bq_budgetkind>
            <bq_specialbudgetno/>
            <bq_agenno>63010</bq_agenno>
            <bq_agentype>C</bq_agentype>
            <bq_budgetstate>1</bq_budgetstate>
            <bq_budgetno>38630100100</bq_budgetno>
            <bq_objectno>07351500</bq_objectno>
            <bq_carid>偵防車40</bq_carid>
            <bq_persons>4</bq_persons>
            <bq_buydate>10004</bq_buydate>
            <bq_ventsize>1998</bq_ventsize>
            <bq_oilamt>852</bq_oilamt>
            <bq_oilprice>35.10</bq_oilprice>
            <bq_amt_maintain>25000.00</bq_amt_maintain>
            <bq_amt5>22000.00</bq_amt5>
            <bq_carnum>1</bq_carnum>
            <bq_remark>油氣雙燃料車。</bq_remark>
            <bq_lpgamt>845</bq_lpgamt>
            <bq_lpgprice>23.60</bq_lpgprice>
            <bq_versiondate/>
        </BCTMCAR_row>
        <BCTMCAR_row>
            <bq_fiscalyear>104</bq_fiscalyear>
            <bq_fundkind>1</bq_fundkind>
            <bq_budgetkind>1</bq_budgetkind>
            <bq_specialbudgetno/>
            <bq_agenno>63010</bq_agenno>
            <bq_agentype>C</bq_agentype>
            <bq_budgetstate>1</bq_budgetstate>
            <bq_budgetno>38630100100</bq_budgetno>
            <bq_objectno>07351500</bq_objectno>
            <bq_carid>偵防車41</bq_carid>
            <bq_persons>4</bq_persons>
            <bq_buydate>10004</bq_buydate>
            <bq_ventsize>1998</bq_ventsize>
            <bq_oilamt>852</bq_oilamt>
            <bq_oilprice>35.10</bq_oilprice>
            <bq_amt_maintain>25000.00</bq_amt_maintain>
            <bq_amt5>22000.00</bq_amt5>
            <bq_carnum>1</bq_carnum>
            <bq_remark>油氣雙燃料車。</bq_remark>
            <bq_lpgamt>845</bq_lpgamt>
            <bq_lpgprice>23.60</bq_lpgprice>
            <bq_versiondate/>
        </BCTMCAR_row>
        <BCTMCAR_row>
            <bq_fiscalyear>104</bq_fiscalyear>
            <bq_fundkind>1</bq_fundkind>
            <bq_budgetkind>1</bq_budgetkind>
            <bq_specialbudgetno/>
            <bq_agenno>63010</bq_agenno>
            <bq_agentype>C</bq_agentype>
            <bq_budgetstate>1</bq_budgetstate>
            <bq_budgetno>38630100100</bq_budgetno>
            <bq_objectno>07351500</bq_objectno>
            <bq_carid>偵防車42</bq_carid>
            <bq_persons>4</bq_persons>
            <bq_buydate>10004</bq_buydate>
            <bq_ventsize>1998</bq_ventsize>
            <bq_oilamt>1071</bq_oilamt>
            <bq_oilprice>35.10</bq_oilprice>
            <bq_amt_maintain>25000.00</bq_amt_maintain>
            <bq_amt5>21000.00</bq_amt5>
            <bq_carnum>1</bq_carnum>
            <bq_remark/>
            <bq_lpgamt>0</bq_lpgamt>
            <bq_lpgprice>0.00</bq_lpgprice>
            <bq_versiondate/>
        </BCTMCAR_row>
        <BCTMCAR_row>
            <bq_fiscalyear>104</bq_fiscalyear>
            <bq_fundkind>1</bq_fundkind>
            <bq_budgetkind>1</bq_budgetkind>
            <bq_specialbudgetno/>
            <bq_agenno>63010</bq_agenno>
            <bq_agentype>C</bq_agentype>
            <bq_budgetstate>1</bq_budgetstate>
            <bq_budgetno>38630100100</bq_budgetno>
            <bq_objectno>07351500</bq_objectno>
            <bq_carid>偵防車43</bq_carid>
            <bq_persons>4</bq_persons>
            <bq_buydate>10004</bq_buydate>
            <bq_ventsize>1998</bq_ventsize>
            <bq_oilamt>1071</bq_oilamt>
            <bq_oilprice>35.10</bq_oilprice>
            <bq_amt_maintain>25000.00</bq_amt_maintain>
            <bq_amt5>21000.00</bq_amt5>
            <bq_carnum>1</bq_carnum>
            <bq_remark/>
            <bq_lpgamt>0</bq_lpgamt>
            <bq_lpgprice>0.00</bq_lpgprice>
            <bq_versiondate/>
        </BCTMCAR_row>
    </BCTMCAR>
</tables>
