<?xml version="1.0" encoding="UTF-8"?>
<tables>
    <BCME3410>
        <BCME3410_row>
            <budgetno/>
            <agenno/>
            <agentype/>
            <mh_budgetname>合         計</mh_budgetname>
            <budgetno_conver/>
            <tyear_amt>44602.000000</tyear_amt>
            <lyear_amt>55522.000000</lyear_amt>
            <byear_amt>69591.000000</byear_amt>
            <b_amt>-10920.000000</b_amt>
            <bc_content/>
        </BCME3410_row>
        <BCME3410_row>
            <budgetno>04000000000</budgetno>
            <agenno>63010</agenno>
            <agentype>C</agentype>
            <mh_budgetname>罰款及賠償收入</mh_budgetname>
            <budgetno_conver>0400000000</budgetno_conver>
            <tyear_amt>35000.000000</tyear_amt>
            <lyear_amt>50000.000000</lyear_amt>
            <byear_amt>65958.000000</byear_amt>
            <b_amt>-15000.000000</b_amt>
            <bc_content/>
        </BCME3410_row>
        <BCME3410_row>
            <budgetno>04630100000</budgetno>
            <agenno>63010</agenno>
            <agentype>C</agentype>
            <mh_budgetname>海洋巡防總局</mh_budgetname>
            <budgetno_conver>0463100000</budgetno_conver>
            <tyear_amt>35000.000000</tyear_amt>
            <lyear_amt>50000.000000</lyear_amt>
            <byear_amt>65958.000000</byear_amt>
            <b_amt>-15000.000000</b_amt>
            <bc_content/>
        </BCME3410_row>
        <BCME3410_row>
            <budgetno>04630100100</budgetno>
            <agenno>63010</agenno>
            <agentype>C</agentype>
            <mh_budgetname>罰金罰鍰及怠金</mh_budgetname>
            <budgetno_conver>0463100100</budgetno_conver>
            <tyear_amt>30000.000000</tyear_amt>
            <lyear_amt>45000.000000</lyear_amt>
            <byear_amt>52600.000000</byear_amt>
            <b_amt>-15000.000000</b_amt>
            <bc_content/>
        </BCME3410_row>
        <BCME3410_row>
            <budgetno>04630100101</budgetno>
            <agenno>63010</agenno>
            <agentype>C</agentype>
            <mh_budgetname>罰金罰鍰</mh_budgetname>
            <budgetno_conver>0463100101</budgetno_conver>
            <tyear_amt>30000.000000</tyear_amt>
            <lyear_amt>45000.000000</lyear_amt>
            <byear_amt>52600.000000</byear_amt>
            <b_amt>-15000.000000</b_amt>
            <bc_content>本年度預算數係依據臺灣地區與大陸地區人民關係條例取締越界船舶罰鍰收入。</bc_content>
        </BCME3410_row>
        <BCME3410_row>
            <budgetno>04630100200</budgetno>
            <agenno>63010</agenno>
            <agentype>C</agentype>
            <mh_budgetname>沒入及沒收財物</mh_budgetname>
            <budgetno_conver>0463100200</budgetno_conver>
            <tyear_amt>0.000000</tyear_amt>
            <lyear_amt>0.000000</lyear_amt>
            <byear_amt>7.000000</byear_amt>
            <b_amt>0.000000</b_amt>
            <bc_content/>
        </BCME3410_row>
        <BCME3410_row>
            <budgetno>04630100202</budgetno>
            <agenno>63010</agenno>
            <agentype>C</agentype>
            <mh_budgetname>沒收物變價</mh_budgetname>
            <budgetno_conver>0463100202</budgetno_conver>
            <tyear_amt>0.000000</tyear_amt>
            <lyear_amt>0.000000</lyear_amt>
            <byear_amt>7.000000</byear_amt>
            <b_amt>0.000000</b_amt>
            <bc_content>前年度決算數係沒入大陸漁船油表之變價收入。</bc_content>
        </BCME3410_row>
        <BCME3410_row>
            <budgetno>04630100300</budgetno>
            <agenno>63010</agenno>
            <agentype>C</agentype>
            <mh_budgetname>賠償收入</mh_budgetname>
            <budgetno_conver>0463100300</budgetno_conver>
            <tyear_amt>5000.000000</tyear_amt>
            <lyear_amt>5000.000000</lyear_amt>
            <byear_amt>13351.000000</byear_amt>
            <b_amt>0.000000</b_amt>
            <bc_content/>
        </BCME3410_row>
        <BCME3410_row>
            <budgetno>04630100301</budgetno>
            <agenno>63010</agenno>
            <agentype>C</agentype>
            <mh_budgetname>一般賠償收入</mh_budgetname>
            <budgetno_conver>0463100301</budgetno_conver>
            <tyear_amt>5000.000000</tyear_amt>
            <lyear_amt>5000.000000</lyear_amt>
            <byear_amt>13351.000000</byear_amt>
            <b_amt>0.000000</b_amt>
            <bc_content>本年度預算數係廠商違約逾期交貨之賠償收入。</bc_content>
        </BCME3410_row>
        <BCME3410_row>
            <budgetno>05000000000</budgetno>
            <agenno>63010</agenno>
            <agentype>C</agentype>
            <mh_budgetname>規費收入</mh_budgetname>
            <budgetno_conver>0500000000</budgetno_conver>
            <tyear_amt>0.000000</tyear_amt>
            <lyear_amt>0.000000</lyear_amt>
            <byear_amt>120.000000</byear_amt>
            <b_amt>0.000000</b_amt>
            <bc_content/>
        </BCME3410_row>
        <BCME3410_row>
            <budgetno>05630100000</budgetno>
            <agenno>63010</agenno>
            <agentype>C</agentype>
            <mh_budgetname>海洋巡防總局</mh_budgetname>
            <budgetno_conver>0563100000</budgetno_conver>
            <tyear_amt>0.000000</tyear_amt>
            <lyear_amt>0.000000</lyear_amt>
            <byear_amt>120.000000</byear_amt>
            <b_amt>0.000000</b_amt>
            <bc_content/>
        </BCME3410_row>
        <BCME3410_row>
            <budgetno>05630100300</budgetno>
            <agenno>63010</agenno>
            <agentype>C</agentype>
            <mh_budgetname>使用規費收入</mh_budgetname>
            <budgetno_conver>0563100300</budgetno_conver>
            <tyear_amt>0.000000</tyear_amt>
            <lyear_amt>0.000000</lyear_amt>
            <byear_amt>120.000000</byear_amt>
            <b_amt>0.000000</b_amt>
            <bc_content/>
        </BCME3410_row>
        <BCME3410_row>
            <budgetno>05630100305</budgetno>
            <agenno>63010</agenno>
            <agentype>C</agentype>
            <mh_budgetname>資料使用費</mh_budgetname>
            <budgetno_conver>0563100305</budgetno_conver>
            <tyear_amt>0.000000</tyear_amt>
            <lyear_amt>0.000000</lyear_amt>
            <byear_amt>5.000000</byear_amt>
            <b_amt>0.000000</b_amt>
            <bc_content>前年度決算數係出售招標文件工本費收入。</bc_content>
        </BCME3410_row>
        <BCME3410_row>
            <budgetno>05630100312</budgetno>
            <agenno>63010</agenno>
            <agentype>C</agentype>
            <mh_budgetname>場地設施使用費</mh_budgetname>
            <budgetno_conver>0563100312</budgetno_conver>
            <tyear_amt>0.000000</tyear_amt>
            <lyear_amt>0.000000</lyear_amt>
            <byear_amt>115.000000</byear_amt>
            <b_amt>0.000000</b_amt>
            <bc_content>前年度決算數係借用宿舍員工自薪資扣回繳庫數及管理費收入。</bc_content>
        </BCME3410_row>
        <BCME3410_row>
            <budgetno>07000000000</budgetno>
            <agenno>63010</agenno>
            <agentype>C</agentype>
            <mh_budgetname>財產收入</mh_budgetname>
            <budgetno_conver>0700000000</budgetno_conver>
            <tyear_amt>9510.000000</tyear_amt>
            <lyear_amt>5430.000000</lyear_amt>
            <byear_amt>3246.000000</byear_amt>
            <b_amt>4080.000000</b_amt>
            <bc_content/>
        </BCME3410_row>
        <BCME3410_row>
            <budgetno>07630100000</budgetno>
            <agenno>63010</agenno>
            <agentype>C</agentype>
            <mh_budgetname>海洋巡防總局</mh_budgetname>
            <budgetno_conver>0763100000</budgetno_conver>
            <tyear_amt>9510.000000</tyear_amt>
            <lyear_amt>5430.000000</lyear_amt>
            <byear_amt>3246.000000</byear_amt>
            <b_amt>4080.000000</b_amt>
            <bc_content/>
        </BCME3410_row>
        <BCME3410_row>
            <budgetno>07630100100</budgetno>
            <agenno>63010</agenno>
            <agentype>C</agentype>
            <mh_budgetname>財產孳息</mh_budgetname>
            <budgetno_conver>0763100100</budgetno_conver>
            <tyear_amt>449.000000</tyear_amt>
            <lyear_amt>19.000000</lyear_amt>
            <byear_amt>13.000000</byear_amt>
            <b_amt>430.000000</b_amt>
            <bc_content/>
        </BCME3410_row>
        <BCME3410_row>
            <budgetno>07630100101</budgetno>
            <agenno>63010</agenno>
            <agentype>C</agentype>
            <mh_budgetname>利息收入</mh_budgetname>
            <budgetno_conver>0763100101</budgetno_conver>
            <tyear_amt>8.000000</tyear_amt>
            <lyear_amt>10.000000</lyear_amt>
            <byear_amt>4.000000</byear_amt>
            <b_amt>-2.000000</b_amt>
            <bc_content>本年度預算數係專戶存款之利息收入。</bc_content>
        </BCME3410_row>
        <BCME3410_row>
            <budgetno>07630100106</budgetno>
            <agenno>63010</agenno>
            <agentype>C</agentype>
            <mh_budgetname>租金收入</mh_budgetname>
            <budgetno_conver>0763100106</budgetno_conver>
            <tyear_amt>441.000000</tyear_amt>
            <lyear_amt>9.000000</lyear_amt>
            <byear_amt>9.000000</byear_amt>
            <b_amt>432.000000</b_amt>
            <bc_content>本年度預算數係自動櫃員機及興達碼頭等場地租金收入。</bc_content>
        </BCME3410_row>
        <BCME3410_row>
            <budgetno>07630100600</budgetno>
            <agenno>63010</agenno>
            <agentype>C</agentype>
            <mh_budgetname>廢舊物資售價</mh_budgetname>
            <budgetno_conver>0763100600</budgetno_conver>
            <tyear_amt>9061.000000</tyear_amt>
            <lyear_amt>5411.000000</lyear_amt>
            <byear_amt>3233.000000</byear_amt>
            <b_amt>3650.000000</b_amt>
            <bc_content>本年度預算數係出售廢舊物資收入。</bc_content>
        </BCME3410_row>
        <BCME3410_row>
            <budgetno>11000000000</budgetno>
            <agenno>63010</agenno>
            <agentype>C</agentype>
            <mh_budgetname>其他收入</mh_budgetname>
            <budgetno_conver>1100000000</budgetno_conver>
            <tyear_amt>92.000000</tyear_amt>
            <lyear_amt>92.000000</lyear_amt>
            <byear_amt>267.000000</byear_amt>
            <b_amt>0.000000</b_amt>
            <bc_content/>
        </BCME3410_row>
        <BCME3410_row>
            <budgetno>11630100000</budgetno>
            <agenno>63010</agenno>
            <agentype>C</agentype>
            <mh_budgetname>海洋巡防總局</mh_budgetname>
            <budgetno_conver>1163100000</budgetno_conver>
            <tyear_amt>92.000000</tyear_amt>
            <lyear_amt>92.000000</lyear_amt>
            <byear_amt>267.000000</byear_amt>
            <b_amt>0.000000</b_amt>
            <bc_content/>
        </BCME3410_row>
        <BCME3410_row>
            <budgetno>11630100900</budgetno>
            <agenno>63010</agenno>
            <agentype>C</agentype>
            <mh_budgetname>雜項收入</mh_budgetname>
            <budgetno_conver>1163100900</budgetno_conver>
            <tyear_amt>92.000000</tyear_amt>
            <lyear_amt>92.000000</lyear_amt>
            <byear_amt>267.000000</byear_amt>
            <b_amt>0.000000</b_amt>
            <bc_content/>
        </BCME3410_row>
        <BCME3410_row>
            <budgetno>11630100901</budgetno>
            <agenno>63010</agenno>
            <agentype>C</agentype>
            <mh_budgetname>收回以前年度歲出</mh_budgetname>
            <budgetno_conver>1163100901</budgetno_conver>
            <tyear_amt>0.000000</tyear_amt>
            <lyear_amt>0.000000</lyear_amt>
            <byear_amt>267.000000</byear_amt>
            <b_amt>0.000000</b_amt>
            <bc_content>前年度決算數係收回以前年度溢付員工超勤加班費及薪津等繳庫數。</bc_content>
        </BCME3410_row>
        <BCME3410_row>
            <budgetno>11630100909</budgetno>
            <agenno>63010</agenno>
            <agentype>C</agentype>
            <mh_budgetname>其他雜項收入</mh_budgetname>
            <budgetno_conver>1163100909</budgetno_conver>
            <tyear_amt>92.000000</tyear_amt>
            <lyear_amt>92.000000</lyear_amt>
            <byear_amt>0.000000</byear_amt>
            <b_amt>0.000000</b_amt>
            <bc_content>本年度預算數係出售招標文件工本費收入、借用宿舍員工自薪資扣回繳庫數及管理費收入。</bc_content>
        </BCME3410_row>
    </BCME3410>
</tables>
