<?xml version="1.0" encoding="UTF-8"?>
<tables>
    <BCTDMANAMT>
        <BCTDMANAMT_row>
            <bn_fiscalyear>104</bn_fiscalyear>
            <bn_fundkind>1</bn_fundkind>
            <bn_budgetkind>1</bn_budgetkind>
            <bn_specialbudgetno/>
            <bn_agenno>26031005</bn_agenno>
            <bn_agentype>C</bn_agentype>
            <bn_budgetstate>2</bn_budgetstate>
            <bn_budgetsource>1</bn_budgetsource>
            <bn_man1>105</bn_man1>
            <bn_man1_l>106</bn_man1_l>
            <bn_man2>0</bn_man2>
            <bn_man2_l>0</bn_man2_l>
            <bn_man3>2</bn_man3>
            <bn_man3_l>3</bn_man3_l>
            <bn_man4>6</bn_man4>
            <bn_man4_l>6</bn_man4_l>
            <bn_man5>7</bn_man5>
            <bn_man5_l>8</bn_man5_l>
            <bn_man6>11</bn_man6>
            <bn_man6_l>11</bn_man6_l>
            <bn_man7>0</bn_man7>
            <bn_man7_l>0</bn_man7_l>
            <bn_man8>0</bn_man8>
            <bn_man8_l>0</bn_man8_l>
            <bn_man9>9</bn_man9>
            <bn_man9_l>9</bn_man9_l>
            <bn_man10>0</bn_man10>
            <bn_man10_l>0</bn_man10_l>
            <bn_man11>0</bn_man11>
            <bn_man11_l>0</bn_man11_l>
            <bn_amt_man>134964000.00</bn_amt_man>
            <bn_amt_mngbsn>136942000.00</bn_amt_mngbsn>
            <bn_text>&amp;lt;#H1&amp;gt;年需經費包括相關人員之人事費，惟不含加班值班費。&#xd;
&amp;lt;#H1&amp;gt;本年度140人較上年度143人，減列職員1人、聘用1人、技工1人。&#xd;
&amp;lt;#H1&amp;gt;本年度非以人事費支付勞力外包公司之「勞務承攬」支出係「一般行政」&#xd;
計畫，預計1人615千元。</bn_text>
            <display_name>61260310100 一般行政</display_name>
        </BCTDMANAMT_row>
    </BCTDMANAMT>
</tables>
