<?xml version="1.0" encoding="UTF-8"?>
<tables>
    <BCTDYEARPLAN>
        <BCTDYEARPLAN_row>
            <b06_fiscalyear>105</b06_fiscalyear>
            <b06_fundkind>1</b06_fundkind>
            <b06_budgetkind>1         </b06_budgetkind>
            <b06_specialbudgetno/>
            <b06_agenno>69001     </b06_agenno>
            <b06_agentype>B         </b06_agentype>
            <b06_budgetstate>2</b06_budgetstate>
            <b06_planno>01</b06_planno>
            <b06_planname>臺南及雲林榮家家區設施環境總體營造中程計畫</b06_planname>
            <b06_startyear>103</b06_startyear>
            <b06_endyear>106</b06_endyear>
            <b06_budgetamt>1105177000.00</b06_budgetamt>
            <b06_amt1>24350000.00</b06_amt1>
            <b06_amt2>75000000.00</b06_amt2>
            <b06_amt3>200735000.00</b06_amt3>
            <b06_amt4>805092000.00</b06_amt4>
            <b06_memo>&amp;lt;#H1&amp;gt;行政院103年3月26日院臺榮字第1030014828號函核定。&amp;lt;#H1&amp;gt;本計畫105年度預算編列於「營建工程」計畫項下「臺南及雲林榮家家區設施環境總體營造中程計畫」2.01億元。</b06_memo>
            <b06_upduserno/>
            <b06_upddatetime/>
            <b06_versiondate/>
            <b06_amt1_display>0.243500000000</b06_amt1_display>
            <b06_amt2_display>0.750000000000</b06_amt2_display>
            <b06_amt3_display>2.007350000000</b06_amt3_display>
            <b06_amt4_display>8.050920000000</b06_amt4_display>
            <b06_budgetamt_display>11.051770000000</b06_budgetamt_display>
        </BCTDYEARPLAN_row>
    </BCTDYEARPLAN>
</tables>
