<?xml version="1.0"?>
<?mso-application progid="Excel.Sheet"?>
<Workbook xmlns="urn:schemas-microsoft-com:office:spreadsheet"
 xmlns:o="urn:schemas-microsoft-com:office:office"
 xmlns:x="urn:schemas-microsoft-com:office:excel"
 xmlns:ss="urn:schemas-microsoft-com:office:spreadsheet"
 xmlns:html="http://www.w3.org/TR/REC-html40">
 <DocumentProperties xmlns="urn:schemas-microsoft-com:office:office">
  <Author>vacuser</Author>
  <LastAuthor>鍾曉帆</LastAuthor>
  <LastPrinted>2016-01-18T03:56:49Z</LastPrinted>
  <Created>2011-12-16T03:07:27Z</Created>
  <LastSaved>2016-01-18T03:57:06Z</LastSaved>
  <Company>vac</Company>
  <Version>15.00</Version>
 </DocumentProperties>
 <OfficeDocumentSettings xmlns="urn:schemas-microsoft-com:office:office">
  <AllowPNG/>
 </OfficeDocumentSettings>
 <ExcelWorkbook xmlns="urn:schemas-microsoft-com:office:excel">
  <WindowHeight>9690</WindowHeight>
  <WindowWidth>24000</WindowWidth>
  <WindowTopX>0</WindowTopX>
  <WindowTopY>0</WindowTopY>
  <ProtectStructure>False</ProtectStructure>
  <ProtectWindows>False</ProtectWindows>
 </ExcelWorkbook>
 <Styles>
  <Style ss:ID="Default" ss:Name="Normal">
   <Alignment ss:Vertical="Center"/>
   <Borders/>
   <Font ss:FontName="新細明體" x:CharSet="136" x:Family="Roman" ss:Size="12"/>
   <Interior/>
   <NumberFormat/>
   <Protection/>
  </Style>
  <Style ss:ID="s34" ss:Name="一般_100歲出預算立法院刪減明細表">
   <Alignment ss:Vertical="Bottom"/>
   <Borders/>
   <Font ss:FontName="新細明體" x:CharSet="136" x:Family="Roman" ss:Size="12"/>
   <Interior/>
   <NumberFormat/>
   <Protection/>
  </Style>
  <Style ss:ID="s35" ss:Name="一般_102歲出預算立法院刪減明細表--更">
   <Alignment ss:Vertical="Bottom"/>
   <Borders/>
   <Font ss:FontName="新細明體" x:CharSet="136" x:Family="Roman" ss:Size="12"/>
   <Interior/>
   <NumberFormat/>
   <Protection/>
  </Style>
  <Style ss:ID="s66" ss:Parent="s34">
   <Alignment ss:Vertical="Center"/>
   <Font ss:FontName="新細明體" x:CharSet="136" x:Family="Roman" ss:Size="14"
    ss:Bold="1"/>
  </Style>
  <Style ss:ID="s67" ss:Parent="s34">
   <Alignment ss:Vertical="Center"/>
   <Font ss:FontName="新細明體" x:CharSet="136" x:Family="Roman" ss:Size="12"/>
  </Style>
  <Style ss:ID="s68" ss:Parent="s34">
   <Alignment ss:Vertical="Center"/>
   <Font ss:FontName="標楷體" x:CharSet="136" x:Family="Script" ss:Size="12"/>
  </Style>
  <Style ss:ID="s69" ss:Parent="s34">
   <Alignment ss:Horizontal="Left" ss:Vertical="Center" ss:WrapText="1"/>
   <Borders>
    <Border ss:Position="Bottom" ss:LineStyle="Continuous" ss:Weight="1"/>
    <Border ss:Position="Left" ss:LineStyle="Continuous" ss:Weight="1"/>
    <Border ss:Position="Right" ss:LineStyle="Continuous" ss:Weight="1"/>
    <Border ss:Position="Top" ss:LineStyle="Continuous" ss:Weight="1"/>
   </Borders>
   <Font ss:FontName="標楷體" x:CharSet="136" x:Family="Script" ss:Size="12"/>
   <Interior/>
  </Style>
  <Style ss:ID="s70" ss:Parent="s34">
   <Alignment ss:Vertical="Center"/>
   <Font ss:FontName="Times New Roman" x:Family="Roman" ss:Size="12"/>
  </Style>
  <Style ss:ID="s71" ss:Parent="s34">
   <Alignment ss:Vertical="Center"/>
   <Font ss:FontName="標楷體" x:CharSet="136" x:Family="Script" ss:Size="12"/>
   <NumberFormat ss:Format="#,##0_ "/>
  </Style>
  <Style ss:ID="s72" ss:Parent="s34">
   <Alignment ss:Vertical="Center"/>
   <Font ss:FontName="標楷體" x:CharSet="136" x:Family="Script" ss:Size="20"/>
  </Style>
  <Style ss:ID="s73" ss:Parent="s34">
   <Alignment ss:Horizontal="Center" ss:Vertical="Center" ss:WrapText="1"/>
   <Borders>
    <Border ss:Position="Bottom" ss:LineStyle="Continuous" ss:Weight="1"/>
    <Border ss:Position="Left" ss:LineStyle="Continuous" ss:Weight="1"/>
    <Border ss:Position="Right" ss:LineStyle="Continuous" ss:Weight="1"/>
    <Border ss:Position="Top" ss:LineStyle="Continuous" ss:Weight="1"/>
   </Borders>
   <Font ss:FontName="標楷體" x:CharSet="136" x:Family="Script" ss:Size="12"/>
  </Style>
  <Style ss:ID="s74" ss:Parent="s34">
   <Alignment ss:Horizontal="Center" ss:Vertical="Center"/>
   <Font ss:FontName="標楷體" x:CharSet="136" x:Family="Script" ss:Size="16"
    ss:Bold="1"/>
  </Style>
  <Style ss:ID="s75" ss:Parent="s34">
   <Alignment ss:Vertical="Center"/>
  </Style>
  <Style ss:ID="s76" ss:Parent="s34">
   <Alignment ss:Vertical="Center"/>
   <Borders>
    <Border ss:Position="Bottom" ss:LineStyle="Continuous" ss:Weight="1"/>
    <Border ss:Position="Left" ss:LineStyle="Continuous" ss:Weight="1"/>
    <Border ss:Position="Right" ss:LineStyle="Continuous" ss:Weight="1"/>
    <Border ss:Position="Top" ss:LineStyle="Continuous" ss:Weight="1"/>
   </Borders>
   <Font ss:FontName="Arial Unicode MS" x:CharSet="136" x:Family="Swiss"
    ss:Size="12"/>
   <Interior/>
   <NumberFormat ss:Format="#,##0_ "/>
  </Style>
  <Style ss:ID="s77" ss:Parent="s34">
   <Alignment ss:Vertical="Center"/>
   <Borders/>
   <Font ss:FontName="新細明體" x:CharSet="136" x:Family="Roman" ss:Size="12"/>
  </Style>
  <Style ss:ID="s78" ss:Parent="s34">
   <Alignment ss:Horizontal="Center" ss:Vertical="Center"/>
   <Borders/>
   <Font ss:FontName="標楷體" x:CharSet="136" x:Family="Script" ss:Size="12"
    ss:Bold="1"/>
  </Style>
  <Style ss:ID="s79" ss:Parent="s34">
   <Alignment ss:Horizontal="Right" ss:Vertical="Center"/>
   <Borders/>
   <Font ss:FontName="標楷體" x:CharSet="136" x:Family="Script" ss:Size="12"/>
  </Style>
  <Style ss:ID="s80" ss:Parent="s34">
   <Alignment ss:Horizontal="Center" ss:Vertical="Center"/>
   <Borders>
    <Border ss:Position="Bottom" ss:LineStyle="Continuous" ss:Weight="1"/>
    <Border ss:Position="Left" ss:LineStyle="Continuous" ss:Weight="1"/>
    <Border ss:Position="Right" ss:LineStyle="Continuous" ss:Weight="1"/>
    <Border ss:Position="Top" ss:LineStyle="Continuous" ss:Weight="1"/>
   </Borders>
   <Font ss:FontName="標楷體" x:CharSet="136" x:Family="Script" ss:Size="12"/>
   <Interior/>
  </Style>
  <Style ss:ID="s81" ss:Parent="s34">
   <Alignment ss:Vertical="Center"/>
   <Borders>
    <Border ss:Position="Bottom" ss:LineStyle="Continuous" ss:Weight="1"/>
    <Border ss:Position="Left" ss:LineStyle="Continuous" ss:Weight="1"/>
    <Border ss:Position="Right" ss:LineStyle="Continuous" ss:Weight="1"/>
    <Border ss:Position="Top" ss:LineStyle="Continuous" ss:Weight="1"/>
   </Borders>
   <Font ss:FontName="Arial Unicode MS" x:CharSet="136" x:Family="Swiss"
    ss:Size="12"/>
   <Interior ss:Color="#FFFFFF" ss:Pattern="Solid"/>
   <NumberFormat ss:Format="#,##0_ "/>
  </Style>
  <Style ss:ID="s82" ss:Parent="s34">
   <Alignment ss:Vertical="Center" ss:WrapText="1"/>
   <Borders>
    <Border ss:Position="Bottom" ss:LineStyle="Continuous" ss:Weight="1"/>
    <Border ss:Position="Left" ss:LineStyle="Continuous" ss:Weight="1"/>
    <Border ss:Position="Top" ss:LineStyle="Continuous" ss:Weight="1"/>
   </Borders>
   <Font ss:FontName="標楷體" x:CharSet="136" x:Family="Script" ss:Size="12"/>
  </Style>
  <Style ss:ID="s83" ss:Parent="s34">
   <Alignment ss:Vertical="Center" ss:WrapText="1"/>
   <Borders>
    <Border ss:Position="Bottom" ss:LineStyle="Continuous" ss:Weight="1"/>
    <Border ss:Position="Top" ss:LineStyle="Continuous" ss:Weight="1"/>
   </Borders>
   <Font ss:FontName="標楷體" x:CharSet="136" x:Family="Script" ss:Size="12"/>
  </Style>
  <Style ss:ID="s84" ss:Parent="s35">
   <Alignment ss:Vertical="Center"/>
   <Borders>
    <Border ss:Position="Bottom" ss:LineStyle="Continuous" ss:Weight="1"/>
    <Border ss:Position="Left" ss:LineStyle="Continuous" ss:Weight="1"/>
    <Border ss:Position="Right" ss:LineStyle="Continuous" ss:Weight="1"/>
    <Border ss:Position="Top" ss:LineStyle="Continuous" ss:Weight="1"/>
   </Borders>
   <Font ss:FontName="Arial Unicode MS" x:CharSet="136" x:Family="Swiss"
    ss:Size="12"/>
   <Interior/>
   <NumberFormat ss:Format="#,##0_ "/>
  </Style>
  <Style ss:ID="s85" ss:Parent="s35">
   <Alignment ss:Vertical="Center"/>
   <Borders>
    <Border ss:Position="Bottom" ss:LineStyle="Continuous" ss:Weight="1"/>
    <Border ss:Position="Left" ss:LineStyle="Continuous" ss:Weight="1"/>
    <Border ss:Position="Right" ss:LineStyle="Continuous" ss:Weight="1"/>
    <Border ss:Position="Top" ss:LineStyle="Continuous" ss:Weight="1"/>
   </Borders>
   <Font ss:FontName="Arial Unicode MS" x:CharSet="136" x:Family="Swiss"
    ss:Size="12"/>
   <NumberFormat ss:Format="#,##0_ "/>
  </Style>
  <Style ss:ID="s86" ss:Parent="s35">
   <Alignment ss:Horizontal="Right" ss:Vertical="Center"/>
   <Borders>
    <Border ss:Position="Bottom" ss:LineStyle="Continuous" ss:Weight="1"/>
    <Border ss:Position="Left" ss:LineStyle="Continuous" ss:Weight="1"/>
    <Border ss:Position="Right" ss:LineStyle="Continuous" ss:Weight="1"/>
   </Borders>
   <Font ss:FontName="Arial Unicode MS" x:CharSet="136" x:Family="Swiss"
    ss:Size="12"/>
   <Interior/>
   <NumberFormat ss:Format="_-* #,##0_-;\-* #,##0_-;_-* &quot;-&quot;??_-;_-@_-"/>
  </Style>
  <Style ss:ID="s87" ss:Parent="s35">
   <Alignment ss:Horizontal="Right" ss:Vertical="Center"/>
   <Borders>
    <Border ss:Position="Bottom" ss:LineStyle="Continuous" ss:Weight="1"/>
    <Border ss:Position="Left" ss:LineStyle="Continuous" ss:Weight="1"/>
    <Border ss:Position="Right" ss:LineStyle="Continuous" ss:Weight="1"/>
    <Border ss:Position="Top" ss:LineStyle="Continuous" ss:Weight="1"/>
   </Borders>
   <Font ss:FontName="Arial" x:Family="Swiss" ss:Size="12"/>
   <NumberFormat ss:Format="_-* #,##0_-;\-* #,##0_-;_-* &quot;-&quot;??_-;_-@_-"/>
  </Style>
  <Style ss:ID="s98" ss:Parent="s34">
   <Alignment ss:Horizontal="Right" ss:Vertical="Center"/>
   <Borders>
    <Border ss:Position="Bottom" ss:LineStyle="Continuous" ss:Weight="1"/>
    <Border ss:Position="Left" ss:LineStyle="Continuous" ss:Weight="1"/>
    <Border ss:Position="Right" ss:LineStyle="Continuous" ss:Weight="1"/>
    <Border ss:Position="Top" ss:LineStyle="Continuous" ss:Weight="1"/>
   </Borders>
   <Font ss:FontName="Arial Unicode MS" x:CharSet="136" x:Family="Swiss"
    ss:Size="12"/>
   <Interior/>
   <NumberFormat ss:Format="_-* #,##0_-;\-* #,##0_-;_-* &quot;-&quot;??_-;_-@_-"/>
  </Style>
  <Style ss:ID="s99" ss:Parent="s34">
   <Alignment ss:Vertical="Center"/>
   <Borders>
    <Border ss:Position="Bottom" ss:LineStyle="Continuous" ss:Weight="1"/>
    <Border ss:Position="Left" ss:LineStyle="Continuous" ss:Weight="1"/>
    <Border ss:Position="Right" ss:LineStyle="Continuous" ss:Weight="1"/>
    <Border ss:Position="Top" ss:LineStyle="Continuous" ss:Weight="1"/>
   </Borders>
   <Font ss:FontName="Arial Unicode MS" x:CharSet="136" x:Family="Swiss"
    ss:Size="12"/>
   <Interior ss:Color="#FFFFFF" ss:Pattern="Solid"/>
   <NumberFormat ss:Format="_-* #,##0_-;\-* #,##0_-;_-* &quot;-&quot;??_-;_-@_-"/>
  </Style>
  <Style ss:ID="s100" ss:Parent="s34">
   <Alignment ss:Vertical="Center"/>
   <Borders>
    <Border ss:Position="Bottom" ss:LineStyle="Continuous" ss:Weight="1"/>
    <Border ss:Position="Left" ss:LineStyle="Continuous" ss:Weight="1"/>
    <Border ss:Position="Right" ss:LineStyle="Continuous" ss:Weight="1"/>
    <Border ss:Position="Top" ss:LineStyle="Continuous" ss:Weight="1"/>
   </Borders>
   <Font ss:FontName="Arial Unicode MS" x:CharSet="136" x:Family="Swiss"
    ss:Size="12"/>
   <NumberFormat ss:Format="_-* #,##0_-;\-* #,##0_-;_-* &quot;-&quot;??_-;_-@_-"/>
  </Style>
  <Style ss:ID="s103" ss:Parent="s34">
   <Alignment ss:Horizontal="Center" ss:Vertical="Center"/>
   <Borders/>
   <Font ss:FontName="標楷體" x:CharSet="136" x:Family="Script" ss:Size="12"/>
  </Style>
  <Style ss:ID="s107" ss:Parent="s34">
   <Alignment ss:Horizontal="Center" ss:Vertical="Center"/>
   <Borders>
    <Border ss:Position="Bottom" ss:LineStyle="Continuous" ss:Weight="1"/>
    <Border ss:Position="Left" ss:LineStyle="Continuous" ss:Weight="1"/>
    <Border ss:Position="Right" ss:LineStyle="Continuous" ss:Weight="1"/>
    <Border ss:Position="Top" ss:LineStyle="Continuous" ss:Weight="1"/>
   </Borders>
   <Font ss:FontName="標楷體" x:CharSet="136" x:Family="Script" ss:Size="12"/>
  </Style>
  <Style ss:ID="s108">
   <Alignment ss:Horizontal="Justify" ss:Vertical="Center" ss:WrapText="1"/>
   <Borders>
    <Border ss:Position="Top" ss:LineStyle="Continuous" ss:Weight="1"/>
   </Borders>
   <Font ss:FontName="標楷體" x:CharSet="136" x:Family="Script" ss:Size="12"/>
  </Style>
  <Style ss:ID="s110" ss:Parent="s34">
   <Alignment ss:Horizontal="Center" ss:Vertical="Center"/>
   <Font ss:FontName="標楷體" x:CharSet="136" x:Family="Script" ss:Size="14"
    ss:Bold="1"/>
  </Style>
  <Style ss:ID="s112" ss:Parent="s34">
   <Alignment ss:Horizontal="Center" ss:Vertical="Center"/>
   <Borders/>
   <Font ss:FontName="標楷體" x:CharSet="136" x:Family="Script" ss:Size="14"
    ss:Bold="1"/>
  </Style>
 </Styles>
 <Worksheet ss:Name="Sheet1">
  <Names>
   <NamedRange ss:Name="Print_Area" ss:RefersTo="=Sheet1!R1C1:R21C16"/>
  </Names>
  <Table ss:ExpandedColumnCount="249" ss:ExpandedRowCount="50" x:FullColumns="1"
   x:FullRows="1" ss:StyleID="s68" ss:DefaultColumnWidth="54"
   ss:DefaultRowHeight="16.5">
   <Column ss:StyleID="s68" ss:AutoFitWidth="0" ss:Width="179.25"/>
   <Column ss:StyleID="s68" ss:AutoFitWidth="0" ss:Width="85.5"/>
   <Column ss:StyleID="s68" ss:AutoFitWidth="0" ss:Width="75"/>
   <Column ss:StyleID="s68" ss:Hidden="1" ss:AutoFitWidth="0" ss:Width="69"/>
   <Column ss:StyleID="s68" ss:Hidden="1" ss:AutoFitWidth="0" ss:Width="59.25"/>
   <Column ss:StyleID="s68" ss:Hidden="1" ss:AutoFitWidth="0" ss:Width="57.75"/>
   <Column ss:StyleID="s68" ss:Hidden="1" ss:AutoFitWidth="0" ss:Width="60.75"/>
   <Column ss:StyleID="s68" ss:Hidden="1" ss:AutoFitWidth="0" ss:Width="64.5"/>
   <Column ss:StyleID="s68" ss:Hidden="1" ss:AutoFitWidth="0"/>
   <Column ss:StyleID="s68" ss:Hidden="1" ss:AutoFitWidth="0" ss:Width="60"/>
   <Column ss:StyleID="s68" ss:Hidden="1" ss:AutoFitWidth="0" ss:Width="52.5"/>
   <Column ss:StyleID="s68" ss:Hidden="1" ss:AutoFitWidth="0" ss:Width="54.75"/>
   <Column ss:StyleID="s68" ss:Hidden="1" ss:AutoFitWidth="0" ss:Width="10.5"/>
   <Column ss:StyleID="s68" ss:AutoFitWidth="0" ss:Width="78.75"/>
   <Column ss:StyleID="s68" ss:AutoFitWidth="0" ss:Width="72"/>
   <Column ss:StyleID="s68" ss:AutoFitWidth="0" ss:Width="93.75"/>
   <Row ss:AutoFitHeight="0" ss:Height="23.25" ss:StyleID="s66">
    <Cell ss:MergeAcross="15" ss:StyleID="s110"><Data ss:Type="String">國軍退除役官兵輔導委員會</Data><NamedCell
      ss:Name="Print_Area"/></Cell>
   </Row>
   <Row ss:AutoFitHeight="0" ss:Height="24.75" ss:StyleID="s66">
    <Cell ss:MergeAcross="15" ss:StyleID="s112"><Data ss:Type="String">歲出預算案立法院減列明細表</Data><NamedCell
      ss:Name="Print_Area"/></Cell>
    <Cell ss:MergeAcross="9" ss:StyleID="s74"/>
    <Cell ss:MergeAcross="15" ss:StyleID="s74"/>
    <Cell ss:MergeAcross="15" ss:StyleID="s74"/>
    <Cell ss:MergeAcross="15" ss:StyleID="s74"/>
    <Cell ss:MergeAcross="15" ss:StyleID="s74"/>
    <Cell ss:MergeAcross="15" ss:StyleID="s74"/>
    <Cell ss:MergeAcross="15" ss:StyleID="s74"/>
    <Cell ss:MergeAcross="15" ss:StyleID="s74"/>
    <Cell ss:MergeAcross="15" ss:StyleID="s74"/>
    <Cell ss:MergeAcross="15" ss:StyleID="s74"/>
    <Cell ss:MergeAcross="15" ss:StyleID="s74"/>
    <Cell ss:MergeAcross="15" ss:StyleID="s74"/>
    <Cell ss:MergeAcross="15" ss:StyleID="s74"/>
    <Cell ss:MergeAcross="15" ss:StyleID="s74"/>
    <Cell ss:MergeAcross="14" ss:StyleID="s74"/>
   </Row>
   <Row ss:Height="21" ss:StyleID="s67">
    <Cell ss:MergeAcross="15" ss:StyleID="s103"><Data ss:Type="String">中華民國105年度 </Data><NamedCell
      ss:Name="Print_Area"/></Cell>
    <Cell ss:MergeAcross="9" ss:StyleID="s74"/>
    <Cell ss:MergeAcross="15" ss:StyleID="s74"/>
    <Cell ss:MergeAcross="15" ss:StyleID="s74"/>
    <Cell ss:MergeAcross="15" ss:StyleID="s74"/>
    <Cell ss:MergeAcross="15" ss:StyleID="s74"/>
    <Cell ss:MergeAcross="15" ss:StyleID="s74"/>
    <Cell ss:MergeAcross="15" ss:StyleID="s74"/>
    <Cell ss:MergeAcross="15" ss:StyleID="s74"/>
    <Cell ss:MergeAcross="15" ss:StyleID="s74"/>
    <Cell ss:MergeAcross="15" ss:StyleID="s74"/>
    <Cell ss:MergeAcross="15" ss:StyleID="s74"/>
    <Cell ss:MergeAcross="15" ss:StyleID="s74"/>
    <Cell ss:MergeAcross="15" ss:StyleID="s74"/>
    <Cell ss:MergeAcross="15" ss:StyleID="s74"/>
    <Cell ss:MergeAcross="14" ss:StyleID="s74"/>
   </Row>
   <Row ss:Height="21" ss:StyleID="s67">
    <Cell ss:StyleID="s78"><NamedCell ss:Name="Print_Area"/></Cell>
    <Cell ss:StyleID="s78"><NamedCell ss:Name="Print_Area"/></Cell>
    <Cell ss:StyleID="s78"><NamedCell ss:Name="Print_Area"/></Cell>
    <Cell ss:StyleID="s78"><NamedCell ss:Name="Print_Area"/></Cell>
    <Cell ss:StyleID="s78"><NamedCell ss:Name="Print_Area"/></Cell>
    <Cell ss:StyleID="s78"><NamedCell ss:Name="Print_Area"/></Cell>
    <Cell ss:StyleID="s78"><NamedCell ss:Name="Print_Area"/></Cell>
    <Cell ss:StyleID="s77"><NamedCell ss:Name="Print_Area"/></Cell>
    <Cell ss:StyleID="s77"><NamedCell ss:Name="Print_Area"/></Cell>
    <Cell ss:StyleID="s77"><NamedCell ss:Name="Print_Area"/></Cell>
    <Cell ss:StyleID="s77"><NamedCell ss:Name="Print_Area"/></Cell>
    <Cell ss:StyleID="s77"><NamedCell ss:Name="Print_Area"/></Cell>
    <Cell ss:StyleID="s77"><NamedCell ss:Name="Print_Area"/></Cell>
    <Cell ss:StyleID="s77"><NamedCell ss:Name="Print_Area"/></Cell>
    <Cell ss:StyleID="s77"><NamedCell ss:Name="Print_Area"/></Cell>
    <Cell ss:StyleID="s79"><Data ss:Type="String">單位：新臺幣千元</Data><NamedCell
      ss:Name="Print_Area"/></Cell>
    <Cell ss:StyleID="s74"/>
    <Cell ss:StyleID="s75"/>
    <Cell ss:StyleID="s75"/>
    <Cell ss:StyleID="s75"/>
    <Cell ss:StyleID="s75"/>
    <Cell ss:StyleID="s75"/>
    <Cell ss:StyleID="s75"/>
    <Cell ss:StyleID="s75"/>
    <Cell ss:StyleID="s75"/>
    <Cell ss:StyleID="s75"/>
    <Cell ss:StyleID="s74"/>
    <Cell ss:StyleID="s74"/>
    <Cell ss:StyleID="s74"/>
    <Cell ss:StyleID="s74"/>
    <Cell ss:StyleID="s74"/>
    <Cell ss:StyleID="s74"/>
    <Cell ss:StyleID="s74"/>
    <Cell ss:StyleID="s75"/>
    <Cell ss:StyleID="s75"/>
    <Cell ss:StyleID="s75"/>
    <Cell ss:StyleID="s75"/>
    <Cell ss:StyleID="s75"/>
    <Cell ss:StyleID="s75"/>
    <Cell ss:StyleID="s75"/>
    <Cell ss:StyleID="s75"/>
    <Cell ss:StyleID="s75"/>
    <Cell ss:StyleID="s74"/>
    <Cell ss:StyleID="s74"/>
    <Cell ss:StyleID="s74"/>
    <Cell ss:StyleID="s74"/>
    <Cell ss:StyleID="s74"/>
    <Cell ss:StyleID="s74"/>
    <Cell ss:StyleID="s74"/>
    <Cell ss:StyleID="s75"/>
    <Cell ss:StyleID="s75"/>
    <Cell ss:StyleID="s75"/>
    <Cell ss:StyleID="s75"/>
    <Cell ss:StyleID="s75"/>
    <Cell ss:StyleID="s75"/>
    <Cell ss:StyleID="s75"/>
    <Cell ss:StyleID="s75"/>
    <Cell ss:StyleID="s75"/>
    <Cell ss:StyleID="s74"/>
    <Cell ss:StyleID="s74"/>
    <Cell ss:StyleID="s74"/>
    <Cell ss:StyleID="s74"/>
    <Cell ss:StyleID="s74"/>
    <Cell ss:StyleID="s74"/>
    <Cell ss:StyleID="s74"/>
    <Cell ss:StyleID="s75"/>
    <Cell ss:StyleID="s75"/>
    <Cell ss:StyleID="s75"/>
    <Cell ss:StyleID="s75"/>
    <Cell ss:StyleID="s75"/>
    <Cell ss:StyleID="s75"/>
    <Cell ss:StyleID="s75"/>
    <Cell ss:StyleID="s75"/>
    <Cell ss:StyleID="s75"/>
    <Cell ss:StyleID="s74"/>
    <Cell ss:StyleID="s74"/>
    <Cell ss:StyleID="s74"/>
    <Cell ss:StyleID="s74"/>
    <Cell ss:StyleID="s74"/>
    <Cell ss:StyleID="s74"/>
    <Cell ss:StyleID="s74"/>
    <Cell ss:StyleID="s75"/>
    <Cell ss:StyleID="s75"/>
    <Cell ss:StyleID="s75"/>
    <Cell ss:StyleID="s75"/>
    <Cell ss:StyleID="s75"/>
    <Cell ss:StyleID="s75"/>
    <Cell ss:StyleID="s75"/>
    <Cell ss:StyleID="s75"/>
    <Cell ss:StyleID="s75"/>
    <Cell ss:StyleID="s74"/>
    <Cell ss:StyleID="s74"/>
    <Cell ss:StyleID="s74"/>
    <Cell ss:StyleID="s74"/>
    <Cell ss:StyleID="s74"/>
    <Cell ss:StyleID="s74"/>
    <Cell ss:StyleID="s74"/>
    <Cell ss:StyleID="s75"/>
    <Cell ss:StyleID="s75"/>
    <Cell ss:StyleID="s75"/>
    <Cell ss:StyleID="s75"/>
    <Cell ss:StyleID="s75"/>
    <Cell ss:StyleID="s75"/>
    <Cell ss:StyleID="s75"/>
    <Cell ss:StyleID="s75"/>
    <Cell ss:StyleID="s75"/>
    <Cell ss:StyleID="s74"/>
    <Cell ss:StyleID="s74"/>
    <Cell ss:StyleID="s74"/>
    <Cell ss:StyleID="s74"/>
    <Cell ss:StyleID="s74"/>
    <Cell ss:StyleID="s74"/>
    <Cell ss:StyleID="s74"/>
    <Cell ss:StyleID="s75"/>
    <Cell ss:StyleID="s75"/>
    <Cell ss:StyleID="s75"/>
    <Cell ss:StyleID="s75"/>
    <Cell ss:StyleID="s75"/>
    <Cell ss:StyleID="s75"/>
    <Cell ss:StyleID="s75"/>
    <Cell ss:StyleID="s75"/>
    <Cell ss:StyleID="s75"/>
    <Cell ss:StyleID="s74"/>
    <Cell ss:StyleID="s74"/>
    <Cell ss:StyleID="s74"/>
    <Cell ss:StyleID="s74"/>
    <Cell ss:StyleID="s74"/>
    <Cell ss:StyleID="s74"/>
    <Cell ss:StyleID="s74"/>
    <Cell ss:StyleID="s75"/>
    <Cell ss:StyleID="s75"/>
    <Cell ss:StyleID="s75"/>
    <Cell ss:StyleID="s75"/>
    <Cell ss:StyleID="s75"/>
    <Cell ss:StyleID="s75"/>
    <Cell ss:StyleID="s75"/>
    <Cell ss:StyleID="s75"/>
    <Cell ss:StyleID="s75"/>
    <Cell ss:StyleID="s74"/>
    <Cell ss:StyleID="s74"/>
    <Cell ss:StyleID="s74"/>
    <Cell ss:StyleID="s74"/>
    <Cell ss:StyleID="s74"/>
    <Cell ss:StyleID="s74"/>
    <Cell ss:StyleID="s74"/>
    <Cell ss:StyleID="s75"/>
    <Cell ss:StyleID="s75"/>
    <Cell ss:StyleID="s75"/>
    <Cell ss:StyleID="s75"/>
    <Cell ss:StyleID="s75"/>
    <Cell ss:StyleID="s75"/>
    <Cell ss:StyleID="s75"/>
    <Cell ss:StyleID="s75"/>
    <Cell ss:StyleID="s75"/>
    <Cell ss:StyleID="s74"/>
    <Cell ss:StyleID="s74"/>
    <Cell ss:StyleID="s74"/>
    <Cell ss:StyleID="s74"/>
    <Cell ss:StyleID="s74"/>
    <Cell ss:StyleID="s74"/>
    <Cell ss:StyleID="s74"/>
    <Cell ss:StyleID="s75"/>
    <Cell ss:StyleID="s75"/>
    <Cell ss:StyleID="s75"/>
    <Cell ss:StyleID="s75"/>
    <Cell ss:StyleID="s75"/>
    <Cell ss:StyleID="s75"/>
    <Cell ss:StyleID="s75"/>
    <Cell ss:StyleID="s75"/>
    <Cell ss:StyleID="s75"/>
    <Cell ss:StyleID="s74"/>
    <Cell ss:StyleID="s74"/>
    <Cell ss:StyleID="s74"/>
    <Cell ss:StyleID="s74"/>
    <Cell ss:StyleID="s74"/>
    <Cell ss:StyleID="s74"/>
    <Cell ss:StyleID="s74"/>
    <Cell ss:StyleID="s75"/>
    <Cell ss:StyleID="s75"/>
    <Cell ss:StyleID="s75"/>
    <Cell ss:StyleID="s75"/>
    <Cell ss:StyleID="s75"/>
    <Cell ss:StyleID="s75"/>
    <Cell ss:StyleID="s75"/>
    <Cell ss:StyleID="s75"/>
    <Cell ss:StyleID="s75"/>
    <Cell ss:StyleID="s74"/>
    <Cell ss:StyleID="s74"/>
    <Cell ss:StyleID="s74"/>
    <Cell ss:StyleID="s74"/>
    <Cell ss:StyleID="s74"/>
    <Cell ss:StyleID="s74"/>
    <Cell ss:StyleID="s74"/>
    <Cell ss:StyleID="s75"/>
    <Cell ss:StyleID="s75"/>
    <Cell ss:StyleID="s75"/>
    <Cell ss:StyleID="s75"/>
    <Cell ss:StyleID="s75"/>
    <Cell ss:StyleID="s75"/>
    <Cell ss:StyleID="s75"/>
    <Cell ss:StyleID="s75"/>
    <Cell ss:StyleID="s75"/>
    <Cell ss:StyleID="s74"/>
    <Cell ss:StyleID="s74"/>
    <Cell ss:StyleID="s74"/>
    <Cell ss:StyleID="s74"/>
    <Cell ss:StyleID="s74"/>
    <Cell ss:StyleID="s74"/>
    <Cell ss:StyleID="s74"/>
    <Cell ss:StyleID="s75"/>
    <Cell ss:StyleID="s75"/>
    <Cell ss:StyleID="s75"/>
    <Cell ss:StyleID="s75"/>
    <Cell ss:StyleID="s75"/>
    <Cell ss:StyleID="s75"/>
    <Cell ss:StyleID="s75"/>
    <Cell ss:StyleID="s75"/>
    <Cell ss:StyleID="s75"/>
    <Cell ss:StyleID="s74"/>
    <Cell ss:StyleID="s74"/>
    <Cell ss:StyleID="s74"/>
    <Cell ss:StyleID="s74"/>
    <Cell ss:StyleID="s74"/>
    <Cell ss:StyleID="s74"/>
    <Cell ss:StyleID="s74"/>
    <Cell ss:StyleID="s75"/>
    <Cell ss:StyleID="s75"/>
    <Cell ss:StyleID="s75"/>
    <Cell ss:StyleID="s75"/>
    <Cell ss:StyleID="s75"/>
    <Cell ss:StyleID="s75"/>
    <Cell ss:StyleID="s75"/>
    <Cell ss:StyleID="s75"/>
    <Cell ss:StyleID="s75"/>
    <Cell ss:StyleID="s74"/>
    <Cell ss:StyleID="s74"/>
    <Cell ss:StyleID="s74"/>
    <Cell ss:StyleID="s74"/>
    <Cell ss:StyleID="s74"/>
    <Cell ss:StyleID="s74"/>
    <Cell ss:StyleID="s74"/>
    <Cell ss:StyleID="s75"/>
    <Cell ss:StyleID="s75"/>
    <Cell ss:StyleID="s75"/>
    <Cell ss:StyleID="s75"/>
    <Cell ss:StyleID="s75"/>
    <Cell ss:StyleID="s75"/>
    <Cell ss:StyleID="s75"/>
    <Cell ss:StyleID="s75"/>
   </Row>
   <Row ss:AutoFitHeight="0" ss:Height="43.5" ss:StyleID="s67">
    <Cell ss:MergeDown="1" ss:StyleID="s107"><Data ss:Type="String">工作計畫名稱</Data><NamedCell
      ss:Name="Print_Area"/></Cell>
    <Cell ss:MergeDown="1" ss:StyleID="s73"><Data ss:Type="String">預算案數</Data><NamedCell
      ss:Name="Print_Area"/></Cell>
    <Cell ss:MergeAcross="12" ss:StyleID="s107"><ss:Data ss:Type="String"
      xmlns="http://www.w3.org/TR/REC-html40">刪減數<Font html:Size="8">(註)</Font></ss:Data><NamedCell
      ss:Name="Print_Area"/></Cell>
    <Cell ss:MergeDown="1" ss:StyleID="s73"><Data ss:Type="String">刪減後&#10;法  定&#10;預算數</Data><NamedCell
      ss:Name="Print_Area"/></Cell>
   </Row>
   <Row ss:AutoFitHeight="0" ss:Height="43.5">
    <Cell ss:Index="3" ss:StyleID="s73"><Data ss:Type="String">委員會審查</Data><NamedCell
      ss:Name="Print_Area"/></Cell>
    <Cell ss:StyleID="s82"><NamedCell ss:Name="Print_Area"/></Cell>
    <Cell ss:StyleID="s83"><NamedCell ss:Name="Print_Area"/></Cell>
    <Cell ss:StyleID="s83"><NamedCell ss:Name="Print_Area"/></Cell>
    <Cell ss:StyleID="s83"><NamedCell ss:Name="Print_Area"/></Cell>
    <Cell ss:StyleID="s83"><NamedCell ss:Name="Print_Area"/></Cell>
    <Cell ss:StyleID="s83"><NamedCell ss:Name="Print_Area"/></Cell>
    <Cell ss:StyleID="s83"><NamedCell ss:Name="Print_Area"/></Cell>
    <Cell ss:StyleID="s83"><NamedCell ss:Name="Print_Area"/></Cell>
    <Cell ss:StyleID="s83"><NamedCell ss:Name="Print_Area"/></Cell>
    <Cell ss:StyleID="s83"><NamedCell ss:Name="Print_Area"/></Cell>
    <Cell ss:StyleID="s73"><Data ss:Type="String">朝野協商</Data><NamedCell
      ss:Name="Print_Area"/></Cell>
    <Cell ss:StyleID="s73"><Data ss:Type="String">&#10;合計&#10;</Data><NamedCell
      ss:Name="Print_Area"/></Cell>
   </Row>
   <Row ss:AutoFitHeight="0" ss:Height="45.75">
    <Cell ss:StyleID="s80"><Data ss:Type="String">合      計</Data><NamedCell
      ss:Name="Print_Area"/></Cell>
    <Cell ss:StyleID="s81" ss:Formula="=SUM(R[1]C:R[13]C)"><Data ss:Type="Number">124684865</Data><NamedCell
      ss:Name="Print_Area"/></Cell>
    <Cell ss:StyleID="s81" ss:Formula="=SUM(R[1]C:R[13]C)"><Data ss:Type="Number">7843</Data><NamedCell
      ss:Name="Print_Area"/></Cell>
    <Cell ss:StyleID="s81" ss:Formula="=SUM(R[1]C:R[13]C)"><Data ss:Type="Number">50345</Data><NamedCell
      ss:Name="Print_Area"/></Cell>
    <Cell ss:StyleID="s81" ss:Formula="=SUM(R[1]C:R[13]C)"><Data ss:Type="Number">1298</Data><NamedCell
      ss:Name="Print_Area"/></Cell>
    <Cell ss:StyleID="s81" ss:Formula="=SUM(R[1]C:R[13]C)"><Data ss:Type="Number">415</Data><NamedCell
      ss:Name="Print_Area"/></Cell>
    <Cell ss:StyleID="s81" ss:Formula="=SUM(R[1]C:R[13]C)"><Data ss:Type="Number">1797</Data><NamedCell
      ss:Name="Print_Area"/></Cell>
    <Cell ss:StyleID="s81" ss:Formula="=SUM(R[1]C:R[13]C)"><Data ss:Type="Number">11212</Data><NamedCell
      ss:Name="Print_Area"/></Cell>
    <Cell ss:StyleID="s81" ss:Formula="=SUM(R[1]C:R[13]C)"><Data ss:Type="Number">332</Data><NamedCell
      ss:Name="Print_Area"/></Cell>
    <Cell ss:StyleID="s81" ss:Formula="=SUM(R[1]C:R[13]C)"><Data ss:Type="Number">15523</Data><NamedCell
      ss:Name="Print_Area"/></Cell>
    <Cell ss:StyleID="s81" ss:Formula="=SUM(R[1]C:R[13]C)"><Data ss:Type="Number">0</Data><NamedCell
      ss:Name="Print_Area"/></Cell>
    <Cell ss:StyleID="s81" ss:Formula="=SUM(R[1]C:R[13]C)"><Data ss:Type="Number">0</Data><NamedCell
      ss:Name="Print_Area"/></Cell>
    <Cell ss:StyleID="s81" ss:Formula="=SUM(R[1]C:R[13]C)"><Data ss:Type="Number">57560</Data><NamedCell
      ss:Name="Print_Area"/></Cell>
    <Cell ss:StyleID="s81" ss:Formula="=SUM(R[1]C:R[13]C)"><Data ss:Type="Number">27275</Data><NamedCell
      ss:Name="Print_Area"/></Cell>
    <Cell ss:StyleID="s81" ss:Formula="=SUM(R[1]C:R[13]C)"><Data ss:Type="Number">35118</Data><NamedCell
      ss:Name="Print_Area"/></Cell>
    <Cell ss:StyleID="s81" ss:Formula="=SUM(R[1]C:R[13]C)"><Data ss:Type="Number">124649747</Data><NamedCell
      ss:Name="Print_Area"/></Cell>
   </Row>
   <Row ss:AutoFitHeight="0" ss:Height="45.75">
    <Cell ss:StyleID="s69"><Data ss:Type="String">醫學臨床教學研究</Data><NamedCell
      ss:Name="Print_Area"/></Cell>
    <Cell ss:StyleID="s84"><Data ss:Type="Number">1026034</Data><NamedCell
      ss:Name="Print_Area"/></Cell>
    <Cell ss:StyleID="s87"><Data ss:Type="Number">0</Data><NamedCell
      ss:Name="Print_Area"/></Cell>
    <Cell ss:StyleID="s98"><Data ss:Type="Number">0</Data><NamedCell
      ss:Name="Print_Area"/></Cell>
    <Cell ss:StyleID="s98"><Data ss:Type="Number">0</Data><NamedCell
      ss:Name="Print_Area"/></Cell>
    <Cell ss:StyleID="s98"><Data ss:Type="Number">0</Data><NamedCell
      ss:Name="Print_Area"/></Cell>
    <Cell ss:StyleID="s98"><Data ss:Type="Number">0</Data><NamedCell
      ss:Name="Print_Area"/></Cell>
    <Cell ss:StyleID="s98"><Data ss:Type="Number">0</Data><NamedCell
      ss:Name="Print_Area"/></Cell>
    <Cell ss:StyleID="s98"><Data ss:Type="Number">0</Data><NamedCell
      ss:Name="Print_Area"/></Cell>
    <Cell ss:StyleID="s98"><Data ss:Type="Number">0</Data><NamedCell
      ss:Name="Print_Area"/></Cell>
    <Cell ss:StyleID="s98"><Data ss:Type="Number">0</Data><NamedCell
      ss:Name="Print_Area"/></Cell>
    <Cell ss:StyleID="s98"><Data ss:Type="Number">0</Data><NamedCell
      ss:Name="Print_Area"/></Cell>
    <Cell ss:StyleID="s98"><Data ss:Type="Number">0</Data><NamedCell
      ss:Name="Print_Area"/></Cell>
    <Cell ss:StyleID="s87"><Data ss:Type="Number">1000</Data><NamedCell
      ss:Name="Print_Area"/></Cell>
    <Cell ss:StyleID="s87" ss:Formula="=RC[-12]+RC[-1]"><Data ss:Type="Number">1000</Data><NamedCell
      ss:Name="Print_Area"/></Cell>
    <Cell ss:StyleID="s76" ss:Formula="=RC[-14]-RC[-1]"><Data ss:Type="Number">1025034</Data><NamedCell
      ss:Name="Print_Area"/></Cell>
   </Row>
   <Row ss:AutoFitHeight="0" ss:Height="45.75">
    <Cell ss:StyleID="s69"><Data ss:Type="String">退除役官兵就學、職訓</Data><NamedCell
      ss:Name="Print_Area"/></Cell>
    <Cell ss:StyleID="s85"><Data ss:Type="Number">45649</Data><NamedCell
      ss:Name="Print_Area"/></Cell>
    <Cell ss:StyleID="s87"><Data ss:Type="Number">372</Data><NamedCell
      ss:Name="Print_Area"/></Cell>
    <Cell ss:StyleID="s98"><Data ss:Type="Number">0</Data><NamedCell
      ss:Name="Print_Area"/></Cell>
    <Cell ss:StyleID="s98"><Data ss:Type="Number">113</Data><NamedCell
      ss:Name="Print_Area"/></Cell>
    <Cell ss:StyleID="s98"><Data ss:Type="Number">5</Data><NamedCell
      ss:Name="Print_Area"/></Cell>
    <Cell ss:StyleID="s98"><Data ss:Type="Number">52</Data><NamedCell
      ss:Name="Print_Area"/></Cell>
    <Cell ss:StyleID="s98"><Data ss:Type="Number">0</Data><NamedCell
      ss:Name="Print_Area"/></Cell>
    <Cell ss:StyleID="s98"><Data ss:Type="Number">0</Data><NamedCell
      ss:Name="Print_Area"/></Cell>
    <Cell ss:StyleID="s98"><Data ss:Type="Number">446</Data><NamedCell
      ss:Name="Print_Area"/></Cell>
    <Cell ss:StyleID="s98"><Data ss:Type="Number">0</Data><NamedCell
      ss:Name="Print_Area"/></Cell>
    <Cell ss:StyleID="s98"><Data ss:Type="Number">0</Data><NamedCell
      ss:Name="Print_Area"/></Cell>
    <Cell ss:StyleID="s98"><Data ss:Type="Number">0</Data><NamedCell
      ss:Name="Print_Area"/></Cell>
    <Cell ss:StyleID="s86"><Data ss:Type="Number">36</Data><NamedCell
      ss:Name="Print_Area"/></Cell>
    <Cell ss:StyleID="s99" ss:Formula="=RC[-12]+RC[-1]"><Data ss:Type="Number">408</Data><NamedCell
      ss:Name="Print_Area"/></Cell>
    <Cell ss:StyleID="s76" ss:Formula="=RC[-14]-RC[-1]"><Data ss:Type="Number">45241</Data><NamedCell
      ss:Name="Print_Area"/></Cell>
   </Row>
   <Row ss:AutoFitHeight="0" ss:Height="45.75">
    <Cell ss:StyleID="s69"><Data ss:Type="String">榮民及榮眷健康保險</Data><NamedCell
      ss:Name="Print_Area"/></Cell>
    <Cell ss:StyleID="s85"><Data ss:Type="Number">10479932</Data><NamedCell
      ss:Name="Print_Area"/></Cell>
    <Cell ss:StyleID="s86"><Data ss:Type="Number">3000</Data><NamedCell
      ss:Name="Print_Area"/></Cell>
    <Cell ss:StyleID="s98"><Data ss:Type="Number">0</Data><NamedCell
      ss:Name="Print_Area"/></Cell>
    <Cell ss:StyleID="s98"><Data ss:Type="Number">0</Data><NamedCell
      ss:Name="Print_Area"/></Cell>
    <Cell ss:StyleID="s98"><Data ss:Type="Number">0</Data><NamedCell
      ss:Name="Print_Area"/></Cell>
    <Cell ss:StyleID="s98"><Data ss:Type="Number">0</Data><NamedCell
      ss:Name="Print_Area"/></Cell>
    <Cell ss:StyleID="s98"><Data ss:Type="Number">0</Data><NamedCell
      ss:Name="Print_Area"/></Cell>
    <Cell ss:StyleID="s98"><Data ss:Type="Number">0</Data><NamedCell
      ss:Name="Print_Area"/></Cell>
    <Cell ss:StyleID="s98"><Data ss:Type="Number">0</Data><NamedCell
      ss:Name="Print_Area"/></Cell>
    <Cell ss:StyleID="s98"><Data ss:Type="Number">0</Data><NamedCell
      ss:Name="Print_Area"/></Cell>
    <Cell ss:StyleID="s98"><Data ss:Type="Number">0</Data><NamedCell
      ss:Name="Print_Area"/></Cell>
    <Cell ss:StyleID="s98"><Data ss:Type="Number">0</Data><NamedCell
      ss:Name="Print_Area"/></Cell>
    <Cell ss:StyleID="s86"><Data ss:Type="Number">0</Data><NamedCell
      ss:Name="Print_Area"/></Cell>
    <Cell ss:StyleID="s87" ss:Formula="=RC[-12]+RC[-1]"><Data ss:Type="Number">3000</Data><NamedCell
      ss:Name="Print_Area"/></Cell>
    <Cell ss:StyleID="s76" ss:Formula="=RC[-14]-RC[-1]"><Data ss:Type="Number">10476932</Data><NamedCell
      ss:Name="Print_Area"/></Cell>
   </Row>
   <Row ss:AutoFitHeight="0" ss:Height="45.75">
    <Cell ss:StyleID="s69"><Data ss:Type="String">退除役官兵服務救助與照顧</Data><NamedCell
      ss:Name="Print_Area"/></Cell>
    <Cell ss:StyleID="s85"><Data ss:Type="Number">619989</Data><NamedCell
      ss:Name="Print_Area"/></Cell>
    <Cell ss:StyleID="s86"><Data ss:Type="Number">1000</Data><NamedCell
      ss:Name="Print_Area"/></Cell>
    <Cell ss:StyleID="s98"><Data ss:Type="Number">0</Data><NamedCell
      ss:Name="Print_Area"/></Cell>
    <Cell ss:StyleID="s98"><Data ss:Type="Number">557</Data><NamedCell
      ss:Name="Print_Area"/></Cell>
    <Cell ss:StyleID="s98"><Data ss:Type="Number">92</Data><NamedCell
      ss:Name="Print_Area"/></Cell>
    <Cell ss:StyleID="s98"><Data ss:Type="Number">50</Data><NamedCell
      ss:Name="Print_Area"/></Cell>
    <Cell ss:StyleID="s98"><Data ss:Type="Number">1191</Data><NamedCell
      ss:Name="Print_Area"/></Cell>
    <Cell ss:StyleID="s98"><Data ss:Type="Number">0</Data><NamedCell
      ss:Name="Print_Area"/></Cell>
    <Cell ss:StyleID="s98"><Data ss:Type="Number">1669</Data><NamedCell
      ss:Name="Print_Area"/></Cell>
    <Cell ss:StyleID="s98"><Data ss:Type="Number">0</Data><NamedCell
      ss:Name="Print_Area"/></Cell>
    <Cell ss:StyleID="s98"><Data ss:Type="Number">0</Data><NamedCell
      ss:Name="Print_Area"/></Cell>
    <Cell ss:StyleID="s98"><Data ss:Type="Number">0</Data><NamedCell
      ss:Name="Print_Area"/></Cell>
    <Cell ss:StyleID="s86"><Data ss:Type="Number">835</Data><NamedCell
      ss:Name="Print_Area"/></Cell>
    <Cell ss:StyleID="s99" ss:Formula="=RC[-12]+RC[-1]"><Data ss:Type="Number">1835</Data><NamedCell
      ss:Name="Print_Area"/></Cell>
    <Cell ss:StyleID="s76" ss:Formula="=RC[-14]-RC[-1]"><Data ss:Type="Number">618154</Data><NamedCell
      ss:Name="Print_Area"/></Cell>
   </Row>
   <Row ss:AutoFitHeight="0" ss:Height="45.75">
    <Cell ss:StyleID="s69"><Data ss:Type="String">一般行政</Data><NamedCell
      ss:Name="Print_Area"/></Cell>
    <Cell ss:StyleID="s85"><Data ss:Type="Number">3645702</Data><NamedCell
      ss:Name="Print_Area"/></Cell>
    <Cell ss:StyleID="s86"><Data ss:Type="Number">1720</Data><NamedCell
      ss:Name="Print_Area"/></Cell>
    <Cell ss:StyleID="s98"><Data ss:Type="Number">0</Data><NamedCell
      ss:Name="Print_Area"/></Cell>
    <Cell ss:StyleID="s98"><Data ss:Type="Number">88</Data><NamedCell
      ss:Name="Print_Area"/></Cell>
    <Cell ss:StyleID="s98"><Data ss:Type="Number">30</Data><NamedCell
      ss:Name="Print_Area"/></Cell>
    <Cell ss:StyleID="s98"><Data ss:Type="Number">372</Data><NamedCell
      ss:Name="Print_Area"/></Cell>
    <Cell ss:StyleID="s98"><Data ss:Type="Number">3871</Data><NamedCell
      ss:Name="Print_Area"/></Cell>
    <Cell ss:StyleID="s98"><Data ss:Type="Number">0</Data><NamedCell
      ss:Name="Print_Area"/></Cell>
    <Cell ss:StyleID="s98"><Data ss:Type="Number">1417</Data><NamedCell
      ss:Name="Print_Area"/></Cell>
    <Cell ss:StyleID="s98"><Data ss:Type="Number">0</Data><NamedCell
      ss:Name="Print_Area"/></Cell>
    <Cell ss:StyleID="s98"><Data ss:Type="Number">0</Data><NamedCell
      ss:Name="Print_Area"/></Cell>
    <Cell ss:StyleID="s98"><Data ss:Type="Number">57560</Data><NamedCell
      ss:Name="Print_Area"/></Cell>
    <Cell ss:StyleID="s86"><Data ss:Type="Number">7437</Data><NamedCell
      ss:Name="Print_Area"/></Cell>
    <Cell ss:StyleID="s99" ss:Formula="=RC[-12]+RC[-1]"><Data ss:Type="Number">9157</Data><NamedCell
      ss:Name="Print_Area"/></Cell>
    <Cell ss:StyleID="s76" ss:Formula="=RC[-14]-RC[-1]"><Data ss:Type="Number">3636545</Data><NamedCell
      ss:Name="Print_Area"/></Cell>
   </Row>
   <Row ss:AutoFitHeight="0" ss:Height="45.75">
    <Cell ss:StyleID="s69"><Data ss:Type="String">榮民醫療照護</Data><NamedCell
      ss:Name="Print_Area"/></Cell>
    <Cell ss:StyleID="s85"><Data ss:Type="Number">2295310</Data><NamedCell
      ss:Name="Print_Area"/></Cell>
    <Cell ss:StyleID="s87"><Data ss:Type="Number">50</Data><NamedCell
      ss:Name="Print_Area"/></Cell>
    <Cell ss:StyleID="s98"><Data ss:Type="Number">0</Data><NamedCell
      ss:Name="Print_Area"/></Cell>
    <Cell ss:StyleID="s98"><Data ss:Type="Number">0</Data><NamedCell
      ss:Name="Print_Area"/></Cell>
    <Cell ss:StyleID="s98"><Data ss:Type="Number">0</Data><NamedCell
      ss:Name="Print_Area"/></Cell>
    <Cell ss:StyleID="s98"><Data ss:Type="Number">0</Data><NamedCell
      ss:Name="Print_Area"/></Cell>
    <Cell ss:StyleID="s98"><Data ss:Type="Number">120</Data><NamedCell
      ss:Name="Print_Area"/></Cell>
    <Cell ss:StyleID="s98"><Data ss:Type="Number">332</Data><NamedCell
      ss:Name="Print_Area"/></Cell>
    <Cell ss:StyleID="s98"><Data ss:Type="Number">1562</Data><NamedCell
      ss:Name="Print_Area"/></Cell>
    <Cell ss:StyleID="s98"><Data ss:Type="Number">0</Data><NamedCell
      ss:Name="Print_Area"/></Cell>
    <Cell ss:StyleID="s98"><Data ss:Type="Number">0</Data><NamedCell
      ss:Name="Print_Area"/></Cell>
    <Cell ss:StyleID="s98"><Data ss:Type="Number">0</Data><NamedCell
      ss:Name="Print_Area"/></Cell>
    <Cell ss:StyleID="s86"><Data ss:Type="Number">48</Data><NamedCell
      ss:Name="Print_Area"/></Cell>
    <Cell ss:StyleID="s99" ss:Formula="=RC[-12]+RC[-1]"><Data ss:Type="Number">98</Data><NamedCell
      ss:Name="Print_Area"/></Cell>
    <Cell ss:StyleID="s76" ss:Formula="=RC[-14]-RC[-1]"><Data ss:Type="Number">2295212</Data><NamedCell
      ss:Name="Print_Area"/></Cell>
   </Row>
   <Row ss:AutoFitHeight="0" ss:Height="45.75">
    <Cell ss:StyleID="s69"><Data ss:Type="String">林區及農場永續經營</Data><NamedCell
      ss:Name="Print_Area"/></Cell>
    <Cell ss:StyleID="s85"><Data ss:Type="Number">6301</Data><NamedCell
      ss:Name="Print_Area"/></Cell>
    <Cell ss:StyleID="s87"><Data ss:Type="Number">0</Data><NamedCell
      ss:Name="Print_Area"/></Cell>
    <Cell ss:StyleID="s98"><Data ss:Type="Number">0</Data><NamedCell
      ss:Name="Print_Area"/></Cell>
    <Cell ss:StyleID="s98"><Data ss:Type="Number">0</Data><NamedCell
      ss:Name="Print_Area"/></Cell>
    <Cell ss:StyleID="s98"><Data ss:Type="Number">0</Data><NamedCell
      ss:Name="Print_Area"/></Cell>
    <Cell ss:StyleID="s98"><Data ss:Type="Number">0</Data><NamedCell
      ss:Name="Print_Area"/></Cell>
    <Cell ss:StyleID="s98"><Data ss:Type="Number">0</Data><NamedCell
      ss:Name="Print_Area"/></Cell>
    <Cell ss:StyleID="s98"><Data ss:Type="Number">0</Data><NamedCell
      ss:Name="Print_Area"/></Cell>
    <Cell ss:StyleID="s98"><Data ss:Type="Number">0</Data><NamedCell
      ss:Name="Print_Area"/></Cell>
    <Cell ss:StyleID="s98"><Data ss:Type="Number">0</Data><NamedCell
      ss:Name="Print_Area"/></Cell>
    <Cell ss:StyleID="s98"><Data ss:Type="Number">0</Data><NamedCell
      ss:Name="Print_Area"/></Cell>
    <Cell ss:StyleID="s98"><Data ss:Type="Number">0</Data><NamedCell
      ss:Name="Print_Area"/></Cell>
    <Cell ss:StyleID="s86"><Data ss:Type="Number">0</Data><NamedCell
      ss:Name="Print_Area"/></Cell>
    <Cell ss:StyleID="s87" ss:Formula="=RC[-12]+RC[-1]"><Data ss:Type="Number">0</Data><NamedCell
      ss:Name="Print_Area"/></Cell>
    <Cell ss:StyleID="s76" ss:Formula="=RC[-14]-RC[-1]"><Data ss:Type="Number">6301</Data><NamedCell
      ss:Name="Print_Area"/></Cell>
   </Row>
   <Row ss:AutoFitHeight="0" ss:Height="45.75">
    <Cell ss:StyleID="s69"><Data ss:Type="String">榮民安養及養護</Data><NamedCell
      ss:Name="Print_Area"/></Cell>
    <Cell ss:StyleID="s85"><Data ss:Type="Number">9258482</Data><NamedCell
      ss:Name="Print_Area"/></Cell>
    <Cell ss:StyleID="s87"><Data ss:Type="Number">101</Data><NamedCell
      ss:Name="Print_Area"/></Cell>
    <Cell ss:StyleID="s98"><Data ss:Type="Number">0</Data><NamedCell
      ss:Name="Print_Area"/></Cell>
    <Cell ss:StyleID="s98"><Data ss:Type="Number">540</Data><NamedCell
      ss:Name="Print_Area"/></Cell>
    <Cell ss:StyleID="s98"><Data ss:Type="Number">270</Data><NamedCell
      ss:Name="Print_Area"/></Cell>
    <Cell ss:StyleID="s98"><Data ss:Type="Number">1321</Data><NamedCell
      ss:Name="Print_Area"/></Cell>
    <Cell ss:StyleID="s98"><Data ss:Type="Number">4887</Data><NamedCell
      ss:Name="Print_Area"/></Cell>
    <Cell ss:StyleID="s98"><Data ss:Type="Number">0</Data><NamedCell
      ss:Name="Print_Area"/></Cell>
    <Cell ss:StyleID="s98"><Data ss:Type="Number">9919</Data><NamedCell
      ss:Name="Print_Area"/></Cell>
    <Cell ss:StyleID="s98"><Data ss:Type="Number">0</Data><NamedCell
      ss:Name="Print_Area"/></Cell>
    <Cell ss:StyleID="s98"><Data ss:Type="Number">0</Data><NamedCell
      ss:Name="Print_Area"/></Cell>
    <Cell ss:StyleID="s98"><Data ss:Type="Number">0</Data><NamedCell
      ss:Name="Print_Area"/></Cell>
    <Cell ss:StyleID="s86"><Data ss:Type="Number">2578</Data><NamedCell
      ss:Name="Print_Area"/></Cell>
    <Cell ss:StyleID="s99" ss:Formula="=RC[-12]+RC[-1]"><Data ss:Type="Number">2679</Data><NamedCell
      ss:Name="Print_Area"/></Cell>
    <Cell ss:StyleID="s76" ss:Formula="=RC[-14]-RC[-1]"><Data ss:Type="Number">9255803</Data><NamedCell
      ss:Name="Print_Area"/></Cell>
   </Row>
   <Row ss:AutoFitHeight="0" ss:Height="45.75">
    <Cell ss:StyleID="s69"><Data ss:Type="String">營建工程</Data><NamedCell
      ss:Name="Print_Area"/></Cell>
    <Cell ss:StyleID="s85"><Data ss:Type="Number">312823</Data><NamedCell
      ss:Name="Print_Area"/></Cell>
    <Cell ss:StyleID="s87"><Data ss:Type="Number">300</Data><NamedCell
      ss:Name="Print_Area"/></Cell>
    <Cell ss:StyleID="s98"><Data ss:Type="Number">0</Data><NamedCell
      ss:Name="Print_Area"/></Cell>
    <Cell ss:StyleID="s98"><Data ss:Type="Number">0</Data><NamedCell
      ss:Name="Print_Area"/></Cell>
    <Cell ss:StyleID="s98"><Data ss:Type="Number">0</Data><NamedCell
      ss:Name="Print_Area"/></Cell>
    <Cell ss:StyleID="s98"><Data ss:Type="Number">0</Data><NamedCell
      ss:Name="Print_Area"/></Cell>
    <Cell ss:StyleID="s100"><Data ss:Type="Number">560</Data><NamedCell
      ss:Name="Print_Area"/></Cell>
    <Cell ss:StyleID="s98"><Data ss:Type="Number">0</Data><NamedCell
      ss:Name="Print_Area"/></Cell>
    <Cell ss:StyleID="s98"><Data ss:Type="Number">0</Data><NamedCell
      ss:Name="Print_Area"/></Cell>
    <Cell ss:StyleID="s98"><Data ss:Type="Number">0</Data><NamedCell
      ss:Name="Print_Area"/></Cell>
    <Cell ss:StyleID="s98"><Data ss:Type="Number">0</Data><NamedCell
      ss:Name="Print_Area"/></Cell>
    <Cell ss:StyleID="s98"><Data ss:Type="Number">0</Data><NamedCell
      ss:Name="Print_Area"/></Cell>
    <Cell ss:StyleID="s86"><Data ss:Type="Number">15341</Data><NamedCell
      ss:Name="Print_Area"/></Cell>
    <Cell ss:StyleID="s99" ss:Formula="=RC[-12]+RC[-1]"><Data ss:Type="Number">15641</Data><NamedCell
      ss:Name="Print_Area"/></Cell>
    <Cell ss:StyleID="s76" ss:Formula="=RC[-14]-RC[-1]"><Data ss:Type="Number">297182</Data><NamedCell
      ss:Name="Print_Area"/></Cell>
   </Row>
   <Row ss:AutoFitHeight="0" ss:Height="45.75">
    <Cell ss:StyleID="s69"><Data ss:Type="String">交通及運輸設備</Data><NamedCell
      ss:Name="Print_Area"/></Cell>
    <Cell ss:StyleID="s85"><Data ss:Type="Number">12842</Data><NamedCell
      ss:Name="Print_Area"/></Cell>
    <Cell ss:StyleID="s87"><Data ss:Type="Number">0</Data><NamedCell
      ss:Name="Print_Area"/></Cell>
    <Cell ss:StyleID="s98"><Data ss:Type="Number">0</Data><NamedCell
      ss:Name="Print_Area"/></Cell>
    <Cell ss:StyleID="s98"><Data ss:Type="Number">0</Data><NamedCell
      ss:Name="Print_Area"/></Cell>
    <Cell ss:StyleID="s98"><Data ss:Type="Number">0</Data><NamedCell
      ss:Name="Print_Area"/></Cell>
    <Cell ss:StyleID="s98"><Data ss:Type="Number">0</Data><NamedCell
      ss:Name="Print_Area"/></Cell>
    <Cell ss:StyleID="s100"><Data ss:Type="Number">562</Data><NamedCell
      ss:Name="Print_Area"/></Cell>
    <Cell ss:StyleID="s98"><Data ss:Type="Number">0</Data><NamedCell
      ss:Name="Print_Area"/></Cell>
    <Cell ss:StyleID="s98"><Data ss:Type="Number">0</Data><NamedCell
      ss:Name="Print_Area"/></Cell>
    <Cell ss:StyleID="s98"><Data ss:Type="Number">0</Data><NamedCell
      ss:Name="Print_Area"/></Cell>
    <Cell ss:StyleID="s98"><Data ss:Type="Number">0</Data><NamedCell
      ss:Name="Print_Area"/></Cell>
    <Cell ss:StyleID="s98"><Data ss:Type="Number">0</Data><NamedCell
      ss:Name="Print_Area"/></Cell>
    <Cell ss:StyleID="s86"><Data ss:Type="Number">0</Data><NamedCell
      ss:Name="Print_Area"/></Cell>
    <Cell ss:StyleID="s87" ss:Formula="=RC[-12]+RC[-1]"><Data ss:Type="Number">0</Data><NamedCell
      ss:Name="Print_Area"/></Cell>
    <Cell ss:StyleID="s76" ss:Formula="=RC[-14]-RC[-1]"><Data ss:Type="Number">12842</Data><NamedCell
      ss:Name="Print_Area"/></Cell>
   </Row>
   <Row ss:AutoFitHeight="0" ss:Height="45.75">
    <Cell ss:StyleID="s69"><Data ss:Type="String">第一預備金</Data><NamedCell
      ss:Name="Print_Area"/></Cell>
    <Cell ss:StyleID="s85"><Data ss:Type="Number">19000</Data><NamedCell
      ss:Name="Print_Area"/></Cell>
    <Cell ss:StyleID="s87"><Data ss:Type="Number">0</Data><NamedCell
      ss:Name="Print_Area"/></Cell>
    <Cell ss:StyleID="s98"><Data ss:Type="Number">0</Data><NamedCell
      ss:Name="Print_Area"/></Cell>
    <Cell ss:StyleID="s98"><Data ss:Type="Number">0</Data><NamedCell
      ss:Name="Print_Area"/></Cell>
    <Cell ss:StyleID="s98"><Data ss:Type="Number">0</Data><NamedCell
      ss:Name="Print_Area"/></Cell>
    <Cell ss:StyleID="s98"><Data ss:Type="Number">0</Data><NamedCell
      ss:Name="Print_Area"/></Cell>
    <Cell ss:StyleID="s98"><Data ss:Type="Number">0</Data><NamedCell
      ss:Name="Print_Area"/></Cell>
    <Cell ss:StyleID="s98"><Data ss:Type="Number">0</Data><NamedCell
      ss:Name="Print_Area"/></Cell>
    <Cell ss:StyleID="s98"><Data ss:Type="Number">0</Data><NamedCell
      ss:Name="Print_Area"/></Cell>
    <Cell ss:StyleID="s98"><Data ss:Type="Number">0</Data><NamedCell
      ss:Name="Print_Area"/></Cell>
    <Cell ss:StyleID="s98"><Data ss:Type="Number">0</Data><NamedCell
      ss:Name="Print_Area"/></Cell>
    <Cell ss:StyleID="s98"><Data ss:Type="Number">0</Data><NamedCell
      ss:Name="Print_Area"/></Cell>
    <Cell ss:StyleID="s86"><Data ss:Type="Number">0</Data><NamedCell
      ss:Name="Print_Area"/></Cell>
    <Cell ss:StyleID="s99" ss:Formula="=RC[-12]+RC[-1]"><Data ss:Type="Number">0</Data><NamedCell
      ss:Name="Print_Area"/></Cell>
    <Cell ss:StyleID="s76" ss:Formula="=RC[-14]-RC[-1]"><Data ss:Type="Number">19000</Data><NamedCell
      ss:Name="Print_Area"/></Cell>
   </Row>
   <Row ss:AutoFitHeight="0" ss:Height="45.75">
    <Cell ss:StyleID="s69"><Data ss:Type="String">退除役官兵退休給付</Data><NamedCell
      ss:Name="Print_Area"/></Cell>
    <Cell ss:StyleID="s85"><Data ss:Type="Number">96953129</Data><NamedCell
      ss:Name="Print_Area"/></Cell>
    <Cell ss:StyleID="s87"><Data ss:Type="Number">1300</Data><NamedCell
      ss:Name="Print_Area"/></Cell>
    <Cell ss:StyleID="s98"><Data ss:Type="Number">50345</Data><NamedCell
      ss:Name="Print_Area"/></Cell>
    <Cell ss:StyleID="s98"><Data ss:Type="Number">0</Data><NamedCell
      ss:Name="Print_Area"/></Cell>
    <Cell ss:StyleID="s98"><Data ss:Type="Number">0</Data><NamedCell
      ss:Name="Print_Area"/></Cell>
    <Cell ss:StyleID="s98"><Data ss:Type="Number">0</Data><NamedCell
      ss:Name="Print_Area"/></Cell>
    <Cell ss:StyleID="s98"><Data ss:Type="Number">0</Data><NamedCell
      ss:Name="Print_Area"/></Cell>
    <Cell ss:StyleID="s98"><Data ss:Type="Number">0</Data><NamedCell
      ss:Name="Print_Area"/></Cell>
    <Cell ss:StyleID="s98"><Data ss:Type="Number">120</Data><NamedCell
      ss:Name="Print_Area"/></Cell>
    <Cell ss:StyleID="s98"><Data ss:Type="Number">0</Data><NamedCell
      ss:Name="Print_Area"/></Cell>
    <Cell ss:StyleID="s98"><Data ss:Type="Number">0</Data><NamedCell
      ss:Name="Print_Area"/></Cell>
    <Cell ss:StyleID="s98"><Data ss:Type="Number">0</Data><NamedCell
      ss:Name="Print_Area"/></Cell>
    <Cell ss:StyleID="s86"><Data ss:Type="Number">0</Data><NamedCell
      ss:Name="Print_Area"/></Cell>
    <Cell ss:StyleID="s99" ss:Formula="=RC[-12]+RC[-1]"><Data ss:Type="Number">1300</Data><NamedCell
      ss:Name="Print_Area"/></Cell>
    <Cell ss:StyleID="s76" ss:Formula="=RC[-14]-RC[-1]"><Data ss:Type="Number">96951829</Data><NamedCell
      ss:Name="Print_Area"/></Cell>
   </Row>
   <Row ss:AutoFitHeight="0" ss:Height="45.75">
    <Cell ss:StyleID="s69"><Data ss:Type="String">退除役官兵退休業務</Data><NamedCell
      ss:Name="Print_Area"/></Cell>
    <Cell ss:StyleID="s85"><Data ss:Type="Number">9672</Data><NamedCell
      ss:Name="Print_Area"/></Cell>
    <Cell ss:StyleID="s87"><Data ss:Type="Number">0</Data><NamedCell
      ss:Name="Print_Area"/></Cell>
    <Cell ss:StyleID="s98"><Data ss:Type="Number">0</Data><NamedCell
      ss:Name="Print_Area"/></Cell>
    <Cell ss:StyleID="s98"><Data ss:Type="Number">0</Data><NamedCell
      ss:Name="Print_Area"/></Cell>
    <Cell ss:StyleID="s98"><Data ss:Type="Number">18</Data><NamedCell
      ss:Name="Print_Area"/></Cell>
    <Cell ss:StyleID="s98"><Data ss:Type="Number">2</Data><NamedCell
      ss:Name="Print_Area"/></Cell>
    <Cell ss:StyleID="s100"><Data ss:Type="Number">21</Data><NamedCell
      ss:Name="Print_Area"/></Cell>
    <Cell ss:StyleID="s98"><Data ss:Type="Number">0</Data><NamedCell
      ss:Name="Print_Area"/></Cell>
    <Cell ss:StyleID="s98"><Data ss:Type="Number">390</Data><NamedCell
      ss:Name="Print_Area"/></Cell>
    <Cell ss:StyleID="s98"><Data ss:Type="Number">0</Data><NamedCell
      ss:Name="Print_Area"/></Cell>
    <Cell ss:StyleID="s98"><Data ss:Type="Number">0</Data><NamedCell
      ss:Name="Print_Area"/></Cell>
    <Cell ss:StyleID="s98"><Data ss:Type="Number">0</Data><NamedCell
      ss:Name="Print_Area"/></Cell>
    <Cell ss:StyleID="s86"><Data ss:Type="Number">0</Data><NamedCell
      ss:Name="Print_Area"/></Cell>
    <Cell ss:StyleID="s99" ss:Formula="=RC[-12]+RC[-1]"><Data ss:Type="Number">0</Data><NamedCell
      ss:Name="Print_Area"/></Cell>
    <Cell ss:StyleID="s76" ss:Formula="=RC[-14]-RC[-1]"><Data ss:Type="Number">9672</Data><NamedCell
      ss:Name="Print_Area"/></Cell>
   </Row>
   <Row ss:AutoFitHeight="0" ss:Height="80.0625">
    <Cell ss:MergeAcross="15" ss:StyleID="s108"><Data ss:Type="String">備註：含通案刪減健保保險補助5%、委辦費3%、房屋建築、車輛及辦公器具、設施及機械設備等養護&#10;      費3%、大陸地區旅費3%、設備及投資5%、對國內團體與政府機關補助3%。</Data><NamedCell
      ss:Name="Print_Area"/></Cell>
   </Row>
   <Row ss:AutoFitHeight="0" ss:Height="23.25">
    <Cell ss:StyleID="s70"/>
    <Cell ss:StyleID="s71"/>
    <Cell ss:StyleID="s71"/>
    <Cell ss:StyleID="s71"/>
    <Cell ss:StyleID="s71"/>
    <Cell ss:StyleID="s71"/>
    <Cell ss:StyleID="s71"/>
    <Cell ss:StyleID="s71"/>
    <Cell ss:StyleID="s71"/>
    <Cell ss:StyleID="s71"/>
    <Cell ss:StyleID="s71"/>
    <Cell ss:StyleID="s71"/>
    <Cell ss:StyleID="s71"/>
    <Cell ss:StyleID="s71"/>
    <Cell ss:StyleID="s71"/>
    <Cell ss:StyleID="s71"/>
   </Row>
   <Row>
    <Cell ss:Index="2" ss:StyleID="s71"/>
    <Cell ss:StyleID="s71"/>
    <Cell ss:StyleID="s71"/>
    <Cell ss:StyleID="s71"/>
    <Cell ss:StyleID="s71"/>
    <Cell ss:StyleID="s71"/>
    <Cell ss:StyleID="s71"/>
    <Cell ss:StyleID="s71"/>
    <Cell ss:StyleID="s71"/>
    <Cell ss:StyleID="s71"/>
    <Cell ss:StyleID="s71"/>
    <Cell ss:StyleID="s71"/>
    <Cell ss:StyleID="s71"/>
    <Cell ss:StyleID="s71"/>
    <Cell ss:StyleID="s71"/>
   </Row>
   <Row>
    <Cell ss:Index="2" ss:StyleID="s71"/>
    <Cell ss:StyleID="s71"/>
    <Cell ss:StyleID="s71"/>
    <Cell ss:StyleID="s71"/>
    <Cell ss:StyleID="s71"/>
    <Cell ss:StyleID="s71"/>
    <Cell ss:StyleID="s71"/>
    <Cell ss:StyleID="s71"/>
    <Cell ss:StyleID="s71"/>
    <Cell ss:StyleID="s71"/>
    <Cell ss:StyleID="s71"/>
    <Cell ss:StyleID="s71"/>
    <Cell ss:StyleID="s71"/>
    <Cell ss:StyleID="s71"/>
    <Cell ss:StyleID="s71"/>
   </Row>
   <Row>
    <Cell ss:Index="2" ss:StyleID="s71"/>
    <Cell ss:StyleID="s71"/>
    <Cell ss:StyleID="s71"/>
    <Cell ss:StyleID="s71"/>
    <Cell ss:StyleID="s71"/>
    <Cell ss:StyleID="s71"/>
    <Cell ss:StyleID="s71"/>
    <Cell ss:StyleID="s71"/>
    <Cell ss:StyleID="s71"/>
    <Cell ss:StyleID="s71"/>
    <Cell ss:StyleID="s71"/>
    <Cell ss:StyleID="s71"/>
    <Cell ss:StyleID="s71"/>
    <Cell ss:StyleID="s71"/>
    <Cell ss:StyleID="s71"/>
   </Row>
   <Row>
    <Cell ss:Index="2" ss:StyleID="s71"/>
    <Cell ss:StyleID="s71"/>
    <Cell ss:StyleID="s71"/>
    <Cell ss:StyleID="s71"/>
    <Cell ss:StyleID="s71"/>
    <Cell ss:StyleID="s71"/>
    <Cell ss:StyleID="s71"/>
    <Cell ss:StyleID="s71"/>
    <Cell ss:StyleID="s71"/>
    <Cell ss:StyleID="s71"/>
    <Cell ss:StyleID="s71"/>
    <Cell ss:StyleID="s71"/>
    <Cell ss:StyleID="s71"/>
    <Cell ss:StyleID="s71"/>
    <Cell ss:StyleID="s71"/>
   </Row>
   <Row>
    <Cell ss:Index="2" ss:StyleID="s71"/>
    <Cell ss:StyleID="s71"/>
    <Cell ss:StyleID="s71"/>
    <Cell ss:StyleID="s71"/>
    <Cell ss:StyleID="s71"/>
    <Cell ss:StyleID="s71"/>
    <Cell ss:StyleID="s71"/>
    <Cell ss:StyleID="s71"/>
    <Cell ss:StyleID="s71"/>
    <Cell ss:StyleID="s71"/>
    <Cell ss:StyleID="s71"/>
    <Cell ss:StyleID="s71"/>
    <Cell ss:StyleID="s71"/>
    <Cell ss:StyleID="s71"/>
    <Cell ss:StyleID="s71"/>
   </Row>
   <Row>
    <Cell ss:Index="2" ss:StyleID="s71"/>
    <Cell ss:StyleID="s71"/>
    <Cell ss:StyleID="s71"/>
    <Cell ss:StyleID="s71"/>
    <Cell ss:StyleID="s71"/>
    <Cell ss:StyleID="s71"/>
    <Cell ss:StyleID="s71"/>
    <Cell ss:StyleID="s71"/>
    <Cell ss:StyleID="s71"/>
    <Cell ss:StyleID="s71"/>
    <Cell ss:StyleID="s71"/>
    <Cell ss:StyleID="s71"/>
    <Cell ss:StyleID="s71"/>
    <Cell ss:StyleID="s71"/>
    <Cell ss:StyleID="s71"/>
   </Row>
   <Row ss:AutoFitHeight="0">
    <Cell ss:StyleID="s72"/>
    <Cell ss:StyleID="s71"/>
    <Cell ss:StyleID="s71"/>
    <Cell ss:StyleID="s71"/>
    <Cell ss:StyleID="s71"/>
    <Cell ss:StyleID="s71"/>
    <Cell ss:StyleID="s71"/>
    <Cell ss:StyleID="s71"/>
    <Cell ss:StyleID="s71"/>
    <Cell ss:StyleID="s71"/>
    <Cell ss:StyleID="s71"/>
    <Cell ss:StyleID="s71"/>
    <Cell ss:StyleID="s71"/>
    <Cell ss:StyleID="s71"/>
    <Cell ss:StyleID="s71"/>
    <Cell ss:StyleID="s71"/>
   </Row>
   <Row>
    <Cell ss:Index="2" ss:StyleID="s71"/>
    <Cell ss:StyleID="s71"/>
    <Cell ss:StyleID="s71"/>
    <Cell ss:StyleID="s71"/>
    <Cell ss:StyleID="s71"/>
    <Cell ss:StyleID="s71"/>
    <Cell ss:StyleID="s71"/>
    <Cell ss:StyleID="s71"/>
    <Cell ss:StyleID="s71"/>
    <Cell ss:StyleID="s71"/>
    <Cell ss:StyleID="s71"/>
    <Cell ss:StyleID="s71"/>
    <Cell ss:StyleID="s71"/>
    <Cell ss:StyleID="s71"/>
    <Cell ss:StyleID="s71"/>
   </Row>
   <Row>
    <Cell ss:Index="2" ss:StyleID="s71"/>
    <Cell ss:StyleID="s71"/>
    <Cell ss:StyleID="s71"/>
    <Cell ss:StyleID="s71"/>
    <Cell ss:StyleID="s71"/>
    <Cell ss:StyleID="s71"/>
    <Cell ss:StyleID="s71"/>
    <Cell ss:StyleID="s71"/>
    <Cell ss:StyleID="s71"/>
    <Cell ss:StyleID="s71"/>
    <Cell ss:StyleID="s71"/>
    <Cell ss:StyleID="s71"/>
    <Cell ss:StyleID="s71"/>
    <Cell ss:StyleID="s71"/>
    <Cell ss:StyleID="s71"/>
   </Row>
   <Row>
    <Cell ss:Index="2" ss:StyleID="s71"/>
    <Cell ss:StyleID="s71"/>
    <Cell ss:StyleID="s71"/>
    <Cell ss:StyleID="s71"/>
    <Cell ss:StyleID="s71"/>
    <Cell ss:StyleID="s71"/>
    <Cell ss:StyleID="s71"/>
    <Cell ss:StyleID="s71"/>
    <Cell ss:StyleID="s71"/>
    <Cell ss:StyleID="s71"/>
    <Cell ss:StyleID="s71"/>
    <Cell ss:StyleID="s71"/>
    <Cell ss:StyleID="s71"/>
    <Cell ss:StyleID="s71"/>
    <Cell ss:StyleID="s71"/>
   </Row>
   <Row>
    <Cell ss:Index="2" ss:StyleID="s71"/>
    <Cell ss:StyleID="s71"/>
    <Cell ss:StyleID="s71"/>
    <Cell ss:StyleID="s71"/>
    <Cell ss:StyleID="s71"/>
    <Cell ss:StyleID="s71"/>
    <Cell ss:StyleID="s71"/>
    <Cell ss:StyleID="s71"/>
    <Cell ss:StyleID="s71"/>
    <Cell ss:StyleID="s71"/>
    <Cell ss:StyleID="s71"/>
    <Cell ss:StyleID="s71"/>
    <Cell ss:StyleID="s71"/>
    <Cell ss:StyleID="s71"/>
    <Cell ss:StyleID="s71"/>
   </Row>
   <Row>
    <Cell ss:Index="2" ss:StyleID="s71"/>
    <Cell ss:StyleID="s71"/>
    <Cell ss:StyleID="s71"/>
    <Cell ss:StyleID="s71"/>
    <Cell ss:StyleID="s71"/>
    <Cell ss:StyleID="s71"/>
    <Cell ss:StyleID="s71"/>
    <Cell ss:StyleID="s71"/>
    <Cell ss:StyleID="s71"/>
    <Cell ss:StyleID="s71"/>
    <Cell ss:StyleID="s71"/>
    <Cell ss:StyleID="s71"/>
    <Cell ss:StyleID="s71"/>
    <Cell ss:StyleID="s71"/>
    <Cell ss:StyleID="s71"/>
   </Row>
   <Row>
    <Cell ss:Index="2" ss:StyleID="s71"/>
    <Cell ss:StyleID="s71"/>
    <Cell ss:StyleID="s71"/>
    <Cell ss:StyleID="s71"/>
    <Cell ss:StyleID="s71"/>
    <Cell ss:StyleID="s71"/>
    <Cell ss:StyleID="s71"/>
    <Cell ss:StyleID="s71"/>
    <Cell ss:StyleID="s71"/>
    <Cell ss:StyleID="s71"/>
    <Cell ss:StyleID="s71"/>
    <Cell ss:StyleID="s71"/>
    <Cell ss:StyleID="s71"/>
    <Cell ss:StyleID="s71"/>
    <Cell ss:StyleID="s71"/>
   </Row>
   <Row>
    <Cell ss:Index="2" ss:StyleID="s71"/>
    <Cell ss:StyleID="s71"/>
    <Cell ss:StyleID="s71"/>
    <Cell ss:StyleID="s71"/>
    <Cell ss:StyleID="s71"/>
    <Cell ss:StyleID="s71"/>
    <Cell ss:StyleID="s71"/>
    <Cell ss:StyleID="s71"/>
    <Cell ss:StyleID="s71"/>
    <Cell ss:StyleID="s71"/>
    <Cell ss:StyleID="s71"/>
    <Cell ss:StyleID="s71"/>
    <Cell ss:StyleID="s71"/>
    <Cell ss:StyleID="s71"/>
    <Cell ss:StyleID="s71"/>
   </Row>
   <Row>
    <Cell ss:Index="2" ss:StyleID="s71"/>
    <Cell ss:StyleID="s71"/>
    <Cell ss:StyleID="s71"/>
    <Cell ss:StyleID="s71"/>
    <Cell ss:StyleID="s71"/>
    <Cell ss:StyleID="s71"/>
    <Cell ss:StyleID="s71"/>
    <Cell ss:StyleID="s71"/>
    <Cell ss:StyleID="s71"/>
    <Cell ss:StyleID="s71"/>
    <Cell ss:StyleID="s71"/>
    <Cell ss:StyleID="s71"/>
    <Cell ss:StyleID="s71"/>
    <Cell ss:StyleID="s71"/>
    <Cell ss:StyleID="s71"/>
   </Row>
   <Row>
    <Cell ss:Index="2" ss:StyleID="s71"/>
    <Cell ss:StyleID="s71"/>
    <Cell ss:StyleID="s71"/>
    <Cell ss:StyleID="s71"/>
    <Cell ss:StyleID="s71"/>
    <Cell ss:StyleID="s71"/>
    <Cell ss:StyleID="s71"/>
    <Cell ss:StyleID="s71"/>
    <Cell ss:StyleID="s71"/>
    <Cell ss:StyleID="s71"/>
    <Cell ss:StyleID="s71"/>
    <Cell ss:StyleID="s71"/>
    <Cell ss:StyleID="s71"/>
    <Cell ss:StyleID="s71"/>
    <Cell ss:StyleID="s71"/>
   </Row>
   <Row>
    <Cell ss:Index="2" ss:StyleID="s71"/>
    <Cell ss:StyleID="s71"/>
    <Cell ss:StyleID="s71"/>
    <Cell ss:StyleID="s71"/>
    <Cell ss:StyleID="s71"/>
    <Cell ss:StyleID="s71"/>
    <Cell ss:StyleID="s71"/>
    <Cell ss:StyleID="s71"/>
    <Cell ss:StyleID="s71"/>
    <Cell ss:StyleID="s71"/>
    <Cell ss:StyleID="s71"/>
    <Cell ss:StyleID="s71"/>
    <Cell ss:StyleID="s71"/>
    <Cell ss:StyleID="s71"/>
    <Cell ss:StyleID="s71"/>
   </Row>
   <Row>
    <Cell ss:Index="2" ss:StyleID="s71"/>
    <Cell ss:StyleID="s71"/>
    <Cell ss:StyleID="s71"/>
    <Cell ss:StyleID="s71"/>
    <Cell ss:StyleID="s71"/>
    <Cell ss:StyleID="s71"/>
    <Cell ss:StyleID="s71"/>
    <Cell ss:StyleID="s71"/>
    <Cell ss:StyleID="s71"/>
    <Cell ss:StyleID="s71"/>
    <Cell ss:StyleID="s71"/>
    <Cell ss:StyleID="s71"/>
    <Cell ss:StyleID="s71"/>
    <Cell ss:StyleID="s71"/>
    <Cell ss:StyleID="s71"/>
   </Row>
   <Row>
    <Cell ss:Index="2" ss:StyleID="s71"/>
    <Cell ss:StyleID="s71"/>
    <Cell ss:StyleID="s71"/>
    <Cell ss:StyleID="s71"/>
    <Cell ss:StyleID="s71"/>
    <Cell ss:StyleID="s71"/>
    <Cell ss:StyleID="s71"/>
    <Cell ss:StyleID="s71"/>
    <Cell ss:StyleID="s71"/>
    <Cell ss:StyleID="s71"/>
    <Cell ss:StyleID="s71"/>
    <Cell ss:StyleID="s71"/>
    <Cell ss:StyleID="s71"/>
    <Cell ss:StyleID="s71"/>
    <Cell ss:StyleID="s71"/>
   </Row>
   <Row>
    <Cell ss:Index="2" ss:StyleID="s71"/>
    <Cell ss:StyleID="s71"/>
    <Cell ss:StyleID="s71"/>
    <Cell ss:StyleID="s71"/>
    <Cell ss:StyleID="s71"/>
    <Cell ss:StyleID="s71"/>
    <Cell ss:StyleID="s71"/>
    <Cell ss:StyleID="s71"/>
    <Cell ss:StyleID="s71"/>
    <Cell ss:StyleID="s71"/>
    <Cell ss:StyleID="s71"/>
    <Cell ss:StyleID="s71"/>
    <Cell ss:StyleID="s71"/>
    <Cell ss:StyleID="s71"/>
    <Cell ss:StyleID="s71"/>
   </Row>
   <Row>
    <Cell ss:Index="2" ss:StyleID="s71"/>
    <Cell ss:StyleID="s71"/>
    <Cell ss:StyleID="s71"/>
    <Cell ss:StyleID="s71"/>
    <Cell ss:StyleID="s71"/>
    <Cell ss:StyleID="s71"/>
    <Cell ss:StyleID="s71"/>
    <Cell ss:StyleID="s71"/>
    <Cell ss:StyleID="s71"/>
    <Cell ss:StyleID="s71"/>
    <Cell ss:StyleID="s71"/>
    <Cell ss:StyleID="s71"/>
    <Cell ss:StyleID="s71"/>
    <Cell ss:StyleID="s71"/>
    <Cell ss:StyleID="s71"/>
   </Row>
   <Row>
    <Cell ss:Index="2" ss:StyleID="s71"/>
    <Cell ss:StyleID="s71"/>
    <Cell ss:StyleID="s71"/>
    <Cell ss:StyleID="s71"/>
    <Cell ss:StyleID="s71"/>
    <Cell ss:StyleID="s71"/>
    <Cell ss:StyleID="s71"/>
    <Cell ss:StyleID="s71"/>
    <Cell ss:StyleID="s71"/>
    <Cell ss:StyleID="s71"/>
    <Cell ss:StyleID="s71"/>
    <Cell ss:StyleID="s71"/>
    <Cell ss:StyleID="s71"/>
    <Cell ss:StyleID="s71"/>
    <Cell ss:StyleID="s71"/>
   </Row>
   <Row>
    <Cell ss:Index="2" ss:StyleID="s71"/>
    <Cell ss:StyleID="s71"/>
    <Cell ss:StyleID="s71"/>
    <Cell ss:StyleID="s71"/>
    <Cell ss:StyleID="s71"/>
    <Cell ss:StyleID="s71"/>
    <Cell ss:StyleID="s71"/>
    <Cell ss:StyleID="s71"/>
    <Cell ss:StyleID="s71"/>
    <Cell ss:StyleID="s71"/>
    <Cell ss:StyleID="s71"/>
    <Cell ss:StyleID="s71"/>
    <Cell ss:StyleID="s71"/>
    <Cell ss:StyleID="s71"/>
    <Cell ss:StyleID="s71"/>
   </Row>
   <Row>
    <Cell ss:Index="2" ss:StyleID="s71"/>
    <Cell ss:StyleID="s71"/>
    <Cell ss:StyleID="s71"/>
    <Cell ss:StyleID="s71"/>
    <Cell ss:StyleID="s71"/>
    <Cell ss:StyleID="s71"/>
    <Cell ss:StyleID="s71"/>
    <Cell ss:StyleID="s71"/>
    <Cell ss:StyleID="s71"/>
    <Cell ss:StyleID="s71"/>
    <Cell ss:StyleID="s71"/>
    <Cell ss:StyleID="s71"/>
    <Cell ss:StyleID="s71"/>
    <Cell ss:StyleID="s71"/>
    <Cell ss:StyleID="s71"/>
   </Row>
   <Row>
    <Cell ss:Index="2" ss:StyleID="s71"/>
    <Cell ss:StyleID="s71"/>
    <Cell ss:StyleID="s71"/>
    <Cell ss:StyleID="s71"/>
    <Cell ss:StyleID="s71"/>
    <Cell ss:StyleID="s71"/>
    <Cell ss:StyleID="s71"/>
    <Cell ss:StyleID="s71"/>
    <Cell ss:StyleID="s71"/>
    <Cell ss:StyleID="s71"/>
    <Cell ss:StyleID="s71"/>
    <Cell ss:StyleID="s71"/>
    <Cell ss:StyleID="s71"/>
    <Cell ss:StyleID="s71"/>
    <Cell ss:StyleID="s71"/>
   </Row>
   <Row>
    <Cell ss:Index="2" ss:StyleID="s71"/>
    <Cell ss:StyleID="s71"/>
    <Cell ss:StyleID="s71"/>
    <Cell ss:StyleID="s71"/>
    <Cell ss:StyleID="s71"/>
    <Cell ss:StyleID="s71"/>
    <Cell ss:StyleID="s71"/>
    <Cell ss:StyleID="s71"/>
    <Cell ss:StyleID="s71"/>
    <Cell ss:StyleID="s71"/>
    <Cell ss:StyleID="s71"/>
    <Cell ss:StyleID="s71"/>
    <Cell ss:StyleID="s71"/>
    <Cell ss:StyleID="s71"/>
    <Cell ss:StyleID="s71"/>
   </Row>
   <Row>
    <Cell ss:Index="2" ss:StyleID="s71"/>
    <Cell ss:StyleID="s71"/>
    <Cell ss:StyleID="s71"/>
    <Cell ss:StyleID="s71"/>
    <Cell ss:StyleID="s71"/>
    <Cell ss:StyleID="s71"/>
    <Cell ss:StyleID="s71"/>
    <Cell ss:StyleID="s71"/>
    <Cell ss:StyleID="s71"/>
    <Cell ss:StyleID="s71"/>
    <Cell ss:StyleID="s71"/>
    <Cell ss:StyleID="s71"/>
    <Cell ss:StyleID="s71"/>
    <Cell ss:StyleID="s71"/>
    <Cell ss:StyleID="s71"/>
   </Row>
   <Row>
    <Cell ss:Index="2" ss:StyleID="s71"/>
    <Cell ss:StyleID="s71"/>
    <Cell ss:StyleID="s71"/>
    <Cell ss:StyleID="s71"/>
    <Cell ss:StyleID="s71"/>
    <Cell ss:StyleID="s71"/>
    <Cell ss:StyleID="s71"/>
    <Cell ss:StyleID="s71"/>
    <Cell ss:StyleID="s71"/>
    <Cell ss:StyleID="s71"/>
    <Cell ss:StyleID="s71"/>
    <Cell ss:StyleID="s71"/>
    <Cell ss:StyleID="s71"/>
    <Cell ss:StyleID="s71"/>
    <Cell ss:StyleID="s71"/>
   </Row>
  </Table>
  <WorksheetOptions xmlns="urn:schemas-microsoft-com:office:excel">
   <PageSetup>
    <Layout x:CenterHorizontal="1"/>
    <Header x:Margin="0.59055118110236227"/>
    <Footer x:Margin="0.31496062992125984" x:Data="&amp;C&amp;&quot;細明體,標準&quot;&amp;10 161"/>
    <PageMargins x:Bottom="0.19685039370078741" x:Left="0.70866141732283472"
     x:Right="0.59055118110236227" x:Top="0.43307086614173229"/>
   </PageSetup>
   <Print>
    <CommentsLayout>InPlace</CommentsLayout>
    <ValidPrinterInfo/>
    <PaperSizeIndex>9</PaperSizeIndex>
    <Scale>85</Scale>
    <HorizontalResolution>600</HorizontalResolution>
    <VerticalResolution>600</VerticalResolution>
   </Print>
   <Selected/>
   <Panes>
    <Pane>
     <Number>3</Number>
     <ActiveRow>19</ActiveRow>
     <ActiveCol>19</ActiveCol>
    </Pane>
   </Panes>
   <ProtectObjects>False</ProtectObjects>
   <ProtectScenarios>False</ProtectScenarios>
  </WorksheetOptions>
 </Worksheet>
 <Worksheet ss:Name="Sheet2">
  <Table ss:ExpandedColumnCount="1" ss:ExpandedRowCount="1" x:FullColumns="1"
   x:FullRows="1" ss:DefaultColumnWidth="54" ss:DefaultRowHeight="16.5">
  </Table>
  <WorksheetOptions xmlns="urn:schemas-microsoft-com:office:excel">
   <ProtectObjects>False</ProtectObjects>
   <ProtectScenarios>False</ProtectScenarios>
  </WorksheetOptions>
 </Worksheet>
 <Worksheet ss:Name="Sheet3">
  <Table ss:ExpandedColumnCount="1" ss:ExpandedRowCount="1" x:FullColumns="1"
   x:FullRows="1" ss:DefaultColumnWidth="54" ss:DefaultRowHeight="16.5">
  </Table>
  <WorksheetOptions xmlns="urn:schemas-microsoft-com:office:excel">
   <ProtectObjects>False</ProtectObjects>
   <ProtectScenarios>False</ProtectScenarios>
  </WorksheetOptions>
 </Worksheet>
</Workbook>
