<?xml version="1.0" encoding="UTF-8"?>
<tables>
    <BCME3480>
        <BCME3480_row>
            <level>1</level>
            <ba_objectno>0101</ba_objectno>
            <mi_objectname>民意代表待遇</mi_objectname>
            <objectnoname>0101民意代表待遇</objectnoname>
            <budgetamt_sum>0.00</budgetamt_sum>
            <displaymemo/>
            <btn_memo/>
        </BCME3480_row>
        <BCME3480_row>
            <level>1</level>
            <ba_objectno>0102</ba_objectno>
            <mi_objectname>政務人員待遇</mi_objectname>
            <objectnoname>0102政務人員待遇</objectnoname>
            <budgetamt_sum>6270000.00</budgetamt_sum>
            <displaymemo>本會特任3人全年度待遇6,270千元。(公務人員俸給法、公務人員加給給與辦法)&#xd;
&#xd;
</displaymemo>
            <btn_memo>本會特任3人全年度待遇6,270千元。(公務人員俸給法、公務人員加給給與辦法)&#xd;
&#xd;
</btn_memo>
        </BCME3480_row>
        <BCME3480_row>
            <level>1</level>
            <ba_objectno>0103</ba_objectno>
            <mi_objectname>法定編制人員待遇</mi_objectname>
            <objectnoname>0103法定編制人員待遇</objectnoname>
            <budgetamt_sum>1213571000.00</budgetamt_sum>
            <displaymemo>會本部職員372人全年度待遇258,377千元；森保處職員25人全年度待遇16,413千元；服務機構職員565人全年度待遇392,426千元；安養機構職員690人全年度待遇479,246千元；職訓中心職員30人全年度待遇20,837千元；駐警78人全年待遇46,272千元，合共1,213,571千元。(公務人員俸給法、公務人員加給給與辦法)&#xd;
&#xd;
</displaymemo>
            <btn_memo>會本部職員372人全年度待遇258,377千元；森保處職員25人全年度待遇16,413千元；服務機構職員565人全年度待遇392,426千元；安養機構職員690人全年度待遇479,246千元；職訓中心職員30人全年度待遇20,837千元；駐警78人全年待遇46,272千元，合共1,213,571千元。(公務人員俸給法、公務人員加給給與辦法)&#xd;
&#xd;
</btn_memo>
        </BCME3480_row>
        <BCME3480_row>
            <level>1</level>
            <ba_objectno>0104</ba_objectno>
            <mi_objectname>約聘僱人員待遇</mi_objectname>
            <objectnoname>0104約聘僱人員待遇</objectnoname>
            <budgetamt_sum>66480000.00</budgetamt_sum>
            <displaymemo>本會約聘人員7人、約僱1人、國防部移撥之軍聘人員7人及軍雇人員24人，全年度待遇21,001千元；服務機構約僱人員23人及國防部移撥之軍聘人員22人、軍雇人員50人，全年度待遇45,479千元，合共66,480千元。(行政院暨所屬各級機關聘用人員注意事項、行政院暨所屬機關約僱人員僱用辦法、國軍退除役官兵輔導委員會承受國防部退除給付預算編列及發放業務移撥人員管理要點)&#xd;
&#xd;
</displaymemo>
            <btn_memo>本會約聘人員7人、約僱1人、國防部移撥之軍聘人員7人及軍雇人員24人，全年度待遇21,001千元；服務機構約僱人員23人及國防部移撥之軍聘人員22人、軍雇人員50人，全年度待遇45,479千元，合共66,480千元。(行政院暨所屬各級機關聘用人員注意事項、行政院暨所屬機關約僱人員僱用辦法、國軍退除役官兵輔導委員會承受國防部退除給付預算編列及發放業務移撥人員管理要點)&#xd;
&#xd;
</btn_memo>
        </BCME3480_row>
        <BCME3480_row>
            <level>1</level>
            <ba_objectno>0105</ba_objectno>
            <mi_objectname>技工及工友待遇</mi_objectname>
            <objectnoname>0105技工及工友待遇</objectnoname>
            <budgetamt_sum>353730000.00</budgetamt_sum>
            <displaymemo>會本部技工工友30人全年度待遇12,724千元；森保處技工工友45人全年度待遇19,086千元；服務機構技工工友165人全年度待遇69,983千元；安養機構技工工友585人全年度待遇248,120千元；職訓中心技工工友9人全年度待遇3,817千元，合共353,730千元。(工友管理要點)&#xd;
&#xd;
</displaymemo>
            <btn_memo>會本部技工工友30人全年度待遇12,724千元；森保處技工工友45人全年度待遇19,086千元；服務機構技工工友165人全年度待遇69,983千元；安養機構技工工友585人全年度待遇248,120千元；職訓中心技工工友9人全年度待遇3,817千元，合共353,730千元。(工友管理要點)&#xd;
&#xd;
</btn_memo>
        </BCME3480_row>
        <BCME3480_row>
            <level>1</level>
            <ba_objectno>0111</ba_objectno>
            <mi_objectname>獎金</mi_objectname>
            <objectnoname>0111獎金</objectnoname>
            <budgetamt_sum>3032957000.00</budgetamt_sum>
            <displaymemo>會本部員工(含駐警、國防部移撥之軍聘雇人員)考績獎金、特殊功勳獎賞及年終工作獎金86,787千元、醫師不開業獎金600千元；森保處員工年終工作獎金、考績獎金及特殊功勳獎賞9,803千元；服務機構員工(含國防部移撥之軍聘雇人員)年終工作獎金、考績獎金及特殊功勳獎賞125,000千元；安養機構員工年終工作獎金、考績獎金及特殊功勳獎賞188,154千元；職訓中心員工年終工作獎金、考績獎金及特殊功勳獎賞6,419千元；模範公務員獎金650千元；技工工友獎勵金120千元；支領退休俸、生活補助費及贍養金退除役官兵年終工作獎金2,615,424千元，合共3,032,957千元。(公務人員考績法、公務人員領有勳章獎章榮譽紀念章發給獎勵金實施要點、公務人員品德修養及工作績效激勵辦法、退休（伍）軍公教人員年終慰問金發給辦法、軍公教人員年終工作獎金發給注意事項、衛生醫療機關醫師不開業獎金支給表、工友工作士氣激勵措施)&#xd;
&#xd;
</displaymemo>
            <btn_memo>會本部員工(含駐警、國防部移撥之軍聘雇人員)考績獎金、特殊功勳獎賞及年終工作獎金86,787千元、醫師不開業獎金600千元；森保處員工年終工作獎金、考績獎金及特殊功勳獎賞9,803千元；服務機構員工(含國防部移撥之軍聘雇人員)年終工作獎金、考績獎金及特殊功勳獎賞125,000千元；安養機構員工年終工作獎金、考績獎金及特殊功勳獎賞188,154千元；職訓中心員工年終工作獎金、考績獎金及特殊功勳獎賞6,419千元；模範公務員獎金650千元；技工工友獎勵金120千元；支領退休俸、生活補助費及贍養金退除役官兵年終工作獎金2,615,424千元，合共3,032,957千元。(公務人員考績法、公務人員領有勳章獎章榮譽紀念章發給獎勵金實施要點、公務人員品德修養及工作績效激勵辦法、退休（伍）軍公教人員年終慰問金發給辦法、軍公教人員年終工作獎金發給注意事項、衛生醫療機關醫師不開業獎金支給表、工友工作士氣激勵措施)&#xd;
&#xd;
</btn_memo>
        </BCME3480_row>
        <BCME3480_row>
            <level>1</level>
            <ba_objectno>0121</ba_objectno>
            <mi_objectname>其他給與</mi_objectname>
            <objectnoname>0121其他給與</objectnoname>
            <budgetamt_sum>43696000.00</budgetamt_sum>
            <displaymemo>會本部員工(含駐警、國防部移撥之軍聘雇人員)休假補助8,352千元；森保處員工休假補助1,120千元；服務機構員工(含國防部移撥之軍聘雇人員)休假補助13,200千元；安養機構員工休假補助20,400千元；職訓中心員工休假補助624千元，合共43,696千元。(行政院與所屬中央及地方各機關公務人員休假改進措施)&#xd;
&#xd;
</displaymemo>
            <btn_memo>會本部員工(含駐警、國防部移撥之軍聘雇人員)休假補助8,352千元；森保處員工休假補助1,120千元；服務機構員工(含國防部移撥之軍聘雇人員)休假補助13,200千元；安養機構員工休假補助20,400千元；職訓中心員工休假補助624千元，合共43,696千元。(行政院與所屬中央及地方各機關公務人員休假改進措施)&#xd;
&#xd;
</btn_memo>
        </BCME3480_row>
        <BCME3480_row>
            <level>1</level>
            <ba_objectno>0131</ba_objectno>
            <mi_objectname>加班值班費</mi_objectname>
            <objectnoname>0131加班值班費</objectnoname>
            <budgetamt_sum>85499000.00</budgetamt_sum>
            <displaymemo>會本部員工(含駐警、國防部移撥之軍聘雇人員)加班值班費及不休假加班費24,324千元；森保處員工加班值班費及不休假加班費2,077千元；服務機構員工(含國防部移撥之軍聘雇人員)加班值班費及不休假加班費22,033千元；安養機構員工加班值班費及不休假加班費35,823千元；職訓中心員工加班值班費及不休假加班費1,242千元，合共85,499千元(含超時加班費9,598千元，未逾該科目90年度實支數8成計13,266千元)。(行政院與所屬中央及地方各機關公務人員休假改進措施、各機關加班費支給要點)&#xd;
&#xd;
</displaymemo>
            <btn_memo>會本部員工(含駐警、國防部移撥之軍聘雇人員)加班值班費及不休假加班費24,324千元；森保處員工加班值班費及不休假加班費2,077千元；服務機構員工(含國防部移撥之軍聘雇人員)加班值班費及不休假加班費22,033千元；安養機構員工加班值班費及不休假加班費35,823千元；職訓中心員工加班值班費及不休假加班費1,242千元，合共85,499千元(含超時加班費9,598千元，未逾該科目90年度實支數8成計13,266千元)。(行政院與所屬中央及地方各機關公務人員休假改進措施、各機關加班費支給要點)&#xd;
&#xd;
</btn_memo>
        </BCME3480_row>
        <BCME3480_row>
            <level>1</level>
            <ba_objectno>0142</ba_objectno>
            <mi_objectname>退休退職給付</mi_objectname>
            <objectnoname>0142退休退職給付</objectnoname>
            <budgetamt_sum>68316292000.00</budgetamt_sum>
            <displaymemo>會本部退休退職給付88,225千元；森保處退休退職給付24,110千元；服務機構退休退職給付1,225千元；安養機構退休退職給付10,900千元；職訓中心退休退職給付8,147千元；辦理退除役官兵退休給付及業務68,183,685千元，合共68,316,292千元。(公務人員退休法、公務人員撫卹法、陸海空軍軍官士官服役條例)&#xd;
&#xd;
</displaymemo>
            <btn_memo>會本部退休退職給付88,225千元；森保處退休退職給付24,110千元；服務機構退休退職給付1,225千元；安養機構退休退職給付10,900千元；職訓中心退休退職給付8,147千元；辦理退除役官兵退休給付及業務68,183,685千元，合共68,316,292千元。(公務人員退休法、公務人員撫卹法、陸海空軍軍官士官服役條例)&#xd;
&#xd;
</btn_memo>
        </BCME3480_row>
        <BCME3480_row>
            <level>1</level>
            <ba_objectno>0143</ba_objectno>
            <mi_objectname>退休離職儲金</mi_objectname>
            <objectnoname>0143退休離職儲金</objectnoname>
            <budgetamt_sum>375061000.00</budgetamt_sum>
            <displaymemo>會本部退休離職儲金38,563千元；森保處退休離職儲金27,525千元；服務機構退休離職儲金60,990千元；安養機構退休離職儲金242,255千元；職訓中心退休離職儲金5,728千元，合共375,061千元。(政務人員退職撫卹條例、公務人員退休法、勞工退休金條例、勞動基準法)&#xd;
&#xd;
</displaymemo>
            <btn_memo>會本部退休離職儲金38,563千元；森保處退休離職儲金27,525千元；服務機構退休離職儲金60,990千元；安養機構退休離職儲金242,255千元；職訓中心退休離職儲金5,728千元，合共375,061千元。(政務人員退職撫卹條例、公務人員退休法、勞工退休金條例、勞動基準法)&#xd;
&#xd;
</btn_memo>
        </BCME3480_row>
        <BCME3480_row>
            <level>1</level>
            <ba_objectno>0151</ba_objectno>
            <mi_objectname>保險</mi_objectname>
            <objectnoname>0151保險</objectnoname>
            <budgetamt_sum>166732000.00</budgetamt_sum>
            <displaymemo>會本部編制內職員(含駐警人員、國防部移撥之軍聘雇人員)、技工、工友及約聘人員參加公保、勞保、健保之公提部分29,079千元；森保處編制內職員、技工參加公保、勞保、健保之公提部分4,146千元；服務機構編制內職員、技工、工友及約僱人員(含國防部移撥之軍聘雇人員)參加公保、勞保、健保之公提部分52,436千元；安養機構編制內職員、技工、工友參加公保、勞保、健保之公提部分78,585千元；職訓中心編制內職員、技工、工友參加公保、勞保、健保之公提部分2,486千元，合共166,732千元。(勞工保險條例、全民健康保險法、公教人員保險法)&#xd;
&#xd;
</displaymemo>
            <btn_memo>會本部編制內職員(含駐警人員、國防部移撥之軍聘雇人員)、技工、工友及約聘人員參加公保、勞保、健保之公提部分29,079千元；森保處編制內職員、技工參加公保、勞保、健保之公提部分4,146千元；服務機構編制內職員、技工、工友及約僱人員(含國防部移撥之軍聘雇人員)參加公保、勞保、健保之公提部分52,436千元；安養機構編制內職員、技工、工友參加公保、勞保、健保之公提部分78,585千元；職訓中心編制內職員、技工、工友參加公保、勞保、健保之公提部分2,486千元，合共166,732千元。(勞工保險條例、全民健康保險法、公教人員保險法)&#xd;
&#xd;
</btn_memo>
        </BCME3480_row>
        <BCME3480_row>
            <level>1</level>
            <ba_objectno>0199</ba_objectno>
            <mi_objectname>調待準備</mi_objectname>
            <objectnoname>0199調待準備</objectnoname>
            <budgetamt_sum>0.00</budgetamt_sum>
            <displaymemo/>
            <btn_memo/>
        </BCME3480_row>
        <BCME3480_row>
            <level>2</level>
            <ba_objectno/>
            <mi_objectname/>
            <objectnoname>合計</objectnoname>
            <budgetamt_sum>73660288000.00</budgetamt_sum>
            <displaymemo/>
            <btn_memo/>
        </BCME3480_row>
    </BCME3480>
</tables>
