<?xml version="1.0" encoding="UTF-8"?>
<tables>
    <BCME3450>
        <BCME3450_row>
            <objectNo>合計</objectNo>
            <budgetno_6126310100>108648.00</budgetno_6126310100>
            <budgetno_6126310200>12551.00</budgetno_6126310200>
            <total>121199.00</total>
        </BCME3450_row>
        <BCME3450_row>
            <objectNo>0100 人事費</objectNo>
            <budgetno_6126310100>103484.00</budgetno_6126310100>
            <budgetno_6126310200/>
            <total>103484.00</total>
        </BCME3450_row>
        <BCME3450_row>
            <objectNo>  0103 法定編制人員待遇</objectNo>
            <budgetno_6126310100>57663.00</budgetno_6126310100>
            <budgetno_6126310200/>
            <total>57663.00</total>
        </BCME3450_row>
        <BCME3450_row>
            <objectNo>  0104 約聘僱人員待遇</objectNo>
            <budgetno_6126310100>6603.00</budgetno_6126310100>
            <budgetno_6126310200/>
            <total>6603.00</total>
        </BCME3450_row>
        <BCME3450_row>
            <objectNo>  0105 技工及工友待遇</objectNo>
            <budgetno_6126310100>5089.00</budgetno_6126310100>
            <budgetno_6126310200/>
            <total>5089.00</total>
        </BCME3450_row>
        <BCME3450_row>
            <objectNo>  0111 獎金</objectNo>
            <budgetno_6126310100>15603.00</budgetno_6126310100>
            <budgetno_6126310200/>
            <total>15603.00</total>
        </BCME3450_row>
        <BCME3450_row>
            <objectNo>  0121 其他給與</objectNo>
            <budgetno_6126310100>1744.00</budgetno_6126310100>
            <budgetno_6126310200/>
            <total>1744.00</total>
        </BCME3450_row>
        <BCME3450_row>
            <objectNo>  0131 加班值班費</objectNo>
            <budgetno_6126310100>2775.00</budgetno_6126310100>
            <budgetno_6126310200/>
            <total>2775.00</total>
        </BCME3450_row>
        <BCME3450_row>
            <objectNo>  0143 退休離職儲金</objectNo>
            <budgetno_6126310100>6600.00</budgetno_6126310100>
            <budgetno_6126310200/>
            <total>6600.00</total>
        </BCME3450_row>
        <BCME3450_row>
            <objectNo>  0151 保險</objectNo>
            <budgetno_6126310100>7407.00</budgetno_6126310100>
            <budgetno_6126310200/>
            <total>7407.00</total>
        </BCME3450_row>
        <BCME3450_row>
            <objectNo>0200 業務費</objectNo>
            <budgetno_6126310100>4705.00</budgetno_6126310100>
            <budgetno_6126310200>5821.00</budgetno_6126310200>
            <total>10526.00</total>
        </BCME3450_row>
        <BCME3450_row>
            <objectNo>  0201 教育訓練費</objectNo>
            <budgetno_6126310100>14.00</budgetno_6126310100>
            <budgetno_6126310200>48.00</budgetno_6126310200>
            <total>62.00</total>
        </BCME3450_row>
        <BCME3450_row>
            <objectNo>  0202 水電費</objectNo>
            <budgetno_6126310100>81.00</budgetno_6126310100>
            <budgetno_6126310200>1205.00</budgetno_6126310200>
            <total>1286.00</total>
        </BCME3450_row>
        <BCME3450_row>
            <objectNo>  0203 通訊費</objectNo>
            <budgetno_6126310100>328.00</budgetno_6126310100>
            <budgetno_6126310200>417.00</budgetno_6126310200>
            <total>745.00</total>
        </BCME3450_row>
        <BCME3450_row>
            <objectNo>  0211 土地租金</objectNo>
            <budgetno_6126310100>1878.00</budgetno_6126310100>
            <budgetno_6126310200/>
            <total>1878.00</total>
        </BCME3450_row>
        <BCME3450_row>
            <objectNo>  0215 資訊服務費</objectNo>
            <budgetno_6126310100>50.00</budgetno_6126310100>
            <budgetno_6126310200/>
            <total>50.00</total>
        </BCME3450_row>
        <BCME3450_row>
            <objectNo>  0221 稅捐及規費</objectNo>
            <budgetno_6126310100>114.00</budgetno_6126310100>
            <budgetno_6126310200/>
            <total>114.00</total>
        </BCME3450_row>
        <BCME3450_row>
            <objectNo>  0231 保險費</objectNo>
            <budgetno_6126310100>143.00</budgetno_6126310100>
            <budgetno_6126310200/>
            <total>143.00</total>
        </BCME3450_row>
        <BCME3450_row>
            <objectNo>  0250 按日按件計資酬金</objectNo>
            <budgetno_6126310100>14.00</budgetno_6126310100>
            <budgetno_6126310200>160.00</budgetno_6126310200>
            <total>174.00</total>
        </BCME3450_row>
        <BCME3450_row>
            <objectNo>  0271 物品</objectNo>
            <budgetno_6126310100>277.00</budgetno_6126310100>
            <budgetno_6126310200>831.00</budgetno_6126310200>
            <total>1108.00</total>
        </BCME3450_row>
        <BCME3450_row>
            <objectNo>  0279 一般事務費</objectNo>
            <budgetno_6126310100>551.00</budgetno_6126310100>
            <budgetno_6126310200>414.00</budgetno_6126310200>
            <total>965.00</total>
        </BCME3450_row>
        <BCME3450_row>
            <objectNo>  0282 房屋建築養護費</objectNo>
            <budgetno_6126310100>665.00</budgetno_6126310100>
            <budgetno_6126310200/>
            <total>665.00</total>
        </BCME3450_row>
        <BCME3450_row>
            <objectNo>  0283 車輛及辦公器具養護費</objectNo>
            <budgetno_6126310100>227.00</budgetno_6126310100>
            <budgetno_6126310200/>
            <total>227.00</total>
        </BCME3450_row>
        <BCME3450_row>
            <objectNo>  0284 設施及機械設備養護費</objectNo>
            <budgetno_6126310100>103.00</budgetno_6126310100>
            <budgetno_6126310200>973.00</budgetno_6126310200>
            <total>1076.00</total>
        </BCME3450_row>
        <BCME3450_row>
            <objectNo>  0291 國內旅費</objectNo>
            <budgetno_6126310100>173.00</budgetno_6126310100>
            <budgetno_6126310200>1759.00</budgetno_6126310200>
            <total>1932.00</total>
        </BCME3450_row>
        <BCME3450_row>
            <objectNo>  0294 運費</objectNo>
            <budgetno_6126310100>25.00</budgetno_6126310100>
            <budgetno_6126310200>14.00</budgetno_6126310200>
            <total>39.00</total>
        </BCME3450_row>
        <BCME3450_row>
            <objectNo>  0295 短程車資</objectNo>
            <budgetno_6126310100>8.00</budgetno_6126310100>
            <budgetno_6126310200/>
            <total>8.00</total>
        </BCME3450_row>
        <BCME3450_row>
            <objectNo>  0299 特別費</objectNo>
            <budgetno_6126310100>54.00</budgetno_6126310100>
            <budgetno_6126310200/>
            <total>54.00</total>
        </BCME3450_row>
        <BCME3450_row>
            <objectNo>0300 設備及投資</objectNo>
            <budgetno_6126310100>99.00</budgetno_6126310100>
            <budgetno_6126310200>6730.00</budgetno_6126310200>
            <total>6829.00</total>
        </BCME3450_row>
        <BCME3450_row>
            <objectNo>  0304 機械設備費</objectNo>
            <budgetno_6126310100/>
            <budgetno_6126310200>6730.00</budgetno_6126310200>
            <total>6730.00</total>
        </BCME3450_row>
        <BCME3450_row>
            <objectNo>  0319 雜項設備費</objectNo>
            <budgetno_6126310100>99.00</budgetno_6126310100>
            <budgetno_6126310200/>
            <total>99.00</total>
        </BCME3450_row>
        <BCME3450_row>
            <objectNo>0400 獎補助費</objectNo>
            <budgetno_6126310100>360.00</budgetno_6126310100>
            <budgetno_6126310200/>
            <total>360.00</total>
        </BCME3450_row>
        <BCME3450_row>
            <objectNo>  0475 獎勵及慰問</objectNo>
            <budgetno_6126310100>360.00</budgetno_6126310100>
            <budgetno_6126310200/>
            <total>360.00</total>
        </BCME3450_row>
    </BCME3450>
</tables>
