<?xml version="1.0" encoding="UTF-8"?>
<tables>
    <BCTDOUTGO>
        <BCTDOUTGO_row>
            <bm_fiscalyear>105</bm_fiscalyear>
            <bm_fundkind>1</bm_fundkind>
            <bm_budgetkind>1</bm_budgetkind>
            <bm_specialbudgetno/>
            <bm_agenno>23017</bm_agenno>
            <bm_agentype>B</bm_agentype>
            <bm_budgetstate>1</bm_budgetstate>
            <bm_abroadplan>1</bm_abroadplan>
            <bm_projtype>1 </bm_projtype>
            <bm_projno>01</bm_projno>
            <bm_abroadplanname>考察矯正機關戒護管理模式與相關處遇措施</bm_abroadplanname>
            <bm_visitsts>0</bm_visitsts>
            <bm_visitexplain/>
            <bm_dispatchstaffs>0</bm_dispatchstaffs>
            <bm_abroadsite1/>
            <bm_abroadsite2/>
            <bm_abroadsite3/>
            <bm_abroadperiod1/>
            <bm_abroadperiodto1/>
            <bm_abroadperiod2/>
            <bm_abroadperiodto2/>
            <bm_abroadperiod3/>
            <bm_abroadperiodto3/>
            <bm_abroadstaffs1>0</bm_abroadstaffs1>
            <bm_abroadstaffs2>0</bm_abroadstaffs2>
            <bm_abroadstaffs3>0</bm_abroadstaffs3>
            <bm_abroadallowance1>0.00</bm_abroadallowance1>
            <bm_abroadallowance2>0.00</bm_abroadallowance2>
            <bm_abroadallowance3>0.00</bm_abroadallowance3>
            <bm_budgetno>35230174100</bm_budgetno>
            <bm_regionno>91</bm_regionno>
            <bm_country>美國</bm_country>
            <bm_agency>美國矯正機關</bm_agency>
            <bm_cont_text>有鑑於我國採「重罪重罰、輕罪輕罰」之兩極化刑事政策，由於無期徒刑執行須逾25年始得報請假釋、重罪三犯不得假釋等，致長刑期受刑人人數增加，深深影響矯正機關收容結構與管理。由於美國自1987年起推行矯正機關新式安全設計制度，將機關區分為第1至第6安全管理等級，在安全措施、囚犯管理、舍房類型、戒護人員使用的武器和策略等方面亦有不同，故擬前往該國考察不同等級之矯正機關設備設施、生活處遇與管理現況，期作為相關政策之參考與借鏡。</bm_cont_text>
            <bm_durationfrom>10509</bm_durationfrom>
            <bm_durationto>10510</bm_durationto>
            <bm_days>9</bm_days>
            <bm_persons>2</bm_persons>
            <bm_amt_trans>60000.00</bm_amt_trans>
            <bm_amt_life>128000.00</bm_amt_life>
            <bm_amt_public>12000.00</bm_amt_public>
            <bm_amt_books>0.00</bm_amt_books>
            <bm_amt_flight>0.00</bm_amt_flight>
            <bm_versiondate/>
        </BCTDOUTGO_row>
    </BCTDOUTGO>
</tables>
