<?xml version="1.0" encoding="UTF-8"?>
<tables>
    <BCTDOUTGO>
        <BCTDOUTGO_row>
            <bm_fiscalyear>105</bm_fiscalyear>
            <bm_fundkind>1</bm_fundkind>
            <bm_budgetkind>1</bm_budgetkind>
            <bm_specialbudgetno/>
            <bm_agenno>23017</bm_agenno>
            <bm_agentype>B</bm_agentype>
            <bm_budgetstate>1</bm_budgetstate>
            <bm_abroadplan>2</bm_abroadplan>
            <bm_projtype>1 </bm_projtype>
            <bm_projno>01</bm_projno>
            <bm_abroadplanname>北京及港澳矯正機關矯正業務參訪計畫（考察更生服務、監獄建築改擴建及監獄醫院）</bm_abroadplanname>
            <bm_visitsts>1</bm_visitsts>
            <bm_visitexplain/>
            <bm_dispatchstaffs>0</bm_dispatchstaffs>
            <bm_abroadsite1/>
            <bm_abroadsite2/>
            <bm_abroadsite3/>
            <bm_abroadperiod1/>
            <bm_abroadperiodto1/>
            <bm_abroadperiod2/>
            <bm_abroadperiodto2/>
            <bm_abroadperiod3/>
            <bm_abroadperiodto3/>
            <bm_abroadstaffs1>0</bm_abroadstaffs1>
            <bm_abroadstaffs2>0</bm_abroadstaffs2>
            <bm_abroadstaffs3>0</bm_abroadstaffs3>
            <bm_abroadallowance1>0.00</bm_abroadallowance1>
            <bm_abroadallowance2>0.00</bm_abroadallowance2>
            <bm_abroadallowance3>0.00</bm_abroadallowance3>
            <bm_budgetno>3523174100</bm_budgetno>
            <bm_regionno>91</bm_regionno>
            <bm_country>香港、澳門及北京</bm_country>
            <bm_agency>香港懲教署、北京監獄暨女子監獄、司法部及澳門監獄</bm_agency>
            <bm_cont_text>1、藉由澳門監獄改、擴建經驗，作為本署近年內將對部分監院所改建之參考。&#xd;
2、本署自101年起推行就業媒合方案，為更有效使該方案發揮其效能，希冀藉由香港懲教署更生事務之經驗，作為精進該政策之參考。&#xd;
3、102年起，我國健保制度納保對象擴及至收容人，藉以提升收容人就醫品質，惟目前本署尚未有專為收容人設置之獨立醫院，故擬前往北京參訪，並落實跨國移交受刑人法之精神，實地訪視北京臺籍收容人。</bm_cont_text>
            <bm_durationfrom>10510</bm_durationfrom>
            <bm_durationto>10512</bm_durationto>
            <bm_days>8</bm_days>
            <bm_persons>10</bm_persons>
            <bm_amt_trans>280000.00</bm_amt_trans>
            <bm_amt_life>388000.00</bm_amt_life>
            <bm_amt_public>100000.00</bm_amt_public>
            <bm_amt_books>0.00</bm_amt_books>
            <bm_amt_flight>0.00</bm_amt_flight>
            <bm_versiondate/>
        </BCTDOUTGO_row>
    </BCTDOUTGO>
</tables>
