<?xml version="1.0" encoding="UTF-8"?>
<Root>
    <Row>
        <款>12</款>
        <項/>
        <目/>
        <節/>
        <科目名稱>法務部主管</科目名稱>
        <人事費>8199367</人事費>
        <業務費_經>2519027</業務費_經>
        <奬補助費_經>1411359</奬補助費_經>
        <債務費>0</債務費>
        <預備金_經>22133</預備金_經>
        <經常支出小計>12151886</經常支出小計>
        <業務費_資>0</業務費_資>
        <設備及投資>403689</設備及投資>
        <奬補助費_資>0</奬補助費_資>
        <預備金_資>0</預備金_資>
        <資本支出小計>403689</資本支出小計>
        <合計>12555575</合計>
    </Row>
    <Row>
        <款/>
        <項>5</項>
        <目/>
        <節/>
        <科目名稱>矯正署及所屬</科目名稱>
        <人事費>8199367</人事費>
        <業務費_經>2519027</業務費_經>
        <奬補助費_經>1411359</奬補助費_經>
        <債務費>0</債務費>
        <預備金_經>22133</預備金_經>
        <經常支出小計>12151886</經常支出小計>
        <業務費_資>0</業務費_資>
        <設備及投資>403689</設備及投資>
        <奬補助費_資>0</奬補助費_資>
        <預備金_資>0</預備金_資>
        <資本支出小計>403689</資本支出小計>
        <合計>12555575</合計>
    </Row>
    <Row>
        <款/>
        <項/>
        <目/>
        <節/>
        <科目名稱>司法支出</科目名稱>
        <人事費>8199367</人事費>
        <業務費_經>2514130</業務費_經>
        <奬補助費_經>1411359</奬補助費_經>
        <債務費>0</債務費>
        <預備金_經>22133</預備金_經>
        <經常支出小計>12146989</經常支出小計>
        <業務費_資>0</業務費_資>
        <設備及投資>401689</設備及投資>
        <奬補助費_資>0</奬補助費_資>
        <預備金_資>0</預備金_資>
        <資本支出小計>401689</資本支出小計>
        <合計>12548678</合計>
    </Row>
    <Row>
        <款/>
        <項/>
        <目>1</目>
        <節/>
        <科目名稱>一般行政</科目名稱>
        <人事費>148650</人事費>
        <業務費_經>21615</業務費_經>
        <奬補助費_經>144</奬補助費_經>
        <債務費>0</債務費>
        <預備金_經>0</預備金_經>
        <經常支出小計>170409</經常支出小計>
        <業務費_資>0</業務費_資>
        <設備及投資>3118</設備及投資>
        <奬補助費_資>0</奬補助費_資>
        <預備金_資>0</預備金_資>
        <資本支出小計>3118</資本支出小計>
        <合計>173527</合計>
    </Row>
    <Row>
        <款/>
        <項/>
        <目>2</目>
        <節/>
        <科目名稱>矯正業務</科目名稱>
        <人事費>8050717</人事費>
        <業務費_經>2492515</業務費_經>
        <奬補助費_經>1411215</奬補助費_經>
        <債務費>0</債務費>
        <預備金_經>0</預備金_經>
        <經常支出小計>11954447</經常支出小計>
        <業務費_資>0</業務費_資>
        <設備及投資>182445</設備及投資>
        <奬補助費_資>0</奬補助費_資>
        <預備金_資>0</預備金_資>
        <資本支出小計>182445</資本支出小計>
        <合計>12136892</合計>
    </Row>
    <Row>
        <款/>
        <項/>
        <目>3</目>
        <節/>
        <科目名稱>改善監所計畫</科目名稱>
        <人事費>0</人事費>
        <業務費_經>0</業務費_經>
        <奬補助費_經>0</奬補助費_經>
        <債務費>0</債務費>
        <預備金_經>0</預備金_經>
        <經常支出小計>0</經常支出小計>
        <業務費_資>0</業務費_資>
        <設備及投資>210283</設備及投資>
        <奬補助費_資>0</奬補助費_資>
        <預備金_資>0</預備金_資>
        <資本支出小計>210283</資本支出小計>
        <合計>210283</合計>
    </Row>
    <Row>
        <款/>
        <項/>
        <目>4</目>
        <節/>
        <科目名稱>一般建築及設備</科目名稱>
        <人事費>0</人事費>
        <業務費_經>0</業務費_經>
        <奬補助費_經>0</奬補助費_經>
        <債務費>0</債務費>
        <預備金_經>0</預備金_經>
        <經常支出小計>0</經常支出小計>
        <業務費_資>0</業務費_資>
        <設備及投資>5843</設備及投資>
        <奬補助費_資>0</奬補助費_資>
        <預備金_資>0</預備金_資>
        <資本支出小計>5843</資本支出小計>
        <合計>5843</合計>
    </Row>
    <Row>
        <款/>
        <項/>
        <目/>
        <節>1</節>
        <科目名稱>交通及運輸設備</科目名稱>
        <人事費>0</人事費>
        <業務費_經>0</業務費_經>
        <奬補助費_經>0</奬補助費_經>
        <債務費>0</債務費>
        <預備金_經>0</預備金_經>
        <經常支出小計>0</經常支出小計>
        <業務費_資>0</業務費_資>
        <設備及投資>5843</設備及投資>
        <奬補助費_資>0</奬補助費_資>
        <預備金_資>0</預備金_資>
        <資本支出小計>5843</資本支出小計>
        <合計>5843</合計>
    </Row>
    <Row>
        <款/>
        <項/>
        <目>5</目>
        <節/>
        <科目名稱>第一預備金</科目名稱>
        <人事費>0</人事費>
        <業務費_經>0</業務費_經>
        <奬補助費_經>0</奬補助費_經>
        <債務費>0</債務費>
        <預備金_經>22133</預備金_經>
        <經常支出小計>22133</經常支出小計>
        <業務費_資>0</業務費_資>
        <設備及投資>0</設備及投資>
        <奬補助費_資>0</奬補助費_資>
        <預備金_資>0</預備金_資>
        <資本支出小計>0</資本支出小計>
        <合計>22133</合計>
    </Row>
    <Row>
        <款/>
        <項/>
        <目/>
        <節/>
        <科目名稱>科學支出</科目名稱>
        <人事費>0</人事費>
        <業務費_經>4897</業務費_經>
        <奬補助費_經>0</奬補助費_經>
        <債務費>0</債務費>
        <預備金_經>0</預備金_經>
        <經常支出小計>4897</經常支出小計>
        <業務費_資>0</業務費_資>
        <設備及投資>2000</設備及投資>
        <奬補助費_資>0</奬補助費_資>
        <預備金_資>0</預備金_資>
        <資本支出小計>2000</資本支出小計>
        <合計>6897</合計>
    </Row>
    <Row>
        <款/>
        <項/>
        <目>6</目>
        <節/>
        <科目名稱>司法科技業務</科目名稱>
        <人事費>0</人事費>
        <業務費_經>4897</業務費_經>
        <奬補助費_經>0</奬補助費_經>
        <債務費>0</債務費>
        <預備金_經>0</預備金_經>
        <經常支出小計>4897</經常支出小計>
        <業務費_資>0</業務費_資>
        <設備及投資>2000</設備及投資>
        <奬補助費_資>0</奬補助費_資>
        <預備金_資>0</預備金_資>
        <資本支出小計>2000</資本支出小計>
        <合計>6897</合計>
    </Row>
</Root>
