<?xml version="1.0" encoding="UTF-8"?>
<tables>
    <BCME3420>
        <BCME3420_row>
            <budgetno/>
            <agenno/>
            <agentype/>
            <mh_budgetname>合    計</mh_budgetname>
            <displayname>合    計</displayname>
            <budgetno_conver/>
            <tyear_amt>1251445000.00</tyear_amt>
            <lyear_amt>1244614000.00</lyear_amt>
            <byear_amt>1252081203.00</byear_amt>
            <b_amt>6831000.00</b_amt>
            <bc_content/>
            <memo/>
        </BCME3420_row>
        <BCME3420_row>
            <budgetno>00230000000</budgetno>
            <agenno>23018</agenno>
            <agentype>B</agentype>
            <mh_budgetname>法務部主管</mh_budgetname>
            <displayname>法務部主管</displayname>
            <budgetno_conver>0023000000</budgetno_conver>
            <tyear_amt>1251445000.000000</tyear_amt>
            <lyear_amt>1244614000.000000</lyear_amt>
            <byear_amt>1252081203.000000</byear_amt>
            <b_amt>6831000.000000</b_amt>
            <bc_content/>
        </BCME3420_row>
        <BCME3420_row>
            <budgetno>00230180000</budgetno>
            <agenno>23018</agenno>
            <agentype>B</agentype>
            <mh_budgetname>行政執行署及所屬</mh_budgetname>
            <displayname>行政執行署及所屬</displayname>
            <budgetno_conver>0023180000</budgetno_conver>
            <tyear_amt>1251445000.000000</tyear_amt>
            <lyear_amt>1244614000.000000</lyear_amt>
            <byear_amt>1252081203.000000</byear_amt>
            <b_amt>6831000.000000</b_amt>
            <bc_content>本科目上年度法定預算數1,243,761千元，連同由矯正署及所屬「矯正業務」科目移入853千元，共計如表列上年度預算數。</bc_content>
        </BCME3420_row>
        <BCME3420_row>
            <budgetno>35230180000</budgetno>
            <agenno>23018</agenno>
            <agentype>B</agentype>
            <mh_budgetname>司法支出</mh_budgetname>
            <displayname>司法支出</displayname>
            <budgetno_conver>3523180000</budgetno_conver>
            <tyear_amt>1251445000.000000</tyear_amt>
            <lyear_amt>1244614000.000000</lyear_amt>
            <byear_amt>1252081203.000000</byear_amt>
            <b_amt>6831000.000000</b_amt>
            <bc_content/>
        </BCME3420_row>
        <BCME3420_row>
            <budgetno>35230180100</budgetno>
            <agenno>23018</agenno>
            <agentype>B</agentype>
            <mh_budgetname>一般行政</mh_budgetname>
            <displayname>一般行政</displayname>
            <budgetno_conver>3523180100</budgetno_conver>
            <tyear_amt>103929000.000000</tyear_amt>
            <lyear_amt>96534000.000000</lyear_amt>
            <byear_amt>96665990.000000</byear_amt>
            <b_amt>7395000.000000</b_amt>
            <bc_content>&lt;#H1&gt;本科目上年度法定預算數95,686千元，配合科目調整，由矯正署及所屬「矯正業務」科目移入人事、業務等經費848千元，共計如列數。&lt;#H1&gt;本年度預算數103,929千元，包括人事費94,187千元，業務費9,712千元，獎補助費30千元。&lt;#H1&gt;本年度預算數之內容與上年度之比較如下：&lt;#H2&gt;人員維持費94,187千元，較上年度增列員工薪俸晉級差額等經費6,927千元。&lt;#H2&gt;基本行政工作維持費9,742千元，較上年度增列購置資訊耗材及文具紙張等經費468千元。</bc_content>
        </BCME3420_row>
        <BCME3420_row>
            <budgetno>35230181000</budgetno>
            <agenno>23018</agenno>
            <agentype>B</agentype>
            <mh_budgetname>執行業務</mh_budgetname>
            <displayname>執行業務</displayname>
            <budgetno_conver>3523181000</budgetno_conver>
            <tyear_amt>21973000.000000</tyear_amt>
            <lyear_amt>19330000.000000</lyear_amt>
            <byear_amt>19274516.000000</byear_amt>
            <b_amt>2643000.000000</b_amt>
            <bc_content>&lt;#H1&gt;本科目上年度法定預算數19,325千元，配合科目調整，由矯正署及所屬「矯正業務」科目移入設備及投資經費5千元，共計如列數。&lt;#H1&gt;本年度預算數21,973千元，包括業務費19,497千元，設備及投資2,175千元，獎補助費301千元。&lt;#H1&gt;本年度預算數21,973千元，係辦理及督導執行業務經費，較上年度增列講師授課鐘點費及辦理行政事務等經費2,643千元。</bc_content>
        </BCME3420_row>
        <BCME3420_row>
            <budgetno>35230184000</budgetno>
            <agenno>23018</agenno>
            <agentype>B</agentype>
            <mh_budgetname>執行案件處理</mh_budgetname>
            <displayname>執行案件處理</displayname>
            <budgetno_conver>3523184000</budgetno_conver>
            <tyear_amt>1115437000.000000</tyear_amt>
            <lyear_amt>1106015000.000000</lyear_amt>
            <byear_amt>1125045872.000000</byear_amt>
            <b_amt>9422000.000000</b_amt>
            <bc_content>&lt;#H1&gt;本年度預算數1,115,437千元，包括人事費795,043千元，業務費315,469千元，設備及投資4,685千元，獎補助費240千元。&lt;#H1&gt;本年度預算數之內容與上年度之比較如下：&lt;#H2&gt;人員維持費795,043千元，較上年度增列員工薪俸晉級差額等經費11,517千元。&lt;#H2&gt;基本行政工作維持費175,803千元，較上年度增列購置資訊耗材等經費7,138千元。&lt;#H2&gt;辦理執行業務經費144,591千元，較上年度減列辦理行政執行事務及購置辦公設備等經費9,233千元。</bc_content>
        </BCME3420_row>
        <BCME3420_row>
            <budgetno>35230188500</budgetno>
            <agenno>23018</agenno>
            <agentype>B</agentype>
            <mh_budgetname>行政執行機關擴(遷)建計畫</mh_budgetname>
            <displayname>行政執行機關擴(遷)建計畫</displayname>
            <budgetno_conver>3523188500</budgetno_conver>
            <tyear_amt>0.000000</tyear_amt>
            <lyear_amt>13623000.000000</lyear_amt>
            <byear_amt>10465383.000000</byear_amt>
            <b_amt>-13623000.000000</b_amt>
            <bc_content>上年度行政執行署及士林行政執行處辦公廳舍自有化中程計畫預算業已編竣，所列13,623千元如數減列。</bc_content>
        </BCME3420_row>
        <BCME3420_row>
            <budgetno>35230189000</budgetno>
            <agenno>23018</agenno>
            <agentype>B</agentype>
            <mh_budgetname>一般建築及設備</mh_budgetname>
            <displayname>一般建築及設備</displayname>
            <budgetno_conver>3523189000</budgetno_conver>
            <tyear_amt>1905000.000000</tyear_amt>
            <lyear_amt>0.000000</lyear_amt>
            <byear_amt>629442.000000</byear_amt>
            <b_amt>1905000.000000</b_amt>
            <bc_content/>
        </BCME3420_row>
        <BCME3420_row>
            <budgetno>35230189011</budgetno>
            <agenno>23018</agenno>
            <agentype>B</agentype>
            <mh_budgetname>交通及運輸設備</mh_budgetname>
            <displayname>交通及運輸設備</displayname>
            <budgetno_conver>3523189011</budgetno_conver>
            <tyear_amt>1905000.000000</tyear_amt>
            <lyear_amt>0.000000</lyear_amt>
            <byear_amt>629442.000000</byear_amt>
            <b_amt>1905000.000000</b_amt>
            <bc_content>新增汰換勘驗車1輛及公務轎車2輛經費如列數。</bc_content>
        </BCME3420_row>
        <BCME3420_row>
            <budgetno>35230189800</budgetno>
            <agenno>23018</agenno>
            <agentype>B</agentype>
            <mh_budgetname>第一預備金</mh_budgetname>
            <displayname>第一預備金</displayname>
            <budgetno_conver>3523189800</budgetno_conver>
            <tyear_amt>8201000.000000</tyear_amt>
            <lyear_amt>9112000.000000</lyear_amt>
            <byear_amt>0.000000</byear_amt>
            <b_amt>-911000.000000</b_amt>
            <bc_content>本年度預算數較上年度減列如列數。</bc_content>
        </BCME3420_row>
    </BCME3420>
</tables>
