<?xml version="1.0" encoding="UTF-8"?>
<tables>
    <BCME3450>
        <BCME3450_row>
            <objectNo>合計</objectNo>
            <budgetno_3523174100>213691.00</budgetno_3523174100>
            <total>213691.00</total>
        </BCME3450_row>
        <BCME3450_row>
            <objectNo>0100 人事費</objectNo>
            <budgetno_3523174100>197592.00</budgetno_3523174100>
            <total>197592.00</total>
        </BCME3450_row>
        <BCME3450_row>
            <objectNo>  0103 法定編制人員待遇</objectNo>
            <budgetno_3523174100>119071.00</budgetno_3523174100>
            <total>119071.00</total>
        </BCME3450_row>
        <BCME3450_row>
            <objectNo>  0104 約聘僱人員待遇</objectNo>
            <budgetno_3523174100>5227.00</budgetno_3523174100>
            <total>5227.00</total>
        </BCME3450_row>
        <BCME3450_row>
            <objectNo>  0105 技工及工友待遇</objectNo>
            <budgetno_3523174100>3891.00</budgetno_3523174100>
            <total>3891.00</total>
        </BCME3450_row>
        <BCME3450_row>
            <objectNo>  0111 獎金</objectNo>
            <budgetno_3523174100>26829.00</budgetno_3523174100>
            <total>26829.00</total>
        </BCME3450_row>
        <BCME3450_row>
            <objectNo>  0121 其他給與</objectNo>
            <budgetno_3523174100>1976.00</budgetno_3523174100>
            <total>1976.00</total>
        </BCME3450_row>
        <BCME3450_row>
            <objectNo>  0131 加班值班費</objectNo>
            <budgetno_3523174100>18519.00</budgetno_3523174100>
            <total>18519.00</total>
        </BCME3450_row>
        <BCME3450_row>
            <objectNo>  0143 退休離職儲金</objectNo>
            <budgetno_3523174100>10331.00</budgetno_3523174100>
            <total>10331.00</total>
        </BCME3450_row>
        <BCME3450_row>
            <objectNo>  0151 保險</objectNo>
            <budgetno_3523174100>11748.00</budgetno_3523174100>
            <total>11748.00</total>
        </BCME3450_row>
        <BCME3450_row>
            <objectNo>0200 業務費</objectNo>
            <budgetno_3523174100>14119.00</budgetno_3523174100>
            <total>14119.00</total>
        </BCME3450_row>
        <BCME3450_row>
            <objectNo>  0201 教育訓練費</objectNo>
            <budgetno_3523174100>240.00</budgetno_3523174100>
            <total>240.00</total>
        </BCME3450_row>
        <BCME3450_row>
            <objectNo>  0202 水電費</objectNo>
            <budgetno_3523174100>2328.00</budgetno_3523174100>
            <total>2328.00</total>
        </BCME3450_row>
        <BCME3450_row>
            <objectNo>  0203 通訊費</objectNo>
            <budgetno_3523174100>576.00</budgetno_3523174100>
            <total>576.00</total>
        </BCME3450_row>
        <BCME3450_row>
            <objectNo>  0215 資訊服務費</objectNo>
            <budgetno_3523174100>270.00</budgetno_3523174100>
            <total>270.00</total>
        </BCME3450_row>
        <BCME3450_row>
            <objectNo>  0221 稅捐及規費</objectNo>
            <budgetno_3523174100>50.00</budgetno_3523174100>
            <total>50.00</total>
        </BCME3450_row>
        <BCME3450_row>
            <objectNo>  0231 保險費</objectNo>
            <budgetno_3523174100>120.00</budgetno_3523174100>
            <total>120.00</total>
        </BCME3450_row>
        <BCME3450_row>
            <objectNo>  0250 按日按件計資酬金</objectNo>
            <budgetno_3523174100>567.00</budgetno_3523174100>
            <total>567.00</total>
        </BCME3450_row>
        <BCME3450_row>
            <objectNo>  0271 物品</objectNo>
            <budgetno_3523174100>2919.00</budgetno_3523174100>
            <total>2919.00</total>
        </BCME3450_row>
        <BCME3450_row>
            <objectNo>  0279 一般事務費</objectNo>
            <budgetno_3523174100>4174.00</budgetno_3523174100>
            <total>4174.00</total>
        </BCME3450_row>
        <BCME3450_row>
            <objectNo>  0282 房屋建築養護費</objectNo>
            <budgetno_3523174100>719.00</budgetno_3523174100>
            <total>719.00</total>
        </BCME3450_row>
        <BCME3450_row>
            <objectNo>  0283 車輛及辦公器具養護費</objectNo>
            <budgetno_3523174100>472.00</budgetno_3523174100>
            <total>472.00</total>
        </BCME3450_row>
        <BCME3450_row>
            <objectNo>  0284 設施及機械設備養護費</objectNo>
            <budgetno_3523174100>1106.00</budgetno_3523174100>
            <total>1106.00</total>
        </BCME3450_row>
        <BCME3450_row>
            <objectNo>  0291 國內旅費</objectNo>
            <budgetno_3523174100>443.00</budgetno_3523174100>
            <total>443.00</total>
        </BCME3450_row>
        <BCME3450_row>
            <objectNo>  0294 運費</objectNo>
            <budgetno_3523174100>42.00</budgetno_3523174100>
            <total>42.00</total>
        </BCME3450_row>
        <BCME3450_row>
            <objectNo>  0299 特別費</objectNo>
            <budgetno_3523174100>93.00</budgetno_3523174100>
            <total>93.00</total>
        </BCME3450_row>
        <BCME3450_row>
            <objectNo>0300 設備及投資</objectNo>
            <budgetno_3523174100>1676.00</budgetno_3523174100>
            <total>1676.00</total>
        </BCME3450_row>
        <BCME3450_row>
            <objectNo>  0319 雜項設備費</objectNo>
            <budgetno_3523174100>1676.00</budgetno_3523174100>
            <total>1676.00</total>
        </BCME3450_row>
        <BCME3450_row>
            <objectNo>0400 獎補助費</objectNo>
            <budgetno_3523174100>304.00</budgetno_3523174100>
            <total>304.00</total>
        </BCME3450_row>
        <BCME3450_row>
            <objectNo>  0475 獎勵及慰問</objectNo>
            <budgetno_3523174100>304.00</budgetno_3523174100>
            <total>304.00</total>
        </BCME3450_row>
    </BCME3450>
</tables>
