<?xml version="1.0" encoding="UTF-8"?>
<tables>
    <BCTDBUDGETDETAIL>
        <BCTDBUDGETDETAIL_row>
            <ba_fiscalyear>104</ba_fiscalyear>
            <ba_fundkind>1</ba_fundkind>
            <ba_budgetkind>1</ba_budgetkind>
            <ba_specialbudgetno/>
            <ba_agenno>23017051</ba_agenno>
            <ba_agentype>C</ba_agentype>
            <ba_budgetstate>2</ba_budgetstate>
            <ba_versiondate/>
            <ba_budgetyear>104</ba_budgetyear>
            <ba_budgetno>35230174100</ba_budgetno>
            <ba_subprojectno>01</ba_subprojectno>
            <ba_departno>02</ba_departno>
            <ba_objectno>0103</ba_objectno>
            <ba_budgettype>E</ba_budgettype>
            <ba_budgetsource>1</ba_budgetsource>
            <ba_mergetype>1</ba_mergetype>
            <ba_budgetamt>119071000.00</ba_budgetamt>
            <ba_flowflag/>
            <ba_signflag/>
            <ba_signno/>
            <ba_key>11  </ba_key>
        </BCTDBUDGETDETAIL_row>
        <BCTDBUDGETDETAIL_row>
            <ba_fiscalyear>104</ba_fiscalyear>
            <ba_fundkind>1</ba_fundkind>
            <ba_budgetkind>1</ba_budgetkind>
            <ba_specialbudgetno/>
            <ba_agenno>23017051</ba_agenno>
            <ba_agentype>C</ba_agentype>
            <ba_budgetstate>2</ba_budgetstate>
            <ba_versiondate/>
            <ba_budgetyear>104</ba_budgetyear>
            <ba_budgetno>35230174100</ba_budgetno>
            <ba_subprojectno>01</ba_subprojectno>
            <ba_departno>02</ba_departno>
            <ba_objectno>0104</ba_objectno>
            <ba_budgettype>E</ba_budgettype>
            <ba_budgetsource>1</ba_budgetsource>
            <ba_mergetype>1</ba_mergetype>
            <ba_budgetamt>5227000.00</ba_budgetamt>
            <ba_flowflag/>
            <ba_signflag/>
            <ba_signno/>
            <ba_key>11  </ba_key>
        </BCTDBUDGETDETAIL_row>
        <BCTDBUDGETDETAIL_row>
            <ba_fiscalyear>104</ba_fiscalyear>
            <ba_fundkind>1</ba_fundkind>
            <ba_budgetkind>1</ba_budgetkind>
            <ba_specialbudgetno/>
            <ba_agenno>23017051</ba_agenno>
            <ba_agentype>C</ba_agentype>
            <ba_budgetstate>2</ba_budgetstate>
            <ba_versiondate/>
            <ba_budgetyear>104</ba_budgetyear>
            <ba_budgetno>35230174100</ba_budgetno>
            <ba_subprojectno>01</ba_subprojectno>
            <ba_departno>02</ba_departno>
            <ba_objectno>0105</ba_objectno>
            <ba_budgettype>E</ba_budgettype>
            <ba_budgetsource>1</ba_budgetsource>
            <ba_mergetype>1</ba_mergetype>
            <ba_budgetamt>3891000.00</ba_budgetamt>
            <ba_flowflag/>
            <ba_signflag/>
            <ba_signno/>
            <ba_key>11  </ba_key>
        </BCTDBUDGETDETAIL_row>
        <BCTDBUDGETDETAIL_row>
            <ba_fiscalyear>104</ba_fiscalyear>
            <ba_fundkind>1</ba_fundkind>
            <ba_budgetkind>1</ba_budgetkind>
            <ba_specialbudgetno/>
            <ba_agenno>23017051</ba_agenno>
            <ba_agentype>C</ba_agentype>
            <ba_budgetstate>2</ba_budgetstate>
            <ba_versiondate/>
            <ba_budgetyear>104</ba_budgetyear>
            <ba_budgetno>35230174100</ba_budgetno>
            <ba_subprojectno>01</ba_subprojectno>
            <ba_departno>02</ba_departno>
            <ba_objectno>0111</ba_objectno>
            <ba_budgettype>E</ba_budgettype>
            <ba_budgetsource>1</ba_budgetsource>
            <ba_mergetype>1</ba_mergetype>
            <ba_budgetamt>26829000.00</ba_budgetamt>
            <ba_flowflag/>
            <ba_signflag/>
            <ba_signno/>
            <ba_key>11  </ba_key>
        </BCTDBUDGETDETAIL_row>
        <BCTDBUDGETDETAIL_row>
            <ba_fiscalyear>104</ba_fiscalyear>
            <ba_fundkind>1</ba_fundkind>
            <ba_budgetkind>1</ba_budgetkind>
            <ba_specialbudgetno/>
            <ba_agenno>23017051</ba_agenno>
            <ba_agentype>C</ba_agentype>
            <ba_budgetstate>2</ba_budgetstate>
            <ba_versiondate/>
            <ba_budgetyear>104</ba_budgetyear>
            <ba_budgetno>35230174100</ba_budgetno>
            <ba_subprojectno>01</ba_subprojectno>
            <ba_departno>02</ba_departno>
            <ba_objectno>0121</ba_objectno>
            <ba_budgettype>E</ba_budgettype>
            <ba_budgetsource>1</ba_budgetsource>
            <ba_mergetype>1</ba_mergetype>
            <ba_budgetamt>1976000.00</ba_budgetamt>
            <ba_flowflag/>
            <ba_signflag/>
            <ba_signno/>
            <ba_key>11  </ba_key>
        </BCTDBUDGETDETAIL_row>
        <BCTDBUDGETDETAIL_row>
            <ba_fiscalyear>104</ba_fiscalyear>
            <ba_fundkind>1</ba_fundkind>
            <ba_budgetkind>1</ba_budgetkind>
            <ba_specialbudgetno/>
            <ba_agenno>23017051</ba_agenno>
            <ba_agentype>C</ba_agentype>
            <ba_budgetstate>2</ba_budgetstate>
            <ba_versiondate/>
            <ba_budgetyear>104</ba_budgetyear>
            <ba_budgetno>35230174100</ba_budgetno>
            <ba_subprojectno>01</ba_subprojectno>
            <ba_departno>02</ba_departno>
            <ba_objectno>0131</ba_objectno>
            <ba_budgettype>E</ba_budgettype>
            <ba_budgetsource>1</ba_budgetsource>
            <ba_mergetype>1</ba_mergetype>
            <ba_budgetamt>18519000.00</ba_budgetamt>
            <ba_flowflag/>
            <ba_signflag/>
            <ba_signno/>
            <ba_key>11  </ba_key>
        </BCTDBUDGETDETAIL_row>
        <BCTDBUDGETDETAIL_row>
            <ba_fiscalyear>104</ba_fiscalyear>
            <ba_fundkind>1</ba_fundkind>
            <ba_budgetkind>1</ba_budgetkind>
            <ba_specialbudgetno/>
            <ba_agenno>23017051</ba_agenno>
            <ba_agentype>C</ba_agentype>
            <ba_budgetstate>2</ba_budgetstate>
            <ba_versiondate/>
            <ba_budgetyear>104</ba_budgetyear>
            <ba_budgetno>35230174100</ba_budgetno>
            <ba_subprojectno>01</ba_subprojectno>
            <ba_departno>02</ba_departno>
            <ba_objectno>0143</ba_objectno>
            <ba_budgettype>E</ba_budgettype>
            <ba_budgetsource>1</ba_budgetsource>
            <ba_mergetype>1</ba_mergetype>
            <ba_budgetamt>10331000.00</ba_budgetamt>
            <ba_flowflag/>
            <ba_signflag/>
            <ba_signno/>
            <ba_key>11  </ba_key>
        </BCTDBUDGETDETAIL_row>
        <BCTDBUDGETDETAIL_row>
            <ba_fiscalyear>104</ba_fiscalyear>
            <ba_fundkind>1</ba_fundkind>
            <ba_budgetkind>1</ba_budgetkind>
            <ba_specialbudgetno/>
            <ba_agenno>23017051</ba_agenno>
            <ba_agentype>C</ba_agentype>
            <ba_budgetstate>2</ba_budgetstate>
            <ba_versiondate/>
            <ba_budgetyear>104</ba_budgetyear>
            <ba_budgetno>35230174100</ba_budgetno>
            <ba_subprojectno>01</ba_subprojectno>
            <ba_departno>02</ba_departno>
            <ba_objectno>0151</ba_objectno>
            <ba_budgettype>E</ba_budgettype>
            <ba_budgetsource>1</ba_budgetsource>
            <ba_mergetype>1</ba_mergetype>
            <ba_budgetamt>11748000.00</ba_budgetamt>
            <ba_flowflag/>
            <ba_signflag/>
            <ba_signno/>
            <ba_key>11  </ba_key>
        </BCTDBUDGETDETAIL_row>
        <BCTDBUDGETDETAIL_row>
            <ba_fiscalyear>104</ba_fiscalyear>
            <ba_fundkind>1</ba_fundkind>
            <ba_budgetkind>1</ba_budgetkind>
            <ba_specialbudgetno/>
            <ba_agenno>23017051</ba_agenno>
            <ba_agentype>C</ba_agentype>
            <ba_budgetstate>2</ba_budgetstate>
            <ba_versiondate/>
            <ba_budgetyear>104</ba_budgetyear>
            <ba_budgetno>35230174100</ba_budgetno>
            <ba_subprojectno>02</ba_subprojectno>
            <ba_departno>02</ba_departno>
            <ba_objectno>0201</ba_objectno>
            <ba_budgettype>E</ba_budgettype>
            <ba_budgetsource>1</ba_budgetsource>
            <ba_mergetype>1</ba_mergetype>
            <ba_budgetamt>240000.00</ba_budgetamt>
            <ba_flowflag/>
            <ba_signflag/>
            <ba_signno/>
            <ba_key>11  </ba_key>
        </BCTDBUDGETDETAIL_row>
        <BCTDBUDGETDETAIL_row>
            <ba_fiscalyear>104</ba_fiscalyear>
            <ba_fundkind>1</ba_fundkind>
            <ba_budgetkind>1</ba_budgetkind>
            <ba_specialbudgetno/>
            <ba_agenno>23017051</ba_agenno>
            <ba_agentype>C</ba_agentype>
            <ba_budgetstate>2</ba_budgetstate>
            <ba_versiondate/>
            <ba_budgetyear>104</ba_budgetyear>
            <ba_budgetno>35230174100</ba_budgetno>
            <ba_subprojectno>02</ba_subprojectno>
            <ba_departno>02</ba_departno>
            <ba_objectno>0202</ba_objectno>
            <ba_budgettype>E</ba_budgettype>
            <ba_budgetsource>1</ba_budgetsource>
            <ba_mergetype>1</ba_mergetype>
            <ba_budgetamt>2328000.00</ba_budgetamt>
            <ba_flowflag/>
            <ba_signflag/>
            <ba_signno/>
            <ba_key>11  </ba_key>
        </BCTDBUDGETDETAIL_row>
        <BCTDBUDGETDETAIL_row>
            <ba_fiscalyear>104</ba_fiscalyear>
            <ba_fundkind>1</ba_fundkind>
            <ba_budgetkind>1</ba_budgetkind>
            <ba_specialbudgetno/>
            <ba_agenno>23017051</ba_agenno>
            <ba_agentype>C</ba_agentype>
            <ba_budgetstate>2</ba_budgetstate>
            <ba_versiondate/>
            <ba_budgetyear>104</ba_budgetyear>
            <ba_budgetno>35230174100</ba_budgetno>
            <ba_subprojectno>02</ba_subprojectno>
            <ba_departno>02</ba_departno>
            <ba_objectno>0203</ba_objectno>
            <ba_budgettype>E</ba_budgettype>
            <ba_budgetsource>1</ba_budgetsource>
            <ba_mergetype>1</ba_mergetype>
            <ba_budgetamt>576000.00</ba_budgetamt>
            <ba_flowflag/>
            <ba_signflag/>
            <ba_signno/>
            <ba_key>11  </ba_key>
        </BCTDBUDGETDETAIL_row>
        <BCTDBUDGETDETAIL_row>
            <ba_fiscalyear>104</ba_fiscalyear>
            <ba_fundkind>1</ba_fundkind>
            <ba_budgetkind>1</ba_budgetkind>
            <ba_specialbudgetno/>
            <ba_agenno>23017051</ba_agenno>
            <ba_agentype>C</ba_agentype>
            <ba_budgetstate>2</ba_budgetstate>
            <ba_versiondate/>
            <ba_budgetyear>104</ba_budgetyear>
            <ba_budgetno>35230174100</ba_budgetno>
            <ba_subprojectno>02</ba_subprojectno>
            <ba_departno>02</ba_departno>
            <ba_objectno>0215</ba_objectno>
            <ba_budgettype>E</ba_budgettype>
            <ba_budgetsource>1</ba_budgetsource>
            <ba_mergetype>1</ba_mergetype>
            <ba_budgetamt>270000.00</ba_budgetamt>
            <ba_flowflag/>
            <ba_signflag/>
            <ba_signno/>
            <ba_key>11  </ba_key>
        </BCTDBUDGETDETAIL_row>
        <BCTDBUDGETDETAIL_row>
            <ba_fiscalyear>104</ba_fiscalyear>
            <ba_fundkind>1</ba_fundkind>
            <ba_budgetkind>1</ba_budgetkind>
            <ba_specialbudgetno/>
            <ba_agenno>23017051</ba_agenno>
            <ba_agentype>C</ba_agentype>
            <ba_budgetstate>2</ba_budgetstate>
            <ba_versiondate/>
            <ba_budgetyear>104</ba_budgetyear>
            <ba_budgetno>35230174100</ba_budgetno>
            <ba_subprojectno>02</ba_subprojectno>
            <ba_departno>02</ba_departno>
            <ba_objectno>0221</ba_objectno>
            <ba_budgettype>E</ba_budgettype>
            <ba_budgetsource>1</ba_budgetsource>
            <ba_mergetype>1</ba_mergetype>
            <ba_budgetamt>50000.00</ba_budgetamt>
            <ba_flowflag/>
            <ba_signflag/>
            <ba_signno/>
            <ba_key>11  </ba_key>
        </BCTDBUDGETDETAIL_row>
        <BCTDBUDGETDETAIL_row>
            <ba_fiscalyear>104</ba_fiscalyear>
            <ba_fundkind>1</ba_fundkind>
            <ba_budgetkind>1</ba_budgetkind>
            <ba_specialbudgetno/>
            <ba_agenno>23017051</ba_agenno>
            <ba_agentype>C</ba_agentype>
            <ba_budgetstate>2</ba_budgetstate>
            <ba_versiondate/>
            <ba_budgetyear>104</ba_budgetyear>
            <ba_budgetno>35230174100</ba_budgetno>
            <ba_subprojectno>02</ba_subprojectno>
            <ba_departno>02</ba_departno>
            <ba_objectno>0231</ba_objectno>
            <ba_budgettype>E</ba_budgettype>
            <ba_budgetsource>1</ba_budgetsource>
            <ba_mergetype>1</ba_mergetype>
            <ba_budgetamt>120000.00</ba_budgetamt>
            <ba_flowflag/>
            <ba_signflag/>
            <ba_signno/>
            <ba_key>11  </ba_key>
        </BCTDBUDGETDETAIL_row>
        <BCTDBUDGETDETAIL_row>
            <ba_fiscalyear>104</ba_fiscalyear>
            <ba_fundkind>1</ba_fundkind>
            <ba_budgetkind>1</ba_budgetkind>
            <ba_specialbudgetno/>
            <ba_agenno>23017051</ba_agenno>
            <ba_agentype>C</ba_agentype>
            <ba_budgetstate>2</ba_budgetstate>
            <ba_versiondate/>
            <ba_budgetyear>104</ba_budgetyear>
            <ba_budgetno>35230174100</ba_budgetno>
            <ba_subprojectno>02</ba_subprojectno>
            <ba_departno>02</ba_departno>
            <ba_objectno>0271</ba_objectno>
            <ba_budgettype>E</ba_budgettype>
            <ba_budgetsource>1</ba_budgetsource>
            <ba_mergetype>1</ba_mergetype>
            <ba_budgetamt>2473000.00</ba_budgetamt>
            <ba_flowflag/>
            <ba_signflag/>
            <ba_signno/>
            <ba_key>11  </ba_key>
        </BCTDBUDGETDETAIL_row>
        <BCTDBUDGETDETAIL_row>
            <ba_fiscalyear>104</ba_fiscalyear>
            <ba_fundkind>1</ba_fundkind>
            <ba_budgetkind>1</ba_budgetkind>
            <ba_specialbudgetno/>
            <ba_agenno>23017051</ba_agenno>
            <ba_agentype>C</ba_agentype>
            <ba_budgetstate>2</ba_budgetstate>
            <ba_versiondate/>
            <ba_budgetyear>104</ba_budgetyear>
            <ba_budgetno>35230174100</ba_budgetno>
            <ba_subprojectno>02</ba_subprojectno>
            <ba_departno>02</ba_departno>
            <ba_objectno>0279</ba_objectno>
            <ba_budgettype>E</ba_budgettype>
            <ba_budgetsource>1</ba_budgetsource>
            <ba_mergetype>1</ba_mergetype>
            <ba_budgetamt>1578000.00</ba_budgetamt>
            <ba_flowflag/>
            <ba_signflag/>
            <ba_signno/>
            <ba_key>11  </ba_key>
        </BCTDBUDGETDETAIL_row>
        <BCTDBUDGETDETAIL_row>
            <ba_fiscalyear>104</ba_fiscalyear>
            <ba_fundkind>1</ba_fundkind>
            <ba_budgetkind>1</ba_budgetkind>
            <ba_specialbudgetno/>
            <ba_agenno>23017051</ba_agenno>
            <ba_agentype>C</ba_agentype>
            <ba_budgetstate>2</ba_budgetstate>
            <ba_versiondate/>
            <ba_budgetyear>104</ba_budgetyear>
            <ba_budgetno>35230174100</ba_budgetno>
            <ba_subprojectno>02</ba_subprojectno>
            <ba_departno>02</ba_departno>
            <ba_objectno>0282</ba_objectno>
            <ba_budgettype>E</ba_budgettype>
            <ba_budgetsource>1</ba_budgetsource>
            <ba_mergetype>1</ba_mergetype>
            <ba_budgetamt>719000.00</ba_budgetamt>
            <ba_flowflag/>
            <ba_signflag/>
            <ba_signno/>
            <ba_key>11  </ba_key>
        </BCTDBUDGETDETAIL_row>
        <BCTDBUDGETDETAIL_row>
            <ba_fiscalyear>104</ba_fiscalyear>
            <ba_fundkind>1</ba_fundkind>
            <ba_budgetkind>1</ba_budgetkind>
            <ba_specialbudgetno/>
            <ba_agenno>23017051</ba_agenno>
            <ba_agentype>C</ba_agentype>
            <ba_budgetstate>2</ba_budgetstate>
            <ba_versiondate/>
            <ba_budgetyear>104</ba_budgetyear>
            <ba_budgetno>35230174100</ba_budgetno>
            <ba_subprojectno>02</ba_subprojectno>
            <ba_departno>02</ba_departno>
            <ba_objectno>0283</ba_objectno>
            <ba_budgettype>E</ba_budgettype>
            <ba_budgetsource>1</ba_budgetsource>
            <ba_mergetype>1</ba_mergetype>
            <ba_budgetamt>472000.00</ba_budgetamt>
            <ba_flowflag/>
            <ba_signflag/>
            <ba_signno/>
            <ba_key>11  </ba_key>
        </BCTDBUDGETDETAIL_row>
        <BCTDBUDGETDETAIL_row>
            <ba_fiscalyear>104</ba_fiscalyear>
            <ba_fundkind>1</ba_fundkind>
            <ba_budgetkind>1</ba_budgetkind>
            <ba_specialbudgetno/>
            <ba_agenno>23017051</ba_agenno>
            <ba_agentype>C</ba_agentype>
            <ba_budgetstate>2</ba_budgetstate>
            <ba_versiondate/>
            <ba_budgetyear>104</ba_budgetyear>
            <ba_budgetno>35230174100</ba_budgetno>
            <ba_subprojectno>02</ba_subprojectno>
            <ba_departno>02</ba_departno>
            <ba_objectno>0284</ba_objectno>
            <ba_budgettype>E</ba_budgettype>
            <ba_budgetsource>1</ba_budgetsource>
            <ba_mergetype>1</ba_mergetype>
            <ba_budgetamt>1106000.00</ba_budgetamt>
            <ba_flowflag/>
            <ba_signflag/>
            <ba_signno/>
            <ba_key>11  </ba_key>
        </BCTDBUDGETDETAIL_row>
        <BCTDBUDGETDETAIL_row>
            <ba_fiscalyear>104</ba_fiscalyear>
            <ba_fundkind>1</ba_fundkind>
            <ba_budgetkind>1</ba_budgetkind>
            <ba_specialbudgetno/>
            <ba_agenno>23017051</ba_agenno>
            <ba_agentype>C</ba_agentype>
            <ba_budgetstate>2</ba_budgetstate>
            <ba_versiondate/>
            <ba_budgetyear>104</ba_budgetyear>
            <ba_budgetno>35230174100</ba_budgetno>
            <ba_subprojectno>02</ba_subprojectno>
            <ba_departno>02</ba_departno>
            <ba_objectno>0291</ba_objectno>
            <ba_budgettype>E</ba_budgettype>
            <ba_budgetsource>1</ba_budgetsource>
            <ba_mergetype>1</ba_mergetype>
            <ba_budgetamt>227000.00</ba_budgetamt>
            <ba_flowflag/>
            <ba_signflag/>
            <ba_signno/>
            <ba_key>11  </ba_key>
        </BCTDBUDGETDETAIL_row>
        <BCTDBUDGETDETAIL_row>
            <ba_fiscalyear>104</ba_fiscalyear>
            <ba_fundkind>1</ba_fundkind>
            <ba_budgetkind>1</ba_budgetkind>
            <ba_specialbudgetno/>
            <ba_agenno>23017051</ba_agenno>
            <ba_agentype>C</ba_agentype>
            <ba_budgetstate>2</ba_budgetstate>
            <ba_versiondate/>
            <ba_budgetyear>104</ba_budgetyear>
            <ba_budgetno>35230174100</ba_budgetno>
            <ba_subprojectno>02</ba_subprojectno>
            <ba_departno>02</ba_departno>
            <ba_objectno>0294</ba_objectno>
            <ba_budgettype>E</ba_budgettype>
            <ba_budgetsource>1</ba_budgetsource>
            <ba_mergetype>1</ba_mergetype>
            <ba_budgetamt>42000.00</ba_budgetamt>
            <ba_flowflag/>
            <ba_signflag/>
            <ba_signno/>
            <ba_key>11  </ba_key>
        </BCTDBUDGETDETAIL_row>
        <BCTDBUDGETDETAIL_row>
            <ba_fiscalyear>104</ba_fiscalyear>
            <ba_fundkind>1</ba_fundkind>
            <ba_budgetkind>1</ba_budgetkind>
            <ba_specialbudgetno/>
            <ba_agenno>23017051</ba_agenno>
            <ba_agentype>C</ba_agentype>
            <ba_budgetstate>2</ba_budgetstate>
            <ba_versiondate/>
            <ba_budgetyear>104</ba_budgetyear>
            <ba_budgetno>35230174100</ba_budgetno>
            <ba_subprojectno>02</ba_subprojectno>
            <ba_departno>02</ba_departno>
            <ba_objectno>0299</ba_objectno>
            <ba_budgettype>E</ba_budgettype>
            <ba_budgetsource>1</ba_budgetsource>
            <ba_mergetype>1</ba_mergetype>
            <ba_budgetamt>93000.00</ba_budgetamt>
            <ba_flowflag/>
            <ba_signflag/>
            <ba_signno/>
            <ba_key>11  </ba_key>
        </BCTDBUDGETDETAIL_row>
        <BCTDBUDGETDETAIL_row>
            <ba_fiscalyear>104</ba_fiscalyear>
            <ba_fundkind>1</ba_fundkind>
            <ba_budgetkind>1</ba_budgetkind>
            <ba_specialbudgetno/>
            <ba_agenno>23017051</ba_agenno>
            <ba_agentype>C</ba_agentype>
            <ba_budgetstate>2</ba_budgetstate>
            <ba_versiondate/>
            <ba_budgetyear>104</ba_budgetyear>
            <ba_budgetno>35230174100</ba_budgetno>
            <ba_subprojectno>02</ba_subprojectno>
            <ba_departno>02</ba_departno>
            <ba_objectno>0475</ba_objectno>
            <ba_budgettype>E</ba_budgettype>
            <ba_budgetsource>1</ba_budgetsource>
            <ba_mergetype>1</ba_mergetype>
            <ba_budgetamt>304000.00</ba_budgetamt>
            <ba_flowflag/>
            <ba_signflag/>
            <ba_signno/>
            <ba_key>11  </ba_key>
        </BCTDBUDGETDETAIL_row>
        <BCTDBUDGETDETAIL_row>
            <ba_fiscalyear>104</ba_fiscalyear>
            <ba_fundkind>1</ba_fundkind>
            <ba_budgetkind>1</ba_budgetkind>
            <ba_specialbudgetno/>
            <ba_agenno>23017051</ba_agenno>
            <ba_agentype>C</ba_agentype>
            <ba_budgetstate>2</ba_budgetstate>
            <ba_versiondate/>
            <ba_budgetyear>104</ba_budgetyear>
            <ba_budgetno>35230174100</ba_budgetno>
            <ba_subprojectno>05</ba_subprojectno>
            <ba_departno>04</ba_departno>
            <ba_objectno>0250</ba_objectno>
            <ba_budgettype>E</ba_budgettype>
            <ba_budgetsource>1</ba_budgetsource>
            <ba_mergetype>1</ba_mergetype>
            <ba_budgetamt>567000.00</ba_budgetamt>
            <ba_flowflag/>
            <ba_signflag/>
            <ba_signno/>
            <ba_key>11  </ba_key>
        </BCTDBUDGETDETAIL_row>
        <BCTDBUDGETDETAIL_row>
            <ba_fiscalyear>104</ba_fiscalyear>
            <ba_fundkind>1</ba_fundkind>
            <ba_budgetkind>1</ba_budgetkind>
            <ba_specialbudgetno/>
            <ba_agenno>23017051</ba_agenno>
            <ba_agentype>C</ba_agentype>
            <ba_budgetstate>2</ba_budgetstate>
            <ba_versiondate/>
            <ba_budgetyear>104</ba_budgetyear>
            <ba_budgetno>35230174100</ba_budgetno>
            <ba_subprojectno>05</ba_subprojectno>
            <ba_departno>04</ba_departno>
            <ba_objectno>0271</ba_objectno>
            <ba_budgettype>E</ba_budgettype>
            <ba_budgetsource>1</ba_budgetsource>
            <ba_mergetype>1</ba_mergetype>
            <ba_budgetamt>446000.00</ba_budgetamt>
            <ba_flowflag/>
            <ba_signflag/>
            <ba_signno/>
            <ba_key>11  </ba_key>
        </BCTDBUDGETDETAIL_row>
        <BCTDBUDGETDETAIL_row>
            <ba_fiscalyear>104</ba_fiscalyear>
            <ba_fundkind>1</ba_fundkind>
            <ba_budgetkind>1</ba_budgetkind>
            <ba_specialbudgetno/>
            <ba_agenno>23017051</ba_agenno>
            <ba_agentype>C</ba_agentype>
            <ba_budgetstate>2</ba_budgetstate>
            <ba_versiondate/>
            <ba_budgetyear>104</ba_budgetyear>
            <ba_budgetno>35230174100</ba_budgetno>
            <ba_subprojectno>05</ba_subprojectno>
            <ba_departno>04</ba_departno>
            <ba_objectno>0279</ba_objectno>
            <ba_budgettype>E</ba_budgettype>
            <ba_budgetsource>1</ba_budgetsource>
            <ba_mergetype>1</ba_mergetype>
            <ba_budgetamt>2596000.00</ba_budgetamt>
            <ba_flowflag/>
            <ba_signflag/>
            <ba_signno/>
            <ba_key>11  </ba_key>
        </BCTDBUDGETDETAIL_row>
        <BCTDBUDGETDETAIL_row>
            <ba_fiscalyear>104</ba_fiscalyear>
            <ba_fundkind>1</ba_fundkind>
            <ba_budgetkind>1</ba_budgetkind>
            <ba_specialbudgetno/>
            <ba_agenno>23017051</ba_agenno>
            <ba_agentype>C</ba_agentype>
            <ba_budgetstate>2</ba_budgetstate>
            <ba_versiondate/>
            <ba_budgetyear>104</ba_budgetyear>
            <ba_budgetno>35230174100</ba_budgetno>
            <ba_subprojectno>05</ba_subprojectno>
            <ba_departno>04</ba_departno>
            <ba_objectno>0291</ba_objectno>
            <ba_budgettype>E</ba_budgettype>
            <ba_budgetsource>1</ba_budgetsource>
            <ba_mergetype>1</ba_mergetype>
            <ba_budgetamt>216000.00</ba_budgetamt>
            <ba_flowflag/>
            <ba_signflag/>
            <ba_signno/>
            <ba_key>11  </ba_key>
        </BCTDBUDGETDETAIL_row>
        <BCTDBUDGETDETAIL_row>
            <ba_fiscalyear>104</ba_fiscalyear>
            <ba_fundkind>1</ba_fundkind>
            <ba_budgetkind>1</ba_budgetkind>
            <ba_specialbudgetno/>
            <ba_agenno>23017051</ba_agenno>
            <ba_agentype>C</ba_agentype>
            <ba_budgetstate>2</ba_budgetstate>
            <ba_versiondate/>
            <ba_budgetyear>104</ba_budgetyear>
            <ba_budgetno>35230174100</ba_budgetno>
            <ba_subprojectno>05</ba_subprojectno>
            <ba_departno>04</ba_departno>
            <ba_objectno>0319</ba_objectno>
            <ba_budgettype>E</ba_budgettype>
            <ba_budgetsource>1</ba_budgetsource>
            <ba_mergetype>1</ba_mergetype>
            <ba_budgetamt>1676000.00</ba_budgetamt>
            <ba_flowflag/>
            <ba_signflag/>
            <ba_signno/>
            <ba_key>11  </ba_key>
        </BCTDBUDGETDETAIL_row>
    </BCTDBUDGETDETAIL>
    <BCTDMEMO>
        <BCTDMEMO_row>
            <bc_fiscalyear>104</bc_fiscalyear>
            <bc_fundkind>1</bc_fundkind>
            <bc_budgetkind>1</bc_budgetkind>
            <bc_specialbudgetno/>
            <bc_agenno>23017051</bc_agenno>
            <bc_agentype>C</bc_agentype>
            <bc_budgetstate>2</bc_budgetstate>
            <bc_reportno>BCME3440</bc_reportno>
            <bc_key>3523017410001xxxxxx02xxxxxxxE1x0</bc_key>
            <bc_versiondate/>
            <bc_content>本本計畫本年度編列人事費197,592千元，其內容如下：&lt;#H1_&#xd;
法定編制人員待遇119,071千元，係職員208人之薪俸、加給等。&lt;#H1_約聘僱人員待遇5,227千元，係約僱人員之酬金。&lt;#H1_技工及工友待遇3,891千元，係駕駛4人及工友5人之工餉、加給等。&lt;#H1_獎金26,829千元，係考績獎金、年終工作獎金、醫師不開業獎金及獎章之獎勵金等。&lt;#H1_其他給與1,976千元，係休假補助。&lt;#H1_加班值班費18,519千元，係加、值班費及不休假加班費。&lt;#H1_退休離職儲金10,331千元，係現職人員依法應提撥之退休、離職儲金等。&lt;#H1_保險11,748千元，係現職人員依法應提撥之公、勞、健保費等。</bc_content>
        </BCTDMEMO_row>
        <BCTDMEMO_row>
            <bc_fiscalyear>104</bc_fiscalyear>
            <bc_fundkind>1</bc_fundkind>
            <bc_budgetkind>1</bc_budgetkind>
            <bc_specialbudgetno/>
            <bc_agenno>23017051</bc_agenno>
            <bc_agentype>C</bc_agentype>
            <bc_budgetstate>2</bc_budgetstate>
            <bc_reportno>BCME3440</bc_reportno>
            <bc_key>3523017410002xxxxxx02xxxxxxxE1x0</bc_key>
            <bc_versiondate/>
            <bc_content>本計畫本年度編列10,598千元，其內容如下：&lt;#H1_業務費10,294千元，包括：&lt;#H2_教育訓練費240千元，係員工訓練所需教材、膳宿、交通等經費。&lt;#H2_水電費2,328千元。&lt;#H2_通訊費576千元，係郵資、電話及數據通訊費等。&lt;#H2_資訊服務費270千元，係資訊設備之保養、維修及操作等服務費。&lt;#H2_稅捐及規費50千元，係車輛牌照稅及燃料費等。&lt;#H2_保險費120千元，係對所執行之業務活動、所管財產等所繳納之保險費。&lt;#H2_物品2,473千元，包括：&lt;#H3_車輛油料費253千元，係按機車8輛、中小型汽車6輛，按汽油每公升價格24.57元、柴油每公升價格22.75元計列。&lt;#H3_資訊耗材等經費520千元。&lt;#H3_一般行政業務所需文具紙張等消耗品580千元。&lt;#H3_非消耗性辦公用具購置經費1,120千元。&lt;#H2_一般事務費1,578千元，包括：&lt;#H3_文康活動費438千元，係按員工219人，每人每年2,000元計列。&lt;#H3_行政管理事務費471千元。&lt;#H3_員工健康檢查補助費158千元，係按職員45人，每人每年3,500元計列。&lt;#H3_環境清潔及雜支等經費511千元。&lt;#H2_房屋建築養護費719千元。&lt;#H2_車輛及辦公器具養護費472千元，包括：&lt;#H3_車輛養護費252千元，係按機車8輛，每輛每年1,700元，公務汽車滿2年未滿4年者2輛，每輛每年25,500元，滿4年未滿6年者1輛，每輛每年34,000元，滿6年以上者3輛，每輛每年51,000元計列。&lt;#H3_辦公器具養護費220千元，係按職員208人及約僱人員2人，每人每年1,048元計列。&lt;#H2_設施及機械設備養護費1,106千元，包括：&lt;#H3_發電機、電氣系統及消防設備等養護費60千元。&lt;#H3_監視設備及安全系統等養護費526千元。&lt;#H3_辦公及其他設備養護費520千元。&lt;#H2_國內旅費227千元，係處理一般公務或特定工作計畫於國內地區所需之差旅費。&lt;#H2_運費42千元。&lt;#H2_特別費93千元，係按首長每月7,800元計列。&lt;#H1_獎補助費304千元，係退休退職人員三節慰問金，按每人每年6,000元計列。</bc_content>
        </BCTDMEMO_row>
        <BCTDMEMO_row>
            <bc_fiscalyear>104</bc_fiscalyear>
            <bc_fundkind>1</bc_fundkind>
            <bc_budgetkind>1</bc_budgetkind>
            <bc_specialbudgetno/>
            <bc_agenno>23017051</bc_agenno>
            <bc_agentype>C</bc_agentype>
            <bc_budgetstate>2</bc_budgetstate>
            <bc_reportno>BCME3440</bc_reportno>
            <bc_key>3523017410003xxxxxx04xxxxxxxE1x0</bc_key>
            <bc_versiondate/>
            <bc_content>本計畫本年度編列5,683千元，其內容如下：&lt;#H1&gt;業務費3,825千元，包括：&lt;#H2&gt;按日按件計資酬金567千元，包括：&lt;#H3&gt;委請特約醫師及兼任醫師診療費447千元。&lt;#H3&gt;聘請講師演講或教授教化課程之鐘點費120千元。&lt;#H2&gt;物品446千元，包括：&lt;#H3&gt;疾病醫療材料費399千元。&lt;#H3&gt;尿液檢驗試劑等材料費47千元，係按每人每年篩檢4次，每次200元計列。&lt;#H2&gt;一般事務費2,596千元，包括：&lt;#H3&gt;戒護人員制服費及收容人服裝費1,775千元。&lt;#H3&gt;戒護人員常年教育訓練經費97千元。&lt;#H3&gt;警衛管理及戒護業務經費460千元。&lt;#H3&gt;替代役役男勤務及管理等經費264千元。&lt;#H2&gt;國內旅費216千元，係解送收容人等差旅費。&lt;#H1&gt;設備及投資1,858千元，包括：&lt;#H2&gt;戒護、消防安全及接見等設備648千元。&lt;#H2&gt;零星設備費1,210千元。</bc_content>
        </BCTDMEMO_row>
        <BCTDMEMO_row>
            <bc_fiscalyear>104</bc_fiscalyear>
            <bc_fundkind>1</bc_fundkind>
            <bc_budgetkind>1</bc_budgetkind>
            <bc_specialbudgetno/>
            <bc_agenno>23017051</bc_agenno>
            <bc_agentype>C</bc_agentype>
            <bc_budgetstate>2</bc_budgetstate>
            <bc_reportno>BCME3440</bc_reportno>
            <bc_key>3523017410005xxxxxx04xxxxxxxE1x0</bc_key>
            <bc_versiondate/>
            <bc_content>本計畫本年度編列5,501千元，其內容如下：&lt;#H1_業務費3,825千元，包括：&lt;#H2_按日按件計資酬金567千元，包括：&lt;#H3_委請特約醫師及兼任醫師看診所需診療費447千元。&lt;#H3_聘請講師演講或教授教化課程之鐘點費120千元。&lt;#H2_物品446千元，包括：&lt;#H3_疾病醫療材料費399千元。&lt;#H3_尿液檢驗及試劑材料等經費47千元，係按每人每年篩檢4次，每次200元計列。&lt;#H2_一般事務費2,596千元，包括：&lt;#H3_戒護人員服制費及收容人服裝費1,775千元。&lt;#H3_戒護人員常年教育訓練經費97千元。&lt;#H3_警衛管理及戒護業務經費460千元。&lt;#H3_替代役役男勤務及管理等經費264千元。&lt;#H2_國內旅費216千元，係解送收容人等差旅費。&lt;#H1_設備及投資1,676千元，包括：&lt;#H2_戒護、安全及接見等設備費537千元。&lt;#H2_零星設備費1,139千元。</bc_content>
        </BCTDMEMO_row>
        <BCTDMEMO_row>
            <bc_fiscalyear>104</bc_fiscalyear>
            <bc_fundkind>1</bc_fundkind>
            <bc_budgetkind>1</bc_budgetkind>
            <bc_specialbudgetno/>
            <bc_agenno>23017051</bc_agenno>
            <bc_agentype>C</bc_agentype>
            <bc_budgetstate>2</bc_budgetstate>
            <bc_reportno>BCME3440</bc_reportno>
            <bc_key>35230174100xE1x1</bc_key>
            <bc_versiondate/>
            <bc_content>&lt;#H1&gt;辦理矯正機關基本行政管理及人員訓練等業務。&lt;#H1&gt;辦理矯正機關收容人教化、調查分類、戒護安全、技能訓練、作業及衛生醫療等業務。</bc_content>
        </BCTDMEMO_row>
        <BCTDMEMO_row>
            <bc_fiscalyear>104</bc_fiscalyear>
            <bc_fundkind>1</bc_fundkind>
            <bc_budgetkind>1</bc_budgetkind>
            <bc_specialbudgetno/>
            <bc_agenno>23017051</bc_agenno>
            <bc_agentype>C</bc_agentype>
            <bc_budgetstate>2</bc_budgetstate>
            <bc_reportno>BCME3440</bc_reportno>
            <bc_key>35230174100xE1x2</bc_key>
            <bc_versiondate/>
            <bc_content>&lt;#H1&gt;依施政計畫預定進度，按期實施完成，提高工作效率。&lt;#H1&gt;培養收容人之勤勞習慣，訓練一技之長，俾利復歸社會。&lt;#H1&gt;穩定囚情，防止戒護事故發生，維護機關安全。&lt;#H1&gt;維護收容人身體健康，強化衛生習慣，防止傳染
病發生。&lt;#H1&gt;強化教化功能，落實教誨教育工作，培養收容人正確價值觀念。</bc_content>
        </BCTDMEMO_row>
    </BCTDMEMO>
</tables>
