<?xml version="1.0" encoding="UTF-8"?>
<tables>
    <BCME3470>
        <BCME3470_row>
            <budgetno>00030000000</budgetno>
            <budgetname>行政院主管</budgetname>
            <damt1>0.000000</damt1>
            <damt2>100201.000000</damt2>
            <damt3>0.000000</damt3>
            <damt4>180.000000</damt4>
            <damt5>3500.000000</damt5>
            <damt6>37419.000000</damt6>
            <damt7>5589.000000</damt7>
            <damt8>0.000000</damt8>
            <damt9>0.000000</damt9>
            <damt10>146889.000000</damt10>
            <no1>02</no1>
            <no2>00</no2>
            <no3>00</no3>
            <no4>00</no4>
            <budgetno_conver>0003000000</budgetno_conver>
            <b_level>1</b_level>
        </BCME3470_row>
        <BCME3470_row>
            <budgetno>00030010000</budgetno>
            <budgetname>行政院</budgetname>
            <damt1>0.000000</damt1>
            <damt2>100201.000000</damt2>
            <damt3>0.000000</damt3>
            <damt4>180.000000</damt4>
            <damt5>3500.000000</damt5>
            <damt6>37419.000000</damt6>
            <damt7>5589.000000</damt7>
            <damt8>0.000000</damt8>
            <damt9>0.000000</damt9>
            <damt10>146889.000000</damt10>
            <no1>02</no1>
            <no2>01</no2>
            <no3>00</no3>
            <no4>00</no4>
            <budgetno_conver>0003010000</budgetno_conver>
            <b_level>2</b_level>
        </BCME3470_row>
        <BCME3470_row>
            <budgetno>33030010000</budgetno>
            <budgetname>行政支出</budgetname>
            <damt1>0.000000</damt1>
            <damt2>100201.000000</damt2>
            <damt3>0.000000</damt3>
            <damt4>180.000000</damt4>
            <damt5>3500.000000</damt5>
            <damt6>37419.000000</damt6>
            <damt7>5589.000000</damt7>
            <damt8>0.000000</damt8>
            <damt9>0.000000</damt9>
            <damt10>146889.000000</damt10>
            <no1>02</no1>
            <no2/>
            <no3>00</no3>
            <no4>999</no4>
            <budgetno_conver>3303010000</budgetno_conver>
            <b_level>2</b_level>
        </BCME3470_row>
        <BCME3470_row>
            <budgetno>33030010100</budgetno>
            <budgetname>一般行政</budgetname>
            <damt1>0.000000</damt1>
            <damt2>1735.000000</damt2>
            <damt3>0.000000</damt3>
            <damt4>0.000000</damt4>
            <damt5>0.000000</damt5>
            <damt6>0.000000</damt6>
            <damt7>294.000000</damt7>
            <damt8>0.000000</damt8>
            <damt9>0.000000</damt9>
            <damt10>2029.000000</damt10>
            <no1>02</no1>
            <no2>01</no2>
            <no3>01</no3>
            <no4>00</no4>
            <budgetno_conver>3303010100</budgetno_conver>
            <b_level>3</b_level>
        </BCME3470_row>
        <BCME3470_row>
            <budgetno>33030011500</budgetno>
            <budgetname>科技發展研究諮詢</budgetname>
            <damt1>0.000000</damt1>
            <damt2>200.000000</damt2>
            <damt3>0.000000</damt3>
            <damt4>0.000000</damt4>
            <damt5>0.000000</damt5>
            <damt6>1711.000000</damt6>
            <damt7>100.000000</damt7>
            <damt8>0.000000</damt8>
            <damt9>0.000000</damt9>
            <damt10>2011.000000</damt10>
            <no1>02</no1>
            <no2>01</no2>
            <no3>04</no3>
            <no4>00</no4>
            <budgetno_conver>3303011500</budgetno_conver>
            <b_level>3</b_level>
        </BCME3470_row>
        <BCME3470_row>
            <budgetno>33030011600</budgetno>
            <budgetname>聯合服務業務</budgetname>
            <damt1>0.000000</damt1>
            <damt2>87416.000000</damt2>
            <damt3>0.000000</damt3>
            <damt4>0.000000</damt4>
            <damt5>0.000000</damt5>
            <damt6>0.000000</damt6>
            <damt7>376.000000</damt7>
            <damt8>0.000000</damt8>
            <damt9>0.000000</damt9>
            <damt10>87792.000000</damt10>
            <no1>02</no1>
            <no2>01</no2>
            <no3>05</no3>
            <no4>00</no4>
            <budgetno_conver>3303011600</budgetno_conver>
            <b_level>3</b_level>
        </BCME3470_row>
        <BCME3470_row>
            <budgetno>33030011800</budgetno>
            <budgetname>國土及資通安全業務</budgetname>
            <damt1>0.000000</damt1>
            <damt2>0.000000</damt2>
            <damt3>0.000000</damt3>
            <damt4>0.000000</damt4>
            <damt5>0.000000</damt5>
            <damt6>0.000000</damt6>
            <damt7>20.000000</damt7>
            <damt8>0.000000</damt8>
            <damt9>0.000000</damt9>
            <damt10>20.000000</damt10>
            <no1>02</no1>
            <no2>01</no2>
            <no3>06</no3>
            <no4>00</no4>
            <budgetno_conver>3303011800</budgetno_conver>
            <b_level>3</b_level>
        </BCME3470_row>
        <BCME3470_row>
            <budgetno>33030012200</budgetno>
            <budgetname>消保及食安業務</budgetname>
            <damt1>0.000000</damt1>
            <damt2>0.000000</damt2>
            <damt3>0.000000</damt3>
            <damt4>0.000000</damt4>
            <damt5>0.000000</damt5>
            <damt6>1700.000000</damt6>
            <damt7>85.000000</damt7>
            <damt8>0.000000</damt8>
            <damt9>0.000000</damt9>
            <damt10>1785.000000</damt10>
            <no1>02</no1>
            <no2>01</no2>
            <no3>09</no3>
            <no4>00</no4>
            <budgetno_conver>3303012200</budgetno_conver>
            <b_level>3</b_level>
        </BCME3470_row>
        <BCME3470_row>
            <budgetno>33030012300</budgetno>
            <budgetname>資訊管理</budgetname>
            <damt1>0.000000</damt1>
            <damt2>0.000000</damt2>
            <damt3>0.000000</damt3>
            <damt4>0.000000</damt4>
            <damt5>0.000000</damt5>
            <damt6>34008.000000</damt6>
            <damt7>0.000000</damt7>
            <damt8>0.000000</damt8>
            <damt9>0.000000</damt9>
            <damt10>34008.000000</damt10>
            <no1>02</no1>
            <no2>01</no2>
            <no3>10</no3>
            <no4>00</no4>
            <budgetno_conver>3303012300</budgetno_conver>
            <b_level>3</b_level>
        </BCME3470_row>
        <BCME3470_row>
            <budgetno>33030012400</budgetno>
            <budgetname>新聞傳播業務</budgetname>
            <damt1>0.000000</damt1>
            <damt2>0.000000</damt2>
            <damt3>0.000000</damt3>
            <damt4>0.000000</damt4>
            <damt5>0.000000</damt5>
            <damt6>0.000000</damt6>
            <damt7>999.000000</damt7>
            <damt8>0.000000</damt8>
            <damt9>0.000000</damt9>
            <damt10>999.000000</damt10>
            <no1>02</no1>
            <no2>01</no2>
            <no3>11</no3>
            <no4>00</no4>
            <budgetno_conver>3303012400</budgetno_conver>
            <b_level>3</b_level>
        </BCME3470_row>
        <BCME3470_row>
            <budgetno>33030019000</budgetno>
            <budgetname>一般建築及設備</budgetname>
            <damt1>0.000000</damt1>
            <damt2>10850.000000</damt2>
            <damt3>0.000000</damt3>
            <damt4>180.000000</damt4>
            <damt5>3500.000000</damt5>
            <damt6>0.000000</damt6>
            <damt7>3715.000000</damt7>
            <damt8>0.000000</damt8>
            <damt9>0.000000</damt9>
            <damt10>18245.000000</damt10>
            <no1>02</no1>
            <no2>01</no2>
            <no3>12</no3>
            <no4>00</no4>
            <budgetno_conver>3303019000</budgetno_conver>
            <b_level>3</b_level>
        </BCME3470_row>
        <BCME3470_row>
            <budgetno>33030019002</budgetno>
            <budgetname>營建工程</budgetname>
            <damt1>0.000000</damt1>
            <damt2>10850.000000</damt2>
            <damt3>0.000000</damt3>
            <damt4>0.000000</damt4>
            <damt5>0.000000</damt5>
            <damt6>0.000000</damt6>
            <damt7>0.000000</damt7>
            <damt8>0.000000</damt8>
            <damt9>0.000000</damt9>
            <damt10>10850.000000</damt10>
            <no1>02</no1>
            <no2>01</no2>
            <no3>12</no3>
            <no4>01</no4>
            <budgetno_conver>3303019002</budgetno_conver>
            <b_level>4</b_level>
        </BCME3470_row>
        <BCME3470_row>
            <budgetno>33030019011</budgetno>
            <budgetname>交通及運輸設備</budgetname>
            <damt1>0.000000</damt1>
            <damt2>0.000000</damt2>
            <damt3>0.000000</damt3>
            <damt4>180.000000</damt4>
            <damt5>3500.000000</damt5>
            <damt6>0.000000</damt6>
            <damt7>0.000000</damt7>
            <damt8>0.000000</damt8>
            <damt9>0.000000</damt9>
            <damt10>3680.000000</damt10>
            <no1>02</no1>
            <no2>01</no2>
            <no3>12</no3>
            <no4>02</no4>
            <budgetno_conver>3303019011</budgetno_conver>
            <b_level>4</b_level>
        </BCME3470_row>
        <BCME3470_row>
            <budgetno>33030019019</budgetno>
            <budgetname>其他設備</budgetname>
            <damt1>0.000000</damt1>
            <damt2>0.000000</damt2>
            <damt3>0.000000</damt3>
            <damt4>0.000000</damt4>
            <damt5>0.000000</damt5>
            <damt6>0.000000</damt6>
            <damt7>3715.000000</damt7>
            <damt8>0.000000</damt8>
            <damt9>0.000000</damt9>
            <damt10>3715.000000</damt10>
            <no1>02</no1>
            <no2>01</no2>
            <no3>12</no3>
            <no4>03</no4>
            <budgetno_conver>3303019019</budgetno_conver>
            <b_level>4</b_level>
        </BCME3470_row>
    </BCME3470>
</tables>
