<?xml version="1.0" encoding="UTF-8"?>
<tables>
    <BCME3420>
        <BCME3420_row>
            <budgetno/>
            <agenno/>
            <agentype/>
            <mh_budgetname>合    計</mh_budgetname>
            <displayname>合    計</displayname>
            <budgetno_conver/>
            <tyear_amt>68265000</tyear_amt>
            <lyear_amt>76299000</lyear_amt>
            <byear_amt>67919167</byear_amt>
            <b_amt>-8034000</b_amt>
            <bc_content/>
            <memo/>
        </BCME3420_row>
        <BCME3420_row>
            <budgetno>00710000000</budgetno>
            <agenno>71016</agenno>
            <agentype>C</agentype>
            <mh_budgetname>省市地方政府</mh_budgetname>
            <displayname>省市地方政府</displayname>
            <budgetno_conver>0071000000</budgetno_conver>
            <tyear_amt>68265000</tyear_amt>
            <lyear_amt>76299000</lyear_amt>
            <byear_amt>67919167</byear_amt>
            <b_amt>-8034000</b_amt>
            <bc_content/>
        </BCME3420_row>
        <BCME3420_row>
            <budgetno>00710160000</budgetno>
            <agenno>71016</agenno>
            <agentype>C</agentype>
            <mh_budgetname>臺灣省諮議會</mh_budgetname>
            <displayname>臺灣省諮議會</displayname>
            <budgetno_conver>0071160000</budgetno_conver>
            <tyear_amt>68265000</tyear_amt>
            <lyear_amt>76299000</lyear_amt>
            <byear_amt>67919167</byear_amt>
            <b_amt>-8034000</b_amt>
            <bc_content/>
        </BCME3420_row>
        <BCME3420_row>
            <budgetno>33710160000</budgetno>
            <agenno>71016</agenno>
            <agentype>C</agentype>
            <mh_budgetname>行政支出</mh_budgetname>
            <displayname>行政支出</displayname>
            <budgetno_conver>3371160000</budgetno_conver>
            <tyear_amt>66622000</tyear_amt>
            <lyear_amt>74656000</lyear_amt>
            <byear_amt>64249588</byear_amt>
            <b_amt>-8034000</b_amt>
            <bc_content/>
        </BCME3420_row>
        <BCME3420_row>
            <budgetno>33710160100</budgetno>
            <agenno>71016</agenno>
            <agentype>C</agentype>
            <mh_budgetname>一般行政</mh_budgetname>
            <displayname>一般行政</displayname>
            <budgetno_conver>3371160100</budgetno_conver>
            <tyear_amt>53201000</tyear_amt>
            <lyear_amt>62905000</lyear_amt>
            <byear_amt>53137563</byear_amt>
            <b_amt>-9704000</b_amt>
            <bc_content>本年度預算數之內容與上年度之比較如下：&lt;#H1&gt;人員維持費40,047千元，較上年度核實減列技工、工友、駕駛退職金及撥補勞工退休準備金專戶差額等經費8,572千元。&lt;#H1&gt;基本行政工作維持費8,648千元，與上年度同。&lt;#H1&gt;進修訓練經費170千元，與上年度同。&lt;#H1&gt;聯繫業務經費1,150千元，與上年度同。&lt;#H1&gt;園區藝文活動經費472千元，較上年度減列辦理臺灣地方議政70年系列活動經費1,132千元。&lt;#H1&gt;檔案管理經費2,714千元，與上年度同。</bc_content>
        </BCME3420_row>
        <BCME3420_row>
            <budgetno>33710160200</budgetno>
            <agenno>71016</agenno>
            <agentype>C</agentype>
            <mh_budgetname>議員諮詢業務</mh_budgetname>
            <displayname>議員諮詢業務</displayname>
            <budgetno_conver>3371160200</budgetno_conver>
            <tyear_amt>3544000</tyear_amt>
            <lyear_amt>3544000</lyear_amt>
            <byear_amt>3375631</byear_amt>
            <b_amt>0</b_amt>
            <bc_content/>
        </BCME3420_row>
        <BCME3420_row>
            <budgetno>33710160201</budgetno>
            <agenno>71016</agenno>
            <agentype>C</agentype>
            <mh_budgetname>諮議員費用</mh_budgetname>
            <displayname>諮議員費用</displayname>
            <budgetno_conver>3371160201</budgetno_conver>
            <tyear_amt>2614000</tyear_amt>
            <lyear_amt>2614000</lyear_amt>
            <byear_amt>2427289</byear_amt>
            <b_amt>0</b_amt>
            <bc_content>本年度預算數2,614千元，係諮議員所需相關經費，與上年度同。</bc_content>
        </BCME3420_row>
        <BCME3420_row>
            <budgetno>33710160202</budgetno>
            <agenno>71016</agenno>
            <agentype>C</agentype>
            <mh_budgetname>議會交流事務</mh_budgetname>
            <displayname>議會交流事務</displayname>
            <budgetno_conver>3371160202</budgetno_conver>
            <tyear_amt>432000</tyear_amt>
            <lyear_amt>432000</lyear_amt>
            <byear_amt>432000</byear_amt>
            <b_amt>0</b_amt>
            <bc_content>本年度預算數432千元，係出席全美州議會聯合會及拜訪活動等所需國外旅費，與上年度同。</bc_content>
        </BCME3420_row>
        <BCME3420_row>
            <budgetno>33710160203</budgetno>
            <agenno>71016</agenno>
            <agentype>C</agentype>
            <mh_budgetname>諮議員會館</mh_budgetname>
            <displayname>諮議員會館</displayname>
            <budgetno_conver>3371160203</budgetno_conver>
            <tyear_amt>498000</tyear_amt>
            <lyear_amt>498000</lyear_amt>
            <byear_amt>516342</byear_amt>
            <b_amt>0</b_amt>
            <bc_content>本年度預算數498千元，係諮議員會館維護經費，與上年度同。</bc_content>
        </BCME3420_row>
        <BCME3420_row>
            <budgetno>33710160300</budgetno>
            <agenno>71016</agenno>
            <agentype>C</agentype>
            <mh_budgetname>議事業務</mh_budgetname>
            <displayname>議事業務</displayname>
            <budgetno_conver>3371160300</budgetno_conver>
            <tyear_amt>1292000</tyear_amt>
            <lyear_amt>1292000</lyear_amt>
            <byear_amt>1262301</byear_amt>
            <b_amt>0</b_amt>
            <bc_content/>
        </BCME3420_row>
        <BCME3420_row>
            <budgetno>33710160301</budgetno>
            <agenno>71016</agenno>
            <agentype>C</agentype>
            <mh_budgetname>召開大會</mh_budgetname>
            <displayname>召開大會</displayname>
            <budgetno_conver>3371160301</budgetno_conver>
            <tyear_amt>1053000</tyear_amt>
            <lyear_amt>1053000</lyear_amt>
            <byear_amt>1023808</byear_amt>
            <b_amt>0</b_amt>
            <bc_content>本年度預算數1,053千元，係召開定期及臨時大會所需經費，與上年度同。</bc_content>
        </BCME3420_row>
        <BCME3420_row>
            <budgetno>33710160302</budgetno>
            <agenno>71016</agenno>
            <agentype>C</agentype>
            <mh_budgetname>議事文物管理</mh_budgetname>
            <displayname>議事文物管理</displayname>
            <budgetno_conver>3371160302</budgetno_conver>
            <tyear_amt>239000</tyear_amt>
            <lyear_amt>239000</lyear_amt>
            <byear_amt>238493</byear_amt>
            <b_amt>0</b_amt>
            <bc_content>本年度預算數239千元，係議事文物蒐集整理經費，與上年度同。</bc_content>
        </BCME3420_row>
        <BCME3420_row>
            <budgetno>33710160400</budgetno>
            <agenno>71016</agenno>
            <agentype>C</agentype>
            <mh_budgetname>研究業務</mh_budgetname>
            <displayname>研究業務</displayname>
            <budgetno_conver>3371160400</budgetno_conver>
            <tyear_amt>8092000</tyear_amt>
            <lyear_amt>6422000</lyear_amt>
            <byear_amt>5968878</byear_amt>
            <b_amt>1670000</b_amt>
            <bc_content/>
        </BCME3420_row>
        <BCME3420_row>
            <budgetno>33710160401</budgetno>
            <agenno>71016</agenno>
            <agentype>C</agentype>
            <mh_budgetname>研究發展及諮詢</mh_budgetname>
            <displayname>研究發展及諮詢</displayname>
            <budgetno_conver>3371160401</budgetno_conver>
            <tyear_amt>3750000</tyear_amt>
            <lyear_amt>3955000</lyear_amt>
            <byear_amt>2373662</byear_amt>
            <b_amt>-205000</b_amt>
            <bc_content>本年度預算數之內容與上年度之比較如下：&lt;#H1&gt;人員維持費79千元，與上年度同。&lt;#H1&gt;研究發展及諮詢業務經費3,551千元，較上年度減列175千元，包括：&lt;#H2&gt;推動專案研究等經費635千元，與上年度同。&lt;#H2&gt;成立我國地方自治議政史料數位研究發展中心計畫總經費19,910千元，分5年辦理，103至105年度已編列13,216千元，本年度續編第4年經費3,978千元，其中研究發展等經費2,916千元，較上年度減列175千元。&lt;#H1&gt;培訓業務經費120千元，較上年度減列30千元。&#xd;
</bc_content>
        </BCME3420_row>
        <BCME3420_row>
            <budgetno>33710160402</budgetno>
            <agenno>71016</agenno>
            <agentype>C</agentype>
            <mh_budgetname>資訊管理</mh_budgetname>
            <displayname>資訊管理</displayname>
            <budgetno_conver>3371160402</budgetno_conver>
            <tyear_amt>4342000</tyear_amt>
            <lyear_amt>2467000</lyear_amt>
            <byear_amt>3595216</byear_amt>
            <b_amt>1875000</b_amt>
            <bc_content>本年度預算數之內容與上年度之比較如下：&lt;#H1&gt;人員維持費34千元，與上年度同。&lt;#H1&gt;電子處理資料作業經費4,308千元，較上年度增列1,875千元，包括：&lt;#H2&gt;辦理資訊服務及充實軟硬體設備等經費1,246千元，與上年度同。&lt;#H2&gt;成立我國地方自治議政史料數位研究發展中心計畫總經費19,910千元，分5年辦理，103至105年度已編列13,216千元，本年度續編第4年經費3,978千元，其中建置雲端資料庫及相關設備等經費1,062千元，較上年度減列125千元。&lt;#H2&gt;新增臺灣省諮議會議政數位史料整合及資訊服務提昇計畫經費2,000千元。</bc_content>
        </BCME3420_row>
        <BCME3420_row>
            <budgetno>33710169000</budgetno>
            <agenno>71016</agenno>
            <agentype>C</agentype>
            <mh_budgetname>一般建築及設備</mh_budgetname>
            <displayname>一般建築及設備</displayname>
            <budgetno_conver>3371169000</budgetno_conver>
            <tyear_amt>483000</tyear_amt>
            <lyear_amt>483000</lyear_amt>
            <byear_amt>505215</byear_amt>
            <b_amt>0</b_amt>
            <bc_content/>
        </BCME3420_row>
        <BCME3420_row>
            <budgetno>33710169019</budgetno>
            <agenno>71016</agenno>
            <agentype>C</agentype>
            <mh_budgetname>其他設備</mh_budgetname>
            <displayname>其他設備</displayname>
            <budgetno_conver>3371169019</budgetno_conver>
            <tyear_amt>483000</tyear_amt>
            <lyear_amt>483000</lyear_amt>
            <byear_amt>505215</byear_amt>
            <b_amt>0</b_amt>
            <bc_content>本年度預算數之內容與上年度之比較如下：&lt;#H1&gt;汰換傳真機、影印機及辦公設備等經費483千元。&lt;#H1&gt;上年度汰換冷氣機、飲水機及辦公設備等預算業已編竣，所列483千元如數減列。</bc_content>
        </BCME3420_row>
        <BCME3420_row>
            <budgetno>33710169800</budgetno>
            <agenno>71016</agenno>
            <agentype>C</agentype>
            <mh_budgetname>第一預備金</mh_budgetname>
            <displayname>第一預備金</displayname>
            <budgetno_conver>3371169800</budgetno_conver>
            <tyear_amt>10000</tyear_amt>
            <lyear_amt>10000</lyear_amt>
            <byear_amt>0</byear_amt>
            <b_amt>0</b_amt>
            <bc_content>仍照上年度預算數編列。</bc_content>
        </BCME3420_row>
        <BCME3420_row>
            <budgetno>53710160000</budgetno>
            <agenno>71016</agenno>
            <agentype>C</agentype>
            <mh_budgetname>文化支出</mh_budgetname>
            <displayname>文化支出</displayname>
            <budgetno_conver>5371160000</budgetno_conver>
            <tyear_amt>1643000</tyear_amt>
            <lyear_amt>1643000</lyear_amt>
            <byear_amt>3669579</byear_amt>
            <b_amt>0</b_amt>
            <bc_content/>
        </BCME3420_row>
        <BCME3420_row>
            <budgetno>53710160500</budgetno>
            <agenno>71016</agenno>
            <agentype>C</agentype>
            <mh_budgetname>臺灣議政史料典藏及展示業務</mh_budgetname>
            <displayname>臺灣議政史料典藏及展示業務</displayname>
            <budgetno_conver>5371160500</budgetno_conver>
            <tyear_amt>1643000</tyear_amt>
            <lyear_amt>1643000</lyear_amt>
            <byear_amt>3669579</byear_amt>
            <b_amt>0</b_amt>
            <bc_content>本年度預算數之內容與上年度之比較如下：&lt;#H1&gt;學術研究發展經費83千元，與上年度同。&lt;#H1&gt;典藏展示經費193千元，與上年度同。&lt;#H1&gt;推廣教育經費62千元，與上年度同。&lt;#H1&gt;行政業務經費1,305千元，與上年度同。</bc_content>
        </BCME3420_row>
    </BCME3420>
</tables>
