<?xml version="1.0" encoding="UTF-8"?>
<tables>
    <BCME3450>
        <BCME3450_row>
            <objectNo>合計</objectNo>
            <budgetno_3371160100>53201.00</budgetno_3371160100>
            <budgetno_3371160301>1053.00</budgetno_3371160301>
            <budgetno_3371160401>3750.00</budgetno_3371160401>
            <budgetno_3371160402>4342.00</budgetno_3371160402>
            <budgetno_5371160500>1643.00</budgetno_5371160500>
            <budgetno_3371160201>2614.00</budgetno_3371160201>
            <budgetno_3371160202>432.00</budgetno_3371160202>
            <budgetno_3371160203>498.00</budgetno_3371160203>
            <budgetno_3371160302>239.00</budgetno_3371160302>
            <budgetno_3371169019>483.00</budgetno_3371169019>
            <budgetno_3371169800>10.00</budgetno_3371169800>
            <total>68265.00</total>
        </BCME3450_row>
        <BCME3450_row>
            <objectNo>0100 人事費</objectNo>
            <budgetno_3371160100>40047.00</budgetno_3371160100>
            <budgetno_3371160301>109.00</budgetno_3371160301>
            <budgetno_3371160401>121.00</budgetno_3371160401>
            <budgetno_3371160402>34.00</budgetno_3371160402>
            <budgetno_5371160500>120.00</budgetno_5371160500>
            <budgetno_3371160201/>
            <budgetno_3371160202/>
            <budgetno_3371160203/>
            <budgetno_3371160302/>
            <budgetno_3371169019/>
            <budgetno_3371169800/>
            <total>40431.00</total>
        </BCME3450_row>
        <BCME3450_row>
            <objectNo>  0103 法定編制人員待遇</objectNo>
            <budgetno_3371160100>17376.00</budgetno_3371160100>
            <budgetno_3371160301/>
            <budgetno_3371160401/>
            <budgetno_3371160402/>
            <budgetno_5371160500/>
            <budgetno_3371160201/>
            <budgetno_3371160202/>
            <budgetno_3371160203/>
            <budgetno_3371160302/>
            <budgetno_3371169019/>
            <budgetno_3371169800/>
            <total>17376.00</total>
        </BCME3450_row>
        <BCME3450_row>
            <objectNo>  0104 約聘僱人員待遇</objectNo>
            <budgetno_3371160100>2442.00</budgetno_3371160100>
            <budgetno_3371160301/>
            <budgetno_3371160401/>
            <budgetno_3371160402/>
            <budgetno_5371160500/>
            <budgetno_3371160201/>
            <budgetno_3371160202/>
            <budgetno_3371160203/>
            <budgetno_3371160302/>
            <budgetno_3371169019/>
            <budgetno_3371169800/>
            <total>2442.00</total>
        </BCME3450_row>
        <BCME3450_row>
            <objectNo>  0105 技工及工友待遇</objectNo>
            <budgetno_3371160100>6232.00</budgetno_3371160100>
            <budgetno_3371160301/>
            <budgetno_3371160401/>
            <budgetno_3371160402/>
            <budgetno_5371160500/>
            <budgetno_3371160201/>
            <budgetno_3371160202/>
            <budgetno_3371160203/>
            <budgetno_3371160302/>
            <budgetno_3371169019/>
            <budgetno_3371169800/>
            <total>6232.00</total>
        </BCME3450_row>
        <BCME3450_row>
            <objectNo>  0111 獎金</objectNo>
            <budgetno_3371160100>6755.00</budgetno_3371160100>
            <budgetno_3371160301/>
            <budgetno_3371160401/>
            <budgetno_3371160402/>
            <budgetno_5371160500/>
            <budgetno_3371160201/>
            <budgetno_3371160202/>
            <budgetno_3371160203/>
            <budgetno_3371160302/>
            <budgetno_3371169019/>
            <budgetno_3371169800/>
            <total>6755.00</total>
        </BCME3450_row>
        <BCME3450_row>
            <objectNo>  0121 其他給與</objectNo>
            <budgetno_3371160100>656.00</budgetno_3371160100>
            <budgetno_3371160301/>
            <budgetno_3371160401/>
            <budgetno_3371160402/>
            <budgetno_5371160500/>
            <budgetno_3371160201/>
            <budgetno_3371160202/>
            <budgetno_3371160203/>
            <budgetno_3371160302/>
            <budgetno_3371169019/>
            <budgetno_3371169800/>
            <total>656.00</total>
        </BCME3450_row>
        <BCME3450_row>
            <objectNo>  0131 加班值班費</objectNo>
            <budgetno_3371160100>1786.00</budgetno_3371160100>
            <budgetno_3371160301>109.00</budgetno_3371160301>
            <budgetno_3371160401>121.00</budgetno_3371160401>
            <budgetno_3371160402>34.00</budgetno_3371160402>
            <budgetno_5371160500>120.00</budgetno_5371160500>
            <budgetno_3371160201/>
            <budgetno_3371160202/>
            <budgetno_3371160203/>
            <budgetno_3371160302/>
            <budgetno_3371169019/>
            <budgetno_3371169800/>
            <total>2170.00</total>
        </BCME3450_row>
        <BCME3450_row>
            <objectNo>  0142 退休退職給付</objectNo>
            <budgetno_3371160100>105.00</budgetno_3371160100>
            <budgetno_3371160301/>
            <budgetno_3371160401/>
            <budgetno_3371160402/>
            <budgetno_5371160500/>
            <budgetno_3371160201/>
            <budgetno_3371160202/>
            <budgetno_3371160203/>
            <budgetno_3371160302/>
            <budgetno_3371169019/>
            <budgetno_3371169800/>
            <total>105.00</total>
        </BCME3450_row>
        <BCME3450_row>
            <objectNo>  0143 退休離職儲金</objectNo>
            <budgetno_3371160100>1981.00</budgetno_3371160100>
            <budgetno_3371160301/>
            <budgetno_3371160401/>
            <budgetno_3371160402/>
            <budgetno_5371160500/>
            <budgetno_3371160201/>
            <budgetno_3371160202/>
            <budgetno_3371160203/>
            <budgetno_3371160302/>
            <budgetno_3371169019/>
            <budgetno_3371169800/>
            <total>1981.00</total>
        </BCME3450_row>
        <BCME3450_row>
            <objectNo>  0151 保險</objectNo>
            <budgetno_3371160100>2714.00</budgetno_3371160100>
            <budgetno_3371160301/>
            <budgetno_3371160401/>
            <budgetno_3371160402/>
            <budgetno_5371160500/>
            <budgetno_3371160201/>
            <budgetno_3371160202/>
            <budgetno_3371160203/>
            <budgetno_3371160302/>
            <budgetno_3371169019/>
            <budgetno_3371169800/>
            <total>2714.00</total>
        </BCME3450_row>
        <BCME3450_row>
            <objectNo>0200 業務費</objectNo>
            <budgetno_3371160100>12313.00</budgetno_3371160100>
            <budgetno_3371160301>944.00</budgetno_3371160301>
            <budgetno_3371160401>3629.00</budgetno_3371160401>
            <budgetno_3371160402>1206.00</budgetno_3371160402>
            <budgetno_5371160500>582.00</budgetno_5371160500>
            <budgetno_3371160201>2614.00</budgetno_3371160201>
            <budgetno_3371160202>432.00</budgetno_3371160202>
            <budgetno_3371160203>498.00</budgetno_3371160203>
            <budgetno_3371160302>239.00</budgetno_3371160302>
            <budgetno_3371169019/>
            <budgetno_3371169800/>
            <total>22457.00</total>
        </BCME3450_row>
        <BCME3450_row>
            <objectNo>  0201 教育訓練費</objectNo>
            <budgetno_3371160100>120.00</budgetno_3371160100>
            <budgetno_3371160301/>
            <budgetno_3371160401/>
            <budgetno_3371160402/>
            <budgetno_5371160500>25.00</budgetno_5371160500>
            <budgetno_3371160201/>
            <budgetno_3371160202/>
            <budgetno_3371160203/>
            <budgetno_3371160302/>
            <budgetno_3371169019/>
            <budgetno_3371169800/>
            <total>145.00</total>
        </BCME3450_row>
        <BCME3450_row>
            <objectNo>  0202 水電費</objectNo>
            <budgetno_3371160100>1493.00</budgetno_3371160100>
            <budgetno_3371160301/>
            <budgetno_3371160401/>
            <budgetno_3371160402/>
            <budgetno_5371160500>70.00</budgetno_5371160500>
            <budgetno_3371160201/>
            <budgetno_3371160202/>
            <budgetno_3371160203>185.00</budgetno_3371160203>
            <budgetno_3371160302/>
            <budgetno_3371169019/>
            <budgetno_3371169800/>
            <total>1748.00</total>
        </BCME3450_row>
        <BCME3450_row>
            <objectNo>  0203 通訊費</objectNo>
            <budgetno_3371160100>704.00</budgetno_3371160100>
            <budgetno_3371160301/>
            <budgetno_3371160401/>
            <budgetno_3371160402>240.00</budgetno_3371160402>
            <budgetno_5371160500/>
            <budgetno_3371160201/>
            <budgetno_3371160202/>
            <budgetno_3371160203/>
            <budgetno_3371160302/>
            <budgetno_3371169019/>
            <budgetno_3371169800/>
            <total>944.00</total>
        </BCME3450_row>
        <BCME3450_row>
            <objectNo>  0215 資訊服務費</objectNo>
            <budgetno_3371160100/>
            <budgetno_3371160301/>
            <budgetno_3371160401/>
            <budgetno_3371160402>882.00</budgetno_3371160402>
            <budgetno_5371160500/>
            <budgetno_3371160201/>
            <budgetno_3371160202/>
            <budgetno_3371160203/>
            <budgetno_3371160302/>
            <budgetno_3371169019/>
            <budgetno_3371169800/>
            <total>882.00</total>
        </BCME3450_row>
        <BCME3450_row>
            <objectNo>  0219 其他業務租金</objectNo>
            <budgetno_3371160100>200.00</budgetno_3371160100>
            <budgetno_3371160301/>
            <budgetno_3371160401/>
            <budgetno_3371160402/>
            <budgetno_5371160500/>
            <budgetno_3371160201/>
            <budgetno_3371160202/>
            <budgetno_3371160203/>
            <budgetno_3371160302/>
            <budgetno_3371169019/>
            <budgetno_3371169800/>
            <total>200.00</total>
        </BCME3450_row>
        <BCME3450_row>
            <objectNo>  0221 稅捐及規費</objectNo>
            <budgetno_3371160100>150.00</budgetno_3371160100>
            <budgetno_3371160301/>
            <budgetno_3371160401/>
            <budgetno_3371160402/>
            <budgetno_5371160500/>
            <budgetno_3371160201/>
            <budgetno_3371160202/>
            <budgetno_3371160203/>
            <budgetno_3371160302/>
            <budgetno_3371169019/>
            <budgetno_3371169800/>
            <total>150.00</total>
        </BCME3450_row>
        <BCME3450_row>
            <objectNo>  0231 保險費</objectNo>
            <budgetno_3371160100>210.00</budgetno_3371160100>
            <budgetno_3371160301/>
            <budgetno_3371160401/>
            <budgetno_3371160402/>
            <budgetno_5371160500/>
            <budgetno_3371160201/>
            <budgetno_3371160202/>
            <budgetno_3371160203/>
            <budgetno_3371160302/>
            <budgetno_3371169019/>
            <budgetno_3371169800/>
            <total>210.00</total>
        </BCME3450_row>
        <BCME3450_row>
            <objectNo>  0249 臨時人員酬金</objectNo>
            <budgetno_3371160100>369.00</budgetno_3371160100>
            <budgetno_3371160301/>
            <budgetno_3371160401/>
            <budgetno_3371160402/>
            <budgetno_5371160500/>
            <budgetno_3371160201/>
            <budgetno_3371160202/>
            <budgetno_3371160203/>
            <budgetno_3371160302/>
            <budgetno_3371169019/>
            <budgetno_3371169800/>
            <total>369.00</total>
        </BCME3450_row>
        <BCME3450_row>
            <objectNo>  0250 按日按件計資酬金</objectNo>
            <budgetno_3371160100>180.00</budgetno_3371160100>
            <budgetno_3371160301>100.00</budgetno_3371160301>
            <budgetno_3371160401>342.00</budgetno_3371160401>
            <budgetno_3371160402>20.00</budgetno_3371160402>
            <budgetno_5371160500>50.00</budgetno_5371160500>
            <budgetno_3371160201>2140.00</budgetno_3371160201>
            <budgetno_3371160202/>
            <budgetno_3371160203/>
            <budgetno_3371160302>70.00</budgetno_3371160302>
            <budgetno_3371169019/>
            <budgetno_3371169800/>
            <total>2902.00</total>
        </BCME3450_row>
        <BCME3450_row>
            <objectNo>  0271 物品</objectNo>
            <budgetno_3371160100>625.00</budgetno_3371160100>
            <budgetno_3371160301/>
            <budgetno_3371160401>40.00</budgetno_3371160401>
            <budgetno_3371160402/>
            <budgetno_5371160500>10.00</budgetno_5371160500>
            <budgetno_3371160201/>
            <budgetno_3371160202/>
            <budgetno_3371160203/>
            <budgetno_3371160302/>
            <budgetno_3371169019/>
            <budgetno_3371169800/>
            <total>675.00</total>
        </BCME3450_row>
        <BCME3450_row>
            <objectNo>  0279 一般事務費</objectNo>
            <budgetno_3371160100>6049.00</budgetno_3371160100>
            <budgetno_3371160301>320.00</budgetno_3371160301>
            <budgetno_3371160401>3139.00</budgetno_3371160401>
            <budgetno_3371160402>24.00</budgetno_3371160402>
            <budgetno_5371160500>117.00</budgetno_5371160500>
            <budgetno_3371160201>60.00</budgetno_3371160201>
            <budgetno_3371160202/>
            <budgetno_3371160203>170.00</budgetno_3371160203>
            <budgetno_3371160302>108.00</budgetno_3371160302>
            <budgetno_3371169019/>
            <budgetno_3371169800/>
            <total>9987.00</total>
        </BCME3450_row>
        <BCME3450_row>
            <objectNo>  0282 房屋建築養護費</objectNo>
            <budgetno_3371160100>256.00</budgetno_3371160100>
            <budgetno_3371160301/>
            <budgetno_3371160401/>
            <budgetno_3371160402/>
            <budgetno_5371160500>40.00</budgetno_5371160500>
            <budgetno_3371160201/>
            <budgetno_3371160202/>
            <budgetno_3371160203>96.00</budgetno_3371160203>
            <budgetno_3371160302/>
            <budgetno_3371169019/>
            <budgetno_3371169800/>
            <total>392.00</total>
        </BCME3450_row>
        <BCME3450_row>
            <objectNo>  0283 車輛及辦公器具養護費</objectNo>
            <budgetno_3371160100>230.00</budgetno_3371160100>
            <budgetno_3371160301/>
            <budgetno_3371160401/>
            <budgetno_3371160402/>
            <budgetno_5371160500/>
            <budgetno_3371160201/>
            <budgetno_3371160202/>
            <budgetno_3371160203/>
            <budgetno_3371160302/>
            <budgetno_3371169019/>
            <budgetno_3371169800/>
            <total>230.00</total>
        </BCME3450_row>
        <BCME3450_row>
            <objectNo>  0284 設施及機械設備養護費</objectNo>
            <budgetno_3371160100>231.00</budgetno_3371160100>
            <budgetno_3371160301>50.00</budgetno_3371160301>
            <budgetno_3371160401>8.00</budgetno_3371160401>
            <budgetno_3371160402/>
            <budgetno_5371160500>30.00</budgetno_5371160500>
            <budgetno_3371160201/>
            <budgetno_3371160202/>
            <budgetno_3371160203>47.00</budgetno_3371160203>
            <budgetno_3371160302>25.00</budgetno_3371160302>
            <budgetno_3371169019/>
            <budgetno_3371169800/>
            <total>391.00</total>
        </BCME3450_row>
        <BCME3450_row>
            <objectNo>  0291 國內旅費</objectNo>
            <budgetno_3371160100>703.00</budgetno_3371160100>
            <budgetno_3371160301>415.00</budgetno_3371160301>
            <budgetno_3371160401>100.00</budgetno_3371160401>
            <budgetno_3371160402>40.00</budgetno_3371160402>
            <budgetno_5371160500>147.00</budgetno_5371160500>
            <budgetno_3371160201>414.00</budgetno_3371160201>
            <budgetno_3371160202/>
            <budgetno_3371160203/>
            <budgetno_3371160302>36.00</budgetno_3371160302>
            <budgetno_3371169019/>
            <budgetno_3371169800/>
            <total>1855.00</total>
        </BCME3450_row>
        <BCME3450_row>
            <objectNo>  0292 大陸地區旅費</objectNo>
            <budgetno_3371160100/>
            <budgetno_3371160301/>
            <budgetno_3371160401/>
            <budgetno_3371160402/>
            <budgetno_5371160500>53.00</budgetno_5371160500>
            <budgetno_3371160201/>
            <budgetno_3371160202/>
            <budgetno_3371160203/>
            <budgetno_3371160302/>
            <budgetno_3371169019/>
            <budgetno_3371169800/>
            <total>53.00</total>
        </BCME3450_row>
        <BCME3450_row>
            <objectNo>  0293 國外旅費</objectNo>
            <budgetno_3371160100/>
            <budgetno_3371160301/>
            <budgetno_3371160401/>
            <budgetno_3371160402/>
            <budgetno_5371160500/>
            <budgetno_3371160201/>
            <budgetno_3371160202>432.00</budgetno_3371160202>
            <budgetno_3371160203/>
            <budgetno_3371160302/>
            <budgetno_3371169019/>
            <budgetno_3371169800/>
            <total>432.00</total>
        </BCME3450_row>
        <BCME3450_row>
            <objectNo>  0294 運費</objectNo>
            <budgetno_3371160100>60.00</budgetno_3371160100>
            <budgetno_3371160301>33.00</budgetno_3371160301>
            <budgetno_3371160401/>
            <budgetno_3371160402/>
            <budgetno_5371160500>30.00</budgetno_5371160500>
            <budgetno_3371160201/>
            <budgetno_3371160202/>
            <budgetno_3371160203/>
            <budgetno_3371160302/>
            <budgetno_3371169019/>
            <budgetno_3371169800/>
            <total>123.00</total>
        </BCME3450_row>
        <BCME3450_row>
            <objectNo>  0295 短程車資</objectNo>
            <budgetno_3371160100>50.00</budgetno_3371160100>
            <budgetno_3371160301>26.00</budgetno_3371160301>
            <budgetno_3371160401/>
            <budgetno_3371160402/>
            <budgetno_5371160500>10.00</budgetno_5371160500>
            <budgetno_3371160201/>
            <budgetno_3371160202/>
            <budgetno_3371160203/>
            <budgetno_3371160302/>
            <budgetno_3371169019/>
            <budgetno_3371169800/>
            <total>86.00</total>
        </BCME3450_row>
        <BCME3450_row>
            <objectNo>  0299 特別費</objectNo>
            <budgetno_3371160100>683.00</budgetno_3371160100>
            <budgetno_3371160301/>
            <budgetno_3371160401/>
            <budgetno_3371160402/>
            <budgetno_5371160500/>
            <budgetno_3371160201/>
            <budgetno_3371160202/>
            <budgetno_3371160203/>
            <budgetno_3371160302/>
            <budgetno_3371169019/>
            <budgetno_3371169800/>
            <total>683.00</total>
        </BCME3450_row>
        <BCME3450_row>
            <objectNo>0300 設備及投資</objectNo>
            <budgetno_3371160100>205.00</budgetno_3371160100>
            <budgetno_3371160301/>
            <budgetno_3371160401/>
            <budgetno_3371160402>3102.00</budgetno_3371160402>
            <budgetno_5371160500>941.00</budgetno_5371160500>
            <budgetno_3371160201/>
            <budgetno_3371160202/>
            <budgetno_3371160203/>
            <budgetno_3371160302/>
            <budgetno_3371169019>483.00</budgetno_3371169019>
            <budgetno_3371169800/>
            <total>4731.00</total>
        </BCME3450_row>
        <BCME3450_row>
            <objectNo>  0302 房屋建築及設備費</objectNo>
            <budgetno_3371160100>205.00</budgetno_3371160100>
            <budgetno_3371160301/>
            <budgetno_3371160401/>
            <budgetno_3371160402/>
            <budgetno_5371160500>941.00</budgetno_5371160500>
            <budgetno_3371160201/>
            <budgetno_3371160202/>
            <budgetno_3371160203/>
            <budgetno_3371160302/>
            <budgetno_3371169019/>
            <budgetno_3371169800/>
            <total>1146.00</total>
        </BCME3450_row>
        <BCME3450_row>
            <objectNo>  0306 資訊軟硬體設備費</objectNo>
            <budgetno_3371160100/>
            <budgetno_3371160301/>
            <budgetno_3371160401/>
            <budgetno_3371160402>3102.00</budgetno_3371160402>
            <budgetno_5371160500/>
            <budgetno_3371160201/>
            <budgetno_3371160202/>
            <budgetno_3371160203/>
            <budgetno_3371160302/>
            <budgetno_3371169019/>
            <budgetno_3371169800/>
            <total>3102.00</total>
        </BCME3450_row>
        <BCME3450_row>
            <objectNo>  0319 雜項設備費</objectNo>
            <budgetno_3371160100/>
            <budgetno_3371160301/>
            <budgetno_3371160401/>
            <budgetno_3371160402/>
            <budgetno_5371160500/>
            <budgetno_3371160201/>
            <budgetno_3371160202/>
            <budgetno_3371160203/>
            <budgetno_3371160302/>
            <budgetno_3371169019>483.00</budgetno_3371169019>
            <budgetno_3371169800/>
            <total>483.00</total>
        </BCME3450_row>
        <BCME3450_row>
            <objectNo>0400 獎補助費</objectNo>
            <budgetno_3371160100>636.00</budgetno_3371160100>
            <budgetno_3371160301/>
            <budgetno_3371160401/>
            <budgetno_3371160402/>
            <budgetno_5371160500/>
            <budgetno_3371160201/>
            <budgetno_3371160202/>
            <budgetno_3371160203/>
            <budgetno_3371160302/>
            <budgetno_3371169019/>
            <budgetno_3371169800/>
            <total>636.00</total>
        </BCME3450_row>
        <BCME3450_row>
            <objectNo>  0475 獎勵及慰問</objectNo>
            <budgetno_3371160100>636.00</budgetno_3371160100>
            <budgetno_3371160301/>
            <budgetno_3371160401/>
            <budgetno_3371160402/>
            <budgetno_5371160500/>
            <budgetno_3371160201/>
            <budgetno_3371160202/>
            <budgetno_3371160203/>
            <budgetno_3371160302/>
            <budgetno_3371169019/>
            <budgetno_3371169800/>
            <total>636.00</total>
        </BCME3450_row>
        <BCME3450_row>
            <objectNo>0900 預備金</objectNo>
            <budgetno_3371160100/>
            <budgetno_3371160301/>
            <budgetno_3371160401/>
            <budgetno_3371160402/>
            <budgetno_5371160500/>
            <budgetno_3371160201/>
            <budgetno_3371160202/>
            <budgetno_3371160203/>
            <budgetno_3371160302/>
            <budgetno_3371169019/>
            <budgetno_3371169800>10.00</budgetno_3371169800>
            <total>10.00</total>
        </BCME3450_row>
        <BCME3450_row>
            <objectNo>  0901 第一預備金</objectNo>
            <budgetno_3371160100/>
            <budgetno_3371160301/>
            <budgetno_3371160401/>
            <budgetno_3371160402/>
            <budgetno_5371160500/>
            <budgetno_3371160201/>
            <budgetno_3371160202/>
            <budgetno_3371160203/>
            <budgetno_3371160302/>
            <budgetno_3371169019/>
            <budgetno_3371169800>10.00</budgetno_3371169800>
            <total>10.00</total>
        </BCME3450_row>
    </BCME3450>
</tables>
