<?xml version="1.0" encoding="UTF-8"?>
<tables>
    <BCTDOUTGO>
        <BCTDOUTGO_row>
            <bm_fiscalyear>106</bm_fiscalyear>
            <bm_fundkind>1</bm_fundkind>
            <bm_budgetkind>1</bm_budgetkind>
            <bm_specialbudgetno/>
            <bm_agenno>71016</bm_agenno>
            <bm_agentype>C</bm_agentype>
            <bm_budgetstate>1</bm_budgetstate>
            <bm_abroadplan>2</bm_abroadplan>
            <bm_projtype>3 </bm_projtype>
            <bm_projno>01</bm_projno>
            <bm_abroadplanname>檔案數位化典藏學術研究及交流</bm_abroadplanname>
            <bm_visitsts>1</bm_visitsts>
            <bm_visitexplain/>
            <bm_dispatchstaffs>0</bm_dispatchstaffs>
            <bm_abroadsite1/>
            <bm_abroadsite2/>
            <bm_abroadsite3/>
            <bm_abroadperiod1/>
            <bm_abroadperiodto1/>
            <bm_abroadperiod2/>
            <bm_abroadperiodto2/>
            <bm_abroadperiod3/>
            <bm_abroadperiodto3/>
            <bm_abroadstaffs1>0</bm_abroadstaffs1>
            <bm_abroadstaffs2>0</bm_abroadstaffs2>
            <bm_abroadstaffs3>0</bm_abroadstaffs3>
            <bm_abroadallowance1>0.00</bm_abroadallowance1>
            <bm_abroadallowance2>0.00</bm_abroadallowance2>
            <bm_abroadallowance3>0.00</bm_abroadallowance3>
            <bm_budgetno>5371160500</bm_budgetno>
            <bm_regionno>76</bm_regionno>
            <bm_country>大陸地區</bm_country>
            <bm_agency>檔案管理及臺灣研究相關機構</bm_agency>
            <bm_cont_text>赴大陸地區辦理檔案史料數位典藏學術研討及交流。</bm_cont_text>
            <bm_durationfrom>10605</bm_durationfrom>
            <bm_durationto>10605</bm_durationto>
            <bm_days>3</bm_days>
            <bm_persons>3</bm_persons>
            <bm_amt_trans>40000.00</bm_amt_trans>
            <bm_amt_life>9000.00</bm_amt_life>
            <bm_amt_public>4000.00</bm_amt_public>
            <bm_amt_books>0.00</bm_amt_books>
            <bm_amt_flight>0.00</bm_amt_flight>
            <bm_versiondate/>
        </BCTDOUTGO_row>
    </BCTDOUTGO>
</tables>
