<?xml version="1.0" encoding="UTF-8"?>
<tables>
    <BCME3530Bean>
        <BCME3530Bean_row>
            <be_fiscalyear>106</be_fiscalyear>
            <be_fundkind>1</be_fundkind>
            <be_budgetkind>1</be_budgetkind>
            <be_specialbudgetno/>
            <be_agenno>71016</be_agenno>
            <be_agentype>C</be_agentype>
            <be_budgetstate>1</be_budgetstate>
            <be_budgetsource>1</be_budgetsource>
            <be_budgetno/>
            <be_ordinaryid/>
            <be_budgettype/>
            <be_caseno>01</be_caseno>
            <be_exectype/>
            <be_applyid>0</be_applyid>
            <be_versiondate/>
            <oeme>null
null</oeme>
            <reme>null
null</reme>
            <list1>
                <list1_row>
                    <be_fiscalyear>106</be_fiscalyear>
                    <be_fundkind>1</be_fundkind>
                    <be_budgetkind>1</be_budgetkind>
                    <be_specialbudgetno/>
                    <be_agenno>71016</be_agenno>
                    <be_agentype>C</be_agentype>
                    <be_budgetstate>1</be_budgetstate>
                    <be_budgetsource>1</be_budgetsource>
                    <be_budgetno>33710160401</be_budgetno>
                    <be_ordinaryid>1</be_ordinaryid>
                    <be_budgettype>E</be_budgettype>
                    <be_caseno>01</be_caseno>
                    <be_exectype>14</be_exectype>
                    <be_applyid>0</be_applyid>
                    <be_totalamt>120000.00</be_totalamt>
                    <be_allotment1>0.00</be_allotment1>
                    <be_allotment2>0.00</be_allotment2>
                    <be_allotment3>0.00</be_allotment3>
                    <be_allotment4>0.00</be_allotment4>
                    <be_allotment5>0.00</be_allotment5>
                    <be_allotment6>0.00</be_allotment6>
                    <be_allotment7>0.00</be_allotment7>
                    <be_allotment8>0.00</be_allotment8>
                    <be_allotment9>0.00</be_allotment9>
                    <be_allotment10>0.00</be_allotment10>
                    <be_allotment11>0.00</be_allotment11>
                    <be_allotment12>0.00</be_allotment12>
                    <be_unallotment>0.00</be_unallotment>
                    <be_allotmentssts>0.00</be_allotmentssts>
                    <be_versiondate/>
                    <mh_budgetno>33710160401</mh_budgetno>
                    <mh_budgetname>研究發展及諮詢</mh_budgetname>
                </list1_row>
            </list1>
            <list2>
                <list2_row>
                    <be_fiscalyear>106</be_fiscalyear>
                    <be_fundkind>1</be_fundkind>
                    <be_budgetkind>1</be_budgetkind>
                    <be_specialbudgetno/>
                    <be_agenno>71016</be_agenno>
                    <be_agentype>C</be_agentype>
                    <be_budgetstate>1</be_budgetstate>
                    <be_budgetsource>1</be_budgetsource>
                    <be_budgetno>11710160909</be_budgetno>
                    <be_ordinaryid>1</be_ordinaryid>
                    <be_budgettype>R</be_budgettype>
                    <be_caseno>01</be_caseno>
                    <be_exectype/>
                    <be_applyid>0</be_applyid>
                    <be_totalamt>120000.00</be_totalamt>
                    <be_allotment1>0.00</be_allotment1>
                    <be_allotment2>0.00</be_allotment2>
                    <be_allotment3>0.00</be_allotment3>
                    <be_allotment4>0.00</be_allotment4>
                    <be_allotment5>0.00</be_allotment5>
                    <be_allotment6>0.00</be_allotment6>
                    <be_allotment7>0.00</be_allotment7>
                    <be_allotment8>0.00</be_allotment8>
                    <be_allotment9>0.00</be_allotment9>
                    <be_allotment10>0.00</be_allotment10>
                    <be_allotment11>0.00</be_allotment11>
                    <be_allotment12>0.00</be_allotment12>
                    <be_unallotment>0.00</be_unallotment>
                    <be_allotmentssts>0.00</be_allotmentssts>
                    <be_versiondate/>
                    <mh_budgetno>11710160909</mh_budgetno>
                    <mh_budgetname>其他雜項收入</mh_budgetname>
                </list2_row>
            </list2>
        </BCME3530Bean_row>
    </BCME3530Bean>
</tables>
