<?xml version="1.0" encoding="UTF-8"?>
<tables>
    <BCTDMANAMT>
        <BCTDMANAMT_row>
            <bn_fiscalyear>105</bn_fiscalyear>
            <bn_fundkind>1</bn_fundkind>
            <bn_budgetkind>1</bn_budgetkind>
            <bn_specialbudgetno/>
            <bn_agenno>63010</bn_agenno>
            <bn_agentype>C</bn_agentype>
            <bn_budgetstate>2</bn_budgetstate>
            <bn_budgetsource>1</bn_budgetsource>
            <bn_man1>2504</bn_man1>
            <bn_man1_l>2450</bn_man1_l>
            <bn_man2>0</bn_man2>
            <bn_man2_l>0</bn_man2_l>
            <bn_man3>162</bn_man3>
            <bn_man3_l>198</bn_man3_l>
            <bn_man4>12</bn_man4>
            <bn_man4_l>13</bn_man4_l>
            <bn_man5>22</bn_man5>
            <bn_man5_l>22</bn_man5_l>
            <bn_man6>129</bn_man6>
            <bn_man6_l>93</bn_man6_l>
            <bn_man7>0</bn_man7>
            <bn_man7_l>0</bn_man7_l>
            <bn_man8>0</bn_man8>
            <bn_man8_l>0</bn_man8_l>
            <bn_man9>4</bn_man9>
            <bn_man9_l>4</bn_man9_l>
            <bn_man10>0</bn_man10>
            <bn_man10_l>0</bn_man10_l>
            <bn_man11>0</bn_man11>
            <bn_man11_l>0</bn_man11_l>
            <bn_amt_man>3212291000.00</bn_amt_man>
            <bn_amt_mngbsn>3083251000.00</bn_amt_mngbsn>
            <bn_text>&amp;lt;#H1_本總局法定編制員額3,000人。配合業務需要，置預算員額共2,833人，其中職員2,504人，工友12人，技工162人，駕駛4人，聘用22人，約僱129人。本年度係依行政院104年7月3日院授人組字第10400392165號及104年7月15日院授人組字第1040040563號函，增加職員員額數54人、行政院104年7月30日院授人組字第10400420871號函減少工友員額數1人，以及103年12月4日院授人組字第1030055507號函將技工員額36人改列約僱人員員額數。
&amp;lt;#H1_本年度以業務費支付廠商之勞務承攬支出計3,341千元，分述如下:
&amp;lt;#H2_一般行政計畫，預計進用6人，經費1,797千元。
&amp;lt;#H2_海洋巡防業務計畫，預計進用3人，經費1,544千元。</bn_text>
            <display_name>38630100100 一般行政</display_name>
        </BCTDMANAMT_row>
    </BCTDMANAMT>
</tables>
