<?xml version="1.0" encoding="UTF-8"?>
<Root>
    <Row>
        <款>23</款>
        <項/>
        <目/>
        <節/>
        <科目名稱>海岸巡防署主管</科目名稱>
        <人事費>3499672</人事費>
        <業務費_經>938449</業務費_經>
        <奬補助費_經>2609</奬補助費_經>
        <債務費>0</債務費>
        <預備金_經>10000</預備金_經>
        <經常支出小計>4450730</經常支出小計>
        <業務費_資>0</業務費_資>
        <設備及投資>2207981</設備及投資>
        <奬補助費_資>0</奬補助費_資>
        <預備金_資>0</預備金_資>
        <資本支出小計>2207981</資本支出小計>
        <合計>6658711</合計>
    </Row>
    <Row>
        <款/>
        <項>2</項>
        <目/>
        <節/>
        <科目名稱>海洋巡防總局</科目名稱>
        <人事費>3499672</人事費>
        <業務費_經>938449</業務費_經>
        <奬補助費_經>2609</奬補助費_經>
        <債務費>0</債務費>
        <預備金_經>10000</預備金_經>
        <經常支出小計>4450730</經常支出小計>
        <業務費_資>0</業務費_資>
        <設備及投資>2207981</設備及投資>
        <奬補助費_資>0</奬補助費_資>
        <預備金_資>0</預備金_資>
        <資本支出小計>2207981</資本支出小計>
        <合計>6658711</合計>
    </Row>
    <Row>
        <款/>
        <項/>
        <目/>
        <節/>
        <科目名稱>民政支出</科目名稱>
        <人事費>3499672</人事費>
        <業務費_經>938449</業務費_經>
        <奬補助費_經>2609</奬補助費_經>
        <債務費>0</債務費>
        <預備金_經>10000</預備金_經>
        <經常支出小計>4450730</經常支出小計>
        <業務費_資>0</業務費_資>
        <設備及投資>2207981</設備及投資>
        <奬補助費_資>0</奬補助費_資>
        <預備金_資>0</預備金_資>
        <資本支出小計>2207981</資本支出小計>
        <合計>6658711</合計>
    </Row>
    <Row>
        <款/>
        <項/>
        <目>1</目>
        <節/>
        <科目名稱>一般行政</科目名稱>
        <人事費>3499672</人事費>
        <業務費_經>30594</業務費_經>
        <奬補助費_經>2609</奬補助費_經>
        <債務費>0</債務費>
        <預備金_經>0</預備金_經>
        <經常支出小計>3532875</經常支出小計>
        <業務費_資>0</業務費_資>
        <設備及投資>0</設備及投資>
        <奬補助費_資>0</奬補助費_資>
        <預備金_資>0</預備金_資>
        <資本支出小計>0</資本支出小計>
        <合計>3532875</合計>
    </Row>
    <Row>
        <款/>
        <項/>
        <目>2</目>
        <節/>
        <科目名稱>海洋巡防業務</科目名稱>
        <人事費>0</人事費>
        <業務費_經>907855</業務費_經>
        <奬補助費_經>0</奬補助費_經>
        <債務費>0</債務費>
        <預備金_經>0</預備金_經>
        <經常支出小計>907855</經常支出小計>
        <業務費_資>0</業務費_資>
        <設備及投資>2207981</設備及投資>
        <奬補助費_資>0</奬補助費_資>
        <預備金_資>0</預備金_資>
        <資本支出小計>2207981</資本支出小計>
        <合計>3115836</合計>
    </Row>
    <Row>
        <款/>
        <項/>
        <目>4</目>
        <節/>
        <科目名稱>第一預備金</科目名稱>
        <人事費>0</人事費>
        <業務費_經>0</業務費_經>
        <奬補助費_經>0</奬補助費_經>
        <債務費>0</債務費>
        <預備金_經>10000</預備金_經>
        <經常支出小計>10000</經常支出小計>
        <業務費_資>0</業務費_資>
        <設備及投資>0</設備及投資>
        <奬補助費_資>0</奬補助費_資>
        <預備金_資>0</預備金_資>
        <資本支出小計>0</資本支出小計>
        <合計>10000</合計>
    </Row>
</Root>
