<?xml version="1.0" encoding="UTF-8"?>
<tables>
    <BCTDOUTGO>
        <BCTDOUTGO_row>
            <bm_fiscalyear>105</bm_fiscalyear>
            <bm_fundkind>1</bm_fundkind>
            <bm_budgetkind>1</bm_budgetkind>
            <bm_specialbudgetno/>
            <bm_agenno>63010</bm_agenno>
            <bm_agentype>C</bm_agentype>
            <bm_budgetstate>2</bm_budgetstate>
            <bm_abroadplan>2</bm_abroadplan>
            <bm_projtype>3 </bm_projtype>
            <bm_projno>01</bm_projno>
            <bm_abroadplanname>兩岸搜救研討會</bm_abroadplanname>
            <bm_visitsts>2</bm_visitsts>
            <bm_visitexplain>派員參加兩岸搜救研討會。</bm_visitexplain>
            <bm_dispatchstaffs>0</bm_dispatchstaffs>
            <bm_abroadsite1/>
            <bm_abroadsite2/>
            <bm_abroadsite3/>
            <bm_abroadperiod1/>
            <bm_abroadperiodto1/>
            <bm_abroadperiod2/>
            <bm_abroadperiodto2/>
            <bm_abroadperiod3/>
            <bm_abroadperiodto3/>
            <bm_abroadstaffs1>0</bm_abroadstaffs1>
            <bm_abroadstaffs2>0</bm_abroadstaffs2>
            <bm_abroadstaffs3>0</bm_abroadstaffs3>
            <bm_abroadallowance1>0.00</bm_abroadallowance1>
            <bm_abroadallowance2>0.00</bm_abroadallowance2>
            <bm_abroadallowance3>0.00</bm_abroadallowance3>
            <bm_budgetno>38630100200</bm_budgetno>
            <bm_regionno>91</bm_regionno>
            <bm_country>大陸北京地區</bm_country>
            <bm_agency>中國海上搜救中心</bm_agency>
            <bm_cont_text>為建立海難救助機制，整合兩岸搜救資源及共同維護臺灣海峽航行安全，建立區域性搜救合作機制，善盡人道救援義務，提升我國國際形象與地位，參加大陸地區舉辦海難救助研討會。</bm_cont_text>
            <bm_durationfrom>10509</bm_durationfrom>
            <bm_durationto>10509</bm_durationto>
            <bm_days>5</bm_days>
            <bm_persons>3</bm_persons>
            <bm_amt_trans>52000.00</bm_amt_trans>
            <bm_amt_life>93000.00</bm_amt_life>
            <bm_amt_public>3000.00</bm_amt_public>
            <bm_amt_books>0.00</bm_amt_books>
            <bm_amt_flight>0.00</bm_amt_flight>
            <bm_versiondate/>
        </BCTDOUTGO_row>
    </BCTDOUTGO>
</tables>
