<?xml version="1.0" encoding="UTF-8"?>
<tables>
    <BCME3410_row>
        <mh_itemserialno1/>
        <mh_itemserialno2/>
        <mh_itemserialno3/>
        <mh_itemserialno4/>
        <budgetno/>
        <mh_budgetname>合         計</mh_budgetname>
        <budgetno_conver/>
        <tyear_amt>60816.000000</tyear_amt>
        <lyear_amt>64602.000000</lyear_amt>
        <byear_amt>95678.000000</byear_amt>
        <b_amt>-3786.000000</b_amt>
        <bc_content/>
        <blevel>9</blevel>
        <ordinaryid>1</ordinaryid>
    </BCME3410_row>
    <BCME3410_row>
        <mh_itemserialno1>2</mh_itemserialno1>
        <mh_itemserialno2/>
        <mh_itemserialno3/>
        <mh_itemserialno4/>
        <budgetno>04000000000</budgetno>
        <mh_budgetname>罰款及賠償收入</mh_budgetname>
        <budgetno_conver>0400000000</budgetno_conver>
        <tyear_amt>55000.000000</tyear_amt>
        <lyear_amt>55000.000000</lyear_amt>
        <byear_amt>79204.000000</byear_amt>
        <b_amt>0.000000</b_amt>
        <bc_content/>
        <blevel>1</blevel>
        <ordinaryid/>
    </BCME3410_row>
    <BCME3410_row>
        <mh_itemserialno1/>
        <mh_itemserialno2>196</mh_itemserialno2>
        <mh_itemserialno3/>
        <mh_itemserialno4/>
        <budgetno>04630100000</budgetno>
        <mh_budgetname>海洋巡防總局</mh_budgetname>
        <budgetno_conver>0463100000</budgetno_conver>
        <tyear_amt>55000.000000</tyear_amt>
        <lyear_amt>55000.000000</lyear_amt>
        <byear_amt>79204.000000</byear_amt>
        <b_amt>0.000000</b_amt>
        <bc_content/>
        <blevel>2</blevel>
        <ordinaryid/>
    </BCME3410_row>
    <BCME3410_row>
        <mh_itemserialno1/>
        <mh_itemserialno2/>
        <mh_itemserialno3>01</mh_itemserialno3>
        <mh_itemserialno4/>
        <budgetno>04630100100</budgetno>
        <mh_budgetname>罰金罰鍰及怠金</mh_budgetname>
        <budgetno_conver>0463100100</budgetno_conver>
        <tyear_amt>50000.000000</tyear_amt>
        <lyear_amt>50000.000000</lyear_amt>
        <byear_amt>49200.000000</byear_amt>
        <b_amt>0.000000</b_amt>
        <bc_content/>
        <blevel>3</blevel>
        <ordinaryid/>
    </BCME3410_row>
    <BCME3410_row>
        <mh_itemserialno1/>
        <mh_itemserialno2/>
        <mh_itemserialno3/>
        <mh_itemserialno4>01</mh_itemserialno4>
        <budgetno>04630100101</budgetno>
        <mh_budgetname>罰金罰鍰</mh_budgetname>
        <budgetno_conver>0463100101</budgetno_conver>
        <tyear_amt>50000.000000</tyear_amt>
        <lyear_amt>50000.000000</lyear_amt>
        <byear_amt>49200.000000</byear_amt>
        <b_amt>0.000000</b_amt>
        <bc_key>04630100101xxxxxxxxxxxxxxxxxxxxxxxx1R1x0</bc_key>
        <bc_content>本年度預算數係依據臺灣地區與
大陸地區人民關係條例取締越界
船舶罰鍰收入。</bc_content>
        <blevel>4</blevel>
        <ordinaryid/>
    </BCME3410_row>
    <BCME3410_row>
        <mh_itemserialno1/>
        <mh_itemserialno2/>
        <mh_itemserialno3>02</mh_itemserialno3>
        <mh_itemserialno4/>
        <budgetno>04630100300</budgetno>
        <mh_budgetname>賠償收入</mh_budgetname>
        <budgetno_conver>0463100300</budgetno_conver>
        <tyear_amt>5000.000000</tyear_amt>
        <lyear_amt>5000.000000</lyear_amt>
        <byear_amt>30004.000000</byear_amt>
        <b_amt>0.000000</b_amt>
        <bc_content/>
        <blevel>3</blevel>
        <ordinaryid/>
    </BCME3410_row>
    <BCME3410_row>
        <mh_itemserialno1/>
        <mh_itemserialno2/>
        <mh_itemserialno3/>
        <mh_itemserialno4>01</mh_itemserialno4>
        <budgetno>04630100301</budgetno>
        <mh_budgetname>一般賠償收入</mh_budgetname>
        <budgetno_conver>0463100301</budgetno_conver>
        <tyear_amt>5000.000000</tyear_amt>
        <lyear_amt>5000.000000</lyear_amt>
        <byear_amt>30004.000000</byear_amt>
        <b_amt>0.000000</b_amt>
        <bc_key>04630100301xxxxxxxxxxxxxxxxxxxxxxxx1R1x0</bc_key>
        <bc_content>本年度預算數係廠商違約逾期交
貨之賠償收入。</bc_content>
        <blevel>4</blevel>
        <ordinaryid/>
    </BCME3410_row>
    <BCME3410_row>
        <mh_itemserialno1>4</mh_itemserialno1>
        <mh_itemserialno2/>
        <mh_itemserialno3/>
        <mh_itemserialno4/>
        <budgetno>07000000000</budgetno>
        <mh_budgetname>財產收入</mh_budgetname>
        <budgetno_conver>0700000000</budgetno_conver>
        <tyear_amt>5724.000000</tyear_amt>
        <lyear_amt>9510.000000</lyear_amt>
        <byear_amt>16151.000000</byear_amt>
        <b_amt>-3786.000000</b_amt>
        <bc_content/>
        <blevel>1</blevel>
        <ordinaryid/>
    </BCME3410_row>
    <BCME3410_row>
        <mh_itemserialno1/>
        <mh_itemserialno2>207</mh_itemserialno2>
        <mh_itemserialno3/>
        <mh_itemserialno4/>
        <budgetno>07630100000</budgetno>
        <mh_budgetname>海洋巡防總局</mh_budgetname>
        <budgetno_conver>0763100000</budgetno_conver>
        <tyear_amt>5724.000000</tyear_amt>
        <lyear_amt>9510.000000</lyear_amt>
        <byear_amt>16151.000000</byear_amt>
        <b_amt>-3786.000000</b_amt>
        <bc_content/>
        <blevel>2</blevel>
        <ordinaryid/>
    </BCME3410_row>
    <BCME3410_row>
        <mh_itemserialno1/>
        <mh_itemserialno2/>
        <mh_itemserialno3>01</mh_itemserialno3>
        <mh_itemserialno4/>
        <budgetno>07630100100</budgetno>
        <mh_budgetname>財產孳息</mh_budgetname>
        <budgetno_conver>0763100100</budgetno_conver>
        <tyear_amt>363.000000</tyear_amt>
        <lyear_amt>449.000000</lyear_amt>
        <byear_amt>381.000000</byear_amt>
        <b_amt>-86.000000</b_amt>
        <bc_content/>
        <blevel>3</blevel>
        <ordinaryid/>
    </BCME3410_row>
    <BCME3410_row>
        <mh_itemserialno1/>
        <mh_itemserialno2/>
        <mh_itemserialno3/>
        <mh_itemserialno4>01</mh_itemserialno4>
        <budgetno>07630100101</budgetno>
        <mh_budgetname>利息收入</mh_budgetname>
        <budgetno_conver>0763100101</budgetno_conver>
        <tyear_amt>8.000000</tyear_amt>
        <lyear_amt>8.000000</lyear_amt>
        <byear_amt>3.000000</byear_amt>
        <b_amt>0.000000</b_amt>
        <bc_key>07630100101xxxxxxxxxxxxxxxxxxxxxxxx1R1x0</bc_key>
        <bc_content>本年度預算數係專戶存款之利息
收入。</bc_content>
        <blevel>4</blevel>
        <ordinaryid/>
    </BCME3410_row>
    <BCME3410_row>
        <mh_itemserialno1/>
        <mh_itemserialno2/>
        <mh_itemserialno3/>
        <mh_itemserialno4>02</mh_itemserialno4>
        <budgetno>07630100106</budgetno>
        <mh_budgetname>租金收入</mh_budgetname>
        <budgetno_conver>0763100106</budgetno_conver>
        <tyear_amt>355.000000</tyear_amt>
        <lyear_amt>441.000000</lyear_amt>
        <byear_amt>378.000000</byear_amt>
        <b_amt>-86.000000</b_amt>
        <bc_key>07630100106xxxxxxxxxxxxxxxxxxxxxxxx1R1x0</bc_key>
        <bc_content>本年度預算數係自動櫃員機及興
達碼頭等場地租金收入。</bc_content>
        <blevel>4</blevel>
        <ordinaryid/>
    </BCME3410_row>
    <BCME3410_row>
        <mh_itemserialno1/>
        <mh_itemserialno2/>
        <mh_itemserialno3>02</mh_itemserialno3>
        <mh_itemserialno4/>
        <budgetno>07630100600</budgetno>
        <mh_budgetname>廢舊物資售價</mh_budgetname>
        <budgetno_conver>0763100600</budgetno_conver>
        <tyear_amt>5361.000000</tyear_amt>
        <lyear_amt>9061.000000</lyear_amt>
        <byear_amt>15770.000000</byear_amt>
        <b_amt>-3700.000000</b_amt>
        <bc_key>07630100600xxxxxxxxxxxxxxxxxxxxxxxx1R1x0</bc_key>
        <bc_content>本年度預算數係出售廢舊物資收
入。</bc_content>
        <blevel>3</blevel>
        <ordinaryid/>
    </BCME3410_row>
    <BCME3410_row>
        <mh_itemserialno1>7</mh_itemserialno1>
        <mh_itemserialno2/>
        <mh_itemserialno3/>
        <mh_itemserialno4/>
        <budgetno>11000000000</budgetno>
        <mh_budgetname>其他收入</mh_budgetname>
        <budgetno_conver>1100000000</budgetno_conver>
        <tyear_amt>92.000000</tyear_amt>
        <lyear_amt>92.000000</lyear_amt>
        <byear_amt>322.000000</byear_amt>
        <b_amt>0.000000</b_amt>
        <bc_content/>
        <blevel>1</blevel>
        <ordinaryid/>
    </BCME3410_row>
    <BCME3410_row>
        <mh_itemserialno1/>
        <mh_itemserialno2>213</mh_itemserialno2>
        <mh_itemserialno3/>
        <mh_itemserialno4/>
        <budgetno>11630100000</budgetno>
        <mh_budgetname>海洋巡防總局</mh_budgetname>
        <budgetno_conver>1163100000</budgetno_conver>
        <tyear_amt>92.000000</tyear_amt>
        <lyear_amt>92.000000</lyear_amt>
        <byear_amt>322.000000</byear_amt>
        <b_amt>0.000000</b_amt>
        <bc_content/>
        <blevel>2</blevel>
        <ordinaryid/>
    </BCME3410_row>
    <BCME3410_row>
        <mh_itemserialno1/>
        <mh_itemserialno2/>
        <mh_itemserialno3>01</mh_itemserialno3>
        <mh_itemserialno4/>
        <budgetno>11630100900</budgetno>
        <mh_budgetname>雜項收入</mh_budgetname>
        <budgetno_conver>1163100900</budgetno_conver>
        <tyear_amt>92.000000</tyear_amt>
        <lyear_amt>92.000000</lyear_amt>
        <byear_amt>322.000000</byear_amt>
        <b_amt>0.000000</b_amt>
        <bc_content/>
        <blevel>3</blevel>
        <ordinaryid/>
    </BCME3410_row>
    <BCME3410_row>
        <mh_itemserialno1/>
        <mh_itemserialno2/>
        <mh_itemserialno3/>
        <mh_itemserialno4>01</mh_itemserialno4>
        <budgetno>11630100901</budgetno>
        <mh_budgetname>收回以前年度歲出</mh_budgetname>
        <budgetno_conver>1163100901</budgetno_conver>
        <tyear_amt>0.000000</tyear_amt>
        <lyear_amt>0.000000</lyear_amt>
        <byear_amt>200.000000</byear_amt>
        <b_amt>0.000000</b_amt>
        <bc_key>11630100901xxxxxxxxxxxxxxxxxxxxxxxx1R1x0</bc_key>
        <bc_content>前年度決算數係收回艦艇報廢保
險退費等繳庫數。</bc_content>
        <blevel>4</blevel>
        <ordinaryid/>
    </BCME3410_row>
    <BCME3410_row>
        <mh_itemserialno1/>
        <mh_itemserialno2/>
        <mh_itemserialno3/>
        <mh_itemserialno4>02</mh_itemserialno4>
        <budgetno>11630100909</budgetno>
        <mh_budgetname>其他雜項收入</mh_budgetname>
        <budgetno_conver>1163100909</budgetno_conver>
        <tyear_amt>92.000000</tyear_amt>
        <lyear_amt>92.000000</lyear_amt>
        <byear_amt>122.000000</byear_amt>
        <b_amt>0.000000</b_amt>
        <bc_key>11630100909xxxxxxxxxxxxxxxxxxxxxxxx1R1x0</bc_key>
        <bc_content>本年度預算數係出售招標文件工
本費收入、借用宿舍員工自薪資
扣回繳庫數及管理費收入。</bc_content>
        <blevel>4</blevel>
        <ordinaryid/>
    </BCME3410_row>
</tables>
