<?xml version="1.0" encoding="UTF-8"?>
<tables>
    <BCTMCAR>
        <BCTMCAR_row>
            <bq_fiscalyear>105</bq_fiscalyear>
            <bq_fundkind>1</bq_fundkind>
            <bq_budgetkind>1</bq_budgetkind>
            <bq_specialbudgetno/>
            <bq_agenno>63010</bq_agenno>
            <bq_agentype>C</bq_agentype>
            <bq_budgetstate>2</bq_budgetstate>
            <bq_budgetno>38630100100</bq_budgetno>
            <bq_objectno>07351700</bq_objectno>
            <bq_carid>02</bq_carid>
            <bq_persons>1</bq_persons>
            <bq_buydate>09207</bq_buydate>
            <bq_ventsize>150</bq_ventsize>
            <bq_oilamt>6864</bq_oilamt>
            <bq_oilprice>25.70</bq_oilprice>
            <bq_amt_maintain>37000.00</bq_amt_maintain>
            <bq_amt5>32000.00</bq_amt5>
            <bq_carnum>22</bq_carnum>
            <bq_remark>偵機車01~22。&amp;lt;br&amp;gt;</bq_remark>
            <bq_lpgamt>0</bq_lpgamt>
            <bq_lpgprice>0.00</bq_lpgprice>
            <bq_versiondate/>
        </BCTMCAR_row>
        <BCTMCAR_row>
            <bq_fiscalyear>105</bq_fiscalyear>
            <bq_fundkind>1</bq_fundkind>
            <bq_budgetkind>1</bq_budgetkind>
            <bq_specialbudgetno/>
            <bq_agenno>63010</bq_agenno>
            <bq_agentype>C</bq_agentype>
            <bq_budgetstate>2</bq_budgetstate>
            <bq_budgetno>38630100100</bq_budgetno>
            <bq_objectno>07351600</bq_objectno>
            <bq_carid>03</bq_carid>
            <bq_persons>1</bq_persons>
            <bq_buydate>09207</bq_buydate>
            <bq_ventsize>150</bq_ventsize>
            <bq_oilamt>4992</bq_oilamt>
            <bq_oilprice>25.70</bq_oilprice>
            <bq_amt_maintain>27000.00</bq_amt_maintain>
            <bq_amt5>23000.00</bq_amt5>
            <bq_carnum>16</bq_carnum>
            <bq_remark>NX7-420、NX7-427、NX7-435、NX7-437、NX7-439、NX7-451、NX7-453、NX7-459、NX7-460、NX7-466、NX7-469、NX7-472、NX7-473、NX7-476、NX7-480、NX7-483。</bq_remark>
            <bq_lpgamt>0</bq_lpgamt>
            <bq_lpgprice>0.00</bq_lpgprice>
            <bq_versiondate/>
        </BCTMCAR_row>
        <BCTMCAR_row>
            <bq_fiscalyear>105</bq_fiscalyear>
            <bq_fundkind>1</bq_fundkind>
            <bq_budgetkind>1</bq_budgetkind>
            <bq_specialbudgetno/>
            <bq_agenno>63010</bq_agenno>
            <bq_agentype>C</bq_agentype>
            <bq_budgetstate>2</bq_budgetstate>
            <bq_budgetno>38630100100</bq_budgetno>
            <bq_objectno>07351500</bq_objectno>
            <bq_carid>3419-TK</bq_carid>
            <bq_persons>7</bq_persons>
            <bq_buydate>09703</bq_buydate>
            <bq_ventsize>2350</bq_ventsize>
            <bq_oilamt>1448</bq_oilamt>
            <bq_oilprice>25.70</bq_oilprice>
            <bq_amt_maintain>47000.00</bq_amt_maintain>
            <bq_amt5>20000.00</bq_amt5>
            <bq_carnum>1</bq_carnum>
            <bq_remark>勤務車。</bq_remark>
            <bq_lpgamt>0</bq_lpgamt>
            <bq_lpgprice>0.00</bq_lpgprice>
            <bq_versiondate/>
        </BCTMCAR_row>
        <BCTMCAR_row>
            <bq_fiscalyear>105</bq_fiscalyear>
            <bq_fundkind>1</bq_fundkind>
            <bq_budgetkind>1</bq_budgetkind>
            <bq_specialbudgetno/>
            <bq_agenno>63010</bq_agenno>
            <bq_agentype>C</bq_agentype>
            <bq_budgetstate>2</bq_budgetstate>
            <bq_budgetno>38630100100</bq_budgetno>
            <bq_objectno>07351500</bq_objectno>
            <bq_carid>3420-TK</bq_carid>
            <bq_persons>7</bq_persons>
            <bq_buydate>09703</bq_buydate>
            <bq_ventsize>2350</bq_ventsize>
            <bq_oilamt>1448</bq_oilamt>
            <bq_oilprice>25.70</bq_oilprice>
            <bq_amt_maintain>47000.00</bq_amt_maintain>
            <bq_amt5>20000.00</bq_amt5>
            <bq_carnum>1</bq_carnum>
            <bq_remark>勤務車。</bq_remark>
            <bq_lpgamt>0</bq_lpgamt>
            <bq_lpgprice>0.00</bq_lpgprice>
            <bq_versiondate/>
        </BCTMCAR_row>
        <BCTMCAR_row>
            <bq_fiscalyear>105</bq_fiscalyear>
            <bq_fundkind>1</bq_fundkind>
            <bq_budgetkind>1</bq_budgetkind>
            <bq_specialbudgetno/>
            <bq_agenno>63010</bq_agenno>
            <bq_agentype>C</bq_agentype>
            <bq_budgetstate>2</bq_budgetstate>
            <bq_budgetno>38630100100</bq_budgetno>
            <bq_objectno>07351500</bq_objectno>
            <bq_carid>3422-TK</bq_carid>
            <bq_persons>7</bq_persons>
            <bq_buydate>09703</bq_buydate>
            <bq_ventsize>2350</bq_ventsize>
            <bq_oilamt>1448</bq_oilamt>
            <bq_oilprice>25.70</bq_oilprice>
            <bq_amt_maintain>47000.00</bq_amt_maintain>
            <bq_amt5>20000.00</bq_amt5>
            <bq_carnum>1</bq_carnum>
            <bq_remark>勤務車。</bq_remark>
            <bq_lpgamt>0</bq_lpgamt>
            <bq_lpgprice>0.00</bq_lpgprice>
            <bq_versiondate/>
        </BCTMCAR_row>
        <BCTMCAR_row>
            <bq_fiscalyear>105</bq_fiscalyear>
            <bq_fundkind>1</bq_fundkind>
            <bq_budgetkind>1</bq_budgetkind>
            <bq_specialbudgetno/>
            <bq_agenno>63010</bq_agenno>
            <bq_agentype>C</bq_agentype>
            <bq_budgetstate>2</bq_budgetstate>
            <bq_budgetno>38630100100</bq_budgetno>
            <bq_objectno>07351500</bq_objectno>
            <bq_carid>3439-L3</bq_carid>
            <bq_persons>4</bq_persons>
            <bq_buydate>10104</bq_buydate>
            <bq_ventsize>1798</bq_ventsize>
            <bq_oilamt>852</bq_oilamt>
            <bq_oilprice>25.70</bq_oilprice>
            <bq_amt_maintain>25000.00</bq_amt_maintain>
            <bq_amt5>16000.00</bq_amt5>
            <bq_carnum>1</bq_carnum>
            <bq_remark>勤務車。油氣雙燃料車。</bq_remark>
            <bq_lpgamt>972</bq_lpgamt>
            <bq_lpgprice>18.40</bq_lpgprice>
            <bq_versiondate/>
        </BCTMCAR_row>
        <BCTMCAR_row>
            <bq_fiscalyear>105</bq_fiscalyear>
            <bq_fundkind>1</bq_fundkind>
            <bq_budgetkind>1</bq_budgetkind>
            <bq_specialbudgetno/>
            <bq_agenno>63010</bq_agenno>
            <bq_agentype>C</bq_agentype>
            <bq_budgetstate>2</bq_budgetstate>
            <bq_budgetno>38630100100</bq_budgetno>
            <bq_objectno>07351500</bq_objectno>
            <bq_carid>3451-L3</bq_carid>
            <bq_persons>4</bq_persons>
            <bq_buydate>10104</bq_buydate>
            <bq_ventsize>1798</bq_ventsize>
            <bq_oilamt>852</bq_oilamt>
            <bq_oilprice>25.70</bq_oilprice>
            <bq_amt_maintain>25000.00</bq_amt_maintain>
            <bq_amt5>16000.00</bq_amt5>
            <bq_carnum>1</bq_carnum>
            <bq_remark>勤務車。油氣雙燃料車。</bq_remark>
            <bq_lpgamt>972</bq_lpgamt>
            <bq_lpgprice>18.40</bq_lpgprice>
            <bq_versiondate/>
        </BCTMCAR_row>
        <BCTMCAR_row>
            <bq_fiscalyear>105</bq_fiscalyear>
            <bq_fundkind>1</bq_fundkind>
            <bq_budgetkind>1</bq_budgetkind>
            <bq_specialbudgetno/>
            <bq_agenno>63010</bq_agenno>
            <bq_agentype>C</bq_agentype>
            <bq_budgetstate>2</bq_budgetstate>
            <bq_budgetno>38630100100</bq_budgetno>
            <bq_objectno>07351500</bq_objectno>
            <bq_carid>3452-L3</bq_carid>
            <bq_persons>4</bq_persons>
            <bq_buydate>10104</bq_buydate>
            <bq_ventsize>1798</bq_ventsize>
            <bq_oilamt>852</bq_oilamt>
            <bq_oilprice>25.70</bq_oilprice>
            <bq_amt_maintain>25000.00</bq_amt_maintain>
            <bq_amt5>16000.00</bq_amt5>
            <bq_carnum>1</bq_carnum>
            <bq_remark>勤務車。油氣雙燃料車。</bq_remark>
            <bq_lpgamt>972</bq_lpgamt>
            <bq_lpgprice>18.40</bq_lpgprice>
            <bq_versiondate/>
        </BCTMCAR_row>
        <BCTMCAR_row>
            <bq_fiscalyear>105</bq_fiscalyear>
            <bq_fundkind>1</bq_fundkind>
            <bq_budgetkind>1</bq_budgetkind>
            <bq_specialbudgetno/>
            <bq_agenno>63010</bq_agenno>
            <bq_agentype>C</bq_agentype>
            <bq_budgetstate>2</bq_budgetstate>
            <bq_budgetno>38630100100</bq_budgetno>
            <bq_objectno>07351500</bq_objectno>
            <bq_carid>3453-L3</bq_carid>
            <bq_persons>4</bq_persons>
            <bq_buydate>10104</bq_buydate>
            <bq_ventsize>1998</bq_ventsize>
            <bq_oilamt>1448</bq_oilamt>
            <bq_oilprice>25.70</bq_oilprice>
            <bq_amt_maintain>25000.00</bq_amt_maintain>
            <bq_amt5>21000.00</bq_amt5>
            <bq_carnum>1</bq_carnum>
            <bq_remark>勤務車。</bq_remark>
            <bq_lpgamt>0</bq_lpgamt>
            <bq_lpgprice>0.00</bq_lpgprice>
            <bq_versiondate/>
        </BCTMCAR_row>
        <BCTMCAR_row>
            <bq_fiscalyear>105</bq_fiscalyear>
            <bq_fundkind>1</bq_fundkind>
            <bq_budgetkind>1</bq_budgetkind>
            <bq_specialbudgetno/>
            <bq_agenno>63010</bq_agenno>
            <bq_agentype>C</bq_agentype>
            <bq_budgetstate>2</bq_budgetstate>
            <bq_budgetno>38630100100</bq_budgetno>
            <bq_objectno>07351500</bq_objectno>
            <bq_carid>4231-GW</bq_carid>
            <bq_persons>6</bq_persons>
            <bq_buydate>09206</bq_buydate>
            <bq_ventsize>2461</bq_ventsize>
            <bq_oilamt>1448</bq_oilamt>
            <bq_oilprice>25.70</bq_oilprice>
            <bq_amt_maintain>8000.00</bq_amt_maintain>
            <bq_amt5>26000.00</bq_amt5>
            <bq_carnum>1</bq_carnum>
            <bq_remark>勤務車。</bq_remark>
            <bq_lpgamt>0</bq_lpgamt>
            <bq_lpgprice>0.00</bq_lpgprice>
            <bq_versiondate/>
        </BCTMCAR_row>
        <BCTMCAR_row>
            <bq_fiscalyear>105</bq_fiscalyear>
            <bq_fundkind>1</bq_fundkind>
            <bq_budgetkind>1</bq_budgetkind>
            <bq_specialbudgetno/>
            <bq_agenno>63010</bq_agenno>
            <bq_agentype>C</bq_agentype>
            <bq_budgetstate>2</bq_budgetstate>
            <bq_budgetno>38630100100</bq_budgetno>
            <bq_objectno>07351500</bq_objectno>
            <bq_carid>4861-UT</bq_carid>
            <bq_persons>4</bq_persons>
            <bq_buydate>09705</bq_buydate>
            <bq_ventsize>1998</bq_ventsize>
            <bq_oilamt>1448</bq_oilamt>
            <bq_oilprice>25.70</bq_oilprice>
            <bq_amt_maintain>47000.00</bq_amt_maintain>
            <bq_amt5>21000.00</bq_amt5>
            <bq_carnum>1</bq_carnum>
            <bq_remark>勤務車。</bq_remark>
            <bq_lpgamt>0</bq_lpgamt>
            <bq_lpgprice>0.00</bq_lpgprice>
            <bq_versiondate/>
        </BCTMCAR_row>
        <BCTMCAR_row>
            <bq_fiscalyear>105</bq_fiscalyear>
            <bq_fundkind>1</bq_fundkind>
            <bq_budgetkind>1</bq_budgetkind>
            <bq_specialbudgetno/>
            <bq_agenno>63010</bq_agenno>
            <bq_agentype>C</bq_agentype>
            <bq_budgetstate>2</bq_budgetstate>
            <bq_budgetno>38630100100</bq_budgetno>
            <bq_objectno>07351500</bq_objectno>
            <bq_carid>4867-UT</bq_carid>
            <bq_persons>4</bq_persons>
            <bq_buydate>09705</bq_buydate>
            <bq_ventsize>1998</bq_ventsize>
            <bq_oilamt>852</bq_oilamt>
            <bq_oilprice>25.70</bq_oilprice>
            <bq_amt_maintain>47000.00</bq_amt_maintain>
            <bq_amt5>21000.00</bq_amt5>
            <bq_carnum>1</bq_carnum>
            <bq_remark>勤務車。油氣雙燃料車。</bq_remark>
            <bq_lpgamt>972</bq_lpgamt>
            <bq_lpgprice>18.40</bq_lpgprice>
            <bq_versiondate/>
        </BCTMCAR_row>
        <BCTMCAR_row>
            <bq_fiscalyear>105</bq_fiscalyear>
            <bq_fundkind>1</bq_fundkind>
            <bq_budgetkind>1</bq_budgetkind>
            <bq_specialbudgetno/>
            <bq_agenno>63010</bq_agenno>
            <bq_agentype>C</bq_agentype>
            <bq_budgetstate>2</bq_budgetstate>
            <bq_budgetno>38630100100</bq_budgetno>
            <bq_objectno>07351500</bq_objectno>
            <bq_carid>4939-VM</bq_carid>
            <bq_persons>6</bq_persons>
            <bq_buydate>09802</bq_buydate>
            <bq_ventsize>2378</bq_ventsize>
            <bq_oilamt>1448</bq_oilamt>
            <bq_oilprice>25.70</bq_oilprice>
            <bq_amt_maintain>47000.00</bq_amt_maintain>
            <bq_amt5>20000.00</bq_amt5>
            <bq_carnum>1</bq_carnum>
            <bq_remark>勤務車。</bq_remark>
            <bq_lpgamt>0</bq_lpgamt>
            <bq_lpgprice>0.00</bq_lpgprice>
            <bq_versiondate/>
        </BCTMCAR_row>
        <BCTMCAR_row>
            <bq_fiscalyear>105</bq_fiscalyear>
            <bq_fundkind>1</bq_fundkind>
            <bq_budgetkind>1</bq_budgetkind>
            <bq_specialbudgetno/>
            <bq_agenno>63010</bq_agenno>
            <bq_agentype>C</bq_agentype>
            <bq_budgetstate>2</bq_budgetstate>
            <bq_budgetno>38630100100</bq_budgetno>
            <bq_objectno>07351500</bq_objectno>
            <bq_carid>5160-FK</bq_carid>
            <bq_persons>6</bq_persons>
            <bq_buydate>09206</bq_buydate>
            <bq_ventsize>2461</bq_ventsize>
            <bq_oilamt>1448</bq_oilamt>
            <bq_oilprice>25.70</bq_oilprice>
            <bq_amt_maintain>8000.00</bq_amt_maintain>
            <bq_amt5>26000.00</bq_amt5>
            <bq_carnum>1</bq_carnum>
            <bq_remark>勤務車。</bq_remark>
            <bq_lpgamt>0</bq_lpgamt>
            <bq_lpgprice>0.00</bq_lpgprice>
            <bq_versiondate/>
        </BCTMCAR_row>
        <BCTMCAR_row>
            <bq_fiscalyear>105</bq_fiscalyear>
            <bq_fundkind>1</bq_fundkind>
            <bq_budgetkind>1</bq_budgetkind>
            <bq_specialbudgetno/>
            <bq_agenno>63010</bq_agenno>
            <bq_agentype>C</bq_agentype>
            <bq_budgetstate>2</bq_budgetstate>
            <bq_budgetno>38630100100</bq_budgetno>
            <bq_objectno>07351500</bq_objectno>
            <bq_carid>5161-FK</bq_carid>
            <bq_persons>6</bq_persons>
            <bq_buydate>09206</bq_buydate>
            <bq_ventsize>2461</bq_ventsize>
            <bq_oilamt>1448</bq_oilamt>
            <bq_oilprice>25.70</bq_oilprice>
            <bq_amt_maintain>48000.00</bq_amt_maintain>
            <bq_amt5>25000.00</bq_amt5>
            <bq_carnum>1</bq_carnum>
            <bq_remark>勤務車。</bq_remark>
            <bq_lpgamt>0</bq_lpgamt>
            <bq_lpgprice>0.00</bq_lpgprice>
            <bq_versiondate/>
        </BCTMCAR_row>
        <BCTMCAR_row>
            <bq_fiscalyear>105</bq_fiscalyear>
            <bq_fundkind>1</bq_fundkind>
            <bq_budgetkind>1</bq_budgetkind>
            <bq_specialbudgetno/>
            <bq_agenno>63010</bq_agenno>
            <bq_agentype>C</bq_agentype>
            <bq_budgetstate>2</bq_budgetstate>
            <bq_budgetno>38630100100</bq_budgetno>
            <bq_objectno>07351500</bq_objectno>
            <bq_carid>5162-FK</bq_carid>
            <bq_persons>6</bq_persons>
            <bq_buydate>09206</bq_buydate>
            <bq_ventsize>2461</bq_ventsize>
            <bq_oilamt>1448</bq_oilamt>
            <bq_oilprice>25.70</bq_oilprice>
            <bq_amt_maintain>48000.00</bq_amt_maintain>
            <bq_amt5>26000.00</bq_amt5>
            <bq_carnum>1</bq_carnum>
            <bq_remark>勤務車。</bq_remark>
            <bq_lpgamt>0</bq_lpgamt>
            <bq_lpgprice>0.00</bq_lpgprice>
            <bq_versiondate/>
        </BCTMCAR_row>
        <BCTMCAR_row>
            <bq_fiscalyear>105</bq_fiscalyear>
            <bq_fundkind>1</bq_fundkind>
            <bq_budgetkind>1</bq_budgetkind>
            <bq_specialbudgetno/>
            <bq_agenno>63010</bq_agenno>
            <bq_agentype>C</bq_agentype>
            <bq_budgetstate>2</bq_budgetstate>
            <bq_budgetno>38630100100</bq_budgetno>
            <bq_objectno>07351500</bq_objectno>
            <bq_carid>5173-FK</bq_carid>
            <bq_persons>6</bq_persons>
            <bq_buydate>09206</bq_buydate>
            <bq_ventsize>2461</bq_ventsize>
            <bq_oilamt>1448</bq_oilamt>
            <bq_oilprice>25.70</bq_oilprice>
            <bq_amt_maintain>48000.00</bq_amt_maintain>
            <bq_amt5>26000.00</bq_amt5>
            <bq_carnum>1</bq_carnum>
            <bq_remark>勤務車。</bq_remark>
            <bq_lpgamt>0</bq_lpgamt>
            <bq_lpgprice>0.00</bq_lpgprice>
            <bq_versiondate/>
        </BCTMCAR_row>
        <BCTMCAR_row>
            <bq_fiscalyear>105</bq_fiscalyear>
            <bq_fundkind>1</bq_fundkind>
            <bq_budgetkind>1</bq_budgetkind>
            <bq_specialbudgetno/>
            <bq_agenno>63010</bq_agenno>
            <bq_agentype>C</bq_agentype>
            <bq_budgetstate>2</bq_budgetstate>
            <bq_budgetno>38630100100</bq_budgetno>
            <bq_objectno>07351500</bq_objectno>
            <bq_carid>5181-FK</bq_carid>
            <bq_persons>6</bq_persons>
            <bq_buydate>09206</bq_buydate>
            <bq_ventsize>2461</bq_ventsize>
            <bq_oilamt>1448</bq_oilamt>
            <bq_oilprice>25.70</bq_oilprice>
            <bq_amt_maintain>48000.00</bq_amt_maintain>
            <bq_amt5>26000.00</bq_amt5>
            <bq_carnum>1</bq_carnum>
            <bq_remark>勤務車。</bq_remark>
            <bq_lpgamt>0</bq_lpgamt>
            <bq_lpgprice>0.00</bq_lpgprice>
            <bq_versiondate/>
        </BCTMCAR_row>
        <BCTMCAR_row>
            <bq_fiscalyear>105</bq_fiscalyear>
            <bq_fundkind>1</bq_fundkind>
            <bq_budgetkind>1</bq_budgetkind>
            <bq_specialbudgetno/>
            <bq_agenno>63010</bq_agenno>
            <bq_agentype>C</bq_agentype>
            <bq_budgetstate>2</bq_budgetstate>
            <bq_budgetno>38630100100</bq_budgetno>
            <bq_objectno>07351500</bq_objectno>
            <bq_carid>5183-FK</bq_carid>
            <bq_persons>6</bq_persons>
            <bq_buydate>09206</bq_buydate>
            <bq_ventsize>2461</bq_ventsize>
            <bq_oilamt>1448</bq_oilamt>
            <bq_oilprice>25.70</bq_oilprice>
            <bq_amt_maintain>48000.00</bq_amt_maintain>
            <bq_amt5>26000.00</bq_amt5>
            <bq_carnum>1</bq_carnum>
            <bq_remark>勤務車。</bq_remark>
            <bq_lpgamt>0</bq_lpgamt>
            <bq_lpgprice>0.00</bq_lpgprice>
            <bq_versiondate/>
        </BCTMCAR_row>
        <BCTMCAR_row>
            <bq_fiscalyear>105</bq_fiscalyear>
            <bq_fundkind>1</bq_fundkind>
            <bq_budgetkind>1</bq_budgetkind>
            <bq_specialbudgetno/>
            <bq_agenno>63010</bq_agenno>
            <bq_agentype>C</bq_agentype>
            <bq_budgetstate>2</bq_budgetstate>
            <bq_budgetno>38630100100</bq_budgetno>
            <bq_objectno>07351500</bq_objectno>
            <bq_carid>5190-FK</bq_carid>
            <bq_persons>6</bq_persons>
            <bq_buydate>09206</bq_buydate>
            <bq_ventsize>2461</bq_ventsize>
            <bq_oilamt>1448</bq_oilamt>
            <bq_oilprice>25.70</bq_oilprice>
            <bq_amt_maintain>48000.00</bq_amt_maintain>
            <bq_amt5>26000.00</bq_amt5>
            <bq_carnum>1</bq_carnum>
            <bq_remark>勤務車。</bq_remark>
            <bq_lpgamt>0</bq_lpgamt>
            <bq_lpgprice>0.00</bq_lpgprice>
            <bq_versiondate/>
        </BCTMCAR_row>
        <BCTMCAR_row>
            <bq_fiscalyear>105</bq_fiscalyear>
            <bq_fundkind>1</bq_fundkind>
            <bq_budgetkind>1</bq_budgetkind>
            <bq_specialbudgetno/>
            <bq_agenno>63010</bq_agenno>
            <bq_agentype>C</bq_agentype>
            <bq_budgetstate>2</bq_budgetstate>
            <bq_budgetno>38630100100</bq_budgetno>
            <bq_objectno>07351500</bq_objectno>
            <bq_carid>5191-FK</bq_carid>
            <bq_persons>6</bq_persons>
            <bq_buydate>09206</bq_buydate>
            <bq_ventsize>2461</bq_ventsize>
            <bq_oilamt>1448</bq_oilamt>
            <bq_oilprice>25.70</bq_oilprice>
            <bq_amt_maintain>8000.00</bq_amt_maintain>
            <bq_amt5>26000.00</bq_amt5>
            <bq_carnum>1</bq_carnum>
            <bq_remark>勤務車。</bq_remark>
            <bq_lpgamt>0</bq_lpgamt>
            <bq_lpgprice>0.00</bq_lpgprice>
            <bq_versiondate/>
        </BCTMCAR_row>
        <BCTMCAR_row>
            <bq_fiscalyear>105</bq_fiscalyear>
            <bq_fundkind>1</bq_fundkind>
            <bq_budgetkind>1</bq_budgetkind>
            <bq_specialbudgetno/>
            <bq_agenno>63010</bq_agenno>
            <bq_agentype>C</bq_agentype>
            <bq_budgetstate>2</bq_budgetstate>
            <bq_budgetno>38630100100</bq_budgetno>
            <bq_objectno>07351500</bq_objectno>
            <bq_carid>5192-FK</bq_carid>
            <bq_persons>6</bq_persons>
            <bq_buydate>09206</bq_buydate>
            <bq_ventsize>2461</bq_ventsize>
            <bq_oilamt>1448</bq_oilamt>
            <bq_oilprice>25.70</bq_oilprice>
            <bq_amt_maintain>8000.00</bq_amt_maintain>
            <bq_amt5>26000.00</bq_amt5>
            <bq_carnum>1</bq_carnum>
            <bq_remark>勤務車。</bq_remark>
            <bq_lpgamt>0</bq_lpgamt>
            <bq_lpgprice>0.00</bq_lpgprice>
            <bq_versiondate/>
        </BCTMCAR_row>
        <BCTMCAR_row>
            <bq_fiscalyear>105</bq_fiscalyear>
            <bq_fundkind>1</bq_fundkind>
            <bq_budgetkind>1</bq_budgetkind>
            <bq_specialbudgetno/>
            <bq_agenno>63010</bq_agenno>
            <bq_agentype>C</bq_agentype>
            <bq_budgetstate>2</bq_budgetstate>
            <bq_budgetno>38630100100</bq_budgetno>
            <bq_objectno>07351500</bq_objectno>
            <bq_carid>6261-FK</bq_carid>
            <bq_persons>4</bq_persons>
            <bq_buydate>09206</bq_buydate>
            <bq_ventsize>1995</bq_ventsize>
            <bq_oilamt>1448</bq_oilamt>
            <bq_oilprice>25.70</bq_oilprice>
            <bq_amt_maintain>48000.00</bq_amt_maintain>
            <bq_amt5>20000.00</bq_amt5>
            <bq_carnum>1</bq_carnum>
            <bq_remark>勤務車。</bq_remark>
            <bq_lpgamt>0</bq_lpgamt>
            <bq_lpgprice>0.00</bq_lpgprice>
            <bq_versiondate/>
        </BCTMCAR_row>
        <BCTMCAR_row>
            <bq_fiscalyear>105</bq_fiscalyear>
            <bq_fundkind>1</bq_fundkind>
            <bq_budgetkind>1</bq_budgetkind>
            <bq_specialbudgetno/>
            <bq_agenno>63010</bq_agenno>
            <bq_agentype>C</bq_agentype>
            <bq_budgetstate>2</bq_budgetstate>
            <bq_budgetno>38630100100</bq_budgetno>
            <bq_objectno>07351500</bq_objectno>
            <bq_carid>6290-FK</bq_carid>
            <bq_persons>4</bq_persons>
            <bq_buydate>09206</bq_buydate>
            <bq_ventsize>1995</bq_ventsize>
            <bq_oilamt>1448</bq_oilamt>
            <bq_oilprice>25.70</bq_oilprice>
            <bq_amt_maintain>48000.00</bq_amt_maintain>
            <bq_amt5>20000.00</bq_amt5>
            <bq_carnum>1</bq_carnum>
            <bq_remark>勤務車</bq_remark>
            <bq_lpgamt>0</bq_lpgamt>
            <bq_lpgprice>0.00</bq_lpgprice>
            <bq_versiondate/>
        </BCTMCAR_row>
        <BCTMCAR_row>
            <bq_fiscalyear>105</bq_fiscalyear>
            <bq_fundkind>1</bq_fundkind>
            <bq_budgetkind>1</bq_budgetkind>
            <bq_specialbudgetno/>
            <bq_agenno>63010</bq_agenno>
            <bq_agentype>C</bq_agentype>
            <bq_budgetstate>2</bq_budgetstate>
            <bq_budgetno>38630100100</bq_budgetno>
            <bq_objectno>07351500</bq_objectno>
            <bq_carid>6293-FK</bq_carid>
            <bq_persons>4</bq_persons>
            <bq_buydate>09206</bq_buydate>
            <bq_ventsize>1995</bq_ventsize>
            <bq_oilamt>1448</bq_oilamt>
            <bq_oilprice>25.70</bq_oilprice>
            <bq_amt_maintain>48000.00</bq_amt_maintain>
            <bq_amt5>20000.00</bq_amt5>
            <bq_carnum>1</bq_carnum>
            <bq_remark>勤務車。</bq_remark>
            <bq_lpgamt>0</bq_lpgamt>
            <bq_lpgprice>0.00</bq_lpgprice>
            <bq_versiondate/>
        </BCTMCAR_row>
        <BCTMCAR_row>
            <bq_fiscalyear>105</bq_fiscalyear>
            <bq_fundkind>1</bq_fundkind>
            <bq_budgetkind>1</bq_budgetkind>
            <bq_specialbudgetno/>
            <bq_agenno>63010</bq_agenno>
            <bq_agentype>C</bq_agentype>
            <bq_budgetstate>2</bq_budgetstate>
            <bq_budgetno>38630100100</bq_budgetno>
            <bq_objectno>07351500</bq_objectno>
            <bq_carid>6301-FK</bq_carid>
            <bq_persons>4</bq_persons>
            <bq_buydate>09206</bq_buydate>
            <bq_ventsize>1995</bq_ventsize>
            <bq_oilamt>1448</bq_oilamt>
            <bq_oilprice>25.70</bq_oilprice>
            <bq_amt_maintain>48000.00</bq_amt_maintain>
            <bq_amt5>20000.00</bq_amt5>
            <bq_carnum>1</bq_carnum>
            <bq_remark>勤務車。</bq_remark>
            <bq_lpgamt>0</bq_lpgamt>
            <bq_lpgprice>0.00</bq_lpgprice>
            <bq_versiondate/>
        </BCTMCAR_row>
        <BCTMCAR_row>
            <bq_fiscalyear>105</bq_fiscalyear>
            <bq_fundkind>1</bq_fundkind>
            <bq_budgetkind>1</bq_budgetkind>
            <bq_specialbudgetno/>
            <bq_agenno>63010</bq_agenno>
            <bq_agentype>C</bq_agentype>
            <bq_budgetstate>2</bq_budgetstate>
            <bq_budgetno>38630100100</bq_budgetno>
            <bq_objectno>07351500</bq_objectno>
            <bq_carid>6302-FK</bq_carid>
            <bq_persons>4</bq_persons>
            <bq_buydate>09206</bq_buydate>
            <bq_ventsize>1995</bq_ventsize>
            <bq_oilamt>1448</bq_oilamt>
            <bq_oilprice>25.70</bq_oilprice>
            <bq_amt_maintain>48000.00</bq_amt_maintain>
            <bq_amt5>20000.00</bq_amt5>
            <bq_carnum>1</bq_carnum>
            <bq_remark>勤務車。</bq_remark>
            <bq_lpgamt>0</bq_lpgamt>
            <bq_lpgprice>0.00</bq_lpgprice>
            <bq_versiondate/>
        </BCTMCAR_row>
        <BCTMCAR_row>
            <bq_fiscalyear>105</bq_fiscalyear>
            <bq_fundkind>1</bq_fundkind>
            <bq_budgetkind>1</bq_budgetkind>
            <bq_specialbudgetno/>
            <bq_agenno>63010</bq_agenno>
            <bq_agentype>C</bq_agentype>
            <bq_budgetstate>2</bq_budgetstate>
            <bq_budgetno>38630100100</bq_budgetno>
            <bq_objectno>07351200</bq_objectno>
            <bq_carid>6303-FJ</bq_carid>
            <bq_persons>2</bq_persons>
            <bq_buydate>09207</bq_buydate>
            <bq_ventsize>2835</bq_ventsize>
            <bq_oilamt>1448</bq_oilamt>
            <bq_oilprice>22.20</bq_oilprice>
            <bq_amt_maintain>48000.00</bq_amt_maintain>
            <bq_amt5>28000.00</bq_amt5>
            <bq_carnum>1</bq_carnum>
            <bq_remark>柴油車。</bq_remark>
            <bq_lpgamt>0</bq_lpgamt>
            <bq_lpgprice>0.00</bq_lpgprice>
            <bq_versiondate/>
        </BCTMCAR_row>
        <BCTMCAR_row>
            <bq_fiscalyear>105</bq_fiscalyear>
            <bq_fundkind>1</bq_fundkind>
            <bq_budgetkind>1</bq_budgetkind>
            <bq_specialbudgetno/>
            <bq_agenno>63010</bq_agenno>
            <bq_agentype>C</bq_agentype>
            <bq_budgetstate>2</bq_budgetstate>
            <bq_budgetno>38630100100</bq_budgetno>
            <bq_objectno>07351500</bq_objectno>
            <bq_carid>6310-FK</bq_carid>
            <bq_persons>4</bq_persons>
            <bq_buydate>09206</bq_buydate>
            <bq_ventsize>1995</bq_ventsize>
            <bq_oilamt>1448</bq_oilamt>
            <bq_oilprice>25.70</bq_oilprice>
            <bq_amt_maintain>48000.00</bq_amt_maintain>
            <bq_amt5>20000.00</bq_amt5>
            <bq_carnum>1</bq_carnum>
            <bq_remark>勤務車。</bq_remark>
            <bq_lpgamt>0</bq_lpgamt>
            <bq_lpgprice>0.00</bq_lpgprice>
            <bq_versiondate/>
        </BCTMCAR_row>
        <BCTMCAR_row>
            <bq_fiscalyear>105</bq_fiscalyear>
            <bq_fundkind>1</bq_fundkind>
            <bq_budgetkind>1</bq_budgetkind>
            <bq_specialbudgetno/>
            <bq_agenno>63010</bq_agenno>
            <bq_agentype>C</bq_agentype>
            <bq_budgetstate>2</bq_budgetstate>
            <bq_budgetno>38630100100</bq_budgetno>
            <bq_objectno>07351500</bq_objectno>
            <bq_carid>6320-FK</bq_carid>
            <bq_persons>4</bq_persons>
            <bq_buydate>09206</bq_buydate>
            <bq_ventsize>1995</bq_ventsize>
            <bq_oilamt>1448</bq_oilamt>
            <bq_oilprice>25.70</bq_oilprice>
            <bq_amt_maintain>48000.00</bq_amt_maintain>
            <bq_amt5>20000.00</bq_amt5>
            <bq_carnum>1</bq_carnum>
            <bq_remark>勤務車。</bq_remark>
            <bq_lpgamt>0</bq_lpgamt>
            <bq_lpgprice>0.00</bq_lpgprice>
            <bq_versiondate/>
        </BCTMCAR_row>
        <BCTMCAR_row>
            <bq_fiscalyear>105</bq_fiscalyear>
            <bq_fundkind>1</bq_fundkind>
            <bq_budgetkind>1</bq_budgetkind>
            <bq_specialbudgetno/>
            <bq_agenno>63010</bq_agenno>
            <bq_agentype>C</bq_agentype>
            <bq_budgetstate>2</bq_budgetstate>
            <bq_budgetno>38630100100</bq_budgetno>
            <bq_objectno>07351500</bq_objectno>
            <bq_carid>6321-FK</bq_carid>
            <bq_persons>4</bq_persons>
            <bq_buydate>09206</bq_buydate>
            <bq_ventsize>1995</bq_ventsize>
            <bq_oilamt>1448</bq_oilamt>
            <bq_oilprice>25.70</bq_oilprice>
            <bq_amt_maintain>8000.00</bq_amt_maintain>
            <bq_amt5>21000.00</bq_amt5>
            <bq_carnum>1</bq_carnum>
            <bq_remark>勤務車。</bq_remark>
            <bq_lpgamt>0</bq_lpgamt>
            <bq_lpgprice>0.00</bq_lpgprice>
            <bq_versiondate/>
        </BCTMCAR_row>
        <BCTMCAR_row>
            <bq_fiscalyear>105</bq_fiscalyear>
            <bq_fundkind>1</bq_fundkind>
            <bq_budgetkind>1</bq_budgetkind>
            <bq_specialbudgetno/>
            <bq_agenno>63010</bq_agenno>
            <bq_agentype>C</bq_agentype>
            <bq_budgetstate>2</bq_budgetstate>
            <bq_budgetno>38630100100</bq_budgetno>
            <bq_objectno>07351500</bq_objectno>
            <bq_carid>6498-TK</bq_carid>
            <bq_persons>4</bq_persons>
            <bq_buydate>09703</bq_buydate>
            <bq_ventsize>2378</bq_ventsize>
            <bq_oilamt>1448</bq_oilamt>
            <bq_oilprice>25.70</bq_oilprice>
            <bq_amt_maintain>47000.00</bq_amt_maintain>
            <bq_amt5>21000.00</bq_amt5>
            <bq_carnum>1</bq_carnum>
            <bq_remark>勤務車。</bq_remark>
            <bq_lpgamt>0</bq_lpgamt>
            <bq_lpgprice>0.00</bq_lpgprice>
            <bq_versiondate/>
        </BCTMCAR_row>
        <BCTMCAR_row>
            <bq_fiscalyear>105</bq_fiscalyear>
            <bq_fundkind>1</bq_fundkind>
            <bq_budgetkind>1</bq_budgetkind>
            <bq_specialbudgetno/>
            <bq_agenno>63010</bq_agenno>
            <bq_agentype>C</bq_agentype>
            <bq_budgetstate>2</bq_budgetstate>
            <bq_budgetno>38630100100</bq_budgetno>
            <bq_objectno>07351500</bq_objectno>
            <bq_carid>6571-TK</bq_carid>
            <bq_persons>4</bq_persons>
            <bq_buydate>09703</bq_buydate>
            <bq_ventsize>2378</bq_ventsize>
            <bq_oilamt>1448</bq_oilamt>
            <bq_oilprice>25.70</bq_oilprice>
            <bq_amt_maintain>47000.00</bq_amt_maintain>
            <bq_amt5>21000.00</bq_amt5>
            <bq_carnum>1</bq_carnum>
            <bq_remark>勤務車。</bq_remark>
            <bq_lpgamt>0</bq_lpgamt>
            <bq_lpgprice>0.00</bq_lpgprice>
            <bq_versiondate/>
        </BCTMCAR_row>
        <BCTMCAR_row>
            <bq_fiscalyear>105</bq_fiscalyear>
            <bq_fundkind>1</bq_fundkind>
            <bq_budgetkind>1</bq_budgetkind>
            <bq_specialbudgetno/>
            <bq_agenno>63010</bq_agenno>
            <bq_agentype>C</bq_agentype>
            <bq_budgetstate>2</bq_budgetstate>
            <bq_budgetno>38630100100</bq_budgetno>
            <bq_objectno>07351500</bq_objectno>
            <bq_carid>6N-0565</bq_carid>
            <bq_persons>8</bq_persons>
            <bq_buydate>09010</bq_buydate>
            <bq_ventsize>1968</bq_ventsize>
            <bq_oilamt>1500</bq_oilamt>
            <bq_oilprice>25.70</bq_oilprice>
            <bq_amt_maintain>42000.00</bq_amt_maintain>
            <bq_amt5>17000.00</bq_amt5>
            <bq_carnum>1</bq_carnum>
            <bq_remark>廂型車，
&amp;lt;#H&amp;gt; 勤務車。</bq_remark>
            <bq_lpgamt>0</bq_lpgamt>
            <bq_lpgprice>0.00</bq_lpgprice>
            <bq_versiondate/>
        </BCTMCAR_row>
        <BCTMCAR_row>
            <bq_fiscalyear>105</bq_fiscalyear>
            <bq_fundkind>1</bq_fundkind>
            <bq_budgetkind>1</bq_budgetkind>
            <bq_specialbudgetno/>
            <bq_agenno>63010</bq_agenno>
            <bq_agentype>C</bq_agentype>
            <bq_budgetstate>2</bq_budgetstate>
            <bq_budgetno>38630100100</bq_budgetno>
            <bq_objectno>07351500</bq_objectno>
            <bq_carid>6N-0571</bq_carid>
            <bq_persons>8</bq_persons>
            <bq_buydate>09010</bq_buydate>
            <bq_ventsize>1968</bq_ventsize>
            <bq_oilamt>1500</bq_oilamt>
            <bq_oilprice>25.70</bq_oilprice>
            <bq_amt_maintain>8000.00</bq_amt_maintain>
            <bq_amt5>21000.00</bq_amt5>
            <bq_carnum>1</bq_carnum>
            <bq_remark>廂型車，&#xd;
&amp;lt;#H&amp;gt; 勤務車。</bq_remark>
            <bq_lpgamt>0</bq_lpgamt>
            <bq_lpgprice>0.00</bq_lpgprice>
            <bq_versiondate/>
        </BCTMCAR_row>
        <BCTMCAR_row>
            <bq_fiscalyear>105</bq_fiscalyear>
            <bq_fundkind>1</bq_fundkind>
            <bq_budgetkind>1</bq_budgetkind>
            <bq_specialbudgetno/>
            <bq_agenno>63010</bq_agenno>
            <bq_agentype>C</bq_agentype>
            <bq_budgetstate>2</bq_budgetstate>
            <bq_budgetno>38630100100</bq_budgetno>
            <bq_objectno>07351000</bq_objectno>
            <bq_carid>818-QM</bq_carid>
            <bq_persons>2</bq_persons>
            <bq_buydate>09207</bq_buydate>
            <bq_ventsize>3907</bq_ventsize>
            <bq_oilamt>2248</bq_oilamt>
            <bq_oilprice>22.20</bq_oilprice>
            <bq_amt_maintain>48000.00</bq_amt_maintain>
            <bq_amt5>22000.00</bq_amt5>
            <bq_carnum>1</bq_carnum>
            <bq_remark>柴油車。</bq_remark>
            <bq_lpgamt>0</bq_lpgamt>
            <bq_lpgprice>0.00</bq_lpgprice>
            <bq_versiondate/>
        </BCTMCAR_row>
        <BCTMCAR_row>
            <bq_fiscalyear>105</bq_fiscalyear>
            <bq_fundkind>1</bq_fundkind>
            <bq_budgetkind>1</bq_budgetkind>
            <bq_specialbudgetno/>
            <bq_agenno>63010</bq_agenno>
            <bq_agentype>C</bq_agentype>
            <bq_budgetstate>2</bq_budgetstate>
            <bq_budgetno>38630100100</bq_budgetno>
            <bq_objectno>07351000</bq_objectno>
            <bq_carid>819-QM</bq_carid>
            <bq_persons>2</bq_persons>
            <bq_buydate>09208</bq_buydate>
            <bq_ventsize>3907</bq_ventsize>
            <bq_oilamt>2248</bq_oilamt>
            <bq_oilprice>22.20</bq_oilprice>
            <bq_amt_maintain>48000.00</bq_amt_maintain>
            <bq_amt5>22000.00</bq_amt5>
            <bq_carnum>1</bq_carnum>
            <bq_remark>柴油車。</bq_remark>
            <bq_lpgamt>0</bq_lpgamt>
            <bq_lpgprice>0.00</bq_lpgprice>
            <bq_versiondate/>
        </BCTMCAR_row>
        <BCTMCAR_row>
            <bq_fiscalyear>105</bq_fiscalyear>
            <bq_fundkind>1</bq_fundkind>
            <bq_budgetkind>1</bq_budgetkind>
            <bq_specialbudgetno/>
            <bq_agenno>63010</bq_agenno>
            <bq_agentype>C</bq_agentype>
            <bq_budgetstate>2</bq_budgetstate>
            <bq_budgetno>38630100100</bq_budgetno>
            <bq_objectno>07351500</bq_objectno>
            <bq_carid>8K-7401</bq_carid>
            <bq_persons>4</bq_persons>
            <bq_buydate>09004</bq_buydate>
            <bq_ventsize>1998</bq_ventsize>
            <bq_oilamt>655</bq_oilamt>
            <bq_oilprice>25.70</bq_oilprice>
            <bq_amt_maintain>13000.00</bq_amt_maintain>
            <bq_amt5>7000.00</bq_amt5>
            <bq_carnum>1</bq_carnum>
            <bq_remark>勤務車。</bq_remark>
            <bq_lpgamt>0</bq_lpgamt>
            <bq_lpgprice>0.00</bq_lpgprice>
            <bq_versiondate/>
        </BCTMCAR_row>
        <BCTMCAR_row>
            <bq_fiscalyear>105</bq_fiscalyear>
            <bq_fundkind>1</bq_fundkind>
            <bq_budgetkind>1</bq_budgetkind>
            <bq_specialbudgetno/>
            <bq_agenno>63010</bq_agenno>
            <bq_agentype>C</bq_agentype>
            <bq_budgetstate>2</bq_budgetstate>
            <bq_budgetno>38630100100</bq_budgetno>
            <bq_objectno>07351500</bq_objectno>
            <bq_carid>8K-7405</bq_carid>
            <bq_persons>4</bq_persons>
            <bq_buydate>09004</bq_buydate>
            <bq_ventsize>1998</bq_ventsize>
            <bq_oilamt>1448</bq_oilamt>
            <bq_oilprice>25.70</bq_oilprice>
            <bq_amt_maintain>9000.00</bq_amt_maintain>
            <bq_amt5>20000.00</bq_amt5>
            <bq_carnum>1</bq_carnum>
            <bq_remark>勤務車。</bq_remark>
            <bq_lpgamt>0</bq_lpgamt>
            <bq_lpgprice>0.00</bq_lpgprice>
            <bq_versiondate/>
        </BCTMCAR_row>
        <BCTMCAR_row>
            <bq_fiscalyear>105</bq_fiscalyear>
            <bq_fundkind>1</bq_fundkind>
            <bq_budgetkind>1</bq_budgetkind>
            <bq_specialbudgetno/>
            <bq_agenno>63010</bq_agenno>
            <bq_agentype>C</bq_agentype>
            <bq_budgetstate>2</bq_budgetstate>
            <bq_budgetno>38630100100</bq_budgetno>
            <bq_objectno>07351500</bq_objectno>
            <bq_carid>8K-7410</bq_carid>
            <bq_persons>4</bq_persons>
            <bq_buydate>09004</bq_buydate>
            <bq_ventsize>1998</bq_ventsize>
            <bq_oilamt>655</bq_oilamt>
            <bq_oilprice>25.70</bq_oilprice>
            <bq_amt_maintain>13000.00</bq_amt_maintain>
            <bq_amt5>7000.00</bq_amt5>
            <bq_carnum>1</bq_carnum>
            <bq_remark>勤務車。</bq_remark>
            <bq_lpgamt>0</bq_lpgamt>
            <bq_lpgprice>0.00</bq_lpgprice>
            <bq_versiondate/>
        </BCTMCAR_row>
        <BCTMCAR_row>
            <bq_fiscalyear>105</bq_fiscalyear>
            <bq_fundkind>1</bq_fundkind>
            <bq_budgetkind>1</bq_budgetkind>
            <bq_specialbudgetno/>
            <bq_agenno>63010</bq_agenno>
            <bq_agentype>C</bq_agentype>
            <bq_budgetstate>2</bq_budgetstate>
            <bq_budgetno>38630100100</bq_budgetno>
            <bq_objectno>07351500</bq_objectno>
            <bq_carid>8K-7412</bq_carid>
            <bq_persons>4</bq_persons>
            <bq_buydate>09004</bq_buydate>
            <bq_ventsize>1998</bq_ventsize>
            <bq_oilamt>655</bq_oilamt>
            <bq_oilprice>25.70</bq_oilprice>
            <bq_amt_maintain>13000.00</bq_amt_maintain>
            <bq_amt5>7000.00</bq_amt5>
            <bq_carnum>1</bq_carnum>
            <bq_remark>勤務車。</bq_remark>
            <bq_lpgamt>0</bq_lpgamt>
            <bq_lpgprice>0.00</bq_lpgprice>
            <bq_versiondate/>
        </BCTMCAR_row>
        <BCTMCAR_row>
            <bq_fiscalyear>105</bq_fiscalyear>
            <bq_fundkind>1</bq_fundkind>
            <bq_budgetkind>1</bq_budgetkind>
            <bq_specialbudgetno/>
            <bq_agenno>63010</bq_agenno>
            <bq_agentype>C</bq_agentype>
            <bq_budgetstate>2</bq_budgetstate>
            <bq_budgetno>38630100100</bq_budgetno>
            <bq_objectno>07351500</bq_objectno>
            <bq_carid>8K-7413</bq_carid>
            <bq_persons>4</bq_persons>
            <bq_buydate>09004</bq_buydate>
            <bq_ventsize>1998</bq_ventsize>
            <bq_oilamt>655</bq_oilamt>
            <bq_oilprice>25.70</bq_oilprice>
            <bq_amt_maintain>13000.00</bq_amt_maintain>
            <bq_amt5>7000.00</bq_amt5>
            <bq_carnum>1</bq_carnum>
            <bq_remark>勤務車。</bq_remark>
            <bq_lpgamt>0</bq_lpgamt>
            <bq_lpgprice>0.00</bq_lpgprice>
            <bq_versiondate/>
        </BCTMCAR_row>
        <BCTMCAR_row>
            <bq_fiscalyear>105</bq_fiscalyear>
            <bq_fundkind>1</bq_fundkind>
            <bq_budgetkind>1</bq_budgetkind>
            <bq_specialbudgetno/>
            <bq_agenno>63010</bq_agenno>
            <bq_agentype>C</bq_agentype>
            <bq_budgetstate>2</bq_budgetstate>
            <bq_budgetno>38630100100</bq_budgetno>
            <bq_objectno>07351500</bq_objectno>
            <bq_carid>8K-7415</bq_carid>
            <bq_persons>4</bq_persons>
            <bq_buydate>09004</bq_buydate>
            <bq_ventsize>1998</bq_ventsize>
            <bq_oilamt>655</bq_oilamt>
            <bq_oilprice>25.70</bq_oilprice>
            <bq_amt_maintain>13000.00</bq_amt_maintain>
            <bq_amt5>7000.00</bq_amt5>
            <bq_carnum>1</bq_carnum>
            <bq_remark>勤務車。</bq_remark>
            <bq_lpgamt>0</bq_lpgamt>
            <bq_lpgprice>0.00</bq_lpgprice>
            <bq_versiondate/>
        </BCTMCAR_row>
        <BCTMCAR_row>
            <bq_fiscalyear>105</bq_fiscalyear>
            <bq_fundkind>1</bq_fundkind>
            <bq_budgetkind>1</bq_budgetkind>
            <bq_specialbudgetno/>
            <bq_agenno>63010</bq_agenno>
            <bq_agentype>C</bq_agentype>
            <bq_budgetstate>2</bq_budgetstate>
            <bq_budgetno>38630100100</bq_budgetno>
            <bq_objectno>07351500</bq_objectno>
            <bq_carid>8K-7418</bq_carid>
            <bq_persons>4</bq_persons>
            <bq_buydate>09004</bq_buydate>
            <bq_ventsize>1998</bq_ventsize>
            <bq_oilamt>655</bq_oilamt>
            <bq_oilprice>25.70</bq_oilprice>
            <bq_amt_maintain>13000.00</bq_amt_maintain>
            <bq_amt5>7000.00</bq_amt5>
            <bq_carnum>1</bq_carnum>
            <bq_remark>勤務車。</bq_remark>
            <bq_lpgamt>0</bq_lpgamt>
            <bq_lpgprice>0.00</bq_lpgprice>
            <bq_versiondate/>
        </BCTMCAR_row>
        <BCTMCAR_row>
            <bq_fiscalyear>105</bq_fiscalyear>
            <bq_fundkind>1</bq_fundkind>
            <bq_budgetkind>1</bq_budgetkind>
            <bq_specialbudgetno/>
            <bq_agenno>63010</bq_agenno>
            <bq_agentype>C</bq_agentype>
            <bq_budgetstate>2</bq_budgetstate>
            <bq_budgetno>38630100100</bq_budgetno>
            <bq_objectno>07351500</bq_objectno>
            <bq_carid>8K-7419</bq_carid>
            <bq_persons>4</bq_persons>
            <bq_buydate>09004</bq_buydate>
            <bq_ventsize>1998</bq_ventsize>
            <bq_oilamt>1448</bq_oilamt>
            <bq_oilprice>25.70</bq_oilprice>
            <bq_amt_maintain>9000.00</bq_amt_maintain>
            <bq_amt5>21000.00</bq_amt5>
            <bq_carnum>1</bq_carnum>
            <bq_remark>勤務車。</bq_remark>
            <bq_lpgamt>0</bq_lpgamt>
            <bq_lpgprice>0.00</bq_lpgprice>
            <bq_versiondate/>
        </BCTMCAR_row>
        <BCTMCAR_row>
            <bq_fiscalyear>105</bq_fiscalyear>
            <bq_fundkind>1</bq_fundkind>
            <bq_budgetkind>1</bq_budgetkind>
            <bq_specialbudgetno/>
            <bq_agenno>63010</bq_agenno>
            <bq_agentype>C</bq_agentype>
            <bq_budgetstate>2</bq_budgetstate>
            <bq_budgetno>38630100100</bq_budgetno>
            <bq_objectno>07350100</bq_objectno>
            <bq_carid>9725-VL</bq_carid>
            <bq_persons>4</bq_persons>
            <bq_buydate>09712</bq_buydate>
            <bq_ventsize>1794</bq_ventsize>
            <bq_oilamt>1448</bq_oilamt>
            <bq_oilprice>25.70</bq_oilprice>
            <bq_amt_maintain>48000.00</bq_amt_maintain>
            <bq_amt5>14000.00</bq_amt5>
            <bq_carnum>1</bq_carnum>
            <bq_remark/>
            <bq_lpgamt>0</bq_lpgamt>
            <bq_lpgprice>0.00</bq_lpgprice>
            <bq_versiondate/>
        </BCTMCAR_row>
        <BCTMCAR_row>
            <bq_fiscalyear>105</bq_fiscalyear>
            <bq_fundkind>1</bq_fundkind>
            <bq_budgetkind>1</bq_budgetkind>
            <bq_specialbudgetno/>
            <bq_agenno>63010</bq_agenno>
            <bq_agentype>C</bq_agentype>
            <bq_budgetstate>2</bq_budgetstate>
            <bq_budgetno>38630100100</bq_budgetno>
            <bq_objectno>07351500</bq_objectno>
            <bq_carid>ABB-5020</bq_carid>
            <bq_persons>4</bq_persons>
            <bq_buydate>10206</bq_buydate>
            <bq_ventsize>1798</bq_ventsize>
            <bq_oilamt>852</bq_oilamt>
            <bq_oilprice>25.70</bq_oilprice>
            <bq_amt_maintain>22000.00</bq_amt_maintain>
            <bq_amt5>16000.00</bq_amt5>
            <bq_carnum>1</bq_carnum>
            <bq_remark>勤務車，油氣雙燃料車。</bq_remark>
            <bq_lpgamt>972</bq_lpgamt>
            <bq_lpgprice>18.40</bq_lpgprice>
            <bq_versiondate/>
        </BCTMCAR_row>
        <BCTMCAR_row>
            <bq_fiscalyear>105</bq_fiscalyear>
            <bq_fundkind>1</bq_fundkind>
            <bq_budgetkind>1</bq_budgetkind>
            <bq_specialbudgetno/>
            <bq_agenno>63010</bq_agenno>
            <bq_agentype>C</bq_agentype>
            <bq_budgetstate>2</bq_budgetstate>
            <bq_budgetno>38630100100</bq_budgetno>
            <bq_objectno>07351500</bq_objectno>
            <bq_carid>AGJ-0721</bq_carid>
            <bq_persons>4</bq_persons>
            <bq_buydate>10306</bq_buydate>
            <bq_ventsize>1998</bq_ventsize>
            <bq_oilamt>1448</bq_oilamt>
            <bq_oilprice>25.70</bq_oilprice>
            <bq_amt_maintain>8000.00</bq_amt_maintain>
            <bq_amt5>14000.00</bq_amt5>
            <bq_carnum>1</bq_carnum>
            <bq_remark>勤務車。</bq_remark>
            <bq_lpgamt>0</bq_lpgamt>
            <bq_lpgprice>0.00</bq_lpgprice>
            <bq_versiondate/>
        </BCTMCAR_row>
        <BCTMCAR_row>
            <bq_fiscalyear>105</bq_fiscalyear>
            <bq_fundkind>1</bq_fundkind>
            <bq_budgetkind>1</bq_budgetkind>
            <bq_specialbudgetno/>
            <bq_agenno>63010</bq_agenno>
            <bq_agentype>C</bq_agentype>
            <bq_budgetstate>2</bq_budgetstate>
            <bq_budgetno>38630100100</bq_budgetno>
            <bq_objectno>07351500</bq_objectno>
            <bq_carid>AGJ-2183</bq_carid>
            <bq_persons>4</bq_persons>
            <bq_buydate>10306</bq_buydate>
            <bq_ventsize>1998</bq_ventsize>
            <bq_oilamt>852</bq_oilamt>
            <bq_oilprice>25.70</bq_oilprice>
            <bq_amt_maintain>8000.00</bq_amt_maintain>
            <bq_amt5>14000.00</bq_amt5>
            <bq_carnum>1</bq_carnum>
            <bq_remark>勤務車。油氣雙燃料車。</bq_remark>
            <bq_lpgamt>972</bq_lpgamt>
            <bq_lpgprice>18.40</bq_lpgprice>
            <bq_versiondate/>
        </BCTMCAR_row>
        <BCTMCAR_row>
            <bq_fiscalyear>105</bq_fiscalyear>
            <bq_fundkind>1</bq_fundkind>
            <bq_budgetkind>1</bq_budgetkind>
            <bq_specialbudgetno/>
            <bq_agenno>63010</bq_agenno>
            <bq_agentype>C</bq_agentype>
            <bq_budgetstate>2</bq_budgetstate>
            <bq_budgetno>38630100100</bq_budgetno>
            <bq_objectno>07351500</bq_objectno>
            <bq_carid>AGJ-2187</bq_carid>
            <bq_persons>4</bq_persons>
            <bq_buydate>10306</bq_buydate>
            <bq_ventsize>1995</bq_ventsize>
            <bq_oilamt>852</bq_oilamt>
            <bq_oilprice>25.70</bq_oilprice>
            <bq_amt_maintain>8000.00</bq_amt_maintain>
            <bq_amt5>14000.00</bq_amt5>
            <bq_carnum>1</bq_carnum>
            <bq_remark>勤務車。油氣雙燃料車。</bq_remark>
            <bq_lpgamt>972</bq_lpgamt>
            <bq_lpgprice>18.40</bq_lpgprice>
            <bq_versiondate/>
        </BCTMCAR_row>
        <BCTMCAR_row>
            <bq_fiscalyear>105</bq_fiscalyear>
            <bq_fundkind>1</bq_fundkind>
            <bq_budgetkind>1</bq_budgetkind>
            <bq_specialbudgetno/>
            <bq_agenno>63010</bq_agenno>
            <bq_agentype>C</bq_agentype>
            <bq_budgetstate>2</bq_budgetstate>
            <bq_budgetno>38630100100</bq_budgetno>
            <bq_objectno>07351500</bq_objectno>
            <bq_carid>AGQ-9501</bq_carid>
            <bq_persons>6</bq_persons>
            <bq_buydate>10306</bq_buydate>
            <bq_ventsize>2461</bq_ventsize>
            <bq_oilamt>1448</bq_oilamt>
            <bq_oilprice>25.70</bq_oilprice>
            <bq_amt_maintain>8000.00</bq_amt_maintain>
            <bq_amt5>20000.00</bq_amt5>
            <bq_carnum>1</bq_carnum>
            <bq_remark>勤務車。</bq_remark>
            <bq_lpgamt>0</bq_lpgamt>
            <bq_lpgprice>0.00</bq_lpgprice>
            <bq_versiondate/>
        </BCTMCAR_row>
        <BCTMCAR_row>
            <bq_fiscalyear>105</bq_fiscalyear>
            <bq_fundkind>1</bq_fundkind>
            <bq_budgetkind>1</bq_budgetkind>
            <bq_specialbudgetno/>
            <bq_agenno>63010</bq_agenno>
            <bq_agentype>C</bq_agentype>
            <bq_budgetstate>2</bq_budgetstate>
            <bq_budgetno>38630100100</bq_budgetno>
            <bq_objectno>07351500</bq_objectno>
            <bq_carid>AKR-6830</bq_carid>
            <bq_persons>4</bq_persons>
            <bq_buydate>10406</bq_buydate>
            <bq_ventsize>1798</bq_ventsize>
            <bq_oilamt>1448</bq_oilamt>
            <bq_oilprice>25.70</bq_oilprice>
            <bq_amt_maintain>8000.00</bq_amt_maintain>
            <bq_amt5>14000.00</bq_amt5>
            <bq_carnum>1</bq_carnum>
            <bq_remark>原8K-7440，勤務車。
</bq_remark>
            <bq_lpgamt>0</bq_lpgamt>
            <bq_lpgprice>0.00</bq_lpgprice>
            <bq_versiondate/>
        </BCTMCAR_row>
        <BCTMCAR_row>
            <bq_fiscalyear>105</bq_fiscalyear>
            <bq_fundkind>1</bq_fundkind>
            <bq_budgetkind>1</bq_budgetkind>
            <bq_specialbudgetno/>
            <bq_agenno>63010</bq_agenno>
            <bq_agentype>C</bq_agentype>
            <bq_budgetstate>2</bq_budgetstate>
            <bq_budgetno>38630100100</bq_budgetno>
            <bq_objectno>07351500</bq_objectno>
            <bq_carid>AKR-6851</bq_carid>
            <bq_persons>4</bq_persons>
            <bq_buydate>10406</bq_buydate>
            <bq_ventsize>2359</bq_ventsize>
            <bq_oilamt>1448</bq_oilamt>
            <bq_oilprice>25.70</bq_oilprice>
            <bq_amt_maintain>8000.00</bq_amt_maintain>
            <bq_amt5>25000.00</bq_amt5>
            <bq_carnum>1</bq_carnum>
            <bq_remark>原5163-FK，勤務車。</bq_remark>
            <bq_lpgamt>0</bq_lpgamt>
            <bq_lpgprice>0.00</bq_lpgprice>
            <bq_versiondate/>
        </BCTMCAR_row>
        <BCTMCAR_row>
            <bq_fiscalyear>105</bq_fiscalyear>
            <bq_fundkind>1</bq_fundkind>
            <bq_budgetkind>1</bq_budgetkind>
            <bq_specialbudgetno/>
            <bq_agenno>63010</bq_agenno>
            <bq_agentype>C</bq_agentype>
            <bq_budgetstate>2</bq_budgetstate>
            <bq_budgetno>38630100100</bq_budgetno>
            <bq_objectno>07351500</bq_objectno>
            <bq_carid>AKR-6861</bq_carid>
            <bq_persons>4</bq_persons>
            <bq_buydate>10406</bq_buydate>
            <bq_ventsize>2359</bq_ventsize>
            <bq_oilamt>1448</bq_oilamt>
            <bq_oilprice>25.70</bq_oilprice>
            <bq_amt_maintain>8000.00</bq_amt_maintain>
            <bq_amt5>25000.00</bq_amt5>
            <bq_carnum>1</bq_carnum>
            <bq_remark>原5170-FK，勤務車。</bq_remark>
            <bq_lpgamt>0</bq_lpgamt>
            <bq_lpgprice>0.00</bq_lpgprice>
            <bq_versiondate/>
        </BCTMCAR_row>
        <BCTMCAR_row>
            <bq_fiscalyear>105</bq_fiscalyear>
            <bq_fundkind>1</bq_fundkind>
            <bq_budgetkind>1</bq_budgetkind>
            <bq_specialbudgetno/>
            <bq_agenno>63010</bq_agenno>
            <bq_agentype>C</bq_agentype>
            <bq_budgetstate>2</bq_budgetstate>
            <bq_budgetno>38630100100</bq_budgetno>
            <bq_objectno>07351500</bq_objectno>
            <bq_carid>BD-169</bq_carid>
            <bq_persons>21</bq_persons>
            <bq_buydate>09207</bq_buydate>
            <bq_ventsize>4104</bq_ventsize>
            <bq_oilamt>2248</bq_oilamt>
            <bq_oilprice>22.20</bq_oilprice>
            <bq_amt_maintain>48000.00</bq_amt_maintain>
            <bq_amt5>22000.00</bq_amt5>
            <bq_carnum>1</bq_carnum>
            <bq_remark>柴油車，大型車，勤務車。</bq_remark>
            <bq_lpgamt>0</bq_lpgamt>
            <bq_lpgprice>0.00</bq_lpgprice>
            <bq_versiondate/>
        </BCTMCAR_row>
        <BCTMCAR_row>
            <bq_fiscalyear>105</bq_fiscalyear>
            <bq_fundkind>1</bq_fundkind>
            <bq_budgetkind>1</bq_budgetkind>
            <bq_specialbudgetno/>
            <bq_agenno>63010</bq_agenno>
            <bq_agentype>C</bq_agentype>
            <bq_budgetstate>2</bq_budgetstate>
            <bq_budgetno>38630100100</bq_budgetno>
            <bq_objectno>07351500</bq_objectno>
            <bq_carid>偵防車01</bq_carid>
            <bq_persons>4</bq_persons>
            <bq_buydate>10306</bq_buydate>
            <bq_ventsize>1998</bq_ventsize>
            <bq_oilamt>852</bq_oilamt>
            <bq_oilprice>25.70</bq_oilprice>
            <bq_amt_maintain>8000.00</bq_amt_maintain>
            <bq_amt5>21000.00</bq_amt5>
            <bq_carnum>1</bq_carnum>
            <bq_remark>油氣雙燃料車。</bq_remark>
            <bq_lpgamt>972</bq_lpgamt>
            <bq_lpgprice>18.40</bq_lpgprice>
            <bq_versiondate/>
        </BCTMCAR_row>
        <BCTMCAR_row>
            <bq_fiscalyear>105</bq_fiscalyear>
            <bq_fundkind>1</bq_fundkind>
            <bq_budgetkind>1</bq_budgetkind>
            <bq_specialbudgetno/>
            <bq_agenno>63010</bq_agenno>
            <bq_agentype>C</bq_agentype>
            <bq_budgetstate>2</bq_budgetstate>
            <bq_budgetno>38630100100</bq_budgetno>
            <bq_objectno>07351500</bq_objectno>
            <bq_carid>偵防車02</bq_carid>
            <bq_persons>4</bq_persons>
            <bq_buydate>09004</bq_buydate>
            <bq_ventsize>1998</bq_ventsize>
            <bq_oilamt>655</bq_oilamt>
            <bq_oilprice>25.70</bq_oilprice>
            <bq_amt_maintain>13000.00</bq_amt_maintain>
            <bq_amt5>8000.00</bq_amt5>
            <bq_carnum>1</bq_carnum>
            <bq_remark/>
            <bq_lpgamt>0</bq_lpgamt>
            <bq_lpgprice>0.00</bq_lpgprice>
            <bq_versiondate/>
        </BCTMCAR_row>
        <BCTMCAR_row>
            <bq_fiscalyear>105</bq_fiscalyear>
            <bq_fundkind>1</bq_fundkind>
            <bq_budgetkind>1</bq_budgetkind>
            <bq_specialbudgetno/>
            <bq_agenno>63010</bq_agenno>
            <bq_agentype>C</bq_agentype>
            <bq_budgetstate>2</bq_budgetstate>
            <bq_budgetno>38630100100</bq_budgetno>
            <bq_objectno>07351500</bq_objectno>
            <bq_carid>偵防車03</bq_carid>
            <bq_persons>4</bq_persons>
            <bq_buydate>10206</bq_buydate>
            <bq_ventsize>2378</bq_ventsize>
            <bq_oilamt>852</bq_oilamt>
            <bq_oilprice>25.70</bq_oilprice>
            <bq_amt_maintain>22000.00</bq_amt_maintain>
            <bq_amt5>22000.00</bq_amt5>
            <bq_carnum>1</bq_carnum>
            <bq_remark>油氣雙燃料車。</bq_remark>
            <bq_lpgamt>972</bq_lpgamt>
            <bq_lpgprice>18.40</bq_lpgprice>
            <bq_versiondate/>
        </BCTMCAR_row>
        <BCTMCAR_row>
            <bq_fiscalyear>105</bq_fiscalyear>
            <bq_fundkind>1</bq_fundkind>
            <bq_budgetkind>1</bq_budgetkind>
            <bq_specialbudgetno/>
            <bq_agenno>63010</bq_agenno>
            <bq_agentype>C</bq_agentype>
            <bq_budgetstate>2</bq_budgetstate>
            <bq_budgetno>38630100100</bq_budgetno>
            <bq_objectno>07351500</bq_objectno>
            <bq_carid>偵防車04</bq_carid>
            <bq_persons>4</bq_persons>
            <bq_buydate>09004</bq_buydate>
            <bq_ventsize>1998</bq_ventsize>
            <bq_oilamt>655</bq_oilamt>
            <bq_oilprice>25.70</bq_oilprice>
            <bq_amt_maintain>13000.00</bq_amt_maintain>
            <bq_amt5>8000.00</bq_amt5>
            <bq_carnum>1</bq_carnum>
            <bq_remark/>
            <bq_lpgamt>0</bq_lpgamt>
            <bq_lpgprice>0.00</bq_lpgprice>
            <bq_versiondate/>
        </BCTMCAR_row>
        <BCTMCAR_row>
            <bq_fiscalyear>105</bq_fiscalyear>
            <bq_fundkind>1</bq_fundkind>
            <bq_budgetkind>1</bq_budgetkind>
            <bq_specialbudgetno/>
            <bq_agenno>63010</bq_agenno>
            <bq_agentype>C</bq_agentype>
            <bq_budgetstate>2</bq_budgetstate>
            <bq_budgetno>38630100100</bq_budgetno>
            <bq_objectno>07351500</bq_objectno>
            <bq_carid>偵防車05</bq_carid>
            <bq_persons>6</bq_persons>
            <bq_buydate>09206</bq_buydate>
            <bq_ventsize>2792</bq_ventsize>
            <bq_oilamt>1448</bq_oilamt>
            <bq_oilprice>25.70</bq_oilprice>
            <bq_amt_maintain>48000.00</bq_amt_maintain>
            <bq_amt5>26000.00</bq_amt5>
            <bq_carnum>1</bq_carnum>
            <bq_remark/>
            <bq_lpgamt>0</bq_lpgamt>
            <bq_lpgprice>0.00</bq_lpgprice>
            <bq_versiondate/>
        </BCTMCAR_row>
        <BCTMCAR_row>
            <bq_fiscalyear>105</bq_fiscalyear>
            <bq_fundkind>1</bq_fundkind>
            <bq_budgetkind>1</bq_budgetkind>
            <bq_specialbudgetno/>
            <bq_agenno>63010</bq_agenno>
            <bq_agentype>C</bq_agentype>
            <bq_budgetstate>2</bq_budgetstate>
            <bq_budgetno>38630100100</bq_budgetno>
            <bq_objectno>07351500</bq_objectno>
            <bq_carid>偵防車06</bq_carid>
            <bq_persons>6</bq_persons>
            <bq_buydate>10205</bq_buydate>
            <bq_ventsize>2198</bq_ventsize>
            <bq_oilamt>1448</bq_oilamt>
            <bq_oilprice>25.70</bq_oilprice>
            <bq_amt_maintain>22000.00</bq_amt_maintain>
            <bq_amt5>22000.00</bq_amt5>
            <bq_carnum>1</bq_carnum>
            <bq_remark/>
            <bq_lpgamt>0</bq_lpgamt>
            <bq_lpgprice>0.00</bq_lpgprice>
            <bq_versiondate/>
        </BCTMCAR_row>
        <BCTMCAR_row>
            <bq_fiscalyear>105</bq_fiscalyear>
            <bq_fundkind>1</bq_fundkind>
            <bq_budgetkind>1</bq_budgetkind>
            <bq_specialbudgetno/>
            <bq_agenno>63010</bq_agenno>
            <bq_agentype>C</bq_agentype>
            <bq_budgetstate>2</bq_budgetstate>
            <bq_budgetno>38630100100</bq_budgetno>
            <bq_objectno>07351500</bq_objectno>
            <bq_carid>偵防車07</bq_carid>
            <bq_persons>4</bq_persons>
            <bq_buydate>09206</bq_buydate>
            <bq_ventsize>1995</bq_ventsize>
            <bq_oilamt>1448</bq_oilamt>
            <bq_oilprice>25.70</bq_oilprice>
            <bq_amt_maintain>48000.00</bq_amt_maintain>
            <bq_amt5>21000.00</bq_amt5>
            <bq_carnum>1</bq_carnum>
            <bq_remark/>
            <bq_lpgamt>0</bq_lpgamt>
            <bq_lpgprice>0.00</bq_lpgprice>
            <bq_versiondate/>
        </BCTMCAR_row>
        <BCTMCAR_row>
            <bq_fiscalyear>105</bq_fiscalyear>
            <bq_fundkind>1</bq_fundkind>
            <bq_budgetkind>1</bq_budgetkind>
            <bq_specialbudgetno/>
            <bq_agenno>63010</bq_agenno>
            <bq_agentype>C</bq_agentype>
            <bq_budgetstate>2</bq_budgetstate>
            <bq_budgetno>38630100100</bq_budgetno>
            <bq_objectno>07351500</bq_objectno>
            <bq_carid>偵防車08</bq_carid>
            <bq_persons>4</bq_persons>
            <bq_buydate>10206</bq_buydate>
            <bq_ventsize>2378</bq_ventsize>
            <bq_oilamt>852</bq_oilamt>
            <bq_oilprice>25.70</bq_oilprice>
            <bq_amt_maintain>22000.00</bq_amt_maintain>
            <bq_amt5>22000.00</bq_amt5>
            <bq_carnum>1</bq_carnum>
            <bq_remark>油氣雙燃料車。</bq_remark>
            <bq_lpgamt>972</bq_lpgamt>
            <bq_lpgprice>18.40</bq_lpgprice>
            <bq_versiondate/>
        </BCTMCAR_row>
        <BCTMCAR_row>
            <bq_fiscalyear>105</bq_fiscalyear>
            <bq_fundkind>1</bq_fundkind>
            <bq_budgetkind>1</bq_budgetkind>
            <bq_specialbudgetno/>
            <bq_agenno>63010</bq_agenno>
            <bq_agentype>C</bq_agentype>
            <bq_budgetstate>2</bq_budgetstate>
            <bq_budgetno>38630100100</bq_budgetno>
            <bq_objectno>07351500</bq_objectno>
            <bq_carid>偵防車09</bq_carid>
            <bq_persons>4</bq_persons>
            <bq_buydate>09206</bq_buydate>
            <bq_ventsize>1995</bq_ventsize>
            <bq_oilamt>1448</bq_oilamt>
            <bq_oilprice>25.70</bq_oilprice>
            <bq_amt_maintain>8000.00</bq_amt_maintain>
            <bq_amt5>22000.00</bq_amt5>
            <bq_carnum>1</bq_carnum>
            <bq_remark/>
            <bq_lpgamt>0</bq_lpgamt>
            <bq_lpgprice>0.00</bq_lpgprice>
            <bq_versiondate/>
        </BCTMCAR_row>
        <BCTMCAR_row>
            <bq_fiscalyear>105</bq_fiscalyear>
            <bq_fundkind>1</bq_fundkind>
            <bq_budgetkind>1</bq_budgetkind>
            <bq_specialbudgetno/>
            <bq_agenno>63010</bq_agenno>
            <bq_agentype>C</bq_agentype>
            <bq_budgetstate>2</bq_budgetstate>
            <bq_budgetno>38630100100</bq_budgetno>
            <bq_objectno>07351500</bq_objectno>
            <bq_carid>偵防車10</bq_carid>
            <bq_persons>4</bq_persons>
            <bq_buydate>10406</bq_buydate>
            <bq_ventsize>2359</bq_ventsize>
            <bq_oilamt>1448</bq_oilamt>
            <bq_oilprice>25.70</bq_oilprice>
            <bq_amt_maintain>8000.00</bq_amt_maintain>
            <bq_amt5>20000.00</bq_amt5>
            <bq_carnum>1</bq_carnum>
            <bq_remark>&amp;lt;#H&amp;gt; AKX-7591
&amp;lt;#H&amp;gt; 原偵防車10
&amp;lt;#H&amp;gt; (6360-FK)
</bq_remark>
            <bq_lpgamt>0</bq_lpgamt>
            <bq_lpgprice>0.00</bq_lpgprice>
            <bq_versiondate/>
        </BCTMCAR_row>
        <BCTMCAR_row>
            <bq_fiscalyear>105</bq_fiscalyear>
            <bq_fundkind>1</bq_fundkind>
            <bq_budgetkind>1</bq_budgetkind>
            <bq_specialbudgetno/>
            <bq_agenno>63010</bq_agenno>
            <bq_agentype>C</bq_agentype>
            <bq_budgetstate>2</bq_budgetstate>
            <bq_budgetno>38630100100</bq_budgetno>
            <bq_objectno>07351500</bq_objectno>
            <bq_carid>偵防車11</bq_carid>
            <bq_persons>4</bq_persons>
            <bq_buydate>09703</bq_buydate>
            <bq_ventsize>2378</bq_ventsize>
            <bq_oilamt>1448</bq_oilamt>
            <bq_oilprice>25.70</bq_oilprice>
            <bq_amt_maintain>47000.00</bq_amt_maintain>
            <bq_amt5>21000.00</bq_amt5>
            <bq_carnum>1</bq_carnum>
            <bq_remark/>
            <bq_lpgamt>0</bq_lpgamt>
            <bq_lpgprice>0.00</bq_lpgprice>
            <bq_versiondate/>
        </BCTMCAR_row>
        <BCTMCAR_row>
            <bq_fiscalyear>105</bq_fiscalyear>
            <bq_fundkind>1</bq_fundkind>
            <bq_budgetkind>1</bq_budgetkind>
            <bq_specialbudgetno/>
            <bq_agenno>63010</bq_agenno>
            <bq_agentype>C</bq_agentype>
            <bq_budgetstate>2</bq_budgetstate>
            <bq_budgetno>38630100100</bq_budgetno>
            <bq_objectno>07351500</bq_objectno>
            <bq_carid>偵防車12</bq_carid>
            <bq_persons>4</bq_persons>
            <bq_buydate>09703</bq_buydate>
            <bq_ventsize>2378</bq_ventsize>
            <bq_oilamt>1448</bq_oilamt>
            <bq_oilprice>25.70</bq_oilprice>
            <bq_amt_maintain>47000.00</bq_amt_maintain>
            <bq_amt5>21000.00</bq_amt5>
            <bq_carnum>1</bq_carnum>
            <bq_remark/>
            <bq_lpgamt>0</bq_lpgamt>
            <bq_lpgprice>0.00</bq_lpgprice>
            <bq_versiondate/>
        </BCTMCAR_row>
        <BCTMCAR_row>
            <bq_fiscalyear>105</bq_fiscalyear>
            <bq_fundkind>1</bq_fundkind>
            <bq_budgetkind>1</bq_budgetkind>
            <bq_specialbudgetno/>
            <bq_agenno>63010</bq_agenno>
            <bq_agentype>C</bq_agentype>
            <bq_budgetstate>2</bq_budgetstate>
            <bq_budgetno>38630100100</bq_budgetno>
            <bq_objectno>07351500</bq_objectno>
            <bq_carid>偵防車13</bq_carid>
            <bq_persons>7</bq_persons>
            <bq_buydate>09703</bq_buydate>
            <bq_ventsize>2350</bq_ventsize>
            <bq_oilamt>1448</bq_oilamt>
            <bq_oilprice>25.70</bq_oilprice>
            <bq_amt_maintain>47000.00</bq_amt_maintain>
            <bq_amt5>21000.00</bq_amt5>
            <bq_carnum>1</bq_carnum>
            <bq_remark/>
            <bq_lpgamt>0</bq_lpgamt>
            <bq_lpgprice>0.00</bq_lpgprice>
            <bq_versiondate/>
        </BCTMCAR_row>
        <BCTMCAR_row>
            <bq_fiscalyear>105</bq_fiscalyear>
            <bq_fundkind>1</bq_fundkind>
            <bq_budgetkind>1</bq_budgetkind>
            <bq_specialbudgetno/>
            <bq_agenno>63010</bq_agenno>
            <bq_agentype>C</bq_agentype>
            <bq_budgetstate>2</bq_budgetstate>
            <bq_budgetno>38630100100</bq_budgetno>
            <bq_objectno>07351500</bq_objectno>
            <bq_carid>偵防車14</bq_carid>
            <bq_persons>7</bq_persons>
            <bq_buydate>09703</bq_buydate>
            <bq_ventsize>2350</bq_ventsize>
            <bq_oilamt>1448</bq_oilamt>
            <bq_oilprice>25.70</bq_oilprice>
            <bq_amt_maintain>47000.00</bq_amt_maintain>
            <bq_amt5>21000.00</bq_amt5>
            <bq_carnum>1</bq_carnum>
            <bq_remark/>
            <bq_lpgamt>0</bq_lpgamt>
            <bq_lpgprice>0.00</bq_lpgprice>
            <bq_versiondate/>
        </BCTMCAR_row>
        <BCTMCAR_row>
            <bq_fiscalyear>105</bq_fiscalyear>
            <bq_fundkind>1</bq_fundkind>
            <bq_budgetkind>1</bq_budgetkind>
            <bq_specialbudgetno/>
            <bq_agenno>63010</bq_agenno>
            <bq_agentype>C</bq_agentype>
            <bq_budgetstate>2</bq_budgetstate>
            <bq_budgetno>38630100100</bq_budgetno>
            <bq_objectno>07351500</bq_objectno>
            <bq_carid>偵防車15</bq_carid>
            <bq_persons>4</bq_persons>
            <bq_buydate>09705</bq_buydate>
            <bq_ventsize>1998</bq_ventsize>
            <bq_oilamt>852</bq_oilamt>
            <bq_oilprice>25.70</bq_oilprice>
            <bq_amt_maintain>47000.00</bq_amt_maintain>
            <bq_amt5>21000.00</bq_amt5>
            <bq_carnum>1</bq_carnum>
            <bq_remark>油氣雙燃料車。</bq_remark>
            <bq_lpgamt>972</bq_lpgamt>
            <bq_lpgprice>18.40</bq_lpgprice>
            <bq_versiondate/>
        </BCTMCAR_row>
        <BCTMCAR_row>
            <bq_fiscalyear>105</bq_fiscalyear>
            <bq_fundkind>1</bq_fundkind>
            <bq_budgetkind>1</bq_budgetkind>
            <bq_specialbudgetno/>
            <bq_agenno>63010</bq_agenno>
            <bq_agentype>C</bq_agentype>
            <bq_budgetstate>2</bq_budgetstate>
            <bq_budgetno>38630100100</bq_budgetno>
            <bq_objectno>07351500</bq_objectno>
            <bq_carid>偵防車16</bq_carid>
            <bq_persons>4</bq_persons>
            <bq_buydate>09705</bq_buydate>
            <bq_ventsize>1998</bq_ventsize>
            <bq_oilamt>1448</bq_oilamt>
            <bq_oilprice>25.70</bq_oilprice>
            <bq_amt_maintain>47000.00</bq_amt_maintain>
            <bq_amt5>21000.00</bq_amt5>
            <bq_carnum>1</bq_carnum>
            <bq_remark/>
            <bq_lpgamt>0</bq_lpgamt>
            <bq_lpgprice>0.00</bq_lpgprice>
            <bq_versiondate/>
        </BCTMCAR_row>
        <BCTMCAR_row>
            <bq_fiscalyear>105</bq_fiscalyear>
            <bq_fundkind>1</bq_fundkind>
            <bq_budgetkind>1</bq_budgetkind>
            <bq_specialbudgetno/>
            <bq_agenno>63010</bq_agenno>
            <bq_agentype>C</bq_agentype>
            <bq_budgetstate>2</bq_budgetstate>
            <bq_budgetno>38630100100</bq_budgetno>
            <bq_objectno>07351500</bq_objectno>
            <bq_carid>偵防車17</bq_carid>
            <bq_persons>4</bq_persons>
            <bq_buydate>09705</bq_buydate>
            <bq_ventsize>1998</bq_ventsize>
            <bq_oilamt>852</bq_oilamt>
            <bq_oilprice>25.70</bq_oilprice>
            <bq_amt_maintain>47000.00</bq_amt_maintain>
            <bq_amt5>21000.00</bq_amt5>
            <bq_carnum>1</bq_carnum>
            <bq_remark>油氣雙燃料車。</bq_remark>
            <bq_lpgamt>972</bq_lpgamt>
            <bq_lpgprice>18.40</bq_lpgprice>
            <bq_versiondate/>
        </BCTMCAR_row>
        <BCTMCAR_row>
            <bq_fiscalyear>105</bq_fiscalyear>
            <bq_fundkind>1</bq_fundkind>
            <bq_budgetkind>1</bq_budgetkind>
            <bq_specialbudgetno/>
            <bq_agenno>63010</bq_agenno>
            <bq_agentype>C</bq_agentype>
            <bq_budgetstate>2</bq_budgetstate>
            <bq_budgetno>38630100100</bq_budgetno>
            <bq_objectno>07351500</bq_objectno>
            <bq_carid>偵防車18</bq_carid>
            <bq_persons>4</bq_persons>
            <bq_buydate>09705</bq_buydate>
            <bq_ventsize>1998</bq_ventsize>
            <bq_oilamt>852</bq_oilamt>
            <bq_oilprice>25.70</bq_oilprice>
            <bq_amt_maintain>47000.00</bq_amt_maintain>
            <bq_amt5>21000.00</bq_amt5>
            <bq_carnum>1</bq_carnum>
            <bq_remark>油氣雙燃料車。</bq_remark>
            <bq_lpgamt>972</bq_lpgamt>
            <bq_lpgprice>18.40</bq_lpgprice>
            <bq_versiondate/>
        </BCTMCAR_row>
        <BCTMCAR_row>
            <bq_fiscalyear>105</bq_fiscalyear>
            <bq_fundkind>1</bq_fundkind>
            <bq_budgetkind>1</bq_budgetkind>
            <bq_specialbudgetno/>
            <bq_agenno>63010</bq_agenno>
            <bq_agentype>C</bq_agentype>
            <bq_budgetstate>2</bq_budgetstate>
            <bq_budgetno>38630100100</bq_budgetno>
            <bq_objectno>07351500</bq_objectno>
            <bq_carid>偵防車19</bq_carid>
            <bq_persons>4</bq_persons>
            <bq_buydate>09802</bq_buydate>
            <bq_ventsize>1798</bq_ventsize>
            <bq_oilamt>1448</bq_oilamt>
            <bq_oilprice>25.70</bq_oilprice>
            <bq_amt_maintain>47000.00</bq_amt_maintain>
            <bq_amt5>16000.00</bq_amt5>
            <bq_carnum>1</bq_carnum>
            <bq_remark/>
            <bq_lpgamt>0</bq_lpgamt>
            <bq_lpgprice>0.00</bq_lpgprice>
            <bq_versiondate/>
        </BCTMCAR_row>
        <BCTMCAR_row>
            <bq_fiscalyear>105</bq_fiscalyear>
            <bq_fundkind>1</bq_fundkind>
            <bq_budgetkind>1</bq_budgetkind>
            <bq_specialbudgetno/>
            <bq_agenno>63010</bq_agenno>
            <bq_agentype>C</bq_agentype>
            <bq_budgetstate>2</bq_budgetstate>
            <bq_budgetno>38630100100</bq_budgetno>
            <bq_objectno>07351500</bq_objectno>
            <bq_carid>偵防車20</bq_carid>
            <bq_persons>6</bq_persons>
            <bq_buydate>09804</bq_buydate>
            <bq_ventsize>2378</bq_ventsize>
            <bq_oilamt>1448</bq_oilamt>
            <bq_oilprice>25.70</bq_oilprice>
            <bq_amt_maintain>47000.00</bq_amt_maintain>
            <bq_amt5>21000.00</bq_amt5>
            <bq_carnum>1</bq_carnum>
            <bq_remark/>
            <bq_lpgamt>0</bq_lpgamt>
            <bq_lpgprice>0.00</bq_lpgprice>
            <bq_versiondate/>
        </BCTMCAR_row>
        <BCTMCAR_row>
            <bq_fiscalyear>105</bq_fiscalyear>
            <bq_fundkind>1</bq_fundkind>
            <bq_budgetkind>1</bq_budgetkind>
            <bq_specialbudgetno/>
            <bq_agenno>63010</bq_agenno>
            <bq_agentype>C</bq_agentype>
            <bq_budgetstate>2</bq_budgetstate>
            <bq_budgetno>38630100100</bq_budgetno>
            <bq_objectno>07351500</bq_objectno>
            <bq_carid>偵防車21</bq_carid>
            <bq_persons>6</bq_persons>
            <bq_buydate>09804</bq_buydate>
            <bq_ventsize>2378</bq_ventsize>
            <bq_oilamt>1448</bq_oilamt>
            <bq_oilprice>25.70</bq_oilprice>
            <bq_amt_maintain>47000.00</bq_amt_maintain>
            <bq_amt5>21000.00</bq_amt5>
            <bq_carnum>1</bq_carnum>
            <bq_remark/>
            <bq_lpgamt>0</bq_lpgamt>
            <bq_lpgprice>0.00</bq_lpgprice>
            <bq_versiondate/>
        </BCTMCAR_row>
        <BCTMCAR_row>
            <bq_fiscalyear>105</bq_fiscalyear>
            <bq_fundkind>1</bq_fundkind>
            <bq_budgetkind>1</bq_budgetkind>
            <bq_specialbudgetno/>
            <bq_agenno>63010</bq_agenno>
            <bq_agentype>C</bq_agentype>
            <bq_budgetstate>2</bq_budgetstate>
            <bq_budgetno>38630100100</bq_budgetno>
            <bq_objectno>07351500</bq_objectno>
            <bq_carid>偵防車22</bq_carid>
            <bq_persons>6</bq_persons>
            <bq_buydate>09804</bq_buydate>
            <bq_ventsize>2378</bq_ventsize>
            <bq_oilamt>1448</bq_oilamt>
            <bq_oilprice>25.70</bq_oilprice>
            <bq_amt_maintain>47000.00</bq_amt_maintain>
            <bq_amt5>21000.00</bq_amt5>
            <bq_carnum>1</bq_carnum>
            <bq_remark/>
            <bq_lpgamt>0</bq_lpgamt>
            <bq_lpgprice>0.00</bq_lpgprice>
            <bq_versiondate/>
        </BCTMCAR_row>
        <BCTMCAR_row>
            <bq_fiscalyear>105</bq_fiscalyear>
            <bq_fundkind>1</bq_fundkind>
            <bq_budgetkind>1</bq_budgetkind>
            <bq_specialbudgetno/>
            <bq_agenno>63010</bq_agenno>
            <bq_agentype>C</bq_agentype>
            <bq_budgetstate>2</bq_budgetstate>
            <bq_budgetno>38630100100</bq_budgetno>
            <bq_objectno>07351500</bq_objectno>
            <bq_carid>偵防車23</bq_carid>
            <bq_persons>6</bq_persons>
            <bq_buydate>09804</bq_buydate>
            <bq_ventsize>2378</bq_ventsize>
            <bq_oilamt>1448</bq_oilamt>
            <bq_oilprice>25.70</bq_oilprice>
            <bq_amt_maintain>47000.00</bq_amt_maintain>
            <bq_amt5>21000.00</bq_amt5>
            <bq_carnum>1</bq_carnum>
            <bq_remark/>
            <bq_lpgamt>0</bq_lpgamt>
            <bq_lpgprice>0.00</bq_lpgprice>
            <bq_versiondate/>
        </BCTMCAR_row>
        <BCTMCAR_row>
            <bq_fiscalyear>105</bq_fiscalyear>
            <bq_fundkind>1</bq_fundkind>
            <bq_budgetkind>1</bq_budgetkind>
            <bq_specialbudgetno/>
            <bq_agenno>63010</bq_agenno>
            <bq_agentype>C</bq_agentype>
            <bq_budgetstate>2</bq_budgetstate>
            <bq_budgetno>38630100100</bq_budgetno>
            <bq_objectno>07351500</bq_objectno>
            <bq_carid>偵防車24</bq_carid>
            <bq_persons>4</bq_persons>
            <bq_buydate>09804</bq_buydate>
            <bq_ventsize>1798</bq_ventsize>
            <bq_oilamt>1448</bq_oilamt>
            <bq_oilprice>25.70</bq_oilprice>
            <bq_amt_maintain>47000.00</bq_amt_maintain>
            <bq_amt5>16000.00</bq_amt5>
            <bq_carnum>1</bq_carnum>
            <bq_remark/>
            <bq_lpgamt>0</bq_lpgamt>
            <bq_lpgprice>0.00</bq_lpgprice>
            <bq_versiondate/>
        </BCTMCAR_row>
        <BCTMCAR_row>
            <bq_fiscalyear>105</bq_fiscalyear>
            <bq_fundkind>1</bq_fundkind>
            <bq_budgetkind>1</bq_budgetkind>
            <bq_specialbudgetno/>
            <bq_agenno>63010</bq_agenno>
            <bq_agentype>C</bq_agentype>
            <bq_budgetstate>2</bq_budgetstate>
            <bq_budgetno>38630100100</bq_budgetno>
            <bq_objectno>07351500</bq_objectno>
            <bq_carid>偵防車25</bq_carid>
            <bq_persons>4</bq_persons>
            <bq_buydate>09804</bq_buydate>
            <bq_ventsize>1798</bq_ventsize>
            <bq_oilamt>1448</bq_oilamt>
            <bq_oilprice>25.70</bq_oilprice>
            <bq_amt_maintain>47000.00</bq_amt_maintain>
            <bq_amt5>16000.00</bq_amt5>
            <bq_carnum>1</bq_carnum>
            <bq_remark/>
            <bq_lpgamt>0</bq_lpgamt>
            <bq_lpgprice>0.00</bq_lpgprice>
            <bq_versiondate/>
        </BCTMCAR_row>
        <BCTMCAR_row>
            <bq_fiscalyear>105</bq_fiscalyear>
            <bq_fundkind>1</bq_fundkind>
            <bq_budgetkind>1</bq_budgetkind>
            <bq_specialbudgetno/>
            <bq_agenno>63010</bq_agenno>
            <bq_agentype>C</bq_agentype>
            <bq_budgetstate>2</bq_budgetstate>
            <bq_budgetno>38630100100</bq_budgetno>
            <bq_objectno>07351500</bq_objectno>
            <bq_carid>偵防車26</bq_carid>
            <bq_persons>4</bq_persons>
            <bq_buydate>09804</bq_buydate>
            <bq_ventsize>1798</bq_ventsize>
            <bq_oilamt>1448</bq_oilamt>
            <bq_oilprice>25.70</bq_oilprice>
            <bq_amt_maintain>47000.00</bq_amt_maintain>
            <bq_amt5>16000.00</bq_amt5>
            <bq_carnum>1</bq_carnum>
            <bq_remark/>
            <bq_lpgamt>0</bq_lpgamt>
            <bq_lpgprice>0.00</bq_lpgprice>
            <bq_versiondate/>
        </BCTMCAR_row>
        <BCTMCAR_row>
            <bq_fiscalyear>105</bq_fiscalyear>
            <bq_fundkind>1</bq_fundkind>
            <bq_budgetkind>1</bq_budgetkind>
            <bq_specialbudgetno/>
            <bq_agenno>63010</bq_agenno>
            <bq_agentype>C</bq_agentype>
            <bq_budgetstate>2</bq_budgetstate>
            <bq_budgetno>38630100100</bq_budgetno>
            <bq_objectno>07351500</bq_objectno>
            <bq_carid>偵防車27</bq_carid>
            <bq_persons>4</bq_persons>
            <bq_buydate>09804</bq_buydate>
            <bq_ventsize>1798</bq_ventsize>
            <bq_oilamt>1448</bq_oilamt>
            <bq_oilprice>25.70</bq_oilprice>
            <bq_amt_maintain>47000.00</bq_amt_maintain>
            <bq_amt5>16000.00</bq_amt5>
            <bq_carnum>1</bq_carnum>
            <bq_remark/>
            <bq_lpgamt>0</bq_lpgamt>
            <bq_lpgprice>0.00</bq_lpgprice>
            <bq_versiondate/>
        </BCTMCAR_row>
        <BCTMCAR_row>
            <bq_fiscalyear>105</bq_fiscalyear>
            <bq_fundkind>1</bq_fundkind>
            <bq_budgetkind>1</bq_budgetkind>
            <bq_specialbudgetno/>
            <bq_agenno>63010</bq_agenno>
            <bq_agentype>C</bq_agentype>
            <bq_budgetstate>2</bq_budgetstate>
            <bq_budgetno>38630100100</bq_budgetno>
            <bq_objectno>07351500</bq_objectno>
            <bq_carid>偵防車28</bq_carid>
            <bq_persons>4</bq_persons>
            <bq_buydate>09804</bq_buydate>
            <bq_ventsize>1798</bq_ventsize>
            <bq_oilamt>1448</bq_oilamt>
            <bq_oilprice>25.70</bq_oilprice>
            <bq_amt_maintain>47000.00</bq_amt_maintain>
            <bq_amt5>16000.00</bq_amt5>
            <bq_carnum>1</bq_carnum>
            <bq_remark/>
            <bq_lpgamt>0</bq_lpgamt>
            <bq_lpgprice>0.00</bq_lpgprice>
            <bq_versiondate/>
        </BCTMCAR_row>
        <BCTMCAR_row>
            <bq_fiscalyear>105</bq_fiscalyear>
            <bq_fundkind>1</bq_fundkind>
            <bq_budgetkind>1</bq_budgetkind>
            <bq_specialbudgetno/>
            <bq_agenno>63010</bq_agenno>
            <bq_agentype>C</bq_agentype>
            <bq_budgetstate>2</bq_budgetstate>
            <bq_budgetno>38630100100</bq_budgetno>
            <bq_objectno>07351500</bq_objectno>
            <bq_carid>偵防車29</bq_carid>
            <bq_persons>4</bq_persons>
            <bq_buydate>09804</bq_buydate>
            <bq_ventsize>1798</bq_ventsize>
            <bq_oilamt>1448</bq_oilamt>
            <bq_oilprice>25.70</bq_oilprice>
            <bq_amt_maintain>47000.00</bq_amt_maintain>
            <bq_amt5>16000.00</bq_amt5>
            <bq_carnum>1</bq_carnum>
            <bq_remark/>
            <bq_lpgamt>0</bq_lpgamt>
            <bq_lpgprice>0.00</bq_lpgprice>
            <bq_versiondate/>
        </BCTMCAR_row>
        <BCTMCAR_row>
            <bq_fiscalyear>105</bq_fiscalyear>
            <bq_fundkind>1</bq_fundkind>
            <bq_budgetkind>1</bq_budgetkind>
            <bq_specialbudgetno/>
            <bq_agenno>63010</bq_agenno>
            <bq_agentype>C</bq_agentype>
            <bq_budgetstate>2</bq_budgetstate>
            <bq_budgetno>38630100100</bq_budgetno>
            <bq_objectno>07351500</bq_objectno>
            <bq_carid>偵防車30</bq_carid>
            <bq_persons>4</bq_persons>
            <bq_buydate>09804</bq_buydate>
            <bq_ventsize>1798</bq_ventsize>
            <bq_oilamt>1448</bq_oilamt>
            <bq_oilprice>25.70</bq_oilprice>
            <bq_amt_maintain>47000.00</bq_amt_maintain>
            <bq_amt5>16000.00</bq_amt5>
            <bq_carnum>1</bq_carnum>
            <bq_remark/>
            <bq_lpgamt>0</bq_lpgamt>
            <bq_lpgprice>0.00</bq_lpgprice>
            <bq_versiondate/>
        </BCTMCAR_row>
        <BCTMCAR_row>
            <bq_fiscalyear>105</bq_fiscalyear>
            <bq_fundkind>1</bq_fundkind>
            <bq_budgetkind>1</bq_budgetkind>
            <bq_specialbudgetno/>
            <bq_agenno>63010</bq_agenno>
            <bq_agentype>C</bq_agentype>
            <bq_budgetstate>2</bq_budgetstate>
            <bq_budgetno>38630100100</bq_budgetno>
            <bq_objectno>07351500</bq_objectno>
            <bq_carid>偵防車31</bq_carid>
            <bq_persons>4</bq_persons>
            <bq_buydate>09904</bq_buydate>
            <bq_ventsize>1798</bq_ventsize>
            <bq_oilamt>852</bq_oilamt>
            <bq_oilprice>25.70</bq_oilprice>
            <bq_amt_maintain>31000.00</bq_amt_maintain>
            <bq_amt5>16000.00</bq_amt5>
            <bq_carnum>1</bq_carnum>
            <bq_remark>油氣雙燃料車。</bq_remark>
            <bq_lpgamt>972</bq_lpgamt>
            <bq_lpgprice>18.40</bq_lpgprice>
            <bq_versiondate/>
        </BCTMCAR_row>
        <BCTMCAR_row>
            <bq_fiscalyear>105</bq_fiscalyear>
            <bq_fundkind>1</bq_fundkind>
            <bq_budgetkind>1</bq_budgetkind>
            <bq_specialbudgetno/>
            <bq_agenno>63010</bq_agenno>
            <bq_agentype>C</bq_agentype>
            <bq_budgetstate>2</bq_budgetstate>
            <bq_budgetno>38630100100</bq_budgetno>
            <bq_objectno>07351500</bq_objectno>
            <bq_carid>偵防車32</bq_carid>
            <bq_persons>4</bq_persons>
            <bq_buydate>09904</bq_buydate>
            <bq_ventsize>2378</bq_ventsize>
            <bq_oilamt>1448</bq_oilamt>
            <bq_oilprice>25.70</bq_oilprice>
            <bq_amt_maintain>31000.00</bq_amt_maintain>
            <bq_amt5>21000.00</bq_amt5>
            <bq_carnum>1</bq_carnum>
            <bq_remark/>
            <bq_lpgamt>0</bq_lpgamt>
            <bq_lpgprice>0.00</bq_lpgprice>
            <bq_versiondate/>
        </BCTMCAR_row>
        <BCTMCAR_row>
            <bq_fiscalyear>105</bq_fiscalyear>
            <bq_fundkind>1</bq_fundkind>
            <bq_budgetkind>1</bq_budgetkind>
            <bq_specialbudgetno/>
            <bq_agenno>63010</bq_agenno>
            <bq_agentype>C</bq_agentype>
            <bq_budgetstate>2</bq_budgetstate>
            <bq_budgetno>38630100100</bq_budgetno>
            <bq_objectno>07351500</bq_objectno>
            <bq_carid>偵防車33</bq_carid>
            <bq_persons>4</bq_persons>
            <bq_buydate>09904</bq_buydate>
            <bq_ventsize>1798</bq_ventsize>
            <bq_oilamt>852</bq_oilamt>
            <bq_oilprice>25.70</bq_oilprice>
            <bq_amt_maintain>31000.00</bq_amt_maintain>
            <bq_amt5>16000.00</bq_amt5>
            <bq_carnum>1</bq_carnum>
            <bq_remark>油氣雙燃料車。</bq_remark>
            <bq_lpgamt>972</bq_lpgamt>
            <bq_lpgprice>18.40</bq_lpgprice>
            <bq_versiondate/>
        </BCTMCAR_row>
        <BCTMCAR_row>
            <bq_fiscalyear>105</bq_fiscalyear>
            <bq_fundkind>1</bq_fundkind>
            <bq_budgetkind>1</bq_budgetkind>
            <bq_specialbudgetno/>
            <bq_agenno>63010</bq_agenno>
            <bq_agentype>C</bq_agentype>
            <bq_budgetstate>2</bq_budgetstate>
            <bq_budgetno>38630100100</bq_budgetno>
            <bq_objectno>07351500</bq_objectno>
            <bq_carid>偵防車34</bq_carid>
            <bq_persons>8</bq_persons>
            <bq_buydate>09904</bq_buydate>
            <bq_ventsize>2378</bq_ventsize>
            <bq_oilamt>1448</bq_oilamt>
            <bq_oilprice>25.70</bq_oilprice>
            <bq_amt_maintain>31000.00</bq_amt_maintain>
            <bq_amt5>21000.00</bq_amt5>
            <bq_carnum>1</bq_carnum>
            <bq_remark/>
            <bq_lpgamt>0</bq_lpgamt>
            <bq_lpgprice>0.00</bq_lpgprice>
            <bq_versiondate/>
        </BCTMCAR_row>
        <BCTMCAR_row>
            <bq_fiscalyear>105</bq_fiscalyear>
            <bq_fundkind>1</bq_fundkind>
            <bq_budgetkind>1</bq_budgetkind>
            <bq_specialbudgetno/>
            <bq_agenno>63010</bq_agenno>
            <bq_agentype>C</bq_agentype>
            <bq_budgetstate>2</bq_budgetstate>
            <bq_budgetno>38630100100</bq_budgetno>
            <bq_objectno>07351500</bq_objectno>
            <bq_carid>偵防車35</bq_carid>
            <bq_persons>4</bq_persons>
            <bq_buydate>09904</bq_buydate>
            <bq_ventsize>2378</bq_ventsize>
            <bq_oilamt>1448</bq_oilamt>
            <bq_oilprice>25.70</bq_oilprice>
            <bq_amt_maintain>31000.00</bq_amt_maintain>
            <bq_amt5>21000.00</bq_amt5>
            <bq_carnum>1</bq_carnum>
            <bq_remark/>
            <bq_lpgamt>0</bq_lpgamt>
            <bq_lpgprice>0.00</bq_lpgprice>
            <bq_versiondate/>
        </BCTMCAR_row>
        <BCTMCAR_row>
            <bq_fiscalyear>105</bq_fiscalyear>
            <bq_fundkind>1</bq_fundkind>
            <bq_budgetkind>1</bq_budgetkind>
            <bq_specialbudgetno/>
            <bq_agenno>63010</bq_agenno>
            <bq_agentype>C</bq_agentype>
            <bq_budgetstate>2</bq_budgetstate>
            <bq_budgetno>38630100100</bq_budgetno>
            <bq_objectno>07351500</bq_objectno>
            <bq_carid>偵防車36</bq_carid>
            <bq_persons>4</bq_persons>
            <bq_buydate>09904</bq_buydate>
            <bq_ventsize>1798</bq_ventsize>
            <bq_oilamt>852</bq_oilamt>
            <bq_oilprice>25.70</bq_oilprice>
            <bq_amt_maintain>31000.00</bq_amt_maintain>
            <bq_amt5>16000.00</bq_amt5>
            <bq_carnum>1</bq_carnum>
            <bq_remark>油氣雙燃料車。</bq_remark>
            <bq_lpgamt>972</bq_lpgamt>
            <bq_lpgprice>18.40</bq_lpgprice>
            <bq_versiondate/>
        </BCTMCAR_row>
        <BCTMCAR_row>
            <bq_fiscalyear>105</bq_fiscalyear>
            <bq_fundkind>1</bq_fundkind>
            <bq_budgetkind>1</bq_budgetkind>
            <bq_specialbudgetno/>
            <bq_agenno>63010</bq_agenno>
            <bq_agentype>C</bq_agentype>
            <bq_budgetstate>2</bq_budgetstate>
            <bq_budgetno>38630100100</bq_budgetno>
            <bq_objectno>07351500</bq_objectno>
            <bq_carid>偵防車37</bq_carid>
            <bq_persons>8</bq_persons>
            <bq_buydate>09904</bq_buydate>
            <bq_ventsize>2378</bq_ventsize>
            <bq_oilamt>1448</bq_oilamt>
            <bq_oilprice>25.70</bq_oilprice>
            <bq_amt_maintain>31000.00</bq_amt_maintain>
            <bq_amt5>21000.00</bq_amt5>
            <bq_carnum>1</bq_carnum>
            <bq_remark/>
            <bq_lpgamt>0</bq_lpgamt>
            <bq_lpgprice>0.00</bq_lpgprice>
            <bq_versiondate/>
        </BCTMCAR_row>
        <BCTMCAR_row>
            <bq_fiscalyear>105</bq_fiscalyear>
            <bq_fundkind>1</bq_fundkind>
            <bq_budgetkind>1</bq_budgetkind>
            <bq_specialbudgetno/>
            <bq_agenno>63010</bq_agenno>
            <bq_agentype>C</bq_agentype>
            <bq_budgetstate>2</bq_budgetstate>
            <bq_budgetno>38630100100</bq_budgetno>
            <bq_objectno>07351500</bq_objectno>
            <bq_carid>偵防車38</bq_carid>
            <bq_persons>8</bq_persons>
            <bq_buydate>09904</bq_buydate>
            <bq_ventsize>2378</bq_ventsize>
            <bq_oilamt>1448</bq_oilamt>
            <bq_oilprice>25.70</bq_oilprice>
            <bq_amt_maintain>31000.00</bq_amt_maintain>
            <bq_amt5>21000.00</bq_amt5>
            <bq_carnum>1</bq_carnum>
            <bq_remark/>
            <bq_lpgamt>0</bq_lpgamt>
            <bq_lpgprice>0.00</bq_lpgprice>
            <bq_versiondate/>
        </BCTMCAR_row>
        <BCTMCAR_row>
            <bq_fiscalyear>105</bq_fiscalyear>
            <bq_fundkind>1</bq_fundkind>
            <bq_budgetkind>1</bq_budgetkind>
            <bq_specialbudgetno/>
            <bq_agenno>63010</bq_agenno>
            <bq_agentype>C</bq_agentype>
            <bq_budgetstate>2</bq_budgetstate>
            <bq_budgetno>38630100100</bq_budgetno>
            <bq_objectno>07351500</bq_objectno>
            <bq_carid>偵防車39</bq_carid>
            <bq_persons>4</bq_persons>
            <bq_buydate>09904</bq_buydate>
            <bq_ventsize>1798</bq_ventsize>
            <bq_oilamt>1448</bq_oilamt>
            <bq_oilprice>25.70</bq_oilprice>
            <bq_amt_maintain>31000.00</bq_amt_maintain>
            <bq_amt5>16000.00</bq_amt5>
            <bq_carnum>1</bq_carnum>
            <bq_remark/>
            <bq_lpgamt>0</bq_lpgamt>
            <bq_lpgprice>0.00</bq_lpgprice>
            <bq_versiondate/>
        </BCTMCAR_row>
        <BCTMCAR_row>
            <bq_fiscalyear>105</bq_fiscalyear>
            <bq_fundkind>1</bq_fundkind>
            <bq_budgetkind>1</bq_budgetkind>
            <bq_specialbudgetno/>
            <bq_agenno>63010</bq_agenno>
            <bq_agentype>C</bq_agentype>
            <bq_budgetstate>2</bq_budgetstate>
            <bq_budgetno>38630100100</bq_budgetno>
            <bq_objectno>07351500</bq_objectno>
            <bq_carid>偵防車40</bq_carid>
            <bq_persons>4</bq_persons>
            <bq_buydate>10004</bq_buydate>
            <bq_ventsize>1998</bq_ventsize>
            <bq_oilamt>852</bq_oilamt>
            <bq_oilprice>25.70</bq_oilprice>
            <bq_amt_maintain>31000.00</bq_amt_maintain>
            <bq_amt5>21000.00</bq_amt5>
            <bq_carnum>1</bq_carnum>
            <bq_remark>油氣雙燃料車。</bq_remark>
            <bq_lpgamt>972</bq_lpgamt>
            <bq_lpgprice>18.40</bq_lpgprice>
            <bq_versiondate/>
        </BCTMCAR_row>
        <BCTMCAR_row>
            <bq_fiscalyear>105</bq_fiscalyear>
            <bq_fundkind>1</bq_fundkind>
            <bq_budgetkind>1</bq_budgetkind>
            <bq_specialbudgetno/>
            <bq_agenno>63010</bq_agenno>
            <bq_agentype>C</bq_agentype>
            <bq_budgetstate>2</bq_budgetstate>
            <bq_budgetno>38630100100</bq_budgetno>
            <bq_objectno>07351500</bq_objectno>
            <bq_carid>偵防車41</bq_carid>
            <bq_persons>4</bq_persons>
            <bq_buydate>10004</bq_buydate>
            <bq_ventsize>1998</bq_ventsize>
            <bq_oilamt>852</bq_oilamt>
            <bq_oilprice>25.70</bq_oilprice>
            <bq_amt_maintain>31000.00</bq_amt_maintain>
            <bq_amt5>22000.00</bq_amt5>
            <bq_carnum>1</bq_carnum>
            <bq_remark>油氣雙燃料車。</bq_remark>
            <bq_lpgamt>972</bq_lpgamt>
            <bq_lpgprice>18.40</bq_lpgprice>
            <bq_versiondate/>
        </BCTMCAR_row>
        <BCTMCAR_row>
            <bq_fiscalyear>105</bq_fiscalyear>
            <bq_fundkind>1</bq_fundkind>
            <bq_budgetkind>1</bq_budgetkind>
            <bq_specialbudgetno/>
            <bq_agenno>63010</bq_agenno>
            <bq_agentype>C</bq_agentype>
            <bq_budgetstate>2</bq_budgetstate>
            <bq_budgetno>38630100100</bq_budgetno>
            <bq_objectno>07351500</bq_objectno>
            <bq_carid>偵防車42</bq_carid>
            <bq_persons>4</bq_persons>
            <bq_buydate>10004</bq_buydate>
            <bq_ventsize>1998</bq_ventsize>
            <bq_oilamt>1448</bq_oilamt>
            <bq_oilprice>25.70</bq_oilprice>
            <bq_amt_maintain>31000.00</bq_amt_maintain>
            <bq_amt5>22000.00</bq_amt5>
            <bq_carnum>1</bq_carnum>
            <bq_remark/>
            <bq_lpgamt>0</bq_lpgamt>
            <bq_lpgprice>0.00</bq_lpgprice>
            <bq_versiondate/>
        </BCTMCAR_row>
        <BCTMCAR_row>
            <bq_fiscalyear>105</bq_fiscalyear>
            <bq_fundkind>1</bq_fundkind>
            <bq_budgetkind>1</bq_budgetkind>
            <bq_specialbudgetno/>
            <bq_agenno>63010</bq_agenno>
            <bq_agentype>C</bq_agentype>
            <bq_budgetstate>2</bq_budgetstate>
            <bq_budgetno>38630100100</bq_budgetno>
            <bq_objectno>07351500</bq_objectno>
            <bq_carid>偵防車43</bq_carid>
            <bq_persons>4</bq_persons>
            <bq_buydate>10004</bq_buydate>
            <bq_ventsize>1998</bq_ventsize>
            <bq_oilamt>1448</bq_oilamt>
            <bq_oilprice>25.70</bq_oilprice>
            <bq_amt_maintain>31000.00</bq_amt_maintain>
            <bq_amt5>21000.00</bq_amt5>
            <bq_carnum>1</bq_carnum>
            <bq_remark/>
            <bq_lpgamt>0</bq_lpgamt>
            <bq_lpgprice>0.00</bq_lpgprice>
            <bq_versiondate/>
        </BCTMCAR_row>
    </BCTMCAR>
</tables>
