<?xml version="1.0" encoding="UTF-8"?>
<tables>
    <BCTDMANAMT>
        <BCTDMANAMT_row>
            <bn_fiscalyear>104</bn_fiscalyear>
            <bn_fundkind>1</bn_fundkind>
            <bn_budgetkind>1</bn_budgetkind>
            <bn_specialbudgetno/>
            <bn_agenno>23018</bn_agenno>
            <bn_agentype>B</bn_agentype>
            <bn_budgetstate>2</bn_budgetstate>
            <bn_budgetsource>1</bn_budgetsource>
            <bn_man1>55</bn_man1>
            <bn_man1_l>55</bn_man1_l>
            <bn_man2>0</bn_man2>
            <bn_man2_l>0</bn_man2_l>
            <bn_man3>1</bn_man3>
            <bn_man3_l>1</bn_man3_l>
            <bn_man4>2</bn_man4>
            <bn_man4_l>2</bn_man4_l>
            <bn_man5>0</bn_man5>
            <bn_man5_l>0</bn_man5_l>
            <bn_man6>0</bn_man6>
            <bn_man6_l>0</bn_man6_l>
            <bn_man7>0</bn_man7>
            <bn_man7_l>0</bn_man7_l>
            <bn_man8>4</bn_man8>
            <bn_man8_l>4</bn_man8_l>
            <bn_man9>3</bn_man9>
            <bn_man9_l>3</bn_man9_l>
            <bn_man10>0</bn_man10>
            <bn_man10_l>0</bn_man10_l>
            <bn_man11>0</bn_man11>
            <bn_man11_l>0</bn_man11_l>
            <bn_amt_man>90513000.00</bn_amt_man>
            <bn_amt_mngbsn>84028000.00</bn_amt_mngbsn>
            <bn_text/>
            <display_name>35230180100 一般行政</display_name>
        </BCTDMANAMT_row>
        <BCTDMANAMT_row>
            <bn_fiscalyear>104</bn_fiscalyear>
            <bn_fundkind>1</bn_fundkind>
            <bn_budgetkind>1</bn_budgetkind>
            <bn_specialbudgetno/>
            <bn_agenno>23018</bn_agenno>
            <bn_agentype>B</bn_agentype>
            <bn_budgetstate>2</bn_budgetstate>
            <bn_budgetsource>1</bn_budgetsource>
            <bn_man1>663</bn_man1>
            <bn_man1_l>663</bn_man1_l>
            <bn_man2>0</bn_man2>
            <bn_man2_l>0</bn_man2_l>
            <bn_man3>12</bn_man3>
            <bn_man3_l>12</bn_man3_l>
            <bn_man4>30</bn_man4>
            <bn_man4_l>30</bn_man4_l>
            <bn_man5>0</bn_man5>
            <bn_man5_l>0</bn_man5_l>
            <bn_man6>0</bn_man6>
            <bn_man6_l>0</bn_man6_l>
            <bn_man7>0</bn_man7>
            <bn_man7_l>0</bn_man7_l>
            <bn_man8>34</bn_man8>
            <bn_man8_l>34</bn_man8_l>
            <bn_man9>13</bn_man9>
            <bn_man9_l>13</bn_man9_l>
            <bn_man10>0</bn_man10>
            <bn_man10_l>0</bn_man10_l>
            <bn_man11>0</bn_man11>
            <bn_man11_l>0</bn_man11_l>
            <bn_amt_man>758476000.00</bn_amt_man>
            <bn_amt_mngbsn>745860000.00</bn_amt_mngbsn>
            <bn_text>&amp;lt;#H1&amp;gt;本署及所屬103年度法定預算書表列預算員額為816人，配合業務調整，由矯正署及所屬移入職員1人，共計如表列上年度預算員額。&#xd;
&amp;lt;#H1&amp;gt;本年度預算員額817人，與上年度同。&#xd;
&amp;lt;#H1&amp;gt;以「一般行政-基本行政工作維持」之業務費項下，預計進用勞務承攬3人，經費1,464千元；預計進用勞務派遣4人，經費1,338千元。&#xd;
&amp;lt;#H1&amp;gt;以「執行案件處理-基本行政工作維持」之業務費項下，預計進用勞務承攬52人，經費20,493千元。&#xd;
&amp;lt;#H1&amp;gt;以「執行案件處理-辦理執行業務」之業務費項下，預計進用勞務派遣378人，經費120,534千元。&#xd;
</bn_text>
            <display_name>35230184000 執行案件處理</display_name>
        </BCTDMANAMT_row>
    </BCTDMANAMT>
</tables>
