<?xml version="1.0" encoding="UTF-8"?>
<GenericData>
　　<Header>
　　　　<Table Id="HBALANCE" Name="平衡綜計表" Domain="NBA" />
　　　　<Program Id="NBAGJR020_C" />
　　　　<Sender Name="特別收入基金" />
　　　　<報表名稱>平衡綜計表</報表名稱>
　　　　<日期>中華民國105年6月30日</日期>
　　　　<基金>特別收入基金</基金>
　　　　<單位>單位︰新臺幣元</單位>
　　</Header>
　　<DataSet>
　　　　<ROW>
　　　　　　<SEQNO>1</SEQNO>
　　　　　　<LEVEL>1</LEVEL>
　　　　　　<BOLD>1</BOLD>
　　　　　　<科目>資產</科目>
　　　　　　<金額>544331931065.91</金額>
　　　　　　<百分比>100.0</百分比>
　　　　</ROW>
　　　　<ROW>
　　　　　　<SEQNO>2</SEQNO>
　　　　　　<LEVEL>2</LEVEL>
　　　　　　<BOLD>1</BOLD>
　　　　　　<科目>流動資產</科目>
　　　　　　<金額>268752737795.32</金額>
　　　　　　<百分比>49.4</百分比>
　　　　</ROW>
　　　　<ROW>
　　　　　　<SEQNO>3</SEQNO>
　　　　　　<LEVEL>3</LEVEL>
　　　　　　<BOLD>0</BOLD>
　　　　　　<科目>現金</科目>
　　　　　　<金額>196934780073.91</金額>
　　　　　　<百分比>36.2</百分比>
　　　　</ROW>
　　　　<ROW>
　　　　　　<SEQNO>4</SEQNO>
　　　　　　<LEVEL>3</LEVEL>
　　　　　　<BOLD>0</BOLD>
　　　　　　<科目>短期投資</科目>
　　　　　　<金額>1718065.93</金額>
　　　　　　<百分比>-</百分比>
　　　　</ROW>
　　　　<ROW>
　　　　　　<SEQNO>5</SEQNO>
　　　　　　<LEVEL>3</LEVEL>
　　　　　　<BOLD>0</BOLD>
　　　　　　<科目>應收款項</科目>
　　　　　　<金額>8485934544.48</金額>
　　　　　　<百分比>1.6</百分比>
　　　　</ROW>
　　　　<ROW>
　　　　　　<SEQNO>6</SEQNO>
　　　　　　<LEVEL>3</LEVEL>
　　　　　　<BOLD>0</BOLD>
　　　　　　<科目>存貨</科目>
　　　　　　<金額>10713501534.00</金額>
　　　　　　<百分比>2.0</百分比>
　　　　</ROW>
　　　　<ROW>
　　　　　　<SEQNO>7</SEQNO>
　　　　　　<LEVEL>3</LEVEL>
　　　　　　<BOLD>0</BOLD>
　　　　　　<科目>預付款項</科目>
　　　　　　<金額>15764684608.00</金額>
　　　　　　<百分比>2.9</百分比>
　　　　</ROW>
　　　　<ROW>
　　　　　　<SEQNO>8</SEQNO>
　　　　　　<LEVEL>3</LEVEL>
　　　　　　<BOLD>0</BOLD>
　　　　　　<科目>短期貸墊款</科目>
　　　　　　<金額>36852118969.00</金額>
　　　　　　<百分比>6.8</百分比>
　　　　</ROW>
　　　　<ROW>
　　　　　　<SEQNO>9</SEQNO>
　　　　　　<LEVEL>2</LEVEL>
　　　　　　<BOLD>1</BOLD>
　　　　　　<科目>投資、長期應收款項、貸墊款及準備金</科目>
　　　　　　<金額>271339895368.00</金額>
　　　　　　<百分比>49.8</百分比>
　　　　</ROW>
　　　　<ROW>
　　　　　　<SEQNO>10</SEQNO>
　　　　　　<LEVEL>3</LEVEL>
　　　　　　<BOLD>0</BOLD>
　　　　　　<科目>長期應收款項</科目>
　　　　　　<金額 />
　　　　　　<百分比 />
　　　　</ROW>
　　　　<ROW>
　　　　　　<SEQNO>11</SEQNO>
　　　　　　<LEVEL>3</LEVEL>
　　　　　　<BOLD>0</BOLD>
　　　　　　<科目>長期貸款</科目>
　　　　　　<金額>164869540107.00</金額>
　　　　　　<百分比>30.3</百分比>
　　　　</ROW>
　　　　<ROW>
　　　　　　<SEQNO>12</SEQNO>
　　　　　　<LEVEL>3</LEVEL>
　　　　　　<BOLD>0</BOLD>
　　　　　　<科目>長期墊款</科目>
　　　　　　<金額>1315441841.00</金額>
　　　　　　<百分比>0.2</百分比>
　　　　</ROW>
　　　　<ROW>
　　　　　　<SEQNO>13</SEQNO>
　　　　　　<LEVEL>3</LEVEL>
　　　　　　<BOLD>0</BOLD>
　　　　　　<科目>準備金</科目>
　　　　　　<金額>21984437462.00</金額>
　　　　　　<百分比>4.0</百分比>
　　　　</ROW>
　　　　<ROW>
　　　　　　<SEQNO>14</SEQNO>
　　　　　　<LEVEL>3</LEVEL>
　　　　　　<BOLD>0</BOLD>
　　　　　　<科目>理財目的之長期投資</科目>
　　　　　　<金額>83170475958.00</金額>
　　　　　　<百分比>15.3</百分比>
　　　　</ROW>
　　　　<ROW>
　　　　　　<SEQNO>15</SEQNO>
　　　　　　<LEVEL>2</LEVEL>
　　　　　　<BOLD>1</BOLD>
　　　　　　<科目>其他資產</科目>
　　　　　　<金額>4239297902.59</金額>
　　　　　　<百分比>0.8</百分比>
　　　　</ROW>
　　　　<ROW>
　　　　　　<SEQNO>16</SEQNO>
　　　　　　<LEVEL>3</LEVEL>
　　　　　　<BOLD>0</BOLD>
　　　　　　<科目>什項資產</科目>
　　　　　　<金額>4239297902.59</金額>
　　　　　　<百分比>0.8</百分比>
　　　　</ROW>
　　　　<ROW>
　　　　　　<SEQNO>17</SEQNO>
　　　　　　<LEVEL>3</LEVEL>
　　　　　　<BOLD>0</BOLD>
　　　　　　<科目>待整理資產</科目>
　　　　　　<金額 />
　　　　　　<百分比 />
　　　　</ROW>
　　　　<ROW>
　　　　　　<SEQNO>18</SEQNO>
　　　　　　<LEVEL>1</LEVEL>
　　　　　　<BOLD>1</BOLD>
　　　　　　<科目>合計</科目>
　　　　　　<金額>544331931065.91</金額>
　　　　　　<百分比>100.0</百分比>
　　　　</ROW>
　　　　<ROW>
　　　　　　<SEQNO>19</SEQNO>
　　　　　　<LEVEL>1</LEVEL>
　　　　　　<BOLD>1</BOLD>
　　　　　　<科目>負債</科目>
　　　　　　<金額>105255317229.00</金額>
　　　　　　<百分比>19.3</百分比>
　　　　</ROW>
　　　　<ROW>
　　　　　　<SEQNO>20</SEQNO>
　　　　　　<LEVEL>2</LEVEL>
　　　　　　<BOLD>1</BOLD>
　　　　　　<科目>流動負債</科目>
　　　　　　<金額>80217250223.00</金額>
　　　　　　<百分比>14.7</百分比>
　　　　</ROW>
　　　　<ROW>
　　　　　　<SEQNO>21</SEQNO>
　　　　　　<LEVEL>3</LEVEL>
　　　　　　<BOLD>0</BOLD>
　　　　　　<科目>短期債務</科目>
　　　　　　<金額>65279231921.00</金額>
　　　　　　<百分比>12.0</百分比>
　　　　</ROW>
　　　　<ROW>
　　　　　　<SEQNO>22</SEQNO>
　　　　　　<LEVEL>3</LEVEL>
　　　　　　<BOLD>0</BOLD>
　　　　　　<科目>應付款項</科目>
　　　　　　<金額>14378799829.00</金額>
　　　　　　<百分比>2.6</百分比>
　　　　</ROW>
　　　　<ROW>
　　　　　　<SEQNO>23</SEQNO>
　　　　　　<LEVEL>3</LEVEL>
　　　　　　<BOLD>0</BOLD>
　　　　　　<科目>預收款項</科目>
　　　　　　<金額>559218473.00</金額>
　　　　　　<百分比>0.1</百分比>
　　　　</ROW>
　　　　<ROW>
　　　　　　<SEQNO>24</SEQNO>
　　　　　　<LEVEL>2</LEVEL>
　　　　　　<BOLD>1</BOLD>
　　　　　　<科目>其他負債</科目>
　　　　　　<金額>25038067006.00</金額>
　　　　　　<百分比>4.6</百分比>
　　　　</ROW>
　　　　<ROW>
　　　　　　<SEQNO>25</SEQNO>
　　　　　　<LEVEL>3</LEVEL>
　　　　　　<BOLD>0</BOLD>
　　　　　　<科目>什項負債</科目>
　　　　　　<金額>3291015950.00</金額>
　　　　　　<百分比>0.6</百分比>
　　　　</ROW>
　　　　<ROW>
　　　　　　<SEQNO>26</SEQNO>
　　　　　　<LEVEL>3</LEVEL>
　　　　　　<BOLD>0</BOLD>
　　　　　　<科目>負債準備</科目>
　　　　　　<金額>21747051056.00</金額>
　　　　　　<百分比>4.0</百分比>
　　　　</ROW>
　　　　<ROW>
　　　　　　<SEQNO>27</SEQNO>
　　　　　　<LEVEL>1</LEVEL>
　　　　　　<BOLD>1</BOLD>
　　　　　　<科目>基金餘額</科目>
　　　　　　<金額>439076613836.91</金額>
　　　　　　<百分比>80.7</百分比>
　　　　</ROW>
　　　　<ROW>
　　　　　　<SEQNO>28</SEQNO>
　　　　　　<LEVEL>2</LEVEL>
　　　　　　<BOLD>1</BOLD>
　　　　　　<科目>基金餘額</科目>
　　　　　　<金額>439076613836.91</金額>
　　　　　　<百分比>80.7</百分比>
　　　　</ROW>
　　　　<ROW>
　　　　　　<SEQNO>29</SEQNO>
　　　　　　<LEVEL>3</LEVEL>
　　　　　　<BOLD>0</BOLD>
　　　　　　<科目>基金餘額</科目>
　　　　　　<金額>439076613836.91</金額>
　　　　　　<百分比>80.7</百分比>
　　　　</ROW>
　　　　<ROW>
　　　　　　<SEQNO>30</SEQNO>
　　　　　　<LEVEL>2</LEVEL>
　　　　　　<BOLD>1</BOLD>
　　　　　　<科目>合計</科目>
　　　　　　<金額>544331931065.91</金額>
　　　　　　<百分比>100.0</百分比>
　　　　</ROW>
　　　　<COMM>1.信託代理與保證資產(負債)8,889,202,029元。
2.因擔保、保證或契約可能造成未來會計年度支出事項(包括或有負債)149,136,037,416元。
3.或有資產74,000,000元。</COMM>
　　</DataSet>
</GenericData>

