<?xml version="1.0" encoding="UTF-8"?>
<GenericData>
　　<Header>
　　　　<Table Id="HPALS" Name="基金來源、用途及餘絀綜計表" Domain="NBA" />
　　　　<Program Id="NBAGJR010_C" />
　　　　<Sender Name="特別收入基金" />
　　　　<報表名稱>基金來源、用途及餘絀綜計表</報表名稱>
　　　　<日期>中華民國105年1月1日至105年6月30日</日期>
　　　　<基金>特別收入基金</基金>
　　　　<單位>單位︰新臺幣元</單位>
　　</Header>
　　<DataSet>
　　　　<ROW>
　　　　　　<SEQNO>1</SEQNO>
　　　　　　<LEVEL>1</LEVEL>
　　　　　　<BOLD>1</BOLD>
　　　　　　<基金別>總統府主管</基金別>
　　　　　　<實際數-基金來源>3451438905.00</實際數-基金來源>
　　　　　　<實際數-基金用途>1999135002.00</實際數-基金用途>
　　　　　　<實際數-賸餘短絀一>1452303903.00</實際數-賸餘短絀一>
　　　　　　<分配預算數-基金來源>3388577000.00</分配預算數-基金來源>
　　　　　　<分配預算數-基金用途>3464284000.00</分配預算數-基金用途>
　　　　　　<分配預算數-賸餘短絀一>-75707000.00</分配預算數-賸餘短絀一>
　　　　　　<實際數與分配預算數比較-基金來源>62861905.00</實際數與分配預算數比較-基金來源>
　　　　　　<實際數與分配預算數比較-基金用途>-1465148998.00</實際數與分配預算數比較-基金用途>
　　　　　　<實際數與分配預算數比較-賸餘短絀一>1528010903.00</實際數與分配預算數比較-賸餘短絀一>
　　　　　　<期初基金餘額>5706455180.00</期初基金餘額>
　　　　　　<解繳國庫 />
　　　　　　<期末基金餘額>7158759083.00</期末基金餘額>
　　　　</ROW>
　　　　<ROW>
　　　　　　<SEQNO>2</SEQNO>
　　　　　　<LEVEL>2</LEVEL>
　　　　　　<BOLD>0</BOLD>
　　　　　　<基金別>中央研究院科學研究基金</基金別>
　　　　　　<實際數-基金來源>3451438905.00</實際數-基金來源>
　　　　　　<實際數-基金用途>1999135002.00</實際數-基金用途>
　　　　　　<實際數-賸餘短絀一>1452303903.00</實際數-賸餘短絀一>
　　　　　　<分配預算數-基金來源>3388577000.00</分配預算數-基金來源>
　　　　　　<分配預算數-基金用途>3464284000.00</分配預算數-基金用途>
　　　　　　<分配預算數-賸餘短絀一>-75707000.00</分配預算數-賸餘短絀一>
　　　　　　<實際數與分配預算數比較-基金來源>62861905.00</實際數與分配預算數比較-基金來源>
　　　　　　<實際數與分配預算數比較-基金用途>-1465148998.00</實際數與分配預算數比較-基金用途>
　　　　　　<實際數與分配預算數比較-賸餘短絀一>1528010903.00</實際數與分配預算數比較-賸餘短絀一>
　　　　　　<期初基金餘額>5706455180.00</期初基金餘額>
　　　　　　<解繳國庫 />
　　　　　　<期末基金餘額>7158759083.00</期末基金餘額>
　　　　</ROW>
　　　　<ROW>
　　　　　　<SEQNO>3</SEQNO>
　　　　　　<LEVEL>1</LEVEL>
　　　　　　<BOLD>1</BOLD>
　　　　　　<基金別>行政院主管</基金別>
　　　　　　<實際數-基金來源>23306034031.00</實際數-基金來源>
　　　　　　<實際數-基金用途>19525979278.00</實際數-基金用途>
　　　　　　<實際數-賸餘短絀一>3780054753.00</實際數-賸餘短絀一>
　　　　　　<分配預算數-基金來源>22076317000.00</分配預算數-基金來源>
　　　　　　<分配預算數-基金用途>19629974000.00</分配預算數-基金用途>
　　　　　　<分配預算數-賸餘短絀一>2446343000.00</分配預算數-賸餘短絀一>
　　　　　　<實際數與分配預算數比較-基金來源>1229717031.00</實際數與分配預算數比較-基金來源>
　　　　　　<實際數與分配預算數比較-基金用途>-103994722.00</實際數與分配預算數比較-基金用途>
　　　　　　<實際數與分配預算數比較-賸餘短絀一>1333711753.00</實際數與分配預算數比較-賸餘短絀一>
　　　　　　<期初基金餘額>-37128617614.06</期初基金餘額>
　　　　　　<解繳國庫 />
　　　　　　<期末基金餘額>-33348562861.06</期末基金餘額>
　　　　</ROW>
　　　　<ROW>
　　　　　　<SEQNO>4</SEQNO>
　　　　　　<LEVEL>2</LEVEL>
　　　　　　<BOLD>0</BOLD>
　　　　　　<基金別>行政院國家科學技術發展基金</基金別>
　　　　　　<實際數-基金來源>17965614405.00</實際數-基金來源>
　　　　　　<實際數-基金用途>15228129134.00</實際數-基金用途>
　　　　　　<實際數-賸餘短絀一>2737485271.00</實際數-賸餘短絀一>
　　　　　　<分配預算數-基金來源>17948593000.00</分配預算數-基金來源>
　　　　　　<分配預算數-基金用途>15067495000.00</分配預算數-基金用途>
　　　　　　<分配預算數-賸餘短絀一>2881098000.00</分配預算數-賸餘短絀一>
　　　　　　<實際數與分配預算數比較-基金來源>17021405.00</實際數與分配預算數比較-基金來源>
　　　　　　<實際數與分配預算數比較-基金用途>160634134.00</實際數與分配預算數比較-基金用途>
　　　　　　<實際數與分配預算數比較-賸餘短絀一>-143612729.00</實際數與分配預算數比較-賸餘短絀一>
　　　　　　<期初基金餘額>9961426401.46</期初基金餘額>
　　　　　　<解繳國庫 />
　　　　　　<期末基金餘額>12698911672.46</期末基金餘額>
　　　　</ROW>
　　　　<ROW>
　　　　　　<SEQNO>5</SEQNO>
　　　　　　<LEVEL>2</LEVEL>
　　　　　　<BOLD>0</BOLD>
　　　　　　<基金別>離島建設基金</基金別>
　　　　　　<實際數-基金來源>9143420.00</實際數-基金來源>
　　　　　　<實際數-基金用途>155643456.00</實際數-基金用途>
　　　　　　<實際數-賸餘短絀一>-146500036.00</實際數-賸餘短絀一>
　　　　　　<分配預算數-基金來源>5472000.00</分配預算數-基金來源>
　　　　　　<分配預算數-基金用途>228540000.00</分配預算數-基金用途>
　　　　　　<分配預算數-賸餘短絀一>-223068000.00</分配預算數-賸餘短絀一>
　　　　　　<實際數與分配預算數比較-基金來源>3671420.00</實際數與分配預算數比較-基金來源>
　　　　　　<實際數與分配預算數比較-基金用途>-72896544.00</實際數與分配預算數比較-基金用途>
　　　　　　<實際數與分配預算數比較-賸餘短絀一>76567964.00</實際數與分配預算數比較-賸餘短絀一>
　　　　　　<期初基金餘額>6489140000.00</期初基金餘額>
　　　　　　<解繳國庫 />
　　　　　　<期末基金餘額>6342639964.00</期末基金餘額>
　　　　</ROW>
　　　　<ROW>
　　　　　　<SEQNO>6</SEQNO>
　　　　　　<LEVEL>2</LEVEL>
　　　　　　<BOLD>0</BOLD>
　　　　　　<基金別>行政院公營事業民營化基金</基金別>
　　　　　　<實際數-基金來源>4117340204.00</實際數-基金來源>
　　　　　　<實際數-基金用途>3898354975.00</實際數-基金用途>
　　　　　　<實際數-賸餘短絀一>218985229.00</實際數-賸餘短絀一>
　　　　　　<分配預算數-基金來源>4122252000.00</分配預算數-基金來源>
　　　　　　<分配預算數-基金用途>4096790000.00</分配預算數-基金用途>
　　　　　　<分配預算數-賸餘短絀一>25462000.00</分配預算數-賸餘短絀一>
　　　　　　<實際數與分配預算數比較-基金來源>-4911796.00</實際數與分配預算數比較-基金來源>
　　　　　　<實際數與分配預算數比較-基金用途>-198435025.00</實際數與分配預算數比較-基金用途>
　　　　　　<實際數與分配預算數比較-賸餘短絀一>193523229.00</實際數與分配預算數比較-賸餘短絀一>
　　　　　　<期初基金餘額>-62058690159.52</期初基金餘額>
　　　　　　<解繳國庫 />
　　　　　　<期末基金餘額>-61839704930.52</期末基金餘額>
　　　　</ROW>
　　　　<ROW>
　　　　　　<SEQNO>7</SEQNO>
　　　　　　<LEVEL>2</LEVEL>
　　　　　　<BOLD>0</BOLD>
　　　　　　<基金別>花東地區永續發展基金</基金別>
　　　　　　<實際數-基金來源>1213936002.00</實際數-基金來源>
　　　　　　<實際數-基金用途>243851713.00</實際數-基金用途>
　　　　　　<實際數-賸餘短絀一>970084289.00</實際數-賸餘短絀一>
　　　　　　<分配預算數-基金來源 />
　　　　　　<分配預算數-基金用途>237149000.00</分配預算數-基金用途>
　　　　　　<分配預算數-賸餘短絀一>-237149000.00</分配預算數-賸餘短絀一>
　　　　　　<實際數與分配預算數比較-基金來源>1213936002.00</實際數與分配預算數比較-基金來源>
　　　　　　<實際數與分配預算數比較-基金用途>6702713.00</實際數與分配預算數比較-基金用途>
　　　　　　<實際數與分配預算數比較-賸餘短絀一>1207233289.00</實際數與分配預算數比較-賸餘短絀一>
　　　　　　<期初基金餘額>8479506144.00</期初基金餘額>
　　　　　　<解繳國庫 />
　　　　　　<期末基金餘額>9449590433.00</期末基金餘額>
　　　　</ROW>
　　　　<ROW>
　　　　　　<SEQNO>8</SEQNO>
　　　　　　<LEVEL>1</LEVEL>
　　　　　　<BOLD>1</BOLD>
　　　　　　<基金別>內政部主管</基金別>
　　　　　　<實際數-基金來源>1283774410.00</實際數-基金來源>
　　　　　　<實際數-基金用途>880028454.00</實際數-基金用途>
　　　　　　<實際數-賸餘短絀一>403745956.00</實際數-賸餘短絀一>
　　　　　　<分配預算數-基金來源>1284167000.00</分配預算數-基金來源>
　　　　　　<分配預算數-基金用途>937861000.00</分配預算數-基金用途>
　　　　　　<分配預算數-賸餘短絀一>346306000.00</分配預算數-賸餘短絀一>
　　　　　　<實際數與分配預算數比較-基金來源>-392590.00</實際數與分配預算數比較-基金來源>
　　　　　　<實際數與分配預算數比較-基金用途>-57832546.00</實際數與分配預算數比較-基金用途>
　　　　　　<實際數與分配預算數比較-賸餘短絀一>57439956.00</實際數與分配預算數比較-賸餘短絀一>
　　　　　　<期初基金餘額>2410556653.00</期初基金餘額>
　　　　　　<解繳國庫 />
　　　　　　<期末基金餘額>2814302609.00</期末基金餘額>
　　　　</ROW>
　　　　<ROW>
　　　　　　<SEQNO>9</SEQNO>
　　　　　　<LEVEL>2</LEVEL>
　　　　　　<BOLD>0</BOLD>
　　　　　　<基金別>新住民發展基金</基金別>
　　　　　　<實際數-基金來源>152060961.00</實際數-基金來源>
　　　　　　<實際數-基金用途>94333607.00</實際數-基金用途>
　　　　　　<實際數-賸餘短絀一>57727354.00</實際數-賸餘短絀一>
　　　　　　<分配預算數-基金來源>150457000.00</分配預算數-基金來源>
　　　　　　<分配預算數-基金用途>93022000.00</分配預算數-基金用途>
　　　　　　<分配預算數-賸餘短絀一>57435000.00</分配預算數-賸餘短絀一>
　　　　　　<實際數與分配預算數比較-基金來源>1603961.00</實際數與分配預算數比較-基金來源>
　　　　　　<實際數與分配預算數比較-基金用途>1311607.00</實際數與分配預算數比較-基金用途>
　　　　　　<實際數與分配預算數比較-賸餘短絀一>292354.00</實際數與分配預算數比較-賸餘短絀一>
　　　　　　<期初基金餘額>650713914.00</期初基金餘額>
　　　　　　<解繳國庫 />
　　　　　　<期末基金餘額>708441268.00</期末基金餘額>
　　　　</ROW>
　　　　<ROW>
　　　　　　<SEQNO>10</SEQNO>
　　　　　　<LEVEL>2</LEVEL>
　　　　　　<BOLD>0</BOLD>
　　　　　　<基金別>研發及產業訓儲替代役基金</基金別>
　　　　　　<實際數-基金來源>1030601175.00</實際數-基金來源>
　　　　　　<實際數-基金用途>778258457.00</實際數-基金用途>
　　　　　　<實際數-賸餘短絀一>252342718.00</實際數-賸餘短絀一>
　　　　　　<分配預算數-基金來源>1032100000.00</分配預算數-基金來源>
　　　　　　<分配預算數-基金用途>835721000.00</分配預算數-基金用途>
　　　　　　<分配預算數-賸餘短絀一>196379000.00</分配預算數-賸餘短絀一>
　　　　　　<實際數與分配預算數比較-基金來源>-1498825.00</實際數與分配預算數比較-基金來源>
　　　　　　<實際數與分配預算數比較-基金用途>-57462543.00</實際數與分配預算數比較-基金用途>
　　　　　　<實際數與分配預算數比較-賸餘短絀一>55963718.00</實際數與分配預算數比較-賸餘短絀一>
　　　　　　<期初基金餘額>980532999.00</期初基金餘額>
　　　　　　<解繳國庫 />
　　　　　　<期末基金餘額>1232875717.00</期末基金餘額>
　　　　</ROW>
　　　　<ROW>
　　　　　　<SEQNO>11</SEQNO>
　　　　　　<LEVEL>2</LEVEL>
　　　　　　<BOLD>0</BOLD>
　　　　　　<基金別>警察消防海巡移民空勤人員及協勤民力安全基金</基金別>
　　　　　　<實際數-基金來源>101112274.00</實際數-基金來源>
　　　　　　<實際數-基金用途>7436390.00</實際數-基金用途>
　　　　　　<實際數-賸餘短絀一>93675884.00</實際數-賸餘短絀一>
　　　　　　<分配預算數-基金來源>101610000.00</分配預算數-基金來源>
　　　　　　<分配預算數-基金用途>9118000.00</分配預算數-基金用途>
　　　　　　<分配預算數-賸餘短絀一>92492000.00</分配預算數-賸餘短絀一>
　　　　　　<實際數與分配預算數比較-基金來源>-497726.00</實際數與分配預算數比較-基金來源>
　　　　　　<實際數與分配預算數比較-基金用途>-1681610.00</實際數與分配預算數比較-基金用途>
　　　　　　<實際數與分配預算數比較-賸餘短絀一>1183884.00</實際數與分配預算數比較-賸餘短絀一>
　　　　　　<期初基金餘額>779309740.00</期初基金餘額>
　　　　　　<解繳國庫 />
　　　　　　<期末基金餘額>872985624.00</期末基金餘額>
　　　　</ROW>
　　　　<ROW>
　　　　　　<SEQNO>12</SEQNO>
　　　　　　<LEVEL>1</LEVEL>
　　　　　　<BOLD>1</BOLD>
　　　　　　<基金別>教育部主管</基金別>
　　　　　　<實際數-基金來源>1866330545.00</實際數-基金來源>
　　　　　　<實際數-基金用途>818474861.00</實際數-基金用途>
　　　　　　<實際數-賸餘短絀一>1047855684.00</實際數-賸餘短絀一>
　　　　　　<分配預算數-基金來源>1365486000.00</分配預算數-基金來源>
　　　　　　<分配預算數-基金用途>1084289000.00</分配預算數-基金用途>
　　　　　　<分配預算數-賸餘短絀一>281197000.00</分配預算數-賸餘短絀一>
　　　　　　<實際數與分配預算數比較-基金來源>500844545.00</實際數與分配預算數比較-基金來源>
　　　　　　<實際數與分配預算數比較-基金用途>-265814139.00</實際數與分配預算數比較-基金用途>
　　　　　　<實際數與分配預算數比較-賸餘短絀一>766658684.00</實際數與分配預算數比較-賸餘短絀一>
　　　　　　<期初基金餘額>18418057426.00</期初基金餘額>
　　　　　　<解繳國庫 />
　　　　　　<期末基金餘額>19465913110.00</期末基金餘額>
　　　　</ROW>
　　　　<ROW>
　　　　　　<SEQNO>13</SEQNO>
　　　　　　<LEVEL>2</LEVEL>
　　　　　　<BOLD>0</BOLD>
　　　　　　<基金別>學產基金</基金別>
　　　　　　<實際數-基金來源>524979685.00</實際數-基金來源>
　　　　　　<實際數-基金用途>581888279.00</實際數-基金用途>
　　　　　　<實際數-賸餘短絀一>-56908594.00</實際數-賸餘短絀一>
　　　　　　<分配預算數-基金來源>451281000.00</分配預算數-基金來源>
　　　　　　<分配預算數-基金用途>734704000.00</分配預算數-基金用途>
　　　　　　<分配預算數-賸餘短絀一>-283423000.00</分配預算數-賸餘短絀一>
　　　　　　<實際數與分配預算數比較-基金來源>73698685.00</實際數與分配預算數比較-基金來源>
　　　　　　<實際數與分配預算數比較-基金用途>-152815721.00</實際數與分配預算數比較-基金用途>
　　　　　　<實際數與分配預算數比較-賸餘短絀一>226514406.00</實際數與分配預算數比較-賸餘短絀一>
　　　　　　<期初基金餘額>6315245064.00</期初基金餘額>
　　　　　　<解繳國庫 />
　　　　　　<期末基金餘額>6258336470.00</期末基金餘額>
　　　　</ROW>
　　　　<ROW>
　　　　　　<SEQNO>14</SEQNO>
　　　　　　<LEVEL>2</LEVEL>
　　　　　　<BOLD>0</BOLD>
　　　　　　<基金別>運動發展基金</基金別>
　　　　　　<實際數-基金來源>1341350860.00</實際數-基金來源>
　　　　　　<實際數-基金用途>236586582.00</實際數-基金用途>
　　　　　　<實際數-賸餘短絀一>1104764278.00</實際數-賸餘短絀一>
　　　　　　<分配預算數-基金來源>914205000.00</分配預算數-基金來源>
　　　　　　<分配預算數-基金用途>349585000.00</分配預算數-基金用途>
　　　　　　<分配預算數-賸餘短絀一>564620000.00</分配預算數-賸餘短絀一>
　　　　　　<實際數與分配預算數比較-基金來源>427145860.00</實際數與分配預算數比較-基金來源>
　　　　　　<實際數與分配預算數比較-基金用途>-112998418.00</實際數與分配預算數比較-基金用途>
　　　　　　<實際數與分配預算數比較-賸餘短絀一>540144278.00</實際數與分配預算數比較-賸餘短絀一>
　　　　　　<期初基金餘額>12102812362.00</期初基金餘額>
　　　　　　<解繳國庫 />
　　　　　　<期末基金餘額>13207576640.00</期末基金餘額>
　　　　</ROW>
　　　　<ROW>
　　　　　　<SEQNO>15</SEQNO>
　　　　　　<LEVEL>1</LEVEL>
　　　　　　<BOLD>1</BOLD>
　　　　　　<基金別>經濟部主管</基金別>
　　　　　　<實際數-基金來源>13194987183.00</實際數-基金來源>
　　　　　　<實際數-基金用途>5817696976.00</實際數-基金用途>
　　　　　　<實際數-賸餘短絀一>7377290207.00</實際數-賸餘短絀一>
　　　　　　<分配預算數-基金來源>13385240000.00</分配預算數-基金來源>
　　　　　　<分配預算數-基金用途>6601624000.00</分配預算數-基金用途>
　　　　　　<分配預算數-賸餘短絀一>6783616000.00</分配預算數-賸餘短絀一>
　　　　　　<實際數與分配預算數比較-基金來源>-190252817.00</實際數與分配預算數比較-基金來源>
　　　　　　<實際數與分配預算數比較-基金用途>-783927024.00</實際數與分配預算數比較-基金用途>
　　　　　　<實際數與分配預算數比較-賸餘短絀一>593674207.00</實際數與分配預算數比較-賸餘短絀一>
　　　　　　<期初基金餘額>298878117835.71</期初基金餘額>
　　　　　　<解繳國庫 />
　　　　　　<期末基金餘額>306255408042.71</期末基金餘額>
　　　　</ROW>
　　　　<ROW>
　　　　　　<SEQNO>16</SEQNO>
　　　　　　<LEVEL>2</LEVEL>
　　　　　　<BOLD>0</BOLD>
　　　　　　<基金別>經濟特別收入基金</基金別>
　　　　　　<實際數-基金來源>8311009340.00</實際數-基金來源>
　　　　　　<實際數-基金用途>5521219885.00</實際數-基金用途>
　　　　　　<實際數-賸餘短絀一>2789789455.00</實際數-賸餘短絀一>
　　　　　　<分配預算數-基金來源>8005173000.00</分配預算數-基金來源>
　　　　　　<分配預算數-基金用途>5933690000.00</分配預算數-基金用途>
　　　　　　<分配預算數-賸餘短絀一>2071483000.00</分配預算數-賸餘短絀一>
　　　　　　<實際數與分配預算數比較-基金來源>305836340.00</實際數與分配預算數比較-基金來源>
　　　　　　<實際數與分配預算數比較-基金用途>-412470115.00</實際數與分配預算數比較-基金用途>
　　　　　　<實際數與分配預算數比較-賸餘短絀一>718306455.00</實際數與分配預算數比較-賸餘短絀一>
　　　　　　<期初基金餘額>23199473708.71</期初基金餘額>
　　　　　　<解繳國庫 />
　　　　　　<期末基金餘額>25989263163.71</期末基金餘額>
　　　　</ROW>
　　　　<ROW>
　　　　　　<SEQNO>17</SEQNO>
　　　　　　<LEVEL>2</LEVEL>
　　　　　　<BOLD>0</BOLD>
　　　　　　<基金別>核能發電後端營運基金</基金別>
　　　　　　<實際數-基金來源>4802864839.00</實際數-基金來源>
　　　　　　<實際數-基金用途>92104810.00</實際數-基金用途>
　　　　　　<實際數-賸餘短絀一>4710760029.00</實際數-賸餘短絀一>
　　　　　　<分配預算數-基金來源>5299749000.00</分配預算數-基金來源>
　　　　　　<分配預算數-基金用途>455609000.00</分配預算數-基金用途>
　　　　　　<分配預算數-賸餘短絀一>4844140000.00</分配預算數-賸餘短絀一>
　　　　　　<實際數與分配預算數比較-基金來源>-496884161.00</實際數與分配預算數比較-基金來源>
　　　　　　<實際數與分配預算數比較-基金用途>-363504190.00</實際數與分配預算數比較-基金用途>
　　　　　　<實際數與分配預算數比較-賸餘短絀一>-133379971.00</實際數與分配預算數比較-賸餘短絀一>
　　　　　　<期初基金餘額>275239742175.00</期初基金餘額>
　　　　　　<解繳國庫 />
　　　　　　<期末基金餘額>279950502204.00</期末基金餘額>
　　　　</ROW>
　　　　<ROW>
　　　　　　<SEQNO>18</SEQNO>
　　　　　　<LEVEL>2</LEVEL>
　　　　　　<BOLD>0</BOLD>
　　　　　　<基金別>地方產業發展基金</基金別>
　　　　　　<實際數-基金來源>81113004.00</實際數-基金來源>
　　　　　　<實際數-基金用途>204372281.00</實際數-基金用途>
　　　　　　<實際數-賸餘短絀一>-123259277.00</實際數-賸餘短絀一>
　　　　　　<分配預算數-基金來源>80318000.00</分配預算數-基金來源>
　　　　　　<分配預算數-基金用途>212325000.00</分配預算數-基金用途>
　　　　　　<分配預算數-賸餘短絀一>-132007000.00</分配預算數-賸餘短絀一>
　　　　　　<實際數與分配預算數比較-基金來源>795004.00</實際數與分配預算數比較-基金來源>
　　　　　　<實際數與分配預算數比較-基金用途>-7952719.00</實際數與分配預算數比較-基金用途>
　　　　　　<實際數與分配預算數比較-賸餘短絀一>8747723.00</實際數與分配預算數比較-賸餘短絀一>
　　　　　　<期初基金餘額>438901952.00</期初基金餘額>
　　　　　　<解繳國庫 />
　　　　　　<期末基金餘額>315642675.00</期末基金餘額>
　　　　</ROW>
　　　　<ROW>
　　　　　　<SEQNO>19</SEQNO>
　　　　　　<LEVEL>1</LEVEL>
　　　　　　<BOLD>1</BOLD>
　　　　　　<基金別>交通部主管</基金別>
　　　　　　<實際數-基金來源>3242960139.00</實際數-基金來源>
　　　　　　<實際數-基金用途>3358968209.00</實際數-基金用途>
　　　　　　<實際數-賸餘短絀一>-116008070.00</實際數-賸餘短絀一>
　　　　　　<分配預算數-基金來源>3209955000.00</分配預算數-基金來源>
　　　　　　<分配預算數-基金用途>3927401000.00</分配預算數-基金用途>
　　　　　　<分配預算數-賸餘短絀一>-717446000.00</分配預算數-賸餘短絀一>
　　　　　　<實際數與分配預算數比較-基金來源>33005139.00</實際數與分配預算數比較-基金來源>
　　　　　　<實際數與分配預算數比較-基金用途>-568432791.00</實際數與分配預算數比較-基金用途>
　　　　　　<實際數與分配預算數比較-賸餘短絀一>601437930.00</實際數與分配預算數比較-賸餘短絀一>
　　　　　　<期初基金餘額>18036838982.24</期初基金餘額>
　　　　　　<解繳國庫 />
　　　　　　<期末基金餘額>17920830912.24</期末基金餘額>
　　　　</ROW>
　　　　<ROW>
　　　　　　<SEQNO>20</SEQNO>
　　　　　　<LEVEL>2</LEVEL>
　　　　　　<BOLD>0</BOLD>
　　　　　　<基金別>航港建設基金</基金別>
　　　　　　<實際數-基金來源>3242960139.00</實際數-基金來源>
　　　　　　<實際數-基金用途>3358968209.00</實際數-基金用途>
　　　　　　<實際數-賸餘短絀一>-116008070.00</實際數-賸餘短絀一>
　　　　　　<分配預算數-基金來源>3209955000.00</分配預算數-基金來源>
　　　　　　<分配預算數-基金用途>3927401000.00</分配預算數-基金用途>
　　　　　　<分配預算數-賸餘短絀一>-717446000.00</分配預算數-賸餘短絀一>
　　　　　　<實際數與分配預算數比較-基金來源>33005139.00</實際數與分配預算數比較-基金來源>
　　　　　　<實際數與分配預算數比較-基金用途>-568432791.00</實際數與分配預算數比較-基金用途>
　　　　　　<實際數與分配預算數比較-賸餘短絀一>601437930.00</實際數與分配預算數比較-賸餘短絀一>
　　　　　　<期初基金餘額>18036838982.24</期初基金餘額>
　　　　　　<解繳國庫 />
　　　　　　<期末基金餘額>17920830912.24</期末基金餘額>
　　　　</ROW>
　　　　<ROW>
　　　　　　<SEQNO>21</SEQNO>
　　　　　　<LEVEL>1</LEVEL>
　　　　　　<BOLD>1</BOLD>
　　　　　　<基金別>原子能委員會主管</基金別>
　　　　　　<實際數-基金來源>162452011.00</實際數-基金來源>
　　　　　　<實際數-基金用途>10937915.00</實際數-基金用途>
　　　　　　<實際數-賸餘短絀一>151514096.00</實際數-賸餘短絀一>
　　　　　　<分配預算數-基金來源>162684000.00</分配預算數-基金來源>
　　　　　　<分配預算數-基金用途>17879000.00</分配預算數-基金用途>
　　　　　　<分配預算數-賸餘短絀一>144805000.00</分配預算數-賸餘短絀一>
　　　　　　<實際數與分配預算數比較-基金來源>-231989.00</實際數與分配預算數比較-基金來源>
　　　　　　<實際數與分配預算數比較-基金用途>-6941085.00</實際數與分配預算數比較-基金用途>
　　　　　　<實際數與分配預算數比較-賸餘短絀一>6709096.00</實際數與分配預算數比較-賸餘短絀一>
　　　　　　<期初基金餘額>300894173.00</期初基金餘額>
　　　　　　<解繳國庫 />
　　　　　　<期末基金餘額>452408269.00</期末基金餘額>
　　　　</ROW>
　　　　<ROW>
　　　　　　<SEQNO>22</SEQNO>
　　　　　　<LEVEL>2</LEVEL>
　　　　　　<BOLD>0</BOLD>
　　　　　　<基金別>核子事故緊急應變基金</基金別>
　　　　　　<實際數-基金來源>162452011.00</實際數-基金來源>
　　　　　　<實際數-基金用途>10937915.00</實際數-基金用途>
　　　　　　<實際數-賸餘短絀一>151514096.00</實際數-賸餘短絀一>
　　　　　　<分配預算數-基金來源>162684000.00</分配預算數-基金來源>
　　　　　　<分配預算數-基金用途>17879000.00</分配預算數-基金用途>
　　　　　　<分配預算數-賸餘短絀一>144805000.00</分配預算數-賸餘短絀一>
　　　　　　<實際數與分配預算數比較-基金來源>-231989.00</實際數與分配預算數比較-基金來源>
　　　　　　<實際數與分配預算數比較-基金用途>-6941085.00</實際數與分配預算數比較-基金用途>
　　　　　　<實際數與分配預算數比較-賸餘短絀一>6709096.00</實際數與分配預算數比較-賸餘短絀一>
　　　　　　<期初基金餘額>300894173.00</期初基金餘額>
　　　　　　<解繳國庫 />
　　　　　　<期末基金餘額>452408269.00</期末基金餘額>
　　　　</ROW>
　　　　<ROW>
　　　　　　<SEQNO>23</SEQNO>
　　　　　　<LEVEL>1</LEVEL>
　　　　　　<BOLD>1</BOLD>
　　　　　　<基金別>農業委員會主管</基金別>
　　　　　　<實際數-基金來源>22611326138.00</實際數-基金來源>
　　　　　　<實際數-基金用途>15686997683.00</實際數-基金用途>
　　　　　　<實際數-賸餘短絀一>6924328455.00</實際數-賸餘短絀一>
　　　　　　<分配預算數-基金來源>22778691000.00</分配預算數-基金來源>
　　　　　　<分配預算數-基金用途>14715690000.00</分配預算數-基金用途>
　　　　　　<分配預算數-賸餘短絀一>8063001000.00</分配預算數-賸餘短絀一>
　　　　　　<實際數與分配預算數比較-基金來源>-167364862.00</實際數與分配預算數比較-基金來源>
　　　　　　<實際數與分配預算數比較-基金用途>971307683.00</實際數與分配預算數比較-基金用途>
　　　　　　<實際數與分配預算數比較-賸餘短絀一>-1138672545.00</實際數與分配預算數比較-賸餘短絀一>
　　　　　　<期初基金餘額>47807019889.02</期初基金餘額>
　　　　　　<解繳國庫 />
　　　　　　<期末基金餘額>54731348344.02</期末基金餘額>
　　　　</ROW>
　　　　<ROW>
　　　　　　<SEQNO>24</SEQNO>
　　　　　　<LEVEL>2</LEVEL>
　　　　　　<BOLD>0</BOLD>
　　　　　　<基金別>農業特別收入基金</基金別>
　　　　　　<實際數-基金來源>22611326138.00</實際數-基金來源>
　　　　　　<實際數-基金用途>15686997683.00</實際數-基金用途>
　　　　　　<實際數-賸餘短絀一>6924328455.00</實際數-賸餘短絀一>
　　　　　　<分配預算數-基金來源>22778691000.00</分配預算數-基金來源>
　　　　　　<分配預算數-基金用途>14715690000.00</分配預算數-基金用途>
　　　　　　<分配預算數-賸餘短絀一>8063001000.00</分配預算數-賸餘短絀一>
　　　　　　<實際數與分配預算數比較-基金來源>-167364862.00</實際數與分配預算數比較-基金來源>
　　　　　　<實際數與分配預算數比較-基金用途>971307683.00</實際數與分配預算數比較-基金用途>
　　　　　　<實際數與分配預算數比較-賸餘短絀一>-1138672545.00</實際數與分配預算數比較-賸餘短絀一>
　　　　　　<期初基金餘額>47807019889.02</期初基金餘額>
　　　　　　<解繳國庫 />
　　　　　　<期末基金餘額>54731348344.02</期末基金餘額>
　　　　</ROW>
　　　　<ROW>
　　　　　　<SEQNO>25</SEQNO>
　　　　　　<LEVEL>1</LEVEL>
　　　　　　<BOLD>1</BOLD>
　　　　　　<基金別>勞動部主管</基金別>
　　　　　　<實際數-基金來源>5867055187.00</實際數-基金來源>
　　　　　　<實際數-基金用途>3418421861.00</實際數-基金用途>
　　　　　　<實際數-賸餘短絀一>2448633326.00</實際數-賸餘短絀一>
　　　　　　<分配預算數-基金來源>5411091000.00</分配預算數-基金來源>
　　　　　　<分配預算數-基金用途>6751837000.00</分配預算數-基金用途>
　　　　　　<分配預算數-賸餘短絀一>-1340746000.00</分配預算數-賸餘短絀一>
　　　　　　<實際數與分配預算數比較-基金來源>455964187.00</實際數與分配預算數比較-基金來源>
　　　　　　<實際數與分配預算數比較-基金用途>-3333415139.00</實際數與分配預算數比較-基金用途>
　　　　　　<實際數與分配預算數比較-賸餘短絀一>3789379326.00</實際數與分配預算數比較-賸餘短絀一>
　　　　　　<期初基金餘額>21875903926.00</期初基金餘額>
　　　　　　<解繳國庫 />
　　　　　　<期末基金餘額>24324537252.00</期末基金餘額>
　　　　</ROW>
　　　　<ROW>
　　　　　　<SEQNO>26</SEQNO>
　　　　　　<LEVEL>2</LEVEL>
　　　　　　<BOLD>0</BOLD>
　　　　　　<基金別>就業安定基金</基金別>
　　　　　　<實際數-基金來源>5867055187.00</實際數-基金來源>
　　　　　　<實際數-基金用途>3418421861.00</實際數-基金用途>
　　　　　　<實際數-賸餘短絀一>2448633326.00</實際數-賸餘短絀一>
　　　　　　<分配預算數-基金來源>5411091000.00</分配預算數-基金來源>
　　　　　　<分配預算數-基金用途>6751837000.00</分配預算數-基金用途>
　　　　　　<分配預算數-賸餘短絀一>-1340746000.00</分配預算數-賸餘短絀一>
　　　　　　<實際數與分配預算數比較-基金來源>455964187.00</實際數與分配預算數比較-基金來源>
　　　　　　<實際數與分配預算數比較-基金用途>-3333415139.00</實際數與分配預算數比較-基金用途>
　　　　　　<實際數與分配預算數比較-賸餘短絀一>3789379326.00</實際數與分配預算數比較-賸餘短絀一>
　　　　　　<期初基金餘額>21875903926.00</期初基金餘額>
　　　　　　<解繳國庫 />
　　　　　　<期末基金餘額>24324537252.00</期末基金餘額>
　　　　</ROW>
　　　　<ROW>
　　　　　　<SEQNO>27</SEQNO>
　　　　　　<LEVEL>1</LEVEL>
　　　　　　<BOLD>1</BOLD>
　　　　　　<基金別>衛生福利部主管</基金別>
　　　　　　<實際數-基金來源>10136566874.00</實際數-基金來源>
　　　　　　<實際數-基金用途>5382053345.00</實際數-基金用途>
　　　　　　<實際數-賸餘短絀一>4754513529.00</實際數-賸餘短絀一>
　　　　　　<分配預算數-基金來源>7015884000.00</分配預算數-基金來源>
　　　　　　<分配預算數-基金用途>6125367000.00</分配預算數-基金用途>
　　　　　　<分配預算數-賸餘短絀一>890517000.00</分配預算數-賸餘短絀一>
　　　　　　<實際數與分配預算數比較-基金來源>3120682874.00</實際數與分配預算數比較-基金來源>
　　　　　　<實際數與分配預算數比較-基金用途>-743313655.00</實際數與分配預算數比較-基金用途>
　　　　　　<實際數與分配預算數比較-賸餘短絀一>3863996529.00</實際數與分配預算數比較-賸餘短絀一>
　　　　　　<期初基金餘額>15301707753.00</期初基金餘額>
　　　　　　<解繳國庫 />
　　　　　　<期末基金餘額>20056221282.00</期末基金餘額>
　　　　</ROW>
　　　　<ROW>
　　　　　　<SEQNO>28</SEQNO>
　　　　　　<LEVEL>2</LEVEL>
　　　　　　<BOLD>0</BOLD>
　　　　　　<基金別>健康照護基金</基金別>
　　　　　　<實際數-基金來源>7626324940.00</實際數-基金來源>
　　　　　　<實際數-基金用途>4473347444.00</實際數-基金用途>
　　　　　　<實際數-賸餘短絀一>3152977496.00</實際數-賸餘短絀一>
　　　　　　<分配預算數-基金來源>4818174000.00</分配預算數-基金來源>
　　　　　　<分配預算數-基金用途>4341539000.00</分配預算數-基金用途>
　　　　　　<分配預算數-賸餘短絀一>476635000.00</分配預算數-賸餘短絀一>
　　　　　　<實際數與分配預算數比較-基金來源>2808150940.00</實際數與分配預算數比較-基金來源>
　　　　　　<實際數與分配預算數比較-基金用途>131808444.00</實際數與分配預算數比較-基金用途>
　　　　　　<實際數與分配預算數比較-賸餘短絀一>2676342496.00</實際數與分配預算數比較-賸餘短絀一>
　　　　　　<期初基金餘額>13157301091.00</期初基金餘額>
　　　　　　<解繳國庫 />
　　　　　　<期末基金餘額>16310278587.00</期末基金餘額>
　　　　</ROW>
　　　　<ROW>
　　　　　　<SEQNO>29</SEQNO>
　　　　　　<LEVEL>2</LEVEL>
　　　　　　<BOLD>0</BOLD>
　　　　　　<基金別>社會福利基金</基金別>
　　　　　　<實際數-基金來源>2510241934.00</實際數-基金來源>
　　　　　　<實際數-基金用途>908705901.00</實際數-基金用途>
　　　　　　<實際數-賸餘短絀一>1601536033.00</實際數-賸餘短絀一>
　　　　　　<分配預算數-基金來源>2197710000.00</分配預算數-基金來源>
　　　　　　<分配預算數-基金用途>1783828000.00</分配預算數-基金用途>
　　　　　　<分配預算數-賸餘短絀一>413882000.00</分配預算數-賸餘短絀一>
　　　　　　<實際數與分配預算數比較-基金來源>312531934.00</實際數與分配預算數比較-基金來源>
　　　　　　<實際數與分配預算數比較-基金用途>-875122099.00</實際數與分配預算數比較-基金用途>
　　　　　　<實際數與分配預算數比較-賸餘短絀一>1187654033.00</實際數與分配預算數比較-賸餘短絀一>
　　　　　　<期初基金餘額>2144406662.00</期初基金餘額>
　　　　　　<解繳國庫 />
　　　　　　<期末基金餘額>3745942695.00</期末基金餘額>
　　　　</ROW>
　　　　<ROW>
　　　　　　<SEQNO>30</SEQNO>
　　　　　　<LEVEL>1</LEVEL>
　　　　　　<BOLD>1</BOLD>
　　　　　　<基金別>環境保護署主管</基金別>
　　　　　　<實際數-基金來源>2741744969.00</實際數-基金來源>
　　　　　　<實際數-基金用途>1538745903.00</實際數-基金用途>
　　　　　　<實際數-賸餘短絀一>1202999066.00</實際數-賸餘短絀一>
　　　　　　<分配預算數-基金來源>2552845000.00</分配預算數-基金來源>
　　　　　　<分配預算數-基金用途>1633415000.00</分配預算數-基金用途>
　　　　　　<分配預算數-賸餘短絀一>919430000.00</分配預算數-賸餘短絀一>
　　　　　　<實際數與分配預算數比較-基金來源>188899969.00</實際數與分配預算數比較-基金來源>
　　　　　　<實際數與分配預算數比較-基金用途>-94669097.00</實際數與分配預算數比較-基金用途>
　　　　　　<實際數與分配預算數比較-賸餘短絀一>283569066.00</實際數與分配預算數比較-賸餘短絀一>
　　　　　　<期初基金餘額>14817194199.00</期初基金餘額>
　　　　　　<解繳國庫 />
　　　　　　<期末基金餘額>16020193265.00</期末基金餘額>
　　　　</ROW>
　　　　<ROW>
　　　　　　<SEQNO>31</SEQNO>
　　　　　　<LEVEL>2</LEVEL>
　　　　　　<BOLD>0</BOLD>
　　　　　　<基金別>環境保護基金</基金別>
　　　　　　<實際數-基金來源>2741744969.00</實際數-基金來源>
　　　　　　<實際數-基金用途>1538745903.00</實際數-基金用途>
　　　　　　<實際數-賸餘短絀一>1202999066.00</實際數-賸餘短絀一>
　　　　　　<分配預算數-基金來源>2552845000.00</分配預算數-基金來源>
　　　　　　<分配預算數-基金用途>1633415000.00</分配預算數-基金用途>
　　　　　　<分配預算數-賸餘短絀一>919430000.00</分配預算數-賸餘短絀一>
　　　　　　<實際數與分配預算數比較-基金來源>188899969.00</實際數與分配預算數比較-基金來源>
　　　　　　<實際數與分配預算數比較-基金用途>-94669097.00</實際數與分配預算數比較-基金用途>
　　　　　　<實際數與分配預算數比較-賸餘短絀一>283569066.00</實際數與分配預算數比較-賸餘短絀一>
　　　　　　<期初基金餘額>14817194199.00</期初基金餘額>
　　　　　　<解繳國庫 />
　　　　　　<期末基金餘額>16020193265.00</期末基金餘額>
　　　　</ROW>
　　　　<ROW>
　　　　　　<SEQNO>32</SEQNO>
　　　　　　<LEVEL>1</LEVEL>
　　　　　　<BOLD>1</BOLD>
　　　　　　<基金別>金融監督管理委員會主管</基金別>
　　　　　　<實際數-基金來源>12627114081.00</實際數-基金來源>
　　　　　　<實際數-基金用途>12525799075.00</實際數-基金用途>
　　　　　　<實際數-賸餘短絀一>101315006.00</實際數-賸餘短絀一>
　　　　　　<分配預算數-基金來源>11771404000.00</分配預算數-基金來源>
　　　　　　<分配預算數-基金用途>11796286000.00</分配預算數-基金用途>
　　　　　　<分配預算數-賸餘短絀一>-24882000.00</分配預算數-賸餘短絀一>
　　　　　　<實際數與分配預算數比較-基金來源>855710081.00</實際數與分配預算數比較-基金來源>
　　　　　　<實際數與分配預算數比較-基金用途>729513075.00</實際數與分配預算數比較-基金用途>
　　　　　　<實際數與分配預算數比較-賸餘短絀一>126197006.00</實際數與分配預算數比較-賸餘短絀一>
　　　　　　<期初基金餘額>1193291793.00</期初基金餘額>
　　　　　　<解繳國庫 />
　　　　　　<期末基金餘額>1294606799.00</期末基金餘額>
　　　　</ROW>
　　　　<ROW>
　　　　　　<SEQNO>33</SEQNO>
　　　　　　<LEVEL>2</LEVEL>
　　　　　　<BOLD>0</BOLD>
　　　　　　<基金別>金融監督管理基金</基金別>
　　　　　　<實際數-基金來源>12627114081.00</實際數-基金來源>
　　　　　　<實際數-基金用途>12525799075.00</實際數-基金用途>
　　　　　　<實際數-賸餘短絀一>101315006.00</實際數-賸餘短絀一>
　　　　　　<分配預算數-基金來源>11771404000.00</分配預算數-基金來源>
　　　　　　<分配預算數-基金用途>11796286000.00</分配預算數-基金用途>
　　　　　　<分配預算數-賸餘短絀一>-24882000.00</分配預算數-賸餘短絀一>
　　　　　　<實際數與分配預算數比較-基金來源>855710081.00</實際數與分配預算數比較-基金來源>
　　　　　　<實際數與分配預算數比較-基金用途>729513075.00</實際數與分配預算數比較-基金用途>
　　　　　　<實際數與分配預算數比較-賸餘短絀一>126197006.00</實際數與分配預算數比較-賸餘短絀一>
　　　　　　<期初基金餘額>1193291793.00</期初基金餘額>
　　　　　　<解繳國庫 />
　　　　　　<期末基金餘額>1294606799.00</期末基金餘額>
　　　　</ROW>
　　　　<ROW>
　　　　　　<SEQNO>34</SEQNO>
　　　　　　<LEVEL>1</LEVEL>
　　　　　　<BOLD>1</BOLD>
　　　　　　<基金別>國家通訊傳播委員會主管</基金別>
　　　　　　<實際數-基金來源>539759165.00</實際數-基金來源>
　　　　　　<實際數-基金用途>116067707.00</實際數-基金用途>
　　　　　　<實際數-賸餘短絀一>423691458.00</實際數-賸餘短絀一>
　　　　　　<分配預算數-基金來源>572541000.00</分配預算數-基金來源>
　　　　　　<分配預算數-基金用途>144181000.00</分配預算數-基金用途>
　　　　　　<分配預算數-賸餘短絀一>428360000.00</分配預算數-賸餘短絀一>
　　　　　　<實際數與分配預算數比較-基金來源>-32781835.00</實際數與分配預算數比較-基金來源>
　　　　　　<實際數與分配預算數比較-基金用途>-28113293.00</實際數與分配預算數比較-基金用途>
　　　　　　<實際數與分配預算數比較-賸餘短絀一>-4668542.00</實際數與分配預算數比較-賸餘短絀一>
　　　　　　<期初基金餘額>1305928820.00</期初基金餘額>
　　　　　　<解繳國庫 />
　　　　　　<期末基金餘額>1729620278.00</期末基金餘額>
　　　　</ROW>
　　　　<ROW>
　　　　　　<SEQNO>35</SEQNO>
　　　　　　<LEVEL>2</LEVEL>
　　　　　　<BOLD>0</BOLD>
　　　　　　<基金別>通訊傳播監督管理基金</基金別>
　　　　　　<實際數-基金來源>168922776.00</實際數-基金來源>
　　　　　　<實際數-基金用途>86870147.00</實際數-基金用途>
　　　　　　<實際數-賸餘短絀一>82052629.00</實際數-賸餘短絀一>
　　　　　　<分配預算數-基金來源>207938000.00</分配預算數-基金來源>
　　　　　　<分配預算數-基金用途>109319000.00</分配預算數-基金用途>
　　　　　　<分配預算數-賸餘短絀一>98619000.00</分配預算數-賸餘短絀一>
　　　　　　<實際數與分配預算數比較-基金來源>-39015224.00</實際數與分配預算數比較-基金來源>
　　　　　　<實際數與分配預算數比較-基金用途>-22448853.00</實際數與分配預算數比較-基金用途>
　　　　　　<實際數與分配預算數比較-賸餘短絀一>-16566371.00</實際數與分配預算數比較-賸餘短絀一>
　　　　　　<期初基金餘額>1130339037.00</期初基金餘額>
　　　　　　<解繳國庫 />
　　　　　　<期末基金餘額>1212391666.00</期末基金餘額>
　　　　</ROW>
　　　　<ROW>
　　　　　　<SEQNO>36</SEQNO>
　　　　　　<LEVEL>2</LEVEL>
　　　　　　<BOLD>0</BOLD>
　　　　　　<基金別>有線廣播電視事業發展基金</基金別>
　　　　　　<實際數-基金來源>370836389.00</實際數-基金來源>
　　　　　　<實際數-基金用途>29197560.00</實際數-基金用途>
　　　　　　<實際數-賸餘短絀一>341638829.00</實際數-賸餘短絀一>
　　　　　　<分配預算數-基金來源>364603000.00</分配預算數-基金來源>
　　　　　　<分配預算數-基金用途>34862000.00</分配預算數-基金用途>
　　　　　　<分配預算數-賸餘短絀一>329741000.00</分配預算數-賸餘短絀一>
　　　　　　<實際數與分配預算數比較-基金來源>6233389.00</實際數與分配預算數比較-基金來源>
　　　　　　<實際數與分配預算數比較-基金用途>-5664440.00</實際數與分配預算數比較-基金用途>
　　　　　　<實際數與分配預算數比較-賸餘短絀一>11897829.00</實際數與分配預算數比較-賸餘短絀一>
　　　　　　<期初基金餘額>175589783.00</期初基金餘額>
　　　　　　<解繳國庫 />
　　　　　　<期末基金餘額>517228612.00</期末基金餘額>
　　　　</ROW>
　　　　<ROW>
　　　　　　<SEQNO>37</SEQNO>
　　　　　　<LEVEL>1</LEVEL>
　　　　　　<BOLD>1</BOLD>
　　　　　　<基金別>公平交易委員會主管</基金別>
　　　　　　<實際數-基金來源>203009130.00</實際數-基金來源>
　　　　　　<實際數-基金用途>1981678.00</實際數-基金用途>
　　　　　　<實際數-賸餘短絀一>201027452.00</實際數-賸餘短絀一>
　　　　　　<分配預算數-基金來源>2890000.00</分配預算數-基金來源>
　　　　　　<分配預算數-基金用途>2150000.00</分配預算數-基金用途>
　　　　　　<分配預算數-賸餘短絀一>740000.00</分配預算數-賸餘短絀一>
　　　　　　<實際數與分配預算數比較-基金來源>200119130.00</實際數與分配預算數比較-基金來源>
　　　　　　<實際數與分配預算數比較-基金用途>-168322.00</實際數與分配預算數比較-基金用途>
　　　　　　<實際數與分配預算數比較-賸餘短絀一>200287452.00</實際數與分配預算數比較-賸餘短絀一>
　　　　　　<期初基金餘額 />
　　　　　　<解繳國庫 />
　　　　　　<期末基金餘額>201027452.00</期末基金餘額>
　　　　</ROW>
　　　　<ROW>
　　　　　　<SEQNO>38</SEQNO>
　　　　　　<LEVEL>2</LEVEL>
　　　　　　<BOLD>0</BOLD>
　　　　　　<基金別>反托拉斯基金</基金別>
　　　　　　<實際數-基金來源>203009130.00</實際數-基金來源>
　　　　　　<實際數-基金用途>1981678.00</實際數-基金用途>
　　　　　　<實際數-賸餘短絀一>201027452.00</實際數-賸餘短絀一>
　　　　　　<分配預算數-基金來源>2890000.00</分配預算數-基金來源>
　　　　　　<分配預算數-基金用途>2150000.00</分配預算數-基金用途>
　　　　　　<分配預算數-賸餘短絀一>740000.00</分配預算數-賸餘短絀一>
　　　　　　<實際數與分配預算數比較-基金來源>200119130.00</實際數與分配預算數比較-基金來源>
　　　　　　<實際數與分配預算數比較-基金用途>-168322.00</實際數與分配預算數比較-基金用途>
　　　　　　<實際數與分配預算數比較-賸餘短絀一>200287452.00</實際數與分配預算數比較-賸餘短絀一>
　　　　　　<期初基金餘額 />
　　　　　　<解繳國庫 />
　　　　　　<期末基金餘額>201027452.00</期末基金餘額>
　　　　</ROW>
　　　　<ROW>
　　　　　　<SEQNO>39</SEQNO>
　　　　　　<LEVEL>1</LEVEL>
　　　　　　<BOLD>1</BOLD>
　　　　　　<基金別>合計</基金別>
　　　　　　<實際數-基金來源>101234552768.00</實際數-基金來源>
　　　　　　<實際數-基金用途>71081287947.00</實際數-基金用途>
　　　　　　<實際數-賸餘短絀一>30153264821.00</實際數-賸餘短絀一>
　　　　　　<分配預算數-基金來源>94977772000.00</分配預算數-基金來源>
　　　　　　<分配預算數-基金用途>76832238000.00</分配預算數-基金用途>
　　　　　　<分配預算數-賸餘短絀一>18145534000.00</分配預算數-賸餘短絀一>
　　　　　　<實際數與分配預算數比較-基金來源>6256780768.00</實際數與分配預算數比較-基金來源>
　　　　　　<實際數與分配預算數比較-基金用途>-5750950053.00</實際數與分配預算數比較-基金用途>
　　　　　　<實際數與分配預算數比較-賸餘短絀一>12007730821.00</實際數與分配預算數比較-賸餘短絀一>
　　　　　　<期初基金餘額>408923349015.91</期初基金餘額>
　　　　　　<解繳國庫 />
　　　　　　<期末基金餘額>439076613836.91</期末基金餘額>
　　　　</ROW>
　　　　<COMM>由於105年度中央政府總預算案附屬單位預算尚未完成法定程序，故本表及其他各表所列分配預算數係各基金估計上半年擬動支之數額；實際數係各基金依預算法第54條規定覈實動支之數額。</COMM>
　　</DataSet>
</GenericData>

