<?xml version="1.0" encoding="UTF-8"?>
<tables>
    <BCME3410>
        <BCME3410_row>
            <budgetno/>
            <agenno/>
            <agentype/>
            <mh_budgetname>合         計</mh_budgetname>
            <budgetno_conver/>
            <tyear_amt>104.000000</tyear_amt>
            <lyear_amt>122.000000</lyear_amt>
            <byear_amt>39.000000</byear_amt>
            <b_amt>-18.000000</b_amt>
            <bc_content/>
        </BCME3410_row>
        <BCME3410_row>
            <budgetno>04000000000</budgetno>
            <agenno>23015</agenno>
            <agentype>C</agentype>
            <mh_budgetname>罰款及賠償收入</mh_budgetname>
            <budgetno_conver>0400000000</budgetno_conver>
            <tyear_amt>24.000000</tyear_amt>
            <lyear_amt>40.000000</lyear_amt>
            <byear_amt>18.000000</byear_amt>
            <b_amt>-16.000000</b_amt>
            <bc_content/>
        </BCME3410_row>
        <BCME3410_row>
            <budgetno>04230150000</budgetno>
            <agenno>23015</agenno>
            <agentype>C</agentype>
            <mh_budgetname>法醫研究所</mh_budgetname>
            <budgetno_conver>0423150000</budgetno_conver>
            <tyear_amt>24.000000</tyear_amt>
            <lyear_amt>40.000000</lyear_amt>
            <byear_amt>18.000000</byear_amt>
            <b_amt>-16.000000</b_amt>
            <bc_content/>
        </BCME3410_row>
        <BCME3410_row>
            <budgetno>04230150300</budgetno>
            <agenno>23015</agenno>
            <agentype>C</agentype>
            <mh_budgetname>賠償收入</mh_budgetname>
            <budgetno_conver>0423150300</budgetno_conver>
            <tyear_amt>24.000000</tyear_amt>
            <lyear_amt>40.000000</lyear_amt>
            <byear_amt>18.000000</byear_amt>
            <b_amt>-16.000000</b_amt>
            <bc_content/>
        </BCME3410_row>
        <BCME3410_row>
            <budgetno>04230150301</budgetno>
            <agenno>23015</agenno>
            <agentype>C</agentype>
            <mh_budgetname>一般賠償收入</mh_budgetname>
            <budgetno_conver>0423150301</budgetno_conver>
            <tyear_amt>24.000000</tyear_amt>
            <lyear_amt>40.000000</lyear_amt>
            <byear_amt>18.000000</byear_amt>
            <b_amt>-16.000000</b_amt>
            <bc_content>本年度預算數係廠商違約逾期交貨之賠償收入。&#xd;
&#xd;
</bc_content>
        </BCME3410_row>
        <BCME3410_row>
            <budgetno>07000000000</budgetno>
            <agenno>23015</agenno>
            <agentype>C</agentype>
            <mh_budgetname>財產收入</mh_budgetname>
            <budgetno_conver>0700000000</budgetno_conver>
            <tyear_amt>80.000000</tyear_amt>
            <lyear_amt>82.000000</lyear_amt>
            <byear_amt>16.000000</byear_amt>
            <b_amt>-2.000000</b_amt>
            <bc_content/>
        </BCME3410_row>
        <BCME3410_row>
            <budgetno>07230150000</budgetno>
            <agenno>23015</agenno>
            <agentype>C</agentype>
            <mh_budgetname>法醫研究所</mh_budgetname>
            <budgetno_conver>0723150000</budgetno_conver>
            <tyear_amt>80.000000</tyear_amt>
            <lyear_amt>82.000000</lyear_amt>
            <byear_amt>16.000000</byear_amt>
            <b_amt>-2.000000</b_amt>
            <bc_content/>
        </BCME3410_row>
        <BCME3410_row>
            <budgetno>07230150600</budgetno>
            <agenno>23015</agenno>
            <agentype>C</agentype>
            <mh_budgetname>廢舊物資售價</mh_budgetname>
            <budgetno_conver>0723150600</budgetno_conver>
            <tyear_amt>80.000000</tyear_amt>
            <lyear_amt>82.000000</lyear_amt>
            <byear_amt>16.000000</byear_amt>
            <b_amt>-2.000000</b_amt>
            <bc_content>本年度預算數係出售廢舊物品等收入。</bc_content>
        </BCME3410_row>
        <BCME3410_row>
            <budgetno>11000000000</budgetno>
            <agenno>23015</agenno>
            <agentype>C</agentype>
            <mh_budgetname>其他收入</mh_budgetname>
            <budgetno_conver>1100000000</budgetno_conver>
            <tyear_amt>0.000000</tyear_amt>
            <lyear_amt>0.000000</lyear_amt>
            <byear_amt>5.000000</byear_amt>
            <b_amt>0.000000</b_amt>
            <bc_content/>
        </BCME3410_row>
        <BCME3410_row>
            <budgetno>11230150000</budgetno>
            <agenno>23015</agenno>
            <agentype>C</agentype>
            <mh_budgetname>法醫研究所</mh_budgetname>
            <budgetno_conver>1123150000</budgetno_conver>
            <tyear_amt>0.000000</tyear_amt>
            <lyear_amt>0.000000</lyear_amt>
            <byear_amt>5.000000</byear_amt>
            <b_amt>0.000000</b_amt>
            <bc_content/>
        </BCME3410_row>
        <BCME3410_row>
            <budgetno>11230150900</budgetno>
            <agenno>23015</agenno>
            <agentype>C</agentype>
            <mh_budgetname>雜項收入</mh_budgetname>
            <budgetno_conver>1123150900</budgetno_conver>
            <tyear_amt>0.000000</tyear_amt>
            <lyear_amt>0.000000</lyear_amt>
            <byear_amt>5.000000</byear_amt>
            <b_amt>0.000000</b_amt>
            <bc_content/>
        </BCME3410_row>
        <BCME3410_row>
            <budgetno>11230150909</budgetno>
            <agenno>23015</agenno>
            <agentype>C</agentype>
            <mh_budgetname>其他雜項收入</mh_budgetname>
            <budgetno_conver>1123150909</budgetno_conver>
            <tyear_amt>0.000000</tyear_amt>
            <lyear_amt>0.000000</lyear_amt>
            <byear_amt>5.000000</byear_amt>
            <b_amt>0.000000</b_amt>
            <bc_content>前年度決算數係出售政府出版品等收入。&#xd;
&#xd;
</bc_content>
        </BCME3410_row>
    </BCME3410>
</tables>
