﻿<GenericData><div xmlns="http://www.w3.org/1999/xhtml" style="color: blue; font-weight: normal; margin-left: -4em;">&lt;?xml 
version="1.0" encoding="UTF-8"?&gt;</div><style xmlns="http://www.w3.org/1999/xhtml">@namespace html url(http://www.w3.org/1999/xhtml); :root {                       font:small Verdana;        font-weight: bold;         padding: 2em;              padding-left:4em;       }                          * {                           display: block;            padding-left: 2em;      }                          html|style {                  display: none;          }                          html|span, html|a {           display: inline;           padding: 0;                font-weight: normal;       text-decoration: none;  }                          html|span.block {             display: block;         }                          *[html|hidden],            span.block[html|hidden] {     display: none;          }                          .expand {                     display: block;         }                          .expand:before {              content: '+';              color: red;                position: absolute;        left: -1em;             }  .collapse {                   display: block;         }                          .collapse:before {            content: '-';              color: red;                position: absolute;        left:-1em;              }                         </style><a 
xmlns="http://www.w3.org/1999/xhtml" class="collapse" style="color: blue; margin-left: -2em; position: relative;" 
href="#">&lt;<span 
style="color: rgb(153, 0, 0);">GenericData</span>&gt;</a>　　<Header><a xmlns="http://www.w3.org/1999/xhtml" 
class="collapse" style="color: blue; margin-left: -2em; position: relative;" 
href="#">&lt;<span style="color: rgb(153, 0, 0);">Header</span>&gt;</a>
　　　　<Table Domain="NBA" Name="債務基金" Id="FNGXBCSHFLOWR"><a xmlns="http://www.w3.org/1999/xhtml" 
style="color: blue; margin-left: -2em;">&lt;<span 
style="color: rgb(153, 0, 0);">Table</span> <span 
style="color: rgb(153, 0, 0);">Domain</span>="<span style="color: black; font-weight: bold;">NBA</span>" 
<span style="color: rgb(153, 0, 0);">Name</span>="<span style="color: black; font-weight: bold;">債務基金</span>" 
<span style="color: rgb(153, 0, 0);">Id</span>="<span style="color: black; font-weight: bold;">FNGXBCSHFLOWR</span>"/&gt;</a></Table>
　　　　<Program Id="NBAGGR020_G"><a xmlns="http://www.w3.org/1999/xhtml" style="color: blue; margin-left: -2em;">&lt;<span 
style="color: rgb(153, 0, 0);">Program</span> <span style="color: rgb(153, 0, 0);">Id</span>="<span 
style="color: black; font-weight: bold;">NBAGGR020_G</span>"/&gt;</a></Program>
　　　　<Sender Name="債務基金"><a xmlns="http://www.w3.org/1999/xhtml" style="color: blue; margin-left: -2em;">&lt;<span 
style="color: rgb(153, 0, 0);">Sender</span> <span 
style="color: rgb(153, 0, 0);">Name</span>="<span style="color: black; font-weight: bold;">債務基金</span>"/&gt;</a></Sender>
　　　　<報表名稱><a xmlns="http://www.w3.org/1999/xhtml" style="color: blue; margin-left: -2em;">&lt;<span 
style="color: rgb(153, 0, 0);">報表名稱</span>&gt;</a>政事基金現金流量綜計表（依收支科目分列）<span 
xmlns="http://www.w3.org/1999/xhtml" style="color: blue;">&lt;/<span style="color: rgb(153, 0, 0);">報表名稱</span>&gt;</span></報表名稱>
　　　　<年度><a xmlns="http://www.w3.org/1999/xhtml" style="color: blue; margin-left: -2em;">&lt;<span 
style="color: rgb(153, 0, 0);">年度</span>&gt;</a>104<span xmlns="http://www.w3.org/1999/xhtml" 
style="color: blue;">&lt;/<span 
style="color: rgb(153, 0, 0);">年度</span>&gt;</span></年度>　　　　<基金><a xmlns="http://www.w3.org/1999/xhtml" 
style="color: blue; margin-left: -2em;">&lt;<span 
style="color: rgb(153, 0, 0);">基金</span>&gt;</a>債務基金<span xmlns="http://www.w3.org/1999/xhtml" 
style="color: blue;">&lt;/<span 
style="color: rgb(153, 0, 0);">基金</span>&gt;</span></基金>　　　　<階段><a xmlns="http://www.w3.org/1999/xhtml" 
style="color: blue; margin-left: -2em;">&lt;<span 
style="color: rgb(153, 0, 0);">階段</span>&gt;</a>法定預算<span xmlns="http://www.w3.org/1999/xhtml" 
style="color: blue;">&lt;/<span 
style="color: rgb(153, 0, 0);">階段</span>&gt;</span></階段>　　　　<版本><a xmlns="http://www.w3.org/1999/xhtml" 
style="color: blue; margin-left: -2em;">&lt;<span 
style="color: rgb(153, 0, 0);">版本</span>&gt;</a>1<span xmlns="http://www.w3.org/1999/xhtml" 
style="color: blue;">&lt;/<span 
style="color: rgb(153, 0, 0);">版本</span>&gt;</span></版本>　　　　<單位><a xmlns="http://www.w3.org/1999/xhtml" 
style="color: blue; margin-left: -2em;">&lt;<span 
style="color: rgb(153, 0, 0);">單位</span>&gt;</a>新臺幣千元<span xmlns="http://www.w3.org/1999/xhtml" 
style="color: blue;">&lt;/<span 
style="color: rgb(153, 0, 0);">單位</span>&gt;</span></單位>　　<span xmlns="http://www.w3.org/1999/xhtml" 
class="block" style="color: blue; margin-left: -2em;">&lt;/<span style="color: rgb(153, 0, 0);">Header</span>&gt;</span></Header>
　　<DataSet><a xmlns="http://www.w3.org/1999/xhtml" class="collapse" style="color: blue; margin-left: -2em; position: relative;" 
href="#">&lt;<span style="color: rgb(153, 0, 0);">DataSet</span>&gt;</a>
　　　　<ROW><a xmlns="http://www.w3.org/1999/xhtml" class="collapse" style="color: blue; margin-left: -2em; position: relative;" 
href="#">&lt;<span style="color: rgb(153, 0, 0);">ROW</span>&gt;</a>
　　　　　　<SEQNO><a xmlns="http://www.w3.org/1999/xhtml" style="color: blue; margin-left: -2em;">&lt;<span 
style="color: rgb(153, 0, 0);">SEQNO</span>&gt;</a>1<span xmlns="http://www.w3.org/1999/xhtml" 
style="color: blue;">&lt;/<span 
style="color: rgb(153, 0, 0);">SEQNO</span>&gt;</span></SEQNO>　　　　　　<LEVEL><a 
xmlns="http://www.w3.org/1999/xhtml" 
style="color: blue; margin-left: -2em;">&lt;<span 
style="color: rgb(153, 0, 0);">LEVEL</span>&gt;</a>2<span xmlns="http://www.w3.org/1999/xhtml" 
style="color: blue;">&lt;/<span 
style="color: rgb(153, 0, 0);">LEVEL</span>&gt;</span></LEVEL>　　　　　　<BOLD><a 
xmlns="http://www.w3.org/1999/xhtml" 
style="color: blue; margin-left: -2em;">&lt;<span 
style="color: rgb(153, 0, 0);">BOLD</span>&gt;</a>1<span xmlns="http://www.w3.org/1999/xhtml" 
style="color: blue;">&lt;/<span 
style="color: rgb(153, 0, 0);">BOLD</span>&gt;</span></BOLD>　　　　　　<項目><a xmlns="http://www.w3.org/1999/xhtml" 
style="color: blue; margin-left: -2em;">&lt;<span 
style="color: rgb(153, 0, 0);">項目</span>&gt;</a>業務活動之現金流量<span xmlns="http://www.w3.org/1999/xhtml" 
style="color: blue;">&lt;/<span 
style="color: rgb(153, 0, 0);">項目</span>&gt;</span></項目>　　　　　　<本年度預算數><a xmlns="http://www.w3.org/1999/xhtml" 
style="color: blue; margin-left: -2em;">&lt;<span 
style="color: rgb(153, 0, 0);">本年度預算數</span>/&gt;</a></本年度預算數>　　　　<span xmlns="http://www.w3.org/1999/xhtml" 
class="block" style="color: blue; margin-left: -2em;">&lt;/<span style="color: rgb(153, 0, 0);">ROW</span>&gt;</span></ROW>
　　　　<ROW><a xmlns="http://www.w3.org/1999/xhtml" class="collapse" style="color: blue; margin-left: -2em; position: relative;" 
href="#">&lt;<span style="color: rgb(153, 0, 0);">ROW</span>&gt;</a>
　　　　　　<SEQNO><a xmlns="http://www.w3.org/1999/xhtml" style="color: blue; margin-left: -2em;">&lt;<span 
style="color: rgb(153, 0, 0);">SEQNO</span>&gt;</a>2<span xmlns="http://www.w3.org/1999/xhtml" 
style="color: blue;">&lt;/<span 
style="color: rgb(153, 0, 0);">SEQNO</span>&gt;</span></SEQNO>　　　　　　<LEVEL><a 
xmlns="http://www.w3.org/1999/xhtml" 
style="color: blue; margin-left: -2em;">&lt;<span 
style="color: rgb(153, 0, 0);">LEVEL</span>&gt;</a>3<span xmlns="http://www.w3.org/1999/xhtml" 
style="color: blue;">&lt;/<span 
style="color: rgb(153, 0, 0);">LEVEL</span>&gt;</span></LEVEL>　　　　　　<BOLD><a 
xmlns="http://www.w3.org/1999/xhtml" 
style="color: blue; margin-left: -2em;">&lt;<span 
style="color: rgb(153, 0, 0);">BOLD</span>&gt;</a>0<span xmlns="http://www.w3.org/1999/xhtml" 
style="color: blue;">&lt;/<span 
style="color: rgb(153, 0, 0);">BOLD</span>&gt;</span></BOLD>　　　　　　<項目><a xmlns="http://www.w3.org/1999/xhtml" 
style="color: blue; margin-left: -2em;">&lt;<span 
style="color: rgb(153, 0, 0);">項目</span>&gt;</a>本期賸餘(短絀－)<span xmlns="http://www.w3.org/1999/xhtml" 
style="color: blue;">&lt;/<span 
style="color: rgb(153, 0, 0);">項目</span>&gt;</span></項目>　　　　　　<本年度預算數><a xmlns="http://www.w3.org/1999/xhtml" 
style="color: blue; margin-left: -2em;">&lt;<span 
style="color: rgb(153, 0, 0);">本年度預算數</span>&gt;</a>3976<span xmlns="http://www.w3.org/1999/xhtml" 
style="color: blue;">&lt;/<span 
style="color: rgb(153, 0, 0);">本年度預算數</span>&gt;</span></本年度預算數>　　　　<span 
xmlns="http://www.w3.org/1999/xhtml" class="block" style="color: blue; margin-left: -2em;">&lt;/<span 
style="color: rgb(153, 0, 0);">ROW</span>&gt;</span></ROW>　　　　<ROW><a xmlns="http://www.w3.org/1999/xhtml" 
class="collapse" style="color: blue; margin-left: -2em; position: relative;" 
href="#">&lt;<span style="color: rgb(153, 0, 0);">ROW</span>&gt;</a>
　　　　　　<SEQNO><a xmlns="http://www.w3.org/1999/xhtml" style="color: blue; margin-left: -2em;">&lt;<span 
style="color: rgb(153, 0, 0);">SEQNO</span>&gt;</a>3<span xmlns="http://www.w3.org/1999/xhtml" 
style="color: blue;">&lt;/<span 
style="color: rgb(153, 0, 0);">SEQNO</span>&gt;</span></SEQNO>　　　　　　<LEVEL><a 
xmlns="http://www.w3.org/1999/xhtml" 
style="color: blue; margin-left: -2em;">&lt;<span 
style="color: rgb(153, 0, 0);">LEVEL</span>&gt;</a>3<span xmlns="http://www.w3.org/1999/xhtml" 
style="color: blue;">&lt;/<span 
style="color: rgb(153, 0, 0);">LEVEL</span>&gt;</span></LEVEL>　　　　　　<BOLD><a 
xmlns="http://www.w3.org/1999/xhtml" 
style="color: blue; margin-left: -2em;">&lt;<span 
style="color: rgb(153, 0, 0);">BOLD</span>&gt;</a>0<span xmlns="http://www.w3.org/1999/xhtml" 
style="color: blue;">&lt;/<span 
style="color: rgb(153, 0, 0);">BOLD</span>&gt;</span></BOLD>　　　　　　<項目><a xmlns="http://www.w3.org/1999/xhtml" 
style="color: blue; margin-left: -2em;">&lt;<span 
style="color: rgb(153, 0, 0);">項目</span>&gt;</a>調整非現金項目<span xmlns="http://www.w3.org/1999/xhtml" 
style="color: blue;">&lt;/<span 
style="color: rgb(153, 0, 0);">項目</span>&gt;</span></項目>　　　　　　<本年度預算數><a xmlns="http://www.w3.org/1999/xhtml" 
style="color: blue; margin-left: -2em;">&lt;<span 
style="color: rgb(153, 0, 0);">本年度預算數</span>&gt;</a>0<span xmlns="http://www.w3.org/1999/xhtml" 
style="color: blue;">&lt;/<span 
style="color: rgb(153, 0, 0);">本年度預算數</span>&gt;</span></本年度預算數>　　　　<span 
xmlns="http://www.w3.org/1999/xhtml" class="block" style="color: blue; margin-left: -2em;">&lt;/<span 
style="color: rgb(153, 0, 0);">ROW</span>&gt;</span></ROW>　　　　<ROW><a xmlns="http://www.w3.org/1999/xhtml" 
class="collapse" style="color: blue; margin-left: -2em; position: relative;" 
href="#">&lt;<span style="color: rgb(153, 0, 0);">ROW</span>&gt;</a>
　　　　　　<SEQNO><a xmlns="http://www.w3.org/1999/xhtml" style="color: blue; margin-left: -2em;">&lt;<span 
style="color: rgb(153, 0, 0);">SEQNO</span>&gt;</a>4<span xmlns="http://www.w3.org/1999/xhtml" 
style="color: blue;">&lt;/<span 
style="color: rgb(153, 0, 0);">SEQNO</span>&gt;</span></SEQNO>　　　　　　<LEVEL><a 
xmlns="http://www.w3.org/1999/xhtml" 
style="color: blue; margin-left: -2em;">&lt;<span 
style="color: rgb(153, 0, 0);">LEVEL</span>&gt;</a>3<span xmlns="http://www.w3.org/1999/xhtml" 
style="color: blue;">&lt;/<span 
style="color: rgb(153, 0, 0);">LEVEL</span>&gt;</span></LEVEL>　　　　　　<BOLD><a 
xmlns="http://www.w3.org/1999/xhtml" 
style="color: blue; margin-left: -2em;">&lt;<span 
style="color: rgb(153, 0, 0);">BOLD</span>&gt;</a>1<span xmlns="http://www.w3.org/1999/xhtml" 
style="color: blue;">&lt;/<span 
style="color: rgb(153, 0, 0);">BOLD</span>&gt;</span></BOLD>　　　　　　<項目><a xmlns="http://www.w3.org/1999/xhtml" 
style="color: blue; margin-left: -2em;">&lt;<span 
style="color: rgb(153, 0, 0);">項目</span>&gt;</a>業務活動之淨現金流入(流出－)<span xmlns="http://www.w3.org/1999/xhtml" 
style="color: blue;">&lt;/<span 
style="color: rgb(153, 0, 0);">項目</span>&gt;</span></項目>　　　　　　<本年度預算數><a xmlns="http://www.w3.org/1999/xhtml" 
style="color: blue; margin-left: -2em;">&lt;<span 
style="color: rgb(153, 0, 0);">本年度預算數</span>&gt;</a>3976<span xmlns="http://www.w3.org/1999/xhtml" 
style="color: blue;">&lt;/<span 
style="color: rgb(153, 0, 0);">本年度預算數</span>&gt;</span></本年度預算數>　　　　<span 
xmlns="http://www.w3.org/1999/xhtml" class="block" style="color: blue; margin-left: -2em;">&lt;/<span 
style="color: rgb(153, 0, 0);">ROW</span>&gt;</span></ROW>　　　　<ROW><a xmlns="http://www.w3.org/1999/xhtml" 
class="collapse" style="color: blue; margin-left: -2em; position: relative;" 
href="#">&lt;<span style="color: rgb(153, 0, 0);">ROW</span>&gt;</a>
　　　　　　<SEQNO><a xmlns="http://www.w3.org/1999/xhtml" style="color: blue; margin-left: -2em;">&lt;<span 
style="color: rgb(153, 0, 0);">SEQNO</span>&gt;</a>5<span xmlns="http://www.w3.org/1999/xhtml" 
style="color: blue;">&lt;/<span 
style="color: rgb(153, 0, 0);">SEQNO</span>&gt;</span></SEQNO>　　　　　　<LEVEL><a 
xmlns="http://www.w3.org/1999/xhtml" 
style="color: blue; margin-left: -2em;">&lt;<span 
style="color: rgb(153, 0, 0);">LEVEL</span>&gt;</a>2<span xmlns="http://www.w3.org/1999/xhtml" 
style="color: blue;">&lt;/<span 
style="color: rgb(153, 0, 0);">LEVEL</span>&gt;</span></LEVEL>　　　　　　<BOLD><a 
xmlns="http://www.w3.org/1999/xhtml" 
style="color: blue; margin-left: -2em;">&lt;<span 
style="color: rgb(153, 0, 0);">BOLD</span>&gt;</a>1<span xmlns="http://www.w3.org/1999/xhtml" 
style="color: blue;">&lt;/<span 
style="color: rgb(153, 0, 0);">BOLD</span>&gt;</span></BOLD>　　　　　　<項目><a xmlns="http://www.w3.org/1999/xhtml" 
style="color: blue; margin-left: -2em;">&lt;<span 
style="color: rgb(153, 0, 0);">項目</span>&gt;</a>其他活動之現金流量<span xmlns="http://www.w3.org/1999/xhtml" 
style="color: blue;">&lt;/<span 
style="color: rgb(153, 0, 0);">項目</span>&gt;</span></項目>　　　　　　<本年度預算數><a xmlns="http://www.w3.org/1999/xhtml" 
style="color: blue; margin-left: -2em;">&lt;<span 
style="color: rgb(153, 0, 0);">本年度預算數</span>/&gt;</a></本年度預算數>　　　　<span xmlns="http://www.w3.org/1999/xhtml" 
class="block" style="color: blue; margin-left: -2em;">&lt;/<span style="color: rgb(153, 0, 0);">ROW</span>&gt;</span></ROW>
　　　　<ROW><a xmlns="http://www.w3.org/1999/xhtml" class="collapse" style="color: blue; margin-left: -2em; position: relative;" 
href="#">&lt;<span style="color: rgb(153, 0, 0);">ROW</span>&gt;</a>
　　　　　　<SEQNO><a xmlns="http://www.w3.org/1999/xhtml" style="color: blue; margin-left: -2em;">&lt;<span 
style="color: rgb(153, 0, 0);">SEQNO</span>&gt;</a>6<span xmlns="http://www.w3.org/1999/xhtml" 
style="color: blue;">&lt;/<span 
style="color: rgb(153, 0, 0);">SEQNO</span>&gt;</span></SEQNO>　　　　　　<LEVEL><a 
xmlns="http://www.w3.org/1999/xhtml" 
style="color: blue; margin-left: -2em;">&lt;<span 
style="color: rgb(153, 0, 0);">LEVEL</span>&gt;</a>3<span xmlns="http://www.w3.org/1999/xhtml" 
style="color: blue;">&lt;/<span 
style="color: rgb(153, 0, 0);">LEVEL</span>&gt;</span></LEVEL>　　　　　　<BOLD><a 
xmlns="http://www.w3.org/1999/xhtml" 
style="color: blue; margin-left: -2em;">&lt;<span 
style="color: rgb(153, 0, 0);">BOLD</span>&gt;</a>0<span xmlns="http://www.w3.org/1999/xhtml" 
style="color: blue;">&lt;/<span 
style="color: rgb(153, 0, 0);">BOLD</span>&gt;</span></BOLD>　　　　　　<項目><a xmlns="http://www.w3.org/1999/xhtml" 
style="color: blue; margin-left: -2em;">&lt;<span 
style="color: rgb(153, 0, 0);">項目</span>&gt;</a>減少短期投資及短期貸墊款<span xmlns="http://www.w3.org/1999/xhtml" 
style="color: blue;">&lt;/<span 
style="color: rgb(153, 0, 0);">項目</span>&gt;</span></項目>　　　　　　<本年度預算數><a xmlns="http://www.w3.org/1999/xhtml" 
style="color: blue; margin-left: -2em;">&lt;<span 
style="color: rgb(153, 0, 0);">本年度預算數</span>&gt;</a>0<span xmlns="http://www.w3.org/1999/xhtml" 
style="color: blue;">&lt;/<span 
style="color: rgb(153, 0, 0);">本年度預算數</span>&gt;</span></本年度預算數>　　　　<span 
xmlns="http://www.w3.org/1999/xhtml" class="block" style="color: blue; margin-left: -2em;">&lt;/<span 
style="color: rgb(153, 0, 0);">ROW</span>&gt;</span></ROW>　　　　<ROW><a xmlns="http://www.w3.org/1999/xhtml" 
class="collapse" style="color: blue; margin-left: -2em; position: relative;" 
href="#">&lt;<span style="color: rgb(153, 0, 0);">ROW</span>&gt;</a>
　　　　　　<SEQNO><a xmlns="http://www.w3.org/1999/xhtml" style="color: blue; margin-left: -2em;">&lt;<span 
style="color: rgb(153, 0, 0);">SEQNO</span>&gt;</a>7<span xmlns="http://www.w3.org/1999/xhtml" 
style="color: blue;">&lt;/<span 
style="color: rgb(153, 0, 0);">SEQNO</span>&gt;</span></SEQNO>　　　　　　<LEVEL><a 
xmlns="http://www.w3.org/1999/xhtml" 
style="color: blue; margin-left: -2em;">&lt;<span 
style="color: rgb(153, 0, 0);">LEVEL</span>&gt;</a>3<span xmlns="http://www.w3.org/1999/xhtml" 
style="color: blue;">&lt;/<span 
style="color: rgb(153, 0, 0);">LEVEL</span>&gt;</span></LEVEL>　　　　　　<BOLD><a 
xmlns="http://www.w3.org/1999/xhtml" 
style="color: blue; margin-left: -2em;">&lt;<span 
style="color: rgb(153, 0, 0);">BOLD</span>&gt;</a>0<span xmlns="http://www.w3.org/1999/xhtml" 
style="color: blue;">&lt;/<span 
style="color: rgb(153, 0, 0);">BOLD</span>&gt;</span></BOLD>　　　　　　<項目><a xmlns="http://www.w3.org/1999/xhtml" 
style="color: blue; margin-left: -2em;">&lt;<span 
style="color: rgb(153, 0, 0);">項目</span>&gt;</a>減少投資、長期應收款項、貸墊款及準備金<span xmlns="http://www.w3.org/1999/xhtml" 
style="color: blue;">&lt;/<span 
style="color: rgb(153, 0, 0);">項目</span>&gt;</span></項目>　　　　　　<本年度預算數><a xmlns="http://www.w3.org/1999/xhtml" 
style="color: blue; margin-left: -2em;">&lt;<span 
style="color: rgb(153, 0, 0);">本年度預算數</span>&gt;</a>0<span xmlns="http://www.w3.org/1999/xhtml" 
style="color: blue;">&lt;/<span 
style="color: rgb(153, 0, 0);">本年度預算數</span>&gt;</span></本年度預算數>　　　　<span 
xmlns="http://www.w3.org/1999/xhtml" class="block" style="color: blue; margin-left: -2em;">&lt;/<span 
style="color: rgb(153, 0, 0);">ROW</span>&gt;</span></ROW>　　　　<ROW><a xmlns="http://www.w3.org/1999/xhtml" 
class="collapse" style="color: blue; margin-left: -2em; position: relative;" 
href="#">&lt;<span style="color: rgb(153, 0, 0);">ROW</span>&gt;</a>
　　　　　　<SEQNO><a xmlns="http://www.w3.org/1999/xhtml" style="color: blue; margin-left: -2em;">&lt;<span 
style="color: rgb(153, 0, 0);">SEQNO</span>&gt;</a>8<span xmlns="http://www.w3.org/1999/xhtml" 
style="color: blue;">&lt;/<span 
style="color: rgb(153, 0, 0);">SEQNO</span>&gt;</span></SEQNO>　　　　　　<LEVEL><a 
xmlns="http://www.w3.org/1999/xhtml" 
style="color: blue; margin-left: -2em;">&lt;<span 
style="color: rgb(153, 0, 0);">LEVEL</span>&gt;</a>3<span xmlns="http://www.w3.org/1999/xhtml" 
style="color: blue;">&lt;/<span 
style="color: rgb(153, 0, 0);">LEVEL</span>&gt;</span></LEVEL>　　　　　　<BOLD><a 
xmlns="http://www.w3.org/1999/xhtml" 
style="color: blue; margin-left: -2em;">&lt;<span 
style="color: rgb(153, 0, 0);">BOLD</span>&gt;</a>0<span xmlns="http://www.w3.org/1999/xhtml" 
style="color: blue;">&lt;/<span 
style="color: rgb(153, 0, 0);">BOLD</span>&gt;</span></BOLD>　　　　　　<項目><a xmlns="http://www.w3.org/1999/xhtml" 
style="color: blue; margin-left: -2em;">&lt;<span 
style="color: rgb(153, 0, 0);">項目</span>&gt;</a>減少其他資產<span xmlns="http://www.w3.org/1999/xhtml" 
style="color: blue;">&lt;/<span 
style="color: rgb(153, 0, 0);">項目</span>&gt;</span></項目>　　　　　　<本年度預算數><a xmlns="http://www.w3.org/1999/xhtml" 
style="color: blue; margin-left: -2em;">&lt;<span 
style="color: rgb(153, 0, 0);">本年度預算數</span>&gt;</a>0<span xmlns="http://www.w3.org/1999/xhtml" 
style="color: blue;">&lt;/<span 
style="color: rgb(153, 0, 0);">本年度預算數</span>&gt;</span></本年度預算數>　　　　<span 
xmlns="http://www.w3.org/1999/xhtml" class="block" style="color: blue; margin-left: -2em;">&lt;/<span 
style="color: rgb(153, 0, 0);">ROW</span>&gt;</span></ROW>　　　　<ROW><a xmlns="http://www.w3.org/1999/xhtml" 
class="collapse" style="color: blue; margin-left: -2em; position: relative;" 
href="#">&lt;<span style="color: rgb(153, 0, 0);">ROW</span>&gt;</a>
　　　　　　<SEQNO><a xmlns="http://www.w3.org/1999/xhtml" style="color: blue; margin-left: -2em;">&lt;<span 
style="color: rgb(153, 0, 0);">SEQNO</span>&gt;</a>9<span xmlns="http://www.w3.org/1999/xhtml" 
style="color: blue;">&lt;/<span 
style="color: rgb(153, 0, 0);">SEQNO</span>&gt;</span></SEQNO>　　　　　　<LEVEL><a 
xmlns="http://www.w3.org/1999/xhtml" 
style="color: blue; margin-left: -2em;">&lt;<span 
style="color: rgb(153, 0, 0);">LEVEL</span>&gt;</a>3<span xmlns="http://www.w3.org/1999/xhtml" 
style="color: blue;">&lt;/<span 
style="color: rgb(153, 0, 0);">LEVEL</span>&gt;</span></LEVEL>　　　　　　<BOLD><a 
xmlns="http://www.w3.org/1999/xhtml" 
style="color: blue; margin-left: -2em;">&lt;<span 
style="color: rgb(153, 0, 0);">BOLD</span>&gt;</a>0<span xmlns="http://www.w3.org/1999/xhtml" 
style="color: blue;">&lt;/<span 
style="color: rgb(153, 0, 0);">BOLD</span>&gt;</span></BOLD>　　　　　　<項目><a xmlns="http://www.w3.org/1999/xhtml" 
style="color: blue; margin-left: -2em;">&lt;<span 
style="color: rgb(153, 0, 0);">項目</span>&gt;</a>增加短期債務及其他負債<span xmlns="http://www.w3.org/1999/xhtml" 
style="color: blue;">&lt;/<span 
style="color: rgb(153, 0, 0);">項目</span>&gt;</span></項目>　　　　　　<本年度預算數><a xmlns="http://www.w3.org/1999/xhtml" 
style="color: blue; margin-left: -2em;">&lt;<span 
style="color: rgb(153, 0, 0);">本年度預算數</span>&gt;</a>0<span xmlns="http://www.w3.org/1999/xhtml" 
style="color: blue;">&lt;/<span 
style="color: rgb(153, 0, 0);">本年度預算數</span>&gt;</span></本年度預算數>　　　　<span 
xmlns="http://www.w3.org/1999/xhtml" class="block" style="color: blue; margin-left: -2em;">&lt;/<span 
style="color: rgb(153, 0, 0);">ROW</span>&gt;</span></ROW>　　　　<ROW><a xmlns="http://www.w3.org/1999/xhtml" 
class="collapse" style="color: blue; margin-left: -2em; position: relative;" 
href="#">&lt;<span style="color: rgb(153, 0, 0);">ROW</span>&gt;</a>
　　　　　　<SEQNO><a xmlns="http://www.w3.org/1999/xhtml" style="color: blue; margin-left: -2em;">&lt;<span 
style="color: rgb(153, 0, 0);">SEQNO</span>&gt;</a>10<span xmlns="http://www.w3.org/1999/xhtml" 
style="color: blue;">&lt;/<span 
style="color: rgb(153, 0, 0);">SEQNO</span>&gt;</span></SEQNO>　　　　　　<LEVEL><a 
xmlns="http://www.w3.org/1999/xhtml" 
style="color: blue; margin-left: -2em;">&lt;<span 
style="color: rgb(153, 0, 0);">LEVEL</span>&gt;</a>3<span xmlns="http://www.w3.org/1999/xhtml" 
style="color: blue;">&lt;/<span 
style="color: rgb(153, 0, 0);">LEVEL</span>&gt;</span></LEVEL>　　　　　　<BOLD><a 
xmlns="http://www.w3.org/1999/xhtml" 
style="color: blue; margin-left: -2em;">&lt;<span 
style="color: rgb(153, 0, 0);">BOLD</span>&gt;</a>0<span xmlns="http://www.w3.org/1999/xhtml" 
style="color: blue;">&lt;/<span 
style="color: rgb(153, 0, 0);">BOLD</span>&gt;</span></BOLD>　　　　　　<項目><a xmlns="http://www.w3.org/1999/xhtml" 
style="color: blue; margin-left: -2em;">&lt;<span 
style="color: rgb(153, 0, 0);">項目</span>&gt;</a>其他項目之現金流入<span xmlns="http://www.w3.org/1999/xhtml" 
style="color: blue;">&lt;/<span 
style="color: rgb(153, 0, 0);">項目</span>&gt;</span></項目>　　　　　　<本年度預算數><a xmlns="http://www.w3.org/1999/xhtml" 
style="color: blue; margin-left: -2em;">&lt;<span 
style="color: rgb(153, 0, 0);">本年度預算數</span>&gt;</a>0<span xmlns="http://www.w3.org/1999/xhtml" 
style="color: blue;">&lt;/<span 
style="color: rgb(153, 0, 0);">本年度預算數</span>&gt;</span></本年度預算數>　　　　<span 
xmlns="http://www.w3.org/1999/xhtml" class="block" style="color: blue; margin-left: -2em;">&lt;/<span 
style="color: rgb(153, 0, 0);">ROW</span>&gt;</span></ROW>　　　　<ROW><a xmlns="http://www.w3.org/1999/xhtml" 
class="collapse" style="color: blue; margin-left: -2em; position: relative;" 
href="#">&lt;<span style="color: rgb(153, 0, 0);">ROW</span>&gt;</a>
　　　　　　<SEQNO><a xmlns="http://www.w3.org/1999/xhtml" style="color: blue; margin-left: -2em;">&lt;<span 
style="color: rgb(153, 0, 0);">SEQNO</span>&gt;</a>11<span xmlns="http://www.w3.org/1999/xhtml" 
style="color: blue;">&lt;/<span 
style="color: rgb(153, 0, 0);">SEQNO</span>&gt;</span></SEQNO>　　　　　　<LEVEL><a 
xmlns="http://www.w3.org/1999/xhtml" 
style="color: blue; margin-left: -2em;">&lt;<span 
style="color: rgb(153, 0, 0);">LEVEL</span>&gt;</a>3<span xmlns="http://www.w3.org/1999/xhtml" 
style="color: blue;">&lt;/<span 
style="color: rgb(153, 0, 0);">LEVEL</span>&gt;</span></LEVEL>　　　　　　<BOLD><a 
xmlns="http://www.w3.org/1999/xhtml" 
style="color: blue; margin-left: -2em;">&lt;<span 
style="color: rgb(153, 0, 0);">BOLD</span>&gt;</a>0<span xmlns="http://www.w3.org/1999/xhtml" 
style="color: blue;">&lt;/<span 
style="color: rgb(153, 0, 0);">BOLD</span>&gt;</span></BOLD>　　　　　　<項目><a xmlns="http://www.w3.org/1999/xhtml" 
style="color: blue; margin-left: -2em;">&lt;<span 
style="color: rgb(153, 0, 0);">項目</span>&gt;</a>增加短期投資及短期貸墊款<span xmlns="http://www.w3.org/1999/xhtml" 
style="color: blue;">&lt;/<span 
style="color: rgb(153, 0, 0);">項目</span>&gt;</span></項目>　　　　　　<本年度預算數><a xmlns="http://www.w3.org/1999/xhtml" 
style="color: blue; margin-left: -2em;">&lt;<span 
style="color: rgb(153, 0, 0);">本年度預算數</span>&gt;</a>0<span xmlns="http://www.w3.org/1999/xhtml" 
style="color: blue;">&lt;/<span 
style="color: rgb(153, 0, 0);">本年度預算數</span>&gt;</span></本年度預算數>　　　　<span 
xmlns="http://www.w3.org/1999/xhtml" class="block" style="color: blue; margin-left: -2em;">&lt;/<span 
style="color: rgb(153, 0, 0);">ROW</span>&gt;</span></ROW>　　　　<ROW><a xmlns="http://www.w3.org/1999/xhtml" 
class="collapse" style="color: blue; margin-left: -2em; position: relative;" 
href="#">&lt;<span style="color: rgb(153, 0, 0);">ROW</span>&gt;</a>
　　　　　　<SEQNO><a xmlns="http://www.w3.org/1999/xhtml" style="color: blue; margin-left: -2em;">&lt;<span 
style="color: rgb(153, 0, 0);">SEQNO</span>&gt;</a>12<span xmlns="http://www.w3.org/1999/xhtml" 
style="color: blue;">&lt;/<span 
style="color: rgb(153, 0, 0);">SEQNO</span>&gt;</span></SEQNO>　　　　　　<LEVEL><a 
xmlns="http://www.w3.org/1999/xhtml" 
style="color: blue; margin-left: -2em;">&lt;<span 
style="color: rgb(153, 0, 0);">LEVEL</span>&gt;</a>3<span xmlns="http://www.w3.org/1999/xhtml" 
style="color: blue;">&lt;/<span 
style="color: rgb(153, 0, 0);">LEVEL</span>&gt;</span></LEVEL>　　　　　　<BOLD><a 
xmlns="http://www.w3.org/1999/xhtml" 
style="color: blue; margin-left: -2em;">&lt;<span 
style="color: rgb(153, 0, 0);">BOLD</span>&gt;</a>0<span xmlns="http://www.w3.org/1999/xhtml" 
style="color: blue;">&lt;/<span 
style="color: rgb(153, 0, 0);">BOLD</span>&gt;</span></BOLD>　　　　　　<項目><a xmlns="http://www.w3.org/1999/xhtml" 
style="color: blue; margin-left: -2em;">&lt;<span 
style="color: rgb(153, 0, 0);">項目</span>&gt;</a>增加投資、長期應收款項、貸墊款及準備金<span xmlns="http://www.w3.org/1999/xhtml" 
style="color: blue;">&lt;/<span 
style="color: rgb(153, 0, 0);">項目</span>&gt;</span></項目>　　　　　　<本年度預算數><a xmlns="http://www.w3.org/1999/xhtml" 
style="color: blue; margin-left: -2em;">&lt;<span 
style="color: rgb(153, 0, 0);">本年度預算數</span>&gt;</a>0<span xmlns="http://www.w3.org/1999/xhtml" 
style="color: blue;">&lt;/<span 
style="color: rgb(153, 0, 0);">本年度預算數</span>&gt;</span></本年度預算數>　　　　<span 
xmlns="http://www.w3.org/1999/xhtml" class="block" style="color: blue; margin-left: -2em;">&lt;/<span 
style="color: rgb(153, 0, 0);">ROW</span>&gt;</span></ROW>　　　　<ROW><a xmlns="http://www.w3.org/1999/xhtml" 
class="collapse" style="color: blue; margin-left: -2em; position: relative;" 
href="#">&lt;<span style="color: rgb(153, 0, 0);">ROW</span>&gt;</a>
　　　　　　<SEQNO><a xmlns="http://www.w3.org/1999/xhtml" style="color: blue; margin-left: -2em;">&lt;<span 
style="color: rgb(153, 0, 0);">SEQNO</span>&gt;</a>13<span xmlns="http://www.w3.org/1999/xhtml" 
style="color: blue;">&lt;/<span 
style="color: rgb(153, 0, 0);">SEQNO</span>&gt;</span></SEQNO>　　　　　　<LEVEL><a 
xmlns="http://www.w3.org/1999/xhtml" 
style="color: blue; margin-left: -2em;">&lt;<span 
style="color: rgb(153, 0, 0);">LEVEL</span>&gt;</a>3<span xmlns="http://www.w3.org/1999/xhtml" 
style="color: blue;">&lt;/<span 
style="color: rgb(153, 0, 0);">LEVEL</span>&gt;</span></LEVEL>　　　　　　<BOLD><a 
xmlns="http://www.w3.org/1999/xhtml" 
style="color: blue; margin-left: -2em;">&lt;<span 
style="color: rgb(153, 0, 0);">BOLD</span>&gt;</a>0<span xmlns="http://www.w3.org/1999/xhtml" 
style="color: blue;">&lt;/<span 
style="color: rgb(153, 0, 0);">BOLD</span>&gt;</span></BOLD>　　　　　　<項目><a xmlns="http://www.w3.org/1999/xhtml" 
style="color: blue; margin-left: -2em;">&lt;<span 
style="color: rgb(153, 0, 0);">項目</span>&gt;</a>增加其他資產<span xmlns="http://www.w3.org/1999/xhtml" 
style="color: blue;">&lt;/<span 
style="color: rgb(153, 0, 0);">項目</span>&gt;</span></項目>　　　　　　<本年度預算數><a xmlns="http://www.w3.org/1999/xhtml" 
style="color: blue; margin-left: -2em;">&lt;<span 
style="color: rgb(153, 0, 0);">本年度預算數</span>&gt;</a>0<span xmlns="http://www.w3.org/1999/xhtml" 
style="color: blue;">&lt;/<span 
style="color: rgb(153, 0, 0);">本年度預算數</span>&gt;</span></本年度預算數>　　　　<span 
xmlns="http://www.w3.org/1999/xhtml" class="block" style="color: blue; margin-left: -2em;">&lt;/<span 
style="color: rgb(153, 0, 0);">ROW</span>&gt;</span></ROW>　　　　<ROW><a xmlns="http://www.w3.org/1999/xhtml" 
class="collapse" style="color: blue; margin-left: -2em; position: relative;" 
href="#">&lt;<span style="color: rgb(153, 0, 0);">ROW</span>&gt;</a>
　　　　　　<SEQNO><a xmlns="http://www.w3.org/1999/xhtml" style="color: blue; margin-left: -2em;">&lt;<span 
style="color: rgb(153, 0, 0);">SEQNO</span>&gt;</a>14<span xmlns="http://www.w3.org/1999/xhtml" 
style="color: blue;">&lt;/<span 
style="color: rgb(153, 0, 0);">SEQNO</span>&gt;</span></SEQNO>　　　　　　<LEVEL><a 
xmlns="http://www.w3.org/1999/xhtml" 
style="color: blue; margin-left: -2em;">&lt;<span 
style="color: rgb(153, 0, 0);">LEVEL</span>&gt;</a>3<span xmlns="http://www.w3.org/1999/xhtml" 
style="color: blue;">&lt;/<span 
style="color: rgb(153, 0, 0);">LEVEL</span>&gt;</span></LEVEL>　　　　　　<BOLD><a 
xmlns="http://www.w3.org/1999/xhtml" 
style="color: blue; margin-left: -2em;">&lt;<span 
style="color: rgb(153, 0, 0);">BOLD</span>&gt;</a>0<span xmlns="http://www.w3.org/1999/xhtml" 
style="color: blue;">&lt;/<span 
style="color: rgb(153, 0, 0);">BOLD</span>&gt;</span></BOLD>　　　　　　<項目><a xmlns="http://www.w3.org/1999/xhtml" 
style="color: blue; margin-left: -2em;">&lt;<span 
style="color: rgb(153, 0, 0);">項目</span>&gt;</a>減少短期債務及其他負債<span xmlns="http://www.w3.org/1999/xhtml" 
style="color: blue;">&lt;/<span 
style="color: rgb(153, 0, 0);">項目</span>&gt;</span></項目>　　　　　　<本年度預算數><a xmlns="http://www.w3.org/1999/xhtml" 
style="color: blue; margin-left: -2em;">&lt;<span 
style="color: rgb(153, 0, 0);">本年度預算數</span>&gt;</a>0<span xmlns="http://www.w3.org/1999/xhtml" 
style="color: blue;">&lt;/<span 
style="color: rgb(153, 0, 0);">本年度預算數</span>&gt;</span></本年度預算數>　　　　<span 
xmlns="http://www.w3.org/1999/xhtml" class="block" style="color: blue; margin-left: -2em;">&lt;/<span 
style="color: rgb(153, 0, 0);">ROW</span>&gt;</span></ROW>　　　　<ROW><a xmlns="http://www.w3.org/1999/xhtml" 
class="collapse" style="color: blue; margin-left: -2em; position: relative;" 
href="#">&lt;<span style="color: rgb(153, 0, 0);">ROW</span>&gt;</a>
　　　　　　<SEQNO><a xmlns="http://www.w3.org/1999/xhtml" style="color: blue; margin-left: -2em;">&lt;<span 
style="color: rgb(153, 0, 0);">SEQNO</span>&gt;</a>15<span xmlns="http://www.w3.org/1999/xhtml" 
style="color: blue;">&lt;/<span 
style="color: rgb(153, 0, 0);">SEQNO</span>&gt;</span></SEQNO>　　　　　　<LEVEL><a 
xmlns="http://www.w3.org/1999/xhtml" 
style="color: blue; margin-left: -2em;">&lt;<span 
style="color: rgb(153, 0, 0);">LEVEL</span>&gt;</a>3<span xmlns="http://www.w3.org/1999/xhtml" 
style="color: blue;">&lt;/<span 
style="color: rgb(153, 0, 0);">LEVEL</span>&gt;</span></LEVEL>　　　　　　<BOLD><a 
xmlns="http://www.w3.org/1999/xhtml" 
style="color: blue; margin-left: -2em;">&lt;<span 
style="color: rgb(153, 0, 0);">BOLD</span>&gt;</a>0<span xmlns="http://www.w3.org/1999/xhtml" 
style="color: blue;">&lt;/<span 
style="color: rgb(153, 0, 0);">BOLD</span>&gt;</span></BOLD>　　　　　　<項目><a xmlns="http://www.w3.org/1999/xhtml" 
style="color: blue; margin-left: -2em;">&lt;<span 
style="color: rgb(153, 0, 0);">項目</span>&gt;</a>其他項目之現金流出<span xmlns="http://www.w3.org/1999/xhtml" 
style="color: blue;">&lt;/<span 
style="color: rgb(153, 0, 0);">項目</span>&gt;</span></項目>　　　　　　<本年度預算數><a xmlns="http://www.w3.org/1999/xhtml" 
style="color: blue; margin-left: -2em;">&lt;<span 
style="color: rgb(153, 0, 0);">本年度預算數</span>&gt;</a>0<span xmlns="http://www.w3.org/1999/xhtml" 
style="color: blue;">&lt;/<span 
style="color: rgb(153, 0, 0);">本年度預算數</span>&gt;</span></本年度預算數>　　　　<span 
xmlns="http://www.w3.org/1999/xhtml" class="block" style="color: blue; margin-left: -2em;">&lt;/<span 
style="color: rgb(153, 0, 0);">ROW</span>&gt;</span></ROW>　　　　<ROW><a xmlns="http://www.w3.org/1999/xhtml" 
class="collapse" style="color: blue; margin-left: -2em; position: relative;" 
href="#">&lt;<span style="color: rgb(153, 0, 0);">ROW</span>&gt;</a>
　　　　　　<SEQNO><a xmlns="http://www.w3.org/1999/xhtml" style="color: blue; margin-left: -2em;">&lt;<span 
style="color: rgb(153, 0, 0);">SEQNO</span>&gt;</a>16<span xmlns="http://www.w3.org/1999/xhtml" 
style="color: blue;">&lt;/<span 
style="color: rgb(153, 0, 0);">SEQNO</span>&gt;</span></SEQNO>　　　　　　<LEVEL><a 
xmlns="http://www.w3.org/1999/xhtml" 
style="color: blue; margin-left: -2em;">&lt;<span 
style="color: rgb(153, 0, 0);">LEVEL</span>&gt;</a>3<span xmlns="http://www.w3.org/1999/xhtml" 
style="color: blue;">&lt;/<span 
style="color: rgb(153, 0, 0);">LEVEL</span>&gt;</span></LEVEL>　　　　　　<BOLD><a 
xmlns="http://www.w3.org/1999/xhtml" 
style="color: blue; margin-left: -2em;">&lt;<span 
style="color: rgb(153, 0, 0);">BOLD</span>&gt;</a>1<span xmlns="http://www.w3.org/1999/xhtml" 
style="color: blue;">&lt;/<span 
style="color: rgb(153, 0, 0);">BOLD</span>&gt;</span></BOLD>　　　　　　<項目><a xmlns="http://www.w3.org/1999/xhtml" 
style="color: blue; margin-left: -2em;">&lt;<span 
style="color: rgb(153, 0, 0);">項目</span>&gt;</a>其他活動之淨現金流入(流出－)<span xmlns="http://www.w3.org/1999/xhtml" 
style="color: blue;">&lt;/<span 
style="color: rgb(153, 0, 0);">項目</span>&gt;</span></項目>　　　　　　<本年度預算數><a xmlns="http://www.w3.org/1999/xhtml" 
style="color: blue; margin-left: -2em;">&lt;<span 
style="color: rgb(153, 0, 0);">本年度預算數</span>&gt;</a>0<span xmlns="http://www.w3.org/1999/xhtml" 
style="color: blue;">&lt;/<span 
style="color: rgb(153, 0, 0);">本年度預算數</span>&gt;</span></本年度預算數>　　　　<span 
xmlns="http://www.w3.org/1999/xhtml" class="block" style="color: blue; margin-left: -2em;">&lt;/<span 
style="color: rgb(153, 0, 0);">ROW</span>&gt;</span></ROW>　　　　<ROW><a xmlns="http://www.w3.org/1999/xhtml" 
class="collapse" style="color: blue; margin-left: -2em; position: relative;" 
href="#">&lt;<span style="color: rgb(153, 0, 0);">ROW</span>&gt;</a>
　　　　　　<SEQNO><a xmlns="http://www.w3.org/1999/xhtml" style="color: blue; margin-left: -2em;">&lt;<span 
style="color: rgb(153, 0, 0);">SEQNO</span>&gt;</a>17<span xmlns="http://www.w3.org/1999/xhtml" 
style="color: blue;">&lt;/<span 
style="color: rgb(153, 0, 0);">SEQNO</span>&gt;</span></SEQNO>　　　　　　<LEVEL><a 
xmlns="http://www.w3.org/1999/xhtml" 
style="color: blue; margin-left: -2em;">&lt;<span 
style="color: rgb(153, 0, 0);">LEVEL</span>&gt;</a>2<span xmlns="http://www.w3.org/1999/xhtml" 
style="color: blue;">&lt;/<span 
style="color: rgb(153, 0, 0);">LEVEL</span>&gt;</span></LEVEL>　　　　　　<BOLD><a 
xmlns="http://www.w3.org/1999/xhtml" 
style="color: blue; margin-left: -2em;">&lt;<span 
style="color: rgb(153, 0, 0);">BOLD</span>&gt;</a>1<span xmlns="http://www.w3.org/1999/xhtml" 
style="color: blue;">&lt;/<span 
style="color: rgb(153, 0, 0);">BOLD</span>&gt;</span></BOLD>　　　　　　<項目><a xmlns="http://www.w3.org/1999/xhtml" 
style="color: blue; margin-left: -2em;">&lt;<span 
style="color: rgb(153, 0, 0);">項目</span>&gt;</a>現金及約當現金之淨增(淨減－)<span xmlns="http://www.w3.org/1999/xhtml" 
style="color: blue;">&lt;/<span 
style="color: rgb(153, 0, 0);">項目</span>&gt;</span></項目>　　　　　　<本年度預算數><a xmlns="http://www.w3.org/1999/xhtml" 
style="color: blue; margin-left: -2em;">&lt;<span 
style="color: rgb(153, 0, 0);">本年度預算數</span>&gt;</a>3976<span xmlns="http://www.w3.org/1999/xhtml" 
style="color: blue;">&lt;/<span 
style="color: rgb(153, 0, 0);">本年度預算數</span>&gt;</span></本年度預算數>　　　　<span 
xmlns="http://www.w3.org/1999/xhtml" class="block" style="color: blue; margin-left: -2em;">&lt;/<span 
style="color: rgb(153, 0, 0);">ROW</span>&gt;</span></ROW>　　　　<ROW><a xmlns="http://www.w3.org/1999/xhtml" 
class="collapse" style="color: blue; margin-left: -2em; position: relative;" 
href="#">&lt;<span style="color: rgb(153, 0, 0);">ROW</span>&gt;</a>
　　　　　　<SEQNO><a xmlns="http://www.w3.org/1999/xhtml" style="color: blue; margin-left: -2em;">&lt;<span 
style="color: rgb(153, 0, 0);">SEQNO</span>&gt;</a>18<span xmlns="http://www.w3.org/1999/xhtml" 
style="color: blue;">&lt;/<span 
style="color: rgb(153, 0, 0);">SEQNO</span>&gt;</span></SEQNO>　　　　　　<LEVEL><a 
xmlns="http://www.w3.org/1999/xhtml" 
style="color: blue; margin-left: -2em;">&lt;<span 
style="color: rgb(153, 0, 0);">LEVEL</span>&gt;</a>2<span xmlns="http://www.w3.org/1999/xhtml" 
style="color: blue;">&lt;/<span 
style="color: rgb(153, 0, 0);">LEVEL</span>&gt;</span></LEVEL>　　　　　　<BOLD><a 
xmlns="http://www.w3.org/1999/xhtml" 
style="color: blue; margin-left: -2em;">&lt;<span 
style="color: rgb(153, 0, 0);">BOLD</span>&gt;</a>1<span xmlns="http://www.w3.org/1999/xhtml" 
style="color: blue;">&lt;/<span 
style="color: rgb(153, 0, 0);">BOLD</span>&gt;</span></BOLD>　　　　　　<項目><a xmlns="http://www.w3.org/1999/xhtml" 
style="color: blue; margin-left: -2em;">&lt;<span 
style="color: rgb(153, 0, 0);">項目</span>&gt;</a>期初現金及約當現金<span xmlns="http://www.w3.org/1999/xhtml" 
style="color: blue;">&lt;/<span 
style="color: rgb(153, 0, 0);">項目</span>&gt;</span></項目>　　　　　　<本年度預算數><a xmlns="http://www.w3.org/1999/xhtml" 
style="color: blue; margin-left: -2em;">&lt;<span 
style="color: rgb(153, 0, 0);">本年度預算數</span>&gt;</a>330201<span xmlns="http://www.w3.org/1999/xhtml" 
style="color: blue;">&lt;/<span 
style="color: rgb(153, 0, 0);">本年度預算數</span>&gt;</span></本年度預算數>　　　　<span 
xmlns="http://www.w3.org/1999/xhtml" class="block" style="color: blue; margin-left: -2em;">&lt;/<span 
style="color: rgb(153, 0, 0);">ROW</span>&gt;</span></ROW>　　　　<ROW><a xmlns="http://www.w3.org/1999/xhtml" 
class="collapse" style="color: blue; margin-left: -2em; position: relative;" 
href="#">&lt;<span style="color: rgb(153, 0, 0);">ROW</span>&gt;</a>
　　　　　　<SEQNO><a xmlns="http://www.w3.org/1999/xhtml" style="color: blue; margin-left: -2em;">&lt;<span 
style="color: rgb(153, 0, 0);">SEQNO</span>&gt;</a>19<span xmlns="http://www.w3.org/1999/xhtml" 
style="color: blue;">&lt;/<span 
style="color: rgb(153, 0, 0);">SEQNO</span>&gt;</span></SEQNO>　　　　　　<LEVEL><a 
xmlns="http://www.w3.org/1999/xhtml" 
style="color: blue; margin-left: -2em;">&lt;<span 
style="color: rgb(153, 0, 0);">LEVEL</span>&gt;</a>2<span xmlns="http://www.w3.org/1999/xhtml" 
style="color: blue;">&lt;/<span 
style="color: rgb(153, 0, 0);">LEVEL</span>&gt;</span></LEVEL>　　　　　　<BOLD><a 
xmlns="http://www.w3.org/1999/xhtml" 
style="color: blue; margin-left: -2em;">&lt;<span 
style="color: rgb(153, 0, 0);">BOLD</span>&gt;</a>1<span xmlns="http://www.w3.org/1999/xhtml" 
style="color: blue;">&lt;/<span 
style="color: rgb(153, 0, 0);">BOLD</span>&gt;</span></BOLD>　　　　　　<項目><a xmlns="http://www.w3.org/1999/xhtml" 
style="color: blue; margin-left: -2em;">&lt;<span 
style="color: rgb(153, 0, 0);">項目</span>&gt;</a>期末現金及約當現金<span xmlns="http://www.w3.org/1999/xhtml" 
style="color: blue;">&lt;/<span 
style="color: rgb(153, 0, 0);">項目</span>&gt;</span></項目>　　　　　　<本年度預算數><a xmlns="http://www.w3.org/1999/xhtml" 
style="color: blue; margin-left: -2em;">&lt;<span 
style="color: rgb(153, 0, 0);">本年度預算數</span>&gt;</a>334177<span xmlns="http://www.w3.org/1999/xhtml" 
style="color: blue;">&lt;/<span 
style="color: rgb(153, 0, 0);">本年度預算數</span>&gt;</span></本年度預算數>　　　　<span 
xmlns="http://www.w3.org/1999/xhtml" class="block" style="color: blue; margin-left: -2em;">&lt;/<span 
style="color: rgb(153, 0, 0);">ROW</span>&gt;</span></ROW>　　<span xmlns="http://www.w3.org/1999/xhtml" 
class="block" style="color: blue; margin-left: -2em;">&lt;/<span style="color: rgb(153, 0, 0);">DataSet</span>&gt;</span></DataSet><span 
xmlns="http://www.w3.org/1999/xhtml" class="block" style="color: blue; margin-left: -2em;">&lt;/<span 
style="color: rgb(153, 0, 0);">GenericData</span>&gt;</span></GenericData>
