﻿<?xml version="1.0" encoding="UTF-8"?>
<DataCollection>
<Data>
<項目>基金來源</項目>
<本年度預算數金額>672513390</本年度預算數金額>
<本年度預算數百分比>100</本年度預算數百分比>
<上年度預算數金額>634743011</上年度預算數金額>
<上年度預算數百分比>100</上年度預算數百分比>
<前年度決算數金額>580448063</前年度決算數金額>
<前年度決算數百分比>100</前年度決算數百分比>
<本年度與上年度預
算數比較增減金額>37770379</本年度與上年度預
算數比較增減金額>
<本年度與上年度預
算數比較增減百分比>5.95</本年度與上年度預
算數比較增減百分比>
</Data>
<Data>
<項目>　徵收收入</項目>
<本年度預算數金額>0</本年度預算數金額>
<本年度預算數百分比>0</本年度預算數百分比>
<上年度預算數金額>0</上年度預算數金額>
<上年度預算數百分比>0</上年度預算數百分比>
<前年度決算數金額>0</前年度決算數金額>
<前年度決算數百分比>0</前年度決算數百分比>
<本年度與上年度預
算數比較增減金額>0</本年度與上年度預
算數比較增減金額>
<本年度與上年度預
算數比較增減百分比>0</本年度與上年度預
算數比較增減百分比>
</Data>
<Data>
<項目>　債務收入</項目>
<本年度預算數金額>672503899</本年度預算數金額>
<本年度預算數百分比>100</本年度預算數百分比>
<上年度預算數金額>634735835</上年度預算數金額>
<上年度預算數百分比>100</上年度預算數百分比>
<前年度決算數金額>580425200</前年度決算數金額>
<前年度決算數百分比>100</前年度決算數百分比>
<本年度與上年度預
算數比較增減金額>37768064</本年度與上年度預
算數比較增減金額>
<本年度與上年度預
算數比較增減百分比>5.95</本年度與上年度預
算數比較增減百分比>
</Data>
<Data>
<項目>　勞務收入</項目>
<本年度預算數金額>0</本年度預算數金額>
<本年度預算數百分比>0</本年度預算數百分比>
<上年度預算數金額>0</上年度預算數金額>
<上年度預算數百分比>0</上年度預算數百分比>
<前年度決算數金額>0</前年度決算數金額>
<前年度決算數百分比>0</前年度決算數百分比>
<本年度與上年度預
算數比較增減金額>0</本年度與上年度預
算數比較增減金額>
<本年度與上年度預
算數比較增減百分比>0</本年度與上年度預
算數比較增減百分比>
</Data>
<Data>
<項目>　農政收入</項目>
<本年度預算數金額>0</本年度預算數金額>
<本年度預算數百分比>0</本年度預算數百分比>
<上年度預算數金額>0</上年度預算數金額>
<上年度預算數百分比>0</上年度預算數百分比>
<前年度決算數金額>0</前年度決算數金額>
<前年度決算數百分比>0</前年度決算數百分比>
<本年度與上年度預
算數比較增減金額>0</本年度與上年度預
算數比較增減金額>
<本年度與上年度預
算數比較增減百分比>0</本年度與上年度預
算數比較增減百分比>
</Data>
<Data>
<項目>　財產收入</項目>
<本年度預算數金額>9491</本年度預算數金額>
<本年度預算數百分比>0</本年度預算數百分比>
<上年度預算數金額>7176</上年度預算數金額>
<上年度預算數百分比>0</上年度預算數百分比>
<前年度決算數金額>19368</前年度決算數金額>
<前年度決算數百分比>0</前年度決算數百分比>
<本年度與上年度預
算數比較增減金額>2315</本年度與上年度預
算數比較增減金額>
<本年度與上年度預
算數比較增減百分比>32.26</本年度與上年度預
算數比較增減百分比>
</Data>
<Data>
<項目>　政府撥入收入</項目>
<本年度預算數金額>0</本年度預算數金額>
<本年度預算數百分比>0</本年度預算數百分比>
<上年度預算數金額>0</上年度預算數金額>
<上年度預算數百分比>0</上年度預算數百分比>
<前年度決算數金額>0</前年度決算數金額>
<前年度決算數百分比>0</前年度決算數百分比>
<本年度與上年度預
算數比較增減金額>0</本年度與上年度預
算數比較增減金額>
<本年度與上年度預
算數比較增減百分比>0</本年度與上年度預
算數比較增減百分比>
</Data>
<Data>
<項目>　其他收入</項目>
<本年度預算數金額>0</本年度預算數金額>
<本年度預算數百分比>0</本年度預算數百分比>
<上年度預算數金額>0</上年度預算數金額>
<上年度預算數百分比>0</上年度預算數百分比>
<前年度決算數金額>3495</前年度決算數金額>
<前年度決算數百分比>0</前年度決算數百分比>
<本年度與上年度預
算數比較增減金額>0</本年度與上年度預
算數比較增減金額>
<本年度與上年度預
算數比較增減百分比>0</本年度與上年度預
算數比較增減百分比>
</Data>
<Data>
<項目>基金用途</項目>
<本年度預算數金額>672504550</本年度預算數金額>
<本年度預算數百分比>100</本年度預算數百分比>
<上年度預算數金額>634736617</上年度預算數金額>
<上年度預算數百分比>100</上年度預算數百分比>
<前年度決算數金額>580427316</前年度決算數金額>
<前年度決算數百分比>100</前年度決算數百分比>
<本年度與上年度預
算數比較增減金額>37767933</本年度與上年度預
算數比較增減金額>
<本年度與上年度預
算數比較增減百分比>5.95</本年度與上年度預
算數比較增減百分比>
</Data>
<Data>
<項目>　還本付息計畫</項目>
<本年度預算數金額>672503899</本年度預算數金額>
<本年度預算數百分比>100</本年度預算數百分比>
<上年度預算數金額>634735835</上年度預算數金額>
<上年度預算數百分比>100</上年度預算數百分比>
<前年度決算數金額>580426550</前年度決算數金額>
<前年度決算數百分比>100</前年度決算數百分比>
<本年度與上年度預
算數比較增減金額>37768064</本年度與上年度預
算數比較增減金額>
<本年度與上年度預
算數比較增減百分比>5.95</本年度與上年度預
算數比較增減百分比>
</Data>
<Data>
<項目>　一般行政管理計畫</項目>
<本年度預算數金額>651</本年度預算數金額>
<本年度預算數百分比>0</本年度預算數百分比>
<上年度預算數金額>782</上年度預算數金額>
<上年度預算數百分比>0</上年度預算數百分比>
<前年度決算數金額>766</前年度決算數金額>
<前年度決算數百分比>0</前年度決算數百分比>
<本年度與上年度預
算數比較增減金額>-131</本年度與上年度預
算數比較增減金額>
<本年度與上年度預
算數比較增減百分比>16.75</本年度與上年度預
算數比較增減百分比>
</Data>
<Data>
<項目>本期賸餘（短絀－）</項目>
<本年度預算數金額>8840</本年度預算數金額>
<本年度預算數百分比>0</本年度預算數百分比>
<上年度預算數金額>6394</上年度預算數金額>
<上年度預算數百分比>0</上年度預算數百分比>
<前年度決算數金額>20747</前年度決算數金額>
<前年度決算數百分比>0</前年度決算數百分比>
<本年度與上年度預
算數比較增減金額>2446</本年度與上年度預
算數比較增減金額>
<本年度與上年度預
算數比較增減百分比>38.25</本年度與上年度預
算數比較增減百分比>
</Data>
<Data>
<項目>期初累積賸餘（短絀－）</項目>
<本年度預算數金額>379354</本年度預算數金額>
<本年度預算數百分比></本年度預算數百分比>
<上年度預算數金額>358784</上年度預算數金額>
<上年度預算數百分比></上年度預算數百分比>
<前年度決算數金額>352495</前年度決算數金額>
<前年度決算數百分比></前年度決算數百分比>
<本年度與上年度預
算數比較增減金額></本年度與上年度預
算數比較增減金額>
<本年度與上年度預
算數比較增減百分比></本年度與上年度預
算數比較增減百分比>
</Data>
<Data>
<項目>期末累積賸餘（短絀－）</項目>
<本年度預算數金額>388194</本年度預算數金額>
<本年度預算數百分比></本年度預算數百分比>
<上年度預算數金額>365178</上年度預算數金額>
<上年度預算數百分比></上年度預算數百分比>
<前年度決算數金額>373242</前年度決算數金額>
<前年度決算數百分比></前年度決算數百分比>
<本年度與上年度預
算數比較增減金額></本年度與上年度預
算數比較增減金額>
<本年度與上年度預
算數比較增減百分比></本年度與上年度預
算數比較增減百分比>
</Data>
</DataCollection>
