<?xml version="1.0" encoding="UTF-8"?>
<tables>
    <BCME3450>
        <BCME3450_row>
            <objectNo>合計</objectNo>
            <budgetno_3523174100>372267.00</budgetno_3523174100>
            <total>372267.00</total>
        </BCME3450_row>
        <BCME3450_row>
            <objectNo>0100 人事費</objectNo>
            <budgetno_3523174100>342515.00</budgetno_3523174100>
            <total>342515.00</total>
        </BCME3450_row>
        <BCME3450_row>
            <objectNo>  0103 法定編制人員待遇</objectNo>
            <budgetno_3523174100>209269.00</budgetno_3523174100>
            <total>209269.00</total>
        </BCME3450_row>
        <BCME3450_row>
            <objectNo>  0104 約聘僱人員待遇</objectNo>
            <budgetno_3523174100>10783.00</budgetno_3523174100>
            <total>10783.00</total>
        </BCME3450_row>
        <BCME3450_row>
            <objectNo>  0105 技工及工友待遇</objectNo>
            <budgetno_3523174100>4502.00</budgetno_3523174100>
            <total>4502.00</total>
        </BCME3450_row>
        <BCME3450_row>
            <objectNo>  0111 獎金</objectNo>
            <budgetno_3523174100>45236.00</budgetno_3523174100>
            <total>45236.00</total>
        </BCME3450_row>
        <BCME3450_row>
            <objectNo>  0121 其他給與</objectNo>
            <budgetno_3523174100>3386.00</budgetno_3523174100>
            <total>3386.00</total>
        </BCME3450_row>
        <BCME3450_row>
            <objectNo>  0131 加班值班費</objectNo>
            <budgetno_3523174100>26995.00</budgetno_3523174100>
            <total>26995.00</total>
        </BCME3450_row>
        <BCME3450_row>
            <objectNo>  0143 退休離職儲金</objectNo>
            <budgetno_3523174100>21518.00</budgetno_3523174100>
            <total>21518.00</total>
        </BCME3450_row>
        <BCME3450_row>
            <objectNo>  0151 保險</objectNo>
            <budgetno_3523174100>20826.00</budgetno_3523174100>
            <total>20826.00</total>
        </BCME3450_row>
        <BCME3450_row>
            <objectNo>0200 業務費</objectNo>
            <budgetno_3523174100>26513.00</budgetno_3523174100>
            <total>26513.00</total>
        </BCME3450_row>
        <BCME3450_row>
            <objectNo>  0201 教育訓練費</objectNo>
            <budgetno_3523174100>824.00</budgetno_3523174100>
            <total>824.00</total>
        </BCME3450_row>
        <BCME3450_row>
            <objectNo>  0202 水電費</objectNo>
            <budgetno_3523174100>5800.00</budgetno_3523174100>
            <total>5800.00</total>
        </BCME3450_row>
        <BCME3450_row>
            <objectNo>  0203 通訊費</objectNo>
            <budgetno_3523174100>830.00</budgetno_3523174100>
            <total>830.00</total>
        </BCME3450_row>
        <BCME3450_row>
            <objectNo>  0215 資訊服務費</objectNo>
            <budgetno_3523174100>270.00</budgetno_3523174100>
            <total>270.00</total>
        </BCME3450_row>
        <BCME3450_row>
            <objectNo>  0221 稅捐及規費</objectNo>
            <budgetno_3523174100>143.00</budgetno_3523174100>
            <total>143.00</total>
        </BCME3450_row>
        <BCME3450_row>
            <objectNo>  0231 保險費</objectNo>
            <budgetno_3523174100>138.00</budgetno_3523174100>
            <total>138.00</total>
        </BCME3450_row>
        <BCME3450_row>
            <objectNo>  0241 兼職費</objectNo>
            <budgetno_3523174100>414.00</budgetno_3523174100>
            <total>414.00</total>
        </BCME3450_row>
        <BCME3450_row>
            <objectNo>  0250 按日按件計資酬金</objectNo>
            <budgetno_3523174100>1065.00</budgetno_3523174100>
            <total>1065.00</total>
        </BCME3450_row>
        <BCME3450_row>
            <objectNo>  0262 國內組織會費</objectNo>
            <budgetno_3523174100>24.00</budgetno_3523174100>
            <total>24.00</total>
        </BCME3450_row>
        <BCME3450_row>
            <objectNo>  0271 物品</objectNo>
            <budgetno_3523174100>6260.00</budgetno_3523174100>
            <total>6260.00</total>
        </BCME3450_row>
        <BCME3450_row>
            <objectNo>  0279 一般事務費</objectNo>
            <budgetno_3523174100>6943.00</budgetno_3523174100>
            <total>6943.00</total>
        </BCME3450_row>
        <BCME3450_row>
            <objectNo>  0282 房屋建築養護費</objectNo>
            <budgetno_3523174100>1904.00</budgetno_3523174100>
            <total>1904.00</total>
        </BCME3450_row>
        <BCME3450_row>
            <objectNo>  0283 車輛及辦公器具養護費</objectNo>
            <budgetno_3523174100>827.00</budgetno_3523174100>
            <total>827.00</total>
        </BCME3450_row>
        <BCME3450_row>
            <objectNo>  0284 設施及機械設備養護費</objectNo>
            <budgetno_3523174100>400.00</budgetno_3523174100>
            <total>400.00</total>
        </BCME3450_row>
        <BCME3450_row>
            <objectNo>  0291 國內旅費</objectNo>
            <budgetno_3523174100>500.00</budgetno_3523174100>
            <total>500.00</total>
        </BCME3450_row>
        <BCME3450_row>
            <objectNo>  0294 運費</objectNo>
            <budgetno_3523174100>50.00</budgetno_3523174100>
            <total>50.00</total>
        </BCME3450_row>
        <BCME3450_row>
            <objectNo>  0299 特別費</objectNo>
            <budgetno_3523174100>121.00</budgetno_3523174100>
            <total>121.00</total>
        </BCME3450_row>
        <BCME3450_row>
            <objectNo>0300 設備及投資</objectNo>
            <budgetno_3523174100>2753.00</budgetno_3523174100>
            <total>2753.00</total>
        </BCME3450_row>
        <BCME3450_row>
            <objectNo>  0319 雜項設備費</objectNo>
            <budgetno_3523174100>2753.00</budgetno_3523174100>
            <total>2753.00</total>
        </BCME3450_row>
        <BCME3450_row>
            <objectNo>0400 獎補助費</objectNo>
            <budgetno_3523174100>486.00</budgetno_3523174100>
            <total>486.00</total>
        </BCME3450_row>
        <BCME3450_row>
            <objectNo>  0475 獎勵及慰問</objectNo>
            <budgetno_3523174100>486.00</budgetno_3523174100>
            <total>486.00</total>
        </BCME3450_row>
    </BCME3450>
</tables>
