<?xml version="1.0" encoding="UTF-8"?>
<tables>
    <BCTDBUDGETDETAIL>
        <BCTDBUDGETDETAIL_row>
            <ba_fiscalyear>105</ba_fiscalyear>
            <ba_fundkind>1</ba_fundkind>
            <ba_budgetkind>1</ba_budgetkind>
            <ba_specialbudgetno/>
            <ba_agenno>23017080</ba_agenno>
            <ba_agentype>C</ba_agentype>
            <ba_budgetstate>2</ba_budgetstate>
            <ba_versiondate/>
            <ba_budgetyear>105</ba_budgetyear>
            <ba_budgetno>35230174100</ba_budgetno>
            <ba_subprojectno>01</ba_subprojectno>
            <ba_departno>82</ba_departno>
            <ba_objectno>0103</ba_objectno>
            <ba_budgettype>E</ba_budgettype>
            <ba_budgetsource>1</ba_budgetsource>
            <ba_mergetype>1</ba_mergetype>
            <ba_budgetamt>48597000.00</ba_budgetamt>
            <ba_flowflag/>
            <ba_signflag/>
            <ba_signno/>
            <ba_key>11  </ba_key>
        </BCTDBUDGETDETAIL_row>
        <BCTDBUDGETDETAIL_row>
            <ba_fiscalyear>105</ba_fiscalyear>
            <ba_fundkind>1</ba_fundkind>
            <ba_budgetkind>1</ba_budgetkind>
            <ba_specialbudgetno/>
            <ba_agenno>23017080</ba_agenno>
            <ba_agentype>C</ba_agentype>
            <ba_budgetstate>2</ba_budgetstate>
            <ba_versiondate/>
            <ba_budgetyear>105</ba_budgetyear>
            <ba_budgetno>35230174100</ba_budgetno>
            <ba_subprojectno>01</ba_subprojectno>
            <ba_departno>82</ba_departno>
            <ba_objectno>0104</ba_objectno>
            <ba_budgettype>E</ba_budgettype>
            <ba_budgetsource>1</ba_budgetsource>
            <ba_mergetype>1</ba_mergetype>
            <ba_budgetamt>26745000.00</ba_budgetamt>
            <ba_flowflag/>
            <ba_signflag/>
            <ba_signno/>
            <ba_key>11  </ba_key>
        </BCTDBUDGETDETAIL_row>
        <BCTDBUDGETDETAIL_row>
            <ba_fiscalyear>105</ba_fiscalyear>
            <ba_fundkind>1</ba_fundkind>
            <ba_budgetkind>1</ba_budgetkind>
            <ba_specialbudgetno/>
            <ba_agenno>23017080</ba_agenno>
            <ba_agentype>C</ba_agentype>
            <ba_budgetstate>2</ba_budgetstate>
            <ba_versiondate/>
            <ba_budgetyear>105</ba_budgetyear>
            <ba_budgetno>35230174100</ba_budgetno>
            <ba_subprojectno>01</ba_subprojectno>
            <ba_departno>82</ba_departno>
            <ba_objectno>0111</ba_objectno>
            <ba_budgettype>E</ba_budgettype>
            <ba_budgetsource>1</ba_budgetsource>
            <ba_mergetype>1</ba_mergetype>
            <ba_budgetamt>11239000.00</ba_budgetamt>
            <ba_flowflag/>
            <ba_signflag/>
            <ba_signno/>
            <ba_key>11  </ba_key>
        </BCTDBUDGETDETAIL_row>
        <BCTDBUDGETDETAIL_row>
            <ba_fiscalyear>105</ba_fiscalyear>
            <ba_fundkind>1</ba_fundkind>
            <ba_budgetkind>1</ba_budgetkind>
            <ba_specialbudgetno/>
            <ba_agenno>23017080</ba_agenno>
            <ba_agentype>C</ba_agentype>
            <ba_budgetstate>2</ba_budgetstate>
            <ba_versiondate/>
            <ba_budgetyear>105</ba_budgetyear>
            <ba_budgetno>35230174100</ba_budgetno>
            <ba_subprojectno>01</ba_subprojectno>
            <ba_departno>82</ba_departno>
            <ba_objectno>0121</ba_objectno>
            <ba_budgettype>E</ba_budgettype>
            <ba_budgetsource>1</ba_budgetsource>
            <ba_mergetype>1</ba_mergetype>
            <ba_budgetamt>1102000.00</ba_budgetamt>
            <ba_flowflag/>
            <ba_signflag/>
            <ba_signno/>
            <ba_key>11  </ba_key>
        </BCTDBUDGETDETAIL_row>
        <BCTDBUDGETDETAIL_row>
            <ba_fiscalyear>105</ba_fiscalyear>
            <ba_fundkind>1</ba_fundkind>
            <ba_budgetkind>1</ba_budgetkind>
            <ba_specialbudgetno/>
            <ba_agenno>23017080</ba_agenno>
            <ba_agentype>C</ba_agentype>
            <ba_budgetstate>2</ba_budgetstate>
            <ba_versiondate/>
            <ba_budgetyear>105</ba_budgetyear>
            <ba_budgetno>35230174100</ba_budgetno>
            <ba_subprojectno>01</ba_subprojectno>
            <ba_departno>82</ba_departno>
            <ba_objectno>0131</ba_objectno>
            <ba_budgettype>E</ba_budgettype>
            <ba_budgetsource>1</ba_budgetsource>
            <ba_mergetype>1</ba_mergetype>
            <ba_budgetamt>9421000.00</ba_budgetamt>
            <ba_flowflag/>
            <ba_signflag/>
            <ba_signno/>
            <ba_key>11  </ba_key>
        </BCTDBUDGETDETAIL_row>
        <BCTDBUDGETDETAIL_row>
            <ba_fiscalyear>105</ba_fiscalyear>
            <ba_fundkind>1</ba_fundkind>
            <ba_budgetkind>1</ba_budgetkind>
            <ba_specialbudgetno/>
            <ba_agenno>23017080</ba_agenno>
            <ba_agentype>C</ba_agentype>
            <ba_budgetstate>2</ba_budgetstate>
            <ba_versiondate/>
            <ba_budgetyear>105</ba_budgetyear>
            <ba_budgetno>35230174100</ba_budgetno>
            <ba_subprojectno>01</ba_subprojectno>
            <ba_departno>82</ba_departno>
            <ba_objectno>0143</ba_objectno>
            <ba_budgettype>E</ba_budgettype>
            <ba_budgetsource>1</ba_budgetsource>
            <ba_mergetype>1</ba_mergetype>
            <ba_budgetamt>5483000.00</ba_budgetamt>
            <ba_flowflag/>
            <ba_signflag/>
            <ba_signno/>
            <ba_key>11  </ba_key>
        </BCTDBUDGETDETAIL_row>
        <BCTDBUDGETDETAIL_row>
            <ba_fiscalyear>105</ba_fiscalyear>
            <ba_fundkind>1</ba_fundkind>
            <ba_budgetkind>1</ba_budgetkind>
            <ba_specialbudgetno/>
            <ba_agenno>23017080</ba_agenno>
            <ba_agentype>C</ba_agentype>
            <ba_budgetstate>2</ba_budgetstate>
            <ba_versiondate/>
            <ba_budgetyear>105</ba_budgetyear>
            <ba_budgetno>35230174100</ba_budgetno>
            <ba_subprojectno>01</ba_subprojectno>
            <ba_departno>82</ba_departno>
            <ba_objectno>0151</ba_objectno>
            <ba_budgettype>E</ba_budgettype>
            <ba_budgetsource>1</ba_budgetsource>
            <ba_mergetype>1</ba_mergetype>
            <ba_budgetamt>7613000.00</ba_budgetamt>
            <ba_flowflag/>
            <ba_signflag/>
            <ba_signno/>
            <ba_key>11  </ba_key>
        </BCTDBUDGETDETAIL_row>
        <BCTDBUDGETDETAIL_row>
            <ba_fiscalyear>105</ba_fiscalyear>
            <ba_fundkind>1</ba_fundkind>
            <ba_budgetkind>1</ba_budgetkind>
            <ba_specialbudgetno/>
            <ba_agenno>23017080</ba_agenno>
            <ba_agentype>C</ba_agentype>
            <ba_budgetstate>2</ba_budgetstate>
            <ba_versiondate/>
            <ba_budgetyear>105</ba_budgetyear>
            <ba_budgetno>35230174100</ba_budgetno>
            <ba_subprojectno>02</ba_subprojectno>
            <ba_departno>82</ba_departno>
            <ba_objectno>0201</ba_objectno>
            <ba_budgettype>E</ba_budgettype>
            <ba_budgetsource>1</ba_budgetsource>
            <ba_mergetype>1</ba_mergetype>
            <ba_budgetamt>293000.00</ba_budgetamt>
            <ba_flowflag/>
            <ba_signflag/>
            <ba_signno/>
            <ba_key>11  </ba_key>
        </BCTDBUDGETDETAIL_row>
        <BCTDBUDGETDETAIL_row>
            <ba_fiscalyear>105</ba_fiscalyear>
            <ba_fundkind>1</ba_fundkind>
            <ba_budgetkind>1</ba_budgetkind>
            <ba_specialbudgetno/>
            <ba_agenno>23017080</ba_agenno>
            <ba_agentype>C</ba_agentype>
            <ba_budgetstate>2</ba_budgetstate>
            <ba_versiondate/>
            <ba_budgetyear>105</ba_budgetyear>
            <ba_budgetno>35230174100</ba_budgetno>
            <ba_subprojectno>02</ba_subprojectno>
            <ba_departno>82</ba_departno>
            <ba_objectno>0202</ba_objectno>
            <ba_budgettype>E</ba_budgettype>
            <ba_budgetsource>1</ba_budgetsource>
            <ba_mergetype>1</ba_mergetype>
            <ba_budgetamt>2145000.00</ba_budgetamt>
            <ba_flowflag/>
            <ba_signflag/>
            <ba_signno/>
            <ba_key>11  </ba_key>
        </BCTDBUDGETDETAIL_row>
        <BCTDBUDGETDETAIL_row>
            <ba_fiscalyear>105</ba_fiscalyear>
            <ba_fundkind>1</ba_fundkind>
            <ba_budgetkind>1</ba_budgetkind>
            <ba_specialbudgetno/>
            <ba_agenno>23017080</ba_agenno>
            <ba_agentype>C</ba_agentype>
            <ba_budgetstate>2</ba_budgetstate>
            <ba_versiondate/>
            <ba_budgetyear>105</ba_budgetyear>
            <ba_budgetno>35230174100</ba_budgetno>
            <ba_subprojectno>02</ba_subprojectno>
            <ba_departno>82</ba_departno>
            <ba_objectno>0203</ba_objectno>
            <ba_budgettype>E</ba_budgettype>
            <ba_budgetsource>1</ba_budgetsource>
            <ba_mergetype>1</ba_mergetype>
            <ba_budgetamt>500000.00</ba_budgetamt>
            <ba_flowflag/>
            <ba_signflag/>
            <ba_signno/>
            <ba_key>11  </ba_key>
        </BCTDBUDGETDETAIL_row>
        <BCTDBUDGETDETAIL_row>
            <ba_fiscalyear>105</ba_fiscalyear>
            <ba_fundkind>1</ba_fundkind>
            <ba_budgetkind>1</ba_budgetkind>
            <ba_specialbudgetno/>
            <ba_agenno>23017080</ba_agenno>
            <ba_agentype>C</ba_agentype>
            <ba_budgetstate>2</ba_budgetstate>
            <ba_versiondate/>
            <ba_budgetyear>105</ba_budgetyear>
            <ba_budgetno>35230174100</ba_budgetno>
            <ba_subprojectno>02</ba_subprojectno>
            <ba_departno>82</ba_departno>
            <ba_objectno>0215</ba_objectno>
            <ba_budgettype>E</ba_budgettype>
            <ba_budgetsource>1</ba_budgetsource>
            <ba_mergetype>1</ba_mergetype>
            <ba_budgetamt>141000.00</ba_budgetamt>
            <ba_flowflag/>
            <ba_signflag/>
            <ba_signno/>
            <ba_key>11  </ba_key>
        </BCTDBUDGETDETAIL_row>
        <BCTDBUDGETDETAIL_row>
            <ba_fiscalyear>105</ba_fiscalyear>
            <ba_fundkind>1</ba_fundkind>
            <ba_budgetkind>1</ba_budgetkind>
            <ba_specialbudgetno/>
            <ba_agenno>23017080</ba_agenno>
            <ba_agentype>C</ba_agentype>
            <ba_budgetstate>2</ba_budgetstate>
            <ba_versiondate/>
            <ba_budgetyear>105</ba_budgetyear>
            <ba_budgetno>35230174100</ba_budgetno>
            <ba_subprojectno>02</ba_subprojectno>
            <ba_departno>82</ba_departno>
            <ba_objectno>0221</ba_objectno>
            <ba_budgettype>E</ba_budgettype>
            <ba_budgetsource>1</ba_budgetsource>
            <ba_mergetype>1</ba_mergetype>
            <ba_budgetamt>73000.00</ba_budgetamt>
            <ba_flowflag/>
            <ba_signflag/>
            <ba_signno/>
            <ba_key>11  </ba_key>
        </BCTDBUDGETDETAIL_row>
        <BCTDBUDGETDETAIL_row>
            <ba_fiscalyear>105</ba_fiscalyear>
            <ba_fundkind>1</ba_fundkind>
            <ba_budgetkind>1</ba_budgetkind>
            <ba_specialbudgetno/>
            <ba_agenno>23017080</ba_agenno>
            <ba_agentype>C</ba_agentype>
            <ba_budgetstate>2</ba_budgetstate>
            <ba_versiondate/>
            <ba_budgetyear>105</ba_budgetyear>
            <ba_budgetno>35230174100</ba_budgetno>
            <ba_subprojectno>02</ba_subprojectno>
            <ba_departno>82</ba_departno>
            <ba_objectno>0231</ba_objectno>
            <ba_budgettype>E</ba_budgettype>
            <ba_budgetsource>1</ba_budgetsource>
            <ba_mergetype>1</ba_mergetype>
            <ba_budgetamt>53000.00</ba_budgetamt>
            <ba_flowflag/>
            <ba_signflag/>
            <ba_signno/>
            <ba_key>11  </ba_key>
        </BCTDBUDGETDETAIL_row>
        <BCTDBUDGETDETAIL_row>
            <ba_fiscalyear>105</ba_fiscalyear>
            <ba_fundkind>1</ba_fundkind>
            <ba_budgetkind>1</ba_budgetkind>
            <ba_specialbudgetno/>
            <ba_agenno>23017080</ba_agenno>
            <ba_agentype>C</ba_agentype>
            <ba_budgetstate>2</ba_budgetstate>
            <ba_versiondate/>
            <ba_budgetyear>105</ba_budgetyear>
            <ba_budgetno>35230174100</ba_budgetno>
            <ba_subprojectno>02</ba_subprojectno>
            <ba_departno>82</ba_departno>
            <ba_objectno>0262</ba_objectno>
            <ba_budgettype>E</ba_budgettype>
            <ba_budgetsource>1</ba_budgetsource>
            <ba_mergetype>1</ba_mergetype>
            <ba_budgetamt>16000.00</ba_budgetamt>
            <ba_flowflag/>
            <ba_signflag/>
            <ba_signno/>
            <ba_key>11  </ba_key>
        </BCTDBUDGETDETAIL_row>
        <BCTDBUDGETDETAIL_row>
            <ba_fiscalyear>105</ba_fiscalyear>
            <ba_fundkind>1</ba_fundkind>
            <ba_budgetkind>1</ba_budgetkind>
            <ba_specialbudgetno/>
            <ba_agenno>23017080</ba_agenno>
            <ba_agentype>C</ba_agentype>
            <ba_budgetstate>2</ba_budgetstate>
            <ba_versiondate/>
            <ba_budgetyear>105</ba_budgetyear>
            <ba_budgetno>35230174100</ba_budgetno>
            <ba_subprojectno>02</ba_subprojectno>
            <ba_departno>82</ba_departno>
            <ba_objectno>0271</ba_objectno>
            <ba_budgettype>E</ba_budgettype>
            <ba_budgetsource>1</ba_budgetsource>
            <ba_mergetype>1</ba_mergetype>
            <ba_budgetamt>608000.00</ba_budgetamt>
            <ba_flowflag/>
            <ba_signflag/>
            <ba_signno/>
            <ba_key>11  </ba_key>
        </BCTDBUDGETDETAIL_row>
        <BCTDBUDGETDETAIL_row>
            <ba_fiscalyear>105</ba_fiscalyear>
            <ba_fundkind>1</ba_fundkind>
            <ba_budgetkind>1</ba_budgetkind>
            <ba_specialbudgetno/>
            <ba_agenno>23017080</ba_agenno>
            <ba_agentype>C</ba_agentype>
            <ba_budgetstate>2</ba_budgetstate>
            <ba_versiondate/>
            <ba_budgetyear>105</ba_budgetyear>
            <ba_budgetno>35230174100</ba_budgetno>
            <ba_subprojectno>02</ba_subprojectno>
            <ba_departno>82</ba_departno>
            <ba_objectno>0279</ba_objectno>
            <ba_budgettype>E</ba_budgettype>
            <ba_budgetsource>1</ba_budgetsource>
            <ba_mergetype>1</ba_mergetype>
            <ba_budgetamt>2768000.00</ba_budgetamt>
            <ba_flowflag/>
            <ba_signflag/>
            <ba_signno/>
            <ba_key>11  </ba_key>
        </BCTDBUDGETDETAIL_row>
        <BCTDBUDGETDETAIL_row>
            <ba_fiscalyear>105</ba_fiscalyear>
            <ba_fundkind>1</ba_fundkind>
            <ba_budgetkind>1</ba_budgetkind>
            <ba_specialbudgetno/>
            <ba_agenno>23017080</ba_agenno>
            <ba_agentype>C</ba_agentype>
            <ba_budgetstate>2</ba_budgetstate>
            <ba_versiondate/>
            <ba_budgetyear>105</ba_budgetyear>
            <ba_budgetno>35230174100</ba_budgetno>
            <ba_subprojectno>02</ba_subprojectno>
            <ba_departno>82</ba_departno>
            <ba_objectno>0282</ba_objectno>
            <ba_budgettype>E</ba_budgettype>
            <ba_budgetsource>1</ba_budgetsource>
            <ba_mergetype>1</ba_mergetype>
            <ba_budgetamt>643000.00</ba_budgetamt>
            <ba_flowflag/>
            <ba_signflag/>
            <ba_signno/>
            <ba_key>11  </ba_key>
        </BCTDBUDGETDETAIL_row>
        <BCTDBUDGETDETAIL_row>
            <ba_fiscalyear>105</ba_fiscalyear>
            <ba_fundkind>1</ba_fundkind>
            <ba_budgetkind>1</ba_budgetkind>
            <ba_specialbudgetno/>
            <ba_agenno>23017080</ba_agenno>
            <ba_agentype>C</ba_agentype>
            <ba_budgetstate>2</ba_budgetstate>
            <ba_versiondate/>
            <ba_budgetyear>105</ba_budgetyear>
            <ba_budgetno>35230174100</ba_budgetno>
            <ba_subprojectno>02</ba_subprojectno>
            <ba_departno>82</ba_departno>
            <ba_objectno>0283</ba_objectno>
            <ba_budgettype>E</ba_budgettype>
            <ba_budgetsource>1</ba_budgetsource>
            <ba_mergetype>1</ba_mergetype>
            <ba_budgetamt>157000.00</ba_budgetamt>
            <ba_flowflag/>
            <ba_signflag/>
            <ba_signno/>
            <ba_key>11  </ba_key>
        </BCTDBUDGETDETAIL_row>
        <BCTDBUDGETDETAIL_row>
            <ba_fiscalyear>105</ba_fiscalyear>
            <ba_fundkind>1</ba_fundkind>
            <ba_budgetkind>1</ba_budgetkind>
            <ba_specialbudgetno/>
            <ba_agenno>23017080</ba_agenno>
            <ba_agentype>C</ba_agentype>
            <ba_budgetstate>2</ba_budgetstate>
            <ba_versiondate/>
            <ba_budgetyear>105</ba_budgetyear>
            <ba_budgetno>35230174100</ba_budgetno>
            <ba_subprojectno>02</ba_subprojectno>
            <ba_departno>82</ba_departno>
            <ba_objectno>0284</ba_objectno>
            <ba_budgettype>E</ba_budgettype>
            <ba_budgetsource>1</ba_budgetsource>
            <ba_mergetype>1</ba_mergetype>
            <ba_budgetamt>5430000.00</ba_budgetamt>
            <ba_flowflag/>
            <ba_signflag/>
            <ba_signno/>
            <ba_key>11  </ba_key>
        </BCTDBUDGETDETAIL_row>
        <BCTDBUDGETDETAIL_row>
            <ba_fiscalyear>105</ba_fiscalyear>
            <ba_fundkind>1</ba_fundkind>
            <ba_budgetkind>1</ba_budgetkind>
            <ba_specialbudgetno/>
            <ba_agenno>23017080</ba_agenno>
            <ba_agentype>C</ba_agentype>
            <ba_budgetstate>2</ba_budgetstate>
            <ba_versiondate/>
            <ba_budgetyear>105</ba_budgetyear>
            <ba_budgetno>35230174100</ba_budgetno>
            <ba_subprojectno>02</ba_subprojectno>
            <ba_departno>82</ba_departno>
            <ba_objectno>0291</ba_objectno>
            <ba_budgettype>E</ba_budgettype>
            <ba_budgetsource>1</ba_budgetsource>
            <ba_mergetype>1</ba_mergetype>
            <ba_budgetamt>320000.00</ba_budgetamt>
            <ba_flowflag/>
            <ba_signflag/>
            <ba_signno/>
            <ba_key>11  </ba_key>
        </BCTDBUDGETDETAIL_row>
        <BCTDBUDGETDETAIL_row>
            <ba_fiscalyear>105</ba_fiscalyear>
            <ba_fundkind>1</ba_fundkind>
            <ba_budgetkind>1</ba_budgetkind>
            <ba_specialbudgetno/>
            <ba_agenno>23017080</ba_agenno>
            <ba_agentype>C</ba_agentype>
            <ba_budgetstate>2</ba_budgetstate>
            <ba_versiondate/>
            <ba_budgetyear>105</ba_budgetyear>
            <ba_budgetno>35230174100</ba_budgetno>
            <ba_subprojectno>02</ba_subprojectno>
            <ba_departno>82</ba_departno>
            <ba_objectno>0294</ba_objectno>
            <ba_budgettype>E</ba_budgettype>
            <ba_budgetsource>1</ba_budgetsource>
            <ba_mergetype>1</ba_mergetype>
            <ba_budgetamt>30000.00</ba_budgetamt>
            <ba_flowflag/>
            <ba_signflag/>
            <ba_signno/>
            <ba_key>11  </ba_key>
        </BCTDBUDGETDETAIL_row>
        <BCTDBUDGETDETAIL_row>
            <ba_fiscalyear>105</ba_fiscalyear>
            <ba_fundkind>1</ba_fundkind>
            <ba_budgetkind>1</ba_budgetkind>
            <ba_specialbudgetno/>
            <ba_agenno>23017080</ba_agenno>
            <ba_agentype>C</ba_agentype>
            <ba_budgetstate>2</ba_budgetstate>
            <ba_versiondate/>
            <ba_budgetyear>105</ba_budgetyear>
            <ba_budgetno>35230174100</ba_budgetno>
            <ba_subprojectno>02</ba_subprojectno>
            <ba_departno>82</ba_departno>
            <ba_objectno>0299</ba_objectno>
            <ba_budgettype>E</ba_budgettype>
            <ba_budgetsource>1</ba_budgetsource>
            <ba_mergetype>1</ba_mergetype>
            <ba_budgetamt>93000.00</ba_budgetamt>
            <ba_flowflag/>
            <ba_signflag/>
            <ba_signno/>
            <ba_key>11  </ba_key>
        </BCTDBUDGETDETAIL_row>
        <BCTDBUDGETDETAIL_row>
            <ba_fiscalyear>105</ba_fiscalyear>
            <ba_fundkind>1</ba_fundkind>
            <ba_budgetkind>1</ba_budgetkind>
            <ba_specialbudgetno/>
            <ba_agenno>23017080</ba_agenno>
            <ba_agentype>C</ba_agentype>
            <ba_budgetstate>2</ba_budgetstate>
            <ba_versiondate/>
            <ba_budgetyear>105</ba_budgetyear>
            <ba_budgetno>35230174100</ba_budgetno>
            <ba_subprojectno>05</ba_subprojectno>
            <ba_departno>84</ba_departno>
            <ba_objectno>0250</ba_objectno>
            <ba_budgettype>E</ba_budgettype>
            <ba_budgetsource>1</ba_budgetsource>
            <ba_mergetype>1</ba_mergetype>
            <ba_budgetamt>516000.00</ba_budgetamt>
            <ba_flowflag/>
            <ba_signflag/>
            <ba_signno/>
            <ba_key>11  </ba_key>
        </BCTDBUDGETDETAIL_row>
        <BCTDBUDGETDETAIL_row>
            <ba_fiscalyear>105</ba_fiscalyear>
            <ba_fundkind>1</ba_fundkind>
            <ba_budgetkind>1</ba_budgetkind>
            <ba_specialbudgetno/>
            <ba_agenno>23017080</ba_agenno>
            <ba_agentype>C</ba_agentype>
            <ba_budgetstate>2</ba_budgetstate>
            <ba_versiondate/>
            <ba_budgetyear>105</ba_budgetyear>
            <ba_budgetno>35230174100</ba_budgetno>
            <ba_subprojectno>05</ba_subprojectno>
            <ba_departno>84</ba_departno>
            <ba_objectno>0271</ba_objectno>
            <ba_budgettype>E</ba_budgettype>
            <ba_budgetsource>1</ba_budgetsource>
            <ba_mergetype>1</ba_mergetype>
            <ba_budgetamt>244000.00</ba_budgetamt>
            <ba_flowflag/>
            <ba_signflag/>
            <ba_signno/>
            <ba_key>11  </ba_key>
        </BCTDBUDGETDETAIL_row>
        <BCTDBUDGETDETAIL_row>
            <ba_fiscalyear>105</ba_fiscalyear>
            <ba_fundkind>1</ba_fundkind>
            <ba_budgetkind>1</ba_budgetkind>
            <ba_specialbudgetno/>
            <ba_agenno>23017080</ba_agenno>
            <ba_agentype>C</ba_agentype>
            <ba_budgetstate>2</ba_budgetstate>
            <ba_versiondate/>
            <ba_budgetyear>105</ba_budgetyear>
            <ba_budgetno>35230174100</ba_budgetno>
            <ba_subprojectno>05</ba_subprojectno>
            <ba_departno>84</ba_departno>
            <ba_objectno>0279</ba_objectno>
            <ba_budgettype>E</ba_budgettype>
            <ba_budgetsource>1</ba_budgetsource>
            <ba_mergetype>1</ba_mergetype>
            <ba_budgetamt>1669000.00</ba_budgetamt>
            <ba_flowflag/>
            <ba_signflag/>
            <ba_signno/>
            <ba_key>11  </ba_key>
        </BCTDBUDGETDETAIL_row>
        <BCTDBUDGETDETAIL_row>
            <ba_fiscalyear>105</ba_fiscalyear>
            <ba_fundkind>1</ba_fundkind>
            <ba_budgetkind>1</ba_budgetkind>
            <ba_specialbudgetno/>
            <ba_agenno>23017080</ba_agenno>
            <ba_agentype>C</ba_agentype>
            <ba_budgetstate>2</ba_budgetstate>
            <ba_versiondate/>
            <ba_budgetyear>105</ba_budgetyear>
            <ba_budgetno>35230174100</ba_budgetno>
            <ba_subprojectno>05</ba_subprojectno>
            <ba_departno>84</ba_departno>
            <ba_objectno>0291</ba_objectno>
            <ba_budgettype>E</ba_budgettype>
            <ba_budgetsource>1</ba_budgetsource>
            <ba_mergetype>1</ba_mergetype>
            <ba_budgetamt>200000.00</ba_budgetamt>
            <ba_flowflag/>
            <ba_signflag/>
            <ba_signno/>
            <ba_key>11  </ba_key>
        </BCTDBUDGETDETAIL_row>
        <BCTDBUDGETDETAIL_row>
            <ba_fiscalyear>105</ba_fiscalyear>
            <ba_fundkind>1</ba_fundkind>
            <ba_budgetkind>1</ba_budgetkind>
            <ba_specialbudgetno/>
            <ba_agenno>23017080</ba_agenno>
            <ba_agentype>C</ba_agentype>
            <ba_budgetstate>2</ba_budgetstate>
            <ba_versiondate/>
            <ba_budgetyear>105</ba_budgetyear>
            <ba_budgetno>35230174100</ba_budgetno>
            <ba_subprojectno>05</ba_subprojectno>
            <ba_departno>84</ba_departno>
            <ba_objectno>0319</ba_objectno>
            <ba_budgettype>E</ba_budgettype>
            <ba_budgetsource>1</ba_budgetsource>
            <ba_mergetype>1</ba_mergetype>
            <ba_budgetamt>1407000.00</ba_budgetamt>
            <ba_flowflag/>
            <ba_signflag/>
            <ba_signno/>
            <ba_key>11  </ba_key>
        </BCTDBUDGETDETAIL_row>
    </BCTDBUDGETDETAIL>
    <BCTDMEMO>
        <BCTDMEMO_row>
            <bc_fiscalyear>105</bc_fiscalyear>
            <bc_fundkind>1</bc_fundkind>
            <bc_budgetkind>1</bc_budgetkind>
            <bc_specialbudgetno/>
            <bc_agenno>23017080</bc_agenno>
            <bc_agentype>C</bc_agentype>
            <bc_budgetstate>2</bc_budgetstate>
            <bc_reportno>BCME3440</bc_reportno>
            <bc_key>3523017410001xxxxxx82xxxxxxxE1x0</bc_key>
            <bc_versiondate/>
            <bc_content>本計畫本年度編列人事費110,200千元，其內容如下：&lt;#H1&gt;法定編制人員待遇48,597千元，係職員94人之薪俸、加給等。&lt;#H1&gt;約聘僱人員待遇26,745千元，係約聘僱人員之酬金。&lt;#H1&gt;獎金11,239千元，係考績獎金、年終工作獎金及獎章之獎勵金等。&lt;#H1&gt;其他給與1,102千元，係休假補助。&lt;#H1&gt;加班值班費9,421千元，係加、值班費及不休假加班費。&lt;#H1&gt;退休離職儲金5,483千元，係現職人員依法應提撥之退休、離職儲金等。&lt;#H1&gt;保險7,613千元，係現職人員依法應提撥之公、勞、健保費等。</bc_content>
        </BCTDMEMO_row>
        <BCTDMEMO_row>
            <bc_fiscalyear>105</bc_fiscalyear>
            <bc_fundkind>1</bc_fundkind>
            <bc_budgetkind>1</bc_budgetkind>
            <bc_specialbudgetno/>
            <bc_agenno>23017080</bc_agenno>
            <bc_agentype>C</bc_agentype>
            <bc_budgetstate>2</bc_budgetstate>
            <bc_reportno>BCME3440</bc_reportno>
            <bc_key>3523017410002xxxxxx82xxxxxxxE1x0</bc_key>
            <bc_versiondate/>
            <bc_content>本計畫本年度編列業務費13,270千元，其內容如下：&lt;#H1&gt;教育訓練費293千元，係員工訓練所需教材、膳宿、交通等經費。&lt;#H1&gt;水電費2,145千元。&lt;#H1&gt;通訊費500千元，係郵資、電話及數據通訊費等。&lt;#H1&gt;資訊服務費141千元，係資訊設備之保養、維修及操作等服務費。&lt;#H1&gt;稅捐及規費73千元，係車輛牌照稅及燃料費等。&lt;#H1&gt;保險費53千元，係對所執行之業務活動、所管財產等所繳納之保險費。&lt;#H1&gt;國內組織會費16千元，係參加國內醫護公會所需之經費。&lt;#H1&gt;物品608千元，包括：&lt;#H2&gt;資訊耗材等經費200千元。&lt;#H2&gt;一般行政業務所需文具紙張等消耗品200千元。&lt;#H2&gt;非消耗性辦公用具購置經費208千元。&lt;#H1&gt;一般事務費2,768千元，包括：&lt;#H2&gt;文康活動費298千元，係按員工149人，每人每年2,000元計列。&lt;#H2&gt;行政管理事務費2,312千元。&lt;#H2&gt;員工健康檢查補助費105千元，係按職員30人，每人每年3,500元計列。&lt;#H2&gt;環境清潔及雜支等經費53千元。&lt;#H1&gt;房屋建築養護費643千元。&lt;#H1&gt;車輛及辦公器具養護費157千元，係辦公器具養護費157千元，按職員94人及約僱人員55人，每人每年1,048元計列。&lt;#H1&gt;設施及機械設備養護費5,430千元，包括：&lt;#H2&gt;發電機、電氣系統及消防設備等養護費385千元。&lt;#H2&gt;高壓斷電感應系統及污水處理場養護費385千元。&lt;#H2&gt;監視設備及安全系統等養護費580千元。&lt;#H2&gt;辦公及其他設備養護費4,080千元。&lt;#H1&gt;國內旅費320千元，係處理一般公務或特定工作計畫於國內地區所需之差旅費。&lt;#H1&gt;運費30千元。&lt;#H1&gt;特別費93千元，係按首長每月7,800元計列。</bc_content>
        </BCTDMEMO_row>
        <BCTDMEMO_row>
            <bc_fiscalyear>105</bc_fiscalyear>
            <bc_fundkind>1</bc_fundkind>
            <bc_budgetkind>1</bc_budgetkind>
            <bc_specialbudgetno/>
            <bc_agenno>23017080</bc_agenno>
            <bc_agentype>C</bc_agentype>
            <bc_budgetstate>2</bc_budgetstate>
            <bc_reportno>BCME3440</bc_reportno>
            <bc_key>3523017410005xxxxxx84xxxxxxxE1x0</bc_key>
            <bc_versiondate/>
            <bc_content>本計畫本年度編列4,036千元，其內容如下：&lt;#H1&gt;業務費2,629千元，包括： &lt;#H2&gt;按日按件計資酬金516千元，包括：&lt;#H3&gt;委請特約醫師及兼任醫師看診所需診療費196千元。&lt;#H3&gt;委請專家、學者出席會議之出席費184千元。&lt;#H3&gt;聘請講師演講或教授教化課程之鐘點費136千元。&lt;#H2&gt;物品244千元，包括： &lt;#H3&gt;疾病醫療材料費80千元。&lt;#H3&gt;尿液檢驗及試劑材料等經費164千元，係按每人每年篩檢3次，每次200元計列。&lt;#H2&gt;一般事務費1,669千元，包括： &lt;#H3&gt;辦理作業、調查分類、教化等業務經費150千元。&lt;#H3&gt;戒護人員服制費及收容人服裝費945千元。&lt;#H3&gt;戒護人員常年教育訓練經費25千元。&lt;#H3&gt;警衛管理及戒護業務經費181千元。&lt;#H3&gt;辦理收容人胸部X光篩檢經費80千元。&lt;#H3&gt;替代役役男勤務及管理等經費288千元。&lt;#H2&gt;國內旅費200千元，係戒護收容人移監等業務所需之差旅費。&lt;#H1&gt;設備及投資1,407千元，包括：&lt;#H2&gt;戒護、安全及接見等設備費633千元。&lt;#H2&gt;零星設備費774千元。</bc_content>
        </BCTDMEMO_row>
        <BCTDMEMO_row>
            <bc_fiscalyear>105</bc_fiscalyear>
            <bc_fundkind>1</bc_fundkind>
            <bc_budgetkind>1</bc_budgetkind>
            <bc_specialbudgetno/>
            <bc_agenno>23017080</bc_agenno>
            <bc_agentype>C</bc_agentype>
            <bc_budgetstate>2</bc_budgetstate>
            <bc_reportno>BCME3440</bc_reportno>
            <bc_key>35230174100xE1x1</bc_key>
            <bc_versiondate/>
            <bc_content>&lt;#H1&gt;辦理矯正機關基本行政管理及人員訓練等業務。&#xd;
&lt;#H1&gt;辦理矯正機關收容人教化、調查分類、戒護安全、技能訓練、作業及衛生醫療等業務。</bc_content>
        </BCTDMEMO_row>
        <BCTDMEMO_row>
            <bc_fiscalyear>105</bc_fiscalyear>
            <bc_fundkind>1</bc_fundkind>
            <bc_budgetkind>1</bc_budgetkind>
            <bc_specialbudgetno/>
            <bc_agenno>23017080</bc_agenno>
            <bc_agentype>C</bc_agentype>
            <bc_budgetstate>2</bc_budgetstate>
            <bc_reportno>BCME3440</bc_reportno>
            <bc_key>35230174100xE1x2</bc_key>
            <bc_versiondate/>
            <bc_content>&lt;#H1&gt;依施政計畫預定進度，按期實施完成，提高工作效率。&lt;#H1&gt;培養收容人之勤勞習慣，訓練一技之長，俾利復歸社會。&lt;#H1&gt;穩定囚情，防止戒護事故發生，維護機關安全。&lt;#H1&gt;維護收容人身體健康，強化衛生習慣，防止傳染病發生。&lt;#H1&gt;強化教化功能，落實教誨教育工作，培養收容人正確價值觀念。</bc_content>
        </BCTDMEMO_row>
    </BCTDMEMO>
</tables>
