<?xml version="1.0" encoding="UTF-8"?>
<tables>
    <BCME3450>
        <BCME3450_row>
            <objectNo>合計</objectNo>
            <budgetno_6126310100>48941.00</budgetno_6126310100>
            <budgetno_6126310200>6951.00</budgetno_6126310200>
            <total>55892.00</total>
        </BCME3450_row>
        <BCME3450_row>
            <objectNo>0100 人事費</objectNo>
            <budgetno_6126310100>44416.00</budgetno_6126310100>
            <budgetno_6126310200/>
            <total>44416.00</total>
        </BCME3450_row>
        <BCME3450_row>
            <objectNo>  0103 法定編制人員待遇</objectNo>
            <budgetno_6126310100>26380.00</budgetno_6126310100>
            <budgetno_6126310200/>
            <total>26380.00</total>
        </BCME3450_row>
        <BCME3450_row>
            <objectNo>  0104 約聘僱人員待遇</objectNo>
            <budgetno_6126310100>829.00</budgetno_6126310100>
            <budgetno_6126310200/>
            <total>829.00</total>
        </BCME3450_row>
        <BCME3450_row>
            <objectNo>  0105 技工及工友待遇</objectNo>
            <budgetno_6126310100>3160.00</budgetno_6126310100>
            <budgetno_6126310200/>
            <total>3160.00</total>
        </BCME3450_row>
        <BCME3450_row>
            <objectNo>  0111 獎金</objectNo>
            <budgetno_6126310100>6847.00</budgetno_6126310100>
            <budgetno_6126310200/>
            <total>6847.00</total>
        </BCME3450_row>
        <BCME3450_row>
            <objectNo>  0121 其他給與</objectNo>
            <budgetno_6126310100>644.00</budgetno_6126310100>
            <budgetno_6126310200/>
            <total>644.00</total>
        </BCME3450_row>
        <BCME3450_row>
            <objectNo>  0131 加班值班費</objectNo>
            <budgetno_6126310100>1247.00</budgetno_6126310100>
            <budgetno_6126310200/>
            <total>1247.00</total>
        </BCME3450_row>
        <BCME3450_row>
            <objectNo>  0143 退休離職儲金</objectNo>
            <budgetno_6126310100>2551.00</budgetno_6126310100>
            <budgetno_6126310200/>
            <total>2551.00</total>
        </BCME3450_row>
        <BCME3450_row>
            <objectNo>  0151 保險</objectNo>
            <budgetno_6126310100>2758.00</budgetno_6126310100>
            <budgetno_6126310200/>
            <total>2758.00</total>
        </BCME3450_row>
        <BCME3450_row>
            <objectNo>0200 業務費</objectNo>
            <budgetno_6126310100>2733.00</budgetno_6126310100>
            <budgetno_6126310200>3689.00</budgetno_6126310200>
            <total>6422.00</total>
        </BCME3450_row>
        <BCME3450_row>
            <objectNo>  0201 教育訓練費</objectNo>
            <budgetno_6126310100>17.00</budgetno_6126310100>
            <budgetno_6126310200>40.00</budgetno_6126310200>
            <total>57.00</total>
        </BCME3450_row>
        <BCME3450_row>
            <objectNo>  0202 水電費</objectNo>
            <budgetno_6126310100>506.00</budgetno_6126310100>
            <budgetno_6126310200/>
            <total>506.00</total>
        </BCME3450_row>
        <BCME3450_row>
            <objectNo>  0203 通訊費</objectNo>
            <budgetno_6126310100>280.00</budgetno_6126310100>
            <budgetno_6126310200>3.00</budgetno_6126310200>
            <total>283.00</total>
        </BCME3450_row>
        <BCME3450_row>
            <objectNo>  0215 資訊服務費</objectNo>
            <budgetno_6126310100>6.00</budgetno_6126310100>
            <budgetno_6126310200/>
            <total>6.00</total>
        </BCME3450_row>
        <BCME3450_row>
            <objectNo>  0219 其他業務租金</objectNo>
            <budgetno_6126310100>19.00</budgetno_6126310100>
            <budgetno_6126310200>22.00</budgetno_6126310200>
            <total>41.00</total>
        </BCME3450_row>
        <BCME3450_row>
            <objectNo>  0221 稅捐及規費</objectNo>
            <budgetno_6126310100>52.00</budgetno_6126310100>
            <budgetno_6126310200/>
            <total>52.00</total>
        </BCME3450_row>
        <BCME3450_row>
            <objectNo>  0231 保險費</objectNo>
            <budgetno_6126310100>35.00</budgetno_6126310100>
            <budgetno_6126310200/>
            <total>35.00</total>
        </BCME3450_row>
        <BCME3450_row>
            <objectNo>  0250 按日按件計資酬金</objectNo>
            <budgetno_6126310100>9.00</budgetno_6126310100>
            <budgetno_6126310200>18.00</budgetno_6126310200>
            <total>27.00</total>
        </BCME3450_row>
        <BCME3450_row>
            <objectNo>  0271 物品</objectNo>
            <budgetno_6126310100>221.00</budgetno_6126310100>
            <budgetno_6126310200>1018.00</budgetno_6126310200>
            <total>1239.00</total>
        </BCME3450_row>
        <BCME3450_row>
            <objectNo>  0279 一般事務費</objectNo>
            <budgetno_6126310100>766.00</budgetno_6126310100>
            <budgetno_6126310200>801.00</budgetno_6126310200>
            <total>1567.00</total>
        </BCME3450_row>
        <BCME3450_row>
            <objectNo>  0282 房屋建築養護費</objectNo>
            <budgetno_6126310100>160.00</budgetno_6126310100>
            <budgetno_6126310200>173.00</budgetno_6126310200>
            <total>333.00</total>
        </BCME3450_row>
        <BCME3450_row>
            <objectNo>  0283 車輛及辦公器具養護費</objectNo>
            <budgetno_6126310100>111.00</budgetno_6126310100>
            <budgetno_6126310200/>
            <total>111.00</total>
        </BCME3450_row>
        <BCME3450_row>
            <objectNo>  0284 設施及機械設備養護費</objectNo>
            <budgetno_6126310100>191.00</budgetno_6126310100>
            <budgetno_6126310200>925.00</budgetno_6126310200>
            <total>1116.00</total>
        </BCME3450_row>
        <BCME3450_row>
            <objectNo>  0291 國內旅費</objectNo>
            <budgetno_6126310100>306.00</budgetno_6126310100>
            <budgetno_6126310200>675.00</budgetno_6126310200>
            <total>981.00</total>
        </BCME3450_row>
        <BCME3450_row>
            <objectNo>  0294 運費</objectNo>
            <budgetno_6126310100/>
            <budgetno_6126310200>14.00</budgetno_6126310200>
            <total>14.00</total>
        </BCME3450_row>
        <BCME3450_row>
            <objectNo>  0299 特別費</objectNo>
            <budgetno_6126310100>54.00</budgetno_6126310100>
            <budgetno_6126310200/>
            <total>54.00</total>
        </BCME3450_row>
        <BCME3450_row>
            <objectNo>0300 設備及投資</objectNo>
            <budgetno_6126310100>1600.00</budgetno_6126310100>
            <budgetno_6126310200>3262.00</budgetno_6126310200>
            <total>4862.00</total>
        </BCME3450_row>
        <BCME3450_row>
            <objectNo>  0303 公共建設及設施費</objectNo>
            <budgetno_6126310100>1600.00</budgetno_6126310100>
            <budgetno_6126310200/>
            <total>1600.00</total>
        </BCME3450_row>
        <BCME3450_row>
            <objectNo>  0304 機械設備費</objectNo>
            <budgetno_6126310100/>
            <budgetno_6126310200>3187.00</budgetno_6126310200>
            <total>3187.00</total>
        </BCME3450_row>
        <BCME3450_row>
            <objectNo>  0319 雜項設備費</objectNo>
            <budgetno_6126310100/>
            <budgetno_6126310200>75.00</budgetno_6126310200>
            <total>75.00</total>
        </BCME3450_row>
        <BCME3450_row>
            <objectNo>0400 獎補助費</objectNo>
            <budgetno_6126310100>192.00</budgetno_6126310100>
            <budgetno_6126310200/>
            <total>192.00</total>
        </BCME3450_row>
        <BCME3450_row>
            <objectNo>  0475 獎勵及慰問</objectNo>
            <budgetno_6126310100>192.00</budgetno_6126310100>
            <budgetno_6126310200/>
            <total>192.00</total>
        </BCME3450_row>
    </BCME3450>
</tables>
