<?xml version="1.0" encoding="UTF-8"?>
<GenericData>
　　<Header>
　　　　<Table Id="HBALANCE" Name="平衡綜計表" Domain="NBA" />
　　　　<Program Id="NBAWJR020_C_1" />
　　　　<Sender Name="作業基金" />
　　　　<報表名稱>平衡綜計表</報表名稱>
　　　　<日期>中華民國105年6月30日</日期>
　　　　<基金>作業基金</基金>
　　　　<單位>單位︰新臺幣元</單位>
　　</Header>
　　<DataSet>
　　　　<ROW>
　　　　　　<SEQNO>1</SEQNO>
　　　　　　<LEVEL>1</LEVEL>
　　　　　　<BOLD>1</BOLD>
　　　　　　<科目>資產</科目>
　　　　　　<金額>5095263686726.04</金額>
　　　　　　<百分比>100.0</百分比>
　　　　</ROW>
　　　　<ROW>
　　　　　　<SEQNO>2</SEQNO>
　　　　　　<LEVEL>2</LEVEL>
　　　　　　<BOLD>1</BOLD>
　　　　　　<科目>流動資產</科目>
　　　　　　<金額>1709658328641.48</金額>
　　　　　　<百分比>33.6</百分比>
　　　　</ROW>
　　　　<ROW>
　　　　　　<SEQNO>3</SEQNO>
　　　　　　<LEVEL>3</LEVEL>
　　　　　　<BOLD>0</BOLD>
　　　　　　<科目>現金</科目>
　　　　　　<金額>772672873296.26</金額>
　　　　　　<百分比>15.2</百分比>
　　　　</ROW>
　　　　<ROW>
　　　　　　<SEQNO>4</SEQNO>
　　　　　　<LEVEL>3</LEVEL>
　　　　　　<BOLD>0</BOLD>
　　　　　　<科目>流動金融資產</科目>
　　　　　　<金額>531841987610.00</金額>
　　　　　　<百分比>10.4</百分比>
　　　　</ROW>
　　　　<ROW>
　　　　　　<SEQNO>5</SEQNO>
　　　　　　<LEVEL>3</LEVEL>
　　　　　　<BOLD>0</BOLD>
　　　　　　<科目>應收款項</科目>
　　　　　　<金額>319949761609.02</金額>
　　　　　　<百分比>6.3</百分比>
　　　　</ROW>
　　　　<ROW>
　　　　　　<SEQNO>6</SEQNO>
　　　　　　<LEVEL>3</LEVEL>
　　　　　　<BOLD>0</BOLD>
　　　　　　<科目>存貨</科目>
　　　　　　<金額>48276698361.41</金額>
　　　　　　<百分比>0.9</百分比>
　　　　</ROW>
　　　　<ROW>
　　　　　　<SEQNO>7</SEQNO>
　　　　　　<LEVEL>3</LEVEL>
　　　　　　<BOLD>0</BOLD>
　　　　　　<科目>預付款項</科目>
　　　　　　<金額>17654845198.79</金額>
　　　　　　<百分比>0.3</百分比>
　　　　</ROW>
　　　　<ROW>
　　　　　　<SEQNO>8</SEQNO>
　　　　　　<LEVEL>3</LEVEL>
　　　　　　<BOLD>0</BOLD>
　　　　　　<科目>短期貸墊款</科目>
　　　　　　<金額>19262162566.00</金額>
　　　　　　<百分比>0.4</百分比>
　　　　</ROW>
　　　　<ROW>
　　　　　　<SEQNO>9</SEQNO>
　　　　　　<LEVEL>2</LEVEL>
　　　　　　<BOLD>1</BOLD>
　　　　　　<科目>投資、長期應收款、貸墊款及準備金</科目>
　　　　　　<金額>1030360340811.38</金額>
　　　　　　<百分比>20.2</百分比>
　　　　</ROW>
　　　　<ROW>
　　　　　　<SEQNO>10</SEQNO>
　　　　　　<LEVEL>3</LEVEL>
　　　　　　<BOLD>0</BOLD>
　　　　　　<科目>長期投資</科目>
　　　　　　<金額>683818720368.00</金額>
　　　　　　<百分比>13.4</百分比>
　　　　</ROW>
　　　　<ROW>
　　　　　　<SEQNO>11</SEQNO>
　　　　　　<LEVEL>3</LEVEL>
　　　　　　<BOLD>0</BOLD>
　　　　　　<科目>長期應收款</科目>
　　　　　　<金額>7439488187.00</金額>
　　　　　　<百分比>0.1</百分比>
　　　　</ROW>
　　　　<ROW>
　　　　　　<SEQNO>12</SEQNO>
　　　　　　<LEVEL>3</LEVEL>
　　　　　　<BOLD>0</BOLD>
　　　　　　<科目>長期貸款</科目>
　　　　　　<金額>100668826834.50</金額>
　　　　　　<百分比>2.0</百分比>
　　　　</ROW>
　　　　<ROW>
　　　　　　<SEQNO>13</SEQNO>
　　　　　　<LEVEL>3</LEVEL>
　　　　　　<BOLD>0</BOLD>
　　　　　　<科目>長期墊款</科目>
　　　　　　<金額>124561543558.88</金額>
　　　　　　<百分比>2.4</百分比>
　　　　</ROW>
　　　　<ROW>
　　　　　　<SEQNO>14</SEQNO>
　　　　　　<LEVEL>3</LEVEL>
　　　　　　<BOLD>0</BOLD>
　　　　　　<科目>準備金</科目>
　　　　　　<金額>113871761863.00</金額>
　　　　　　<百分比>2.2</百分比>
　　　　</ROW>
　　　　<ROW>
　　　　　　<SEQNO>15</SEQNO>
　　　　　　<LEVEL>2</LEVEL>
　　　　　　<BOLD>1</BOLD>
　　　　　　<科目>固定資產</科目>
　　　　　　<金額>1694972356764.00</金額>
　　　　　　<百分比>33.3</百分比>
　　　　</ROW>
　　　　<ROW>
　　　　　　<SEQNO>16</SEQNO>
　　　　　　<LEVEL>3</LEVEL>
　　　　　　<BOLD>0</BOLD>
　　　　　　<科目>土地</科目>
　　　　　　<金額>612195054392.00</金額>
　　　　　　<百分比>12.0</百分比>
　　　　</ROW>
　　　　<ROW>
　　　　　　<SEQNO>17</SEQNO>
　　　　　　<LEVEL>3</LEVEL>
　　　　　　<BOLD>0</BOLD>
　　　　　　<科目>土地改良物</科目>
　　　　　　<金額>477060597615.00</金額>
　　　　　　<百分比>9.4</百分比>
　　　　</ROW>
　　　　<ROW>
　　　　　　<SEQNO>18</SEQNO>
　　　　　　<LEVEL>3</LEVEL>
　　　　　　<BOLD>0</BOLD>
　　　　　　<科目>房屋及建築</科目>
　　　　　　<金額>228242302769.00</金額>
　　　　　　<百分比>4.5</百分比>
　　　　</ROW>
　　　　<ROW>
　　　　　　<SEQNO>19</SEQNO>
　　　　　　<LEVEL>3</LEVEL>
　　　　　　<BOLD>0</BOLD>
　　　　　　<科目>機械及設備</科目>
　　　　　　<金額>75872535786.00</金額>
　　　　　　<百分比>1.5</百分比>
　　　　</ROW>
　　　　<ROW>
　　　　　　<SEQNO>20</SEQNO>
　　　　　　<LEVEL>3</LEVEL>
　　　　　　<BOLD>0</BOLD>
　　　　　　<科目>交通及運輸設備</科目>
　　　　　　<金額>61735896094.00</金額>
　　　　　　<百分比>1.2</百分比>
　　　　</ROW>
　　　　<ROW>
　　　　　　<SEQNO>21</SEQNO>
　　　　　　<LEVEL>3</LEVEL>
　　　　　　<BOLD>0</BOLD>
　　　　　　<科目>什項設備</科目>
　　　　　　<金額>42488412271.00</金額>
　　　　　　<百分比>0.8</百分比>
　　　　</ROW>
　　　　<ROW>
　　　　　　<SEQNO>22</SEQNO>
　　　　　　<LEVEL>3</LEVEL>
　　　　　　<BOLD>0</BOLD>
　　　　　　<科目>租賃資產</科目>
　　　　　　<金額>10667898.00</金額>
　　　　　　<百分比>-</百分比>
　　　　</ROW>
　　　　<ROW>
　　　　　　<SEQNO>23</SEQNO>
　　　　　　<LEVEL>3</LEVEL>
　　　　　　<BOLD>0</BOLD>
　　　　　　<科目>租賃權益改良</科目>
　　　　　　<金額>28786669.00</金額>
　　　　　　<百分比>-</百分比>
　　　　</ROW>
　　　　<ROW>
　　　　　　<SEQNO>24</SEQNO>
　　　　　　<LEVEL>3</LEVEL>
　　　　　　<BOLD>0</BOLD>
　　　　　　<科目>購建中固定資產</科目>
　　　　　　<金額>197338103270.00</金額>
　　　　　　<百分比>3.9</百分比>
　　　　</ROW>
　　　　<ROW>
　　　　　　<SEQNO>25</SEQNO>
　　　　　　<LEVEL>2</LEVEL>
　　　　　　<BOLD>1</BOLD>
　　　　　　<科目>遞耗資產</科目>
　　　　　　<金額>15528012.00</金額>
　　　　　　<百分比>-</百分比>
　　　　</ROW>
　　　　<ROW>
　　　　　　<SEQNO>26</SEQNO>
　　　　　　<LEVEL>3</LEVEL>
　　　　　　<BOLD>0</BOLD>
　　　　　　<科目>農作物</科目>
　　　　　　<金額>5030512.00</金額>
　　　　　　<百分比>-</百分比>
　　　　</ROW>
　　　　<ROW>
　　　　　　<SEQNO>27</SEQNO>
　　　　　　<LEVEL>3</LEVEL>
　　　　　　<BOLD>0</BOLD>
　　　　　　<科目>經濟動物</科目>
　　　　　　<金額>10229040.00</金額>
　　　　　　<百分比>-</百分比>
　　　　</ROW>
　　　　<ROW>
　　　　　　<SEQNO>28</SEQNO>
　　　　　　<LEVEL>3</LEVEL>
　　　　　　<BOLD>0</BOLD>
　　　　　　<科目>礦源</科目>
　　　　　　<金額>268460.00</金額>
　　　　　　<百分比>-</百分比>
　　　　</ROW>
　　　　<ROW>
　　　　　　<SEQNO>29</SEQNO>
　　　　　　<LEVEL>2</LEVEL>
　　　　　　<BOLD>1</BOLD>
　　　　　　<科目>無形資產</科目>
　　　　　　<金額>2834953809.00</金額>
　　　　　　<百分比>0.1</百分比>
　　　　</ROW>
　　　　<ROW>
　　　　　　<SEQNO>30</SEQNO>
　　　　　　<LEVEL>3</LEVEL>
　　　　　　<BOLD>0</BOLD>
　　　　　　<科目>無形資產</科目>
　　　　　　<金額>2834953809.00</金額>
　　　　　　<百分比>0.1</百分比>
　　　　</ROW>
　　　　<ROW>
　　　　　　<SEQNO>31</SEQNO>
　　　　　　<LEVEL>2</LEVEL>
　　　　　　<BOLD>1</BOLD>
　　　　　　<科目>遞延借項</科目>
　　　　　　<金額>9330900051.00</金額>
　　　　　　<百分比>0.2</百分比>
　　　　</ROW>
　　　　<ROW>
　　　　　　<SEQNO>32</SEQNO>
　　　　　　<LEVEL>3</LEVEL>
　　　　　　<BOLD>0</BOLD>
　　　　　　<科目>遞延費用</科目>
　　　　　　<金額>9330900051.00</金額>
　　　　　　<百分比>0.2</百分比>
　　　　</ROW>
　　　　<ROW>
　　　　　　<SEQNO>33</SEQNO>
　　　　　　<LEVEL>2</LEVEL>
　　　　　　<BOLD>1</BOLD>
　　　　　　<科目>其他資產</科目>
　　　　　　<金額>648091278637.18</金額>
　　　　　　<百分比>12.7</百分比>
　　　　</ROW>
　　　　<ROW>
　　　　　　<SEQNO>34</SEQNO>
　　　　　　<LEVEL>3</LEVEL>
　　　　　　<BOLD>0</BOLD>
　　　　　　<科目>非業務資產</科目>
　　　　　　<金額>6143164324.18</金額>
　　　　　　<百分比>0.1</百分比>
　　　　</ROW>
　　　　<ROW>
　　　　　　<SEQNO>35</SEQNO>
　　　　　　<LEVEL>3</LEVEL>
　　　　　　<BOLD>0</BOLD>
　　　　　　<科目>什項資產</科目>
　　　　　　<金額>641948114313.00</金額>
　　　　　　<百分比>12.6</百分比>
　　　　</ROW>
　　　　<ROW>
　　　　　　<SEQNO>36</SEQNO>
　　　　　　<LEVEL>3</LEVEL>
　　　　　　<BOLD>0</BOLD>
　　　　　　<科目>待整理資產</科目>
　　　　　　<金額 />
　　　　　　<百分比 />
　　　　</ROW>
　　　　<ROW>
　　　　　　<SEQNO>37</SEQNO>
　　　　　　<LEVEL>3</LEVEL>
　　　　　　<BOLD>0</BOLD>
　　　　　　<科目>附設業務組織權益</科目>
　　　　　　<金額 />
　　　　　　<百分比 />
　　　　</ROW>
　　　　<ROW>
　　　　　　<SEQNO>38</SEQNO>
　　　　　　<LEVEL>1</LEVEL>
　　　　　　<BOLD>1</BOLD>
　　　　　　<科目>合計</科目>
　　　　　　<金額>5095263686726.04</金額>
　　　　　　<百分比>100.0</百分比>
　　　　</ROW>
　　　　<ROW>
　　　　　　<SEQNO>39</SEQNO>
　　　　　　<LEVEL>1</LEVEL>
　　　　　　<BOLD>1</BOLD>
　　　　　　<科目>負債</科目>
　　　　　　<金額>2839819087554.97</金額>
　　　　　　<百分比>55.7</百分比>
　　　　</ROW>
　　　　<ROW>
　　　　　　<SEQNO>40</SEQNO>
　　　　　　<LEVEL>2</LEVEL>
　　　　　　<BOLD>1</BOLD>
　　　　　　<科目>流動負債</科目>
　　　　　　<金額>372973125205.10</金額>
　　　　　　<百分比>7.3</百分比>
　　　　</ROW>
　　　　<ROW>
　　　　　　<SEQNO>41</SEQNO>
　　　　　　<LEVEL>3</LEVEL>
　　　　　　<BOLD>0</BOLD>
　　　　　　<科目>短期債務</科目>
　　　　　　<金額>187918349944.00</金額>
　　　　　　<百分比>3.7</百分比>
　　　　</ROW>
　　　　<ROW>
　　　　　　<SEQNO>42</SEQNO>
　　　　　　<LEVEL>3</LEVEL>
　　　　　　<BOLD>0</BOLD>
　　　　　　<科目>應付款項</科目>
　　　　　　<金額>138480294491.10</金額>
　　　　　　<百分比>2.7</百分比>
　　　　</ROW>
　　　　<ROW>
　　　　　　<SEQNO>43</SEQNO>
　　　　　　<LEVEL>3</LEVEL>
　　　　　　<BOLD>0</BOLD>
　　　　　　<科目>預收款項</科目>
　　　　　　<金額>46303762243.00</金額>
　　　　　　<百分比>0.9</百分比>
　　　　</ROW>
　　　　<ROW>
　　　　　　<SEQNO>44</SEQNO>
　　　　　　<LEVEL>3</LEVEL>
　　　　　　<BOLD>0</BOLD>
　　　　　　<科目>流動金融負債</科目>
　　　　　　<金額>270718527.00</金額>
　　　　　　<百分比>-</百分比>
　　　　</ROW>
　　　　<ROW>
　　　　　　<SEQNO>45</SEQNO>
　　　　　　<LEVEL>2</LEVEL>
　　　　　　<BOLD>1</BOLD>
　　　　　　<科目>長期負債</科目>
　　　　　　<金額>300586152244.00</金額>
　　　　　　<百分比>5.9</百分比>
　　　　</ROW>
　　　　<ROW>
　　　　　　<SEQNO>46</SEQNO>
　　　　　　<LEVEL>3</LEVEL>
　　　　　　<BOLD>0</BOLD>
　　　　　　<科目>長期債務</科目>
　　　　　　<金額>300586152244.00</金額>
　　　　　　<百分比>5.9</百分比>
　　　　</ROW>
　　　　<ROW>
　　　　　　<SEQNO>47</SEQNO>
　　　　　　<LEVEL>3</LEVEL>
　　　　　　<BOLD>0</BOLD>
　　　　　　<科目>非流動金融負債</科目>
　　　　　　<金額 />
　　　　　　<百分比 />
　　　　</ROW>
　　　　<ROW>
　　　　　　<SEQNO>48</SEQNO>
　　　　　　<LEVEL>2</LEVEL>
　　　　　　<BOLD>1</BOLD>
　　　　　　<科目>其他負債</科目>
　　　　　　<金額>2150882182328.87</金額>
　　　　　　<百分比>42.2</百分比>
　　　　</ROW>
　　　　<ROW>
　　　　　　<SEQNO>49</SEQNO>
　　　　　　<LEVEL>3</LEVEL>
　　　　　　<BOLD>0</BOLD>
　　　　　　<科目>負債準備</科目>
　　　　　　<金額>1458440880997.74</金額>
　　　　　　<百分比>28.6</百分比>
　　　　</ROW>
　　　　<ROW>
　　　　　　<SEQNO>50</SEQNO>
　　　　　　<LEVEL>3</LEVEL>
　　　　　　<BOLD>0</BOLD>
　　　　　　<科目>什項負債</科目>
　　　　　　<金額>692441301331.13</金額>
　　　　　　<百分比>13.6</百分比>
　　　　</ROW>
　　　　<ROW>
　　　　　　<SEQNO>51</SEQNO>
　　　　　　<LEVEL>2</LEVEL>
　　　　　　<BOLD>1</BOLD>
　　　　　　<科目>遞延貸項</科目>
　　　　　　<金額>15377627777.00</金額>
　　　　　　<百分比>0.3</百分比>
　　　　</ROW>
　　　　<ROW>
　　　　　　<SEQNO>52</SEQNO>
　　　　　　<LEVEL>3</LEVEL>
　　　　　　<BOLD>0</BOLD>
　　　　　　<科目>遞延收入</科目>
　　　　　　<金額>15377627777.00</金額>
　　　　　　<百分比>0.3</百分比>
　　　　</ROW>
　　　　<ROW>
　　　　　　<SEQNO>53</SEQNO>
　　　　　　<LEVEL>1</LEVEL>
　　　　　　<BOLD>1</BOLD>
　　　　　　<科目>淨值</科目>
　　　　　　<金額>2255444599171.07</金額>
　　　　　　<百分比>44.3</百分比>
　　　　</ROW>
　　　　<ROW>
　　　　　　<SEQNO>54</SEQNO>
　　　　　　<LEVEL>2</LEVEL>
　　　　　　<BOLD>1</BOLD>
　　　　　　<科目>基金</科目>
　　　　　　<金額>1516181392190.72</金額>
　　　　　　<百分比>29.8</百分比>
　　　　</ROW>
　　　　<ROW>
　　　　　　<SEQNO>55</SEQNO>
　　　　　　<LEVEL>3</LEVEL>
　　　　　　<BOLD>0</BOLD>
　　　　　　<科目>基金</科目>
　　　　　　<金額>1516181392190.72</金額>
　　　　　　<百分比>29.8</百分比>
　　　　</ROW>
　　　　<ROW>
　　　　　　<SEQNO>56</SEQNO>
　　　　　　<LEVEL>2</LEVEL>
　　　　　　<BOLD>1</BOLD>
　　　　　　<科目>公積</科目>
　　　　　　<金額>244945230844.99</金額>
　　　　　　<百分比>4.8</百分比>
　　　　</ROW>
　　　　<ROW>
　　　　　　<SEQNO>57</SEQNO>
　　　　　　<LEVEL>3</LEVEL>
　　　　　　<BOLD>0</BOLD>
　　　　　　<科目>資本公積</科目>
　　　　　　<金額>201530616253.78</金額>
　　　　　　<百分比>4.0</百分比>
　　　　</ROW>
　　　　<ROW>
　　　　　　<SEQNO>58</SEQNO>
　　　　　　<LEVEL>3</LEVEL>
　　　　　　<BOLD>0</BOLD>
　　　　　　<科目>特別公積</科目>
　　　　　　<金額>43414614591.21</金額>
　　　　　　<百分比>0.9</百分比>
　　　　</ROW>
　　　　<ROW>
　　　　　　<SEQNO>59</SEQNO>
　　　　　　<LEVEL>2</LEVEL>
　　　　　　<BOLD>1</BOLD>
　　　　　　<科目>累積餘絀(-)</科目>
　　　　　　<金額>-9362538933.95</金額>
　　　　　　<百分比>-0.2</百分比>
　　　　</ROW>
　　　　<ROW>
　　　　　　<SEQNO>60</SEQNO>
　　　　　　<LEVEL>3</LEVEL>
　　　　　　<BOLD>0</BOLD>
　　　　　　<科目>累積賸餘</科目>
　　　　　　<金額>80133170948.83</金額>
　　　　　　<百分比>1.6</百分比>
　　　　</ROW>
　　　　<ROW>
　　　　　　<SEQNO>61</SEQNO>
　　　　　　<LEVEL>3</LEVEL>
　　　　　　<BOLD>0</BOLD>
　　　　　　<科目>累積短絀(-)</科目>
　　　　　　<金額>-89495709882.78</金額>
　　　　　　<百分比>-1.8</百分比>
　　　　</ROW>
　　　　<ROW>
　　　　　　<SEQNO>62</SEQNO>
　　　　　　<LEVEL>2</LEVEL>
　　　　　　<BOLD>1</BOLD>
　　　　　　<科目>淨值其他項目</科目>
　　　　　　<金額>503680515069.31</金額>
　　　　　　<百分比>9.9</百分比>
　　　　</ROW>
　　　　<ROW>
　　　　　　<SEQNO>63</SEQNO>
　　　　　　<LEVEL>3</LEVEL>
　　　　　　<BOLD>0</BOLD>
　　　　　　<科目>金融商品未實現餘絀</科目>
　　　　　　<金額>309999184877.00</金額>
　　　　　　<百分比>6.1</百分比>
　　　　</ROW>
　　　　<ROW>
　　　　　　<SEQNO>64</SEQNO>
　　　　　　<LEVEL>3</LEVEL>
　　　　　　<BOLD>0</BOLD>
　　　　　　<科目>累積換算調整數</科目>
　　　　　　<金額>671698.00</金額>
　　　　　　<百分比>-</百分比>
　　　　</ROW>
　　　　<ROW>
　　　　　　<SEQNO>65</SEQNO>
　　　　　　<LEVEL>3</LEVEL>
　　　　　　<BOLD>0</BOLD>
　　　　　　<科目>未認列為退休金成本之淨損失</科目>
　　　　　　<金額>-235324.00</金額>
　　　　　　<百分比>-</百分比>
　　　　</ROW>
　　　　<ROW>
　　　　　　<SEQNO>66</SEQNO>
　　　　　　<LEVEL>3</LEVEL>
　　　　　　<BOLD>0</BOLD>
　　　　　　<科目>未實現重估增值</科目>
　　　　　　<金額>193680893818.31</金額>
　　　　　　<百分比>3.8</百分比>
　　　　</ROW>
　　　　<ROW>
　　　　　　<SEQNO>67</SEQNO>
　　　　　　<LEVEL>1</LEVEL>
　　　　　　<BOLD>1</BOLD>
　　　　　　<科目>合計</科目>
　　　　　　<金額>5095263686726.04</金額>
　　　　　　<百分比>100.0</百分比>
　　　　</ROW>
　　　　<COMM>1.信託代理與保證資產(負債)57,807,999,419元。
2.因擔保、保證或契約可能造成未來會計年度支出事項(包括或有負債)10,485,486,892,943元。
3.或有資產64,286,341元。</COMM>
　　</DataSet>
</GenericData>

