﻿<?xml version="1.0" encoding="UTF-8"?>
<GenericData>
<Header>
<Table Id="FNGXBCSHFLOWR" Name="中華民國100年度法定預算資本計畫基金現金流量綜計表" Domain="NBA" /> 
<Program Id="NBAGGR020_G"/> 
<Sender Name="行政院主計總處"/>
</Header>

<DataSet>
<ROW>
<項目>業務活動之現金流量</項目>
<本年度預算數></本年度預算數>
</ROW>
<ROW>
<項目>本期賸餘（短絀－）</項目>
<本年度預算數>-2091657</本年度預算數>
</ROW>
<ROW>
<項目>調整非現金項目</項目>
<本年度預算數>-214149</本年度預算數>
</ROW>
<ROW>
<項目>業務活動之淨現金流入（流出－）</項目>
<本年度預算數>-2305806</本年度預算數>
</ROW>
<ROW>
<項目>其他活動之現金流量</項目>
<本年度預算數></本年度預算數>
</ROW>
<ROW>
<項目>減少短期投資及短期貸墊款</項目>
<本年度預算數>0</本年度預算數>
</ROW>
<ROW>
<項目>減少投資、長期應收款項、貸墊款及準備金</項目>
<本年度預算數>0</本年度預算數>
</ROW>
<ROW>
<項目>減少其他資產</項目>
<本年度預算數>0</本年度預算數>
</ROW>
<ROW>
<項目>增加短期債務及其他負債</項目>
<本年度預算數>0</本年度預算數>
</ROW>
<ROW>
<項目>其他項目之現金流入</項目>
<本年度預算數>0</本年度預算數>
</ROW>
<ROW>
<項目>增加短期投資及短期貸墊款</項目>
<本年度預算數>0</本年度預算數>
</ROW>
<ROW>
<項目>增加投資、長期應收款項、貸墊款及準備金</項目>
<本年度預算數>0</本年度預算數>
</ROW>
<ROW>
<項目>增加其他資產</項目>
<本年度預算數>0</本年度預算數>
</ROW>
<ROW>
<項目>減少短期債務及其他負債</項目>
<本年度預算數>0</本年度預算數>
</ROW>
<ROW>
<項目>其他項目之現金流出</項目>
<本年度預算數>0</本年度預算數>
</ROW>
<ROW>
<項目>其他活動之淨現金流入（流出－）</項目>
<本年度預算數>0</本年度預算數>
</ROW>
<ROW>
<項目>現金及約當現金之淨增（淨減－）</項目>
<本年度預算數>-2305806</本年度預算數>
</ROW>
<ROW>
<項目>期初現金及約當現金</項目>
<本年度預算數>10886520</本年度預算數>
</ROW>
<ROW>
<項目>期末現金及約當現金</項目>
<本年度預算數>8580714</本年度預算數>
</ROW>
<ROW>
<備註>1.本表係採現金及約當現金基礎，包括現金及自投資日起3個月內到期或清償之債權證券。2.本表「調整非現金項目」欄所列，包括提存呆帳、流動資產淨減（淨增－）及流動負債淨增（淨減－）及其他不影響現金流量之非現金項目。</備註>
</ROW>
</DataSet>
</GenericData>
