<?xml version="1.0" encoding="UTF-8"?>
<tables>
    <BCTMCAR>
        <BCTMCAR_row>
            <bq_fiscalyear>106</bq_fiscalyear>
            <bq_fundkind>1</bq_fundkind>
            <bq_budgetkind>1</bq_budgetkind>
            <bq_specialbudgetno/>
            <bq_agenno>39001</bq_agenno>
            <bq_agentype>C</bq_agentype>
            <bq_budgetstate>1</bq_budgetstate>
            <bq_budgetno>42390010100</bq_budgetno>
            <bq_objectno>07351600</bq_objectno>
            <bq_carid>1</bq_carid>
            <bq_persons>1</bq_persons>
            <bq_buydate>91 02</bq_buydate>
            <bq_ventsize>124</bq_ventsize>
            <bq_oilamt>624</bq_oilamt>
            <bq_oilprice>23.40</bq_oilprice>
            <bq_amt_maintain>3000.00</bq_amt_maintain>
            <bq_amt5>2000.00</bq_amt5>
            <bq_carnum>2</bq_carnum>
            <bq_remark>BHO-008、BHO-009。</bq_remark>
            <bq_lpgamt>0</bq_lpgamt>
            <bq_lpgprice>0.00</bq_lpgprice>
            <bq_versiondate/>
        </BCTMCAR_row>
        <BCTMCAR_row>
            <bq_fiscalyear>106</bq_fiscalyear>
            <bq_fundkind>1</bq_fundkind>
            <bq_budgetkind>1</bq_budgetkind>
            <bq_specialbudgetno/>
            <bq_agenno>39001</bq_agenno>
            <bq_agentype>C</bq_agentype>
            <bq_budgetstate>1</bq_budgetstate>
            <bq_budgetno>42390010100</bq_budgetno>
            <bq_objectno>07350400</bq_objectno>
            <bq_carid>1827-DW</bq_carid>
            <bq_persons>4</bq_persons>
            <bq_buydate>93 08</bq_buydate>
            <bq_ventsize>2995</bq_ventsize>
            <bq_oilamt>1668</bq_oilamt>
            <bq_oilprice>23.40</bq_oilprice>
            <bq_amt_maintain>51000.00</bq_amt_maintain>
            <bq_amt5>55000.00</bq_amt5>
            <bq_carnum>1</bq_carnum>
            <bq_remark/>
            <bq_lpgamt>0</bq_lpgamt>
            <bq_lpgprice>0.00</bq_lpgprice>
            <bq_versiondate/>
        </BCTMCAR_row>
        <BCTMCAR_row>
            <bq_fiscalyear>106</bq_fiscalyear>
            <bq_fundkind>1</bq_fundkind>
            <bq_budgetkind>1</bq_budgetkind>
            <bq_specialbudgetno/>
            <bq_agenno>39001</bq_agenno>
            <bq_agentype>C</bq_agentype>
            <bq_budgetstate>1</bq_budgetstate>
            <bq_budgetno>42390010100</bq_budgetno>
            <bq_objectno>07350400</bq_objectno>
            <bq_carid>1833-DW</bq_carid>
            <bq_persons>4</bq_persons>
            <bq_buydate>93 08</bq_buydate>
            <bq_ventsize>2995</bq_ventsize>
            <bq_oilamt>1668</bq_oilamt>
            <bq_oilprice>23.40</bq_oilprice>
            <bq_amt_maintain>51000.00</bq_amt_maintain>
            <bq_amt5>55000.00</bq_amt5>
            <bq_carnum>1</bq_carnum>
            <bq_remark>原副首長專用車，汰換為公務轎車。</bq_remark>
            <bq_lpgamt>0</bq_lpgamt>
            <bq_lpgprice>0.00</bq_lpgprice>
            <bq_versiondate/>
        </BCTMCAR_row>
        <BCTMCAR_row>
            <bq_fiscalyear>106</bq_fiscalyear>
            <bq_fundkind>1</bq_fundkind>
            <bq_budgetkind>1</bq_budgetkind>
            <bq_specialbudgetno/>
            <bq_agenno>39001</bq_agenno>
            <bq_agentype>C</bq_agentype>
            <bq_budgetstate>1</bq_budgetstate>
            <bq_budgetno>42390010100</bq_budgetno>
            <bq_objectno>07350400</bq_objectno>
            <bq_carid>9031-DP</bq_carid>
            <bq_persons>4</bq_persons>
            <bq_buydate>93 02</bq_buydate>
            <bq_ventsize>2988</bq_ventsize>
            <bq_oilamt>417</bq_oilamt>
            <bq_oilprice>23.40</bq_oilprice>
            <bq_amt_maintain>13000.00</bq_amt_maintain>
            <bq_amt5>17000.00</bq_amt5>
            <bq_carnum>1</bq_carnum>
            <bq_remark>預計106年4月汰換，並依規定辦理報廢。</bq_remark>
            <bq_lpgamt>0</bq_lpgamt>
            <bq_lpgprice>0.00</bq_lpgprice>
            <bq_versiondate/>
        </BCTMCAR_row>
        <BCTMCAR_row>
            <bq_fiscalyear>106</bq_fiscalyear>
            <bq_fundkind>1</bq_fundkind>
            <bq_budgetkind>1</bq_budgetkind>
            <bq_specialbudgetno/>
            <bq_agenno>39001</bq_agenno>
            <bq_agentype>C</bq_agentype>
            <bq_budgetstate>1</bq_budgetstate>
            <bq_budgetno>42390010100</bq_budgetno>
            <bq_objectno>07350100</bq_objectno>
            <bq_carid>AGL-8989</bq_carid>
            <bq_persons>4</bq_persons>
            <bq_buydate>10404</bq_buydate>
            <bq_ventsize>2496</bq_ventsize>
            <bq_oilamt>1668</bq_oilamt>
            <bq_oilprice>23.40</bq_oilprice>
            <bq_amt_maintain>21000.00</bq_amt_maintain>
            <bq_amt5>65000.00</bq_amt5>
            <bq_carnum>1</bq_carnum>
            <bq_remark/>
            <bq_lpgamt>0</bq_lpgamt>
            <bq_lpgprice>0.00</bq_lpgprice>
            <bq_versiondate/>
        </BCTMCAR_row>
        <BCTMCAR_row>
            <bq_fiscalyear>106</bq_fiscalyear>
            <bq_fundkind>1</bq_fundkind>
            <bq_budgetkind>1</bq_budgetkind>
            <bq_specialbudgetno/>
            <bq_agenno>39001</bq_agenno>
            <bq_agentype>C</bq_agentype>
            <bq_budgetstate>1</bq_budgetstate>
            <bq_budgetno>42390010100</bq_budgetno>
            <bq_objectno>07350200</bq_objectno>
            <bq_carid>ANY-3935</bq_carid>
            <bq_persons>4</bq_persons>
            <bq_buydate>10506</bq_buydate>
            <bq_ventsize>1998</bq_ventsize>
            <bq_oilamt>1668</bq_oilamt>
            <bq_oilprice>23.40</bq_oilprice>
            <bq_amt_maintain>9000.00</bq_amt_maintain>
            <bq_amt5>60000.00</bq_amt5>
            <bq_carnum>1</bq_carnum>
            <bq_remark/>
            <bq_lpgamt>0</bq_lpgamt>
            <bq_lpgprice>0.00</bq_lpgprice>
            <bq_versiondate/>
        </BCTMCAR_row>
        <BCTMCAR_row>
            <bq_fiscalyear>106</bq_fiscalyear>
            <bq_fundkind>1</bq_fundkind>
            <bq_budgetkind>1</bq_budgetkind>
            <bq_specialbudgetno/>
            <bq_agenno>39001</bq_agenno>
            <bq_agentype>C</bq_agentype>
            <bq_budgetstate>1</bq_budgetstate>
            <bq_budgetno>42390010100</bq_budgetno>
            <bq_objectno>07350200</bq_objectno>
            <bq_carid>新購001</bq_carid>
            <bq_persons>4</bq_persons>
            <bq_buydate>10604</bq_buydate>
            <bq_ventsize>2000</bq_ventsize>
            <bq_oilamt>1251</bq_oilamt>
            <bq_oilprice>23.40</bq_oilprice>
            <bq_amt_maintain>6000.00</bq_amt_maintain>
            <bq_amt5>45000.00</bq_amt5>
            <bq_carnum>1</bq_carnum>
            <bq_remark>預計106年4月汰換，車種為副首長專用車。</bq_remark>
            <bq_lpgamt>0</bq_lpgamt>
            <bq_lpgprice>0.00</bq_lpgprice>
            <bq_versiondate/>
        </BCTMCAR_row>
    </BCTMCAR>
</tables>
