<?xml version="1.0" encoding="UTF-8"?>
<tables>
    <BCTDOUTGO>
        <BCTDOUTGO_row>
            <bm_fiscalyear>106</bm_fiscalyear>
            <bm_fundkind>1</bm_fundkind>
            <bm_budgetkind>1</bm_budgetkind>
            <bm_specialbudgetno/>
            <bm_agenno>39001</bm_agenno>
            <bm_agentype>C</bm_agentype>
            <bm_budgetstate>1</bm_budgetstate>
            <bm_abroadplan>1</bm_abroadplan>
            <bm_projtype>10</bm_projtype>
            <bm_projno>2</bm_projno>
            <bm_abroadplanname>視察海外華僑文教服務中心建置計畫執行及運作情形並訪問僑社</bm_abroadplanname>
            <bm_visitsts>0</bm_visitsts>
            <bm_visitexplain/>
            <bm_dispatchstaffs>0</bm_dispatchstaffs>
            <bm_abroadsite1/>
            <bm_abroadsite2/>
            <bm_abroadsite3/>
            <bm_abroadperiod1/>
            <bm_abroadperiodto1/>
            <bm_abroadperiod2/>
            <bm_abroadperiodto2/>
            <bm_abroadperiod3/>
            <bm_abroadperiodto3/>
            <bm_abroadstaffs1>0</bm_abroadstaffs1>
            <bm_abroadstaffs2>0</bm_abroadstaffs2>
            <bm_abroadstaffs3>0</bm_abroadstaffs3>
            <bm_abroadallowance1>0.00</bm_abroadallowance1>
            <bm_abroadallowance2>0.00</bm_abroadallowance2>
            <bm_abroadallowance3>0.00</bm_abroadallowance3>
            <bm_budgetno>42390011000</bm_budgetno>
            <bm_regionno/>
            <bm_country>美加、歐洲地區</bm_country>
            <bm_agency>海外華僑文教服務中心、當地僑團(社)</bm_agency>
            <bm_cont_text>邀請相關督導權責單位人員實地瞭解華僑文教服務中心購置案相關進程，輔助中心建置、營運、帳務等健全發展。另安排訪問僑社，加強僑社聯繫服務及溝通，以凝聚僑心。</bm_cont_text>
            <bm_durationfrom>10601</bm_durationfrom>
            <bm_durationto>10612</bm_durationto>
            <bm_days>5</bm_days>
            <bm_persons>4</bm_persons>
            <bm_amt_trans>219000.00</bm_amt_trans>
            <bm_amt_life>141000.00</bm_amt_life>
            <bm_amt_public>12000.00</bm_amt_public>
            <bm_amt_books>0.00</bm_amt_books>
            <bm_amt_flight>0.00</bm_amt_flight>
            <bm_versiondate/>
        </BCTDOUTGO_row>
        <BCTDOUTGO_row>
            <bm_fiscalyear>106</bm_fiscalyear>
            <bm_fundkind>1</bm_fundkind>
            <bm_budgetkind>1</bm_budgetkind>
            <bm_specialbudgetno/>
            <bm_agenno>39001</bm_agenno>
            <bm_agentype>C</bm_agentype>
            <bm_budgetstate>1</bm_budgetstate>
            <bm_abroadplan>1</bm_abroadplan>
            <bm_projtype>10</bm_projtype>
            <bm_projno>3</bm_projno>
            <bm_abroadplanname>參加並督導海外僑社辦理華裔青少年夏令營及巡迴文化教師教學暨海外青年聯誼組織聯繫及活動情形</bm_abroadplanname>
            <bm_visitsts>0</bm_visitsts>
            <bm_visitexplain/>
            <bm_dispatchstaffs>0</bm_dispatchstaffs>
            <bm_abroadsite1/>
            <bm_abroadsite2/>
            <bm_abroadsite3/>
            <bm_abroadperiod1/>
            <bm_abroadperiodto1/>
            <bm_abroadperiod2/>
            <bm_abroadperiodto2/>
            <bm_abroadperiod3/>
            <bm_abroadperiodto3/>
            <bm_abroadstaffs1>0</bm_abroadstaffs1>
            <bm_abroadstaffs2>0</bm_abroadstaffs2>
            <bm_abroadstaffs3>0</bm_abroadstaffs3>
            <bm_abroadallowance1>0.00</bm_abroadallowance1>
            <bm_abroadallowance2>0.00</bm_abroadallowance2>
            <bm_abroadallowance3>0.00</bm_abroadallowance3>
            <bm_budgetno>42390012420</bm_budgetno>
            <bm_regionno/>
            <bm_country>美洲、歐洲、非洲、亞太地區</bm_country>
            <bm_agency>當地僑團（社、校）</bm_agency>
            <bm_cont_text>&amp;lt;#H1&amp;gt;赴各營區及各僑團（校）瞭解夏令營、巡迴文化教學辦理情形與教學效果，及瞭解輔導聯繫華僑青年組織活動情形，傳達對海外華裔青少年之重視與關懷。&amp;lt;#H1&amp;gt;分別與僑教人士及重要青年組織人士座談，蒐集對教師遴派、課程內容、行程安排及對輔導協助措施之各項建議，以掌握全盤狀況，作為改進參考，使本項工作確能符合海外需要，達成應有成效。</bm_cont_text>
            <bm_durationfrom>10601</bm_durationfrom>
            <bm_durationto>10612</bm_durationto>
            <bm_days>8</bm_days>
            <bm_persons>1</bm_persons>
            <bm_amt_trans>83000.00</bm_amt_trans>
            <bm_amt_life>54000.00</bm_amt_life>
            <bm_amt_public>5000.00</bm_amt_public>
            <bm_amt_books>0.00</bm_amt_books>
            <bm_amt_flight>0.00</bm_amt_flight>
            <bm_versiondate/>
        </BCTDOUTGO_row>
        <BCTDOUTGO_row>
            <bm_fiscalyear>106</bm_fiscalyear>
            <bm_fundkind>1</bm_fundkind>
            <bm_budgetkind>1</bm_budgetkind>
            <bm_specialbudgetno/>
            <bm_agenno>39001</bm_agenno>
            <bm_agentype>C</bm_agentype>
            <bm_budgetstate>1</bm_budgetstate>
            <bm_abroadplan>1</bm_abroadplan>
            <bm_projtype>10</bm_projtype>
            <bm_projno>4</bm_projno>
            <bm_abroadplanname>訪視海外僑團辦理大型文藝體育活動情形及成效</bm_abroadplanname>
            <bm_visitsts>0</bm_visitsts>
            <bm_visitexplain/>
            <bm_dispatchstaffs>0</bm_dispatchstaffs>
            <bm_abroadsite1/>
            <bm_abroadsite2/>
            <bm_abroadsite3/>
            <bm_abroadperiod1/>
            <bm_abroadperiodto1/>
            <bm_abroadperiod2/>
            <bm_abroadperiodto2/>
            <bm_abroadperiod3/>
            <bm_abroadperiodto3/>
            <bm_abroadstaffs1>0</bm_abroadstaffs1>
            <bm_abroadstaffs2>0</bm_abroadstaffs2>
            <bm_abroadstaffs3>0</bm_abroadstaffs3>
            <bm_abroadallowance1>0.00</bm_abroadallowance1>
            <bm_abroadallowance2>0.00</bm_abroadallowance2>
            <bm_abroadallowance3>0.00</bm_abroadallowance3>
            <bm_budgetno>42390012420</bm_budgetno>
            <bm_regionno/>
            <bm_country>美洲、歐洲、非洲、亞太地區</bm_country>
            <bm_agency>當地僑團（社、校）</bm_agency>
            <bm_cont_text>&amp;lt;#H1&amp;gt;為推展臺灣多元文化，鼓勵僑胞積極融入僑居國主流社會，擴大參與公共事務，形成影響力，進而成為政府拓展國際生存空間與實質外交關係之第二軌道，特於僑胞聚集地區，輔導僑團舉辦大型指標性文藝與體育交流活動。&#xd;
&amp;lt;#H1&amp;gt;藉出席活動機會，說明政府政策，宣慰僑胞，傳達對海外僑胞之重視與關懷。&#xd;
&amp;lt;#H1&amp;gt;瞭解海外實際作業情形，加強溝通聯繫，俾作為輔導計畫修正之參考。</bm_cont_text>
            <bm_durationfrom>10601</bm_durationfrom>
            <bm_durationto>10612</bm_durationto>
            <bm_days>10</bm_days>
            <bm_persons>1</bm_persons>
            <bm_amt_trans>79000.00</bm_amt_trans>
            <bm_amt_life>73000.00</bm_amt_life>
            <bm_amt_public>6000.00</bm_amt_public>
            <bm_amt_books>0.00</bm_amt_books>
            <bm_amt_flight>0.00</bm_amt_flight>
            <bm_versiondate/>
        </BCTDOUTGO_row>
        <BCTDOUTGO_row>
            <bm_fiscalyear>106</bm_fiscalyear>
            <bm_fundkind>1</bm_fundkind>
            <bm_budgetkind>1</bm_budgetkind>
            <bm_specialbudgetno/>
            <bm_agenno>39001</bm_agenno>
            <bm_agentype>C</bm_agentype>
            <bm_budgetstate>1</bm_budgetstate>
            <bm_abroadplan>1</bm_abroadplan>
            <bm_projtype>11</bm_projtype>
            <bm_projno>04</bm_projno>
            <bm_abroadplanname>訪問亞洲地區僑社</bm_abroadplanname>
            <bm_visitsts>0</bm_visitsts>
            <bm_visitexplain/>
            <bm_dispatchstaffs>0</bm_dispatchstaffs>
            <bm_abroadsite1/>
            <bm_abroadsite2/>
            <bm_abroadsite3/>
            <bm_abroadperiod1/>
            <bm_abroadperiodto1/>
            <bm_abroadperiod2/>
            <bm_abroadperiodto2/>
            <bm_abroadperiod3/>
            <bm_abroadperiodto3/>
            <bm_abroadstaffs1>0</bm_abroadstaffs1>
            <bm_abroadstaffs2>0</bm_abroadstaffs2>
            <bm_abroadstaffs3>0</bm_abroadstaffs3>
            <bm_abroadallowance1>0.00</bm_abroadallowance1>
            <bm_abroadallowance2>0.00</bm_abroadallowance2>
            <bm_abroadallowance3>0.00</bm_abroadallowance3>
            <bm_budgetno>42390011000</bm_budgetno>
            <bm_regionno/>
            <bm_country>亞洲地區</bm_country>
            <bm_agency>當地僑團（社）</bm_agency>
            <bm_cont_text>加強僑社聯繫服務與溝通，以凝聚僑心。</bm_cont_text>
            <bm_durationfrom>10601</bm_durationfrom>
            <bm_durationto>10612</bm_durationto>
            <bm_days>5</bm_days>
            <bm_persons>2</bm_persons>
            <bm_amt_trans>110000.00</bm_amt_trans>
            <bm_amt_life>66000.00</bm_amt_life>
            <bm_amt_public>6000.00</bm_amt_public>
            <bm_amt_books>0.00</bm_amt_books>
            <bm_amt_flight>0.00</bm_amt_flight>
            <bm_versiondate/>
        </BCTDOUTGO_row>
        <BCTDOUTGO_row>
            <bm_fiscalyear>106</bm_fiscalyear>
            <bm_fundkind>1</bm_fundkind>
            <bm_budgetkind>1</bm_budgetkind>
            <bm_specialbudgetno/>
            <bm_agenno>39001</bm_agenno>
            <bm_agentype>C</bm_agentype>
            <bm_budgetstate>1</bm_budgetstate>
            <bm_abroadplan>1</bm_abroadplan>
            <bm_projtype>11</bm_projtype>
            <bm_projno>05</bm_projno>
            <bm_abroadplanname>訪問中南美洲地區僑社</bm_abroadplanname>
            <bm_visitsts>0</bm_visitsts>
            <bm_visitexplain/>
            <bm_dispatchstaffs>0</bm_dispatchstaffs>
            <bm_abroadsite1/>
            <bm_abroadsite2/>
            <bm_abroadsite3/>
            <bm_abroadperiod1/>
            <bm_abroadperiodto1/>
            <bm_abroadperiod2/>
            <bm_abroadperiodto2/>
            <bm_abroadperiod3/>
            <bm_abroadperiodto3/>
            <bm_abroadstaffs1>0</bm_abroadstaffs1>
            <bm_abroadstaffs2>0</bm_abroadstaffs2>
            <bm_abroadstaffs3>0</bm_abroadstaffs3>
            <bm_abroadallowance1>0.00</bm_abroadallowance1>
            <bm_abroadallowance2>0.00</bm_abroadallowance2>
            <bm_abroadallowance3>0.00</bm_abroadallowance3>
            <bm_budgetno>42390011000</bm_budgetno>
            <bm_regionno/>
            <bm_country>中南美洲地區</bm_country>
            <bm_agency>當地僑團（社）</bm_agency>
            <bm_cont_text>訪問僑社，增進互動溝通，推展僑務工作，鞏固僑社友我陣營。</bm_cont_text>
            <bm_durationfrom>10601</bm_durationfrom>
            <bm_durationto>10612</bm_durationto>
            <bm_days>5</bm_days>
            <bm_persons>1</bm_persons>
            <bm_amt_trans>107000.00</bm_amt_trans>
            <bm_amt_life>37000.00</bm_amt_life>
            <bm_amt_public>3000.00</bm_amt_public>
            <bm_amt_books>0.00</bm_amt_books>
            <bm_amt_flight>0.00</bm_amt_flight>
            <bm_versiondate/>
        </BCTDOUTGO_row>
        <BCTDOUTGO_row>
            <bm_fiscalyear>106</bm_fiscalyear>
            <bm_fundkind>1</bm_fundkind>
            <bm_budgetkind>1</bm_budgetkind>
            <bm_specialbudgetno/>
            <bm_agenno>39001</bm_agenno>
            <bm_agentype>C</bm_agentype>
            <bm_budgetstate>1</bm_budgetstate>
            <bm_abroadplan>1</bm_abroadplan>
            <bm_projtype>11</bm_projtype>
            <bm_projno>06</bm_projno>
            <bm_abroadplanname>訪問歐洲地區僑社</bm_abroadplanname>
            <bm_visitsts>0</bm_visitsts>
            <bm_visitexplain/>
            <bm_dispatchstaffs>0</bm_dispatchstaffs>
            <bm_abroadsite1/>
            <bm_abroadsite2/>
            <bm_abroadsite3/>
            <bm_abroadperiod1/>
            <bm_abroadperiodto1/>
            <bm_abroadperiod2/>
            <bm_abroadperiodto2/>
            <bm_abroadperiod3/>
            <bm_abroadperiodto3/>
            <bm_abroadstaffs1>0</bm_abroadstaffs1>
            <bm_abroadstaffs2>0</bm_abroadstaffs2>
            <bm_abroadstaffs3>0</bm_abroadstaffs3>
            <bm_abroadallowance1>0.00</bm_abroadallowance1>
            <bm_abroadallowance2>0.00</bm_abroadallowance2>
            <bm_abroadallowance3>0.00</bm_abroadallowance3>
            <bm_budgetno>42390011000</bm_budgetno>
            <bm_regionno/>
            <bm_country>歐洲地區</bm_country>
            <bm_agency>當地僑團（社）</bm_agency>
            <bm_cont_text>加強僑社聯繫服務與溝通，以凝聚僑心。</bm_cont_text>
            <bm_durationfrom>10601</bm_durationfrom>
            <bm_durationto>10612</bm_durationto>
            <bm_days>5</bm_days>
            <bm_persons>2</bm_persons>
            <bm_amt_trans>142000.00</bm_amt_trans>
            <bm_amt_life>82000.00</bm_amt_life>
            <bm_amt_public>6000.00</bm_amt_public>
            <bm_amt_books>0.00</bm_amt_books>
            <bm_amt_flight>0.00</bm_amt_flight>
            <bm_versiondate/>
        </BCTDOUTGO_row>
        <BCTDOUTGO_row>
            <bm_fiscalyear>106</bm_fiscalyear>
            <bm_fundkind>1</bm_fundkind>
            <bm_budgetkind>1</bm_budgetkind>
            <bm_specialbudgetno/>
            <bm_agenno>39001</bm_agenno>
            <bm_agentype>C</bm_agentype>
            <bm_budgetstate>1</bm_budgetstate>
            <bm_abroadplan>1</bm_abroadplan>
            <bm_projtype>11</bm_projtype>
            <bm_projno>07</bm_projno>
            <bm_abroadplanname>訪問大洋洲地區僑社</bm_abroadplanname>
            <bm_visitsts>0</bm_visitsts>
            <bm_visitexplain/>
            <bm_dispatchstaffs>0</bm_dispatchstaffs>
            <bm_abroadsite1/>
            <bm_abroadsite2/>
            <bm_abroadsite3/>
            <bm_abroadperiod1/>
            <bm_abroadperiodto1/>
            <bm_abroadperiod2/>
            <bm_abroadperiodto2/>
            <bm_abroadperiod3/>
            <bm_abroadperiodto3/>
            <bm_abroadstaffs1>0</bm_abroadstaffs1>
            <bm_abroadstaffs2>0</bm_abroadstaffs2>
            <bm_abroadstaffs3>0</bm_abroadstaffs3>
            <bm_abroadallowance1>0.00</bm_abroadallowance1>
            <bm_abroadallowance2>0.00</bm_abroadallowance2>
            <bm_abroadallowance3>0.00</bm_abroadallowance3>
            <bm_budgetno>42390011000</bm_budgetno>
            <bm_regionno/>
            <bm_country>大洋洲地區</bm_country>
            <bm_agency>當地僑團（社）</bm_agency>
            <bm_cont_text>加強聯繫僑胞，凝聚僑社友我力量。</bm_cont_text>
            <bm_durationfrom>10601</bm_durationfrom>
            <bm_durationto>10612</bm_durationto>
            <bm_days>5</bm_days>
            <bm_persons>2</bm_persons>
            <bm_amt_trans>121000.00</bm_amt_trans>
            <bm_amt_life>66000.00</bm_amt_life>
            <bm_amt_public>6000.00</bm_amt_public>
            <bm_amt_books>0.00</bm_amt_books>
            <bm_amt_flight>0.00</bm_amt_flight>
            <bm_versiondate/>
        </BCTDOUTGO_row>
        <BCTDOUTGO_row>
            <bm_fiscalyear>106</bm_fiscalyear>
            <bm_fundkind>1</bm_fundkind>
            <bm_budgetkind>1</bm_budgetkind>
            <bm_specialbudgetno/>
            <bm_agenno>39001</bm_agenno>
            <bm_agentype>C</bm_agentype>
            <bm_budgetstate>1</bm_budgetstate>
            <bm_abroadplan>1</bm_abroadplan>
            <bm_projtype>11</bm_projtype>
            <bm_projno>08</bm_projno>
            <bm_abroadplanname>率領臺灣文化訪問團赴海外巡迴訪演</bm_abroadplanname>
            <bm_visitsts>0</bm_visitsts>
            <bm_visitexplain/>
            <bm_dispatchstaffs>0</bm_dispatchstaffs>
            <bm_abroadsite1/>
            <bm_abroadsite2/>
            <bm_abroadsite3/>
            <bm_abroadperiod1/>
            <bm_abroadperiodto1/>
            <bm_abroadperiod2/>
            <bm_abroadperiodto2/>
            <bm_abroadperiod3/>
            <bm_abroadperiodto3/>
            <bm_abroadstaffs1>0</bm_abroadstaffs1>
            <bm_abroadstaffs2>0</bm_abroadstaffs2>
            <bm_abroadstaffs3>0</bm_abroadstaffs3>
            <bm_abroadallowance1>0.00</bm_abroadallowance1>
            <bm_abroadallowance2>0.00</bm_abroadallowance2>
            <bm_abroadallowance3>0.00</bm_abroadallowance3>
            <bm_budgetno>42390012420</bm_budgetno>
            <bm_regionno/>
            <bm_country>美加、歐洲、非洲、亞太地區</bm_country>
            <bm_agency>當地僑團（社、校）</bm_agency>
            <bm_cont_text>&amp;lt;#H1&amp;gt;加強與海外各地僑社、僑胞聯繫，並表達對僑胞關懷之情。&amp;lt;#H1&amp;gt;協助各訪演地點間之聯繫、溝通協調與安排演出等相關事宜，使訪演工作順利圓滿。&amp;lt;#H1&amp;gt;加強與僑團聯絡互動並增進對國內各項政、經建設之瞭解。</bm_cont_text>
            <bm_durationfrom>10601</bm_durationfrom>
            <bm_durationto>10612</bm_durationto>
            <bm_days>25</bm_days>
            <bm_persons>7</bm_persons>
            <bm_amt_trans>1116000.00</bm_amt_trans>
            <bm_amt_life>1173000.00</bm_amt_life>
            <bm_amt_public>105000.00</bm_amt_public>
            <bm_amt_books>0.00</bm_amt_books>
            <bm_amt_flight>0.00</bm_amt_flight>
            <bm_versiondate/>
        </BCTDOUTGO_row>
        <BCTDOUTGO_row>
            <bm_fiscalyear>106</bm_fiscalyear>
            <bm_fundkind>1</bm_fundkind>
            <bm_budgetkind>1</bm_budgetkind>
            <bm_specialbudgetno/>
            <bm_agenno>39001</bm_agenno>
            <bm_agentype>C</bm_agentype>
            <bm_budgetstate>1</bm_budgetstate>
            <bm_abroadplan>1</bm_abroadplan>
            <bm_projtype>11</bm_projtype>
            <bm_projno>09</bm_projno>
            <bm_abroadplanname>輔導馬來西亞各地畢業僑生「文華之夜」等活動</bm_abroadplanname>
            <bm_visitsts>1</bm_visitsts>
            <bm_visitexplain>應邀參加馬來西亞留臺校友會聯合總會、沙巴留臺同學會、砂勞越留臺同學會、檳城留臺同學會等留臺畢業僑生校友會一年一度文華之夜活動，並訪問當地僑社。</bm_visitexplain>
            <bm_dispatchstaffs>0</bm_dispatchstaffs>
            <bm_abroadsite1/>
            <bm_abroadsite2/>
            <bm_abroadsite3/>
            <bm_abroadperiod1/>
            <bm_abroadperiodto1/>
            <bm_abroadperiod2/>
            <bm_abroadperiodto2/>
            <bm_abroadperiod3/>
            <bm_abroadperiodto3/>
            <bm_abroadstaffs1>0</bm_abroadstaffs1>
            <bm_abroadstaffs2>0</bm_abroadstaffs2>
            <bm_abroadstaffs3>0</bm_abroadstaffs3>
            <bm_abroadallowance1>0.00</bm_abroadallowance1>
            <bm_abroadallowance2>0.00</bm_abroadallowance2>
            <bm_abroadallowance3>0.00</bm_abroadallowance3>
            <bm_budgetno>42390012500</bm_budgetno>
            <bm_regionno/>
            <bm_country>馬來西亞</bm_country>
            <bm_agency>留臺畢業僑生校友（同學）會</bm_agency>
            <bm_cont_text>&amp;lt;#H1&amp;gt;馬來西亞地區各留臺校友會每年舉辦「文華節」等週年慶大型系列活動，藉以彰顯留臺人之團結力量，其中「文華之夜」更是高潮。&#xd;
&amp;lt;#H1&amp;gt;由於馬來西亞幅員廣闊，「文華之夜」活動係分別於北馬、南馬、西馬及東馬等不同地區不同城市舉辦，舉辦時間不一，全年數場活動，本會由不同之高層長官分別前往，其中尚有數場活動因受經費有限之故，並無法派員慶賀。&#xd;
&amp;lt;#H1&amp;gt;國內高層正副首長出席可加強聯繫馬來西亞畢業留臺組織，除增進與留臺人之情誼外，亦藉由出席以聯繫校友情誼，增強對我政府之向心力。&#xd;
</bm_cont_text>
            <bm_durationfrom>10601</bm_durationfrom>
            <bm_durationto>10612</bm_durationto>
            <bm_days>4</bm_days>
            <bm_persons>5</bm_persons>
            <bm_amt_trans>136000.00</bm_amt_trans>
            <bm_amt_life>82000.00</bm_amt_life>
            <bm_amt_public>12000.00</bm_amt_public>
            <bm_amt_books>0.00</bm_amt_books>
            <bm_amt_flight>0.00</bm_amt_flight>
            <bm_versiondate/>
        </BCTDOUTGO_row>
        <BCTDOUTGO_row>
            <bm_fiscalyear>106</bm_fiscalyear>
            <bm_fundkind>1</bm_fundkind>
            <bm_budgetkind>1</bm_budgetkind>
            <bm_specialbudgetno/>
            <bm_agenno>39001</bm_agenno>
            <bm_agentype>C</bm_agentype>
            <bm_budgetstate>1</bm_budgetstate>
            <bm_abroadplan>1</bm_abroadplan>
            <bm_projtype>11</bm_projtype>
            <bm_projno>10</bm_projno>
            <bm_abroadplanname>訪問海外華文傳播媒體並與其從業人員座談</bm_abroadplanname>
            <bm_visitsts>0</bm_visitsts>
            <bm_visitexplain/>
            <bm_dispatchstaffs>0</bm_dispatchstaffs>
            <bm_abroadsite1/>
            <bm_abroadsite2/>
            <bm_abroadsite3/>
            <bm_abroadperiod1/>
            <bm_abroadperiodto1/>
            <bm_abroadperiod2/>
            <bm_abroadperiodto2/>
            <bm_abroadperiod3/>
            <bm_abroadperiodto3/>
            <bm_abroadstaffs1>0</bm_abroadstaffs1>
            <bm_abroadstaffs2>0</bm_abroadstaffs2>
            <bm_abroadstaffs3>0</bm_abroadstaffs3>
            <bm_abroadallowance1>0.00</bm_abroadallowance1>
            <bm_abroadallowance2>0.00</bm_abroadallowance2>
            <bm_abroadallowance3>0.00</bm_abroadallowance3>
            <bm_budgetno>42390012600</bm_budgetno>
            <bm_regionno/>
            <bm_country>美洲、歐洲、亞洲、大洋洲地區</bm_country>
            <bm_agency>華文媒體</bm_agency>
            <bm_cont_text>為增進海外華文新聞傳媒對國內政經文教社會建設之瞭解，及強化海外文宣作為，本會適時派員出國以加強與當地華文傳媒之溝通、聯繫。</bm_cont_text>
            <bm_durationfrom>10601</bm_durationfrom>
            <bm_durationto>10612</bm_durationto>
            <bm_days>8</bm_days>
            <bm_persons>1</bm_persons>
            <bm_amt_trans>71000.00</bm_amt_trans>
            <bm_amt_life>54000.00</bm_amt_life>
            <bm_amt_public>5000.00</bm_amt_public>
            <bm_amt_books>0.00</bm_amt_books>
            <bm_amt_flight>0.00</bm_amt_flight>
            <bm_versiondate/>
        </BCTDOUTGO_row>
        <BCTDOUTGO_row>
            <bm_fiscalyear>106</bm_fiscalyear>
            <bm_fundkind>1</bm_fundkind>
            <bm_budgetkind>1</bm_budgetkind>
            <bm_specialbudgetno/>
            <bm_agenno>39001</bm_agenno>
            <bm_agentype>C</bm_agentype>
            <bm_budgetstate>1</bm_budgetstate>
            <bm_abroadplan>1</bm_abroadplan>
            <bm_projtype>11</bm_projtype>
            <bm_projno>11</bm_projno>
            <bm_abroadplanname>訪問海外有線、無線、衛星、網路電視業者及瞭解海外僑胞收閱本會宏觀電視等媒體情形</bm_abroadplanname>
            <bm_visitsts>0</bm_visitsts>
            <bm_visitexplain/>
            <bm_dispatchstaffs>0</bm_dispatchstaffs>
            <bm_abroadsite1/>
            <bm_abroadsite2/>
            <bm_abroadsite3/>
            <bm_abroadperiod1/>
            <bm_abroadperiodto1/>
            <bm_abroadperiod2/>
            <bm_abroadperiodto2/>
            <bm_abroadperiod3/>
            <bm_abroadperiodto3/>
            <bm_abroadstaffs1>0</bm_abroadstaffs1>
            <bm_abroadstaffs2>0</bm_abroadstaffs2>
            <bm_abroadstaffs3>0</bm_abroadstaffs3>
            <bm_abroadallowance1>0.00</bm_abroadallowance1>
            <bm_abroadallowance2>0.00</bm_abroadallowance2>
            <bm_abroadallowance3>0.00</bm_abroadallowance3>
            <bm_budgetno>42390012600</bm_budgetno>
            <bm_regionno/>
            <bm_country>美加、亞太地區</bm_country>
            <bm_agency>有線、無線、衛星、網路電視業者及當地僑團（社）</bm_agency>
            <bm_cont_text>&amp;lt;#H1&amp;gt;實地訪問海外有線、無線、衛星及網路電視頻道業者，瞭解海外電視傳媒現況，以利業務規劃。&#xd;
&amp;lt;#H1&amp;gt;訪視「宏觀僑務新聞」、「臺灣宏觀電視」及「宏觀網路電視」等海外推廣情形。</bm_cont_text>
            <bm_durationfrom>10601</bm_durationfrom>
            <bm_durationto>10612</bm_durationto>
            <bm_days>5</bm_days>
            <bm_persons>2</bm_persons>
            <bm_amt_trans>137000.00</bm_amt_trans>
            <bm_amt_life>67000.00</bm_amt_life>
            <bm_amt_public>6000.00</bm_amt_public>
            <bm_amt_books>0.00</bm_amt_books>
            <bm_amt_flight>0.00</bm_amt_flight>
            <bm_versiondate/>
        </BCTDOUTGO_row>
        <BCTDOUTGO_row>
            <bm_fiscalyear>106</bm_fiscalyear>
            <bm_fundkind>1</bm_fundkind>
            <bm_budgetkind>1</bm_budgetkind>
            <bm_specialbudgetno/>
            <bm_agenno>39001</bm_agenno>
            <bm_agentype>C</bm_agentype>
            <bm_budgetstate>1</bm_budgetstate>
            <bm_abroadplan>1</bm_abroadplan>
            <bm_projtype>11</bm_projtype>
            <bm_projno>12</bm_projno>
            <bm_abroadplanname>訪視海外五大洲僑校推展華文教育辦理情形及成效</bm_abroadplanname>
            <bm_visitsts>0</bm_visitsts>
            <bm_visitexplain/>
            <bm_dispatchstaffs>0</bm_dispatchstaffs>
            <bm_abroadsite1/>
            <bm_abroadsite2/>
            <bm_abroadsite3/>
            <bm_abroadperiod1/>
            <bm_abroadperiodto1/>
            <bm_abroadperiod2/>
            <bm_abroadperiodto2/>
            <bm_abroadperiod3/>
            <bm_abroadperiodto3/>
            <bm_abroadstaffs1>0</bm_abroadstaffs1>
            <bm_abroadstaffs2>0</bm_abroadstaffs2>
            <bm_abroadstaffs3>0</bm_abroadstaffs3>
            <bm_abroadallowance1>0.00</bm_abroadallowance1>
            <bm_abroadallowance2>0.00</bm_abroadallowance2>
            <bm_abroadallowance3>0.00</bm_abroadallowance3>
            <bm_budgetno>51390012320</bm_budgetno>
            <bm_regionno/>
            <bm_country>美洲、歐洲、非洲、亞太地區</bm_country>
            <bm_agency>當地僑校</bm_agency>
            <bm_cont_text>&lt;#H1&gt;為協助海外僑校推展華文教育，本會以提供教材、加強師資培訓、改善僑校教學環境等方式推展工作。&lt;#H1&gt;由於全球五大洲僑校各有不同發展背景，其輔助重點應配合各地區實際需求予以調整，茲為瞭解本會輔助措施實施成效，以因應時勢變遷調整，有分地區實地訪問僑校之必要。</bm_cont_text>
            <bm_durationfrom>10601</bm_durationfrom>
            <bm_durationto>10612</bm_durationto>
            <bm_days>7</bm_days>
            <bm_persons>3</bm_persons>
            <bm_amt_trans>148000.00</bm_amt_trans>
            <bm_amt_life>141000.00</bm_amt_life>
            <bm_amt_public>13000.00</bm_amt_public>
            <bm_amt_books>0.00</bm_amt_books>
            <bm_amt_flight>0.00</bm_amt_flight>
            <bm_versiondate/>
        </BCTDOUTGO_row>
        <BCTDOUTGO_row>
            <bm_fiscalyear>106</bm_fiscalyear>
            <bm_fundkind>1</bm_fundkind>
            <bm_budgetkind>1</bm_budgetkind>
            <bm_specialbudgetno/>
            <bm_agenno>39001</bm_agenno>
            <bm_agentype>C</bm_agentype>
            <bm_budgetstate>1</bm_budgetstate>
            <bm_abroadplan>1</bm_abroadplan>
            <bm_projtype>11</bm_projtype>
            <bm_projno>13</bm_projno>
            <bm_abroadplanname>訪視海外華語文數位學習活動辦理情形及推廣成效</bm_abroadplanname>
            <bm_visitsts>0</bm_visitsts>
            <bm_visitexplain/>
            <bm_dispatchstaffs>0</bm_dispatchstaffs>
            <bm_abroadsite1/>
            <bm_abroadsite2/>
            <bm_abroadsite3/>
            <bm_abroadperiod1/>
            <bm_abroadperiodto1/>
            <bm_abroadperiod2/>
            <bm_abroadperiodto2/>
            <bm_abroadperiod3/>
            <bm_abroadperiodto3/>
            <bm_abroadstaffs1>0</bm_abroadstaffs1>
            <bm_abroadstaffs2>0</bm_abroadstaffs2>
            <bm_abroadstaffs3>0</bm_abroadstaffs3>
            <bm_abroadallowance1>0.00</bm_abroadallowance1>
            <bm_abroadallowance2>0.00</bm_abroadallowance2>
            <bm_abroadallowance3>0.00</bm_abroadallowance3>
            <bm_budgetno>51390012320</bm_budgetno>
            <bm_regionno/>
            <bm_country>美加地區</bm_country>
            <bm_agency>海外華僑文教服務中心、海外僑校及華語文數位學習中心</bm_agency>
            <bm_cont_text>&amp;lt;#H1&amp;gt;本會近年來全新架構數位僑教體系，運用「全球華文網」豐沛教學資源及全球63處「華語文數位學習中心」，虛實並進，行銷臺灣活潑生動之華語文教學模式，以建立我國優質華語文教學新品牌。&amp;lt;#H1&amp;gt;為提升海外數位僑教服務，本會責成海外華僑文教服務中心並運用國內豐富華語文教學資源，協輔全球「華語文數位學習中心」及僑校辦理海外數位華語文推廣計畫，提升整體僑校競爭力，拓展我國在海外華語文教學市場之能見度。另中華函授學校亦逐步發展以網路方式提供僑民終身學習。&amp;lt;#H1&amp;gt;上開工作計畫，已成為海外僑教發展重要方針，並以美加地區為推動主軸，為瞭解當地推動成效及僑教特色，以逐年配合調整修正實施計畫，強化服務效能，實有派員實地訪問之必要。</bm_cont_text>
            <bm_durationfrom>10601</bm_durationfrom>
            <bm_durationto>10612</bm_durationto>
            <bm_days>6</bm_days>
            <bm_persons>1</bm_persons>
            <bm_amt_trans>49000.00</bm_amt_trans>
            <bm_amt_life>40000.00</bm_amt_life>
            <bm_amt_public>4000.00</bm_amt_public>
            <bm_amt_books>0.00</bm_amt_books>
            <bm_amt_flight>0.00</bm_amt_flight>
            <bm_versiondate/>
        </BCTDOUTGO_row>
    </BCTDOUTGO>
</tables>
