<?xml version="1.0" encoding="UTF-8"?>
<tables>
    <BCTDHELPPLAN>
        <BCTDHELPPLAN_row>
            <bh_fiscalyear>106</bh_fiscalyear>
            <bh_fundkind>1</bh_fundkind>
            <bh_budgetkind>1</bh_budgetkind>
            <bh_specialbudgetno/>
            <bh_agenno>39001</bh_agenno>
            <bh_agentype>C</bh_agentype>
            <bh_budgetstate>1</bh_budgetstate>
            <bh_versiondate/>
            <bh_objectno>0475</bh_objectno>
            <bh_endowplanno>07</bh_endowplanno>
            <bh_endowplanname>退休退職人員三節慰問金</bh_endowplanname>
            <bh_donname>退休退職人員</bh_donname>
            <bh_endowsts>1</bh_endowsts>
            <bh_budgetno>42390010100</bh_budgetno>
            <bh_subprojectno>02</bh_subprojectno>
            <bh_budgetsource>1</bh_budgetsource>
            <bh_applyid>0</bh_applyid>
            <bh_startyear>106</bh_startyear>
            <bh_endyear>106</bh_endyear>
            <bh_donrem>春節、端午節及中秋節，每人每節各發給新臺幣 2,000元。</bh_donrem>
            <bh_bgtyear>0</bh_bgtyear>
            <bh_amt_man>0.00</bh_amt_man>
            <bh_amt_business>0.00</bh_amt_business>
            <bh_amt_other>1140000.00</bh_amt_other>
            <bh_amt_land>0.00</bh_amt_land>
            <bh_amt_house>0.00</bh_amt_house>
            <bh_amt6>0.00</bh_amt6>
            <bh_amt7>0.00</bh_amt7>
            <bh_flowflag/>
            <bh_signflag/>
            <bh_signno/>
            <mj_subprojectno_na>02 - 基本行政工作維持</mj_subprojectno_na>
        </BCTDHELPPLAN_row>
        <BCTDHELPPLAN_row>
            <bh_fiscalyear>106</bh_fiscalyear>
            <bh_fundkind>1</bh_fundkind>
            <bh_budgetkind>1</bh_budgetkind>
            <bh_specialbudgetno/>
            <bh_agenno>39001</bh_agenno>
            <bh_agentype>C</bh_agentype>
            <bh_budgetstate>1</bh_budgetstate>
            <bh_versiondate/>
            <bh_objectno>0436</bh_objectno>
            <bh_endowplanno>01</bh_endowplanno>
            <bh_endowplanname>召開僑務委員會議</bh_endowplanname>
            <bh_donname>委員會議海外代表</bh_donname>
            <bh_endowsts>1</bh_endowsts>
            <bh_budgetno>42390010900</bh_budgetno>
            <bh_subprojectno>01</bh_subprojectno>
            <bh_budgetsource>1</bh_budgetsource>
            <bh_applyid>0</bh_applyid>
            <bh_startyear>106</bh_startyear>
            <bh_endyear>106</bh_endyear>
            <bh_donrem>返國參加會議機票款。</bh_donrem>
            <bh_bgtyear>0</bh_bgtyear>
            <bh_amt_man>0.00</bh_amt_man>
            <bh_amt_business>0.00</bh_amt_business>
            <bh_amt_other>10000000.00</bh_amt_other>
            <bh_amt_land>0.00</bh_amt_land>
            <bh_amt_house>0.00</bh_amt_house>
            <bh_amt6>0.00</bh_amt6>
            <bh_amt7>0.00</bh_amt7>
            <bh_flowflag/>
            <bh_signflag/>
            <bh_signno/>
            <mj_subprojectno_na>01 - 召開僑務委員會議</mj_subprojectno_na>
        </BCTDHELPPLAN_row>
        <BCTDHELPPLAN_row>
            <bh_fiscalyear>106</bh_fiscalyear>
            <bh_fundkind>1</bh_fundkind>
            <bh_budgetkind>1</bh_budgetkind>
            <bh_specialbudgetno/>
            <bh_agenno>39001</bh_agenno>
            <bh_agentype>C</bh_agentype>
            <bh_budgetstate>1</bh_budgetstate>
            <bh_versiondate/>
            <bh_objectno>0436</bh_objectno>
            <bh_endowplanno>02</bh_endowplanno>
            <bh_endowplanname>僑胞參與國內慶典接待服務</bh_endowplanname>
            <bh_donname>回國參加慶典僑胞</bh_donname>
            <bh_endowsts>1</bh_endowsts>
            <bh_budgetno>42390010900</bh_budgetno>
            <bh_subprojectno>02</bh_subprojectno>
            <bh_budgetsource>1</bh_budgetsource>
            <bh_applyid>0</bh_applyid>
            <bh_startyear>106</bh_startyear>
            <bh_endyear>106</bh_endyear>
            <bh_donrem>輔助回國參加慶典僑胞國內參訪等相關活動。</bh_donrem>
            <bh_bgtyear>0</bh_bgtyear>
            <bh_amt_man>0.00</bh_amt_man>
            <bh_amt_business>0.00</bh_amt_business>
            <bh_amt_other>8400000.00</bh_amt_other>
            <bh_amt_land>0.00</bh_amt_land>
            <bh_amt_house>0.00</bh_amt_house>
            <bh_amt6>0.00</bh_amt6>
            <bh_amt7>0.00</bh_amt7>
            <bh_flowflag/>
            <bh_signflag/>
            <bh_signno/>
            <mj_subprojectno_na>02 - 國內慶典活動接待服務</mj_subprojectno_na>
        </BCTDHELPPLAN_row>
        <BCTDHELPPLAN_row>
            <bh_fiscalyear>106</bh_fiscalyear>
            <bh_fundkind>1</bh_fundkind>
            <bh_budgetkind>1</bh_budgetkind>
            <bh_specialbudgetno/>
            <bh_agenno>39001</bh_agenno>
            <bh_agentype>C</bh_agentype>
            <bh_budgetstate>1</bh_budgetstate>
            <bh_versiondate/>
            <bh_objectno>0437</bh_objectno>
            <bh_endowplanno>01</bh_endowplanno>
            <bh_endowplanname>鼓勵華僑事務研究</bh_endowplanname>
            <bh_donname>國內大學院校及學術機構</bh_donname>
            <bh_endowsts>1</bh_endowsts>
            <bh_budgetno>42390010900</bh_budgetno>
            <bh_subprojectno>03</bh_subprojectno>
            <bh_budgetsource>1</bh_budgetsource>
            <bh_applyid>0</bh_applyid>
            <bh_startyear>106</bh_startyear>
            <bh_endyear>106</bh_endyear>
            <bh_donrem>輔助開設華僑事務課程及講座。</bh_donrem>
            <bh_bgtyear>0</bh_bgtyear>
            <bh_amt_man>0.00</bh_amt_man>
            <bh_amt_business>0.00</bh_amt_business>
            <bh_amt_other>480000.00</bh_amt_other>
            <bh_amt_land>0.00</bh_amt_land>
            <bh_amt_house>0.00</bh_amt_house>
            <bh_amt6>0.00</bh_amt6>
            <bh_amt7>0.00</bh_amt7>
            <bh_flowflag/>
            <bh_signflag/>
            <bh_signno/>
            <mj_subprojectno_na>03 - 研究發展及考核業務</mj_subprojectno_na>
        </BCTDHELPPLAN_row>
        <BCTDHELPPLAN_row>
            <bh_fiscalyear>106</bh_fiscalyear>
            <bh_fundkind>1</bh_fundkind>
            <bh_budgetkind>1</bh_budgetkind>
            <bh_specialbudgetno/>
            <bh_agenno>39001</bh_agenno>
            <bh_agentype>C</bh_agentype>
            <bh_budgetstate>1</bh_budgetstate>
            <bh_versiondate/>
            <bh_objectno>0476</bh_objectno>
            <bh_endowplanno>08</bh_endowplanno>
            <bh_endowplanname>辦理華僑事務論文甄選活動</bh_endowplanname>
            <bh_donname>國內大學校院碩、博士班學生及專家學者</bh_donname>
            <bh_endowsts>1</bh_endowsts>
            <bh_budgetno>42390010900</bh_budgetno>
            <bh_subprojectno>03</bh_subprojectno>
            <bh_budgetsource>1</bh_budgetsource>
            <bh_applyid>0</bh_applyid>
            <bh_startyear>106</bh_startyear>
            <bh_endyear>106</bh_endyear>
            <bh_donrem>辦理碩博士論文及相關專文甄選活動並核發獎助金。</bh_donrem>
            <bh_bgtyear>0</bh_bgtyear>
            <bh_amt_man>0.00</bh_amt_man>
            <bh_amt_business>0.00</bh_amt_business>
            <bh_amt_other>394000.00</bh_amt_other>
            <bh_amt_land>0.00</bh_amt_land>
            <bh_amt_house>0.00</bh_amt_house>
            <bh_amt6>0.00</bh_amt6>
            <bh_amt7>0.00</bh_amt7>
            <bh_flowflag/>
            <bh_signflag/>
            <bh_signno/>
            <mj_subprojectno_na>03 - 研究發展及考核業務</mj_subprojectno_na>
        </BCTDHELPPLAN_row>
        <BCTDHELPPLAN_row>
            <bh_fiscalyear>106</bh_fiscalyear>
            <bh_fundkind>1</bh_fundkind>
            <bh_budgetkind>1</bh_budgetkind>
            <bh_specialbudgetno/>
            <bh_agenno>39001</bh_agenno>
            <bh_agentype>C</bh_agentype>
            <bh_budgetstate>1</bh_budgetstate>
            <bh_versiondate/>
            <bh_objectno>0436</bh_objectno>
            <bh_endowplanno>03</bh_endowplanno>
            <bh_endowplanname>加強僑社聯繫及輔助舉辦多元活動</bh_endowplanname>
            <bh_donname>海外僑團（社）</bh_donname>
            <bh_endowsts>1</bh_endowsts>
            <bh_budgetno>42390011000</bh_budgetno>
            <bh_subprojectno>01</bh_subprojectno>
            <bh_budgetsource>1</bh_budgetsource>
            <bh_applyid>0</bh_applyid>
            <bh_startyear>106</bh_startyear>
            <bh_endyear>106</bh_endyear>
            <bh_donrem>&amp;lt;#H1&amp;gt;加強僑社聯繫，輔助召開年會及僑務工作座談會暨辦理國慶等具指標性節慶及重要紀念日慶祝活動。&#xd;
&amp;lt;#H1&amp;gt;輔助僑團規劃僑界青年參與之活動。&#xd;
&amp;lt;#H1&amp;gt;布建海外服務據點及關懷青年海外度假打工聯繫網絡，輔助僑團修繕會所及更新設備。</bh_donrem>
            <bh_bgtyear>0</bh_bgtyear>
            <bh_amt_man>0.00</bh_amt_man>
            <bh_amt_business>27728000.00</bh_amt_business>
            <bh_amt_other>16784000.00</bh_amt_other>
            <bh_amt_land>0.00</bh_amt_land>
            <bh_amt_house>0.00</bh_amt_house>
            <bh_amt6>0.00</bh_amt6>
            <bh_amt7>0.00</bh_amt7>
            <bh_flowflag/>
            <bh_signflag/>
            <bh_signno/>
            <mj_subprojectno_na>01 - 加強僑社聯繫及輔助舉辦多元活動</mj_subprojectno_na>
        </BCTDHELPPLAN_row>
        <BCTDHELPPLAN_row>
            <bh_fiscalyear>106</bh_fiscalyear>
            <bh_fundkind>1</bh_fundkind>
            <bh_budgetkind>1</bh_budgetkind>
            <bh_specialbudgetno/>
            <bh_agenno>39001</bh_agenno>
            <bh_agentype>C</bh_agentype>
            <bh_budgetstate>1</bh_budgetstate>
            <bh_versiondate/>
            <bh_objectno>0436</bh_objectno>
            <bh_endowplanno>04</bh_endowplanno>
            <bh_endowplanname>舉辦僑社工作研討會及邀訪活動</bh_endowplanname>
            <bh_donname>海外僑團重要幹部、僑界新生代優秀專業青年</bh_donname>
            <bh_endowsts>1</bh_endowsts>
            <bh_budgetno>42390011000</bh_budgetno>
            <bh_subprojectno>02</bh_subprojectno>
            <bh_budgetsource>1</bh_budgetsource>
            <bh_applyid>0</bh_applyid>
            <bh_startyear>106</bh_startyear>
            <bh_endyear>106</bh_endyear>
            <bh_donrem>舉辦僑社工作研討會、遴邀僑界新生代優秀專業青年返國研習等機票款。</bh_donrem>
            <bh_bgtyear>0</bh_bgtyear>
            <bh_amt_man>0.00</bh_amt_man>
            <bh_amt_business>0.00</bh_amt_business>
            <bh_amt_other>3018000.00</bh_amt_other>
            <bh_amt_land>0.00</bh_amt_land>
            <bh_amt_house>0.00</bh_amt_house>
            <bh_amt6>0.00</bh_amt6>
            <bh_amt7>0.00</bh_amt7>
            <bh_flowflag/>
            <bh_signflag/>
            <bh_signno/>
            <mj_subprojectno_na>02 - 舉辦僑社工作研討會及邀訪活動</mj_subprojectno_na>
        </BCTDHELPPLAN_row>
        <BCTDHELPPLAN_row>
            <bh_fiscalyear>106</bh_fiscalyear>
            <bh_fundkind>1</bh_fundkind>
            <bh_budgetkind>1</bh_budgetkind>
            <bh_specialbudgetno/>
            <bh_agenno>39001</bh_agenno>
            <bh_agentype>C</bh_agentype>
            <bh_budgetstate>1</bh_budgetstate>
            <bh_versiondate/>
            <bh_objectno>0436</bh_objectno>
            <bh_endowplanno>05</bh_endowplanno>
            <bh_endowplanname>落實僑務工作增進溝通服務</bh_endowplanname>
            <bh_donname>僑胞</bh_donname>
            <bh_endowsts>1</bh_endowsts>
            <bh_budgetno>42390011000</bh_budgetno>
            <bh_subprojectno>03</bh_subprojectno>
            <bh_budgetsource>1</bh_budgetsource>
            <bh_applyid>0</bh_applyid>
            <bh_startyear>106</bh_startyear>
            <bh_endyear>106</bh_endyear>
            <bh_donrem>僑胞急難救助。</bh_donrem>
            <bh_bgtyear>0</bh_bgtyear>
            <bh_amt_man>0.00</bh_amt_man>
            <bh_amt_business>0.00</bh_amt_business>
            <bh_amt_other>541000.00</bh_amt_other>
            <bh_amt_land>0.00</bh_amt_land>
            <bh_amt_house>0.00</bh_amt_house>
            <bh_amt6>0.00</bh_amt6>
            <bh_amt7>0.00</bh_amt7>
            <bh_flowflag/>
            <bh_signflag/>
            <bh_signno/>
            <mj_subprojectno_na>03 - 落實僑務工作增進溝通服務</mj_subprojectno_na>
        </BCTDHELPPLAN_row>
        <BCTDHELPPLAN_row>
            <bh_fiscalyear>106</bh_fiscalyear>
            <bh_fundkind>1</bh_fundkind>
            <bh_budgetkind>1</bh_budgetkind>
            <bh_specialbudgetno/>
            <bh_agenno>39001</bh_agenno>
            <bh_agentype>C</bh_agentype>
            <bh_budgetstate>1</bh_budgetstate>
            <bh_versiondate/>
            <bh_objectno>0437</bh_objectno>
            <bh_endowplanno>02</bh_endowplanno>
            <bh_endowplanname>落實僑務工作增進溝通服務</bh_endowplanname>
            <bh_donname>歸僑團體</bh_donname>
            <bh_endowsts>1</bh_endowsts>
            <bh_budgetno>42390011000</bh_budgetno>
            <bh_subprojectno>03</bh_subprojectno>
            <bh_budgetsource>1</bh_budgetsource>
            <bh_applyid>0</bh_applyid>
            <bh_startyear>106</bh_startyear>
            <bh_endyear>106</bh_endyear>
            <bh_donrem>輔助舉辦活動並服務歸僑。</bh_donrem>
            <bh_bgtyear>0</bh_bgtyear>
            <bh_amt_man>0.00</bh_amt_man>
            <bh_amt_business>825000.00</bh_amt_business>
            <bh_amt_other>0.00</bh_amt_other>
            <bh_amt_land>0.00</bh_amt_land>
            <bh_amt_house>0.00</bh_amt_house>
            <bh_amt6>0.00</bh_amt6>
            <bh_amt7>0.00</bh_amt7>
            <bh_flowflag/>
            <bh_signflag/>
            <bh_signno/>
            <mj_subprojectno_na>03 - 落實僑務工作增進溝通服務</mj_subprojectno_na>
        </BCTDHELPPLAN_row>
        <BCTDHELPPLAN_row>
            <bh_fiscalyear>106</bh_fiscalyear>
            <bh_fundkind>1</bh_fundkind>
            <bh_budgetkind>1</bh_budgetkind>
            <bh_specialbudgetno/>
            <bh_agenno>39001</bh_agenno>
            <bh_agentype>C</bh_agentype>
            <bh_budgetstate>1</bh_budgetstate>
            <bh_versiondate/>
            <bh_objectno>0476</bh_objectno>
            <bh_endowplanno>09</bh_endowplanno>
            <bh_endowplanname>落實僑務工作增進溝通服務</bh_endowplanname>
            <bh_donname>國內青年、貧困歸僑</bh_donname>
            <bh_endowsts>1</bh_endowsts>
            <bh_budgetno>42390011000</bh_budgetno>
            <bh_subprojectno>03</bh_subprojectno>
            <bh_budgetsource>1</bh_budgetsource>
            <bh_applyid>0</bh_applyid>
            <bh_startyear>106</bh_startyear>
            <bh_endyear>106</bh_endyear>
            <bh_donrem>&amp;lt;#H1&amp;gt;輔助推動臺灣青年海外搭橋計畫。&#xd;
&amp;lt;#H1&amp;gt;辦理國內貧困歸僑慰問補助。</bh_donrem>
            <bh_bgtyear>0</bh_bgtyear>
            <bh_amt_man>0.00</bh_amt_man>
            <bh_amt_business>0.00</bh_amt_business>
            <bh_amt_other>2585000.00</bh_amt_other>
            <bh_amt_land>0.00</bh_amt_land>
            <bh_amt_house>0.00</bh_amt_house>
            <bh_amt6>0.00</bh_amt6>
            <bh_amt7>0.00</bh_amt7>
            <bh_flowflag/>
            <bh_signflag/>
            <bh_signno/>
            <mj_subprojectno_na>03 - 落實僑務工作增進溝通服務</mj_subprojectno_na>
        </BCTDHELPPLAN_row>
        <BCTDHELPPLAN_row>
            <bh_fiscalyear>106</bh_fiscalyear>
            <bh_fundkind>1</bh_fundkind>
            <bh_budgetkind>1</bh_budgetkind>
            <bh_specialbudgetno/>
            <bh_agenno>39001</bh_agenno>
            <bh_agentype>C</bh_agentype>
            <bh_budgetstate>1</bh_budgetstate>
            <bh_versiondate/>
            <bh_objectno>0436</bh_objectno>
            <bh_endowplanno>11</bh_endowplanno>
            <bh_endowplanname>舉辦社教活動</bh_endowplanname>
            <bh_donname>海外僑團（社）、華人學術團體、華文作家協會、海外社教團體</bh_donname>
            <bh_endowsts>1</bh_endowsts>
            <bh_budgetno>42390012420</bh_budgetno>
            <bh_subprojectno>01</bh_subprojectno>
            <bh_budgetsource>1</bh_budgetsource>
            <bh_applyid>0</bh_applyid>
            <bh_startyear>106</bh_startyear>
            <bh_endyear>106</bh_endyear>
            <bh_donrem>&amp;lt;#H1&amp;gt;輔助海外僑團（社）舉辦大型文藝體育活動。&#xd;
&amp;lt;#H1&amp;gt;輔助海外僑團（社）辦理社教活動。&#xd;
&amp;lt;#H1&amp;gt;輔助華人學術團體及華文作家協會辦理學術活動。&#xd;
&amp;lt;#H1&amp;gt;輔助海外社教團體辦理民俗體育推廣活動。</bh_donrem>
            <bh_bgtyear>0</bh_bgtyear>
            <bh_amt_man>0.00</bh_amt_man>
            <bh_amt_business>0.00</bh_amt_business>
            <bh_amt_other>7513000.00</bh_amt_other>
            <bh_amt_land>0.00</bh_amt_land>
            <bh_amt_house>0.00</bh_amt_house>
            <bh_amt6>0.00</bh_amt6>
            <bh_amt7>0.00</bh_amt7>
            <bh_flowflag/>
            <bh_signflag/>
            <bh_signno/>
            <mj_subprojectno_na>01 - 輔助僑界舉辦社教活動</mj_subprojectno_na>
        </BCTDHELPPLAN_row>
        <BCTDHELPPLAN_row>
            <bh_fiscalyear>106</bh_fiscalyear>
            <bh_fundkind>1</bh_fundkind>
            <bh_budgetkind>1</bh_budgetkind>
            <bh_specialbudgetno/>
            <bh_agenno>39001</bh_agenno>
            <bh_agentype>C</bh_agentype>
            <bh_budgetstate>1</bh_budgetstate>
            <bh_versiondate/>
            <bh_objectno>0437</bh_objectno>
            <bh_endowplanno>07</bh_endowplanno>
            <bh_endowplanname>舉辦社教活動</bh_endowplanname>
            <bh_donname>國內藝文及社教團體</bh_donname>
            <bh_endowsts>1</bh_endowsts>
            <bh_budgetno>42390012420</bh_budgetno>
            <bh_subprojectno>01</bh_subprojectno>
            <bh_budgetsource>1</bh_budgetsource>
            <bh_applyid>0</bh_applyid>
            <bh_startyear>106</bh_startyear>
            <bh_endyear>106</bh_endyear>
            <bh_donrem>&amp;lt;#H1&amp;gt;輔助辦理互訪或比賽活動。&amp;lt;#H1&amp;gt;配合海外僑團（社）辦理文化交流活動。</bh_donrem>
            <bh_bgtyear>0</bh_bgtyear>
            <bh_amt_man>0.00</bh_amt_man>
            <bh_amt_business>0.00</bh_amt_business>
            <bh_amt_other>1000000.00</bh_amt_other>
            <bh_amt_land>0.00</bh_amt_land>
            <bh_amt_house>0.00</bh_amt_house>
            <bh_amt6>0.00</bh_amt6>
            <bh_amt7>0.00</bh_amt7>
            <bh_flowflag/>
            <bh_signflag/>
            <bh_signno/>
            <mj_subprojectno_na>01 - 輔助僑界舉辦社教活動</mj_subprojectno_na>
        </BCTDHELPPLAN_row>
        <BCTDHELPPLAN_row>
            <bh_fiscalyear>106</bh_fiscalyear>
            <bh_fundkind>1</bh_fundkind>
            <bh_budgetkind>1</bh_budgetkind>
            <bh_specialbudgetno/>
            <bh_agenno>39001</bh_agenno>
            <bh_agentype>C</bh_agentype>
            <bh_budgetstate>1</bh_budgetstate>
            <bh_versiondate/>
            <bh_objectno>0436</bh_objectno>
            <bh_endowplanno>12</bh_endowplanno>
            <bh_endowplanname>輔導海外各地夏令營暨遴派文化教師巡迴教學</bh_endowplanname>
            <bh_donname>海外僑團（社）、海外僑教人士、海外青年</bh_donname>
            <bh_endowsts>1</bh_endowsts>
            <bh_budgetno>42390012420</bh_budgetno>
            <bh_subprojectno>02</bh_subprojectno>
            <bh_budgetsource>1</bh_budgetsource>
            <bh_applyid>0</bh_applyid>
            <bh_startyear>106</bh_startyear>
            <bh_endyear>106</bh_endyear>
            <bh_donrem>&amp;lt;#H1&amp;gt;輔助辦理夏令營及文化教師巡迴教學活動。&#xd;
&amp;lt;#H1&amp;gt;輔助於海外擴大辦理文化教師種子師資培訓規模。&#xd;
&amp;lt;#H1&amp;gt;辦理海外青年文化志工培訓、訓後培力及返國邀訪等。</bh_donrem>
            <bh_bgtyear>0</bh_bgtyear>
            <bh_amt_man>0.00</bh_amt_man>
            <bh_amt_business>0.00</bh_amt_business>
            <bh_amt_other>4794000.00</bh_amt_other>
            <bh_amt_land>0.00</bh_amt_land>
            <bh_amt_house>0.00</bh_amt_house>
            <bh_amt6>0.00</bh_amt6>
            <bh_amt7>0.00</bh_amt7>
            <bh_flowflag/>
            <bh_signflag/>
            <bh_signno/>
            <mj_subprojectno_na>02 - 輔導海外各地夏令營暨遴派文化教師巡迴教學</mj_subprojectno_na>
        </BCTDHELPPLAN_row>
        <BCTDHELPPLAN_row>
            <bh_fiscalyear>106</bh_fiscalyear>
            <bh_fundkind>1</bh_fundkind>
            <bh_budgetkind>1</bh_budgetkind>
            <bh_specialbudgetno/>
            <bh_agenno>39001</bh_agenno>
            <bh_agentype>C</bh_agentype>
            <bh_budgetstate>1</bh_budgetstate>
            <bh_versiondate/>
            <bh_objectno>0436</bh_objectno>
            <bh_endowplanno>13</bh_endowplanno>
            <bh_endowplanname>組派文化訪問團體前往海外巡迴訪演</bh_endowplanname>
            <bh_donname>文化訪問團體、海外僑團（社）</bh_donname>
            <bh_endowsts>1</bh_endowsts>
            <bh_budgetno>42390012420</bh_budgetno>
            <bh_subprojectno>03</bh_subprojectno>
            <bh_budgetsource>1</bh_budgetsource>
            <bh_applyid>0</bh_applyid>
            <bh_startyear>106</bh_startyear>
            <bh_endyear>106</bh_endyear>
            <bh_donrem>輔助辦理巡迴訪演活動之場租、音響、燈光、器材等支出。</bh_donrem>
            <bh_bgtyear>0</bh_bgtyear>
            <bh_amt_man>0.00</bh_amt_man>
            <bh_amt_business>0.00</bh_amt_business>
            <bh_amt_other>1345000.00</bh_amt_other>
            <bh_amt_land>0.00</bh_amt_land>
            <bh_amt_house>0.00</bh_amt_house>
            <bh_amt6>0.00</bh_amt6>
            <bh_amt7>0.00</bh_amt7>
            <bh_flowflag/>
            <bh_signflag/>
            <bh_signno/>
            <mj_subprojectno_na>03 - 組派文化訪問團體前往海外巡迴訪演</mj_subprojectno_na>
        </BCTDHELPPLAN_row>
        <BCTDHELPPLAN_row>
            <bh_fiscalyear>106</bh_fiscalyear>
            <bh_fundkind>1</bh_fundkind>
            <bh_budgetkind>1</bh_budgetkind>
            <bh_specialbudgetno/>
            <bh_agenno>39001</bh_agenno>
            <bh_agentype>C</bh_agentype>
            <bh_budgetstate>1</bh_budgetstate>
            <bh_versiondate/>
            <bh_objectno>0436</bh_objectno>
            <bh_endowplanno>14</bh_endowplanno>
            <bh_endowplanname>鼓勵海外僑生回國升學</bh_endowplanname>
            <bh_donname>海外僑教團體、僑生回國升學宣導人員、輔導教師及留臺校友會人員</bh_donname>
            <bh_endowsts>1</bh_endowsts>
            <bh_budgetno>42390012500</bh_budgetno>
            <bh_subprojectno>01</bh_subprojectno>
            <bh_budgetsource>1</bh_budgetsource>
            <bh_applyid>0</bh_applyid>
            <bh_startyear>106</bh_startyear>
            <bh_endyear>106</bh_endyear>
            <bh_donrem>&amp;lt;#H1&amp;gt;輔助辦理招生宣導工作。&#xd;
&amp;lt;#H1&amp;gt;輔助返國參加研習活動機票款。</bh_donrem>
            <bh_bgtyear>0</bh_bgtyear>
            <bh_amt_man>0.00</bh_amt_man>
            <bh_amt_business>150000.00</bh_amt_business>
            <bh_amt_other>1911000.00</bh_amt_other>
            <bh_amt_land>0.00</bh_amt_land>
            <bh_amt_house>0.00</bh_amt_house>
            <bh_amt6>0.00</bh_amt6>
            <bh_amt7>0.00</bh_amt7>
            <bh_flowflag/>
            <bh_signflag/>
            <bh_signno/>
            <mj_subprojectno_na>01 - 鼓勵海外僑生回國升學</mj_subprojectno_na>
        </BCTDHELPPLAN_row>
        <BCTDHELPPLAN_row>
            <bh_fiscalyear>106</bh_fiscalyear>
            <bh_fundkind>1</bh_fundkind>
            <bh_budgetkind>1</bh_budgetkind>
            <bh_specialbudgetno/>
            <bh_agenno>39001</bh_agenno>
            <bh_agentype>C</bh_agentype>
            <bh_budgetstate>1</bh_budgetstate>
            <bh_versiondate/>
            <bh_objectno>0437</bh_objectno>
            <bh_endowplanno>08</bh_endowplanno>
            <bh_endowplanname>辦理技職教育僑生專班</bh_endowplanname>
            <bh_donname>國內大學校院及高職</bh_donname>
            <bh_endowsts>1</bh_endowsts>
            <bh_budgetno>42390012500</bh_budgetno>
            <bh_subprojectno>01</bh_subprojectno>
            <bh_budgetsource>1</bh_budgetsource>
            <bh_applyid>0</bh_applyid>
            <bh_startyear>106</bh_startyear>
            <bh_endyear>106</bh_endyear>
            <bh_donrem>輔助學校開辦技職教育僑生專班經費。</bh_donrem>
            <bh_bgtyear>0</bh_bgtyear>
            <bh_amt_man>0.00</bh_amt_man>
            <bh_amt_business>1705000.00</bh_amt_business>
            <bh_amt_other>0.00</bh_amt_other>
            <bh_amt_land>0.00</bh_amt_land>
            <bh_amt_house>0.00</bh_amt_house>
            <bh_amt6>0.00</bh_amt6>
            <bh_amt7>0.00</bh_amt7>
            <bh_flowflag/>
            <bh_signflag/>
            <bh_signno/>
            <mj_subprojectno_na>01 - 鼓勵海外僑生回國升學</mj_subprojectno_na>
        </BCTDHELPPLAN_row>
        <BCTDHELPPLAN_row>
            <bh_fiscalyear>106</bh_fiscalyear>
            <bh_fundkind>1</bh_fundkind>
            <bh_budgetkind>1</bh_budgetkind>
            <bh_specialbudgetno/>
            <bh_agenno>39001</bh_agenno>
            <bh_agentype>C</bh_agentype>
            <bh_budgetstate>1</bh_budgetstate>
            <bh_versiondate/>
            <bh_objectno>0441</bh_objectno>
            <bh_endowplanno>04</bh_endowplanno>
            <bh_endowplanname>辦理技職教育僑生專班</bh_endowplanname>
            <bh_donname>技職教育專班僑生</bh_donname>
            <bh_endowsts>1</bh_endowsts>
            <bh_budgetno>42390012500</bh_budgetno>
            <bh_subprojectno>01</bh_subprojectno>
            <bh_budgetsource>1</bh_budgetsource>
            <bh_applyid>0</bh_applyid>
            <bh_startyear>106</bh_startyear>
            <bh_endyear>106</bh_endyear>
            <bh_donrem>&amp;lt;#H1&amp;gt;學費補助。&#xd;
&amp;lt;#H1&amp;gt;學行優良僑生獎學金。</bh_donrem>
            <bh_bgtyear>0</bh_bgtyear>
            <bh_amt_man>0.00</bh_amt_man>
            <bh_amt_business>0.00</bh_amt_business>
            <bh_amt_other>59955000.00</bh_amt_other>
            <bh_amt_land>0.00</bh_amt_land>
            <bh_amt_house>0.00</bh_amt_house>
            <bh_amt6>0.00</bh_amt6>
            <bh_amt7>0.00</bh_amt7>
            <bh_flowflag/>
            <bh_signflag/>
            <bh_signno/>
            <mj_subprojectno_na>01 - 鼓勵海外僑生回國升學</mj_subprojectno_na>
        </BCTDHELPPLAN_row>
        <BCTDHELPPLAN_row>
            <bh_fiscalyear>106</bh_fiscalyear>
            <bh_fundkind>1</bh_fundkind>
            <bh_budgetkind>1</bh_budgetkind>
            <bh_specialbudgetno/>
            <bh_agenno>39001</bh_agenno>
            <bh_agentype>C</bh_agentype>
            <bh_budgetstate>1</bh_budgetstate>
            <bh_versiondate/>
            <bh_objectno>0476</bh_objectno>
            <bh_endowplanno>13</bh_endowplanno>
            <bh_endowplanname>捐助技職教育專班僑生保險</bh_endowplanname>
            <bh_donname>技職教育專班僑生</bh_donname>
            <bh_endowsts>1</bh_endowsts>
            <bh_budgetno>42390012500</bh_budgetno>
            <bh_subprojectno>01</bh_subprojectno>
            <bh_budgetsource>1</bh_budgetsource>
            <bh_applyid>0</bh_applyid>
            <bh_startyear>106</bh_startyear>
            <bh_endyear>106</bh_endyear>
            <bh_donrem>辦理技職教育專班僑生參加傷病醫療及全民健康保險。</bh_donrem>
            <bh_bgtyear>0</bh_bgtyear>
            <bh_amt_man>0.00</bh_amt_man>
            <bh_amt_business>0.00</bh_amt_business>
            <bh_amt_other>1962000.00</bh_amt_other>
            <bh_amt_land>0.00</bh_amt_land>
            <bh_amt_house>0.00</bh_amt_house>
            <bh_amt6>0.00</bh_amt6>
            <bh_amt7>0.00</bh_amt7>
            <bh_flowflag/>
            <bh_signflag/>
            <bh_signno/>
            <mj_subprojectno_na>01 - 鼓勵海外僑生回國升學</mj_subprojectno_na>
        </BCTDHELPPLAN_row>
        <BCTDHELPPLAN_row>
            <bh_fiscalyear>106</bh_fiscalyear>
            <bh_fundkind>1</bh_fundkind>
            <bh_budgetkind>1</bh_budgetkind>
            <bh_specialbudgetno/>
            <bh_agenno>39001</bh_agenno>
            <bh_agentype>C</bh_agentype>
            <bh_budgetstate>1</bh_budgetstate>
            <bh_versiondate/>
            <bh_objectno>0436</bh_objectno>
            <bh_endowplanno>15</bh_endowplanno>
            <bh_endowplanname>畢業僑生聯繫與輔導</bh_endowplanname>
            <bh_donname>海外留臺畢業僑生校友聯誼組織</bh_donname>
            <bh_endowsts>1</bh_endowsts>
            <bh_budgetno>42390012500</bh_budgetno>
            <bh_subprojectno>02</bh_subprojectno>
            <bh_budgetsource>1</bh_budgetsource>
            <bh_applyid>0</bh_applyid>
            <bh_startyear>106</bh_startyear>
            <bh_endyear>106</bh_endyear>
            <bh_donrem>輔助辦理節慶、會務及招生宣導等活動。</bh_donrem>
            <bh_bgtyear>0</bh_bgtyear>
            <bh_amt_man>0.00</bh_amt_man>
            <bh_amt_business>0.00</bh_amt_business>
            <bh_amt_other>648000.00</bh_amt_other>
            <bh_amt_land>0.00</bh_amt_land>
            <bh_amt_house>0.00</bh_amt_house>
            <bh_amt6>0.00</bh_amt6>
            <bh_amt7>0.00</bh_amt7>
            <bh_flowflag/>
            <bh_signflag/>
            <bh_signno/>
            <mj_subprojectno_na>02 - 落實在學僑生輔導與畢業留臺校友聯繫</mj_subprojectno_na>
        </BCTDHELPPLAN_row>
        <BCTDHELPPLAN_row>
            <bh_fiscalyear>106</bh_fiscalyear>
            <bh_fundkind>1</bh_fundkind>
            <bh_budgetkind>1</bh_budgetkind>
            <bh_specialbudgetno/>
            <bh_agenno>39001</bh_agenno>
            <bh_agentype>C</bh_agentype>
            <bh_budgetstate>1</bh_budgetstate>
            <bh_versiondate/>
            <bh_objectno>0437</bh_objectno>
            <bh_endowplanno>09</bh_endowplanno>
            <bh_endowplanname>在學僑生輔導與照顧</bh_endowplanname>
            <bh_donname>僑生社團</bh_donname>
            <bh_endowsts>1</bh_endowsts>
            <bh_budgetno>42390012500</bh_budgetno>
            <bh_subprojectno>02</bh_subprojectno>
            <bh_budgetsource>1</bh_budgetsource>
            <bh_applyid>0</bh_applyid>
            <bh_startyear>106</bh_startyear>
            <bh_endyear>106</bh_endyear>
            <bh_donrem>輔助發行刊訊及辦理活動。</bh_donrem>
            <bh_bgtyear>0</bh_bgtyear>
            <bh_amt_man>0.00</bh_amt_man>
            <bh_amt_business>0.00</bh_amt_business>
            <bh_amt_other>415000.00</bh_amt_other>
            <bh_amt_land>0.00</bh_amt_land>
            <bh_amt_house>0.00</bh_amt_house>
            <bh_amt6>0.00</bh_amt6>
            <bh_amt7>0.00</bh_amt7>
            <bh_flowflag/>
            <bh_signflag/>
            <bh_signno/>
            <mj_subprojectno_na>02 - 落實在學僑生輔導與畢業留臺校友聯繫</mj_subprojectno_na>
        </BCTDHELPPLAN_row>
        <BCTDHELPPLAN_row>
            <bh_fiscalyear>106</bh_fiscalyear>
            <bh_fundkind>1</bh_fundkind>
            <bh_budgetkind>1</bh_budgetkind>
            <bh_specialbudgetno/>
            <bh_agenno>39001</bh_agenno>
            <bh_agentype>C</bh_agentype>
            <bh_budgetstate>1</bh_budgetstate>
            <bh_versiondate/>
            <bh_objectno>0441</bh_objectno>
            <bh_endowplanno>05</bh_endowplanno>
            <bh_endowplanname>僑生校內學習扶助金</bh_endowplanname>
            <bh_donname>清寒在學僑生</bh_donname>
            <bh_endowsts>1</bh_endowsts>
            <bh_budgetno>42390012500</bh_budgetno>
            <bh_subprojectno>02</bh_subprojectno>
            <bh_budgetsource>1</bh_budgetsource>
            <bh_applyid>0</bh_applyid>
            <bh_startyear>106</bh_startyear>
            <bh_endyear>106</bh_endyear>
            <bh_donrem>每月核發750名僑生，每人補助校內學習扶助金新臺幣2,000元。</bh_donrem>
            <bh_bgtyear>0</bh_bgtyear>
            <bh_amt_man>0.00</bh_amt_man>
            <bh_amt_business>0.00</bh_amt_business>
            <bh_amt_other>18000000.00</bh_amt_other>
            <bh_amt_land>0.00</bh_amt_land>
            <bh_amt_house>0.00</bh_amt_house>
            <bh_amt6>0.00</bh_amt6>
            <bh_amt7>0.00</bh_amt7>
            <bh_flowflag/>
            <bh_signflag/>
            <bh_signno/>
            <mj_subprojectno_na>02 - 落實在學僑生輔導與畢業留臺校友聯繫</mj_subprojectno_na>
        </BCTDHELPPLAN_row>
        <BCTDHELPPLAN_row>
            <bh_fiscalyear>106</bh_fiscalyear>
            <bh_fundkind>1</bh_fundkind>
            <bh_budgetkind>1</bh_budgetkind>
            <bh_specialbudgetno/>
            <bh_agenno>39001</bh_agenno>
            <bh_agentype>C</bh_agentype>
            <bh_budgetstate>1</bh_budgetstate>
            <bh_versiondate/>
            <bh_objectno>0441</bh_objectno>
            <bh_endowplanno>06</bh_endowplanno>
            <bh_endowplanname>學行優良僑生獎學金</bh_endowplanname>
            <bh_donname>學行優良在學僑生</bh_donname>
            <bh_endowsts>1</bh_endowsts>
            <bh_budgetno>42390012500</bh_budgetno>
            <bh_subprojectno>02</bh_subprojectno>
            <bh_budgetsource>1</bh_budgetsource>
            <bh_applyid>0</bh_applyid>
            <bh_startyear>106</bh_startyear>
            <bh_endyear>106</bh_endyear>
            <bh_donrem>&amp;lt;#H1&amp;gt;核發36名僑生，每人獎學金新臺幣5,000元。&#xd;
&amp;lt;#H1&amp;gt;核發130名僑生，每人獎學金新臺幣10,000元。</bh_donrem>
            <bh_bgtyear>0</bh_bgtyear>
            <bh_amt_man>0.00</bh_amt_man>
            <bh_amt_business>0.00</bh_amt_business>
            <bh_amt_other>1480000.00</bh_amt_other>
            <bh_amt_land>0.00</bh_amt_land>
            <bh_amt_house>0.00</bh_amt_house>
            <bh_amt6>0.00</bh_amt6>
            <bh_amt7>0.00</bh_amt7>
            <bh_flowflag/>
            <bh_signflag/>
            <bh_signno/>
            <mj_subprojectno_na>02 - 落實在學僑生輔導與畢業留臺校友聯繫</mj_subprojectno_na>
        </BCTDHELPPLAN_row>
        <BCTDHELPPLAN_row>
            <bh_fiscalyear>106</bh_fiscalyear>
            <bh_fundkind>1</bh_fundkind>
            <bh_budgetkind>1</bh_budgetkind>
            <bh_specialbudgetno/>
            <bh_agenno>39001</bh_agenno>
            <bh_agentype>C</bh_agentype>
            <bh_budgetstate>1</bh_budgetstate>
            <bh_versiondate/>
            <bh_objectno>0476</bh_objectno>
            <bh_endowplanno>12</bh_endowplanno>
            <bh_endowplanname>捐助僑生保險及急難救助慰問金</bh_endowplanname>
            <bh_donname>抵臺註冊新僑生、在學僑生</bh_donname>
            <bh_endowsts>1</bh_endowsts>
            <bh_budgetno>42390012500</bh_budgetno>
            <bh_subprojectno>02</bh_subprojectno>
            <bh_budgetsource>1</bh_budgetsource>
            <bh_applyid>0</bh_applyid>
            <bh_startyear>106</bh_startyear>
            <bh_endyear>106</bh_endyear>
            <bh_donrem>&lt;#H1&gt;辦理僑生參加傷病醫療及全民健康保險。&lt;#H1&gt;辦理僑生住院醫療及喪葬急難救助慰問金。</bh_donrem>
            <bh_bgtyear>0</bh_bgtyear>
            <bh_amt_man>0.00</bh_amt_man>
            <bh_amt_business>0.00</bh_amt_business>
            <bh_amt_other>50000000.00</bh_amt_other>
            <bh_amt_land>0.00</bh_amt_land>
            <bh_amt_house>0.00</bh_amt_house>
            <bh_amt6>0.00</bh_amt6>
            <bh_amt7>0.00</bh_amt7>
            <bh_flowflag/>
            <bh_signflag/>
            <bh_signno/>
            <mj_subprojectno_na>02 - 落實在學僑生輔導與畢業留臺校友聯繫</mj_subprojectno_na>
        </BCTDHELPPLAN_row>
        <BCTDHELPPLAN_row>
            <bh_fiscalyear>106</bh_fiscalyear>
            <bh_fundkind>1</bh_fundkind>
            <bh_budgetkind>1</bh_budgetkind>
            <bh_specialbudgetno/>
            <bh_agenno>39001</bh_agenno>
            <bh_agentype>C</bh_agentype>
            <bh_budgetstate>1</bh_budgetstate>
            <bh_versiondate/>
            <bh_objectno>0436</bh_objectno>
            <bh_endowplanno>16</bh_endowplanno>
            <bh_endowplanname>推廣宏觀僑務新聞及宏觀網路電視</bh_endowplanname>
            <bh_donname>海外傳媒、海外僑團（社）</bh_donname>
            <bh_endowsts>1</bh_endowsts>
            <bh_budgetno>42390012600</bh_budgetno>
            <bh_subprojectno>01</bh_subprojectno>
            <bh_budgetsource>1</bh_budgetsource>
            <bh_applyid>0</bh_applyid>
            <bh_startyear>106</bh_startyear>
            <bh_endyear>106</bh_endyear>
            <bh_donrem>輔助推廣宏觀僑務新聞及宏觀網路電視。</bh_donrem>
            <bh_bgtyear>0</bh_bgtyear>
            <bh_amt_man>0.00</bh_amt_man>
            <bh_amt_business>0.00</bh_amt_business>
            <bh_amt_other>300000.00</bh_amt_other>
            <bh_amt_land>0.00</bh_amt_land>
            <bh_amt_house>0.00</bh_amt_house>
            <bh_amt6>0.00</bh_amt6>
            <bh_amt7>0.00</bh_amt7>
            <bh_flowflag/>
            <bh_signflag/>
            <bh_signno/>
            <mj_subprojectno_na>01 - 辦理華僑新聞資訊服務業務</mj_subprojectno_na>
        </BCTDHELPPLAN_row>
        <BCTDHELPPLAN_row>
            <bh_fiscalyear>106</bh_fiscalyear>
            <bh_fundkind>1</bh_fundkind>
            <bh_budgetkind>1</bh_budgetkind>
            <bh_specialbudgetno/>
            <bh_agenno>39001</bh_agenno>
            <bh_agentype>C</bh_agentype>
            <bh_budgetstate>1</bh_budgetstate>
            <bh_versiondate/>
            <bh_objectno>0436</bh_objectno>
            <bh_endowplanno>17</bh_endowplanno>
            <bh_endowplanname>輔助海外華文新聞傳播事業</bh_endowplanname>
            <bh_donname>海外華文媒體暨返國參訪媒體工作者</bh_donname>
            <bh_endowsts>1</bh_endowsts>
            <bh_budgetno>42390012600</bh_budgetno>
            <bh_subprojectno>03</bh_subprojectno>
            <bh_budgetsource>1</bh_budgetsource>
            <bh_applyid>0</bh_applyid>
            <bh_startyear>106</bh_startyear>
            <bh_endyear>106</bh_endyear>
            <bh_donrem>&amp;lt;#H1&amp;gt;輔助辦理華文傳媒活動及購置電腦、印刷等設備。&#xd;
&amp;lt;#H1&amp;gt;輔助海外華文媒體工作者來臺參訪活動機票款。</bh_donrem>
            <bh_bgtyear>0</bh_bgtyear>
            <bh_amt_man>0.00</bh_amt_man>
            <bh_amt_business>0.00</bh_amt_business>
            <bh_amt_other>1544000.00</bh_amt_other>
            <bh_amt_land>0.00</bh_amt_land>
            <bh_amt_house>0.00</bh_amt_house>
            <bh_amt6>0.00</bh_amt6>
            <bh_amt7>0.00</bh_amt7>
            <bh_flowflag/>
            <bh_signflag/>
            <bh_signno/>
            <mj_subprojectno_na>03 - 輔助海外華文傳媒暨提供節慶文宣</mj_subprojectno_na>
        </BCTDHELPPLAN_row>
        <BCTDHELPPLAN_row>
            <bh_fiscalyear>106</bh_fiscalyear>
            <bh_fundkind>1</bh_fundkind>
            <bh_budgetkind>1</bh_budgetkind>
            <bh_specialbudgetno/>
            <bh_agenno>39001</bh_agenno>
            <bh_agentype>C</bh_agentype>
            <bh_budgetstate>1</bh_budgetstate>
            <bh_versiondate/>
            <bh_objectno>0436</bh_objectno>
            <bh_endowplanno>18</bh_endowplanno>
            <bh_endowplanname>輔助僑商組織推展業務</bh_endowplanname>
            <bh_donname>海外僑臺商團體、僑臺商第二、三代子弟、青商組織</bh_donname>
            <bh_endowsts>1</bh_endowsts>
            <bh_budgetno>42390012700</bh_budgetno>
            <bh_subprojectno>01</bh_subprojectno>
            <bh_budgetsource>1</bh_budgetsource>
            <bh_applyid>0</bh_applyid>
            <bh_startyear>106</bh_startyear>
            <bh_endyear>106</bh_endyear>
            <bh_donrem>&amp;lt;#H1&amp;gt;輔助辦理回國參訪活動。&#xd;
&amp;lt;#H1&amp;gt;輔助辦理工作研討及青商組織幹部人才培訓等活動機票款。&#xd;
&amp;lt;#H1&amp;gt;輔助舉辦年會、理監事會及經貿、公益等活動。&#xd;
&amp;lt;#H1&amp;gt;輔助辦理與當地國政府及主流商會互動交流等相關活動。&#xd;
&amp;lt;#H1&amp;gt;輔助加強建構海外僑商服務網絡及協助我國拓展經貿關係。</bh_donrem>
            <bh_bgtyear>0</bh_bgtyear>
            <bh_amt_man>0.00</bh_amt_man>
            <bh_amt_business>12512000.00</bh_amt_business>
            <bh_amt_other>1500000.00</bh_amt_other>
            <bh_amt_land>0.00</bh_amt_land>
            <bh_amt_house>0.00</bh_amt_house>
            <bh_amt6>0.00</bh_amt6>
            <bh_amt7>0.00</bh_amt7>
            <bh_flowflag/>
            <bh_signflag/>
            <bh_signno/>
            <mj_subprojectno_na>01 - 聯繫海外僑商組織並協助推展業務</mj_subprojectno_na>
        </BCTDHELPPLAN_row>
        <BCTDHELPPLAN_row>
            <bh_fiscalyear>106</bh_fiscalyear>
            <bh_fundkind>1</bh_fundkind>
            <bh_budgetkind>1</bh_budgetkind>
            <bh_specialbudgetno/>
            <bh_agenno>39001</bh_agenno>
            <bh_agentype>C</bh_agentype>
            <bh_budgetstate>1</bh_budgetstate>
            <bh_versiondate/>
            <bh_objectno>0437</bh_objectno>
            <bh_endowplanno>10</bh_endowplanno>
            <bh_endowplanname>舉辦優秀僑商選拔及協助推展業務</bh_endowplanname>
            <bh_donname>國內民間團體</bh_donname>
            <bh_endowsts>1</bh_endowsts>
            <bh_budgetno>42390012700</bh_budgetno>
            <bh_subprojectno>01</bh_subprojectno>
            <bh_budgetsource>1</bh_budgetsource>
            <bh_applyid>0</bh_applyid>
            <bh_startyear>106</bh_startyear>
            <bh_endyear>106</bh_endyear>
            <bh_donrem>&amp;lt;#H1&amp;gt;輔助舉辦優秀僑商選拔活動。&amp;lt;#H1&amp;gt;輔助世界臺商總會臺北聯絡辦事處推展業務。</bh_donrem>
            <bh_bgtyear>0</bh_bgtyear>
            <bh_amt_man>0.00</bh_amt_man>
            <bh_amt_business>1341000.00</bh_amt_business>
            <bh_amt_other>0.00</bh_amt_other>
            <bh_amt_land>0.00</bh_amt_land>
            <bh_amt_house>0.00</bh_amt_house>
            <bh_amt6>0.00</bh_amt6>
            <bh_amt7>0.00</bh_amt7>
            <bh_flowflag/>
            <bh_signflag/>
            <bh_signno/>
            <mj_subprojectno_na>01 - 聯繫海外僑商組織並協助推展業務</mj_subprojectno_na>
        </BCTDHELPPLAN_row>
        <BCTDHELPPLAN_row>
            <bh_fiscalyear>106</bh_fiscalyear>
            <bh_fundkind>1</bh_fundkind>
            <bh_budgetkind>1</bh_budgetkind>
            <bh_specialbudgetno/>
            <bh_agenno>39001</bh_agenno>
            <bh_agentype>C</bh_agentype>
            <bh_budgetstate>1</bh_budgetstate>
            <bh_versiondate/>
            <bh_objectno>0436</bh_objectno>
            <bh_endowplanno>19</bh_endowplanno>
            <bh_endowplanname>協助僑營企業發展</bh_endowplanname>
            <bh_donname>海外僑商團體</bh_donname>
            <bh_endowsts>1</bh_endowsts>
            <bh_budgetno>42390012700</bh_budgetno>
            <bh_subprojectno>02</bh_subprojectno>
            <bh_budgetsource>1</bh_budgetsource>
            <bh_applyid>0</bh_applyid>
            <bh_startyear>106</bh_startyear>
            <bh_endyear>106</bh_endyear>
            <bh_donrem>輔助辦理經貿專題講座、企業診斷諮商及僑營餐飲美食廚藝示範教學等活動。</bh_donrem>
            <bh_bgtyear>0</bh_bgtyear>
            <bh_amt_man>0.00</bh_amt_man>
            <bh_amt_business>1500000.00</bh_amt_business>
            <bh_amt_other>0.00</bh_amt_other>
            <bh_amt_land>0.00</bh_amt_land>
            <bh_amt_house>0.00</bh_amt_house>
            <bh_amt6>0.00</bh_amt6>
            <bh_amt7>0.00</bh_amt7>
            <bh_flowflag/>
            <bh_signflag/>
            <bh_signno/>
            <mj_subprojectno_na>02 - 培訓僑商經貿人才協助僑營企業發展</mj_subprojectno_na>
        </BCTDHELPPLAN_row>
        <BCTDHELPPLAN_row>
            <bh_fiscalyear>106</bh_fiscalyear>
            <bh_fundkind>1</bh_fundkind>
            <bh_budgetkind>1</bh_budgetkind>
            <bh_specialbudgetno/>
            <bh_agenno>39001</bh_agenno>
            <bh_agentype>C</bh_agentype>
            <bh_budgetstate>1</bh_budgetstate>
            <bh_versiondate/>
            <bh_objectno>0436</bh_objectno>
            <bh_endowplanno>20</bh_endowplanno>
            <bh_endowplanname>促進海內外商機交流</bh_endowplanname>
            <bh_donname>海外僑臺商團體、僑臺商企業主及專業人士</bh_donname>
            <bh_endowsts>1</bh_endowsts>
            <bh_budgetno>42390012700</bh_budgetno>
            <bh_subprojectno>03</bh_subprojectno>
            <bh_budgetsource>1</bh_budgetsource>
            <bh_applyid>0</bh_applyid>
            <bh_startyear>106</bh_startyear>
            <bh_endyear>106</bh_endyear>
            <bh_donrem>&amp;lt;#H1&amp;gt;輔助辦理推動招商攬才，拓展東南亞新興市場並促進海內外產業合作交流。&#xd;
&amp;lt;#H1&amp;gt;輔助辦理考察國內創新研發產業政策及投資環境邀訪等活動機票款。</bh_donrem>
            <bh_bgtyear>0</bh_bgtyear>
            <bh_amt_man>0.00</bh_amt_man>
            <bh_amt_business>0.00</bh_amt_business>
            <bh_amt_other>1269000.00</bh_amt_other>
            <bh_amt_land>0.00</bh_amt_land>
            <bh_amt_house>0.00</bh_amt_house>
            <bh_amt6>0.00</bh_amt6>
            <bh_amt7>0.00</bh_amt7>
            <bh_flowflag/>
            <bh_signflag/>
            <bh_signno/>
            <mj_subprojectno_na>03 - 海外華人經濟資訊彙編並促進海內外商機交流</mj_subprojectno_na>
        </BCTDHELPPLAN_row>
        <BCTDHELPPLAN_row>
            <bh_fiscalyear>106</bh_fiscalyear>
            <bh_fundkind>1</bh_fundkind>
            <bh_budgetkind>1</bh_budgetkind>
            <bh_specialbudgetno/>
            <bh_agenno>39001</bh_agenno>
            <bh_agentype>C</bh_agentype>
            <bh_budgetstate>1</bh_budgetstate>
            <bh_versiondate/>
            <bh_objectno>0436</bh_objectno>
            <bh_endowplanno>21</bh_endowplanno>
            <bh_endowplanname>輔助各項災後重建貸款專案</bh_endowplanname>
            <bh_donname>海外僑民及僑臺商事業</bh_donname>
            <bh_endowsts>1</bh_endowsts>
            <bh_budgetno>42390012700</bh_budgetno>
            <bh_subprojectno>03</bh_subprojectno>
            <bh_budgetsource>1</bh_budgetsource>
            <bh_applyid>0</bh_applyid>
            <bh_startyear>106</bh_startyear>
            <bh_endyear>106</bh_endyear>
            <bh_donrem>輔助各項災後重建貸款專案信用保證利息及手續費。</bh_donrem>
            <bh_bgtyear>0</bh_bgtyear>
            <bh_amt_man>0.00</bh_amt_man>
            <bh_amt_business>0.00</bh_amt_business>
            <bh_amt_other>1968000.00</bh_amt_other>
            <bh_amt_land>0.00</bh_amt_land>
            <bh_amt_house>0.00</bh_amt_house>
            <bh_amt6>0.00</bh_amt6>
            <bh_amt7>0.00</bh_amt7>
            <bh_flowflag/>
            <bh_signflag/>
            <bh_signno/>
            <mj_subprojectno_na>03 - 海外華人經濟資訊彙編並促進海內外商機交流</mj_subprojectno_na>
        </BCTDHELPPLAN_row>
        <BCTDHELPPLAN_row>
            <bh_fiscalyear>106</bh_fiscalyear>
            <bh_fundkind>1</bh_fundkind>
            <bh_budgetkind>1</bh_budgetkind>
            <bh_specialbudgetno/>
            <bh_agenno>39001</bh_agenno>
            <bh_agentype>C</bh_agentype>
            <bh_budgetstate>1</bh_budgetstate>
            <bh_versiondate/>
            <bh_objectno>0437</bh_objectno>
            <bh_endowplanno>11</bh_endowplanno>
            <bh_endowplanname>捐助海外信用保證基金</bh_endowplanname>
            <bh_donname>財團法人海外信用保證基金</bh_donname>
            <bh_endowsts>1</bh_endowsts>
            <bh_budgetno>42390012700</bh_budgetno>
            <bh_subprojectno>03</bh_subprojectno>
            <bh_budgetsource>1</bh_budgetsource>
            <bh_applyid>0</bh_applyid>
            <bh_startyear>106</bh_startyear>
            <bh_endyear>106</bh_endyear>
            <bh_donrem>充實財團法人海外信用保證基金保證能力，對海外僑臺商提供信用保證，協助其取得經營事業所需融資。</bh_donrem>
            <bh_bgtyear>0</bh_bgtyear>
            <bh_amt_man>0.00</bh_amt_man>
            <bh_amt_business>0.00</bh_amt_business>
            <bh_amt_other>0.00</bh_amt_other>
            <bh_amt_land>0.00</bh_amt_land>
            <bh_amt_house>0.00</bh_amt_house>
            <bh_amt6>0.00</bh_amt6>
            <bh_amt7>28200000.00</bh_amt7>
            <bh_flowflag/>
            <bh_signflag/>
            <bh_signno/>
            <mj_subprojectno_na>03 - 海外華人經濟資訊彙編並促進海內外商機交流</mj_subprojectno_na>
        </BCTDHELPPLAN_row>
        <BCTDHELPPLAN_row>
            <bh_fiscalyear>106</bh_fiscalyear>
            <bh_fundkind>1</bh_fundkind>
            <bh_budgetkind>1</bh_budgetkind>
            <bh_specialbudgetno/>
            <bh_agenno>39001</bh_agenno>
            <bh_agentype>C</bh_agentype>
            <bh_budgetstate>1</bh_budgetstate>
            <bh_versiondate/>
            <bh_objectno>0436</bh_objectno>
            <bh_endowplanno>06</bh_endowplanno>
            <bh_endowplanname>輔助及獎勵僑校</bh_endowplanname>
            <bh_donname>海外僑校、僑教組織、主流教育人士</bh_donname>
            <bh_endowsts>1</bh_endowsts>
            <bh_budgetno>51390012320</bh_budgetno>
            <bh_subprojectno>02</bh_subprojectno>
            <bh_budgetsource>1</bh_budgetsource>
            <bh_applyid>0</bh_applyid>
            <bh_startyear>106</bh_startyear>
            <bh_endyear>106</bh_endyear>
            <bh_donrem>&amp;lt;#H1&amp;gt;輔助偏遠及重點區域僑校，健全校務運作。&#xd;
&amp;lt;#H1&amp;gt;輔助海外僑校自聘國內教師前往任教，並推介國內優質華語師資赴海外資源匱乏地區支援僑校教學。&#xd;
&amp;lt;#H1&amp;gt;辦理華語文推展活動及邀請主流教育人士來臺參訪。&#xd;
&amp;lt;#H1&amp;gt;輔助僑校辦理各項文教活動、充實教學資源及協輔僑教組織辦理華語文研討會。&#xd;
&amp;lt;#H1&amp;gt;改善僑校教學環境、校舍修繕、添購電腦及教學設備，提升偏遠地區僑校數位教學能力。&#xd;
&amp;lt;#H1&amp;gt;輔助僑校購置教科書、作業簿、教師手冊、教材教具及參考圖書等。&#xd;
</bh_donrem>
            <bh_bgtyear>0</bh_bgtyear>
            <bh_amt_man>0.00</bh_amt_man>
            <bh_amt_business>0.00</bh_amt_business>
            <bh_amt_other>25260000.00</bh_amt_other>
            <bh_amt_land>0.00</bh_amt_land>
            <bh_amt_house>0.00</bh_amt_house>
            <bh_amt6>0.00</bh_amt6>
            <bh_amt7>0.00</bh_amt7>
            <bh_flowflag/>
            <bh_signflag/>
            <bh_signno/>
            <mj_subprojectno_na>02 - 輔助及獎勵僑校</mj_subprojectno_na>
        </BCTDHELPPLAN_row>
        <BCTDHELPPLAN_row>
            <bh_fiscalyear>106</bh_fiscalyear>
            <bh_fundkind>1</bh_fundkind>
            <bh_budgetkind>1</bh_budgetkind>
            <bh_specialbudgetno/>
            <bh_agenno>39001</bh_agenno>
            <bh_agentype>C</bh_agentype>
            <bh_budgetstate>1</bh_budgetstate>
            <bh_versiondate/>
            <bh_objectno>0436</bh_objectno>
            <bh_endowplanno>07</bh_endowplanno>
            <bh_endowplanname>充實及培訓僑校師資</bh_endowplanname>
            <bh_donname>海外僑校、僑教組織、僑校校長、主任及華文教師</bh_donname>
            <bh_endowsts>1</bh_endowsts>
            <bh_budgetno>51390012320</bh_budgetno>
            <bh_subprojectno>04</bh_subprojectno>
            <bh_budgetsource>1</bh_budgetsource>
            <bh_applyid>0</bh_applyid>
            <bh_startyear>106</bh_startyear>
            <bh_endyear>106</bh_endyear>
            <bh_donrem>&amp;lt;#H1&amp;gt;輔助海外暨偏遠地區僑校校長、主任及教師來臺參加研習活動機票款。&amp;lt;#H1&amp;gt;輔助辦理教師研習會。&#xd;
&amp;lt;#H1&amp;gt;獎勵海外僑校教師及輔助辦理教師節活動。&#xd;
&amp;lt;#H1&amp;gt;輔助辦理海外僑校師資培訓或赴僑校實習及教學。&#xd;
&amp;lt;#H1&amp;gt;輔助海外僑校及僑教組織來臺研習華語及多元文化。&#xd;
</bh_donrem>
            <bh_bgtyear>0</bh_bgtyear>
            <bh_amt_man>0.00</bh_amt_man>
            <bh_amt_business>0.00</bh_amt_business>
            <bh_amt_other>7775000.00</bh_amt_other>
            <bh_amt_land>0.00</bh_amt_land>
            <bh_amt_house>0.00</bh_amt_house>
            <bh_amt6>0.00</bh_amt6>
            <bh_amt7>0.00</bh_amt7>
            <bh_flowflag/>
            <bh_signflag/>
            <bh_signno/>
            <mj_subprojectno_na>04 - 充實及培訓僑校師資</mj_subprojectno_na>
        </BCTDHELPPLAN_row>
        <BCTDHELPPLAN_row>
            <bh_fiscalyear>106</bh_fiscalyear>
            <bh_fundkind>1</bh_fundkind>
            <bh_budgetkind>1</bh_budgetkind>
            <bh_specialbudgetno/>
            <bh_agenno>39001</bh_agenno>
            <bh_agentype>C</bh_agentype>
            <bh_budgetstate>1</bh_budgetstate>
            <bh_versiondate/>
            <bh_objectno>0437</bh_objectno>
            <bh_endowplanno>03</bh_endowplanno>
            <bh_endowplanname>充實及培訓僑校師資</bh_endowplanname>
            <bh_donname>國內教育機構</bh_donname>
            <bh_endowsts>1</bh_endowsts>
            <bh_budgetno>51390012320</bh_budgetno>
            <bh_subprojectno>04</bh_subprojectno>
            <bh_budgetsource>1</bh_budgetsource>
            <bh_applyid>0</bh_applyid>
            <bh_startyear>106</bh_startyear>
            <bh_endyear>106</bh_endyear>
            <bh_donrem>輔助辦理海外僑校師資培訓或赴僑校實習及教學。</bh_donrem>
            <bh_bgtyear>0</bh_bgtyear>
            <bh_amt_man>0.00</bh_amt_man>
            <bh_amt_business>0.00</bh_amt_business>
            <bh_amt_other>300000.00</bh_amt_other>
            <bh_amt_land>0.00</bh_amt_land>
            <bh_amt_house>0.00</bh_amt_house>
            <bh_amt6>0.00</bh_amt6>
            <bh_amt7>0.00</bh_amt7>
            <bh_flowflag/>
            <bh_signflag/>
            <bh_signno/>
            <mj_subprojectno_na>04 - 充實及培訓僑校師資</mj_subprojectno_na>
        </BCTDHELPPLAN_row>
        <BCTDHELPPLAN_row>
            <bh_fiscalyear>106</bh_fiscalyear>
            <bh_fundkind>1</bh_fundkind>
            <bh_budgetkind>1</bh_budgetkind>
            <bh_specialbudgetno/>
            <bh_agenno>39001</bh_agenno>
            <bh_agentype>C</bh_agentype>
            <bh_budgetstate>1</bh_budgetstate>
            <bh_versiondate/>
            <bh_objectno>0436</bh_objectno>
            <bh_endowplanno>08</bh_endowplanno>
            <bh_endowplanname>建構數位僑教及推展雲端學習</bh_endowplanname>
            <bh_donname>海外僑團（社、校）、文教組織、華文教師</bh_donname>
            <bh_endowsts>1</bh_endowsts>
            <bh_budgetno>51390012320</bh_budgetno>
            <bh_subprojectno>05</bh_subprojectno>
            <bh_budgetsource>1</bh_budgetsource>
            <bh_applyid>0</bh_applyid>
            <bh_startyear>106</bh_startyear>
            <bh_endyear>106</bh_endyear>
            <bh_donrem>&amp;lt;#H1&amp;gt;輔助編製及推廣教材。&amp;lt;#H1&amp;gt;輔助辦理華文網路種子師資培訓活動機票款。&amp;lt;#H1&amp;gt;協輔海外「華語文數位學習中心」運用僑教雲端服務，研發創新教學內容，發展多元教學模式。</bh_donrem>
            <bh_bgtyear>0</bh_bgtyear>
            <bh_amt_man>0.00</bh_amt_man>
            <bh_amt_business>0.00</bh_amt_business>
            <bh_amt_other>1825000.00</bh_amt_other>
            <bh_amt_land>0.00</bh_amt_land>
            <bh_amt_house>0.00</bh_amt_house>
            <bh_amt6>0.00</bh_amt6>
            <bh_amt7>0.00</bh_amt7>
            <bh_flowflag/>
            <bh_signflag/>
            <bh_signno/>
            <mj_subprojectno_na>05 - 建構數位僑教及推展雲端學習</mj_subprojectno_na>
        </BCTDHELPPLAN_row>
        <BCTDHELPPLAN_row>
            <bh_fiscalyear>106</bh_fiscalyear>
            <bh_fundkind>1</bh_fundkind>
            <bh_budgetkind>1</bh_budgetkind>
            <bh_specialbudgetno/>
            <bh_agenno>39001</bh_agenno>
            <bh_agentype>C</bh_agentype>
            <bh_budgetstate>1</bh_budgetstate>
            <bh_versiondate/>
            <bh_objectno>0437</bh_objectno>
            <bh_endowplanno>04</bh_endowplanno>
            <bh_endowplanname>建構數位僑教及推展雲端學習</bh_endowplanname>
            <bh_donname>國內優良廠商及相關文教團體</bh_donname>
            <bh_endowsts>1</bh_endowsts>
            <bh_budgetno>51390012320</bh_budgetno>
            <bh_subprojectno>05</bh_subprojectno>
            <bh_budgetsource>1</bh_budgetsource>
            <bh_applyid>0</bh_applyid>
            <bh_startyear>106</bh_startyear>
            <bh_endyear>106</bh_endyear>
            <bh_donrem>輔助編製及推廣教材。</bh_donrem>
            <bh_bgtyear>0</bh_bgtyear>
            <bh_amt_man>0.00</bh_amt_man>
            <bh_amt_business>0.00</bh_amt_business>
            <bh_amt_other>63000.00</bh_amt_other>
            <bh_amt_land>0.00</bh_amt_land>
            <bh_amt_house>0.00</bh_amt_house>
            <bh_amt6>0.00</bh_amt6>
            <bh_amt7>0.00</bh_amt7>
            <bh_flowflag/>
            <bh_signflag/>
            <bh_signno/>
            <mj_subprojectno_na>05 - 建構數位僑教及推展雲端學習</mj_subprojectno_na>
        </BCTDHELPPLAN_row>
        <BCTDHELPPLAN_row>
            <bh_fiscalyear>106</bh_fiscalyear>
            <bh_fundkind>1</bh_fundkind>
            <bh_budgetkind>1</bh_budgetkind>
            <bh_specialbudgetno/>
            <bh_agenno>39001</bh_agenno>
            <bh_agentype>C</bh_agentype>
            <bh_budgetstate>1</bh_budgetstate>
            <bh_versiondate/>
            <bh_objectno>0476</bh_objectno>
            <bh_endowplanno>10</bh_endowplanno>
            <bh_endowplanname>建構數位僑教及推展雲端學習</bh_endowplanname>
            <bh_donname>國內專家學者</bh_donname>
            <bh_endowsts>1</bh_endowsts>
            <bh_budgetno>51390012320</bh_budgetno>
            <bh_subprojectno>05</bh_subprojectno>
            <bh_budgetsource>1</bh_budgetsource>
            <bh_applyid>0</bh_applyid>
            <bh_startyear>106</bh_startyear>
            <bh_endyear>106</bh_endyear>
            <bh_donrem>輔助編製及推廣教材。</bh_donrem>
            <bh_bgtyear>0</bh_bgtyear>
            <bh_amt_man>0.00</bh_amt_man>
            <bh_amt_business>0.00</bh_amt_business>
            <bh_amt_other>100000.00</bh_amt_other>
            <bh_amt_land>0.00</bh_amt_land>
            <bh_amt_house>0.00</bh_amt_house>
            <bh_amt6>0.00</bh_amt6>
            <bh_amt7>0.00</bh_amt7>
            <bh_flowflag/>
            <bh_signflag/>
            <bh_signno/>
            <mj_subprojectno_na>05 - 建構數位僑教及推展雲端學習</mj_subprojectno_na>
        </BCTDHELPPLAN_row>
        <BCTDHELPPLAN_row>
            <bh_fiscalyear>106</bh_fiscalyear>
            <bh_fundkind>1</bh_fundkind>
            <bh_budgetkind>1</bh_budgetkind>
            <bh_specialbudgetno/>
            <bh_agenno>39001</bh_agenno>
            <bh_agentype>C</bh_agentype>
            <bh_budgetstate>1</bh_budgetstate>
            <bh_versiondate/>
            <bh_objectno>0436</bh_objectno>
            <bh_endowplanno>09</bh_endowplanno>
            <bh_endowplanname>正體字華語文推廣行銷</bh_endowplanname>
            <bh_donname>海外僑團（校）、僑教組織</bh_donname>
            <bh_endowsts>1</bh_endowsts>
            <bh_budgetno>51390012320</bh_budgetno>
            <bh_subprojectno>06</bh_subprojectno>
            <bh_budgetsource>1</bh_budgetsource>
            <bh_applyid>0</bh_applyid>
            <bh_startyear>106</bh_startyear>
            <bh_endyear>106</bh_endyear>
            <bh_donrem>輔助辦理正體字華語文推廣活動。</bh_donrem>
            <bh_bgtyear>0</bh_bgtyear>
            <bh_amt_man>0.00</bh_amt_man>
            <bh_amt_business>0.00</bh_amt_business>
            <bh_amt_other>2000000.00</bh_amt_other>
            <bh_amt_land>0.00</bh_amt_land>
            <bh_amt_house>0.00</bh_amt_house>
            <bh_amt6>0.00</bh_amt6>
            <bh_amt7>0.00</bh_amt7>
            <bh_flowflag/>
            <bh_signflag/>
            <bh_signno/>
            <mj_subprojectno_na>06 - 推展海外華文遠距教學</mj_subprojectno_na>
        </BCTDHELPPLAN_row>
        <BCTDHELPPLAN_row>
            <bh_fiscalyear>106</bh_fiscalyear>
            <bh_fundkind>1</bh_fundkind>
            <bh_budgetkind>1</bh_budgetkind>
            <bh_specialbudgetno/>
            <bh_agenno>39001</bh_agenno>
            <bh_agentype>C</bh_agentype>
            <bh_budgetstate>1</bh_budgetstate>
            <bh_versiondate/>
            <bh_objectno>0437</bh_objectno>
            <bh_endowplanno>05</bh_endowplanno>
            <bh_endowplanname>培訓海外專業技術青年人才</bh_endowplanname>
            <bh_donname>國內大專院校</bh_donname>
            <bh_endowsts>1</bh_endowsts>
            <bh_budgetno>51390012321</bh_budgetno>
            <bh_subprojectno>01</bh_subprojectno>
            <bh_budgetsource>1</bh_budgetsource>
            <bh_applyid>0</bh_applyid>
            <bh_startyear>106</bh_startyear>
            <bh_endyear>106</bh_endyear>
            <bh_donrem>輔導辦理海外青年技術訓練班學員參訪臺灣民俗文藝經建活動。</bh_donrem>
            <bh_bgtyear>0</bh_bgtyear>
            <bh_amt_man>0.00</bh_amt_man>
            <bh_amt_business>157000.00</bh_amt_business>
            <bh_amt_other>0.00</bh_amt_other>
            <bh_amt_land>0.00</bh_amt_land>
            <bh_amt_house>0.00</bh_amt_house>
            <bh_amt6>0.00</bh_amt6>
            <bh_amt7>0.00</bh_amt7>
            <bh_flowflag/>
            <bh_signflag/>
            <bh_signno/>
            <mj_subprojectno_na>01 - 培訓海外專業技術青年人才</mj_subprojectno_na>
        </BCTDHELPPLAN_row>
        <BCTDHELPPLAN_row>
            <bh_fiscalyear>106</bh_fiscalyear>
            <bh_fundkind>1</bh_fundkind>
            <bh_budgetkind>1</bh_budgetkind>
            <bh_specialbudgetno/>
            <bh_agenno>39001</bh_agenno>
            <bh_agentype>C</bh_agentype>
            <bh_budgetstate>1</bh_budgetstate>
            <bh_versiondate/>
            <bh_objectno>0441</bh_objectno>
            <bh_endowplanno>01</bh_endowplanno>
            <bh_endowplanname>學習扶助金</bh_endowplanname>
            <bh_donname>第35、36期海青班清寒學員</bh_donname>
            <bh_endowsts>1</bh_endowsts>
            <bh_budgetno>51390012321</bh_budgetno>
            <bh_subprojectno>01</bh_subprojectno>
            <bh_budgetsource>1</bh_budgetsource>
            <bh_applyid>0</bh_applyid>
            <bh_startyear>106</bh_startyear>
            <bh_endyear>106</bh_endyear>
            <bh_donrem>第35期每月核發80名（12個月），第36期每月核發80名（10個月），每人補助新臺幣2,050元。</bh_donrem>
            <bh_bgtyear>0</bh_bgtyear>
            <bh_amt_man>0.00</bh_amt_man>
            <bh_amt_business>0.00</bh_amt_business>
            <bh_amt_other>3608000.00</bh_amt_other>
            <bh_amt_land>0.00</bh_amt_land>
            <bh_amt_house>0.00</bh_amt_house>
            <bh_amt6>0.00</bh_amt6>
            <bh_amt7>0.00</bh_amt7>
            <bh_flowflag/>
            <bh_signflag/>
            <bh_signno/>
            <mj_subprojectno_na>01 - 培訓海外專業技術青年人才</mj_subprojectno_na>
        </BCTDHELPPLAN_row>
        <BCTDHELPPLAN_row>
            <bh_fiscalyear>106</bh_fiscalyear>
            <bh_fundkind>1</bh_fundkind>
            <bh_budgetkind>1</bh_budgetkind>
            <bh_specialbudgetno/>
            <bh_agenno>39001</bh_agenno>
            <bh_agentype>C</bh_agentype>
            <bh_budgetstate>1</bh_budgetstate>
            <bh_versiondate/>
            <bh_objectno>0441</bh_objectno>
            <bh_endowplanno>02</bh_endowplanno>
            <bh_endowplanname>學行優良獎學金</bh_endowplanname>
            <bh_donname>第35、36期海青班學行優良學員</bh_donname>
            <bh_endowsts>1</bh_endowsts>
            <bh_budgetno>51390012321</bh_budgetno>
            <bh_subprojectno>01</bh_subprojectno>
            <bh_budgetsource>1</bh_budgetsource>
            <bh_applyid>0</bh_applyid>
            <bh_startyear>106</bh_startyear>
            <bh_endyear>106</bh_endyear>
            <bh_donrem>核發406人次學員，每人次獎學金新臺幣10,000元。</bh_donrem>
            <bh_bgtyear>0</bh_bgtyear>
            <bh_amt_man>0.00</bh_amt_man>
            <bh_amt_business>0.00</bh_amt_business>
            <bh_amt_other>4060000.00</bh_amt_other>
            <bh_amt_land>0.00</bh_amt_land>
            <bh_amt_house>0.00</bh_amt_house>
            <bh_amt6>0.00</bh_amt6>
            <bh_amt7>0.00</bh_amt7>
            <bh_flowflag/>
            <bh_signflag/>
            <bh_signno/>
            <mj_subprojectno_na>01 - 培訓海外專業技術青年人才</mj_subprojectno_na>
        </BCTDHELPPLAN_row>
        <BCTDHELPPLAN_row>
            <bh_fiscalyear>106</bh_fiscalyear>
            <bh_fundkind>1</bh_fundkind>
            <bh_budgetkind>1</bh_budgetkind>
            <bh_specialbudgetno/>
            <bh_agenno>39001</bh_agenno>
            <bh_agentype>C</bh_agentype>
            <bh_budgetstate>1</bh_budgetstate>
            <bh_versiondate/>
            <bh_objectno>0441</bh_objectno>
            <bh_endowplanno>03</bh_endowplanno>
            <bh_endowplanname>招收海外青年回國技術訓練</bh_endowplanname>
            <bh_donname>第35、36期海青班學員</bh_donname>
            <bh_endowsts>1</bh_endowsts>
            <bh_budgetno>51390012321</bh_budgetno>
            <bh_subprojectno>01</bh_subprojectno>
            <bh_budgetsource>1</bh_budgetsource>
            <bh_applyid>0</bh_applyid>
            <bh_startyear>106</bh_startyear>
            <bh_endyear>106</bh_endyear>
            <bh_donrem>第35、36期海青班學費補助。</bh_donrem>
            <bh_bgtyear>0</bh_bgtyear>
            <bh_amt_man>0.00</bh_amt_man>
            <bh_amt_business>0.00</bh_amt_business>
            <bh_amt_other>58250000.00</bh_amt_other>
            <bh_amt_land>0.00</bh_amt_land>
            <bh_amt_house>0.00</bh_amt_house>
            <bh_amt6>0.00</bh_amt6>
            <bh_amt7>0.00</bh_amt7>
            <bh_flowflag/>
            <bh_signflag/>
            <bh_signno/>
            <mj_subprojectno_na>01 - 培訓海外專業技術青年人才</mj_subprojectno_na>
        </BCTDHELPPLAN_row>
        <BCTDHELPPLAN_row>
            <bh_fiscalyear>106</bh_fiscalyear>
            <bh_fundkind>1</bh_fundkind>
            <bh_budgetkind>1</bh_budgetkind>
            <bh_specialbudgetno/>
            <bh_agenno>39001</bh_agenno>
            <bh_agentype>C</bh_agentype>
            <bh_budgetstate>1</bh_budgetstate>
            <bh_versiondate/>
            <bh_objectno>0476</bh_objectno>
            <bh_endowplanno>11</bh_endowplanno>
            <bh_endowplanname>捐助海青班學員保險及急難救助慰問金</bh_endowplanname>
            <bh_donname>海外青年技術訓練班學員</bh_donname>
            <bh_endowsts>1</bh_endowsts>
            <bh_budgetno>51390012321</bh_budgetno>
            <bh_subprojectno>01</bh_subprojectno>
            <bh_budgetsource>1</bh_budgetsource>
            <bh_applyid>0</bh_applyid>
            <bh_startyear>106</bh_startyear>
            <bh_endyear>106</bh_endyear>
            <bh_donrem>&lt;#H1&gt;辦理海青班學員參加傷病醫療及全民健康保險。&lt;#H1&gt;辦理海青班學員住院醫療及喪葬急難救助慰問金。</bh_donrem>
            <bh_bgtyear>0</bh_bgtyear>
            <bh_amt_man>0.00</bh_amt_man>
            <bh_amt_business>0.00</bh_amt_business>
            <bh_amt_other>6684000.00</bh_amt_other>
            <bh_amt_land>0.00</bh_amt_land>
            <bh_amt_house>0.00</bh_amt_house>
            <bh_amt6>0.00</bh_amt6>
            <bh_amt7>0.00</bh_amt7>
            <bh_flowflag/>
            <bh_signflag/>
            <bh_signno/>
            <mj_subprojectno_na>01 - 培訓海外專業技術青年人才</mj_subprojectno_na>
        </BCTDHELPPLAN_row>
        <BCTDHELPPLAN_row>
            <bh_fiscalyear>106</bh_fiscalyear>
            <bh_fundkind>1</bh_fundkind>
            <bh_budgetkind>1</bh_budgetkind>
            <bh_specialbudgetno/>
            <bh_agenno>39001</bh_agenno>
            <bh_agentype>C</bh_agentype>
            <bh_budgetstate>1</bh_budgetstate>
            <bh_versiondate/>
            <bh_objectno>0436</bh_objectno>
            <bh_endowplanno>10</bh_endowplanno>
            <bh_endowplanname>輔導海外青年來臺文化研習及團隊活動</bh_endowplanname>
            <bh_donname>海外社教團體、海外傑出青年</bh_donname>
            <bh_endowsts>1</bh_endowsts>
            <bh_budgetno>51390012321</bh_budgetno>
            <bh_subprojectno>02</bh_subprojectno>
            <bh_budgetsource>1</bh_budgetsource>
            <bh_applyid>0</bh_applyid>
            <bh_startyear>106</bh_startyear>
            <bh_endyear>106</bh_endyear>
            <bh_donrem>輔導研習班、觀摩團結業學員成立聯誼組織，團結海外華裔青年力量。</bh_donrem>
            <bh_bgtyear>0</bh_bgtyear>
            <bh_amt_man>0.00</bh_amt_man>
            <bh_amt_business>0.00</bh_amt_business>
            <bh_amt_other>250000.00</bh_amt_other>
            <bh_amt_land>0.00</bh_amt_land>
            <bh_amt_house>0.00</bh_amt_house>
            <bh_amt6>0.00</bh_amt6>
            <bh_amt7>0.00</bh_amt7>
            <bh_flowflag/>
            <bh_signflag/>
            <bh_signno/>
            <mj_subprojectno_na>02 - 輔導海外青年來臺文化研習及團隊活動</mj_subprojectno_na>
        </BCTDHELPPLAN_row>
        <BCTDHELPPLAN_row>
            <bh_fiscalyear>106</bh_fiscalyear>
            <bh_fundkind>1</bh_fundkind>
            <bh_budgetkind>1</bh_budgetkind>
            <bh_specialbudgetno/>
            <bh_agenno>39001</bh_agenno>
            <bh_agentype>C</bh_agentype>
            <bh_budgetstate>1</bh_budgetstate>
            <bh_versiondate/>
            <bh_objectno>0437</bh_objectno>
            <bh_endowplanno>06</bh_endowplanno>
            <bh_endowplanname>輔導海外青年參與志願服務活動</bh_endowplanname>
            <bh_donname>國內民間團體</bh_donname>
            <bh_endowsts>1</bh_endowsts>
            <bh_budgetno>51390012321</bh_budgetno>
            <bh_subprojectno>02</bh_subprojectno>
            <bh_budgetsource>1</bh_budgetsource>
            <bh_applyid>0</bh_applyid>
            <bh_startyear>106</bh_startyear>
            <bh_endyear>106</bh_endyear>
            <bh_donrem>輔助舉辦海外華裔青年來臺參與志願服務活動。</bh_donrem>
            <bh_bgtyear>0</bh_bgtyear>
            <bh_amt_man>0.00</bh_amt_man>
            <bh_amt_business>0.00</bh_amt_business>
            <bh_amt_other>150000.00</bh_amt_other>
            <bh_amt_land>0.00</bh_amt_land>
            <bh_amt_house>0.00</bh_amt_house>
            <bh_amt6>0.00</bh_amt6>
            <bh_amt7>0.00</bh_amt7>
            <bh_flowflag/>
            <bh_signflag/>
            <bh_signno/>
            <mj_subprojectno_na>02 - 輔導海外青年來臺文化研習及團隊活動</mj_subprojectno_na>
        </BCTDHELPPLAN_row>
    </BCTDHELPPLAN>
</tables>
