<?xml version="1.0" encoding="UTF-8"?>
<tables>
    <BCME3410_row>
        <mh_itemserialno1/>
        <mh_itemserialno2/>
        <mh_itemserialno3/>
        <mh_itemserialno4/>
        <budgetno/>
        <mh_budgetname>合         計</mh_budgetname>
        <budgetno_conver/>
        <tyear_amt>98.000000</tyear_amt>
        <lyear_amt>87.000000</lyear_amt>
        <byear_amt>110.000000</byear_amt>
        <b_amt>11.000000</b_amt>
        <bc_content/>
        <blevel>9</blevel>
        <ordinaryid>1</ordinaryid>
    </BCME3410_row>
    <BCME3410_row>
        <mh_itemserialno1>4</mh_itemserialno1>
        <mh_itemserialno2/>
        <mh_itemserialno3/>
        <mh_itemserialno4/>
        <budgetno>07000000000</budgetno>
        <mh_budgetname>財產收入</mh_budgetname>
        <budgetno_conver>0700000000</budgetno_conver>
        <tyear_amt>60.000000</tyear_amt>
        <lyear_amt>61.000000</lyear_amt>
        <byear_amt>63.000000</byear_amt>
        <b_amt>-1.000000</b_amt>
        <bc_content/>
        <blevel>1</blevel>
        <ordinaryid/>
    </BCME3410_row>
    <BCME3410_row>
        <mh_itemserialno1/>
        <mh_itemserialno2>137</mh_itemserialno2>
        <mh_itemserialno3/>
        <mh_itemserialno4/>
        <budgetno>07230900000</budgetno>
        <mh_budgetname>福建高等法院金門分院檢察署</mh_budgetname>
        <budgetno_conver>0723900000</budgetno_conver>
        <tyear_amt>60.000000</tyear_amt>
        <lyear_amt>61.000000</lyear_amt>
        <byear_amt>63.000000</byear_amt>
        <b_amt>-1.000000</b_amt>
        <bc_content/>
        <blevel>2</blevel>
        <ordinaryid/>
    </BCME3410_row>
    <BCME3410_row>
        <mh_itemserialno1/>
        <mh_itemserialno2/>
        <mh_itemserialno3>01</mh_itemserialno3>
        <mh_itemserialno4/>
        <budgetno>07230900100</budgetno>
        <mh_budgetname>財產孳息</mh_budgetname>
        <budgetno_conver>0723900100</budgetno_conver>
        <tyear_amt>59.000000</tyear_amt>
        <lyear_amt>60.000000</lyear_amt>
        <byear_amt>59.000000</byear_amt>
        <b_amt>-1.000000</b_amt>
        <bc_content/>
        <blevel>3</blevel>
        <ordinaryid/>
    </BCME3410_row>
    <BCME3410_row>
        <mh_itemserialno1/>
        <mh_itemserialno2/>
        <mh_itemserialno3/>
        <mh_itemserialno4>01</mh_itemserialno4>
        <budgetno>07230900106</budgetno>
        <mh_budgetname>租金收入</mh_budgetname>
        <budgetno_conver>0723900106</budgetno_conver>
        <tyear_amt>59.000000</tyear_amt>
        <lyear_amt>60.000000</lyear_amt>
        <byear_amt>59.000000</byear_amt>
        <b_amt>-1.000000</b_amt>
        <bc_key>07230900106xxxxxxxxxxxxxxxxxxxxxxxx1R1x0</bc_key>
        <bc_content>本年度預算數係辦公場地出借收
入。</bc_content>
        <blevel>4</blevel>
        <ordinaryid/>
    </BCME3410_row>
    <BCME3410_row>
        <mh_itemserialno1/>
        <mh_itemserialno2/>
        <mh_itemserialno3>02</mh_itemserialno3>
        <mh_itemserialno4/>
        <budgetno>07230900600</budgetno>
        <mh_budgetname>廢舊物資售價</mh_budgetname>
        <budgetno_conver>0723900600</budgetno_conver>
        <tyear_amt>1.000000</tyear_amt>
        <lyear_amt>1.000000</lyear_amt>
        <byear_amt>3.000000</byear_amt>
        <b_amt>0.000000</b_amt>
        <bc_key>07230900600xxxxxxxxxxxxxxxxxxxxxxxx1R1x0</bc_key>
        <bc_content>本年度預算數係出售廢舊物品等
收入。</bc_content>
        <blevel>3</blevel>
        <ordinaryid/>
    </BCME3410_row>
    <BCME3410_row>
        <mh_itemserialno1>7</mh_itemserialno1>
        <mh_itemserialno2/>
        <mh_itemserialno3/>
        <mh_itemserialno4/>
        <budgetno>11000000000</budgetno>
        <mh_budgetname>其他收入</mh_budgetname>
        <budgetno_conver>1100000000</budgetno_conver>
        <tyear_amt>38.000000</tyear_amt>
        <lyear_amt>26.000000</lyear_amt>
        <byear_amt>47.000000</byear_amt>
        <b_amt>12.000000</b_amt>
        <bc_content/>
        <blevel>1</blevel>
        <ordinaryid/>
    </BCME3410_row>
    <BCME3410_row>
        <mh_itemserialno1/>
        <mh_itemserialno2>142</mh_itemserialno2>
        <mh_itemserialno3/>
        <mh_itemserialno4/>
        <budgetno>11230900000</budgetno>
        <mh_budgetname>福建高等法院金門分院檢察署</mh_budgetname>
        <budgetno_conver>1123900000</budgetno_conver>
        <tyear_amt>38.000000</tyear_amt>
        <lyear_amt>26.000000</lyear_amt>
        <byear_amt>47.000000</byear_amt>
        <b_amt>12.000000</b_amt>
        <bc_content/>
        <blevel>2</blevel>
        <ordinaryid/>
    </BCME3410_row>
    <BCME3410_row>
        <mh_itemserialno1/>
        <mh_itemserialno2/>
        <mh_itemserialno3>01</mh_itemserialno3>
        <mh_itemserialno4/>
        <budgetno>11230900900</budgetno>
        <mh_budgetname>雜項收入</mh_budgetname>
        <budgetno_conver>1123900900</budgetno_conver>
        <tyear_amt>38.000000</tyear_amt>
        <lyear_amt>26.000000</lyear_amt>
        <byear_amt>47.000000</byear_amt>
        <b_amt>12.000000</b_amt>
        <bc_content/>
        <blevel>3</blevel>
        <ordinaryid/>
    </BCME3410_row>
    <BCME3410_row>
        <mh_itemserialno1/>
        <mh_itemserialno2/>
        <mh_itemserialno3/>
        <mh_itemserialno4>01</mh_itemserialno4>
        <budgetno>11230900909</budgetno>
        <mh_budgetname>其他雜項收入</mh_budgetname>
        <budgetno_conver>1123900909</budgetno_conver>
        <tyear_amt>38.000000</tyear_amt>
        <lyear_amt>26.000000</lyear_amt>
        <byear_amt>47.000000</byear_amt>
        <b_amt>12.000000</b_amt>
        <bc_key>11230900909xxxxxxxxxxxxxxxxxxxxxxxx1R1x0</bc_key>
        <bc_content>本年度預算數係借用宿舍員工自
薪資扣回繳庫數及宿舍管理費等
收入。</bc_content>
        <blevel>4</blevel>
        <ordinaryid/>
    </BCME3410_row>
</tables>
