<?xml version="1.0" encoding="UTF-8"?>
<tables>
    <BCME3410>
        <BCME3410_row>
            <budgetno/>
            <agenno/>
            <agentype/>
            <mh_budgetname>合         計</mh_budgetname>
            <budgetno_conver/>
            <tyear_amt>729.000000</tyear_amt>
            <lyear_amt>4331.000000</lyear_amt>
            <byear_amt>4825.000000</byear_amt>
            <b_amt>-3602.000000</b_amt>
            <bc_content/>
        </BCME3410_row>
        <BCME3410_row>
            <budgetno>04000000000</budgetno>
            <agenno>06040</agenno>
            <agentype>B</agentype>
            <mh_budgetname>罰款及賠償收入</mh_budgetname>
            <budgetno_conver>0400000000</budgetno_conver>
            <tyear_amt>0.000000</tyear_amt>
            <lyear_amt>0.000000</lyear_amt>
            <byear_amt>139.000000</byear_amt>
            <b_amt>0.000000</b_amt>
            <bc_content/>
        </BCME3410_row>
        <BCME3410_row>
            <budgetno>04060400000</budgetno>
            <agenno>06040</agenno>
            <agentype>B</agentype>
            <mh_budgetname>國家文官學院及所屬</mh_budgetname>
            <budgetno_conver>0406400000</budgetno_conver>
            <tyear_amt>0.000000</tyear_amt>
            <lyear_amt>0.000000</lyear_amt>
            <byear_amt>139.000000</byear_amt>
            <b_amt>0.000000</b_amt>
            <bc_content/>
        </BCME3410_row>
        <BCME3410_row>
            <budgetno>04060400300</budgetno>
            <agenno>06040</agenno>
            <agentype>B</agentype>
            <mh_budgetname>賠償收入</mh_budgetname>
            <budgetno_conver>0406400300</budgetno_conver>
            <tyear_amt>0.000000</tyear_amt>
            <lyear_amt>0.000000</lyear_amt>
            <byear_amt>139.000000</byear_amt>
            <b_amt>0.000000</b_amt>
            <bc_content/>
        </BCME3410_row>
        <BCME3410_row>
            <budgetno>04060400301</budgetno>
            <agenno>06040</agenno>
            <agentype>B</agentype>
            <mh_budgetname>一般賠償收入</mh_budgetname>
            <budgetno_conver>0406400301</budgetno_conver>
            <tyear_amt>0.000000</tyear_amt>
            <lyear_amt>0.000000</lyear_amt>
            <byear_amt>139.000000</byear_amt>
            <b_amt>0.000000</b_amt>
            <bc_content>前年度決算數係廠商違約逾期交貨之賠償收入。</bc_content>
        </BCME3410_row>
        <BCME3410_row>
            <budgetno>05000000000</budgetno>
            <agenno>06040</agenno>
            <agentype>B</agentype>
            <mh_budgetname>規費收入</mh_budgetname>
            <budgetno_conver>0500000000</budgetno_conver>
            <tyear_amt>0.000000</tyear_amt>
            <lyear_amt>0.000000</lyear_amt>
            <byear_amt>85.000000</byear_amt>
            <b_amt>0.000000</b_amt>
            <bc_content/>
        </BCME3410_row>
        <BCME3410_row>
            <budgetno>05060400000</budgetno>
            <agenno>06040</agenno>
            <agentype>B</agentype>
            <mh_budgetname>國家文官學院及所屬</mh_budgetname>
            <budgetno_conver>0506400000</budgetno_conver>
            <tyear_amt>0.000000</tyear_amt>
            <lyear_amt>0.000000</lyear_amt>
            <byear_amt>85.000000</byear_amt>
            <b_amt>0.000000</b_amt>
            <bc_content/>
        </BCME3410_row>
        <BCME3410_row>
            <budgetno>05060400300</budgetno>
            <agenno>06040</agenno>
            <agentype>B</agentype>
            <mh_budgetname>使用規費收入</mh_budgetname>
            <budgetno_conver>0506400300</budgetno_conver>
            <tyear_amt>0.000000</tyear_amt>
            <lyear_amt>0.000000</lyear_amt>
            <byear_amt>85.000000</byear_amt>
            <b_amt>0.000000</b_amt>
            <bc_content/>
        </BCME3410_row>
        <BCME3410_row>
            <budgetno>05060400305</budgetno>
            <agenno>06040</agenno>
            <agentype>B</agentype>
            <mh_budgetname>資料使用費</mh_budgetname>
            <budgetno_conver>0506400305</budgetno_conver>
            <tyear_amt>0.000000</tyear_amt>
            <lyear_amt>0.000000</lyear_amt>
            <byear_amt>2.000000</byear_amt>
            <b_amt>0.000000</b_amt>
            <bc_content>前年度決算數係出售公務及國際禮儀專書收入。</bc_content>
        </BCME3410_row>
        <BCME3410_row>
            <budgetno>05060400312</budgetno>
            <agenno>06040</agenno>
            <agentype>B</agentype>
            <mh_budgetname>場地設施使用費</mh_budgetname>
            <budgetno_conver>0506400312</budgetno_conver>
            <tyear_amt>0.000000</tyear_amt>
            <lyear_amt>0.000000</lyear_amt>
            <byear_amt>82.000000</byear_amt>
            <b_amt>0.000000</b_amt>
            <bc_content>前年度決算數係借用宿舍員工自薪資扣回繳庫數。</bc_content>
        </BCME3410_row>
        <BCME3410_row>
            <budgetno>07000000000</budgetno>
            <agenno>06040</agenno>
            <agentype>B</agentype>
            <mh_budgetname>財產收入</mh_budgetname>
            <budgetno_conver>0700000000</budgetno_conver>
            <tyear_amt>721.000000</tyear_amt>
            <lyear_amt>4323.000000</lyear_amt>
            <byear_amt>4600.000000</byear_amt>
            <b_amt>-3602.000000</b_amt>
            <bc_content/>
        </BCME3410_row>
        <BCME3410_row>
            <budgetno>07060400000</budgetno>
            <agenno>06040</agenno>
            <agentype>B</agentype>
            <mh_budgetname>國家文官學院及所屬</mh_budgetname>
            <budgetno_conver>0706400000</budgetno_conver>
            <tyear_amt>721.000000</tyear_amt>
            <lyear_amt>4323.000000</lyear_amt>
            <byear_amt>4600.000000</byear_amt>
            <b_amt>-3602.000000</b_amt>
            <bc_content/>
        </BCME3410_row>
        <BCME3410_row>
            <budgetno>07060400100</budgetno>
            <agenno>06040</agenno>
            <agentype>B</agentype>
            <mh_budgetname>財產孳息</mh_budgetname>
            <budgetno_conver>0706400100</budgetno_conver>
            <tyear_amt>721.000000</tyear_amt>
            <lyear_amt>4323.000000</lyear_amt>
            <byear_amt>4323.000000</byear_amt>
            <b_amt>-3602.000000</b_amt>
            <bc_content/>
        </BCME3410_row>
        <BCME3410_row>
            <budgetno>07060400106</budgetno>
            <agenno>06040</agenno>
            <agentype>B</agentype>
            <mh_budgetname>租金收入</mh_budgetname>
            <budgetno_conver>0706400106</budgetno_conver>
            <tyear_amt>721.000000</tyear_amt>
            <lyear_amt>4323.000000</lyear_amt>
            <byear_amt>4323.000000</byear_amt>
            <b_amt>-3602.000000</b_amt>
            <bc_content>本年度預算數係高爾夫球場場地租金收入。</bc_content>
        </BCME3410_row>
        <BCME3410_row>
            <budgetno>07060400600</budgetno>
            <agenno>06040</agenno>
            <agentype>B</agentype>
            <mh_budgetname>廢舊物資售價</mh_budgetname>
            <budgetno_conver>0706400600</budgetno_conver>
            <tyear_amt>0.000000</tyear_amt>
            <lyear_amt>0.000000</lyear_amt>
            <byear_amt>277.000000</byear_amt>
            <b_amt>0.000000</b_amt>
            <bc_content>前年度決算數係出售廢舊物品等收入。</bc_content>
        </BCME3410_row>
        <BCME3410_row>
            <budgetno>11000000000</budgetno>
            <agenno>06040</agenno>
            <agentype>B</agentype>
            <mh_budgetname>其他收入</mh_budgetname>
            <budgetno_conver>1100000000</budgetno_conver>
            <tyear_amt>8.000000</tyear_amt>
            <lyear_amt>8.000000</lyear_amt>
            <byear_amt>1.000000</byear_amt>
            <b_amt>0.000000</b_amt>
            <bc_content/>
        </BCME3410_row>
        <BCME3410_row>
            <budgetno>11060400000</budgetno>
            <agenno>06040</agenno>
            <agentype>B</agentype>
            <mh_budgetname>國家文官學院及所屬</mh_budgetname>
            <budgetno_conver>1106400000</budgetno_conver>
            <tyear_amt>8.000000</tyear_amt>
            <lyear_amt>8.000000</lyear_amt>
            <byear_amt>1.000000</byear_amt>
            <b_amt>0.000000</b_amt>
            <bc_content/>
        </BCME3410_row>
        <BCME3410_row>
            <budgetno>11060400900</budgetno>
            <agenno>06040</agenno>
            <agentype>B</agentype>
            <mh_budgetname>雜項收入</mh_budgetname>
            <budgetno_conver>1106400900</budgetno_conver>
            <tyear_amt>8.000000</tyear_amt>
            <lyear_amt>8.000000</lyear_amt>
            <byear_amt>1.000000</byear_amt>
            <b_amt>0.000000</b_amt>
            <bc_content/>
        </BCME3410_row>
        <BCME3410_row>
            <budgetno>11060400909</budgetno>
            <agenno>06040</agenno>
            <agentype>B</agentype>
            <mh_budgetname>其他雜項收入</mh_budgetname>
            <budgetno_conver>1106400909</budgetno_conver>
            <tyear_amt>8.000000</tyear_amt>
            <lyear_amt>8.000000</lyear_amt>
            <byear_amt>1.000000</byear_amt>
            <b_amt>0.000000</b_amt>
            <bc_content>本年度預算數係出借設置自動販賣機場地使用收入。</bc_content>
        </BCME3410_row>
        <BCME3410_row>
            <budgetno>11060400901</budgetno>
            <agenno>06040</agenno>
            <agentype>B</agentype>
            <mh_budgetname>收回以前年度歲出</mh_budgetname>
            <budgetno_conver>1106400901</budgetno_conver>
            <tyear_amt>0.000000</tyear_amt>
            <lyear_amt>0.000000</lyear_amt>
            <byear_amt>1.000000</byear_amt>
            <b_amt>0.000000</b_amt>
            <bc_content>前年度決算數係以前年度歲出收回款項等。</bc_content>
        </BCME3410_row>
    </BCME3410>
</tables>
