<?xml version="1.0" encoding="UTF-8"?>
<tables>
    <BCTDOUTGO>
        <BCTDOUTGO_row>
            <bm_fiscalyear>104</bm_fiscalyear>
            <bm_fundkind>1</bm_fundkind>
            <bm_budgetkind>1</bm_budgetkind>
            <bm_specialbudgetno/>
            <bm_agenno>06040</bm_agenno>
            <bm_agentype>B</bm_agentype>
            <bm_budgetstate>1</bm_budgetstate>
            <bm_abroadplan>1</bm_abroadplan>
            <bm_projtype>2 </bm_projtype>
            <bm_projno>01</bm_projno>
            <bm_abroadplanname>國內外合作交流</bm_abroadplanname>
            <bm_visitsts/>
            <bm_visitexplain/>
            <bm_dispatchstaffs>0</bm_dispatchstaffs>
            <bm_abroadsite1>科威特</bm_abroadsite1>
            <bm_abroadsite2>杜拜</bm_abroadsite2>
            <bm_abroadsite3/>
            <bm_abroadperiod1>10104</bm_abroadperiod1>
            <bm_abroadperiodto1>10104</bm_abroadperiodto1>
            <bm_abroadperiod2>10303</bm_abroadperiod2>
            <bm_abroadperiodto2>10303</bm_abroadperiodto2>
            <bm_abroadperiod3/>
            <bm_abroadperiodto3/>
            <bm_abroadstaffs1>2</bm_abroadstaffs1>
            <bm_abroadstaffs2>1</bm_abroadstaffs2>
            <bm_abroadstaffs3>0</bm_abroadstaffs3>
            <bm_abroadallowance1>210000.00</bm_abroadallowance1>
            <bm_abroadallowance2>173000.00</bm_abroadallowance2>
            <bm_abroadallowance3>0.00</bm_abroadallowance3>
            <bm_budgetno>36060401100</bm_budgetno>
            <bm_regionno>94</bm_regionno>
            <bm_country>馬來西亞吉隆坡</bm_country>
            <bm_agency/>
            <bm_cont_text>參加國際培訓總會(IFTDO)辦理之2015年年會活動。</bm_cont_text>
            <bm_durationfrom>10408</bm_durationfrom>
            <bm_durationto>10408</bm_durationto>
            <bm_days>6</bm_days>
            <bm_persons>2</bm_persons>
            <bm_amt_trans>62000.00</bm_amt_trans>
            <bm_amt_life>46000.00</bm_amt_life>
            <bm_amt_public>46000.00</bm_amt_public>
            <bm_amt_books>0.00</bm_amt_books>
            <bm_amt_flight>0.00</bm_amt_flight>
            <bm_versiondate/>
        </BCTDOUTGO_row>
        <BCTDOUTGO_row>
            <bm_fiscalyear>104</bm_fiscalyear>
            <bm_fundkind>1</bm_fundkind>
            <bm_budgetkind>1</bm_budgetkind>
            <bm_specialbudgetno/>
            <bm_agenno>06040</bm_agenno>
            <bm_agentype>B</bm_agentype>
            <bm_budgetstate>1</bm_budgetstate>
            <bm_abroadplan>1</bm_abroadplan>
            <bm_projtype>2 </bm_projtype>
            <bm_projno>02</bm_projno>
            <bm_abroadplanname>國內外合作交流</bm_abroadplanname>
            <bm_visitsts/>
            <bm_visitexplain/>
            <bm_dispatchstaffs>0</bm_dispatchstaffs>
            <bm_abroadsite1>菲律賓宿霧</bm_abroadsite1>
            <bm_abroadsite2>澳洲墨爾本</bm_abroadsite2>
            <bm_abroadsite3>印尼日惹(辦理中)</bm_abroadsite3>
            <bm_abroadperiod1>10111</bm_abroadperiod1>
            <bm_abroadperiodto1>10111</bm_abroadperiodto1>
            <bm_abroadperiod2>10207</bm_abroadperiod2>
            <bm_abroadperiodto2>10207</bm_abroadperiodto2>
            <bm_abroadperiod3>10310</bm_abroadperiod3>
            <bm_abroadperiodto3>10310</bm_abroadperiodto3>
            <bm_abroadstaffs1>1</bm_abroadstaffs1>
            <bm_abroadstaffs2>1</bm_abroadstaffs2>
            <bm_abroadstaffs3>1</bm_abroadstaffs3>
            <bm_abroadallowance1>37000.00</bm_abroadallowance1>
            <bm_abroadallowance2>100000.00</bm_abroadallowance2>
            <bm_abroadallowance3>0.00</bm_abroadallowance3>
            <bm_budgetno>36060401100</bm_budgetno>
            <bm_regionno>94</bm_regionno>
            <bm_country>埃及開羅</bm_country>
            <bm_agency/>
            <bm_cont_text>參加國際亞洲培訓總會(ARTDOInt'l)辦理之2015年年會活動。</bm_cont_text>
            <bm_durationfrom>10408</bm_durationfrom>
            <bm_durationto>10408</bm_durationto>
            <bm_days>5</bm_days>
            <bm_persons>1</bm_persons>
            <bm_amt_trans>45000.00</bm_amt_trans>
            <bm_amt_life>22000.00</bm_amt_life>
            <bm_amt_public>32000.00</bm_amt_public>
            <bm_amt_books>0.00</bm_amt_books>
            <bm_amt_flight>0.00</bm_amt_flight>
            <bm_versiondate/>
        </BCTDOUTGO_row>
        <BCTDOUTGO_row>
            <bm_fiscalyear>104</bm_fiscalyear>
            <bm_fundkind>1</bm_fundkind>
            <bm_budgetkind>1</bm_budgetkind>
            <bm_specialbudgetno/>
            <bm_agenno>06040</bm_agenno>
            <bm_agentype>B</bm_agentype>
            <bm_budgetstate>1</bm_budgetstate>
            <bm_abroadplan>1</bm_abroadplan>
            <bm_projtype>2 </bm_projtype>
            <bm_projno>03</bm_projno>
            <bm_abroadplanname>國內外合作交流</bm_abroadplanname>
            <bm_visitsts/>
            <bm_visitexplain/>
            <bm_dispatchstaffs>0</bm_dispatchstaffs>
            <bm_abroadsite1>美國丹佛</bm_abroadsite1>
            <bm_abroadsite2>美國達拉斯</bm_abroadsite2>
            <bm_abroadsite3>美國華盛頓</bm_abroadsite3>
            <bm_abroadperiod1>10105</bm_abroadperiod1>
            <bm_abroadperiodto1>10105</bm_abroadperiodto1>
            <bm_abroadperiod2>10205</bm_abroadperiod2>
            <bm_abroadperiodto2>10205</bm_abroadperiodto2>
            <bm_abroadperiod3>10305</bm_abroadperiod3>
            <bm_abroadperiodto3>10305</bm_abroadperiodto3>
            <bm_abroadstaffs1>2</bm_abroadstaffs1>
            <bm_abroadstaffs2>2</bm_abroadstaffs2>
            <bm_abroadstaffs3>1</bm_abroadstaffs3>
            <bm_abroadallowance1>284000.00</bm_abroadallowance1>
            <bm_abroadallowance2>313000.00</bm_abroadallowance2>
            <bm_abroadallowance3>241000.00</bm_abroadallowance3>
            <bm_budgetno>36060401100</bm_budgetno>
            <bm_regionno>94</bm_regionno>
            <bm_country>美國華盛頓</bm_country>
            <bm_agency/>
            <bm_cont_text>參加美國訓練發展協會(ASTD)辦理之2015年年會活動。</bm_cont_text>
            <bm_durationfrom>10405</bm_durationfrom>
            <bm_durationto>10405</bm_durationto>
            <bm_days>6</bm_days>
            <bm_persons>2</bm_persons>
            <bm_amt_trans>120000.00</bm_amt_trans>
            <bm_amt_life>65000.00</bm_amt_life>
            <bm_amt_public>85000.00</bm_amt_public>
            <bm_amt_books>0.00</bm_amt_books>
            <bm_amt_flight>0.00</bm_amt_flight>
            <bm_versiondate/>
        </BCTDOUTGO_row>
    </BCTDOUTGO>
</tables>
