<?xml version="1.0" encoding="UTF-8"?>
<tables>
    <BCME3450>
        <BCME3450_row>
            <objectNo>合計</objectNo>
            <budgetno_3606400100>97143.00</budgetno_3606400100>
            <budgetno_3606401200>61847.00</budgetno_3606401200>
            <budgetno_3606401100>161539.00</budgetno_3606401100>
            <budgetno_3606409800>380.00</budgetno_3606409800>
            <total>320909.00</total>
        </BCME3450_row>
        <BCME3450_row>
            <objectNo>0100 人事費</objectNo>
            <budgetno_3606400100>75201.00</budgetno_3606400100>
            <budgetno_3606401200>22891.00</budgetno_3606401200>
            <budgetno_3606401100/>
            <budgetno_3606409800/>
            <total>98092.00</total>
        </BCME3450_row>
        <BCME3450_row>
            <objectNo>  0103 法定編制人員待遇</objectNo>
            <budgetno_3606400100>48864.00</budgetno_3606400100>
            <budgetno_3606401200>11702.00</budgetno_3606401200>
            <budgetno_3606401100/>
            <budgetno_3606409800/>
            <total>60566.00</total>
        </BCME3450_row>
        <BCME3450_row>
            <objectNo>  0105 技工及工友待遇</objectNo>
            <budgetno_3606400100>1932.00</budgetno_3606400100>
            <budgetno_3606401200>2700.00</budgetno_3606401200>
            <budgetno_3606401100/>
            <budgetno_3606409800/>
            <total>4632.00</total>
        </BCME3450_row>
        <BCME3450_row>
            <objectNo>  0111 獎金</objectNo>
            <budgetno_3606400100>11447.00</budgetno_3606400100>
            <budgetno_3606401200>3755.00</budgetno_3606401200>
            <budgetno_3606401100/>
            <budgetno_3606409800/>
            <total>15202.00</total>
        </BCME3450_row>
        <BCME3450_row>
            <objectNo>  0121 其他給與</objectNo>
            <budgetno_3606400100>1120.00</budgetno_3606400100>
            <budgetno_3606401200>352.00</budgetno_3606401200>
            <budgetno_3606401100/>
            <budgetno_3606409800/>
            <total>1472.00</total>
        </BCME3450_row>
        <BCME3450_row>
            <objectNo>  0131 加班值班費</objectNo>
            <budgetno_3606400100>2651.00</budgetno_3606400100>
            <budgetno_3606401200>1323.00</budgetno_3606401200>
            <budgetno_3606401100/>
            <budgetno_3606409800/>
            <total>3974.00</total>
        </BCME3450_row>
        <BCME3450_row>
            <objectNo>  0143 退休離職儲金</objectNo>
            <budgetno_3606400100>4393.00</budgetno_3606400100>
            <budgetno_3606401200>1516.00</budgetno_3606401200>
            <budgetno_3606401100/>
            <budgetno_3606409800/>
            <total>5909.00</total>
        </BCME3450_row>
        <BCME3450_row>
            <objectNo>  0151 保險</objectNo>
            <budgetno_3606400100>4794.00</budgetno_3606400100>
            <budgetno_3606401200>1543.00</budgetno_3606401200>
            <budgetno_3606401100/>
            <budgetno_3606409800/>
            <total>6337.00</total>
        </BCME3450_row>
        <BCME3450_row>
            <objectNo>0200 業務費</objectNo>
            <budgetno_3606400100>19933.00</budgetno_3606400100>
            <budgetno_3606401200>32588.00</budgetno_3606401200>
            <budgetno_3606401100>153349.00</budgetno_3606401100>
            <budgetno_3606409800/>
            <total>205870.00</total>
        </BCME3450_row>
        <BCME3450_row>
            <objectNo>  0201 教育訓練費</objectNo>
            <budgetno_3606400100>677.00</budgetno_3606400100>
            <budgetno_3606401200>134.00</budgetno_3606401200>
            <budgetno_3606401100>1200.00</budgetno_3606401100>
            <budgetno_3606409800/>
            <total>2011.00</total>
        </BCME3450_row>
        <BCME3450_row>
            <objectNo>  0202 水電費</objectNo>
            <budgetno_3606400100>2000.00</budgetno_3606400100>
            <budgetno_3606401200>1109.00</budgetno_3606401200>
            <budgetno_3606401100>1580.00</budgetno_3606401100>
            <budgetno_3606409800/>
            <total>4689.00</total>
        </BCME3450_row>
        <BCME3450_row>
            <objectNo>  0203 通訊費</objectNo>
            <budgetno_3606400100>1880.00</budgetno_3606400100>
            <budgetno_3606401200>650.00</budgetno_3606401200>
            <budgetno_3606401100>288.00</budgetno_3606401100>
            <budgetno_3606409800/>
            <total>2818.00</total>
        </BCME3450_row>
        <BCME3450_row>
            <objectNo>  0212 權利使用費</objectNo>
            <budgetno_3606400100/>
            <budgetno_3606401200/>
            <budgetno_3606401100>200.00</budgetno_3606401100>
            <budgetno_3606409800/>
            <total>200.00</total>
        </BCME3450_row>
        <BCME3450_row>
            <objectNo>  0215 資訊服務費</objectNo>
            <budgetno_3606400100>5537.00</budgetno_3606400100>
            <budgetno_3606401200>367.00</budgetno_3606401200>
            <budgetno_3606401100/>
            <budgetno_3606409800/>
            <total>5904.00</total>
        </BCME3450_row>
        <BCME3450_row>
            <objectNo>  0219 其他業務租金</objectNo>
            <budgetno_3606400100>383.00</budgetno_3606400100>
            <budgetno_3606401200>48.00</budgetno_3606401200>
            <budgetno_3606401100>1877.00</budgetno_3606401100>
            <budgetno_3606409800/>
            <total>2308.00</total>
        </BCME3450_row>
        <BCME3450_row>
            <objectNo>  0221 稅捐及規費</objectNo>
            <budgetno_3606400100>18.00</budgetno_3606400100>
            <budgetno_3606401200>15.00</budgetno_3606401200>
            <budgetno_3606401100/>
            <budgetno_3606409800/>
            <total>33.00</total>
        </BCME3450_row>
        <BCME3450_row>
            <objectNo>  0231 保險費</objectNo>
            <budgetno_3606400100>72.00</budgetno_3606400100>
            <budgetno_3606401200>25.00</budgetno_3606401200>
            <budgetno_3606401100>50.00</budgetno_3606401100>
            <budgetno_3606409800/>
            <total>147.00</total>
        </BCME3450_row>
        <BCME3450_row>
            <objectNo>  0241 兼職費</objectNo>
            <budgetno_3606400100>66.00</budgetno_3606400100>
            <budgetno_3606401200/>
            <budgetno_3606401100/>
            <budgetno_3606409800/>
            <total>66.00</total>
        </BCME3450_row>
        <BCME3450_row>
            <objectNo>  0249 臨時人員酬金</objectNo>
            <budgetno_3606400100/>
            <budgetno_3606401200/>
            <budgetno_3606401100>3809.00</budgetno_3606401100>
            <budgetno_3606409800/>
            <total>3809.00</total>
        </BCME3450_row>
        <BCME3450_row>
            <objectNo>  0250 按日按件計資酬金</objectNo>
            <budgetno_3606400100>50.00</budgetno_3606400100>
            <budgetno_3606401200>11974.00</budgetno_3606401200>
            <budgetno_3606401100>57955.00</budgetno_3606401100>
            <budgetno_3606409800/>
            <total>69979.00</total>
        </BCME3450_row>
        <BCME3450_row>
            <objectNo>  0261 國際組織會費</objectNo>
            <budgetno_3606400100/>
            <budgetno_3606401200/>
            <budgetno_3606401100>60.00</budgetno_3606401100>
            <budgetno_3606409800/>
            <total>60.00</total>
        </BCME3450_row>
        <BCME3450_row>
            <objectNo>  0262 國內組織會費</objectNo>
            <budgetno_3606400100/>
            <budgetno_3606401200>3.00</budgetno_3606401200>
            <budgetno_3606401100>8.00</budgetno_3606401100>
            <budgetno_3606409800/>
            <total>11.00</total>
        </BCME3450_row>
        <BCME3450_row>
            <objectNo>  0271 物品</objectNo>
            <budgetno_3606400100>870.00</budgetno_3606400100>
            <budgetno_3606401200>975.00</budgetno_3606401200>
            <budgetno_3606401100>1816.00</budgetno_3606401100>
            <budgetno_3606409800/>
            <total>3661.00</total>
        </BCME3450_row>
        <BCME3450_row>
            <objectNo>  0279 一般事務費</objectNo>
            <budgetno_3606400100>5183.00</budgetno_3606400100>
            <budgetno_3606401200>13935.00</budgetno_3606401200>
            <budgetno_3606401100>76705.00</budgetno_3606401100>
            <budgetno_3606409800/>
            <total>95823.00</total>
        </BCME3450_row>
        <BCME3450_row>
            <objectNo>  0282 房屋建築養護費</objectNo>
            <budgetno_3606400100>1889.00</budgetno_3606400100>
            <budgetno_3606401200>1011.00</budgetno_3606401200>
            <budgetno_3606401100/>
            <budgetno_3606409800/>
            <total>2900.00</total>
        </BCME3450_row>
        <BCME3450_row>
            <objectNo>  0283 車輛及辦公器具養護費</objectNo>
            <budgetno_3606400100>118.00</budgetno_3606400100>
            <budgetno_3606401200>28.00</budgetno_3606401200>
            <budgetno_3606401100/>
            <budgetno_3606409800/>
            <total>146.00</total>
        </BCME3450_row>
        <BCME3450_row>
            <objectNo>  0284 設施及機械設備養護費</objectNo>
            <budgetno_3606400100>1040.00</budgetno_3606400100>
            <budgetno_3606401200>535.00</budgetno_3606401200>
            <budgetno_3606401100>15.00</budgetno_3606401100>
            <budgetno_3606409800/>
            <total>1590.00</total>
        </BCME3450_row>
        <BCME3450_row>
            <objectNo>  0291 國內旅費</objectNo>
            <budgetno_3606400100>120.00</budgetno_3606400100>
            <budgetno_3606401200>1703.00</budgetno_3606401200>
            <budgetno_3606401100>7159.00</budgetno_3606401100>
            <budgetno_3606409800/>
            <total>8982.00</total>
        </BCME3450_row>
        <BCME3450_row>
            <objectNo>  0293 國外旅費</objectNo>
            <budgetno_3606400100/>
            <budgetno_3606401200/>
            <budgetno_3606401100>523.00</budgetno_3606401100>
            <budgetno_3606409800/>
            <total>523.00</total>
        </BCME3450_row>
        <BCME3450_row>
            <objectNo>  0294 運費</objectNo>
            <budgetno_3606400100/>
            <budgetno_3606401200/>
            <budgetno_3606401100>45.00</budgetno_3606401100>
            <budgetno_3606409800/>
            <total>45.00</total>
        </BCME3450_row>
        <BCME3450_row>
            <objectNo>  0295 短程車資</objectNo>
            <budgetno_3606400100>30.00</budgetno_3606400100>
            <budgetno_3606401200>18.00</budgetno_3606401200>
            <budgetno_3606401100>59.00</budgetno_3606401100>
            <budgetno_3606409800/>
            <total>107.00</total>
        </BCME3450_row>
        <BCME3450_row>
            <objectNo>  0299 特別費</objectNo>
            <budgetno_3606400100/>
            <budgetno_3606401200>58.00</budgetno_3606401200>
            <budgetno_3606401100/>
            <budgetno_3606409800/>
            <total>58.00</total>
        </BCME3450_row>
        <BCME3450_row>
            <objectNo>0300 設備及投資</objectNo>
            <budgetno_3606400100>1967.00</budgetno_3606400100>
            <budgetno_3606401200>6344.00</budgetno_3606401200>
            <budgetno_3606401100>8190.00</budgetno_3606401100>
            <budgetno_3606409800/>
            <total>16501.00</total>
        </BCME3450_row>
        <BCME3450_row>
            <objectNo>  0302 房屋建築及設備費</objectNo>
            <budgetno_3606400100/>
            <budgetno_3606401200>5460.00</budgetno_3606401200>
            <budgetno_3606401100/>
            <budgetno_3606409800/>
            <total>5460.00</total>
        </BCME3450_row>
        <BCME3450_row>
            <objectNo>  0306 資訊軟硬體設備費</objectNo>
            <budgetno_3606400100>1171.00</budgetno_3606400100>
            <budgetno_3606401200>562.00</budgetno_3606401200>
            <budgetno_3606401100/>
            <budgetno_3606409800/>
            <total>1733.00</total>
        </BCME3450_row>
        <BCME3450_row>
            <objectNo>  0319 雜項設備費</objectNo>
            <budgetno_3606400100>796.00</budgetno_3606400100>
            <budgetno_3606401200>322.00</budgetno_3606401200>
            <budgetno_3606401100>8190.00</budgetno_3606401100>
            <budgetno_3606409800/>
            <total>9308.00</total>
        </BCME3450_row>
        <BCME3450_row>
            <objectNo>0400 獎補助費</objectNo>
            <budgetno_3606400100>42.00</budgetno_3606400100>
            <budgetno_3606401200>24.00</budgetno_3606401200>
            <budgetno_3606401100/>
            <budgetno_3606409800/>
            <total>66.00</total>
        </BCME3450_row>
        <BCME3450_row>
            <objectNo>  0475 獎勵及慰問</objectNo>
            <budgetno_3606400100>42.00</budgetno_3606400100>
            <budgetno_3606401200>24.00</budgetno_3606401200>
            <budgetno_3606401100/>
            <budgetno_3606409800/>
            <total>66.00</total>
        </BCME3450_row>
        <BCME3450_row>
            <objectNo>0900 預備金</objectNo>
            <budgetno_3606400100/>
            <budgetno_3606401200/>
            <budgetno_3606401100/>
            <budgetno_3606409800>380.00</budgetno_3606409800>
            <total>380.00</total>
        </BCME3450_row>
        <BCME3450_row>
            <objectNo>  0901 第一預備金</objectNo>
            <budgetno_3606400100/>
            <budgetno_3606401200/>
            <budgetno_3606401100/>
            <budgetno_3606409800>380.00</budgetno_3606409800>
            <total>380.00</total>
        </BCME3450_row>
    </BCME3450>
</tables>
