<?xml version="1.0" encoding="UTF-8"?>
<tables>
    <BCME3460>
        <BCME3460_row>
            <budgetno>00060000000</budgetno>
            <b_level>00</b_level>
            <budgetname>考試院主管</budgetname>
            <damt1>98092000.00</damt1>
            <damt2>205870000.00</damt2>
            <damt3>66000.00</damt3>
            <damt4>0.00</damt4>
            <damt5>380000.00</damt5>
            <damt6>304408000.00</damt6>
            <damt7>0.00</damt7>
            <damt8>16501000.00</damt8>
            <damt9>0.00</damt9>
            <damt10>0.00</damt10>
            <damt11>16501000.00</damt11>
            <damt12>320909000.00</damt12>
            <no1>05</no1>
            <no2>00</no2>
            <no3>00</no3>
            <no4>00</no4>
            <budgetno_conver>0006000000</budgetno_conver>
            <bnorder>0600000000000</bnorder>
            <ba_budgetsource>1</ba_budgetsource>
        </BCME3460_row>
        <BCME3460_row>
            <budgetno>00060400000</budgetno>
            <b_level>10</b_level>
            <budgetname>國家文官學院及所屬</budgetname>
            <damt1>98092000.00</damt1>
            <damt2>205870000.00</damt2>
            <damt3>66000.00</damt3>
            <damt4>0.00</damt4>
            <damt5>380000.00</damt5>
            <damt6>304408000.00</damt6>
            <damt7>0.00</damt7>
            <damt8>16501000.00</damt8>
            <damt9>0.00</damt9>
            <damt10>0.00</damt10>
            <damt11>16501000.00</damt11>
            <damt12>320909000.00</damt12>
            <no1>05</no1>
            <no2>05</no2>
            <no3>00</no3>
            <no4>00</no4>
            <budgetno_conver>0006400000</budgetno_conver>
            <bnorder>0604000000000</bnorder>
            <ba_budgetsource>1</ba_budgetsource>
        </BCME3460_row>
        <BCME3460_row>
            <budgetno>36060400000</budgetno>
            <b_level>20</b_level>
            <budgetname>考試支出</budgetname>
            <damt1>98092000.00</damt1>
            <damt2>205870000.00</damt2>
            <damt3>66000.00</damt3>
            <damt4>0.00</damt4>
            <damt5>380000.00</damt5>
            <damt6>304408000.00</damt6>
            <damt7>0.00</damt7>
            <damt8>16501000.00</damt8>
            <damt9>0.00</damt9>
            <damt10>0.00</damt10>
            <damt11>16501000.00</damt11>
            <damt12>320909000.00</damt12>
            <no1>05</no1>
            <no2>05</no2>
            <no3>00</no3>
            <no4>00</no4>
            <budgetno_conver>3606400000</budgetno_conver>
            <bnorder>0604000360000</bnorder>
            <ba_budgetsource>1</ba_budgetsource>
        </BCME3460_row>
        <BCME3460_row>
            <budgetno>36060400100</budgetno>
            <b_level>30</b_level>
            <budgetname>一般行政</budgetname>
            <damt1>75201000.00</damt1>
            <damt2>19933000.00</damt2>
            <damt3>42000.00</damt3>
            <damt4>0.00</damt4>
            <damt5>0.00</damt5>
            <damt6>95176000.00</damt6>
            <damt7>0.00</damt7>
            <damt8>1967000.00</damt8>
            <damt9>0.00</damt9>
            <damt10>0.00</damt10>
            <damt11>1967000.00</damt11>
            <damt12>97143000.00</damt12>
            <no1>05</no1>
            <no2>05</no2>
            <no3>01</no3>
            <no4>00</no4>
            <budgetno_conver>3606400100</budgetno_conver>
            <bnorder>0604000360100</bnorder>
            <ba_budgetsource>1</ba_budgetsource>
        </BCME3460_row>
        <BCME3460_row>
            <budgetno>36060401100</budgetno>
            <b_level>30</b_level>
            <budgetname>國家文官培訓業務</budgetname>
            <damt1>0.00</damt1>
            <damt2>153349000.00</damt2>
            <damt3>0.00</damt3>
            <damt4>0.00</damt4>
            <damt5>0.00</damt5>
            <damt6>153349000.00</damt6>
            <damt7>0.00</damt7>
            <damt8>8190000.00</damt8>
            <damt9>0.00</damt9>
            <damt10>0.00</damt10>
            <damt11>8190000.00</damt11>
            <damt12>161539000.00</damt12>
            <no1>05</no1>
            <no2>05</no2>
            <no3>02</no3>
            <no4>00</no4>
            <budgetno_conver>3606401100</budgetno_conver>
            <bnorder>0604000361100</bnorder>
            <ba_budgetsource>1</ba_budgetsource>
        </BCME3460_row>
        <BCME3460_row>
            <budgetno>36060401200</budgetno>
            <b_level>30</b_level>
            <budgetname>中區公務人員培訓</budgetname>
            <damt1>22891000.00</damt1>
            <damt2>32588000.00</damt2>
            <damt3>24000.00</damt3>
            <damt4>0.00</damt4>
            <damt5>0.00</damt5>
            <damt6>55503000.00</damt6>
            <damt7>0.00</damt7>
            <damt8>6344000.00</damt8>
            <damt9>0.00</damt9>
            <damt10>0.00</damt10>
            <damt11>6344000.00</damt11>
            <damt12>61847000.00</damt12>
            <no1>05</no1>
            <no2>05</no2>
            <no3>03</no3>
            <no4>00</no4>
            <budgetno_conver>3606401200</budgetno_conver>
            <bnorder>0604000361200</bnorder>
            <ba_budgetsource>1</ba_budgetsource>
        </BCME3460_row>
        <BCME3460_row>
            <budgetno>36060409800</budgetno>
            <b_level>30</b_level>
            <budgetname>第一預備金</budgetname>
            <damt1>0.00</damt1>
            <damt2>0.00</damt2>
            <damt3>0.00</damt3>
            <damt4>0.00</damt4>
            <damt5>380000.00</damt5>
            <damt6>380000.00</damt6>
            <damt7>0.00</damt7>
            <damt8>0.00</damt8>
            <damt9>0.00</damt9>
            <damt10>0.00</damt10>
            <damt11>0.00</damt11>
            <damt12>380000.00</damt12>
            <no1>05</no1>
            <no2>05</no2>
            <no3>05</no3>
            <no4>00</no4>
            <budgetno_conver>3606409800</budgetno_conver>
            <bnorder>0604000369800</bnorder>
            <ba_budgetsource>1</ba_budgetsource>
        </BCME3460_row>
    </BCME3460>
</tables>
