<?xml version="1.0" encoding="UTF-8"?>
<tables>
    <BCME3480>
        <BCME3480_row>
            <level>1</level>
            <ba_objectno>0101</ba_objectno>
            <mi_objectname>民意代表待遇</mi_objectname>
            <objectnoname>0101民意代表待遇</objectnoname>
            <budgetamt_sum>0.00</budgetamt_sum>
            <displaymemo/>
            <btn_memo/>
        </BCME3480_row>
        <BCME3480_row>
            <level>1</level>
            <ba_objectno>0102</ba_objectno>
            <mi_objectname>政務人員待遇</mi_objectname>
            <objectnoname>0102政務人員待遇</objectnoname>
            <budgetamt_sum>0.00</budgetamt_sum>
            <displaymemo/>
            <btn_memo/>
        </BCME3480_row>
        <BCME3480_row>
            <level>1</level>
            <ba_objectno>0103</ba_objectno>
            <mi_objectname>法定編制人員待遇</mi_objectname>
            <objectnoname>0103法定編制人員待遇</objectnoname>
            <budgetamt_sum>60566000.00</budgetamt_sum>
            <displaymemo>&lt;#H1&gt;包括本學院編制內職員64人全年薪資。&#xd;
&lt;#H1&gt;包括本學院中區培訓中心編制內職員15人全年薪資。</displaymemo>
            <btn_memo>&lt;#H1&gt;包括本學院編制內職員64人全年薪資。&#xd;
&lt;#H1&gt;包括本學院中區培訓中心編制內職員15人全年薪資。</btn_memo>
        </BCME3480_row>
        <BCME3480_row>
            <level>1</level>
            <ba_objectno>0104</ba_objectno>
            <mi_objectname>約聘僱人員待遇</mi_objectname>
            <objectnoname>0104約聘僱人員待遇</objectnoname>
            <budgetamt_sum>0.00</budgetamt_sum>
            <displaymemo/>
            <btn_memo/>
        </BCME3480_row>
        <BCME3480_row>
            <level>1</level>
            <ba_objectno>0105</ba_objectno>
            <mi_objectname>技工及工友待遇</mi_objectname>
            <objectnoname>0105技工及工友待遇</objectnoname>
            <budgetamt_sum>4632000.00</budgetamt_sum>
            <displaymemo>&lt;#H1&gt;包括本學院工友4人及駕駛1人，合計5人全年薪資。&#xd;
&lt;#H1&gt;包括本學院中區培訓中心工友6人、技工1人，合計7人全年薪資。</displaymemo>
            <btn_memo>&lt;#H1&gt;包括本學院工友4人及駕駛1人，合計5人全年薪資。&#xd;
&lt;#H1&gt;包括本學院中區培訓中心工友6人、技工1人，合計7人全年薪資。</btn_memo>
        </BCME3480_row>
        <BCME3480_row>
            <level>1</level>
            <ba_objectno>0111</ba_objectno>
            <mi_objectname>獎金</mi_objectname>
            <objectnoname>0111獎金</objectnoname>
            <budgetamt_sum>15202000.00</budgetamt_sum>
            <displaymemo>&lt;#H1&gt;包括本學院員工考績獎金4,931千元、年終工作獎金6,466千元、特殊功勳獎金50千元。&#xd;
&lt;#H1&gt;包括本學院中區培訓中心員工考績獎金1,973千元、年終工作獎金1,782千元。</displaymemo>
            <btn_memo>&lt;#H1&gt;包括本學院員工考績獎金4,931千元、年終工作獎金6,466千元、特殊功勳獎金50千元。&#xd;
&lt;#H1&gt;包括本學院中區培訓中心員工考績獎金1,973千元、年終工作獎金1,782千元。</btn_memo>
        </BCME3480_row>
        <BCME3480_row>
            <level>1</level>
            <ba_objectno>0121</ba_objectno>
            <mi_objectname>其他給與</mi_objectname>
            <objectnoname>0121其他給與</objectnoname>
            <budgetamt_sum>1472000.00</budgetamt_sum>
            <displaymemo>&lt;#H1&gt;包括本學院員工休假補助費1,120千元。&#xd;
&lt;#H1&gt;包括本學院中區培訓中心員工休假補助費352千元。</displaymemo>
            <btn_memo>&lt;#H1&gt;包括本學院員工休假補助費1,120千元。&#xd;
&lt;#H1&gt;包括本學院中區培訓中心員工休假補助費352千元。</btn_memo>
        </BCME3480_row>
        <BCME3480_row>
            <level>1</level>
            <ba_objectno>0131</ba_objectno>
            <mi_objectname>加班值班費</mi_objectname>
            <objectnoname>0131加班值班費</objectnoname>
            <budgetamt_sum>3974000.00</budgetamt_sum>
            <displaymemo>&lt;#H1&gt;包括本學院員工超時加班費896千元、不休假加班費1,629千元、值班費126千元。&#xd;
&lt;#H1&gt;包括本學院中區培訓中心員工超時加班費250千元、不休假加班費906千元、值班費167千元。&#xd;
&lt;#H1&gt;超時加班費896千元，未超過行政院核定917千元。(99年3月26日因組織法修正核定成立「國家文官學院」，原文官培訓所中部園區同時成立「國家文官學院中區培訓中心」。98年國家文官培訓所人事費分析表超時加班費之金額1,167千元〈學院917千元；中區250千元〉)。</displaymemo>
            <btn_memo>&lt;#H1&gt;包括本學院員工超時加班費896千元、不休假加班費1,629千元、值班費126千元。&#xd;
&lt;#H1&gt;包括本學院中區培訓中心員工超時加班費250千元、不休假加班費906千元、值班費167千元。&#xd;
&lt;#H1&gt;超時加班費896千元，未超過行政院核定917千元。(99年3月26日因組織法修正核定成立「國家文官學院」，原文官培訓所中部園區同時成立「國家文官學院中區培訓中心」。98年國家文官培訓所人事費分析表超時加班費之金額1,167千元〈學院917千元；中區250千元〉)。</btn_memo>
        </BCME3480_row>
        <BCME3480_row>
            <level>1</level>
            <ba_objectno>0142</ba_objectno>
            <mi_objectname>退休退職給付</mi_objectname>
            <objectnoname>0142退休退職給付</objectnoname>
            <budgetamt_sum>0.00</budgetamt_sum>
            <displaymemo/>
            <btn_memo/>
        </BCME3480_row>
        <BCME3480_row>
            <level>1</level>
            <ba_objectno>0143</ba_objectno>
            <mi_objectname>退休離職儲金</mi_objectname>
            <objectnoname>0143退休離職儲金</objectnoname>
            <budgetamt_sum>5909000.00</budgetamt_sum>
            <displaymemo>&lt;#H1&gt;包括本學院公務人員提撥金4,261千元、技工及工友提撥金132千元。&lt;#H1&gt;包括本學院中區培訓中心公務人員提撥金1,081千元、技工及工友提撥金435千元。</displaymemo>
            <btn_memo>&lt;#H1&gt;包括本學院公務人員提撥金4,261千元、技工及工友提撥金132千元。&lt;#H1&gt;包括本學院中區培訓中心公務人員提撥金1,081千元、技工及工友提撥金435千元。</btn_memo>
        </BCME3480_row>
        <BCME3480_row>
            <level>1</level>
            <ba_objectno>0151</ba_objectno>
            <mi_objectname>保險</mi_objectname>
            <objectnoname>0151保險</objectnoname>
            <budgetamt_sum>6337000.00</budgetamt_sum>
            <displaymemo>&lt;#H1&gt;包括本學院健保保險補助3,372千元、公保保險補助1,265千元、勞保保險補助157千元。&#xd;
&lt;#H1&gt;包括本學院中區培訓中心健保保險補助936千元，公保保險補助384千元，勞保保險補助223千元。</displaymemo>
            <btn_memo>&lt;#H1&gt;包括本學院健保保險補助3,372千元、公保保險補助1,265千元、勞保保險補助157千元。&#xd;
&lt;#H1&gt;包括本學院中區培訓中心健保保險補助936千元，公保保險補助384千元，勞保保險補助223千元。</btn_memo>
        </BCME3480_row>
        <BCME3480_row>
            <level>1</level>
            <ba_objectno>0199</ba_objectno>
            <mi_objectname>調待準備</mi_objectname>
            <objectnoname>0199調待準備</objectnoname>
            <budgetamt_sum>0.00</budgetamt_sum>
            <displaymemo/>
            <btn_memo/>
        </BCME3480_row>
        <BCME3480_row>
            <level>2</level>
            <ba_objectno/>
            <mi_objectname/>
            <objectnoname>合計</objectnoname>
            <budgetamt_sum>98092000.00</budgetamt_sum>
            <displaymemo/>
            <btn_memo/>
        </BCME3480_row>
    </BCME3480>
</tables>
