﻿<?xml version="1.0" encoding="UTF-8"?>
<DataCollection>
<Data>
<基金別>行政院主管</基金別>
<本年度預算數基金來源>34418828</本年度預算數基金來源>
<本年度預算數基金用途>44406536</本年度預算數基金用途>
<本年度預算數賸餘短絀>-9987708</本年度預算數賸餘短絀>
<上年基金來源>48296956</上年基金來源>
<上年基金用途>44797041</上年基金用途>
<上年賸餘短絀>3499915</上年賸餘短絀>
<本年度與上年度比較基金來源>-13878128</本年度與上年度比較基金來源>
<本年度與上年度比較基金用途>-390505</本年度與上年度比較基金用途>
<本年度與上年度比較賸餘短絀>-13487623</本年度與上年度比較賸餘短絀>
<期初累積賸餘短絀>-11562595</期初累積賸餘短絀>
<期末累積賸餘短絀>-21550303</期末累積賸餘短絀>
</Data>
<Data>
<基金別>行政院國家科學技術發展基金</基金別>
<本年度預算數基金來源>29651829</本年度預算數基金來源>
<本年度預算數基金用途>31424038</本年度預算數基金用途>
<本年度預算數賸餘短絀>-1772209</本年度預算數賸餘短絀>
<上年基金來源>28847999</上年基金來源>
<上年基金用途>30284193</上年基金用途>
<上年賸餘短絀>-1436194</上年賸餘短絀>
<本年度與上年度比較基金來源>803830</本年度與上年度比較基金來源>
<本年度與上年度比較基金用途>1139845</本年度與上年度比較基金用途>
<本年度與上年度比較賸餘短絀>-336015</本年度與上年度比較賸餘短絀>
<期初累積賸餘短絀>5401123</期初累積賸餘短絀>
<期末累積賸餘短絀>3628914</期末累積賸餘短絀>
</Data>
<Data>
<基金別>離島建設基金</基金別>
<本年度預算數基金來源>3323683</本年度預算數基金來源>
<本年度預算數基金用途>1519977</本年度預算數基金用途>
<本年度預算數賸餘短絀>1803706</本年度預算數賸餘短絀>
<上年基金來源>3279433</上年基金來源>
<上年基金用途>1521869</上年基金用途>
<上年賸餘短絀>1757564</上年賸餘短絀>
<本年度與上年度比較基金來源>44250</本年度與上年度比較基金來源>
<本年度與上年度比較基金用途>-1892</本年度與上年度比較基金用途>
<本年度與上年度比較賸餘短絀>46142</本年度與上年度比較賸餘短絀>
<期初累積賸餘短絀>7774256</期初累積賸餘短絀>
<期末累積賸餘短絀>9577962</期末累積賸餘短絀>
</Data>
<Data>
<基金別>行政院公營事業民營化基金</基金別>
<本年度預算數基金來源>1443316</本年度預算數基金來源>
<本年度預算數基金用途>11462521</本年度預算數基金用途>
<本年度預算數賸餘短絀>-10019205</本年度預算數賸餘短絀>
<上年基金來源>16169524</上年基金來源>
<上年基金用途>12990979</上年基金用途>
<上年賸餘短絀>3178545</上年賸餘短絀>
<本年度與上年度比較基金來源>-14726208</本年度與上年度比較基金來源>
<本年度與上年度比較基金用途>-1528458</本年度與上年度比較基金用途>
<本年度與上年度比較賸餘短絀>-13197750</本年度與上年度比較賸餘短絀>
<期初累積賸餘短絀>-24737974</期初累積賸餘短絀>
<期末累積賸餘短絀>-34757179</期末累積賸餘短絀>
</Data>
<Data>
<基金別>內政部主管</基金別>
<本年度預算數基金來源>3434619</本年度預算數基金來源>
<本年度預算數基金用途>3487408</本年度預算數基金用途>
<本年度預算數賸餘短絀>-52789</本年度預算數賸餘短絀>
<上年基金來源>3219276</上年基金來源>
<上年基金用途>3335957</上年基金用途>
<上年賸餘短絀>-116681</上年賸餘短絀>
<本年度與上年度比較基金來源>215343</本年度與上年度比較基金來源>
<本年度與上年度比較基金用途>151451</本年度與上年度比較基金用途>
<本年度與上年度比較賸餘短絀>63892</本年度與上年度比較賸餘短絀>
<期初累積賸餘短絀>1810633</期初累積賸餘短絀>
<期末累積賸餘短絀>1757844</期末累積賸餘短絀>
</Data>
<Data>
<基金別>社會福利基金</基金別>
<本年度預算數基金來源>2110162</本年度預算數基金來源>
<本年度預算數基金用途>2420162</本年度預算數基金用途>
<本年度預算數賸餘短絀>-310000</本年度預算數賸餘短絀>
<上年基金來源>2434892</上年基金來源>
<上年基金用途>2746963</上年基金用途>
<上年賸餘短絀>-312071</上年賸餘短絀>
<本年度與上年度比較基金來源>-324730</本年度與上年度比較基金來源>
<本年度與上年度比較基金用途>-326801</本年度與上年度比較基金用途>
<本年度與上年度比較賸餘短絀>2071</本年度與上年度比較賸餘短絀>
<期初累積賸餘短絀>1193286</期初累積賸餘短絀>
<期末累積賸餘短絀>883286</期末累積賸餘短絀>
</Data>
<Data>
<基金別>外籍配偶照顧輔導基金</基金別>
<本年度預算數基金來源>303638</本年度預算數基金來源>
<本年度預算數基金用途>286112</本年度預算數基金用途>
<本年度預算數賸餘短絀>17526</本年度預算數賸餘短絀>
<上年基金來源>302632</上年基金來源>
<上年基金用途>291229</上年基金用途>
<上年賸餘短絀>11403</上年賸餘短絀>
<本年度與上年度比較基金來源>1006</本年度與上年度比較基金來源>
<本年度與上年度比較基金用途>-5117</本年度與上年度比較基金用途>
<本年度與上年度比較賸餘短絀>6123</本年度與上年度比較賸餘短絀>
<期初累積賸餘短絀>433360</期初累積賸餘短絀>
<期末累積賸餘短絀>450886</期末累積賸餘短絀>
</Data>
<Data>
<基金別>研發替代役基金</基金別>
<本年度預算數基金來源>915077</本年度預算數基金來源>
<本年度預算數基金用途>745435</本年度預算數基金用途>
<本年度預算數賸餘短絀>169642</本年度預算數賸餘短絀>
<上年基金來源>279124</上年基金來源>
<上年基金用途>261603</上年基金用途>
<上年賸餘短絀>17521</上年賸餘短絀>
<本年度與上年度比較基金來源>635953</本年度與上年度比較基金來源>
<本年度與上年度比較基金用途>483832</本年度與上年度比較基金用途>
<本年度與上年度比較賸餘短絀>152121</本年度與上年度比較賸餘短絀>
<期初累積賸餘短絀>17521</期初累積賸餘短絀>
<期末累積賸餘短絀>187163</期末累積賸餘短絀>
</Data>
<Data>
<基金別>警察消防海巡空勤人員及協勤民力安全基金</基金別>
<本年度預算數基金來源>105742</本年度預算數基金來源>
<本年度預算數基金用途>35699</本年度預算數基金用途>
<本年度預算數賸餘短絀>70043</本年度預算數賸餘短絀>
<上年基金來源>202628</上年基金來源>
<上年基金用途>36162</上年基金用途>
<上年賸餘短絀>166466</上年賸餘短絀>
<本年度與上年度比較基金來源>-96886</本年度與上年度比較基金來源>
<本年度與上年度比較基金用途>-463</本年度與上年度比較基金用途>
<本年度與上年度比較賸餘短絀>-96423</本年度與上年度比較賸餘短絀>
<期初累積賸餘短絀>166466</期初累積賸餘短絀>
<期末累積賸餘短絀>236509</期末累積賸餘短絀>
</Data>
<Data>
<基金別>教育部主管</基金別>
<本年度預算數基金來源>575506</本年度預算數基金來源>
<本年度預算數基金用途>554107</本年度預算數基金用途>
<本年度預算數賸餘短絀>21399</本年度預算數賸餘短絀>
<上年基金來源>747830</上年基金來源>
<上年基金用途>691140</上年基金用途>
<上年賸餘短絀>56690</上年賸餘短絀>
<本年度與上年度比較基金來源>-172324</本年度與上年度比較基金來源>
<本年度與上年度比較基金用途>-137033</本年度與上年度比較基金用途>
<本年度與上年度比較賸餘短絀>-35291</本年度與上年度比較賸餘短絀>
<期初累積賸餘短絀>4160639</期初累積賸餘短絀>
<期末累積賸餘短絀>4182038</期末累積賸餘短絀>
</Data>
<Data>
<基金別>學產基金</基金別>
<本年度預算數基金來源>575506</本年度預算數基金來源>
<本年度預算數基金用途>554107</本年度預算數基金用途>
<本年度預算數賸餘短絀>21399</本年度預算數賸餘短絀>
<上年基金來源>747830</上年基金來源>
<上年基金用途>691140</上年基金用途>
<上年賸餘短絀>56690</上年賸餘短絀>
<本年度與上年度比較基金來源>-172324</本年度與上年度比較基金來源>
<本年度與上年度比較基金用途>-137033</本年度與上年度比較基金用途>
<本年度與上年度比較賸餘短絀>-35291</本年度與上年度比較賸餘短絀>
<期初累積賸餘短絀>4160639</期初累積賸餘短絀>
<期末累積賸餘短絀>4182038</期末累積賸餘短絀>
</Data>
<Data>
<基金別>經濟部主管</基金別>
<本年度預算數基金來源>26163284</本年度預算數基金來源>
<本年度預算數基金用途>13754079</本年度預算數基金用途>
<本年度預算數賸餘短絀>12409205</本年度預算數賸餘短絀>
<上年基金來源>23689679</上年基金來源>
<上年基金用途>11942444</上年基金用途>
<上年賸餘短絀>11747235</上年賸餘短絀>
<本年度與上年度比較基金來源>2473605</本年度與上年度比較基金來源>
<本年度與上年度比較基金用途>1811635</本年度與上年度比較基金用途>
<本年度與上年度比較賸餘短絀>661970</本年度與上年度比較賸餘短絀>
<期初累積賸餘短絀>215388801</期初累積賸餘短絀>
<期末累積賸餘短絀>227798006</期末累積賸餘短絀>
</Data>
<Data>
<基金別>經濟特別收入基金</基金別>
<本年度預算數基金來源>12452862</本年度預算數基金來源>
<本年度預算數基金用途>11059752</本年度預算數基金用途>
<本年度預算數賸餘短絀>1393110</本年度預算數賸餘短絀>
<上年基金來源>12607413</上年基金來源>
<上年基金用途>10830258</上年基金用途>
<上年賸餘短絀>1777155</上年賸餘短絀>
<本年度與上年度比較基金來源>-154551</本年度與上年度比較基金來源>
<本年度與上年度比較基金用途>229494</本年度與上年度比較基金用途>
<本年度與上年度比較賸餘短絀>-384045</本年度與上年度比較賸餘短絀>
<期初累積賸餘短絀>23527516</期初累積賸餘短絀>
<期末累積賸餘短絀>24920626</期末累積賸餘短絀>
</Data>
<Data>
<基金別>核能發電後端營運基金</基金別>
<本年度預算數基金來源>12708172</本年度預算數基金來源>
<本年度預算數基金用途>1719366</本年度預算數基金用途>
<本年度預算數賸餘短絀>10988806</本年度預算數賸餘短絀>
<上年基金來源>11082266</上年基金來源>
<上年基金用途>1112186</上年基金用途>
<上年賸餘短絀>9970080</上年賸餘短絀>
<本年度與上年度比較基金來源>1625906</本年度與上年度比較基金來源>
<本年度與上年度比較基金用途>607180</本年度與上年度比較基金用途>
<本年度與上年度比較賸餘短絀>1018726</本年度與上年度比較賸餘短絀>
<期初累積賸餘短絀>191861285</期初累積賸餘短絀>
<期末累積賸餘短絀>202850091</期末累積賸餘短絀>
</Data>
<Data>
<基金別>地方產業發展基金</基金別>
<本年度預算數基金來源>1002250</本年度預算數基金來源>
<本年度預算數基金用途>974961</本年度預算數基金用途>
<本年度預算數賸餘短絀>27289</本年度預算數賸餘短絀>
<上年基金來源>0</上年基金來源>
<上年基金用途>0</上年基金用途>
<上年賸餘短絀>0</上年賸餘短絀>
<本年度與上年度比較基金來源>1002250</本年度與上年度比較基金來源>
<本年度與上年度比較基金用途>974961</本年度與上年度比較基金用途>
<本年度與上年度比較賸餘短絀>27289</本年度與上年度比較賸餘短絀>
<期初累積賸餘短絀>0</期初累積賸餘短絀>
<期末累積賸餘短絀>27289</期末累積賸餘短絀>
</Data>
<Data>
<基金別>交通部主管</基金別>
<本年度預算數基金來源>6530895</本年度預算數基金來源>
<本年度預算數基金用途>11744598</本年度預算數基金用途>
<本年度預算數賸餘短絀>-5213703</本年度預算數賸餘短絀>
<上年基金來源>6761694</上年基金來源>
<上年基金用途>10092815</上年基金用途>
<上年賸餘短絀>-3331121</上年賸餘短絀>
<本年度與上年度比較基金來源>-230799</本年度與上年度比較基金來源>
<本年度與上年度比較基金用途>1651783</本年度與上年度比較基金用途>
<本年度與上年度比較賸餘短絀>-1882582</本年度與上年度比較賸餘短絀>
<期初累積賸餘短絀>42449793</期初累積賸餘短絀>
<期末累積賸餘短絀>37236090</期末累積賸餘短絀>
</Data>
<Data>
<基金別>航港建設基金</基金別>
<本年度預算數基金來源>6530895</本年度預算數基金來源>
<本年度預算數基金用途>11744598</本年度預算數基金用途>
<本年度預算數賸餘短絀>-5213703</本年度預算數賸餘短絀>
<上年基金來源>6761694</上年基金來源>
<上年基金用途>10092815</上年基金用途>
<上年賸餘短絀>-3331121</上年賸餘短絀>
<本年度與上年度比較基金來源>-230799</本年度與上年度比較基金來源>
<本年度與上年度比較基金用途>1651783</本年度與上年度比較基金用途>
<本年度與上年度比較賸餘短絀>-1882582</本年度與上年度比較賸餘短絀>
<期初累積賸餘短絀>42449793</期初累積賸餘短絀>
<期末累積賸餘短絀>37236090</期末累積賸餘短絀>
</Data>
<Data>
<基金別>原子能委員會主管</基金別>
<本年度預算數基金來源>73950</本年度預算數基金來源>
<本年度預算數基金用途>62880</本年度預算數基金用途>
<本年度預算數賸餘短絀>11070</本年度預算數賸餘短絀>
<上年基金來源>72725</上年基金來源>
<上年基金用途>41836</上年基金用途>
<上年賸餘短絀>30889</上年賸餘短絀>
<本年度與上年度比較基金來源>1225</本年度與上年度比較基金來源>
<本年度與上年度比較基金用途>21044</本年度與上年度比較基金用途>
<本年度與上年度比較賸餘短絀>-19819</本年度與上年度比較賸餘短絀>
<期初累積賸餘短絀>94846</期初累積賸餘短絀>
<期末累積賸餘短絀>105916</期末累積賸餘短絀>
</Data>
<Data>
<基金別>核子事故緊急應變基金</基金別>
<本年度預算數基金來源>73950</本年度預算數基金來源>
<本年度預算數基金用途>62880</本年度預算數基金用途>
<本年度預算數賸餘短絀>11070</本年度預算數賸餘短絀>
<上年基金來源>72725</上年基金來源>
<上年基金用途>41836</上年基金用途>
<上年賸餘短絀>30889</上年賸餘短絀>
<本年度與上年度比較基金來源>1225</本年度與上年度比較基金來源>
<本年度與上年度比較基金用途>21044</本年度與上年度比較基金用途>
<本年度與上年度比較賸餘短絀>-19819</本年度與上年度比較賸餘短絀>
<期初累積賸餘短絀>94846</期初累積賸餘短絀>
<期末累積賸餘短絀>105916</期末累積賸餘短絀>
</Data>
<Data>
<基金別>農業委員會主管</基金別>
<本年度預算數基金來源>26982247</本年度預算數基金來源>
<本年度預算數基金用途>42527159</本年度預算數基金用途>
<本年度預算數賸餘短絀>-15544912</本年度預算數賸餘短絀>
<上年基金來源>22952925</上年基金來源>
<上年基金用途>38514433</上年基金用途>
<上年賸餘短絀>-15561508</上年賸餘短絀>
<本年度與上年度比較基金來源>4029322</本年度與上年度比較基金來源>
<本年度與上年度比較基金用途>4012726</本年度與上年度比較基金用途>
<本年度與上年度比較賸餘短絀>16596</本年度與上年度比較賸餘短絀>
<期初累積賸餘短絀>52930255</期初累積賸餘短絀>
<期末累積賸餘短絀>37385343</期末累積賸餘短絀>
</Data>
<Data>
<基金別>農業特別收入基金</基金別>
<本年度預算數基金來源>26982247</本年度預算數基金來源>
<本年度預算數基金用途>42527159</本年度預算數基金用途>
<本年度預算數賸餘短絀>-15544912</本年度預算數賸餘短絀>
<上年基金來源>22952925</上年基金來源>
<上年基金用途>38514433</上年基金用途>
<上年賸餘短絀>-15561508</上年賸餘短絀>
<本年度與上年度比較基金來源>4029322</本年度與上年度比較基金來源>
<本年度與上年度比較基金用途>4012726</本年度與上年度比較基金用途>
<本年度與上年度比較賸餘短絀>16596</本年度與上年度比較賸餘短絀>
<期初累積賸餘短絀>52930255</期初累積賸餘短絀>
<期末累積賸餘短絀>37385343</期末累積賸餘短絀>
</Data>
<Data>
<基金別>勞工委員會主管</基金別>
<本年度預算數基金來源>10792271</本年度預算數基金來源>
<本年度預算數基金用途>10825137</本年度預算數基金用途>
<本年度預算數賸餘短絀>-32866</本年度預算數賸餘短絀>
<上年基金來源>11175685</上年基金來源>
<上年基金用途>11199736</上年基金用途>
<上年賸餘短絀>-24051</上年賸餘短絀>
<本年度與上年度比較基金來源>-383414</本年度與上年度比較基金來源>
<本年度與上年度比較基金用途>-374599</本年度與上年度比較基金用途>
<本年度與上年度比較賸餘短絀>-8815</本年度與上年度比較賸餘短絀>
<期初累積賸餘短絀>20427908</期初累積賸餘短絀>
<期末累積賸餘短絀>20395042</期末累積賸餘短絀>
</Data>
<Data>
<基金別>就業安定基金</基金別>
<本年度預算數基金來源>10792271</本年度預算數基金來源>
<本年度預算數基金用途>10825137</本年度預算數基金用途>
<本年度預算數賸餘短絀>-32866</本年度預算數賸餘短絀>
<上年基金來源>11175685</上年基金來源>
<上年基金用途>11199736</上年基金用途>
<上年賸餘短絀>-24051</上年賸餘短絀>
<本年度與上年度比較基金來源>-383414</本年度與上年度比較基金來源>
<本年度與上年度比較基金用途>-374599</本年度與上年度比較基金用途>
<本年度與上年度比較賸餘短絀>-8815</本年度與上年度比較賸餘短絀>
<期初累積賸餘短絀>20427908</期初累積賸餘短絀>
<期末累積賸餘短絀>20395042</期末累積賸餘短絀>
</Data>
<Data>
<基金別>衛生署主管</基金別>
<本年度預算數基金來源>2095562</本年度預算數基金來源>
<本年度預算數基金用途>2967623</本年度預算數基金用途>
<本年度預算數賸餘短絀>-872061</本年度預算數賸餘短絀>
<上年基金來源>1674032</上年基金來源>
<上年基金用途>2657437</上年基金用途>
<上年賸餘短絀>-983405</上年賸餘短絀>
<本年度與上年度比較基金來源>421530</本年度與上年度比較基金來源>
<本年度與上年度比較基金用途>310186</本年度與上年度比較基金用途>
<本年度與上年度比較賸餘短絀>111344</本年度與上年度比較賸餘短絀>
<期初累積賸餘短絀>4064014</期初累積賸餘短絀>
<期末累積賸餘短絀>3191953</期末累積賸餘短絀>
</Data>
<Data>
<基金別>健康照護基金</基金別>
<本年度預算數基金來源>2095562</本年度預算數基金來源>
<本年度預算數基金用途>2967623</本年度預算數基金用途>
<本年度預算數賸餘短絀>-872061</本年度預算數賸餘短絀>
<上年基金來源>1674032</上年基金來源>
<上年基金用途>2657437</上年基金用途>
<上年賸餘短絀>-983405</上年賸餘短絀>
<本年度與上年度比較基金來源>421530</本年度與上年度比較基金來源>
<本年度與上年度比較基金用途>310186</本年度與上年度比較基金用途>
<本年度與上年度比較賸餘短絀>111344</本年度與上年度比較賸餘短絀>
<期初累積賸餘短絀>4064014</期初累積賸餘短絀>
<期末累積賸餘短絀>3191953</期末累積賸餘短絀>
</Data>
<Data>
<基金別>環境保護署主管</基金別>
<本年度預算數基金來源>4627876</本年度預算數基金來源>
<本年度預算數基金用途>5221075</本年度預算數基金用途>
<本年度預算數賸餘短絀>-593199</本年度預算數賸餘短絀>
<上年基金來源>4288184</上年基金來源>
<上年基金用途>4271419</上年基金用途>
<上年賸餘短絀>16765</上年賸餘短絀>
<本年度與上年度比較基金來源>339692</本年度與上年度比較基金來源>
<本年度與上年度比較基金用途>949656</本年度與上年度比較基金用途>
<本年度與上年度比較賸餘短絀>-609964</本年度與上年度比較賸餘短絀>
<期初累積賸餘短絀>9183696</期初累積賸餘短絀>
<期末累積賸餘短絀>8590497</期末累積賸餘短絀>
</Data>
<Data>
<基金別>環境保護基金</基金別>
<本年度預算數基金來源>4627876</本年度預算數基金來源>
<本年度預算數基金用途>5221075</本年度預算數基金用途>
<本年度預算數賸餘短絀>-593199</本年度預算數賸餘短絀>
<上年基金來源>4288184</上年基金來源>
<上年基金用途>4271419</上年基金用途>
<上年賸餘短絀>16765</上年賸餘短絀>
<本年度與上年度比較基金來源>339692</本年度與上年度比較基金來源>
<本年度與上年度比較基金用途>949656</本年度與上年度比較基金用途>
<本年度與上年度比較賸餘短絀>-609964</本年度與上年度比較賸餘短絀>
<期初累積賸餘短絀>9183696</期初累積賸餘短絀>
<期末累積賸餘短絀>8590497</期末累積賸餘短絀>
</Data>
<Data>
<基金別>大陸委員會主管</基金別>
<本年度預算數基金來源>47700</本年度預算數基金來源>
<本年度預算數基金用途>73706</本年度預算數基金用途>
<本年度預算數賸餘短絀>-26006</本年度預算數賸餘短絀>
<上年基金來源>37293</上年基金來源>
<上年基金用途>73396</上年基金用途>
<上年賸餘短絀>-36103</上年賸餘短絀>
<本年度與上年度比較基金來源>10407</本年度與上年度比較基金來源>
<本年度與上年度比較基金用途>310</本年度與上年度比較基金用途>
<本年度與上年度比較賸餘短絀>10097</本年度與上年度比較賸餘短絀>
<期初累積賸餘短絀>208347</期初累積賸餘短絀>
<期末累積賸餘短絀>182341</期末累積賸餘短絀>
</Data>
<Data>
<基金別>中華發展基金</基金別>
<本年度預算數基金來源>47700</本年度預算數基金來源>
<本年度預算數基金用途>73706</本年度預算數基金用途>
<本年度預算數賸餘短絀>-26006</本年度預算數賸餘短絀>
<上年基金來源>37293</上年基金來源>
<上年基金用途>73396</上年基金用途>
<上年賸餘短絀>-36103</上年賸餘短絀>
<本年度與上年度比較基金來源>10407</本年度與上年度比較基金來源>
<本年度與上年度比較基金用途>310</本年度與上年度比較基金用途>
<本年度與上年度比較賸餘短絀>10097</本年度與上年度比較賸餘短絀>
<期初累積賸餘短絀>208347</期初累積賸餘短絀>
<期末累積賸餘短絀>182341</期末累積賸餘短絀>
</Data>
<Data>
<基金別>新聞局主管</基金別>
<本年度預算數基金來源>353680</本年度預算數基金來源>
<本年度預算數基金用途>314713</本年度預算數基金用途>
<本年度預算數賸餘短絀>38967</本年度預算數賸餘短絀>
<上年基金來源>331199</上年基金來源>
<上年基金用途>312173</上年基金用途>
<上年賸餘短絀>19026</上年賸餘短絀>
<本年度與上年度比較基金來源>22481</本年度與上年度比較基金來源>
<本年度與上年度比較基金用途>2540</本年度與上年度比較基金用途>
<本年度與上年度比較賸餘短絀>19941</本年度與上年度比較賸餘短絀>
<期初累積賸餘短絀>347151</期初累積賸餘短絀>
<期末累積賸餘短絀>386118</期末累積賸餘短絀>
</Data>
<Data>
<基金別>有線廣播電視事業發展基金</基金別>
<本年度預算數基金來源>353680</本年度預算數基金來源>
<本年度預算數基金用途>314713</本年度預算數基金用途>
<本年度預算數賸餘短絀>38967</本年度預算數賸餘短絀>
<上年基金來源>331199</上年基金來源>
<上年基金用途>312173</上年基金用途>
<上年賸餘短絀>19026</上年賸餘短絀>
<本年度與上年度比較基金來源>22481</本年度與上年度比較基金來源>
<本年度與上年度比較基金用途>2540</本年度與上年度比較基金用途>
<本年度與上年度比較賸餘短絀>19941</本年度與上年度比較賸餘短絀>
<期初累積賸餘短絀>347151</期初累積賸餘短絀>
<期末累積賸餘短絀>386118</期末累積賸餘短絀>
</Data>
<Data>
<基金別>金融監督管理委員會主管</基金別>
<本年度預算數基金來源>33537917</本年度預算數基金來源>
<本年度預算數基金用途>19543104</本年度預算數基金用途>
<本年度預算數賸餘短絀>13994813</本年度預算數賸餘短絀>
<上年基金來源>51470228</上年基金來源>
<上年基金用途>51237059</上年基金用途>
<上年賸餘短絀>233169</上年賸餘短絀>
<本年度與上年度比較基金來源>-17932311</本年度與上年度比較基金來源>
<本年度與上年度比較基金用途>-31693955</本年度與上年度比較基金用途>
<本年度與上年度比較賸餘短絀>13761644</本年度與上年度比較賸餘短絀>
<期初累積賸餘短絀>1932821</期初累積賸餘短絀>
<期末累積賸餘短絀>15927634</期末累積賸餘短絀>
</Data>
<Data>
<基金別>金融監督管理基金</基金別>
<本年度預算數基金來源>978773</本年度預算數基金來源>
<本年度預算數基金用途>978747</本年度預算數基金用途>
<本年度預算數賸餘短絀>26</本年度預算數賸餘短絀>
<上年基金來源>928055</上年基金來源>
<上年基金用途>926043</上年基金用途>
<上年賸餘短絀>2012</上年賸餘短絀>
<本年度與上年度比較基金來源>50718</本年度與上年度比較基金來源>
<本年度與上年度比較基金用途>52704</本年度與上年度比較基金用途>
<本年度與上年度比較賸餘短絀>-1986</本年度與上年度比較賸餘短絀>
<期初累積賸餘短絀>1205374</期初累積賸餘短絀>
<期末累積賸餘短絀>1205400</期末累積賸餘短絀>
</Data>
<Data>
<基金別>行政院金融重建基金</基金別>
<本年度預算數基金來源>32559144</本年度預算數基金來源>
<本年度預算數基金用途>18564357</本年度預算數基金用途>
<本年度預算數賸餘短絀>13994787</本年度預算數賸餘短絀>
<上年基金來源>50542173</上年基金來源>
<上年基金用途>50311016</上年基金用途>
<上年賸餘短絀>231157</上年賸餘短絀>
<本年度與上年度比較基金來源>-17983029</本年度與上年度比較基金來源>
<本年度與上年度比較基金用途>-31746659</本年度與上年度比較基金用途>
<本年度與上年度比較賸餘短絀>13763630</本年度與上年度比較賸餘短絀>
<期初累積賸餘短絀>727447</期初累積賸餘短絀>
<期末累積賸餘短絀>14722234</期末累積賸餘短絀>
</Data>
<Data>
<基金別>國家通訊傳播委員會主管</基金別>
<本年度預算數基金來源>641192</本年度預算數基金來源>
<本年度預算數基金用途>617714</本年度預算數基金用途>
<本年度預算數賸餘短絀>23478</本年度預算數賸餘短絀>
<上年基金來源>500042</上年基金來源>
<上年基金用途>497350</上年基金用途>
<上年賸餘短絀>2692</上年賸餘短絀>
<本年度與上年度比較基金來源>141150</本年度與上年度比較基金來源>
<本年度與上年度比較基金用途>120364</本年度與上年度比較基金用途>
<本年度與上年度比較賸餘短絀>20786</本年度與上年度比較賸餘短絀>
<期初累積賸餘短絀>87822</期初累積賸餘短絀>
<期末累積賸餘短絀>111300</期末累積賸餘短絀>
</Data>
<Data>
<基金別>通訊傳播監督管理基金</基金別>
<本年度預算數基金來源>641192</本年度預算數基金來源>
<本年度預算數基金用途>617714</本年度預算數基金用途>
<本年度預算數賸餘短絀>23478</本年度預算數賸餘短絀>
<上年基金來源>500042</上年基金來源>
<上年基金用途>497350</上年基金用途>
<上年賸餘短絀>2692</上年賸餘短絀>
<本年度與上年度比較基金來源>141150</本年度與上年度比較基金來源>
<本年度與上年度比較基金用途>120364</本年度與上年度比較基金用途>
<本年度與上年度比較賸餘短絀>20786</本年度與上年度比較賸餘短絀>
<期初累積賸餘短絀>87822</期初累積賸餘短絀>
<期末累積賸餘短絀>111300</期末累積賸餘短絀>
</Data>
<Data>
<基金別>合計</基金別>
<本年度預算數基金來源>150275527</本年度預算數基金來源>
<本年度預算數基金用途>156099839</本年度預算數基金用途>
<本年度預算數賸餘短絀>-5824312</本年度預算數賸餘短絀>
<上年基金來源>175217748</上年基金來源>
<上年基金用途>179664236</上年基金用途>
<上年賸餘短絀>-4446488</上年賸餘短絀>
<本年度與上年度比較基金來源>-24942221</本年度與上年度比較基金來源>
<本年度與上年度比較基金用途>-23564397</本年度與上年度比較基金用途>
<本年度與上年度比較賸餘短絀>-1377824</本年度與上年度比較賸餘短絀>
<期初累積賸餘短絀>341524131</期初累積賸餘短絀>
<期末累積賸餘短絀>335699819</期末累積賸餘短絀>
</Data>
</DataCollection>
