<?xml version="1.0" encoding="UTF-8"?>
<GenericData>
　　<Header>
　　　　<Table Id="HPALS" Name="基金來源、用途及餘絀表" Domain="NBA" />
　　　　<Program Id="NBAGJR030_C" />
　　　　<Sender Name="國軍營舍及設施改建基金" />
　　　　<報表名稱>基金來源、用途及餘絀結算表</報表名稱>
　　　　<日期>中華民國105年1月1日至105年6月30日</日期>
　　　　<基金>國軍營舍及設施改建基金</基金>
　　　　<單位>單位︰新臺幣元</單位>
　　</Header>
　　<DataSet>
　　　　<ROW>
　　　　　　<SEQNO>1</SEQNO>
　　　　　　<LEVEL>1</LEVEL>
　　　　　　<BOLD>1</BOLD>
　　　　　　<科目>基金來源</科目>
　　　　　　<實際數>2660684261.00</實際數>
　　　　　　<分配預算數>6904420000.00</分配預算數>
　　　　　　<比較增減-金額>-4243735739.00</比較增減-金額>
　　　　　　<比較增減-百分比>-61.5</比較增減-百分比>
　　　　</ROW>
　　　　<ROW>
　　　　　　<SEQNO>2</SEQNO>
　　　　　　<LEVEL>2</LEVEL>
　　　　　　<BOLD>0</BOLD>
　　　　　　<科目>徵收及依法分配收入</科目>
　　　　　　<實際數 />
　　　　　　<分配預算數 />
　　　　　　<比較增減-金額 />
　　　　　　<比較增減-百分比 />
　　　　</ROW>
　　　　<ROW>
　　　　　　<SEQNO>3</SEQNO>
　　　　　　<LEVEL>2</LEVEL>
　　　　　　<BOLD>0</BOLD>
　　　　　　<科目>債務收入</科目>
　　　　　　<實際數 />
　　　　　　<分配預算數 />
　　　　　　<比較增減-金額 />
　　　　　　<比較增減-百分比 />
　　　　</ROW>
　　　　<ROW>
　　　　　　<SEQNO>4</SEQNO>
　　　　　　<LEVEL>2</LEVEL>
　　　　　　<BOLD>0</BOLD>
　　　　　　<科目>勞務收入</科目>
　　　　　　<實際數 />
　　　　　　<分配預算數 />
　　　　　　<比較增減-金額 />
　　　　　　<比較增減-百分比 />
　　　　</ROW>
　　　　<ROW>
　　　　　　<SEQNO>5</SEQNO>
　　　　　　<LEVEL>2</LEVEL>
　　　　　　<BOLD>0</BOLD>
　　　　　　<科目>農政收入</科目>
　　　　　　<實際數 />
　　　　　　<分配預算數 />
　　　　　　<比較增減-金額 />
　　　　　　<比較增減-百分比 />
　　　　</ROW>
　　　　<ROW>
　　　　　　<SEQNO>6</SEQNO>
　　　　　　<LEVEL>2</LEVEL>
　　　　　　<BOLD>0</BOLD>
　　　　　　<科目>財產收入</科目>
　　　　　　<實際數>532385518.00</實際數>
　　　　　　<分配預算數>4773274000.00</分配預算數>
　　　　　　<比較增減-金額>-4240888482.00</比較增減-金額>
　　　　　　<比較增減-百分比>-88.8</比較增減-百分比>
　　　　</ROW>
　　　　<ROW>
　　　　　　<SEQNO>7</SEQNO>
　　　　　　<LEVEL>2</LEVEL>
　　　　　　<BOLD>0</BOLD>
　　　　　　<科目>政府撥入收入</科目>
　　　　　　<實際數>2123605356.00</實際數>
　　　　　　<分配預算數>2123606000.00</分配預算數>
　　　　　　<比較增減-金額>-644.00</比較增減-金額>
　　　　　　<比較增減-百分比 />
　　　　</ROW>
　　　　<ROW>
　　　　　　<SEQNO>8</SEQNO>
　　　　　　<LEVEL>2</LEVEL>
　　　　　　<BOLD>0</BOLD>
　　　　　　<科目>其他收入</科目>
　　　　　　<實際數>4693387.00</實際數>
　　　　　　<分配預算數>7540000.00</分配預算數>
　　　　　　<比較增減-金額>-2846613.00</比較增減-金額>
　　　　　　<比較增減-百分比>-37.8</比較增減-百分比>
　　　　</ROW>
　　　　<ROW>
　　　　　　<SEQNO>9</SEQNO>
　　　　　　<LEVEL>1</LEVEL>
　　　　　　<BOLD>1</BOLD>
　　　　　　<科目>基金用途</科目>
　　　　　　<實際數>1736673256.00</實際數>
　　　　　　<分配預算數>1314933000.00</分配預算數>
　　　　　　<比較增減-金額>421740256.00</比較增減-金額>
　　　　　　<比較增減-百分比>32.1</比較增減-百分比>
　　　　</ROW>
　　　　<ROW>
　　　　　　<SEQNO>10</SEQNO>
　　　　　　<LEVEL>2</LEVEL>
　　　　　　<BOLD>0</BOLD>
　　　　　　<科目>博愛專案計畫</科目>
　　　　　　<實際數>14094476.00</實際數>
　　　　　　<分配預算數 />
　　　　　　<比較增減-金額>14094476.00</比較增減-金額>
　　　　　　<比較增減-百分比 />
　　　　</ROW>
　　　　<ROW>
　　　　　　<SEQNO>11</SEQNO>
　　　　　　<LEVEL>2</LEVEL>
　　　　　　<BOLD>0</BOLD>
　　　　　　<科目>水湳機場遷建專案計畫</科目>
　　　　　　<實際數>124932118.00</實際數>
　　　　　　<分配預算數 />
　　　　　　<比較增減-金額>124932118.00</比較增減-金額>
　　　　　　<比較增減-百分比 />
　　　　</ROW>
　　　　<ROW>
　　　　　　<SEQNO>12</SEQNO>
　　　　　　<LEVEL>2</LEVEL>
　　　　　　<BOLD>0</BOLD>
　　　　　　<科目>老舊營舍整建計畫</科目>
　　　　　　<實際數>1190956094.00</實際數>
　　　　　　<分配預算數>979007000.00</分配預算數>
　　　　　　<比較增減-金額>211949094.00</比較增減-金額>
　　　　　　<比較增減-百分比>21.6</比較增減-百分比>
　　　　</ROW>
　　　　<ROW>
　　　　　　<SEQNO>13</SEQNO>
　　　　　　<LEVEL>2</LEVEL>
　　　　　　<BOLD>0</BOLD>
　　　　　　<科目>大鵬灣專案計畫</科目>
　　　　　　<實際數 />
　　　　　　<分配預算數 />
　　　　　　<比較增減-金額 />
　　　　　　<比較增減-百分比 />
　　　　</ROW>
　　　　<ROW>
　　　　　　<SEQNO>14</SEQNO>
　　　　　　<LEVEL>2</LEVEL>
　　　　　　<BOLD>0</BOLD>
　　　　　　<科目>工程及設施整建計畫</科目>
　　　　　　<實際數>397720660.00</實際數>
　　　　　　<分配預算數>320843000.00</分配預算數>
　　　　　　<比較增減-金額>76877660.00</比較增減-金額>
　　　　　　<比較增減-百分比>24.0</比較增減-百分比>
　　　　</ROW>
　　　　<ROW>
　　　　　　<SEQNO>15</SEQNO>
　　　　　　<LEVEL>2</LEVEL>
　　　　　　<BOLD>0</BOLD>
　　　　　　<科目>一般行政管理計畫</科目>
　　　　　　<實際數>8969908.00</實際數>
　　　　　　<分配預算數>15083000.00</分配預算數>
　　　　　　<比較增減-金額>-6113092.00</比較增減-金額>
　　　　　　<比較增減-百分比>-40.5</比較增減-百分比>
　　　　</ROW>
　　　　<ROW>
　　　　　　<SEQNO>16</SEQNO>
　　　　　　<LEVEL>2</LEVEL>
　　　　　　<BOLD>0</BOLD>
　　　　　　<科目>一般建築及設備計畫</科目>
　　　　　　<實際數 />
　　　　　　<分配預算數 />
　　　　　　<比較增減-金額 />
　　　　　　<比較增減-百分比 />
　　　　</ROW>
　　　　<ROW>
　　　　　　<SEQNO>17</SEQNO>
　　　　　　<LEVEL>1</LEVEL>
　　　　　　<BOLD>1</BOLD>
　　　　　　<科目>本期賸餘(短絀-)</科目>
　　　　　　<實際數>924011005.00</實際數>
　　　　　　<分配預算數>5589487000.00</分配預算數>
　　　　　　<比較增減-金額>-4665475995.00</比較增減-金額>
　　　　　　<比較增減-百分比>-83.5</比較增減-百分比>
　　　　</ROW>
　　　　<ROW>
　　　　　　<SEQNO>18</SEQNO>
　　　　　　<LEVEL>1</LEVEL>
　　　　　　<BOLD>1</BOLD>
　　　　　　<科目>期初基金餘額</科目>
　　　　　　<實際數>47344080331.00</實際數>
　　　　　　<分配預算數>44293713000.00</分配預算數>
　　　　　　<比較增減-金額 />
　　　　　　<比較增減-百分比 />
　　　　</ROW>
　　　　<ROW>
　　　　　　<SEQNO>19</SEQNO>
　　　　　　<LEVEL>1</LEVEL>
　　　　　　<BOLD>1</BOLD>
　　　　　　<科目>解繳國庫</科目>
　　　　　　<實際數 />
　　　　　　<分配預算數 />
　　　　　　<比較增減-金額 />
　　　　　　<比較增減-百分比 />
　　　　</ROW>
　　　　<ROW>
　　　　　　<SEQNO>20</SEQNO>
　　　　　　<LEVEL>1</LEVEL>
　　　　　　<BOLD>1</BOLD>
　　　　　　<科目>期末基金餘額</科目>
　　　　　　<實際數>48268091336.00</實際數>
　　　　　　<分配預算數>49883200000.00</分配預算數>
　　　　　　<比較增減-金額 />
　　　　　　<比較增減-百分比 />
　　　　</ROW>
　　</DataSet>
</GenericData>

