<?xml version="1.0" encoding="UTF-8"?>
<GenericData>
　　<Header>
　　　　<Table Id="HBALANCE" Name="平衡表" Domain="NBA" />
　　　　<Program Id="NBAGJR040_C" />
　　　　<Sender Name="國軍營舍及設施改建基金" />
　　　　<報表名稱>平衡表</報表名稱>
　　　　<日期>中華民國105年6月30日</日期>
　　　　<基金>國軍營舍及設施改建基金</基金>
　　　　<單位>單位︰新臺幣元</單位>
　　</Header>
　　<DataSet>
　　　　<ROW>
　　　　　　<SEQNO>1</SEQNO>
　　　　　　<LEVEL>1</LEVEL>
　　　　　　<BOLD>1</BOLD>
　　　　　　<科目>資產</科目>
　　　　　　<金額>49873724932.00</金額>
　　　　　　<百分比>100.0</百分比>
　　　　</ROW>
　　　　<ROW>
　　　　　　<SEQNO>2</SEQNO>
　　　　　　<LEVEL>2</LEVEL>
　　　　　　<BOLD>1</BOLD>
　　　　　　<科目>流動資產</科目>
　　　　　　<金額>49831208932.00</金額>
　　　　　　<百分比>99.9</百分比>
　　　　</ROW>
　　　　<ROW>
　　　　　　<SEQNO>3</SEQNO>
　　　　　　<LEVEL>3</LEVEL>
　　　　　　<BOLD>0</BOLD>
　　　　　　<科目>現金</科目>
　　　　　　<金額>13802382674.00</金額>
　　　　　　<百分比>27.7</百分比>
　　　　</ROW>
　　　　<ROW>
　　　　　　<SEQNO>4</SEQNO>
　　　　　　<LEVEL>3</LEVEL>
　　　　　　<BOLD>0</BOLD>
　　　　　　<科目>短期投資</科目>
　　　　　　<金額 />
　　　　　　<百分比 />
　　　　</ROW>
　　　　<ROW>
　　　　　　<SEQNO>5</SEQNO>
　　　　　　<LEVEL>3</LEVEL>
　　　　　　<BOLD>0</BOLD>
　　　　　　<科目>應收款項</科目>
　　　　　　<金額>241495731.00</金額>
　　　　　　<百分比>0.5</百分比>
　　　　</ROW>
　　　　<ROW>
　　　　　　<SEQNO>6</SEQNO>
　　　　　　<LEVEL>3</LEVEL>
　　　　　　<BOLD>0</BOLD>
　　　　　　<科目>存貨</科目>
　　　　　　<金額>34979917643.00</金額>
　　　　　　<百分比>70.1</百分比>
　　　　</ROW>
　　　　<ROW>
　　　　　　<SEQNO>7</SEQNO>
　　　　　　<LEVEL>3</LEVEL>
　　　　　　<BOLD>0</BOLD>
　　　　　　<科目>預付款項</科目>
　　　　　　<金額>760747869.00</金額>
　　　　　　<百分比>1.5</百分比>
　　　　</ROW>
　　　　<ROW>
　　　　　　<SEQNO>8</SEQNO>
　　　　　　<LEVEL>3</LEVEL>
　　　　　　<BOLD>0</BOLD>
　　　　　　<科目>短期貸墊款</科目>
　　　　　　<金額>46665015.00</金額>
　　　　　　<百分比>0.1</百分比>
　　　　</ROW>
　　　　<ROW>
　　　　　　<SEQNO>9</SEQNO>
　　　　　　<LEVEL>2</LEVEL>
　　　　　　<BOLD>1</BOLD>
　　　　　　<科目>投資、長期應收款項、貸墊款及準備金</科目>
　　　　　　<金額 />
　　　　　　<百分比 />
　　　　</ROW>
　　　　<ROW>
　　　　　　<SEQNO>10</SEQNO>
　　　　　　<LEVEL>3</LEVEL>
　　　　　　<BOLD>0</BOLD>
　　　　　　<科目>長期應收款項</科目>
　　　　　　<金額 />
　　　　　　<百分比 />
　　　　</ROW>
　　　　<ROW>
　　　　　　<SEQNO>11</SEQNO>
　　　　　　<LEVEL>3</LEVEL>
　　　　　　<BOLD>0</BOLD>
　　　　　　<科目>長期貸款</科目>
　　　　　　<金額 />
　　　　　　<百分比 />
　　　　</ROW>
　　　　<ROW>
　　　　　　<SEQNO>12</SEQNO>
　　　　　　<LEVEL>3</LEVEL>
　　　　　　<BOLD>0</BOLD>
　　　　　　<科目>長期墊款</科目>
　　　　　　<金額 />
　　　　　　<百分比 />
　　　　</ROW>
　　　　<ROW>
　　　　　　<SEQNO>13</SEQNO>
　　　　　　<LEVEL>3</LEVEL>
　　　　　　<BOLD>0</BOLD>
　　　　　　<科目>準備金</科目>
　　　　　　<金額 />
　　　　　　<百分比 />
　　　　</ROW>
　　　　<ROW>
　　　　　　<SEQNO>14</SEQNO>
　　　　　　<LEVEL>3</LEVEL>
　　　　　　<BOLD>0</BOLD>
　　　　　　<科目>理財目的之長期投資</科目>
　　　　　　<金額 />
　　　　　　<百分比 />
　　　　</ROW>
　　　　<ROW>
　　　　　　<SEQNO>15</SEQNO>
　　　　　　<LEVEL>2</LEVEL>
　　　　　　<BOLD>1</BOLD>
　　　　　　<科目>其他資產</科目>
　　　　　　<金額>42516000.00</金額>
　　　　　　<百分比>0.1</百分比>
　　　　</ROW>
　　　　<ROW>
　　　　　　<SEQNO>16</SEQNO>
　　　　　　<LEVEL>3</LEVEL>
　　　　　　<BOLD>0</BOLD>
　　　　　　<科目>什項資產</科目>
　　　　　　<金額>42516000.00</金額>
　　　　　　<百分比>0.1</百分比>
　　　　</ROW>
　　　　<ROW>
　　　　　　<SEQNO>17</SEQNO>
　　　　　　<LEVEL>3</LEVEL>
　　　　　　<BOLD>0</BOLD>
　　　　　　<科目>待整理資產</科目>
　　　　　　<金額 />
　　　　　　<百分比 />
　　　　</ROW>
　　　　<ROW>
　　　　　　<SEQNO>18</SEQNO>
　　　　　　<LEVEL>1</LEVEL>
　　　　　　<BOLD>1</BOLD>
　　　　　　<科目>合計</科目>
　　　　　　<金額>49873724932.00</金額>
　　　　　　<百分比>100.0</百分比>
　　　　</ROW>
　　　　<ROW>
　　　　　　<SEQNO>19</SEQNO>
　　　　　　<LEVEL>1</LEVEL>
　　　　　　<BOLD>1</BOLD>
　　　　　　<科目>負債</科目>
　　　　　　<金額>1605633596.00</金額>
　　　　　　<百分比>3.2</百分比>
　　　　</ROW>
　　　　<ROW>
　　　　　　<SEQNO>20</SEQNO>
　　　　　　<LEVEL>2</LEVEL>
　　　　　　<BOLD>1</BOLD>
　　　　　　<科目>流動負債</科目>
　　　　　　<金額>848248823.00</金額>
　　　　　　<百分比>1.7</百分比>
　　　　</ROW>
　　　　<ROW>
　　　　　　<SEQNO>21</SEQNO>
　　　　　　<LEVEL>3</LEVEL>
　　　　　　<BOLD>0</BOLD>
　　　　　　<科目>短期債務</科目>
　　　　　　<金額 />
　　　　　　<百分比 />
　　　　</ROW>
　　　　<ROW>
　　　　　　<SEQNO>22</SEQNO>
　　　　　　<LEVEL>3</LEVEL>
　　　　　　<BOLD>0</BOLD>
　　　　　　<科目>應付款項</科目>
　　　　　　<金額>843644364.00</金額>
　　　　　　<百分比>1.7</百分比>
　　　　</ROW>
　　　　<ROW>
　　　　　　<SEQNO>23</SEQNO>
　　　　　　<LEVEL>3</LEVEL>
　　　　　　<BOLD>0</BOLD>
　　　　　　<科目>預收款項</科目>
　　　　　　<金額>4604459.00</金額>
　　　　　　<百分比>-</百分比>
　　　　</ROW>
　　　　<ROW>
　　　　　　<SEQNO>24</SEQNO>
　　　　　　<LEVEL>2</LEVEL>
　　　　　　<BOLD>1</BOLD>
　　　　　　<科目>其他負債</科目>
　　　　　　<金額>757384773.00</金額>
　　　　　　<百分比>1.5</百分比>
　　　　</ROW>
　　　　<ROW>
　　　　　　<SEQNO>25</SEQNO>
　　　　　　<LEVEL>3</LEVEL>
　　　　　　<BOLD>0</BOLD>
　　　　　　<科目>什項負債</科目>
　　　　　　<金額>757384773.00</金額>
　　　　　　<百分比>1.5</百分比>
　　　　</ROW>
　　　　<ROW>
　　　　　　<SEQNO>26</SEQNO>
　　　　　　<LEVEL>3</LEVEL>
　　　　　　<BOLD>0</BOLD>
　　　　　　<科目>負債準備</科目>
　　　　　　<金額 />
　　　　　　<百分比 />
　　　　</ROW>
　　　　<ROW>
　　　　　　<SEQNO>27</SEQNO>
　　　　　　<LEVEL>1</LEVEL>
　　　　　　<BOLD>1</BOLD>
　　　　　　<科目>基金餘額</科目>
　　　　　　<金額>48268091336.00</金額>
　　　　　　<百分比>96.8</百分比>
　　　　</ROW>
　　　　<ROW>
　　　　　　<SEQNO>28</SEQNO>
　　　　　　<LEVEL>2</LEVEL>
　　　　　　<BOLD>1</BOLD>
　　　　　　<科目>基金餘額</科目>
　　　　　　<金額>48268091336.00</金額>
　　　　　　<百分比>96.8</百分比>
　　　　</ROW>
　　　　<ROW>
　　　　　　<SEQNO>29</SEQNO>
　　　　　　<LEVEL>3</LEVEL>
　　　　　　<BOLD>0</BOLD>
　　　　　　<科目>基金餘額</科目>
　　　　　　<金額>48268091336.00</金額>
　　　　　　<百分比>96.8</百分比>
　　　　</ROW>
　　　　<ROW>
　　　　　　<SEQNO>30</SEQNO>
　　　　　　<LEVEL>1</LEVEL>
　　　　　　<BOLD>1</BOLD>
　　　　　　<科目>合計</科目>
　　　　　　<金額>49873724932.00</金額>
　　　　　　<百分比>100.0</百分比>
　　　　</ROW>
　　　　<COMM>1.信託代理與保證資產(負債)1,959,026,478元。 
2.因擔保、保證或契約可能造成未來會計年度支出事項(包括或有負債)1,142,666,000元。 
3.或有資產172,036,000元。</COMM>
　　</DataSet>
</GenericData>

