<?xml version="1.0" encoding="UTF-8"?>
<tables>
    <BCTDBUDGETDETAIL>
        <BCTDBUDGETDETAIL_row>
            <ba_fiscalyear>105</ba_fiscalyear>
            <ba_fundkind>1</ba_fundkind>
            <ba_budgetkind>1</ba_budgetkind>
            <ba_specialbudgetno/>
            <ba_agenno>23017056</ba_agenno>
            <ba_agentype>C</ba_agentype>
            <ba_budgetstate>1</ba_budgetstate>
            <ba_versiondate/>
            <ba_budgetyear>105</ba_budgetyear>
            <ba_budgetno>35230174100</ba_budgetno>
            <ba_subprojectno>01</ba_subprojectno>
            <ba_departno>01</ba_departno>
            <ba_objectno>0103</ba_objectno>
            <ba_budgettype>E</ba_budgettype>
            <ba_budgetsource>1</ba_budgetsource>
            <ba_mergetype>1</ba_mergetype>
            <ba_budgetamt>5645000.00</ba_budgetamt>
            <ba_flowflag/>
            <ba_signflag/>
            <ba_signno/>
            <ba_key>11  </ba_key>
        </BCTDBUDGETDETAIL_row>
        <BCTDBUDGETDETAIL_row>
            <ba_fiscalyear>105</ba_fiscalyear>
            <ba_fundkind>1</ba_fundkind>
            <ba_budgetkind>1</ba_budgetkind>
            <ba_specialbudgetno/>
            <ba_agenno>23017056</ba_agenno>
            <ba_agentype>C</ba_agentype>
            <ba_budgetstate>1</ba_budgetstate>
            <ba_versiondate/>
            <ba_budgetyear>105</ba_budgetyear>
            <ba_budgetno>35230174100</ba_budgetno>
            <ba_subprojectno>01</ba_subprojectno>
            <ba_departno>01</ba_departno>
            <ba_objectno>0105</ba_objectno>
            <ba_budgettype>E</ba_budgettype>
            <ba_budgetsource>1</ba_budgetsource>
            <ba_mergetype>1</ba_mergetype>
            <ba_budgetamt>870000.00</ba_budgetamt>
            <ba_flowflag/>
            <ba_signflag/>
            <ba_signno/>
            <ba_key>11  </ba_key>
        </BCTDBUDGETDETAIL_row>
        <BCTDBUDGETDETAIL_row>
            <ba_fiscalyear>105</ba_fiscalyear>
            <ba_fundkind>1</ba_fundkind>
            <ba_budgetkind>1</ba_budgetkind>
            <ba_specialbudgetno/>
            <ba_agenno>23017056</ba_agenno>
            <ba_agentype>C</ba_agentype>
            <ba_budgetstate>1</ba_budgetstate>
            <ba_versiondate/>
            <ba_budgetyear>105</ba_budgetyear>
            <ba_budgetno>35230174100</ba_budgetno>
            <ba_subprojectno>01</ba_subprojectno>
            <ba_departno>01</ba_departno>
            <ba_objectno>0111</ba_objectno>
            <ba_budgettype>E</ba_budgettype>
            <ba_budgetsource>1</ba_budgetsource>
            <ba_mergetype>1</ba_mergetype>
            <ba_budgetamt>1420000.00</ba_budgetamt>
            <ba_flowflag/>
            <ba_signflag/>
            <ba_signno/>
            <ba_key>11  </ba_key>
        </BCTDBUDGETDETAIL_row>
        <BCTDBUDGETDETAIL_row>
            <ba_fiscalyear>105</ba_fiscalyear>
            <ba_fundkind>1</ba_fundkind>
            <ba_budgetkind>1</ba_budgetkind>
            <ba_specialbudgetno/>
            <ba_agenno>23017056</ba_agenno>
            <ba_agentype>C</ba_agentype>
            <ba_budgetstate>1</ba_budgetstate>
            <ba_versiondate/>
            <ba_budgetyear>105</ba_budgetyear>
            <ba_budgetno>35230174100</ba_budgetno>
            <ba_subprojectno>01</ba_subprojectno>
            <ba_departno>01</ba_departno>
            <ba_objectno>0121</ba_objectno>
            <ba_budgettype>E</ba_budgettype>
            <ba_budgetsource>1</ba_budgetsource>
            <ba_mergetype>1</ba_mergetype>
            <ba_budgetamt>100000.00</ba_budgetamt>
            <ba_flowflag/>
            <ba_signflag/>
            <ba_signno/>
            <ba_key>11  </ba_key>
        </BCTDBUDGETDETAIL_row>
        <BCTDBUDGETDETAIL_row>
            <ba_fiscalyear>105</ba_fiscalyear>
            <ba_fundkind>1</ba_fundkind>
            <ba_budgetkind>1</ba_budgetkind>
            <ba_specialbudgetno/>
            <ba_agenno>23017056</ba_agenno>
            <ba_agentype>C</ba_agentype>
            <ba_budgetstate>1</ba_budgetstate>
            <ba_versiondate/>
            <ba_budgetyear>105</ba_budgetyear>
            <ba_budgetno>35230174100</ba_budgetno>
            <ba_subprojectno>01</ba_subprojectno>
            <ba_departno>01</ba_departno>
            <ba_objectno>0131</ba_objectno>
            <ba_budgettype>E</ba_budgettype>
            <ba_budgetsource>1</ba_budgetsource>
            <ba_mergetype>1</ba_mergetype>
            <ba_budgetamt>742000.00</ba_budgetamt>
            <ba_flowflag/>
            <ba_signflag/>
            <ba_signno/>
            <ba_key>11  </ba_key>
        </BCTDBUDGETDETAIL_row>
        <BCTDBUDGETDETAIL_row>
            <ba_fiscalyear>105</ba_fiscalyear>
            <ba_fundkind>1</ba_fundkind>
            <ba_budgetkind>1</ba_budgetkind>
            <ba_specialbudgetno/>
            <ba_agenno>23017056</ba_agenno>
            <ba_agentype>C</ba_agentype>
            <ba_budgetstate>1</ba_budgetstate>
            <ba_versiondate/>
            <ba_budgetyear>105</ba_budgetyear>
            <ba_budgetno>35230174100</ba_budgetno>
            <ba_subprojectno>01</ba_subprojectno>
            <ba_departno>01</ba_departno>
            <ba_objectno>0143</ba_objectno>
            <ba_budgettype>E</ba_budgettype>
            <ba_budgetsource>1</ba_budgetsource>
            <ba_mergetype>1</ba_mergetype>
            <ba_budgetamt>1252000.00</ba_budgetamt>
            <ba_flowflag/>
            <ba_signflag/>
            <ba_signno/>
            <ba_key>11  </ba_key>
        </BCTDBUDGETDETAIL_row>
        <BCTDBUDGETDETAIL_row>
            <ba_fiscalyear>105</ba_fiscalyear>
            <ba_fundkind>1</ba_fundkind>
            <ba_budgetkind>1</ba_budgetkind>
            <ba_specialbudgetno/>
            <ba_agenno>23017056</ba_agenno>
            <ba_agentype>C</ba_agentype>
            <ba_budgetstate>1</ba_budgetstate>
            <ba_versiondate/>
            <ba_budgetyear>105</ba_budgetyear>
            <ba_budgetno>35230174100</ba_budgetno>
            <ba_subprojectno>01</ba_subprojectno>
            <ba_departno>01</ba_departno>
            <ba_objectno>0151</ba_objectno>
            <ba_budgettype>E</ba_budgettype>
            <ba_budgetsource>1</ba_budgetsource>
            <ba_mergetype>1</ba_mergetype>
            <ba_budgetamt>618000.00</ba_budgetamt>
            <ba_flowflag/>
            <ba_signflag/>
            <ba_signno/>
            <ba_key>11  </ba_key>
        </BCTDBUDGETDETAIL_row>
        <BCTDBUDGETDETAIL_row>
            <ba_fiscalyear>105</ba_fiscalyear>
            <ba_fundkind>1</ba_fundkind>
            <ba_budgetkind>1</ba_budgetkind>
            <ba_specialbudgetno/>
            <ba_agenno>23017056</ba_agenno>
            <ba_agentype>C</ba_agentype>
            <ba_budgetstate>1</ba_budgetstate>
            <ba_versiondate/>
            <ba_budgetyear>105</ba_budgetyear>
            <ba_budgetno>35230174100</ba_budgetno>
            <ba_subprojectno>02</ba_subprojectno>
            <ba_departno>01</ba_departno>
            <ba_objectno>0201</ba_objectno>
            <ba_budgettype>E</ba_budgettype>
            <ba_budgetsource>1</ba_budgetsource>
            <ba_mergetype>1</ba_mergetype>
            <ba_budgetamt>9000.00</ba_budgetamt>
            <ba_flowflag/>
            <ba_signflag/>
            <ba_signno/>
            <ba_key>11  </ba_key>
        </BCTDBUDGETDETAIL_row>
        <BCTDBUDGETDETAIL_row>
            <ba_fiscalyear>105</ba_fiscalyear>
            <ba_fundkind>1</ba_fundkind>
            <ba_budgetkind>1</ba_budgetkind>
            <ba_specialbudgetno/>
            <ba_agenno>23017056</ba_agenno>
            <ba_agentype>C</ba_agentype>
            <ba_budgetstate>1</ba_budgetstate>
            <ba_versiondate/>
            <ba_budgetyear>105</ba_budgetyear>
            <ba_budgetno>35230174100</ba_budgetno>
            <ba_subprojectno>02</ba_subprojectno>
            <ba_departno>01</ba_departno>
            <ba_objectno>0202</ba_objectno>
            <ba_budgettype>E</ba_budgettype>
            <ba_budgetsource>1</ba_budgetsource>
            <ba_mergetype>1</ba_mergetype>
            <ba_budgetamt>371000.00</ba_budgetamt>
            <ba_flowflag/>
            <ba_signflag/>
            <ba_signno/>
            <ba_key>11  </ba_key>
        </BCTDBUDGETDETAIL_row>
        <BCTDBUDGETDETAIL_row>
            <ba_fiscalyear>105</ba_fiscalyear>
            <ba_fundkind>1</ba_fundkind>
            <ba_budgetkind>1</ba_budgetkind>
            <ba_specialbudgetno/>
            <ba_agenno>23017056</ba_agenno>
            <ba_agentype>C</ba_agentype>
            <ba_budgetstate>1</ba_budgetstate>
            <ba_versiondate/>
            <ba_budgetyear>105</ba_budgetyear>
            <ba_budgetno>35230174100</ba_budgetno>
            <ba_subprojectno>02</ba_subprojectno>
            <ba_departno>01</ba_departno>
            <ba_objectno>0203</ba_objectno>
            <ba_budgettype>E</ba_budgettype>
            <ba_budgetsource>1</ba_budgetsource>
            <ba_mergetype>1</ba_mergetype>
            <ba_budgetamt>20000.00</ba_budgetamt>
            <ba_flowflag/>
            <ba_signflag/>
            <ba_signno/>
            <ba_key>11  </ba_key>
        </BCTDBUDGETDETAIL_row>
        <BCTDBUDGETDETAIL_row>
            <ba_fiscalyear>105</ba_fiscalyear>
            <ba_fundkind>1</ba_fundkind>
            <ba_budgetkind>1</ba_budgetkind>
            <ba_specialbudgetno/>
            <ba_agenno>23017056</ba_agenno>
            <ba_agentype>C</ba_agentype>
            <ba_budgetstate>1</ba_budgetstate>
            <ba_versiondate/>
            <ba_budgetyear>105</ba_budgetyear>
            <ba_budgetno>35230174100</ba_budgetno>
            <ba_subprojectno>02</ba_subprojectno>
            <ba_departno>01</ba_departno>
            <ba_objectno>0215</ba_objectno>
            <ba_budgettype>E</ba_budgettype>
            <ba_budgetsource>1</ba_budgetsource>
            <ba_mergetype>1</ba_mergetype>
            <ba_budgetamt>18000.00</ba_budgetamt>
            <ba_flowflag/>
            <ba_signflag/>
            <ba_signno/>
            <ba_key>11  </ba_key>
        </BCTDBUDGETDETAIL_row>
        <BCTDBUDGETDETAIL_row>
            <ba_fiscalyear>105</ba_fiscalyear>
            <ba_fundkind>1</ba_fundkind>
            <ba_budgetkind>1</ba_budgetkind>
            <ba_specialbudgetno/>
            <ba_agenno>23017056</ba_agenno>
            <ba_agentype>C</ba_agentype>
            <ba_budgetstate>1</ba_budgetstate>
            <ba_versiondate/>
            <ba_budgetyear>105</ba_budgetyear>
            <ba_budgetno>35230174100</ba_budgetno>
            <ba_subprojectno>02</ba_subprojectno>
            <ba_departno>01</ba_departno>
            <ba_objectno>0241</ba_objectno>
            <ba_budgettype>E</ba_budgettype>
            <ba_budgetsource>1</ba_budgetsource>
            <ba_mergetype>1</ba_mergetype>
            <ba_budgetamt>36000.00</ba_budgetamt>
            <ba_flowflag/>
            <ba_signflag/>
            <ba_signno/>
            <ba_key>11  </ba_key>
        </BCTDBUDGETDETAIL_row>
        <BCTDBUDGETDETAIL_row>
            <ba_fiscalyear>105</ba_fiscalyear>
            <ba_fundkind>1</ba_fundkind>
            <ba_budgetkind>1</ba_budgetkind>
            <ba_specialbudgetno/>
            <ba_agenno>23017056</ba_agenno>
            <ba_agentype>C</ba_agentype>
            <ba_budgetstate>1</ba_budgetstate>
            <ba_versiondate/>
            <ba_budgetyear>105</ba_budgetyear>
            <ba_budgetno>35230174100</ba_budgetno>
            <ba_subprojectno>02</ba_subprojectno>
            <ba_departno>01</ba_departno>
            <ba_objectno>0271</ba_objectno>
            <ba_budgettype>E</ba_budgettype>
            <ba_budgetsource>1</ba_budgetsource>
            <ba_mergetype>1</ba_mergetype>
            <ba_budgetamt>219000.00</ba_budgetamt>
            <ba_flowflag/>
            <ba_signflag/>
            <ba_signno/>
            <ba_key>11  </ba_key>
        </BCTDBUDGETDETAIL_row>
        <BCTDBUDGETDETAIL_row>
            <ba_fiscalyear>105</ba_fiscalyear>
            <ba_fundkind>1</ba_fundkind>
            <ba_budgetkind>1</ba_budgetkind>
            <ba_specialbudgetno/>
            <ba_agenno>23017056</ba_agenno>
            <ba_agentype>C</ba_agentype>
            <ba_budgetstate>1</ba_budgetstate>
            <ba_versiondate/>
            <ba_budgetyear>105</ba_budgetyear>
            <ba_budgetno>35230174100</ba_budgetno>
            <ba_subprojectno>02</ba_subprojectno>
            <ba_departno>01</ba_departno>
            <ba_objectno>0279</ba_objectno>
            <ba_budgettype>E</ba_budgettype>
            <ba_budgetsource>1</ba_budgetsource>
            <ba_mergetype>1</ba_mergetype>
            <ba_budgetamt>267000.00</ba_budgetamt>
            <ba_flowflag/>
            <ba_signflag/>
            <ba_signno/>
            <ba_key>11  </ba_key>
        </BCTDBUDGETDETAIL_row>
        <BCTDBUDGETDETAIL_row>
            <ba_fiscalyear>105</ba_fiscalyear>
            <ba_fundkind>1</ba_fundkind>
            <ba_budgetkind>1</ba_budgetkind>
            <ba_specialbudgetno/>
            <ba_agenno>23017056</ba_agenno>
            <ba_agentype>C</ba_agentype>
            <ba_budgetstate>1</ba_budgetstate>
            <ba_versiondate/>
            <ba_budgetyear>105</ba_budgetyear>
            <ba_budgetno>35230174100</ba_budgetno>
            <ba_subprojectno>02</ba_subprojectno>
            <ba_departno>01</ba_departno>
            <ba_objectno>0282</ba_objectno>
            <ba_budgettype>E</ba_budgettype>
            <ba_budgetsource>1</ba_budgetsource>
            <ba_mergetype>1</ba_mergetype>
            <ba_budgetamt>33000.00</ba_budgetamt>
            <ba_flowflag/>
            <ba_signflag/>
            <ba_signno/>
            <ba_key>11  </ba_key>
        </BCTDBUDGETDETAIL_row>
        <BCTDBUDGETDETAIL_row>
            <ba_fiscalyear>105</ba_fiscalyear>
            <ba_fundkind>1</ba_fundkind>
            <ba_budgetkind>1</ba_budgetkind>
            <ba_specialbudgetno/>
            <ba_agenno>23017056</ba_agenno>
            <ba_agentype>C</ba_agentype>
            <ba_budgetstate>1</ba_budgetstate>
            <ba_versiondate/>
            <ba_budgetyear>105</ba_budgetyear>
            <ba_budgetno>35230174100</ba_budgetno>
            <ba_subprojectno>02</ba_subprojectno>
            <ba_departno>01</ba_departno>
            <ba_objectno>0283</ba_objectno>
            <ba_budgettype>E</ba_budgettype>
            <ba_budgetsource>1</ba_budgetsource>
            <ba_mergetype>1</ba_mergetype>
            <ba_budgetamt>10000.00</ba_budgetamt>
            <ba_flowflag/>
            <ba_signflag/>
            <ba_signno/>
            <ba_key>11  </ba_key>
        </BCTDBUDGETDETAIL_row>
        <BCTDBUDGETDETAIL_row>
            <ba_fiscalyear>105</ba_fiscalyear>
            <ba_fundkind>1</ba_fundkind>
            <ba_budgetkind>1</ba_budgetkind>
            <ba_specialbudgetno/>
            <ba_agenno>23017056</ba_agenno>
            <ba_agentype>C</ba_agentype>
            <ba_budgetstate>1</ba_budgetstate>
            <ba_versiondate/>
            <ba_budgetyear>105</ba_budgetyear>
            <ba_budgetno>35230174100</ba_budgetno>
            <ba_subprojectno>02</ba_subprojectno>
            <ba_departno>01</ba_departno>
            <ba_objectno>0284</ba_objectno>
            <ba_budgettype>E</ba_budgettype>
            <ba_budgetsource>1</ba_budgetsource>
            <ba_mergetype>1</ba_mergetype>
            <ba_budgetamt>120000.00</ba_budgetamt>
            <ba_flowflag/>
            <ba_signflag/>
            <ba_signno/>
            <ba_key>11  </ba_key>
        </BCTDBUDGETDETAIL_row>
        <BCTDBUDGETDETAIL_row>
            <ba_fiscalyear>105</ba_fiscalyear>
            <ba_fundkind>1</ba_fundkind>
            <ba_budgetkind>1</ba_budgetkind>
            <ba_specialbudgetno/>
            <ba_agenno>23017056</ba_agenno>
            <ba_agentype>C</ba_agentype>
            <ba_budgetstate>1</ba_budgetstate>
            <ba_versiondate/>
            <ba_budgetyear>105</ba_budgetyear>
            <ba_budgetno>35230174100</ba_budgetno>
            <ba_subprojectno>02</ba_subprojectno>
            <ba_departno>01</ba_departno>
            <ba_objectno>0291</ba_objectno>
            <ba_budgettype>E</ba_budgettype>
            <ba_budgetsource>1</ba_budgetsource>
            <ba_mergetype>1</ba_mergetype>
            <ba_budgetamt>15000.00</ba_budgetamt>
            <ba_flowflag/>
            <ba_signflag/>
            <ba_signno/>
            <ba_key>11  </ba_key>
        </BCTDBUDGETDETAIL_row>
        <BCTDBUDGETDETAIL_row>
            <ba_fiscalyear>105</ba_fiscalyear>
            <ba_fundkind>1</ba_fundkind>
            <ba_budgetkind>1</ba_budgetkind>
            <ba_specialbudgetno/>
            <ba_agenno>23017056</ba_agenno>
            <ba_agentype>C</ba_agentype>
            <ba_budgetstate>1</ba_budgetstate>
            <ba_versiondate/>
            <ba_budgetyear>105</ba_budgetyear>
            <ba_budgetno>35230174100</ba_budgetno>
            <ba_subprojectno>02</ba_subprojectno>
            <ba_departno>01</ba_departno>
            <ba_objectno>0294</ba_objectno>
            <ba_budgettype>E</ba_budgettype>
            <ba_budgetsource>1</ba_budgetsource>
            <ba_mergetype>1</ba_mergetype>
            <ba_budgetamt>5000.00</ba_budgetamt>
            <ba_flowflag/>
            <ba_signflag/>
            <ba_signno/>
            <ba_key>11  </ba_key>
        </BCTDBUDGETDETAIL_row>
        <BCTDBUDGETDETAIL_row>
            <ba_fiscalyear>105</ba_fiscalyear>
            <ba_fundkind>1</ba_fundkind>
            <ba_budgetkind>1</ba_budgetkind>
            <ba_specialbudgetno/>
            <ba_agenno>23017056</ba_agenno>
            <ba_agentype>C</ba_agentype>
            <ba_budgetstate>1</ba_budgetstate>
            <ba_versiondate/>
            <ba_budgetyear>105</ba_budgetyear>
            <ba_budgetno>35230174100</ba_budgetno>
            <ba_subprojectno>02</ba_subprojectno>
            <ba_departno>01</ba_departno>
            <ba_objectno>0475</ba_objectno>
            <ba_budgettype>E</ba_budgettype>
            <ba_budgetsource>1</ba_budgetsource>
            <ba_mergetype>1</ba_mergetype>
            <ba_budgetamt>18000.00</ba_budgetamt>
            <ba_flowflag/>
            <ba_signflag/>
            <ba_signno/>
            <ba_key>11  </ba_key>
        </BCTDBUDGETDETAIL_row>
        <BCTDBUDGETDETAIL_row>
            <ba_fiscalyear>105</ba_fiscalyear>
            <ba_fundkind>1</ba_fundkind>
            <ba_budgetkind>1</ba_budgetkind>
            <ba_specialbudgetno/>
            <ba_agenno>23017056</ba_agenno>
            <ba_agentype>C</ba_agentype>
            <ba_budgetstate>1</ba_budgetstate>
            <ba_versiondate/>
            <ba_budgetyear>105</ba_budgetyear>
            <ba_budgetno>35230174100</ba_budgetno>
            <ba_subprojectno>05</ba_subprojectno>
            <ba_departno>04</ba_departno>
            <ba_objectno>0250</ba_objectno>
            <ba_budgettype>E</ba_budgettype>
            <ba_budgetsource>1</ba_budgetsource>
            <ba_mergetype>1</ba_mergetype>
            <ba_budgetamt>20000.00</ba_budgetamt>
            <ba_flowflag/>
            <ba_signflag/>
            <ba_signno/>
            <ba_key>11  </ba_key>
        </BCTDBUDGETDETAIL_row>
        <BCTDBUDGETDETAIL_row>
            <ba_fiscalyear>105</ba_fiscalyear>
            <ba_fundkind>1</ba_fundkind>
            <ba_budgetkind>1</ba_budgetkind>
            <ba_specialbudgetno/>
            <ba_agenno>23017056</ba_agenno>
            <ba_agentype>C</ba_agentype>
            <ba_budgetstate>1</ba_budgetstate>
            <ba_versiondate/>
            <ba_budgetyear>105</ba_budgetyear>
            <ba_budgetno>35230174100</ba_budgetno>
            <ba_subprojectno>05</ba_subprojectno>
            <ba_departno>04</ba_departno>
            <ba_objectno>0271</ba_objectno>
            <ba_budgettype>E</ba_budgettype>
            <ba_budgetsource>1</ba_budgetsource>
            <ba_mergetype>1</ba_mergetype>
            <ba_budgetamt>9000.00</ba_budgetamt>
            <ba_flowflag/>
            <ba_signflag/>
            <ba_signno/>
            <ba_key>11  </ba_key>
        </BCTDBUDGETDETAIL_row>
        <BCTDBUDGETDETAIL_row>
            <ba_fiscalyear>105</ba_fiscalyear>
            <ba_fundkind>1</ba_fundkind>
            <ba_budgetkind>1</ba_budgetkind>
            <ba_specialbudgetno/>
            <ba_agenno>23017056</ba_agenno>
            <ba_agentype>C</ba_agentype>
            <ba_budgetstate>1</ba_budgetstate>
            <ba_versiondate/>
            <ba_budgetyear>105</ba_budgetyear>
            <ba_budgetno>35230174100</ba_budgetno>
            <ba_subprojectno>05</ba_subprojectno>
            <ba_departno>04</ba_departno>
            <ba_objectno>0279</ba_objectno>
            <ba_budgettype>E</ba_budgettype>
            <ba_budgetsource>1</ba_budgetsource>
            <ba_mergetype>1</ba_mergetype>
            <ba_budgetamt>267000.00</ba_budgetamt>
            <ba_flowflag/>
            <ba_signflag/>
            <ba_signno/>
            <ba_key>11  </ba_key>
        </BCTDBUDGETDETAIL_row>
        <BCTDBUDGETDETAIL_row>
            <ba_fiscalyear>105</ba_fiscalyear>
            <ba_fundkind>1</ba_fundkind>
            <ba_budgetkind>1</ba_budgetkind>
            <ba_specialbudgetno/>
            <ba_agenno>23017056</ba_agenno>
            <ba_agentype>C</ba_agentype>
            <ba_budgetstate>1</ba_budgetstate>
            <ba_versiondate/>
            <ba_budgetyear>105</ba_budgetyear>
            <ba_budgetno>35230174100</ba_budgetno>
            <ba_subprojectno>05</ba_subprojectno>
            <ba_departno>04</ba_departno>
            <ba_objectno>0291</ba_objectno>
            <ba_budgettype>E</ba_budgettype>
            <ba_budgetsource>1</ba_budgetsource>
            <ba_mergetype>1</ba_mergetype>
            <ba_budgetamt>30000.00</ba_budgetamt>
            <ba_flowflag/>
            <ba_signflag/>
            <ba_signno/>
            <ba_key>11  </ba_key>
        </BCTDBUDGETDETAIL_row>
    </BCTDBUDGETDETAIL>
    <BCTDMEMO>
        <BCTDMEMO_row>
            <bc_fiscalyear>105</bc_fiscalyear>
            <bc_fundkind>1</bc_fundkind>
            <bc_budgetkind>1</bc_budgetkind>
            <bc_specialbudgetno/>
            <bc_agenno>23017056</bc_agenno>
            <bc_agentype>C</bc_agentype>
            <bc_budgetstate>1</bc_budgetstate>
            <bc_reportno>BCME3440</bc_reportno>
            <bc_key>3523017410001xxxxxx01xxxxxxxE1x0</bc_key>
            <bc_versiondate/>
            <bc_content>本計畫本年度編列人事費10,647千元，其內容如下：&lt;#H1&gt;法定編制人員待遇5,645千元，係職員10人之薪俸、加給等。&lt;#H1&gt;技工及工友待遇870千元，係工友2人之工餉、加給等。&lt;#H1&gt;獎金1,420千元，係考績獎金、年終工作獎金等。&lt;#H1&gt;其他給與100千元，係休假補助。&lt;#H1&gt;加班值班費742千元，係加、值班費及不休假加班費。&lt;#H1&gt;退休離職儲金1,252千元，係現職人員依法應提撥之退休、離職儲金等。&lt;#H1&gt;保險618千元，係現職人員依法應提撥之公、勞、健保費等。			&#xd;
</bc_content>
        </BCTDMEMO_row>
        <BCTDMEMO_row>
            <bc_fiscalyear>105</bc_fiscalyear>
            <bc_fundkind>1</bc_fundkind>
            <bc_budgetkind>1</bc_budgetkind>
            <bc_specialbudgetno/>
            <bc_agenno>23017056</bc_agenno>
            <bc_agentype>C</bc_agentype>
            <bc_budgetstate>1</bc_budgetstate>
            <bc_reportno>BCME3440</bc_reportno>
            <bc_key>3523017410002xxxxxx01xxxxxxxE1x0</bc_key>
            <bc_versiondate/>
            <bc_content>本計畫本年度編列1,141千元，其內容如下：&lt;#H1&gt;業務費1,123千元，包括：&lt;#H2&gt;教育訓練費9千元，係員工訓練所需教材 、膳宿、交通等經費。&lt;#H2&gt;水電費371千元。&lt;#H2&gt;通訊費20千元，係郵資、電話及數據通訊費等。&lt;#H2&gt;資訊服務費18千元，係資訊設備之保養 、維修及操作等服務費。&lt;#H2&gt;兼職費36千元，係兼任看守所所長之兼職費。&lt;#H2&gt;物品219千元，包括：&lt;#H3&gt;資訊耗材等經費45千元。&lt;#H3&gt;一般行政業務所需文具紙張等消耗品120千元。&lt;#H3&gt;非消耗性辦公用具購置經費54千元。&lt;#H2&gt;一般事務費267千元，包括：&lt;#H3&gt;文康活動費24千元，係按員工12人，每人每年2,000元計列。&lt;#H3&gt;行政管理事務費79千元。&lt;#H3&gt;員工健康檢查補助費14千元，係按職員4人，每人每年3,500元計列。&lt;#H3&gt;環境清潔及雜支等經費150千元。&lt;#H2&gt;房屋建築養護費33千元。&lt;#H2&gt;車輛及辦公器具養護費10千元，係辦公器具養護費，係按職員10人，每人每年1,048元計列。&lt;#H2&gt;設施及機械設備養護費120千元，包括：&lt;#H3&gt;發電機、電氣系統及消防設備等養護費30千元。&lt;#H3&gt;高壓斷電感應系統及污水處理場養護費30千元。&lt;#H3&gt;監視設備及安全系統等養護費30千元。&lt;#H3&gt;辦公及其他設備養護費30千元。&lt;#H2&gt;國內旅費15千元，係處理一般公務或特定工作計畫於國內地區所需之差旅費。&lt;#H2&gt;運費5千元。&lt;#H1&gt;獎補助費18千元，係退休退職人員三節慰問金，按每人每年6,000元計列。</bc_content>
        </BCTDMEMO_row>
        <BCTDMEMO_row>
            <bc_fiscalyear>105</bc_fiscalyear>
            <bc_fundkind>1</bc_fundkind>
            <bc_budgetkind>1</bc_budgetkind>
            <bc_specialbudgetno/>
            <bc_agenno>23017056</bc_agenno>
            <bc_agentype>C</bc_agentype>
            <bc_budgetstate>1</bc_budgetstate>
            <bc_reportno>BCME3440</bc_reportno>
            <bc_key>3523017410003xxxxxx04xxxxxxxE1x0</bc_key>
            <bc_versiondate/>
            <bc_content>本計畫本年度編列439千元，其內容如下：&lt;#H1&gt;業務費336千元，包括：&lt;#H2&gt;按日按件計資酬金20千元，係聘請講師演講或教授教化課程之鐘點費。&lt;#H2&gt;物品10千元，係尿液檢驗試劑等材料費，係按每人每年篩檢4次，每次200元計列。&lt;#H2&gt;一般事務費276千元，包括：&lt;#H3&gt;戒護人員制服費及收容人服裝費81千元。&lt;#H3&gt;戒護人員常年教育訓練經費5千元。&lt;#H3&gt;警衛管理及戒護業務經費190千元。&lt;#H2&gt;國內旅費30千元，係解送收容人等差旅費。&lt;#H1&gt;設備及投資103千元，包括：&lt;#H2&gt;戒護、消防安全及接見等設備費36千元。&lt;#H2&gt;零星設備費67千元。</bc_content>
        </BCTDMEMO_row>
        <BCTDMEMO_row>
            <bc_fiscalyear>105</bc_fiscalyear>
            <bc_fundkind>1</bc_fundkind>
            <bc_budgetkind>1</bc_budgetkind>
            <bc_specialbudgetno/>
            <bc_agenno>23017056</bc_agenno>
            <bc_agentype>C</bc_agentype>
            <bc_budgetstate>1</bc_budgetstate>
            <bc_reportno>BCME3440</bc_reportno>
            <bc_key>3523017410005xxxxxx04xxxxxxxE1x0</bc_key>
            <bc_versiondate/>
            <bc_content>本計畫本年度編列業務費326千元，其內容如下：&lt;#H1&gt;按日按件計資酬金20千元，係聘請講師演講或教授教化課程之鐘點費。&lt;#H1&gt;物品9千元，係尿液檢驗及試劑材料等經費，係按每人每年篩檢4次，每次200元計列。&lt;#H1&gt;一般事務費267千元，包括：&lt;#H2&gt;戒護人員服制費及收容人服裝費72千元。&lt;#H2&gt;戒護人員常年教育訓練經費5千元。&lt;#H2&gt;警衛管理及戒護業務經費190千元。&lt;#H1&gt;國內旅費30千元，係解送收容人等差旅費。</bc_content>
        </BCTDMEMO_row>
        <BCTDMEMO_row>
            <bc_fiscalyear>105</bc_fiscalyear>
            <bc_fundkind>1</bc_fundkind>
            <bc_budgetkind>1</bc_budgetkind>
            <bc_specialbudgetno/>
            <bc_agenno>23017056</bc_agenno>
            <bc_agentype>C</bc_agentype>
            <bc_budgetstate>1</bc_budgetstate>
            <bc_reportno>BCME3440</bc_reportno>
            <bc_key>35230174100xE1x1</bc_key>
            <bc_versiondate/>
            <bc_content>&lt;#H1&gt;辦理矯正機關基本行政管理及人員訓練等業務。&lt;#H1&gt;辦理矯正機關收容人教化、調查分類、戒護安全、技能訓練、作業及衛生醫療等業務。</bc_content>
        </BCTDMEMO_row>
        <BCTDMEMO_row>
            <bc_fiscalyear>105</bc_fiscalyear>
            <bc_fundkind>1</bc_fundkind>
            <bc_budgetkind>1</bc_budgetkind>
            <bc_specialbudgetno/>
            <bc_agenno>23017056</bc_agenno>
            <bc_agentype>C</bc_agentype>
            <bc_budgetstate>1</bc_budgetstate>
            <bc_reportno>BCME3440</bc_reportno>
            <bc_key>35230174100xE1x2</bc_key>
            <bc_versiondate/>
            <bc_content>&lt;#H1&gt;依施政計畫預定進度，按期實施完成，提高工作效率。&lt;#H1&gt;培養收容人之勤勞習慣，訓練一技之長，俾利復歸社會。&lt;#H1&gt;穩定囚情，防止戒護事故發生，維護機關安全。&lt;#H1&gt;維護收容人身體健康，強化衛生習慣，防止傳染病發生。&lt;#H1&gt;強化教化功能，落實教誨教育工作，培養收容人正確價值觀念。</bc_content>
        </BCTDMEMO_row>
    </BCTDMEMO>
</tables>
