<?xml version="1.0" encoding="UTF-8"?>
<tables>
    <BCTDMANAMT>
        <BCTDMANAMT_row>
            <bn_fiscalyear>106</bn_fiscalyear>
            <bn_fundkind>1</bn_fundkind>
            <bn_budgetkind>1</bn_budgetkind>
            <bn_specialbudgetno/>
            <bn_agenno>23017049</bn_agenno>
            <bn_agentype>C</bn_agentype>
            <bn_budgetstate>1</bn_budgetstate>
            <bn_budgetsource>1</bn_budgetsource>
            <bn_man1>12</bn_man1>
            <bn_man1_l>13</bn_man1_l>
            <bn_man2>0</bn_man2>
            <bn_man2_l>0</bn_man2_l>
            <bn_man3>0</bn_man3>
            <bn_man3_l>0</bn_man3_l>
            <bn_man4>1</bn_man4>
            <bn_man4_l>1</bn_man4_l>
            <bn_man5>0</bn_man5>
            <bn_man5_l>0</bn_man5_l>
            <bn_man6>1</bn_man6>
            <bn_man6_l>0</bn_man6_l>
            <bn_man7>0</bn_man7>
            <bn_man7_l>0</bn_man7_l>
            <bn_man8>0</bn_man8>
            <bn_man8_l>0</bn_man8_l>
            <bn_man9>1</bn_man9>
            <bn_man9_l>1</bn_man9_l>
            <bn_man10>0</bn_man10>
            <bn_man10_l>0</bn_man10_l>
            <bn_man11>0</bn_man11>
            <bn_man11_l>0</bn_man11_l>
            <bn_amt_man>11628000.00</bn_amt_man>
            <bn_amt_mngbsn>12918000.00</bn_amt_mngbsn>
            <bn_text>本年度預算員額15人，與上年度相同，係：&#xd;
&amp;lt;#H1&amp;gt;配合臺南第二監獄業務需要移出職員1人。&#xd;
&amp;lt;#H1&amp;gt;配合業務需要由臺南第二監獄移入約僱人員1人。</bn_text>
            <display_name>35230174100 矯正業務</display_name>
        </BCTDMANAMT_row>
    </BCTDMANAMT>
</tables>
