<?xml version="1.0" encoding="UTF-8"?>
<tables>
    <BCTMCAR>
        <BCTMCAR_row>
            <bq_fiscalyear>104</bq_fiscalyear>
            <bq_fundkind>1</bq_fundkind>
            <bq_budgetkind>1</bq_budgetkind>
            <bq_specialbudgetno/>
            <bq_agenno>23017060</bq_agenno>
            <bq_agentype>C</bq_agentype>
            <bq_budgetstate>2</bq_budgetstate>
            <bq_budgetno>35230174100</bq_budgetno>
            <bq_objectno>07351800</bq_objectno>
            <bq_carid>0992-QS</bq_carid>
            <bq_persons>6</bq_persons>
            <bq_buydate>10004</bq_buydate>
            <bq_ventsize>2488</bq_ventsize>
            <bq_oilamt>1416</bq_oilamt>
            <bq_oilprice>24.57</bq_oilprice>
            <bq_amt_maintain>34000.00</bq_amt_maintain>
            <bq_amt5>2080.00</bq_amt5>
            <bq_carnum>1</bq_carnum>
            <bq_remark/>
            <bq_lpgamt>0</bq_lpgamt>
            <bq_lpgprice>0.00</bq_lpgprice>
            <bq_versiondate/>
        </BCTMCAR_row>
    </BCTMCAR>
</tables>

