<?xml version="1.0" encoding="UTF-8"?>
<tables>
    <BCTMCAR>
        <BCTMCAR_row>
            <bq_fiscalyear>104</bq_fiscalyear>
            <bq_fundkind>1</bq_fundkind>
            <bq_budgetkind>1</bq_budgetkind>
            <bq_specialbudgetno/>
            <bq_agenno>23017031</bq_agenno>
            <bq_agentype>C</bq_agentype>
            <bq_budgetstate>2</bq_budgetstate>
            <bq_budgetno>35230174100</bq_budgetno>
            <bq_objectno>07351600</bq_objectno>
            <bq_carid>1</bq_carid>
            <bq_persons>1</bq_persons>
            <bq_buydate>8711</bq_buydate>
            <bq_ventsize>97</bq_ventsize>
            <bq_oilamt>264</bq_oilamt>
            <bq_oilprice>24.57</bq_oilprice>
            <bq_amt_maintain>1700.00</bq_amt_maintain>
            <bq_amt5>1118.00</bq_amt5>
            <bq_carnum>1</bq_carnum>
            <bq_remark>PVM-925。</bq_remark>
            <bq_lpgamt>0</bq_lpgamt>
            <bq_lpgprice>0.00</bq_lpgprice>
            <bq_versiondate/>
        </BCTMCAR_row>
        <BCTMCAR_row>
            <bq_fiscalyear>104</bq_fiscalyear>
            <bq_fundkind>1</bq_fundkind>
            <bq_budgetkind>1</bq_budgetkind>
            <bq_specialbudgetno/>
            <bq_agenno>23017031</bq_agenno>
            <bq_agentype>C</bq_agentype>
            <bq_budgetstate>2</bq_budgetstate>
            <bq_budgetno>35230174100</bq_budgetno>
            <bq_objectno>07351600</bq_objectno>
            <bq_carid>2</bq_carid>
            <bq_persons>1</bq_persons>
            <bq_buydate>8712</bq_buydate>
            <bq_ventsize>49</bq_ventsize>
            <bq_oilamt>264</bq_oilamt>
            <bq_oilprice>24.57</bq_oilprice>
            <bq_amt_maintain>1700.00</bq_amt_maintain>
            <bq_amt5>735.00</bq_amt5>
            <bq_carnum>1</bq_carnum>
            <bq_remark>WFC-560。</bq_remark>
            <bq_lpgamt>0</bq_lpgamt>
            <bq_lpgprice>0.00</bq_lpgprice>
            <bq_versiondate/>
        </BCTMCAR_row>
        <BCTMCAR_row>
            <bq_fiscalyear>104</bq_fiscalyear>
            <bq_fundkind>1</bq_fundkind>
            <bq_budgetkind>1</bq_budgetkind>
            <bq_specialbudgetno/>
            <bq_agenno>23017031</bq_agenno>
            <bq_agentype>C</bq_agentype>
            <bq_budgetstate>2</bq_budgetstate>
            <bq_budgetno>35230174100</bq_budgetno>
            <bq_objectno>07351600</bq_objectno>
            <bq_carid>3</bq_carid>
            <bq_persons>1</bq_persons>
            <bq_buydate>10006</bq_buydate>
            <bq_ventsize>0</bq_ventsize>
            <bq_oilamt>0</bq_oilamt>
            <bq_oilprice>0.00</bq_oilprice>
            <bq_amt_maintain>1700.00</bq_amt_maintain>
            <bq_amt5>668.00</bq_amt5>
            <bq_carnum>1</bq_carnum>
            <bq_remark>022-SGW。輕型電動機車。101年11月由台東戒治所移入。</bq_remark>
            <bq_lpgamt>0</bq_lpgamt>
            <bq_lpgprice>0.00</bq_lpgprice>
            <bq_versiondate/>
        </BCTMCAR_row>
        <BCTMCAR_row>
            <bq_fiscalyear>104</bq_fiscalyear>
            <bq_fundkind>1</bq_fundkind>
            <bq_budgetkind>1</bq_budgetkind>
            <bq_specialbudgetno/>
            <bq_agenno>23017031</bq_agenno>
            <bq_agentype>C</bq_agentype>
            <bq_budgetstate>2</bq_budgetstate>
            <bq_budgetno>35230174100</bq_budgetno>
            <bq_objectno>07350900</bq_objectno>
            <bq_carid>4009-G9</bq_carid>
            <bq_persons>4</bq_persons>
            <bq_buydate>10105</bq_buydate>
            <bq_ventsize>2261</bq_ventsize>
            <bq_oilamt>1416</bq_oilamt>
            <bq_oilprice>24.57</bq_oilprice>
            <bq_amt_maintain>25500.00</bq_amt_maintain>
            <bq_amt5>25325.00</bq_amt5>
            <bq_carnum>1</bq_carnum>
            <bq_remark/>
            <bq_lpgamt>0</bq_lpgamt>
            <bq_lpgprice>0.00</bq_lpgprice>
            <bq_versiondate/>
        </BCTMCAR_row>
        <BCTMCAR_row>
            <bq_fiscalyear>104</bq_fiscalyear>
            <bq_fundkind>1</bq_fundkind>
            <bq_budgetkind>1</bq_budgetkind>
            <bq_specialbudgetno/>
            <bq_agenno>23017031</bq_agenno>
            <bq_agentype>C</bq_agentype>
            <bq_budgetstate>2</bq_budgetstate>
            <bq_budgetno>35230174100</bq_budgetno>
            <bq_objectno>07351500</bq_objectno>
            <bq_carid>6437-UP</bq_carid>
            <bq_persons>6</bq_persons>
            <bq_buydate>9709</bq_buydate>
            <bq_ventsize>1998</bq_ventsize>
            <bq_oilamt>1416</bq_oilamt>
            <bq_oilprice>24.57</bq_oilprice>
            <bq_amt_maintain>51000.00</bq_amt_maintain>
            <bq_amt5>7098.00</bq_amt5>
            <bq_carnum>1</bq_carnum>
            <bq_remark>救護車。</bq_remark>
            <bq_lpgamt>0</bq_lpgamt>
            <bq_lpgprice>0.00</bq_lpgprice>
            <bq_versiondate/>
        </BCTMCAR_row>
        <BCTMCAR_row>
            <bq_fiscalyear>104</bq_fiscalyear>
            <bq_fundkind>1</bq_fundkind>
            <bq_budgetkind>1</bq_budgetkind>
            <bq_specialbudgetno/>
            <bq_agenno>23017031</bq_agenno>
            <bq_agentype>C</bq_agentype>
            <bq_budgetstate>2</bq_budgetstate>
            <bq_budgetno>35230174100</bq_budgetno>
            <bq_objectno>07350400</bq_objectno>
            <bq_carid>8W-2657</bq_carid>
            <bq_persons>4</bq_persons>
            <bq_buydate>9204</bq_buydate>
            <bq_ventsize>1995</bq_ventsize>
            <bq_oilamt>1416</bq_oilamt>
            <bq_oilprice>24.57</bq_oilprice>
            <bq_amt_maintain>51000.00</bq_amt_maintain>
            <bq_amt5>22809.00</bq_amt5>
            <bq_carnum>1</bq_carnum>
            <bq_remark/>
            <bq_lpgamt>0</bq_lpgamt>
            <bq_lpgprice>0.00</bq_lpgprice>
            <bq_versiondate/>
        </BCTMCAR_row>
        <BCTMCAR_row>
            <bq_fiscalyear>104</bq_fiscalyear>
            <bq_fundkind>1</bq_fundkind>
            <bq_budgetkind>1</bq_budgetkind>
            <bq_specialbudgetno/>
            <bq_agenno>23017031</bq_agenno>
            <bq_agentype>C</bq_agentype>
            <bq_budgetstate>2</bq_budgetstate>
            <bq_budgetno>35230174100</bq_budgetno>
            <bq_objectno>07351300</bq_objectno>
            <bq_carid>WZ-038</bq_carid>
            <bq_persons>38</bq_persons>
            <bq_buydate>8408</bq_buydate>
            <bq_ventsize>13741</bq_ventsize>
            <bq_oilamt>1944</bq_oilamt>
            <bq_oilprice>22.75</bq_oilprice>
            <bq_amt_maintain>51000.00</bq_amt_maintain>
            <bq_amt5>14549.00</bq_amt5>
            <bq_carnum>1</bq_carnum>
            <bq_remark/>
            <bq_lpgamt>0</bq_lpgamt>
            <bq_lpgprice>0.00</bq_lpgprice>
            <bq_versiondate/>
        </BCTMCAR_row>
    </BCTMCAR>
</tables>

