<?xml version="1.0" encoding="UTF-8"?>
<tables>
    <BCTDYEARPLAN>
        <BCTDYEARPLAN_row>
            <b06_fiscalyear>105</b06_fiscalyear>
            <b06_fundkind>1</b06_fundkind>
            <b06_budgetkind>1         </b06_budgetkind>
            <b06_specialbudgetno/>
            <b06_agenno>03001     </b06_agenno>
            <b06_agentype>C         </b06_agentype>
            <b06_budgetstate>2</b06_budgetstate>
            <b06_planno>01</b06_planno>
            <b06_planname>行政院南部聯合服務中心興建辦公廳舍計畫</b06_planname>
            <b06_startyear>101</b06_startyear>
            <b06_endyear>107</b06_endyear>
            <b06_budgetamt>437801000.00</b06_budgetamt>
            <b06_amt1>16587000.00</b06_amt1>
            <b06_amt2>53201000.00</b06_amt2>
            <b06_amt3>85416000.00</b06_amt3>
            <b06_amt4>282597000.00</b06_amt4>
            <b06_memo>依行政院100年9月28日院臺秘字第1000051732號函核定辦理「行政院南部聯合服務中心興建辦公廳舍計畫」總經費437,801千元，執行期間自101年度至106年度。修正計畫於102年7月19日核定，期程延至107年度，總經費不變。101年度編列5,281千元，102年度編列2,753千元，103年度編列8,553千元，104年度編列53,201千元，105年度續編列85,416千元，主要為工程款及委託監造費等，106年度需求數105,756千元，107年度需求數176,841千元。依據「中央政府各機關工程管理費支用要點」估算工程管理費2,716千元（5,000千元*3%+20,000千元*1.5%+75,000千元*1%+216,523千元*0.7%=2,716千元），其中105年度編列299千元。</b06_memo>
            <b06_upduserno>1009</b06_upduserno>
            <b06_upddatetime/>
            <b06_versiondate/>
            <b06_amt1_display>0.165870000000</b06_amt1_display>
            <b06_amt2_display>0.532010000000</b06_amt2_display>
            <b06_amt3_display>0.854160000000</b06_amt3_display>
            <b06_amt4_display>2.825970000000</b06_amt4_display>
            <b06_budgetamt_display>4.378010000000</b06_budgetamt_display>
        </BCTDYEARPLAN_row>
        <BCTDYEARPLAN_row>
            <b06_fiscalyear>105</b06_fiscalyear>
            <b06_fundkind>1</b06_fundkind>
            <b06_budgetkind>1         </b06_budgetkind>
            <b06_specialbudgetno/>
            <b06_agenno>03001     </b06_agenno>
            <b06_agentype>C         </b06_agentype>
            <b06_budgetstate>2</b06_budgetstate>
            <b06_planno>02</b06_planno>
            <b06_planname>第四階段電子化政府計畫─性別平等資料庫計畫</b06_planname>
            <b06_startyear>101</b06_startyear>
            <b06_endyear>105</b06_endyear>
            <b06_budgetamt>103189000.00</b06_budgetamt>
            <b06_amt1>50460000.00</b06_amt1>
            <b06_amt2>22583000.00</b06_amt2>
            <b06_amt3>30146000.00</b06_amt3>
            <b06_amt4>0.00</b06_amt4>
            <b06_memo>依行政院100年6月10日院臺秘字第1000030132號函核定辦理「第四階段電子化政府計畫-性別平等資料庫計畫」，總經費103,189千元，執行期間自101年度至105年度，101年度編列11,960千元，102年度編列13,500千元，103年度編列25,000千元，104年度編列22,583千元，105年度續編最後1年經費30,146千元，包括：&amp;lt;#H1&amp;gt;性別平等資料庫與應用系統維護管理、資安防護管理、技術諮詢及服務推廣等相關作業所需經費10,850千元。&amp;lt;#H1&amp;gt;性別平等資訊基礎建設伺服器設備、儲存設備、資安防護設備及端末設備等相關設備擴充所需經費4,296千元。&amp;lt;#H1&amp;gt;性別平等資料庫主機軟體、資安軟體及管理軟體擴充所需經費5,000千元。&amp;lt;#H1&amp;gt;建置性別平等資料庫知識管理平台、知識社群資料庫與分析工具、政策分析與決策支援分析資料庫；擴充性別平等政策綱領資料庫、CEDAW法規檢視資料庫、性別平等申訴資料庫、性別影響評估案例資料庫、性別主流化實施計畫及成果資料庫、性別業務資訊管理資料庫、多媒體資料庫、性別政策與研究發展資料庫、業務考核資料庫、國際資訊交流資料庫、地方性別平等業務推展資料庫、重要性別統計資料庫等所需經費10,000千元。</b06_memo>
            <b06_upduserno/>
            <b06_upddatetime/>
            <b06_versiondate/>
            <b06_amt1_display>0.504600000000</b06_amt1_display>
            <b06_amt2_display>0.225830000000</b06_amt2_display>
            <b06_amt3_display>0.301460000000</b06_amt3_display>
            <b06_amt4_display>0E-12</b06_amt4_display>
            <b06_budgetamt_display>1.031890000000</b06_budgetamt_display>
        </BCTDYEARPLAN_row>
    </BCTDYEARPLAN>
</tables>
