<?xml version="1.0" encoding="UTF-8"?>
<tables>
    <BCME3420>
        <BCME3420_row>
            <budgetno/>
            <agenno/>
            <agentype/>
            <mh_budgetname>合    計</mh_budgetname>
            <displayname>合    計</displayname>
            <budgetno_conver/>
            <tyear_amt>1277570000</tyear_amt>
            <lyear_amt>1212326000</lyear_amt>
            <byear_amt>1104727512</byear_amt>
            <b_amt>65244000</b_amt>
            <bc_content/>
            <memo/>
        </BCME3420_row>
        <BCME3420_row>
            <budgetno>00030000000</budgetno>
            <agenno>03001</agenno>
            <agentype>C</agentype>
            <mh_budgetname>行政院主管</mh_budgetname>
            <displayname>行政院主管</displayname>
            <budgetno_conver>0003000000</budgetno_conver>
            <tyear_amt>1277570000</tyear_amt>
            <lyear_amt>1212326000</lyear_amt>
            <byear_amt>1104727512</byear_amt>
            <b_amt>65244000</b_amt>
            <bc_content/>
        </BCME3420_row>
        <BCME3420_row>
            <budgetno>00030010000</budgetno>
            <agenno>03001</agenno>
            <agentype>C</agentype>
            <mh_budgetname>行政院</mh_budgetname>
            <displayname>行政院</displayname>
            <budgetno_conver>0003010000</budgetno_conver>
            <tyear_amt>1277570000</tyear_amt>
            <lyear_amt>1212326000</lyear_amt>
            <byear_amt>1104727512</byear_amt>
            <b_amt>65244000</b_amt>
            <bc_content/>
        </BCME3420_row>
        <BCME3420_row>
            <budgetno>33030010000</budgetno>
            <agenno>03001</agenno>
            <agentype>C</agentype>
            <mh_budgetname>行政支出</mh_budgetname>
            <displayname>行政支出</displayname>
            <budgetno_conver>3303010000</budgetno_conver>
            <tyear_amt>1277570000</tyear_amt>
            <lyear_amt>1212326000</lyear_amt>
            <byear_amt>1104727512</byear_amt>
            <b_amt>65244000</b_amt>
            <bc_content/>
        </BCME3420_row>
        <BCME3420_row>
            <budgetno>33030010100</budgetno>
            <agenno>03001</agenno>
            <agentype>C</agentype>
            <mh_budgetname>一般行政</mh_budgetname>
            <displayname>一般行政</displayname>
            <budgetno_conver>3303010100</budgetno_conver>
            <tyear_amt>905413000</tyear_amt>
            <lyear_amt>885055000</lyear_amt>
            <byear_amt>835043125</byear_amt>
            <b_amt>20358000</b_amt>
            <bc_content>&lt;#H1&gt;本年度預算數905,413千元，包括人事費832,364千元，業務費69,430千元，獎補助費1,590千元，設備及投資2,029千元。&lt;#H1&gt;本年度預算數之內容與上年度之比較如下：&lt;#H2&gt;人員維持費832,364千元，較上年度減列技工2人及駕駛3人等人事費6,370千元，增列撥補勞工退休準備金專戶差額26,665千元，計淨增20,295千元。&lt;#H2&gt;基本行政工作維持費71,277千元，較上年度減列工讀生4人酬勞1,071千元，增列職務官舍管理費及國定古蹟管理維護經費等1,134千元，計淨增63千元。&lt;#H2&gt;慶典佈置經費150千元，與上年度同。&lt;#H2&gt;檔案管理典藏掃描及維護經費397千元，與上年度同。&lt;#H2&gt;資料蒐集及陳列經費1,225千元，與上年度同。</bc_content>
        </BCME3420_row>
        <BCME3420_row>
            <budgetno>33030010700</budgetno>
            <agenno>03001</agenno>
            <agentype>C</agentype>
            <mh_budgetname>施政及法制業務</mh_budgetname>
            <displayname>施政及法制業務</displayname>
            <budgetno_conver>3303010700</budgetno_conver>
            <tyear_amt>12359000</tyear_amt>
            <lyear_amt>12206000</lyear_amt>
            <byear_amt>12434363</byear_amt>
            <b_amt>153000</b_amt>
            <bc_content>&lt;#H1&gt;本年度預算數12,359千元，均屬業務費。&lt;#H1&gt;本年度預算數之內容與上年度之比較如下：&lt;#H2&gt;院會議事經費338千元，與上年度同。&lt;#H2&gt;施政報告編印經費684千元，與上年度同。&lt;#H2&gt;公民投票審議委員會業務經費1,507千元，與上年度同。&lt;#H2&gt;政策及法案之研審經費654千元，較上年度增列國內旅費70千元。&lt;#H2&gt;派員出國計畫經費451千元，較上年度增列派員參加國際會議等經費25千元。&lt;#H2&gt;公共事務推展經費5,400千元，較上年度增列派遣人力勞務服務費等58千元。&lt;#H2&gt;法規審查研議及訴願審議督導3,325千元，與上年度同。</bc_content>
        </BCME3420_row>
        <BCME3420_row>
            <budgetno>33030011100</budgetno>
            <agenno>03001</agenno>
            <agentype>C</agentype>
            <mh_budgetname>施政推展聯繫</mh_budgetname>
            <displayname>施政推展聯繫</displayname>
            <budgetno_conver>3303011100</budgetno_conver>
            <tyear_amt>6250000</tyear_amt>
            <lyear_amt>6250000</lyear_amt>
            <byear_amt>6182483</byear_amt>
            <b_amt>0</b_amt>
            <bc_content>本年度預算數6,250千元，係院長行使職權之相關必要支出，與上年度同。</bc_content>
        </BCME3420_row>
        <BCME3420_row>
            <budgetno>33030011500</budgetno>
            <agenno>03001</agenno>
            <agentype>C</agentype>
            <mh_budgetname>科技發展研究諮詢</mh_budgetname>
            <displayname>科技發展研究諮詢</displayname>
            <budgetno_conver>3303011500</budgetno_conver>
            <tyear_amt>40621000</tyear_amt>
            <lyear_amt>38161000</lyear_amt>
            <byear_amt>33575417</byear_amt>
            <b_amt>2460000</b_amt>
            <bc_content>&lt;#H1&gt;本年度預算數40,621千元，包括人事費25,612千元，業務費12,998千元，設備及投資2,011千元。&lt;#H1&gt;本年度預算數之內容與上年度之比較如下：&lt;#H2&gt;科技發展企劃及行政工作維持費35,743千元，較上年度增列購置資訊軟硬體設備等經費1,261千元。&lt;#H2&gt;政府科技概算審議經費1,645千元，較上年度增列辦理科技計畫審議作業審查費等623千元。&lt;#H2&gt;科技會報及重要科技策略會議經費3,233千元，較上年度增列舉辦重要科技會議場地租金等576千元。</bc_content>
        </BCME3420_row>
        <BCME3420_row>
            <budgetno>33030011600</budgetno>
            <agenno>03001</agenno>
            <agentype>C</agentype>
            <mh_budgetname>聯合服務業務</mh_budgetname>
            <displayname>聯合服務業務</displayname>
            <budgetno_conver>3303011600</budgetno_conver>
            <tyear_amt>113115000</tyear_amt>
            <lyear_amt>80900000</lyear_amt>
            <byear_amt>34211850</byear_amt>
            <b_amt>32215000</b_amt>
            <bc_content>&lt;#H1&gt;本年度預算數113,115千元，包括業務費27,323元，設備及投資85,792千元。&lt;#H1&gt;本年度預算數之內容與上年度之比較如下：&lt;#H2&gt;南部聯合服務業務經費94,405千元，較上年度增列32,215千元，包括：&lt;#H3&gt;基本運作經費8,989千元，與上年度同。&lt;#H3&gt;南部聯合服務中心興建辦公廳舍計畫總經費437,801千元，分7年辦理，101至104年度已編列69,788千元，本年度續編第5年經費85,416千元，較上年度增列32,215千元。&lt;#H2&gt;中部聯合服務業務經費6,611千元，與上年度同。&lt;#H2&gt;東部聯合服務業務經費5,375千元，與上年度同。&lt;#H2&gt;雲嘉南區聯合服務業務經費6,724千元，與上年度同。</bc_content>
        </BCME3420_row>
        <BCME3420_row>
            <budgetno>33030011800</budgetno>
            <agenno>03001</agenno>
            <agentype>C</agentype>
            <mh_budgetname>國土及資通安全業務</mh_budgetname>
            <displayname>國土及資通安全業務</displayname>
            <budgetno_conver>3303011800</budgetno_conver>
            <tyear_amt>8593000</tyear_amt>
            <lyear_amt>8593000</lyear_amt>
            <byear_amt>7359380</byear_amt>
            <b_amt>0</b_amt>
            <bc_content>&lt;#H1&gt;本年度預算數8,593千元，包括業務費8,573千元，設備及投資20千元。&lt;#H1&gt;本年度預算數之內容與上年度之比較如下：&lt;#H2&gt;國土安全規劃經費4,750千元，與上年度同。&lt;#H2&gt;資通安全業務經費3,843千元，與上年度同。</bc_content>
        </BCME3420_row>
        <BCME3420_row>
            <budgetno>33030011900</budgetno>
            <agenno>03001</agenno>
            <agentype>C</agentype>
            <mh_budgetname>災害防救業務</mh_budgetname>
            <displayname>災害防救業務</displayname>
            <budgetno_conver>3303011900</budgetno_conver>
            <tyear_amt>8117000</tyear_amt>
            <lyear_amt>8117000</lyear_amt>
            <byear_amt>6089838</byear_amt>
            <b_amt>0</b_amt>
            <bc_content>&lt;#H1&gt;本年度預算數8,117千元，包括業務費7,317千元，獎補助費800千元。&lt;#H1&gt;本年度預算數之內容與上年度之比較如下：&lt;#H2&gt;災害防救行政工作維持費2,000千元，較上年度減列購置書刊及文具紙張等經費120千元。&lt;#H2&gt;全國災害防救業務推展經費6,117千元，較上年度增列辦理災害防救論壇及國際交流活動等經費120千元。</bc_content>
        </BCME3420_row>
        <BCME3420_row>
            <budgetno>33030012000</budgetno>
            <agenno>03001</agenno>
            <agentype>C</agentype>
            <mh_budgetname>性別平等業務</mh_budgetname>
            <displayname>性別平等業務</displayname>
            <budgetno_conver>3303012000</budgetno_conver>
            <tyear_amt>15474000</tyear_amt>
            <lyear_amt>15474000</lyear_amt>
            <byear_amt>15564618</byear_amt>
            <b_amt>0</b_amt>
            <bc_content>&lt;#H1&gt;本年度預算數15,474千元，包括業務費15,274千元，獎補助費200千元。&lt;#H1&gt;本年度預算數之內容與上年度之比較如下：&lt;#H2&gt;性別平等綜合企劃業務經費2,312千元，與上年度同。&lt;#H2&gt;推展性別平等權益促進工作經費1,517千元，與上年度同。&lt;#H2&gt;推展性別平等權利保障工作經費3,573千元，較上年度減列購置文具紙張等經費100千元。&lt;#H2&gt;性別平等推廣及發展工作經費8,072千元，較上年度增列派員參加國際會議等經費100千元。</bc_content>
        </BCME3420_row>
        <BCME3420_row>
            <budgetno>33030012200</budgetno>
            <agenno>03001</agenno>
            <agentype>C</agentype>
            <mh_budgetname>消保及食安業務</mh_budgetname>
            <displayname>消保及食安業務</displayname>
            <budgetno_conver>3303012200</budgetno_conver>
            <tyear_amt>19283000</tyear_amt>
            <lyear_amt>12095000</lyear_amt>
            <byear_amt>13470530</byear_amt>
            <b_amt>7188000</b_amt>
            <bc_content>&lt;#H1&gt;本科目係由上年度預算「消費者保護業務」科目改設，上年度法定預算數12,095千元亦由「消費者保護業務」科目移入。&lt;#H1&gt;本年度預算數19,283千元，包括業務費15,068千元，獎補助費2,430千元，設備及投資1,785千元。&lt;#H1&gt;本年度預算數之內容與上年度之比較如下:&lt;#H2&gt;綜合企劃業務經費4,399千元，較上年度減列國內旅費等297千元。&lt;#H2&gt;消費者保護督導業務經費3,448千元，較上年度減列大陸地區旅費8千元。&lt;#H2&gt;消費者保護法制業務經費902千元，較上年度增列出席費及印製書籍費等90千元。&lt;#H2&gt;消費者保護官業務經費3,332千元，較上年度增列委託辦理市售商品檢驗經費及國內旅費等201千元。&lt;#H2&gt;新增食品安全業務經費7,202千元。</bc_content>
        </BCME3420_row>
        <BCME3420_row>
            <budgetno>33030012300</budgetno>
            <agenno>03001</agenno>
            <agentype>C</agentype>
            <mh_budgetname>資訊管理</mh_budgetname>
            <displayname>資訊管理</displayname>
            <budgetno_conver>3303012300</budgetno_conver>
            <tyear_amt>69376000</tyear_amt>
            <lyear_amt>61813000</lyear_amt>
            <byear_amt>69278634</byear_amt>
            <b_amt>7563000</b_amt>
            <bc_content>&lt;#H1&gt;本年度預算數69,376千元，包括業務費35,368千元，設備及投資34,008千元。&lt;#H1&gt;本年度預算數之內容與上年度之比較如下：&lt;#H2&gt;資訊系統維運及更新經費39,230千元，與上年度同。&lt;#H2&gt;建置性別平等資料庫計畫總經費103,189千元，分5年辦理，101至104年度已編列73,043千元，本年度續編30,146千元，較上年度增列性別平等資料庫軟體擴充等經費7,563千元。</bc_content>
        </BCME3420_row>
        <BCME3420_row>
            <budgetno>33030012400</budgetno>
            <agenno>03001</agenno>
            <agentype>C</agentype>
            <mh_budgetname>新聞傳播業務</mh_budgetname>
            <displayname>新聞傳播業務</displayname>
            <budgetno_conver>3303012400</budgetno_conver>
            <tyear_amt>56924000</tyear_amt>
            <lyear_amt>56924000</lyear_amt>
            <byear_amt>57571793</byear_amt>
            <b_amt>0</b_amt>
            <bc_content>&lt;#H1&gt;本年度預算數56,924千元，包括業務費55,865千元，獎補助費60千元，設備及投資999千元。&lt;#H1&gt;本年度預算數之內容與上年度之比較如下：&lt;#H2&gt;新聞聯繫與發布經費2,975千元，與上年度同。&lt;#H2&gt;法令政策溝通經費29,696千元，與上年度同。&lt;#H2&gt;輿情蒐報與研析經費6,184千元，與上年度同。&lt;#H2&gt;辦理縣市政府新聞聯繫及輿情蒐報經費9,018千元，與上年度同。&lt;#H2&gt;國情資料編印及供應經費4,703千元，與上年度同。&lt;#H2&gt;新聞影音圖像資料之攝製經費4,348千元，與上年度同。</bc_content>
        </BCME3420_row>
        <BCME3420_row>
            <budgetno>33030019000</budgetno>
            <agenno>03001</agenno>
            <agentype>C</agentype>
            <mh_budgetname>一般建築及設備</mh_budgetname>
            <displayname>一般建築及設備</displayname>
            <budgetno_conver>3303019000</budgetno_conver>
            <tyear_amt>18245000</tyear_amt>
            <lyear_amt>23038000</lyear_amt>
            <byear_amt>13945481</byear_amt>
            <b_amt>-4793000</b_amt>
            <bc_content/>
        </BCME3420_row>
        <BCME3420_row>
            <budgetno>33030019002</budgetno>
            <agenno>03001</agenno>
            <agentype>C</agentype>
            <mh_budgetname>營建工程</mh_budgetname>
            <displayname>營建工程</displayname>
            <budgetno_conver>3303019002</budgetno_conver>
            <tyear_amt>10850000</tyear_amt>
            <lyear_amt>11944000</lyear_amt>
            <byear_amt>10159240</byear_amt>
            <b_amt>-1094000</b_amt>
            <bc_content>本年度預算數之內容與上年度之比較如下：&lt;#H1&gt;建置檔案庫房第二期工程及汰換AB棟大樓中央空調系統第一期工程等經費10,850千元。&lt;#H1&gt;上年度辦理建置檔案庫房第一期工程及B棟大樓整修等預算業已編竣，所列11,944千元如數減列。</bc_content>
        </BCME3420_row>
        <BCME3420_row>
            <budgetno>33030019011</budgetno>
            <agenno>03001</agenno>
            <agentype>C</agentype>
            <mh_budgetname>交通及運輸設備</mh_budgetname>
            <displayname>交通及運輸設備</displayname>
            <budgetno_conver>3303019011</budgetno_conver>
            <tyear_amt>3680000</tyear_amt>
            <lyear_amt>7379000</lyear_amt>
            <byear_amt>72100</byear_amt>
            <b_amt>-3699000</b_amt>
            <bc_content>本年度預算數之內容與上年度之比較如下：&lt;#H1&gt;汰換行動電話經費等180千元。&lt;#H1&gt;汰換視導車1輛經費3,500千元。&lt;#H1&gt;上年度汰換行動電話、院長座車1輛、秘書長座車1輛、政務委員座車1輛及視導車1輛預算業已編竣，所列7,379千元如數減列。</bc_content>
        </BCME3420_row>
        <BCME3420_row>
            <budgetno>33030019019</budgetno>
            <agenno>03001</agenno>
            <agentype>C</agentype>
            <mh_budgetname>其他設備</mh_budgetname>
            <displayname>其他設備</displayname>
            <budgetno_conver>3303019019</budgetno_conver>
            <tyear_amt>3715000</tyear_amt>
            <lyear_amt>3715000</lyear_amt>
            <byear_amt>3714141</byear_amt>
            <b_amt>0</b_amt>
            <bc_content>本年度預算數之內容與上年度之比較如下：&lt;#H1&gt;汰換影印機、冷氣機、室內外攝影機及會議室麥克風系統等設備經費3,715千元。&lt;#H1&gt;上年度汰換冷氣、影印機及會議室麥克風等事務設備預算業已編竣，所列3,715千元如數減列。</bc_content>
        </BCME3420_row>
        <BCME3420_row>
            <budgetno>33030019800</budgetno>
            <agenno>03001</agenno>
            <agentype>C</agentype>
            <mh_budgetname>第一預備金</mh_budgetname>
            <displayname>第一預備金</displayname>
            <budgetno_conver>3303019800</budgetno_conver>
            <tyear_amt>3800000</tyear_amt>
            <lyear_amt>3700000</lyear_amt>
            <byear_amt>0</byear_amt>
            <b_amt>100000</b_amt>
            <bc_content>本年度預算數較上年度增列如列數。</bc_content>
        </BCME3420_row>
    </BCME3420>
</tables>
