<?xml version="1.0" encoding="UTF-8"?>
<tables>
    <BCTDOUTGO>
        <BCTDOUTGO_row>
            <bm_fiscalyear>105</bm_fiscalyear>
            <bm_fundkind>1</bm_fundkind>
            <bm_budgetkind>1</bm_budgetkind>
            <bm_specialbudgetno/>
            <bm_agenno>03001</bm_agenno>
            <bm_agentype>C</bm_agentype>
            <bm_budgetstate>2</bm_budgetstate>
            <bm_abroadplan>1</bm_abroadplan>
            <bm_projtype>2 </bm_projtype>
            <bm_projno>01</bm_projno>
            <bm_abroadplanname>參加國際社會福利協會全球會議－(內)</bm_abroadplanname>
            <bm_visitsts>0</bm_visitsts>
            <bm_visitexplain/>
            <bm_dispatchstaffs>0</bm_dispatchstaffs>
            <bm_abroadsite1/>
            <bm_abroadsite2/>
            <bm_abroadsite3/>
            <bm_abroadperiod1/>
            <bm_abroadperiodto1/>
            <bm_abroadperiod2/>
            <bm_abroadperiodto2/>
            <bm_abroadperiod3/>
            <bm_abroadperiodto3/>
            <bm_abroadstaffs1>0</bm_abroadstaffs1>
            <bm_abroadstaffs2>0</bm_abroadstaffs2>
            <bm_abroadstaffs3>0</bm_abroadstaffs3>
            <bm_abroadallowance1>0.00</bm_abroadallowance1>
            <bm_abroadallowance2>0.00</bm_abroadallowance2>
            <bm_abroadallowance3>0.00</bm_abroadallowance3>
            <bm_budgetno>33030010700</bm_budgetno>
            <bm_regionno>91</bm_regionno>
            <bm_country>韓國</bm_country>
            <bm_agency/>
            <bm_cont_text>與各國交流推動兒少社會福利政策經驗，並了解各國相關福利規劃情況，作為我國政策規劃之參考。</bm_cont_text>
            <bm_durationfrom>10506</bm_durationfrom>
            <bm_durationto>10506</bm_durationto>
            <bm_days>5</bm_days>
            <bm_persons>1</bm_persons>
            <bm_amt_trans>17000.00</bm_amt_trans>
            <bm_amt_life>35000.00</bm_amt_life>
            <bm_amt_public>30000.00</bm_amt_public>
            <bm_amt_books>0.00</bm_amt_books>
            <bm_amt_flight>0.00</bm_amt_flight>
            <bm_versiondate/>
        </BCTDOUTGO_row>
        <BCTDOUTGO_row>
            <bm_fiscalyear>105</bm_fiscalyear>
            <bm_fundkind>1</bm_fundkind>
            <bm_budgetkind>1</bm_budgetkind>
            <bm_specialbudgetno/>
            <bm_agenno>03001</bm_agenno>
            <bm_agentype>C</bm_agentype>
            <bm_budgetstate>2</bm_budgetstate>
            <bm_abroadplan>1</bm_abroadplan>
            <bm_projtype>2 </bm_projtype>
            <bm_projno>02</bm_projno>
            <bm_abroadplanname>出席亞洲稅務行政及研究組織(SGATAR)年會－(財)</bm_abroadplanname>
            <bm_visitsts>0</bm_visitsts>
            <bm_visitexplain/>
            <bm_dispatchstaffs>0</bm_dispatchstaffs>
            <bm_abroadsite1/>
            <bm_abroadsite2/>
            <bm_abroadsite3/>
            <bm_abroadperiod1/>
            <bm_abroadperiodto1/>
            <bm_abroadperiod2/>
            <bm_abroadperiodto2/>
            <bm_abroadperiod3/>
            <bm_abroadperiodto3/>
            <bm_abroadstaffs1>0</bm_abroadstaffs1>
            <bm_abroadstaffs2>0</bm_abroadstaffs2>
            <bm_abroadstaffs3>0</bm_abroadstaffs3>
            <bm_abroadallowance1>0.00</bm_abroadallowance1>
            <bm_abroadallowance2>0.00</bm_abroadallowance2>
            <bm_abroadallowance3>0.00</bm_abroadallowance3>
            <bm_budgetno>33030010700</bm_budgetno>
            <bm_regionno>91</bm_regionno>
            <bm_country>紐西蘭或其他亞洲國家</bm_country>
            <bm_agency/>
            <bm_cont_text>藉由參加SGATAR年會，瞭解最新國際租稅研究議題，蒐集亞太地區國家租稅制度之相關資訊；交換稅務行政經驗，拓展租稅外交。</bm_cont_text>
            <bm_durationfrom>10501</bm_durationfrom>
            <bm_durationto>10512</bm_durationto>
            <bm_days>9</bm_days>
            <bm_persons>1</bm_persons>
            <bm_amt_trans>40000.00</bm_amt_trans>
            <bm_amt_life>42000.00</bm_amt_life>
            <bm_amt_public>8000.00</bm_amt_public>
            <bm_amt_books>0.00</bm_amt_books>
            <bm_amt_flight>0.00</bm_amt_flight>
            <bm_versiondate/>
        </BCTDOUTGO_row>
        <BCTDOUTGO_row>
            <bm_fiscalyear>105</bm_fiscalyear>
            <bm_fundkind>1</bm_fundkind>
            <bm_budgetkind>1</bm_budgetkind>
            <bm_specialbudgetno/>
            <bm_agenno>03001</bm_agenno>
            <bm_agentype>C</bm_agentype>
            <bm_budgetstate>2</bm_budgetstate>
            <bm_abroadplan>1</bm_abroadplan>
            <bm_projtype>2 </bm_projtype>
            <bm_projno>03</bm_projno>
            <bm_abroadplanname>參加APEC反恐工作小組會議－(國)</bm_abroadplanname>
            <bm_visitsts>0</bm_visitsts>
            <bm_visitexplain/>
            <bm_dispatchstaffs>0</bm_dispatchstaffs>
            <bm_abroadsite1>印尼</bm_abroadsite1>
            <bm_abroadsite2>中國</bm_abroadsite2>
            <bm_abroadsite3>菲律賓</bm_abroadsite3>
            <bm_abroadperiod1>10201</bm_abroadperiod1>
            <bm_abroadperiodto1>10206</bm_abroadperiodto1>
            <bm_abroadperiod2>10301</bm_abroadperiod2>
            <bm_abroadperiodto2>10309</bm_abroadperiodto2>
            <bm_abroadperiod3>10401</bm_abroadperiod3>
            <bm_abroadperiodto3>10409</bm_abroadperiodto3>
            <bm_abroadstaffs1>1</bm_abroadstaffs1>
            <bm_abroadstaffs2>2</bm_abroadstaffs2>
            <bm_abroadstaffs3>2</bm_abroadstaffs3>
            <bm_abroadallowance1>147000.00</bm_abroadallowance1>
            <bm_abroadallowance2>254000.00</bm_abroadallowance2>
            <bm_abroadallowance3>0.00</bm_abroadallowance3>
            <bm_budgetno>33030011800</bm_budgetno>
            <bm_regionno>91</bm_regionno>
            <bm_country>秘魯</bm_country>
            <bm_agency/>
            <bm_cont_text>參與APEC反恐國際合作。</bm_cont_text>
            <bm_durationfrom>10502</bm_durationfrom>
            <bm_durationto>10508</bm_durationto>
            <bm_days>6</bm_days>
            <bm_persons>1</bm_persons>
            <bm_amt_trans>178000.00</bm_amt_trans>
            <bm_amt_life>84000.00</bm_amt_life>
            <bm_amt_public>6000.00</bm_amt_public>
            <bm_amt_books>0.00</bm_amt_books>
            <bm_amt_flight>0.00</bm_amt_flight>
            <bm_versiondate/>
        </BCTDOUTGO_row>
        <BCTDOUTGO_row>
            <bm_fiscalyear>105</bm_fiscalyear>
            <bm_fundkind>1</bm_fundkind>
            <bm_budgetkind>1</bm_budgetkind>
            <bm_specialbudgetno/>
            <bm_agenno>03001</bm_agenno>
            <bm_agentype>C</bm_agentype>
            <bm_budgetstate>2</bm_budgetstate>
            <bm_abroadplan>1</bm_abroadplan>
            <bm_projtype>2 </bm_projtype>
            <bm_projno>04</bm_projno>
            <bm_abroadplanname>參加台美安全對話會議－(國)</bm_abroadplanname>
            <bm_visitsts>0</bm_visitsts>
            <bm_visitexplain/>
            <bm_dispatchstaffs>0</bm_dispatchstaffs>
            <bm_abroadsite1>美國加州</bm_abroadsite1>
            <bm_abroadsite2>美國加州</bm_abroadsite2>
            <bm_abroadsite3>美國加州</bm_abroadsite3>
            <bm_abroadperiod1>10107</bm_abroadperiod1>
            <bm_abroadperiodto1>10108</bm_abroadperiodto1>
            <bm_abroadperiod2>10207</bm_abroadperiod2>
            <bm_abroadperiodto2>10208</bm_abroadperiodto2>
            <bm_abroadperiod3>10307</bm_abroadperiod3>
            <bm_abroadperiodto3>10308</bm_abroadperiodto3>
            <bm_abroadstaffs1>2</bm_abroadstaffs1>
            <bm_abroadstaffs2>2</bm_abroadstaffs2>
            <bm_abroadstaffs3>1</bm_abroadstaffs3>
            <bm_abroadallowance1>294000.00</bm_abroadallowance1>
            <bm_abroadallowance2>280000.00</bm_abroadallowance2>
            <bm_abroadallowance3>100000.00</bm_abroadallowance3>
            <bm_budgetno>33030011800</bm_budgetno>
            <bm_regionno>91</bm_regionno>
            <bm_country>美國</bm_country>
            <bm_agency/>
            <bm_cont_text>與美國國防部、國土安全部與國務院等相關部門商談反恐、國土安全合作及兩岸軍事危機處理等相關議題。</bm_cont_text>
            <bm_durationfrom>10507</bm_durationfrom>
            <bm_durationto>10508</bm_durationto>
            <bm_days>7</bm_days>
            <bm_persons>1</bm_persons>
            <bm_amt_trans>80000.00</bm_amt_trans>
            <bm_amt_life>45000.00</bm_amt_life>
            <bm_amt_public>2000.00</bm_amt_public>
            <bm_amt_books>0.00</bm_amt_books>
            <bm_amt_flight>0.00</bm_amt_flight>
            <bm_versiondate/>
        </BCTDOUTGO_row>
        <BCTDOUTGO_row>
            <bm_fiscalyear>105</bm_fiscalyear>
            <bm_fundkind>1</bm_fundkind>
            <bm_budgetkind>1</bm_budgetkind>
            <bm_specialbudgetno/>
            <bm_agenno>03001</bm_agenno>
            <bm_agentype>C</bm_agentype>
            <bm_budgetstate>2</bm_budgetstate>
            <bm_abroadplan>1</bm_abroadplan>
            <bm_projtype>2 </bm_projtype>
            <bm_projno>05</bm_projno>
            <bm_abroadplanname>參加台美出口管制/反武擴散雙邊會議－(國)</bm_abroadplanname>
            <bm_visitsts>0</bm_visitsts>
            <bm_visitexplain/>
            <bm_dispatchstaffs>0</bm_dispatchstaffs>
            <bm_abroadsite1>美國華府</bm_abroadsite1>
            <bm_abroadsite2>美國華府</bm_abroadsite2>
            <bm_abroadsite3/>
            <bm_abroadperiod1>10103</bm_abroadperiod1>
            <bm_abroadperiodto1>10103</bm_abroadperiodto1>
            <bm_abroadperiod2>10302</bm_abroadperiod2>
            <bm_abroadperiodto2>10303</bm_abroadperiodto2>
            <bm_abroadperiod3/>
            <bm_abroadperiodto3/>
            <bm_abroadstaffs1>1</bm_abroadstaffs1>
            <bm_abroadstaffs2>1</bm_abroadstaffs2>
            <bm_abroadstaffs3>0</bm_abroadstaffs3>
            <bm_abroadallowance1>138000.00</bm_abroadallowance1>
            <bm_abroadallowance2>116000.00</bm_abroadallowance2>
            <bm_abroadallowance3>0.00</bm_abroadallowance3>
            <bm_budgetno>33030011800</bm_budgetno>
            <bm_regionno>91</bm_regionno>
            <bm_country>美國</bm_country>
            <bm_agency/>
            <bm_cont_text>與美國國務院、國土安全部與商務部等相關單位研商反恐及反擴散架構下之出口管制合作。</bm_cont_text>
            <bm_durationfrom>10503</bm_durationfrom>
            <bm_durationto>10503</bm_durationto>
            <bm_days>7</bm_days>
            <bm_persons>1</bm_persons>
            <bm_amt_trans>85000.00</bm_amt_trans>
            <bm_amt_life>36000.00</bm_amt_life>
            <bm_amt_public>2000.00</bm_amt_public>
            <bm_amt_books>0.00</bm_amt_books>
            <bm_amt_flight>0.00</bm_amt_flight>
            <bm_versiondate/>
        </BCTDOUTGO_row>
        <BCTDOUTGO_row>
            <bm_fiscalyear>105</bm_fiscalyear>
            <bm_fundkind>1</bm_fundkind>
            <bm_budgetkind>1</bm_budgetkind>
            <bm_specialbudgetno/>
            <bm_agenno>03001</bm_agenno>
            <bm_agentype>C</bm_agentype>
            <bm_budgetstate>2</bm_budgetstate>
            <bm_abroadplan>1</bm_abroadplan>
            <bm_projtype>2 </bm_projtype>
            <bm_projno>06</bm_projno>
            <bm_abroadplanname>參加台歐盟國土安全會議－(國)</bm_abroadplanname>
            <bm_visitsts>0</bm_visitsts>
            <bm_visitexplain/>
            <bm_dispatchstaffs>0</bm_dispatchstaffs>
            <bm_abroadsite1>比利時布魯塞爾</bm_abroadsite1>
            <bm_abroadsite2/>
            <bm_abroadsite3/>
            <bm_abroadperiod1>10305</bm_abroadperiod1>
            <bm_abroadperiodto1>10305</bm_abroadperiodto1>
            <bm_abroadperiod2/>
            <bm_abroadperiodto2/>
            <bm_abroadperiod3/>
            <bm_abroadperiodto3/>
            <bm_abroadstaffs1>2</bm_abroadstaffs1>
            <bm_abroadstaffs2>0</bm_abroadstaffs2>
            <bm_abroadstaffs3>0</bm_abroadstaffs3>
            <bm_abroadallowance1>245000.00</bm_abroadallowance1>
            <bm_abroadallowance2>0.00</bm_abroadallowance2>
            <bm_abroadallowance3>0.00</bm_abroadallowance3>
            <bm_budgetno>33030011800</bm_budgetno>
            <bm_regionno>91</bm_regionno>
            <bm_country>比利時等</bm_country>
            <bm_agency/>
            <bm_cont_text>拜會歐盟執委會相關機構就雙邊反恐與國土安全事宜進行交流，舉行工作會議洽談合作事宜。</bm_cont_text>
            <bm_durationfrom>10506</bm_durationfrom>
            <bm_durationto>10506</bm_durationto>
            <bm_days>8</bm_days>
            <bm_persons>2</bm_persons>
            <bm_amt_trans>168000.00</bm_amt_trans>
            <bm_amt_life>123000.00</bm_amt_life>
            <bm_amt_public>15000.00</bm_amt_public>
            <bm_amt_books>0.00</bm_amt_books>
            <bm_amt_flight>0.00</bm_amt_flight>
            <bm_versiondate/>
        </BCTDOUTGO_row>
        <BCTDOUTGO_row>
            <bm_fiscalyear>105</bm_fiscalyear>
            <bm_fundkind>1</bm_fundkind>
            <bm_budgetkind>1</bm_budgetkind>
            <bm_specialbudgetno/>
            <bm_agenno>03001</bm_agenno>
            <bm_agentype>C</bm_agentype>
            <bm_budgetstate>2</bm_budgetstate>
            <bm_abroadplan>1</bm_abroadplan>
            <bm_projtype>2 </bm_projtype>
            <bm_projno>07</bm_projno>
            <bm_abroadplanname>參加亞太經濟合作會議(APEC)電信暨資訊工作小組(TEL)－(資)</bm_abroadplanname>
            <bm_visitsts>0</bm_visitsts>
            <bm_visitexplain/>
            <bm_dispatchstaffs>0</bm_dispatchstaffs>
            <bm_abroadsite1>美國夏威夷</bm_abroadsite1>
            <bm_abroadsite2>澳洲</bm_abroadsite2>
            <bm_abroadsite3/>
            <bm_abroadperiod1>10209</bm_abroadperiod1>
            <bm_abroadperiodto1>10209</bm_abroadperiodto1>
            <bm_abroadperiod2>10309</bm_abroadperiod2>
            <bm_abroadperiodto2>10310</bm_abroadperiodto2>
            <bm_abroadperiod3/>
            <bm_abroadperiodto3/>
            <bm_abroadstaffs1>1</bm_abroadstaffs1>
            <bm_abroadstaffs2>1</bm_abroadstaffs2>
            <bm_abroadstaffs3>0</bm_abroadstaffs3>
            <bm_abroadallowance1>108000.00</bm_abroadallowance1>
            <bm_abroadallowance2>109000.00</bm_abroadallowance2>
            <bm_abroadallowance3>0.00</bm_abroadallowance3>
            <bm_budgetno>33030011800</bm_budgetno>
            <bm_regionno>91</bm_regionno>
            <bm_country>日本、秘魯</bm_country>
            <bm_agency/>
            <bm_cont_text>持續參加APEC TEL第53次及第54次會議(2次會議)，瞭解其他會員國對資訊與資安之政策議題及技術發展等事項進行研討。</bm_cont_text>
            <bm_durationfrom>10505</bm_durationfrom>
            <bm_durationto>10509</bm_durationto>
            <bm_days>7</bm_days>
            <bm_persons>1</bm_persons>
            <bm_amt_trans>146000.00</bm_amt_trans>
            <bm_amt_life>76000.00</bm_amt_life>
            <bm_amt_public>0.00</bm_amt_public>
            <bm_amt_books>0.00</bm_amt_books>
            <bm_amt_flight>0.00</bm_amt_flight>
            <bm_versiondate/>
        </BCTDOUTGO_row>
        <BCTDOUTGO_row>
            <bm_fiscalyear>105</bm_fiscalyear>
            <bm_fundkind>1</bm_fundkind>
            <bm_budgetkind>1</bm_budgetkind>
            <bm_specialbudgetno/>
            <bm_agenno>03001</bm_agenno>
            <bm_agentype>C</bm_agentype>
            <bm_budgetstate>2</bm_budgetstate>
            <bm_abroadplan>1</bm_abroadplan>
            <bm_projtype>2 </bm_projtype>
            <bm_projno>08</bm_projno>
            <bm_abroadplanname>參加關鍵資訊基礎建設防護議題(MERIDIAN)會議－(資)</bm_abroadplanname>
            <bm_visitsts>0</bm_visitsts>
            <bm_visitexplain/>
            <bm_dispatchstaffs>0</bm_dispatchstaffs>
            <bm_abroadsite1>阿根廷</bm_abroadsite1>
            <bm_abroadsite2>日本東京</bm_abroadsite2>
            <bm_abroadsite3/>
            <bm_abroadperiod1>10211</bm_abroadperiod1>
            <bm_abroadperiodto1>10211</bm_abroadperiodto1>
            <bm_abroadperiod2>10311</bm_abroadperiod2>
            <bm_abroadperiodto2>10311</bm_abroadperiodto2>
            <bm_abroadperiod3/>
            <bm_abroadperiodto3/>
            <bm_abroadstaffs1>1</bm_abroadstaffs1>
            <bm_abroadstaffs2>2</bm_abroadstaffs2>
            <bm_abroadstaffs3>0</bm_abroadstaffs3>
            <bm_abroadallowance1>173000.00</bm_abroadallowance1>
            <bm_abroadallowance2>140000.00</bm_abroadallowance2>
            <bm_abroadallowance3>0.00</bm_abroadallowance3>
            <bm_budgetno>33030011800</bm_budgetno>
            <bm_regionno>91</bm_regionno>
            <bm_country>墨西哥</bm_country>
            <bm_agency/>
            <bm_cont_text>參加資安會議了解國際趨勢及進行國際資安交流。</bm_cont_text>
            <bm_durationfrom>10511</bm_durationfrom>
            <bm_durationto>10512</bm_durationto>
            <bm_days>7</bm_days>
            <bm_persons>1</bm_persons>
            <bm_amt_trans>90000.00</bm_amt_trans>
            <bm_amt_life>25000.00</bm_amt_life>
            <bm_amt_public>0.00</bm_amt_public>
            <bm_amt_books>0.00</bm_amt_books>
            <bm_amt_flight>0.00</bm_amt_flight>
            <bm_versiondate/>
        </BCTDOUTGO_row>
        <BCTDOUTGO_row>
            <bm_fiscalyear>105</bm_fiscalyear>
            <bm_fundkind>1</bm_fundkind>
            <bm_budgetkind>1</bm_budgetkind>
            <bm_specialbudgetno/>
            <bm_agenno>03001</bm_agenno>
            <bm_agentype>C</bm_agentype>
            <bm_budgetstate>2</bm_budgetstate>
            <bm_abroadplan>1</bm_abroadplan>
            <bm_projtype>2 </bm_projtype>
            <bm_projno>09</bm_projno>
            <bm_abroadplanname>參加台美安全對話會議－(資)</bm_abroadplanname>
            <bm_visitsts>0</bm_visitsts>
            <bm_visitexplain/>
            <bm_dispatchstaffs>0</bm_dispatchstaffs>
            <bm_abroadsite1>美國舊金山</bm_abroadsite1>
            <bm_abroadsite2>美國舊金山</bm_abroadsite2>
            <bm_abroadsite3/>
            <bm_abroadperiod1>10207</bm_abroadperiod1>
            <bm_abroadperiodto1>10208</bm_abroadperiodto1>
            <bm_abroadperiod2>10307</bm_abroadperiod2>
            <bm_abroadperiodto2>10308</bm_abroadperiodto2>
            <bm_abroadperiod3/>
            <bm_abroadperiodto3/>
            <bm_abroadstaffs1>1</bm_abroadstaffs1>
            <bm_abroadstaffs2>1</bm_abroadstaffs2>
            <bm_abroadstaffs3>0</bm_abroadstaffs3>
            <bm_abroadallowance1>110000.00</bm_abroadallowance1>
            <bm_abroadallowance2>93000.00</bm_abroadallowance2>
            <bm_abroadallowance3>0.00</bm_abroadallowance3>
            <bm_budgetno>33030011800</bm_budgetno>
            <bm_regionno>91</bm_regionno>
            <bm_country>美國</bm_country>
            <bm_agency/>
            <bm_cont_text>與美國國防部、國土安全部與國務院等相關部門商談資安相關議題。</bm_cont_text>
            <bm_durationfrom>10507</bm_durationfrom>
            <bm_durationto>10508</bm_durationto>
            <bm_days>7</bm_days>
            <bm_persons>1</bm_persons>
            <bm_amt_trans>60000.00</bm_amt_trans>
            <bm_amt_life>43000.00</bm_amt_life>
            <bm_amt_public>0.00</bm_amt_public>
            <bm_amt_books>0.00</bm_amt_books>
            <bm_amt_flight>0.00</bm_amt_flight>
            <bm_versiondate/>
        </BCTDOUTGO_row>
        <BCTDOUTGO_row>
            <bm_fiscalyear>105</bm_fiscalyear>
            <bm_fundkind>1</bm_fundkind>
            <bm_budgetkind>1</bm_budgetkind>
            <bm_specialbudgetno/>
            <bm_agenno>03001</bm_agenno>
            <bm_agentype>C</bm_agentype>
            <bm_budgetstate>2</bm_budgetstate>
            <bm_abroadplan>1</bm_abroadplan>
            <bm_projtype>2 </bm_projtype>
            <bm_projno>10</bm_projno>
            <bm_abroadplanname>參加國際資訊安全(RSA)會議－(資)</bm_abroadplanname>
            <bm_visitsts>0</bm_visitsts>
            <bm_visitexplain/>
            <bm_dispatchstaffs>0</bm_dispatchstaffs>
            <bm_abroadsite1>新加坡</bm_abroadsite1>
            <bm_abroadsite2/>
            <bm_abroadsite3/>
            <bm_abroadperiod1>10307</bm_abroadperiod1>
            <bm_abroadperiodto1>10307</bm_abroadperiodto1>
            <bm_abroadperiod2/>
            <bm_abroadperiodto2/>
            <bm_abroadperiod3/>
            <bm_abroadperiodto3/>
            <bm_abroadstaffs1>1</bm_abroadstaffs1>
            <bm_abroadstaffs2>0</bm_abroadstaffs2>
            <bm_abroadstaffs3>0</bm_abroadstaffs3>
            <bm_abroadallowance1>91000.00</bm_abroadallowance1>
            <bm_abroadallowance2>0.00</bm_abroadallowance2>
            <bm_abroadallowance3>0.00</bm_abroadallowance3>
            <bm_budgetno>33030011800</bm_budgetno>
            <bm_regionno>91</bm_regionno>
            <bm_country>美國</bm_country>
            <bm_agency/>
            <bm_cont_text>瞭解國際主要資訊安全會議。</bm_cont_text>
            <bm_durationfrom>10502</bm_durationfrom>
            <bm_durationto>10503</bm_durationto>
            <bm_days>8</bm_days>
            <bm_persons>1</bm_persons>
            <bm_amt_trans>60000.00</bm_amt_trans>
            <bm_amt_life>58000.00</bm_amt_life>
            <bm_amt_public>0.00</bm_amt_public>
            <bm_amt_books>0.00</bm_amt_books>
            <bm_amt_flight>0.00</bm_amt_flight>
            <bm_versiondate/>
        </BCTDOUTGO_row>
        <BCTDOUTGO_row>
            <bm_fiscalyear>105</bm_fiscalyear>
            <bm_fundkind>1</bm_fundkind>
            <bm_budgetkind>1</bm_budgetkind>
            <bm_specialbudgetno/>
            <bm_agenno>03001</bm_agenno>
            <bm_agentype>C</bm_agentype>
            <bm_budgetstate>2</bm_budgetstate>
            <bm_abroadplan>1</bm_abroadplan>
            <bm_projtype>2 </bm_projtype>
            <bm_projno>11</bm_projno>
            <bm_abroadplanname>參加強化臺日災害防救業務交流及合作會議－(災)</bm_abroadplanname>
            <bm_visitsts>0</bm_visitsts>
            <bm_visitexplain/>
            <bm_dispatchstaffs>0</bm_dispatchstaffs>
            <bm_abroadsite1/>
            <bm_abroadsite2/>
            <bm_abroadsite3/>
            <bm_abroadperiod1/>
            <bm_abroadperiodto1/>
            <bm_abroadperiod2/>
            <bm_abroadperiodto2/>
            <bm_abroadperiod3/>
            <bm_abroadperiodto3/>
            <bm_abroadstaffs1>0</bm_abroadstaffs1>
            <bm_abroadstaffs2>0</bm_abroadstaffs2>
            <bm_abroadstaffs3>0</bm_abroadstaffs3>
            <bm_abroadallowance1>0.00</bm_abroadallowance1>
            <bm_abroadallowance2>0.00</bm_abroadallowance2>
            <bm_abroadallowance3>0.00</bm_abroadallowance3>
            <bm_budgetno>33030011900</bm_budgetno>
            <bm_regionno>91</bm_regionno>
            <bm_country>日本</bm_country>
            <bm_agency/>
            <bm_cont_text>為強化臺日雙方災害防救業務交流及合作，每年輪流以會議(論壇)模式，凝聚雙方合作交流共識，分享災害管理經驗及資訊，並洽詢世界減少災害風險大會(WCDRR)仙台綱領與仙台宣言進一步合作具體方向。</bm_cont_text>
            <bm_durationfrom>10503</bm_durationfrom>
            <bm_durationto>10506</bm_durationto>
            <bm_days>5</bm_days>
            <bm_persons>2</bm_persons>
            <bm_amt_trans>42000.00</bm_amt_trans>
            <bm_amt_life>80000.00</bm_amt_life>
            <bm_amt_public>2000.00</bm_amt_public>
            <bm_amt_books>0.00</bm_amt_books>
            <bm_amt_flight>0.00</bm_amt_flight>
            <bm_versiondate/>
        </BCTDOUTGO_row>
        <BCTDOUTGO_row>
            <bm_fiscalyear>105</bm_fiscalyear>
            <bm_fundkind>1</bm_fundkind>
            <bm_budgetkind>1</bm_budgetkind>
            <bm_specialbudgetno/>
            <bm_agenno>03001</bm_agenno>
            <bm_agentype>C</bm_agentype>
            <bm_budgetstate>2</bm_budgetstate>
            <bm_abroadplan>1</bm_abroadplan>
            <bm_projtype>2 </bm_projtype>
            <bm_projno>12</bm_projno>
            <bm_abroadplanname>參加聯合國婦女地位委員會(CSW)舉辦之相關會議－(性)</bm_abroadplanname>
            <bm_visitsts>0</bm_visitsts>
            <bm_visitexplain/>
            <bm_dispatchstaffs>0</bm_dispatchstaffs>
            <bm_abroadsite1>美國紐約</bm_abroadsite1>
            <bm_abroadsite2>美國紐約</bm_abroadsite2>
            <bm_abroadsite3>美國紐約</bm_abroadsite3>
            <bm_abroadperiod1>10203</bm_abroadperiod1>
            <bm_abroadperiodto1>10203</bm_abroadperiodto1>
            <bm_abroadperiod2>10303</bm_abroadperiod2>
            <bm_abroadperiodto2>10303</bm_abroadperiodto2>
            <bm_abroadperiod3>10403</bm_abroadperiod3>
            <bm_abroadperiodto3>10403</bm_abroadperiodto3>
            <bm_abroadstaffs1>1</bm_abroadstaffs1>
            <bm_abroadstaffs2>1</bm_abroadstaffs2>
            <bm_abroadstaffs3>1</bm_abroadstaffs3>
            <bm_abroadallowance1>129000.00</bm_abroadallowance1>
            <bm_abroadallowance2>127000.00</bm_abroadallowance2>
            <bm_abroadallowance3>133000.00</bm_abroadallowance3>
            <bm_budgetno>33030012000</bm_budgetno>
            <bm_regionno>91</bm_regionno>
            <bm_country>美國</bm_country>
            <bm_agency/>
            <bm_cont_text>&amp;lt;#H1&amp;gt;瞭解CSW推動婦女權益相關業務。&amp;lt;#H1&amp;gt;與各國NGO代表互動交流，交換推動婦女權益工作之經驗。&amp;lt;#H1&amp;gt;宣傳我國推動婦女權益工作之績效。&#xd;
</bm_cont_text>
            <bm_durationfrom>10502</bm_durationfrom>
            <bm_durationto>10503</bm_durationto>
            <bm_days>10</bm_days>
            <bm_persons>1</bm_persons>
            <bm_amt_trans>58000.00</bm_amt_trans>
            <bm_amt_life>75000.00</bm_amt_life>
            <bm_amt_public>5000.00</bm_amt_public>
            <bm_amt_books>0.00</bm_amt_books>
            <bm_amt_flight>0.00</bm_amt_flight>
            <bm_versiondate/>
        </BCTDOUTGO_row>
        <BCTDOUTGO_row>
            <bm_fiscalyear>105</bm_fiscalyear>
            <bm_fundkind>1</bm_fundkind>
            <bm_budgetkind>1</bm_budgetkind>
            <bm_specialbudgetno/>
            <bm_agenno>03001</bm_agenno>
            <bm_agentype>C</bm_agentype>
            <bm_budgetstate>2</bm_budgetstate>
            <bm_abroadplan>1</bm_abroadplan>
            <bm_projtype>2 </bm_projtype>
            <bm_projno>13</bm_projno>
            <bm_abroadplanname>參加臺歐盟性別平權會議－(性)</bm_abroadplanname>
            <bm_visitsts/>
            <bm_visitexplain/>
            <bm_dispatchstaffs>0</bm_dispatchstaffs>
            <bm_abroadsite1/>
            <bm_abroadsite2/>
            <bm_abroadsite3/>
            <bm_abroadperiod1/>
            <bm_abroadperiodto1/>
            <bm_abroadperiod2/>
            <bm_abroadperiodto2/>
            <bm_abroadperiod3/>
            <bm_abroadperiodto3/>
            <bm_abroadstaffs1>0</bm_abroadstaffs1>
            <bm_abroadstaffs2>0</bm_abroadstaffs2>
            <bm_abroadstaffs3>0</bm_abroadstaffs3>
            <bm_abroadallowance1>0.00</bm_abroadallowance1>
            <bm_abroadallowance2>0.00</bm_abroadallowance2>
            <bm_abroadallowance3>0.00</bm_abroadallowance3>
            <bm_budgetno>33030012000</bm_budgetno>
            <bm_regionno>91</bm_regionno>
            <bm_country>比利時、立陶宛</bm_country>
            <bm_agency/>
            <bm_cont_text>就雙邊性別平權事宜進行交流，洽談合作事宜。</bm_cont_text>
            <bm_durationfrom>10501</bm_durationfrom>
            <bm_durationto>10512</bm_durationto>
            <bm_days>8</bm_days>
            <bm_persons>2</bm_persons>
            <bm_amt_trans>190000.00</bm_amt_trans>
            <bm_amt_life>108000.00</bm_amt_life>
            <bm_amt_public>9000.00</bm_amt_public>
            <bm_amt_books>0.00</bm_amt_books>
            <bm_amt_flight>0.00</bm_amt_flight>
            <bm_versiondate/>
        </BCTDOUTGO_row>
        <BCTDOUTGO_row>
            <bm_fiscalyear>105</bm_fiscalyear>
            <bm_fundkind>1</bm_fundkind>
            <bm_budgetkind>1</bm_budgetkind>
            <bm_specialbudgetno/>
            <bm_agenno>03001</bm_agenno>
            <bm_agentype>C</bm_agentype>
            <bm_budgetstate>2</bm_budgetstate>
            <bm_abroadplan>1</bm_abroadplan>
            <bm_projtype>2 </bm_projtype>
            <bm_projno>14</bm_projno>
            <bm_abroadplanname>參加國際消費者保護執行網絡(ICPEN)、經濟合作發展組織(OECD)及其他國際組織或雙邊會議－(消)</bm_abroadplanname>
            <bm_visitsts>0</bm_visitsts>
            <bm_visitexplain/>
            <bm_dispatchstaffs>0</bm_dispatchstaffs>
            <bm_abroadsite1>巴拿馬</bm_abroadsite1>
            <bm_abroadsite2>瑞典斯德哥爾摩</bm_abroadsite2>
            <bm_abroadsite3>瑞典奧勒</bm_abroadsite3>
            <bm_abroadperiod1>10304</bm_abroadperiod1>
            <bm_abroadperiodto1>10304</bm_abroadperiodto1>
            <bm_abroadperiod2>10310</bm_abroadperiod2>
            <bm_abroadperiodto2>10310</bm_abroadperiodto2>
            <bm_abroadperiod3>10404</bm_abroadperiod3>
            <bm_abroadperiodto3>10404</bm_abroadperiodto3>
            <bm_abroadstaffs1>2</bm_abroadstaffs1>
            <bm_abroadstaffs2>2</bm_abroadstaffs2>
            <bm_abroadstaffs3>2</bm_abroadstaffs3>
            <bm_abroadallowance1>190000.00</bm_abroadallowance1>
            <bm_abroadallowance2>260000.00</bm_abroadallowance2>
            <bm_abroadallowance3>201000.00</bm_abroadallowance3>
            <bm_budgetno>33030012200</bm_budgetno>
            <bm_regionno>91</bm_regionno>
            <bm_country>美洲或歐洲等（尚未決定主辦國家及地點）</bm_country>
            <bm_agency/>
            <bm_cont_text>&amp;lt;#H1&amp;gt;行政院消費者保護處為我國唯一獲ICPEN同意得出席會議之單位，與會爭取成為ICPEN會員或觀察員。&amp;lt;#H1&amp;gt;討論ICPEN及OECD之消保政策、法令、制度議題。&amp;lt;#H1&amp;gt;協商處理跨境消費爭議。&amp;lt;#H1&amp;gt;獲取國際最新消保趨勢。&amp;lt;#H1&amp;gt;於國際組織會議平台，與先進國家進行雙邊諮商交流。</bm_cont_text>
            <bm_durationfrom>10503</bm_durationfrom>
            <bm_durationto>10512</bm_durationto>
            <bm_days>8</bm_days>
            <bm_persons>4</bm_persons>
            <bm_amt_trans>260000.00</bm_amt_trans>
            <bm_amt_life>250000.00</bm_amt_life>
            <bm_amt_public>52000.00</bm_amt_public>
            <bm_amt_books>0.00</bm_amt_books>
            <bm_amt_flight>0.00</bm_amt_flight>
            <bm_versiondate/>
        </BCTDOUTGO_row>
        <BCTDOUTGO_row>
            <bm_fiscalyear>105</bm_fiscalyear>
            <bm_fundkind>1</bm_fundkind>
            <bm_budgetkind>1</bm_budgetkind>
            <bm_specialbudgetno/>
            <bm_agenno>03001</bm_agenno>
            <bm_agentype>C</bm_agentype>
            <bm_budgetstate>2</bm_budgetstate>
            <bm_abroadplan>1</bm_abroadplan>
            <bm_projtype>2 </bm_projtype>
            <bm_projno>15</bm_projno>
            <bm_abroadplanname>參加國際消費產品健康安全組織(ICPHSO)2016年會－(消)</bm_abroadplanname>
            <bm_visitsts>0</bm_visitsts>
            <bm_visitexplain/>
            <bm_dispatchstaffs>0</bm_dispatchstaffs>
            <bm_abroadsite1>美國華盛頓特區</bm_abroadsite1>
            <bm_abroadsite2>美國奧蘭多</bm_abroadsite2>
            <bm_abroadsite3>美國奧蘭多</bm_abroadsite3>
            <bm_abroadperiod1>09902</bm_abroadperiod1>
            <bm_abroadperiodto1>09902</bm_abroadperiodto1>
            <bm_abroadperiod2>10002</bm_abroadperiod2>
            <bm_abroadperiodto2>10002</bm_abroadperiodto2>
            <bm_abroadperiod3>10102</bm_abroadperiod3>
            <bm_abroadperiodto3>10102</bm_abroadperiodto3>
            <bm_abroadstaffs1>2</bm_abroadstaffs1>
            <bm_abroadstaffs2>2</bm_abroadstaffs2>
            <bm_abroadstaffs3>2</bm_abroadstaffs3>
            <bm_abroadallowance1>249000.00</bm_abroadallowance1>
            <bm_abroadallowance2>242000.00</bm_abroadallowance2>
            <bm_abroadallowance3>255000.00</bm_abroadallowance3>
            <bm_budgetno>33030012200</bm_budgetno>
            <bm_regionno>91</bm_regionno>
            <bm_country>美國</bm_country>
            <bm_agency/>
            <bm_cont_text>產品的健康和安全問題超越地域界限，藉由會議交流思想，分享信息，瞭解產品發展趨勢、檢驗查核與維護健康及安全機制。</bm_cont_text>
            <bm_durationfrom>10502</bm_durationfrom>
            <bm_durationto>10503</bm_durationto>
            <bm_days>8</bm_days>
            <bm_persons>1</bm_persons>
            <bm_amt_trans>65000.00</bm_amt_trans>
            <bm_amt_life>62000.00</bm_amt_life>
            <bm_amt_public>12000.00</bm_amt_public>
            <bm_amt_books>0.00</bm_amt_books>
            <bm_amt_flight>0.00</bm_amt_flight>
            <bm_versiondate/>
        </BCTDOUTGO_row>
        <BCTDOUTGO_row>
            <bm_fiscalyear>105</bm_fiscalyear>
            <bm_fundkind>1</bm_fundkind>
            <bm_budgetkind>1</bm_budgetkind>
            <bm_specialbudgetno/>
            <bm_agenno>03001</bm_agenno>
            <bm_agentype>C</bm_agentype>
            <bm_budgetstate>2</bm_budgetstate>
            <bm_abroadplan>1</bm_abroadplan>
            <bm_projtype>2 </bm_projtype>
            <bm_projno>16</bm_projno>
            <bm_abroadplanname>參加世界衛生組織召開之世界衛生大會(WHA)－(食安)</bm_abroadplanname>
            <bm_visitsts/>
            <bm_visitexplain/>
            <bm_dispatchstaffs>0</bm_dispatchstaffs>
            <bm_abroadsite1/>
            <bm_abroadsite2/>
            <bm_abroadsite3/>
            <bm_abroadperiod1/>
            <bm_abroadperiodto1/>
            <bm_abroadperiod2/>
            <bm_abroadperiodto2/>
            <bm_abroadperiod3/>
            <bm_abroadperiodto3/>
            <bm_abroadstaffs1>0</bm_abroadstaffs1>
            <bm_abroadstaffs2>0</bm_abroadstaffs2>
            <bm_abroadstaffs3>0</bm_abroadstaffs3>
            <bm_abroadallowance1>0.00</bm_abroadallowance1>
            <bm_abroadallowance2>0.00</bm_abroadallowance2>
            <bm_abroadallowance3>0.00</bm_abroadallowance3>
            <bm_budgetno>33030012200</bm_budgetno>
            <bm_regionno>91</bm_regionno>
            <bm_country>瑞士</bm_country>
            <bm_agency/>
            <bm_cont_text>確保食品安全是世界衛生組織積極推動之衛生政策，我國於98年正式成為世界衛生大會(WHA)觀察員，出席世界衛生大會(WHA)，與我國代表團共同與友邦衛生部長進行雙邊及多邊就食安會談，研商涉食安跨衛生領域合作計畫，並出席同期間所舉辦的衛生組織相關會議，以提昇跨部會食品安全管理效能。</bm_cont_text>
            <bm_durationfrom>10505</bm_durationfrom>
            <bm_durationto>10506</bm_durationto>
            <bm_days>9</bm_days>
            <bm_persons>1</bm_persons>
            <bm_amt_trans>80000.00</bm_amt_trans>
            <bm_amt_life>77000.00</bm_amt_life>
            <bm_amt_public>10000.00</bm_amt_public>
            <bm_amt_books>0.00</bm_amt_books>
            <bm_amt_flight>0.00</bm_amt_flight>
            <bm_versiondate/>
        </BCTDOUTGO_row>
        <BCTDOUTGO_row>
            <bm_fiscalyear>105</bm_fiscalyear>
            <bm_fundkind>1</bm_fundkind>
            <bm_budgetkind>1</bm_budgetkind>
            <bm_specialbudgetno/>
            <bm_agenno>03001</bm_agenno>
            <bm_agentype>C</bm_agentype>
            <bm_budgetstate>2</bm_budgetstate>
            <bm_abroadplan>1</bm_abroadplan>
            <bm_projtype>2 </bm_projtype>
            <bm_projno>17</bm_projno>
            <bm_abroadplanname>參加歐洲食品安全局(EFSA)科學委員會全體大會－(食安)</bm_abroadplanname>
            <bm_visitsts/>
            <bm_visitexplain/>
            <bm_dispatchstaffs>0</bm_dispatchstaffs>
            <bm_abroadsite1/>
            <bm_abroadsite2/>
            <bm_abroadsite3/>
            <bm_abroadperiod1/>
            <bm_abroadperiodto1/>
            <bm_abroadperiod2/>
            <bm_abroadperiodto2/>
            <bm_abroadperiod3/>
            <bm_abroadperiodto3/>
            <bm_abroadstaffs1>0</bm_abroadstaffs1>
            <bm_abroadstaffs2>0</bm_abroadstaffs2>
            <bm_abroadstaffs3>0</bm_abroadstaffs3>
            <bm_abroadallowance1>0.00</bm_abroadallowance1>
            <bm_abroadallowance2>0.00</bm_abroadallowance2>
            <bm_abroadallowance3>0.00</bm_abroadallowance3>
            <bm_budgetno>33030012200</bm_budgetno>
            <bm_regionno>91</bm_regionno>
            <bm_country>比利時</bm_country>
            <bm_agency/>
            <bm_cont_text>歐洲食品安全局是歐盟轄下負責涉食品安全科學性風險評估之獨立機構，其科學委員會每年會召開全員會議，出席會議藉以蒐集跨領域科學性評估重點等，並與與會之各國專家廣泛交流及聽取各界意見，汲取經驗，以整合國內涉食品安全之跨部會風險評估資源。</bm_cont_text>
            <bm_durationfrom>10511</bm_durationfrom>
            <bm_durationto>10512</bm_durationto>
            <bm_days>7</bm_days>
            <bm_persons>1</bm_persons>
            <bm_amt_trans>80000.00</bm_amt_trans>
            <bm_amt_life>52000.00</bm_amt_life>
            <bm_amt_public>10000.00</bm_amt_public>
            <bm_amt_books>0.00</bm_amt_books>
            <bm_amt_flight>0.00</bm_amt_flight>
            <bm_versiondate/>
        </BCTDOUTGO_row>
        <BCTDOUTGO_row>
            <bm_fiscalyear>105</bm_fiscalyear>
            <bm_fundkind>1</bm_fundkind>
            <bm_budgetkind>1</bm_budgetkind>
            <bm_specialbudgetno/>
            <bm_agenno>03001</bm_agenno>
            <bm_agentype>C</bm_agentype>
            <bm_budgetstate>2</bm_budgetstate>
            <bm_abroadplan>1</bm_abroadplan>
            <bm_projtype>2 </bm_projtype>
            <bm_projno>18</bm_projno>
            <bm_abroadplanname>參加國際食品標準委員會(CODEX)食品污染物委員會議－(食安)</bm_abroadplanname>
            <bm_visitsts/>
            <bm_visitexplain/>
            <bm_dispatchstaffs>0</bm_dispatchstaffs>
            <bm_abroadsite1/>
            <bm_abroadsite2/>
            <bm_abroadsite3/>
            <bm_abroadperiod1/>
            <bm_abroadperiodto1/>
            <bm_abroadperiod2/>
            <bm_abroadperiodto2/>
            <bm_abroadperiod3/>
            <bm_abroadperiodto3/>
            <bm_abroadstaffs1>0</bm_abroadstaffs1>
            <bm_abroadstaffs2>0</bm_abroadstaffs2>
            <bm_abroadstaffs3>0</bm_abroadstaffs3>
            <bm_abroadallowance1>0.00</bm_abroadallowance1>
            <bm_abroadallowance2>0.00</bm_abroadallowance2>
            <bm_abroadallowance3>0.00</bm_abroadallowance3>
            <bm_budgetno>33030012200</bm_budgetno>
            <bm_regionno>91</bm_regionno>
            <bm_country>美國</bm_country>
            <bm_agency/>
            <bm_cont_text>國際食品標準委員會(CODEX)食品污染物委員會議每年召開，由各國專家就污染物安全性及標準訂定討論及研商，擬藉由參加會議，與各國專家廣泛交流食品污染物安全管理趨勢與管理經驗，促進國際食品中污染物跨領域管理合作，以及提升國內跨部會食品安全管理效能。</bm_cont_text>
            <bm_durationfrom>10503</bm_durationfrom>
            <bm_durationto>10504</bm_durationto>
            <bm_days>7</bm_days>
            <bm_persons>1</bm_persons>
            <bm_amt_trans>80000.00</bm_amt_trans>
            <bm_amt_life>53000.00</bm_amt_life>
            <bm_amt_public>10000.00</bm_amt_public>
            <bm_amt_books>0.00</bm_amt_books>
            <bm_amt_flight>0.00</bm_amt_flight>
            <bm_versiondate/>
        </BCTDOUTGO_row>
    </BCTDOUTGO>
</tables>
