<?xml version="1.0" encoding="UTF-8"?>
<tables>
    <BCTMCAR>
        <BCTMCAR_row>
            <bq_fiscalyear>105</bq_fiscalyear>
            <bq_fundkind>1</bq_fundkind>
            <bq_budgetkind>1</bq_budgetkind>
            <bq_specialbudgetno/>
            <bq_agenno>03001</bq_agenno>
            <bq_agentype>C</bq_agentype>
            <bq_budgetstate>2</bq_budgetstate>
            <bq_budgetno>33030010100</bq_budgetno>
            <bq_objectno>07350100</bq_objectno>
            <bq_carid>001</bq_carid>
            <bq_persons>4</bq_persons>
            <bq_buydate>10412</bq_buydate>
            <bq_ventsize>2500</bq_ventsize>
            <bq_oilamt>1140</bq_oilamt>
            <bq_oilprice>25.70</bq_oilprice>
            <bq_amt_maintain>8500.00</bq_amt_maintain>
            <bq_amt5>96000.00</bq_amt5>
            <bq_carnum>1</bq_carnum>
            <bq_remark>預定104年12月汰換油電混合動力車2,500cc。</bq_remark>
            <bq_lpgamt>0</bq_lpgamt>
            <bq_lpgprice>0.00</bq_lpgprice>
            <bq_versiondate/>
        </BCTMCAR_row>
        <BCTMCAR_row>
            <bq_fiscalyear>105</bq_fiscalyear>
            <bq_fundkind>1</bq_fundkind>
            <bq_budgetkind>1</bq_budgetkind>
            <bq_specialbudgetno/>
            <bq_agenno>03001</bq_agenno>
            <bq_agentype>C</bq_agentype>
            <bq_budgetstate>2</bq_budgetstate>
            <bq_budgetno>33030010100</bq_budgetno>
            <bq_objectno>07351500</bq_objectno>
            <bq_carid>002</bq_carid>
            <bq_persons>10</bq_persons>
            <bq_buydate>10412</bq_buydate>
            <bq_ventsize>3450</bq_ventsize>
            <bq_oilamt>1668</bq_oilamt>
            <bq_oilprice>25.70</bq_oilprice>
            <bq_amt_maintain>8500.00</bq_amt_maintain>
            <bq_amt5>55000.00</bq_amt5>
            <bq_carnum>1</bq_carnum>
            <bq_remark>預定104年12月汰換3,450cc。</bq_remark>
            <bq_lpgamt>0</bq_lpgamt>
            <bq_lpgprice>0.00</bq_lpgprice>
            <bq_versiondate/>
        </BCTMCAR_row>
        <BCTMCAR_row>
            <bq_fiscalyear>105</bq_fiscalyear>
            <bq_fundkind>1</bq_fundkind>
            <bq_budgetkind>1</bq_budgetkind>
            <bq_specialbudgetno/>
            <bq_agenno>03001</bq_agenno>
            <bq_agentype>C</bq_agentype>
            <bq_budgetstate>2</bq_budgetstate>
            <bq_budgetno>33030010100</bq_budgetno>
            <bq_objectno>07350400</bq_objectno>
            <bq_carid>0089-QH</bq_carid>
            <bq_persons>4</bq_persons>
            <bq_buydate>09406</bq_buydate>
            <bq_ventsize>3000</bq_ventsize>
            <bq_oilamt>1668</bq_oilamt>
            <bq_oilprice>25.70</bq_oilprice>
            <bq_amt_maintain>51000.00</bq_amt_maintain>
            <bq_amt5>33000.00</bq_amt5>
            <bq_carnum>1</bq_carnum>
            <bq_remark/>
            <bq_lpgamt>0</bq_lpgamt>
            <bq_lpgprice>0.00</bq_lpgprice>
            <bq_versiondate/>
        </BCTMCAR_row>
        <BCTMCAR_row>
            <bq_fiscalyear>105</bq_fiscalyear>
            <bq_fundkind>1</bq_fundkind>
            <bq_budgetkind>1</bq_budgetkind>
            <bq_specialbudgetno/>
            <bq_agenno>03001</bq_agenno>
            <bq_agentype>C</bq_agentype>
            <bq_budgetstate>2</bq_budgetstate>
            <bq_budgetno>33030010100</bq_budgetno>
            <bq_objectno>07350900</bq_objectno>
            <bq_carid>0109-QT</bq_carid>
            <bq_persons>7</bq_persons>
            <bq_buydate>09608</bq_buydate>
            <bq_ventsize>2000</bq_ventsize>
            <bq_oilamt>1668</bq_oilamt>
            <bq_oilprice>25.70</bq_oilprice>
            <bq_amt_maintain>51000.00</bq_amt_maintain>
            <bq_amt5>27000.00</bq_amt5>
            <bq_carnum>1</bq_carnum>
            <bq_remark/>
            <bq_lpgamt>0</bq_lpgamt>
            <bq_lpgprice>0.00</bq_lpgprice>
            <bq_versiondate/>
        </BCTMCAR_row>
        <BCTMCAR_row>
            <bq_fiscalyear>105</bq_fiscalyear>
            <bq_fundkind>1</bq_fundkind>
            <bq_budgetkind>1</bq_budgetkind>
            <bq_specialbudgetno/>
            <bq_agenno>03001</bq_agenno>
            <bq_agentype>C</bq_agentype>
            <bq_budgetstate>2</bq_budgetstate>
            <bq_budgetno>33030011600</bq_budgetno>
            <bq_objectno>07350400</bq_objectno>
            <bq_carid>0968-XJ</bq_carid>
            <bq_persons>4</bq_persons>
            <bq_buydate>09609</bq_buydate>
            <bq_ventsize>2378</bq_ventsize>
            <bq_oilamt>1668</bq_oilamt>
            <bq_oilprice>25.70</bq_oilprice>
            <bq_amt_maintain>51000.00</bq_amt_maintain>
            <bq_amt5>43000.00</bq_amt5>
            <bq_carnum>1</bq_carnum>
            <bq_remark>南部聯合服務中心。</bq_remark>
            <bq_lpgamt>0</bq_lpgamt>
            <bq_lpgprice>0.00</bq_lpgprice>
            <bq_versiondate/>
        </BCTMCAR_row>
        <BCTMCAR_row>
            <bq_fiscalyear>105</bq_fiscalyear>
            <bq_fundkind>1</bq_fundkind>
            <bq_budgetkind>1</bq_budgetkind>
            <bq_specialbudgetno/>
            <bq_agenno>03001</bq_agenno>
            <bq_agentype>C</bq_agentype>
            <bq_budgetstate>2</bq_budgetstate>
            <bq_budgetno>33030010100</bq_budgetno>
            <bq_objectno>07350100</bq_objectno>
            <bq_carid>1136-EP</bq_carid>
            <bq_persons>4</bq_persons>
            <bq_buydate>09406</bq_buydate>
            <bq_ventsize>3000</bq_ventsize>
            <bq_oilamt>1668</bq_oilamt>
            <bq_oilprice>25.70</bq_oilprice>
            <bq_amt_maintain>51000.00</bq_amt_maintain>
            <bq_amt5>68000.00</bq_amt5>
            <bq_carnum>1</bq_carnum>
            <bq_remark/>
            <bq_lpgamt>0</bq_lpgamt>
            <bq_lpgprice>0.00</bq_lpgprice>
            <bq_versiondate/>
        </BCTMCAR_row>
        <BCTMCAR_row>
            <bq_fiscalyear>105</bq_fiscalyear>
            <bq_fundkind>1</bq_fundkind>
            <bq_budgetkind>1</bq_budgetkind>
            <bq_specialbudgetno/>
            <bq_agenno>03001</bq_agenno>
            <bq_agentype>C</bq_agentype>
            <bq_budgetstate>2</bq_budgetstate>
            <bq_budgetno>33030011600</bq_budgetno>
            <bq_objectno>07350400</bq_objectno>
            <bq_carid>1268-ZY</bq_carid>
            <bq_persons>4</bq_persons>
            <bq_buydate>09912</bq_buydate>
            <bq_ventsize>1797</bq_ventsize>
            <bq_oilamt>1668</bq_oilamt>
            <bq_oilprice>25.70</bq_oilprice>
            <bq_amt_maintain>34000.00</bq_amt_maintain>
            <bq_amt5>37000.00</bq_amt5>
            <bq_carnum>1</bq_carnum>
            <bq_remark>南部聯合服務中心。</bq_remark>
            <bq_lpgamt>0</bq_lpgamt>
            <bq_lpgprice>0.00</bq_lpgprice>
            <bq_versiondate/>
        </BCTMCAR_row>
        <BCTMCAR_row>
            <bq_fiscalyear>105</bq_fiscalyear>
            <bq_fundkind>1</bq_fundkind>
            <bq_budgetkind>1</bq_budgetkind>
            <bq_specialbudgetno/>
            <bq_agenno>03001</bq_agenno>
            <bq_agentype>C</bq_agentype>
            <bq_budgetstate>2</bq_budgetstate>
            <bq_budgetno>33030010100</bq_budgetno>
            <bq_objectno>07350100</bq_objectno>
            <bq_carid>1283-ZU</bq_carid>
            <bq_persons>4</bq_persons>
            <bq_buydate>10004</bq_buydate>
            <bq_ventsize>2362</bq_ventsize>
            <bq_oilamt>1668</bq_oilamt>
            <bq_oilprice>25.70</bq_oilprice>
            <bq_amt_maintain>34000.00</bq_amt_maintain>
            <bq_amt5>55000.00</bq_amt5>
            <bq_carnum>1</bq_carnum>
            <bq_remark/>
            <bq_lpgamt>0</bq_lpgamt>
            <bq_lpgprice>0.00</bq_lpgprice>
            <bq_versiondate/>
        </BCTMCAR_row>
        <BCTMCAR_row>
            <bq_fiscalyear>105</bq_fiscalyear>
            <bq_fundkind>1</bq_fundkind>
            <bq_budgetkind>1</bq_budgetkind>
            <bq_specialbudgetno/>
            <bq_agenno>03001</bq_agenno>
            <bq_agentype>C</bq_agentype>
            <bq_budgetstate>2</bq_budgetstate>
            <bq_budgetno>33030010100</bq_budgetno>
            <bq_objectno>07351500</bq_objectno>
            <bq_carid>1310-QH</bq_carid>
            <bq_persons>4</bq_persons>
            <bq_buydate>09908</bq_buydate>
            <bq_ventsize>2359</bq_ventsize>
            <bq_oilamt>1668</bq_oilamt>
            <bq_oilprice>25.70</bq_oilprice>
            <bq_amt_maintain>34000.00</bq_amt_maintain>
            <bq_amt5>46000.00</bq_amt5>
            <bq_carnum>1</bq_carnum>
            <bq_remark/>
            <bq_lpgamt>0</bq_lpgamt>
            <bq_lpgprice>0.00</bq_lpgprice>
            <bq_versiondate/>
        </BCTMCAR_row>
        <BCTMCAR_row>
            <bq_fiscalyear>105</bq_fiscalyear>
            <bq_fundkind>1</bq_fundkind>
            <bq_budgetkind>1</bq_budgetkind>
            <bq_specialbudgetno/>
            <bq_agenno>03001</bq_agenno>
            <bq_agentype>C</bq_agentype>
            <bq_budgetstate>2</bq_budgetstate>
            <bq_budgetno>33030010100</bq_budgetno>
            <bq_objectno>07351500</bq_objectno>
            <bq_carid>1312-QH</bq_carid>
            <bq_persons>4</bq_persons>
            <bq_buydate>09908</bq_buydate>
            <bq_ventsize>2359</bq_ventsize>
            <bq_oilamt>1668</bq_oilamt>
            <bq_oilprice>25.70</bq_oilprice>
            <bq_amt_maintain>34000.00</bq_amt_maintain>
            <bq_amt5>31000.00</bq_amt5>
            <bq_carnum>1</bq_carnum>
            <bq_remark/>
            <bq_lpgamt>0</bq_lpgamt>
            <bq_lpgprice>0.00</bq_lpgprice>
            <bq_versiondate/>
        </BCTMCAR_row>
        <BCTMCAR_row>
            <bq_fiscalyear>105</bq_fiscalyear>
            <bq_fundkind>1</bq_fundkind>
            <bq_budgetkind>1</bq_budgetkind>
            <bq_specialbudgetno/>
            <bq_agenno>03001</bq_agenno>
            <bq_agentype>C</bq_agentype>
            <bq_budgetstate>2</bq_budgetstate>
            <bq_budgetno>33030010100</bq_budgetno>
            <bq_objectno>07350100</bq_objectno>
            <bq_carid>1515-UX</bq_carid>
            <bq_persons>4</bq_persons>
            <bq_buydate>09912</bq_buydate>
            <bq_ventsize>2400</bq_ventsize>
            <bq_oilamt>1668</bq_oilamt>
            <bq_oilprice>25.70</bq_oilprice>
            <bq_amt_maintain>34000.00</bq_amt_maintain>
            <bq_amt5>55000.00</bq_amt5>
            <bq_carnum>1</bq_carnum>
            <bq_remark/>
            <bq_lpgamt>0</bq_lpgamt>
            <bq_lpgprice>0.00</bq_lpgprice>
            <bq_versiondate/>
        </BCTMCAR_row>
        <BCTMCAR_row>
            <bq_fiscalyear>105</bq_fiscalyear>
            <bq_fundkind>1</bq_fundkind>
            <bq_budgetkind>1</bq_budgetkind>
            <bq_specialbudgetno/>
            <bq_agenno>03001</bq_agenno>
            <bq_agentype>C</bq_agentype>
            <bq_budgetstate>2</bq_budgetstate>
            <bq_budgetno>33030010100</bq_budgetno>
            <bq_objectno>07350400</bq_objectno>
            <bq_carid>1527-QZ</bq_carid>
            <bq_persons>4</bq_persons>
            <bq_buydate>09204</bq_buydate>
            <bq_ventsize>2000</bq_ventsize>
            <bq_oilamt>1668</bq_oilamt>
            <bq_oilprice>25.70</bq_oilprice>
            <bq_amt_maintain>51000.00</bq_amt_maintain>
            <bq_amt5>27000.00</bq_amt5>
            <bq_carnum>1</bq_carnum>
            <bq_remark/>
            <bq_lpgamt>0</bq_lpgamt>
            <bq_lpgprice>0.00</bq_lpgprice>
            <bq_versiondate/>
        </BCTMCAR_row>
        <BCTMCAR_row>
            <bq_fiscalyear>105</bq_fiscalyear>
            <bq_fundkind>1</bq_fundkind>
            <bq_budgetkind>1</bq_budgetkind>
            <bq_specialbudgetno/>
            <bq_agenno>03001</bq_agenno>
            <bq_agentype>C</bq_agentype>
            <bq_budgetstate>2</bq_budgetstate>
            <bq_budgetno>33030010100</bq_budgetno>
            <bq_objectno>07350100</bq_objectno>
            <bq_carid>2085-QH</bq_carid>
            <bq_persons>4</bq_persons>
            <bq_buydate>09912</bq_buydate>
            <bq_ventsize>2400</bq_ventsize>
            <bq_oilamt>1668</bq_oilamt>
            <bq_oilprice>25.70</bq_oilprice>
            <bq_amt_maintain>34000.00</bq_amt_maintain>
            <bq_amt5>55000.00</bq_amt5>
            <bq_carnum>1</bq_carnum>
            <bq_remark/>
            <bq_lpgamt>0</bq_lpgamt>
            <bq_lpgprice>0.00</bq_lpgprice>
            <bq_versiondate/>
        </BCTMCAR_row>
        <BCTMCAR_row>
            <bq_fiscalyear>105</bq_fiscalyear>
            <bq_fundkind>1</bq_fundkind>
            <bq_budgetkind>1</bq_budgetkind>
            <bq_specialbudgetno/>
            <bq_agenno>03001</bq_agenno>
            <bq_agentype>C</bq_agentype>
            <bq_budgetstate>2</bq_budgetstate>
            <bq_budgetno>33030010100</bq_budgetno>
            <bq_objectno>07351200</bq_objectno>
            <bq_carid>2423-DC</bq_carid>
            <bq_persons>2</bq_persons>
            <bq_buydate>09204</bq_buydate>
            <bq_ventsize>2000</bq_ventsize>
            <bq_oilamt>1668</bq_oilamt>
            <bq_oilprice>25.70</bq_oilprice>
            <bq_amt_maintain>51000.00</bq_amt_maintain>
            <bq_amt5>27000.00</bq_amt5>
            <bq_carnum>1</bq_carnum>
            <bq_remark/>
            <bq_lpgamt>0</bq_lpgamt>
            <bq_lpgprice>0.00</bq_lpgprice>
            <bq_versiondate/>
        </BCTMCAR_row>
        <BCTMCAR_row>
            <bq_fiscalyear>105</bq_fiscalyear>
            <bq_fundkind>1</bq_fundkind>
            <bq_budgetkind>1</bq_budgetkind>
            <bq_specialbudgetno/>
            <bq_agenno>03001</bq_agenno>
            <bq_agentype>C</bq_agentype>
            <bq_budgetstate>2</bq_budgetstate>
            <bq_budgetno>33030010100</bq_budgetno>
            <bq_objectno>07350400</bq_objectno>
            <bq_carid>2466-ZU</bq_carid>
            <bq_persons>4</bq_persons>
            <bq_buydate>10004</bq_buydate>
            <bq_ventsize>1800</bq_ventsize>
            <bq_oilamt>852</bq_oilamt>
            <bq_oilprice>25.70</bq_oilprice>
            <bq_amt_maintain>34000.00</bq_amt_maintain>
            <bq_amt5>24000.00</bq_amt5>
            <bq_carnum>1</bq_carnum>
            <bq_remark/>
            <bq_lpgamt>972</bq_lpgamt>
            <bq_lpgprice>18.40</bq_lpgprice>
            <bq_versiondate/>
        </BCTMCAR_row>
        <BCTMCAR_row>
            <bq_fiscalyear>105</bq_fiscalyear>
            <bq_fundkind>1</bq_fundkind>
            <bq_budgetkind>1</bq_budgetkind>
            <bq_specialbudgetno/>
            <bq_agenno>03001</bq_agenno>
            <bq_agentype>C</bq_agentype>
            <bq_budgetstate>2</bq_budgetstate>
            <bq_budgetno>33030010100</bq_budgetno>
            <bq_objectno>07350400</bq_objectno>
            <bq_carid>2471-DC</bq_carid>
            <bq_persons>4</bq_persons>
            <bq_buydate>09203</bq_buydate>
            <bq_ventsize>2995</bq_ventsize>
            <bq_oilamt>1668</bq_oilamt>
            <bq_oilprice>25.70</bq_oilprice>
            <bq_amt_maintain>51000.00</bq_amt_maintain>
            <bq_amt5>35000.00</bq_amt5>
            <bq_carnum>1</bq_carnum>
            <bq_remark/>
            <bq_lpgamt>0</bq_lpgamt>
            <bq_lpgprice>0.00</bq_lpgprice>
            <bq_versiondate/>
        </BCTMCAR_row>
        <BCTMCAR_row>
            <bq_fiscalyear>105</bq_fiscalyear>
            <bq_fundkind>1</bq_fundkind>
            <bq_budgetkind>1</bq_budgetkind>
            <bq_specialbudgetno/>
            <bq_agenno>03001</bq_agenno>
            <bq_agentype>C</bq_agentype>
            <bq_budgetstate>2</bq_budgetstate>
            <bq_budgetno>33030010100</bq_budgetno>
            <bq_objectno>07350400</bq_objectno>
            <bq_carid>2527-QZ</bq_carid>
            <bq_persons>4</bq_persons>
            <bq_buydate>09406</bq_buydate>
            <bq_ventsize>3000</bq_ventsize>
            <bq_oilamt>1668</bq_oilamt>
            <bq_oilprice>25.70</bq_oilprice>
            <bq_amt_maintain>51000.00</bq_amt_maintain>
            <bq_amt5>33000.00</bq_amt5>
            <bq_carnum>1</bq_carnum>
            <bq_remark/>
            <bq_lpgamt>0</bq_lpgamt>
            <bq_lpgprice>0.00</bq_lpgprice>
            <bq_versiondate/>
        </BCTMCAR_row>
        <BCTMCAR_row>
            <bq_fiscalyear>105</bq_fiscalyear>
            <bq_fundkind>1</bq_fundkind>
            <bq_budgetkind>1</bq_budgetkind>
            <bq_specialbudgetno/>
            <bq_agenno>03001</bq_agenno>
            <bq_agentype>C</bq_agentype>
            <bq_budgetstate>2</bq_budgetstate>
            <bq_budgetno>33030010100</bq_budgetno>
            <bq_objectno>07351500</bq_objectno>
            <bq_carid>257-WB</bq_carid>
            <bq_persons>10</bq_persons>
            <bq_buydate>09705</bq_buydate>
            <bq_ventsize>5400</bq_ventsize>
            <bq_oilamt>1668</bq_oilamt>
            <bq_oilprice>25.70</bq_oilprice>
            <bq_amt_maintain>51000.00</bq_amt_maintain>
            <bq_amt5>75000.00</bq_amt5>
            <bq_carnum>1</bq_carnum>
            <bq_remark/>
            <bq_lpgamt>0</bq_lpgamt>
            <bq_lpgprice>0.00</bq_lpgprice>
            <bq_versiondate/>
        </BCTMCAR_row>
        <BCTMCAR_row>
            <bq_fiscalyear>105</bq_fiscalyear>
            <bq_fundkind>1</bq_fundkind>
            <bq_budgetkind>1</bq_budgetkind>
            <bq_specialbudgetno/>
            <bq_agenno>03001</bq_agenno>
            <bq_agentype>C</bq_agentype>
            <bq_budgetstate>2</bq_budgetstate>
            <bq_budgetno>33030010100</bq_budgetno>
            <bq_objectno>07351500</bq_objectno>
            <bq_carid>2757-QH</bq_carid>
            <bq_persons>8</bq_persons>
            <bq_buydate>10005</bq_buydate>
            <bq_ventsize>5400</bq_ventsize>
            <bq_oilamt>1668</bq_oilamt>
            <bq_oilprice>25.70</bq_oilprice>
            <bq_amt_maintain>34000.00</bq_amt_maintain>
            <bq_amt5>75000.00</bq_amt5>
            <bq_carnum>1</bq_carnum>
            <bq_remark/>
            <bq_lpgamt>0</bq_lpgamt>
            <bq_lpgprice>0.00</bq_lpgprice>
            <bq_versiondate/>
        </BCTMCAR_row>
        <BCTMCAR_row>
            <bq_fiscalyear>105</bq_fiscalyear>
            <bq_fundkind>1</bq_fundkind>
            <bq_budgetkind>1</bq_budgetkind>
            <bq_specialbudgetno/>
            <bq_agenno>03001</bq_agenno>
            <bq_agentype>C</bq_agentype>
            <bq_budgetstate>2</bq_budgetstate>
            <bq_budgetno>33030010100</bq_budgetno>
            <bq_objectno>07351500</bq_objectno>
            <bq_carid>2758-QH</bq_carid>
            <bq_persons>8</bq_persons>
            <bq_buydate>10005</bq_buydate>
            <bq_ventsize>5400</bq_ventsize>
            <bq_oilamt>1668</bq_oilamt>
            <bq_oilprice>25.70</bq_oilprice>
            <bq_amt_maintain>34000.00</bq_amt_maintain>
            <bq_amt5>75000.00</bq_amt5>
            <bq_carnum>1</bq_carnum>
            <bq_remark/>
            <bq_lpgamt>0</bq_lpgamt>
            <bq_lpgprice>0.00</bq_lpgprice>
            <bq_versiondate/>
        </BCTMCAR_row>
        <BCTMCAR_row>
            <bq_fiscalyear>105</bq_fiscalyear>
            <bq_fundkind>1</bq_fundkind>
            <bq_budgetkind>1</bq_budgetkind>
            <bq_specialbudgetno/>
            <bq_agenno>03001</bq_agenno>
            <bq_agentype>C</bq_agentype>
            <bq_budgetstate>2</bq_budgetstate>
            <bq_budgetno>33030010100</bq_budgetno>
            <bq_objectno>07350400</bq_objectno>
            <bq_carid>3223-DP</bq_carid>
            <bq_persons>4</bq_persons>
            <bq_buydate>09107</bq_buydate>
            <bq_ventsize>3000</bq_ventsize>
            <bq_oilamt>1668</bq_oilamt>
            <bq_oilprice>25.70</bq_oilprice>
            <bq_amt_maintain>51000.00</bq_amt_maintain>
            <bq_amt5>37000.00</bq_amt5>
            <bq_carnum>1</bq_carnum>
            <bq_remark/>
            <bq_lpgamt>0</bq_lpgamt>
            <bq_lpgprice>0.00</bq_lpgprice>
            <bq_versiondate/>
        </BCTMCAR_row>
        <BCTMCAR_row>
            <bq_fiscalyear>105</bq_fiscalyear>
            <bq_fundkind>1</bq_fundkind>
            <bq_budgetkind>1</bq_budgetkind>
            <bq_specialbudgetno/>
            <bq_agenno>03001</bq_agenno>
            <bq_agentype>C</bq_agentype>
            <bq_budgetstate>2</bq_budgetstate>
            <bq_budgetno>33030010100</bq_budgetno>
            <bq_objectno>07350200</bq_objectno>
            <bq_carid>3491-DG</bq_carid>
            <bq_persons>4</bq_persons>
            <bq_buydate>09208</bq_buydate>
            <bq_ventsize>3000</bq_ventsize>
            <bq_oilamt>1668</bq_oilamt>
            <bq_oilprice>25.70</bq_oilprice>
            <bq_amt_maintain>51000.00</bq_amt_maintain>
            <bq_amt5>73000.00</bq_amt5>
            <bq_carnum>1</bq_carnum>
            <bq_remark/>
            <bq_lpgamt>0</bq_lpgamt>
            <bq_lpgprice>0.00</bq_lpgprice>
            <bq_versiondate/>
        </BCTMCAR_row>
        <BCTMCAR_row>
            <bq_fiscalyear>105</bq_fiscalyear>
            <bq_fundkind>1</bq_fundkind>
            <bq_budgetkind>1</bq_budgetkind>
            <bq_specialbudgetno/>
            <bq_agenno>03001</bq_agenno>
            <bq_agentype>C</bq_agentype>
            <bq_budgetstate>2</bq_budgetstate>
            <bq_budgetno>33030010100</bq_budgetno>
            <bq_objectno>07350400</bq_objectno>
            <bq_carid>3783-DC</bq_carid>
            <bq_persons>4</bq_persons>
            <bq_buydate>09204</bq_buydate>
            <bq_ventsize>2000</bq_ventsize>
            <bq_oilamt>852</bq_oilamt>
            <bq_oilprice>25.70</bq_oilprice>
            <bq_amt_maintain>51000.00</bq_amt_maintain>
            <bq_amt5>27000.00</bq_amt5>
            <bq_carnum>1</bq_carnum>
            <bq_remark/>
            <bq_lpgamt>972</bq_lpgamt>
            <bq_lpgprice>18.40</bq_lpgprice>
            <bq_versiondate/>
        </BCTMCAR_row>
        <BCTMCAR_row>
            <bq_fiscalyear>105</bq_fiscalyear>
            <bq_fundkind>1</bq_fundkind>
            <bq_budgetkind>1</bq_budgetkind>
            <bq_specialbudgetno/>
            <bq_agenno>03001</bq_agenno>
            <bq_agentype>C</bq_agentype>
            <bq_budgetstate>2</bq_budgetstate>
            <bq_budgetno>33030010100</bq_budgetno>
            <bq_objectno>07350400</bq_objectno>
            <bq_carid>3785-DC</bq_carid>
            <bq_persons>4</bq_persons>
            <bq_buydate>09204</bq_buydate>
            <bq_ventsize>2000</bq_ventsize>
            <bq_oilamt>852</bq_oilamt>
            <bq_oilprice>25.70</bq_oilprice>
            <bq_amt_maintain>51000.00</bq_amt_maintain>
            <bq_amt5>27000.00</bq_amt5>
            <bq_carnum>1</bq_carnum>
            <bq_remark/>
            <bq_lpgamt>972</bq_lpgamt>
            <bq_lpgprice>18.40</bq_lpgprice>
            <bq_versiondate/>
        </BCTMCAR_row>
        <BCTMCAR_row>
            <bq_fiscalyear>105</bq_fiscalyear>
            <bq_fundkind>1</bq_fundkind>
            <bq_budgetkind>1</bq_budgetkind>
            <bq_specialbudgetno/>
            <bq_agenno>03001</bq_agenno>
            <bq_agentype>C</bq_agentype>
            <bq_budgetstate>2</bq_budgetstate>
            <bq_budgetno>33030010100</bq_budgetno>
            <bq_objectno>07350400</bq_objectno>
            <bq_carid>3D-2381</bq_carid>
            <bq_persons>4</bq_persons>
            <bq_buydate>09107</bq_buydate>
            <bq_ventsize>3000</bq_ventsize>
            <bq_oilamt>1668</bq_oilamt>
            <bq_oilprice>25.70</bq_oilprice>
            <bq_amt_maintain>51000.00</bq_amt_maintain>
            <bq_amt5>31000.00</bq_amt5>
            <bq_carnum>1</bq_carnum>
            <bq_remark/>
            <bq_lpgamt>0</bq_lpgamt>
            <bq_lpgprice>0.00</bq_lpgprice>
            <bq_versiondate/>
        </BCTMCAR_row>
        <BCTMCAR_row>
            <bq_fiscalyear>105</bq_fiscalyear>
            <bq_fundkind>1</bq_fundkind>
            <bq_budgetkind>1</bq_budgetkind>
            <bq_specialbudgetno/>
            <bq_agenno>03001</bq_agenno>
            <bq_agentype>C</bq_agentype>
            <bq_budgetstate>2</bq_budgetstate>
            <bq_budgetno>33030010100</bq_budgetno>
            <bq_objectno>07350400</bq_objectno>
            <bq_carid>4078-QW</bq_carid>
            <bq_persons>4</bq_persons>
            <bq_buydate>09612</bq_buydate>
            <bq_ventsize>2349</bq_ventsize>
            <bq_oilamt>1668</bq_oilamt>
            <bq_oilprice>25.70</bq_oilprice>
            <bq_amt_maintain>51000.00</bq_amt_maintain>
            <bq_amt5>31000.00</bq_amt5>
            <bq_carnum>1</bq_carnum>
            <bq_remark/>
            <bq_lpgamt>0</bq_lpgamt>
            <bq_lpgprice>0.00</bq_lpgprice>
            <bq_versiondate/>
        </BCTMCAR_row>
        <BCTMCAR_row>
            <bq_fiscalyear>105</bq_fiscalyear>
            <bq_fundkind>1</bq_fundkind>
            <bq_budgetkind>1</bq_budgetkind>
            <bq_specialbudgetno/>
            <bq_agenno>03001</bq_agenno>
            <bq_agentype>C</bq_agentype>
            <bq_budgetstate>2</bq_budgetstate>
            <bq_budgetno>33030011600</bq_budgetno>
            <bq_objectno>07350400</bq_objectno>
            <bq_carid>5027-SN</bq_carid>
            <bq_persons>4</bq_persons>
            <bq_buydate>09611</bq_buydate>
            <bq_ventsize>1997</bq_ventsize>
            <bq_oilamt>1668</bq_oilamt>
            <bq_oilprice>25.70</bq_oilprice>
            <bq_amt_maintain>51000.00</bq_amt_maintain>
            <bq_amt5>42000.00</bq_amt5>
            <bq_carnum>1</bq_carnum>
            <bq_remark>東部聯合服務中心。</bq_remark>
            <bq_lpgamt>0</bq_lpgamt>
            <bq_lpgprice>0.00</bq_lpgprice>
            <bq_versiondate/>
        </BCTMCAR_row>
        <BCTMCAR_row>
            <bq_fiscalyear>105</bq_fiscalyear>
            <bq_fundkind>1</bq_fundkind>
            <bq_budgetkind>1</bq_budgetkind>
            <bq_specialbudgetno/>
            <bq_agenno>03001</bq_agenno>
            <bq_agentype>C</bq_agentype>
            <bq_budgetstate>2</bq_budgetstate>
            <bq_budgetno>33030010100</bq_budgetno>
            <bq_objectno>07350100</bq_objectno>
            <bq_carid>5856-UX</bq_carid>
            <bq_persons>4</bq_persons>
            <bq_buydate>10106</bq_buydate>
            <bq_ventsize>2400</bq_ventsize>
            <bq_oilamt>852</bq_oilamt>
            <bq_oilprice>25.70</bq_oilprice>
            <bq_amt_maintain>25500.00</bq_amt_maintain>
            <bq_amt5>55000.00</bq_amt5>
            <bq_carnum>1</bq_carnum>
            <bq_remark/>
            <bq_lpgamt>972</bq_lpgamt>
            <bq_lpgprice>18.40</bq_lpgprice>
            <bq_versiondate/>
        </BCTMCAR_row>
        <BCTMCAR_row>
            <bq_fiscalyear>105</bq_fiscalyear>
            <bq_fundkind>1</bq_fundkind>
            <bq_budgetkind>1</bq_budgetkind>
            <bq_specialbudgetno/>
            <bq_agenno>03001</bq_agenno>
            <bq_agentype>C</bq_agentype>
            <bq_budgetstate>2</bq_budgetstate>
            <bq_budgetno>33030010100</bq_budgetno>
            <bq_objectno>07350100</bq_objectno>
            <bq_carid>5896-UX</bq_carid>
            <bq_persons>4</bq_persons>
            <bq_buydate>10106</bq_buydate>
            <bq_ventsize>2400</bq_ventsize>
            <bq_oilamt>852</bq_oilamt>
            <bq_oilprice>25.70</bq_oilprice>
            <bq_amt_maintain>25500.00</bq_amt_maintain>
            <bq_amt5>55000.00</bq_amt5>
            <bq_carnum>1</bq_carnum>
            <bq_remark/>
            <bq_lpgamt>972</bq_lpgamt>
            <bq_lpgprice>18.40</bq_lpgprice>
            <bq_versiondate/>
        </BCTMCAR_row>
        <BCTMCAR_row>
            <bq_fiscalyear>105</bq_fiscalyear>
            <bq_fundkind>1</bq_fundkind>
            <bq_budgetkind>1</bq_budgetkind>
            <bq_specialbudgetno/>
            <bq_agenno>03001</bq_agenno>
            <bq_agentype>C</bq_agentype>
            <bq_budgetstate>2</bq_budgetstate>
            <bq_budgetno>33030010100</bq_budgetno>
            <bq_objectno>07350100</bq_objectno>
            <bq_carid>5966-UX</bq_carid>
            <bq_persons>4</bq_persons>
            <bq_buydate>10106</bq_buydate>
            <bq_ventsize>2400</bq_ventsize>
            <bq_oilamt>852</bq_oilamt>
            <bq_oilprice>25.70</bq_oilprice>
            <bq_amt_maintain>25500.00</bq_amt_maintain>
            <bq_amt5>55000.00</bq_amt5>
            <bq_carnum>1</bq_carnum>
            <bq_remark/>
            <bq_lpgamt>972</bq_lpgamt>
            <bq_lpgprice>18.40</bq_lpgprice>
            <bq_versiondate/>
        </BCTMCAR_row>
        <BCTMCAR_row>
            <bq_fiscalyear>105</bq_fiscalyear>
            <bq_fundkind>1</bq_fundkind>
            <bq_budgetkind>1</bq_budgetkind>
            <bq_specialbudgetno/>
            <bq_agenno>03001</bq_agenno>
            <bq_agentype>C</bq_agentype>
            <bq_budgetstate>2</bq_budgetstate>
            <bq_budgetno>33030010100</bq_budgetno>
            <bq_objectno>07350400</bq_objectno>
            <bq_carid>6156-QH</bq_carid>
            <bq_persons>4</bq_persons>
            <bq_buydate>09406</bq_buydate>
            <bq_ventsize>3000</bq_ventsize>
            <bq_oilamt>1668</bq_oilamt>
            <bq_oilprice>25.70</bq_oilprice>
            <bq_amt_maintain>51000.00</bq_amt_maintain>
            <bq_amt5>33000.00</bq_amt5>
            <bq_carnum>1</bq_carnum>
            <bq_remark>104年7月購置ACG-1255後予以留用，改報廢0553-QH。</bq_remark>
            <bq_lpgamt>0</bq_lpgamt>
            <bq_lpgprice>0.00</bq_lpgprice>
            <bq_versiondate/>
        </BCTMCAR_row>
        <BCTMCAR_row>
            <bq_fiscalyear>105</bq_fiscalyear>
            <bq_fundkind>1</bq_fundkind>
            <bq_budgetkind>1</bq_budgetkind>
            <bq_specialbudgetno/>
            <bq_agenno>03001</bq_agenno>
            <bq_agentype>C</bq_agentype>
            <bq_budgetstate>2</bq_budgetstate>
            <bq_budgetno>33030010100</bq_budgetno>
            <bq_objectno>07350100</bq_objectno>
            <bq_carid>6359-QH</bq_carid>
            <bq_persons>4</bq_persons>
            <bq_buydate>09302</bq_buydate>
            <bq_ventsize>3000</bq_ventsize>
            <bq_oilamt>1668</bq_oilamt>
            <bq_oilprice>25.70</bq_oilprice>
            <bq_amt_maintain>51000.00</bq_amt_maintain>
            <bq_amt5>58000.00</bq_amt5>
            <bq_carnum>1</bq_carnum>
            <bq_remark/>
            <bq_lpgamt>0</bq_lpgamt>
            <bq_lpgprice>0.00</bq_lpgprice>
            <bq_versiondate/>
        </BCTMCAR_row>
        <BCTMCAR_row>
            <bq_fiscalyear>105</bq_fiscalyear>
            <bq_fundkind>1</bq_fundkind>
            <bq_budgetkind>1</bq_budgetkind>
            <bq_specialbudgetno/>
            <bq_agenno>03001</bq_agenno>
            <bq_agentype>C</bq_agentype>
            <bq_budgetstate>2</bq_budgetstate>
            <bq_budgetno>33030010100</bq_budgetno>
            <bq_objectno>07350100</bq_objectno>
            <bq_carid>6776-QH</bq_carid>
            <bq_persons>4</bq_persons>
            <bq_buydate>09401</bq_buydate>
            <bq_ventsize>3000</bq_ventsize>
            <bq_oilamt>1668</bq_oilamt>
            <bq_oilprice>25.70</bq_oilprice>
            <bq_amt_maintain>51000.00</bq_amt_maintain>
            <bq_amt5>80000.00</bq_amt5>
            <bq_carnum>1</bq_carnum>
            <bq_remark/>
            <bq_lpgamt>0</bq_lpgamt>
            <bq_lpgprice>0.00</bq_lpgprice>
            <bq_versiondate/>
        </BCTMCAR_row>
        <BCTMCAR_row>
            <bq_fiscalyear>105</bq_fiscalyear>
            <bq_fundkind>1</bq_fundkind>
            <bq_budgetkind>1</bq_budgetkind>
            <bq_specialbudgetno/>
            <bq_agenno>03001</bq_agenno>
            <bq_agentype>C</bq_agentype>
            <bq_budgetstate>2</bq_budgetstate>
            <bq_budgetno>33030011600</bq_budgetno>
            <bq_objectno>07350900</bq_objectno>
            <bq_carid>7266-UX</bq_carid>
            <bq_persons>7</bq_persons>
            <bq_buydate>10109</bq_buydate>
            <bq_ventsize>2351</bq_ventsize>
            <bq_oilamt>1668</bq_oilamt>
            <bq_oilprice>25.70</bq_oilprice>
            <bq_amt_maintain>25500.00</bq_amt_maintain>
            <bq_amt5>42000.00</bq_amt5>
            <bq_carnum>1</bq_carnum>
            <bq_remark>雲嘉南區聯合服務中心。</bq_remark>
            <bq_lpgamt>0</bq_lpgamt>
            <bq_lpgprice>0.00</bq_lpgprice>
            <bq_versiondate/>
        </BCTMCAR_row>
        <BCTMCAR_row>
            <bq_fiscalyear>105</bq_fiscalyear>
            <bq_fundkind>1</bq_fundkind>
            <bq_budgetkind>1</bq_budgetkind>
            <bq_specialbudgetno/>
            <bq_agenno>03001</bq_agenno>
            <bq_agentype>C</bq_agentype>
            <bq_budgetstate>2</bq_budgetstate>
            <bq_budgetno>33030010100</bq_budgetno>
            <bq_objectno>07350200</bq_objectno>
            <bq_carid>7368-UX</bq_carid>
            <bq_persons>4</bq_persons>
            <bq_buydate>10106</bq_buydate>
            <bq_ventsize>2000</bq_ventsize>
            <bq_oilamt>852</bq_oilamt>
            <bq_oilprice>25.70</bq_oilprice>
            <bq_amt_maintain>25500.00</bq_amt_maintain>
            <bq_amt5>64000.00</bq_amt5>
            <bq_carnum>1</bq_carnum>
            <bq_remark/>
            <bq_lpgamt>972</bq_lpgamt>
            <bq_lpgprice>18.40</bq_lpgprice>
            <bq_versiondate/>
        </BCTMCAR_row>
        <BCTMCAR_row>
            <bq_fiscalyear>105</bq_fiscalyear>
            <bq_fundkind>1</bq_fundkind>
            <bq_budgetkind>1</bq_budgetkind>
            <bq_specialbudgetno/>
            <bq_agenno>03001</bq_agenno>
            <bq_agentype>C</bq_agentype>
            <bq_budgetstate>2</bq_budgetstate>
            <bq_budgetno>33030010100</bq_budgetno>
            <bq_objectno>07350400</bq_objectno>
            <bq_carid>7D-3467</bq_carid>
            <bq_persons>4</bq_persons>
            <bq_buydate>09108</bq_buydate>
            <bq_ventsize>3000</bq_ventsize>
            <bq_oilamt>1668</bq_oilamt>
            <bq_oilprice>25.70</bq_oilprice>
            <bq_amt_maintain>51000.00</bq_amt_maintain>
            <bq_amt5>31000.00</bq_amt5>
            <bq_carnum>1</bq_carnum>
            <bq_remark/>
            <bq_lpgamt>0</bq_lpgamt>
            <bq_lpgprice>0.00</bq_lpgprice>
            <bq_versiondate/>
        </BCTMCAR_row>
        <BCTMCAR_row>
            <bq_fiscalyear>105</bq_fiscalyear>
            <bq_fundkind>1</bq_fundkind>
            <bq_budgetkind>1</bq_budgetkind>
            <bq_specialbudgetno/>
            <bq_agenno>03001</bq_agenno>
            <bq_agentype>C</bq_agentype>
            <bq_budgetstate>2</bq_budgetstate>
            <bq_budgetno>33030011600</bq_budgetno>
            <bq_objectno>07350400</bq_objectno>
            <bq_carid>9473-ZR</bq_carid>
            <bq_persons>4</bq_persons>
            <bq_buydate>09912</bq_buydate>
            <bq_ventsize>1798</bq_ventsize>
            <bq_oilamt>852</bq_oilamt>
            <bq_oilprice>25.70</bq_oilprice>
            <bq_amt_maintain>34000.00</bq_amt_maintain>
            <bq_amt5>36000.00</bq_amt5>
            <bq_carnum>1</bq_carnum>
            <bq_remark>中部聯合服務中心。</bq_remark>
            <bq_lpgamt>972</bq_lpgamt>
            <bq_lpgprice>18.40</bq_lpgprice>
            <bq_versiondate/>
        </BCTMCAR_row>
        <BCTMCAR_row>
            <bq_fiscalyear>105</bq_fiscalyear>
            <bq_fundkind>1</bq_fundkind>
            <bq_budgetkind>1</bq_budgetkind>
            <bq_specialbudgetno/>
            <bq_agenno>03001</bq_agenno>
            <bq_agentype>C</bq_agentype>
            <bq_budgetstate>2</bq_budgetstate>
            <bq_budgetno>33030010100</bq_budgetno>
            <bq_objectno>07350100</bq_objectno>
            <bq_carid>ACG-1255</bq_carid>
            <bq_persons>4</bq_persons>
            <bq_buydate>10407</bq_buydate>
            <bq_ventsize>2500</bq_ventsize>
            <bq_oilamt>1668</bq_oilamt>
            <bq_oilprice>25.70</bq_oilprice>
            <bq_amt_maintain>8500.00</bq_amt_maintain>
            <bq_amt5>87000.00</bq_amt5>
            <bq_carnum>1</bq_carnum>
            <bq_remark/>
            <bq_lpgamt>0</bq_lpgamt>
            <bq_lpgprice>0.00</bq_lpgprice>
            <bq_versiondate/>
        </BCTMCAR_row>
        <BCTMCAR_row>
            <bq_fiscalyear>105</bq_fiscalyear>
            <bq_fundkind>1</bq_fundkind>
            <bq_budgetkind>1</bq_budgetkind>
            <bq_specialbudgetno/>
            <bq_agenno>03001</bq_agenno>
            <bq_agentype>C</bq_agentype>
            <bq_budgetstate>2</bq_budgetstate>
            <bq_budgetno>33030010100</bq_budgetno>
            <bq_objectno>07350100</bq_objectno>
            <bq_carid>AKL-6939</bq_carid>
            <bq_persons>4</bq_persons>
            <bq_buydate>10407</bq_buydate>
            <bq_ventsize>2500</bq_ventsize>
            <bq_oilamt>1668</bq_oilamt>
            <bq_oilprice>25.70</bq_oilprice>
            <bq_amt_maintain>8500.00</bq_amt_maintain>
            <bq_amt5>87000.00</bq_amt5>
            <bq_carnum>1</bq_carnum>
            <bq_remark/>
            <bq_lpgamt>0</bq_lpgamt>
            <bq_lpgprice>0.00</bq_lpgprice>
            <bq_versiondate/>
        </BCTMCAR_row>
        <BCTMCAR_row>
            <bq_fiscalyear>105</bq_fiscalyear>
            <bq_fundkind>1</bq_fundkind>
            <bq_budgetkind>1</bq_budgetkind>
            <bq_specialbudgetno/>
            <bq_agenno>03001</bq_agenno>
            <bq_agentype>C</bq_agentype>
            <bq_budgetstate>2</bq_budgetstate>
            <bq_budgetno>33030010100</bq_budgetno>
            <bq_objectno>07351500</bq_objectno>
            <bq_carid>BD-337</bq_carid>
            <bq_persons>10</bq_persons>
            <bq_buydate>09412</bq_buydate>
            <bq_ventsize>5400</bq_ventsize>
            <bq_oilamt>1668</bq_oilamt>
            <bq_oilprice>25.70</bq_oilprice>
            <bq_amt_maintain>9000.00</bq_amt_maintain>
            <bq_amt5>55000.00</bq_amt5>
            <bq_carnum>1</bq_carnum>
            <bq_remark>預定105年6月汰換3,450cc。</bq_remark>
            <bq_lpgamt>0</bq_lpgamt>
            <bq_lpgprice>0.00</bq_lpgprice>
            <bq_versiondate/>
        </BCTMCAR_row>
        <BCTMCAR_row>
            <bq_fiscalyear>105</bq_fiscalyear>
            <bq_fundkind>1</bq_fundkind>
            <bq_budgetkind>1</bq_budgetkind>
            <bq_specialbudgetno/>
            <bq_agenno>03001</bq_agenno>
            <bq_agentype>C</bq_agentype>
            <bq_budgetstate>2</bq_budgetstate>
            <bq_budgetno>33030010100</bq_budgetno>
            <bq_objectno>07351600</bq_objectno>
            <bq_carid>LD5</bq_carid>
            <bq_persons>1</bq_persons>
            <bq_buydate>09709</bq_buydate>
            <bq_ventsize>125</bq_ventsize>
            <bq_oilamt>936</bq_oilamt>
            <bq_oilprice>25.70</bq_oilprice>
            <bq_amt_maintain>5100.00</bq_amt_maintain>
            <bq_amt5>15000.00</bq_amt5>
            <bq_carnum>3</bq_carnum>
            <bq_remark>507-CXM；508-CXM；509-CXM。</bq_remark>
            <bq_lpgamt>0</bq_lpgamt>
            <bq_lpgprice>0.00</bq_lpgprice>
            <bq_versiondate/>
        </BCTMCAR_row>
    </BCTMCAR>
</tables>
