<?xml version="1.0" encoding="UTF-8"?>
<tables>
    <BCME3450>
        <BCME3450_row>
            <objectNo>合計</objectNo>
            <budgetno_3303010100>905413.00</budgetno_3303010100>
            <budgetno_3303011500>40621.00</budgetno_3303011500>
            <budgetno_3303010700>12359.00</budgetno_3303010700>
            <budgetno_3303011100>6250.00</budgetno_3303011100>
            <budgetno_3303011600>113115.00</budgetno_3303011600>
            <budgetno_3303011800>8593.00</budgetno_3303011800>
            <budgetno_3303011900>8117.00</budgetno_3303011900>
            <budgetno_3303012000>15474.00</budgetno_3303012000>
            <budgetno_3303012200>19283.00</budgetno_3303012200>
            <budgetno_3303012300>69376.00</budgetno_3303012300>
            <budgetno_3303012400>56924.00</budgetno_3303012400>
            <budgetno_3303019002>10850.00</budgetno_3303019002>
            <budgetno_3303019011>3680.00</budgetno_3303019011>
            <budgetno_3303019019>3715.00</budgetno_3303019019>
            <budgetno_3303019800>3800.00</budgetno_3303019800>
            <total>1277570.00</total>
        </BCME3450_row>
        <BCME3450_row>
            <objectNo>0100 人事費</objectNo>
            <budgetno_3303010100>832364.00</budgetno_3303010100>
            <budgetno_3303011500>25612.00</budgetno_3303011500>
            <budgetno_3303010700/>
            <budgetno_3303011100/>
            <budgetno_3303011600/>
            <budgetno_3303011800/>
            <budgetno_3303011900/>
            <budgetno_3303012000/>
            <budgetno_3303012200/>
            <budgetno_3303012300/>
            <budgetno_3303012400/>
            <budgetno_3303019002/>
            <budgetno_3303019011/>
            <budgetno_3303019019/>
            <budgetno_3303019800/>
            <total>857976.00</total>
        </BCME3450_row>
        <BCME3450_row>
            <objectNo>  0102 政務人員待遇</objectNo>
            <budgetno_3303010100>30987.00</budgetno_3303010100>
            <budgetno_3303011500/>
            <budgetno_3303010700/>
            <budgetno_3303011100/>
            <budgetno_3303011600/>
            <budgetno_3303011800/>
            <budgetno_3303011900/>
            <budgetno_3303012000/>
            <budgetno_3303012200/>
            <budgetno_3303012300/>
            <budgetno_3303012400/>
            <budgetno_3303019002/>
            <budgetno_3303019011/>
            <budgetno_3303019019/>
            <budgetno_3303019800/>
            <total>30987.00</total>
        </BCME3450_row>
        <BCME3450_row>
            <objectNo>  0103 法定編制人員待遇</objectNo>
            <budgetno_3303010100>412212.00</budgetno_3303010100>
            <budgetno_3303011500>8538.00</budgetno_3303011500>
            <budgetno_3303010700/>
            <budgetno_3303011100/>
            <budgetno_3303011600/>
            <budgetno_3303011800/>
            <budgetno_3303011900/>
            <budgetno_3303012000/>
            <budgetno_3303012200/>
            <budgetno_3303012300/>
            <budgetno_3303012400/>
            <budgetno_3303019002/>
            <budgetno_3303019011/>
            <budgetno_3303019019/>
            <budgetno_3303019800/>
            <total>420750.00</total>
        </BCME3450_row>
        <BCME3450_row>
            <objectNo>  0104 約聘僱人員待遇</objectNo>
            <budgetno_3303010100>60210.00</budgetno_3303010100>
            <budgetno_3303011500>10264.00</budgetno_3303011500>
            <budgetno_3303010700/>
            <budgetno_3303011100/>
            <budgetno_3303011600/>
            <budgetno_3303011800/>
            <budgetno_3303011900/>
            <budgetno_3303012000/>
            <budgetno_3303012200/>
            <budgetno_3303012300/>
            <budgetno_3303012400/>
            <budgetno_3303019002/>
            <budgetno_3303019011/>
            <budgetno_3303019019/>
            <budgetno_3303019800/>
            <total>70474.00</total>
        </BCME3450_row>
        <BCME3450_row>
            <objectNo>  0105 技工及工友待遇</objectNo>
            <budgetno_3303010100>41160.00</budgetno_3303010100>
            <budgetno_3303011500/>
            <budgetno_3303010700/>
            <budgetno_3303011100/>
            <budgetno_3303011600/>
            <budgetno_3303011800/>
            <budgetno_3303011900/>
            <budgetno_3303012000/>
            <budgetno_3303012200/>
            <budgetno_3303012300/>
            <budgetno_3303012400/>
            <budgetno_3303019002/>
            <budgetno_3303019011/>
            <budgetno_3303019019/>
            <budgetno_3303019800/>
            <total>41160.00</total>
        </BCME3450_row>
        <BCME3450_row>
            <objectNo>  0111 獎金</objectNo>
            <budgetno_3303010100>120411.00</budgetno_3303010100>
            <budgetno_3303011500>2714.00</budgetno_3303011500>
            <budgetno_3303010700/>
            <budgetno_3303011100/>
            <budgetno_3303011600/>
            <budgetno_3303011800/>
            <budgetno_3303011900/>
            <budgetno_3303012000/>
            <budgetno_3303012200/>
            <budgetno_3303012300/>
            <budgetno_3303012400/>
            <budgetno_3303019002/>
            <budgetno_3303019011/>
            <budgetno_3303019019/>
            <budgetno_3303019800/>
            <total>123125.00</total>
        </BCME3450_row>
        <BCME3450_row>
            <objectNo>  0121 其他給與</objectNo>
            <budgetno_3303010100>11496.00</budgetno_3303010100>
            <budgetno_3303011500>432.00</budgetno_3303011500>
            <budgetno_3303010700/>
            <budgetno_3303011100/>
            <budgetno_3303011600/>
            <budgetno_3303011800/>
            <budgetno_3303011900/>
            <budgetno_3303012000/>
            <budgetno_3303012200/>
            <budgetno_3303012300/>
            <budgetno_3303012400/>
            <budgetno_3303019002/>
            <budgetno_3303019011/>
            <budgetno_3303019019/>
            <budgetno_3303019800/>
            <total>11928.00</total>
        </BCME3450_row>
        <BCME3450_row>
            <objectNo>  0131 加班值班費</objectNo>
            <budgetno_3303010100>35213.00</budgetno_3303010100>
            <budgetno_3303011500>716.00</budgetno_3303011500>
            <budgetno_3303010700/>
            <budgetno_3303011100/>
            <budgetno_3303011600/>
            <budgetno_3303011800/>
            <budgetno_3303011900/>
            <budgetno_3303012000/>
            <budgetno_3303012200/>
            <budgetno_3303012300/>
            <budgetno_3303012400/>
            <budgetno_3303019002/>
            <budgetno_3303019011/>
            <budgetno_3303019019/>
            <budgetno_3303019800/>
            <total>35929.00</total>
        </BCME3450_row>
        <BCME3450_row>
            <objectNo>  0143 退休離職儲金</objectNo>
            <budgetno_3303010100>70799.00</budgetno_3303010100>
            <budgetno_3303011500>1473.00</budgetno_3303011500>
            <budgetno_3303010700/>
            <budgetno_3303011100/>
            <budgetno_3303011600/>
            <budgetno_3303011800/>
            <budgetno_3303011900/>
            <budgetno_3303012000/>
            <budgetno_3303012200/>
            <budgetno_3303012300/>
            <budgetno_3303012400/>
            <budgetno_3303019002/>
            <budgetno_3303019011/>
            <budgetno_3303019019/>
            <budgetno_3303019800/>
            <total>72272.00</total>
        </BCME3450_row>
        <BCME3450_row>
            <objectNo>  0151 保險</objectNo>
            <budgetno_3303010100>49876.00</budgetno_3303010100>
            <budgetno_3303011500>1475.00</budgetno_3303011500>
            <budgetno_3303010700/>
            <budgetno_3303011100/>
            <budgetno_3303011600/>
            <budgetno_3303011800/>
            <budgetno_3303011900/>
            <budgetno_3303012000/>
            <budgetno_3303012200/>
            <budgetno_3303012300/>
            <budgetno_3303012400/>
            <budgetno_3303019002/>
            <budgetno_3303019011/>
            <budgetno_3303019019/>
            <budgetno_3303019800/>
            <total>51351.00</total>
        </BCME3450_row>
        <BCME3450_row>
            <objectNo>0200 業務費</objectNo>
            <budgetno_3303010100>69430.00</budgetno_3303010100>
            <budgetno_3303011500>12998.00</budgetno_3303011500>
            <budgetno_3303010700>12359.00</budgetno_3303010700>
            <budgetno_3303011100>6250.00</budgetno_3303011100>
            <budgetno_3303011600>27323.00</budgetno_3303011600>
            <budgetno_3303011800>8573.00</budgetno_3303011800>
            <budgetno_3303011900>7317.00</budgetno_3303011900>
            <budgetno_3303012000>15274.00</budgetno_3303012000>
            <budgetno_3303012200>15068.00</budgetno_3303012200>
            <budgetno_3303012300>35368.00</budgetno_3303012300>
            <budgetno_3303012400>55865.00</budgetno_3303012400>
            <budgetno_3303019002/>
            <budgetno_3303019011/>
            <budgetno_3303019019/>
            <budgetno_3303019800/>
            <total>265825.00</total>
        </BCME3450_row>
        <BCME3450_row>
            <objectNo>  0201 教育訓練費</objectNo>
            <budgetno_3303010100>805.00</budgetno_3303010100>
            <budgetno_3303011500>50.00</budgetno_3303011500>
            <budgetno_3303010700>63.00</budgetno_3303010700>
            <budgetno_3303011100/>
            <budgetno_3303011600>40.00</budgetno_3303011600>
            <budgetno_3303011800>289.00</budgetno_3303011800>
            <budgetno_3303011900>100.00</budgetno_3303011900>
            <budgetno_3303012000/>
            <budgetno_3303012200>80.00</budgetno_3303012200>
            <budgetno_3303012300/>
            <budgetno_3303012400>5.00</budgetno_3303012400>
            <budgetno_3303019002/>
            <budgetno_3303019011/>
            <budgetno_3303019019/>
            <budgetno_3303019800/>
            <total>1432.00</total>
        </BCME3450_row>
        <BCME3450_row>
            <objectNo>  0202 水電費</objectNo>
            <budgetno_3303010100>13761.00</budgetno_3303010100>
            <budgetno_3303011500>793.00</budgetno_3303011500>
            <budgetno_3303010700/>
            <budgetno_3303011100/>
            <budgetno_3303011600>2773.00</budgetno_3303011600>
            <budgetno_3303011800/>
            <budgetno_3303011900/>
            <budgetno_3303012000/>
            <budgetno_3303012200/>
            <budgetno_3303012300/>
            <budgetno_3303012400>535.00</budgetno_3303012400>
            <budgetno_3303019002/>
            <budgetno_3303019011/>
            <budgetno_3303019019/>
            <budgetno_3303019800/>
            <total>17862.00</total>
        </BCME3450_row>
        <BCME3450_row>
            <objectNo>  0203 通訊費</objectNo>
            <budgetno_3303010100>6183.00</budgetno_3303010100>
            <budgetno_3303011500>1268.00</budgetno_3303011500>
            <budgetno_3303010700>41.00</budgetno_3303010700>
            <budgetno_3303011100/>
            <budgetno_3303011600>1938.00</budgetno_3303011600>
            <budgetno_3303011800/>
            <budgetno_3303011900/>
            <budgetno_3303012000>270.00</budgetno_3303012000>
            <budgetno_3303012200>222.00</budgetno_3303012200>
            <budgetno_3303012300>4750.00</budgetno_3303012300>
            <budgetno_3303012400>600.00</budgetno_3303012400>
            <budgetno_3303019002/>
            <budgetno_3303019011/>
            <budgetno_3303019019/>
            <budgetno_3303019800/>
            <total>15272.00</total>
        </BCME3450_row>
        <BCME3450_row>
            <objectNo>  0212 權利使用費</objectNo>
            <budgetno_3303010100>140.00</budgetno_3303010100>
            <budgetno_3303011500/>
            <budgetno_3303010700>400.00</budgetno_3303010700>
            <budgetno_3303011100/>
            <budgetno_3303011600/>
            <budgetno_3303011800>40.00</budgetno_3303011800>
            <budgetno_3303011900/>
            <budgetno_3303012000/>
            <budgetno_3303012200>22.00</budgetno_3303012200>
            <budgetno_3303012300/>
            <budgetno_3303012400>1424.00</budgetno_3303012400>
            <budgetno_3303019002/>
            <budgetno_3303019011/>
            <budgetno_3303019019/>
            <budgetno_3303019800/>
            <total>2026.00</total>
        </BCME3450_row>
        <BCME3450_row>
            <objectNo>  0215 資訊服務費</objectNo>
            <budgetno_3303010100>20.00</budgetno_3303010100>
            <budgetno_3303011500>430.00</budgetno_3303011500>
            <budgetno_3303010700>10.00</budgetno_3303010700>
            <budgetno_3303011100/>
            <budgetno_3303011600/>
            <budgetno_3303011800/>
            <budgetno_3303011900/>
            <budgetno_3303012000/>
            <budgetno_3303012200/>
            <budgetno_3303012300>29547.00</budgetno_3303012300>
            <budgetno_3303012400/>
            <budgetno_3303019002/>
            <budgetno_3303019011/>
            <budgetno_3303019019/>
            <budgetno_3303019800/>
            <total>30007.00</total>
        </BCME3450_row>
        <BCME3450_row>
            <objectNo>  0219 其他業務租金</objectNo>
            <budgetno_3303010100>5095.00</budgetno_3303010100>
            <budgetno_3303011500>1214.00</budgetno_3303011500>
            <budgetno_3303010700/>
            <budgetno_3303011100/>
            <budgetno_3303011600>3467.00</budgetno_3303011600>
            <budgetno_3303011800>666.00</budgetno_3303011800>
            <budgetno_3303011900/>
            <budgetno_3303012000>300.00</budgetno_3303012000>
            <budgetno_3303012200>123.00</budgetno_3303012200>
            <budgetno_3303012300/>
            <budgetno_3303012400>100.00</budgetno_3303012400>
            <budgetno_3303019002/>
            <budgetno_3303019011/>
            <budgetno_3303019019/>
            <budgetno_3303019800/>
            <total>10965.00</total>
        </BCME3450_row>
        <BCME3450_row>
            <objectNo>  0221 稅捐及規費</objectNo>
            <budgetno_3303010100>862.00</budgetno_3303010100>
            <budgetno_3303011500/>
            <budgetno_3303010700/>
            <budgetno_3303011100/>
            <budgetno_3303011600>78.00</budgetno_3303011600>
            <budgetno_3303011800/>
            <budgetno_3303011900/>
            <budgetno_3303012000/>
            <budgetno_3303012200/>
            <budgetno_3303012300/>
            <budgetno_3303012400/>
            <budgetno_3303019002/>
            <budgetno_3303019011/>
            <budgetno_3303019019/>
            <budgetno_3303019800/>
            <total>940.00</total>
        </BCME3450_row>
        <BCME3450_row>
            <objectNo>  0231 保險費</objectNo>
            <budgetno_3303010100>1077.00</budgetno_3303010100>
            <budgetno_3303011500/>
            <budgetno_3303010700>35.00</budgetno_3303010700>
            <budgetno_3303011100/>
            <budgetno_3303011600>122.00</budgetno_3303011600>
            <budgetno_3303011800/>
            <budgetno_3303011900/>
            <budgetno_3303012000/>
            <budgetno_3303012200>146.00</budgetno_3303012200>
            <budgetno_3303012300/>
            <budgetno_3303012400>50.00</budgetno_3303012400>
            <budgetno_3303019002/>
            <budgetno_3303019011/>
            <budgetno_3303019019/>
            <budgetno_3303019800/>
            <total>1430.00</total>
        </BCME3450_row>
        <BCME3450_row>
            <objectNo>  0241 兼職費</objectNo>
            <budgetno_3303010100/>
            <budgetno_3303011500>2600.00</budgetno_3303011500>
            <budgetno_3303010700>2332.00</budgetno_3303010700>
            <budgetno_3303011100/>
            <budgetno_3303011600/>
            <budgetno_3303011800>36.00</budgetno_3303011800>
            <budgetno_3303011900/>
            <budgetno_3303012000/>
            <budgetno_3303012200>810.00</budgetno_3303012200>
            <budgetno_3303012300/>
            <budgetno_3303012400/>
            <budgetno_3303019002/>
            <budgetno_3303019011/>
            <budgetno_3303019019/>
            <budgetno_3303019800/>
            <total>5778.00</total>
        </BCME3450_row>
        <BCME3450_row>
            <objectNo>  0249 臨時人員酬金</objectNo>
            <budgetno_3303010100>3134.00</budgetno_3303010100>
            <budgetno_3303011500/>
            <budgetno_3303010700/>
            <budgetno_3303011100/>
            <budgetno_3303011600/>
            <budgetno_3303011800/>
            <budgetno_3303011900/>
            <budgetno_3303012000/>
            <budgetno_3303012200/>
            <budgetno_3303012300/>
            <budgetno_3303012400>8044.00</budgetno_3303012400>
            <budgetno_3303019002/>
            <budgetno_3303019011/>
            <budgetno_3303019019/>
            <budgetno_3303019800/>
            <total>11178.00</total>
        </BCME3450_row>
        <BCME3450_row>
            <objectNo>  0250 按日按件計資酬金</objectNo>
            <budgetno_3303010100>158.00</budgetno_3303010100>
            <budgetno_3303011500>1719.00</budgetno_3303011500>
            <budgetno_3303010700>1440.00</budgetno_3303010700>
            <budgetno_3303011100/>
            <budgetno_3303011600>327.00</budgetno_3303011600>
            <budgetno_3303011800>1500.00</budgetno_3303011800>
            <budgetno_3303011900>250.00</budgetno_3303011900>
            <budgetno_3303012000>1961.00</budgetno_3303012000>
            <budgetno_3303012200>2123.00</budgetno_3303012200>
            <budgetno_3303012300>112.00</budgetno_3303012300>
            <budgetno_3303012400>230.00</budgetno_3303012400>
            <budgetno_3303019002/>
            <budgetno_3303019011/>
            <budgetno_3303019019/>
            <budgetno_3303019800/>
            <total>9820.00</total>
        </BCME3450_row>
        <BCME3450_row>
            <objectNo>  0251 委辦費</objectNo>
            <budgetno_3303010100/>
            <budgetno_3303011500/>
            <budgetno_3303010700/>
            <budgetno_3303011100/>
            <budgetno_3303011600/>
            <budgetno_3303011800/>
            <budgetno_3303011900/>
            <budgetno_3303012000>8280.00</budgetno_3303012000>
            <budgetno_3303012200>1450.00</budgetno_3303012200>
            <budgetno_3303012300/>
            <budgetno_3303012400/>
            <budgetno_3303019002/>
            <budgetno_3303019011/>
            <budgetno_3303019019/>
            <budgetno_3303019800/>
            <total>9730.00</total>
        </BCME3450_row>
        <BCME3450_row>
            <objectNo>  0262 國內組織會費</objectNo>
            <budgetno_3303010100>5.00</budgetno_3303010100>
            <budgetno_3303011500/>
            <budgetno_3303010700>10.00</budgetno_3303010700>
            <budgetno_3303011100/>
            <budgetno_3303011600/>
            <budgetno_3303011800>25.00</budgetno_3303011800>
            <budgetno_3303011900/>
            <budgetno_3303012000/>
            <budgetno_3303012200/>
            <budgetno_3303012300/>
            <budgetno_3303012400/>
            <budgetno_3303019002/>
            <budgetno_3303019011/>
            <budgetno_3303019019/>
            <budgetno_3303019800/>
            <total>40.00</total>
        </BCME3450_row>
        <BCME3450_row>
            <objectNo>  0271 物品</objectNo>
            <budgetno_3303010100>7063.00</budgetno_3303010100>
            <budgetno_3303011500>808.00</budgetno_3303011500>
            <budgetno_3303010700>381.00</budgetno_3303010700>
            <budgetno_3303011100/>
            <budgetno_3303011600>2272.00</budgetno_3303011600>
            <budgetno_3303011800>490.00</budgetno_3303011800>
            <budgetno_3303011900>490.00</budgetno_3303011900>
            <budgetno_3303012000>641.00</budgetno_3303012000>
            <budgetno_3303012200>798.00</budgetno_3303012200>
            <budgetno_3303012300>807.00</budgetno_3303012300>
            <budgetno_3303012400>990.00</budgetno_3303012400>
            <budgetno_3303019002/>
            <budgetno_3303019011/>
            <budgetno_3303019019/>
            <budgetno_3303019800/>
            <total>14740.00</total>
        </BCME3450_row>
        <BCME3450_row>
            <objectNo>  0279 一般事務費</objectNo>
            <budgetno_3303010100>17006.00</budgetno_3303010100>
            <budgetno_3303011500>3293.00</budgetno_3303011500>
            <budgetno_3303010700>6401.00</budgetno_3303010700>
            <budgetno_3303011100/>
            <budgetno_3303011600>12842.00</budgetno_3303011600>
            <budgetno_3303011800>3655.00</budgetno_3303011800>
            <budgetno_3303011900>4952.00</budgetno_3303011900>
            <budgetno_3303012000>2478.00</budgetno_3303012000>
            <budgetno_3303012200>6774.00</budgetno_3303012200>
            <budgetno_3303012300/>
            <budgetno_3303012400>41649.00</budgetno_3303012400>
            <budgetno_3303019002/>
            <budgetno_3303019011/>
            <budgetno_3303019019/>
            <budgetno_3303019800/>
            <total>99050.00</total>
        </BCME3450_row>
        <BCME3450_row>
            <objectNo>  0282 房屋建築養護費</objectNo>
            <budgetno_3303010100>2895.00</budgetno_3303010100>
            <budgetno_3303011500/>
            <budgetno_3303010700/>
            <budgetno_3303011100/>
            <budgetno_3303011600>94.00</budgetno_3303011600>
            <budgetno_3303011800/>
            <budgetno_3303011900/>
            <budgetno_3303012000/>
            <budgetno_3303012200/>
            <budgetno_3303012300/>
            <budgetno_3303012400/>
            <budgetno_3303019002/>
            <budgetno_3303019011/>
            <budgetno_3303019019/>
            <budgetno_3303019800/>
            <total>2989.00</total>
        </BCME3450_row>
        <BCME3450_row>
            <objectNo>  0283 車輛及辦公器具養護費</objectNo>
            <budgetno_3303010100>1984.00</budgetno_3303010100>
            <budgetno_3303011500>27.00</budgetno_3303011500>
            <budgetno_3303010700/>
            <budgetno_3303011100/>
            <budgetno_3303011600>208.00</budgetno_3303011600>
            <budgetno_3303011800/>
            <budgetno_3303011900/>
            <budgetno_3303012000/>
            <budgetno_3303012200/>
            <budgetno_3303012300/>
            <budgetno_3303012400/>
            <budgetno_3303019002/>
            <budgetno_3303019011/>
            <budgetno_3303019019/>
            <budgetno_3303019800/>
            <total>2219.00</total>
        </BCME3450_row>
        <BCME3450_row>
            <objectNo>  0284 設施及機械設備養護費</objectNo>
            <budgetno_3303010100>2071.00</budgetno_3303010100>
            <budgetno_3303011500/>
            <budgetno_3303010700>65.00</budgetno_3303010700>
            <budgetno_3303011100/>
            <budgetno_3303011600>656.00</budgetno_3303011600>
            <budgetno_3303011800/>
            <budgetno_3303011900/>
            <budgetno_3303012000/>
            <budgetno_3303012200/>
            <budgetno_3303012300/>
            <budgetno_3303012400>966.00</budgetno_3303012400>
            <budgetno_3303019002/>
            <budgetno_3303019011/>
            <budgetno_3303019019/>
            <budgetno_3303019800/>
            <total>3758.00</total>
        </BCME3450_row>
        <BCME3450_row>
            <objectNo>  0291 國內旅費</objectNo>
            <budgetno_3303010100>1751.00</budgetno_3303010100>
            <budgetno_3303011500>214.00</budgetno_3303011500>
            <budgetno_3303010700>730.00</budgetno_3303010700>
            <budgetno_3303011100/>
            <budgetno_3303011600>2476.00</budgetno_3303011600>
            <budgetno_3303011800>468.00</budgetno_3303011800>
            <budgetno_3303011900>1371.00</budgetno_3303011900>
            <budgetno_3303012000>709.00</budgetno_3303012000>
            <budgetno_3303012200>1065.00</budgetno_3303012200>
            <budgetno_3303012300>152.00</budgetno_3303012300>
            <budgetno_3303012400>804.00</budgetno_3303012400>
            <budgetno_3303019002/>
            <budgetno_3303019011/>
            <budgetno_3303019019/>
            <budgetno_3303019800/>
            <total>9740.00</total>
        </BCME3450_row>
        <BCME3450_row>
            <objectNo>  0292 大陸地區旅費</objectNo>
            <budgetno_3303010100/>
            <budgetno_3303011500/>
            <budgetno_3303010700/>
            <budgetno_3303011100/>
            <budgetno_3303011600/>
            <budgetno_3303011800/>
            <budgetno_3303011900/>
            <budgetno_3303012000/>
            <budgetno_3303012200>268.00</budgetno_3303012200>
            <budgetno_3303012300/>
            <budgetno_3303012400/>
            <budgetno_3303019002/>
            <budgetno_3303019011/>
            <budgetno_3303019019/>
            <budgetno_3303019800/>
            <total>268.00</total>
        </BCME3450_row>
        <BCME3450_row>
            <objectNo>  0293 國外旅費</objectNo>
            <budgetno_3303010100/>
            <budgetno_3303011500>432.00</budgetno_3303011500>
            <budgetno_3303010700>451.00</budgetno_3303010700>
            <budgetno_3303011100/>
            <budgetno_3303011600/>
            <budgetno_3303011800>1382.00</budgetno_3303011800>
            <budgetno_3303011900>124.00</budgetno_3303011900>
            <budgetno_3303012000>445.00</budgetno_3303012000>
            <budgetno_3303012200>1153.00</budgetno_3303012200>
            <budgetno_3303012300/>
            <budgetno_3303012400>171.00</budgetno_3303012400>
            <budgetno_3303019002/>
            <budgetno_3303019011/>
            <budgetno_3303019019/>
            <budgetno_3303019800/>
            <total>4158.00</total>
        </BCME3450_row>
        <BCME3450_row>
            <objectNo>  0294 運費</objectNo>
            <budgetno_3303010100>397.00</budgetno_3303010100>
            <budgetno_3303011500>50.00</budgetno_3303011500>
            <budgetno_3303010700/>
            <budgetno_3303011100/>
            <budgetno_3303011600>30.00</budgetno_3303011600>
            <budgetno_3303011800/>
            <budgetno_3303011900/>
            <budgetno_3303012000>111.00</budgetno_3303012000>
            <budgetno_3303012200>5.00</budgetno_3303012200>
            <budgetno_3303012300/>
            <budgetno_3303012400>40.00</budgetno_3303012400>
            <budgetno_3303019002/>
            <budgetno_3303019011/>
            <budgetno_3303019019/>
            <budgetno_3303019800/>
            <total>633.00</total>
        </BCME3450_row>
        <BCME3450_row>
            <objectNo>  0295 短程車資</objectNo>
            <budgetno_3303010100>255.00</budgetno_3303010100>
            <budgetno_3303011500>100.00</budgetno_3303011500>
            <budgetno_3303010700/>
            <budgetno_3303011100/>
            <budgetno_3303011600/>
            <budgetno_3303011800>22.00</budgetno_3303011800>
            <budgetno_3303011900>30.00</budgetno_3303011900>
            <budgetno_3303012000>79.00</budgetno_3303012000>
            <budgetno_3303012200>29.00</budgetno_3303012200>
            <budgetno_3303012300/>
            <budgetno_3303012400>257.00</budgetno_3303012400>
            <budgetno_3303019002/>
            <budgetno_3303019011/>
            <budgetno_3303019019/>
            <budgetno_3303019800/>
            <total>772.00</total>
        </BCME3450_row>
        <BCME3450_row>
            <objectNo>  0297 機要費</objectNo>
            <budgetno_3303010100/>
            <budgetno_3303011500/>
            <budgetno_3303010700/>
            <budgetno_3303011100>6250.00</budgetno_3303011100>
            <budgetno_3303011600/>
            <budgetno_3303011800/>
            <budgetno_3303011900/>
            <budgetno_3303012000/>
            <budgetno_3303012200/>
            <budgetno_3303012300/>
            <budgetno_3303012400/>
            <budgetno_3303019002/>
            <budgetno_3303019011/>
            <budgetno_3303019019/>
            <budgetno_3303019800/>
            <total>6250.00</total>
        </BCME3450_row>
        <BCME3450_row>
            <objectNo>  0299 特別費</objectNo>
            <budgetno_3303010100>4768.00</budgetno_3303010100>
            <budgetno_3303011500/>
            <budgetno_3303010700/>
            <budgetno_3303011100/>
            <budgetno_3303011600/>
            <budgetno_3303011800/>
            <budgetno_3303011900/>
            <budgetno_3303012000/>
            <budgetno_3303012200/>
            <budgetno_3303012300/>
            <budgetno_3303012400/>
            <budgetno_3303019002/>
            <budgetno_3303019011/>
            <budgetno_3303019019/>
            <budgetno_3303019800/>
            <total>4768.00</total>
        </BCME3450_row>
        <BCME3450_row>
            <objectNo>0300 設備及投資</objectNo>
            <budgetno_3303010100>2029.00</budgetno_3303010100>
            <budgetno_3303011500>2011.00</budgetno_3303011500>
            <budgetno_3303010700/>
            <budgetno_3303011100/>
            <budgetno_3303011600>85792.00</budgetno_3303011600>
            <budgetno_3303011800>20.00</budgetno_3303011800>
            <budgetno_3303011900/>
            <budgetno_3303012000/>
            <budgetno_3303012200>1785.00</budgetno_3303012200>
            <budgetno_3303012300>34008.00</budgetno_3303012300>
            <budgetno_3303012400>999.00</budgetno_3303012400>
            <budgetno_3303019002>10850.00</budgetno_3303019002>
            <budgetno_3303019011>3680.00</budgetno_3303019011>
            <budgetno_3303019019>3715.00</budgetno_3303019019>
            <budgetno_3303019800/>
            <total>144889.00</total>
        </BCME3450_row>
        <BCME3450_row>
            <objectNo>  0302 房屋建築及設備費</objectNo>
            <budgetno_3303010100>1735.00</budgetno_3303010100>
            <budgetno_3303011500>200.00</budgetno_3303011500>
            <budgetno_3303010700/>
            <budgetno_3303011100/>
            <budgetno_3303011600>85416.00</budgetno_3303011600>
            <budgetno_3303011800/>
            <budgetno_3303011900/>
            <budgetno_3303012000/>
            <budgetno_3303012200/>
            <budgetno_3303012300/>
            <budgetno_3303012400/>
            <budgetno_3303019002>10850.00</budgetno_3303019002>
            <budgetno_3303019011/>
            <budgetno_3303019019/>
            <budgetno_3303019800/>
            <total>98201.00</total>
        </BCME3450_row>
        <BCME3450_row>
            <objectNo>  0304 機械設備費</objectNo>
            <budgetno_3303010100/>
            <budgetno_3303011500/>
            <budgetno_3303010700/>
            <budgetno_3303011100/>
            <budgetno_3303011600/>
            <budgetno_3303011800/>
            <budgetno_3303011900/>
            <budgetno_3303012000/>
            <budgetno_3303012200/>
            <budgetno_3303012300/>
            <budgetno_3303012400/>
            <budgetno_3303019002/>
            <budgetno_3303019011>180.00</budgetno_3303019011>
            <budgetno_3303019019/>
            <budgetno_3303019800/>
            <total>180.00</total>
        </BCME3450_row>
        <BCME3450_row>
            <objectNo>  0305 運輸設備費</objectNo>
            <budgetno_3303010100/>
            <budgetno_3303011500/>
            <budgetno_3303010700/>
            <budgetno_3303011100/>
            <budgetno_3303011600/>
            <budgetno_3303011800/>
            <budgetno_3303011900/>
            <budgetno_3303012000/>
            <budgetno_3303012200/>
            <budgetno_3303012300/>
            <budgetno_3303012400/>
            <budgetno_3303019002/>
            <budgetno_3303019011>3500.00</budgetno_3303019011>
            <budgetno_3303019019/>
            <budgetno_3303019800/>
            <total>3500.00</total>
        </BCME3450_row>
        <BCME3450_row>
            <objectNo>  0306 資訊軟硬體設備費</objectNo>
            <budgetno_3303010100/>
            <budgetno_3303011500>1711.00</budgetno_3303011500>
            <budgetno_3303010700/>
            <budgetno_3303011100/>
            <budgetno_3303011600/>
            <budgetno_3303011800/>
            <budgetno_3303011900/>
            <budgetno_3303012000/>
            <budgetno_3303012200>1700.00</budgetno_3303012200>
            <budgetno_3303012300>34008.00</budgetno_3303012300>
            <budgetno_3303012400/>
            <budgetno_3303019002/>
            <budgetno_3303019011/>
            <budgetno_3303019019/>
            <budgetno_3303019800/>
            <total>37419.00</total>
        </BCME3450_row>
        <BCME3450_row>
            <objectNo>  0319 雜項設備費</objectNo>
            <budgetno_3303010100>294.00</budgetno_3303010100>
            <budgetno_3303011500>100.00</budgetno_3303011500>
            <budgetno_3303010700/>
            <budgetno_3303011100/>
            <budgetno_3303011600>376.00</budgetno_3303011600>
            <budgetno_3303011800>20.00</budgetno_3303011800>
            <budgetno_3303011900/>
            <budgetno_3303012000/>
            <budgetno_3303012200>85.00</budgetno_3303012200>
            <budgetno_3303012300/>
            <budgetno_3303012400>999.00</budgetno_3303012400>
            <budgetno_3303019002/>
            <budgetno_3303019011/>
            <budgetno_3303019019>3715.00</budgetno_3303019019>
            <budgetno_3303019800/>
            <total>5589.00</total>
        </BCME3450_row>
        <BCME3450_row>
            <objectNo>0400 獎補助費</objectNo>
            <budgetno_3303010100>1590.00</budgetno_3303010100>
            <budgetno_3303011500/>
            <budgetno_3303010700/>
            <budgetno_3303011100/>
            <budgetno_3303011600/>
            <budgetno_3303011800/>
            <budgetno_3303011900>800.00</budgetno_3303011900>
            <budgetno_3303012000>200.00</budgetno_3303012000>
            <budgetno_3303012200>2430.00</budgetno_3303012200>
            <budgetno_3303012300/>
            <budgetno_3303012400>60.00</budgetno_3303012400>
            <budgetno_3303019002/>
            <budgetno_3303019011/>
            <budgetno_3303019019/>
            <budgetno_3303019800/>
            <total>5080.00</total>
        </BCME3450_row>
        <BCME3450_row>
            <objectNo>  0430 政府機關間之補助</objectNo>
            <budgetno_3303010100/>
            <budgetno_3303011500/>
            <budgetno_3303010700/>
            <budgetno_3303011100/>
            <budgetno_3303011600/>
            <budgetno_3303011800/>
            <budgetno_3303011900/>
            <budgetno_3303012000>200.00</budgetno_3303012000>
            <budgetno_3303012200>360.00</budgetno_3303012200>
            <budgetno_3303012300/>
            <budgetno_3303012400/>
            <budgetno_3303019002/>
            <budgetno_3303019011/>
            <budgetno_3303019019/>
            <budgetno_3303019800/>
            <total>560.00</total>
        </BCME3450_row>
        <BCME3450_row>
            <objectNo>  0437 對國內團體之捐助</objectNo>
            <budgetno_3303010100/>
            <budgetno_3303011500/>
            <budgetno_3303010700/>
            <budgetno_3303011100/>
            <budgetno_3303011600/>
            <budgetno_3303011800/>
            <budgetno_3303011900>800.00</budgetno_3303011900>
            <budgetno_3303012000/>
            <budgetno_3303012200>1070.00</budgetno_3303012200>
            <budgetno_3303012300/>
            <budgetno_3303012400/>
            <budgetno_3303019002/>
            <budgetno_3303019011/>
            <budgetno_3303019019/>
            <budgetno_3303019800/>
            <total>1870.00</total>
        </BCME3450_row>
        <BCME3450_row>
            <objectNo>  0475 獎勵及慰問</objectNo>
            <budgetno_3303010100>1590.00</budgetno_3303010100>
            <budgetno_3303011500/>
            <budgetno_3303010700/>
            <budgetno_3303011100/>
            <budgetno_3303011600/>
            <budgetno_3303011800/>
            <budgetno_3303011900/>
            <budgetno_3303012000/>
            <budgetno_3303012200>1000.00</budgetno_3303012200>
            <budgetno_3303012300/>
            <budgetno_3303012400/>
            <budgetno_3303019002/>
            <budgetno_3303019011/>
            <budgetno_3303019019/>
            <budgetno_3303019800/>
            <total>2590.00</total>
        </BCME3450_row>
        <BCME3450_row>
            <objectNo>  0476 其他補助及捐助</objectNo>
            <budgetno_3303010100/>
            <budgetno_3303011500/>
            <budgetno_3303010700/>
            <budgetno_3303011100/>
            <budgetno_3303011600/>
            <budgetno_3303011800/>
            <budgetno_3303011900/>
            <budgetno_3303012000/>
            <budgetno_3303012200/>
            <budgetno_3303012300/>
            <budgetno_3303012400>60.00</budgetno_3303012400>
            <budgetno_3303019002/>
            <budgetno_3303019011/>
            <budgetno_3303019019/>
            <budgetno_3303019800/>
            <total>60.00</total>
        </BCME3450_row>
        <BCME3450_row>
            <objectNo>0900 預備金</objectNo>
            <budgetno_3303010100/>
            <budgetno_3303011500/>
            <budgetno_3303010700/>
            <budgetno_3303011100/>
            <budgetno_3303011600/>
            <budgetno_3303011800/>
            <budgetno_3303011900/>
            <budgetno_3303012000/>
            <budgetno_3303012200/>
            <budgetno_3303012300/>
            <budgetno_3303012400/>
            <budgetno_3303019002/>
            <budgetno_3303019011/>
            <budgetno_3303019019/>
            <budgetno_3303019800>3800.00</budgetno_3303019800>
            <total>3800.00</total>
        </BCME3450_row>
        <BCME3450_row>
            <objectNo>  0901 第一預備金</objectNo>
            <budgetno_3303010100/>
            <budgetno_3303011500/>
            <budgetno_3303010700/>
            <budgetno_3303011100/>
            <budgetno_3303011600/>
            <budgetno_3303011800/>
            <budgetno_3303011900/>
            <budgetno_3303012000/>
            <budgetno_3303012200/>
            <budgetno_3303012300/>
            <budgetno_3303012400/>
            <budgetno_3303019002/>
            <budgetno_3303019011/>
            <budgetno_3303019019/>
            <budgetno_3303019800>3800.00</budgetno_3303019800>
            <total>3800.00</total>
        </BCME3450_row>
    </BCME3450>
</tables>
