<?xml version="1.0" encoding="UTF-8"?>
<tables>
    <BCTDMANAMT>
        <BCTDMANAMT_row>
            <bn_fiscalyear>105</bn_fiscalyear>
            <bn_fundkind>1</bn_fundkind>
            <bn_budgetkind>1</bn_budgetkind>
            <bn_specialbudgetno/>
            <bn_agenno>03001</bn_agenno>
            <bn_agentype>C</bn_agentype>
            <bn_budgetstate>2</bn_budgetstate>
            <bn_budgetsource>1</bn_budgetsource>
            <bn_man1>519</bn_man1>
            <bn_man1_l>516</bn_man1_l>
            <bn_man2>0</bn_man2>
            <bn_man2_l>0</bn_man2_l>
            <bn_man3>22</bn_man3>
            <bn_man3_l>24</bn_man3_l>
            <bn_man4>47</bn_man4>
            <bn_man4_l>47</bn_man4_l>
            <bn_man5>60</bn_man5>
            <bn_man5_l>63</bn_man5_l>
            <bn_man6>16</bn_man6>
            <bn_man6_l>16</bn_man6_l>
            <bn_man7>0</bn_man7>
            <bn_man7_l>0</bn_man7_l>
            <bn_man8>0</bn_man8>
            <bn_man8_l>0</bn_man8_l>
            <bn_man9>42</bn_man9>
            <bn_man9_l>45</bn_man9_l>
            <bn_man10>0</bn_man10>
            <bn_man10_l>0</bn_man10_l>
            <bn_man11>0</bn_man11>
            <bn_man11_l>0</bn_man11_l>
            <bn_amt_man>797151000.00</bn_amt_man>
            <bn_amt_mngbsn>776851000.00</bn_amt_mngbsn>
            <bn_text>&amp;lt;#H1&amp;gt;104年度聘用員額3人調整為職員員額，減列技工員額2人及駕駛員額3人。&amp;lt;#H1&amp;gt;僱用或委託退休照護人員3人、工讀生進用計畫等6人與依外文編譯、文字處理、美術編輯及照片攝影等計畫進用臨時人員8人，編列臨時人員酬金11,178千元。&amp;lt;#H1&amp;gt;辦理事務性行政勞務委外預計進用派遣人力12人，年需經費約5,068千元。&amp;lt;#H1&amp;gt;辦理辦公處所環境清潔維護等勞務承攬預計31人，年需經費約13,007千元。</bn_text>
            <display_name>33030010100 一般行政</display_name>
        </BCTDMANAMT_row>
        <BCTDMANAMT_row>
            <bn_fiscalyear>105</bn_fiscalyear>
            <bn_fundkind>1</bn_fundkind>
            <bn_budgetkind>1</bn_budgetkind>
            <bn_specialbudgetno/>
            <bn_agenno>03001</bn_agenno>
            <bn_agentype>C</bn_agentype>
            <bn_budgetstate>2</bn_budgetstate>
            <bn_budgetsource>1</bn_budgetsource>
            <bn_man1>9</bn_man1>
            <bn_man1_l>9</bn_man1_l>
            <bn_man2>0</bn_man2>
            <bn_man2_l>0</bn_man2_l>
            <bn_man3>0</bn_man3>
            <bn_man3_l>0</bn_man3_l>
            <bn_man4>0</bn_man4>
            <bn_man4_l>0</bn_man4_l>
            <bn_man5>9</bn_man5>
            <bn_man5_l>9</bn_man5_l>
            <bn_man6>8</bn_man6>
            <bn_man6_l>8</bn_man6_l>
            <bn_man7>0</bn_man7>
            <bn_man7_l>0</bn_man7_l>
            <bn_man8>0</bn_man8>
            <bn_man8_l>0</bn_man8_l>
            <bn_man9>0</bn_man9>
            <bn_man9_l>0</bn_man9_l>
            <bn_man10>0</bn_man10>
            <bn_man10_l>0</bn_man10_l>
            <bn_man11>0</bn_man11>
            <bn_man11_l>0</bn_man11_l>
            <bn_amt_man>24896000.00</bn_amt_man>
            <bn_amt_mngbsn>24004000.00</bn_amt_mngbsn>
            <bn_text/>
            <display_name>33030011500 科技發展研究諮詢</display_name>
        </BCTDMANAMT_row>
    </BCTDMANAMT>
</tables>
