﻿<?xml version="1.0" encoding="UTF-8"?>
<DataCollection>
<Data>
<項目>業務活動之現金流量</項目>
<本年度預算數></本年度預算數>
</Data>
<Data>
<項目>　本期賸餘（短絀－）</項目>
<本年度預算數>6289</本年度預算數>
</Data>
<Data>
<項目>　調整非現金項目</項目>
<本年度預算數>0</本年度預算數>
</Data>
<Data>
<項目>　　業務活動之淨現金流入（流出－）</項目>
<本年度預算數>6289</本年度預算數>
</Data>
<Data>
<項目>其他活動之現金流量</項目>
<本年度預算數></本年度預算數>
</Data>
<Data>
<項目>　減少短期投資及短期貸墊款</項目>
<本年度預算數>0</本年度預算數>
</Data>
<Data>
<項目>　減少長期應收款項、貸墊款及準備金</項目>
<本年度預算數>0</本年度預算數>
</Data>
<Data>
<項目>　減少其他資產</項目>
<本年度預算數>0</本年度預算數>
</Data>
<Data>
<項目>　增加短期債務及其他負債</項目>
<本年度預算數>0</本年度預算數>
</Data>
<Data>
<項目>　其他項目之現金流入</項目>
<本年度預算數>0</本年度預算數>
</Data>
<Data>
<項目>　增加短期投資及短期貸墊款</項目>
<本年度預算數>0</本年度預算數>
</Data>
<Data>
<項目>　增加長期應收款項、貸墊款及準備金</項目>
<本年度預算數>0</本年度預算數>
</Data>
<Data>
<項目>　增加其他資產</項目>
<本年度預算數>0</本年度預算數>
</Data>
<Data>
<項目>　減少短期債務及其他負債</項目>
<本年度預算數>0</本年度預算數>
</Data>
<Data>
<項目>　其他項目之現金流出</項目>
<本年度預算數>0</本年度預算數>
</Data>
<Data>
<項目>　　其他活動之淨現金流入（流出－）</項目>
<本年度預算數>0</本年度預算數>
</Data>
<Data>
<項目>現金及約當現金之淨增（淨減－）</項目>
<本年度預算數>6289</本年度預算數>
</Data>
<Data>
<項目>期初現金及約當現金</項目>
<本年度預算數>667852</本年度預算數>
</Data>
<Data>
<項目>期末現金及約當現金</項目>
<本年度預算數>674141</本年度預算數>
</Data>
</DataCollection>
