<?xml version="1.0" encoding="UTF-8"?>
<tables>
    <BCME3450>
        <BCME3450_row>
            <objectNo>合計</objectNo>
            <budgetno_7606600100>114359.00</budgetno_7606600100>
            <budgetno_7606600600>26591.00</budgetno_7606600600>
            <budgetno_7506605300>740000.00</budgetno_7506605300>
            <budgetno_7606609800>300.00</budgetno_7606609800>
            <total>881250.00</total>
        </BCME3450_row>
        <BCME3450_row>
            <objectNo>0100 人事費</objectNo>
            <budgetno_7606600100>105486.00</budgetno_7606600100>
            <budgetno_7606600600/>
            <budgetno_7506605300/>
            <budgetno_7606609800/>
            <total>105486.00</total>
        </BCME3450_row>
        <BCME3450_row>
            <objectNo>  0103 法定編制人員待遇</objectNo>
            <budgetno_7606600100>64900.00</budgetno_7606600100>
            <budgetno_7606600600/>
            <budgetno_7506605300/>
            <budgetno_7606609800/>
            <total>64900.00</total>
        </BCME3450_row>
        <BCME3450_row>
            <objectNo>  0104 約聘僱人員待遇</objectNo>
            <budgetno_7606600100>3189.00</budgetno_7606600100>
            <budgetno_7606600600/>
            <budgetno_7506605300/>
            <budgetno_7606609800/>
            <total>3189.00</total>
        </BCME3450_row>
        <BCME3450_row>
            <objectNo>  0105 技工及工友待遇</objectNo>
            <budgetno_7606600100>3459.00</budgetno_7606600100>
            <budgetno_7606600600/>
            <budgetno_7506605300/>
            <budgetno_7606609800/>
            <total>3459.00</total>
        </BCME3450_row>
        <BCME3450_row>
            <objectNo>  0111 獎金</objectNo>
            <budgetno_7606600100>14947.00</budgetno_7606600100>
            <budgetno_7606600600/>
            <budgetno_7506605300/>
            <budgetno_7606609800/>
            <total>14947.00</total>
        </BCME3450_row>
        <BCME3450_row>
            <objectNo>  0121 其他給與</objectNo>
            <budgetno_7606600100>1520.00</budgetno_7606600100>
            <budgetno_7606600600/>
            <budgetno_7506605300/>
            <budgetno_7606609800/>
            <total>1520.00</total>
        </BCME3450_row>
        <BCME3450_row>
            <objectNo>  0131 加班值班費</objectNo>
            <budgetno_7606600100>4850.00</budgetno_7606600100>
            <budgetno_7606600600/>
            <budgetno_7506605300/>
            <budgetno_7606609800/>
            <total>4850.00</total>
        </BCME3450_row>
        <BCME3450_row>
            <objectNo>  0143 退休離職儲金</objectNo>
            <budgetno_7606600100>6046.00</budgetno_7606600100>
            <budgetno_7606600600/>
            <budgetno_7506605300/>
            <budgetno_7606609800/>
            <total>6046.00</total>
        </BCME3450_row>
        <BCME3450_row>
            <objectNo>  0151 保險</objectNo>
            <budgetno_7606600100>6575.00</budgetno_7606600100>
            <budgetno_7606600600/>
            <budgetno_7506605300/>
            <budgetno_7606609800/>
            <total>6575.00</total>
        </BCME3450_row>
        <BCME3450_row>
            <objectNo>0200 業務費</objectNo>
            <budgetno_7606600100>8547.00</budgetno_7606600100>
            <budgetno_7606600600>15547.00</budgetno_7606600600>
            <budgetno_7506605300/>
            <budgetno_7606609800/>
            <total>24094.00</total>
        </BCME3450_row>
        <BCME3450_row>
            <objectNo>  0201 教育訓練費</objectNo>
            <budgetno_7606600100>40.00</budgetno_7606600100>
            <budgetno_7606600600>20.00</budgetno_7606600600>
            <budgetno_7506605300/>
            <budgetno_7606609800/>
            <total>60.00</total>
        </BCME3450_row>
        <BCME3450_row>
            <objectNo>  0202 水電費</objectNo>
            <budgetno_7606600100>1479.00</budgetno_7606600100>
            <budgetno_7606600600/>
            <budgetno_7506605300/>
            <budgetno_7606609800/>
            <total>1479.00</total>
        </BCME3450_row>
        <BCME3450_row>
            <objectNo>  0203 通訊費</objectNo>
            <budgetno_7606600100>1294.00</budgetno_7606600100>
            <budgetno_7606600600>7345.00</budgetno_7606600600>
            <budgetno_7506605300/>
            <budgetno_7606609800/>
            <total>8639.00</total>
        </BCME3450_row>
        <BCME3450_row>
            <objectNo>  0215 資訊服務費</objectNo>
            <budgetno_7606600100>50.00</budgetno_7606600100>
            <budgetno_7606600600>4700.00</budgetno_7606600600>
            <budgetno_7506605300/>
            <budgetno_7606609800/>
            <total>4750.00</total>
        </BCME3450_row>
        <BCME3450_row>
            <objectNo>  0219 其他業務租金</objectNo>
            <budgetno_7606600100>62.00</budgetno_7606600100>
            <budgetno_7606600600>200.00</budgetno_7606600600>
            <budgetno_7506605300/>
            <budgetno_7606609800/>
            <total>262.00</total>
        </BCME3450_row>
        <BCME3450_row>
            <objectNo>  0221 稅捐及規費</objectNo>
            <budgetno_7606600100>20.00</budgetno_7606600100>
            <budgetno_7606600600/>
            <budgetno_7506605300/>
            <budgetno_7606609800/>
            <total>20.00</total>
        </BCME3450_row>
        <BCME3450_row>
            <objectNo>  0231 保險費</objectNo>
            <budgetno_7606600100>22.00</budgetno_7606600100>
            <budgetno_7606600600/>
            <budgetno_7506605300/>
            <budgetno_7606609800/>
            <total>22.00</total>
        </BCME3450_row>
        <BCME3450_row>
            <objectNo>  0241 兼職費</objectNo>
            <budgetno_7606600100>552.00</budgetno_7606600100>
            <budgetno_7606600600/>
            <budgetno_7506605300/>
            <budgetno_7606609800/>
            <total>552.00</total>
        </BCME3450_row>
        <BCME3450_row>
            <objectNo>  0250 按日按件計資酬金</objectNo>
            <budgetno_7606600100>331.00</budgetno_7606600100>
            <budgetno_7606600600>1306.00</budgetno_7606600600>
            <budgetno_7506605300/>
            <budgetno_7606609800/>
            <total>1637.00</total>
        </BCME3450_row>
        <BCME3450_row>
            <objectNo>  0262 國內組織會費</objectNo>
            <budgetno_7606600100>30.00</budgetno_7606600100>
            <budgetno_7606600600/>
            <budgetno_7506605300/>
            <budgetno_7606609800/>
            <total>30.00</total>
        </BCME3450_row>
        <BCME3450_row>
            <objectNo>  0271 物品</objectNo>
            <budgetno_7606600100>264.00</budgetno_7606600100>
            <budgetno_7606600600>698.00</budgetno_7606600600>
            <budgetno_7506605300/>
            <budgetno_7606609800/>
            <total>962.00</total>
        </BCME3450_row>
        <BCME3450_row>
            <objectNo>  0279 一般事務費</objectNo>
            <budgetno_7606600100>3769.00</budgetno_7606600100>
            <budgetno_7606600600>177.00</budgetno_7606600600>
            <budgetno_7506605300/>
            <budgetno_7606609800/>
            <total>3946.00</total>
        </BCME3450_row>
        <BCME3450_row>
            <objectNo>  0282 房屋建築養護費</objectNo>
            <budgetno_7606600100>44.00</budgetno_7606600100>
            <budgetno_7606600600/>
            <budgetno_7506605300/>
            <budgetno_7606609800/>
            <total>44.00</total>
        </BCME3450_row>
        <BCME3450_row>
            <objectNo>  0283 車輛及辦公器具養護費</objectNo>
            <budgetno_7606600100>134.00</budgetno_7606600100>
            <budgetno_7606600600/>
            <budgetno_7506605300/>
            <budgetno_7606609800/>
            <total>134.00</total>
        </BCME3450_row>
        <BCME3450_row>
            <objectNo>  0284 設施及機械設備養護費</objectNo>
            <budgetno_7606600100>437.00</budgetno_7606600100>
            <budgetno_7606600600/>
            <budgetno_7506605300/>
            <budgetno_7606609800/>
            <total>437.00</total>
        </BCME3450_row>
        <BCME3450_row>
            <objectNo>  0291 國內旅費</objectNo>
            <budgetno_7606600100>9.00</budgetno_7606600100>
            <budgetno_7606600600>55.00</budgetno_7606600600>
            <budgetno_7506605300/>
            <budgetno_7606609800/>
            <total>64.00</total>
        </BCME3450_row>
        <BCME3450_row>
            <objectNo>  0293 國外旅費</objectNo>
            <budgetno_7606600100/>
            <budgetno_7606600600>1046.00</budgetno_7606600600>
            <budgetno_7506605300/>
            <budgetno_7606609800/>
            <total>1046.00</total>
        </BCME3450_row>
        <BCME3450_row>
            <objectNo>  0295 短程車資</objectNo>
            <budgetno_7606600100>10.00</budgetno_7606600100>
            <budgetno_7606600600/>
            <budgetno_7506605300/>
            <budgetno_7606609800/>
            <total>10.00</total>
        </BCME3450_row>
        <BCME3450_row>
            <objectNo>0300 設備及投資</objectNo>
            <budgetno_7606600100>290.00</budgetno_7606600100>
            <budgetno_7606600600>11044.00</budgetno_7606600600>
            <budgetno_7506605300/>
            <budgetno_7606609800/>
            <total>11334.00</total>
        </BCME3450_row>
        <BCME3450_row>
            <objectNo>  0306 資訊軟硬體設備費</objectNo>
            <budgetno_7606600100/>
            <budgetno_7606600600>11044.00</budgetno_7606600600>
            <budgetno_7506605300/>
            <budgetno_7606609800/>
            <total>11044.00</total>
        </BCME3450_row>
        <BCME3450_row>
            <objectNo>  0319 雜項設備費</objectNo>
            <budgetno_7606600100>290.00</budgetno_7606600100>
            <budgetno_7606600600/>
            <budgetno_7506605300/>
            <budgetno_7606609800/>
            <total>290.00</total>
        </BCME3450_row>
        <BCME3450_row>
            <objectNo>0400 獎補助費</objectNo>
            <budgetno_7606600100>36.00</budgetno_7606600100>
            <budgetno_7606600600/>
            <budgetno_7506605300>740000.00</budgetno_7506605300>
            <budgetno_7606609800/>
            <total>740036.00</total>
        </BCME3450_row>
        <BCME3450_row>
            <objectNo>  0444 公保及退撫基金差額補助</objectNo>
            <budgetno_7606600100/>
            <budgetno_7606600600/>
            <budgetno_7506605300>740000.00</budgetno_7506605300>
            <budgetno_7606609800/>
            <total>740000.00</total>
        </BCME3450_row>
        <BCME3450_row>
            <objectNo>  0475 獎勵及慰問</objectNo>
            <budgetno_7606600100>36.00</budgetno_7606600100>
            <budgetno_7606600600/>
            <budgetno_7506605300/>
            <budgetno_7606609800/>
            <total>36.00</total>
        </BCME3450_row>
        <BCME3450_row>
            <objectNo>0900 預備金</objectNo>
            <budgetno_7606600100/>
            <budgetno_7606600600/>
            <budgetno_7506605300/>
            <budgetno_7606609800>300.00</budgetno_7606609800>
            <total>300.00</total>
        </BCME3450_row>
        <BCME3450_row>
            <objectNo>  0901 第一預備金</objectNo>
            <budgetno_7606600100/>
            <budgetno_7606600600/>
            <budgetno_7506605300/>
            <budgetno_7606609800>300.00</budgetno_7606609800>
            <total>300.00</total>
        </BCME3450_row>
    </BCME3450>
</tables>
