<?xml version="1.0" encoding="UTF-8"?>
<tables>
    <BCME3420>
        <BCME3420_row>
            <budgetno/>
            <agenno/>
            <agentype/>
            <mh_budgetname>合    計</mh_budgetname>
            <displayname>合    計</displayname>
            <budgetno_conver/>
            <tyear_amt>881250000</tyear_amt>
            <lyear_amt>880565000</lyear_amt>
            <byear_amt>875939991</byear_amt>
            <b_amt>685000</b_amt>
            <bc_content/>
            <memo/>
        </BCME3420_row>
        <BCME3420_row>
            <budgetno>00060000000</budgetno>
            <agenno>06060</agenno>
            <agentype>C</agentype>
            <mh_budgetname>考試院主管</mh_budgetname>
            <displayname>考試院主管</displayname>
            <budgetno_conver>0006000000</budgetno_conver>
            <tyear_amt>881250000</tyear_amt>
            <lyear_amt>880565000</lyear_amt>
            <byear_amt>875939991</byear_amt>
            <b_amt>685000</b_amt>
            <bc_content/>
        </BCME3420_row>
        <BCME3420_row>
            <budgetno>00060600000</budgetno>
            <agenno>06060</agenno>
            <agentype>C</agentype>
            <mh_budgetname>公務人員退休撫卹基金管理委員會</mh_budgetname>
            <displayname>公務人員退休撫卹基金管理委員會</displayname>
            <budgetno_conver>0006600000</budgetno_conver>
            <tyear_amt>881250000</tyear_amt>
            <lyear_amt>880565000</lyear_amt>
            <byear_amt>875939991</byear_amt>
            <b_amt>685000</b_amt>
            <bc_content/>
        </BCME3420_row>
        <BCME3420_row>
            <budgetno>75060600000</budgetno>
            <agenno>06060</agenno>
            <agentype>C</agentype>
            <mh_budgetname>退休撫卹給付支出</mh_budgetname>
            <displayname>退休撫卹給付支出</displayname>
            <budgetno_conver>7506600000</budgetno_conver>
            <tyear_amt>740000000</tyear_amt>
            <lyear_amt>740000000</lyear_amt>
            <byear_amt>740000000</byear_amt>
            <b_amt>0</b_amt>
            <bc_content/>
        </BCME3420_row>
        <BCME3420_row>
            <budgetno>75060605300</budgetno>
            <agenno>06060</agenno>
            <agentype>C</agentype>
            <mh_budgetname>公務人員退休撫卹給付</mh_budgetname>
            <displayname>公務人員退休撫卹給付</displayname>
            <budgetno_conver>7506605300</budgetno_conver>
            <tyear_amt>740000000</tyear_amt>
            <lyear_amt>740000000</lyear_amt>
            <byear_amt>740000000</byear_amt>
            <b_amt>0</b_amt>
            <bc_content>本年度預算數740,000千元，係退撫基金運用收益未達法定收益，依法由國庫撥補之經費，與上年度同。</bc_content>
        </BCME3420_row>
        <BCME3420_row>
            <budgetno>76060600000</budgetno>
            <agenno>06060</agenno>
            <agentype>C</agentype>
            <mh_budgetname>退休撫卹業務支出</mh_budgetname>
            <displayname>退休撫卹業務支出</displayname>
            <budgetno_conver>7606600000</budgetno_conver>
            <tyear_amt>141250000</tyear_amt>
            <lyear_amt>140565000</lyear_amt>
            <byear_amt>135939991</byear_amt>
            <b_amt>685000</b_amt>
            <bc_content/>
        </BCME3420_row>
        <BCME3420_row>
            <budgetno>76060600100</budgetno>
            <agenno>06060</agenno>
            <agentype>C</agentype>
            <mh_budgetname>一般行政</mh_budgetname>
            <displayname>一般行政</displayname>
            <budgetno_conver>7606600100</budgetno_conver>
            <tyear_amt>114359000</tyear_amt>
            <lyear_amt>112578000</lyear_amt>
            <byear_amt>110660991</byear_amt>
            <b_amt>1781000</b_amt>
            <bc_content>&lt;#H1&gt;本年度預算數114,359千元，包括人事費105,486千元，業務費8,547千元，設備及投資290千元，獎補助費36千元。&#xd;
&lt;#H1&gt;本年度預算數之內容與上年度之比較如下：&#xd;
&lt;#H2&gt;人員維持費105,486千元，較上年度增列員工薪俸晉級差額等經費1,301千元。&#xd;
&lt;#H2&gt;基本行政工作維持費8,873千元，較上年度增列委員兼職費及顧問出席費等480千元。</bc_content>
        </BCME3420_row>
        <BCME3420_row>
            <budgetno>76060600600</budgetno>
            <agenno>06060</agenno>
            <agentype>C</agentype>
            <mh_budgetname>退撫基金管理</mh_budgetname>
            <displayname>退撫基金管理</displayname>
            <budgetno_conver>7606600600</budgetno_conver>
            <tyear_amt>26591000</tyear_amt>
            <lyear_amt>27687000</lyear_amt>
            <byear_amt>25279000</byear_amt>
            <b_amt>-1096000</b_amt>
            <bc_content>&lt;#H1&gt;本年度預算數26,591千元，包括業務費15,547千元，設備及投資11,044千元。&#xd;
&lt;#H1&gt;本年度預算數之內容與上年度之比較如下：&#xd;
&lt;#H2&gt;基金收支及保管之規劃經費26,256千元，較上年度減列委託辦理退撫基金第6次精算作業等經費3,240千元，增列網路線路費、電腦主機及應用軟體維護等經費2,144千元，計淨減1,096千元。&#xd;
&lt;#H2&gt;基金收繳及退撫給與之撥付經費335千元，與上年度同。</bc_content>
        </BCME3420_row>
        <BCME3420_row>
            <budgetno>76060609800</budgetno>
            <agenno>06060</agenno>
            <agentype>C</agentype>
            <mh_budgetname>第一預備金</mh_budgetname>
            <displayname>第一預備金</displayname>
            <budgetno_conver>7606609800</budgetno_conver>
            <tyear_amt>300000</tyear_amt>
            <lyear_amt>300000</lyear_amt>
            <byear_amt>0</byear_amt>
            <b_amt>0</b_amt>
            <bc_content>仍照上年度預算數編列。</bc_content>
        </BCME3420_row>
    </BCME3420>
</tables>
