<?xml version="1.0" encoding="UTF-8"?>
<tables>
    <BCTMCAR>
        <BCTMCAR_row>
            <bq_fiscalyear>104</bq_fiscalyear>
            <bq_fundkind>1</bq_fundkind>
            <bq_budgetkind>1</bq_budgetkind>
            <bq_specialbudgetno/>
            <bq_agenno>05050</bq_agenno>
            <bq_agentype>C</bq_agentype>
            <bq_budgetstate>2</bq_budgetstate>
            <bq_budgetno>35050509011</bq_budgetno>
            <bq_objectno>07352000</bq_objectno>
            <bq_carid>0460-LP</bq_carid>
            <bq_persons>7</bq_persons>
            <bq_buydate>09404</bq_buydate>
            <bq_ventsize>1998</bq_ventsize>
            <bq_oilamt>1668</bq_oilamt>
            <bq_oilprice>24.57</bq_oilprice>
            <bq_amt_maintain>48450.00</bq_amt_maintain>
            <bq_amt5>22000.00</bq_amt5>
            <bq_carnum>1</bq_carnum>
            <bq_remark/>
            <bq_lpgamt>0</bq_lpgamt>
            <bq_lpgprice>0.00</bq_lpgprice>
            <bq_versiondate/>
        </BCTMCAR_row>
        <BCTMCAR_row>
            <bq_fiscalyear>104</bq_fiscalyear>
            <bq_fundkind>1</bq_fundkind>
            <bq_budgetkind>1</bq_budgetkind>
            <bq_specialbudgetno/>
            <bq_agenno>05050</bq_agenno>
            <bq_agentype>C</bq_agentype>
            <bq_budgetstate>2</bq_budgetstate>
            <bq_budgetno>35050509011</bq_budgetno>
            <bq_objectno>07351600</bq_objectno>
            <bq_carid>1</bq_carid>
            <bq_persons>0</bq_persons>
            <bq_buydate>09411</bq_buydate>
            <bq_ventsize>124</bq_ventsize>
            <bq_oilamt>936</bq_oilamt>
            <bq_oilprice>24.57</bq_oilprice>
            <bq_amt_maintain>4845.00</bq_amt_maintain>
            <bq_amt5>3000.00</bq_amt5>
            <bq_carnum>3</bq_carnum>
            <bq_remark>L6H-659、L6H-661、L6H-662。</bq_remark>
            <bq_lpgamt>0</bq_lpgamt>
            <bq_lpgprice>0.00</bq_lpgprice>
            <bq_versiondate/>
        </BCTMCAR_row>
        <BCTMCAR_row>
            <bq_fiscalyear>104</bq_fiscalyear>
            <bq_fundkind>1</bq_fundkind>
            <bq_budgetkind>1</bq_budgetkind>
            <bq_specialbudgetno/>
            <bq_agenno>05050</bq_agenno>
            <bq_agentype>C</bq_agentype>
            <bq_budgetstate>2</bq_budgetstate>
            <bq_budgetno>35050509011</bq_budgetno>
            <bq_objectno>07352000</bq_objectno>
            <bq_carid>1453-LM</bq_carid>
            <bq_persons>4</bq_persons>
            <bq_buydate>09312</bq_buydate>
            <bq_ventsize>1999</bq_ventsize>
            <bq_oilamt>1668</bq_oilamt>
            <bq_oilprice>24.57</bq_oilprice>
            <bq_amt_maintain>48450.00</bq_amt_maintain>
            <bq_amt5>22000.00</bq_amt5>
            <bq_carnum>1</bq_carnum>
            <bq_remark/>
            <bq_lpgamt>0</bq_lpgamt>
            <bq_lpgprice>0.00</bq_lpgprice>
            <bq_versiondate/>
        </BCTMCAR_row>
        <BCTMCAR_row>
            <bq_fiscalyear>104</bq_fiscalyear>
            <bq_fundkind>1</bq_fundkind>
            <bq_budgetkind>1</bq_budgetkind>
            <bq_specialbudgetno/>
            <bq_agenno>05050</bq_agenno>
            <bq_agentype>C</bq_agentype>
            <bq_budgetstate>2</bq_budgetstate>
            <bq_budgetno>35050509011</bq_budgetno>
            <bq_objectno>07351600</bq_objectno>
            <bq_carid>2</bq_carid>
            <bq_persons>0</bq_persons>
            <bq_buydate>09006</bq_buydate>
            <bq_ventsize>150</bq_ventsize>
            <bq_oilamt>1560</bq_oilamt>
            <bq_oilprice>24.57</bq_oilprice>
            <bq_amt_maintain>8075.00</bq_amt_maintain>
            <bq_amt5>5000.00</bq_amt5>
            <bq_carnum>5</bq_carnum>
            <bq_remark>HL8-353(預計104.08購置)、HL8-355、HL8-358、HL8-359(預計104.08購置)、HL8-363。</bq_remark>
            <bq_lpgamt>0</bq_lpgamt>
            <bq_lpgprice>0.00</bq_lpgprice>
            <bq_versiondate/>
        </BCTMCAR_row>
        <BCTMCAR_row>
            <bq_fiscalyear>104</bq_fiscalyear>
            <bq_fundkind>1</bq_fundkind>
            <bq_budgetkind>1</bq_budgetkind>
            <bq_specialbudgetno/>
            <bq_agenno>05050</bq_agenno>
            <bq_agentype>C</bq_agentype>
            <bq_budgetstate>2</bq_budgetstate>
            <bq_budgetno>35050509011</bq_budgetno>
            <bq_objectno>07352000</bq_objectno>
            <bq_carid>2018-NC</bq_carid>
            <bq_persons>7</bq_persons>
            <bq_buydate>09412</bq_buydate>
            <bq_ventsize>2350</bq_ventsize>
            <bq_oilamt>1668</bq_oilamt>
            <bq_oilprice>24.57</bq_oilprice>
            <bq_amt_maintain>48450.00</bq_amt_maintain>
            <bq_amt5>22000.00</bq_amt5>
            <bq_carnum>1</bq_carnum>
            <bq_remark/>
            <bq_lpgamt>0</bq_lpgamt>
            <bq_lpgprice>0.00</bq_lpgprice>
            <bq_versiondate/>
        </BCTMCAR_row>
        <BCTMCAR_row>
            <bq_fiscalyear>104</bq_fiscalyear>
            <bq_fundkind>1</bq_fundkind>
            <bq_budgetkind>1</bq_budgetkind>
            <bq_specialbudgetno/>
            <bq_agenno>05050</bq_agenno>
            <bq_agentype>C</bq_agentype>
            <bq_budgetstate>2</bq_budgetstate>
            <bq_budgetno>35050509011</bq_budgetno>
            <bq_objectno>07350100</bq_objectno>
            <bq_carid>2061-TY</bq_carid>
            <bq_persons>4</bq_persons>
            <bq_buydate>09610</bq_buydate>
            <bq_ventsize>2378</bq_ventsize>
            <bq_oilamt>1668</bq_oilamt>
            <bq_oilprice>24.57</bq_oilprice>
            <bq_amt_maintain>48450.00</bq_amt_maintain>
            <bq_amt5>22000.00</bq_amt5>
            <bq_carnum>1</bq_carnum>
            <bq_remark/>
            <bq_lpgamt>0</bq_lpgamt>
            <bq_lpgprice>0.00</bq_lpgprice>
            <bq_versiondate/>
        </BCTMCAR_row>
        <BCTMCAR_row>
            <bq_fiscalyear>104</bq_fiscalyear>
            <bq_fundkind>1</bq_fundkind>
            <bq_budgetkind>1</bq_budgetkind>
            <bq_specialbudgetno/>
            <bq_agenno>05050</bq_agenno>
            <bq_agentype>C</bq_agentype>
            <bq_budgetstate>2</bq_budgetstate>
            <bq_budgetno>35050509011</bq_budgetno>
            <bq_objectno>07351900</bq_objectno>
            <bq_carid>2161-FX</bq_carid>
            <bq_persons>4</bq_persons>
            <bq_buydate>09205</bq_buydate>
            <bq_ventsize>1995</bq_ventsize>
            <bq_oilamt>1668</bq_oilamt>
            <bq_oilprice>24.57</bq_oilprice>
            <bq_amt_maintain>48450.00</bq_amt_maintain>
            <bq_amt5>22000.00</bq_amt5>
            <bq_carnum>1</bq_carnum>
            <bq_remark/>
            <bq_lpgamt>0</bq_lpgamt>
            <bq_lpgprice>0.00</bq_lpgprice>
            <bq_versiondate/>
        </BCTMCAR_row>
        <BCTMCAR_row>
            <bq_fiscalyear>104</bq_fiscalyear>
            <bq_fundkind>1</bq_fundkind>
            <bq_budgetkind>1</bq_budgetkind>
            <bq_specialbudgetno/>
            <bq_agenno>05050</bq_agenno>
            <bq_agentype>C</bq_agentype>
            <bq_budgetstate>2</bq_budgetstate>
            <bq_budgetno>35050509011</bq_budgetno>
            <bq_objectno>07351600</bq_objectno>
            <bq_carid>3</bq_carid>
            <bq_persons>0</bq_persons>
            <bq_buydate>09905</bq_buydate>
            <bq_ventsize>125</bq_ventsize>
            <bq_oilamt>624</bq_oilamt>
            <bq_oilprice>24.57</bq_oilprice>
            <bq_amt_maintain>3230.00</bq_amt_maintain>
            <bq_amt5>2000.00</bq_amt5>
            <bq_carnum>2</bq_carnum>
            <bq_remark>923-GWZ、925-GWZ。</bq_remark>
            <bq_lpgamt>0</bq_lpgamt>
            <bq_lpgprice>0.00</bq_lpgprice>
            <bq_versiondate/>
        </BCTMCAR_row>
        <BCTMCAR_row>
            <bq_fiscalyear>104</bq_fiscalyear>
            <bq_fundkind>1</bq_fundkind>
            <bq_budgetkind>1</bq_budgetkind>
            <bq_specialbudgetno/>
            <bq_agenno>05050</bq_agenno>
            <bq_agentype>C</bq_agentype>
            <bq_budgetstate>2</bq_budgetstate>
            <bq_budgetno>35050509011</bq_budgetno>
            <bq_objectno>07352100</bq_objectno>
            <bq_carid>3371-TY</bq_carid>
            <bq_persons>4</bq_persons>
            <bq_buydate>09610</bq_buydate>
            <bq_ventsize>1998</bq_ventsize>
            <bq_oilamt>1668</bq_oilamt>
            <bq_oilprice>24.57</bq_oilprice>
            <bq_amt_maintain>48450.00</bq_amt_maintain>
            <bq_amt5>22000.00</bq_amt5>
            <bq_carnum>1</bq_carnum>
            <bq_remark/>
            <bq_lpgamt>0</bq_lpgamt>
            <bq_lpgprice>0.00</bq_lpgprice>
            <bq_versiondate/>
        </BCTMCAR_row>
        <BCTMCAR_row>
            <bq_fiscalyear>104</bq_fiscalyear>
            <bq_fundkind>1</bq_fundkind>
            <bq_budgetkind>1</bq_budgetkind>
            <bq_specialbudgetno/>
            <bq_agenno>05050</bq_agenno>
            <bq_agentype>C</bq_agentype>
            <bq_budgetstate>2</bq_budgetstate>
            <bq_budgetno>35050509011</bq_budgetno>
            <bq_objectno>07352000</bq_objectno>
            <bq_carid>3372-TY</bq_carid>
            <bq_persons>4</bq_persons>
            <bq_buydate>09610</bq_buydate>
            <bq_ventsize>1998</bq_ventsize>
            <bq_oilamt>1668</bq_oilamt>
            <bq_oilprice>24.57</bq_oilprice>
            <bq_amt_maintain>48450.00</bq_amt_maintain>
            <bq_amt5>22000.00</bq_amt5>
            <bq_carnum>1</bq_carnum>
            <bq_remark/>
            <bq_lpgamt>0</bq_lpgamt>
            <bq_lpgprice>0.00</bq_lpgprice>
            <bq_versiondate/>
        </BCTMCAR_row>
        <BCTMCAR_row>
            <bq_fiscalyear>104</bq_fiscalyear>
            <bq_fundkind>1</bq_fundkind>
            <bq_budgetkind>1</bq_budgetkind>
            <bq_specialbudgetno/>
            <bq_agenno>05050</bq_agenno>
            <bq_agentype>C</bq_agentype>
            <bq_budgetstate>2</bq_budgetstate>
            <bq_budgetno>35050509011</bq_budgetno>
            <bq_objectno>07352000</bq_objectno>
            <bq_carid>3373-TY</bq_carid>
            <bq_persons>4</bq_persons>
            <bq_buydate>09610</bq_buydate>
            <bq_ventsize>1998</bq_ventsize>
            <bq_oilamt>1668</bq_oilamt>
            <bq_oilprice>24.57</bq_oilprice>
            <bq_amt_maintain>48450.00</bq_amt_maintain>
            <bq_amt5>22000.00</bq_amt5>
            <bq_carnum>1</bq_carnum>
            <bq_remark/>
            <bq_lpgamt>0</bq_lpgamt>
            <bq_lpgprice>0.00</bq_lpgprice>
            <bq_versiondate/>
        </BCTMCAR_row>
        <BCTMCAR_row>
            <bq_fiscalyear>104</bq_fiscalyear>
            <bq_fundkind>1</bq_fundkind>
            <bq_budgetkind>1</bq_budgetkind>
            <bq_specialbudgetno/>
            <bq_agenno>05050</bq_agenno>
            <bq_agentype>C</bq_agentype>
            <bq_budgetstate>2</bq_budgetstate>
            <bq_budgetno>35050509011</bq_budgetno>
            <bq_objectno>07352000</bq_objectno>
            <bq_carid>3375-TY</bq_carid>
            <bq_persons>4</bq_persons>
            <bq_buydate>09610</bq_buydate>
            <bq_ventsize>1998</bq_ventsize>
            <bq_oilamt>1668</bq_oilamt>
            <bq_oilprice>24.57</bq_oilprice>
            <bq_amt_maintain>48450.00</bq_amt_maintain>
            <bq_amt5>22000.00</bq_amt5>
            <bq_carnum>1</bq_carnum>
            <bq_remark/>
            <bq_lpgamt>0</bq_lpgamt>
            <bq_lpgprice>0.00</bq_lpgprice>
            <bq_versiondate/>
        </BCTMCAR_row>
        <BCTMCAR_row>
            <bq_fiscalyear>104</bq_fiscalyear>
            <bq_fundkind>1</bq_fundkind>
            <bq_budgetkind>1</bq_budgetkind>
            <bq_specialbudgetno/>
            <bq_agenno>05050</bq_agenno>
            <bq_agentype>C</bq_agentype>
            <bq_budgetstate>2</bq_budgetstate>
            <bq_budgetno>35050509011</bq_budgetno>
            <bq_objectno>07352000</bq_objectno>
            <bq_carid>3380-TY</bq_carid>
            <bq_persons>4</bq_persons>
            <bq_buydate>09610</bq_buydate>
            <bq_ventsize>1998</bq_ventsize>
            <bq_oilamt>1668</bq_oilamt>
            <bq_oilprice>24.57</bq_oilprice>
            <bq_amt_maintain>48450.00</bq_amt_maintain>
            <bq_amt5>22000.00</bq_amt5>
            <bq_carnum>1</bq_carnum>
            <bq_remark/>
            <bq_lpgamt>0</bq_lpgamt>
            <bq_lpgprice>0.00</bq_lpgprice>
            <bq_versiondate/>
        </BCTMCAR_row>
        <BCTMCAR_row>
            <bq_fiscalyear>104</bq_fiscalyear>
            <bq_fundkind>1</bq_fundkind>
            <bq_budgetkind>1</bq_budgetkind>
            <bq_specialbudgetno/>
            <bq_agenno>05050</bq_agenno>
            <bq_agentype>C</bq_agentype>
            <bq_budgetstate>2</bq_budgetstate>
            <bq_budgetno>35050509011</bq_budgetno>
            <bq_objectno>07352000</bq_objectno>
            <bq_carid>3381-TY</bq_carid>
            <bq_persons>4</bq_persons>
            <bq_buydate>09610</bq_buydate>
            <bq_ventsize>1998</bq_ventsize>
            <bq_oilamt>1668</bq_oilamt>
            <bq_oilprice>24.57</bq_oilprice>
            <bq_amt_maintain>48450.00</bq_amt_maintain>
            <bq_amt5>22000.00</bq_amt5>
            <bq_carnum>1</bq_carnum>
            <bq_remark/>
            <bq_lpgamt>0</bq_lpgamt>
            <bq_lpgprice>0.00</bq_lpgprice>
            <bq_versiondate/>
        </BCTMCAR_row>
        <BCTMCAR_row>
            <bq_fiscalyear>104</bq_fiscalyear>
            <bq_fundkind>1</bq_fundkind>
            <bq_budgetkind>1</bq_budgetkind>
            <bq_specialbudgetno/>
            <bq_agenno>05050</bq_agenno>
            <bq_agentype>C</bq_agentype>
            <bq_budgetstate>2</bq_budgetstate>
            <bq_budgetno>35050509011</bq_budgetno>
            <bq_objectno>07352000</bq_objectno>
            <bq_carid>3382-TY</bq_carid>
            <bq_persons>4</bq_persons>
            <bq_buydate>09610</bq_buydate>
            <bq_ventsize>1998</bq_ventsize>
            <bq_oilamt>1668</bq_oilamt>
            <bq_oilprice>24.57</bq_oilprice>
            <bq_amt_maintain>48450.00</bq_amt_maintain>
            <bq_amt5>22000.00</bq_amt5>
            <bq_carnum>1</bq_carnum>
            <bq_remark/>
            <bq_lpgamt>0</bq_lpgamt>
            <bq_lpgprice>0.00</bq_lpgprice>
            <bq_versiondate/>
        </BCTMCAR_row>
        <BCTMCAR_row>
            <bq_fiscalyear>104</bq_fiscalyear>
            <bq_fundkind>1</bq_fundkind>
            <bq_budgetkind>1</bq_budgetkind>
            <bq_specialbudgetno/>
            <bq_agenno>05050</bq_agenno>
            <bq_agentype>C</bq_agentype>
            <bq_budgetstate>2</bq_budgetstate>
            <bq_budgetno>35050509011</bq_budgetno>
            <bq_objectno>07352000</bq_objectno>
            <bq_carid>3387-TY</bq_carid>
            <bq_persons>4</bq_persons>
            <bq_buydate>09610</bq_buydate>
            <bq_ventsize>1998</bq_ventsize>
            <bq_oilamt>1668</bq_oilamt>
            <bq_oilprice>24.57</bq_oilprice>
            <bq_amt_maintain>48450.00</bq_amt_maintain>
            <bq_amt5>22000.00</bq_amt5>
            <bq_carnum>1</bq_carnum>
            <bq_remark/>
            <bq_lpgamt>0</bq_lpgamt>
            <bq_lpgprice>0.00</bq_lpgprice>
            <bq_versiondate/>
        </BCTMCAR_row>
        <BCTMCAR_row>
            <bq_fiscalyear>104</bq_fiscalyear>
            <bq_fundkind>1</bq_fundkind>
            <bq_budgetkind>1</bq_budgetkind>
            <bq_specialbudgetno/>
            <bq_agenno>05050</bq_agenno>
            <bq_agentype>C</bq_agentype>
            <bq_budgetstate>2</bq_budgetstate>
            <bq_budgetno>35050509011</bq_budgetno>
            <bq_objectno>07352200</bq_objectno>
            <bq_carid>3437-TY</bq_carid>
            <bq_persons>4</bq_persons>
            <bq_buydate>09610</bq_buydate>
            <bq_ventsize>2967</bq_ventsize>
            <bq_oilamt>1668</bq_oilamt>
            <bq_oilprice>24.57</bq_oilprice>
            <bq_amt_maintain>48450.00</bq_amt_maintain>
            <bq_amt5>22000.00</bq_amt5>
            <bq_carnum>1</bq_carnum>
            <bq_remark/>
            <bq_lpgamt>0</bq_lpgamt>
            <bq_lpgprice>0.00</bq_lpgprice>
            <bq_versiondate/>
        </BCTMCAR_row>
        <BCTMCAR_row>
            <bq_fiscalyear>104</bq_fiscalyear>
            <bq_fundkind>1</bq_fundkind>
            <bq_budgetkind>1</bq_budgetkind>
            <bq_specialbudgetno/>
            <bq_agenno>05050</bq_agenno>
            <bq_agentype>C</bq_agentype>
            <bq_budgetstate>2</bq_budgetstate>
            <bq_budgetno>35050509011</bq_budgetno>
            <bq_objectno>07351600</bq_objectno>
            <bq_carid>4</bq_carid>
            <bq_persons>0</bq_persons>
            <bq_buydate>09209</bq_buydate>
            <bq_ventsize>124</bq_ventsize>
            <bq_oilamt>312</bq_oilamt>
            <bq_oilprice>24.57</bq_oilprice>
            <bq_amt_maintain>1615.00</bq_amt_maintain>
            <bq_amt5>1000.00</bq_amt5>
            <bq_carnum>1</bq_carnum>
            <bq_remark>G57-893。</bq_remark>
            <bq_lpgamt>0</bq_lpgamt>
            <bq_lpgprice>0.00</bq_lpgprice>
            <bq_versiondate/>
        </BCTMCAR_row>
        <BCTMCAR_row>
            <bq_fiscalyear>104</bq_fiscalyear>
            <bq_fundkind>1</bq_fundkind>
            <bq_budgetkind>1</bq_budgetkind>
            <bq_specialbudgetno/>
            <bq_agenno>05050</bq_agenno>
            <bq_agentype>C</bq_agentype>
            <bq_budgetstate>2</bq_budgetstate>
            <bq_budgetno>35050509011</bq_budgetno>
            <bq_objectno>07351800</bq_objectno>
            <bq_carid>4092-G3</bq_carid>
            <bq_persons>7</bq_persons>
            <bq_buydate>10008</bq_buydate>
            <bq_ventsize>2351</bq_ventsize>
            <bq_oilamt>1668</bq_oilamt>
            <bq_oilprice>24.57</bq_oilprice>
            <bq_amt_maintain>24225.00</bq_amt_maintain>
            <bq_amt5>22000.00</bq_amt5>
            <bq_carnum>1</bq_carnum>
            <bq_remark/>
            <bq_lpgamt>0</bq_lpgamt>
            <bq_lpgprice>0.00</bq_lpgprice>
            <bq_versiondate/>
        </BCTMCAR_row>
        <BCTMCAR_row>
            <bq_fiscalyear>104</bq_fiscalyear>
            <bq_fundkind>1</bq_fundkind>
            <bq_budgetkind>1</bq_budgetkind>
            <bq_specialbudgetno/>
            <bq_agenno>05050</bq_agenno>
            <bq_agentype>C</bq_agentype>
            <bq_budgetstate>2</bq_budgetstate>
            <bq_budgetno>35050509011</bq_budgetno>
            <bq_objectno>07351900</bq_objectno>
            <bq_carid>4163-N8</bq_carid>
            <bq_persons>4</bq_persons>
            <bq_buydate>10008</bq_buydate>
            <bq_ventsize>1798</bq_ventsize>
            <bq_oilamt>1668</bq_oilamt>
            <bq_oilprice>24.57</bq_oilprice>
            <bq_amt_maintain>24225.00</bq_amt_maintain>
            <bq_amt5>22000.00</bq_amt5>
            <bq_carnum>1</bq_carnum>
            <bq_remark/>
            <bq_lpgamt>0</bq_lpgamt>
            <bq_lpgprice>0.00</bq_lpgprice>
            <bq_versiondate/>
        </BCTMCAR_row>
        <BCTMCAR_row>
            <bq_fiscalyear>104</bq_fiscalyear>
            <bq_fundkind>1</bq_fundkind>
            <bq_budgetkind>1</bq_budgetkind>
            <bq_specialbudgetno/>
            <bq_agenno>05050</bq_agenno>
            <bq_agentype>C</bq_agentype>
            <bq_budgetstate>2</bq_budgetstate>
            <bq_budgetno>35050509011</bq_budgetno>
            <bq_objectno>07351400</bq_objectno>
            <bq_carid>419-WD</bq_carid>
            <bq_persons>18</bq_persons>
            <bq_buydate>09612</bq_buydate>
            <bq_ventsize>4009</bq_ventsize>
            <bq_oilamt>1668</bq_oilamt>
            <bq_oilprice>24.57</bq_oilprice>
            <bq_amt_maintain>48450.00</bq_amt_maintain>
            <bq_amt5>22000.00</bq_amt5>
            <bq_carnum>1</bq_carnum>
            <bq_remark/>
            <bq_lpgamt>0</bq_lpgamt>
            <bq_lpgprice>0.00</bq_lpgprice>
            <bq_versiondate/>
        </BCTMCAR_row>
        <BCTMCAR_row>
            <bq_fiscalyear>104</bq_fiscalyear>
            <bq_fundkind>1</bq_fundkind>
            <bq_budgetkind>1</bq_budgetkind>
            <bq_specialbudgetno/>
            <bq_agenno>05050</bq_agenno>
            <bq_agentype>C</bq_agentype>
            <bq_budgetstate>2</bq_budgetstate>
            <bq_budgetno>35050509011</bq_budgetno>
            <bq_objectno>07351900</bq_objectno>
            <bq_carid>4713-U3</bq_carid>
            <bq_persons>4</bq_persons>
            <bq_buydate>10108</bq_buydate>
            <bq_ventsize>1798</bq_ventsize>
            <bq_oilamt>1668</bq_oilamt>
            <bq_oilprice>24.57</bq_oilprice>
            <bq_amt_maintain>24225.00</bq_amt_maintain>
            <bq_amt5>22000.00</bq_amt5>
            <bq_carnum>1</bq_carnum>
            <bq_remark/>
            <bq_lpgamt>0</bq_lpgamt>
            <bq_lpgprice>0.00</bq_lpgprice>
            <bq_versiondate/>
        </BCTMCAR_row>
        <BCTMCAR_row>
            <bq_fiscalyear>104</bq_fiscalyear>
            <bq_fundkind>1</bq_fundkind>
            <bq_budgetkind>1</bq_budgetkind>
            <bq_specialbudgetno/>
            <bq_agenno>05050</bq_agenno>
            <bq_agentype>C</bq_agentype>
            <bq_budgetstate>2</bq_budgetstate>
            <bq_budgetno>35050509011</bq_budgetno>
            <bq_objectno>07351900</bq_objectno>
            <bq_carid>4718-U3</bq_carid>
            <bq_persons>4</bq_persons>
            <bq_buydate>10108</bq_buydate>
            <bq_ventsize>1798</bq_ventsize>
            <bq_oilamt>1668</bq_oilamt>
            <bq_oilprice>24.57</bq_oilprice>
            <bq_amt_maintain>24225.00</bq_amt_maintain>
            <bq_amt5>22000.00</bq_amt5>
            <bq_carnum>1</bq_carnum>
            <bq_remark/>
            <bq_lpgamt>0</bq_lpgamt>
            <bq_lpgprice>0.00</bq_lpgprice>
            <bq_versiondate/>
        </BCTMCAR_row>
        <BCTMCAR_row>
            <bq_fiscalyear>104</bq_fiscalyear>
            <bq_fundkind>1</bq_fundkind>
            <bq_budgetkind>1</bq_budgetkind>
            <bq_specialbudgetno/>
            <bq_agenno>05050</bq_agenno>
            <bq_agentype>C</bq_agentype>
            <bq_budgetstate>2</bq_budgetstate>
            <bq_budgetno>35050509011</bq_budgetno>
            <bq_objectno>07351900</bq_objectno>
            <bq_carid>4720-U3</bq_carid>
            <bq_persons>4</bq_persons>
            <bq_buydate>10108</bq_buydate>
            <bq_ventsize>1798</bq_ventsize>
            <bq_oilamt>1668</bq_oilamt>
            <bq_oilprice>24.57</bq_oilprice>
            <bq_amt_maintain>24225.00</bq_amt_maintain>
            <bq_amt5>22000.00</bq_amt5>
            <bq_carnum>1</bq_carnum>
            <bq_remark/>
            <bq_lpgamt>0</bq_lpgamt>
            <bq_lpgprice>0.00</bq_lpgprice>
            <bq_versiondate/>
        </BCTMCAR_row>
        <BCTMCAR_row>
            <bq_fiscalyear>104</bq_fiscalyear>
            <bq_fundkind>1</bq_fundkind>
            <bq_budgetkind>1</bq_budgetkind>
            <bq_specialbudgetno/>
            <bq_agenno>05050</bq_agenno>
            <bq_agentype>C</bq_agentype>
            <bq_budgetstate>2</bq_budgetstate>
            <bq_budgetno>35050509011</bq_budgetno>
            <bq_objectno>07351900</bq_objectno>
            <bq_carid>4721-U3</bq_carid>
            <bq_persons>4</bq_persons>
            <bq_buydate>10108</bq_buydate>
            <bq_ventsize>1798</bq_ventsize>
            <bq_oilamt>1668</bq_oilamt>
            <bq_oilprice>24.57</bq_oilprice>
            <bq_amt_maintain>24225.00</bq_amt_maintain>
            <bq_amt5>22000.00</bq_amt5>
            <bq_carnum>1</bq_carnum>
            <bq_remark/>
            <bq_lpgamt>0</bq_lpgamt>
            <bq_lpgprice>0.00</bq_lpgprice>
            <bq_versiondate/>
        </BCTMCAR_row>
        <BCTMCAR_row>
            <bq_fiscalyear>104</bq_fiscalyear>
            <bq_fundkind>1</bq_fundkind>
            <bq_budgetkind>1</bq_budgetkind>
            <bq_specialbudgetno/>
            <bq_agenno>05050</bq_agenno>
            <bq_agentype>C</bq_agentype>
            <bq_budgetstate>2</bq_budgetstate>
            <bq_budgetno>35050509011</bq_budgetno>
            <bq_objectno>07352000</bq_objectno>
            <bq_carid>4732-ZG</bq_carid>
            <bq_persons>4</bq_persons>
            <bq_buydate>09907</bq_buydate>
            <bq_ventsize>1798</bq_ventsize>
            <bq_oilamt>852</bq_oilamt>
            <bq_oilprice>24.57</bq_oilprice>
            <bq_amt_maintain>32300.00</bq_amt_maintain>
            <bq_amt5>22000.00</bq_amt5>
            <bq_carnum>1</bq_carnum>
            <bq_remark>(油氣雙燃料車)</bq_remark>
            <bq_lpgamt>972</bq_lpgamt>
            <bq_lpgprice>16.52</bq_lpgprice>
            <bq_versiondate/>
        </BCTMCAR_row>
        <BCTMCAR_row>
            <bq_fiscalyear>104</bq_fiscalyear>
            <bq_fundkind>1</bq_fundkind>
            <bq_budgetkind>1</bq_budgetkind>
            <bq_specialbudgetno/>
            <bq_agenno>05050</bq_agenno>
            <bq_agentype>C</bq_agentype>
            <bq_budgetstate>2</bq_budgetstate>
            <bq_budgetno>35050509011</bq_budgetno>
            <bq_objectno>07352000</bq_objectno>
            <bq_carid>4733-ZG</bq_carid>
            <bq_persons>7</bq_persons>
            <bq_buydate>09907</bq_buydate>
            <bq_ventsize>2351</bq_ventsize>
            <bq_oilamt>1668</bq_oilamt>
            <bq_oilprice>24.57</bq_oilprice>
            <bq_amt_maintain>32300.00</bq_amt_maintain>
            <bq_amt5>22000.00</bq_amt5>
            <bq_carnum>1</bq_carnum>
            <bq_remark/>
            <bq_lpgamt>0</bq_lpgamt>
            <bq_lpgprice>0.00</bq_lpgprice>
            <bq_versiondate/>
        </BCTMCAR_row>
        <BCTMCAR_row>
            <bq_fiscalyear>104</bq_fiscalyear>
            <bq_fundkind>1</bq_fundkind>
            <bq_budgetkind>1</bq_budgetkind>
            <bq_specialbudgetno/>
            <bq_agenno>05050</bq_agenno>
            <bq_agentype>C</bq_agentype>
            <bq_budgetstate>2</bq_budgetstate>
            <bq_budgetno>35050509011</bq_budgetno>
            <bq_objectno>07351900</bq_objectno>
            <bq_carid>4735-ZG</bq_carid>
            <bq_persons>4</bq_persons>
            <bq_buydate>09907</bq_buydate>
            <bq_ventsize>1798</bq_ventsize>
            <bq_oilamt>852</bq_oilamt>
            <bq_oilprice>24.57</bq_oilprice>
            <bq_amt_maintain>32300.00</bq_amt_maintain>
            <bq_amt5>22000.00</bq_amt5>
            <bq_carnum>1</bq_carnum>
            <bq_remark>(油氣雙燃料車)</bq_remark>
            <bq_lpgamt>972</bq_lpgamt>
            <bq_lpgprice>16.52</bq_lpgprice>
            <bq_versiondate/>
        </BCTMCAR_row>
        <BCTMCAR_row>
            <bq_fiscalyear>104</bq_fiscalyear>
            <bq_fundkind>1</bq_fundkind>
            <bq_budgetkind>1</bq_budgetkind>
            <bq_specialbudgetno/>
            <bq_agenno>05050</bq_agenno>
            <bq_agentype>C</bq_agentype>
            <bq_budgetstate>2</bq_budgetstate>
            <bq_budgetno>35050509011</bq_budgetno>
            <bq_objectno>07352000</bq_objectno>
            <bq_carid>4916-N7</bq_carid>
            <bq_persons>4</bq_persons>
            <bq_buydate>10010</bq_buydate>
            <bq_ventsize>1798</bq_ventsize>
            <bq_oilamt>1668</bq_oilamt>
            <bq_oilprice>24.57</bq_oilprice>
            <bq_amt_maintain>24225.00</bq_amt_maintain>
            <bq_amt5>22000.00</bq_amt5>
            <bq_carnum>1</bq_carnum>
            <bq_remark/>
            <bq_lpgamt>0</bq_lpgamt>
            <bq_lpgprice>0.00</bq_lpgprice>
            <bq_versiondate/>
        </BCTMCAR_row>
        <BCTMCAR_row>
            <bq_fiscalyear>104</bq_fiscalyear>
            <bq_fundkind>1</bq_fundkind>
            <bq_budgetkind>1</bq_budgetkind>
            <bq_specialbudgetno/>
            <bq_agenno>05050</bq_agenno>
            <bq_agentype>C</bq_agentype>
            <bq_budgetstate>2</bq_budgetstate>
            <bq_budgetno>35050509011</bq_budgetno>
            <bq_objectno>07351600</bq_objectno>
            <bq_carid>5</bq_carid>
            <bq_persons>0</bq_persons>
            <bq_buydate>09707</bq_buydate>
            <bq_ventsize>125</bq_ventsize>
            <bq_oilamt>624</bq_oilamt>
            <bq_oilprice>24.57</bq_oilprice>
            <bq_amt_maintain>3230.00</bq_amt_maintain>
            <bq_amt5>2000.00</bq_amt5>
            <bq_carnum>2</bq_carnum>
            <bq_remark>132-DSP、133-DSP。</bq_remark>
            <bq_lpgamt>0</bq_lpgamt>
            <bq_lpgprice>0.00</bq_lpgprice>
            <bq_versiondate/>
        </BCTMCAR_row>
        <BCTMCAR_row>
            <bq_fiscalyear>104</bq_fiscalyear>
            <bq_fundkind>1</bq_fundkind>
            <bq_budgetkind>1</bq_budgetkind>
            <bq_specialbudgetno/>
            <bq_agenno>05050</bq_agenno>
            <bq_agentype>C</bq_agentype>
            <bq_budgetstate>2</bq_budgetstate>
            <bq_budgetno>35050509011</bq_budgetno>
            <bq_objectno>07351600</bq_objectno>
            <bq_carid>6</bq_carid>
            <bq_persons>0</bq_persons>
            <bq_buydate>09807</bq_buydate>
            <bq_ventsize>125</bq_ventsize>
            <bq_oilamt>2184</bq_oilamt>
            <bq_oilprice>24.57</bq_oilprice>
            <bq_amt_maintain>11305.00</bq_amt_maintain>
            <bq_amt5>7000.00</bq_amt5>
            <bq_carnum>7</bq_carnum>
            <bq_remark>730-GRK、731-GRK、732-GRK、733-GRK、735-GRK、736-GRK、737-GRK。</bq_remark>
            <bq_lpgamt>0</bq_lpgamt>
            <bq_lpgprice>0.00</bq_lpgprice>
            <bq_versiondate/>
        </BCTMCAR_row>
        <BCTMCAR_row>
            <bq_fiscalyear>104</bq_fiscalyear>
            <bq_fundkind>1</bq_fundkind>
            <bq_budgetkind>1</bq_budgetkind>
            <bq_specialbudgetno/>
            <bq_agenno>05050</bq_agenno>
            <bq_agentype>C</bq_agentype>
            <bq_budgetstate>2</bq_budgetstate>
            <bq_budgetno>35050509011</bq_budgetno>
            <bq_objectno>07352000</bq_objectno>
            <bq_carid>6763-HP</bq_carid>
            <bq_persons>7</bq_persons>
            <bq_buydate>09211</bq_buydate>
            <bq_ventsize>2461</bq_ventsize>
            <bq_oilamt>1668</bq_oilamt>
            <bq_oilprice>24.57</bq_oilprice>
            <bq_amt_maintain>48450.00</bq_amt_maintain>
            <bq_amt5>22000.00</bq_amt5>
            <bq_carnum>1</bq_carnum>
            <bq_remark/>
            <bq_lpgamt>0</bq_lpgamt>
            <bq_lpgprice>0.00</bq_lpgprice>
            <bq_versiondate/>
        </BCTMCAR_row>
        <BCTMCAR_row>
            <bq_fiscalyear>104</bq_fiscalyear>
            <bq_fundkind>1</bq_fundkind>
            <bq_budgetkind>1</bq_budgetkind>
            <bq_specialbudgetno/>
            <bq_agenno>05050</bq_agenno>
            <bq_agentype>C</bq_agentype>
            <bq_budgetstate>2</bq_budgetstate>
            <bq_budgetno>35050509011</bq_budgetno>
            <bq_objectno>07351600</bq_objectno>
            <bq_carid>7</bq_carid>
            <bq_persons>0</bq_persons>
            <bq_buydate>10011</bq_buydate>
            <bq_ventsize>125</bq_ventsize>
            <bq_oilamt>624</bq_oilamt>
            <bq_oilprice>24.57</bq_oilprice>
            <bq_amt_maintain>3230.00</bq_amt_maintain>
            <bq_amt5>2000.00</bq_amt5>
            <bq_carnum>2</bq_carnum>
            <bq_remark>231-LNJ、232-LNJ。</bq_remark>
            <bq_lpgamt>0</bq_lpgamt>
            <bq_lpgprice>0.00</bq_lpgprice>
            <bq_versiondate/>
        </BCTMCAR_row>
        <BCTMCAR_row>
            <bq_fiscalyear>104</bq_fiscalyear>
            <bq_fundkind>1</bq_fundkind>
            <bq_budgetkind>1</bq_budgetkind>
            <bq_specialbudgetno/>
            <bq_agenno>05050</bq_agenno>
            <bq_agentype>C</bq_agentype>
            <bq_budgetstate>2</bq_budgetstate>
            <bq_budgetno>35050509011</bq_budgetno>
            <bq_objectno>07351600</bq_objectno>
            <bq_carid>8</bq_carid>
            <bq_persons>0</bq_persons>
            <bq_buydate>10208</bq_buydate>
            <bq_ventsize>125</bq_ventsize>
            <bq_oilamt>624</bq_oilamt>
            <bq_oilprice>24.57</bq_oilprice>
            <bq_amt_maintain>3230.00</bq_amt_maintain>
            <bq_amt5>2000.00</bq_amt5>
            <bq_carnum>2</bq_carnum>
            <bq_remark>792-NSM、793-NSM。</bq_remark>
            <bq_lpgamt>0</bq_lpgamt>
            <bq_lpgprice>0.00</bq_lpgprice>
            <bq_versiondate/>
        </BCTMCAR_row>
        <BCTMCAR_row>
            <bq_fiscalyear>104</bq_fiscalyear>
            <bq_fundkind>1</bq_fundkind>
            <bq_budgetkind>1</bq_budgetkind>
            <bq_specialbudgetno/>
            <bq_agenno>05050</bq_agenno>
            <bq_agentype>C</bq_agentype>
            <bq_budgetstate>2</bq_budgetstate>
            <bq_budgetno>35050500100</bq_budgetno>
            <bq_objectno>07351900</bq_objectno>
            <bq_carid>8381-N8</bq_carid>
            <bq_persons>4</bq_persons>
            <bq_buydate>10010</bq_buydate>
            <bq_ventsize>1798</bq_ventsize>
            <bq_oilamt>1668</bq_oilamt>
            <bq_oilprice>24.57</bq_oilprice>
            <bq_amt_maintain>24225.00</bq_amt_maintain>
            <bq_amt5>22000.00</bq_amt5>
            <bq_carnum>1</bq_carnum>
            <bq_remark/>
            <bq_lpgamt>0</bq_lpgamt>
            <bq_lpgprice>0.00</bq_lpgprice>
            <bq_versiondate/>
        </BCTMCAR_row>
        <BCTMCAR_row>
            <bq_fiscalyear>104</bq_fiscalyear>
            <bq_fundkind>1</bq_fundkind>
            <bq_budgetkind>1</bq_budgetkind>
            <bq_specialbudgetno/>
            <bq_agenno>05050</bq_agenno>
            <bq_agentype>C</bq_agentype>
            <bq_budgetstate>2</bq_budgetstate>
            <bq_budgetno>35050509011</bq_budgetno>
            <bq_objectno>07351600</bq_objectno>
            <bq_carid>9</bq_carid>
            <bq_persons>0</bq_persons>
            <bq_buydate>10308</bq_buydate>
            <bq_ventsize>149</bq_ventsize>
            <bq_oilamt>312</bq_oilamt>
            <bq_oilprice>24.57</bq_oilprice>
            <bq_amt_maintain>1615.00</bq_amt_maintain>
            <bq_amt5>1000.00</bq_amt5>
            <bq_carnum>1</bq_carnum>
            <bq_remark>MAN-8527。</bq_remark>
            <bq_lpgamt>0</bq_lpgamt>
            <bq_lpgprice>0.00</bq_lpgprice>
            <bq_versiondate/>
        </BCTMCAR_row>
        <BCTMCAR_row>
            <bq_fiscalyear>104</bq_fiscalyear>
            <bq_fundkind>1</bq_fundkind>
            <bq_budgetkind>1</bq_budgetkind>
            <bq_specialbudgetno/>
            <bq_agenno>05050</bq_agenno>
            <bq_agentype>C</bq_agentype>
            <bq_budgetstate>2</bq_budgetstate>
            <bq_budgetno>35050509011</bq_budgetno>
            <bq_objectno>07352000</bq_objectno>
            <bq_carid>9420-UR</bq_carid>
            <bq_persons>7</bq_persons>
            <bq_buydate>09706</bq_buydate>
            <bq_ventsize>2351</bq_ventsize>
            <bq_oilamt>1668</bq_oilamt>
            <bq_oilprice>24.57</bq_oilprice>
            <bq_amt_maintain>48450.00</bq_amt_maintain>
            <bq_amt5>22000.00</bq_amt5>
            <bq_carnum>1</bq_carnum>
            <bq_remark/>
            <bq_lpgamt>0</bq_lpgamt>
            <bq_lpgprice>0.00</bq_lpgprice>
            <bq_versiondate/>
        </BCTMCAR_row>
        <BCTMCAR_row>
            <bq_fiscalyear>104</bq_fiscalyear>
            <bq_fundkind>1</bq_fundkind>
            <bq_budgetkind>1</bq_budgetkind>
            <bq_specialbudgetno/>
            <bq_agenno>05050</bq_agenno>
            <bq_agentype>C</bq_agentype>
            <bq_budgetstate>2</bq_budgetstate>
            <bq_budgetno>35050509011</bq_budgetno>
            <bq_objectno>07352000</bq_objectno>
            <bq_carid>9973-ZD</bq_carid>
            <bq_persons>4</bq_persons>
            <bq_buydate>09812</bq_buydate>
            <bq_ventsize>1798</bq_ventsize>
            <bq_oilamt>1668</bq_oilamt>
            <bq_oilprice>24.57</bq_oilprice>
            <bq_amt_maintain>32300.00</bq_amt_maintain>
            <bq_amt5>22000.00</bq_amt5>
            <bq_carnum>1</bq_carnum>
            <bq_remark/>
            <bq_lpgamt>0</bq_lpgamt>
            <bq_lpgprice>0.00</bq_lpgprice>
            <bq_versiondate/>
        </BCTMCAR_row>
        <BCTMCAR_row>
            <bq_fiscalyear>104</bq_fiscalyear>
            <bq_fundkind>1</bq_fundkind>
            <bq_budgetkind>1</bq_budgetkind>
            <bq_specialbudgetno/>
            <bq_agenno>05050</bq_agenno>
            <bq_agentype>C</bq_agentype>
            <bq_budgetstate>2</bq_budgetstate>
            <bq_budgetno>35050509011</bq_budgetno>
            <bq_objectno>07352000</bq_objectno>
            <bq_carid>ABU-7029</bq_carid>
            <bq_persons>7</bq_persons>
            <bq_buydate>10208</bq_buydate>
            <bq_ventsize>2351</bq_ventsize>
            <bq_oilamt>1668</bq_oilamt>
            <bq_oilprice>24.57</bq_oilprice>
            <bq_amt_maintain>8075.00</bq_amt_maintain>
            <bq_amt5>22000.00</bq_amt5>
            <bq_carnum>1</bq_carnum>
            <bq_remark/>
            <bq_lpgamt>0</bq_lpgamt>
            <bq_lpgprice>0.00</bq_lpgprice>
            <bq_versiondate/>
        </BCTMCAR_row>
        <BCTMCAR_row>
            <bq_fiscalyear>104</bq_fiscalyear>
            <bq_fundkind>1</bq_fundkind>
            <bq_budgetkind>1</bq_budgetkind>
            <bq_specialbudgetno/>
            <bq_agenno>05050</bq_agenno>
            <bq_agentype>C</bq_agentype>
            <bq_budgetstate>2</bq_budgetstate>
            <bq_budgetno>35050509011</bq_budgetno>
            <bq_objectno>07351300</bq_objectno>
            <bq_carid>WA-683</bq_carid>
            <bq_persons>37</bq_persons>
            <bq_buydate>08803</bq_buydate>
            <bq_ventsize>13741</bq_ventsize>
            <bq_oilamt>2280</bq_oilamt>
            <bq_oilprice>22.75</bq_oilprice>
            <bq_amt_maintain>48450.00</bq_amt_maintain>
            <bq_amt5>27000.00</bq_amt5>
            <bq_carnum>1</bq_carnum>
            <bq_remark/>
            <bq_lpgamt>0</bq_lpgamt>
            <bq_lpgprice>0.00</bq_lpgprice>
            <bq_versiondate/>
        </BCTMCAR_row>
        <BCTMCAR_row>
            <bq_fiscalyear>104</bq_fiscalyear>
            <bq_fundkind>1</bq_fundkind>
            <bq_budgetkind>1</bq_budgetkind>
            <bq_specialbudgetno/>
            <bq_agenno>05050</bq_agenno>
            <bq_agentype>C</bq_agentype>
            <bq_budgetstate>2</bq_budgetstate>
            <bq_budgetno>35050509011</bq_budgetno>
            <bq_objectno>07350500</bq_objectno>
            <bq_carid>WR-420</bq_carid>
            <bq_persons>41</bq_persons>
            <bq_buydate>08908</bq_buydate>
            <bq_ventsize>7961</bq_ventsize>
            <bq_oilamt>2280</bq_oilamt>
            <bq_oilprice>22.75</bq_oilprice>
            <bq_amt_maintain>48450.00</bq_amt_maintain>
            <bq_amt5>44000.00</bq_amt5>
            <bq_carnum>1</bq_carnum>
            <bq_remark/>
            <bq_lpgamt>0</bq_lpgamt>
            <bq_lpgprice>0.00</bq_lpgprice>
            <bq_versiondate/>
        </BCTMCAR_row>
        <BCTMCAR_row>
            <bq_fiscalyear>104</bq_fiscalyear>
            <bq_fundkind>1</bq_fundkind>
            <bq_budgetkind>1</bq_budgetkind>
            <bq_specialbudgetno/>
            <bq_agenno>05050</bq_agenno>
            <bq_agentype>C</bq_agentype>
            <bq_budgetstate>2</bq_budgetstate>
            <bq_budgetno>35050509011</bq_budgetno>
            <bq_objectno>07351300</bq_objectno>
            <bq_carid>WS-413</bq_carid>
            <bq_persons>35</bq_persons>
            <bq_buydate>09210</bq_buydate>
            <bq_ventsize>7961</bq_ventsize>
            <bq_oilamt>2280</bq_oilamt>
            <bq_oilprice>22.75</bq_oilprice>
            <bq_amt_maintain>48450.00</bq_amt_maintain>
            <bq_amt5>27000.00</bq_amt5>
            <bq_carnum>1</bq_carnum>
            <bq_remark/>
            <bq_lpgamt>0</bq_lpgamt>
            <bq_lpgprice>0.00</bq_lpgprice>
            <bq_versiondate/>
        </BCTMCAR_row>
        <BCTMCAR_row>
            <bq_fiscalyear>104</bq_fiscalyear>
            <bq_fundkind>1</bq_fundkind>
            <bq_budgetkind>1</bq_budgetkind>
            <bq_specialbudgetno/>
            <bq_agenno>05050</bq_agenno>
            <bq_agentype>C</bq_agentype>
            <bq_budgetstate>2</bq_budgetstate>
            <bq_budgetno>35050509011</bq_budgetno>
            <bq_objectno>07351400</bq_objectno>
            <bq_carid>WZ-306</bq_carid>
            <bq_persons>18</bq_persons>
            <bq_buydate>09412</bq_buydate>
            <bq_ventsize>4104</bq_ventsize>
            <bq_oilamt>1668</bq_oilamt>
            <bq_oilprice>24.57</bq_oilprice>
            <bq_amt_maintain>48450.00</bq_amt_maintain>
            <bq_amt5>22000.00</bq_amt5>
            <bq_carnum>1</bq_carnum>
            <bq_remark/>
            <bq_lpgamt>0</bq_lpgamt>
            <bq_lpgprice>0.00</bq_lpgprice>
            <bq_versiondate/>
        </BCTMCAR_row>
    </BCTMCAR>
</tables>
