<?xml version="1.0" encoding="UTF-8"?>
<tables>
    <BCME3450>
        <BCME3450_row>
            <objectNo>合計</objectNo>
            <budgetno_3505500100>1193117.00</budgetno_3505500100>
            <budgetno_3505501000>97725.00</budgetno_3505501000>
            <budgetno_3505501200>6837.00</budgetno_3505501200>
            <budgetno_3505501400>556.00</budgetno_3505501400>
            <budgetno_3505509011>126.00</budgetno_3505509011>
            <budgetno_3505509019>4924.00</budgetno_3505509019>
            <budgetno_3505509800>708.00</budgetno_3505509800>
            <total>1303993.00</total>
        </BCME3450_row>
        <BCME3450_row>
            <objectNo>0100 人事費</objectNo>
            <budgetno_3505500100>1124958.00</budgetno_3505500100>
            <budgetno_3505501000/>
            <budgetno_3505501200/>
            <budgetno_3505501400/>
            <budgetno_3505509011/>
            <budgetno_3505509019/>
            <budgetno_3505509800/>
            <total>1124958.00</total>
        </BCME3450_row>
        <BCME3450_row>
            <objectNo>  0103 法定編制人員待遇</objectNo>
            <budgetno_3505500100>665943.00</budgetno_3505500100>
            <budgetno_3505501000/>
            <budgetno_3505501200/>
            <budgetno_3505501400/>
            <budgetno_3505509011/>
            <budgetno_3505509019/>
            <budgetno_3505509800/>
            <total>665943.00</total>
        </BCME3450_row>
        <BCME3450_row>
            <objectNo>  0104 約聘僱人員待遇</objectNo>
            <budgetno_3505500100>78935.00</budgetno_3505500100>
            <budgetno_3505501000/>
            <budgetno_3505501200/>
            <budgetno_3505501400/>
            <budgetno_3505509011/>
            <budgetno_3505509019/>
            <budgetno_3505509800/>
            <total>78935.00</total>
        </BCME3450_row>
        <BCME3450_row>
            <objectNo>  0105 技工及工友待遇</objectNo>
            <budgetno_3505500100>24811.00</budgetno_3505500100>
            <budgetno_3505501000/>
            <budgetno_3505501200/>
            <budgetno_3505501400/>
            <budgetno_3505509011/>
            <budgetno_3505509019/>
            <budgetno_3505509800/>
            <total>24811.00</total>
        </BCME3450_row>
        <BCME3450_row>
            <objectNo>  0111 獎金</objectNo>
            <budgetno_3505500100>158308.00</budgetno_3505500100>
            <budgetno_3505501000/>
            <budgetno_3505501200/>
            <budgetno_3505501400/>
            <budgetno_3505509011/>
            <budgetno_3505509019/>
            <budgetno_3505509800/>
            <total>158308.00</total>
        </BCME3450_row>
        <BCME3450_row>
            <objectNo>  0121 其他給與</objectNo>
            <budgetno_3505500100>14858.00</budgetno_3505500100>
            <budgetno_3505501000/>
            <budgetno_3505501200/>
            <budgetno_3505501400/>
            <budgetno_3505509011/>
            <budgetno_3505509019/>
            <budgetno_3505509800/>
            <total>14858.00</total>
        </BCME3450_row>
        <BCME3450_row>
            <objectNo>  0131 加班值班費</objectNo>
            <budgetno_3505500100>58865.00</budgetno_3505500100>
            <budgetno_3505501000/>
            <budgetno_3505501200/>
            <budgetno_3505501400/>
            <budgetno_3505509011/>
            <budgetno_3505509019/>
            <budgetno_3505509800/>
            <total>58865.00</total>
        </BCME3450_row>
        <BCME3450_row>
            <objectNo>  0143 退休離職儲金</objectNo>
            <budgetno_3505500100>50497.00</budgetno_3505500100>
            <budgetno_3505501000/>
            <budgetno_3505501200/>
            <budgetno_3505501400/>
            <budgetno_3505509011/>
            <budgetno_3505509019/>
            <budgetno_3505509800/>
            <total>50497.00</total>
        </BCME3450_row>
        <BCME3450_row>
            <objectNo>  0151 保險</objectNo>
            <budgetno_3505500100>72741.00</budgetno_3505500100>
            <budgetno_3505501000/>
            <budgetno_3505501200/>
            <budgetno_3505501400/>
            <budgetno_3505509011/>
            <budgetno_3505509019/>
            <budgetno_3505509800/>
            <total>72741.00</total>
        </BCME3450_row>
        <BCME3450_row>
            <objectNo>0200 業務費</objectNo>
            <budgetno_3505500100>67211.00</budgetno_3505500100>
            <budgetno_3505501000>96457.00</budgetno_3505501000>
            <budgetno_3505501200>6837.00</budgetno_3505501200>
            <budgetno_3505501400>556.00</budgetno_3505501400>
            <budgetno_3505509011/>
            <budgetno_3505509019/>
            <budgetno_3505509800/>
            <total>171061.00</total>
        </BCME3450_row>
        <BCME3450_row>
            <objectNo>  0201 教育訓練費</objectNo>
            <budgetno_3505500100>50.00</budgetno_3505500100>
            <budgetno_3505501000/>
            <budgetno_3505501200>68.00</budgetno_3505501200>
            <budgetno_3505501400/>
            <budgetno_3505509011/>
            <budgetno_3505509019/>
            <budgetno_3505509800/>
            <total>118.00</total>
        </BCME3450_row>
        <BCME3450_row>
            <objectNo>  0202 水電費</objectNo>
            <budgetno_3505500100>17888.00</budgetno_3505500100>
            <budgetno_3505501000/>
            <budgetno_3505501200/>
            <budgetno_3505501400/>
            <budgetno_3505509011/>
            <budgetno_3505509019/>
            <budgetno_3505509800/>
            <total>17888.00</total>
        </BCME3450_row>
        <BCME3450_row>
            <objectNo>  0203 通訊費</objectNo>
            <budgetno_3505500100>54.00</budgetno_3505500100>
            <budgetno_3505501000>55012.00</budgetno_3505501000>
            <budgetno_3505501200>750.00</budgetno_3505501200>
            <budgetno_3505501400>61.00</budgetno_3505501400>
            <budgetno_3505509011/>
            <budgetno_3505509019/>
            <budgetno_3505509800/>
            <total>55877.00</total>
        </BCME3450_row>
        <BCME3450_row>
            <objectNo>  0215 資訊服務費</objectNo>
            <budgetno_3505500100>3371.00</budgetno_3505500100>
            <budgetno_3505501000/>
            <budgetno_3505501200/>
            <budgetno_3505501400/>
            <budgetno_3505509011/>
            <budgetno_3505509019/>
            <budgetno_3505509800/>
            <total>3371.00</total>
        </BCME3450_row>
        <BCME3450_row>
            <objectNo>  0219 其他業務租金</objectNo>
            <budgetno_3505500100>292.00</budgetno_3505500100>
            <budgetno_3505501000/>
            <budgetno_3505501200/>
            <budgetno_3505501400/>
            <budgetno_3505509011/>
            <budgetno_3505509019/>
            <budgetno_3505509800/>
            <total>292.00</total>
        </BCME3450_row>
        <BCME3450_row>
            <objectNo>  0221 稅捐及規費</objectNo>
            <budgetno_3505500100>626.00</budgetno_3505500100>
            <budgetno_3505501000/>
            <budgetno_3505501200/>
            <budgetno_3505501400/>
            <budgetno_3505509011/>
            <budgetno_3505509019/>
            <budgetno_3505509800/>
            <total>626.00</total>
        </BCME3450_row>
        <BCME3450_row>
            <objectNo>  0231 保險費</objectNo>
            <budgetno_3505500100>195.00</budgetno_3505500100>
            <budgetno_3505501000/>
            <budgetno_3505501200>22.00</budgetno_3505501200>
            <budgetno_3505501400/>
            <budgetno_3505509011/>
            <budgetno_3505509019/>
            <budgetno_3505509800/>
            <total>217.00</total>
        </BCME3450_row>
        <BCME3450_row>
            <objectNo>  0249 臨時人員酬金</objectNo>
            <budgetno_3505500100>480.00</budgetno_3505500100>
            <budgetno_3505501000/>
            <budgetno_3505501200/>
            <budgetno_3505501400/>
            <budgetno_3505509011/>
            <budgetno_3505509019/>
            <budgetno_3505509800/>
            <total>480.00</total>
        </BCME3450_row>
        <BCME3450_row>
            <objectNo>  0250 按日按件計資酬金</objectNo>
            <budgetno_3505500100>204.00</budgetno_3505500100>
            <budgetno_3505501000>8444.00</budgetno_3505501000>
            <budgetno_3505501200>374.00</budgetno_3505501200>
            <budgetno_3505501400/>
            <budgetno_3505509011/>
            <budgetno_3505509019/>
            <budgetno_3505509800/>
            <total>9022.00</total>
        </BCME3450_row>
        <BCME3450_row>
            <objectNo>  0251 委辦費</objectNo>
            <budgetno_3505500100/>
            <budgetno_3505501000>3628.00</budgetno_3505501000>
            <budgetno_3505501200/>
            <budgetno_3505501400/>
            <budgetno_3505509011/>
            <budgetno_3505509019/>
            <budgetno_3505509800/>
            <total>3628.00</total>
        </BCME3450_row>
        <BCME3450_row>
            <objectNo>  0271 物品</objectNo>
            <budgetno_3505500100>20427.00</budgetno_3505500100>
            <budgetno_3505501000>2764.00</budgetno_3505501000>
            <budgetno_3505501200>1270.00</budgetno_3505501200>
            <budgetno_3505501400>115.00</budgetno_3505501400>
            <budgetno_3505509011/>
            <budgetno_3505509019/>
            <budgetno_3505509800/>
            <total>24576.00</total>
        </BCME3450_row>
        <BCME3450_row>
            <objectNo>  0279 一般事務費</objectNo>
            <budgetno_3505500100>9514.00</budgetno_3505500100>
            <budgetno_3505501000>5415.00</budgetno_3505501000>
            <budgetno_3505501200>400.00</budgetno_3505501200>
            <budgetno_3505501400/>
            <budgetno_3505509011/>
            <budgetno_3505509019/>
            <budgetno_3505509800/>
            <total>15329.00</total>
        </BCME3450_row>
        <BCME3450_row>
            <objectNo>  0280 給養費</objectNo>
            <budgetno_3505500100/>
            <budgetno_3505501000/>
            <budgetno_3505501200>1971.00</budgetno_3505501200>
            <budgetno_3505501400/>
            <budgetno_3505509011/>
            <budgetno_3505509019/>
            <budgetno_3505509800/>
            <total>1971.00</total>
        </BCME3450_row>
        <BCME3450_row>
            <objectNo>  0282 房屋建築養護費</objectNo>
            <budgetno_3505500100>4731.00</budgetno_3505500100>
            <budgetno_3505501000/>
            <budgetno_3505501200/>
            <budgetno_3505501400/>
            <budgetno_3505509011/>
            <budgetno_3505509019/>
            <budgetno_3505509800/>
            <total>4731.00</total>
        </BCME3450_row>
        <BCME3450_row>
            <objectNo>  0283 車輛及辦公器具養護費</objectNo>
            <budgetno_3505500100>2297.00</budgetno_3505500100>
            <budgetno_3505501000/>
            <budgetno_3505501200/>
            <budgetno_3505501400/>
            <budgetno_3505509011/>
            <budgetno_3505509019/>
            <budgetno_3505509800/>
            <total>2297.00</total>
        </BCME3450_row>
        <BCME3450_row>
            <objectNo>  0284 設施及機械設備養護費</objectNo>
            <budgetno_3505500100>5803.00</budgetno_3505500100>
            <budgetno_3505501000/>
            <budgetno_3505501200/>
            <budgetno_3505501400/>
            <budgetno_3505509011/>
            <budgetno_3505509019/>
            <budgetno_3505509800/>
            <total>5803.00</total>
        </BCME3450_row>
        <BCME3450_row>
            <objectNo>  0291 國內旅費</objectNo>
            <budgetno_3505500100>1158.00</budgetno_3505500100>
            <budgetno_3505501000>21194.00</budgetno_3505501000>
            <budgetno_3505501200>1982.00</budgetno_3505501200>
            <budgetno_3505501400>380.00</budgetno_3505501400>
            <budgetno_3505509011/>
            <budgetno_3505509019/>
            <budgetno_3505509800/>
            <total>24714.00</total>
        </BCME3450_row>
        <BCME3450_row>
            <objectNo>  0299 特別費</objectNo>
            <budgetno_3505500100>121.00</budgetno_3505500100>
            <budgetno_3505501000/>
            <budgetno_3505501200/>
            <budgetno_3505501400/>
            <budgetno_3505509011/>
            <budgetno_3505509019/>
            <budgetno_3505509800/>
            <total>121.00</total>
        </BCME3450_row>
        <BCME3450_row>
            <objectNo>0300 設備及投資</objectNo>
            <budgetno_3505500100/>
            <budgetno_3505501000>1268.00</budgetno_3505501000>
            <budgetno_3505501200/>
            <budgetno_3505501400/>
            <budgetno_3505509011>126.00</budgetno_3505509011>
            <budgetno_3505509019>4924.00</budgetno_3505509019>
            <budgetno_3505509800/>
            <total>6318.00</total>
        </BCME3450_row>
        <BCME3450_row>
            <objectNo>  0304 機械設備費</objectNo>
            <budgetno_3505500100/>
            <budgetno_3505501000/>
            <budgetno_3505501200/>
            <budgetno_3505501400/>
            <budgetno_3505509011/>
            <budgetno_3505509019>4504.00</budgetno_3505509019>
            <budgetno_3505509800/>
            <total>4504.00</total>
        </BCME3450_row>
        <BCME3450_row>
            <objectNo>  0305 運輸設備費</objectNo>
            <budgetno_3505500100/>
            <budgetno_3505501000/>
            <budgetno_3505501200/>
            <budgetno_3505501400/>
            <budgetno_3505509011>126.00</budgetno_3505509011>
            <budgetno_3505509019/>
            <budgetno_3505509800/>
            <total>126.00</total>
        </BCME3450_row>
        <BCME3450_row>
            <objectNo>  0319 雜項設備費</objectNo>
            <budgetno_3505500100/>
            <budgetno_3505501000>1268.00</budgetno_3505501000>
            <budgetno_3505501200/>
            <budgetno_3505501400/>
            <budgetno_3505509011/>
            <budgetno_3505509019>420.00</budgetno_3505509019>
            <budgetno_3505509800/>
            <total>1688.00</total>
        </BCME3450_row>
        <BCME3450_row>
            <objectNo>0400 獎補助費</objectNo>
            <budgetno_3505500100>948.00</budgetno_3505500100>
            <budgetno_3505501000/>
            <budgetno_3505501200/>
            <budgetno_3505501400/>
            <budgetno_3505509011/>
            <budgetno_3505509019/>
            <budgetno_3505509800/>
            <total>948.00</total>
        </BCME3450_row>
        <BCME3450_row>
            <objectNo>  0475 獎勵及慰問</objectNo>
            <budgetno_3505500100>948.00</budgetno_3505500100>
            <budgetno_3505501000/>
            <budgetno_3505501200/>
            <budgetno_3505501400/>
            <budgetno_3505509011/>
            <budgetno_3505509019/>
            <budgetno_3505509800/>
            <total>948.00</total>
        </BCME3450_row>
        <BCME3450_row>
            <objectNo>0900 預備金</objectNo>
            <budgetno_3505500100/>
            <budgetno_3505501000/>
            <budgetno_3505501200/>
            <budgetno_3505501400/>
            <budgetno_3505509011/>
            <budgetno_3505509019/>
            <budgetno_3505509800>708.00</budgetno_3505509800>
            <total>708.00</total>
        </BCME3450_row>
        <BCME3450_row>
            <objectNo>  0901 第一預備金</objectNo>
            <budgetno_3505500100/>
            <budgetno_3505501000/>
            <budgetno_3505501200/>
            <budgetno_3505501400/>
            <budgetno_3505509011/>
            <budgetno_3505509019/>
            <budgetno_3505509800>708.00</budgetno_3505509800>
            <total>708.00</total>
        </BCME3450_row>
    </BCME3450>
</tables>
