<?xml version="1.0" encoding="UTF-8" standalone="yes"?>
<Root xmlns:xsi="http://www.w3.org/2001/XMLSchema-instance">
	<Row>
		<項目>一、歲入合計</項目>
		<本年度預算數>1729431644</本年度預算數>
		<百分比>100</百分比>
		<上年度預算數>1645814600</上年度預算數>
		<百分比2>100</百分比2>
		<前年度預算數>1497369980</前年度預算數>
		<百分比3>100</百分比3>
		<本年度與上年度比較>83617044</本年度與上年度比較>
		<增加率>5.1</增加率>
	</Row>
	<Row>
		<項目>　1.稅課收入</項目>
		<本年度預算數>1250100000</本年度預算數>
		<百分比>72.3</百分比>
		<上年度預算數>1169070000</上年度預算數>
		<百分比2>71</百分比2>
		<前年度預算數>1082412258</前年度預算數>
		<百分比3>72.3</百分比3>
		<本年度與上年度比較>81030000</本年度與上年度比較>
		<增加率>6.9</增加率>
	</Row>
	<Row>
		<項目>　2.營業盈餘及事業收入</項目>
		<本年度預算數>260988317</本年度預算數>
		<百分比>15.1</百分比>
		<上年度預算數>262807805</上年度預算數>
		<百分比2>16</百分比2>
		<前年度預算數>264775629</前年度預算數>
		<百分比3>17.7</百分比3>
		<本年度與上年度比較>-1819488</本年度與上年度比較>
		<增加率>-0.7</增加率>
	</Row>
	<Row>
		<項目>　3.規費及罰款收入</項目>
		<本年度預算數>113845908</本年度預算數>
		<百分比>6.6</百分比>
		<上年度預算數>84771633</上年度預算數>
		<百分比2>5.2</百分比2>
		<前年度預算數>81577334</前年度預算數>
		<百分比3>5.4</百分比3>
		<本年度與上年度比較>29074275</本年度與上年度比較>
		<增加率>34.3</增加率>
	</Row>
	<Row>
		<項目>　4.財產收入</項目>
		<本年度預算數>93447235</本年度預算數>
		<百分比>5.4</百分比>
		<上年度預算數>79276293</上年度預算數>
		<百分比2>4.8</百分比2>
		<前年度預算數>46723843</前年度預算數>
		<百分比3>3.1</百分比3>
		<本年度與上年度比較>14170942</本年度與上年度比較>
		<增加率>17.9</增加率>
	</Row>
	<Row>
		<項目>　5.其他收入</項目>
		<本年度預算數>11050184</本年度預算數>
		<百分比>0.6</百分比>
		<上年度預算數>49888869</上年度預算數>
		<百分比2>3</百分比2>
		<前年度預算數>21880916</前年度預算數>
		<百分比3>1.5</百分比3>
		<本年度與上年度比較>-38838685</本年度與上年度比較>
		<增加率>-77.9</增加率>
	</Row>
	<Row>
		<項目>二、歲出合計</項目>
		<本年度預算數>1938637325</本年度預算數>
		<百分比>100</百分比>
		<上年度預算數>1788411931</上年度預算數>
		<百分比2>100</百分比2>
		<前年度預算數>1654428466</前年度預算數>
		<百分比3>100</百分比3>
		<本年度與上年度比較>150225394</本年度與上年度比較>
		<增加率>8.4</增加率>
	</Row>
	<Row>
		<項目>　1.一般政務支出</項目>
		<本年度預算數>184330862</本年度預算數>
		<百分比>9.5</百分比>
		<上年度預算數>185326902</上年度預算數>
		<百分比2>10.4</百分比2>
		<前年度預算數>170350554</前年度預算數>
		<百分比3>10.3</百分比3>
		<本年度與上年度比較>-996040</本年度與上年度比較>
		<增加率>-0.5</增加率>
	</Row>
	<Row>
		<項目>　2.國防支出</項目>
		<本年度預算數>309440879</本年度預算數>
		<百分比>16</百分比>
		<上年度預算數>286335483</上年度預算數>
		<百分比2>16</百分比2>
		<前年度預算數>276783162</前年度預算數>
		<百分比3>16.7</百分比3>
		<本年度與上年度比較>23105396</本年度與上年度比較>
		<增加率>8.1</增加率>
	</Row>
	<Row>
		<項目>　3.教育科學文化支出</項目>
		<本年度預算數>363775137</本年度預算數>
		<百分比>18.8</百分比>
		<上年度預算數>361731380</上年度預算數>
		<百分比2>20.2</百分比2>
		<前年度預算數>342798097</前年度預算數>
		<百分比3>20.7</百分比3>
		<本年度與上年度比較>2043757</本年度與上年度比較>
		<增加率>0.6</增加率>
	</Row>
	<Row>
		<項目>　4.經濟發展支出</項目>
		<本年度預算數>268166114</本年度預算數>
		<百分比>13.8</百分比>
		<上年度預算數>219410602</上年度預算數>
		<百分比2>12.3</百分比2>
		<前年度預算數>194440370</前年度預算數>
		<百分比3>11.8</百分比3>
		<本年度與上年度比較>48755512</本年度與上年度比較>
		<增加率>22.2</增加率>
	</Row>
	<Row>
		<項目>　5.社會福利支出</項目>
		<本年度預算數>422003438</本年度預算數>
		<百分比>21.8</百分比>
		<上年度預算數>368294124</上年度預算數>
		<百分比2>20.6</百分比2>
		<前年度預算數>327180215</前年度預算數>
		<百分比3>19.8</百分比3>
		<本年度與上年度比較>53709314</本年度與上年度比較>
		<增加率>14.6</增加率>
	</Row>
	<Row>
		<項目>　6.社區發展及環境保護支出</項目>
		<本年度預算數>18186352</本年度預算數>
		<百分比>0.9</百分比>
		<上年度預算數>7150995</上年度預算數>
		<百分比2>0.4</百分比2>
		<前年度預算數>8974967</前年度預算數>
		<百分比3>0.5</百分比3>
		<本年度與上年度比較>11035357</本年度與上年度比較>
		<增加率>154.3</增加率>
	</Row>
	<Row>
		<項目>　7.退休撫卹支出</項目>
		<本年度預算數>138505695</本年度預算數>
		<百分比>7.1</百分比>
		<上年度預算數>135396844</上年度預算數>
		<百分比2>7.6</百分比2>
		<前年度預算數>134576825</前年度預算數>
		<百分比3>8.1</百分比3>
		<本年度與上年度比較>3108851</本年度與上年度比較>
		<增加率>2.3</增加率>
	</Row>
	<Row>
		<項目>　8.債務支出</項目>
		<本年度預算數>130104000</本年度預算數>
		<百分比>6.7</百分比>
		<上年度預算數>130104965</上年度預算數>
		<百分比2>7.3</百分比2>
		<前年度預算數>109805363</前年度預算數>
		<百分比3>6.6</百分比3>
		<本年度與上年度比較>-965</本年度與上年度比較>
		<增加率>-</增加率>
	</Row>
	<Row>
		<項目>　9.一般補助及其他支出</項目>
		<本年度預算數>104124848</本年度預算數>
		<百分比>5.4</百分比>
		<上年度預算數>94660636</上年度預算數>
		<百分比2>5.3</百分比2>
		<前年度預算數>89518913</前年度預算數>
		<百分比3>5.4</百分比3>
		<本年度與上年度比較>9464212</本年度與上年度比較>
		<增加率>10</增加率>
	</Row>
	<Row>
		<項目>三、歲入歲出餘絀</項目>
		<本年度預算數>-209205681</本年度預算數>
		<百分比>-12.1</百分比>
		<上年度預算數>-142597331</上年度預算數>
		<百分比2>-8.7</百分比2>
		<前年度預算數>-157058486</前年度預算數>
		<百分比3>-10.5</百分比3>
		<本年度與上年度比較>-66608350</本年度與上年度比較>
		<增加率>46.7</增加率>
	</Row>
</Root>