<?xml version="1.0" encoding="UTF-8" standalone="yes"?>
<Root xmlns:xsi="http://www.w3.org/2001/XMLSchema-instance">
	<Row>
		<款>  </款>
		<科目名稱>合          計</科目名稱>
		<本年度預算數>1938637325</本年度預算數>
		<上年度預算數>1788411931</上年度預算數>
		<前年度決算數>1654428466</前年度決算數>
		<本年度與上年度比較>150225394</本年度與上年度比較>
	</Row>
	<Row>
		<款>  </款>
		<科目名稱>(1. 一般政務支出)</科目名稱>
		<本年度預算數>184330862</本年度預算數>
		<上年度預算數>185326902</上年度預算數>
		<前年度決算數>170350554</前年度決算數>
		<本年度與上年度比較>-996040</本年度與上年度比較>
	</Row>
	<Row>
		<款>1</款>
		<科目名稱>國務支出</科目名稱>
		<本年度預算數>1260171</本年度預算數>
		<上年度預算數>1302365</上年度預算數>
		<前年度決算數>1137758</前年度決算數>
		<本年度與上年度比較>-42194</本年度與上年度比較>
	</Row>
	<Row>
		<款>2</款>
		<科目名稱>行政支出</科目名稱>
		<本年度預算數>6772108</本年度預算數>
		<上年度預算數>7343076</上年度預算數>
		<前年度決算數>6961511</前年度決算數>
		<本年度與上年度比較>-570968</本年度與上年度比較>
	</Row>
	<Row>
		<款>3</款>
		<科目名稱>立法支出</科目名稱>
		<本年度預算數>3739306</本年度預算數>
		<上年度預算數>3528041</上年度預算數>
		<前年度決算數>3390869</前年度決算數>
		<本年度與上年度比較>211265</本年度與上年度比較>
	</Row>
	<Row>
		<款>4</款>
		<科目名稱>司法支出</科目名稱>
		<本年度預算數>49250943</本年度預算數>
		<上年度預算數>46436102</上年度預算數>
		<前年度決算數>43640253</前年度決算數>
		<本年度與上年度比較>2814841</本年度與上年度比較>
	</Row>
	<Row>
		<款>5</款>
		<科目名稱>考試支出</科目名稱>
		<本年度預算數>1599304</本年度預算數>
		<上年度預算數>1599509</上年度預算數>
		<前年度決算數>1559969</前年度決算數>
		<本年度與上年度比較>-205</本年度與上年度比較>
	</Row>
	<Row>
		<款>6</款>
		<科目名稱>監察支出</科目名稱>
		<本年度預算數>2145053</本年度預算數>
		<上年度預算數>2112630</上年度預算數>
		<前年度決算數>2036777</前年度決算數>
		<本年度與上年度比較>32423</本年度與上年度比較>
	</Row>
	<Row>
		<款>7</款>
		<科目名稱>民政支出</科目名稱>
		<本年度預算數>57281759</本年度預算數>
		<上年度預算數>58099038</上年度預算數>
		<前年度決算數>54299560</前年度決算數>
		<本年度與上年度比較>-817279</本年度與上年度比較>
	</Row>
	<Row>
		<款>8</款>
		<科目名稱>外交支出</科目名稱>
		<本年度預算數>27901041</本年度預算數>
		<上年度預算數>29821046</上年度預算數>
		<前年度決算數>26771791</前年度決算數>
		<本年度與上年度比較>-1920005</本年度與上年度比較>
	</Row>
	<Row>
		<款>9</款>
		<科目名稱>財務支出</科目名稱>
		<本年度預算數>33098114</本年度預算數>
		<上年度預算數>33630721</上年度預算數>
		<前年度決算數>29228610</前年度決算數>
		<本年度與上年度比較>-532607</本年度與上年度比較>
	</Row>
	<Row>
		<款>10</款>
		<科目名稱>邊政支出</科目名稱>
		<本年度預算數>139548</本年度預算數>
		<上年度預算數>158780</上年度預算數>
		<前年度決算數>137353</前年度決算數>
		<本年度與上年度比較>-19232</本年度與上年度比較>
	</Row>
	<Row>
		<款>11</款>
		<科目名稱>僑務支出</科目名稱>
		<本年度預算數>1143515</本年度預算數>
		<上年度預算數>1295594</上年度預算數>
		<前年度決算數>1186103</前年度決算數>
		<本年度與上年度比較>-152079</本年度與上年度比較>
	</Row>
	<Row>
		<款>  </款>
		<科目名稱>(2. 國防支出)</科目名稱>
		<本年度預算數>309440879</本年度預算數>
		<上年度預算數>286335483</上年度預算數>
		<前年度決算數>276783162</前年度決算數>
		<本年度與上年度比較>23105396</本年度與上年度比較>
	</Row>
	<Row>
		<款>12</款>
		<科目名稱>國防支出</科目名稱>
		<本年度預算數>309440879</本年度預算數>
		<上年度預算數>286335483</上年度預算數>
		<前年度決算數>276783162</前年度決算數>
		<本年度與上年度比較>23105396</本年度與上年度比較>
	</Row>
	<Row>
		<款>  </款>
		<科目名稱>(3. 教育科學文化支出)</科目名稱>
		<本年度預算數>363775137</本年度預算數>
		<上年度預算數>361731380</上年度預算數>
		<前年度決算數>342798097</前年度決算數>
		<本年度與上年度比較>2043757</本年度與上年度比較>
	</Row>
	<Row>
		<款>13</款>
		<科目名稱>教育支出</科目名稱>
		<本年度預算數>235521667</本年度預算數>
		<上年度預算數>232188430</上年度預算數>
		<前年度決算數>216521497</前年度決算數>
		<本年度與上年度比較>3333237</本年度與上年度比較>
	</Row>
	<Row>
		<款>14</款>
		<科目名稱>科學支出</科目名稱>
		<本年度預算數>100484501</本年度預算數>
		<上年度預算數>101756657</上年度預算數>
		<前年度決算數>101344566</前年度決算數>
		<本年度與上年度比較>-1272156</本年度與上年度比較>
	</Row>
	<Row>
		<款>15</款>
		<科目名稱>文化支出</科目名稱>
		<本年度預算數>27768969</本年度預算數>
		<上年度預算數>27786293</上年度預算數>
		<前年度決算數>24932034</前年度決算數>
		<本年度與上年度比較>-17324</本年度與上年度比較>
	</Row>
	<Row>
		<款>  </款>
		<科目名稱>(4. 經濟發展支出)</科目名稱>
		<本年度預算數>268166114</本年度預算數>
		<上年度預算數>219410602</上年度預算數>
		<前年度決算數>194440370</前年度決算數>
		<本年度與上年度比較>48755512</本年度與上年度比較>
	</Row>
	<Row>
		<款>16</款>
		<科目名稱>農業支出</科目名稱>
		<本年度預算數>80863137</本年度預算數>
		<上年度預算數>59108951</上年度預算數>
		<前年度決算數>63656178</前年度決算數>
		<本年度與上年度比較>21754186</本年度與上年度比較>
	</Row>
	<Row>
		<款>17</款>
		<科目名稱>工業支出</科目名稱>
		<本年度預算數>10752981</本年度預算數>
		<上年度預算數>14165346</上年度預算數>
		<前年度決算數>15118509</前年度決算數>
		<本年度與上年度比較>-3412365</本年度與上年度比較>
	</Row>
	<Row>
		<款>18</款>
		<科目名稱>交通支出</科目名稱>
		<本年度預算數>123731440</本年度預算數>
		<上年度預算數>89532795</上年度預算數>
		<前年度決算數>66847361</前年度決算數>
		<本年度與上年度比較>34198645</本年度與上年度比較>
	</Row>
	<Row>
		<款>19</款>
		<科目名稱>其他經濟服務支出</科目名稱>
		<本年度預算數>52818556</本年度預算數>
		<上年度預算數>56603510</上年度預算數>
		<前年度決算數>48818321</前年度決算數>
		<本年度與上年度比較>-3784954</本年度與上年度比較>
	</Row>
	<Row>
		<款>  </款>
		<科目名稱>(5. 社會福利支出)</科目名稱>
		<本年度預算數>422003438</本年度預算數>
		<上年度預算數>368294124</上年度預算數>
		<前年度決算數>327180215</前年度決算數>
		<本年度與上年度比較>53709314</本年度與上年度比較>
	</Row>
	<Row>
		<款>20</款>
		<科目名稱>社會保險支出</科目名稱>
		<本年度預算數>271380150</本年度預算數>
		<上年度預算數>227980717</上年度預算數>
		<前年度決算數>195630225</前年度決算數>
		<本年度與上年度比較>43399433</本年度與上年度比較>
	</Row>
	<Row>
		<款>21</款>
		<科目名稱>社會救助支出</科目名稱>
		<本年度預算數>11236613</本年度預算數>
		<上年度預算數>11755863</上年度預算數>
		<前年度決算數>10276338</前年度決算數>
		<本年度與上年度比較>-519250</本年度與上年度比較>
	</Row>
	<Row>
		<款>22</款>
		<科目名稱>福利服務支出</科目名稱>
		<本年度預算數>117561303</本年度預算數>
		<上年度預算數>105130953</上年度預算數>
		<前年度決算數>98693228</前年度決算數>
		<本年度與上年度比較>12430350</本年度與上年度比較>
	</Row>
	<Row>
		<款>23</款>
		<科目名稱>國民就業支出</科目名稱>
		<本年度預算數>2536995</本年度預算數>
		<上年度預算數>2923376</上年度預算數>
		<前年度決算數>1789687</前年度決算數>
		<本年度與上年度比較>-386381</本年度與上年度比較>
	</Row>
	<Row>
		<款>24</款>
		<科目名稱>醫療保健支出</科目名稱>
		<本年度預算數>19288377</本年度預算數>
		<上年度預算數>20503215</上年度預算數>
		<前年度決算數>20790738</前年度決算數>
		<本年度與上年度比較>-1214838</本年度與上年度比較>
	</Row>
	<Row>
		<款>  </款>
		<科目名稱>(6. 社區發展及環境保護支出)</科目名稱>
		<本年度預算數>18186352</本年度預算數>
		<上年度預算數>7150995</上年度預算數>
		<前年度決算數>8974967</前年度決算數>
		<本年度與上年度比較>11035357</本年度與上年度比較>
	</Row>
	<Row>
		<款>25</款>
		<科目名稱>環境保護支出</科目名稱>
		<本年度預算數>18186352</本年度預算數>
		<上年度預算數>7150995</上年度預算數>
		<前年度決算數>8274967</前年度決算數>
		<本年度與上年度比較>11035357</本年度與上年度比較>
	</Row>
	<Row>
		<款>26</款>
		<科目名稱>社區發展支出</科目名稱>
		<本年度預算數>-</本年度預算數>
		<上年度預算數>-</上年度預算數>
		<前年度決算數>700000</前年度決算數>
		<本年度與上年度比較>-</本年度與上年度比較>
	</Row>
	<Row>
		<款>  </款>
		<科目名稱>(7. 退休撫卹支出)</科目名稱>
		<本年度預算數>138505695</本年度預算數>
		<上年度預算數>135396844</上年度預算數>
		<前年度決算數>134576825</前年度決算數>
		<本年度與上年度比較>3108851</本年度與上年度比較>
	</Row>
	<Row>
		<款>27</款>
		<科目名稱>退休撫卹給付支出</科目名稱>
		<本年度預算數>138274526</本年度預算數>
		<上年度預算數>135165917</上年度預算數>
		<前年度決算數>134355408</前年度決算數>
		<本年度與上年度比較>3108609</本年度與上年度比較>
	</Row>
	<Row>
		<款>28</款>
		<科目名稱>退休撫卹業務支出</科目名稱>
		<本年度預算數>231169</本年度預算數>
		<上年度預算數>230927</上年度預算數>
		<前年度決算數>221417</前年度決算數>
		<本年度與上年度比較>242</本年度與上年度比較>
	</Row>
	<Row>
		<款>  </款>
		<科目名稱>(8. 債務支出)</科目名稱>
		<本年度預算數>130104000</本年度預算數>
		<上年度預算數>130104965</上年度預算數>
		<前年度決算數>109805363</前年度決算數>
		<本年度與上年度比較>-965</本年度與上年度比較>
	</Row>
	<Row>
		<款>29</款>
		<科目名稱>債務付息支出</科目名稱>
		<本年度預算數>129536037</本年度預算數>
		<上年度預算數>129571257</上年度預算數>
		<前年度決算數>109354145</前年度決算數>
		<本年度與上年度比較>-35220</本年度與上年度比較>
	</Row>
	<Row>
		<款>30</款>
		<科目名稱>還本付息事務支出</科目名稱>
		<本年度預算數>567963</本年度預算數>
		<上年度預算數>533708</上年度預算數>
		<前年度決算數>451217</前年度決算數>
		<本年度與上年度比較>34255</本年度與上年度比較>
	</Row>
	<Row>
		<款>  </款>
		<科目名稱>(9. 一般補助及其他支出)</科目名稱>
		<本年度預算數>104124848</本年度預算數>
		<上年度預算數>94660636</上年度預算數>
		<前年度決算數>89518913</前年度決算數>
		<本年度與上年度比較>9464212</本年度與上年度比較>
	</Row>
	<Row>
		<款>31</款>
		<科目名稱>專案補助支出</科目名稱>
		<本年度預算數>68162984</本年度預算數>
		<上年度預算數>68456029</上年度預算數>
		<前年度決算數>85804538</前年度決算數>
		<本年度與上年度比較>-293045</本年度與上年度比較>
	</Row>
	<Row>
		<款>32</款>
		<科目名稱>平衡預算補助支出</科目名稱>
		<本年度預算數>21900000</本年度預算數>
		<上年度預算數>12369327</上年度預算數>
		<前年度決算數>-</前年度決算數>
		<本年度與上年度比較>9530673</本年度與上年度比較>
	</Row>
	<Row>
		<款>33</款>
		<科目名稱>其他支出</科目名稱>
		<本年度預算數>6061864</本年度預算數>
		<上年度預算數>5835280</上年度預算數>
		<前年度決算數>3714375</前年度決算數>
		<本年度與上年度比較>226584</本年度與上年度比較>
	</Row>
	<Row>
		<款>34</款>
		<科目名稱>第二預備金</科目名稱>
		<本年度預算數>8000000</本年度預算數>
		<上年度預算數>8000000</上年度預算數>
		<前年度決算數>-</前年度決算數>
		<本年度與上年度比較>0</本年度與上年度比較>
	</Row>
</Root>