<?xml version="1.0" encoding="UTF-8" standalone="yes"?>
<Root xmlns:xsi="http://www.w3.org/2001/XMLSchema-instance">
	<Row>
		<款>  </款>
		<科目名稱>合          計</科目名稱>
		<本年度預算數>1613363218</本年度預算數>
		<上年度預算數>1520432848</上年度預算數>
		<前年度決算數>1409431190</前年度決算數>
		<本年度與上年度比較>92930370</本年度與上年度比較>
	</Row>
	<Row>
		<款>  </款>
		<科目名稱>(1. 一般政務支出)</科目名稱>
		<本年度預算數>166843521</本年度預算數>
		<上年度預算數>167851398</上年度預算數>
		<前年度決算數>156112253</前年度決算數>
		<本年度與上年度比較>-1007877</本年度與上年度比較>
	</Row>
	<Row>
		<款>1</款>
		<科目名稱>國務支出</科目名稱>
		<本年度預算數>1225838</本年度預算數>
		<上年度預算數>1263638</上年度預算數>
		<前年度決算數>1102787</前年度決算數>
		<本年度與上年度比較>-37800</本年度與上年度比較>
	</Row>
	<Row>
		<款>2</款>
		<科目名稱>行政支出</科目名稱>
		<本年度預算數>6074297</本年度預算數>
		<上年度預算數>6455966</上年度預算數>
		<前年度決算數>5957827</前年度決算數>
		<本年度與上年度比較>-381669</本年度與上年度比較>
	</Row>
	<Row>
		<款>3</款>
		<科目名稱>立法支出</科目名稱>
		<本年度預算數>3341142</本年度預算數>
		<上年度預算數>3229723</上年度預算數>
		<前年度決算數>3090162</前年度決算數>
		<本年度與上年度比較>111419</本年度與上年度比較>
	</Row>
	<Row>
		<款>4</款>
		<科目名稱>司法支出</科目名稱>
		<本年度預算數>45315732</本年度預算數>
		<上年度預算數>43789405</上年度預算數>
		<前年度決算數>41883295</前年度決算數>
		<本年度與上年度比較>1526327</本年度與上年度比較>
	</Row>
	<Row>
		<款>5</款>
		<科目名稱>考試支出</科目名稱>
		<本年度預算數>1532199</本年度預算數>
		<上年度預算數>1549976</上年度預算數>
		<前年度決算數>1439454</前年度決算數>
		<本年度與上年度比較>-17777</本年度與上年度比較>
	</Row>
	<Row>
		<款>6</款>
		<科目名稱>監察支出</科目名稱>
		<本年度預算數>2070785</本年度預算數>
		<上年度預算數>2040797</上年度預算數>
		<前年度決算數>1954915</前年度決算數>
		<本年度與上年度比較>29988</本年度與上年度比較>
	</Row>
	<Row>
		<款>7</款>
		<科目名稱>民政支出</科目名稱>
		<本年度預算數>48118784</本年度預算數>
		<上年度預算數>48104653</上年度預算數>
		<前年度決算數>45445784</前年度決算數>
		<本年度與上年度比較>14131</本年度與上年度比較>
	</Row>
	<Row>
		<款>8</款>
		<科目名稱>外交支出</科目名稱>
		<本年度預算數>27279572</本年度預算數>
		<上年度預算數>29092581</上年度預算數>
		<前年度決算數>26099710</前年度決算數>
		<本年度與上年度比較>-1813009</本年度與上年度比較>
	</Row>
	<Row>
		<款>9</款>
		<科目名稱>財務支出</科目名稱>
		<本年度預算數>30680071</本年度預算數>
		<上年度預算數>31079157</上年度預算數>
		<前年度決算數>27962468</前年度決算數>
		<本年度與上年度比較>-399086</本年度與上年度比較>
	</Row>
	<Row>
		<款>10</款>
		<科目名稱>邊政支出</科目名稱>
		<本年度預算數>135775</本年度預算數>
		<上年度預算數>135250</上年度預算數>
		<前年度決算數>133358</前年度決算數>
		<本年度與上年度比較>525</本年度與上年度比較>
	</Row>
	<Row>
		<款>11</款>
		<科目名稱>僑務支出</科目名稱>
		<本年度預算數>1069326</本年度預算數>
		<上年度預算數>1110252</上年度預算數>
		<前年度決算數>1042494</前年度決算數>
		<本年度與上年度比較>-40926</本年度與上年度比較>
	</Row>
	<Row>
		<款>  </款>
		<科目名稱>(2. 國防支出)</科目名稱>
		<本年度預算數>296092489</本年度預算數>
		<上年度預算數>274732688</上年度預算數>
		<前年度決算數>263556133</前年度決算數>
		<本年度與上年度比較>21359801</本年度與上年度比較>
	</Row>
	<Row>
		<款>12</款>
		<科目名稱>國防支出</科目名稱>
		<本年度預算數>296092489</本年度預算數>
		<上年度預算數>274732688</上年度預算數>
		<前年度決算數>263556133</前年度決算數>
		<本年度與上年度比較>21359801</本年度與上年度比較>
	</Row>
	<Row>
		<款>  </款>
		<科目名稱>(3. 教育科學文化支出)</科目名稱>
		<本年度預算數>278379905</本年度預算數>
		<上年度預算數>279660946</上年度預算數>
		<前年度決算數>258169611</前年度決算數>
		<本年度與上年度比較>-1281041</本年度與上年度比較>
	</Row>
	<Row>
		<款>13</款>
		<科目名稱>教育支出</科目名稱>
		<本年度預算數>204145462</本年度預算數>
		<上年度預算數>201237104</上年度預算數>
		<前年度決算數>183935625</前年度決算數>
		<本年度與上年度比較>2908358</本年度與上年度比較>
	</Row>
	<Row>
		<款>14</款>
		<科目名稱>科學支出</科目名稱>
		<本年度預算數>57141830</本年度預算數>
		<上年度預算數>59856202</上年度預算數>
		<前年度決算數>58205987</前年度決算數>
		<本年度與上年度比較>-2714372</本年度與上年度比較>
	</Row>
	<Row>
		<款>15</款>
		<科目名稱>文化支出</科目名稱>
		<本年度預算數>17092613</本年度預算數>
		<上年度預算數>18567640</上年度預算數>
		<前年度決算數>16027999</前年度決算數>
		<本年度與上年度比較>-1475027</本年度與上年度比較>
	</Row>
	<Row>
		<款>  </款>
		<科目名稱>(4. 經濟發展支出)</科目名稱>
		<本年度預算數>79460711</本年度預算數>
		<上年度預算數>72352806</上年度預算數>
		<前年度決算數>69923321</前年度決算數>
		<本年度與上年度比較>7107905</本年度與上年度比較>
	</Row>
	<Row>
		<款>16</款>
		<科目名稱>農業支出</科目名稱>
		<本年度預算數>49786507</本年度預算數>
		<上年度預算數>38267096</上年度預算數>
		<前年度決算數>37626091</前年度決算數>
		<本年度與上年度比較>11519411</本年度與上年度比較>
	</Row>
	<Row>
		<款>17</款>
		<科目名稱>工業支出</科目名稱>
		<本年度預算數>5145316</本年度預算數>
		<上年度預算數>10165257</上年度預算數>
		<前年度決算數>11647848</前年度決算數>
		<本年度與上年度比較>-5019941</本年度與上年度比較>
	</Row>
	<Row>
		<款>18</款>
		<科目名稱>交通支出</科目名稱>
		<本年度預算數>12093049</本年度預算數>
		<上年度預算數>10821096</上年度預算數>
		<前年度決算數>9997692</前年度決算數>
		<本年度與上年度比較>1271953</本年度與上年度比較>
	</Row>
	<Row>
		<款>19</款>
		<科目名稱>其他經濟服務支出</科目名稱>
		<本年度預算數>12435839</本年度預算數>
		<上年度預算數>13099357</上年度預算數>
		<前年度決算數>10651690</前年度決算數>
		<本年度與上年度比較>-663518</本年度與上年度比較>
	</Row>
	<Row>
		<款>  </款>
		<科目名稱>(5. 社會福利支出)</科目名稱>
		<本年度預算數>419165064</本年度預算數>
		<上年度預算數>365155242</上年度預算數>
		<前年度決算數>323746386</前年度決算數>
		<本年度與上年度比較>54009822</本年度與上年度比較>
	</Row>
	<Row>
		<款>20</款>
		<科目名稱>社會保險支出</科目名稱>
		<本年度預算數>271078780</本年度預算數>
		<上年度預算數>227649802</上年度預算數>
		<前年度決算數>194967736</前年度決算數>
		<本年度與上年度比較>43428978</本年度與上年度比較>
	</Row>
	<Row>
		<款>21</款>
		<科目名稱>社會救助支出</科目名稱>
		<本年度預算數>11220926</本年度預算數>
		<上年度預算數>11743833</上年度預算數>
		<前年度決算數>10231152</前年度決算數>
		<本年度與上年度比較>-522907</本年度與上年度比較>
	</Row>
	<Row>
		<款>22</款>
		<科目名稱>福利服務支出</科目名稱>
		<本年度預算數>116375714</本年度預算數>
		<上年度預算數>104026745</上年度預算數>
		<前年度決算數>97058564</前年度決算數>
		<本年度與上年度比較>12348969</本年度與上年度比較>
	</Row>
	<Row>
		<款>23</款>
		<科目名稱>國民就業支出</科目名稱>
		<本年度預算數>2436569</本年度預算數>
		<上年度預算數>2909840</上年度預算數>
		<前年度決算數>1770634</前年度決算數>
		<本年度與上年度比較>-473271</本年度與上年度比較>
	</Row>
	<Row>
		<款>24</款>
		<科目名稱>醫療保健支出</科目名稱>
		<本年度預算數>18053075</本年度預算數>
		<上年度預算數>18825022</上年度預算數>
		<前年度決算數>19718300</前年度決算數>
		<本年度與上年度比較>-771947</本年度與上年度比較>
	</Row>
	<Row>
		<款>  </款>
		<科目名稱>(6. 社區發展及環境保護支出)</科目名稱>
		<本年度預算數>4779900</本年度預算數>
		<上年度預算數>4606385</上年度預算數>
		<前年度決算數>4603628</前年度決算數>
		<本年度與上年度比較>173515</本年度與上年度比較>
	</Row>
	<Row>
		<款>25</款>
		<科目名稱>環境保護支出</科目名稱>
		<本年度預算數>4779900</本年度預算數>
		<上年度預算數>4606385</上年度預算數>
		<前年度決算數>4603628</前年度決算數>
		<本年度與上年度比較>173515</本年度與上年度比較>
	</Row>
	<Row>
		<款>26</款>
		<科目名稱>社區發展支出</科目名稱>
		<本年度預算數>-</本年度預算數>
		<上年度預算數>-</上年度預算數>
		<前年度決算數>-</前年度決算數>
		<本年度與上年度比較>-</本年度與上年度比較>
	</Row>
	<Row>
		<款>  </款>
		<科目名稱>(7. 退休撫卹支出)</科目名稱>
		<本年度預算數>138485273</本年度預算數>
		<上年度預算數>135381017</上年度預算數>
		<前年度決算數>134558893</前年度決算數>
		<本年度與上年度比較>3104256</本年度與上年度比較>
	</Row>
	<Row>
		<款>27</款>
		<科目名稱>退休撫卹給付支出</科目名稱>
		<本年度預算數>138274526</本年度預算數>
		<上年度預算數>135165917</上年度預算數>
		<前年度決算數>134355408</前年度決算數>
		<本年度與上年度比較>3108609</本年度與上年度比較>
	</Row>
	<Row>
		<款>28</款>
		<科目名稱>退休撫卹業務支出</科目名稱>
		<本年度預算數>210747</本年度預算數>
		<上年度預算數>215100</上年度預算數>
		<前年度決算數>203484</前年度決算數>
		<本年度與上年度比較>-4353</本年度與上年度比較>
	</Row>
	<Row>
		<款>  </款>
		<科目名稱>(8. 債務支出)</科目名稱>
		<本年度預算數>130104000</本年度預算數>
		<上年度預算數>130104965</上年度預算數>
		<前年度決算數>109805363</前年度決算數>
		<本年度與上年度比較>-965</本年度與上年度比較>
	</Row>
	<Row>
		<款>29</款>
		<科目名稱>債務付息支出</科目名稱>
		<本年度預算數>129536037</本年度預算數>
		<上年度預算數>129571257</上年度預算數>
		<前年度決算數>109354145</前年度決算數>
		<本年度與上年度比較>-35220</本年度與上年度比較>
	</Row>
	<Row>
		<款>30</款>
		<科目名稱>還本付息事務支出</科目名稱>
		<本年度預算數>567963</本年度預算數>
		<上年度預算數>533708</上年度預算數>
		<前年度決算數>451217</前年度決算數>
		<本年度與上年度比較>34255</本年度與上年度比較>
	</Row>
	<Row>
		<款>  </款>
		<科目名稱>(9. 一般補助及其他支出)</科目名稱>
		<本年度預算數>100052355</本年度預算數>
		<上年度預算數>90587401</上年度預算數>
		<前年度決算數>88955603</前年度決算數>
		<本年度與上年度比較>9464954</本年度與上年度比較>
	</Row>
	<Row>
		<款>31</款>
		<科目名稱>專案補助支出</科目名稱>
		<本年度預算數>68090491</本年度預算數>
		<上年度預算數>68382794</上年度預算數>
		<前年度決算數>85241228</前年度決算數>
		<本年度與上年度比較>-292303</本年度與上年度比較>
	</Row>
	<Row>
		<款>32</款>
		<科目名稱>平衡預算補助支出</科目名稱>
		<本年度預算數>21900000</本年度預算數>
		<上年度預算數>12369327</上年度預算數>
		<前年度決算數>-</前年度決算數>
		<本年度與上年度比較>9530673</本年度與上年度比較>
	</Row>
	<Row>
		<款>33</款>
		<科目名稱>其他支出</科目名稱>
		<本年度預算數>4561864</本年度預算數>
		<上年度預算數>4335280</上年度預算數>
		<前年度決算數>3714375</前年度決算數>
		<本年度與上年度比較>226584</本年度與上年度比較>
	</Row>
	<Row>
		<款>34</款>
		<科目名稱>第二預備金</科目名稱>
		<本年度預算數>5500000</本年度預算數>
		<上年度預算數>5500000</上年度預算數>
		<前年度決算數>-</前年度決算數>
		<本年度與上年度比較>0</本年度與上年度比較>
	</Row>
</Root>