<?xml version="1.0" encoding="UTF-8" standalone="yes"?>
<Root xmlns:xsi="http://www.w3.org/2001/XMLSchema-instance">
	<Row>
		<科目名稱>合      計</科目名稱>
		<本年度預算數>325274107</本年度預算數>
		<上年度預算數>267979083</上年度預算數>
		<前年度決算數>244997276</前年度決算數>
		<本年度與上年度比較>57295024</本年度與上年度比較>
		<款>  </款>
	</Row>
	<Row>
		<科目名稱>總統府主管</科目名稱>
		<本年度預算數>3670958</本年度預算數>
		<上年度預算數>4106213</上年度預算數>
		<前年度決算數>2765729</前年度決算數>
		<本年度與上年度比較>-435255</本年度與上年度比較>
		<款>1</款>
	</Row>
	<Row>
		<科目名稱>行政院主管</科目名稱>
		<本年度預算數>16861792</本年度預算數>
		<上年度預算數>11238699</上年度預算數>
		<前年度決算數>10592095</前年度決算數>
		<本年度與上年度比較>5623093</本年度與上年度比較>
		<款>2</款>
	</Row>
	<Row>
		<科目名稱>立法院主管</科目名稱>
		<本年度預算數>398164</本年度預算數>
		<上年度預算數>298318</上年度預算數>
		<前年度決算數>300707</前年度決算數>
		<本年度與上年度比較>99846</本年度與上年度比較>
		<款>3</款>
	</Row>
	<Row>
		<科目名稱>司法院主管</科目名稱>
		<本年度預算數>2129413</本年度預算數>
		<上年度預算數>1138781</上年度預算數>
		<前年度決算數>752446</前年度決算數>
		<本年度與上年度比較>990632</本年度與上年度比較>
		<款>4</款>
	</Row>
	<Row>
		<科目名稱>考試院主管</科目名稱>
		<本年度預算數>87280</本年度預算數>
		<上年度預算數>65292</上年度預算數>
		<前年度決算數>137201</前年度決算數>
		<本年度與上年度比較>21988</本年度與上年度比較>
		<款>5</款>
	</Row>
	<Row>
		<科目名稱>監察院主管</科目名稱>
		<本年度預算數>74268</本年度預算數>
		<上年度預算數>71833</上年度預算數>
		<前年度決算數>81863</前年度決算數>
		<本年度與上年度比較>2435</本年度與上年度比較>
		<款>6</款>
	</Row>
	<Row>
		<科目名稱>內政部主管</科目名稱>
		<本年度預算數>30261932</本年度預算數>
		<上年度預算數>10990317</上年度預算數>
		<前年度決算數>14224775</前年度決算數>
		<本年度與上年度比較>19271615</本年度與上年度比較>
		<款>7</款>
	</Row>
	<Row>
		<科目名稱>外交部主管</科目名稱>
		<本年度預算數>617691</本年度預算數>
		<上年度預算數>724142</上年度預算數>
		<前年度決算數>666144</前年度決算數>
		<本年度與上年度比較>-106451</本年度與上年度比較>
		<款>8</款>
	</Row>
	<Row>
		<科目名稱>國防部主管</科目名稱>
		<本年度預算數>13390519</本年度預算數>
		<上年度預算數>12006362</上年度預算數>
		<前年度決算數>15972008</前年度決算數>
		<本年度與上年度比較>1384157</本年度與上年度比較>
		<款>9</款>
	</Row>
	<Row>
		<科目名稱>財政部主管</科目名稱>
		<本年度預算數>5523882</本年度預算數>
		<上年度預算數>9535805</上年度預算數>
		<前年度決算數>6011792</前年度決算數>
		<本年度與上年度比較>-4011923</本年度與上年度比較>
		<款>10</款>
	</Row>
	<Row>
		<科目名稱>教育部主管</科目名稱>
		<本年度預算數>23677810</本年度預算數>
		<上年度預算數>23809859</上年度預算數>
		<前年度決算數>27342915</前年度決算數>
		<本年度與上年度比較>-132049</本年度與上年度比較>
		<款>11</款>
	</Row>
	<Row>
		<科目名稱>法務部主管</科目名稱>
		<本年度預算數>2069060</本年度預算數>
		<上年度預算數>1764144</上年度預算數>
		<前年度決算數>1276046</前年度決算數>
		<本年度與上年度比較>304916</本年度與上年度比較>
		<款>12</款>
	</Row>
	<Row>
		<科目名稱>經濟部主管</科目名稱>
		<本年度預算數>21238618</本年度預算數>
		<上年度預算數>16166935</上年度預算數>
		<前年度決算數>17699096</前年度決算數>
		<本年度與上年度比較>5071683</本年度與上年度比較>
		<款>13</款>
	</Row>
	<Row>
		<科目名稱>交通部主管</科目名稱>
		<本年度預算數>92888486</本年度預算數>
		<上年度預算數>69343267</上年度預算數>
		<前年度決算數>52509414</前年度決算數>
		<本年度與上年度比較>23545219</本年度與上年度比較>
		<款>14</款>
	</Row>
	<Row>
		<科目名稱>蒙藏委員會主管</科目名稱>
		<本年度預算數>3773</本年度預算數>
		<上年度預算數>23530</上年度預算數>
		<前年度決算數>3995</前年度決算數>
		<本年度與上年度比較>-19757</本年度與上年度比較>
		<款>15</款>
	</Row>
	<Row>
		<科目名稱>僑務委員會主管</科目名稱>
		<本年度預算數>83203</本年度預算數>
		<上年度預算數>197913</上年度預算數>
		<前年度決算數>157700</前年度決算數>
		<本年度與上年度比較>-114710</本年度與上年度比較>
		<款>16</款>
	</Row>
	<Row>
		<科目名稱>國軍退除役官兵輔導委員會主管</科目名稱>
		<本年度預算數>593718</本年度預算數>
		<上年度預算數>485827</上年度預算數>
		<前年度決算數>643093</前年度決算數>
		<本年度與上年度比較>107891</本年度與上年度比較>
		<款>17</款>
	</Row>
	<Row>
		<科目名稱>國家科學委員會主管</科目名稱>
		<本年度預算數>37483016</本年度預算數>
		<上年度預算數>35026482</上年度預算數>
		<前年度決算數>34331163</前年度決算數>
		<本年度與上年度比較>2456534</本年度與上年度比較>
		<款>18</款>
	</Row>
	<Row>
		<科目名稱>原子能委員會主管</科目名稱>
		<本年度預算數>405647</本年度預算數>
		<上年度預算數>431002</上年度預算數>
		<前年度決算數>682544</前年度決算數>
		<本年度與上年度比較>-25355</本年度與上年度比較>
		<款>19</款>
	</Row>
	<Row>
		<科目名稱>農業委員會主管</科目名稱>
		<本年度預算數>18353067</本年度預算數>
		<上年度預算數>14413937</上年度預算數>
		<前年度決算數>18151646</前年度決算數>
		<本年度與上年度比較>3939130</本年度與上年度比較>
		<款>20</款>
	</Row>
	<Row>
		<科目名稱>勞工委員會主管</科目名稱>
		<本年度預算數>140199</本年度預算數>
		<上年度預算數>59775</上年度預算數>
		<前年度決算數>73885</前年度決算數>
		<本年度與上年度比較>80424</本年度與上年度比較>
		<款>21</款>
	</Row>
	<Row>
		<科目名稱>衛生署主管</科目名稱>
		<本年度預算數>1742624</本年度預算數>
		<上年度預算數>2254915</上年度預算數>
		<前年度決算數>2335226</前年度決算數>
		<本年度與上年度比較>-512291</本年度與上年度比較>
		<款>22</款>
	</Row>
	<Row>
		<科目名稱>環境保護署主管</科目名稱>
		<本年度預算數>2490576</本年度預算數>
		<上年度預算數>2536760</上年度預算數>
		<前年度決算數>3661241</前年度決算數>
		<本年度與上年度比較>-46184</本年度與上年度比較>
		<款>23</款>
	</Row>
	<Row>
		<科目名稱>海岸巡防署主管</科目名稱>
		<本年度預算數>3002568</本年度預算數>
		<上年度預算數>3199427</上年度預算數>
		<前年度決算數>2487485</前年度決算數>
		<本年度與上年度比較>-196859</本年度與上年度比較>
		<款>24</款>
	</Row>
	<Row>
		<科目名稱>省市地方政府</科目名稱>
		<本年度預算數>44085843</本年度預算數>
		<上年度預算數>44089548</上年度預算數>
		<前年度決算數>32137069</前年度決算數>
		<本年度與上年度比較>-3705</本年度與上年度比較>
		<款>25</款>
	</Row>
	<Row>
		<科目名稱>災害準備金</科目名稱>
		<本年度預算數>1500000</本年度預算數>
		<上年度預算數>1500000</上年度預算數>
		<前年度決算數>-</前年度決算數>
		<本年度與上年度比較>-</本年度與上年度比較>
		<款>26</款>
	</Row>
	<Row>
		<科目名稱>第二預備金</科目名稱>
		<本年度預算數>2500000</本年度預算數>
		<上年度預算數>2500000</上年度預算數>
		<前年度決算數>-</前年度決算數>
		<本年度與上年度比較>-</本年度與上年度比較>
		<款>27</款>
	</Row>
</Root>