<?xml version="1.0" encoding="UTF-8" standalone="yes"?>
<Root xmlns:xsi="http://www.w3.org/2001/XMLSchema-instance">
	<Row>
		<項目>一、經  常  門</項目>
	</Row>
	<Row>
		<項目>(一)歲　　入</項目>
		<本年度預算數>1644045829</本年度預算數>
		<百分比>100</百分比>
		<上年度預算數>1574295979</上年度預算數>
		<百分比2>100</百分比2>
		<前年度預算數>1458838575</前年度預算數>
		<百分比3>100</百分比3>
		<本年度與上年度比較>69749850</本年度與上年度比較>
		<增加率>4.4</增加率>
	</Row>
	<Row>
		<項目>1.直接稅收入</項目>
		<本年度預算數>778234000</本年度預算數>
		<百分比>47.3</百分比>
		<上年度預算數>738815000</上年度預算數>
		<百分比2>46.9</百分比2>
		<前年度預算數>657468930</前年度預算數>
		<百分比3>45.1</百分比3>
		<本年度與上年度比較>39419000</本年度與上年度比較>
		<增加率>5.3</增加率>
	</Row>
	<Row>
		<項目>2.間接稅收入</項目>
		<本年度預算數>471866000</本年度預算數>
		<百分比>28.7</百分比>
		<上年度預算數>430255000</上年度預算數>
		<百分比2>27.3</百分比2>
		<前年度預算數>424943328</前年度預算數>
		<百分比3>29.1</百分比3>
		<本年度與上年度比較>41611000</本年度與上年度比較>
		<增加率>9.7</增加率>
	</Row>
	<Row>
		<項目>3.賦稅外收入</項目>
		<本年度預算數>393945829</本年度預算數>
		<百分比>24</百分比>
		<上年度預算數>405225979</上年度預算數>
		<百分比2>25.7</百分比2>
		<前年度預算數>376426318</前年度預算數>
		<百分比3>25.8</百分比3>
		<本年度與上年度比較>-11280150</本年度與上年度比較>
		<增加率>-2.8</增加率>
	</Row>
	<Row>
		<項目>(二)歲　　出</項目>
		<本年度預算數>1613363218</本年度預算數>
		<百分比>100</百分比>
		<上年度預算數>1520432848</上年度預算數>
		<百分比2>100</百分比2>
		<前年度預算數>1409431190</前年度預算數>
		<百分比3>100</百分比3>
		<本年度與上年度比較>92930370</本年度與上年度比較>
		<增加率>6.1</增加率>
	</Row>
	<Row>
		<項目>1.一般經常支出</項目>
		<本年度預算數>1475203594</本年度預算數>
		<百分比>91.4</百分比>
		<上年度預算數>1382104313</上年度預算數>
		<百分比2>90.9</百分比2>
		<前年度預算數>1299625827</前年度預算數>
		<百分比3>92.2</百分比3>
		<本年度與上年度比較>93099281</本年度與上年度比較>
		<增加率>6.7</增加率>
	</Row>
	<Row>
		<項目>2.債務利息及事務支出</項目>
		<本年度預算數>130104000</本年度預算數>
		<百分比>8.1</百分比>
		<上年度預算數>130104965</上年度預算數>
		<百分比2>8.6</百分比2>
		<前年度預算數>109805363</前年度預算數>
		<百分比3>7.8</百分比3>
		<本年度與上年度比較>-965</本年度與上年度比較>
		<增加率>0</增加率>
	</Row>
	<Row>
		<項目>3.預備金</項目>
		<本年度預算數>8055624</本年度預算數>
		<百分比>0.5</百分比>
		<上年度預算數>8223570</上年度預算數>
		<百分比2>0.5</百分比2>
		<前年度預算數>-</前年度預算數>
		<百分比3>-</百分比3>
		<本年度與上年度比較>-167946</本年度與上年度比較>
		<增加率>-2</增加率>
	</Row>
	<Row>
		<項目>(三)經常門賸餘</項目>
		<本年度預算數>30682611</本年度預算數>
		<百分比>1.9</百分比>
		<上年度預算數>53863131</上年度預算數>
		<百分比2>3.4</百分比2>
		<前年度預算數>49407386</前年度預算數>
		<百分比3>3.4</百分比3>
		<本年度與上年度比較>-23180520</本年度與上年度比較>
		<增加率>-43</增加率>
	</Row>
	<Row>
		<項目>二、資  本  門</項目>
	</Row>
	<Row>
		<項目>(一)歲　　入</項目>
		<本年度預算數>85385815</本年度預算數>
		<百分比>100</百分比>
		<上年度預算數>71518621</上年度預算數>
		<百分比2>100</百分比2>
		<前年度預算數>38531405</前年度預算數>
		<百分比3>100</百分比3>
		<本年度與上年度比較>13867194</本年度與上年度比較>
		<增加率>19.4</增加率>
	</Row>
	<Row>
		<項目>1.減少資產</項目>
		<本年度預算數>59729706</本年度預算數>
		<百分比>70</百分比>
		<上年度預算數>42456230</上年度預算數>
		<百分比2>59.4</百分比2>
		<前年度預算數>30022018</前年度預算數>
		<百分比3>77.9</百分比3>
		<本年度與上年度比較>17273476</本年度與上年度比較>
		<增加率>40.7</增加率>
	</Row>
	<Row>
		<項目>2.收回投資</項目>
		<本年度預算數>25656109</本年度預算數>
		<百分比>30</百分比>
		<上年度預算數>29062391</上年度預算數>
		<百分比2>40.6</百分比2>
		<前年度預算數>8509387</前年度預算數>
		<百分比3>22.1</百分比3>
		<本年度與上年度比較>-3406282</本年度與上年度比較>
		<增加率>-11.7</增加率>
	</Row>
	<Row>
		<項目>(二)歲　　出</項目>
		<本年度預算數>325274107</本年度預算數>
		<百分比>100</百分比>
		<上年度預算數>267979083</上年度預算數>
		<百分比2>100</百分比2>
		<前年度預算數>244997276</前年度預算數>
		<百分比3>100</百分比3>
		<本年度與上年度比較>57295024</本年度與上年度比較>
		<增加率>21.4</增加率>
	</Row>
	<Row>
		<項目>1.增置擴充改良資產</項目>
		<本年度預算數>249381516</本年度預算數>
		<百分比>76.7</百分比>
		<上年度預算數>185678727</上年度預算數>
		<百分比2>69.3</百分比2>
		<前年度預算數>182911261</前年度預算數>
		<百分比3>74.7</百分比3>
		<本年度與上年度比較>63702789</本年度與上年度比較>
		<增加率>34.3</增加率>
	</Row>
	<Row>
		<項目>2.增加投資</項目>
		<本年度預算數>71892591</本年度預算數>
		<百分比>22.1</百分比>
		<上年度預算數>78300356</上年度預算數>
		<百分比2>29.2</百分比2>
		<前年度預算數>62086015</前年度預算數>
		<百分比3>25.3</百分比3>
		<本年度與上年度比較>-6407765</本年度與上年度比較>
		<增加率>-8.2</增加率>
	</Row>
	<Row>
		<項目>3.預備金</項目>
		<本年度預算數>4000000</本年度預算數>
		<百分比>1.2</百分比>
		<上年度預算數>4000000</上年度預算數>
		<百分比2>1.5</百分比2>
		<前年度預算數>-</前年度預算數>
		<百分比3>-</百分比3>
		<本年度與上年度比較>0</本年度與上年度比較>
		<增加率>0</增加率>
	</Row>
	<Row>
		<項目>(三)資本門差短</項目>
		<本年度預算數>239888292</本年度預算數>
		<百分比>280.9</百分比>
		<上年度預算數>196460462</上年度預算數>
		<百分比2>274.7</百分比2>
		<前年度預算數>206465872</前年度預算數>
		<百分比3>535.8</百分比3>
		<本年度與上年度比較>43427830</本年度與上年度比較>
		<增加率>22.1</增加率>
	</Row>
	<Row>
		<項目>三、歲  入  歲  出  餘  絀</項目>
		<本年度預算數>-209205681</本年度預算數>
		<百分比>-</百分比>
		<上年度預算數>-142597331</上年度預算數>
		<百分比2>-</百分比2>
		<前年度預算數>-157058486</前年度預算數>
		<百分比3>-</百分比3>
		<本年度與上年度比較>-66608350</本年度與上年度比較>
		<增加率>46.7</增加率>
	</Row>
</Root>