<?xml version="1.0" encoding="UTF-8" standalone="yes"?>
<Root xmlns:xsi="http://www.w3.org/2001/XMLSchema-instance">
	<Row>
		<款>  </款>
		<科目名稱>合                          計</科目名稱>
		<稅課收入>1250100000</稅課收入>
		<罰款及賠償收入>51062442</罰款及賠償收入>
		<規費收入>62783466</規費收入>
		<財產收入_經>8061420</財產收入_經>
		<營業盈餘及事業收入>260988317</營業盈餘及事業收入>
		<捐獻及贈與收入>0</捐獻及贈與收入>
		<其他收入>11050184</其他收入>
		<財產收入_資>85385815</財產收入_資>
		<合計>1729431644</合計>
	</Row>
	<Row>
		<款>1</款>
		<科目名稱>總統府主管</科目名稱>
		<稅課收入>-</稅課收入>
		<罰款及賠償收入>6000</罰款及賠償收入>
		<規費收入>145403</規費收入>
		<財產收入_經>6675</財產收入_經>
		<營業盈餘及事業收入>-</營業盈餘及事業收入>
		<捐獻及贈與收入>-</捐獻及贈與收入>
		<其他收入>6203</其他收入>
		<財產收入_資>-</財產收入_資>
		<合計>164281</合計>
	</Row>
	<Row>
		<款>2</款>
		<科目名稱>行政院主管</科目名稱>
		<稅課收入>-</稅課收入>
		<罰款及賠償收入>296985</罰款及賠償收入>
		<規費收入>7047016</規費收入>
		<財產收入_經>271187</財產收入_經>
		<營業盈餘及事業收入>190643455</營業盈餘及事業收入>
		<捐獻及贈與收入>-</捐獻及贈與收入>
		<其他收入>86700</其他收入>
		<財產收入_資>6241112</財產收入_資>
		<合計>204586455</合計>
	</Row>
	<Row>
		<款>3</款>
		<科目名稱>立法院主管</科目名稱>
		<稅課收入>-</稅課收入>
		<罰款及賠償收入>-</罰款及賠償收入>
		<規費收入>175</規費收入>
		<財產收入_經>6244</財產收入_經>
		<營業盈餘及事業收入>-</營業盈餘及事業收入>
		<捐獻及贈與收入>-</捐獻及贈與收入>
		<其他收入>1000</其他收入>
		<財產收入_資>-</財產收入_資>
		<合計>7419</合計>
	</Row>
	<Row>
		<款>4</款>
		<科目名稱>司法院主管</科目名稱>
		<稅課收入>-</稅課收入>
		<罰款及賠償收入>119233</罰款及賠償收入>
		<規費收入>8688527</規費收入>
		<財產收入_經>6742</財產收入_經>
		<營業盈餘及事業收入>-</營業盈餘及事業收入>
		<捐獻及贈與收入>-</捐獻及贈與收入>
		<其他收入>225472</其他收入>
		<財產收入_資>-</財產收入_資>
		<合計>9039974</合計>
	</Row>
	<Row>
		<款>5</款>
		<科目名稱>考試院主管</科目名稱>
		<稅課收入>-</稅課收入>
		<罰款及賠償收入>-</罰款及賠償收入>
		<規費收入>38183</規費收入>
		<財產收入_經>4468</財產收入_經>
		<營業盈餘及事業收入>-</營業盈餘及事業收入>
		<捐獻及贈與收入>-</捐獻及贈與收入>
		<其他收入>-</其他收入>
		<財產收入_資>-</財產收入_資>
		<合計>42651</合計>
	</Row>
	<Row>
		<款>6</款>
		<科目名稱>監察院主管</科目名稱>
		<稅課收入>-</稅課收入>
		<罰款及賠償收入>12200</罰款及賠償收入>
		<規費收入>834</規費收入>
		<財產收入_經>226</財產收入_經>
		<營業盈餘及事業收入>-</營業盈餘及事業收入>
		<捐獻及贈與收入>-</捐獻及贈與收入>
		<其他收入>10</其他收入>
		<財產收入_資>-</財產收入_資>
		<合計>13270</合計>
	</Row>
	<Row>
		<款>7</款>
		<科目名稱>內政部主管</科目名稱>
		<稅課收入>-</稅課收入>
		<罰款及賠償收入>211349</罰款及賠償收入>
		<規費收入>2187748</規費收入>
		<財產收入_經>45992</財產收入_經>
		<營業盈餘及事業收入>2889279</營業盈餘及事業收入>
		<捐獻及贈與收入>-</捐獻及贈與收入>
		<其他收入>985814</其他收入>
		<財產收入_資>6250</財產收入_資>
		<合計>6326432</合計>
	</Row>
	<Row>
		<款>8</款>
		<科目名稱>外交部主管</科目名稱>
		<稅課收入>-</稅課收入>
		<罰款及賠償收入>1800</罰款及賠償收入>
		<規費收入>3400812</規費收入>
		<財產收入_經>43500</財產收入_經>
		<營業盈餘及事業收入>-</營業盈餘及事業收入>
		<捐獻及贈與收入>-</捐獻及贈與收入>
		<其他收入>580220</其他收入>
		<財產收入_資>-</財產收入_資>
		<合計>4026332</合計>
	</Row>
	<Row>
		<款>9</款>
		<科目名稱>國防部主管</科目名稱>
		<稅課收入>-</稅課收入>
		<罰款及賠償收入>25505270</罰款及賠償收入>
		<規費收入>51644</規費收入>
		<財產收入_經>528831</財產收入_經>
		<營業盈餘及事業收入>2148192</營業盈餘及事業收入>
		<捐獻及贈與收入>-</捐獻及贈與收入>
		<其他收入>1988846</其他收入>
		<財產收入_資>-</財產收入_資>
		<合計>30222783</合計>
	</Row>
	<Row>
		<款>10</款>
		<科目名稱>財政部主管</科目名稱>
		<稅課收入>1250100000</稅課收入>
		<罰款及賠償收入>11518485</罰款及賠償收入>
		<規費收入>1363193</規費收入>
		<財產收入_經>5296594</財產收入_經>
		<營業盈餘及事業收入>18623191</營業盈餘及事業收入>
		<捐獻及贈與收入>-</捐獻及贈與收入>
		<其他收入>3419253</其他收入>
		<財產收入_資>59673456</財產收入_資>
		<合計>1349994172</合計>
	</Row>
	<Row>
		<款>11</款>
		<科目名稱>教育部主管</科目名稱>
		<稅課收入>-</稅課收入>
		<罰款及賠償收入>12470</罰款及賠償收入>
		<規費收入>57510</規費收入>
		<財產收入_經>10460</財產收入_經>
		<營業盈餘及事業收入>-</營業盈餘及事業收入>
		<捐獻及贈與收入>-</捐獻及贈與收入>
		<其他收入>849404</其他收入>
		<財產收入_資>-</財產收入_資>
		<合計>929844</合計>
	</Row>
	<Row>
		<款>12</款>
		<科目名稱>法務部主管</科目名稱>
		<稅課收入>-</稅課收入>
		<罰款及賠償收入>6990123</罰款及賠償收入>
		<規費收入>20865</規費收入>
		<財產收入_經>14486</財產收入_經>
		<營業盈餘及事業收入>-</營業盈餘及事業收入>
		<捐獻及贈與收入>-</捐獻及贈與收入>
		<其他收入>184501</其他收入>
		<財產收入_資>-</財產收入_資>
		<合計>7209975</合計>
	</Row>
	<Row>
		<款>13</款>
		<科目名稱>經濟部主管</科目名稱>
		<稅課收入>-</稅課收入>
		<罰款及賠償收入>164854</罰款及賠償收入>
		<規費收入>5407443</規費收入>
		<財產收入_經>1409239</財產收入_經>
		<營業盈餘及事業收入>11267205</營業盈餘及事業收入>
		<捐獻及贈與收入>-</捐獻及贈與收入>
		<其他收入>672887</其他收入>
		<財產收入_資>18336556</財產收入_資>
		<合計>37258184</合計>
	</Row>
	<Row>
		<款>14</款>
		<科目名稱>交通部主管</科目名稱>
		<稅課收入>-</稅課收入>
		<罰款及賠償收入>5688215</罰款及賠償收入>
		<規費收入>31782131</規費收入>
		<財產收入_經>128266</財產收入_經>
		<營業盈餘及事業收入>34693725</營業盈餘及事業收入>
		<捐獻及贈與收入>-</捐獻及贈與收入>
		<其他收入>398076</其他收入>
		<財產收入_資>1128441</財產收入_資>
		<合計>73818854</合計>
	</Row>
	<Row>
		<款>15</款>
		<科目名稱>蒙藏委員會主管</科目名稱>
		<稅課收入>-</稅課收入>
		<罰款及賠償收入>-</罰款及賠償收入>
		<規費收入>15</規費收入>
		<財產收入_經>-</財產收入_經>
		<營業盈餘及事業收入>-</營業盈餘及事業收入>
		<捐獻及贈與收入>-</捐獻及贈與收入>
		<其他收入>-</其他收入>
		<財產收入_資>-</財產收入_資>
		<合計>15</合計>
	</Row>
	<Row>
		<款>16</款>
		<科目名稱>僑務委員會主管</科目名稱>
		<稅課收入>-</稅課收入>
		<罰款及賠償收入>-</罰款及賠償收入>
		<規費收入>9245</規費收入>
		<財產收入_經>16674</財產收入_經>
		<營業盈餘及事業收入>-</營業盈餘及事業收入>
		<捐獻及贈與收入>-</捐獻及贈與收入>
		<其他收入>-</其他收入>
		<財產收入_資>-</財產收入_資>
		<合計>25919</合計>
	</Row>
	<Row>
		<款>17</款>
		<科目名稱>國軍退除役官兵輔導委員會主管</科目名稱>
		<稅課收入>-</稅課收入>
		<罰款及賠償收入>5950</罰款及賠償收入>
		<規費收入>136330</規費收入>
		<財產收入_經>13926</財產收入_經>
		<營業盈餘及事業收入>-</營業盈餘及事業收入>
		<捐獻及贈與收入>-</捐獻及贈與收入>
		<其他收入>1120962</其他收入>
		<財產收入_資>-</財產收入_資>
		<合計>1277168</合計>
	</Row>
	<Row>
		<款>18</款>
		<科目名稱>國家科學委員會主管</科目名稱>
		<稅課收入>-</稅課收入>
		<罰款及賠償收入>19101</罰款及賠償收入>
		<規費收入>58512</規費收入>
		<財產收入_經>37868</財產收入_經>
		<營業盈餘及事業收入>-</營業盈餘及事業收入>
		<捐獻及贈與收入>-</捐獻及贈與收入>
		<其他收入>67420</其他收入>
		<財產收入_資>-</財產收入_資>
		<合計>182901</合計>
	</Row>
	<Row>
		<款>19</款>
		<科目名稱>原子能委員會主管</科目名稱>
		<稅課收入>-</稅課收入>
		<罰款及賠償收入>6876</罰款及賠償收入>
		<規費收入>343647</規費收入>
		<財產收入_經>5864</財產收入_經>
		<營業盈餘及事業收入>-</營業盈餘及事業收入>
		<捐獻及贈與收入>-</捐獻及贈與收入>
		<其他收入>-</其他收入>
		<財產收入_資>-</財產收入_資>
		<合計>356387</合計>
	</Row>
	<Row>
		<款>20</款>
		<科目名稱>農業委員會主管</科目名稱>
		<稅課收入>-</稅課收入>
		<罰款及賠償收入>140057</罰款及賠償收入>
		<規費收入>437730</規費收入>
		<財產收入_經>195329</財產收入_經>
		<營業盈餘及事業收入>603270</營業盈餘及事業收入>
		<捐獻及贈與收入>-</捐獻及贈與收入>
		<其他收入>386249</其他收入>
		<財產收入_資>-</財產收入_資>
		<合計>1762635</合計>
	</Row>
	<Row>
		<款>21</款>
		<科目名稱>勞工委員會主管</科目名稱>
		<稅課收入>-</稅課收入>
		<罰款及賠償收入>223894</罰款及賠償收入>
		<規費收入>497421</規費收入>
		<財產收入_經>10852</財產收入_經>
		<營業盈餘及事業收入>-</營業盈餘及事業收入>
		<捐獻及贈與收入>-</捐獻及贈與收入>
		<其他收入>46</其他收入>
		<財產收入_資>-</財產收入_資>
		<合計>732213</合計>
	</Row>
	<Row>
		<款>22</款>
		<科目名稱>衛生署主管</科目名稱>
		<稅課收入>-</稅課收入>
		<罰款及賠償收入>38771</罰款及賠償收入>
		<規費收入>1059449</規費收入>
		<財產收入_經>750</財產收入_經>
		<營業盈餘及事業收入>120000</營業盈餘及事業收入>
		<捐獻及贈與收入>-</捐獻及贈與收入>
		<其他收入>15077</其他收入>
		<財產收入_資>-</財產收入_資>
		<合計>1234047</合計>
	</Row>
	<Row>
		<款>23</款>
		<科目名稱>環境保護署主管</科目名稱>
		<稅課收入>-</稅課收入>
		<罰款及賠償收入>90665</罰款及賠償收入>
		<規費收入>42486</規費收入>
		<財產收入_經>405</財產收入_經>
		<營業盈餘及事業收入>-</營業盈餘及事業收入>
		<捐獻及贈與收入>-</捐獻及贈與收入>
		<其他收入>61644</其他收入>
		<財產收入_資>-</財產收入_資>
		<合計>195200</合計>
	</Row>
	<Row>
		<款>24</款>
		<科目名稱>海岸巡防署主管</科目名稱>
		<稅課收入>-</稅課收入>
		<罰款及賠償收入>10144</罰款及賠償收入>
		<規費收入>418</規費收入>
		<財產收入_經>6842</財產收入_經>
		<營業盈餘及事業收入>-</營業盈餘及事業收入>
		<捐獻及贈與收入>-</捐獻及贈與收入>
		<其他收入>-</其他收入>
		<財產收入_資>-</財產收入_資>
		<合計>17404</合計>
	</Row>
	<Row>
		<款>25</款>
		<科目名稱>省市地方政府</科目名稱>
		<稅課收入>-</稅課收入>
		<罰款及賠償收入>-</罰款及賠償收入>
		<規費收入>6729</規費收入>
		<財產收入_經>-</財產收入_經>
		<營業盈餘及事業收入>-</營業盈餘及事業收入>
		<捐獻及贈與收入>-</捐獻及贈與收入>
		<其他收入>400</其他收入>
		<財產收入_資>-</財產收入_資>
		<合計>7129</合計>
	</Row>
</Root>