<?xml version="1.0" encoding="UTF-8" standalone="yes"?>
<Root xmlns:xsi="http://www.w3.org/2001/XMLSchema-instance">
	<Row>
		<科目名稱>合      計</科目名稱>
		<本年度預算數>1938637325</本年度預算數>
		<上年度預算數>1788411931</上年度預算數>
		<前年度決算數>1654428466</前年度決算數>
		<本年度與上年度比較>150225394</本年度與上年度比較>
		<款>  </款>
	</Row>
	<Row>
		<科目名稱>總統府主管</科目名稱>
		<本年度預算數>14230741</本年度預算數>
		<上年度預算數>14179166</上年度預算數>
		<前年度決算數>12165300</前年度決算數>
		<本年度與上年度比較>51575</本年度與上年度比較>
		<款>1</款>
	</Row>
	<Row>
		<科目名稱>行政院主管</科目名稱>
		<本年度預算數>49084300</本年度預算數>
		<上年度預算數>45414173</上年度預算數>
		<前年度決算數>40193037</前年度決算數>
		<本年度與上年度比較>3670127</本年度與上年度比較>
		<款>2</款>
	</Row>
	<Row>
		<科目名稱>立法院主管</科目名稱>
		<本年度預算數>3739306</本年度預算數>
		<上年度預算數>3514208</上年度預算數>
		<前年度決算數>3390869</前年度決算數>
		<本年度與上年度比較>225098</本年度與上年度比較>
		<款>3</款>
	</Row>
	<Row>
		<科目名稱>司法院主管</科目名稱>
		<本年度預算數>21061390</本年度預算數>
		<上年度預算數>19341773</上年度預算數>
		<前年度決算數>17634976</前年度決算數>
		<本年度與上年度比較>1719617</本年度與上年度比較>
		<款>4</款>
	</Row>
	<Row>
		<科目名稱>考試院主管</科目名稱>
		<本年度預算數>23305053</本年度預算數>
		<上年度預算數>20835863</上年度預算數>
		<前年度決算數>21229024</前年度決算數>
		<本年度與上年度比較>2469190</本年度與上年度比較>
		<款>5</款>
	</Row>
	<Row>
		<科目名稱>監察院主管</科目名稱>
		<本年度預算數>2145053</本年度預算數>
		<上年度預算數>2091479</上年度預算數>
		<前年度決算數>2036777</前年度決算數>
		<本年度與上年度比較>53574</本年度與上年度比較>
		<款>6</款>
	</Row>
	<Row>
		<科目名稱>內政部主管</科目名稱>
		<本年度預算數>172010532</本年度預算數>
		<上年度預算數>137717969</上年度預算數>
		<前年度決算數>131283196</前年度決算數>
		<本年度與上年度比較>34292563</本年度與上年度比較>
		<款>7</款>
	</Row>
	<Row>
		<科目名稱>外交部主管</科目名稱>
		<本年度預算數>27659986</本年度預算數>
		<上年度預算數>29456239</上年度預算數>
		<前年度決算數>26508872</前年度決算數>
		<本年度與上年度比較>-1796253</本年度與上年度比較>
		<款>8</款>
	</Row>
	<Row>
		<科目名稱>國防部主管</科目名稱>
		<本年度預算數>317250599</本年度預算數>
		<上年度預算數>294588344</上年度預算數>
		<前年度決算數>287710342</前年度決算數>
		<本年度與上年度比較>22662255</本年度與上年度比較>
		<款>9</款>
	</Row>
	<Row>
		<科目名稱>財政部主管</科目名稱>
		<本年度預算數>200871035</本年度預算數>
		<上年度預算數>202221288</上年度預算數>
		<前年度決算數>172759314</前年度決算數>
		<本年度與上年度比較>-1350253</本年度與上年度比較>
		<款>10</款>
	</Row>
	<Row>
		<科目名稱>教育部主管</科目名稱>
		<本年度預算數>192582888</本年度預算數>
		<上年度預算數>182845708</上年度預算數>
		<前年度決算數>167710740</前年度決算數>
		<本年度與上年度比較>9737180</本年度與上年度比較>
		<款>11</款>
	</Row>
	<Row>
		<科目名稱>法務部主管</科目名稱>
		<本年度預算數>29492731</本年度預算數>
		<上年度預算數>27949781</上年度預算數>
		<前年度決算數>27180361</前年度決算數>
		<本年度與上年度比較>1542950</本年度與上年度比較>
		<款>12</款>
	</Row>
	<Row>
		<科目名稱>經濟部主管</科目名稱>
		<本年度預算數>59467104</本年度預算數>
		<上年度預算數>55018896</上年度預算數>
		<前年度決算數>56670391</前年度決算數>
		<本年度與上年度比較>4448208</本年度與上年度比較>
		<款>13</款>
	</Row>
	<Row>
		<科目名稱>交通部主管</科目名稱>
		<本年度預算數>107062982</本年度預算數>
		<上年度預算數>82185608</上年度預算數>
		<前年度決算數>64550547</前年度決算數>
		<本年度與上年度比較>24877374</本年度與上年度比較>
		<款>14</款>
	</Row>
	<Row>
		<科目名稱>蒙藏委員會主管</科目名稱>
		<本年度預算數>139548</本年度預算數>
		<上年度預算數>157827</上年度預算數>
		<前年度決算數>142188</前年度決算數>
		<本年度與上年度比較>-18279</本年度與上年度比較>
		<款>15</款>
	</Row>
	<Row>
		<科目名稱>僑務委員會主管</科目名稱>
		<本年度預算數>1403502</本年度預算數>
		<上年度預算數>1539302</上年度預算數>
		<前年度決算數>1434388</前年度決算數>
		<本年度與上年度比較>-135800</本年度與上年度比較>
		<款>16</款>
	</Row>
	<Row>
		<科目名稱>國軍退除役官兵輔導委員會主管</科目名稱>
		<本年度預算數>132615980</本年度預算數>
		<上年度預算數>131121330</上年度預算數>
		<前年度決算數>132729978</前年度決算數>
		<本年度與上年度比較>1494650</本年度與上年度比較>
		<款>17</款>
	</Row>
	<Row>
		<科目名稱>國家科學委員會主管</科目名稱>
		<本年度預算數>45325659</本年度預算數>
		<上年度預算數>42859869</上年度預算數>
		<前年度決算數>41432663</前年度決算數>
		<本年度與上年度比較>2465790</本年度與上年度比較>
		<款>18</款>
	</Row>
	<Row>
		<科目名稱>原子能委員會主管</科目名稱>
		<本年度預算數>3132218</本年度預算數>
		<上年度預算數>3027639</上年度預算數>
		<前年度決算數>3121475</前年度決算數>
		<本年度與上年度比較>104579</本年度與上年度比較>
		<款>19</款>
	</Row>
	<Row>
		<科目名稱>農業委員會主管</科目名稱>
		<本年度預算數>117315311</本年度預算數>
		<上年度預算數>95661138</上年度預算數>
		<前年度決算數>104789993</前年度決算數>
		<本年度與上年度比較>21654173</本年度與上年度比較>
		<款>20</款>
	</Row>
	<Row>
		<科目名稱>勞工委員會主管</科目名稱>
		<本年度預算數>89934015</本年度預算數>
		<上年度預算數>80074640</上年度預算數>
		<前年度決算數>65945751</前年度決算數>
		<本年度與上年度比較>9859375</本年度與上年度比較>
		<款>21</款>
	</Row>
	<Row>
		<科目名稱>衛生署主管</科目名稱>
		<本年度預算數>80805734</本年度預算數>
		<上年度預算數>69417202</上年度預算數>
		<前年度決算數>64018792</前年度決算數>
		<本年度與上年度比較>11388532</本年度與上年度比較>
		<款>22</款>
	</Row>
	<Row>
		<科目名稱>環境保護署主管</科目名稱>
		<本年度預算數>5941457</本年度預算數>
		<上年度預算數>6365769</上年度預算數>
		<前年度決算數>7632178</前年度決算數>
		<本年度與上年度比較>-424312</本年度與上年度比較>
		<款>23</款>
	</Row>
	<Row>
		<科目名稱>海岸巡防署主管</科目名稱>
		<本年度預算數>13727468</本年度預算數>
		<上年度預算數>13721900</上年度預算數>
		<前年度決算數>12961412</前年度決算數>
		<本年度與上年度比較>5568</本年度與上年度比較>
		<款>24</款>
	</Row>
	<Row>
		<科目名稱>省市地方政府</科目名稱>
		<本年度預算數>218332733</本年度預算數>
		<上年度預算數>212296869</上年度預算數>
		<前年度決算數>189195901</前年度決算數>
		<本年度與上年度比較>6035864</本年度與上年度比較>
		<款>25</款>
	</Row>
	<Row>
		<科目名稱>調整軍公教人員待遇準備</科目名稱>
		<本年度預算數>-</本年度預算數>
		<上年度預算數>4807951</上年度預算數>
		<前年度決算數>-</前年度決算數>
		<本年度與上年度比較>-4807951</本年度與上年度比較>
		<款>26</款>
	</Row>
	<Row>
		<科目名稱>災害準備金</科目名稱>
		<本年度預算數>2000000</本年度預算數>
		<上年度預算數>2000000</上年度預算數>
		<前年度決算數>-</前年度決算數>
		<本年度與上年度比較>-</本年度與上年度比較>
		<款>27</款>
	</Row>
	<Row>
		<科目名稱>第二預備金</科目名稱>
		<本年度預算數>8000000</本年度預算數>
		<上年度預算數>8000000</上年度預算數>
		<前年度決算數>-</前年度決算數>
		<本年度與上年度比較>-</本年度與上年度比較>
		<款>28</款>
	</Row>
</Root>