<?xml version="1.0" encoding="UTF-8" standalone="yes"?>
<Root xmlns:xsi="http://www.w3.org/2001/XMLSchema-instance">
	<Row>
		<款>  </款>
		<項>  </項>
		<目>  </目>
		<科目名稱>合          計</科目名稱>
		<經常門>1644045829</經常門>
		<資本門>85385815</資本門>
		<合計>1729431644</合計>
		<百分比>100</百分比>
	</Row>
	<Row>
		<款>  </款>
		<項>  </項>
		<目>  </目>
		<科目名稱>(1. 稅課收入)</科目名稱>
		<經常門>1250100000</經常門>
		<資本門>0</資本門>
		<合計>1250100000</合計>
		<百分比>72.283863</百分比>
	</Row>
	<Row>
		<款>1</款>
		<項>  </項>
		<目>  </目>
		<科目名稱>稅課收入</科目名稱>
		<經常門>1250100000</經常門>
		<資本門>0</資本門>
		<合計>1250100000</合計>
		<百分比>72.283863</百分比>
	</Row>
	<Row>
		<款>1</款>
		<項>  </項>
		<目>1</目>
		<科目名稱>所得稅</科目名稱>
		<經常門>635131000</經常門>
		<資本門>0</資本門>
		<合計>635131000</合計>
		<百分比>36.72484</百分比>
	</Row>
	<Row>
		<款>1</款>
		<項>  </項>
		<目>2</目>
		<科目名稱>遺產及贈與稅</科目名稱>
		<經常門>10650000</經常門>
		<資本門>0</資本門>
		<合計>10650000</合計>
		<百分比>0.615809</百分比>
	</Row>
	<Row>
		<款>1</款>
		<項>  </項>
		<目>3</目>
		<科目名稱>關稅</科目名稱>
		<經常門>97600000</經常門>
		<資本門>0</資本門>
		<合計>97600000</合計>
		<百分比>5.643473</百分比>
	</Row>
	<Row>
		<款>1</款>
		<項>  </項>
		<目>4</目>
		<科目名稱>貨物稅</科目名稱>
		<經常門>153650000</經常門>
		<資本門>0</資本門>
		<合計>153650000</合計>
		<百分比>8.884422</百分比>
	</Row>
	<Row>
		<款>1</款>
		<項>  </項>
		<目>5</目>
		<科目名稱>證券交易稅</科目名稱>
		<經常門>126500000</經常門>
		<資本門>0</資本門>
		<合計>126500000</合計>
		<百分比>7.314542</百分比>
	</Row>
	<Row>
		<款>1</款>
		<項>  </項>
		<目>6</目>
		<科目名稱>礦區稅</科目名稱>
		<經常門>0</經常門>
		<資本門>0</資本門>
		<合計>0</合計>
		<百分比>0</百分比>
	</Row>
	<Row>
		<款>1</款>
		<項>  </項>
		<目>7</目>
		<科目名稱>期貨交易稅</科目名稱>
		<經常門>5953000</經常門>
		<資本門>0</資本門>
		<合計>5953000</合計>
		<百分比>0.344217</百分比>
	</Row>
	<Row>
		<款>1</款>
		<項>  </項>
		<目>8</目>
		<科目名稱>菸酒稅</科目名稱>
		<經常門>39437000</經常門>
		<資本門>0</資本門>
		<合計>39437000</合計>
		<百分比>2.280345</百分比>
	</Row>
	<Row>
		<款>1</款>
		<項>  </項>
		<目>9</目>
		<科目名稱>營業稅</科目名稱>
		<經常門>181179000</經常門>
		<資本門>0</資本門>
		<合計>181179000</合計>
		<百分比>10.476216</百分比>
	</Row>
	<Row>
		<款>  </款>
		<項>  </項>
		<目>  </目>
		<科目名稱>(3. 規費及罰款收入)</科目名稱>
		<經常門>113845908</經常門>
		<資本門>0</資本門>
		<合計>113845908</合計>
		<百分比>6.582851</百分比>
	</Row>
	<Row>
		<款>2</款>
		<項>  </項>
		<目>  </目>
		<科目名稱>罰款及賠償收入</科目名稱>
		<經常門>51062442</經常門>
		<資本門>0</資本門>
		<合計>51062442</合計>
		<百分比>2.952556</百分比>
	</Row>
	<Row>
		<款>2</款>
		<項>  </項>
		<目>1</目>
		<科目名稱>罰金罰鍰及怠金</科目名稱>
		<經常門>23535747</經常門>
		<資本門>0</資本門>
		<合計>23535747</合計>
		<百分比>1.360895</百分比>
	</Row>
	<Row>
		<款>2</款>
		<項>  </項>
		<目>2</目>
		<科目名稱>沒入及沒收財物</科目名稱>
		<經常門>1595323</經常門>
		<資本門>0</資本門>
		<合計>1595323</合計>
		<百分比>0.092246</百分比>
	</Row>
	<Row>
		<款>2</款>
		<項>  </項>
		<目>3</目>
		<科目名稱>賠償收入</科目名稱>
		<經常門>25931372</經常門>
		<資本門>0</資本門>
		<合計>25931372</合計>
		<百分比>1.499416</百分比>
	</Row>
	<Row>
		<款>3</款>
		<項>  </項>
		<目>  </目>
		<科目名稱>規費收入</科目名稱>
		<經常門>62783466</經常門>
		<資本門>0</資本門>
		<合計>62783466</合計>
		<百分比>3.630295</百分比>
	</Row>
	<Row>
		<款>3</款>
		<項>  </項>
		<目>1</目>
		<科目名稱>行政規費收入</科目名稱>
		<經常門>21987379</經常門>
		<資本門>0</資本門>
		<合計>21987379</合計>
		<百分比>1.271364</百分比>
	</Row>
	<Row>
		<款>3</款>
		<項>  </項>
		<目>2</目>
		<科目名稱>司法規費收入</科目名稱>
		<經常門>8617074</經常門>
		<資本門>0</資本門>
		<合計>8617074</合計>
		<百分比>0.49826</百分比>
	</Row>
	<Row>
		<款>3</款>
		<項>  </項>
		<目>3</目>
		<科目名稱>使用規費收入</科目名稱>
		<經常門>32179013</經常門>
		<資本門>0</資本門>
		<合計>32179013</合計>
		<百分比>1.86067</百分比>
	</Row>
	<Row>
		<款>  </款>
		<項>  </項>
		<目>  </目>
		<科目名稱>(4. 財產收入)</科目名稱>
		<經常門>8061420</經常門>
		<資本門>85385815</資本門>
		<合計>93447235</合計>
		<百分比>5.403349</百分比>
	</Row>
	<Row>
		<款>4</款>
		<項>  </項>
		<目>  </目>
		<科目名稱>財產收入</科目名稱>
		<經常門>8061420</經常門>
		<資本門>85385815</資本門>
		<合計>93447235</合計>
		<百分比>5.403349</百分比>
	</Row>
	<Row>
		<款>4</款>
		<項>  </項>
		<目>1</目>
		<科目名稱>財產孳息</科目名稱>
		<經常門>7666560</經常門>
		<資本門>0</資本門>
		<合計>7666560</合計>
		<百分比>0.443299</百分比>
	</Row>
	<Row>
		<款>4</款>
		<項>  </項>
		<目>2</目>
		<科目名稱>財產售價</科目名稱>
		<經常門>0</經常門>
		<資本門>49963389</資本門>
		<合計>49963389</合計>
		<百分比>2.889006</百分比>
	</Row>
	<Row>
		<款>4</款>
		<項>  </項>
		<目>3</目>
		<科目名稱>財產作價</科目名稱>
		<經常門>0</經常門>
		<資本門>9766317</資本門>
		<合計>9766317</合計>
		<百分比>0.564713</百分比>
	</Row>
	<Row>
		<款>4</款>
		<項>  </項>
		<目>4</目>
		<科目名稱>投資收回</科目名稱>
		<經常門>0</經常門>
		<資本門>25656109</資本門>
		<合計>25656109</合計>
		<百分比>1.483499</百分比>
	</Row>
	<Row>
		<款>4</款>
		<項>  </項>
		<目>5</目>
		<科目名稱>廢舊物資售價</科目名稱>
		<經常門>394860</經常門>
		<資本門>0</資本門>
		<合計>394860</合計>
		<百分比>0.022832</百分比>
	</Row>
	<Row>
		<款>  </款>
		<項>  </項>
		<目>  </目>
		<科目名稱>(2. 營業盈餘及事業收入)</科目名稱>
		<經常門>260988317</經常門>
		<資本門>0</資本門>
		<合計>260988317</合計>
		<百分比>15.090988</百分比>
	</Row>
	<Row>
		<款>5</款>
		<項>  </項>
		<目>  </目>
		<科目名稱>營業盈餘及事業收入</科目名稱>
		<經常門>260988317</經常門>
		<資本門>0</資本門>
		<合計>260988317</合計>
		<百分比>15.090988</百分比>
	</Row>
	<Row>
		<款>5</款>
		<項>  </項>
		<目>1</目>
		<科目名稱>營業基金盈餘繳庫</科目名稱>
		<經常門>211153495</經常門>
		<資本門>0</資本門>
		<合計>211153495</合計>
		<百分比>12.209415</百分比>
	</Row>
	<Row>
		<款>5</款>
		<項>  </項>
		<目>2</目>
		<科目名稱>非營業特種基金賸餘繳庫</科目名稱>
		<經常門>24637872</經常門>
		<資本門>0</資本門>
		<合計>24637872</合計>
		<百分比>1.424622</百分比>
	</Row>
	<Row>
		<款>5</款>
		<項>  </項>
		<目>3</目>
		<科目名稱>投資收益</科目名稱>
		<經常門>25196950</經常門>
		<資本門>0</資本門>
		<合計>25196950</合計>
		<百分比>1.45695</百分比>
	</Row>
	<Row>
		<款>  </款>
		<項>  </項>
		<目>  </目>
		<科目名稱>(5. 其他收入)</科目名稱>
		<經常門>11050184</經常門>
		<資本門>0</資本門>
		<合計>11050184</合計>
		<百分比>0.638949</百分比>
	</Row>
	<Row>
		<款>6</款>
		<項>  </項>
		<目>  </目>
		<科目名稱>捐獻及贈與收入</科目名稱>
		<經常門>0</經常門>
		<資本門>0</資本門>
		<合計>0</合計>
		<百分比>0</百分比>
	</Row>
	<Row>
		<款>6</款>
		<項>  </項>
		<目>1</目>
		<科目名稱>捐獻收入</科目名稱>
		<經常門>0</經常門>
		<資本門>0</資本門>
		<合計>0</合計>
		<百分比>0</百分比>
	</Row>
	<Row>
		<款>7</款>
		<項>  </項>
		<目>  </目>
		<科目名稱>其他收入</科目名稱>
		<經常門>11050184</經常門>
		<資本門>0</資本門>
		<合計>11050184</合計>
		<百分比>0.638949</百分比>
	</Row>
	<Row>
		<款>7</款>
		<項>  </項>
		<目>1</目>
		<科目名稱>學雜費收入</科目名稱>
		<經常門>133239</經常門>
		<資本門>0</資本門>
		<合計>133239</合計>
		<百分比>0.007704</百分比>
	</Row>
	<Row>
		<款>7</款>
		<項>  </項>
		<目>2</目>
		<科目名稱>雜項收入</科目名稱>
		<經常門>10916945</經常門>
		<資本門>0</資本門>
		<合計>10916945</合計>
		<百分比>0.631245</百分比>
	</Row>
</Root>