<?xml version="1.0" encoding="UTF-8" standalone="yes"?>
<Root xmlns:xsi="http://www.w3.org/2001/XMLSchema-instance">
	<Row>
		<款>  </款>
		<科目名稱>合          計</科目名稱>
		<本年度預算數>325274107</本年度預算數>
		<上年度預算數>267979083</上年度預算數>
		<前年度決算數>244997276</前年度決算數>
		<本年度與上年度比較>57295024</本年度與上年度比較>
	</Row>
	<Row>
		<款>  </款>
		<科目名稱>(1. 一般政務支出)</科目名稱>
		<本年度預算數>17487341</本年度預算數>
		<上年度預算數>17475504</上年度預算數>
		<前年度決算數>14238301</前年度決算數>
		<本年度與上年度比較>11837</本年度與上年度比較>
	</Row>
	<Row>
		<款>1</款>
		<科目名稱>國務支出</科目名稱>
		<本年度預算數>34333</本年度預算數>
		<上年度預算數>38727</上年度預算數>
		<前年度決算數>34971</前年度決算數>
		<本年度與上年度比較>-4394</本年度與上年度比較>
	</Row>
	<Row>
		<款>2</款>
		<科目名稱>行政支出</科目名稱>
		<本年度預算數>697811</本年度預算數>
		<上年度預算數>887110</上年度預算數>
		<前年度決算數>1003684</前年度決算數>
		<本年度與上年度比較>-189299</本年度與上年度比較>
	</Row>
	<Row>
		<款>3</款>
		<科目名稱>立法支出</科目名稱>
		<本年度預算數>398164</本年度預算數>
		<上年度預算數>298318</上年度預算數>
		<前年度決算數>300707</前年度決算數>
		<本年度與上年度比較>99846</本年度與上年度比較>
	</Row>
	<Row>
		<款>4</款>
		<科目名稱>司法支出</科目名稱>
		<本年度預算數>3935211</本年度預算數>
		<上年度預算數>2646697</上年度預算數>
		<前年度決算數>1756957</前年度決算數>
		<本年度與上年度比較>1288514</本年度與上年度比較>
	</Row>
	<Row>
		<款>5</款>
		<科目名稱>考試支出</科目名稱>
		<本年度預算數>67105</本年度預算數>
		<上年度預算數>49533</上年度預算數>
		<前年度決算數>120515</前年度決算數>
		<本年度與上年度比較>17572</本年度與上年度比較>
	</Row>
	<Row>
		<款>6</款>
		<科目名稱>監察支出</科目名稱>
		<本年度預算數>74268</本年度預算數>
		<上年度預算數>71833</上年度預算數>
		<前年度決算數>81863</前年度決算數>
		<本年度與上年度比較>2435</本年度與上年度比較>
	</Row>
	<Row>
		<款>7</款>
		<科目名稱>民政支出</科目名稱>
		<本年度預算數>9162975</本年度預算數>
		<上年度預算數>9994385</上年度預算數>
		<前年度決算數>8853776</前年度決算數>
		<本年度與上年度比較>-831410</本年度與上年度比較>
	</Row>
	<Row>
		<款>8</款>
		<科目名稱>外交支出</科目名稱>
		<本年度預算數>621469</本年度預算數>
		<上年度預算數>728465</上年度預算數>
		<前年度決算數>672081</前年度決算數>
		<本年度與上年度比較>-106996</本年度與上年度比較>
	</Row>
	<Row>
		<款>9</款>
		<科目名稱>財務支出</科目名稱>
		<本年度預算數>2418043</本年度預算數>
		<上年度預算數>2551564</上年度預算數>
		<前年度決算數>1266142</前年度決算數>
		<本年度與上年度比較>-133521</本年度與上年度比較>
	</Row>
	<Row>
		<款>10</款>
		<科目名稱>邊政支出</科目名稱>
		<本年度預算數>3773</本年度預算數>
		<上年度預算數>23530</上年度預算數>
		<前年度決算數>3995</前年度決算數>
		<本年度與上年度比較>-19757</本年度與上年度比較>
	</Row>
	<Row>
		<款>11</款>
		<科目名稱>僑務支出</科目名稱>
		<本年度預算數>74189</本年度預算數>
		<上年度預算數>185342</上年度預算數>
		<前年度決算數>143609</前年度決算數>
		<本年度與上年度比較>-111153</本年度與上年度比較>
	</Row>
	<Row>
		<款>  </款>
		<科目名稱>(2. 國防支出)</科目名稱>
		<本年度預算數>13348390</本年度預算數>
		<上年度預算數>11602795</上年度預算數>
		<前年度決算數>13227029</前年度決算數>
		<本年度與上年度比較>1745595</本年度與上年度比較>
	</Row>
	<Row>
		<款>12</款>
		<科目名稱>國防支出</科目名稱>
		<本年度預算數>13348390</本年度預算數>
		<上年度預算數>11602795</上年度預算數>
		<前年度決算數>13227029</前年度決算數>
		<本年度與上年度比較>1745595</本年度與上年度比較>
	</Row>
	<Row>
		<款>  </款>
		<科目名稱>(3. 教育科學文化支出)</科目名稱>
		<本年度預算數>85395232</本年度預算數>
		<上年度預算數>82070434</上年度預算數>
		<前年度決算數>84628486</前年度決算數>
		<本年度與上年度比較>3324798</本年度與上年度比較>
	</Row>
	<Row>
		<款>13</款>
		<科目名稱>教育支出</科目名稱>
		<本年度預算數>31376205</本年度預算數>
		<上年度預算數>30951326</上年度預算數>
		<前年度決算數>32585872</前年度決算數>
		<本年度與上年度比較>424879</本年度與上年度比較>
	</Row>
	<Row>
		<款>14</款>
		<科目名稱>科學支出</科目名稱>
		<本年度預算數>43342671</本年度預算數>
		<上年度預算數>41900455</上年度預算數>
		<前年度決算數>43138579</前年度決算數>
		<本年度與上年度比較>1442216</本年度與上年度比較>
	</Row>
	<Row>
		<款>15</款>
		<科目名稱>文化支出</科目名稱>
		<本年度預算數>10676356</本年度預算數>
		<上年度預算數>9218653</上年度預算數>
		<前年度決算數>8904035</前年度決算數>
		<本年度與上年度比較>1457703</本年度與上年度比較>
	</Row>
	<Row>
		<款>  </款>
		<科目名稱>(4. 經濟發展支出)</科目名稱>
		<本年度預算數>188705403</本年度預算數>
		<上年度預算數>147057796</上年度預算數>
		<前年度決算數>124517048</前年度決算數>
		<本年度與上年度比較>41647607</本年度與上年度比較>
	</Row>
	<Row>
		<款>16</款>
		<科目名稱>農業支出</科目名稱>
		<本年度預算數>31076630</本年度預算數>
		<上年度預算數>20841855</上年度預算數>
		<前年度決算數>26030087</前年度決算數>
		<本年度與上年度比較>10234775</本年度與上年度比較>
	</Row>
	<Row>
		<款>17</款>
		<科目名稱>工業支出</科目名稱>
		<本年度預算數>5607665</本年度預算數>
		<上年度預算數>4000089</上年度預算數>
		<前年度決算數>3470661</前年度決算數>
		<本年度與上年度比較>1607576</本年度與上年度比較>
	</Row>
	<Row>
		<款>18</款>
		<科目名稱>交通支出</科目名稱>
		<本年度預算數>111638391</本年度預算數>
		<上年度預算數>78711699</上年度預算數>
		<前年度決算數>56849670</前年度決算數>
		<本年度與上年度比較>32926692</本年度與上年度比較>
	</Row>
	<Row>
		<款>19</款>
		<科目名稱>其他經濟服務支出</科目名稱>
		<本年度預算數>40382717</本年度預算數>
		<上年度預算數>43504153</上年度預算數>
		<前年度決算數>38166631</前年度決算數>
		<本年度與上年度比較>-3121436</本年度與上年度比較>
	</Row>
	<Row>
		<款>  </款>
		<科目名稱>(5. 社會福利支出)</科目名稱>
		<本年度預算數>2838374</本年度預算數>
		<上年度預算數>3138882</上年度預算數>
		<前年度決算數>3433830</前年度決算數>
		<本年度與上年度比較>-300508</本年度與上年度比較>
	</Row>
	<Row>
		<款>20</款>
		<科目名稱>社會保險支出</科目名稱>
		<本年度預算數>301370</本年度預算數>
		<上年度預算數>330915</上年度預算數>
		<前年度決算數>662489</前年度決算數>
		<本年度與上年度比較>-29545</本年度與上年度比較>
	</Row>
	<Row>
		<款>21</款>
		<科目名稱>社會救助支出</科目名稱>
		<本年度預算數>15687</本年度預算數>
		<上年度預算數>12030</上年度預算數>
		<前年度決算數>45186</前年度決算數>
		<本年度與上年度比較>3657</本年度與上年度比較>
	</Row>
	<Row>
		<款>22</款>
		<科目名稱>福利服務支出</科目名稱>
		<本年度預算數>1185589</本年度預算數>
		<上年度預算數>1104208</上年度預算數>
		<前年度決算數>1634664</前年度決算數>
		<本年度與上年度比較>81381</本年度與上年度比較>
	</Row>
	<Row>
		<款>23</款>
		<科目名稱>國民就業支出</科目名稱>
		<本年度預算數>100426</本年度預算數>
		<上年度預算數>13536</上年度預算數>
		<前年度決算數>19052</前年度決算數>
		<本年度與上年度比較>86890</本年度與上年度比較>
	</Row>
	<Row>
		<款>24</款>
		<科目名稱>醫療保健支出</科目名稱>
		<本年度預算數>1235302</本年度預算數>
		<上年度預算數>1678193</上年度預算數>
		<前年度決算數>1072438</前年度決算數>
		<本年度與上年度比較>-442891</本年度與上年度比較>
	</Row>
	<Row>
		<款>  </款>
		<科目名稱>(6. 社區發展及環境保護支出)</科目名稱>
		<本年度預算數>13406452</本年度預算數>
		<上年度預算數>2544610</上年度預算數>
		<前年度決算數>4371339</前年度決算數>
		<本年度與上年度比較>10861842</本年度與上年度比較>
	</Row>
	<Row>
		<款>25</款>
		<科目名稱>環境保護支出</科目名稱>
		<本年度預算數>13406452</本年度預算數>
		<上年度預算數>2544610</上年度預算數>
		<前年度決算數>3671339</前年度決算數>
		<本年度與上年度比較>10861842</本年度與上年度比較>
	</Row>
	<Row>
		<款>26</款>
		<科目名稱>社區發展支出</科目名稱>
		<本年度預算數>-</本年度預算數>
		<上年度預算數>-</上年度預算數>
		<前年度決算數>700000</前年度決算數>
		<本年度與上年度比較>-</本年度與上年度比較>
	</Row>
	<Row>
		<款>  </款>
		<科目名稱>(7. 退休撫卹支出)</科目名稱>
		<本年度預算數>20422</本年度預算數>
		<上年度預算數>15827</上年度預算數>
		<前年度決算數>17933</前年度決算數>
		<本年度與上年度比較>4595</本年度與上年度比較>
	</Row>
	<Row>
		<款>27</款>
		<科目名稱>退休撫卹給付支出</科目名稱>
		<本年度預算數>-</本年度預算數>
		<上年度預算數>-</上年度預算數>
		<前年度決算數>-</前年度決算數>
		<本年度與上年度比較>-</本年度與上年度比較>
	</Row>
	<Row>
		<款>28</款>
		<科目名稱>退休撫卹業務支出</科目名稱>
		<本年度預算數>20422</本年度預算數>
		<上年度預算數>15827</上年度預算數>
		<前年度決算數>17933</前年度決算數>
		<本年度與上年度比較>4595</本年度與上年度比較>
	</Row>
	<Row>
		<款>  </款>
		<科目名稱>(8. 債務支出)</科目名稱>
		<本年度預算數>-</本年度預算數>
		<上年度預算數>-</上年度預算數>
		<前年度決算數>-</前年度決算數>
		<本年度與上年度比較>-</本年度與上年度比較>
	</Row>
	<Row>
		<款>29</款>
		<科目名稱>債務付息支出</科目名稱>
		<本年度預算數>-</本年度預算數>
		<上年度預算數>-</上年度預算數>
		<前年度決算數>-</前年度決算數>
		<本年度與上年度比較>-</本年度與上年度比較>
	</Row>
	<Row>
		<款>30</款>
		<科目名稱>還本付息事務支出</科目名稱>
		<本年度預算數>-</本年度預算數>
		<上年度預算數>-</上年度預算數>
		<前年度決算數>-</前年度決算數>
		<本年度與上年度比較>-</本年度與上年度比較>
	</Row>
	<Row>
		<款>  </款>
		<科目名稱>(9. 一般補助及其他支出)</科目名稱>
		<本年度預算數>4072493</本年度預算數>
		<上年度預算數>4073235</上年度預算數>
		<前年度決算數>563310</前年度決算數>
		<本年度與上年度比較>-742</本年度與上年度比較>
	</Row>
	<Row>
		<款>31</款>
		<科目名稱>專案補助支出</科目名稱>
		<本年度預算數>72493</本年度預算數>
		<上年度預算數>73235</上年度預算數>
		<前年度決算數>563310</前年度決算數>
		<本年度與上年度比較>-742</本年度與上年度比較>
	</Row>
	<Row>
		<款>32</款>
		<科目名稱>平衡預算補助支出</科目名稱>
		<本年度預算數>-</本年度預算數>
		<上年度預算數>-</上年度預算數>
		<前年度決算數>-</前年度決算數>
		<本年度與上年度比較>-</本年度與上年度比較>
	</Row>
	<Row>
		<款>33</款>
		<科目名稱>其他支出</科目名稱>
		<本年度預算數>1500000</本年度預算數>
		<上年度預算數>1500000</上年度預算數>
		<前年度決算數>-</前年度決算數>
		<本年度與上年度比較>0</本年度與上年度比較>
	</Row>
	<Row>
		<款>34</款>
		<科目名稱>第二預備金</科目名稱>
		<本年度預算數>2500000</本年度預算數>
		<上年度預算數>2500000</上年度預算數>
		<前年度決算數>-</前年度決算數>
		<本年度與上年度比較>0</本年度與上年度比較>
	</Row>
</Root>