<?xml version="1.0" encoding="UTF-8" standalone="yes"?>
<Root xmlns:xsi="http://www.w3.org/2001/XMLSchema-instance">
	<Row>
		<款>  </款>
		<科目名稱>合                        計</科目名稱>
		<土地>4907174</土地>
		<房屋建築>19534818</房屋建築>
		<公共建設>64675461</公共建設>
		<機械設備>5639808</機械設備>
		<運輸設備>2942330</運輸設備>
		<資訊設備>9858770</資訊設備>
		<什項設備>3717019</什項設備>
		<權利>13224</權利>
		<投資>71892591</投資>
		<其它資本支出>142092912</其它資本支出>
		<合計>325274107</合計>
	</Row>
	<Row>
		<款>1</款>
		<科目名稱>總統府主管</科目名稱>
		<土地>375300</土地>
		<房屋建築>1147372</房屋建築>
		<公共建設>535500</公共建設>
		<機械設備>1067800</機械設備>
		<運輸設備>126</運輸設備>
		<資訊設備>302831</資訊設備>
		<什項設備>242029</什項設備>
		<權利>-</權利>
		<投資>-</投資>
		<其它資本支出>-</其它資本支出>
		<合計>3670958</合計>
	</Row>
	<Row>
		<款>2</款>
		<科目名稱>行政院主管</科目名稱>
		<土地>163260</土地>
		<房屋建築>4037487</房屋建築>
		<公共建設>892677</公共建設>
		<機械設備>31092</機械設備>
		<運輸設備>27340</運輸設備>
		<資訊設備>780574</資訊設備>
		<什項設備>497608</什項設備>
		<權利>3041</權利>
		<投資>4340165</投資>
		<其它資本支出>6088548</其它資本支出>
		<合計>16861792</合計>
	</Row>
	<Row>
		<款>3</款>
		<科目名稱>立法院主管</科目名稱>
		<土地>-</土地>
		<房屋建築>42500</房屋建築>
		<公共建設>-</公共建設>
		<機械設備>-</機械設備>
		<運輸設備>5250</運輸設備>
		<資訊設備>240454</資訊設備>
		<什項設備>109960</什項設備>
		<權利>-</權利>
		<投資>-</投資>
		<其它資本支出>-</其它資本支出>
		<合計>398164</合計>
	</Row>
	<Row>
		<款>4</款>
		<科目名稱>司法院主管</科目名稱>
		<土地>-</土地>
		<房屋建築>1589111</房屋建築>
		<公共建設>-</公共建設>
		<機械設備>3311</機械設備>
		<運輸設備>40437</運輸設備>
		<資訊設備>187911</資訊設備>
		<什項設備>100501</什項設備>
		<權利>-</權利>
		<投資>-</投資>
		<其它資本支出>208142</其它資本支出>
		<合計>2129413</合計>
	</Row>
	<Row>
		<款>5</款>
		<科目名稱>考試院主管</科目名稱>
		<土地>-</土地>
		<房屋建築>18003</房屋建築>
		<公共建設>-</公共建設>
		<機械設備>-</機械設備>
		<運輸設備>6100</運輸設備>
		<資訊設備>45992</資訊設備>
		<什項設備>17185</什項設備>
		<權利>-</權利>
		<投資>-</投資>
		<其它資本支出>-</其它資本支出>
		<合計>87280</合計>
	</Row>
	<Row>
		<款>6</款>
		<科目名稱>監察院主管</科目名稱>
		<土地>-</土地>
		<房屋建築>32746</房屋建築>
		<公共建設>-</公共建設>
		<機械設備>-</機械設備>
		<運輸設備>9350</運輸設備>
		<資訊設備>26771</資訊設備>
		<什項設備>5401</什項設備>
		<權利>-</權利>
		<投資>-</投資>
		<其它資本支出>-</其它資本支出>
		<合計>74268</合計>
	</Row>
	<Row>
		<款>7</款>
		<科目名稱>內政部主管</科目名稱>
		<土地>87840</土地>
		<房屋建築>3676926</房屋建築>
		<公共建設>5694758</公共建設>
		<機械設備>258635</機械設備>
		<運輸設備>187779</運輸設備>
		<資訊設備>1284757</資訊設備>
		<什項設備>349474</什項設備>
		<權利>-</權利>
		<投資>-</投資>
		<其它資本支出>18721763</其它資本支出>
		<合計>30261932</合計>
	</Row>
	<Row>
		<款>8</款>
		<科目名稱>外交部主管</科目名稱>
		<土地>-</土地>
		<房屋建築>336577</房屋建築>
		<公共建設>-</公共建設>
		<機械設備>3196</機械設備>
		<運輸設備>39150</運輸設備>
		<資訊設備>82152</資訊設備>
		<什項設備>70697</什項設備>
		<權利>-</權利>
		<投資>-</投資>
		<其它資本支出>85919</其它資本支出>
		<合計>617691</合計>
	</Row>
	<Row>
		<款>9</款>
		<科目名稱>國防部主管</科目名稱>
		<土地>512972</土地>
		<房屋建築>67344</房屋建築>
		<公共建設>53106</公共建設>
		<機械設備>2501040</機械設備>
		<運輸設備>74981</運輸設備>
		<資訊設備>1920653</資訊設備>
		<什項設備>1006423</什項設備>
		<權利>-</權利>
		<投資>7254000</投資>
		<其它資本支出>-</其它資本支出>
		<合計>13390519</合計>
	</Row>
	<Row>
		<款>10</款>
		<科目名稱>財政部主管</科目名稱>
		<土地>100</土地>
		<房屋建築>215296</房屋建築>
		<公共建設>-</公共建設>
		<機械設備>36383</機械設備>
		<運輸設備>4621</運輸設備>
		<資訊設備>2514471</資訊設備>
		<什項設備>101552</什項設備>
		<權利>-</權利>
		<投資>2650526</投資>
		<其它資本支出>933</其它資本支出>
		<合計>5523882</合計>
	</Row>
	<Row>
		<款>11</款>
		<科目名稱>教育部主管</科目名稱>
		<土地>-</土地>
		<房屋建築>2061447</房屋建築>
		<公共建設>4950</公共建設>
		<機械設備>20455</機械設備>
		<運輸設備>2346</運輸設備>
		<資訊設備>135527</資訊設備>
		<什項設備>248637</什項設備>
		<權利>10000</權利>
		<投資>7593694</投資>
		<其它資本支出>13600754</其它資本支出>
		<合計>23677810</合計>
	</Row>
	<Row>
		<款>12</款>
		<科目名稱>法務部主管</科目名稱>
		<土地>-</土地>
		<房屋建築>1443442</房屋建築>
		<公共建設>-</公共建設>
		<機械設備>104387</機械設備>
		<運輸設備>24332</運輸設備>
		<資訊設備>165110</資訊設備>
		<什項設備>331789</什項設備>
		<權利>-</權利>
		<投資>-</投資>
		<其它資本支出>-</其它資本支出>
		<合計>2069060</合計>
	</Row>
	<Row>
		<款>13</款>
		<科目名稱>經濟部主管</科目名稱>
		<土地>3627702</土地>
		<房屋建築>1220286</房屋建築>
		<公共建設>7691506</公共建設>
		<機械設備>236272</機械設備>
		<運輸設備>26274</運輸設備>
		<資訊設備>348580</資訊設備>
		<什項設備>127902</什項設備>
		<權利>-</權利>
		<投資>704762</投資>
		<其它資本支出>7255334</其它資本支出>
		<合計>21238618</合計>
	</Row>
	<Row>
		<款>14</款>
		<科目名稱>交通部主管</科目名稱>
		<土地>138000</土地>
		<房屋建築>476999</房屋建築>
		<公共建設>44402444</公共建設>
		<機械設備>392600</機械設備>
		<運輸設備>36117</運輸設備>
		<資訊設備>878496</資訊設備>
		<什項設備>79674</什項設備>
		<權利>-</權利>
		<投資>9427895</投資>
		<其它資本支出>37056261</其它資本支出>
		<合計>92888486</合計>
	</Row>
	<Row>
		<款>15</款>
		<科目名稱>蒙藏委員會主管</科目名稱>
		<土地>-</土地>
		<房屋建築>1380</房屋建築>
		<公共建設>-</公共建設>
		<機械設備>-</機械設備>
		<運輸設備>-</運輸設備>
		<資訊設備>324</資訊設備>
		<什項設備>2069</什項設備>
		<權利>-</權利>
		<投資>-</投資>
		<其它資本支出>-</其它資本支出>
		<合計>3773</合計>
	</Row>
	<Row>
		<款>16</款>
		<科目名稱>僑務委員會主管</科目名稱>
		<土地>-</土地>
		<房屋建築>58839</房屋建築>
		<公共建設>-</公共建設>
		<機械設備>160</機械設備>
		<運輸設備>-</運輸設備>
		<資訊設備>18569</資訊設備>
		<什項設備>5635</什項設備>
		<權利>-</權利>
		<投資>-</投資>
		<其它資本支出>-</其它資本支出>
		<合計>83203</合計>
	</Row>
	<Row>
		<款>17</款>
		<科目名稱>國軍退除役官兵輔導委員會主管</科目名稱>
		<土地>-</土地>
		<房屋建築>469475</房屋建築>
		<公共建設>-</公共建設>
		<機械設備>7451</機械設備>
		<運輸設備>6461</運輸設備>
		<資訊設備>39119</資訊設備>
		<什項設備>69296</什項設備>
		<權利>-</權利>
		<投資>166</投資>
		<其它資本支出>1750</其它資本支出>
		<合計>593718</合計>
	</Row>
	<Row>
		<款>18</款>
		<科目名稱>國家科學委員會主管</科目名稱>
		<土地>2000</土地>
		<房屋建築>838436</房屋建築>
		<公共建設>-</公共建設>
		<機械設備>9962</機械設備>
		<運輸設備>42</運輸設備>
		<資訊設備>63063</資訊設備>
		<什項設備>22872</什項設備>
		<權利>-</權利>
		<投資>33395460</投資>
		<其它資本支出>3151181</其它資本支出>
		<合計>37483016</合計>
	</Row>
	<Row>
		<款>19</款>
		<科目名稱>原子能委員會主管</科目名稱>
		<土地>-</土地>
		<房屋建築>5800</房屋建築>
		<公共建設>2050</公共建設>
		<機械設備>249342</機械設備>
		<運輸設備>-</運輸設備>
		<資訊設備>43208</資訊設備>
		<什項設備>79624</什項設備>
		<權利>-</權利>
		<投資>-</投資>
		<其它資本支出>25623</其它資本支出>
		<合計>405647</合計>
	</Row>
	<Row>
		<款>20</款>
		<科目名稱>農業委員會主管</科目名稱>
		<土地>-</土地>
		<房屋建築>1139900</房屋建築>
		<公共建設>5220109</公共建設>
		<機械設備>295506</機械設備>
		<運輸設備>50534</運輸設備>
		<資訊設備>277076</資訊設備>
		<什項設備>114106</什項設備>
		<權利>183</權利>
		<投資>6256000</投資>
		<其它資本支出>4999653</其它資本支出>
		<合計>18353067</合計>
	</Row>
	<Row>
		<款>21</款>
		<科目名稱>勞工委員會主管</科目名稱>
		<土地>-</土地>
		<房屋建築>-</房屋建築>
		<公共建設>-</公共建設>
		<機械設備>15113</機械設備>
		<運輸設備>3962</運輸設備>
		<資訊設備>23830</資訊設備>
		<什項設備>4835</什項設備>
		<權利>-</權利>
		<投資>-</投資>
		<其它資本支出>92459</其它資本支出>
		<合計>140199</合計>
	</Row>
	<Row>
		<款>22</款>
		<科目名稱>衛生署主管</科目名稱>
		<土地>-</土地>
		<房屋建築>540234</房屋建築>
		<公共建設>-</公共建設>
		<機械設備>168437</機械設備>
		<運輸設備>3953</運輸設備>
		<資訊設備>337728</資訊設備>
		<什項設備>57814</什項設備>
		<權利>-</權利>
		<投資>269923</投資>
		<其它資本支出>364535</其它資本支出>
		<合計>1742624</合計>
	</Row>
	<Row>
		<款>23</款>
		<科目名稱>環境保護署主管</科目名稱>
		<土地>-</土地>
		<房屋建築>-</房屋建築>
		<公共建設>-</公共建設>
		<機械設備>7791</機械設備>
		<運輸設備>5110</運輸設備>
		<資訊設備>101006</資訊設備>
		<什項設備>9105</什項設備>
		<權利>-</權利>
		<投資>-</投資>
		<其它資本支出>2367564</其它資本支出>
		<合計>2490576</合計>
	</Row>
	<Row>
		<款>24</款>
		<科目名稱>海岸巡防署主管</科目名稱>
		<土地>-</土地>
		<房屋建築>112178</房屋建築>
		<公共建設>178361</公共建設>
		<機械設備>230875</機械設備>
		<運輸設備>2388065</運輸設備>
		<資訊設備>37406</資訊設備>
		<什項設備>55683</什項設備>
		<權利>-</權利>
		<投資>-</投資>
		<其它資本支出>-</其它資本支出>
		<合計>3002568</合計>
	</Row>
	<Row>
		<款>25</款>
		<科目名稱>省市地方政府</科目名稱>
		<土地>-</土地>
		<房屋建築>3040</房屋建築>
		<公共建設>-</公共建設>
		<機械設備>-</機械設備>
		<運輸設備>-</運輸設備>
		<資訊設備>3162</資訊設備>
		<什項設備>7148</什項設備>
		<權利>-</權利>
		<投資>-</投資>
		<其它資本支出>44072493</其它資本支出>
		<合計>44085843</合計>
	</Row>
	<Row>
		<款>27</款>
		<科目名稱>災害準備金</科目名稱>
		<土地>-</土地>
		<房屋建築>-</房屋建築>
		<公共建設>-</公共建設>
		<機械設備>-</機械設備>
		<運輸設備>-</運輸設備>
		<資訊設備>-</資訊設備>
		<什項設備>-</什項設備>
		<權利>-</權利>
		<投資>-</投資>
		<其它資本支出>1500000</其它資本支出>
		<合計>1500000</合計>
	</Row>
	<Row>
		<款>28</款>
		<科目名稱>第二預備金</科目名稱>
		<土地>-</土地>
		<房屋建築>-</房屋建築>
		<公共建設>-</公共建設>
		<機械設備>-</機械設備>
		<運輸設備>-</運輸設備>
		<資訊設備>-</資訊設備>
		<什項設備>-</什項設備>
		<權利>-</權利>
		<投資>-</投資>
		<其它資本支出>2500000</其它資本支出>
		<合計>2500000</合計>
	</Row>
</Root>