<?xml version="1.0" encoding="UTF-8"?>
<GenericData>
　　<Header>
　　　　<Table Id="FNGXBWORKR" Name="基金來源、用途及餘絀表" Domain="NBA" />
　　　　<Program Id="NBAGGR040_D" />
　　　　<Sender Name="國軍營舍及設施改建基金" />
　　　　<報表名稱>國軍營舍及設施改建基金基金來源、用途及餘絀表</報表名稱>
　　　　<年度>104</年度>
　　　　<基金>國軍營舍及設施改建基金</基金>
　　　　<階段>預算案</階段>
　　　　<版本>1</版本>
　　　　<單位>新臺幣千元</單位>
　　</Header>
　　<DataSet>
　　　　<ROW>
　　　　　　<SEQNO>1</SEQNO>
　　　　　　<LEVEL>1</LEVEL>
　　　　　　<BOLD>1</BOLD>
　　　　　　<項目>基金來源</項目>
　　　　　　<本年度預算數-金額>19310096</本年度預算數-金額>
　　　　　　<本年度預算數-百分比>100.00</本年度預算數-百分比>
　　　　　　<上年度預算數-金額>4196954</上年度預算數-金額>
　　　　　　<上年度預算數-百分比>100.00</上年度預算數-百分比>
　　　　　　<前年度決算數-金額>5894021</前年度決算數-金額>
　　　　　　<前年度決算數-百分比>100.00</前年度決算數-百分比>
　　　　　　<本年度與上年度預算數比較增減-金額>15113142</本年度與上年度預算數比較增減-金額>
　　　　　　<本年度與上年度預算數比較增減-百分比>360.10</本年度與上年度預算數比較增減-百分比>
　　　　　　<備註 />
　　　　</ROW>
　　　　<ROW>
　　　　　　<SEQNO>2</SEQNO>
　　　　　　<LEVEL>2</LEVEL>
　　　　　　<BOLD>0</BOLD>
　　　　　　<項目>徵收及依法分配收入</項目>
　　　　　　<本年度預算數-金額>0</本年度預算數-金額>
　　　　　　<本年度預算數-百分比>0</本年度預算數-百分比>
　　　　　　<上年度預算數-金額>0</上年度預算數-金額>
　　　　　　<上年度預算數-百分比>0</上年度預算數-百分比>
　　　　　　<前年度決算數-金額>0</前年度決算數-金額>
　　　　　　<前年度決算數-百分比>0</前年度決算數-百分比>
　　　　　　<本年度與上年度預算數比較增減-金額>0</本年度與上年度預算數比較增減-金額>
　　　　　　<本年度與上年度預算數比較增減-百分比>0</本年度與上年度預算數比較增減-百分比>
　　　　　　<備註 />
　　　　</ROW>
　　　　<ROW>
　　　　　　<SEQNO>3</SEQNO>
　　　　　　<LEVEL>2</LEVEL>
　　　　　　<BOLD>0</BOLD>
　　　　　　<項目>債務收入</項目>
　　　　　　<本年度預算數-金額>0</本年度預算數-金額>
　　　　　　<本年度預算數-百分比>0</本年度預算數-百分比>
　　　　　　<上年度預算數-金額>0</上年度預算數-金額>
　　　　　　<上年度預算數-百分比>0</上年度預算數-百分比>
　　　　　　<前年度決算數-金額>0</前年度決算數-金額>
　　　　　　<前年度決算數-百分比>0</前年度決算數-百分比>
　　　　　　<本年度與上年度預算數比較增減-金額>0</本年度與上年度預算數比較增減-金額>
　　　　　　<本年度與上年度預算數比較增減-百分比>0</本年度與上年度預算數比較增減-百分比>
　　　　　　<備註 />
　　　　</ROW>
　　　　<ROW>
　　　　　　<SEQNO>4</SEQNO>
　　　　　　<LEVEL>2</LEVEL>
　　　　　　<BOLD>0</BOLD>
　　　　　　<項目>勞務收入</項目>
　　　　　　<本年度預算數-金額>0</本年度預算數-金額>
　　　　　　<本年度預算數-百分比>0</本年度預算數-百分比>
　　　　　　<上年度預算數-金額>0</上年度預算數-金額>
　　　　　　<上年度預算數-百分比>0</上年度預算數-百分比>
　　　　　　<前年度決算數-金額>0</前年度決算數-金額>
　　　　　　<前年度決算數-百分比>0</前年度決算數-百分比>
　　　　　　<本年度與上年度預算數比較增減-金額>0</本年度與上年度預算數比較增減-金額>
　　　　　　<本年度與上年度預算數比較增減-百分比>0</本年度與上年度預算數比較增減-百分比>
　　　　　　<備註 />
　　　　</ROW>
　　　　<ROW>
　　　　　　<SEQNO>5</SEQNO>
　　　　　　<LEVEL>2</LEVEL>
　　　　　　<BOLD>0</BOLD>
　　　　　　<項目>農政收入</項目>
　　　　　　<本年度預算數-金額>0</本年度預算數-金額>
　　　　　　<本年度預算數-百分比>0</本年度預算數-百分比>
　　　　　　<上年度預算數-金額>0</上年度預算數-金額>
　　　　　　<上年度預算數-百分比>0</上年度預算數-百分比>
　　　　　　<前年度決算數-金額>0</前年度決算數-金額>
　　　　　　<前年度決算數-百分比>0</前年度決算數-百分比>
　　　　　　<本年度與上年度預算數比較增減-金額>0</本年度與上年度預算數比較增減-金額>
　　　　　　<本年度與上年度預算數比較增減-百分比>0</本年度與上年度預算數比較增減-百分比>
　　　　　　<備註 />
　　　　</ROW>
　　　　<ROW>
　　　　　　<SEQNO>6</SEQNO>
　　　　　　<LEVEL>2</LEVEL>
　　　　　　<BOLD>0</BOLD>
　　　　　　<項目>財產收入</項目>
　　　　　　<本年度預算數-金額>1797616</本年度預算數-金額>
　　　　　　<本年度預算數-百分比>9.31</本年度預算數-百分比>
　　　　　　<上年度預算數-金額>3285258</上年度預算數-金額>
　　　　　　<上年度預算數-百分比>78.28</上年度預算數-百分比>
　　　　　　<前年度決算數-金額>908647</前年度決算數-金額>
　　　　　　<前年度決算數-百分比>15.42</前年度決算數-百分比>
　　　　　　<本年度與上年度預算數比較增減-金額>-1487642</本年度與上年度預算數比較增減-金額>
　　　　　　<本年度與上年度預算數比較增減-百分比>45.28</本年度與上年度預算數比較增減-百分比>
　　　　　　<備註 />
　　　　</ROW>
　　　　<ROW>
　　　　　　<SEQNO>7</SEQNO>
　　　　　　<LEVEL>2</LEVEL>
　　　　　　<BOLD>0</BOLD>
　　　　　　<項目>政府撥入收入</項目>
　　　　　　<本年度預算數-金額>17504364</本年度預算數-金額>
　　　　　　<本年度預算數-百分比>90.65</本年度預算數-百分比>
　　　　　　<上年度預算數-金額>909036</上年度預算數-金額>
　　　　　　<上年度預算數-百分比>21.66</上年度預算數-百分比>
　　　　　　<前年度決算數-金額>4797057</前年度決算數-金額>
　　　　　　<前年度決算數-百分比>81.39</前年度決算數-百分比>
　　　　　　<本年度與上年度預算數比較增減-金額>16595328</本年度與上年度預算數比較增減-金額>
　　　　　　<本年度與上年度預算數比較增減-百分比>1825.60</本年度與上年度預算數比較增減-百分比>
　　　　　　<備註 />
　　　　</ROW>
　　　　<ROW>
　　　　　　<SEQNO>8</SEQNO>
　　　　　　<LEVEL>2</LEVEL>
　　　　　　<BOLD>0</BOLD>
　　　　　　<項目>其他收入</項目>
　　　　　　<本年度預算數-金額>8116</本年度預算數-金額>
　　　　　　<本年度預算數-百分比>0.04</本年度預算數-百分比>
　　　　　　<上年度預算數-金額>2660</上年度預算數-金額>
　　　　　　<上年度預算數-百分比>0.06</上年度預算數-百分比>
　　　　　　<前年度決算數-金額>188317</前年度決算數-金額>
　　　　　　<前年度決算數-百分比>3.20</前年度決算數-百分比>
　　　　　　<本年度與上年度預算數比較增減-金額>5456</本年度與上年度預算數比較增減-金額>
　　　　　　<本年度與上年度預算數比較增減-百分比>205.11</本年度與上年度預算數比較增減-百分比>
　　　　　　<備註 />
　　　　</ROW>
　　　　<ROW>
　　　　　　<SEQNO>9</SEQNO>
　　　　　　<LEVEL>1</LEVEL>
　　　　　　<BOLD>1</BOLD>
　　　　　　<項目>基金用途</項目>
　　　　　　<本年度預算數-金額>4123299</本年度預算數-金額>
　　　　　　<本年度預算數-百分比>21.35</本年度預算數-百分比>
　　　　　　<上年度預算數-金額>3948266</上年度預算數-金額>
　　　　　　<上年度預算數-百分比>94.07</上年度預算數-百分比>
　　　　　　<前年度決算數-金額>6117993</前年度決算數-金額>
　　　　　　<前年度決算數-百分比>103.80</前年度決算數-百分比>
　　　　　　<本年度與上年度預算數比較增減-金額>175033</本年度與上年度預算數比較增減-金額>
　　　　　　<本年度與上年度預算數比較增減-百分比>4.43</本年度與上年度預算數比較增減-百分比>
　　　　　　<備註 />
　　　　</ROW>
　　　　<ROW>
　　　　　　<SEQNO>10</SEQNO>
　　　　　　<LEVEL>2</LEVEL>
　　　　　　<BOLD>0</BOLD>
　　　　　　<項目>博愛專案計畫</項目>
　　　　　　<本年度預算數-金額>800000</本年度預算數-金額>
　　　　　　<本年度預算數-百分比>4.14</本年度預算數-百分比>
　　　　　　<上年度預算數-金額>500000</上年度預算數-金額>
　　　　　　<上年度預算數-百分比>11.91</上年度預算數-百分比>
　　　　　　<前年度決算數-金額>932468</前年度決算數-金額>
　　　　　　<前年度決算數-百分比>15.82</前年度決算數-百分比>
　　　　　　<本年度與上年度預算數比較增減-金額>300000</本年度與上年度預算數比較增減-金額>
　　　　　　<本年度與上年度預算數比較增減-百分比>60.00</本年度與上年度預算數比較增減-百分比>
　　　　　　<備註 />
　　　　</ROW>
　　　　<ROW>
　　　　　　<SEQNO>11</SEQNO>
　　　　　　<LEVEL>2</LEVEL>
　　　　　　<BOLD>0</BOLD>
　　　　　　<項目>水湳機場遷建專案計畫</項目>
　　　　　　<本年度預算數-金額>156710</本年度預算數-金額>
　　　　　　<本年度預算數-百分比>0.81</本年度預算數-百分比>
　　　　　　<上年度預算數-金額>683300</上年度預算數-金額>
　　　　　　<上年度預算數-百分比>16.28</上年度預算數-百分比>
　　　　　　<前年度決算數-金額>959652</前年度決算數-金額>
　　　　　　<前年度決算數-百分比>16.28</前年度決算數-百分比>
　　　　　　<本年度與上年度預算數比較增減-金額>-526590</本年度與上年度預算數比較增減-金額>
　　　　　　<本年度與上年度預算數比較增減-百分比>77.07</本年度與上年度預算數比較增減-百分比>
　　　　　　<備註 />
　　　　</ROW>
　　　　<ROW>
　　　　　　<SEQNO>12</SEQNO>
　　　　　　<LEVEL>2</LEVEL>
　　　　　　<BOLD>0</BOLD>
　　　　　　<項目>老舊營舍整建計畫</項目>
　　　　　　<本年度預算數-金額>2220533</本年度預算數-金額>
　　　　　　<本年度預算數-百分比>11.50</本年度預算數-百分比>
　　　　　　<上年度預算數-金額>1479257</上年度預算數-金額>
　　　　　　<上年度預算數-百分比>35.25</上年度預算數-百分比>
　　　　　　<前年度決算數-金額>1056912</前年度決算數-金額>
　　　　　　<前年度決算數-百分比>17.93</前年度決算數-百分比>
　　　　　　<本年度與上年度預算數比較增減-金額>741276</本年度與上年度預算數比較增減-金額>
　　　　　　<本年度與上年度預算數比較增減-百分比>50.11</本年度與上年度預算數比較增減-百分比>
　　　　　　<備註 />
　　　　</ROW>
　　　　<ROW>
　　　　　　<SEQNO>13</SEQNO>
　　　　　　<LEVEL>2</LEVEL>
　　　　　　<BOLD>0</BOLD>
　　　　　　<項目>工程及設施整建計畫</項目>
　　　　　　<本年度預算數-金額>886825</本年度預算數-金額>
　　　　　　<本年度預算數-百分比>4.59</本年度預算數-百分比>
　　　　　　<上年度預算數-金額>1261289</上年度預算數-金額>
　　　　　　<上年度預算數-百分比>30.05</上年度預算數-百分比>
　　　　　　<前年度決算數-金額>3150249</前年度決算數-金額>
　　　　　　<前年度決算數-百分比>53.45</前年度決算數-百分比>
　　　　　　<本年度與上年度預算數比較增減-金額>-374464</本年度與上年度預算數比較增減-金額>
　　　　　　<本年度與上年度預算數比較增減-百分比>29.69</本年度與上年度預算數比較增減-百分比>
　　　　　　<備註 />
　　　　</ROW>
　　　　<ROW>
　　　　　　<SEQNO>14</SEQNO>
　　　　　　<LEVEL>2</LEVEL>
　　　　　　<BOLD>0</BOLD>
　　　　　　<項目>一般行政管理計畫</項目>
　　　　　　<本年度預算數-金額>59141</本年度預算數-金額>
　　　　　　<本年度預算數-百分比>0.31</本年度預算數-百分比>
　　　　　　<上年度預算數-金額>24280</上年度預算數-金額>
　　　　　　<上年度預算數-百分比>0.58</上年度預算數-百分比>
　　　　　　<前年度決算數-金額>18445</前年度決算數-金額>
　　　　　　<前年度決算數-百分比>0.31</前年度決算數-百分比>
　　　　　　<本年度與上年度預算數比較增減-金額>34861</本年度與上年度預算數比較增減-金額>
　　　　　　<本年度與上年度預算數比較增減-百分比>143.58</本年度與上年度預算數比較增減-百分比>
　　　　　　<備註 />
　　　　</ROW>
　　　　<ROW>
　　　　　　<SEQNO>15</SEQNO>
　　　　　　<LEVEL>2</LEVEL>
　　　　　　<BOLD>0</BOLD>
　　　　　　<項目>一般建築及設備計畫</項目>
　　　　　　<本年度預算數-金額>90</本年度預算數-金額>
　　　　　　<本年度預算數-百分比>0</本年度預算數-百分比>
　　　　　　<上年度預算數-金額>140</上年度預算數-金額>
　　　　　　<上年度預算數-百分比>0</上年度預算數-百分比>
　　　　　　<前年度決算數-金額>267</前年度決算數-金額>
　　　　　　<前年度決算數-百分比>0</前年度決算數-百分比>
　　　　　　<本年度與上年度預算數比較增減-金額>-50</本年度與上年度預算數比較增減-金額>
　　　　　　<本年度與上年度預算數比較增減-百分比>35.71</本年度與上年度預算數比較增減-百分比>
　　　　　　<備註 />
　　　　</ROW>
　　　　<ROW>
　　　　　　<SEQNO>16</SEQNO>
　　　　　　<LEVEL>1</LEVEL>
　　　　　　<BOLD>1</BOLD>
　　　　　　<項目>本期賸餘(短絀-)</項目>
　　　　　　<本年度預算數-金額>15186797</本年度預算數-金額>
　　　　　　<本年度預算數-百分比>78.65</本年度預算數-百分比>
　　　　　　<上年度預算數-金額>248688</上年度預算數-金額>
　　　　　　<上年度預算數-百分比>5.93</上年度預算數-百分比>
　　　　　　<前年度決算數-金額>-223972</前年度決算數-金額>
　　　　　　<前年度決算數-百分比>-3.80</前年度決算數-百分比>
　　　　　　<本年度與上年度預算數比較增減-金額>14938109</本年度與上年度預算數比較增減-金額>
　　　　　　<本年度與上年度預算數比較增減-百分比>6006.77</本年度與上年度預算數比較增減-百分比>
　　　　　　<備註 />
　　　　</ROW>
　　　　<ROW>
　　　　　　<SEQNO>17</SEQNO>
　　　　　　<LEVEL>1</LEVEL>
　　　　　　<BOLD>1</BOLD>
　　　　　　<項目>期初基金餘額</項目>
　　　　　　<本年度預算數-金額>21374189</本年度預算數-金額>
　　　　　　<本年度預算數-百分比 />
　　　　　　<上年度預算數-金額>19233891</上年度預算數-金額>
　　　　　　<上年度預算數-百分比 />
　　　　　　<前年度決算數-金額>24869446</前年度決算數-金額>
　　　　　　<前年度決算數-百分比 />
　　　　　　<本年度與上年度預算數比較增減-金額>2140298</本年度與上年度預算數比較增減-金額>
　　　　　　<本年度與上年度預算數比較增減-百分比 />
　　　　　　<備註 />
　　　　</ROW>
　　　　<ROW>
　　　　　　<SEQNO>18</SEQNO>
　　　　　　<LEVEL>1</LEVEL>
　　　　　　<BOLD>1</BOLD>
　　　　　　<項目>解繳國庫</項目>
　　　　　　<本年度預算數-金額>0</本年度預算數-金額>
　　　　　　<本年度預算數-百分比 />
　　　　　　<上年度預算數-金額>0</上年度預算數-金額>
　　　　　　<上年度預算數-百分比 />
　　　　　　<前年度決算數-金額>0</前年度決算數-金額>
　　　　　　<前年度決算數-百分比 />
　　　　　　<本年度與上年度預算數比較增減-金額>0</本年度與上年度預算數比較增減-金額>
　　　　　　<本年度與上年度預算數比較增減-百分比 />
　　　　　　<備註 />
　　　　</ROW>
　　　　<ROW>
　　　　　　<SEQNO>19</SEQNO>
　　　　　　<LEVEL>1</LEVEL>
　　　　　　<BOLD>1</BOLD>
　　　　　　<項目>期末基金餘額</項目>
　　　　　　<本年度預算數-金額>36560986</本年度預算數-金額>
　　　　　　<本年度預算數-百分比 />
　　　　　　<上年度預算數-金額>19482579</上年度預算數-金額>
　　　　　　<上年度預算數-百分比 />
　　　　　　<前年度決算數-金額>24645474</前年度決算數-金額>
　　　　　　<前年度決算數-百分比 />
　　　　　　<本年度與上年度預算數比較增減-金額>17078407</本年度與上年度預算數比較增減-金額>
　　　　　　<本年度與上年度預算數比較增減-百分比 />
　　　　　　<備註 />
　　　　</ROW>
　　</DataSet>
</GenericData>

