<?xml version="1.0" encoding="UTF-8"?>
<tables>
    <BCTMCAR>
        <BCTMCAR_row>
            <bq_fiscalyear>104</bq_fiscalyear>
            <bq_fundkind>1</bq_fundkind>
            <bq_budgetkind>1</bq_budgetkind>
            <bq_specialbudgetno/>
            <bq_agenno>23017019</bq_agenno>
            <bq_agentype>C</bq_agentype>
            <bq_budgetstate>2</bq_budgetstate>
            <bq_budgetno>35230174100</bq_budgetno>
            <bq_objectno>07351600</bq_objectno>
            <bq_carid>1</bq_carid>
            <bq_persons>1</bq_persons>
            <bq_buydate>09403</bq_buydate>
            <bq_ventsize>147</bq_ventsize>
            <bq_oilamt>528</bq_oilamt>
            <bq_oilprice>24.57</bq_oilprice>
            <bq_amt_maintain>3400.00</bq_amt_maintain>
            <bq_amt5>2516.00</bq_amt5>
            <bq_carnum>2</bq_carnum>
            <bq_remark>AQ7-620、AQ7-621。</bq_remark>
            <bq_lpgamt>0</bq_lpgamt>
            <bq_lpgprice>0.00</bq_lpgprice>
            <bq_versiondate/>
        </BCTMCAR_row>
        <BCTMCAR_row>
            <bq_fiscalyear>104</bq_fiscalyear>
            <bq_fundkind>1</bq_fundkind>
            <bq_budgetkind>1</bq_budgetkind>
            <bq_specialbudgetno/>
            <bq_agenno>23017019</bq_agenno>
            <bq_agentype>C</bq_agentype>
            <bq_budgetstate>2</bq_budgetstate>
            <bq_budgetno>35230174100</bq_budgetno>
            <bq_objectno>07351600</bq_objectno>
            <bq_carid>2</bq_carid>
            <bq_persons>1</bq_persons>
            <bq_buydate>09403</bq_buydate>
            <bq_ventsize>125</bq_ventsize>
            <bq_oilamt>792</bq_oilamt>
            <bq_oilprice>24.57</bq_oilprice>
            <bq_amt_maintain>5100.00</bq_amt_maintain>
            <bq_amt5>3324.00</bq_amt5>
            <bq_carnum>3</bq_carnum>
            <bq_remark>AQ7-616、AQ7-617、AQ7-618。</bq_remark>
            <bq_lpgamt>0</bq_lpgamt>
            <bq_lpgprice>0.00</bq_lpgprice>
            <bq_versiondate/>
        </BCTMCAR_row>
        <BCTMCAR_row>
            <bq_fiscalyear>104</bq_fiscalyear>
            <bq_fundkind>1</bq_fundkind>
            <bq_budgetkind>1</bq_budgetkind>
            <bq_specialbudgetno/>
            <bq_agenno>23017019</bq_agenno>
            <bq_agentype>C</bq_agentype>
            <bq_budgetstate>2</bq_budgetstate>
            <bq_budgetno>35230174100</bq_budgetno>
            <bq_objectno>07351600</bq_objectno>
            <bq_carid>3</bq_carid>
            <bq_persons>1</bq_persons>
            <bq_buydate>09506</bq_buydate>
            <bq_ventsize>147</bq_ventsize>
            <bq_oilamt>792</bq_oilamt>
            <bq_oilprice>24.57</bq_oilprice>
            <bq_amt_maintain>5100.00</bq_amt_maintain>
            <bq_amt5>3774.00</bq_amt5>
            <bq_carnum>3</bq_carnum>
            <bq_remark>K8B-112、K8B-113、K8B-115。</bq_remark>
            <bq_lpgamt>0</bq_lpgamt>
            <bq_lpgprice>0.00</bq_lpgprice>
            <bq_versiondate/>
        </BCTMCAR_row>
        <BCTMCAR_row>
            <bq_fiscalyear>104</bq_fiscalyear>
            <bq_fundkind>1</bq_fundkind>
            <bq_budgetkind>1</bq_budgetkind>
            <bq_specialbudgetno/>
            <bq_agenno>23017019</bq_agenno>
            <bq_agentype>C</bq_agentype>
            <bq_budgetstate>2</bq_budgetstate>
            <bq_budgetno>35230174100</bq_budgetno>
            <bq_objectno>07351600</bq_objectno>
            <bq_carid>4</bq_carid>
            <bq_persons>1</bq_persons>
            <bq_buydate>09506</bq_buydate>
            <bq_ventsize>125</bq_ventsize>
            <bq_oilamt>528</bq_oilamt>
            <bq_oilprice>24.57</bq_oilprice>
            <bq_amt_maintain>3400.00</bq_amt_maintain>
            <bq_amt5>2216.00</bq_amt5>
            <bq_carnum>2</bq_carnum>
            <bq_remark>K8B-116、K8B-117。</bq_remark>
            <bq_lpgamt>0</bq_lpgamt>
            <bq_lpgprice>0.00</bq_lpgprice>
            <bq_versiondate/>
        </BCTMCAR_row>
        <BCTMCAR_row>
            <bq_fiscalyear>104</bq_fiscalyear>
            <bq_fundkind>1</bq_fundkind>
            <bq_budgetkind>1</bq_budgetkind>
            <bq_specialbudgetno/>
            <bq_agenno>23017019</bq_agenno>
            <bq_agentype>C</bq_agentype>
            <bq_budgetstate>2</bq_budgetstate>
            <bq_budgetno>35230174100</bq_budgetno>
            <bq_objectno>07351600</bq_objectno>
            <bq_carid>5</bq_carid>
            <bq_persons>1</bq_persons>
            <bq_buydate>09607</bq_buydate>
            <bq_ventsize>125</bq_ventsize>
            <bq_oilamt>528</bq_oilamt>
            <bq_oilprice>24.57</bq_oilprice>
            <bq_amt_maintain>3400.00</bq_amt_maintain>
            <bq_amt5>2216.00</bq_amt5>
            <bq_carnum>2</bq_carnum>
            <bq_remark>5GL-955、5GL-953。</bq_remark>
            <bq_lpgamt>0</bq_lpgamt>
            <bq_lpgprice>0.00</bq_lpgprice>
            <bq_versiondate/>
        </BCTMCAR_row>
        <BCTMCAR_row>
            <bq_fiscalyear>104</bq_fiscalyear>
            <bq_fundkind>1</bq_fundkind>
            <bq_budgetkind>1</bq_budgetkind>
            <bq_specialbudgetno/>
            <bq_agenno>23017019</bq_agenno>
            <bq_agentype>C</bq_agentype>
            <bq_budgetstate>2</bq_budgetstate>
            <bq_budgetno>35230174100</bq_budgetno>
            <bq_objectno>07351600</bq_objectno>
            <bq_carid>6</bq_carid>
            <bq_persons>1</bq_persons>
            <bq_buydate>09707</bq_buydate>
            <bq_ventsize>125</bq_ventsize>
            <bq_oilamt>528</bq_oilamt>
            <bq_oilprice>24.57</bq_oilprice>
            <bq_amt_maintain>3400.00</bq_amt_maintain>
            <bq_amt5>2216.00</bq_amt5>
            <bq_carnum>2</bq_carnum>
            <bq_remark>331-DBH、332-DBH。</bq_remark>
            <bq_lpgamt>0</bq_lpgamt>
            <bq_lpgprice>0.00</bq_lpgprice>
            <bq_versiondate/>
        </BCTMCAR_row>
        <BCTMCAR_row>
            <bq_fiscalyear>104</bq_fiscalyear>
            <bq_fundkind>1</bq_fundkind>
            <bq_budgetkind>1</bq_budgetkind>
            <bq_specialbudgetno/>
            <bq_agenno>23017019</bq_agenno>
            <bq_agentype>C</bq_agentype>
            <bq_budgetstate>2</bq_budgetstate>
            <bq_budgetno>35230174100</bq_budgetno>
            <bq_objectno>07351000</bq_objectno>
            <bq_carid>643-UZ</bq_carid>
            <bq_persons>2</bq_persons>
            <bq_buydate>10007</bq_buydate>
            <bq_ventsize>4009</bq_ventsize>
            <bq_oilamt>1416</bq_oilamt>
            <bq_oilprice>22.75</bq_oilprice>
            <bq_amt_maintain>25500.00</bq_amt_maintain>
            <bq_amt5>23520.00</bq_amt5>
            <bq_carnum>1</bq_carnum>
            <bq_remark/>
            <bq_lpgamt>0</bq_lpgamt>
            <bq_lpgprice>0.00</bq_lpgprice>
            <bq_versiondate/>
        </BCTMCAR_row>
        <BCTMCAR_row>
            <bq_fiscalyear>104</bq_fiscalyear>
            <bq_fundkind>1</bq_fundkind>
            <bq_budgetkind>1</bq_budgetkind>
            <bq_specialbudgetno/>
            <bq_agenno>23017019</bq_agenno>
            <bq_agentype>C</bq_agentype>
            <bq_budgetstate>2</bq_budgetstate>
            <bq_budgetno>35230174100</bq_budgetno>
            <bq_objectno>07351600</bq_objectno>
            <bq_carid>7</bq_carid>
            <bq_persons>1</bq_persons>
            <bq_buydate>09806</bq_buydate>
            <bq_ventsize>50</bq_ventsize>
            <bq_oilamt>792</bq_oilamt>
            <bq_oilprice>24.57</bq_oilprice>
            <bq_amt_maintain>5100.00</bq_amt_maintain>
            <bq_amt5>2172.00</bq_amt5>
            <bq_carnum>3</bq_carnum>
            <bq_remark>107-QHN、108-QHN、109-QHN。</bq_remark>
            <bq_lpgamt>0</bq_lpgamt>
            <bq_lpgprice>0.00</bq_lpgprice>
            <bq_versiondate/>
        </BCTMCAR_row>
        <BCTMCAR_row>
            <bq_fiscalyear>104</bq_fiscalyear>
            <bq_fundkind>1</bq_fundkind>
            <bq_budgetkind>1</bq_budgetkind>
            <bq_specialbudgetno/>
            <bq_agenno>23017019</bq_agenno>
            <bq_agentype>C</bq_agentype>
            <bq_budgetstate>2</bq_budgetstate>
            <bq_budgetno>35230174100</bq_budgetno>
            <bq_objectno>07351600</bq_objectno>
            <bq_carid>8</bq_carid>
            <bq_persons>1</bq_persons>
            <bq_buydate>09906</bq_buydate>
            <bq_ventsize>125</bq_ventsize>
            <bq_oilamt>528</bq_oilamt>
            <bq_oilprice>24.57</bq_oilprice>
            <bq_amt_maintain>3400.00</bq_amt_maintain>
            <bq_amt5>2216.00</bq_amt5>
            <bq_carnum>2</bq_carnum>
            <bq_remark>630-EYP、631-EYP。</bq_remark>
            <bq_lpgamt>0</bq_lpgamt>
            <bq_lpgprice>0.00</bq_lpgprice>
            <bq_versiondate/>
        </BCTMCAR_row>
        <BCTMCAR_row>
            <bq_fiscalyear>104</bq_fiscalyear>
            <bq_fundkind>1</bq_fundkind>
            <bq_budgetkind>1</bq_budgetkind>
            <bq_specialbudgetno/>
            <bq_agenno>23017019</bq_agenno>
            <bq_agentype>C</bq_agentype>
            <bq_budgetstate>2</bq_budgetstate>
            <bq_budgetno>35230174100</bq_budgetno>
            <bq_objectno>07351400</bq_objectno>
            <bq_carid>898-WB</bq_carid>
            <bq_persons>20</bq_persons>
            <bq_buydate>10209</bq_buydate>
            <bq_ventsize>4009</bq_ventsize>
            <bq_oilamt>1416</bq_oilamt>
            <bq_oilprice>22.75</bq_oilprice>
            <bq_amt_maintain>8500.00</bq_amt_maintain>
            <bq_amt5>31820.00</bq_amt5>
            <bq_carnum>1</bq_carnum>
            <bq_remark/>
            <bq_lpgamt>0</bq_lpgamt>
            <bq_lpgprice>0.00</bq_lpgprice>
            <bq_versiondate/>
        </BCTMCAR_row>
        <BCTMCAR_row>
            <bq_fiscalyear>104</bq_fiscalyear>
            <bq_fundkind>1</bq_fundkind>
            <bq_budgetkind>1</bq_budgetkind>
            <bq_specialbudgetno/>
            <bq_agenno>23017019</bq_agenno>
            <bq_agentype>C</bq_agentype>
            <bq_budgetstate>2</bq_budgetstate>
            <bq_budgetno>35230174100</bq_budgetno>
            <bq_objectno>07351600</bq_objectno>
            <bq_carid>9</bq_carid>
            <bq_persons>1</bq_persons>
            <bq_buydate>10006</bq_buydate>
            <bq_ventsize>0</bq_ventsize>
            <bq_oilamt>0</bq_oilamt>
            <bq_oilprice>0.00</bq_oilprice>
            <bq_amt_maintain>5100.00</bq_amt_maintain>
            <bq_amt5>1272.00</bq_amt5>
            <bq_carnum>3</bq_carnum>
            <bq_remark>002-SFJ、003-SFJ、005-SFJ。小型輕型電動機車。</bq_remark>
            <bq_lpgamt>0</bq_lpgamt>
            <bq_lpgprice>0.00</bq_lpgprice>
            <bq_versiondate/>
        </BCTMCAR_row>
        <BCTMCAR_row>
            <bq_fiscalyear>104</bq_fiscalyear>
            <bq_fundkind>1</bq_fundkind>
            <bq_budgetkind>1</bq_budgetkind>
            <bq_specialbudgetno/>
            <bq_agenno>23017019</bq_agenno>
            <bq_agentype>C</bq_agentype>
            <bq_budgetstate>2</bq_budgetstate>
            <bq_budgetno>35230174100</bq_budgetno>
            <bq_objectno>07351500</bq_objectno>
            <bq_carid>9233-NZ</bq_carid>
            <bq_persons>6</bq_persons>
            <bq_buydate>09510</bq_buydate>
            <bq_ventsize>1998</bq_ventsize>
            <bq_oilamt>1416</bq_oilamt>
            <bq_oilprice>24.57</bq_oilprice>
            <bq_amt_maintain>51000.00</bq_amt_maintain>
            <bq_amt5>5170.00</bq_amt5>
            <bq_carnum>1</bq_carnum>
            <bq_remark>救護車。</bq_remark>
            <bq_lpgamt>0</bq_lpgamt>
            <bq_lpgprice>0.00</bq_lpgprice>
            <bq_versiondate/>
        </BCTMCAR_row>
        <BCTMCAR_row>
            <bq_fiscalyear>104</bq_fiscalyear>
            <bq_fundkind>1</bq_fundkind>
            <bq_budgetkind>1</bq_budgetkind>
            <bq_specialbudgetno/>
            <bq_agenno>23017019</bq_agenno>
            <bq_agentype>C</bq_agentype>
            <bq_budgetstate>2</bq_budgetstate>
            <bq_budgetno>35230174100</bq_budgetno>
            <bq_objectno>07351500</bq_objectno>
            <bq_carid>960-BH</bq_carid>
            <bq_persons>2</bq_persons>
            <bq_buydate>09411</bq_buydate>
            <bq_ventsize>4104</bq_ventsize>
            <bq_oilamt>1416</bq_oilamt>
            <bq_oilprice>22.75</bq_oilprice>
            <bq_amt_maintain>51000.00</bq_amt_maintain>
            <bq_amt5>2828.00</bq_amt5>
            <bq_carnum>1</bq_carnum>
            <bq_remark>消防車。</bq_remark>
            <bq_lpgamt>0</bq_lpgamt>
            <bq_lpgprice>0.00</bq_lpgprice>
            <bq_versiondate/>
        </BCTMCAR_row>
        <BCTMCAR_row>
            <bq_fiscalyear>104</bq_fiscalyear>
            <bq_fundkind>1</bq_fundkind>
            <bq_budgetkind>1</bq_budgetkind>
            <bq_specialbudgetno/>
            <bq_agenno>23017019</bq_agenno>
            <bq_agentype>C</bq_agentype>
            <bq_budgetstate>2</bq_budgetstate>
            <bq_budgetno>35230174100</bq_budgetno>
            <bq_objectno>07351500</bq_objectno>
            <bq_carid>968-TH</bq_carid>
            <bq_persons>2</bq_persons>
            <bq_buydate>09110</bq_buydate>
            <bq_ventsize>4104</bq_ventsize>
            <bq_oilamt>1416</bq_oilamt>
            <bq_oilprice>22.75</bq_oilprice>
            <bq_amt_maintain>51000.00</bq_amt_maintain>
            <bq_amt5>9050.00</bq_amt5>
            <bq_carnum>1</bq_carnum>
            <bq_remark>垃圾車。</bq_remark>
            <bq_lpgamt>0</bq_lpgamt>
            <bq_lpgprice>0.00</bq_lpgprice>
            <bq_versiondate/>
        </BCTMCAR_row>
        <BCTMCAR_row>
            <bq_fiscalyear>104</bq_fiscalyear>
            <bq_fundkind>1</bq_fundkind>
            <bq_budgetkind>1</bq_budgetkind>
            <bq_specialbudgetno/>
            <bq_agenno>23017019</bq_agenno>
            <bq_agentype>C</bq_agentype>
            <bq_budgetstate>2</bq_budgetstate>
            <bq_budgetno>35230174100</bq_budgetno>
            <bq_objectno>07350400</bq_objectno>
            <bq_carid>AGJ-5391</bq_carid>
            <bq_persons>4</bq_persons>
            <bq_buydate>10305</bq_buydate>
            <bq_ventsize>1798</bq_ventsize>
            <bq_oilamt>1416</bq_oilamt>
            <bq_oilprice>24.57</bq_oilprice>
            <bq_amt_maintain>8500.00</bq_amt_maintain>
            <bq_amt5>49410.00</bq_amt5>
            <bq_carnum>1</bq_carnum>
            <bq_remark/>
            <bq_lpgamt>0</bq_lpgamt>
            <bq_lpgprice>0.00</bq_lpgprice>
            <bq_versiondate/>
        </BCTMCAR_row>
    </BCTMCAR>
</tables>
