<?xml version="1.0" encoding="UTF-8" standalone="yes"?>
<Root xmlns:xsi="http://www.w3.org/2001/XMLSchema-instance">
	<Row>
		<款>  </款>
		<科目名稱>合                        計</科目名稱>
		<人事費>414647817</人事費>
		<業務費_經>229516254</業務費_經>
		<奬補助費_經>816961850</奬補助費_經>
		<債務費>129232207</債務費>
		<預備金_經>8098371</預備金_經>
		<經常支出小計>1598456499</經常支出小計>
		<業務費_資>634182</業務費_資>
		<設備及投資>182633545</設備及投資>
		<奬補助費_資>122343161</奬補助費_資>
		<預備金_資>3500000</預備金_資>
		<資本支出小計>309110888</資本支出小計>
		<合計>1907567387</合計>
	</Row>
	<Row>
		<款>1</款>
		<科目名稱>總統府主管</科目名稱>
		<人事費>3647193</人事費>
		<業務費_經>6235435</業務費_經>
		<奬補助費_經>536313</奬補助費_經>
		<債務費>-</債務費>
		<預備金_經>8323</預備金_經>
		<經常支出小計>10427264</經常支出小計>
		<業務費_資>-</業務費_資>
		<設備及投資>4702781</設備及投資>
		<奬補助費_資>-</奬補助費_資>
		<預備金_資>-</預備金_資>
		<資本支出小計>4702781</資本支出小計>
		<合計>15130045</合計>
	</Row>
	<Row>
		<款>2</款>
		<科目名稱>行政院主管</科目名稱>
		<人事費>7787040</人事費>
		<業務費_經>4121346</業務費_經>
		<奬補助費_經>5872258</奬補助費_經>
		<債務費>-</債務費>
		<預備金_經>33129</預備金_經>
		<經常支出小計>17813773</經常支出小計>
		<業務費_資>-</業務費_資>
		<設備及投資>4782358</設備及投資>
		<奬補助費_資>2373095</奬補助費_資>
		<預備金_資>-</預備金_資>
		<資本支出小計>7155453</資本支出小計>
		<合計>24969226</合計>
	</Row>
	<Row>
		<款>3</款>
		<科目名稱>立法院主管</科目名稱>
		<人事費>2361534</人事費>
		<業務費_經>805314</業務費_經>
		<奬補助費_經>17607</奬補助費_經>
		<債務費>-</債務費>
		<預備金_經>3000</預備金_經>
		<經常支出小計>3187455</經常支出小計>
		<業務費_資>-</業務費_資>
		<設備及投資>421087</設備及投資>
		<奬補助費_資>-</奬補助費_資>
		<預備金_資>-</預備金_資>
		<資本支出小計>421087</資本支出小計>
		<合計>3608542</合計>
	</Row>
	<Row>
		<款>4</款>
		<科目名稱>司法院主管</科目名稱>
		<人事費>15138212</人事費>
		<業務費_經>2895571</業務費_經>
		<奬補助費_經>746096</奬補助費_經>
		<債務費>-</債務費>
		<預備金_經>16014</預備金_經>
		<經常支出小計>18795893</經常支出小計>
		<業務費_資>-</業務費_資>
		<設備及投資>2372117</設備及投資>
		<奬補助費_資>209442</奬補助費_資>
		<預備金_資>-</預備金_資>
		<資本支出小計>2581559</資本支出小計>
		<合計>21377452</合計>
	</Row>
	<Row>
		<款>5</款>
		<科目名稱>考試院主管</科目名稱>
		<人事費>16313655</人事費>
		<業務費_經>385487</業務費_經>
		<奬補助費_經>7297605</奬補助費_經>
		<債務費>-</債務費>
		<預備金_經>4576</預備金_經>
		<經常支出小計>24001323</經常支出小計>
		<業務費_資>-</業務費_資>
		<設備及投資>92345</設備及投資>
		<奬補助費_資>-</奬補助費_資>
		<預備金_資>-</預備金_資>
		<資本支出小計>92345</資本支出小計>
		<合計>24093668</合計>
	</Row>
	<Row>
		<款>6</款>
		<科目名稱>監察院主管</科目名稱>
		<人事費>1802160</人事費>
		<業務費_經>191449</業務費_經>
		<奬補助費_經>4149</奬補助費_經>
		<債務費>-</債務費>
		<預備金_經>4831</預備金_經>
		<經常支出小計>2002589</經常支出小計>
		<業務費_資>-</業務費_資>
		<設備及投資>87567</設備及投資>
		<奬補助費_資>-</奬補助費_資>
		<預備金_資>-</預備金_資>
		<資本支出小計>87567</資本支出小計>
		<合計>2090156</合計>
	</Row>
	<Row>
		<款>7</款>
		<科目名稱>內政部主管</科目名稱>
		<人事費>28119069</人事費>
		<業務費_經>6693559</業務費_經>
		<奬補助費_經>107605393</奬補助費_經>
		<債務費>-</債務費>
		<預備金_經>87149</預備金_經>
		<經常支出小計>142505170</經常支出小計>
		<業務費_資>8330</業務費_資>
		<設備及投資>9530251</設備及投資>
		<奬補助費_資>15522391</奬補助費_資>
		<預備金_資>-</預備金_資>
		<資本支出小計>25060972</資本支出小計>
		<合計>167566142</合計>
	</Row>
	<Row>
		<款>8</款>
		<科目名稱>外交部主管</科目名稱>
		<人事費>7676171</人事費>
		<業務費_經>8142779</業務費_經>
		<奬補助費_經>8962646</奬補助費_經>
		<債務費>-</債務費>
		<預備金_經>176625</預備金_經>
		<經常支出小計>24958221</經常支出小計>
		<業務費_資>21932</業務費_資>
		<設備及投資>482104</設備及投資>
		<奬補助費_資>11276</奬補助費_資>
		<預備金_資>-</預備金_資>
		<資本支出小計>515312</資本支出小計>
		<合計>25473533</合計>
	</Row>
	<Row>
		<款>9</款>
		<科目名稱>國防部主管</科目名稱>
		<人事費>158141446</人事費>
		<業務費_經>140512566</業務費_經>
		<奬補助費_經>1914869</奬補助費_經>
		<債務費>-</債務費>
		<預備金_經>800000</預備金_經>
		<經常支出小計>301368881</經常支出小計>
		<業務費_資>-</業務費_資>
		<設備及投資>11325429</設備及投資>
		<奬補助費_資>-</奬補助費_資>
		<預備金_資>-</預備金_資>
		<資本支出小計>11325429</資本支出小計>
		<合計>312694310</合計>
	</Row>
	<Row>
		<款>10</款>
		<科目名稱>財政部主管</科目名稱>
		<人事費>15883060</人事費>
		<業務費_經>12859669</業務費_經>
		<奬補助費_經>31674819</奬補助費_經>
		<債務費>129232207</債務費>
		<預備金_經>23430</預備金_經>
		<經常支出小計>189673185</經常支出小計>
		<業務費_資>385</業務費_資>
		<設備及投資>2262054</設備及投資>
		<奬補助費_資>-</奬補助費_資>
		<預備金_資>-</預備金_資>
		<資本支出小計>2262439</資本支出小計>
		<合計>191935624</合計>
	</Row>
	<Row>
		<款>11</款>
		<科目名稱>教育部主管</科目名稱>
		<人事費>12869104</人事費>
		<業務費_經>4186648</業務費_經>
		<奬補助費_經>155210776</奬補助費_經>
		<債務費>-</債務費>
		<預備金_經>512797</預備金_經>
		<經常支出小計>172779325</經常支出小計>
		<業務費_資>31883</業務費_資>
		<設備及投資>8678187</設備及投資>
		<奬補助費_資>16202756</奬補助費_資>
		<預備金_資>-</預備金_資>
		<資本支出小計>24912826</資本支出小計>
		<合計>197692151</合計>
	</Row>
	<Row>
		<款>12</款>
		<科目名稱>法務部主管</科目名稱>
		<人事費>21247143</人事費>
		<業務費_經>4825874</業務費_經>
		<奬補助費_經>1445807</奬補助費_經>
		<債務費>-</債務費>
		<預備金_經>82450</預備金_經>
		<經常支出小計>27601274</經常支出小計>
		<業務費_資>-</業務費_資>
		<設備及投資>1728585</設備及投資>
		<奬補助費_資>-</奬補助費_資>
		<預備金_資>-</預備金_資>
		<資本支出小計>1728585</資本支出小計>
		<合計>29329859</合計>
	</Row>
	<Row>
		<款>13</款>
		<科目名稱>經濟部主管</科目名稱>
		<人事費>6712874</人事費>
		<業務費_經>10419217</業務費_經>
		<奬補助費_經>19584303</奬補助費_經>
		<債務費>-</債務費>
		<預備金_經>101601</預備金_經>
		<經常支出小計>36817995</經常支出小計>
		<業務費_資>162395</業務費_資>
		<設備及投資>13714184</設備及投資>
		<奬補助費_資>5602597</奬補助費_資>
		<預備金_資>-</預備金_資>
		<資本支出小計>19479176</資本支出小計>
		<合計>56297171</合計>
	</Row>
	<Row>
		<款>14</款>
		<科目名稱>交通部主管</科目名稱>
		<人事費>8489930</人事費>
		<業務費_經>3827966</業務費_經>
		<奬補助費_經>2024439</奬補助費_經>
		<債務費>-</債務費>
		<預備金_經>30819</預備金_經>
		<經常支出小計>14373154</經常支出小計>
		<業務費_資>109000</業務費_資>
		<設備及投資>65896944</設備及投資>
		<奬補助費_資>29049264</奬補助費_資>
		<預備金_資>-</預備金_資>
		<資本支出小計>95055208</資本支出小計>
		<合計>109428362</合計>
	</Row>
	<Row>
		<款>15</款>
		<科目名稱>蒙藏委員會主管</科目名稱>
		<人事費>82248</人事費>
		<業務費_經>32313</業務費_經>
		<奬補助費_經>8375</奬補助費_經>
		<債務費>-</債務費>
		<預備金_經>582</預備金_經>
		<經常支出小計>123518</經常支出小計>
		<業務費_資>-</業務費_資>
		<設備及投資>3124</設備及投資>
		<奬補助費_資>-</奬補助費_資>
		<預備金_資>-</預備金_資>
		<資本支出小計>3124</資本支出小計>
		<合計>126642</合計>
	</Row>
	<Row>
		<款>16</款>
		<科目名稱>僑務委員會主管</科目名稱>
		<人事費>318176</人事費>
		<業務費_經>657828</業務費_經>
		<奬補助費_經>272635</奬補助費_經>
		<債務費>-</債務費>
		<預備金_經>9000</預備金_經>
		<經常支出小計>1257639</經常支出小計>
		<業務費_資>-</業務費_資>
		<設備及投資>24508</設備及投資>
		<奬補助費_資>-</奬補助費_資>
		<預備金_資>-</預備金_資>
		<資本支出小計>24508</資本支出小計>
		<合計>1282147</合計>
	</Row>
	<Row>
		<款>17</款>
		<科目名稱>國軍退除役官兵輔導委員會主管</科目名稱>
		<人事費>77411507</人事費>
		<業務費_經>1281076</業務費_經>
		<奬補助費_經>44947582</奬補助費_經>
		<債務費>-</債務費>
		<預備金_經>27000</預備金_經>
		<經常支出小計>123667165</經常支出小計>
		<業務費_資>-</業務費_資>
		<設備及投資>677226</設備及投資>
		<奬補助費_資>1270</奬補助費_資>
		<預備金_資>-</預備金_資>
		<資本支出小計>678496</資本支出小計>
		<合計>124345661</合計>
	</Row>
	<Row>
		<款>18</款>
		<科目名稱>國家科學委員會主管</科目名稱>
		<人事費>1600032</人事費>
		<業務費_經>668173</業務費_經>
		<奬補助費_經>6405743</奬補助費_經>
		<債務費>-</債務費>
		<預備金_經>4510</預備金_經>
		<經常支出小計>8678458</經常支出小計>
		<業務費_資>-</業務費_資>
		<設備及投資>35784361</設備及投資>
		<奬補助費_資>1656686</奬補助費_資>
		<預備金_資>-</預備金_資>
		<資本支出小計>37441047</資本支出小計>
		<合計>46119505</合計>
	</Row>
	<Row>
		<款>19</款>
		<科目名稱>原子能委員會主管</科目名稱>
		<人事費>1717207</人事費>
		<業務費_經>893128</業務費_經>
		<奬補助費_經>26150</奬補助費_經>
		<債務費>-</債務費>
		<預備金_經>466</預備金_經>
		<經常支出小計>2636951</經常支出小計>
		<業務費_資>12942</業務費_資>
		<設備及投資>348440</設備及投資>
		<奬補助費_資>-</奬補助費_資>
		<預備金_資>-</預備金_資>
		<資本支出小計>361382</資本支出小計>
		<合計>2998333</合計>
	</Row>
	<Row>
		<款>20</款>
		<科目名稱>農業委員會主管</科目名稱>
		<人事費>7494920</人事費>
		<業務費_經>6855644</業務費_經>
		<奬補助費_經>84918832</奬補助費_經>
		<債務費>-</債務費>
		<預備金_經>70898</預備金_經>
		<經常支出小計>99340294</經常支出小計>
		<業務費_資>254061</業務費_資>
		<設備及投資>11667338</設備及投資>
		<奬補助費_資>4154629</奬補助費_資>
		<預備金_資>-</預備金_資>
		<資本支出小計>16076028</資本支出小計>
		<合計>115416322</合計>
	</Row>
	<Row>
		<款>21</款>
		<科目名稱>勞工委員會主管</科目名稱>
		<人事費>1847825</人事費>
		<業務費_經>977043</業務費_經>
		<奬補助費_經>127937129</奬補助費_經>
		<債務費>-</債務費>
		<預備金_經>10340</預備金_經>
		<經常支出小計>130772337</經常支出小計>
		<業務費_資>-</業務費_資>
		<設備及投資>42343</設備及投資>
		<奬補助費_資>114401</奬補助費_資>
		<預備金_資>-</預備金_資>
		<資本支出小計>156744</資本支出小計>
		<合計>130929081</合計>
	</Row>
	<Row>
		<款>22</款>
		<科目名稱>衛生署主管</科目名稱>
		<人事費>5259888</人事費>
		<業務費_經>5137315</業務費_經>
		<奬補助費_經>63635867</奬補助費_經>
		<債務費>-</債務費>
		<預備金_經>30100</預備金_經>
		<經常支出小計>74063170</經常支出小計>
		<業務費_資>28754</業務費_資>
		<設備及投資>1165095</設備及投資>
		<奬補助費_資>305243</奬補助費_資>
		<預備金_資>-</預備金_資>
		<資本支出小計>1499092</資本支出小計>
		<合計>75562262</合計>
	</Row>
	<Row>
		<款>23</款>
		<科目名稱>環境保護署主管</科目名稱>
		<人事費>1027119</人事費>
		<業務費_經>1252714</業務費_經>
		<奬補助費_經>603514</奬補助費_經>
		<債務費>-</債務費>
		<預備金_經>4400</預備金_經>
		<經常支出小計>2887747</經常支出小計>
		<業務費_資>4100</業務費_資>
		<設備及投資>555118</設備及投資>
		<奬補助費_資>1266637</奬補助費_資>
		<預備金_資>-</預備金_資>
		<資本支出小計>1825855</資本支出小計>
		<合計>4713602</合計>
	</Row>
	<Row>
		<款>24</款>
		<科目名稱>文化部主管</科目名稱>
		<人事費>1486298</人事費>
		<業務費_經>3580806</業務費_經>
		<奬補助費_經>5138404</奬補助費_經>
		<債務費>-</債務費>
		<預備金_經>28500</預備金_經>
		<經常支出小計>10234008</經常支出小計>
		<業務費_資>400</業務費_資>
		<設備及投資>3523956</設備及投資>
		<奬補助費_資>1825974</奬補助費_資>
		<預備金_資>-</預備金_資>
		<資本支出小計>5350330</資本支出小計>
		<合計>15584338</合計>
	</Row>
	<Row>
		<款>25</款>
		<科目名稱>海岸巡防署主管</科目名稱>
		<人事費>8824949</人事費>
		<業務費_經>1857844</業務費_經>
		<奬補助費_經>9624</奬補助費_經>
		<債務費>-</債務費>
		<預備金_經>25000</預備金_經>
		<經常支出小計>10717417</經常支出小計>
		<業務費_資>-</業務費_資>
		<設備及投資>2751313</設備及投資>
		<奬補助費_資>-</奬補助費_資>
		<預備金_資>-</預備金_資>
		<資本支出小計>2751313</資本支出小計>
		<合計>13468730</合計>
	</Row>
	<Row>
		<款>26</款>
		<科目名稱>金融監督管理委員會主管</科目名稱>
		<人事費>1117636</人事費>
		<業務費_經>128814</業務費_經>
		<奬補助費_經>906</奬補助費_經>
		<債務費>-</債務費>
		<預備金_經>2511</預備金_經>
		<經常支出小計>1249867</經常支出小計>
		<業務費_資>-</業務費_資>
		<設備及投資>2878</設備及投資>
		<奬補助費_資>-</奬補助費_資>
		<預備金_資>-</預備金_資>
		<資本支出小計>2878</資本支出小計>
		<合計>1252745</合計>
	</Row>
	<Row>
		<款>27</款>
		<科目名稱>省市地方政府</科目名稱>
		<人事費>271421</人事費>
		<業務費_經>90676</業務費_經>
		<奬補助費_經>140160009</奬補助費_經>
		<債務費>-</債務費>
		<預備金_經>320</預備金_經>
		<經常支出小計>140522426</經常支出小計>
		<業務費_資>-</業務費_資>
		<設備及投資>11852</設備及投資>
		<奬補助費_資>44047500</奬補助費_資>
		<預備金_資>-</預備金_資>
		<資本支出小計>44059352</資本支出小計>
		<合計>184581778</合計>
	</Row>
	<Row>
		<款>29</款>
		<科目名稱>災害準備金</科目名稱>
		<人事費>-</人事費>
		<業務費_經>-</業務費_經>
		<奬補助費_經>-</奬補助費_經>
		<債務費>-</債務費>
		<預備金_經>500000</預備金_經>
		<經常支出小計>500000</經常支出小計>
		<業務費_資>-</業務費_資>
		<設備及投資>-</設備及投資>
		<奬補助費_資>-</奬補助費_資>
		<預備金_資>1500000</預備金_資>
		<資本支出小計>1500000</資本支出小計>
		<合計>2000000</合計>
	</Row>
	<Row>
		<款>30</款>
		<科目名稱>第二預備金</科目名稱>
		<人事費>-</人事費>
		<業務費_經>-</業務費_經>
		<奬補助費_經>-</奬補助費_經>
		<債務費>-</債務費>
		<預備金_經>5500000</預備金_經>
		<經常支出小計>5500000</經常支出小計>
		<業務費_資>-</業務費_資>
		<設備及投資>-</設備及投資>
		<奬補助費_資>-</奬補助費_資>
		<預備金_資>2000000</預備金_資>
		<資本支出小計>2000000</資本支出小計>
		<合計>7500000</合計>
	</Row>
</Root>