<?xml version="1.0" encoding="UTF-8" standalone="yes"?>
<Root xmlns:xsi="http://www.w3.org/2001/XMLSchema-instance">
	<Row>
		<項目>一、歲入合計金額</項目>
		<中央政府_金額>1733259</中央政府_金額>
		<中央政府_百分比>100</中央政府_百分比>
		<各直轄市政府_金額>475297</各直轄市政府_金額>
		<各直轄市政府_百分比>100</各直轄市政府_百分比>
		<各縣市政府_金額>289331</各縣市政府_金額>
		<各縣市政府_百分比>100</各縣市政府_百分比>
		<合計_金額>2497887</合計_金額>
		<合計_百分比>100</合計_百分比>
	</Row>
	<Row>
		<項目>1.稅課及專賣收入</項目>
		<中央政府_金額>1280286</中央政府_金額>
		<中央政府_百分比>73.9</中央政府_百分比>
		<各直轄市政府_金額>339134</各直轄市政府_金額>
		<各直轄市政府_百分比>71.4</各直轄市政府_百分比>
		<各縣市政府_金額>184107</各縣市政府_金額>
		<各縣市政府_百分比>63.6</各縣市政府_百分比>
		<合計_金額>1803527</合計_金額>
		<合計_百分比>72.2</合計_百分比>
	</Row>
	<Row>
		<項目>2.營業盈餘及事業收入</項目>
		<中央政府_金額>253311</中央政府_金額>
		<中央政府_百分比>14.6</中央政府_百分比>
		<各直轄市政府_金額>25251</各直轄市政府_金額>
		<各直轄市政府_百分比>5.3</各直轄市政府_百分比>
		<各縣市政府_金額>17045</各縣市政府_金額>
		<各縣市政府_百分比>5.9</各縣市政府_百分比>
		<合計_金額>295607</合計_金額>
		<合計_百分比>11.8</合計_百分比>
	</Row>
	<Row>
		<項目>3.規費及罰鍰收入</項目>
		<中央政府_金額>115649</中央政府_金額>
		<中央政府_百分比>6.7</中央政府_百分比>
		<各直轄市政府_金額>37649</各直轄市政府_金額>
		<各直轄市政府_百分比>7.9</各直轄市政府_百分比>
		<各縣市政府_金額>15514</各縣市政府_金額>
		<各縣市政府_百分比>5.4</各縣市政府_百分比>
		<合計_金額>168812</合計_金額>
		<合計_百分比>6.8</合計_百分比>
	</Row>
	<Row>
		<項目>4.財產收入</項目>
		<中央政府_金額>73607</中央政府_金額>
		<中央政府_百分比>4.2</中央政府_百分比>
		<各直轄市政府_金額>40483</各直轄市政府_金額>
		<各直轄市政府_百分比>8.5</各直轄市政府_百分比>
		<各縣市政府_金額>7249</各縣市政府_金額>
		<各縣市政府_百分比>2.5</各縣市政府_百分比>
		<合計_金額>121339</合計_金額>
		<合計_百分比>4.9</合計_百分比>
	</Row>
	<Row>
		<項目>5.其他收入</項目>
		<中央政府_金額>10406</中央政府_金額>
		<中央政府_百分比>0.6</中央政府_百分比>
		<各直轄市政府_金額>32780</各直轄市政府_金額>
		<各直轄市政府_百分比>6.9</各直轄市政府_百分比>
		<各縣市政府_金額>65416</各縣市政府_金額>
		<各縣市政府_百分比>22.6</各縣市政府_百分比>
		<合計_金額>108602</合計_金額>
		<合計_百分比>4.3</合計_百分比>
	</Row>
	<Row>
		<項目>二、歲出合計金額</項目>
		<中央政府_金額>1609117</中央政府_金額>
		<中央政府_百分比>100</中央政府_百分比>
		<各直轄市政府_金額>692749</各直轄市政府_金額>
		<各直轄市政府_百分比>100</各直轄市政府_百分比>
		<各縣市政府_金額>477563</各縣市政府_金額>
		<各縣市政府_百分比>100</各縣市政府_百分比>
		<合計_金額>2779429</合計_金額>
		<合計_百分比>100</合計_百分比>
	</Row>
	<Row>
		<項目>1.一般政務支出</項目>
		<中央政府_金額>174523</中央政府_金額>
		<中央政府_百分比>10.8</中央政府_百分比>
		<各直轄市政府_金額>124753</各直轄市政府_金額>
		<各直轄市政府_百分比>18</各直轄市政府_百分比>
		<各縣市政府_金額>101244</各縣市政府_金額>
		<各縣市政府_百分比>21.2</各縣市政府_百分比>
		<合計_金額>400520</合計_金額>
		<合計_百分比>14.4</合計_百分比>
	</Row>
	<Row>
		<項目>2.國防支出</項目>
		<中央政府_金額>305451</中央政府_金額>
		<中央政府_百分比>19</中央政府_百分比>
		<各直轄市政府_金額>0</各直轄市政府_金額>
		<各直轄市政府_百分比>0</各直轄市政府_百分比>
		<各縣市政府_金額>0</各縣市政府_金額>
		<各縣市政府_百分比>0</各縣市政府_百分比>
		<合計_金額>305451</合計_金額>
		<合計_百分比>11</合計_百分比>
	</Row>
	<Row>
		<項目>3.教育科學文化支出</項目>
		<中央政府_金額>270059</中央政府_金額>
		<中央政府_百分比>16.8</中央政府_百分比>
		<各直轄市政府_金額>216687</各直轄市政府_金額>
		<各直轄市政府_百分比>31.3</各直轄市政府_百分比>
		<各縣市政府_金額>132777</各縣市政府_金額>
		<各縣市政府_百分比>27.8</各縣市政府_百分比>
		<合計_金額>619523</合計_金額>
		<合計_百分比>22.3</合計_百分比>
	</Row>
	<Row>
		<項目>4.經濟發展支出</項目>
		<中央政府_金額>196615</中央政府_金額>
		<中央政府_百分比>12.2</中央政府_百分比>
		<各直轄市政府_金額>101354</各直轄市政府_金額>
		<各直轄市政府_百分比>14.6</各直轄市政府_百分比>
		<各縣市政府_金額>89685</各縣市政府_金額>
		<各縣市政府_百分比>18.8</各縣市政府_百分比>
		<合計_金額>387654</合計_金額>
		<合計_百分比>13.9</合計_百分比>
	</Row>
	<Row>
		<項目>5.社會福利支出</項目>
		<中央政府_金額>382462</中央政府_金額>
		<中央政府_百分比>23.8</中央政府_百分比>
		<各直轄市政府_金額>139850</各直轄市政府_金額>
		<各直轄市政府_百分比>20.2</各直轄市政府_百分比>
		<各縣市政府_金額>62961</各縣市政府_金額>
		<各縣市政府_百分比>13.2</各縣市政府_百分比>
		<合計_金額>585273</合計_金額>
		<合計_百分比>21.1</合計_百分比>
	</Row>
	<Row>
		<項目>6.社區發展及環境保護支出</項目>
		<中央政府_金額>4199</中央政府_金額>
		<中央政府_百分比>0.3</中央政府_百分比>
		<各直轄市政府_金額>49134</各直轄市政府_金額>
		<各直轄市政府_百分比>7.1</各直轄市政府_百分比>
		<各縣市政府_金額>23030</各縣市政府_金額>
		<各縣市政府_百分比>4.8</各縣市政府_百分比>
		<合計_金額>76363</合計_金額>
		<合計_百分比>2.8</合計_百分比>
	</Row>
	<Row>
		<項目>7.退休撫卹支出</項目>
		<中央政府_金額>133163</中央政府_金額>
		<中央政府_百分比>8.3</中央政府_百分比>
		<各直轄市政府_金額>39265</各直轄市政府_金額>
		<各直轄市政府_百分比>5.7</各直轄市政府_百分比>
		<各縣市政府_金額>48050</各縣市政府_金額>
		<各縣市政府_百分比>10.1</各縣市政府_百分比>
		<合計_金額>220478</合計_金額>
		<合計_百分比>7.9</合計_百分比>
	</Row>
	<Row>
		<項目>8.債務支出</項目>
		<中央政府_金額>129232</中央政府_金額>
		<中央政府_百分比>8</中央政府_百分比>
		<各直轄市政府_金額>8529</各直轄市政府_金額>
		<各直轄市政府_百分比>1.2</各直轄市政府_百分比>
		<各縣市政府_金額>5267</各縣市政府_金額>
		<各縣市政府_百分比>1.1</各縣市政府_百分比>
		<合計_金額>143028</合計_金額>
		<合計_百分比>5.1</合計_百分比>
	</Row>
	<Row>
		<項目>9.一般補助及其他支出</項目>
		<中央政府_金額>13413</中央政府_金額>
		<中央政府_百分比>0.8</中央政府_百分比>
		<各直轄市政府_金額>13177</各直轄市政府_金額>
		<各直轄市政府_百分比>1.9</各直轄市政府_百分比>
		<各縣市政府_金額>14549</各縣市政府_金額>
		<各縣市政府_百分比>3</各縣市政府_百分比>
		<合計_金額>41139</合計_金額>
		<合計_百分比>1.5</合計_百分比>
	</Row>
	<Row>
		<項目>三、歲入歲出餘絀</項目>
		<中央政府_金額>124142</中央政府_金額>
		<各直轄市政府_金額>-217452</各直轄市政府_金額>
		<各縣市政府_金額>-188232</各縣市政府_金額>
		<合計_金額>-281542</合計_金額>
	</Row>
</Root>