<?xml version="1.0" encoding="UTF-8" standalone="yes"?>
<Root xmlns:xsi="http://www.w3.org/2001/XMLSchema-instance">
	<Row>
		<款>  </款>
		<科目名稱>合          計</科目名稱>
		<本年度預算數>1598456499</本年度預算數>
		<上年度預算數>1613363218</上年度預算數>
		<前年度決算數>1469553841</前年度決算數>
		<本年度與上年度比較>-14906719</本年度與上年度比較>
	</Row>
	<Row>
		<款>  </款>
		<科目名稱>(1. 一般政務支出)</科目名稱>
		<本年度預算數>163250190</本年度預算數>
		<上年度預算數>167172822</上年度預算數>
		<前年度決算數>159609555</前年度決算數>
		<本年度與上年度比較>-3922632</本年度與上年度比較>
	</Row>
	<Row>
		<款>1</款>
		<科目名稱>國務支出</科目名稱>
		<本年度預算數>1110243</本年度預算數>
		<上年度預算數>1225838</上年度預算數>
		<前年度決算數>1144074</前年度決算數>
		<本年度與上年度比較>-115595</本年度與上年度比較>
	</Row>
	<Row>
		<款>2</款>
		<科目名稱>行政支出</科目名稱>
		<本年度預算數>5601439</本年度預算數>
		<上年度預算數>6091060</上年度預算數>
		<前年度決算數>6163190</前年度決算數>
		<本年度與上年度比較>-489621</本年度與上年度比較>
	</Row>
	<Row>
		<款>3</款>
		<科目名稱>立法支出</科目名稱>
		<本年度預算數>3187455</本年度預算數>
		<上年度預算數>3341142</上年度預算數>
		<前年度決算數>3106892</前年度決算數>
		<本年度與上年度比較>-153687</本年度與上年度比較>
	</Row>
	<Row>
		<款>4</款>
		<科目名稱>司法支出</科目名稱>
		<本年度預算數>45412808</本年度預算數>
		<上年度預算數>45315732</上年度預算數>
		<前年度決算數>42826027</前年度決算數>
		<本年度與上年度比較>97076</本年度與上年度比較>
	</Row>
	<Row>
		<款>5</款>
		<科目名稱>考試支出</科目名稱>
		<本年度預算數>1459090</本年度預算數>
		<上年度預算數>1532199</上年度預算數>
		<前年度決算數>1473843</前年度決算數>
		<本年度與上年度比較>-73109</本年度與上年度比較>
	</Row>
	<Row>
		<款>6</款>
		<科目名稱>監察支出</科目名稱>
		<本年度預算數>2002589</本年度預算數>
		<上年度預算數>2070785</上年度預算數>
		<前年度決算數>1992160</前年度決算數>
		<本年度與上年度比較>-68196</本年度與上年度比較>
	</Row>
	<Row>
		<款>7</款>
		<科目名稱>民政支出</科目名稱>
		<本年度預算數>47914216</本年度預算數>
		<上年度預算數>48115987</上年度預算數>
		<前年度決算數>46400070</前年度決算數>
		<本年度與上年度比較>-201771</本年度與上年度比較>
	</Row>
	<Row>
		<款>8</款>
		<科目名稱>外交支出</科目名稱>
		<本年度預算數>24958221</本年度預算數>
		<上年度預算數>27515686</上年度預算數>
		<前年度決算數>24724287</前年度決算數>
		<本年度與上年度比較>-2557465</本年度與上年度比較>
	</Row>
	<Row>
		<款>9</款>
		<科目名稱>財務支出</科目名稱>
		<本年度預算數>30517362</本年度預算數>
		<上年度預算數>30823972</上年度預算數>
		<前年度決算數>30593797</前年度決算數>
		<本年度與上年度比較>-306610</本年度與上年度比較>
	</Row>
	<Row>
		<款>10</款>
		<科目名稱>邊政支出</科目名稱>
		<本年度預算數>123518</本年度預算數>
		<上年度預算數>135775</上年度預算數>
		<前年度決算數>125672</前年度決算數>
		<本年度與上年度比較>-12257</本年度與上年度比較>
	</Row>
	<Row>
		<款>11</款>
		<科目名稱>僑務支出</科目名稱>
		<本年度預算數>963249</本年度預算數>
		<上年度預算數>1004646</上年度預算數>
		<前年度決算數>1059544</前年度決算數>
		<本年度與上年度比較>-41397</本年度與上年度比較>
	</Row>
	<Row>
		<款>  </款>
		<科目名稱>(2. 國防支出)</科目名稱>
		<本年度預算數>294175807</本年度預算數>
		<上年度預算數>296092489</上年度預算數>
		<前年度決算數>272938239</前年度決算數>
		<本年度與上年度比較>-1916682</本年度與上年度比較>
	</Row>
	<Row>
		<款>12</款>
		<科目名稱>國防支出</科目名稱>
		<本年度預算數>294175807</本年度預算數>
		<上年度預算數>296092489</上年度預算數>
		<前年度決算數>272938239</前年度決算數>
		<本年度與上年度比較>-1916682</本年度與上年度比較>
	</Row>
	<Row>
		<款>  </款>
		<科目名稱>(3. 教育科學文化支出)</科目名稱>
		<本年度預算數>274567723</本年度預算數>
		<上年度預算數>282105738</上年度預算數>
		<前年度決算數>275805959</前年度決算數>
		<本年度與上年度比較>-7538015</本年度與上年度比較>
	</Row>
	<Row>
		<款>13</款>
		<科目名稱>教育支出</科目名稱>
		<本年度預算數>202401111</本年度預算數>
		<上年度預算數>208202177</上年度預算數>
		<前年度決算數>200021316</前年度決算數>
		<本年度與上年度比較>-5801066</本年度與上年度比較>
	</Row>
	<Row>
		<款>14</款>
		<科目名稱>科學支出</科目名稱>
		<本年度預算數>55604477</本年度預算數>
		<上年度預算數>57217830</上年度預算數>
		<前年度決算數>58487117</前年度決算數>
		<本年度與上年度比較>-1613353</本年度與上年度比較>
	</Row>
	<Row>
		<款>15</款>
		<科目名稱>文化支出</科目名稱>
		<本年度預算數>16562135</本年度預算數>
		<上年度預算數>16685731</上年度預算數>
		<前年度決算數>17297525</前年度決算數>
		<本年度與上年度比較>-123596</本年度與上年度比較>
	</Row>
	<Row>
		<款>  </款>
		<科目名稱>(4. 經濟發展支出)</科目名稱>
		<本年度預算數>82168625</本年度預算數>
		<上年度預算數>79523760</上年度預算數>
		<前年度決算數>71722579</前年度決算數>
		<本年度與上年度比較>2644865</本年度與上年度比較>
	</Row>
	<Row>
		<款>16</款>
		<科目名稱>農業支出</科目名稱>
		<本年度預算數>54928325</本年度預算數>
		<上年度預算數>49786507</上年度預算數>
		<前年度決算數>39785594</前年度決算數>
		<本年度與上年度比較>5141818</本年度與上年度比較>
	</Row>
	<Row>
		<款>17</款>
		<科目名稱>工業支出</科目名稱>
		<本年度預算數>4569262</本年度預算數>
		<上年度預算數>5131393</上年度預算數>
		<前年度決算數>9242529</前年度決算數>
		<本年度與上年度比較>-562131</本年度與上年度比較>
	</Row>
	<Row>
		<款>18</款>
		<科目名稱>交通支出</科目名稱>
		<本年度預算數>12388037</本年度預算數>
		<上年度預算數>12093049</上年度預算數>
		<前年度決算數>10050142</前年度決算數>
		<本年度與上年度比較>294988</本年度與上年度比較>
	</Row>
	<Row>
		<款>19</款>
		<科目名稱>其他經濟服務支出</科目名稱>
		<本年度預算數>10283001</本年度預算數>
		<上年度預算數>12512811</上年度預算數>
		<前年度決算數>12644314</前年度決算數>
		<本年度與上年度比較>-2229810</本年度與上年度比較>
	</Row>
	<Row>
		<款>  </款>
		<科目名稱>(5. 社會福利支出)</科目名稱>
		<本年度預算數>435371669</本年度預算數>
		<上年度預算數>432323474</上年度預算數>
		<前年度決算數>369503667</前年度決算數>
		<本年度與上年度比較>3048195</本年度與上年度比較>
	</Row>
	<Row>
		<款>20</款>
		<科目名稱>社會保險支出</科目名稱>
		<本年度預算數>296654365</本年度預算數>
		<上年度預算數>288242851</上年度預算數>
		<前年度決算數>241342352</前年度決算數>
		<本年度與上年度比較>8411514</本年度與上年度比較>
	</Row>
	<Row>
		<款>21</款>
		<科目名稱>社會救助支出</科目名稱>
		<本年度預算數>10942669</本年度預算數>
		<上年度預算數>11220926</上年度預算數>
		<前年度決算數>11450934</前年度決算數>
		<本年度與上年度比較>-278257</本年度與上年度比較>
	</Row>
	<Row>
		<款>22</款>
		<科目名稱>福利服務支出</科目名稱>
		<本年度預算數>107860446</本年度預算數>
		<上年度預算數>112810512</上年度預算數>
		<前年度決算數>96194106</前年度決算數>
		<本年度與上年度比較>-4950066</本年度與上年度比較>
	</Row>
	<Row>
		<款>23</款>
		<科目名稱>國民就業支出</科目名稱>
		<本年度預算數>1927842</本年度預算數>
		<上年度預算數>1996110</上年度預算數>
		<前年度決算數>2284416</前年度決算數>
		<本年度與上年度比較>-68268</本年度與上年度比較>
	</Row>
	<Row>
		<款>24</款>
		<科目名稱>醫療保健支出</科目名稱>
		<本年度預算數>17986347</本年度預算數>
		<上年度預算數>18053075</上年度預算數>
		<前年度決算數>18231858</前年度決算數>
		<本年度與上年度比較>-66728</本年度與上年度比較>
	</Row>
	<Row>
		<款>  </款>
		<科目名稱>(6. 社區發展及環境保護支出)</科目名稱>
		<本年度預算數>4262893</本年度預算數>
		<上年度預算數>4779900</上年度預算數>
		<前年度決算數>3918426</前年度決算數>
		<本年度與上年度比較>-517007</本年度與上年度比較>
	</Row>
	<Row>
		<款>25</款>
		<科目名稱>環境保護支出</科目名稱>
		<本年度預算數>4262893</本年度預算數>
		<上年度預算數>4779900</上年度預算數>
		<前年度決算數>3918426</前年度決算數>
		<本年度與上年度比較>-517007</本年度與上年度比較>
	</Row>
	<Row>
		<款>  </款>
		<科目名稱>(7. 退休撫卹支出)</科目名稱>
		<本年度預算數>133155626</本年度預算數>
		<上年度預算數>138446233</上年度預算數>
		<前年度決算數>138464432</前年度決算數>
		<本年度與上年度比較>-5290607</本年度與上年度比較>
	</Row>
	<Row>
		<款>26</款>
		<科目名稱>退休撫卹給付支出</科目名稱>
		<本年度預算數>132953223</本年度預算數>
		<上年度預算數>138235486</上年度預算數>
		<前年度決算數>138256420</前年度決算數>
		<本年度與上年度比較>-5282263</本年度與上年度比較>
	</Row>
	<Row>
		<款>27</款>
		<科目名稱>退休撫卹業務支出</科目名稱>
		<本年度預算數>202403</本年度預算數>
		<上年度預算數>210747</上年度預算數>
		<前年度決算數>208011</前年度決算數>
		<本年度與上年度比較>-8344</本年度與上年度比較>
	</Row>
	<Row>
		<款>  </款>
		<科目名稱>(8. 債務支出)</科目名稱>
		<本年度預算數>129232207</本年度預算數>
		<上年度預算數>130104000</上年度預算數>
		<前年度決算數>111753010</前年度決算數>
		<本年度與上年度比較>-871793</本年度與上年度比較>
	</Row>
	<Row>
		<款>28</款>
		<科目名稱>債務付息支出</科目名稱>
		<本年度預算數>128664244</本年度預算數>
		<上年度預算數>129536037</上年度預算數>
		<前年度決算數>111264010</前年度決算數>
		<本年度與上年度比較>-871793</本年度與上年度比較>
	</Row>
	<Row>
		<款>29</款>
		<科目名稱>還本付息事務支出</科目名稱>
		<本年度預算數>567963</本年度預算數>
		<上年度預算數>567963</上年度預算數>
		<前年度決算數>488999</前年度決算數>
		<本年度與上年度比較>0</本年度與上年度比較>
	</Row>
	<Row>
		<款>  </款>
		<科目名稱>(9. 一般補助及其他支出)</科目名稱>
		<本年度預算數>82271759</本年度預算數>
		<上年度預算數>82814802</上年度預算數>
		<前年度決算數>65837976</前年度決算數>
		<本年度與上年度比較>-543043</本年度與上年度比較>
	</Row>
	<Row>
		<款>30</款>
		<科目名稱>專案補助支出</科目名稱>
		<本年度預算數>50511627</本年度預算數>
		<上年度預算數>58291212</上年度預算數>
		<前年度決算數>53366077</前年度決算數>
		<本年度與上年度比較>-7779585</本年度與上年度比較>
	</Row>
	<Row>
		<款>31</款>
		<科目名稱>平衡預算補助支出</科目名稱>
		<本年度預算數>21796750</本年度預算數>
		<上年度預算數>14461726</上年度預算數>
		<前年度決算數>8635947</前年度決算數>
		<本年度與上年度比較>7335024</本年度與上年度比較>
	</Row>
	<Row>
		<款>32</款>
		<科目名稱>其他支出</科目名稱>
		<本年度預算數>4463382</本年度預算數>
		<上年度預算數>4561864</上年度預算數>
		<前年度決算數>3835952</前年度決算數>
		<本年度與上年度比較>-98482</本年度與上年度比較>
	</Row>
	<Row>
		<款>33</款>
		<科目名稱>第二預備金</科目名稱>
		<本年度預算數>5500000</本年度預算數>
		<上年度預算數>5500000</上年度預算數>
		<前年度決算數>-</前年度決算數>
		<本年度與上年度比較>0</本年度與上年度比較>
	</Row>
</Root>