<?xml version="1.0" encoding="UTF-8" standalone="yes"?>
<Root xmlns:xsi="http://www.w3.org/2001/XMLSchema-instance">
	<Row>
		<項目>一、歲入合計</項目>
		<本年度預算數>1733259058</本年度預算數>
		<百分比>100</百分比>
		<上年度預算數>1729431644</上年度預算數>
		<百分比2>100</百分比2>
		<前年度預算數>1671309223</前年度預算數>
		<百分比3>100</百分比3>
		<本年度與上年度比較>3827414</本年度與上年度比較>
		<增加率>0.2</增加率>
	</Row>
	<Row>
		<項目>1.稅課收入</項目>
		<本年度預算數>1280286000</本年度預算數>
		<百分比>73.9</百分比>
		<上年度預算數>1250100000</上年度預算數>
		<百分比2>72.3</百分比2>
		<前年度預算數>1203398430</前年度預算數>
		<百分比3>72</百分比3>
		<本年度與上年度比較>30186000</本年度與上年度比較>
		<增加率>2.4</增加率>
	</Row>
	<Row>
		<項目>2.營業盈餘及事業收入</項目>
		<本年度預算數>253311094</本年度預算數>
		<百分比>14.6</百分比>
		<上年度預算數>260988317</上年度預算數>
		<百分比2>15.1</百分比2>
		<前年度預算數>264744709</前年度預算數>
		<百分比3>15.8</百分比3>
		<本年度與上年度比較>-7677223</本年度與上年度比較>
		<增加率>-2.9</增加率>
	</Row>
	<Row>
		<項目>3.規費及罰款收入</項目>
		<本年度預算數>115649074</本年度預算數>
		<百分比>6.7</百分比>
		<上年度預算數>113845908</上年度預算數>
		<百分比2>6.6</百分比2>
		<前年度預算數>81034225</前年度預算數>
		<百分比3>4.8</百分比3>
		<本年度與上年度比較>1803166</本年度與上年度比較>
		<增加率>1.6</增加率>
	</Row>
	<Row>
		<項目>4.財產收入</項目>
		<本年度預算數>73607096</本年度預算數>
		<百分比>4.2</百分比>
		<上年度預算數>93447235</上年度預算數>
		<百分比2>5.4</百分比2>
		<前年度預算數>63996331</前年度預算數>
		<百分比3>3.8</百分比3>
		<本年度與上年度比較>-19840139</本年度與上年度比較>
		<增加率>-21.2</增加率>
	</Row>
	<Row>
		<項目>5.其他收入</項目>
		<本年度預算數>10405794</本年度預算數>
		<百分比>0.6</百分比>
		<上年度預算數>11050184</上年度預算數>
		<百分比2>0.6</百分比2>
		<前年度預算數>58135528</前年度預算數>
		<百分比3>3.5</百分比3>
		<本年度與上年度比較>-644390</本年度與上年度比較>
		<增加率>-5.8</增加率>
	</Row>
	<Row>
		<項目>二、歲出合計</項目>
		<本年度預算數>1907567387</本年度預算數>
		<百分比>100</百分比>
		<上年度預算數>1938637325</上年度預算數>
		<百分比2>100</百分比2>
		<前年度預算數>1734434203</前年度預算數>
		<百分比3>100</百分比3>
		<本年度與上年度比較>-31069938</本年度與上年度比較>
		<增加率>-1.6</增加率>
	</Row>
	<Row>
		<項目>1.一般政務支出</項目>
		<本年度預算數>178865883</本年度預算數>
		<百分比>9.4</百分比>
		<上年度預算數>184511947</上年度預算數>
		<百分比2>9.5</百分比2>
		<前年度預算數>176828268</前年度預算數>
		<百分比3>10.2</百分比3>
		<本年度與上年度比較>-5646064</本年度與上年度比較>
		<增加率>-3.1</增加率>
	</Row>
	<Row>
		<項目>2.國防支出</項目>
		<本年度預算數>305451147</本年度預算數>
		<百分比>16</百分比>
		<上年度預算數>309440879</上年度預算數>
		<百分比2>16</百分比2>
		<前年度預算數>284185302</前年度預算數>
		<百分比3>16.4</百分比3>
		<本年度與上年度比較>-3989732</本年度與上年度比較>
		<增加率>-1.3</增加率>
	</Row>
	<Row>
		<項目>3.教育科學文化支出</項目>
		<本年度預算數>359954380</本年度預算數>
		<百分比>18.9</百分比>
		<上年度預算數>367655218</上年度預算數>
		<百分比2>19</百分比2>
		<前年度預算數>359892456</前年度預算數>
		<百分比3>20.7</百分比3>
		<本年度與上年度比較>-7700838</本年度與上年度比較>
		<增加率>-2.1</增加率>
	</Row>
	<Row>
		<項目>4.經濟發展支出</項目>
		<本年度預算數>260661740</本年度預算數>
		<百分比>13.7</百分比>
		<上年度預算數>268229163</上年度預算數>
		<百分比2>13.8</百分比2>
		<前年度預算數>217005937</前年度預算數>
		<百分比3>12.5</百分比3>
		<本年度與上年度比較>-7567423</本年度與上年度比較>
		<增加率>-2.8</增加率>
	</Row>
	<Row>
		<項目>5.社會福利支出</項目>
		<本年度預算數>438040439</本年度預算數>
		<百分比>23</百分比>
		<上年度預算數>435155816</上年度預算數>
		<百分比2>22.4</百分比2>
		<前年度預算數>372472974</前年度預算數>
		<百分比3>21.5</百分比3>
		<本年度與上年度比較>2884623</本年度與上年度比較>
		<增加率>0.7</增加率>
	</Row>
	<Row>
		<項目>6.社區發展及環境保護支出</項目>
		<本年度預算數>16379037</本年度預算數>
		<百分比>0.9</百分比>
		<上年度預算數>18186352</上年度預算數>
		<百分比2>0.9</百分比2>
		<前年度預算數>6571006</前年度預算數>
		<百分比3>0.4</百分比3>
		<本年度與上年度比較>-1807315</本年度與上年度比較>
		<增加率>-9.9</增加率>
	</Row>
	<Row>
		<項目>7.退休撫卹支出</項目>
		<本年度預算數>133163295</本年度預算數>
		<百分比>7</百分比>
		<上年度預算數>138466655</上年度預算數>
		<百分比2>7.1</百分比2>
		<前年度預算數>138480246</前年度預算數>
		<百分比3>8</百分比3>
		<本年度與上年度比較>-5303360</本年度與上年度比較>
		<增加率>-3.8</增加率>
	</Row>
	<Row>
		<項目>8.債務支出</項目>
		<本年度預算數>129232207</本年度預算數>
		<百分比>6.8</百分比>
		<上年度預算數>130104000</上年度預算數>
		<百分比2>6.7</百分比2>
		<前年度預算數>111753010</前年度預算數>
		<百分比3>6.4</百分比3>
		<本年度與上年度比較>-871793</本年度與上年度比較>
		<增加率>-0.7</增加率>
	</Row>
	<Row>
		<項目>9.一般補助及其他支出</項目>
		<本年度預算數>85819259</本年度預算數>
		<百分比>4.5</百分比>
		<上年度預算數>86887295</上年度預算數>
		<百分比2>4.5</百分比2>
		<前年度預算數>67245004</前年度預算數>
		<百分比3>3.9</百分比3>
		<本年度與上年度比較>-1068036</本年度與上年度比較>
		<增加率>-1.2</增加率>
	</Row>
	<Row>
		<項目>三、歲入歲出餘絀</項目>
		<本年度預算數>-174308329</本年度預算數>
		<百分比>-10.1</百分比>
		<上年度預算數>-209205681</上年度預算數>
		<百分比2>-12.1</百分比2>
		<前年度預算數>-63124980</前年度預算數>
		<百分比3>-3.8</百分比3>
		<本年度與上年度比較>34897352</本年度與上年度比較>
		<增加率>-16.7</增加率>
	</Row>
</Root>