<?xml version="1.0" encoding="UTF-8" standalone="yes"?>
<Root xmlns:xsi="http://www.w3.org/2001/XMLSchema-instance">
	<Row>
		<款>  </款>
		<科目名稱>合          計</科目名稱>
		<本年度預算數>1907567387</本年度預算數>
		<上年度預算數>1938637325</上年度預算數>
		<前年度決算數>1734434203</前年度決算數>
		<本年度與上年度比較>-31069938</本年度與上年度比較>
	</Row>
	<Row>
		<款>  </款>
		<科目名稱>(1. 一般政務支出)</科目名稱>
		<本年度預算數>178865883</本年度預算數>
		<上年度預算數>184511947</上年度預算數>
		<前年度決算數>176828268</前年度決算數>
		<本年度與上年度比較>-5646064</本年度與上年度比較>
	</Row>
	<Row>
		<款>1</款>
		<科目名稱>國務支出</科目名稱>
		<本年度預算數>1149499</本年度預算數>
		<上年度預算數>1260171</上年度預算數>
		<前年度決算數>1177996</前年度決算數>
		<本年度與上年度比較>-110672</本年度與上年度比較>
	</Row>
	<Row>
		<款>2</款>
		<科目名稱>行政支出</科目名稱>
		<本年度預算數>6094327</本年度預算數>
		<上年度預算數>6623673</上年度預算數>
		<前年度決算數>7038006</前年度決算數>
		<本年度與上年度比較>-529346</本年度與上年度比較>
	</Row>
	<Row>
		<款>3</款>
		<科目名稱>立法支出</科目名稱>
		<本年度預算數>3608542</本年度預算數>
		<上年度預算數>3739306</上年度預算數>
		<前年度決算數>3400468</前年度決算數>
		<本年度與上年度比較>-130764</本年度與上年度比較>
	</Row>
	<Row>
		<款>4</款>
		<科目名稱>司法支出</科目名稱>
		<本年度預算數>49466735</本年度預算數>
		<上年度預算數>49250943</上年度預算數>
		<前年度決算數>45620654</前年度決算數>
		<本年度與上年度比較>215792</本年度與上年度比較>
	</Row>
	<Row>
		<款>5</款>
		<科目名稱>考試支出</科目名稱>
		<本年度預算數>1543766</本年度預算數>
		<上年度預算數>1599304</上年度預算數>
		<前年度決算數>1537658</前年度決算數>
		<本年度與上年度比較>-55538</本年度與上年度比較>
	</Row>
	<Row>
		<款>6</款>
		<科目名稱>監察支出</科目名稱>
		<本年度預算數>2090156</本年度預算數>
		<上年度預算數>2145053</上年度預算數>
		<前年度決算數>2065583</前年度決算數>
		<本年度與上年度比較>-54897</本年度與上年度比較>
	</Row>
	<Row>
		<款>7</款>
		<科目名稱>民政支出</科目名稱>
		<本年度預算數>56218084</本年度預算數>
		<上年度預算數>57278962</上年度預算數>
		<前年度決算數>55952561</前年度決算數>
		<本年度與上年度比較>-1060878</本年度與上年度比較>
	</Row>
	<Row>
		<款>8</款>
		<科目名稱>外交支出</科目名稱>
		<本年度預算數>25473533</本年度預算數>
		<上年度預算數>28151067</上年度預算數>
		<前年度決算數>25551788</前年度決算數>
		<本年度與上年度比較>-2677534</本年度與上年度比較>
	</Row>
	<Row>
		<款>9</款>
		<科目名稱>財務支出</科目名稱>
		<本年度預算數>32112185</本年度預算數>
		<上年度預算數>33245085</上年度預算數>
		<前年度決算數>33109669</前年度決算數>
		<本年度與上年度比較>-1132900</本年度與上年度比較>
	</Row>
	<Row>
		<款>10</款>
		<科目名稱>邊政支出</科目名稱>
		<本年度預算數>126642</本年度預算數>
		<上年度預算數>139548</上年度預算數>
		<前年度決算數>126329</前年度決算數>
		<本年度與上年度比較>-12906</本年度與上年度比較>
	</Row>
	<Row>
		<款>11</款>
		<科目名稱>僑務支出</科目名稱>
		<本年度預算數>982414</本年度預算數>
		<上年度預算數>1078835</上年度預算數>
		<前年度決算數>1247556</前年度決算數>
		<本年度與上年度比較>-96421</本年度與上年度比較>
	</Row>
	<Row>
		<款>  </款>
		<科目名稱>(2. 國防支出)</科目名稱>
		<本年度預算數>305451147</本年度預算數>
		<上年度預算數>309440879</上年度預算數>
		<前年度決算數>284185302</前年度決算數>
		<本年度與上年度比較>-3989732</本年度與上年度比較>
	</Row>
	<Row>
		<款>12</款>
		<科目名稱>國防支出</科目名稱>
		<本年度預算數>305451147</本年度預算數>
		<上年度預算數>309440879</上年度預算數>
		<前年度決算數>284185302</前年度決算數>
		<本年度與上年度比較>-3989732</本年度與上年度比較>
	</Row>
	<Row>
		<款>  </款>
		<科目名稱>(3. 教育科學文化支出)</科目名稱>
		<本年度預算數>359954380</本年度預算數>
		<上年度預算數>367655218</上年度預算數>
		<前年度決算數>359892456</前年度決算數>
		<本年度與上年度比較>-7700838</本年度與上年度比較>
	</Row>
	<Row>
		<款>13</款>
		<科目名稱>教育支出</科目名稱>
		<本年度預算數>233710205</本年度預算數>
		<上年度預算數>239584414</上年度預算數>
		<前年度決算數>232915715</前年度決算數>
		<本年度與上年度比較>-5874209</本年度與上年度比較>
	</Row>
	<Row>
		<款>14</款>
		<科目名稱>科學支出</科目名稱>
		<本年度預算數>99706035</本年度預算數>
		<上年度預算數>100727675</上年度預算數>
		<前年度決算數>100740679</前年度決算數>
		<本年度與上年度比較>-1021640</本年度與上年度比較>
	</Row>
	<Row>
		<款>15</款>
		<科目名稱>文化支出</科目名稱>
		<本年度預算數>26538140</本年度預算數>
		<上年度預算數>27343129</上年度預算數>
		<前年度決算數>26236062</前年度決算數>
		<本年度與上年度比較>-804989</本年度與上年度比較>
	</Row>
	<Row>
		<款>  </款>
		<科目名稱>(4. 經濟發展支出)</科目名稱>
		<本年度預算數>260661740</本年度預算數>
		<上年度預算數>268229163</上年度預算數>
		<前年度決算數>217005937</前年度決算數>
		<本年度與上年度比較>-7567423</本年度與上年度比較>
	</Row>
	<Row>
		<款>16</款>
		<科目名稱>農業支出</科目名稱>
		<本年度預算數>83404843</本年度預算數>
		<上年度預算數>80863137</上年度預算數>
		<前年度決算數>59727222</前年度決算數>
		<本年度與上年度比較>2541706</本年度與上年度比較>
	</Row>
	<Row>
		<款>17</款>
		<科目名稱>工業支出</科目名稱>
		<本年度預算數>7404747</本年度預算數>
		<上年度預算數>10739058</上年度預算數>
		<前年度決算數>13126607</前年度決算數>
		<本年度與上年度比較>-3334311</本年度與上年度比較>
	</Row>
	<Row>
		<款>18</款>
		<科目名稱>交通支出</科目名稱>
		<本年度預算數>124273117</本年度預算數>
		<上年度預算數>123731440</上年度預算數>
		<前年度決算數>88123341</前年度決算數>
		<本年度與上年度比較>541677</本年度與上年度比較>
	</Row>
	<Row>
		<款>19</款>
		<科目名稱>其他經濟服務支出</科目名稱>
		<本年度預算數>45579033</本年度預算數>
		<上年度預算數>52895528</上年度預算數>
		<前年度決算數>56028766</前年度決算數>
		<本年度與上年度比較>-7316495</本年度與上年度比較>
	</Row>
	<Row>
		<款>  </款>
		<科目名稱>(5. 社會福利支出)</科目名稱>
		<本年度預算數>438040439</本年度預算數>
		<上年度預算數>435155816</上年度預算數>
		<前年度決算數>372472974</前年度決算數>
		<本年度與上年度比較>2884623</本年度與上年度比較>
	</Row>
	<Row>
		<款>20</款>
		<科目名稱>社會保險支出</科目名稱>
		<本年度預算數>296929981</本年度預算數>
		<上年度預算數>288544221</上年度預算數>
		<前年度決算數>241667729</前年度決算數>
		<本年度與上年度比較>8385760</本年度與上年度比較>
	</Row>
	<Row>
		<款>21</款>
		<科目名稱>社會救助支出</科目名稱>
		<本年度預算數>10955949</本年度預算數>
		<上年度預算數>11236613</上年度預算數>
		<前年度決算數>11463523</前年度決算數>
		<本年度與上年度比較>-280664</本年度與上年度比較>
	</Row>
	<Row>
		<款>22</款>
		<科目名稱>福利服務支出</科目名稱>
		<本年度預算數>109074705</本年度預算數>
		<上年度預算數>113992601</上年度預算數>
		<前年度決算數>97271662</前年度決算數>
		<本年度與上年度比較>-4917896</本年度與上年度比較>
	</Row>
	<Row>
		<款>23</款>
		<科目名稱>國民就業支出</科目名稱>
		<本年度預算數>2044955</本年度預算數>
		<上年度預算數>2094004</上年度預算數>
		<前年度決算數>2295700</前年度決算數>
		<本年度與上年度比較>-49049</本年度與上年度比較>
	</Row>
	<Row>
		<款>24</款>
		<科目名稱>醫療保健支出</科目名稱>
		<本年度預算數>19034849</本年度預算數>
		<上年度預算數>19288377</上年度預算數>
		<前年度決算數>19774360</前年度決算數>
		<本年度與上年度比較>-253528</本年度與上年度比較>
	</Row>
	<Row>
		<款>  </款>
		<科目名稱>(6. 社區發展及環境保護支出)</科目名稱>
		<本年度預算數>16379037</本年度預算數>
		<上年度預算數>18186352</上年度預算數>
		<前年度決算數>6571006</前年度決算數>
		<本年度與上年度比較>-1807315</本年度與上年度比較>
	</Row>
	<Row>
		<款>25</款>
		<科目名稱>環境保護支出</科目名稱>
		<本年度預算數>16379037</本年度預算數>
		<上年度預算數>18186352</上年度預算數>
		<前年度決算數>6571006</前年度決算數>
		<本年度與上年度比較>-1807315</本年度與上年度比較>
	</Row>
	<Row>
		<款>  </款>
		<科目名稱>(7. 退休撫卹支出)</科目名稱>
		<本年度預算數>133163295</本年度預算數>
		<上年度預算數>138466655</上年度預算數>
		<前年度決算數>138480246</前年度決算數>
		<本年度與上年度比較>-5303360</本年度與上年度比較>
	</Row>
	<Row>
		<款>26</款>
		<科目名稱>退休撫卹給付支出</科目名稱>
		<本年度預算數>132953223</本年度預算數>
		<上年度預算數>138235486</上年度預算數>
		<前年度決算數>138256420</前年度決算數>
		<本年度與上年度比較>-5282263</本年度與上年度比較>
	</Row>
	<Row>
		<款>27</款>
		<科目名稱>退休撫卹業務支出</科目名稱>
		<本年度預算數>210072</本年度預算數>
		<上年度預算數>231169</上年度預算數>
		<前年度決算數>223826</前年度決算數>
		<本年度與上年度比較>-21097</本年度與上年度比較>
	</Row>
	<Row>
		<款>  </款>
		<科目名稱>(8. 債務支出)</科目名稱>
		<本年度預算數>129232207</本年度預算數>
		<上年度預算數>130104000</上年度預算數>
		<前年度決算數>111753010</前年度決算數>
		<本年度與上年度比較>-871793</本年度與上年度比較>
	</Row>
	<Row>
		<款>28</款>
		<科目名稱>債務付息支出</科目名稱>
		<本年度預算數>128664244</本年度預算數>
		<上年度預算數>129536037</上年度預算數>
		<前年度決算數>111264010</前年度決算數>
		<本年度與上年度比較>-871793</本年度與上年度比較>
	</Row>
	<Row>
		<款>29</款>
		<科目名稱>還本付息事務支出</科目名稱>
		<本年度預算數>567963</本年度預算數>
		<上年度預算數>567963</上年度預算數>
		<前年度決算數>488999</前年度決算數>
		<本年度與上年度比較>0</本年度與上年度比較>
	</Row>
	<Row>
		<款>  </款>
		<科目名稱>(9. 一般補助及其他支出)</科目名稱>
		<本年度預算數>85819259</本年度預算數>
		<上年度預算數>86887295</上年度預算數>
		<前年度決算數>67245004</前年度決算數>
		<本年度與上年度比較>-1068036</本年度與上年度比較>
	</Row>
	<Row>
		<款>30</款>
		<科目名稱>專案補助支出</科目名稱>
		<本年度預算數>50559127</本年度預算數>
		<上年度預算數>58363705</上年度預算數>
		<前年度決算數>53434393</前年度決算數>
		<本年度與上年度比較>-7804578</本年度與上年度比較>
	</Row>
	<Row>
		<款>31</款>
		<科目名稱>平衡預算補助支出</科目名稱>
		<本年度預算數>21796750</本年度預算數>
		<上年度預算數>14461726</上年度預算數>
		<前年度決算數>8635947</前年度決算數>
		<本年度與上年度比較>7335024</本年度與上年度比較>
	</Row>
	<Row>
		<款>32</款>
		<科目名稱>其他支出</科目名稱>
		<本年度預算數>5963382</本年度預算數>
		<上年度預算數>6061864</上年度預算數>
		<前年度決算數>5174663</前年度決算數>
		<本年度與上年度比較>-98482</本年度與上年度比較>
	</Row>
	<Row>
		<款>33</款>
		<科目名稱>第二預備金</科目名稱>
		<本年度預算數>7500000</本年度預算數>
		<上年度預算數>8000000</上年度預算數>
		<前年度決算數>-</前年度決算數>
		<本年度與上年度比較>-500000</本年度與上年度比較>
	</Row>
</Root>