<?xml version="1.0" encoding="UTF-8"?>
<tables>
    <BCME3460>
        <BCME3460_row>
            <budgetno>00230000000</budgetno>
            <b_level>00</b_level>
            <budgetname>法務部主管</budgetname>
            <damt1>7828741000.00</damt1>
            <damt2>2498629000.00</damt2>
            <damt3>1081843000.00</damt3>
            <damt4>0.00</damt4>
            <damt5>24592000.00</damt5>
            <damt6>11433805000.00</damt6>
            <damt7>0.00</damt7>
            <damt8>332849000.00</damt8>
            <damt9>0.00</damt9>
            <damt10>0.00</damt10>
            <damt11>332849000.00</damt11>
            <damt12>11766654000.00</damt12>
            <no1>12</no1>
            <no2>00</no2>
            <no3>00</no3>
            <no4>00</no4>
            <budgetno_conver>0023000000</budgetno_conver>
            <bnorder>2300000000000</bnorder>
            <ba_budgetsource>1</ba_budgetsource>
        </BCME3460_row>
        <BCME3460_row>
            <budgetno>00230170000</budgetno>
            <b_level>10</b_level>
            <budgetname>矯正署及所屬</budgetname>
            <damt1>7828741000.00</damt1>
            <damt2>2498629000.00</damt2>
            <damt3>1081843000.00</damt3>
            <damt4>0.00</damt4>
            <damt5>24592000.00</damt5>
            <damt6>11433805000.00</damt6>
            <damt7>0.00</damt7>
            <damt8>332849000.00</damt8>
            <damt9>0.00</damt9>
            <damt10>0.00</damt10>
            <damt11>332849000.00</damt11>
            <damt12>11766654000.00</damt12>
            <no1>12</no1>
            <no2>05</no2>
            <no3>00</no3>
            <no4>00</no4>
            <budgetno_conver>0023170000</budgetno_conver>
            <bnorder>2301700000000</bnorder>
            <ba_budgetsource>1</ba_budgetsource>
        </BCME3460_row>
        <BCME3460_row>
            <budgetno>35230170000</budgetno>
            <b_level>20</b_level>
            <budgetname>司法支出</budgetname>
            <damt1>7828741000.00</damt1>
            <damt2>2498089000.00</damt2>
            <damt3>1081843000.00</damt3>
            <damt4>0.00</damt4>
            <damt5>24592000.00</damt5>
            <damt6>11433265000.00</damt6>
            <damt7>0.00</damt7>
            <damt8>332849000.00</damt8>
            <damt9>0.00</damt9>
            <damt10>0.00</damt10>
            <damt11>332849000.00</damt11>
            <damt12>11766114000.00</damt12>
            <no1>12</no1>
            <no2>05</no2>
            <no3>00</no3>
            <no4>00</no4>
            <budgetno_conver>3523170000</budgetno_conver>
            <bnorder>2301700350000</bnorder>
            <ba_budgetsource>1</ba_budgetsource>
        </BCME3460_row>
        <BCME3460_row>
            <budgetno>35230170100</budgetno>
            <b_level>30</b_level>
            <budgetname>一般行政</budgetname>
            <damt1>148688000.00</damt1>
            <damt2>21556000.00</damt2>
            <damt3>108000.00</damt3>
            <damt4>0.00</damt4>
            <damt5>0.00</damt5>
            <damt6>170352000.00</damt6>
            <damt7>0.00</damt7>
            <damt8>3118000.00</damt8>
            <damt9>0.00</damt9>
            <damt10>0.00</damt10>
            <damt11>3118000.00</damt11>
            <damt12>173470000.00</damt12>
            <no1>12</no1>
            <no2>05</no2>
            <no3>01</no3>
            <no4>00</no4>
            <budgetno_conver>3523170100</budgetno_conver>
            <bnorder>2301700350100</bnorder>
            <ba_budgetsource>1</ba_budgetsource>
        </BCME3460_row>
        <BCME3460_row>
            <budgetno>35230174100</budgetno>
            <b_level>30</b_level>
            <budgetname>矯正業務</budgetname>
            <damt1>7680053000.00</damt1>
            <damt2>2476533000.00</damt2>
            <damt3>1081735000.00</damt3>
            <damt4>0.00</damt4>
            <damt5>0.00</damt5>
            <damt6>11238321000.00</damt6>
            <damt7>0.00</damt7>
            <damt8>129746000.00</damt8>
            <damt9>0.00</damt9>
            <damt10>0.00</damt10>
            <damt11>129746000.00</damt11>
            <damt12>11368067000.00</damt12>
            <no1>12</no1>
            <no2>05</no2>
            <no3>02</no3>
            <no4>00</no4>
            <budgetno_conver>3523174100</budgetno_conver>
            <bnorder>2301700354100</bnorder>
            <ba_budgetsource>1</ba_budgetsource>
        </BCME3460_row>
        <BCME3460_row>
            <budgetno>35230178700</budgetno>
            <b_level>30</b_level>
            <budgetname>改善監所計畫</budgetname>
            <damt1>0.00</damt1>
            <damt2>0.00</damt2>
            <damt3>0.00</damt3>
            <damt4>0.00</damt4>
            <damt5>0.00</damt5>
            <damt6>0.00</damt6>
            <damt7>0.00</damt7>
            <damt8>192100000.00</damt8>
            <damt9>0.00</damt9>
            <damt10>0.00</damt10>
            <damt11>192100000.00</damt11>
            <damt12>192100000.00</damt12>
            <no1>12</no1>
            <no2>05</no2>
            <no3>03</no3>
            <no4>00</no4>
            <budgetno_conver>3523178700</budgetno_conver>
            <bnorder>2301700358700</bnorder>
            <ba_budgetsource>1</ba_budgetsource>
        </BCME3460_row>
        <BCME3460_row>
            <budgetno>35230179000</budgetno>
            <b_level>30</b_level>
            <budgetname>一般建築及設備</budgetname>
            <damt1>0.00</damt1>
            <damt2>0.00</damt2>
            <damt3>0.00</damt3>
            <damt4>0.00</damt4>
            <damt5>0.00</damt5>
            <damt6>0.00</damt6>
            <damt7>0.00</damt7>
            <damt8>7885000.00</damt8>
            <damt9>0.00</damt9>
            <damt10>0.00</damt10>
            <damt11>7885000.00</damt11>
            <damt12>7885000.00</damt12>
            <no1>12</no1>
            <no2>05</no2>
            <no3>04</no3>
            <no4>00</no4>
            <budgetno_conver>3523179000</budgetno_conver>
            <bnorder>2301700359000</bnorder>
            <ba_budgetsource>1</ba_budgetsource>
        </BCME3460_row>
        <BCME3460_row>
            <budgetno>35230179011</budgetno>
            <b_level>40</b_level>
            <budgetname>交通及運輸設備</budgetname>
            <damt1>0.00</damt1>
            <damt2>0.00</damt2>
            <damt3>0.00</damt3>
            <damt4>0.00</damt4>
            <damt5>0.00</damt5>
            <damt6>0.00</damt6>
            <damt7>0.00</damt7>
            <damt8>7885000.00</damt8>
            <damt9>0.00</damt9>
            <damt10>0.00</damt10>
            <damt11>7885000.00</damt11>
            <damt12>7885000.00</damt12>
            <no1>12</no1>
            <no2>05</no2>
            <no3>04</no3>
            <no4>01</no4>
            <budgetno_conver>3523179011</budgetno_conver>
            <bnorder>2301700359011</bnorder>
            <ba_budgetsource>1</ba_budgetsource>
        </BCME3460_row>
        <BCME3460_row>
            <budgetno>35230179800</budgetno>
            <b_level>30</b_level>
            <budgetname>第一預備金</budgetname>
            <damt1>0.00</damt1>
            <damt2>0.00</damt2>
            <damt3>0.00</damt3>
            <damt4>0.00</damt4>
            <damt5>24592000.00</damt5>
            <damt6>24592000.00</damt6>
            <damt7>0.00</damt7>
            <damt8>0.00</damt8>
            <damt9>0.00</damt9>
            <damt10>0.00</damt10>
            <damt11>0.00</damt11>
            <damt12>24592000.00</damt12>
            <no1>12</no1>
            <no2>05</no2>
            <no3>05</no3>
            <no4>00</no4>
            <budgetno_conver>3523179800</budgetno_conver>
            <bnorder>2301700359800</bnorder>
            <ba_budgetsource>1</ba_budgetsource>
        </BCME3460_row>
        <BCME3460_row>
            <budgetno>52230170000</budgetno>
            <b_level>20</b_level>
            <budgetname>科學支出</budgetname>
            <damt1>0.00</damt1>
            <damt2>540000.00</damt2>
            <damt3>0.00</damt3>
            <damt4>0.00</damt4>
            <damt5>0.00</damt5>
            <damt6>540000.00</damt6>
            <damt7>0.00</damt7>
            <damt8>0.00</damt8>
            <damt9>0.00</damt9>
            <damt10>0.00</damt10>
            <damt11>0.00</damt11>
            <damt12>540000.00</damt12>
            <no1>12</no1>
            <no2>05</no2>
            <no3>00</no3>
            <no4>00</no4>
            <budgetno_conver>5223170000</budgetno_conver>
            <bnorder>2301700520000</bnorder>
            <ba_budgetsource>1</ba_budgetsource>
        </BCME3460_row>
        <BCME3460_row>
            <budgetno>52230175000</budgetno>
            <b_level>30</b_level>
            <budgetname>司法科技業務</budgetname>
            <damt1>0.00</damt1>
            <damt2>540000.00</damt2>
            <damt3>0.00</damt3>
            <damt4>0.00</damt4>
            <damt5>0.00</damt5>
            <damt6>540000.00</damt6>
            <damt7>0.00</damt7>
            <damt8>0.00</damt8>
            <damt9>0.00</damt9>
            <damt10>0.00</damt10>
            <damt11>0.00</damt11>
            <damt12>540000.00</damt12>
            <no1>12</no1>
            <no2>05</no2>
            <no3>06</no3>
            <no4>00</no4>
            <budgetno_conver>5223175000</budgetno_conver>
            <bnorder>2301700525000</bnorder>
            <ba_budgetsource>1</ba_budgetsource>
        </BCME3460_row>
    </BCME3460>
</tables>
