<?xml version="1.0" encoding="UTF-8"?>
<tables>
    <BCTDOUTGO>
        <BCTDOUTGO_row>
            <bm_fiscalyear>104</bm_fiscalyear>
            <bm_fundkind>1</bm_fundkind>
            <bm_budgetkind>1</bm_budgetkind>
            <bm_specialbudgetno/>
            <bm_agenno>23017</bm_agenno>
            <bm_agentype>B</bm_agentype>
            <bm_budgetstate>2</bm_budgetstate>
            <bm_abroadplan>1</bm_abroadplan>
            <bm_projtype>1 </bm_projtype>
            <bm_projno>01</bm_projno>
            <bm_abroadplanname>考察矯正機關分級分類戒護管理模式與相關處遇措施</bm_abroadplanname>
            <bm_visitsts>0</bm_visitsts>
            <bm_visitexplain/>
            <bm_dispatchstaffs>0</bm_dispatchstaffs>
            <bm_abroadsite1/>
            <bm_abroadsite2/>
            <bm_abroadsite3/>
            <bm_abroadperiod1/>
            <bm_abroadperiodto1/>
            <bm_abroadperiod2/>
            <bm_abroadperiodto2/>
            <bm_abroadperiod3/>
            <bm_abroadperiodto3/>
            <bm_abroadstaffs1>0</bm_abroadstaffs1>
            <bm_abroadstaffs2>0</bm_abroadstaffs2>
            <bm_abroadstaffs3>0</bm_abroadstaffs3>
            <bm_abroadallowance1>0.00</bm_abroadallowance1>
            <bm_abroadallowance2>0.00</bm_abroadallowance2>
            <bm_abroadallowance3>0.00</bm_abroadallowance3>
            <bm_budgetno>35230174100</bm_budgetno>
            <bm_regionno>91</bm_regionno>
            <bm_country>澳洲</bm_country>
            <bm_agency>澳洲矯正機關</bm_agency>
            <bm_cont_text>考察澳洲矯正機關對於犯罪人，據其對社會的危害程度、對監獄的潛在危險等進行綜合評估，並分為八種管理級別，依次對應從嚴到寬不同的管理模式和處遇內容。又據此制定個案矯正方案，因人而異實施矯正，增強教育和處遇的針對性，並使犯罪人處於動態的管理中，提高約束自己行為之自覺性，進而促其戒除惡習，悛悔向上。此種科學化評估管理模式對於矯正工作具有實質意義，故擬前往該國考察不同等級之矯正機關設備設施、生活處遇與管理現況，提供政策制定之參考。&#xd;
</bm_cont_text>
            <bm_durationfrom>10409</bm_durationfrom>
            <bm_durationto>10410</bm_durationto>
            <bm_days>7</bm_days>
            <bm_persons>2</bm_persons>
            <bm_amt_trans>92000.00</bm_amt_trans>
            <bm_amt_life>102000.00</bm_amt_life>
            <bm_amt_public>6000.00</bm_amt_public>
            <bm_amt_books>0.00</bm_amt_books>
            <bm_amt_flight>0.00</bm_amt_flight>
            <bm_versiondate/>
        </BCTDOUTGO_row>
    </BCTDOUTGO>
</tables>
