<?xml version="1.0" encoding="UTF-8"?>
<tables>
    <BCTDMANAMT>
        <BCTDMANAMT_row>
            <bn_fiscalyear>104</bn_fiscalyear>
            <bn_fundkind>1</bn_fundkind>
            <bn_budgetkind>1</bn_budgetkind>
            <bn_specialbudgetno/>
            <bn_agenno>23017</bn_agenno>
            <bn_agentype>B</bn_agentype>
            <bn_budgetstate>2</bn_budgetstate>
            <bn_budgetsource>1</bn_budgetsource>
            <bn_man1>114</bn_man1>
            <bn_man1_l>114</bn_man1_l>
            <bn_man2>0</bn_man2>
            <bn_man2_l>0</bn_man2_l>
            <bn_man3>1</bn_man3>
            <bn_man3_l>1</bn_man3_l>
            <bn_man4>2</bn_man4>
            <bn_man4_l>2</bn_man4_l>
            <bn_man5>0</bn_man5>
            <bn_man5_l>0</bn_man5_l>
            <bn_man6>0</bn_man6>
            <bn_man6_l>0</bn_man6_l>
            <bn_man7>0</bn_man7>
            <bn_man7_l>0</bn_man7_l>
            <bn_man8>0</bn_man8>
            <bn_man8_l>0</bn_man8_l>
            <bn_man9>2</bn_man9>
            <bn_man9_l>2</bn_man9_l>
            <bn_man10>0</bn_man10>
            <bn_man10_l>0</bn_man10_l>
            <bn_man11>0</bn_man11>
            <bn_man11_l>0</bn_man11_l>
            <bn_amt_man>142397000.00</bn_amt_man>
            <bn_amt_mngbsn>143192000.00</bn_amt_mngbsn>
            <bn_text/>
            <display_name>35230170100 一般行政</display_name>
        </BCTDMANAMT_row>
        <BCTDMANAMT_row>
            <bn_fiscalyear>104</bn_fiscalyear>
            <bn_fundkind>1</bn_fundkind>
            <bn_budgetkind>1</bn_budgetkind>
            <bn_specialbudgetno/>
            <bn_agenno>23017</bn_agenno>
            <bn_agentype>B</bn_agentype>
            <bn_budgetstate>2</bn_budgetstate>
            <bn_budgetsource>1</bn_budgetsource>
            <bn_man1>7482</bn_man1>
            <bn_man1_l>7482</bn_man1_l>
            <bn_man2>0</bn_man2>
            <bn_man2_l>0</bn_man2_l>
            <bn_man3>38</bn_man3>
            <bn_man3_l>42</bn_man3_l>
            <bn_man4>161</bn_man4>
            <bn_man4_l>163</bn_man4_l>
            <bn_man5>0</bn_man5>
            <bn_man5_l>0</bn_man5_l>
            <bn_man6>100</bn_man6>
            <bn_man6_l>100</bn_man6_l>
            <bn_man7>0</bn_man7>
            <bn_man7_l>0</bn_man7_l>
            <bn_man8>22</bn_man8>
            <bn_man8_l>22</bn_man8_l>
            <bn_man9>151</bn_man9>
            <bn_man9_l>151</bn_man9_l>
            <bn_man10>0</bn_man10>
            <bn_man10_l>0</bn_man10_l>
            <bn_man11>0</bn_man11>
            <bn_man11_l>0</bn_man11_l>
            <bn_amt_man>7061563000.00</bn_amt_man>
            <bn_amt_mngbsn>6991065000.00</bn_amt_mngbsn>
            <bn_text>&amp;lt;#H1_本署及所屬上(103)年度法定預算書表列預算員額8,077人，依下列情形調整後上年度預算員額為8,079人：&#xd;
&amp;lt;#H2_配合行政執行署及所屬業務需要，由臺中監獄移出職員1人。&amp;lt;#H2_配合桃園、臺中、臺中女子監獄業務需要，由廉政署移入職員各1人。&#xd;
&amp;lt;#H1_本年度預算員額8,073人，較上年度減列6人，係精簡工友2人及技工4人。&#xd;
&amp;lt;#H1_以業務費預計進用派遣人力7人，經費2,689千元及勞務承攬56人，經費21,953千元。&#xd;
&amp;lt;#H2_以「一般行政-基本行政工作維持」計畫之業務費項下，預計進用勞務承攬5人，經費1,768千元。&#xd;
&amp;lt;#H2_以「矯正業務-基本行政工作維持」計畫之業務費項下，預計進用派遣人力7人，經費2,689千元、勞務承攬45人，經費17,685千元。&#xd;
&amp;lt;#H2_以「矯正業務-矯正訓練業務」計畫之業務費項下，預計進用勞務承攬6人，經費2,500千元。&#xd;
</bn_text>
            <display_name>35230174100 矯正業務</display_name>
        </BCTDMANAMT_row>
    </BCTDMANAMT>
</tables>
