<?xml version="1.0" encoding="UTF-8"?>
<GenericData>
　　<Header>
　　　　<Table Id="FNGXBWORKR" Name="特別收入基金" Domain="NBA" />
　　　　<Program Id="NBAGGR010_G" />
　　　　<Sender Name="特別收入基金" />
　　　　<報表名稱>政事基金基金來源、用途及餘絀綜計表</報表名稱>
　　　　<年度>104</年度>
　　　　<基金>特別收入基金</基金>
　　　　<階段>預算案</階段>
　　　　<版本>1</版本>
　　　　<單位>新臺幣千元</單位>
　　</Header>
　　<DataSet>
　　　　<ROW>
　　　　　　<SEQNO>1</SEQNO>
　　　　　　<LEVEL>1</LEVEL>
　　　　　　<BOLD>1</BOLD>
　　　　　　<基金別>總統府主管</基金別>
　　　　　　<本年度預算數-基金來源>7678133</本年度預算數-基金來源>
　　　　　　<本年度預算數-基金用途>7625617</本年度預算數-基金用途>
　　　　　　<本年度預算數-賸餘短絀>52516</本年度預算數-賸餘短絀>
　　　　　　<上年度預算數-基金來源>3162524</上年度預算數-基金來源>
　　　　　　<上年度預算數-基金用途>3108722</上年度預算數-基金用途>
　　　　　　<上年度預算數-賸餘短絀>53802</上年度預算數-賸餘短絀>
　　　　　　<本年度與上年度比較-基金來源>4515609</本年度與上年度比較-基金來源>
　　　　　　<本年度與上年度比較-基金用途>4516895</本年度與上年度比較-基金用途>
　　　　　　<本年度與上年度比較-賸餘短絀>-1286</本年度與上年度比較-賸餘短絀>
　　　　　　<期初基金餘額>53802</期初基金餘額>
　　　　　　<解繳國庫>0</解繳國庫>
　　　　　　<期末基金餘額>106318</期末基金餘額>
　　　　</ROW>
　　　　<ROW>
　　　　　　<SEQNO>2</SEQNO>
　　　　　　<LEVEL>1</LEVEL>
　　　　　　<BOLD>1</BOLD>
　　　　　　<基金別>行政院主管</基金別>
　　　　　　<本年度預算數-基金來源>47087549</本年度預算數-基金來源>
　　　　　　<本年度預算數-基金用途>53572416</本年度預算數-基金用途>
　　　　　　<本年度預算數-賸餘短絀>-6484867</本年度預算數-賸餘短絀>
　　　　　　<上年度預算數-基金來源>44194554</上年度預算數-基金來源>
　　　　　　<上年度預算數-基金用途>49899020</上年度預算數-基金用途>
　　　　　　<上年度預算數-賸餘短絀>-5704466</上年度預算數-賸餘短絀>
　　　　　　<本年度與上年度比較-基金來源>2892995</本年度與上年度比較-基金來源>
　　　　　　<本年度與上年度比較-基金用途>3673396</本年度與上年度比較-基金用途>
　　　　　　<本年度與上年度比較-賸餘短絀>-780401</本年度與上年度比較-賸餘短絀>
　　　　　　<期初基金餘額>-43282153</期初基金餘額>
　　　　　　<解繳國庫>0</解繳國庫>
　　　　　　<期末基金餘額>-49767020</期末基金餘額>
　　　　</ROW>
　　　　<ROW>
　　　　　　<SEQNO>3</SEQNO>
　　　　　　<LEVEL>1</LEVEL>
　　　　　　<BOLD>1</BOLD>
　　　　　　<基金別>內政部主管</基金別>
　　　　　　<本年度預算數-基金來源>1698935</本年度預算數-基金來源>
　　　　　　<本年度預算數-基金用途>1826358</本年度預算數-基金用途>
　　　　　　<本年度預算數-賸餘短絀>-127423</本年度預算數-賸餘短絀>
　　　　　　<上年度預算數-基金來源>2061282</上年度預算數-基金來源>
　　　　　　<上年度預算數-基金用途>1935551</上年度預算數-基金用途>
　　　　　　<上年度預算數-賸餘短絀>125731</上年度預算數-賸餘短絀>
　　　　　　<本年度與上年度比較-基金來源>-362347</本年度與上年度比較-基金來源>
　　　　　　<本年度與上年度比較-基金用途>-109193</本年度與上年度比較-基金用途>
　　　　　　<本年度與上年度比較-賸餘短絀>-253154</本年度與上年度比較-賸餘短絀>
　　　　　　<期初基金餘額>2549911</期初基金餘額>
　　　　　　<解繳國庫>0</解繳國庫>
　　　　　　<期末基金餘額>2422488</期末基金餘額>
　　　　</ROW>
　　　　<ROW>
　　　　　　<SEQNO>4</SEQNO>
　　　　　　<LEVEL>1</LEVEL>
　　　　　　<BOLD>1</BOLD>
　　　　　　<基金別>教育部主管</基金別>
　　　　　　<本年度預算數-基金來源>2271374</本年度預算數-基金來源>
　　　　　　<本年度預算數-基金用途>3479154</本年度預算數-基金用途>
　　　　　　<本年度預算數-賸餘短絀>-1207780</本年度預算數-賸餘短絀>
　　　　　　<上年度預算數-基金來源>2315476</上年度預算數-基金來源>
　　　　　　<上年度預算數-基金用途>3559220</上年度預算數-基金用途>
　　　　　　<上年度預算數-賸餘短絀>-1243744</上年度預算數-賸餘短絀>
　　　　　　<本年度與上年度比較-基金來源>-44102</本年度與上年度比較-基金來源>
　　　　　　<本年度與上年度比較-基金用途>-80066</本年度與上年度比較-基金用途>
　　　　　　<本年度與上年度比較-賸餘短絀>35964</本年度與上年度比較-賸餘短絀>
　　　　　　<期初基金餘額>17263196</期初基金餘額>
　　　　　　<解繳國庫>0</解繳國庫>
　　　　　　<期末基金餘額>16055416</期末基金餘額>
　　　　</ROW>
　　　　<ROW>
　　　　　　<SEQNO>5</SEQNO>
　　　　　　<LEVEL>1</LEVEL>
　　　　　　<BOLD>1</BOLD>
　　　　　　<基金別>經濟部主管</基金別>
　　　　　　<本年度預算數-基金來源>29139582</本年度預算數-基金來源>
　　　　　　<本年度預算數-基金用途>23266125</本年度預算數-基金用途>
　　　　　　<本年度預算數-賸餘短絀>5873457</本年度預算數-賸餘短絀>
　　　　　　<上年度預算數-基金來源>25780989</上年度預算數-基金來源>
　　　　　　<上年度預算數-基金用途>19916314</上年度預算數-基金用途>
　　　　　　<上年度預算數-賸餘短絀>5864675</上年度預算數-賸餘短絀>
　　　　　　<本年度與上年度比較-基金來源>3358593</本年度與上年度比較-基金來源>
　　　　　　<本年度與上年度比較-基金用途>3349811</本年度與上年度比較-基金用途>
　　　　　　<本年度與上年度比較-賸餘短絀>8782</本年度與上年度比較-賸餘短絀>
　　　　　　<期初基金餘額>262660076</期初基金餘額>
　　　　　　<解繳國庫>0</解繳國庫>
　　　　　　<期末基金餘額>268533533</期末基金餘額>
　　　　</ROW>
　　　　<ROW>
　　　　　　<SEQNO>6</SEQNO>
　　　　　　<LEVEL>1</LEVEL>
　　　　　　<BOLD>1</BOLD>
　　　　　　<基金別>交通部主管</基金別>
　　　　　　<本年度預算數-基金來源>8183096</本年度預算數-基金來源>
　　　　　　<本年度預算數-基金用途>8867075</本年度預算數-基金用途>
　　　　　　<本年度預算數-賸餘短絀>-683979</本年度預算數-賸餘短絀>
　　　　　　<上年度預算數-基金來源>7975846</上年度預算數-基金來源>
　　　　　　<上年度預算數-基金用途>8091665</上年度預算數-基金用途>
　　　　　　<上年度預算數-賸餘短絀>-115819</上年度預算數-賸餘短絀>
　　　　　　<本年度與上年度比較-基金來源>207250</本年度與上年度比較-基金來源>
　　　　　　<本年度與上年度比較-基金用途>775410</本年度與上年度比較-基金用途>
　　　　　　<本年度與上年度比較-賸餘短絀>-568160</本年度與上年度比較-賸餘短絀>
　　　　　　<期初基金餘額>17753547</期初基金餘額>
　　　　　　<解繳國庫>1634399</解繳國庫>
　　　　　　<期末基金餘額>15435169</期末基金餘額>
　　　　</ROW>
　　　　<ROW>
　　　　　　<SEQNO>7</SEQNO>
　　　　　　<LEVEL>1</LEVEL>
　　　　　　<BOLD>1</BOLD>
　　　　　　<基金別>原子能委員會主管</基金別>
　　　　　　<本年度預算數-基金來源>163930</本年度預算數-基金來源>
　　　　　　<本年度預算數-基金用途>118862</本年度預算數-基金用途>
　　　　　　<本年度預算數-賸餘短絀>45068</本年度預算數-賸餘短絀>
　　　　　　<上年度預算數-基金來源>163429</上年度預算數-基金來源>
　　　　　　<上年度預算數-基金用途>123034</上年度預算數-基金用途>
　　　　　　<上年度預算數-賸餘短絀>40395</上年度預算數-賸餘短絀>
　　　　　　<本年度與上年度比較-基金來源>501</本年度與上年度比較-基金來源>
　　　　　　<本年度與上年度比較-基金用途>-4172</本年度與上年度比較-基金用途>
　　　　　　<本年度與上年度比較-賸餘短絀>4673</本年度與上年度比較-賸餘短絀>
　　　　　　<期初基金餘額>204414</期初基金餘額>
　　　　　　<解繳國庫>0</解繳國庫>
　　　　　　<期末基金餘額>249482</期末基金餘額>
　　　　</ROW>
　　　　<ROW>
　　　　　　<SEQNO>8</SEQNO>
　　　　　　<LEVEL>1</LEVEL>
　　　　　　<BOLD>1</BOLD>
　　　　　　<基金別>農業委員會主管</基金別>
　　　　　　<本年度預算數-基金來源>49935786</本年度預算數-基金來源>
　　　　　　<本年度預算數-基金用途>38907263</本年度預算數-基金用途>
　　　　　　<本年度預算數-賸餘短絀>11028523</本年度預算數-賸餘短絀>
　　　　　　<上年度預算數-基金來源>48839074</上年度預算數-基金來源>
　　　　　　<上年度預算數-基金用途>38591689</上年度預算數-基金用途>
　　　　　　<上年度預算數-賸餘短絀>10247385</上年度預算數-賸餘短絀>
　　　　　　<本年度與上年度比較-基金來源>1096712</本年度與上年度比較-基金來源>
　　　　　　<本年度與上年度比較-基金用途>315574</本年度與上年度比較-基金用途>
　　　　　　<本年度與上年度比較-賸餘短絀>781138</本年度與上年度比較-賸餘短絀>
　　　　　　<期初基金餘額>34383192</期初基金餘額>
　　　　　　<解繳國庫>0</解繳國庫>
　　　　　　<期末基金餘額>45411715</期末基金餘額>
　　　　</ROW>
　　　　<ROW>
　　　　　　<SEQNO>9</SEQNO>
　　　　　　<LEVEL>1</LEVEL>
　　　　　　<BOLD>1</BOLD>
　　　　　　<基金別>勞動部主管</基金別>
　　　　　　<本年度預算數-基金來源>16763130</本年度預算數-基金來源>
　　　　　　<本年度預算數-基金用途>16642982</本年度預算數-基金用途>
　　　　　　<本年度預算數-賸餘短絀>120148</本年度預算數-賸餘短絀>
　　　　　　<上年度預算數-基金來源>14260965</上年度預算數-基金來源>
　　　　　　<上年度預算數-基金用途>16504115</上年度預算數-基金用途>
　　　　　　<上年度預算數-賸餘短絀>-2243150</上年度預算數-賸餘短絀>
　　　　　　<本年度與上年度比較-基金來源>2502165</本年度與上年度比較-基金來源>
　　　　　　<本年度與上年度比較-基金用途>138867</本年度與上年度比較-基金用途>
　　　　　　<本年度與上年度比較-賸餘短絀>2363298</本年度與上年度比較-賸餘短絀>
　　　　　　<期初基金餘額>11933805</期初基金餘額>
　　　　　　<解繳國庫>0</解繳國庫>
　　　　　　<期末基金餘額>12053953</期末基金餘額>
　　　　</ROW>
　　　　<ROW>
　　　　　　<SEQNO>10</SEQNO>
　　　　　　<LEVEL>1</LEVEL>
　　　　　　<BOLD>1</BOLD>
　　　　　　<基金別>衛生福利部主管</基金別>
　　　　　　<本年度預算數-基金來源>12823009</本年度預算數-基金來源>
　　　　　　<本年度預算數-基金用途>19497823</本年度預算數-基金用途>
　　　　　　<本年度預算數-賸餘短絀>-6674814</本年度預算數-賸餘短絀>
　　　　　　<上年度預算數-基金來源>11458231</上年度預算數-基金來源>
　　　　　　<上年度預算數-基金用途>18211581</上年度預算數-基金用途>
　　　　　　<上年度預算數-賸餘短絀>-6753350</上年度預算數-賸餘短絀>
　　　　　　<本年度與上年度比較-基金來源>1364778</本年度與上年度比較-基金來源>
　　　　　　<本年度與上年度比較-基金用途>1286242</本年度與上年度比較-基金用途>
　　　　　　<本年度與上年度比較-賸餘短絀>78536</本年度與上年度比較-賸餘短絀>
　　　　　　<期初基金餘額>11188694</期初基金餘額>
　　　　　　<解繳國庫>0</解繳國庫>
　　　　　　<期末基金餘額>4513880</期末基金餘額>
　　　　</ROW>
　　　　<ROW>
　　　　　　<SEQNO>11</SEQNO>
　　　　　　<LEVEL>1</LEVEL>
　　　　　　<BOLD>1</BOLD>
　　　　　　<基金別>環境保護署主管</基金別>
　　　　　　<本年度預算數-基金來源>6484339</本年度預算數-基金來源>
　　　　　　<本年度預算數-基金用途>7294176</本年度預算數-基金用途>
　　　　　　<本年度預算數-賸餘短絀>-809837</本年度預算數-賸餘短絀>
　　　　　　<上年度預算數-基金來源>6606945</上年度預算數-基金來源>
　　　　　　<上年度預算數-基金用途>7297097</上年度預算數-基金用途>
　　　　　　<上年度預算數-賸餘短絀>-690152</上年度預算數-賸餘短絀>
　　　　　　<本年度與上年度比較-基金來源>-122606</本年度與上年度比較-基金來源>
　　　　　　<本年度與上年度比較-基金用途>-2921</本年度與上年度比較-基金用途>
　　　　　　<本年度與上年度比較-賸餘短絀>-119685</本年度與上年度比較-賸餘短絀>
　　　　　　<期初基金餘額>13339743</期初基金餘額>
　　　　　　<解繳國庫>0</解繳國庫>
　　　　　　<期末基金餘額>12529906</期末基金餘額>
　　　　</ROW>
　　　　<ROW>
　　　　　　<SEQNO>12</SEQNO>
　　　　　　<LEVEL>1</LEVEL>
　　　　　　<BOLD>1</BOLD>
　　　　　　<基金別>金融監督管理委員會主管</基金別>
　　　　　　<本年度預算數-基金來源>25349666</本年度預算數-基金來源>
　　　　　　<本年度預算數-基金用途>24912520</本年度預算數-基金用途>
　　　　　　<本年度預算數-賸餘短絀>437146</本年度預算數-賸餘短絀>
　　　　　　<上年度預算數-基金來源>8617584</上年度預算數-基金來源>
　　　　　　<上年度預算數-基金用途>8213722</上年度預算數-基金用途>
　　　　　　<上年度預算數-賸餘短絀>403862</上年度預算數-賸餘短絀>
　　　　　　<本年度與上年度比較-基金來源>16732082</本年度與上年度比較-基金來源>
　　　　　　<本年度與上年度比較-基金用途>16698798</本年度與上年度比較-基金用途>
　　　　　　<本年度與上年度比較-賸餘短絀>33284</本年度與上年度比較-賸餘短絀>
　　　　　　<期初基金餘額>1004984</期初基金餘額>
　　　　　　<解繳國庫>659228</解繳國庫>
　　　　　　<期末基金餘額>782902</期末基金餘額>
　　　　</ROW>
　　　　<ROW>
　　　　　　<SEQNO>13</SEQNO>
　　　　　　<LEVEL>1</LEVEL>
　　　　　　<BOLD>1</BOLD>
　　　　　　<基金別>國家通訊傳播委員會主管</基金別>
　　　　　　<本年度預算數-基金來源>828402</本年度預算數-基金來源>
　　　　　　<本年度預算數-基金用途>1037108</本年度預算數-基金用途>
　　　　　　<本年度預算數-賸餘短絀>-208706</本年度預算數-賸餘短絀>
　　　　　　<上年度預算數-基金來源>865261</上年度預算數-基金來源>
　　　　　　<上年度預算數-基金用途>1194677</上年度預算數-基金用途>
　　　　　　<上年度預算數-賸餘短絀>-329416</上年度預算數-賸餘短絀>
　　　　　　<本年度與上年度比較-基金來源>-36859</本年度與上年度比較-基金來源>
　　　　　　<本年度與上年度比較-基金用途>-157569</本年度與上年度比較-基金用途>
　　　　　　<本年度與上年度比較-賸餘短絀>120710</本年度與上年度比較-賸餘短絀>
　　　　　　<期初基金餘額>1307225</期初基金餘額>
　　　　　　<解繳國庫>0</解繳國庫>
　　　　　　<期末基金餘額>1098519</期末基金餘額>
　　　　</ROW>
　　　　<ROW>
　　　　　　<SEQNO>14</SEQNO>
　　　　　　<LEVEL>2</LEVEL>
　　　　　　<BOLD>0</BOLD>
　　　　　　<基金別>中央研究院科學研究基金</基金別>
　　　　　　<本年度預算數-基金來源>7678133</本年度預算數-基金來源>
　　　　　　<本年度預算數-基金用途>7625617</本年度預算數-基金用途>
　　　　　　<本年度預算數-賸餘短絀>52516</本年度預算數-賸餘短絀>
　　　　　　<上年度預算數-基金來源>3162524</上年度預算數-基金來源>
　　　　　　<上年度預算數-基金用途>3108722</上年度預算數-基金用途>
　　　　　　<上年度預算數-賸餘短絀>53802</上年度預算數-賸餘短絀>
　　　　　　<本年度與上年度比較-基金來源>4515609</本年度與上年度比較-基金來源>
　　　　　　<本年度與上年度比較-基金用途>4516895</本年度與上年度比較-基金用途>
　　　　　　<本年度與上年度比較-賸餘短絀>-1286</本年度與上年度比較-賸餘短絀>
　　　　　　<期初基金餘額>53802</期初基金餘額>
　　　　　　<解繳國庫>0</解繳國庫>
　　　　　　<期末基金餘額>106318</期末基金餘額>
　　　　</ROW>
　　　　<ROW>
　　　　　　<SEQNO>15</SEQNO>
　　　　　　<LEVEL>2</LEVEL>
　　　　　　<BOLD>0</BOLD>
　　　　　　<基金別>行政院國家科學技術發展基金</基金別>
　　　　　　<本年度預算數-基金來源>39446988</本年度預算數-基金來源>
　　　　　　<本年度預算數-基金用途>42946988</本年度預算數-基金用途>
　　　　　　<本年度預算數-賸餘短絀>-3500000</本年度預算數-賸餘短絀>
　　　　　　<上年度預算數-基金來源>34363619</上年度預算數-基金來源>
　　　　　　<上年度預算數-基金用途>36913619</上年度預算數-基金用途>
　　　　　　<上年度預算數-賸餘短絀>-2550000</上年度預算數-賸餘短絀>
　　　　　　<本年度與上年度比較-基金來源>5083369</本年度與上年度比較-基金來源>
　　　　　　<本年度與上年度比較-基金用途>6033369</本年度與上年度比較-基金用途>
　　　　　　<本年度與上年度比較-賸餘短絀>-950000</本年度與上年度比較-賸餘短絀>
　　　　　　<期初基金餘額>6471564</期初基金餘額>
　　　　　　<解繳國庫>0</解繳國庫>
　　　　　　<期末基金餘額>2971564</期末基金餘額>
　　　　</ROW>
　　　　<ROW>
　　　　　　<SEQNO>16</SEQNO>
　　　　　　<LEVEL>2</LEVEL>
　　　　　　<BOLD>0</BOLD>
　　　　　　<基金別>離島建設基金</基金別>
　　　　　　<本年度預算數-基金來源>59201</本年度預算數-基金來源>
　　　　　　<本年度預算數-基金用途>1100722</本年度預算數-基金用途>
　　　　　　<本年度預算數-賸餘短絀>-1041521</本年度預算數-賸餘短絀>
　　　　　　<上年度預算數-基金來源>74685</上年度預算數-基金來源>
　　　　　　<上年度預算數-基金用途>1100827</上年度預算數-基金用途>
　　　　　　<上年度預算數-賸餘短絀>-1026142</上年度預算數-賸餘短絀>
　　　　　　<本年度與上年度比較-基金來源>-15484</本年度與上年度比較-基金來源>
　　　　　　<本年度與上年度比較-基金用途>-105</本年度與上年度比較-基金用途>
　　　　　　<本年度與上年度比較-賸餘短絀>-15379</本年度與上年度比較-賸餘短絀>
　　　　　　<期初基金餘額>6740032</期初基金餘額>
　　　　　　<解繳國庫>0</解繳國庫>
　　　　　　<期末基金餘額>5698511</期末基金餘額>
　　　　</ROW>
　　　　<ROW>
　　　　　　<SEQNO>17</SEQNO>
　　　　　　<LEVEL>2</LEVEL>
　　　　　　<BOLD>0</BOLD>
　　　　　　<基金別>行政院公營事業民營化基金</基金別>
　　　　　　<本年度預算數-基金來源>7281360</本年度預算數-基金來源>
　　　　　　<本年度預算數-基金用途>8501556</本年度預算數-基金用途>
　　　　　　<本年度預算數-賸餘短絀>-1220196</本年度預算數-賸餘短絀>
　　　　　　<上年度預算數-基金來源>7254550</上年度預算數-基金來源>
　　　　　　<上年度預算數-基金用途>8818443</上年度預算數-基金用途>
　　　　　　<上年度預算數-賸餘短絀>-1563893</上年度預算數-賸餘短絀>
　　　　　　<本年度與上年度比較-基金來源>26810</本年度與上年度比較-基金來源>
　　　　　　<本年度與上年度比較-基金用途>-316887</本年度與上年度比較-基金用途>
　　　　　　<本年度與上年度比較-賸餘短絀>343697</本年度與上年度比較-賸餘短絀>
　　　　　　<期初基金餘額>-62407702</期初基金餘額>
　　　　　　<解繳國庫>0</解繳國庫>
　　　　　　<期末基金餘額>-63627898</期末基金餘額>
　　　　</ROW>
　　　　<ROW>
　　　　　　<SEQNO>18</SEQNO>
　　　　　　<LEVEL>2</LEVEL>
　　　　　　<BOLD>0</BOLD>
　　　　　　<基金別>花東地區永續發展基金</基金別>
　　　　　　<本年度預算數-基金來源>300000</本年度預算數-基金來源>
　　　　　　<本年度預算數-基金用途>1023150</本年度預算數-基金用途>
　　　　　　<本年度預算數-賸餘短絀>-723150</本年度預算數-賸餘短絀>
　　　　　　<上年度預算數-基金來源>2501700</上年度預算數-基金來源>
　　　　　　<上年度預算數-基金用途>3066131</上年度預算數-基金用途>
　　　　　　<上年度預算數-賸餘短絀>-564431</上年度預算數-賸餘短絀>
　　　　　　<本年度與上年度比較-基金來源>-2201700</本年度與上年度比較-基金來源>
　　　　　　<本年度與上年度比較-基金用途>-2042981</本年度與上年度比較-基金用途>
　　　　　　<本年度與上年度比較-賸餘短絀>-158719</本年度與上年度比較-賸餘短絀>
　　　　　　<期初基金餘額>5913953</期初基金餘額>
　　　　　　<解繳國庫>0</解繳國庫>
　　　　　　<期末基金餘額>5190803</期末基金餘額>
　　　　</ROW>
　　　　<ROW>
　　　　　　<SEQNO>19</SEQNO>
　　　　　　<LEVEL>2</LEVEL>
　　　　　　<BOLD>0</BOLD>
　　　　　　<基金別>外籍配偶照顧輔導基金</基金別>
　　　　　　<本年度預算數-基金來源>4800</本年度預算數-基金來源>
　　　　　　<本年度預算數-基金用途>279979</本年度預算數-基金用途>
　　　　　　<本年度預算數-賸餘短絀>-275179</本年度預算數-賸餘短絀>
　　　　　　<上年度預算數-基金來源>335700</上年度預算數-基金來源>
　　　　　　<上年度預算數-基金用途>454088</上年度預算數-基金用途>
　　　　　　<上年度預算數-賸餘短絀>-118388</上年度預算數-賸餘短絀>
　　　　　　<本年度與上年度比較-基金來源>-330900</本年度與上年度比較-基金來源>
　　　　　　<本年度與上年度比較-基金用途>-174109</本年度與上年度比較-基金用途>
　　　　　　<本年度與上年度比較-賸餘短絀>-156791</本年度與上年度比較-賸餘短絀>
　　　　　　<期初基金餘額>930296</期初基金餘額>
　　　　　　<解繳國庫>0</解繳國庫>
　　　　　　<期末基金餘額>655117</期末基金餘額>
　　　　</ROW>
　　　　<ROW>
　　　　　　<SEQNO>20</SEQNO>
　　　　　　<LEVEL>2</LEVEL>
　　　　　　<BOLD>0</BOLD>
　　　　　　<基金別>研發替代役基金</基金別>
　　　　　　<本年度預算數-基金來源>1590080</本年度預算數-基金來源>
　　　　　　<本年度預算數-基金用途>1527333</本年度預算數-基金用途>
　　　　　　<本年度預算數-賸餘短絀>62747</本年度預算數-賸餘短絀>
　　　　　　<上年度預算數-基金來源>1620204</上年度預算數-基金來源>
　　　　　　<上年度預算數-基金用途>1461192</上年度預算數-基金用途>
　　　　　　<上年度預算數-賸餘短絀>159012</上年度預算數-賸餘短絀>
　　　　　　<本年度與上年度比較-基金來源>-30124</本年度與上年度比較-基金來源>
　　　　　　<本年度與上年度比較-基金用途>66141</本年度與上年度比較-基金用途>
　　　　　　<本年度與上年度比較-賸餘短絀>-96265</本年度與上年度比較-賸餘短絀>
　　　　　　<期初基金餘額>901697</期初基金餘額>
　　　　　　<解繳國庫>0</解繳國庫>
　　　　　　<期末基金餘額>964444</期末基金餘額>
　　　　</ROW>
　　　　<ROW>
　　　　　　<SEQNO>21</SEQNO>
　　　　　　<LEVEL>2</LEVEL>
　　　　　　<BOLD>0</BOLD>
　　　　　　<基金別>警察消防海巡移民空勤人員及協勤民力安全基金</基金別>
　　　　　　<本年度預算數-基金來源>104055</本年度預算數-基金來源>
　　　　　　<本年度預算數-基金用途>19046</本年度預算數-基金用途>
　　　　　　<本年度預算數-賸餘短絀>85009</本年度預算數-賸餘短絀>
　　　　　　<上年度預算數-基金來源>105378</上年度預算數-基金來源>
　　　　　　<上年度預算數-基金用途>20271</上年度預算數-基金用途>
　　　　　　<上年度預算數-賸餘短絀>85107</上年度預算數-賸餘短絀>
　　　　　　<本年度與上年度比較-基金來源>-1323</本年度與上年度比較-基金來源>
　　　　　　<本年度與上年度比較-基金用途>-1225</本年度與上年度比較-基金用途>
　　　　　　<本年度與上年度比較-賸餘短絀>-98</本年度與上年度比較-賸餘短絀>
　　　　　　<期初基金餘額>717918</期初基金餘額>
　　　　　　<解繳國庫>0</解繳國庫>
　　　　　　<期末基金餘額>802927</期末基金餘額>
　　　　</ROW>
　　　　<ROW>
　　　　　　<SEQNO>22</SEQNO>
　　　　　　<LEVEL>2</LEVEL>
　　　　　　<BOLD>0</BOLD>
　　　　　　<基金別>學產基金</基金別>
　　　　　　<本年度預算數-基金來源>784124</本年度預算數-基金來源>
　　　　　　<本年度預算數-基金用途>1516989</本年度預算數-基金用途>
　　　　　　<本年度預算數-賸餘短絀>-732865</本年度預算數-賸餘短絀>
　　　　　　<上年度預算數-基金來源>894366</上年度預算數-基金來源>
　　　　　　<上年度預算數-基金用途>1332630</上年度預算數-基金用途>
　　　　　　<上年度預算數-賸餘短絀>-438264</上年度預算數-賸餘短絀>
　　　　　　<本年度與上年度比較-基金來源>-110242</本年度與上年度比較-基金來源>
　　　　　　<本年度與上年度比較-基金用途>184359</本年度與上年度比較-基金用途>
　　　　　　<本年度與上年度比較-賸餘短絀>-294601</本年度與上年度比較-賸餘短絀>
　　　　　　<期初基金餘額>7310876</期初基金餘額>
　　　　　　<解繳國庫>0</解繳國庫>
　　　　　　<期末基金餘額>6578011</期末基金餘額>
　　　　</ROW>
　　　　<ROW>
　　　　　　<SEQNO>23</SEQNO>
　　　　　　<LEVEL>2</LEVEL>
　　　　　　<BOLD>0</BOLD>
　　　　　　<基金別>運動發展基金</基金別>
　　　　　　<本年度預算數-基金來源>1487250</本年度預算數-基金來源>
　　　　　　<本年度預算數-基金用途>1962165</本年度預算數-基金用途>
　　　　　　<本年度預算數-賸餘短絀>-474915</本年度預算數-賸餘短絀>
　　　　　　<上年度預算數-基金來源>1421110</上年度預算數-基金來源>
　　　　　　<上年度預算數-基金用途>2226590</上年度預算數-基金用途>
　　　　　　<上年度預算數-賸餘短絀>-805480</上年度預算數-賸餘短絀>
　　　　　　<本年度與上年度比較-基金來源>66140</本年度與上年度比較-基金來源>
　　　　　　<本年度與上年度比較-基金用途>-264425</本年度與上年度比較-基金用途>
　　　　　　<本年度與上年度比較-賸餘短絀>330565</本年度與上年度比較-賸餘短絀>
　　　　　　<期初基金餘額>9952320</期初基金餘額>
　　　　　　<解繳國庫>0</解繳國庫>
　　　　　　<期末基金餘額>9477405</期末基金餘額>
　　　　</ROW>
　　　　<ROW>
　　　　　　<SEQNO>24</SEQNO>
　　　　　　<LEVEL>2</LEVEL>
　　　　　　<BOLD>0</BOLD>
　　　　　　<基金別>經濟特別收入基金</基金別>
　　　　　　<本年度預算數-基金來源>18322383</本年度預算數-基金來源>
　　　　　　<本年度預算數-基金用途>19679448</本年度預算數-基金用途>
　　　　　　<本年度預算數-賸餘短絀>-1357065</本年度預算數-賸餘短絀>
　　　　　　<上年度預算數-基金來源>15401495</上年度預算數-基金來源>
　　　　　　<上年度預算數-基金用途>17908250</上年度預算數-基金用途>
　　　　　　<上年度預算數-賸餘短絀>-2506755</上年度預算數-賸餘短絀>
　　　　　　<本年度與上年度比較-基金來源>2920888</本年度與上年度比較-基金來源>
　　　　　　<本年度與上年度比較-基金用途>1771198</本年度與上年度比較-基金用途>
　　　　　　<本年度與上年度比較-賸餘短絀>1149690</本年度與上年度比較-賸餘短絀>
　　　　　　<期初基金餘額>19473951</期初基金餘額>
　　　　　　<解繳國庫>0</解繳國庫>
　　　　　　<期末基金餘額>18116886</期末基金餘額>
　　　　</ROW>
　　　　<ROW>
　　　　　　<SEQNO>25</SEQNO>
　　　　　　<LEVEL>2</LEVEL>
　　　　　　<BOLD>0</BOLD>
　　　　　　<基金別>核能發電後端營運基金</基金別>
　　　　　　<本年度預算數-基金來源>10806443</本年度預算數-基金來源>
　　　　　　<本年度預算數-基金用途>3272778</本年度預算數-基金用途>
　　　　　　<本年度預算數-賸餘短絀>7533665</本年度預算數-賸餘短絀>
　　　　　　<上年度預算數-基金來源>10367106</上年度預算數-基金來源>
　　　　　　<上年度預算數-基金用途>1554665</上年度預算數-基金用途>
　　　　　　<上年度預算數-賸餘短絀>8812441</上年度預算數-賸餘短絀>
　　　　　　<本年度與上年度比較-基金來源>439337</本年度與上年度比較-基金來源>
　　　　　　<本年度與上年度比較-基金用途>1718113</本年度與上年度比較-基金用途>
　　　　　　<本年度與上年度比較-賸餘短絀>-1278776</本年度與上年度比較-賸餘短絀>
　　　　　　<期初基金餘額>242442804</期初基金餘額>
　　　　　　<解繳國庫>0</解繳國庫>
　　　　　　<期末基金餘額>249976469</期末基金餘額>
　　　　</ROW>
　　　　<ROW>
　　　　　　<SEQNO>26</SEQNO>
　　　　　　<LEVEL>2</LEVEL>
　　　　　　<BOLD>0</BOLD>
　　　　　　<基金別>地方產業發展基金</基金別>
　　　　　　<本年度預算數-基金來源>10756</本年度預算數-基金來源>
　　　　　　<本年度預算數-基金用途>313899</本年度預算數-基金用途>
　　　　　　<本年度預算數-賸餘短絀>-303143</本年度預算數-賸餘短絀>
　　　　　　<上年度預算數-基金來源>12388</上年度預算數-基金來源>
　　　　　　<上年度預算數-基金用途>453399</上年度預算數-基金用途>
　　　　　　<上年度預算數-賸餘短絀>-441011</上年度預算數-賸餘短絀>
　　　　　　<本年度與上年度比較-基金來源>-1632</本年度與上年度比較-基金來源>
　　　　　　<本年度與上年度比較-基金用途>-139500</本年度與上年度比較-基金用途>
　　　　　　<本年度與上年度比較-賸餘短絀>137868</本年度與上年度比較-賸餘短絀>
　　　　　　<期初基金餘額>743321</期初基金餘額>
　　　　　　<解繳國庫>0</解繳國庫>
　　　　　　<期末基金餘額>440178</期末基金餘額>
　　　　</ROW>
　　　　<ROW>
　　　　　　<SEQNO>27</SEQNO>
　　　　　　<LEVEL>2</LEVEL>
　　　　　　<BOLD>0</BOLD>
　　　　　　<基金別>航港建設基金</基金別>
　　　　　　<本年度預算數-基金來源>8183096</本年度預算數-基金來源>
　　　　　　<本年度預算數-基金用途>8867075</本年度預算數-基金用途>
　　　　　　<本年度預算數-賸餘短絀>-683979</本年度預算數-賸餘短絀>
　　　　　　<上年度預算數-基金來源>7975846</上年度預算數-基金來源>
　　　　　　<上年度預算數-基金用途>8091665</上年度預算數-基金用途>
　　　　　　<上年度預算數-賸餘短絀>-115819</上年度預算數-賸餘短絀>
　　　　　　<本年度與上年度比較-基金來源>207250</本年度與上年度比較-基金來源>
　　　　　　<本年度與上年度比較-基金用途>775410</本年度與上年度比較-基金用途>
　　　　　　<本年度與上年度比較-賸餘短絀>-568160</本年度與上年度比較-賸餘短絀>
　　　　　　<期初基金餘額>17753547</期初基金餘額>
　　　　　　<解繳國庫>1634399</解繳國庫>
　　　　　　<期末基金餘額>15435169</期末基金餘額>
　　　　</ROW>
　　　　<ROW>
　　　　　　<SEQNO>28</SEQNO>
　　　　　　<LEVEL>2</LEVEL>
　　　　　　<BOLD>0</BOLD>
　　　　　　<基金別>核子事故緊急應變基金</基金別>
　　　　　　<本年度預算數-基金來源>163930</本年度預算數-基金來源>
　　　　　　<本年度預算數-基金用途>118862</本年度預算數-基金用途>
　　　　　　<本年度預算數-賸餘短絀>45068</本年度預算數-賸餘短絀>
　　　　　　<上年度預算數-基金來源>163429</上年度預算數-基金來源>
　　　　　　<上年度預算數-基金用途>123034</上年度預算數-基金用途>
　　　　　　<上年度預算數-賸餘短絀>40395</上年度預算數-賸餘短絀>
　　　　　　<本年度與上年度比較-基金來源>501</本年度與上年度比較-基金來源>
　　　　　　<本年度與上年度比較-基金用途>-4172</本年度與上年度比較-基金用途>
　　　　　　<本年度與上年度比較-賸餘短絀>4673</本年度與上年度比較-賸餘短絀>
　　　　　　<期初基金餘額>204414</期初基金餘額>
　　　　　　<解繳國庫>0</解繳國庫>
　　　　　　<期末基金餘額>249482</期末基金餘額>
　　　　</ROW>
　　　　<ROW>
　　　　　　<SEQNO>29</SEQNO>
　　　　　　<LEVEL>2</LEVEL>
　　　　　　<BOLD>0</BOLD>
　　　　　　<基金別>農業特別收入基金</基金別>
　　　　　　<本年度預算數-基金來源>49935786</本年度預算數-基金來源>
　　　　　　<本年度預算數-基金用途>38907263</本年度預算數-基金用途>
　　　　　　<本年度預算數-賸餘短絀>11028523</本年度預算數-賸餘短絀>
　　　　　　<上年度預算數-基金來源>48839074</上年度預算數-基金來源>
　　　　　　<上年度預算數-基金用途>38591689</上年度預算數-基金用途>
　　　　　　<上年度預算數-賸餘短絀>10247385</上年度預算數-賸餘短絀>
　　　　　　<本年度與上年度比較-基金來源>1096712</本年度與上年度比較-基金來源>
　　　　　　<本年度與上年度比較-基金用途>315574</本年度與上年度比較-基金用途>
　　　　　　<本年度與上年度比較-賸餘短絀>781138</本年度與上年度比較-賸餘短絀>
　　　　　　<期初基金餘額>34383192</期初基金餘額>
　　　　　　<解繳國庫>0</解繳國庫>
　　　　　　<期末基金餘額>45411715</期末基金餘額>
　　　　</ROW>
　　　　<ROW>
　　　　　　<SEQNO>30</SEQNO>
　　　　　　<LEVEL>2</LEVEL>
　　　　　　<BOLD>0</BOLD>
　　　　　　<基金別>就業安定基金</基金別>
　　　　　　<本年度預算數-基金來源>16763130</本年度預算數-基金來源>
　　　　　　<本年度預算數-基金用途>16642982</本年度預算數-基金用途>
　　　　　　<本年度預算數-賸餘短絀>120148</本年度預算數-賸餘短絀>
　　　　　　<上年度預算數-基金來源>14260965</上年度預算數-基金來源>
　　　　　　<上年度預算數-基金用途>16504115</上年度預算數-基金用途>
　　　　　　<上年度預算數-賸餘短絀>-2243150</上年度預算數-賸餘短絀>
　　　　　　<本年度與上年度比較-基金來源>2502165</本年度與上年度比較-基金來源>
　　　　　　<本年度與上年度比較-基金用途>138867</本年度與上年度比較-基金用途>
　　　　　　<本年度與上年度比較-賸餘短絀>2363298</本年度與上年度比較-賸餘短絀>
　　　　　　<期初基金餘額>11933805</期初基金餘額>
　　　　　　<解繳國庫>0</解繳國庫>
　　　　　　<期末基金餘額>12053953</期末基金餘額>
　　　　</ROW>
　　　　<ROW>
　　　　　　<SEQNO>31</SEQNO>
　　　　　　<LEVEL>2</LEVEL>
　　　　　　<BOLD>0</BOLD>
　　　　　　<基金別>健康照護基金</基金別>
　　　　　　<本年度預算數-基金來源>10132573</本年度預算數-基金來源>
　　　　　　<本年度預算數-基金用途>16300799</本年度預算數-基金用途>
　　　　　　<本年度預算數-賸餘短絀>-6168226</本年度預算數-賸餘短絀>
　　　　　　<上年度預算數-基金來源>8924883</上年度預算數-基金來源>
　　　　　　<上年度預算數-基金用途>15094143</上年度預算數-基金用途>
　　　　　　<上年度預算數-賸餘短絀>-6169260</上年度預算數-賸餘短絀>
　　　　　　<本年度與上年度比較-基金來源>1207690</本年度與上年度比較-基金來源>
　　　　　　<本年度與上年度比較-基金用途>1206656</本年度與上年度比較-基金用途>
　　　　　　<本年度與上年度比較-賸餘短絀>1034</本年度與上年度比較-賸餘短絀>
　　　　　　<期初基金餘額>9206475</期初基金餘額>
　　　　　　<解繳國庫>0</解繳國庫>
　　　　　　<期末基金餘額>3038249</期末基金餘額>
　　　　</ROW>
　　　　<ROW>
　　　　　　<SEQNO>32</SEQNO>
　　　　　　<LEVEL>2</LEVEL>
　　　　　　<BOLD>0</BOLD>
　　　　　　<基金別>社會福利基金</基金別>
　　　　　　<本年度預算數-基金來源>2690436</本年度預算數-基金來源>
　　　　　　<本年度預算數-基金用途>3197024</本年度預算數-基金用途>
　　　　　　<本年度預算數-賸餘短絀>-506588</本年度預算數-賸餘短絀>
　　　　　　<上年度預算數-基金來源>2533348</上年度預算數-基金來源>
　　　　　　<上年度預算數-基金用途>3117438</上年度預算數-基金用途>
　　　　　　<上年度預算數-賸餘短絀>-584090</上年度預算數-賸餘短絀>
　　　　　　<本年度與上年度比較-基金來源>157088</本年度與上年度比較-基金來源>
　　　　　　<本年度與上年度比較-基金用途>79586</本年度與上年度比較-基金用途>
　　　　　　<本年度與上年度比較-賸餘短絀>77502</本年度與上年度比較-賸餘短絀>
　　　　　　<期初基金餘額>1982219</期初基金餘額>
　　　　　　<解繳國庫>0</解繳國庫>
　　　　　　<期末基金餘額>1475631</期末基金餘額>
　　　　</ROW>
　　　　<ROW>
　　　　　　<SEQNO>33</SEQNO>
　　　　　　<LEVEL>2</LEVEL>
　　　　　　<BOLD>0</BOLD>
　　　　　　<基金別>環境保護基金</基金別>
　　　　　　<本年度預算數-基金來源>6484339</本年度預算數-基金來源>
　　　　　　<本年度預算數-基金用途>7294176</本年度預算數-基金用途>
　　　　　　<本年度預算數-賸餘短絀>-809837</本年度預算數-賸餘短絀>
　　　　　　<上年度預算數-基金來源>6606945</上年度預算數-基金來源>
　　　　　　<上年度預算數-基金用途>7297097</上年度預算數-基金用途>
　　　　　　<上年度預算數-賸餘短絀>-690152</上年度預算數-賸餘短絀>
　　　　　　<本年度與上年度比較-基金來源>-122606</本年度與上年度比較-基金來源>
　　　　　　<本年度與上年度比較-基金用途>-2921</本年度與上年度比較-基金用途>
　　　　　　<本年度與上年度比較-賸餘短絀>-119685</本年度與上年度比較-賸餘短絀>
　　　　　　<期初基金餘額>13339743</期初基金餘額>
　　　　　　<解繳國庫>0</解繳國庫>
　　　　　　<期末基金餘額>12529906</期末基金餘額>
　　　　</ROW>
　　　　<ROW>
　　　　　　<SEQNO>34</SEQNO>
　　　　　　<LEVEL>2</LEVEL>
　　　　　　<BOLD>0</BOLD>
　　　　　　<基金別>金融監督管理基金</基金別>
　　　　　　<本年度預算數-基金來源>25349666</本年度預算數-基金來源>
　　　　　　<本年度預算數-基金用途>24912520</本年度預算數-基金用途>
　　　　　　<本年度預算數-賸餘短絀>437146</本年度預算數-賸餘短絀>
　　　　　　<上年度預算數-基金來源>8617584</上年度預算數-基金來源>
　　　　　　<上年度預算數-基金用途>8213722</上年度預算數-基金用途>
　　　　　　<上年度預算數-賸餘短絀>403862</上年度預算數-賸餘短絀>
　　　　　　<本年度與上年度比較-基金來源>16732082</本年度與上年度比較-基金來源>
　　　　　　<本年度與上年度比較-基金用途>16698798</本年度與上年度比較-基金用途>
　　　　　　<本年度與上年度比較-賸餘短絀>33284</本年度與上年度比較-賸餘短絀>
　　　　　　<期初基金餘額>1004984</期初基金餘額>
　　　　　　<解繳國庫>659228</解繳國庫>
　　　　　　<期末基金餘額>782902</期末基金餘額>
　　　　</ROW>
　　　　<ROW>
　　　　　　<SEQNO>35</SEQNO>
　　　　　　<LEVEL>2</LEVEL>
　　　　　　<BOLD>0</BOLD>
　　　　　　<基金別>通訊傳播監督管理基金</基金別>
　　　　　　<本年度預算數-基金來源>460019</本年度預算數-基金來源>
　　　　　　<本年度預算數-基金用途>402686</本年度預算數-基金用途>
　　　　　　<本年度預算數-賸餘短絀>57333</本年度預算數-賸餘短絀>
　　　　　　<上年度預算數-基金來源>495943</上年度預算數-基金來源>
　　　　　　<上年度預算數-基金用途>480833</上年度預算數-基金用途>
　　　　　　<上年度預算數-賸餘短絀>15110</上年度預算數-賸餘短絀>
　　　　　　<本年度與上年度比較-基金來源>-35924</本年度與上年度比較-基金來源>
　　　　　　<本年度與上年度比較-基金用途>-78147</本年度與上年度比較-基金用途>
　　　　　　<本年度與上年度比較-賸餘短絀>42223</本年度與上年度比較-賸餘短絀>
　　　　　　<期初基金餘額>1002545</期初基金餘額>
　　　　　　<解繳國庫>0</解繳國庫>
　　　　　　<期末基金餘額>1059878</期末基金餘額>
　　　　</ROW>
　　　　<ROW>
　　　　　　<SEQNO>36</SEQNO>
　　　　　　<LEVEL>2</LEVEL>
　　　　　　<BOLD>0</BOLD>
　　　　　　<基金別>有線廣播電視事業發展基金</基金別>
　　　　　　<本年度預算數-基金來源>368383</本年度預算數-基金來源>
　　　　　　<本年度預算數-基金用途>634422</本年度預算數-基金用途>
　　　　　　<本年度預算數-賸餘短絀>-266039</本年度預算數-賸餘短絀>
　　　　　　<上年度預算數-基金來源>369318</上年度預算數-基金來源>
　　　　　　<上年度預算數-基金用途>713844</上年度預算數-基金用途>
　　　　　　<上年度預算數-賸餘短絀>-344526</上年度預算數-賸餘短絀>
　　　　　　<本年度與上年度比較-基金來源>-935</本年度與上年度比較-基金來源>
　　　　　　<本年度與上年度比較-基金用途>-79422</本年度與上年度比較-基金用途>
　　　　　　<本年度與上年度比較-賸餘短絀>78487</本年度與上年度比較-賸餘短絀>
　　　　　　<期初基金餘額>304680</期初基金餘額>
　　　　　　<解繳國庫>0</解繳國庫>
　　　　　　<期末基金餘額>38641</期末基金餘額>
　　　　</ROW>
　　　　<ROW>
　　　　　　<SEQNO>37</SEQNO>
　　　　　　<LEVEL>99</LEVEL>
　　　　　　<BOLD>0</BOLD>
　　　　　　<基金別>合計</基金別>
　　　　　　<本年度預算數-基金來源>208406931</本年度預算數-基金來源>
　　　　　　<本年度預算數-基金用途>207047479</本年度預算數-基金用途>
　　　　　　<本年度預算數-賸餘短絀>1359452</本年度預算數-賸餘短絀>
　　　　　　<上年度預算數-基金來源>176302160</上年度預算數-基金來源>
　　　　　　<上年度預算數-基金用途>176646407</上年度預算數-基金用途>
　　　　　　<上年度預算數-賸餘短絀>-344247</上年度預算數-賸餘短絀>
　　　　　　<本年度與上年度比較-基金來源>32104771</本年度與上年度比較-基金來源>
　　　　　　<本年度與上年度比較-基金用途>30401072</本年度與上年度比較-基金用途>
　　　　　　<本年度與上年度比較-賸餘短絀>1703699</本年度與上年度比較-賸餘短絀>
　　　　　　<期初基金餘額>330360436</期初基金餘額>
　　　　　　<解繳國庫>2293627</解繳國庫>
　　　　　　<期末基金餘額>329426261</期末基金餘額>
　　　　</ROW>
　　</DataSet>
</GenericData>

