<?xml version="1.0" encoding="UTF-8"?>
<tables>
    <BCME3460>
        <BCME3460_row>
            <budgetno>00020000000</budgetno>
            <b_level>00</b_level>
            <budgetname>總統府主管</budgetname>
            <damt1>2679012000.00</damt1>
            <damt2>5308407000.00</damt2>
            <damt3>1573471000.00</damt3>
            <damt4>0.00</damt4>
            <damt5>5410000.00</damt5>
            <damt6>9566300000.00</damt6>
            <damt7>0.00</damt7>
            <damt8>5972987000.00</damt8>
            <damt9>0.00</damt9>
            <damt10>0.00</damt10>
            <damt11>5972987000.00</damt11>
            <damt12>15539287000.00</damt12>
            <no1>01</no1>
            <no2>00</no2>
            <no3>00</no3>
            <no4>00</no4>
            <budgetno_conver>0002000000</budgetno_conver>
            <bnorder>0200000000000</bnorder>
            <ba_budgetsource>1</ba_budgetsource>
        </BCME3460_row>
        <BCME3460_row>
            <budgetno>00020400000</budgetno>
            <b_level>10</b_level>
            <budgetname>中央研究院</budgetname>
            <damt1>2679012000.00</damt1>
            <damt2>5308407000.00</damt2>
            <damt3>1573471000.00</damt3>
            <damt4>0.00</damt4>
            <damt5>5410000.00</damt5>
            <damt6>9566300000.00</damt6>
            <damt7>0.00</damt7>
            <damt8>5972987000.00</damt8>
            <damt9>0.00</damt9>
            <damt10>0.00</damt10>
            <damt11>5972987000.00</damt11>
            <damt12>15539287000.00</damt12>
            <no1>01</no1>
            <no2>05</no2>
            <no3>00</no3>
            <no4>00</no4>
            <budgetno_conver>0002400000</budgetno_conver>
            <bnorder>0204000000000</bnorder>
            <ba_budgetsource>1</ba_budgetsource>
        </BCME3460_row>
        <BCME3460_row>
            <budgetno>52020400000</budgetno>
            <b_level>20</b_level>
            <budgetname>科學支出</budgetname>
            <damt1>2679012000.00</damt1>
            <damt2>5308407000.00</damt2>
            <damt3>1573471000.00</damt3>
            <damt4>0.00</damt4>
            <damt5>5410000.00</damt5>
            <damt6>9566300000.00</damt6>
            <damt7>0.00</damt7>
            <damt8>5972987000.00</damt8>
            <damt9>0.00</damt9>
            <damt10>0.00</damt10>
            <damt11>5972987000.00</damt11>
            <damt12>15539287000.00</damt12>
            <no1>01</no1>
            <no2>05</no2>
            <no3>00</no3>
            <no4>00</no4>
            <budgetno_conver>5202400000</budgetno_conver>
            <bnorder>0204000520000</bnorder>
            <ba_budgetsource>1</ba_budgetsource>
        </BCME3460_row>
        <BCME3460_row>
            <budgetno>52020400100</budgetno>
            <b_level>30</b_level>
            <budgetname>一般行政</budgetname>
            <damt1>206044000.00</damt1>
            <damt2>175749000.00</damt2>
            <damt3>1950000.00</damt3>
            <damt4>0.00</damt4>
            <damt5>0.00</damt5>
            <damt6>383743000.00</damt6>
            <damt7>0.00</damt7>
            <damt8>27970000.00</damt8>
            <damt9>0.00</damt9>
            <damt10>0.00</damt10>
            <damt11>27970000.00</damt11>
            <damt12>411713000.00</damt12>
            <no1>01</no1>
            <no2>05</no2>
            <no3>01</no3>
            <no4>00</no4>
            <budgetno_conver>5202400100</budgetno_conver>
            <bnorder>0204000520100</bnorder>
            <ba_budgetsource>1</ba_budgetsource>
        </BCME3460_row>
        <BCME3460_row>
            <budgetno>52020401000</budgetno>
            <b_level>30</b_level>
            <budgetname>一般學術研究及評議</budgetname>
            <damt1>2472968000.00</damt1>
            <damt2>1739142000.00</damt2>
            <damt3>1444106000.00</damt3>
            <damt4>0.00</damt4>
            <damt5>0.00</damt5>
            <damt6>5656216000.00</damt6>
            <damt7>0.00</damt7>
            <damt8>455896000.00</damt8>
            <damt9>0.00</damt9>
            <damt10>0.00</damt10>
            <damt11>455896000.00</damt11>
            <damt12>6112112000.00</damt12>
            <no1>01</no1>
            <no2>05</no2>
            <no3>02</no3>
            <no4>00</no4>
            <budgetno_conver>5202401000</budgetno_conver>
            <bnorder>0204000521000</bnorder>
            <ba_budgetsource>1</ba_budgetsource>
        </BCME3460_row>
        <BCME3460_row>
            <budgetno>52020401020</budgetno>
            <b_level>40</b_level>
            <budgetname>學術審議及研究獎助</budgetname>
            <damt1>2472968000.00</damt1>
            <damt2>222196000.00</damt2>
            <damt3>119448000.00</damt3>
            <damt4>0.00</damt4>
            <damt5>0.00</damt5>
            <damt6>2814612000.00</damt6>
            <damt7>0.00</damt7>
            <damt8>178554000.00</damt8>
            <damt9>0.00</damt9>
            <damt10>0.00</damt10>
            <damt11>178554000.00</damt11>
            <damt12>2993166000.00</damt12>
            <no1>01</no1>
            <no2>05</no2>
            <no3>02</no3>
            <no4>01</no4>
            <budgetno_conver>5202401020</budgetno_conver>
            <bnorder>0204000521020</bnorder>
            <ba_budgetsource>1</ba_budgetsource>
        </BCME3460_row>
        <BCME3460_row>
            <budgetno>52020401023</budgetno>
            <b_level>40</b_level>
            <budgetname>主題研究與人才培育</budgetname>
            <damt1>0.00</damt1>
            <damt2>1516946000.00</damt2>
            <damt3>1324658000.00</damt3>
            <damt4>0.00</damt4>
            <damt5>0.00</damt5>
            <damt6>2841604000.00</damt6>
            <damt7>0.00</damt7>
            <damt8>277342000.00</damt8>
            <damt9>0.00</damt9>
            <damt10>0.00</damt10>
            <damt11>277342000.00</damt11>
            <damt12>3118946000.00</damt12>
            <no1>01</no1>
            <no2>05</no2>
            <no3>02</no3>
            <no4>02</no4>
            <budgetno_conver>5202401023</budgetno_conver>
            <bnorder>0204000521023</bnorder>
            <ba_budgetsource>1</ba_budgetsource>
        </BCME3460_row>
        <BCME3460_row>
            <budgetno>52020402000</budgetno>
            <b_level>30</b_level>
            <budgetname>自然及人文社會科學研究</budgetname>
            <damt1>0.00</damt1>
            <damt2>3393516000.00</damt2>
            <damt3>127415000.00</damt3>
            <damt4>0.00</damt4>
            <damt5>0.00</damt5>
            <damt6>3520931000.00</damt6>
            <damt7>0.00</damt7>
            <damt8>970063000.00</damt8>
            <damt9>0.00</damt9>
            <damt10>0.00</damt10>
            <damt11>970063000.00</damt11>
            <damt12>4490994000.00</damt12>
            <no1>01</no1>
            <no2>05</no2>
            <no3>03</no3>
            <no4>00</no4>
            <budgetno_conver>5202402000</budgetno_conver>
            <bnorder>0204000522000</bnorder>
            <ba_budgetsource>1</ba_budgetsource>
        </BCME3460_row>
        <BCME3460_row>
            <budgetno>52020402010</budgetno>
            <b_level>40</b_level>
            <budgetname>數理科學研究</budgetname>
            <damt1>0.00</damt1>
            <damt2>1211338000.00</damt2>
            <damt3>31985000.00</damt3>
            <damt4>0.00</damt4>
            <damt5>0.00</damt5>
            <damt6>1243323000.00</damt6>
            <damt7>0.00</damt7>
            <damt8>476389000.00</damt8>
            <damt9>0.00</damt9>
            <damt10>0.00</damt10>
            <damt11>476389000.00</damt11>
            <damt12>1719712000.00</damt12>
            <no1>01</no1>
            <no2>05</no2>
            <no3>03</no3>
            <no4>01</no4>
            <budgetno_conver>5202402010</budgetno_conver>
            <bnorder>0204000522010</bnorder>
            <ba_budgetsource>1</ba_budgetsource>
        </BCME3460_row>
        <BCME3460_row>
            <budgetno>52020402020</budgetno>
            <b_level>40</b_level>
            <budgetname>生命科學研究</budgetname>
            <damt1>0.00</damt1>
            <damt2>1462709000.00</damt2>
            <damt3>69590000.00</damt3>
            <damt4>0.00</damt4>
            <damt5>0.00</damt5>
            <damt6>1532299000.00</damt6>
            <damt7>0.00</damt7>
            <damt8>304823000.00</damt8>
            <damt9>0.00</damt9>
            <damt10>0.00</damt10>
            <damt11>304823000.00</damt11>
            <damt12>1837122000.00</damt12>
            <no1>01</no1>
            <no2>05</no2>
            <no3>03</no3>
            <no4>02</no4>
            <budgetno_conver>5202402020</budgetno_conver>
            <bnorder>0204000522020</bnorder>
            <ba_budgetsource>1</ba_budgetsource>
        </BCME3460_row>
        <BCME3460_row>
            <budgetno>52020402030</budgetno>
            <b_level>40</b_level>
            <budgetname>人文及社會科學研究</budgetname>
            <damt1>0.00</damt1>
            <damt2>719469000.00</damt2>
            <damt3>25840000.00</damt3>
            <damt4>0.00</damt4>
            <damt5>0.00</damt5>
            <damt6>745309000.00</damt6>
            <damt7>0.00</damt7>
            <damt8>188851000.00</damt8>
            <damt9>0.00</damt9>
            <damt10>0.00</damt10>
            <damt11>188851000.00</damt11>
            <damt12>934160000.00</damt12>
            <no1>01</no1>
            <no2>05</no2>
            <no3>03</no3>
            <no4>03</no4>
            <budgetno_conver>5202402030</budgetno_conver>
            <bnorder>0204000522030</bnorder>
            <ba_budgetsource>1</ba_budgetsource>
        </BCME3460_row>
        <BCME3460_row>
            <budgetno>52020403000</budgetno>
            <b_level>30</b_level>
            <budgetname>國家生技研究園區</budgetname>
            <damt1>0.00</damt1>
            <damt2>0.00</damt2>
            <damt3>0.00</damt3>
            <damt4>0.00</damt4>
            <damt5>0.00</damt5>
            <damt6>0.00</damt6>
            <damt7>0.00</damt7>
            <damt8>4186058000.00</damt8>
            <damt9>0.00</damt9>
            <damt10>0.00</damt10>
            <damt11>4186058000.00</damt11>
            <damt12>4186058000.00</damt12>
            <no1>01</no1>
            <no2>05</no2>
            <no3>04</no3>
            <no4>00</no4>
            <budgetno_conver>5202403000</budgetno_conver>
            <bnorder>0204000523000</bnorder>
            <ba_budgetsource>1</ba_budgetsource>
        </BCME3460_row>
        <BCME3460_row>
            <budgetno>52020409000</budgetno>
            <b_level>30</b_level>
            <budgetname>一般建築及設備</budgetname>
            <damt1>0.00</damt1>
            <damt2>0.00</damt2>
            <damt3>0.00</damt3>
            <damt4>0.00</damt4>
            <damt5>0.00</damt5>
            <damt6>0.00</damt6>
            <damt7>0.00</damt7>
            <damt8>333000000.00</damt8>
            <damt9>0.00</damt9>
            <damt10>0.00</damt10>
            <damt11>333000000.00</damt11>
            <damt12>333000000.00</damt12>
            <no1>01</no1>
            <no2>05</no2>
            <no3>05</no3>
            <no4>00</no4>
            <budgetno_conver>5202409000</budgetno_conver>
            <bnorder>0204000529000</bnorder>
            <ba_budgetsource>1</ba_budgetsource>
        </BCME3460_row>
        <BCME3460_row>
            <budgetno>52020409002</budgetno>
            <b_level>40</b_level>
            <budgetname>營建工程</budgetname>
            <damt1>0.00</damt1>
            <damt2>0.00</damt2>
            <damt3>0.00</damt3>
            <damt4>0.00</damt4>
            <damt5>0.00</damt5>
            <damt6>0.00</damt6>
            <damt7>0.00</damt7>
            <damt8>333000000.00</damt8>
            <damt9>0.00</damt9>
            <damt10>0.00</damt10>
            <damt11>333000000.00</damt11>
            <damt12>333000000.00</damt12>
            <no1>01</no1>
            <no2>05</no2>
            <no3>05</no3>
            <no4>01</no4>
            <budgetno_conver>5202409002</budgetno_conver>
            <bnorder>0204000529002</bnorder>
            <ba_budgetsource>1</ba_budgetsource>
        </BCME3460_row>
        <BCME3460_row>
            <budgetno>52020409800</budgetno>
            <b_level>30</b_level>
            <budgetname>第一預備金</budgetname>
            <damt1>0.00</damt1>
            <damt2>0.00</damt2>
            <damt3>0.00</damt3>
            <damt4>0.00</damt4>
            <damt5>5410000.00</damt5>
            <damt6>5410000.00</damt6>
            <damt7>0.00</damt7>
            <damt8>0.00</damt8>
            <damt9>0.00</damt9>
            <damt10>0.00</damt10>
            <damt11>0.00</damt11>
            <damt12>5410000.00</damt12>
            <no1>01</no1>
            <no2>05</no2>
            <no3>06</no3>
            <no4>00</no4>
            <budgetno_conver>5202409800</budgetno_conver>
            <bnorder>0204000529800</bnorder>
            <ba_budgetsource>1</ba_budgetsource>
        </BCME3460_row>
    </BCME3460>
</tables>
