<?xml version="1.0" encoding="UTF-8"?>
<tables>
    <BCTMOFFICE>
        <BCTMOFFICE_row>
            <m33_fiscalyear>104</m33_fiscalyear>
            <m33_reportno>辦公房舍      </m33_reportno>
            <m33_level1>001</m33_level1>
            <m33_level2/>
            <m33_level3/>
            <m33_level4/>
            <m33_objectname>辦公房舍</m33_objectname>
            <m33_objectno>07320100</m33_objectno>
            <m33_detailid>0</m33_detailid>
            <br_fiscalyear>104</br_fiscalyear>
            <br_fundkind>1</br_fundkind>
            <br_budgetkind>1</br_budgetkind>
            <br_specialbudgetno/>
            <br_agenno>02040</br_agenno>
            <br_agentype>C</br_agentype>
            <br_budgetstate>1         </br_budgetstate>
            <br_objectno>07320100  </br_objectno>
            <br_holds1>69</br_holds1>
            <br_area1>372667.90</br_area1>
            <br_bookvalue1>7111945000.00</br_bookvalue1>
            <br_amtyear1>70953000.00</br_amtyear1>
            <br_holds2/>
            <br_area2>0.00</br_area2>
            <br_amtyear2>0.00</br_amtyear2>
            <br_holds3>2</br_holds3>
            <br_deposit>0.00</br_deposit>
            <br_rental>500000.00</br_rental>
            <br_amtyear3>0.00</br_amtyear3>
            <br_area4>374006.75</br_area4>
            <br_deposit4>0.00</br_deposit4>
            <br_rental4>500000.00</br_rental4>
            <br_amtyear4>70953000.00</br_amtyear4>
            <br_versiondate/>
            <br_text/>
        </BCTMOFFICE_row>
        <BCTMOFFICE_row>
            <m33_fiscalyear>104</m33_fiscalyear>
            <m33_reportno>辦公房舍      </m33_reportno>
            <m33_level1>002</m33_level1>
            <m33_level2/>
            <m33_level3/>
            <m33_level4/>
            <m33_objectname>機關宿舍</m33_objectname>
            <m33_objectno>07320200</m33_objectno>
            <m33_detailid>1</m33_detailid>
            <br_fiscalyear>104</br_fiscalyear>
            <br_fundkind>1</br_fundkind>
            <br_budgetkind>1</br_budgetkind>
            <br_specialbudgetno/>
            <br_agenno>02040</br_agenno>
            <br_agentype>C</br_agentype>
            <br_budgetstate>1         </br_budgetstate>
            <br_objectno>07320200  </br_objectno>
            <br_holds1>272</br_holds1>
            <br_area1>50365.93</br_area1>
            <br_bookvalue1>684053000.00</br_bookvalue1>
            <br_amtyear1>6825000.00</br_amtyear1>
            <br_holds2/>
            <br_area2>0.00</br_area2>
            <br_amtyear2>0.00</br_amtyear2>
            <br_holds3/>
            <br_deposit>0.00</br_deposit>
            <br_rental>0.00</br_rental>
            <br_amtyear3>0.00</br_amtyear3>
            <br_area4>50365.93</br_area4>
            <br_deposit4>0.00</br_deposit4>
            <br_rental4>0.00</br_rental4>
            <br_amtyear4>6825000.00</br_amtyear4>
            <br_versiondate/>
            <br_text/>
        </BCTMOFFICE_row>
        <BCTMOFFICE_row>
            <m33_fiscalyear>104</m33_fiscalyear>
            <m33_reportno>辦公房舍      </m33_reportno>
            <m33_level1>002</m33_level1>
            <m33_level2>001</m33_level2>
            <m33_level3/>
            <m33_level4/>
            <m33_objectname>首長宿舍</m33_objectname>
            <m33_objectno>07320201</m33_objectno>
            <m33_detailid>0</m33_detailid>
            <br_fiscalyear>104</br_fiscalyear>
            <br_fundkind>1</br_fundkind>
            <br_budgetkind>1</br_budgetkind>
            <br_specialbudgetno/>
            <br_agenno>02040</br_agenno>
            <br_agentype>C</br_agentype>
            <br_budgetstate>1         </br_budgetstate>
            <br_objectno>07320201  </br_objectno>
            <br_holds1>1</br_holds1>
            <br_area1>518.93</br_area1>
            <br_bookvalue1>1302000.00</br_bookvalue1>
            <br_amtyear1>13000.00</br_amtyear1>
            <br_holds2/>
            <br_area2>0.00</br_area2>
            <br_amtyear2>0.00</br_amtyear2>
            <br_holds3/>
            <br_deposit>0.00</br_deposit>
            <br_rental>0.00</br_rental>
            <br_amtyear3>0.00</br_amtyear3>
            <br_area4>518.93</br_area4>
            <br_deposit4>0.00</br_deposit4>
            <br_rental4>0.00</br_rental4>
            <br_amtyear4>13000.00</br_amtyear4>
            <br_versiondate/>
            <br_text/>
        </BCTMOFFICE_row>
        <BCTMOFFICE_row>
            <m33_fiscalyear>104</m33_fiscalyear>
            <m33_reportno>辦公房舍      </m33_reportno>
            <m33_level1>002</m33_level1>
            <m33_level2>002</m33_level2>
            <m33_level3/>
            <m33_level4/>
            <m33_objectname>單房間職務宿舍</m33_objectname>
            <m33_objectno>07320202</m33_objectno>
            <m33_detailid>0</m33_detailid>
            <br_fiscalyear>104</br_fiscalyear>
            <br_fundkind>1</br_fundkind>
            <br_budgetkind>1</br_budgetkind>
            <br_specialbudgetno/>
            <br_agenno>02040</br_agenno>
            <br_agentype>C</br_agentype>
            <br_budgetstate>1         </br_budgetstate>
            <br_objectno>07320202  </br_objectno>
            <br_holds1>54</br_holds1>
            <br_area1>3765.80</br_area1>
            <br_bookvalue1>65436000.00</br_bookvalue1>
            <br_amtyear1>653000.00</br_amtyear1>
            <br_holds2/>
            <br_area2>0.00</br_area2>
            <br_amtyear2>0.00</br_amtyear2>
            <br_holds3/>
            <br_deposit>0.00</br_deposit>
            <br_rental>0.00</br_rental>
            <br_amtyear3>0.00</br_amtyear3>
            <br_area4>3765.80</br_area4>
            <br_deposit4>0.00</br_deposit4>
            <br_rental4>0.00</br_rental4>
            <br_amtyear4>653000.00</br_amtyear4>
            <br_versiondate/>
            <br_text/>
        </BCTMOFFICE_row>
        <BCTMOFFICE_row>
            <m33_fiscalyear>104</m33_fiscalyear>
            <m33_reportno>辦公房舍      </m33_reportno>
            <m33_level1>002</m33_level1>
            <m33_level2>003</m33_level2>
            <m33_level3/>
            <m33_level4/>
            <m33_objectname>多房間職務宿舍</m33_objectname>
            <m33_objectno>07320203</m33_objectno>
            <m33_detailid>0</m33_detailid>
            <br_fiscalyear>104</br_fiscalyear>
            <br_fundkind>1</br_fundkind>
            <br_budgetkind>1</br_budgetkind>
            <br_specialbudgetno/>
            <br_agenno>02040</br_agenno>
            <br_agentype>C</br_agentype>
            <br_budgetstate>1         </br_budgetstate>
            <br_objectno>07320203  </br_objectno>
            <br_holds1>217</br_holds1>
            <br_area1>46081.20</br_area1>
            <br_bookvalue1>617315000.00</br_bookvalue1>
            <br_amtyear1>6159000.00</br_amtyear1>
            <br_holds2/>
            <br_area2>0.00</br_area2>
            <br_amtyear2>0.00</br_amtyear2>
            <br_holds3/>
            <br_deposit>0.00</br_deposit>
            <br_rental>0.00</br_rental>
            <br_amtyear3>0.00</br_amtyear3>
            <br_area4>46081.20</br_area4>
            <br_deposit4>0.00</br_deposit4>
            <br_rental4>0.00</br_rental4>
            <br_amtyear4>6159000.00</br_amtyear4>
            <br_versiondate/>
            <br_text/>
        </BCTMOFFICE_row>
        <BCTMOFFICE_row>
            <m33_fiscalyear>104</m33_fiscalyear>
            <m33_reportno>辦公房舍      </m33_reportno>
            <m33_level1>003</m33_level1>
            <m33_level2/>
            <m33_level3/>
            <m33_level4/>
            <m33_objectname>其他　　</m33_objectname>
            <m33_objectno>07321000</m33_objectno>
            <m33_detailid>0</m33_detailid>
            <br_fiscalyear>104</br_fiscalyear>
            <br_fundkind>1</br_fundkind>
            <br_budgetkind>1</br_budgetkind>
            <br_specialbudgetno/>
            <br_agenno>02040</br_agenno>
            <br_agentype>C</br_agentype>
            <br_budgetstate>1         </br_budgetstate>
            <br_objectno>07321000  </br_objectno>
            <br_holds1>84</br_holds1>
            <br_area1>19745.88</br_area1>
            <br_bookvalue1>41711000.00</br_bookvalue1>
            <br_amtyear1>416000.00</br_amtyear1>
            <br_holds2/>
            <br_area2>0.00</br_area2>
            <br_amtyear2>0.00</br_amtyear2>
            <br_holds3/>
            <br_deposit>0.00</br_deposit>
            <br_rental>0.00</br_rental>
            <br_amtyear3>0.00</br_amtyear3>
            <br_area4>19745.88</br_area4>
            <br_deposit4>0.00</br_deposit4>
            <br_rental4>0.00</br_rental4>
            <br_amtyear4>416000.00</br_amtyear4>
            <br_versiondate/>
            <br_text/>
        </BCTMOFFICE_row>
    </BCTMOFFICE>
</tables>
