<?xml version="1.0" encoding="UTF-8"?>
<tables>
    <BCME3410>
        <BCME3410_row>
            <budgetno/>
            <agenno/>
            <agentype/>
            <mh_budgetname>合         計</mh_budgetname>
            <budgetno_conver/>
            <tyear_amt>126075.000000</tyear_amt>
            <lyear_amt>128551.000000</lyear_amt>
            <byear_amt>160890.000000</byear_amt>
            <b_amt>-2476.000000</b_amt>
            <bc_content/>
        </BCME3410_row>
        <BCME3410_row>
            <budgetno>04000000000</budgetno>
            <agenno>02040</agenno>
            <agentype>C</agentype>
            <mh_budgetname>罰款及賠償收入</mh_budgetname>
            <budgetno_conver>0400000000</budgetno_conver>
            <tyear_amt>5000.000000</tyear_amt>
            <lyear_amt>5000.000000</lyear_amt>
            <byear_amt>3614.000000</byear_amt>
            <b_amt>0.000000</b_amt>
            <bc_content/>
        </BCME3410_row>
        <BCME3410_row>
            <budgetno>04020400000</budgetno>
            <agenno>02040</agenno>
            <agentype>C</agentype>
            <mh_budgetname>中央研究院</mh_budgetname>
            <budgetno_conver>0402400000</budgetno_conver>
            <tyear_amt>5000.000000</tyear_amt>
            <lyear_amt>5000.000000</lyear_amt>
            <byear_amt>3614.000000</byear_amt>
            <b_amt>0.000000</b_amt>
            <bc_content/>
        </BCME3410_row>
        <BCME3410_row>
            <budgetno>04020400300</budgetno>
            <agenno>02040</agenno>
            <agentype>C</agentype>
            <mh_budgetname>賠償收入</mh_budgetname>
            <budgetno_conver>0402400300</budgetno_conver>
            <tyear_amt>5000.000000</tyear_amt>
            <lyear_amt>5000.000000</lyear_amt>
            <byear_amt>3614.000000</byear_amt>
            <b_amt>0.000000</b_amt>
            <bc_content/>
        </BCME3410_row>
        <BCME3410_row>
            <budgetno>04020400301</budgetno>
            <agenno>02040</agenno>
            <agentype>C</agentype>
            <mh_budgetname>一般賠償收入</mh_budgetname>
            <budgetno_conver>0402400301</budgetno_conver>
            <tyear_amt>5000.000000</tyear_amt>
            <lyear_amt>5000.000000</lyear_amt>
            <byear_amt>3614.000000</byear_amt>
            <b_amt>0.000000</b_amt>
            <bc_content>本年度預算數係圖書借閱逾期及廠商違約逾期交貨等賠償收入。</bc_content>
        </BCME3410_row>
        <BCME3410_row>
            <budgetno>05000000000</budgetno>
            <agenno>02040</agenno>
            <agentype>C</agentype>
            <mh_budgetname>規費收入</mh_budgetname>
            <budgetno_conver>0500000000</budgetno_conver>
            <tyear_amt>5790.000000</tyear_amt>
            <lyear_amt>5790.000000</lyear_amt>
            <byear_amt>148964.000000</byear_amt>
            <b_amt>0.000000</b_amt>
            <bc_content/>
        </BCME3410_row>
        <BCME3410_row>
            <budgetno>05020400000</budgetno>
            <agenno>02040</agenno>
            <agentype>C</agentype>
            <mh_budgetname>中央研究院</mh_budgetname>
            <budgetno_conver>0502400000</budgetno_conver>
            <tyear_amt>5790.000000</tyear_amt>
            <lyear_amt>5790.000000</lyear_amt>
            <byear_amt>148964.000000</byear_amt>
            <b_amt>0.000000</b_amt>
            <bc_content/>
        </BCME3410_row>
        <BCME3410_row>
            <budgetno>05020400300</budgetno>
            <agenno>02040</agenno>
            <agentype>C</agentype>
            <mh_budgetname>使用規費收入</mh_budgetname>
            <budgetno_conver>0502400300</budgetno_conver>
            <tyear_amt>5790.000000</tyear_amt>
            <lyear_amt>5790.000000</lyear_amt>
            <byear_amt>148964.000000</byear_amt>
            <b_amt>0.000000</b_amt>
            <bc_content/>
        </BCME3410_row>
        <BCME3410_row>
            <budgetno>05020400305</budgetno>
            <agenno>02040</agenno>
            <agentype>C</agentype>
            <mh_budgetname>資料使用費</mh_budgetname>
            <budgetno_conver>0502400305</budgetno_conver>
            <tyear_amt>0.000000</tyear_amt>
            <lyear_amt>0.000000</lyear_amt>
            <byear_amt>14229.000000</byear_amt>
            <b_amt>0.000000</b_amt>
            <bc_content>前年度決算數係出售書刊及微捲複印費等收入。</bc_content>
        </BCME3410_row>
        <BCME3410_row>
            <budgetno>05020400311</budgetno>
            <agenno>02040</agenno>
            <agentype>C</agentype>
            <mh_budgetname>供應費</mh_budgetname>
            <budgetno_conver>0502400311</budgetno_conver>
            <tyear_amt>0.000000</tyear_amt>
            <lyear_amt>0.000000</lyear_amt>
            <byear_amt>1017.000000</byear_amt>
            <b_amt>0.000000</b_amt>
            <bc_content>前年度決算數係出售液態氮收入。</bc_content>
        </BCME3410_row>
        <BCME3410_row>
            <budgetno>05020400312</budgetno>
            <agenno>02040</agenno>
            <agentype>C</agentype>
            <mh_budgetname>場地設施使用費</mh_budgetname>
            <budgetno_conver>0502400312</budgetno_conver>
            <tyear_amt>5790.000000</tyear_amt>
            <lyear_amt>5790.000000</lyear_amt>
            <byear_amt>124435.000000</byear_amt>
            <b_amt>0.000000</b_amt>
            <bc_content>本年度預算數係公用儀器設施使用收入，全數撥充作為使用公用儀器設施之用。</bc_content>
        </BCME3410_row>
        <BCME3410_row>
            <budgetno>05020400313</budgetno>
            <agenno>02040</agenno>
            <agentype>C</agentype>
            <mh_budgetname>服務費</mh_budgetname>
            <budgetno_conver>0502400313</budgetno_conver>
            <tyear_amt>0.000000</tyear_amt>
            <lyear_amt>0.000000</lyear_amt>
            <byear_amt>9283.000000</byear_amt>
            <b_amt>0.000000</b_amt>
            <bc_content>前年度決算數係中央研究院附設幼稚園學雜費收入。</bc_content>
        </BCME3410_row>
        <BCME3410_row>
            <budgetno>07000000000</budgetno>
            <agenno>02040</agenno>
            <agentype>C</agentype>
            <mh_budgetname>財產收入</mh_budgetname>
            <budgetno_conver>0700000000</budgetno_conver>
            <tyear_amt>4430.000000</tyear_amt>
            <lyear_amt>4659.000000</lyear_amt>
            <byear_amt>3820.000000</byear_amt>
            <b_amt>-229.000000</b_amt>
            <bc_content/>
        </BCME3410_row>
        <BCME3410_row>
            <budgetno>07020400000</budgetno>
            <agenno>02040</agenno>
            <agentype>C</agentype>
            <mh_budgetname>中央研究院</mh_budgetname>
            <budgetno_conver>0702400000</budgetno_conver>
            <tyear_amt>4430.000000</tyear_amt>
            <lyear_amt>4659.000000</lyear_amt>
            <byear_amt>3820.000000</byear_amt>
            <b_amt>-229.000000</b_amt>
            <bc_content/>
        </BCME3410_row>
        <BCME3410_row>
            <budgetno>07020400100</budgetno>
            <agenno>02040</agenno>
            <agentype>C</agentype>
            <mh_budgetname>財產孳息</mh_budgetname>
            <budgetno_conver>0702400100</budgetno_conver>
            <tyear_amt>1430.000000</tyear_amt>
            <lyear_amt>1395.000000</lyear_amt>
            <byear_amt>1330.000000</byear_amt>
            <b_amt>35.000000</b_amt>
            <bc_content/>
        </BCME3410_row>
        <BCME3410_row>
            <budgetno>07020400101</budgetno>
            <agenno>02040</agenno>
            <agentype>C</agentype>
            <mh_budgetname>利息收入</mh_budgetname>
            <budgetno_conver>0702400101</budgetno_conver>
            <tyear_amt>0.000000</tyear_amt>
            <lyear_amt>0.000000</lyear_amt>
            <byear_amt>3.000000</byear_amt>
            <b_amt>0.000000</b_amt>
            <bc_content>前年度決算數係學術發展捐助款專戶存款利息收入。</bc_content>
        </BCME3410_row>
        <BCME3410_row>
            <budgetno>07020400106</budgetno>
            <agenno>02040</agenno>
            <agentype>C</agentype>
            <mh_budgetname>租金收入</mh_budgetname>
            <budgetno_conver>0702400106</budgetno_conver>
            <tyear_amt>1430.000000</tyear_amt>
            <lyear_amt>1395.000000</lyear_amt>
            <byear_amt>1327.000000</byear_amt>
            <b_amt>35.000000</b_amt>
            <bc_content>本年度預算數之內容與上年度之比較如下：&#xd;
&lt;#H1&gt;員工消費合作社場地租金收入163千元，較上年度增列1千元。&#xd;
&lt;#H1&gt;郵局場地租金收入273千元，與上年度同。&#xd;
&lt;#H1&gt;中華電信行動電話基地台場地租金收入244千元，較上年度增列4千元。&#xd;
&lt;#H1&gt;便利超商場地租金收入750千元，較上年度增列30千元。</bc_content>
        </BCME3410_row>
        <BCME3410_row>
            <budgetno>07020400600</budgetno>
            <agenno>02040</agenno>
            <agentype>C</agentype>
            <mh_budgetname>廢舊物資售價</mh_budgetname>
            <budgetno_conver>0702400600</budgetno_conver>
            <tyear_amt>3000.000000</tyear_amt>
            <lyear_amt>3264.000000</lyear_amt>
            <byear_amt>2490.000000</byear_amt>
            <b_amt>-264.000000</b_amt>
            <bc_content>本年度預算數係出售報廢財產等收入。</bc_content>
        </BCME3410_row>
        <BCME3410_row>
            <budgetno>11000000000</budgetno>
            <agenno>02040</agenno>
            <agentype>C</agentype>
            <mh_budgetname>其他收入</mh_budgetname>
            <budgetno_conver>1100000000</budgetno_conver>
            <tyear_amt>110855.000000</tyear_amt>
            <lyear_amt>113102.000000</lyear_amt>
            <byear_amt>4492.000000</byear_amt>
            <b_amt>-2247.000000</b_amt>
            <bc_content/>
        </BCME3410_row>
        <BCME3410_row>
            <budgetno>11020400000</budgetno>
            <agenno>02040</agenno>
            <agentype>C</agentype>
            <mh_budgetname>中央研究院</mh_budgetname>
            <budgetno_conver>1102400000</budgetno_conver>
            <tyear_amt>110855.000000</tyear_amt>
            <lyear_amt>113102.000000</lyear_amt>
            <byear_amt>4492.000000</byear_amt>
            <b_amt>-2247.000000</b_amt>
            <bc_content/>
        </BCME3410_row>
        <BCME3410_row>
            <budgetno>11020400900</budgetno>
            <agenno>02040</agenno>
            <agentype>C</agentype>
            <mh_budgetname>雜項收入</mh_budgetname>
            <budgetno_conver>1102400900</budgetno_conver>
            <tyear_amt>110855.000000</tyear_amt>
            <lyear_amt>113102.000000</lyear_amt>
            <byear_amt>4492.000000</byear_amt>
            <b_amt>-2247.000000</b_amt>
            <bc_content/>
        </BCME3410_row>
        <BCME3410_row>
            <budgetno>11020400901</budgetno>
            <agenno>02040</agenno>
            <agentype>C</agentype>
            <mh_budgetname>收回以前年度歲出</mh_budgetname>
            <budgetno_conver>1102400901</budgetno_conver>
            <tyear_amt>2500.000000</tyear_amt>
            <lyear_amt>2500.000000</lyear_amt>
            <byear_amt>1362.000000</byear_amt>
            <b_amt>0.000000</b_amt>
            <bc_content>本年度預算數係收回離職員工薪資、購置書籍及儀器設備賸餘款等繳庫數。</bc_content>
        </BCME3410_row>
        <BCME3410_row>
            <budgetno>11020400909</budgetno>
            <agenno>02040</agenno>
            <agentype>C</agentype>
            <mh_budgetname>其他雜項收入</mh_budgetname>
            <budgetno_conver>1102400909</budgetno_conver>
            <tyear_amt>108355.000000</tyear_amt>
            <lyear_amt>110602.000000</lyear_amt>
            <byear_amt>3129.000000</byear_amt>
            <b_amt>-2247.000000</b_amt>
            <bc_content>本年度預算數係出售書刊、宿舍使用費、活動中心會議室出借等收入。</bc_content>
        </BCME3410_row>
    </BCME3410>
</tables>
