﻿<?xml version="1.0" encoding="UTF-8"?>
<GenericData>
<Header>
<Table Id="fnwxbcshflowr" Name="中華民國100年度法定預算  附屬單位預算（營業部分）現金流量綜計表 (依現金流量項目分列)" Domain="PBA" /> 
<Program Id="PBAGR090"/> 
<Sender Name="行政院主計總處"/>
</Header>
		


<DataSet>
<Row>
<項目>營業活動之現金流量</項目>
<本年度預算數></本年度預算數>
</Row>
<Row>
<項目>本期純益（純損－）</項目>
<本年度預算數>113908144</本年度預算數>
</Row>
<Row>
<項目>調整非現金項目</項目>
<本年度預算數>332043889</本年度預算數>
</Row>
<Row>
<項目>營業活動之淨現金流入（流出－）</項目>
<本年度預算數>445952033</本年度預算數>
</Row>
<Row>
<項目>投資活動之現金流量</項目>
<本年度預算數></本年度預算數>
</Row>
<Row>
<項目>存放央行淨減（淨增－）</項目>
<本年度預算數>-55510691</本年度預算數>
</Row>
<Row>
<項目>流動金融資產淨減（淨增－）</項目>
<本年度預算數>-2990872</本年度預算數>
</Row>
<Row>
<項目>押匯貼現及放款淨減（淨增－）</項目>
<本年度預算數>-39736210</本年度預算數>
</Row>
<Row>
<項目>減少長期投資</項目>
<本年度預算數>903457996</本年度預算數>
</Row>
<Row>
<項目>減少基金及長期應收款</項目>
<本年度預算數>8159729</本年度預算數>
</Row>
<Row>
<項目>減少固定資產及遞耗資產</項目>
<本年度預算數>2442812</本年度預算數>
</Row>
<Row>
<項目>無形資產及其他資產淨減（淨增－）</項目>
<本年度預算數>-47933314</本年度預算數>
</Row>
<Row>
<項目>其他投資活動之現金流入</項目>
<本年度預算數></本年度預算數>
</Row>
<Row>
<項目>增加長期投資</項目>
<本年度預算數>-1181943769</本年度預算數>
</Row>
<Row>
<項目>增加基金及長期應收款</項目>
<本年度預算數>-45151502</本年度預算數>
</Row>
<Row>
<項目>增加固定資產及遞耗資產</項目>
<本年度預算數>-197224991</本年度預算數>
</Row>
<Row>
<項目>其他投資活動之現金流出</項目>
<本年度預算數></本年度預算數>
</Row>
<Row>
<項目>投資活動之淨現金流入（流出－）</項目>
<本年度預算數>-656430812</本年度預算數>
</Row>
<Row>
<項目>融資活動之現金流量</項目>
<本年度預算數></本年度預算數>
</Row>
<Row>
<項目>短期債務淨增（淨減－）</項目>
<本年度預算數>2425528</本年度預算數>
</Row>
<Row>
<項目>流動金融負債淨增（淨減－）</項目>
<本年度預算數>7422070</本年度預算數>
</Row>
<Row>
<項目>存匯款及金融債券淨增（淨減－）</項目>
<本年度預算數>384529296</本年度預算數>
</Row>
<Row>
<項目>央行及同業融資淨增（淨減－）</項目>
<本年度預算數>605890</本年度預算數>
</Row>
<Row>
<項目>增加長期債務</項目>
<本年度預算數>344605049</本年度預算數>
</Row>
<Row>
<項目>增加非流動金融負債</項目>
<本年度預算數>75000</本年度預算數>
</Row>
<Row>
<項目>其他負債淨增（淨減－）</項目>
<本年度預算數>7437236</本年度預算數>
</Row>
<Row>
<項目>增加資本、公積及填補虧損</項目>
<本年度預算數>15970571</本年度預算數>
</Row>
<Row>
<項目>其他融資活動之現金流入</項目>
<本年度預算數></本年度預算數>
</Row>
<Row>
<項目>減少長期債務</項目>
<本年度預算數>-230890223</本年度預算數>
</Row>
<Row>
<項目>減少非流動金融負債</項目>
<本年度預算數>-58024</本年度預算數>
</Row>
<Row>
<項目>減少資本</項目>
<本年度預算數>-1960</本年度預算數>
</Row>
<Row>
<項目>發放現金股利</項目>
<本年度預算數>-211092186</本年度預算數>
</Row>
<Row>
<項目>其他融資活動之現金流出</項目>
<本年度預算數>-988388</本年度預算數>
</Row>
<Row>
<項目>融資活動之淨現金流入（流出－）</項目>
<本年度預算數>320039859</本年度預算數>
</Row>
<Row>
<項目>匯率影響數</項目>
<本年度預算數>9413166</本年度預算數>
</Row>
<Row>
<項目>現金及約當現金之淨增（淨減－）</項目>
<本年度預算數>118974246</本年度預算數>
</Row>
<Row>
<項目>期初現金及約當現金</項目>
<本年度預算數>2491330900</本年度預算數>
</Row>
<Row>
<項目>期末現金及約當現金</項目>
<本年度預算數>2610305146</本年度預算數>
</Row>
<Row>

<備註>註：1.本表係採現金及約當現金基礎，包括現金、存放銀行同業、可自由動用之存放央行及自投資日起3個月內到期或清償之債權證券。2.本表「調整非現金項目」欄所列，包括提列備抵呆帳及損失、提存各項準備、折舊、折耗及減損、攤銷、沖轉遞延負債、兌換損失(利益)、處理資產損失(利益)、債務整理損失(利益)、其他、流動資產淨減(淨增)、流動負債淨增(淨減)及
遞延所得稅。
</備註>
</Row>





</DataSet>
</GenericData>