<?xml version="1.0" encoding="UTF-8"?>
<GenericData>
　　<Header>
　　　　<Table Id="FNWXBREMAIN" Name="附屬單位預算(營業部分)盈虧撥補綜計表（依撥補項目分列）" Domain="PBA" />
　　　　<Program Id="PBAGR070_D" />
　　　　<Sender Name="營業基金" />
　　　　<報表名稱>附屬單位預算(營業部分)盈虧撥補綜計表（依撥補項目分列）</報表名稱>
　　　　<年度>103</年度>
　　　　<基金>營業基金</基金>
　　　　<階段>法定預算</階段>
　　　　<版本>1</版本>
　　　　<單位>新臺幣千元</單位>
　　</Header>
　　<DataSet>
　　　　<ROW>
　　　　　　<SEQNO>1</SEQNO>
　　　　　　<LEVEL>02</LEVEL>
　　　　　　<BOLD>1</BOLD>
　　　　　　<前年度決算數-金額>357947450</前年度決算數-金額>
　　　　　　<前年度決算數-百分比>100.00</前年度決算數-百分比>
　　　　　　<科目>盈餘之部</科目>
　　　　　　<本年度預算數-金額>270275685</本年度預算數-金額>
　　　　　　<本年度預算數-百分比>100.00</本年度預算數-百分比>
　　　　　　<上年度預算數-金額>266212695</上年度預算數-金額>
　　　　　　<上年度預算數-百分比>100.00</上年度預算數-百分比>
　　　　　　<比較增減百分比>1.53</比較增減百分比>
　　　　</ROW>
　　　　<ROW>
　　　　　　<SEQNO>2</SEQNO>
　　　　　　<LEVEL>03</LEVEL>
　　　　　　<BOLD>1</BOLD>
　　　　　　<前年度決算數-金額>273971229</前年度決算數-金額>
　　　　　　<前年度決算數-百分比>76.54</前年度決算數-百分比>
　　　　　　<科目>本期淨利</科目>
　　　　　　<本年度預算數-金額>184457777</本年度預算數-金額>
　　　　　　<本年度預算數-百分比>68.25</本年度預算數-百分比>
　　　　　　<上年度預算數-金額>182204089</上年度預算數-金額>
　　　　　　<上年度預算數-百分比>68.44</上年度預算數-百分比>
　　　　　　<比較增減百分比>1.24</比較增減百分比>
　　　　</ROW>
　　　　<ROW>
　　　　　　<SEQNO>3</SEQNO>
　　　　　　<LEVEL>03</LEVEL>
　　　　　　<BOLD>1</BOLD>
　　　　　　<前年度決算數-金額>82423221</前年度決算數-金額>
　　　　　　<前年度決算數-百分比>23.03</前年度決算數-百分比>
　　　　　　<科目>累積盈餘</科目>
　　　　　　<本年度預算數-金額>82567000</本年度預算數-金額>
　　　　　　<本年度預算數-百分比>30.55</本年度預算數-百分比>
　　　　　　<上年度預算數-金額>81660200</上年度預算數-金額>
　　　　　　<上年度預算數-百分比>30.67</上年度預算數-百分比>
　　　　　　<比較增減百分比>1.11</比較增減百分比>
　　　　</ROW>
　　　　<ROW>
　　　　　　<SEQNO>4</SEQNO>
　　　　　　<LEVEL>03</LEVEL>
　　　　　　<BOLD>1</BOLD>
　　　　　　<前年度決算數-金額>0</前年度決算數-金額>
　　　　　　<前年度決算數-百分比>0</前年度決算數-百分比>
　　　　　　<科目>追溯適用及追溯重編之影響數</科目>
　　　　　　<本年度預算數-金額>0</本年度預算數-金額>
　　　　　　<本年度預算數-百分比>0</本年度預算數-百分比>
　　　　　　<上年度預算數-金額>0</上年度預算數-金額>
　　　　　　<上年度預算數-百分比>0</上年度預算數-百分比>
　　　　　　<比較增減百分比>0</比較增減百分比>
　　　　</ROW>
　　　　<ROW>
　　　　　　<SEQNO>5</SEQNO>
　　　　　　<LEVEL>03</LEVEL>
　　　　　　<BOLD>1</BOLD>
　　　　　　<前年度決算數-金額>1553000</前年度決算數-金額>
　　　　　　<前年度決算數-百分比>0.43</前年度決算數-百分比>
　　　　　　<科目>公積轉列數</科目>
　　　　　　<本年度預算數-金額>399000</本年度預算數-金額>
　　　　　　<本年度預算數-百分比>0.15</本年度預算數-百分比>
　　　　　　<上年度預算數-金額>6199</上年度預算數-金額>
　　　　　　<上年度預算數-百分比>0.00</上年度預算數-百分比>
　　　　　　<比較增減百分比>6336.52</比較增減百分比>
　　　　</ROW>
　　　　<ROW>
　　　　　　<SEQNO>6</SEQNO>
　　　　　　<LEVEL>03</LEVEL>
　　　　　　<BOLD>1</BOLD>
　　　　　　<前年度決算數-金額>0</前年度決算數-金額>
　　　　　　<前年度決算數-百分比>0</前年度決算數-百分比>
　　　　　　<科目>出售庫藏股票損失</科目>
　　　　　　<本年度預算數-金額>0</本年度預算數-金額>
　　　　　　<本年度預算數-百分比>0</本年度預算數-百分比>
　　　　　　<上年度預算數-金額>0</上年度預算數-金額>
　　　　　　<上年度預算數-百分比>0</上年度預算數-百分比>
　　　　　　<比較增減百分比>0</比較增減百分比>
　　　　</ROW>
　　　　<ROW>
　　　　　　<SEQNO>7</SEQNO>
　　　　　　<LEVEL>03</LEVEL>
　　　　　　<BOLD>1</BOLD>
　　　　　　<前年度決算數-金額>0</前年度決算數-金額>
　　　　　　<前年度決算數-百分比>0</前年度決算數-百分比>
　　　　　　<科目>其他綜合損益轉入數</科目>
　　　　　　<本年度預算數-金額>0</本年度預算數-金額>
　　　　　　<本年度預算數-百分比>0</本年度預算數-百分比>
　　　　　　<上年度預算數-金額>0</上年度預算數-金額>
　　　　　　<上年度預算數-百分比>0</上年度預算數-百分比>
　　　　　　<比較增減百分比>0</比較增減百分比>
　　　　</ROW>
　　　　<ROW>
　　　　　　<SEQNO>8</SEQNO>
　　　　　　<LEVEL>03</LEVEL>
　　　　　　<BOLD>1</BOLD>
　　　　　　<前年度決算數-金額>0</前年度決算數-金額>
　　　　　　<前年度決算數-百分比>0</前年度決算數-百分比>
　　　　　　<科目>首次採用國際財務報導準則調整數轉列數</科目>
　　　　　　<本年度預算數-金額>2851908</本年度預算數-金額>
　　　　　　<本年度預算數-百分比>1.06</本年度預算數-百分比>
　　　　　　<上年度預算數-金額>2342207</上年度預算數-金額>
　　　　　　<上年度預算數-百分比>0.88</上年度預算數-百分比>
　　　　　　<比較增減百分比>21.76</比較增減百分比>
　　　　</ROW>
　　　　<ROW>
　　　　　　<SEQNO>9</SEQNO>
　　　　　　<LEVEL>02</LEVEL>
　　　　　　<BOLD>1</BOLD>
　　　　　　<前年度決算數-金額>357947450</前年度決算數-金額>
　　　　　　<前年度決算數-百分比>100.00</前年度決算數-百分比>
　　　　　　<科目>分配之部</科目>
　　　　　　<本年度預算數-金額>270275685</本年度預算數-金額>
　　　　　　<本年度預算數-百分比>100.00</本年度預算數-百分比>
　　　　　　<上年度預算數-金額>266212695</上年度預算數-金額>
　　　　　　<上年度預算數-百分比>100.00</上年度預算數-百分比>
　　　　　　<比較增減百分比>1.53</比較增減百分比>
　　　　</ROW>
　　　　<ROW>
　　　　　　<SEQNO>10</SEQNO>
　　　　　　<LEVEL>03</LEVEL>
　　　　　　<BOLD>1</BOLD>
　　　　　　<前年度決算數-金額>211384337</前年度決算數-金額>
　　　　　　<前年度決算數-百分比>59.05</前年度決算數-百分比>
　　　　　　<科目>中央政府所得者</科目>
　　　　　　<本年度預算數-金額>206203507</本年度預算數-金額>
　　　　　　<本年度預算數-百分比>76.29</本年度預算數-百分比>
　　　　　　<上年度預算數-金額>204848271</上年度預算數-金額>
　　　　　　<上年度預算數-百分比>76.95</上年度預算數-百分比>
　　　　　　<比較增減百分比>0.66</比較增減百分比>
　　　　</ROW>
　　　　<ROW>
　　　　　　<SEQNO>11</SEQNO>
　　　　　　<LEVEL>04</LEVEL>
　　　　　　<BOLD>0</BOLD>
　　　　　　<前年度決算數-金額>211384337</前年度決算數-金額>
　　　　　　<前年度決算數-百分比>59.05</前年度決算數-百分比>
　　　　　　<科目>股（官）息紅利</科目>
　　　　　　<本年度預算數-金額>206203507</本年度預算數-金額>
　　　　　　<本年度預算數-百分比>76.29</本年度預算數-百分比>
　　　　　　<上年度預算數-金額>204848271</上年度預算數-金額>
　　　　　　<上年度預算數-百分比>76.95</上年度預算數-百分比>
　　　　　　<比較增減百分比>0.66</比較增減百分比>
　　　　</ROW>
　　　　<ROW>
　　　　　　<SEQNO>12</SEQNO>
　　　　　　<LEVEL>03</LEVEL>
　　　　　　<BOLD>1</BOLD>
　　　　　　<前年度決算數-金額>27</前年度決算數-金額>
　　　　　　<前年度決算數-百分比>0.00</前年度決算數-百分比>
　　　　　　<科目>地方政府所得者</科目>
　　　　　　<本年度預算數-金額>29</本年度預算數-金額>
　　　　　　<本年度預算數-百分比>0.00</本年度預算數-百分比>
　　　　　　<上年度預算數-金額>22</上年度預算數-金額>
　　　　　　<上年度預算數-百分比>0.00</上年度預算數-百分比>
　　　　　　<比較增減百分比>31.82</比較增減百分比>
　　　　</ROW>
　　　　<ROW>
　　　　　　<SEQNO>13</SEQNO>
　　　　　　<LEVEL>04</LEVEL>
　　　　　　<BOLD>0</BOLD>
　　　　　　<前年度決算數-金額>27</前年度決算數-金額>
　　　　　　<前年度決算數-百分比>0.00</前年度決算數-百分比>
　　　　　　<科目>股（官）息紅利</科目>
　　　　　　<本年度預算數-金額>29</本年度預算數-金額>
　　　　　　<本年度預算數-百分比>0.00</本年度預算數-百分比>
　　　　　　<上年度預算數-金額>22</上年度預算數-金額>
　　　　　　<上年度預算數-百分比>0.00</上年度預算數-百分比>
　　　　　　<比較增減百分比>31.82</比較增減百分比>
　　　　</ROW>
　　　　<ROW>
　　　　　　<SEQNO>14</SEQNO>
　　　　　　<LEVEL>03</LEVEL>
　　　　　　<BOLD>1</BOLD>
　　　　　　<前年度決算數-金額>0</前年度決算數-金額>
　　　　　　<前年度決算數-百分比>0</前年度決算數-百分比>
　　　　　　<科目>轉投資機關所得者</科目>
　　　　　　<本年度預算數-金額>0</本年度預算數-金額>
　　　　　　<本年度預算數-百分比>0</本年度預算數-百分比>
　　　　　　<上年度預算數-金額>0</上年度預算數-金額>
　　　　　　<上年度預算數-百分比>0</上年度預算數-百分比>
　　　　　　<比較增減百分比>0</比較增減百分比>
　　　　</ROW>
　　　　<ROW>
　　　　　　<SEQNO>15</SEQNO>
　　　　　　<LEVEL>04</LEVEL>
　　　　　　<BOLD>0</BOLD>
　　　　　　<前年度決算數-金額>0</前年度決算數-金額>
　　　　　　<前年度決算數-百分比>0</前年度決算數-百分比>
　　　　　　<科目>股（官）息紅利</科目>
　　　　　　<本年度預算數-金額>0</本年度預算數-金額>
　　　　　　<本年度預算數-百分比>0</本年度預算數-百分比>
　　　　　　<上年度預算數-金額>0</上年度預算數-金額>
　　　　　　<上年度預算數-百分比>0</上年度預算數-百分比>
　　　　　　<比較增減百分比>0</比較增減百分比>
　　　　</ROW>
　　　　<ROW>
　　　　　　<SEQNO>16</SEQNO>
　　　　　　<LEVEL>03</LEVEL>
　　　　　　<BOLD>1</BOLD>
　　　　　　<前年度決算數-金額>123769</前年度決算數-金額>
　　　　　　<前年度決算數-百分比>0.03</前年度決算數-百分比>
　　　　　　<科目>其他政府機關所得者</科目>
　　　　　　<本年度預算數-金額>137235</本年度預算數-金額>
　　　　　　<本年度預算數-百分比>0.05</本年度預算數-百分比>
　　　　　　<上年度預算數-金額>99807</上年度預算數-金額>
　　　　　　<上年度預算數-百分比>0.04</上年度預算數-百分比>
　　　　　　<比較增減百分比>37.50</比較增減百分比>
　　　　</ROW>
　　　　<ROW>
　　　　　　<SEQNO>17</SEQNO>
　　　　　　<LEVEL>04</LEVEL>
　　　　　　<BOLD>0</BOLD>
　　　　　　<前年度決算數-金額>123769</前年度決算數-金額>
　　　　　　<前年度決算數-百分比>0.03</前年度決算數-百分比>
　　　　　　<科目>股（官）息紅利</科目>
　　　　　　<本年度預算數-金額>137235</本年度預算數-金額>
　　　　　　<本年度預算數-百分比>0.05</本年度預算數-百分比>
　　　　　　<上年度預算數-金額>99807</上年度預算數-金額>
　　　　　　<上年度預算數-百分比>0.04</上年度預算數-百分比>
　　　　　　<比較增減百分比>37.50</比較增減百分比>
　　　　</ROW>
　　　　<ROW>
　　　　　　<SEQNO>18</SEQNO>
　　　　　　<LEVEL>03</LEVEL>
　　　　　　<BOLD>1</BOLD>
　　　　　　<前年度決算數-金額>136769</前年度決算數-金額>
　　　　　　<前年度決算數-百分比>0.04</前年度決算數-百分比>
　　　　　　<科目>民股股東所得者</科目>
　　　　　　<本年度預算數-金額>1393799</本年度預算數-金額>
　　　　　　<本年度預算數-百分比>0.52</本年度預算數-百分比>
　　　　　　<上年度預算數-金額>1300990</上年度預算數-金額>
　　　　　　<上年度預算數-百分比>0.49</上年度預算數-百分比>
　　　　　　<比較增減百分比>7.13</比較增減百分比>
　　　　</ROW>
　　　　<ROW>
　　　　　　<SEQNO>19</SEQNO>
　　　　　　<LEVEL>04</LEVEL>
　　　　　　<BOLD>0</BOLD>
　　　　　　<前年度決算數-金額>136769</前年度決算數-金額>
　　　　　　<前年度決算數-百分比>0.04</前年度決算數-百分比>
　　　　　　<科目>股息紅利</科目>
　　　　　　<本年度預算數-金額>1393799</本年度預算數-金額>
　　　　　　<本年度預算數-百分比>0.52</本年度預算數-百分比>
　　　　　　<上年度預算數-金額>1300990</上年度預算數-金額>
　　　　　　<上年度預算數-百分比>0.49</上年度預算數-百分比>
　　　　　　<比較增減百分比>7.13</比較增減百分比>
　　　　</ROW>
　　　　<ROW>
　　　　　　<SEQNO>20</SEQNO>
　　　　　　<LEVEL>03</LEVEL>
　　　　　　<BOLD>1</BOLD>
　　　　　　<前年度決算數-金額>3081192</前年度決算數-金額>
　　　　　　<前年度決算數-百分比>0.86</前年度決算數-百分比>
　　　　　　<科目>其他所得者</科目>
　　　　　　<本年度預算數-金額>4143388</本年度預算數-金額>
　　　　　　<本年度預算數-百分比>1.53</本年度預算數-百分比>
　　　　　　<上年度預算數-金額>3116292</上年度預算數-金額>
　　　　　　<上年度預算數-百分比>1.17</上年度預算數-百分比>
　　　　　　<比較增減百分比>32.96</比較增減百分比>
　　　　</ROW>
　　　　<ROW>
　　　　　　<SEQNO>21</SEQNO>
　　　　　　<LEVEL>04</LEVEL>
　　　　　　<BOLD>0</BOLD>
　　　　　　<前年度決算數-金額>1174475</前年度決算數-金額>
　　　　　　<前年度決算數-百分比>0.33</前年度決算數-百分比>
　　　　　　<科目>提撥地方政府</科目>
　　　　　　<本年度預算數-金額>1168094</本年度預算數-金額>
　　　　　　<本年度預算數-百分比>0.43</本年度預算數-百分比>
　　　　　　<上年度預算數-金額>921738</上年度預算數-金額>
　　　　　　<上年度預算數-百分比>0.35</上年度預算數-百分比>
　　　　　　<比較增減百分比>26.73</比較增減百分比>
　　　　</ROW>
　　　　<ROW>
　　　　　　<SEQNO>22</SEQNO>
　　　　　　<LEVEL>04</LEVEL>
　　　　　　<BOLD>0</BOLD>
　　　　　　<前年度決算數-金額>1906717</前年度決算數-金額>
　　　　　　<前年度決算數-百分比>0.53</前年度決算數-百分比>
　　　　　　<科目>其他依法分配數</科目>
　　　　　　<本年度預算數-金額>2975294</本年度預算數-金額>
　　　　　　<本年度預算數-百分比>1.10</本年度預算數-百分比>
　　　　　　<上年度預算數-金額>2194554</上年度預算數-金額>
　　　　　　<上年度預算數-百分比>0.82</上年度預算數-百分比>
　　　　　　<比較增減百分比>35.58</比較增減百分比>
　　　　</ROW>
　　　　<ROW>
　　　　　　<SEQNO>23</SEQNO>
　　　　　　<LEVEL>03</LEVEL>
　　　　　　<BOLD>1</BOLD>
　　　　　　<前年度決算數-金額>143221358</前年度決算數-金額>
　　　　　　<前年度決算數-百分比>40.01</前年度決算數-百分比>
　　　　　　<科目>留存事業機關者</科目>
　　　　　　<本年度預算數-金額>58397727</本年度預算數-金額>
　　　　　　<本年度預算數-百分比>21.61</本年度預算數-百分比>
　　　　　　<上年度預算數-金額>56847313</上年度預算數-金額>
　　　　　　<上年度預算數-百分比>21.35</上年度預算數-百分比>
　　　　　　<比較增減百分比>2.73</比較增減百分比>
　　　　</ROW>
　　　　<ROW>
　　　　　　<SEQNO>24</SEQNO>
　　　　　　<LEVEL>04</LEVEL>
　　　　　　<BOLD>0</BOLD>
　　　　　　<前年度決算數-金額>395400</前年度決算數-金額>
　　　　　　<前年度決算數-百分比>0.11</前年度決算數-百分比>
　　　　　　<科目>填補虧損</科目>
　　　　　　<本年度預算數-金額>19141160</本年度預算數-金額>
　　　　　　<本年度預算數-百分比>7.08</本年度預算數-百分比>
　　　　　　<上年度預算數-金額>18823173</上年度預算數-金額>
　　　　　　<上年度預算數-百分比>7.07</上年度預算數-百分比>
　　　　　　<比較增減百分比>1.69</比較增減百分比>
　　　　</ROW>
　　　　<ROW>
　　　　　　<SEQNO>25</SEQNO>
　　　　　　<LEVEL>04</LEVEL>
　　　　　　<BOLD>0</BOLD>
　　　　　　<前年度決算數-金額>0</前年度決算數-金額>
　　　　　　<前年度決算數-百分比>0</前年度決算數-百分比>
　　　　　　<科目>資本公積</科目>
　　　　　　<本年度預算數-金額>0</本年度預算數-金額>
　　　　　　<本年度預算數-百分比>0</本年度預算數-百分比>
　　　　　　<上年度預算數-金額>0</上年度預算數-金額>
　　　　　　<上年度預算數-百分比>0</上年度預算數-百分比>
　　　　　　<比較增減百分比>0</比較增減百分比>
　　　　</ROW>
　　　　<ROW>
　　　　　　<SEQNO>26</SEQNO>
　　　　　　<LEVEL>04</LEVEL>
　　　　　　<BOLD>0</BOLD>
　　　　　　<前年度決算數-金額>53286384</前年度決算數-金額>
　　　　　　<前年度決算數-百分比>14.89</前年度決算數-百分比>
　　　　　　<科目>法定公積</科目>
　　　　　　<本年度預算數-金額>31960092</本年度預算數-金額>
　　　　　　<本年度預算數-百分比>11.82</本年度預算數-百分比>
　　　　　　<上年度預算數-金額>31659922</上年度預算數-金額>
　　　　　　<上年度預算數-百分比>11.89</上年度預算數-百分比>
　　　　　　<比較增減百分比>0.95</比較增減百分比>
　　　　</ROW>
　　　　<ROW>
　　　　　　<SEQNO>27</SEQNO>
　　　　　　<LEVEL>04</LEVEL>
　　　　　　<BOLD>0</BOLD>
　　　　　　<前年度決算數-金額>6741465</前年度決算數-金額>
　　　　　　<前年度決算數-百分比>1.88</前年度決算數-百分比>
　　　　　　<科目>特別公積</科目>
　　　　　　<本年度預算數-金額>6048856</本年度預算數-金額>
　　　　　　<本年度預算數-百分比>2.24</本年度預算數-百分比>
　　　　　　<上年度預算數-金額>5970265</上年度預算數-金額>
　　　　　　<上年度預算數-百分比>2.24</上年度預算數-百分比>
　　　　　　<比較增減百分比>1.32</比較增減百分比>
　　　　</ROW>
　　　　<ROW>
　　　　　　<SEQNO>28</SEQNO>
　　　　　　<LEVEL>04</LEVEL>
　　　　　　<BOLD>0</BOLD>
　　　　　　<前年度決算數-金額>82798109</前年度決算數-金額>
　　　　　　<前年度決算數-百分比>23.13</前年度決算數-百分比>
　　　　　　<科目>未分配盈餘</科目>
　　　　　　<本年度預算數-金額>1247619</本年度預算數-金額>
　　　　　　<本年度預算數-百分比>0.46</本年度預算數-百分比>
　　　　　　<上年度預算數-金額>393953</上年度預算數-金額>
　　　　　　<上年度預算數-百分比>0.15</上年度預算數-百分比>
　　　　　　<比較增減百分比>216.69</比較增減百分比>
　　　　</ROW>
　　　　<ROW>
　　　　　　<SEQNO>29</SEQNO>
　　　　　　<LEVEL>02</LEVEL>
　　　　　　<BOLD>1</BOLD>
　　　　　　<前年度決算數-金額>365355792</前年度決算數-金額>
　　　　　　<前年度決算數-百分比>100.00</前年度決算數-百分比>
　　　　　　<科目>虧損之部</科目>
　　　　　　<本年度預算數-金額>384004520</本年度預算數-金額>
　　　　　　<本年度預算數-百分比>100.00</本年度預算數-百分比>
　　　　　　<上年度預算數-金額>425873889</上年度預算數-金額>
　　　　　　<上年度預算數-百分比>100.00</上年度預算數-百分比>
　　　　　　<比較增減百分比>-9.83</比較增減百分比>
　　　　</ROW>
　　　　<ROW>
　　　　　　<SEQNO>30</SEQNO>
　　　　　　<LEVEL>03</LEVEL>
　　　　　　<BOLD>1</BOLD>
　　　　　　<前年度決算數-金額>119191357</前年度決算數-金額>
　　　　　　<前年度決算數-百分比>32.62</前年度決算數-百分比>
　　　　　　<科目>本期淨損</科目>
　　　　　　<本年度預算數-金額>6886212</本年度預算數-金額>
　　　　　　<本年度預算數-百分比>1.79</本年度預算數-百分比>
　　　　　　<上年度預算數-金額>30088939</上年度預算數-金額>
　　　　　　<上年度預算數-百分比>7.07</上年度預算數-百分比>
　　　　　　<比較增減百分比>-77.11</比較增減百分比>
　　　　</ROW>
　　　　<ROW>
　　　　　　<SEQNO>31</SEQNO>
　　　　　　<LEVEL>03</LEVEL>
　　　　　　<BOLD>1</BOLD>
　　　　　　<前年度決算數-金額>246164435</前年度決算數-金額>
　　　　　　<前年度決算數-百分比>67.38</前年度決算數-百分比>
　　　　　　<科目>累積虧損</科目>
　　　　　　<本年度預算數-金額>376436649</本年度預算數-金額>
　　　　　　<本年度預算數-百分比>98.03</本年度預算數-百分比>
　　　　　　<上年度預算數-金額>395387954</上年度預算數-金額>
　　　　　　<上年度預算數-百分比>92.84</上年度預算數-百分比>
　　　　　　<比較增減百分比>-4.79</比較增減百分比>
　　　　</ROW>
　　　　<ROW>
　　　　　　<SEQNO>32</SEQNO>
　　　　　　<LEVEL>03</LEVEL>
　　　　　　<BOLD>1</BOLD>
　　　　　　<前年度決算數-金額>0</前年度決算數-金額>
　　　　　　<前年度決算數-百分比>0</前年度決算數-百分比>
　　　　　　<科目>追溯適用及追溯重編之影響數</科目>
　　　　　　<本年度預算數-金額>0</本年度預算數-金額>
　　　　　　<本年度預算數-百分比>0</本年度預算數-百分比>
　　　　　　<上年度預算數-金額>0</上年度預算數-金額>
　　　　　　<上年度預算數-百分比>0</上年度預算數-百分比>
　　　　　　<比較增減百分比>0</比較增減百分比>
　　　　</ROW>
　　　　<ROW>
　　　　　　<SEQNO>33</SEQNO>
　　　　　　<LEVEL>03</LEVEL>
　　　　　　<BOLD>1</BOLD>
　　　　　　<前年度決算數-金額>0</前年度決算數-金額>
　　　　　　<前年度決算數-百分比>0</前年度決算數-百分比>
　　　　　　<科目>其他綜合損益轉入數</科目>
　　　　　　<本年度預算數-金額>681659</本年度預算數-金額>
　　　　　　<本年度預算數-百分比>0.18</本年度預算數-百分比>
　　　　　　<上年度預算數-金額>0</上年度預算數-金額>
　　　　　　<上年度預算數-百分比>0</上年度預算數-百分比>
　　　　　　<比較增減百分比>0</比較增減百分比>
　　　　</ROW>
　　　　<ROW>
　　　　　　<SEQNO>34</SEQNO>
　　　　　　<LEVEL>03</LEVEL>
　　　　　　<BOLD>1</BOLD>
　　　　　　<前年度決算數-金額>0</前年度決算數-金額>
　　　　　　<前年度決算數-百分比>0</前年度決算數-百分比>
　　　　　　<科目>首次採用國際財務報導準則調整數</科目>
　　　　　　<本年度預算數-金額>0</本年度預算數-金額>
　　　　　　<本年度預算數-百分比>0</本年度預算數-百分比>
　　　　　　<上年度預算數-金額>396996</上年度預算數-金額>
　　　　　　<上年度預算數-百分比>0.09</上年度預算數-百分比>
　　　　　　<比較增減百分比>-100.00</比較增減百分比>
　　　　</ROW>
　　　　<ROW>
　　　　　　<SEQNO>35</SEQNO>
　　　　　　<LEVEL>02</LEVEL>
　　　　　　<BOLD>1</BOLD>
　　　　　　<前年度決算數-金額>365355792</前年度決算數-金額>
　　　　　　<前年度決算數-百分比>100.00</前年度決算數-百分比>
　　　　　　<科目>填補之部</科目>
　　　　　　<本年度預算數-金額>384004520</本年度預算數-金額>
　　　　　　<本年度預算數-百分比>100.00</本年度預算數-百分比>
　　　　　　<上年度預算數-金額>425873889</上年度預算數-金額>
　　　　　　<上年度預算數-百分比>100.00</上年度預算數-百分比>
　　　　　　<比較增減百分比>-9.83</比較增減百分比>
　　　　</ROW>
　　　　<ROW>
　　　　　　<SEQNO>36</SEQNO>
　　　　　　<LEVEL>03</LEVEL>
　　　　　　<BOLD>1</BOLD>
　　　　　　<前年度決算數-金額>0</前年度決算數-金額>
　　　　　　<前年度決算數-百分比>0</前年度決算數-百分比>
　　　　　　<科目>中央政府負擔者</科目>
　　　　　　<本年度預算數-金額>0</本年度預算數-金額>
　　　　　　<本年度預算數-百分比>0</本年度預算數-百分比>
　　　　　　<上年度預算數-金額>0</上年度預算數-金額>
　　　　　　<上年度預算數-百分比>0</上年度預算數-百分比>
　　　　　　<比較增減百分比>0</比較增減百分比>
　　　　</ROW>
　　　　<ROW>
　　　　　　<SEQNO>37</SEQNO>
　　　　　　<LEVEL>04</LEVEL>
　　　　　　<BOLD>0</BOLD>
　　　　　　<前年度決算數-金額>0</前年度決算數-金額>
　　　　　　<前年度決算數-百分比>0</前年度決算數-百分比>
　　　　　　<科目>折減資本</科目>
　　　　　　<本年度預算數-金額>0</本年度預算數-金額>
　　　　　　<本年度預算數-百分比>0</本年度預算數-百分比>
　　　　　　<上年度預算數-金額>0</上年度預算數-金額>
　　　　　　<上年度預算數-百分比>0</上年度預算數-百分比>
　　　　　　<比較增減百分比>0</比較增減百分比>
　　　　</ROW>
　　　　<ROW>
　　　　　　<SEQNO>38</SEQNO>
　　　　　　<LEVEL>04</LEVEL>
　　　　　　<BOLD>0</BOLD>
　　　　　　<前年度決算數-金額>0</前年度決算數-金額>
　　　　　　<前年度決算數-百分比>0</前年度決算數-百分比>
　　　　　　<科目>出資填補</科目>
　　　　　　<本年度預算數-金額>0</本年度預算數-金額>
　　　　　　<本年度預算數-百分比>0</本年度預算數-百分比>
　　　　　　<上年度預算數-金額>0</上年度預算數-金額>
　　　　　　<上年度預算數-百分比>0</上年度預算數-百分比>
　　　　　　<比較增減百分比>0</比較增減百分比>
　　　　</ROW>
　　　　<ROW>
　　　　　　<SEQNO>39</SEQNO>
　　　　　　<LEVEL>03</LEVEL>
　　　　　　<BOLD>1</BOLD>
　　　　　　<前年度決算數-金額>0</前年度決算數-金額>
　　　　　　<前年度決算數-百分比>0</前年度決算數-百分比>
　　　　　　<科目>地方政府負擔者</科目>
　　　　　　<本年度預算數-金額>0</本年度預算數-金額>
　　　　　　<本年度預算數-百分比>0</本年度預算數-百分比>
　　　　　　<上年度預算數-金額>0</上年度預算數-金額>
　　　　　　<上年度預算數-百分比>0</上年度預算數-百分比>
　　　　　　<比較增減百分比>0</比較增減百分比>
　　　　</ROW>
　　　　<ROW>
　　　　　　<SEQNO>40</SEQNO>
　　　　　　<LEVEL>04</LEVEL>
　　　　　　<BOLD>0</BOLD>
　　　　　　<前年度決算數-金額>0</前年度決算數-金額>
　　　　　　<前年度決算數-百分比>0</前年度決算數-百分比>
　　　　　　<科目>折減資本</科目>
　　　　　　<本年度預算數-金額>0</本年度預算數-金額>
　　　　　　<本年度預算數-百分比>0</本年度預算數-百分比>
　　　　　　<上年度預算數-金額>0</上年度預算數-金額>
　　　　　　<上年度預算數-百分比>0</上年度預算數-百分比>
　　　　　　<比較增減百分比>0</比較增減百分比>
　　　　</ROW>
　　　　<ROW>
　　　　　　<SEQNO>41</SEQNO>
　　　　　　<LEVEL>04</LEVEL>
　　　　　　<BOLD>0</BOLD>
　　　　　　<前年度決算數-金額>0</前年度決算數-金額>
　　　　　　<前年度決算數-百分比>0</前年度決算數-百分比>
　　　　　　<科目>出資填補</科目>
　　　　　　<本年度預算數-金額>0</本年度預算數-金額>
　　　　　　<本年度預算數-百分比>0</本年度預算數-百分比>
　　　　　　<上年度預算數-金額>0</上年度預算數-金額>
　　　　　　<上年度預算數-百分比>0</上年度預算數-百分比>
　　　　　　<比較增減百分比>0</比較增減百分比>
　　　　</ROW>
　　　　<ROW>
　　　　　　<SEQNO>42</SEQNO>
　　　　　　<LEVEL>03</LEVEL>
　　　　　　<BOLD>1</BOLD>
　　　　　　<前年度決算數-金額>0</前年度決算數-金額>
　　　　　　<前年度決算數-百分比>0</前年度決算數-百分比>
　　　　　　<科目>轉投資機關負擔者</科目>
　　　　　　<本年度預算數-金額>0</本年度預算數-金額>
　　　　　　<本年度預算數-百分比>0</本年度預算數-百分比>
　　　　　　<上年度預算數-金額>0</上年度預算數-金額>
　　　　　　<上年度預算數-百分比>0</上年度預算數-百分比>
　　　　　　<比較增減百分比>0</比較增減百分比>
　　　　</ROW>
　　　　<ROW>
　　　　　　<SEQNO>43</SEQNO>
　　　　　　<LEVEL>04</LEVEL>
　　　　　　<BOLD>0</BOLD>
　　　　　　<前年度決算數-金額>0</前年度決算數-金額>
　　　　　　<前年度決算數-百分比>0</前年度決算數-百分比>
　　　　　　<科目>折減資本</科目>
　　　　　　<本年度預算數-金額>0</本年度預算數-金額>
　　　　　　<本年度預算數-百分比>0</本年度預算數-百分比>
　　　　　　<上年度預算數-金額>0</上年度預算數-金額>
　　　　　　<上年度預算數-百分比>0</上年度預算數-百分比>
　　　　　　<比較增減百分比>0</比較增減百分比>
　　　　</ROW>
　　　　<ROW>
　　　　　　<SEQNO>44</SEQNO>
　　　　　　<LEVEL>04</LEVEL>
　　　　　　<BOLD>0</BOLD>
　　　　　　<前年度決算數-金額>0</前年度決算數-金額>
　　　　　　<前年度決算數-百分比>0</前年度決算數-百分比>
　　　　　　<科目>出資填補</科目>
　　　　　　<本年度預算數-金額>0</本年度預算數-金額>
　　　　　　<本年度預算數-百分比>0</本年度預算數-百分比>
　　　　　　<上年度預算數-金額>0</上年度預算數-金額>
　　　　　　<上年度預算數-百分比>0</上年度預算數-百分比>
　　　　　　<比較增減百分比>0</比較增減百分比>
　　　　</ROW>
　　　　<ROW>
　　　　　　<SEQNO>45</SEQNO>
　　　　　　<LEVEL>03</LEVEL>
　　　　　　<BOLD>1</BOLD>
　　　　　　<前年度決算數-金額>0</前年度決算數-金額>
　　　　　　<前年度決算數-百分比>0</前年度決算數-百分比>
　　　　　　<科目>其他政府機關負擔者</科目>
　　　　　　<本年度預算數-金額>0</本年度預算數-金額>
　　　　　　<本年度預算數-百分比>0</本年度預算數-百分比>
　　　　　　<上年度預算數-金額>0</上年度預算數-金額>
　　　　　　<上年度預算數-百分比>0</上年度預算數-百分比>
　　　　　　<比較增減百分比>0</比較增減百分比>
　　　　</ROW>
　　　　<ROW>
　　　　　　<SEQNO>46</SEQNO>
　　　　　　<LEVEL>04</LEVEL>
　　　　　　<BOLD>0</BOLD>
　　　　　　<前年度決算數-金額>0</前年度決算數-金額>
　　　　　　<前年度決算數-百分比>0</前年度決算數-百分比>
　　　　　　<科目>折減資本</科目>
　　　　　　<本年度預算數-金額>0</本年度預算數-金額>
　　　　　　<本年度預算數-百分比>0</本年度預算數-百分比>
　　　　　　<上年度預算數-金額>0</上年度預算數-金額>
　　　　　　<上年度預算數-百分比>0</上年度預算數-百分比>
　　　　　　<比較增減百分比>0</比較增減百分比>
　　　　</ROW>
　　　　<ROW>
　　　　　　<SEQNO>47</SEQNO>
　　　　　　<LEVEL>04</LEVEL>
　　　　　　<BOLD>0</BOLD>
　　　　　　<前年度決算數-金額>0</前年度決算數-金額>
　　　　　　<前年度決算數-百分比>0</前年度決算數-百分比>
　　　　　　<科目>出資填補</科目>
　　　　　　<本年度預算數-金額>0</本年度預算數-金額>
　　　　　　<本年度預算數-百分比>0</本年度預算數-百分比>
　　　　　　<上年度預算數-金額>0</上年度預算數-金額>
　　　　　　<上年度預算數-百分比>0</上年度預算數-百分比>
　　　　　　<比較增減百分比>0</比較增減百分比>
　　　　</ROW>
　　　　<ROW>
　　　　　　<SEQNO>48</SEQNO>
　　　　　　<LEVEL>03</LEVEL>
　　　　　　<BOLD>1</BOLD>
　　　　　　<前年度決算數-金額>0</前年度決算數-金額>
　　　　　　<前年度決算數-百分比>0</前年度決算數-百分比>
　　　　　　<科目>民股股東負擔者</科目>
　　　　　　<本年度預算數-金額>0</本年度預算數-金額>
　　　　　　<本年度預算數-百分比>0</本年度預算數-百分比>
　　　　　　<上年度預算數-金額>0</上年度預算數-金額>
　　　　　　<上年度預算數-百分比>0</上年度預算數-百分比>
　　　　　　<比較增減百分比>0</比較增減百分比>
　　　　</ROW>
　　　　<ROW>
　　　　　　<SEQNO>49</SEQNO>
　　　　　　<LEVEL>04</LEVEL>
　　　　　　<BOLD>0</BOLD>
　　　　　　<前年度決算數-金額>0</前年度決算數-金額>
　　　　　　<前年度決算數-百分比>0</前年度決算數-百分比>
　　　　　　<科目>折減資本</科目>
　　　　　　<本年度預算數-金額>0</本年度預算數-金額>
　　　　　　<本年度預算數-百分比>0</本年度預算數-百分比>
　　　　　　<上年度預算數-金額>0</上年度預算數-金額>
　　　　　　<上年度預算數-百分比>0</上年度預算數-百分比>
　　　　　　<比較增減百分比>0</比較增減百分比>
　　　　</ROW>
　　　　<ROW>
　　　　　　<SEQNO>50</SEQNO>
　　　　　　<LEVEL>04</LEVEL>
　　　　　　<BOLD>0</BOLD>
　　　　　　<前年度決算數-金額>0</前年度決算數-金額>
　　　　　　<前年度決算數-百分比>0</前年度決算數-百分比>
　　　　　　<科目>出資填補</科目>
　　　　　　<本年度預算數-金額>0</本年度預算數-金額>
　　　　　　<本年度預算數-百分比>0</本年度預算數-百分比>
　　　　　　<上年度預算數-金額>0</上年度預算數-金額>
　　　　　　<上年度預算數-百分比>0</上年度預算數-百分比>
　　　　　　<比較增減百分比>0</比較增減百分比>
　　　　</ROW>
　　　　<ROW>
　　　　　　<SEQNO>51</SEQNO>
　　　　　　<LEVEL>03</LEVEL>
　　　　　　<BOLD>1</BOLD>
　　　　　　<前年度決算數-金額>365355792</前年度決算數-金額>
　　　　　　<前年度決算數-百分比>100.00</前年度決算數-百分比>
　　　　　　<科目>事業機關負擔者</科目>
　　　　　　<本年度預算數-金額>384004520</本年度預算數-金額>
　　　　　　<本年度預算數-百分比>100.00</本年度預算數-百分比>
　　　　　　<上年度預算數-金額>425873889</上年度預算數-金額>
　　　　　　<上年度預算數-百分比>100.00</上年度預算數-百分比>
　　　　　　<比較增減百分比>-9.83</比較增減百分比>
　　　　</ROW>
　　　　<ROW>
　　　　　　<SEQNO>52</SEQNO>
　　　　　　<LEVEL>04</LEVEL>
　　　　　　<BOLD>0</BOLD>
　　　　　　<前年度決算數-金額>395400</前年度決算數-金額>
　　　　　　<前年度決算數-百分比>0.11</前年度決算數-百分比>
　　　　　　<科目>撥用盈餘</科目>
　　　　　　<本年度預算數-金額>19141160</本年度預算數-金額>
　　　　　　<本年度預算數-百分比>4.98</本年度預算數-百分比>
　　　　　　<上年度預算數-金額>18823173</上年度預算數-金額>
　　　　　　<上年度預算數-百分比>4.42</上年度預算數-百分比>
　　　　　　<比較增減百分比>1.69</比較增減百分比>
　　　　</ROW>
　　　　<ROW>
　　　　　　<SEQNO>53</SEQNO>
　　　　　　<LEVEL>04</LEVEL>
　　　　　　<BOLD>0</BOLD>
　　　　　　<前年度決算數-金額>0</前年度決算數-金額>
　　　　　　<前年度決算數-百分比>0</前年度決算數-百分比>
　　　　　　<科目>撥用法定公積</科目>
　　　　　　<本年度預算數-金額>0</本年度預算數-金額>
　　　　　　<本年度預算數-百分比>0</本年度預算數-百分比>
　　　　　　<上年度預算數-金額>0</上年度預算數-金額>
　　　　　　<上年度預算數-百分比>0</上年度預算數-百分比>
　　　　　　<比較增減百分比>0</比較增減百分比>
　　　　</ROW>
　　　　<ROW>
　　　　　　<SEQNO>54</SEQNO>
　　　　　　<LEVEL>04</LEVEL>
　　　　　　<BOLD>0</BOLD>
　　　　　　<前年度決算數-金額>0</前年度決算數-金額>
　　　　　　<前年度決算數-百分比>0</前年度決算數-百分比>
　　　　　　<科目>撥用特別公積</科目>
　　　　　　<本年度預算數-金額>0</本年度預算數-金額>
　　　　　　<本年度預算數-百分比>0</本年度預算數-百分比>
　　　　　　<上年度預算數-金額>0</上年度預算數-金額>
　　　　　　<上年度預算數-百分比>0</上年度預算數-百分比>
　　　　　　<比較增減百分比>0</比較增減百分比>
　　　　</ROW>
　　　　<ROW>
　　　　　　<SEQNO>55</SEQNO>
　　　　　　<LEVEL>04</LEVEL>
　　　　　　<BOLD>0</BOLD>
　　　　　　<前年度決算數-金額>0</前年度決算數-金額>
　　　　　　<前年度決算數-百分比>0</前年度決算數-百分比>
　　　　　　<科目>撥用資本公積</科目>
　　　　　　<本年度預算數-金額>0</本年度預算數-金額>
　　　　　　<本年度預算數-百分比>0</本年度預算數-百分比>
　　　　　　<上年度預算數-金額>0</上年度預算數-金額>
　　　　　　<上年度預算數-百分比>0</上年度預算數-百分比>
　　　　　　<比較增減百分比>0</比較增減百分比>
　　　　</ROW>
　　　　<ROW>
　　　　　　<SEQNO>56</SEQNO>
　　　　　　<LEVEL>04</LEVEL>
　　　　　　<BOLD>0</BOLD>
　　　　　　<前年度決算數-金額>364960393</前年度決算數-金額>
　　　　　　<前年度決算數-百分比>99.89</前年度決算數-百分比>
　　　　　　<科目>待填補之虧損</科目>
　　　　　　<本年度預算數-金額>364863360</本年度預算數-金額>
　　　　　　<本年度預算數-百分比>95.02</本年度預算數-百分比>
　　　　　　<上年度預算數-金額>407050716</上年度預算數-金額>
　　　　　　<上年度預算數-百分比>95.58</上年度預算數-百分比>
　　　　　　<比較增減百分比>-10.36</比較增減百分比>
　　　　</ROW>
　　</DataSet>
</GenericData>

