<?xml version="1.0" encoding="UTF-8"?>
<GenericData>
　　<Header>
　　　　<Table Id="FNGXBWORKR" Name="基金來源、用途及餘絀表" Domain="NBA" />
　　　　<Program Id="NBAGGR040_D" />
　　　　<Sender Name="中央政府債務基金" />
　　　　<報表名稱>中央政府債務基金基金來源、用途及餘絀表</報表名稱>
　　　　<年度>104</年度>
　　　　<基金>中央政府債務基金</基金>
　　　　<階段>預算案</階段>
　　　　<版本>1</版本>
　　　　<單位>新臺幣千元</單位>
　　</Header>
　　<DataSet>
　　　　<ROW>
　　　　　　<SEQNO>1</SEQNO>
　　　　　　<LEVEL>1</LEVEL>
　　　　　　<BOLD>1</BOLD>
　　　　　　<項目>基金來源</項目>
　　　　　　<本年度預算數-金額>911862876</本年度預算數-金額>
　　　　　　<本年度預算數-百分比>100.00</本年度預算數-百分比>
　　　　　　<上年度預算數-金額>960890962</上年度預算數-金額>
　　　　　　<上年度預算數-百分比>100.00</上年度預算數-百分比>
　　　　　　<前年度決算數-金額>903586981</前年度決算數-金額>
　　　　　　<前年度決算數-百分比>100.00</前年度決算數-百分比>
　　　　　　<本年度與上年度預算數比較增減-金額>-49028086</本年度與上年度預算數比較增減-金額>
　　　　　　<本年度與上年度預算數比較增減-百分比>5.10</本年度與上年度預算數比較增減-百分比>
　　　　　　<備註 />
　　　　</ROW>
　　　　<ROW>
　　　　　　<SEQNO>2</SEQNO>
　　　　　　<LEVEL>2</LEVEL>
　　　　　　<BOLD>0</BOLD>
　　　　　　<項目>徵收及依法分配收入</項目>
　　　　　　<本年度預算數-金額>0</本年度預算數-金額>
　　　　　　<本年度預算數-百分比>0</本年度預算數-百分比>
　　　　　　<上年度預算數-金額>0</上年度預算數-金額>
　　　　　　<上年度預算數-百分比>0</上年度預算數-百分比>
　　　　　　<前年度決算數-金額>0</前年度決算數-金額>
　　　　　　<前年度決算數-百分比>0</前年度決算數-百分比>
　　　　　　<本年度與上年度預算數比較增減-金額>0</本年度與上年度預算數比較增減-金額>
　　　　　　<本年度與上年度預算數比較增減-百分比>0</本年度與上年度預算數比較增減-百分比>
　　　　　　<備註 />
　　　　</ROW>
　　　　<ROW>
　　　　　　<SEQNO>3</SEQNO>
　　　　　　<LEVEL>2</LEVEL>
　　　　　　<BOLD>0</BOLD>
　　　　　　<項目>債務收入</項目>
　　　　　　<本年度預算數-金額>911858836</本年度預算數-金額>
　　　　　　<本年度預算數-百分比>100.00</本年度預算數-百分比>
　　　　　　<上年度預算數-金額>960882624</上年度預算數-金額>
　　　　　　<上年度預算數-百分比>100.00</上年度預算數-百分比>
　　　　　　<前年度決算數-金額>903577768</前年度決算數-金額>
　　　　　　<前年度決算數-百分比>100.00</前年度決算數-百分比>
　　　　　　<本年度與上年度預算數比較增減-金額>-49023788</本年度與上年度預算數比較增減-金額>
　　　　　　<本年度與上年度預算數比較增減-百分比>5.10</本年度與上年度預算數比較增減-百分比>
　　　　　　<備註 />
　　　　</ROW>
　　　　<ROW>
　　　　　　<SEQNO>4</SEQNO>
　　　　　　<LEVEL>2</LEVEL>
　　　　　　<BOLD>0</BOLD>
　　　　　　<項目>勞務收入</項目>
　　　　　　<本年度預算數-金額>0</本年度預算數-金額>
　　　　　　<本年度預算數-百分比>0</本年度預算數-百分比>
　　　　　　<上年度預算數-金額>0</上年度預算數-金額>
　　　　　　<上年度預算數-百分比>0</上年度預算數-百分比>
　　　　　　<前年度決算數-金額>0</前年度決算數-金額>
　　　　　　<前年度決算數-百分比>0</前年度決算數-百分比>
　　　　　　<本年度與上年度預算數比較增減-金額>0</本年度與上年度預算數比較增減-金額>
　　　　　　<本年度與上年度預算數比較增減-百分比>0</本年度與上年度預算數比較增減-百分比>
　　　　　　<備註 />
　　　　</ROW>
　　　　<ROW>
　　　　　　<SEQNO>5</SEQNO>
　　　　　　<LEVEL>2</LEVEL>
　　　　　　<BOLD>0</BOLD>
　　　　　　<項目>農政收入</項目>
　　　　　　<本年度預算數-金額>0</本年度預算數-金額>
　　　　　　<本年度預算數-百分比>0</本年度預算數-百分比>
　　　　　　<上年度預算數-金額>0</上年度預算數-金額>
　　　　　　<上年度預算數-百分比>0</上年度預算數-百分比>
　　　　　　<前年度決算數-金額>0</前年度決算數-金額>
　　　　　　<前年度決算數-百分比>0</前年度決算數-百分比>
　　　　　　<本年度與上年度預算數比較增減-金額>0</本年度與上年度預算數比較增減-金額>
　　　　　　<本年度與上年度預算數比較增減-百分比>0</本年度與上年度預算數比較增減-百分比>
　　　　　　<備註 />
　　　　</ROW>
　　　　<ROW>
　　　　　　<SEQNO>6</SEQNO>
　　　　　　<LEVEL>2</LEVEL>
　　　　　　<BOLD>0</BOLD>
　　　　　　<項目>財產收入</項目>
　　　　　　<本年度預算數-金額>4040</本年度預算數-金額>
　　　　　　<本年度預算數-百分比>0</本年度預算數-百分比>
　　　　　　<上年度預算數-金額>8338</上年度預算數-金額>
　　　　　　<上年度預算數-百分比>0</上年度預算數-百分比>
　　　　　　<前年度決算數-金額>9213</前年度決算數-金額>
　　　　　　<前年度決算數-百分比>0</前年度決算數-百分比>
　　　　　　<本年度與上年度預算數比較增減-金額>-4298</本年度與上年度預算數比較增減-金額>
　　　　　　<本年度與上年度預算數比較增減-百分比>51.55</本年度與上年度預算數比較增減-百分比>
　　　　　　<備註 />
　　　　</ROW>
　　　　<ROW>
　　　　　　<SEQNO>7</SEQNO>
　　　　　　<LEVEL>2</LEVEL>
　　　　　　<BOLD>0</BOLD>
　　　　　　<項目>政府撥入收入</項目>
　　　　　　<本年度預算數-金額>0</本年度預算數-金額>
　　　　　　<本年度預算數-百分比>0</本年度預算數-百分比>
　　　　　　<上年度預算數-金額>0</上年度預算數-金額>
　　　　　　<上年度預算數-百分比>0</上年度預算數-百分比>
　　　　　　<前年度決算數-金額>0</前年度決算數-金額>
　　　　　　<前年度決算數-百分比>0</前年度決算數-百分比>
　　　　　　<本年度與上年度預算數比較增減-金額>0</本年度與上年度預算數比較增減-金額>
　　　　　　<本年度與上年度預算數比較增減-百分比>0</本年度與上年度預算數比較增減-百分比>
　　　　　　<備註 />
　　　　</ROW>
　　　　<ROW>
　　　　　　<SEQNO>8</SEQNO>
　　　　　　<LEVEL>2</LEVEL>
　　　　　　<BOLD>0</BOLD>
　　　　　　<項目>其他收入</項目>
　　　　　　<本年度預算數-金額>0</本年度預算數-金額>
　　　　　　<本年度預算數-百分比>0</本年度預算數-百分比>
　　　　　　<上年度預算數-金額>0</上年度預算數-金額>
　　　　　　<上年度預算數-百分比>0</上年度預算數-百分比>
　　　　　　<前年度決算數-金額>0</前年度決算數-金額>
　　　　　　<前年度決算數-百分比>0</前年度決算數-百分比>
　　　　　　<本年度與上年度預算數比較增減-金額>0</本年度與上年度預算數比較增減-金額>
　　　　　　<本年度與上年度預算數比較增減-百分比>0</本年度與上年度預算數比較增減-百分比>
　　　　　　<備註 />
　　　　</ROW>
　　　　<ROW>
　　　　　　<SEQNO>9</SEQNO>
　　　　　　<LEVEL>1</LEVEL>
　　　　　　<BOLD>1</BOLD>
　　　　　　<項目>基金用途</項目>
　　　　　　<本年度預算數-金額>911858900</本年度預算數-金額>
　　　　　　<本年度預算數-百分比>100.00</本年度預算數-百分比>
　　　　　　<上年度預算數-金額>960882729</上年度預算數-金額>
　　　　　　<上年度預算數-百分比>100.00</上年度預算數-百分比>
　　　　　　<前年度決算數-金額>903792965</前年度決算數-金額>
　　　　　　<前年度決算數-百分比>100.02</前年度決算數-百分比>
　　　　　　<本年度與上年度預算數比較增減-金額>-49023829</本年度與上年度預算數比較增減-金額>
　　　　　　<本年度與上年度預算數比較增減-百分比>5.10</本年度與上年度預算數比較增減-百分比>
　　　　　　<備註 />
　　　　</ROW>
　　　　<ROW>
　　　　　　<SEQNO>10</SEQNO>
　　　　　　<LEVEL>2</LEVEL>
　　　　　　<BOLD>0</BOLD>
　　　　　　<項目>還本付息計畫</項目>
　　　　　　<本年度預算數-金額>911858836</本年度預算數-金額>
　　　　　　<本年度預算數-百分比>100.00</本年度預算數-百分比>
　　　　　　<上年度預算數-金額>960882624</上年度預算數-金額>
　　　　　　<上年度預算數-百分比>100.00</上年度預算數-百分比>
　　　　　　<前年度決算數-金額>903790268</前年度決算數-金額>
　　　　　　<前年度決算數-百分比>100.02</前年度決算數-百分比>
　　　　　　<本年度與上年度預算數比較增減-金額>-49023788</本年度與上年度預算數比較增減-金額>
　　　　　　<本年度與上年度預算數比較增減-百分比>5.10</本年度與上年度預算數比較增減-百分比>
　　　　　　<備註 />
　　　　</ROW>
　　　　<ROW>
　　　　　　<SEQNO>11</SEQNO>
　　　　　　<LEVEL>2</LEVEL>
　　　　　　<BOLD>0</BOLD>
　　　　　　<項目>一般行政管理計畫</項目>
　　　　　　<本年度預算數-金額>64</本年度預算數-金額>
　　　　　　<本年度預算數-百分比>0</本年度預算數-百分比>
　　　　　　<上年度預算數-金額>105</上年度預算數-金額>
　　　　　　<上年度預算數-百分比>0</上年度預算數-百分比>
　　　　　　<前年度決算數-金額>2697</前年度決算數-金額>
　　　　　　<前年度決算數-百分比>0</前年度決算數-百分比>
　　　　　　<本年度與上年度預算數比較增減-金額>-41</本年度與上年度預算數比較增減-金額>
　　　　　　<本年度與上年度預算數比較增減-百分比>39.05</本年度與上年度預算數比較增減-百分比>
　　　　　　<備註 />
　　　　</ROW>
　　　　<ROW>
　　　　　　<SEQNO>12</SEQNO>
　　　　　　<LEVEL>1</LEVEL>
　　　　　　<BOLD>1</BOLD>
　　　　　　<項目>本期賸餘(短絀-)</項目>
　　　　　　<本年度預算數-金額>3976</本年度預算數-金額>
　　　　　　<本年度預算數-百分比>0</本年度預算數-百分比>
　　　　　　<上年度預算數-金額>8233</上年度預算數-金額>
　　　　　　<上年度預算數-百分比>0</上年度預算數-百分比>
　　　　　　<前年度決算數-金額>-205984</前年度決算數-金額>
　　　　　　<前年度決算數-百分比>-0.02</前年度決算數-百分比>
　　　　　　<本年度與上年度預算數比較增減-金額>-4257</本年度與上年度預算數比較增減-金額>
　　　　　　<本年度與上年度預算數比較增減-百分比>51.71</本年度與上年度預算數比較增減-百分比>
　　　　　　<備註 />
　　　　</ROW>
　　　　<ROW>
　　　　　　<SEQNO>13</SEQNO>
　　　　　　<LEVEL>1</LEVEL>
　　　　　　<BOLD>1</BOLD>
　　　　　　<項目>期初基金餘額</項目>
　　　　　　<本年度預算數-金額>330076</本年度預算數-金額>
　　　　　　<本年度預算數-百分比 />
　　　　　　<上年度預算數-金額>542276</上年度預算數-金額>
　　　　　　<上年度預算數-百分比 />
　　　　　　<前年度決算數-金額>535827</前年度決算數-金額>
　　　　　　<前年度決算數-百分比 />
　　　　　　<本年度與上年度預算數比較增減-金額>-212200</本年度與上年度預算數比較增減-金額>
　　　　　　<本年度與上年度預算數比較增減-百分比 />
　　　　　　<備註 />
　　　　</ROW>
　　　　<ROW>
　　　　　　<SEQNO>14</SEQNO>
　　　　　　<LEVEL>1</LEVEL>
　　　　　　<BOLD>1</BOLD>
　　　　　　<項目>解繳國庫</項目>
　　　　　　<本年度預算數-金額>0</本年度預算數-金額>
　　　　　　<本年度預算數-百分比 />
　　　　　　<上年度預算數-金額>0</上年度預算數-金額>
　　　　　　<上年度預算數-百分比 />
　　　　　　<前年度決算數-金額>0</前年度決算數-金額>
　　　　　　<前年度決算數-百分比 />
　　　　　　<本年度與上年度預算數比較增減-金額>0</本年度與上年度預算數比較增減-金額>
　　　　　　<本年度與上年度預算數比較增減-百分比 />
　　　　　　<備註 />
　　　　</ROW>
　　　　<ROW>
　　　　　　<SEQNO>15</SEQNO>
　　　　　　<LEVEL>1</LEVEL>
　　　　　　<BOLD>1</BOLD>
　　　　　　<項目>期末基金餘額</項目>
　　　　　　<本年度預算數-金額>334052</本年度預算數-金額>
　　　　　　<本年度預算數-百分比 />
　　　　　　<上年度預算數-金額>550509</上年度預算數-金額>
　　　　　　<上年度預算數-百分比 />
　　　　　　<前年度決算數-金額>329843</前年度決算數-金額>
　　　　　　<前年度決算數-百分比 />
　　　　　　<本年度與上年度預算數比較增減-金額>-216457</本年度與上年度預算數比較增減-金額>
　　　　　　<本年度與上年度預算數比較增減-百分比 />
　　　　　　<備註 />
　　　　</ROW>
　　</DataSet>
</GenericData>

