<?xml version="1.0" encoding="UTF-8"?>
<tables>
    <BCME3420>
        <BCME3420_row>
            <budgetno/>
            <agenno/>
            <agentype/>
            <mh_budgetname>合    計</mh_budgetname>
            <displayname>合    計</displayname>
            <budgetno_conver/>
            <tyear_amt>40593000.00</tyear_amt>
            <lyear_amt>40993000.00</lyear_amt>
            <byear_amt>38900993.00</byear_amt>
            <b_amt>-400000.00</b_amt>
            <bc_content/>
            <memo/>
        </BCME3420_row>
        <BCME3420_row>
            <budgetno>00060000000</budgetno>
            <agenno>06050</agenno>
            <agentype>C</agentype>
            <mh_budgetname>考試院主管</mh_budgetname>
            <displayname>考試院主管</displayname>
            <budgetno_conver>0006000000</budgetno_conver>
            <tyear_amt>40593000.000000</tyear_amt>
            <lyear_amt>40993000.000000</lyear_amt>
            <byear_amt>38900993.000000</byear_amt>
            <b_amt>-400000.000000</b_amt>
            <bc_content/>
        </BCME3420_row>
        <BCME3420_row>
            <budgetno>00060500000</budgetno>
            <agenno>06050</agenno>
            <agentype>C</agentype>
            <mh_budgetname>公務人員退休撫卹基金監理委員會</mh_budgetname>
            <displayname>公務人員退休撫卹基金監理委員會</displayname>
            <budgetno_conver>0006500000</budgetno_conver>
            <tyear_amt>40593000.000000</tyear_amt>
            <lyear_amt>40993000.000000</lyear_amt>
            <byear_amt>38900993.000000</byear_amt>
            <b_amt>-400000.000000</b_amt>
            <bc_content/>
        </BCME3420_row>
        <BCME3420_row>
            <budgetno>76060500000</budgetno>
            <agenno>06050</agenno>
            <agentype>C</agentype>
            <mh_budgetname>退休撫卹業務支出</mh_budgetname>
            <displayname>退休撫卹業務支出</displayname>
            <budgetno_conver>7606500000</budgetno_conver>
            <tyear_amt>40593000.000000</tyear_amt>
            <lyear_amt>40993000.000000</lyear_amt>
            <byear_amt>38900993.000000</byear_amt>
            <b_amt>-400000.000000</b_amt>
            <bc_content/>
        </BCME3420_row>
        <BCME3420_row>
            <budgetno>76060500100</budgetno>
            <agenno>06050</agenno>
            <agentype>C</agentype>
            <mh_budgetname>一般行政</mh_budgetname>
            <displayname>一般行政</displayname>
            <budgetno_conver>7606500100</budgetno_conver>
            <tyear_amt>37939000.000000</tyear_amt>
            <lyear_amt>38389000.000000</lyear_amt>
            <byear_amt>36627092.000000</byear_amt>
            <b_amt>-450000.000000</b_amt>
            <bc_content>&lt;#H1&gt;本年度預算數37,939千元，包括人事費34,375千元，業務費3,045千元，設備及投資477千元，獎補助費42千元。&#xd;
&lt;#H1&gt;本年度預算數之內容與上年度之比較如下：&#xd;
&lt;#H2&gt;人員維持費34,375千元，較上年度核實減列人事費480千元。&#xd;
&lt;#H2&gt;基本行政工作維持費3,564千元，較上年度增列資訊軟硬體設備費等30千元。&#xd;
&#xd;
</bc_content>
        </BCME3420_row>
        <BCME3420_row>
            <budgetno>76060502100</budgetno>
            <agenno>06050</agenno>
            <agentype>C</agentype>
            <mh_budgetname>退撫基金監理</mh_budgetname>
            <displayname>退撫基金監理</displayname>
            <budgetno_conver>7606502100</budgetno_conver>
            <tyear_amt>2554000.000000</tyear_amt>
            <lyear_amt>2504000.000000</lyear_amt>
            <byear_amt>2273901.000000</byear_amt>
            <b_amt>50000.000000</b_amt>
            <bc_content>本年度預算數2,554千元，係辦理退撫基金監理業務所需經費，較上年度增列50千元。&#xd;
</bc_content>
        </BCME3420_row>
        <BCME3420_row>
            <budgetno>76060509800</budgetno>
            <agenno>06050</agenno>
            <agentype>C</agentype>
            <mh_budgetname>第一預備金</mh_budgetname>
            <displayname>第一預備金</displayname>
            <budgetno_conver>7606509800</budgetno_conver>
            <tyear_amt>100000.000000</tyear_amt>
            <lyear_amt>100000.000000</lyear_amt>
            <byear_amt>0.000000</byear_amt>
            <b_amt>0.000000</b_amt>
            <bc_content>仍照上年度預算數編列。</bc_content>
        </BCME3420_row>
    </BCME3420>
</tables>
