<?xml version="1.0" encoding="UTF-8"?>
<tables>
    <BCME3410>
        <BCME3410_row>
            <budgetno/>
            <agenno/>
            <agentype/>
            <mh_budgetname>合         計</mh_budgetname>
            <budgetno_conver/>
            <tyear_amt>0.000000</tyear_amt>
            <lyear_amt>9.000000</lyear_amt>
            <byear_amt>8.000000</byear_amt>
            <b_amt>-9.000000</b_amt>
            <bc_content/>
        </BCME3410_row>
        <BCME3410_row>
            <budgetno>05000000000</budgetno>
            <agenno>06050</agenno>
            <agentype>C</agentype>
            <mh_budgetname>規費收入</mh_budgetname>
            <budgetno_conver>0500000000</budgetno_conver>
            <tyear_amt>0.000000</tyear_amt>
            <lyear_amt>0.000000</lyear_amt>
            <byear_amt>8.000000</byear_amt>
            <b_amt>0.000000</b_amt>
            <bc_content/>
        </BCME3410_row>
        <BCME3410_row>
            <budgetno>05060500000</budgetno>
            <agenno>06050</agenno>
            <agentype>C</agentype>
            <mh_budgetname>公務人員退休撫卹基金監理委員會</mh_budgetname>
            <budgetno_conver>0506500000</budgetno_conver>
            <tyear_amt>0.000000</tyear_amt>
            <lyear_amt>0.000000</lyear_amt>
            <byear_amt>8.000000</byear_amt>
            <b_amt>0.000000</b_amt>
            <bc_content/>
        </BCME3410_row>
        <BCME3410_row>
            <budgetno>05060500300</budgetno>
            <agenno>06050</agenno>
            <agentype>C</agentype>
            <mh_budgetname>使用規費收入</mh_budgetname>
            <budgetno_conver>0506500300</budgetno_conver>
            <tyear_amt>0.000000</tyear_amt>
            <lyear_amt>0.000000</lyear_amt>
            <byear_amt>8.000000</byear_amt>
            <b_amt>0.000000</b_amt>
            <bc_content/>
        </BCME3410_row>
        <BCME3410_row>
            <budgetno>05060500312</budgetno>
            <agenno>06050</agenno>
            <agentype>C</agentype>
            <mh_budgetname>場地設施使用費</mh_budgetname>
            <budgetno_conver>0506500312</budgetno_conver>
            <tyear_amt>0.000000</tyear_amt>
            <lyear_amt>0.000000</lyear_amt>
            <byear_amt>8.000000</byear_amt>
            <b_amt>0.000000</b_amt>
            <bc_content>前年度決算數係借用宿舍員工自薪資扣回繳庫數。&#xd;
</bc_content>
        </BCME3410_row>
        <BCME3410_row>
            <budgetno>11000000000</budgetno>
            <agenno>06050</agenno>
            <agentype>C</agentype>
            <mh_budgetname>其他收入</mh_budgetname>
            <budgetno_conver>1100000000</budgetno_conver>
            <tyear_amt>0.000000</tyear_amt>
            <lyear_amt>9.000000</lyear_amt>
            <byear_amt>0.000000</byear_amt>
            <b_amt>-9.000000</b_amt>
            <bc_content/>
        </BCME3410_row>
        <BCME3410_row>
            <budgetno>11060500000</budgetno>
            <agenno>06050</agenno>
            <agentype>C</agentype>
            <mh_budgetname>公務人員退休撫卹基金監理委員會</mh_budgetname>
            <budgetno_conver>1106500000</budgetno_conver>
            <tyear_amt>0.000000</tyear_amt>
            <lyear_amt>9.000000</lyear_amt>
            <byear_amt>0.000000</byear_amt>
            <b_amt>-9.000000</b_amt>
            <bc_content/>
        </BCME3410_row>
        <BCME3410_row>
            <budgetno>11060500900</budgetno>
            <agenno>06050</agenno>
            <agentype>C</agentype>
            <mh_budgetname>雜項收入</mh_budgetname>
            <budgetno_conver>1106500900</budgetno_conver>
            <tyear_amt>0.000000</tyear_amt>
            <lyear_amt>9.000000</lyear_amt>
            <byear_amt>0.000000</byear_amt>
            <b_amt>-9.000000</b_amt>
            <bc_content/>
        </BCME3410_row>
        <BCME3410_row>
            <budgetno>11060500909</budgetno>
            <agenno>06050</agenno>
            <agentype>C</agentype>
            <mh_budgetname>其他雜項收入</mh_budgetname>
            <budgetno_conver>1106500909</budgetno_conver>
            <tyear_amt>0.000000</tyear_amt>
            <lyear_amt>9.000000</lyear_amt>
            <byear_amt>0.000000</byear_amt>
            <b_amt>-9.000000</b_amt>
            <bc_content>上年度預算數係借用宿舍員工自薪資扣回繳庫數。&#xd;
</bc_content>
        </BCME3410_row>
    </BCME3410>
</tables>
