<?xml version="1.0"?>
<?mso-application progid="Excel.Sheet"?>
<Workbook xmlns="urn:schemas-microsoft-com:office:spreadsheet"
 xmlns:o="urn:schemas-microsoft-com:office:office"
 xmlns:x="urn:schemas-microsoft-com:office:excel"
 xmlns:ss="urn:schemas-microsoft-com:office:spreadsheet"
 xmlns:html="http://www.w3.org/TR/REC-html40">
 <DocumentProperties xmlns="urn:schemas-microsoft-com:office:office">
  <LastAuthor>user</LastAuthor>
  <Created>1997-01-14T01:50:29Z</Created>
  <LastSaved>2016-01-28T09:44:30Z</LastSaved>
  <Version>11.9999</Version>
 </DocumentProperties>
 <OfficeDocumentSettings xmlns="urn:schemas-microsoft-com:office:office">
  <DownloadComponents/>
  <LocationOfComponents HRef="file:///D:\office2003\"/>
 </OfficeDocumentSettings>
 <ExcelWorkbook xmlns="urn:schemas-microsoft-com:office:excel">
  <WindowHeight>4536</WindowHeight>
  <WindowWidth>8508</WindowWidth>
  <WindowTopX>5268</WindowTopX>
  <WindowTopY>2172</WindowTopY>
  <AcceptLabelsInFormulas/>
  <ProtectStructure>False</ProtectStructure>
  <ProtectWindows>False</ProtectWindows>
  <DisplayInkNotes>False</DisplayInkNotes>
 </ExcelWorkbook>
 <Styles>
  <Style ss:ID="Default" ss:Name="Normal">
   <Alignment ss:Vertical="Bottom"/>
   <Borders/>
   <Font ss:FontName="新細明體" x:CharSet="136" x:Family="Roman" ss:Size="12"/>
   <Interior/>
   <NumberFormat/>
   <Protection/>
  </Style>
  <Style ss:ID="m47133996">
   <Alignment ss:Horizontal="Center" ss:Vertical="Center" ss:WrapText="1"/>
   <Borders>
    <Border ss:Position="Bottom" ss:LineStyle="Continuous" ss:Weight="1"/>
    <Border ss:Position="Left" ss:LineStyle="Continuous" ss:Weight="1"/>
    <Border ss:Position="Right" ss:LineStyle="Continuous" ss:Weight="1"/>
    <Border ss:Position="Top" ss:LineStyle="Continuous" ss:Weight="1"/>
   </Borders>
  </Style>
  <Style ss:ID="m47134016">
   <Alignment ss:Horizontal="Center" ss:Vertical="Center" ss:WrapText="1"/>
   <Borders>
    <Border ss:Position="Bottom" ss:LineStyle="Continuous" ss:Weight="1"/>
    <Border ss:Position="Right" ss:LineStyle="Continuous" ss:Weight="1"/>
    <Border ss:Position="Top" ss:LineStyle="Continuous" ss:Weight="1"/>
   </Borders>
  </Style>
  <Style ss:ID="s21">
   <Alignment ss:Vertical="Center" ss:WrapText="1"/>
  </Style>
  <Style ss:ID="s22">
   <Alignment ss:Horizontal="Center" ss:Vertical="Center" ss:WrapText="1"/>
   <Borders>
    <Border ss:Position="Left" ss:LineStyle="Continuous" ss:Weight="1"/>
    <Border ss:Position="Right" ss:LineStyle="Continuous" ss:Weight="1"/>
    <Border ss:Position="Top" ss:LineStyle="Continuous" ss:Weight="1"/>
   </Borders>
  </Style>
  <Style ss:ID="s23">
   <Alignment ss:Horizontal="Center" ss:Vertical="Center" ss:WrapText="1"/>
   <Borders>
    <Border ss:Position="Right" ss:LineStyle="Continuous" ss:Weight="1"/>
    <Border ss:Position="Top" ss:LineStyle="Continuous" ss:Weight="1"/>
   </Borders>
  </Style>
  <Style ss:ID="s24">
   <Alignment ss:Horizontal="Center" ss:Vertical="Center" ss:WrapText="1"/>
  </Style>
  <Style ss:ID="s25">
   <Alignment ss:Horizontal="Left" ss:Vertical="Center" ss:WrapText="1"/>
  </Style>
  <Style ss:ID="s26">
   <Alignment ss:Horizontal="Center" ss:Vertical="Center" ss:WrapText="1"/>
   <Borders>
    <Border ss:Position="Left" ss:LineStyle="Continuous" ss:Weight="1"/>
    <Border ss:Position="Top" ss:LineStyle="Continuous" ss:Weight="1"/>
   </Borders>
  </Style>
  <Style ss:ID="s27">
   <Alignment ss:Horizontal="Center" ss:Vertical="Center" ss:WrapText="1"/>
   <Borders>
    <Border ss:Position="Right" ss:LineStyle="Continuous" ss:Weight="1"
     ss:Color="#000000"/>
    <Border ss:Position="Top" ss:LineStyle="Continuous" ss:Weight="1"
     ss:Color="#000000"/>
   </Borders>
   <Protection/>
  </Style>
  <Style ss:ID="s28">
   <Alignment ss:Horizontal="Center" ss:Vertical="Center" ss:WrapText="1"/>
   <Borders>
    <Border ss:Position="Left" ss:LineStyle="Continuous" ss:Weight="1"
     ss:Color="#000000"/>
    <Border ss:Position="Right" ss:LineStyle="Continuous" ss:Weight="1"
     ss:Color="#000000"/>
    <Border ss:Position="Top" ss:LineStyle="Continuous" ss:Weight="1"
     ss:Color="#000000"/>
   </Borders>
   <Protection/>
  </Style>
  <Style ss:ID="s29">
   <Alignment ss:Horizontal="Left" ss:Vertical="Center" ss:WrapText="1"/>
   <Borders>
    <Border ss:Position="Left" ss:LineStyle="Continuous" ss:Weight="1"
     ss:Color="#000000"/>
    <Border ss:Position="Right" ss:LineStyle="Continuous" ss:Weight="1"
     ss:Color="#000000"/>
    <Border ss:Position="Top" ss:LineStyle="Continuous" ss:Weight="1"
     ss:Color="#000000"/>
   </Borders>
   <Protection/>
  </Style>
  <Style ss:ID="s30">
   <Alignment ss:Horizontal="Right" ss:Vertical="Center" ss:WrapText="1"/>
   <Borders>
    <Border ss:Position="Left" ss:LineStyle="Continuous" ss:Weight="1"
     ss:Color="#000000"/>
    <Border ss:Position="Right" ss:LineStyle="Continuous" ss:Weight="1"
     ss:Color="#000000"/>
    <Border ss:Position="Top" ss:LineStyle="Continuous" ss:Weight="1"
     ss:Color="#000000"/>
   </Borders>
   <Protection/>
  </Style>
  <Style ss:ID="s31">
   <Alignment ss:Horizontal="Right" ss:Vertical="Center" ss:WrapText="1"/>
   <Borders>
    <Border ss:Position="Left" ss:LineStyle="Continuous" ss:Weight="1"
     ss:Color="#000000"/>
    <Border ss:Position="Top" ss:LineStyle="Continuous" ss:Weight="1"
     ss:Color="#000000"/>
   </Borders>
   <Protection/>
  </Style>
  <Style ss:ID="s32">
   <Alignment ss:Horizontal="Center" ss:Vertical="Center" ss:WrapText="1"/>
   <Borders>
    <Border ss:Position="Right" ss:LineStyle="Continuous" ss:Weight="1"
     ss:Color="#000000"/>
   </Borders>
   <Protection/>
  </Style>
  <Style ss:ID="s33">
   <Alignment ss:Horizontal="Center" ss:Vertical="Center" ss:WrapText="1"/>
   <Borders>
    <Border ss:Position="Left" ss:LineStyle="Continuous" ss:Weight="1"
     ss:Color="#000000"/>
    <Border ss:Position="Right" ss:LineStyle="Continuous" ss:Weight="1"
     ss:Color="#000000"/>
   </Borders>
   <Protection/>
  </Style>
  <Style ss:ID="s34">
   <Alignment ss:Horizontal="Left" ss:Vertical="Center" ss:WrapText="1"/>
   <Borders>
    <Border ss:Position="Left" ss:LineStyle="Continuous" ss:Weight="1"
     ss:Color="#000000"/>
    <Border ss:Position="Right" ss:LineStyle="Continuous" ss:Weight="1"
     ss:Color="#000000"/>
   </Borders>
   <Protection/>
  </Style>
  <Style ss:ID="s35">
   <Alignment ss:Horizontal="Right" ss:Vertical="Center" ss:WrapText="1"/>
   <Borders>
    <Border ss:Position="Left" ss:LineStyle="Continuous" ss:Weight="1"
     ss:Color="#000000"/>
    <Border ss:Position="Right" ss:LineStyle="Continuous" ss:Weight="1"
     ss:Color="#000000"/>
   </Borders>
   <Protection/>
  </Style>
  <Style ss:ID="s36">
   <Alignment ss:Horizontal="Right" ss:Vertical="Center" ss:WrapText="1"/>
   <Borders>
    <Border ss:Position="Left" ss:LineStyle="Continuous" ss:Weight="1"
     ss:Color="#000000"/>
   </Borders>
   <Protection/>
  </Style>
  <Style ss:ID="s37">
   <Alignment ss:Horizontal="Center" ss:Vertical="Center" ss:WrapText="1"/>
   <Borders>
    <Border ss:Position="Bottom" ss:LineStyle="Continuous" ss:Weight="1"
     ss:Color="#000000"/>
    <Border ss:Position="Right" ss:LineStyle="Continuous" ss:Weight="1"
     ss:Color="#000000"/>
   </Borders>
   <Protection/>
  </Style>
  <Style ss:ID="s38">
   <Alignment ss:Horizontal="Center" ss:Vertical="Center" ss:WrapText="1"/>
   <Borders>
    <Border ss:Position="Bottom" ss:LineStyle="Continuous" ss:Weight="1"
     ss:Color="#000000"/>
    <Border ss:Position="Left" ss:LineStyle="Continuous" ss:Weight="1"
     ss:Color="#000000"/>
    <Border ss:Position="Right" ss:LineStyle="Continuous" ss:Weight="1"
     ss:Color="#000000"/>
   </Borders>
   <Protection/>
  </Style>
  <Style ss:ID="s39">
   <Alignment ss:Horizontal="Left" ss:Vertical="Center" ss:WrapText="1"/>
   <Borders>
    <Border ss:Position="Bottom" ss:LineStyle="Continuous" ss:Weight="1"
     ss:Color="#000000"/>
    <Border ss:Position="Left" ss:LineStyle="Continuous" ss:Weight="1"
     ss:Color="#000000"/>
    <Border ss:Position="Right" ss:LineStyle="Continuous" ss:Weight="1"
     ss:Color="#000000"/>
   </Borders>
   <Protection/>
  </Style>
  <Style ss:ID="s40">
   <Alignment ss:Horizontal="Right" ss:Vertical="Center" ss:WrapText="1"/>
   <Borders>
    <Border ss:Position="Bottom" ss:LineStyle="Continuous" ss:Weight="1"
     ss:Color="#000000"/>
    <Border ss:Position="Left" ss:LineStyle="Continuous" ss:Weight="1"
     ss:Color="#000000"/>
    <Border ss:Position="Right" ss:LineStyle="Continuous" ss:Weight="1"
     ss:Color="#000000"/>
   </Borders>
   <Protection/>
  </Style>
  <Style ss:ID="s41">
   <Alignment ss:Horizontal="Right" ss:Vertical="Center" ss:WrapText="1"/>
   <Borders>
    <Border ss:Position="Bottom" ss:LineStyle="Continuous" ss:Weight="1"
     ss:Color="#000000"/>
    <Border ss:Position="Left" ss:LineStyle="Continuous" ss:Weight="1"
     ss:Color="#000000"/>
   </Borders>
   <Protection/>
  </Style>
  <Style ss:ID="s49">
   <Alignment ss:Horizontal="Center" ss:Vertical="Center" ss:WrapText="1"/>
   <Borders>
    <Border ss:Position="Bottom" ss:LineStyle="Continuous" ss:Weight="1"/>
   </Borders>
  </Style>
  <Style ss:ID="s50">
   <Alignment ss:Horizontal="Center" ss:Vertical="Center" ss:WrapText="1"/>
   <Font ss:FontName="新細明體" x:CharSet="136" x:Family="Roman" ss:Size="12"
    ss:Bold="1"/>
  </Style>
  <Style ss:ID="s53">
   <Alignment ss:Horizontal="Center" ss:Vertical="Center" ss:WrapText="1"/>
   <Borders>
    <Border ss:Position="Bottom" ss:LineStyle="Continuous" ss:Weight="1"/>
    <Border ss:Position="Left" ss:LineStyle="Continuous" ss:Weight="1"/>
    <Border ss:Position="Top" ss:LineStyle="Continuous" ss:Weight="1"/>
   </Borders>
  </Style>
  <Style ss:ID="s56">
   <Alignment ss:Horizontal="Right" ss:Vertical="Center" ss:WrapText="1"/>
   <Borders>
    <Border ss:Position="Bottom" ss:LineStyle="Continuous" ss:Weight="1"/>
   </Borders>
  </Style>
 </Styles>
 <Worksheet ss:Name="Sheet1">
  <Table ss:ExpandedColumnCount="256" ss:ExpandedRowCount="8" x:FullColumns="1"
   x:FullRows="1" ss:StyleID="s21" ss:DefaultRowHeight="16.2">
   <Column ss:StyleID="s24" ss:AutoFitWidth="0" ss:Width="16.2"/>
   <Column ss:StyleID="s24" ss:AutoFitWidth="0" ss:Width="18.6"/>
   <Column ss:StyleID="s25" ss:AutoFitWidth="0" ss:Width="124.80000000000001"/>
   <Column ss:StyleID="s25" ss:AutoFitWidth="0" ss:Width="72" ss:Span="3"/>
   <Column ss:Index="8" ss:StyleID="s25" ss:AutoFitWidth="0" ss:Width="70.2"/>
   <Column ss:StyleID="s21" ss:AutoFitWidth="0" ss:Width="67.2"/>
   <Column ss:StyleID="s21" ss:AutoFitWidth="0" ss:Width="61.8"/>
   <Column ss:StyleID="s21" ss:AutoFitWidth="0" ss:Width="58.2"/>
   <Column ss:StyleID="s21" ss:AutoFitWidth="0" ss:Width="56.4" ss:Span="1"/>
   <Column ss:Index="14" ss:StyleID="s21" ss:Width="75"/>
   <Column ss:StyleID="s21" ss:AutoFitWidth="0" ss:Width="59.4"/>
   <Column ss:StyleID="s21" ss:AutoFitWidth="0" ss:Width="160.20000000000002"/>
   <Column ss:StyleID="s21" ss:AutoFitWidth="0" ss:Width="48.6" ss:Span="239"/>
   <Row>
    <Cell ss:MergeAcross="14" ss:StyleID="s50"><Data ss:Type="String">蒙藏委員會主管</Data></Cell>
   </Row>
   <Row ss:AutoFitHeight="0" ss:Height="16.5">
    <Cell ss:MergeAcross="14" ss:StyleID="s50"><Data ss:Type="String">各機關歲出一級用途別科目分析表</Data></Cell>
   </Row>
   <Row ss:AutoFitHeight="0" ss:Height="16.5">
    <Cell ss:MergeAcross="5" ss:StyleID="s49"><Data ss:Type="String">                           </Data></Cell>
    <Cell ss:MergeAcross="2" ss:StyleID="s49"><Data ss:Type="String">中華民國105年度</Data></Cell>
    <Cell ss:MergeAcross="5" ss:StyleID="s56"><Data ss:Type="String">單位：新臺幣千元</Data></Cell>
   </Row>
   <Row ss:AutoFitHeight="0" ss:Height="16.5">
    <Cell ss:MergeAcross="2" ss:StyleID="m47134016"><Data ss:Type="String">科               目</Data></Cell>
    <Cell ss:MergeAcross="5" ss:StyleID="m47133996"><Data ss:Type="String">經　　 　 常　　 　 支　　 　 出</Data></Cell>
    <Cell ss:MergeAcross="4" ss:StyleID="s53"><Data ss:Type="String">資　　 　 本　　 　 支　　 　 出</Data></Cell>
    <Cell ss:MergeDown="1" ss:StyleID="s26"><Data ss:Type="String">合 計</Data></Cell>
   </Row>
   <Row ss:Height="32.4">
    <Cell ss:StyleID="s23"><Data ss:Type="String">款</Data></Cell>
    <Cell ss:StyleID="s22"><Data ss:Type="String">項</Data></Cell>
    <Cell ss:StyleID="s22"><Data ss:Type="String">名       稱</Data></Cell>
    <Cell ss:StyleID="s22"><Data ss:Type="String">人事費</Data></Cell>
    <Cell ss:StyleID="s22"><Data ss:Type="String">業務費</Data></Cell>
    <Cell ss:StyleID="s22"><Data ss:Type="String">獎補助費</Data></Cell>
    <Cell ss:StyleID="s22"><Data ss:Type="String">債務費</Data></Cell>
    <Cell ss:StyleID="s22"><Data ss:Type="String">預備金</Data></Cell>
    <Cell ss:StyleID="s22"><Data ss:Type="String">小計</Data></Cell>
    <Cell ss:StyleID="s22"><Data ss:Type="String">業務費</Data></Cell>
    <Cell ss:StyleID="s22"><Data ss:Type="String">設備及投資</Data></Cell>
    <Cell ss:StyleID="s22"><Data ss:Type="String">獎補助費</Data></Cell>
    <Cell ss:StyleID="s22"><Data ss:Type="String">預備金</Data></Cell>
    <Cell ss:StyleID="s26"><Data ss:Type="String">小計</Data></Cell>
   </Row>
   <Row>
    <Cell ss:StyleID="s27"/>
    <Cell ss:StyleID="s28"/>
    <Cell ss:StyleID="s29"><Data ss:Type="String">合　　　計</Data></Cell>
    <Cell ss:StyleID="s30"><Data ss:Type="Number">75028</Data></Cell>
    <Cell ss:StyleID="s30"><Data ss:Type="Number">33467</Data></Cell>
    <Cell ss:StyleID="s30"><Data ss:Type="Number">6407</Data></Cell>
    <Cell ss:StyleID="s30"><Data ss:Type="String">-</Data></Cell>
    <Cell ss:StyleID="s30"><Data ss:Type="Number">582</Data></Cell>
    <Cell ss:StyleID="s30"><Data ss:Type="Number">115484</Data></Cell>
    <Cell ss:StyleID="s30"><Data ss:Type="String">-</Data></Cell>
    <Cell ss:StyleID="s30"><Data ss:Type="Number">6876</Data></Cell>
    <Cell ss:StyleID="s30"><Data ss:Type="Number">4000</Data></Cell>
    <Cell ss:StyleID="s30"><Data ss:Type="String">-</Data></Cell>
    <Cell ss:StyleID="s30"><Data ss:Type="Number">10876</Data></Cell>
    <Cell ss:StyleID="s31"><Data ss:Type="Number">126360</Data></Cell>
   </Row>
   <Row ss:AutoFitHeight="0" ss:Height="16.5">
    <Cell ss:StyleID="s32"><Data ss:Type="Number">16</Data></Cell>
    <Cell ss:StyleID="s33"><Data ss:Type="Number">0</Data></Cell>
    <Cell ss:StyleID="s34"><Data ss:Type="String">蒙藏委員會主管</Data></Cell>
    <Cell ss:StyleID="s35"><Data ss:Type="Number">75028</Data></Cell>
    <Cell ss:StyleID="s35"><Data ss:Type="Number">33467</Data></Cell>
    <Cell ss:StyleID="s35"><Data ss:Type="Number">6407</Data></Cell>
    <Cell ss:StyleID="s35"><Data ss:Type="String">-</Data></Cell>
    <Cell ss:StyleID="s35"><Data ss:Type="Number">582</Data></Cell>
    <Cell ss:StyleID="s35"><Data ss:Type="Number">115484</Data></Cell>
    <Cell ss:StyleID="s35"><Data ss:Type="String">-</Data></Cell>
    <Cell ss:StyleID="s35"><Data ss:Type="Number">6876</Data></Cell>
    <Cell ss:StyleID="s35"><Data ss:Type="Number">4000</Data></Cell>
    <Cell ss:StyleID="s35"><Data ss:Type="String">-</Data></Cell>
    <Cell ss:StyleID="s35"><Data ss:Type="Number">10876</Data></Cell>
    <Cell ss:StyleID="s36"><Data ss:Type="Number">126360</Data></Cell>
   </Row>
   <Row ss:AutoFitHeight="0" ss:Height="16.5">
    <Cell ss:StyleID="s37"/>
    <Cell ss:StyleID="s38"><Data ss:Type="Number">1</Data></Cell>
    <Cell ss:StyleID="s39"><Data ss:Type="String">蒙藏委員會</Data></Cell>
    <Cell ss:StyleID="s40"><Data ss:Type="Number">75028</Data></Cell>
    <Cell ss:StyleID="s40"><Data ss:Type="Number">33467</Data></Cell>
    <Cell ss:StyleID="s40"><Data ss:Type="Number">6407</Data></Cell>
    <Cell ss:StyleID="s40"><Data ss:Type="String">-</Data></Cell>
    <Cell ss:StyleID="s40"><Data ss:Type="Number">582</Data></Cell>
    <Cell ss:StyleID="s40"><Data ss:Type="Number">115484</Data></Cell>
    <Cell ss:StyleID="s40"><Data ss:Type="String">-</Data></Cell>
    <Cell ss:StyleID="s40"><Data ss:Type="Number">6876</Data></Cell>
    <Cell ss:StyleID="s40"><Data ss:Type="Number">4000</Data></Cell>
    <Cell ss:StyleID="s40"><Data ss:Type="String">-</Data></Cell>
    <Cell ss:StyleID="s40"><Data ss:Type="Number">10876</Data></Cell>
    <Cell ss:StyleID="s41"><Data ss:Type="Number">126360</Data></Cell>
   </Row>
  </Table>
  <WorksheetOptions xmlns="urn:schemas-microsoft-com:office:excel">
   <PageSetup>
    <Layout x:Orientation="Landscape"/>
   </PageSetup>
   <Print>
    <ValidPrinterInfo/>
    <PaperSizeIndex>9</PaperSizeIndex>
    <HorizontalResolution>600</HorizontalResolution>
    <VerticalResolution>600</VerticalResolution>
   </Print>
   <Selected/>
   <Panes>
    <Pane>
     <Number>3</Number>
     <ActiveRow>13</ActiveRow>
     <ActiveCol>8</ActiveCol>
    </Pane>
   </Panes>
   <ProtectObjects>False</ProtectObjects>
   <ProtectScenarios>False</ProtectScenarios>
  </WorksheetOptions>
 </Worksheet>
</Workbook>
