<?xml version="1.0" encoding="UTF-8"?>
<Root>
    <Row>
        <款>16</款>
        <項/>
        <目/>
        <節/>
        <科目名稱>蒙藏委員會主管</科目名稱>
        <人事費>75028</人事費>
        <業務費_經>33467</業務費_經>
        <奬補助費_經>6407</奬補助費_經>
        <債務費>0</債務費>
        <預備金_經>582</預備金_經>
        <經常支出小計>115484</經常支出小計>
        <業務費_資>0</業務費_資>
        <設備及投資>6876</設備及投資>
        <奬補助費_資>4000</奬補助費_資>
        <預備金_資>0</預備金_資>
        <資本支出小計>10876</資本支出小計>
        <合計>126360</合計>
    </Row>
    <Row>
        <款/>
        <項>1</項>
        <目/>
        <節/>
        <科目名稱>蒙藏委員會</科目名稱>
        <人事費>75028</人事費>
        <業務費_經>33467</業務費_經>
        <奬補助費_經>6407</奬補助費_經>
        <債務費>0</債務費>
        <預備金_經>582</預備金_經>
        <經常支出小計>115484</經常支出小計>
        <業務費_資>0</業務費_資>
        <設備及投資>6876</設備及投資>
        <奬補助費_資>4000</奬補助費_資>
        <預備金_資>0</預備金_資>
        <資本支出小計>10876</資本支出小計>
        <合計>126360</合計>
    </Row>
    <Row>
        <款/>
        <項/>
        <目/>
        <節/>
        <科目名稱>邊政支出</科目名稱>
        <人事費>75028</人事費>
        <業務費_經>33467</業務費_經>
        <奬補助費_經>6407</奬補助費_經>
        <債務費>0</債務費>
        <預備金_經>582</預備金_經>
        <經常支出小計>115484</經常支出小計>
        <業務費_資>0</業務費_資>
        <設備及投資>6876</設備及投資>
        <奬補助費_資>4000</奬補助費_資>
        <預備金_資>0</預備金_資>
        <資本支出小計>10876</資本支出小計>
        <合計>126360</合計>
    </Row>
    <Row>
        <款/>
        <項/>
        <目>1</目>
        <節/>
        <科目名稱>一般行政</科目名稱>
        <人事費>75028</人事費>
        <業務費_經>7583</業務費_經>
        <奬補助費_經>270</奬補助費_經>
        <債務費>0</債務費>
        <預備金_經>0</預備金_經>
        <經常支出小計>82881</經常支出小計>
        <業務費_資>0</業務費_資>
        <設備及投資>2800</設備及投資>
        <奬補助費_資>0</奬補助費_資>
        <預備金_資>0</預備金_資>
        <資本支出小計>2800</資本支出小計>
        <合計>85681</合計>
    </Row>
    <Row>
        <款/>
        <項/>
        <目>2</目>
        <節/>
        <科目名稱>蒙事業務</科目名稱>
        <人事費>0</人事費>
        <業務費_經>14100</業務費_經>
        <奬補助費_經>4404</奬補助費_經>
        <債務費>0</債務費>
        <預備金_經>0</預備金_經>
        <經常支出小計>18504</經常支出小計>
        <業務費_資>0</業務費_資>
        <設備及投資>3466</設備及投資>
        <奬補助費_資>4000</奬補助費_資>
        <預備金_資>0</預備金_資>
        <資本支出小計>7466</資本支出小計>
        <合計>25970</合計>
    </Row>
    <Row>
        <款/>
        <項/>
        <目>3</目>
        <節/>
        <科目名稱>藏事業務</科目名稱>
        <人事費>0</人事費>
        <業務費_經>11784</業務費_經>
        <奬補助費_經>1733</奬補助費_經>
        <債務費>0</債務費>
        <預備金_經>0</預備金_經>
        <經常支出小計>13517</經常支出小計>
        <業務費_資>0</業務費_資>
        <設備及投資>0</設備及投資>
        <奬補助費_資>0</奬補助費_資>
        <預備金_資>0</預備金_資>
        <資本支出小計>0</資本支出小計>
        <合計>13517</合計>
    </Row>
    <Row>
        <款/>
        <項/>
        <目>4</目>
        <節/>
        <科目名稱>一般建築及設備</科目名稱>
        <人事費>0</人事費>
        <業務費_經>0</業務費_經>
        <奬補助費_經>0</奬補助費_經>
        <債務費>0</債務費>
        <預備金_經>0</預備金_經>
        <經常支出小計>0</經常支出小計>
        <業務費_資>0</業務費_資>
        <設備及投資>610</設備及投資>
        <奬補助費_資>0</奬補助費_資>
        <預備金_資>0</預備金_資>
        <資本支出小計>610</資本支出小計>
        <合計>610</合計>
    </Row>
    <Row>
        <款/>
        <項/>
        <目/>
        <節>1</節>
        <科目名稱>交通及運輸設備</科目名稱>
        <人事費>0</人事費>
        <業務費_經>0</業務費_經>
        <奬補助費_經>0</奬補助費_經>
        <債務費>0</債務費>
        <預備金_經>0</預備金_經>
        <經常支出小計>0</經常支出小計>
        <業務費_資>0</業務費_資>
        <設備及投資>610</設備及投資>
        <奬補助費_資>0</奬補助費_資>
        <預備金_資>0</預備金_資>
        <資本支出小計>610</資本支出小計>
        <合計>610</合計>
    </Row>
    <Row>
        <款/>
        <項/>
        <目>5</目>
        <節/>
        <科目名稱>第一預備金</科目名稱>
        <人事費>0</人事費>
        <業務費_經>0</業務費_經>
        <奬補助費_經>0</奬補助費_經>
        <債務費>0</債務費>
        <預備金_經>582</預備金_經>
        <經常支出小計>582</經常支出小計>
        <業務費_資>0</業務費_資>
        <設備及投資>0</設備及投資>
        <奬補助費_資>0</奬補助費_資>
        <預備金_資>0</預備金_資>
        <資本支出小計>0</資本支出小計>
        <合計>582</合計>
    </Row>
</Root>
