<?xml version="1.0"?>
<?mso-application progid="Excel.Sheet"?>
<Workbook xmlns="urn:schemas-microsoft-com:office:spreadsheet"
 xmlns:o="urn:schemas-microsoft-com:office:office"
 xmlns:x="urn:schemas-microsoft-com:office:excel"
 xmlns:ss="urn:schemas-microsoft-com:office:spreadsheet"
 xmlns:html="http://www.w3.org/TR/REC-html40">
 <DocumentProperties xmlns="urn:schemas-microsoft-com:office:office">
  <LastAuthor>user</LastAuthor>
  <Created>1997-01-14T01:50:29Z</Created>
  <LastSaved>2011-08-12T08:06:52Z</LastSaved>
  <Version>11.9999</Version>
 </DocumentProperties>
 <OfficeDocumentSettings xmlns="urn:schemas-microsoft-com:office:office">
  <DownloadComponents/>
  <LocationOfComponents HRef="file:///D:\office2003\"/>
 </OfficeDocumentSettings>
 <ExcelWorkbook xmlns="urn:schemas-microsoft-com:office:excel">
  <WindowHeight>4536</WindowHeight>
  <WindowWidth>8508</WindowWidth>
  <WindowTopX>5268</WindowTopX>
  <WindowTopY>2172</WindowTopY>
  <AcceptLabelsInFormulas/>
  <ProtectStructure>False</ProtectStructure>
  <ProtectWindows>False</ProtectWindows>
  <DisplayInkNotes>False</DisplayInkNotes>
 </ExcelWorkbook>
 <Styles>
  <Style ss:ID="Default" ss:Name="Normal">
   <Alignment ss:Vertical="Bottom"/>
   <Borders/>
   <Font ss:FontName="新細明體" x:CharSet="136" x:Family="Roman" ss:Size="12"/>
   <Interior/>
   <NumberFormat/>
   <Protection/>
  </Style>
  <Style ss:ID="m331756802">
   <Alignment ss:Horizontal="Center" ss:Vertical="Center" ss:WrapText="1"/>
   <Borders>
    <Border ss:Position="Left" ss:LineStyle="Continuous" ss:Weight="1"/>
    <Border ss:Position="Top" ss:LineStyle="Continuous" ss:Weight="1"/>
   </Borders>
  </Style>
  <Style ss:ID="m331756812">
   <Alignment ss:Horizontal="Center" ss:Vertical="Center" ss:WrapText="1"/>
   <Borders>
    <Border ss:Position="Bottom" ss:LineStyle="Continuous" ss:Weight="1"/>
    <Border ss:Position="Right" ss:LineStyle="Continuous" ss:Weight="1"/>
    <Border ss:Position="Top" ss:LineStyle="Continuous" ss:Weight="1"/>
   </Borders>
  </Style>
  <Style ss:ID="m331756822">
   <Alignment ss:Horizontal="Center" ss:Vertical="Center" ss:WrapText="1"/>
   <Borders>
    <Border ss:Position="Left" ss:LineStyle="Continuous" ss:Weight="1"/>
    <Border ss:Position="Right" ss:LineStyle="Continuous" ss:Weight="1"/>
    <Border ss:Position="Top" ss:LineStyle="Continuous" ss:Weight="1"/>
   </Borders>
  </Style>
  <Style ss:ID="s21">
   <Alignment ss:Vertical="Center" ss:WrapText="1"/>
  </Style>
  <Style ss:ID="s22">
   <Alignment ss:Horizontal="Right" ss:Vertical="Center" ss:WrapText="1"/>
  </Style>
  <Style ss:ID="s23">
   <Alignment ss:Horizontal="Center" ss:Vertical="Center" ss:WrapText="1"/>
   <Borders/>
  </Style>
  <Style ss:ID="s24">
   <Alignment ss:Horizontal="Center" ss:Vertical="Center" ss:WrapText="1"/>
   <Borders>
    <Border ss:Position="Left" ss:LineStyle="Continuous" ss:Weight="1"/>
    <Border ss:Position="Right" ss:LineStyle="Continuous" ss:Weight="1"/>
    <Border ss:Position="Top" ss:LineStyle="Continuous" ss:Weight="1"/>
   </Borders>
  </Style>
  <Style ss:ID="s25">
   <Alignment ss:Horizontal="Center" ss:Vertical="Center" ss:WrapText="1"/>
   <Font ss:FontName="新細明體" x:CharSet="136" x:Family="Roman" ss:Size="12"
    ss:Bold="1"/>
  </Style>
  <Style ss:ID="s26">
   <Alignment ss:Horizontal="Center" ss:Vertical="Center" ss:WrapText="1"/>
   <Borders>
    <Border ss:Position="Right" ss:LineStyle="Continuous" ss:Weight="1"/>
    <Border ss:Position="Top" ss:LineStyle="Continuous" ss:Weight="1"/>
   </Borders>
  </Style>
  <Style ss:ID="s27">
   <Alignment ss:Horizontal="Center" ss:Vertical="Center" ss:WrapText="1"/>
  </Style>
  <Style ss:ID="s28">
   <Alignment ss:Horizontal="Left" ss:Vertical="Center" ss:WrapText="1"/>
  </Style>
  <Style ss:ID="s40">
   <Alignment ss:Horizontal="Center" ss:Vertical="Center" ss:WrapText="1"/>
   <Borders>
    <Border ss:Position="Right" ss:LineStyle="Continuous" ss:Weight="1"
     ss:Color="#000000"/>
    <Border ss:Position="Top" ss:LineStyle="Continuous" ss:Weight="1"
     ss:Color="#000000"/>
   </Borders>
   <Protection/>
  </Style>
  <Style ss:ID="s41">
   <Alignment ss:Horizontal="Left" ss:Vertical="Center" ss:WrapText="1"/>
   <Borders>
    <Border ss:Position="Left" ss:LineStyle="Continuous" ss:Weight="1"
     ss:Color="#000000"/>
    <Border ss:Position="Right" ss:LineStyle="Continuous" ss:Weight="1"
     ss:Color="#000000"/>
    <Border ss:Position="Top" ss:LineStyle="Continuous" ss:Weight="1"
     ss:Color="#000000"/>
   </Borders>
   <Protection/>
  </Style>
  <Style ss:ID="s42">
   <Alignment ss:Horizontal="Right" ss:Vertical="Center" ss:WrapText="1"/>
   <Borders>
    <Border ss:Position="Left" ss:LineStyle="Continuous" ss:Weight="1"
     ss:Color="#000000"/>
    <Border ss:Position="Right" ss:LineStyle="Continuous" ss:Weight="1"
     ss:Color="#000000"/>
    <Border ss:Position="Top" ss:LineStyle="Continuous" ss:Weight="1"
     ss:Color="#000000"/>
   </Borders>
   <Protection/>
  </Style>
  <Style ss:ID="s43">
   <Alignment ss:Horizontal="Right" ss:Vertical="Center" ss:WrapText="1"/>
   <Borders>
    <Border ss:Position="Left" ss:LineStyle="Continuous" ss:Weight="1"
     ss:Color="#000000"/>
    <Border ss:Position="Top" ss:LineStyle="Continuous" ss:Weight="1"
     ss:Color="#000000"/>
   </Borders>
   <Protection/>
  </Style>
  <Style ss:ID="s44">
   <Alignment ss:Horizontal="Center" ss:Vertical="Center" ss:WrapText="1"/>
   <Borders>
    <Border ss:Position="Right" ss:LineStyle="Continuous" ss:Weight="1"
     ss:Color="#000000"/>
   </Borders>
   <Protection/>
  </Style>
  <Style ss:ID="s45">
   <Alignment ss:Horizontal="Left" ss:Vertical="Center" ss:WrapText="1"/>
   <Borders>
    <Border ss:Position="Left" ss:LineStyle="Continuous" ss:Weight="1"
     ss:Color="#000000"/>
    <Border ss:Position="Right" ss:LineStyle="Continuous" ss:Weight="1"
     ss:Color="#000000"/>
   </Borders>
   <Protection/>
  </Style>
  <Style ss:ID="s46">
   <Alignment ss:Horizontal="Right" ss:Vertical="Center" ss:WrapText="1"/>
   <Borders>
    <Border ss:Position="Left" ss:LineStyle="Continuous" ss:Weight="1"
     ss:Color="#000000"/>
    <Border ss:Position="Right" ss:LineStyle="Continuous" ss:Weight="1"
     ss:Color="#000000"/>
   </Borders>
   <Protection/>
  </Style>
  <Style ss:ID="s47">
   <Alignment ss:Horizontal="Right" ss:Vertical="Center" ss:WrapText="1"/>
   <Borders>
    <Border ss:Position="Left" ss:LineStyle="Continuous" ss:Weight="1"
     ss:Color="#000000"/>
   </Borders>
   <Protection/>
  </Style>
  <Style ss:ID="s48">
   <Alignment ss:Horizontal="Center" ss:Vertical="Center" ss:WrapText="1"/>
   <Borders>
    <Border ss:Position="Bottom" ss:LineStyle="Continuous" ss:Weight="1"
     ss:Color="#000000"/>
    <Border ss:Position="Right" ss:LineStyle="Continuous" ss:Weight="1"
     ss:Color="#000000"/>
   </Borders>
   <Protection/>
  </Style>
  <Style ss:ID="s49">
   <Alignment ss:Horizontal="Left" ss:Vertical="Center" ss:WrapText="1"/>
   <Borders>
    <Border ss:Position="Bottom" ss:LineStyle="Continuous" ss:Weight="1"
     ss:Color="#000000"/>
    <Border ss:Position="Left" ss:LineStyle="Continuous" ss:Weight="1"
     ss:Color="#000000"/>
    <Border ss:Position="Right" ss:LineStyle="Continuous" ss:Weight="1"
     ss:Color="#000000"/>
   </Borders>
   <Protection/>
  </Style>
  <Style ss:ID="s50">
   <Alignment ss:Horizontal="Right" ss:Vertical="Center" ss:WrapText="1"/>
   <Borders>
    <Border ss:Position="Bottom" ss:LineStyle="Continuous" ss:Weight="1"
     ss:Color="#000000"/>
    <Border ss:Position="Left" ss:LineStyle="Continuous" ss:Weight="1"
     ss:Color="#000000"/>
    <Border ss:Position="Right" ss:LineStyle="Continuous" ss:Weight="1"
     ss:Color="#000000"/>
   </Borders>
   <Protection/>
  </Style>
  <Style ss:ID="s51">
   <Alignment ss:Horizontal="Right" ss:Vertical="Center" ss:WrapText="1"/>
   <Borders>
    <Border ss:Position="Bottom" ss:LineStyle="Continuous" ss:Weight="1"
     ss:Color="#000000"/>
    <Border ss:Position="Left" ss:LineStyle="Continuous" ss:Weight="1"
     ss:Color="#000000"/>
   </Borders>
   <Protection/>
  </Style>
  <Style ss:ID="s60">
   <Alignment ss:Horizontal="Center" ss:Vertical="Center" ss:WrapText="1"/>
   <Borders>
    <Border ss:Position="Bottom" ss:LineStyle="Continuous" ss:Weight="1"/>
   </Borders>
  </Style>
  <Style ss:ID="s61">
   <Alignment ss:Horizontal="Right" ss:Vertical="Center" ss:WrapText="1"/>
   <Borders>
    <Border ss:Position="Bottom" ss:LineStyle="Continuous" ss:Weight="1"/>
   </Borders>
  </Style>
  <Style ss:ID="s62">
   <Alignment ss:Horizontal="Left" ss:Vertical="Center" ss:WrapText="1"/>
   <Borders>
    <Border ss:Position="Bottom" ss:LineStyle="Continuous" ss:Weight="1"/>
   </Borders>
  </Style>
 </Styles>
 <Worksheet ss:Name="Sheet1">
  <Table ss:ExpandedColumnCount="256" ss:ExpandedRowCount="48" x:FullColumns="1"
   x:FullRows="1" ss:StyleID="s21" ss:DefaultRowHeight="16.2">
   <Column ss:StyleID="s27" ss:AutoFitWidth="0" ss:Width="18"/>
   <Column ss:StyleID="s28" ss:AutoFitWidth="0" ss:Width="148.2"/>
   <Column ss:StyleID="s22" ss:AutoFitWidth="0" ss:Width="72" ss:Span="2"/>
   <Column ss:Index="6" ss:StyleID="s22" ss:AutoFitWidth="0" ss:Width="90"/>
   <Column ss:StyleID="s21" ss:AutoFitWidth="0" ss:Width="92.4"/>
   <Column ss:StyleID="s21" ss:Width="40.2" ss:Span="3"/>
   <Column ss:Index="12" ss:StyleID="s21" ss:Width="75"/>
   <Column ss:StyleID="s21" ss:Width="32.4"/>
   <Column ss:StyleID="s21" ss:AutoFitWidth="0" ss:Width="160.20000000000002"/>
   <Column ss:StyleID="s21" ss:AutoFitWidth="0" ss:Width="48.6" ss:Span="241"/>
   <Row>
    <Cell ss:MergeAcross="5" ss:StyleID="s25"><Data ss:Type="String">蒙藏委員會主管</Data></Cell>
    <Cell ss:StyleID="s25"/>
   </Row>
   <Row ss:AutoFitHeight="0" ss:Height="16.5">
    <Cell ss:MergeAcross="5" ss:StyleID="s25"><Data ss:Type="String">歲出政事別預算比較總表</Data></Cell>
    <Cell ss:StyleID="s25"/>
   </Row>
   <Row>
    <Cell ss:MergeAcross="1" ss:StyleID="s62"><Data ss:Type="String">經資門併計</Data></Cell>
    <Cell ss:MergeAcross="1" ss:StyleID="s60"><Data ss:Type="String">中華民國105年度</Data></Cell>
    <Cell ss:MergeAcross="1" ss:StyleID="s61"><Data ss:Type="String">單位：新臺幣千元</Data></Cell>
    <Cell ss:StyleID="s22"/>
   </Row>
   <Row ss:AutoFitHeight="0" ss:Height="16.5">
    <Cell ss:MergeAcross="1" ss:StyleID="m331756812"><Data ss:Type="String">科                               目</Data></Cell>
    <Cell ss:MergeDown="1" ss:StyleID="m331756822"><Data ss:Type="String">本年度預算數</Data></Cell>
    <Cell ss:MergeDown="1" ss:StyleID="s24"><Data ss:Type="String">上年度預算數</Data></Cell>
    <Cell ss:MergeDown="1" ss:StyleID="s24"><Data ss:Type="String">前年度決算數</Data></Cell>
    <Cell ss:MergeDown="1" ss:StyleID="m331756802"><Data ss:Type="String">本年度節與上年度&#10;比                        較</Data></Cell>
    <Cell ss:StyleID="s23"/>
   </Row>
   <Row>
    <Cell ss:StyleID="s26"><Data ss:Type="String">款</Data></Cell>
    <Cell ss:StyleID="s24"><Data ss:Type="String">名                     稱</Data></Cell>
    <Cell ss:Index="7" ss:StyleID="s23"/>
   </Row>
   <Row>
    <Cell ss:StyleID="s40"/>
    <Cell ss:StyleID="s41"><Data ss:Type="String">合   計</Data></Cell>
    <Cell ss:StyleID="s42"><Data ss:Type="Number">126360</Data></Cell>
    <Cell ss:StyleID="s42"><Data ss:Type="Number">116655</Data></Cell>
    <Cell ss:StyleID="s42"><Data ss:Type="Number">105187.41</Data></Cell>
    <Cell ss:StyleID="s43"><Data ss:Type="Number">9705</Data></Cell>
    <Cell ss:StyleID="s23"/>
   </Row>
   <Row ss:AutoFitHeight="0" ss:Height="16.5">
    <Cell ss:StyleID="s44"/>
    <Cell ss:StyleID="s45"><Data ss:Type="String">(1.一般政務支出)</Data></Cell>
    <Cell ss:StyleID="s46"><Data ss:Type="Number">126360</Data></Cell>
    <Cell ss:StyleID="s46"><Data ss:Type="Number">116655</Data></Cell>
    <Cell ss:StyleID="s46"><Data ss:Type="Number">105187.41</Data></Cell>
    <Cell ss:StyleID="s47"><Data ss:Type="Number">9705</Data></Cell>
   </Row>
   <Row ss:AutoFitHeight="0" ss:Height="16.5">
    <Cell ss:StyleID="s44"><Data ss:Type="Number">1</Data></Cell>
    <Cell ss:StyleID="s45"><Data ss:Type="String">國務支出</Data></Cell>
    <Cell ss:StyleID="s46"><Data ss:Type="String">-</Data></Cell>
    <Cell ss:StyleID="s46"><Data ss:Type="String">-</Data></Cell>
    <Cell ss:StyleID="s46"><Data ss:Type="String">-</Data></Cell>
    <Cell ss:StyleID="s47"><Data ss:Type="String">-</Data></Cell>
   </Row>
   <Row ss:AutoFitHeight="0" ss:Height="16.5">
    <Cell ss:StyleID="s44"><Data ss:Type="Number">2</Data></Cell>
    <Cell ss:StyleID="s45"><Data ss:Type="String">行政支出</Data></Cell>
    <Cell ss:StyleID="s46"><Data ss:Type="String">-</Data></Cell>
    <Cell ss:StyleID="s46"><Data ss:Type="String">-</Data></Cell>
    <Cell ss:StyleID="s46"><Data ss:Type="String">-</Data></Cell>
    <Cell ss:StyleID="s47"><Data ss:Type="String">-</Data></Cell>
   </Row>
   <Row ss:AutoFitHeight="0" ss:Height="16.5">
    <Cell ss:StyleID="s44"><Data ss:Type="Number">3</Data></Cell>
    <Cell ss:StyleID="s45"><Data ss:Type="String">立法支出</Data></Cell>
    <Cell ss:StyleID="s46"><Data ss:Type="String">-</Data></Cell>
    <Cell ss:StyleID="s46"><Data ss:Type="String">-</Data></Cell>
    <Cell ss:StyleID="s46"><Data ss:Type="String">-</Data></Cell>
    <Cell ss:StyleID="s47"><Data ss:Type="String">-</Data></Cell>
   </Row>
   <Row ss:AutoFitHeight="0" ss:Height="16.5">
    <Cell ss:StyleID="s44"><Data ss:Type="Number">4</Data></Cell>
    <Cell ss:StyleID="s45"><Data ss:Type="String">司法支出</Data></Cell>
    <Cell ss:StyleID="s46"><Data ss:Type="String">-</Data></Cell>
    <Cell ss:StyleID="s46"><Data ss:Type="String">-</Data></Cell>
    <Cell ss:StyleID="s46"><Data ss:Type="String">-</Data></Cell>
    <Cell ss:StyleID="s47"><Data ss:Type="String">-</Data></Cell>
   </Row>
   <Row ss:AutoFitHeight="0" ss:Height="16.5">
    <Cell ss:StyleID="s44"><Data ss:Type="Number">5</Data></Cell>
    <Cell ss:StyleID="s45"><Data ss:Type="String">考試支出</Data></Cell>
    <Cell ss:StyleID="s46"><Data ss:Type="String">-</Data></Cell>
    <Cell ss:StyleID="s46"><Data ss:Type="String">-</Data></Cell>
    <Cell ss:StyleID="s46"><Data ss:Type="String">-</Data></Cell>
    <Cell ss:StyleID="s47"><Data ss:Type="String">-</Data></Cell>
   </Row>
   <Row ss:AutoFitHeight="0" ss:Height="16.5">
    <Cell ss:StyleID="s44"><Data ss:Type="Number">6</Data></Cell>
    <Cell ss:StyleID="s45"><Data ss:Type="String">監察支出</Data></Cell>
    <Cell ss:StyleID="s46"><Data ss:Type="String">-</Data></Cell>
    <Cell ss:StyleID="s46"><Data ss:Type="String">-</Data></Cell>
    <Cell ss:StyleID="s46"><Data ss:Type="String">-</Data></Cell>
    <Cell ss:StyleID="s47"><Data ss:Type="String">-</Data></Cell>
   </Row>
   <Row ss:AutoFitHeight="0" ss:Height="16.5">
    <Cell ss:StyleID="s44"><Data ss:Type="Number">7</Data></Cell>
    <Cell ss:StyleID="s45"><Data ss:Type="String">民政支出</Data></Cell>
    <Cell ss:StyleID="s46"><Data ss:Type="String">-</Data></Cell>
    <Cell ss:StyleID="s46"><Data ss:Type="String">-</Data></Cell>
    <Cell ss:StyleID="s46"><Data ss:Type="String">-</Data></Cell>
    <Cell ss:StyleID="s47"><Data ss:Type="String">-</Data></Cell>
   </Row>
   <Row ss:AutoFitHeight="0" ss:Height="16.5">
    <Cell ss:StyleID="s44"><Data ss:Type="Number">8</Data></Cell>
    <Cell ss:StyleID="s45"><Data ss:Type="String">外交支出</Data></Cell>
    <Cell ss:StyleID="s46"><Data ss:Type="String">-</Data></Cell>
    <Cell ss:StyleID="s46"><Data ss:Type="String">-</Data></Cell>
    <Cell ss:StyleID="s46"><Data ss:Type="String">-</Data></Cell>
    <Cell ss:StyleID="s47"><Data ss:Type="String">-</Data></Cell>
   </Row>
   <Row ss:AutoFitHeight="0" ss:Height="16.5">
    <Cell ss:StyleID="s44"><Data ss:Type="Number">9</Data></Cell>
    <Cell ss:StyleID="s45"><Data ss:Type="String">財務支出</Data></Cell>
    <Cell ss:StyleID="s46"><Data ss:Type="String">-</Data></Cell>
    <Cell ss:StyleID="s46"><Data ss:Type="String">-</Data></Cell>
    <Cell ss:StyleID="s46"><Data ss:Type="String">-</Data></Cell>
    <Cell ss:StyleID="s47"><Data ss:Type="String">-</Data></Cell>
   </Row>
   <Row ss:AutoFitHeight="0" ss:Height="16.5">
    <Cell ss:StyleID="s44"><Data ss:Type="Number">10</Data></Cell>
    <Cell ss:StyleID="s45"><Data ss:Type="String">邊政支出</Data></Cell>
    <Cell ss:StyleID="s46"><Data ss:Type="Number">126360</Data></Cell>
    <Cell ss:StyleID="s46"><Data ss:Type="Number">116655</Data></Cell>
    <Cell ss:StyleID="s46"><Data ss:Type="Number">105187.41</Data></Cell>
    <Cell ss:StyleID="s47"><Data ss:Type="Number">9705</Data></Cell>
   </Row>
   <Row ss:AutoFitHeight="0" ss:Height="16.5">
    <Cell ss:StyleID="s44"><Data ss:Type="Number">11</Data></Cell>
    <Cell ss:StyleID="s45"><Data ss:Type="String">僑務支出</Data></Cell>
    <Cell ss:StyleID="s46"><Data ss:Type="String">-</Data></Cell>
    <Cell ss:StyleID="s46"><Data ss:Type="String">-</Data></Cell>
    <Cell ss:StyleID="s46"><Data ss:Type="String">-</Data></Cell>
    <Cell ss:StyleID="s47"><Data ss:Type="String">-</Data></Cell>
   </Row>
   <Row ss:AutoFitHeight="0" ss:Height="16.5">
    <Cell ss:StyleID="s44"/>
    <Cell ss:StyleID="s45"><Data ss:Type="String">(2.國防支出)</Data></Cell>
    <Cell ss:StyleID="s46"><Data ss:Type="String">-</Data></Cell>
    <Cell ss:StyleID="s46"><Data ss:Type="String">-</Data></Cell>
    <Cell ss:StyleID="s46"><Data ss:Type="String">-</Data></Cell>
    <Cell ss:StyleID="s47"><Data ss:Type="String">-</Data></Cell>
   </Row>
   <Row ss:AutoFitHeight="0" ss:Height="16.5">
    <Cell ss:StyleID="s44"><Data ss:Type="Number">12</Data></Cell>
    <Cell ss:StyleID="s45"><Data ss:Type="String">國防支出</Data></Cell>
    <Cell ss:StyleID="s46"><Data ss:Type="String">-</Data></Cell>
    <Cell ss:StyleID="s46"><Data ss:Type="String">-</Data></Cell>
    <Cell ss:StyleID="s46"><Data ss:Type="String">-</Data></Cell>
    <Cell ss:StyleID="s47"><Data ss:Type="String">-</Data></Cell>
   </Row>
   <Row ss:AutoFitHeight="0" ss:Height="16.5">
    <Cell ss:StyleID="s44"/>
    <Cell ss:StyleID="s45"><Data ss:Type="String">(3.教育科學文化支出)</Data></Cell>
    <Cell ss:StyleID="s46"><Data ss:Type="String">-</Data></Cell>
    <Cell ss:StyleID="s46"><Data ss:Type="String">-</Data></Cell>
    <Cell ss:StyleID="s46"><Data ss:Type="String">-</Data></Cell>
    <Cell ss:StyleID="s47"><Data ss:Type="String">-</Data></Cell>
   </Row>
   <Row ss:AutoFitHeight="0" ss:Height="16.5">
    <Cell ss:StyleID="s44"><Data ss:Type="Number">13</Data></Cell>
    <Cell ss:StyleID="s45"><Data ss:Type="String">教育支出</Data></Cell>
    <Cell ss:StyleID="s46"><Data ss:Type="String">-</Data></Cell>
    <Cell ss:StyleID="s46"><Data ss:Type="String">-</Data></Cell>
    <Cell ss:StyleID="s46"><Data ss:Type="String">-</Data></Cell>
    <Cell ss:StyleID="s47"><Data ss:Type="String">-</Data></Cell>
   </Row>
   <Row ss:AutoFitHeight="0" ss:Height="16.5">
    <Cell ss:StyleID="s44"><Data ss:Type="Number">14</Data></Cell>
    <Cell ss:StyleID="s45"><Data ss:Type="String">科學支出</Data></Cell>
    <Cell ss:StyleID="s46"><Data ss:Type="String">-</Data></Cell>
    <Cell ss:StyleID="s46"><Data ss:Type="String">-</Data></Cell>
    <Cell ss:StyleID="s46"><Data ss:Type="String">-</Data></Cell>
    <Cell ss:StyleID="s47"><Data ss:Type="String">-</Data></Cell>
   </Row>
   <Row ss:AutoFitHeight="0" ss:Height="16.5">
    <Cell ss:StyleID="s44"><Data ss:Type="Number">15</Data></Cell>
    <Cell ss:StyleID="s45"><Data ss:Type="String">文化支出</Data></Cell>
    <Cell ss:StyleID="s46"><Data ss:Type="String">-</Data></Cell>
    <Cell ss:StyleID="s46"><Data ss:Type="String">-</Data></Cell>
    <Cell ss:StyleID="s46"><Data ss:Type="String">-</Data></Cell>
    <Cell ss:StyleID="s47"><Data ss:Type="String">-</Data></Cell>
   </Row>
   <Row ss:AutoFitHeight="0" ss:Height="16.5">
    <Cell ss:StyleID="s44"/>
    <Cell ss:StyleID="s45"><Data ss:Type="String">(4.經濟發展支出)</Data></Cell>
    <Cell ss:StyleID="s46"><Data ss:Type="String">-</Data></Cell>
    <Cell ss:StyleID="s46"><Data ss:Type="String">-</Data></Cell>
    <Cell ss:StyleID="s46"><Data ss:Type="String">-</Data></Cell>
    <Cell ss:StyleID="s47"><Data ss:Type="String">-</Data></Cell>
   </Row>
   <Row ss:AutoFitHeight="0" ss:Height="16.5">
    <Cell ss:StyleID="s44"><Data ss:Type="Number">16</Data></Cell>
    <Cell ss:StyleID="s45"><Data ss:Type="String">農業支出</Data></Cell>
    <Cell ss:StyleID="s46"><Data ss:Type="String">-</Data></Cell>
    <Cell ss:StyleID="s46"><Data ss:Type="String">-</Data></Cell>
    <Cell ss:StyleID="s46"><Data ss:Type="String">-</Data></Cell>
    <Cell ss:StyleID="s47"><Data ss:Type="String">-</Data></Cell>
   </Row>
   <Row ss:AutoFitHeight="0" ss:Height="16.5">
    <Cell ss:StyleID="s44"><Data ss:Type="Number">17</Data></Cell>
    <Cell ss:StyleID="s45"><Data ss:Type="String">工業支出</Data></Cell>
    <Cell ss:StyleID="s46"><Data ss:Type="String">-</Data></Cell>
    <Cell ss:StyleID="s46"><Data ss:Type="String">-</Data></Cell>
    <Cell ss:StyleID="s46"><Data ss:Type="String">-</Data></Cell>
    <Cell ss:StyleID="s47"><Data ss:Type="String">-</Data></Cell>
   </Row>
   <Row ss:AutoFitHeight="0" ss:Height="16.5">
    <Cell ss:StyleID="s44"><Data ss:Type="Number">18</Data></Cell>
    <Cell ss:StyleID="s45"><Data ss:Type="String">交通支出</Data></Cell>
    <Cell ss:StyleID="s46"><Data ss:Type="String">-</Data></Cell>
    <Cell ss:StyleID="s46"><Data ss:Type="String">-</Data></Cell>
    <Cell ss:StyleID="s46"><Data ss:Type="String">-</Data></Cell>
    <Cell ss:StyleID="s47"><Data ss:Type="String">-</Data></Cell>
   </Row>
   <Row ss:AutoFitHeight="0" ss:Height="16.5">
    <Cell ss:StyleID="s44"><Data ss:Type="Number">19</Data></Cell>
    <Cell ss:StyleID="s45"><Data ss:Type="String">其他經濟服務支出</Data></Cell>
    <Cell ss:StyleID="s46"><Data ss:Type="String">-</Data></Cell>
    <Cell ss:StyleID="s46"><Data ss:Type="String">-</Data></Cell>
    <Cell ss:StyleID="s46"><Data ss:Type="String">-</Data></Cell>
    <Cell ss:StyleID="s47"><Data ss:Type="String">-</Data></Cell>
   </Row>
   <Row ss:AutoFitHeight="0" ss:Height="16.5">
    <Cell ss:StyleID="s44"/>
    <Cell ss:StyleID="s45"><Data ss:Type="String">(5.社會福利支出)</Data></Cell>
    <Cell ss:StyleID="s46"><Data ss:Type="String">-</Data></Cell>
    <Cell ss:StyleID="s46"><Data ss:Type="String">-</Data></Cell>
    <Cell ss:StyleID="s46"><Data ss:Type="String">-</Data></Cell>
    <Cell ss:StyleID="s47"><Data ss:Type="String">-</Data></Cell>
   </Row>
   <Row ss:AutoFitHeight="0" ss:Height="16.5">
    <Cell ss:StyleID="s44"><Data ss:Type="Number">20</Data></Cell>
    <Cell ss:StyleID="s45"><Data ss:Type="String">社會保險支出</Data></Cell>
    <Cell ss:StyleID="s46"><Data ss:Type="String">-</Data></Cell>
    <Cell ss:StyleID="s46"><Data ss:Type="String">-</Data></Cell>
    <Cell ss:StyleID="s46"><Data ss:Type="String">-</Data></Cell>
    <Cell ss:StyleID="s47"><Data ss:Type="String">-</Data></Cell>
   </Row>
   <Row ss:AutoFitHeight="0" ss:Height="16.5">
    <Cell ss:StyleID="s44"><Data ss:Type="Number">21</Data></Cell>
    <Cell ss:StyleID="s45"><Data ss:Type="String">社會救助支出</Data></Cell>
    <Cell ss:StyleID="s46"><Data ss:Type="String">-</Data></Cell>
    <Cell ss:StyleID="s46"><Data ss:Type="String">-</Data></Cell>
    <Cell ss:StyleID="s46"><Data ss:Type="String">-</Data></Cell>
    <Cell ss:StyleID="s47"><Data ss:Type="String">-</Data></Cell>
   </Row>
   <Row ss:AutoFitHeight="0" ss:Height="16.5">
    <Cell ss:StyleID="s44"><Data ss:Type="Number">22</Data></Cell>
    <Cell ss:StyleID="s45"><Data ss:Type="String">福利服務支出</Data></Cell>
    <Cell ss:StyleID="s46"><Data ss:Type="String">-</Data></Cell>
    <Cell ss:StyleID="s46"><Data ss:Type="String">-</Data></Cell>
    <Cell ss:StyleID="s46"><Data ss:Type="String">-</Data></Cell>
    <Cell ss:StyleID="s47"><Data ss:Type="String">-</Data></Cell>
   </Row>
   <Row ss:AutoFitHeight="0" ss:Height="16.5">
    <Cell ss:StyleID="s44"><Data ss:Type="Number">23</Data></Cell>
    <Cell ss:StyleID="s45"><Data ss:Type="String">國民就業支出</Data></Cell>
    <Cell ss:StyleID="s46"><Data ss:Type="String">-</Data></Cell>
    <Cell ss:StyleID="s46"><Data ss:Type="String">-</Data></Cell>
    <Cell ss:StyleID="s46"><Data ss:Type="String">-</Data></Cell>
    <Cell ss:StyleID="s47"><Data ss:Type="String">-</Data></Cell>
   </Row>
   <Row ss:AutoFitHeight="0" ss:Height="16.5">
    <Cell ss:StyleID="s44"><Data ss:Type="Number">24</Data></Cell>
    <Cell ss:StyleID="s45"><Data ss:Type="String">醫療保健支出</Data></Cell>
    <Cell ss:StyleID="s46"><Data ss:Type="String">-</Data></Cell>
    <Cell ss:StyleID="s46"><Data ss:Type="String">-</Data></Cell>
    <Cell ss:StyleID="s46"><Data ss:Type="String">-</Data></Cell>
    <Cell ss:StyleID="s47"><Data ss:Type="String">-</Data></Cell>
   </Row>
   <Row ss:AutoFitHeight="0" ss:Height="16.5">
    <Cell ss:StyleID="s44"/>
    <Cell ss:StyleID="s45"><Data ss:Type="String">(6.社區發展及環境保護支出)</Data></Cell>
    <Cell ss:StyleID="s46"><Data ss:Type="String">-</Data></Cell>
    <Cell ss:StyleID="s46"><Data ss:Type="String">-</Data></Cell>
    <Cell ss:StyleID="s46"><Data ss:Type="String">-</Data></Cell>
    <Cell ss:StyleID="s47"><Data ss:Type="String">-</Data></Cell>
   </Row>
   <Row ss:AutoFitHeight="0" ss:Height="16.5">
    <Cell ss:StyleID="s44"><Data ss:Type="Number">25</Data></Cell>
    <Cell ss:StyleID="s45"><Data ss:Type="String">環境保護支出</Data></Cell>
    <Cell ss:StyleID="s46"><Data ss:Type="String">-</Data></Cell>
    <Cell ss:StyleID="s46"><Data ss:Type="String">-</Data></Cell>
    <Cell ss:StyleID="s46"><Data ss:Type="String">-</Data></Cell>
    <Cell ss:StyleID="s47"><Data ss:Type="String">-</Data></Cell>
   </Row>
   <Row ss:AutoFitHeight="0" ss:Height="16.5">
    <Cell ss:StyleID="s44"/>
    <Cell ss:StyleID="s45"><Data ss:Type="String">(7.退休撫卹支出)</Data></Cell>
    <Cell ss:StyleID="s46"><Data ss:Type="String">-</Data></Cell>
    <Cell ss:StyleID="s46"><Data ss:Type="String">-</Data></Cell>
    <Cell ss:StyleID="s46"><Data ss:Type="String">-</Data></Cell>
    <Cell ss:StyleID="s47"><Data ss:Type="String">-</Data></Cell>
   </Row>
   <Row ss:AutoFitHeight="0" ss:Height="16.5">
    <Cell ss:StyleID="s44"><Data ss:Type="Number">26</Data></Cell>
    <Cell ss:StyleID="s45"><Data ss:Type="String">退休撫卹給付支出</Data></Cell>
    <Cell ss:StyleID="s46"><Data ss:Type="String">-</Data></Cell>
    <Cell ss:StyleID="s46"><Data ss:Type="String">-</Data></Cell>
    <Cell ss:StyleID="s46"><Data ss:Type="String">-</Data></Cell>
    <Cell ss:StyleID="s47"><Data ss:Type="String">-</Data></Cell>
   </Row>
   <Row ss:AutoFitHeight="0" ss:Height="16.5">
    <Cell ss:StyleID="s44"><Data ss:Type="Number">27</Data></Cell>
    <Cell ss:StyleID="s45"><Data ss:Type="String">退休撫卹業務支出</Data></Cell>
    <Cell ss:StyleID="s46"><Data ss:Type="String">-</Data></Cell>
    <Cell ss:StyleID="s46"><Data ss:Type="String">-</Data></Cell>
    <Cell ss:StyleID="s46"><Data ss:Type="String">-</Data></Cell>
    <Cell ss:StyleID="s47"><Data ss:Type="String">-</Data></Cell>
   </Row>
   <Row ss:AutoFitHeight="0" ss:Height="16.5">
    <Cell ss:StyleID="s44"/>
    <Cell ss:StyleID="s45"><Data ss:Type="String">(8.債務支出)</Data></Cell>
    <Cell ss:StyleID="s46"><Data ss:Type="String">-</Data></Cell>
    <Cell ss:StyleID="s46"><Data ss:Type="String">-</Data></Cell>
    <Cell ss:StyleID="s46"><Data ss:Type="String">-</Data></Cell>
    <Cell ss:StyleID="s47"><Data ss:Type="String">-</Data></Cell>
   </Row>
   <Row ss:AutoFitHeight="0" ss:Height="16.5">
    <Cell ss:StyleID="s44"><Data ss:Type="Number">28</Data></Cell>
    <Cell ss:StyleID="s45"><Data ss:Type="String">債務付息支出</Data></Cell>
    <Cell ss:StyleID="s46"><Data ss:Type="String">-</Data></Cell>
    <Cell ss:StyleID="s46"><Data ss:Type="String">-</Data></Cell>
    <Cell ss:StyleID="s46"><Data ss:Type="String">-</Data></Cell>
    <Cell ss:StyleID="s47"><Data ss:Type="String">-</Data></Cell>
   </Row>
   <Row ss:AutoFitHeight="0" ss:Height="16.5">
    <Cell ss:StyleID="s44"><Data ss:Type="Number">29</Data></Cell>
    <Cell ss:StyleID="s45"><Data ss:Type="String">還本付息事務支出</Data></Cell>
    <Cell ss:StyleID="s46"><Data ss:Type="String">-</Data></Cell>
    <Cell ss:StyleID="s46"><Data ss:Type="String">-</Data></Cell>
    <Cell ss:StyleID="s46"><Data ss:Type="String">-</Data></Cell>
    <Cell ss:StyleID="s47"><Data ss:Type="String">-</Data></Cell>
   </Row>
   <Row ss:AutoFitHeight="0" ss:Height="16.5">
    <Cell ss:StyleID="s44"/>
    <Cell ss:StyleID="s45"><Data ss:Type="String">(9.一般補助及其他支出)</Data></Cell>
    <Cell ss:StyleID="s46"><Data ss:Type="String">-</Data></Cell>
    <Cell ss:StyleID="s46"><Data ss:Type="String">-</Data></Cell>
    <Cell ss:StyleID="s46"><Data ss:Type="String">-</Data></Cell>
    <Cell ss:StyleID="s47"><Data ss:Type="String">-</Data></Cell>
   </Row>
   <Row ss:AutoFitHeight="0" ss:Height="16.5">
    <Cell ss:StyleID="s44"><Data ss:Type="Number">30</Data></Cell>
    <Cell ss:StyleID="s45"><Data ss:Type="String">專案補助支出</Data></Cell>
    <Cell ss:StyleID="s46"><Data ss:Type="String">-</Data></Cell>
    <Cell ss:StyleID="s46"><Data ss:Type="String">-</Data></Cell>
    <Cell ss:StyleID="s46"><Data ss:Type="String">-</Data></Cell>
    <Cell ss:StyleID="s47"><Data ss:Type="String">-</Data></Cell>
   </Row>
   <Row ss:AutoFitHeight="0" ss:Height="16.5">
    <Cell ss:StyleID="s44"><Data ss:Type="Number">31</Data></Cell>
    <Cell ss:StyleID="s45"><Data ss:Type="String">平衡預算補助支出</Data></Cell>
    <Cell ss:StyleID="s46"><Data ss:Type="String">-</Data></Cell>
    <Cell ss:StyleID="s46"><Data ss:Type="String">-</Data></Cell>
    <Cell ss:StyleID="s46"><Data ss:Type="String">-</Data></Cell>
    <Cell ss:StyleID="s47"><Data ss:Type="String">-</Data></Cell>
   </Row>
   <Row ss:AutoFitHeight="0" ss:Height="16.5">
    <Cell ss:StyleID="s44"><Data ss:Type="Number">32</Data></Cell>
    <Cell ss:StyleID="s45"><Data ss:Type="String">其他支出</Data></Cell>
    <Cell ss:StyleID="s46"><Data ss:Type="String">-</Data></Cell>
    <Cell ss:StyleID="s46"><Data ss:Type="String">-</Data></Cell>
    <Cell ss:StyleID="s46"><Data ss:Type="String">-</Data></Cell>
    <Cell ss:StyleID="s47"><Data ss:Type="String">-</Data></Cell>
   </Row>
   <Row ss:AutoFitHeight="0" ss:Height="16.5">
    <Cell ss:StyleID="s48"><Data ss:Type="Number">33</Data></Cell>
    <Cell ss:StyleID="s49"><Data ss:Type="String">第二預備金</Data></Cell>
    <Cell ss:StyleID="s50"><Data ss:Type="String">-</Data></Cell>
    <Cell ss:StyleID="s50"><Data ss:Type="String">-</Data></Cell>
    <Cell ss:StyleID="s50"><Data ss:Type="String">-</Data></Cell>
    <Cell ss:StyleID="s51"><Data ss:Type="String">-</Data></Cell>
   </Row>
  </Table>
  <WorksheetOptions xmlns="urn:schemas-microsoft-com:office:excel">
   <PageSetup>
    <Layout x:Orientation="Landscape"/>
   </PageSetup>
   <Print>
    <ValidPrinterInfo/>
    <PaperSizeIndex>9</PaperSizeIndex>
    <HorizontalResolution>600</HorizontalResolution>
    <VerticalResolution>600</VerticalResolution>
   </Print>
   <Selected/>
   <Panes>
    <Pane>
     <Number>3</Number>
     <ActiveRow>1</ActiveRow>
     <RangeSelection>R2C1:R2C6</RangeSelection>
    </Pane>
   </Panes>
   <ProtectObjects>False</ProtectObjects>
   <ProtectScenarios>False</ProtectScenarios>
  </WorksheetOptions>
 </Worksheet>
</Workbook>
