<?xml version="1.0"?>
<?mso-application progid="Excel.Sheet"?>
<Workbook xmlns="urn:schemas-microsoft-com:office:spreadsheet"
 xmlns:o="urn:schemas-microsoft-com:office:office"
 xmlns:x="urn:schemas-microsoft-com:office:excel"
 xmlns:ss="urn:schemas-microsoft-com:office:spreadsheet"
 xmlns:html="http://www.w3.org/TR/REC-html40">
 <DocumentProperties xmlns="urn:schemas-microsoft-com:office:office">
  <LastAuthor>user</LastAuthor>
  <Created>1997-01-14T01:50:29Z</Created>
  <LastSaved>2016-01-29T04:05:45Z</LastSaved>
  <Version>11.9999</Version>
 </DocumentProperties>
 <OfficeDocumentSettings xmlns="urn:schemas-microsoft-com:office:office">
  <DownloadComponents/>
  <LocationOfComponents HRef="file:///D:\office2003\"/>
 </OfficeDocumentSettings>
 <ExcelWorkbook xmlns="urn:schemas-microsoft-com:office:excel">
  <WindowHeight>4536</WindowHeight>
  <WindowWidth>8508</WindowWidth>
  <WindowTopX>5268</WindowTopX>
  <WindowTopY>2172</WindowTopY>
  <AcceptLabelsInFormulas/>
  <ProtectStructure>False</ProtectStructure>
  <ProtectWindows>False</ProtectWindows>
  <DisplayInkNotes>False</DisplayInkNotes>
 </ExcelWorkbook>
 <Styles>
  <Style ss:ID="Default" ss:Name="Normal">
   <Alignment ss:Vertical="Bottom"/>
   <Borders/>
   <Font ss:FontName="新細明體" x:CharSet="136" x:Family="Roman" ss:Size="12"/>
   <Interior/>
   <NumberFormat/>
   <Protection/>
  </Style>
  <Style ss:ID="m331756778">
   <Alignment ss:Horizontal="Center" ss:Vertical="Center" ss:WrapText="1"/>
   <Borders>
    <Border ss:Position="Left" ss:LineStyle="Continuous" ss:Weight="1"/>
    <Border ss:Position="Top" ss:LineStyle="Continuous" ss:Weight="1"/>
   </Borders>
  </Style>
  <Style ss:ID="m331756788">
   <Alignment ss:Horizontal="Center" ss:Vertical="Center" ss:WrapText="1"/>
   <Borders>
    <Border ss:Position="Bottom" ss:LineStyle="Continuous" ss:Weight="1"/>
    <Border ss:Position="Right" ss:LineStyle="Continuous" ss:Weight="1"/>
    <Border ss:Position="Top" ss:LineStyle="Continuous" ss:Weight="1"/>
   </Borders>
  </Style>
  <Style ss:ID="m331756798">
   <Alignment ss:Horizontal="Center" ss:Vertical="Center" ss:WrapText="1"/>
   <Borders>
    <Border ss:Position="Left" ss:LineStyle="Continuous" ss:Weight="1"/>
    <Border ss:Position="Right" ss:LineStyle="Continuous" ss:Weight="1"/>
    <Border ss:Position="Top" ss:LineStyle="Continuous" ss:Weight="1"/>
   </Borders>
  </Style>
  <Style ss:ID="s21">
   <Alignment ss:Vertical="Center" ss:WrapText="1"/>
  </Style>
  <Style ss:ID="s22">
   <Alignment ss:Horizontal="Right" ss:Vertical="Center" ss:WrapText="1"/>
  </Style>
  <Style ss:ID="s23">
   <Alignment ss:Horizontal="Center" ss:Vertical="Center" ss:WrapText="1"/>
   <Borders/>
  </Style>
  <Style ss:ID="s24">
   <Alignment ss:Horizontal="Center" ss:Vertical="Center" ss:WrapText="1"/>
   <Borders>
    <Border ss:Position="Left" ss:LineStyle="Continuous" ss:Weight="1"/>
    <Border ss:Position="Right" ss:LineStyle="Continuous" ss:Weight="1"/>
    <Border ss:Position="Top" ss:LineStyle="Continuous" ss:Weight="1"/>
   </Borders>
  </Style>
  <Style ss:ID="s25">
   <Alignment ss:Horizontal="Center" ss:Vertical="Center" ss:WrapText="1"/>
   <Font ss:FontName="新細明體" x:CharSet="136" x:Family="Roman" ss:Size="12"
    ss:Bold="1"/>
  </Style>
  <Style ss:ID="s26">
   <Alignment ss:Horizontal="Center" ss:Vertical="Center" ss:WrapText="1"/>
   <Borders>
    <Border ss:Position="Right" ss:LineStyle="Continuous" ss:Weight="1"/>
    <Border ss:Position="Top" ss:LineStyle="Continuous" ss:Weight="1"/>
   </Borders>
  </Style>
  <Style ss:ID="s27">
   <Alignment ss:Horizontal="Center" ss:Vertical="Center" ss:WrapText="1"/>
  </Style>
  <Style ss:ID="s28">
   <Alignment ss:Horizontal="Left" ss:Vertical="Center" ss:WrapText="1"/>
  </Style>
  <Style ss:ID="s29">
   <Alignment ss:Horizontal="Center" ss:Vertical="Center" ss:WrapText="1"/>
   <Borders>
    <Border ss:Position="Right" ss:LineStyle="Continuous" ss:Weight="1"
     ss:Color="#000000"/>
    <Border ss:Position="Top" ss:LineStyle="Continuous" ss:Weight="1"
     ss:Color="#000000"/>
   </Borders>
   <Protection/>
  </Style>
  <Style ss:ID="s30">
   <Alignment ss:Horizontal="Center" ss:Vertical="Center" ss:WrapText="1"/>
   <Borders>
    <Border ss:Position="Left" ss:LineStyle="Continuous" ss:Weight="1"
     ss:Color="#000000"/>
    <Border ss:Position="Right" ss:LineStyle="Continuous" ss:Weight="1"
     ss:Color="#000000"/>
    <Border ss:Position="Top" ss:LineStyle="Continuous" ss:Weight="1"
     ss:Color="#000000"/>
   </Borders>
   <Protection/>
  </Style>
  <Style ss:ID="s31">
   <Alignment ss:Horizontal="Left" ss:Vertical="Center" ss:WrapText="1"/>
   <Borders>
    <Border ss:Position="Left" ss:LineStyle="Continuous" ss:Weight="1"
     ss:Color="#000000"/>
    <Border ss:Position="Right" ss:LineStyle="Continuous" ss:Weight="1"
     ss:Color="#000000"/>
    <Border ss:Position="Top" ss:LineStyle="Continuous" ss:Weight="1"
     ss:Color="#000000"/>
   </Borders>
   <Protection/>
  </Style>
  <Style ss:ID="s32">
   <Alignment ss:Horizontal="Right" ss:Vertical="Center" ss:WrapText="1"/>
   <Borders>
    <Border ss:Position="Left" ss:LineStyle="Continuous" ss:Weight="1"
     ss:Color="#000000"/>
    <Border ss:Position="Right" ss:LineStyle="Continuous" ss:Weight="1"
     ss:Color="#000000"/>
    <Border ss:Position="Top" ss:LineStyle="Continuous" ss:Weight="1"
     ss:Color="#000000"/>
   </Borders>
   <Protection/>
  </Style>
  <Style ss:ID="s33">
   <Alignment ss:Horizontal="Right" ss:Vertical="Center" ss:WrapText="1"/>
   <Borders>
    <Border ss:Position="Left" ss:LineStyle="Continuous" ss:Weight="1"
     ss:Color="#000000"/>
    <Border ss:Position="Top" ss:LineStyle="Continuous" ss:Weight="1"
     ss:Color="#000000"/>
   </Borders>
   <Protection/>
  </Style>
  <Style ss:ID="s34">
   <Alignment ss:Horizontal="Center" ss:Vertical="Center" ss:WrapText="1"/>
   <Borders>
    <Border ss:Position="Right" ss:LineStyle="Continuous" ss:Weight="1"
     ss:Color="#000000"/>
   </Borders>
   <Protection/>
  </Style>
  <Style ss:ID="s35">
   <Alignment ss:Horizontal="Center" ss:Vertical="Center" ss:WrapText="1"/>
   <Borders>
    <Border ss:Position="Left" ss:LineStyle="Continuous" ss:Weight="1"
     ss:Color="#000000"/>
    <Border ss:Position="Right" ss:LineStyle="Continuous" ss:Weight="1"
     ss:Color="#000000"/>
   </Borders>
   <Protection/>
  </Style>
  <Style ss:ID="s36">
   <Alignment ss:Horizontal="Left" ss:Vertical="Center" ss:WrapText="1"/>
   <Borders>
    <Border ss:Position="Left" ss:LineStyle="Continuous" ss:Weight="1"
     ss:Color="#000000"/>
    <Border ss:Position="Right" ss:LineStyle="Continuous" ss:Weight="1"
     ss:Color="#000000"/>
   </Borders>
   <Protection/>
  </Style>
  <Style ss:ID="s37">
   <Alignment ss:Horizontal="Right" ss:Vertical="Center" ss:WrapText="1"/>
   <Borders>
    <Border ss:Position="Left" ss:LineStyle="Continuous" ss:Weight="1"
     ss:Color="#000000"/>
    <Border ss:Position="Right" ss:LineStyle="Continuous" ss:Weight="1"
     ss:Color="#000000"/>
   </Borders>
   <Protection/>
  </Style>
  <Style ss:ID="s38">
   <Alignment ss:Horizontal="Right" ss:Vertical="Center" ss:WrapText="1"/>
   <Borders>
    <Border ss:Position="Left" ss:LineStyle="Continuous" ss:Weight="1"
     ss:Color="#000000"/>
   </Borders>
   <Protection/>
  </Style>
  <Style ss:ID="s39">
   <Alignment ss:Horizontal="Center" ss:Vertical="Center" ss:WrapText="1"/>
   <Borders>
    <Border ss:Position="Bottom" ss:LineStyle="Continuous" ss:Weight="1"
     ss:Color="#000000"/>
    <Border ss:Position="Right" ss:LineStyle="Continuous" ss:Weight="1"
     ss:Color="#000000"/>
   </Borders>
   <Protection/>
  </Style>
  <Style ss:ID="s40">
   <Alignment ss:Horizontal="Center" ss:Vertical="Center" ss:WrapText="1"/>
   <Borders>
    <Border ss:Position="Bottom" ss:LineStyle="Continuous" ss:Weight="1"
     ss:Color="#000000"/>
    <Border ss:Position="Left" ss:LineStyle="Continuous" ss:Weight="1"
     ss:Color="#000000"/>
    <Border ss:Position="Right" ss:LineStyle="Continuous" ss:Weight="1"
     ss:Color="#000000"/>
   </Borders>
   <Protection/>
  </Style>
  <Style ss:ID="s41">
   <Alignment ss:Horizontal="Left" ss:Vertical="Center" ss:WrapText="1"/>
   <Borders>
    <Border ss:Position="Bottom" ss:LineStyle="Continuous" ss:Weight="1"
     ss:Color="#000000"/>
    <Border ss:Position="Left" ss:LineStyle="Continuous" ss:Weight="1"
     ss:Color="#000000"/>
    <Border ss:Position="Right" ss:LineStyle="Continuous" ss:Weight="1"
     ss:Color="#000000"/>
   </Borders>
   <Protection/>
  </Style>
  <Style ss:ID="s42">
   <Alignment ss:Horizontal="Right" ss:Vertical="Center" ss:WrapText="1"/>
   <Borders>
    <Border ss:Position="Bottom" ss:LineStyle="Continuous" ss:Weight="1"
     ss:Color="#000000"/>
    <Border ss:Position="Left" ss:LineStyle="Continuous" ss:Weight="1"
     ss:Color="#000000"/>
    <Border ss:Position="Right" ss:LineStyle="Continuous" ss:Weight="1"
     ss:Color="#000000"/>
   </Borders>
   <Protection/>
  </Style>
  <Style ss:ID="s43">
   <Alignment ss:Horizontal="Right" ss:Vertical="Center" ss:WrapText="1"/>
   <Borders>
    <Border ss:Position="Bottom" ss:LineStyle="Continuous" ss:Weight="1"
     ss:Color="#000000"/>
    <Border ss:Position="Left" ss:LineStyle="Continuous" ss:Weight="1"
     ss:Color="#000000"/>
   </Borders>
   <Protection/>
  </Style>
  <Style ss:ID="s61">
   <Alignment ss:Horizontal="Center" ss:Vertical="Center" ss:WrapText="1"/>
   <Borders>
    <Border ss:Position="Bottom" ss:LineStyle="Continuous" ss:Weight="1"/>
   </Borders>
  </Style>
  <Style ss:ID="s62">
   <Alignment ss:Horizontal="Right" ss:Vertical="Center" ss:WrapText="1"/>
   <Borders>
    <Border ss:Position="Bottom" ss:LineStyle="Continuous" ss:Weight="1"/>
   </Borders>
  </Style>
  <Style ss:ID="s63">
   <Alignment ss:Horizontal="Left" ss:Vertical="Center" ss:WrapText="1"/>
   <Borders>
    <Border ss:Position="Bottom" ss:LineStyle="Continuous" ss:Weight="1"/>
   </Borders>
  </Style>
 </Styles>
 <Worksheet ss:Name="Sheet1">
  <Table ss:ExpandedColumnCount="256" ss:ExpandedRowCount="14" x:FullColumns="1"
   x:FullRows="1" ss:StyleID="s21" ss:DefaultRowHeight="16.2">
   <Column ss:StyleID="s27" ss:AutoFitWidth="0" ss:Width="18"/>
   <Column ss:StyleID="s27" ss:AutoFitWidth="0" ss:Width="18.6" ss:Span="1"/>
   <Column ss:Index="4" ss:StyleID="s27" ss:AutoFitWidth="0" ss:Width="18"/>
   <Column ss:StyleID="s28" ss:AutoFitWidth="0" ss:Width="103.8"/>
   <Column ss:StyleID="s22" ss:AutoFitWidth="0" ss:Width="72" ss:Span="2"/>
   <Column ss:Index="9" ss:StyleID="s22" ss:AutoFitWidth="0" ss:Width="90"/>
   <Column ss:StyleID="s21" ss:AutoFitWidth="0" ss:Width="92.4"/>
   <Column ss:StyleID="s21" ss:Width="40.2" ss:Span="3"/>
   <Column ss:Index="15" ss:StyleID="s21" ss:Width="75"/>
   <Column ss:StyleID="s21" ss:Width="32.4"/>
   <Column ss:StyleID="s21" ss:AutoFitWidth="0" ss:Width="160.20000000000002"/>
   <Column ss:StyleID="s21" ss:AutoFitWidth="0" ss:Width="48.6" ss:Span="238"/>
   <Row>
    <Cell ss:MergeAcross="8" ss:StyleID="s25"><Data ss:Type="String">蒙藏委員會主管</Data></Cell>
    <Cell ss:StyleID="s25"/>
   </Row>
   <Row ss:AutoFitHeight="0" ss:Height="16.5">
    <Cell ss:MergeAcross="8" ss:StyleID="s25"><Data ss:Type="String">歲出政事別預算表</Data></Cell>
    <Cell ss:StyleID="s25"/>
   </Row>
   <Row>
    <Cell ss:MergeAcross="4" ss:StyleID="s63"><Data ss:Type="String">經資門併計</Data></Cell>
    <Cell ss:MergeAcross="1" ss:StyleID="s61"><Data ss:Type="String">中華民國105年度</Data></Cell>
    <Cell ss:MergeAcross="1" ss:StyleID="s62"><Data ss:Type="String">單位：新臺幣千元</Data></Cell>
    <Cell ss:StyleID="s22"/>
   </Row>
   <Row ss:AutoFitHeight="0" ss:Height="16.5">
    <Cell ss:MergeAcross="4" ss:StyleID="m331756788"><Data ss:Type="String">科                               目</Data></Cell>
    <Cell ss:MergeDown="1" ss:StyleID="m331756798"><Data ss:Type="String">本年度預算數</Data></Cell>
    <Cell ss:MergeDown="1" ss:StyleID="s24"><Data ss:Type="String">上年度預算數</Data></Cell>
    <Cell ss:MergeDown="1" ss:StyleID="s24"><Data ss:Type="String">前年度決算數</Data></Cell>
    <Cell ss:MergeDown="1" ss:StyleID="m331756778"><Data ss:Type="String">本年度節與上年度&#10;比                        較</Data></Cell>
    <Cell ss:StyleID="s23"/>
   </Row>
   <Row>
    <Cell ss:StyleID="s26"><Data ss:Type="String">款</Data></Cell>
    <Cell ss:StyleID="s24"><Data ss:Type="String">項</Data></Cell>
    <Cell ss:StyleID="s24"><Data ss:Type="String">目</Data></Cell>
    <Cell ss:StyleID="s24"><Data ss:Type="String">節</Data></Cell>
    <Cell ss:StyleID="s24"><Data ss:Type="String">名   稱   及   編   號</Data></Cell>
    <Cell ss:Index="10" ss:StyleID="s23"/>
   </Row>
   <Row ss:Height="32.4">
    <Cell ss:StyleID="s29"/>
    <Cell ss:StyleID="s30"/>
    <Cell ss:StyleID="s30"/>
    <Cell ss:StyleID="s30"/>
    <Cell ss:StyleID="s31"><Data ss:Type="String">&#10;合   計</Data></Cell>
    <Cell ss:StyleID="s32"><Data ss:Type="Number">126360</Data></Cell>
    <Cell ss:StyleID="s32"><Data ss:Type="Number">116655</Data></Cell>
    <Cell ss:StyleID="s32"><Data ss:Type="Number">105187.41</Data></Cell>
    <Cell ss:StyleID="s33"><Data ss:Type="Number">9705</Data></Cell>
    <Cell ss:StyleID="s23"/>
   </Row>
   <Row ss:AutoFitHeight="0" ss:Height="16.5">
    <Cell ss:StyleID="s34"/>
    <Cell ss:StyleID="s35"/>
    <Cell ss:StyleID="s35"/>
    <Cell ss:StyleID="s35"/>
    <Cell ss:StyleID="s36"><Data ss:Type="String">&#10;(1.一般政務支出)</Data></Cell>
    <Cell ss:StyleID="s37"><Data ss:Type="Number">126360</Data></Cell>
    <Cell ss:StyleID="s37"><Data ss:Type="Number">116655</Data></Cell>
    <Cell ss:StyleID="s37"><Data ss:Type="Number">105187.41</Data></Cell>
    <Cell ss:StyleID="s38"><Data ss:Type="Number">9705</Data></Cell>
   </Row>
   <Row ss:AutoFitHeight="0" ss:Height="16.5">
    <Cell ss:StyleID="s34"><Data ss:Type="Number">10</Data></Cell>
    <Cell ss:StyleID="s35"/>
    <Cell ss:StyleID="s35"/>
    <Cell ss:StyleID="s35"/>
    <Cell ss:StyleID="s36"><Data ss:Type="String">4100000000&#10;邊政支出</Data></Cell>
    <Cell ss:StyleID="s37"><Data ss:Type="Number">126360</Data></Cell>
    <Cell ss:StyleID="s37"><Data ss:Type="Number">116655</Data></Cell>
    <Cell ss:StyleID="s37"><Data ss:Type="Number">105187.41</Data></Cell>
    <Cell ss:StyleID="s38"><Data ss:Type="Number">9705</Data></Cell>
   </Row>
   <Row ss:AutoFitHeight="0" ss:Height="16.5">
    <Cell ss:StyleID="s34"/>
    <Cell ss:StyleID="s35"><Data ss:Type="Number">1</Data></Cell>
    <Cell ss:StyleID="s35"/>
    <Cell ss:StyleID="s35"/>
    <Cell ss:StyleID="s36"><Data ss:Type="String">4136010000&#10;蒙藏委員會</Data></Cell>
    <Cell ss:StyleID="s37"><Data ss:Type="Number">126360</Data></Cell>
    <Cell ss:StyleID="s37"><Data ss:Type="Number">116655</Data></Cell>
    <Cell ss:StyleID="s37"><Data ss:Type="Number">105187.41</Data></Cell>
    <Cell ss:StyleID="s38"><Data ss:Type="Number">9705</Data></Cell>
   </Row>
   <Row ss:AutoFitHeight="0" ss:Height="16.5">
    <Cell ss:StyleID="s34"/>
    <Cell ss:StyleID="s35"/>
    <Cell ss:StyleID="s35"><Data ss:Type="Number">1</Data></Cell>
    <Cell ss:StyleID="s35"/>
    <Cell ss:StyleID="s36"><Data ss:Type="String">4136010100&#10;一般行政</Data></Cell>
    <Cell ss:StyleID="s37"><Data ss:Type="Number">85681</Data></Cell>
    <Cell ss:StyleID="s37"><Data ss:Type="Number">86347</Data></Cell>
    <Cell ss:StyleID="s37"><Data ss:Type="Number">76103.688999999998</Data></Cell>
    <Cell ss:StyleID="s38"><Data ss:Type="Number">-666</Data></Cell>
   </Row>
   <Row ss:AutoFitHeight="0" ss:Height="16.5">
    <Cell ss:StyleID="s34"/>
    <Cell ss:StyleID="s35"/>
    <Cell ss:StyleID="s35"><Data ss:Type="Number">2</Data></Cell>
    <Cell ss:StyleID="s35"/>
    <Cell ss:StyleID="s36"><Data ss:Type="String">4136012000&#10;蒙事業務</Data></Cell>
    <Cell ss:StyleID="s37"><Data ss:Type="Number">25970</Data></Cell>
    <Cell ss:StyleID="s37"><Data ss:Type="Number">19907</Data></Cell>
    <Cell ss:StyleID="s37"><Data ss:Type="Number">16455.725999999999</Data></Cell>
    <Cell ss:StyleID="s38"><Data ss:Type="Number">6063</Data></Cell>
   </Row>
   <Row ss:AutoFitHeight="0" ss:Height="16.5">
    <Cell ss:StyleID="s34"/>
    <Cell ss:StyleID="s35"/>
    <Cell ss:StyleID="s35"><Data ss:Type="Number">3</Data></Cell>
    <Cell ss:StyleID="s35"/>
    <Cell ss:StyleID="s36"><Data ss:Type="String">4136013000&#10;藏事業務</Data></Cell>
    <Cell ss:StyleID="s37"><Data ss:Type="Number">13517</Data></Cell>
    <Cell ss:StyleID="s37"><Data ss:Type="Number">9819</Data></Cell>
    <Cell ss:StyleID="s37"><Data ss:Type="Number">12627.995000000001</Data></Cell>
    <Cell ss:StyleID="s38"><Data ss:Type="Number">3698</Data></Cell>
   </Row>
   <Row ss:AutoFitHeight="0" ss:Height="16.5">
    <Cell ss:StyleID="s34"/>
    <Cell ss:StyleID="s35"/>
    <Cell ss:StyleID="s35"><Data ss:Type="Number">4</Data></Cell>
    <Cell ss:StyleID="s35"/>
    <Cell ss:StyleID="s36"><Data ss:Type="String">4136019000&#10;一般建築及設備</Data></Cell>
    <Cell ss:StyleID="s37"><Data ss:Type="Number">610</Data></Cell>
    <Cell ss:StyleID="s37"><Data ss:Type="String">-</Data></Cell>
    <Cell ss:StyleID="s37"><Data ss:Type="String">-</Data></Cell>
    <Cell ss:StyleID="s38"><Data ss:Type="Number">610</Data></Cell>
   </Row>
   <Row ss:AutoFitHeight="0" ss:Height="16.5">
    <Cell ss:StyleID="s39"/>
    <Cell ss:StyleID="s40"/>
    <Cell ss:StyleID="s40"><Data ss:Type="Number">5</Data></Cell>
    <Cell ss:StyleID="s40"/>
    <Cell ss:StyleID="s41"><Data ss:Type="String">4136019800&#10;第一預備金</Data></Cell>
    <Cell ss:StyleID="s42"><Data ss:Type="Number">582</Data></Cell>
    <Cell ss:StyleID="s42"><Data ss:Type="Number">582</Data></Cell>
    <Cell ss:StyleID="s42"><Data ss:Type="String">-</Data></Cell>
    <Cell ss:StyleID="s43"><Data ss:Type="String">-</Data></Cell>
   </Row>
  </Table>
  <WorksheetOptions xmlns="urn:schemas-microsoft-com:office:excel">
   <PageSetup>
    <Layout x:Orientation="Landscape"/>
   </PageSetup>
   <Print>
    <ValidPrinterInfo/>
    <PaperSizeIndex>9</PaperSizeIndex>
    <HorizontalResolution>600</HorizontalResolution>
    <VerticalResolution>600</VerticalResolution>
   </Print>
   <Selected/>
   <Panes>
    <Pane>
     <Number>3</Number>
     <ActiveRow>1</ActiveRow>
     <RangeSelection>R2C1:R2C9</RangeSelection>
    </Pane>
   </Panes>
   <ProtectObjects>False</ProtectObjects>
   <ProtectScenarios>False</ProtectScenarios>
  </WorksheetOptions>
 </Worksheet>
</Workbook>
