<?xml version="1.0" encoding="UTF-8"?>
<tables>
    <BCTMCAR>
        <BCTMCAR_row>
            <bq_fiscalyear>104</bq_fiscalyear>
            <bq_fundkind>1</bq_fundkind>
            <bq_budgetkind>1</bq_budgetkind>
            <bq_specialbudgetno/>
            <bq_agenno>23017028</bq_agenno>
            <bq_agentype>C</bq_agentype>
            <bq_budgetstate>1</bq_budgetstate>
            <bq_budgetno>35230174100</bq_budgetno>
            <bq_objectno>07351600</bq_objectno>
            <bq_carid>1</bq_carid>
            <bq_persons>1</bq_persons>
            <bq_buydate>10105</bq_buydate>
            <bq_ventsize>124</bq_ventsize>
            <bq_oilamt>264</bq_oilamt>
            <bq_oilprice>35.10</bq_oilprice>
            <bq_amt_maintain>1700.00</bq_amt_maintain>
            <bq_amt5>984.00</bq_amt5>
            <bq_carnum>1</bq_carnum>
            <bq_remark>517-MAM。</bq_remark>
            <bq_lpgamt>0</bq_lpgamt>
            <bq_lpgprice>0.00</bq_lpgprice>
            <bq_versiondate/>
        </BCTMCAR_row>
        <BCTMCAR_row>
            <bq_fiscalyear>104</bq_fiscalyear>
            <bq_fundkind>1</bq_fundkind>
            <bq_budgetkind>1</bq_budgetkind>
            <bq_specialbudgetno/>
            <bq_agenno>23017028</bq_agenno>
            <bq_agentype>C</bq_agentype>
            <bq_budgetstate>1</bq_budgetstate>
            <bq_budgetno>35230174100</bq_budgetno>
            <bq_objectno>07351600</bq_objectno>
            <bq_carid>2</bq_carid>
            <bq_persons>1</bq_persons>
            <bq_buydate>10205</bq_buydate>
            <bq_ventsize>124</bq_ventsize>
            <bq_oilamt>528</bq_oilamt>
            <bq_oilprice>35.10</bq_oilprice>
            <bq_amt_maintain>3400.00</bq_amt_maintain>
            <bq_amt5>2216.00</bq_amt5>
            <bq_carnum>2</bq_carnum>
            <bq_remark>682-MAL、683-MAL。</bq_remark>
            <bq_lpgamt>0</bq_lpgamt>
            <bq_lpgprice>0.00</bq_lpgprice>
            <bq_versiondate/>
        </BCTMCAR_row>
        <BCTMCAR_row>
            <bq_fiscalyear>104</bq_fiscalyear>
            <bq_fundkind>1</bq_fundkind>
            <bq_budgetkind>1</bq_budgetkind>
            <bq_specialbudgetno/>
            <bq_agenno>23017028</bq_agenno>
            <bq_agentype>C</bq_agentype>
            <bq_budgetstate>1</bq_budgetstate>
            <bq_budgetno>35230174100</bq_budgetno>
            <bq_objectno>07351500</bq_objectno>
            <bq_carid>3H-608</bq_carid>
            <bq_persons>2</bq_persons>
            <bq_buydate>08812</bq_buydate>
            <bq_ventsize>7961</bq_ventsize>
            <bq_oilamt>1944</bq_oilamt>
            <bq_oilprice>32.50</bq_oilprice>
            <bq_amt_maintain>51000.00</bq_amt_maintain>
            <bq_amt5>2828.00</bq_amt5>
            <bq_carnum>1</bq_carnum>
            <bq_remark>消防車。</bq_remark>
            <bq_lpgamt>0</bq_lpgamt>
            <bq_lpgprice>0.00</bq_lpgprice>
            <bq_versiondate/>
        </BCTMCAR_row>
        <BCTMCAR_row>
            <bq_fiscalyear>104</bq_fiscalyear>
            <bq_fundkind>1</bq_fundkind>
            <bq_budgetkind>1</bq_budgetkind>
            <bq_specialbudgetno/>
            <bq_agenno>23017028</bq_agenno>
            <bq_agentype>C</bq_agentype>
            <bq_budgetstate>1</bq_budgetstate>
            <bq_budgetno>35230174100</bq_budgetno>
            <bq_objectno>07350400</bq_objectno>
            <bq_carid>9W-3738</bq_carid>
            <bq_persons>4</bq_persons>
            <bq_buydate>09203</bq_buydate>
            <bq_ventsize>1995</bq_ventsize>
            <bq_oilamt>1416</bq_oilamt>
            <bq_oilprice>35.10</bq_oilprice>
            <bq_amt_maintain>51000.00</bq_amt_maintain>
            <bq_amt5>20767.00</bq_amt5>
            <bq_carnum>1</bq_carnum>
            <bq_remark/>
            <bq_lpgamt>0</bq_lpgamt>
            <bq_lpgprice>0.00</bq_lpgprice>
            <bq_versiondate/>
        </BCTMCAR_row>
        <BCTMCAR_row>
            <bq_fiscalyear>104</bq_fiscalyear>
            <bq_fundkind>1</bq_fundkind>
            <bq_budgetkind>1</bq_budgetkind>
            <bq_specialbudgetno/>
            <bq_agenno>23017028</bq_agenno>
            <bq_agentype>C</bq_agentype>
            <bq_budgetstate>1</bq_budgetstate>
            <bq_budgetno>35230174100</bq_budgetno>
            <bq_objectno>07351400</bq_objectno>
            <bq_carid>WX-021</bq_carid>
            <bq_persons>22</bq_persons>
            <bq_buydate>08812</bq_buydate>
            <bq_ventsize>4104</bq_ventsize>
            <bq_oilamt>1416</bq_oilamt>
            <bq_oilprice>32.50</bq_oilprice>
            <bq_amt_maintain>51000.00</bq_amt_maintain>
            <bq_amt5>10902.00</bq_amt5>
            <bq_carnum>1</bq_carnum>
            <bq_remark/>
            <bq_lpgamt>0</bq_lpgamt>
            <bq_lpgprice>0.00</bq_lpgprice>
            <bq_versiondate/>
        </BCTMCAR_row>
        <BCTMCAR_row>
            <bq_fiscalyear>104</bq_fiscalyear>
            <bq_fundkind>1</bq_fundkind>
            <bq_budgetkind>1</bq_budgetkind>
            <bq_specialbudgetno/>
            <bq_agenno>23017028</bq_agenno>
            <bq_agentype>C</bq_agentype>
            <bq_budgetstate>1</bq_budgetstate>
            <bq_budgetno>35230174100</bq_budgetno>
            <bq_objectno>07351500</bq_objectno>
            <bq_carid>新購</bq_carid>
            <bq_persons>7</bq_persons>
            <bq_buydate>10311</bq_buydate>
            <bq_ventsize>2350</bq_ventsize>
            <bq_oilamt>1416</bq_oilamt>
            <bq_oilprice>35.10</bq_oilprice>
            <bq_amt_maintain>8500.00</bq_amt_maintain>
            <bq_amt5>3481.00</bq_amt5>
            <bq_carnum>1</bq_carnum>
            <bq_remark>救護車。</bq_remark>
            <bq_lpgamt>0</bq_lpgamt>
            <bq_lpgprice>0.00</bq_lpgprice>
            <bq_versiondate/>
        </BCTMCAR_row>
    </BCTMCAR>
</tables>

