<?xml version="1.0" encoding="UTF-8"?>
<tables>
    <BCTMCAR>
        <BCTMCAR_row>
            <bq_fiscalyear>104</bq_fiscalyear>
            <bq_fundkind>1</bq_fundkind>
            <bq_budgetkind>1</bq_budgetkind>
            <bq_specialbudgetno/>
            <bq_agenno>23017022</bq_agenno>
            <bq_agentype>C</bq_agentype>
            <bq_budgetstate>2</bq_budgetstate>
            <bq_budgetno>35230174100</bq_budgetno>
            <bq_objectno>07351400</bq_objectno>
            <bq_carid>001-WE</bq_carid>
            <bq_persons>20</bq_persons>
            <bq_buydate>09706</bq_buydate>
            <bq_ventsize>4009</bq_ventsize>
            <bq_oilamt>1416</bq_oilamt>
            <bq_oilprice>22.75</bq_oilprice>
            <bq_amt_maintain>51000.00</bq_amt_maintain>
            <bq_amt5>2828.00</bq_amt5>
            <bq_carnum>1</bq_carnum>
            <bq_remark/>
            <bq_lpgamt>0</bq_lpgamt>
            <bq_lpgprice>0.00</bq_lpgprice>
            <bq_versiondate/>
        </BCTMCAR_row>
        <BCTMCAR_row>
            <bq_fiscalyear>104</bq_fiscalyear>
            <bq_fundkind>1</bq_fundkind>
            <bq_budgetkind>1</bq_budgetkind>
            <bq_specialbudgetno/>
            <bq_agenno>23017022</bq_agenno>
            <bq_agentype>C</bq_agentype>
            <bq_budgetstate>2</bq_budgetstate>
            <bq_budgetno>35230174100</bq_budgetno>
            <bq_objectno>07351600</bq_objectno>
            <bq_carid>1</bq_carid>
            <bq_persons>1</bq_persons>
            <bq_buydate>09508</bq_buydate>
            <bq_ventsize>124</bq_ventsize>
            <bq_oilamt>792</bq_oilamt>
            <bq_oilprice>24.57</bq_oilprice>
            <bq_amt_maintain>5100.00</bq_amt_maintain>
            <bq_amt5>2919.00</bq_amt5>
            <bq_carnum>3</bq_carnum>
            <bq_remark>P6D-679、P6D-680、P6D-681。</bq_remark>
            <bq_lpgamt>0</bq_lpgamt>
            <bq_lpgprice>0.00</bq_lpgprice>
            <bq_versiondate/>
        </BCTMCAR_row>
        <BCTMCAR_row>
            <bq_fiscalyear>104</bq_fiscalyear>
            <bq_fundkind>1</bq_fundkind>
            <bq_budgetkind>1</bq_budgetkind>
            <bq_specialbudgetno/>
            <bq_agenno>23017022</bq_agenno>
            <bq_agentype>C</bq_agentype>
            <bq_budgetstate>2</bq_budgetstate>
            <bq_budgetno>35230174100</bq_budgetno>
            <bq_objectno>07351500</bq_objectno>
            <bq_carid>111-UV</bq_carid>
            <bq_persons>2</bq_persons>
            <bq_buydate>09807</bq_buydate>
            <bq_ventsize>4899</bq_ventsize>
            <bq_oilamt>1416</bq_oilamt>
            <bq_oilprice>22.75</bq_oilprice>
            <bq_amt_maintain>34000.00</bq_amt_maintain>
            <bq_amt5>2828.00</bq_amt5>
            <bq_carnum>1</bq_carnum>
            <bq_remark>垃圾車。</bq_remark>
            <bq_lpgamt>0</bq_lpgamt>
            <bq_lpgprice>0.00</bq_lpgprice>
            <bq_versiondate/>
        </BCTMCAR_row>
        <BCTMCAR_row>
            <bq_fiscalyear>104</bq_fiscalyear>
            <bq_fundkind>1</bq_fundkind>
            <bq_budgetkind>1</bq_budgetkind>
            <bq_specialbudgetno/>
            <bq_agenno>23017022</bq_agenno>
            <bq_agentype>C</bq_agentype>
            <bq_budgetstate>2</bq_budgetstate>
            <bq_budgetno>35230174100</bq_budgetno>
            <bq_objectno>07351600</bq_objectno>
            <bq_carid>2</bq_carid>
            <bq_persons>1</bq_persons>
            <bq_buydate>09608</bq_buydate>
            <bq_ventsize>124</bq_ventsize>
            <bq_oilamt>264</bq_oilamt>
            <bq_oilprice>24.57</bq_oilprice>
            <bq_amt_maintain>1700.00</bq_amt_maintain>
            <bq_amt5>973.00</bq_amt5>
            <bq_carnum>1</bq_carnum>
            <bq_remark>3JN-571。</bq_remark>
            <bq_lpgamt>0</bq_lpgamt>
            <bq_lpgprice>0.00</bq_lpgprice>
            <bq_versiondate/>
        </BCTMCAR_row>
        <BCTMCAR_row>
            <bq_fiscalyear>104</bq_fiscalyear>
            <bq_fundkind>1</bq_fundkind>
            <bq_budgetkind>1</bq_budgetkind>
            <bq_specialbudgetno/>
            <bq_agenno>23017022</bq_agenno>
            <bq_agentype>C</bq_agentype>
            <bq_budgetstate>2</bq_budgetstate>
            <bq_budgetno>35230174100</bq_budgetno>
            <bq_objectno>07351600</bq_objectno>
            <bq_carid>3</bq_carid>
            <bq_persons>1</bq_persons>
            <bq_buydate>10005</bq_buydate>
            <bq_ventsize>0</bq_ventsize>
            <bq_oilamt>0</bq_oilamt>
            <bq_oilprice>0.00</bq_oilprice>
            <bq_amt_maintain>3400.00</bq_amt_maintain>
            <bq_amt5>848.00</bq_amt5>
            <bq_carnum>2</bq_carnum>
            <bq_remark>001-SHA、002-SHA，小型輕型電動機車。</bq_remark>
            <bq_lpgamt>0</bq_lpgamt>
            <bq_lpgprice>0.00</bq_lpgprice>
            <bq_versiondate/>
        </BCTMCAR_row>
        <BCTMCAR_row>
            <bq_fiscalyear>104</bq_fiscalyear>
            <bq_fundkind>1</bq_fundkind>
            <bq_budgetkind>1</bq_budgetkind>
            <bq_specialbudgetno/>
            <bq_agenno>23017022</bq_agenno>
            <bq_agentype>C</bq_agentype>
            <bq_budgetstate>2</bq_budgetstate>
            <bq_budgetno>35230174100</bq_budgetno>
            <bq_objectno>07351800</bq_objectno>
            <bq_carid>6293-TG</bq_carid>
            <bq_persons>6</bq_persons>
            <bq_buydate>09807</bq_buydate>
            <bq_ventsize>2488</bq_ventsize>
            <bq_oilamt>1416</bq_oilamt>
            <bq_oilprice>24.57</bq_oilprice>
            <bq_amt_maintain>34000.00</bq_amt_maintain>
            <bq_amt5>2080.00</bq_amt5>
            <bq_carnum>1</bq_carnum>
            <bq_remark/>
            <bq_lpgamt>0</bq_lpgamt>
            <bq_lpgprice>0.00</bq_lpgprice>
            <bq_versiondate/>
        </BCTMCAR_row>
        <BCTMCAR_row>
            <bq_fiscalyear>104</bq_fiscalyear>
            <bq_fundkind>1</bq_fundkind>
            <bq_budgetkind>1</bq_budgetkind>
            <bq_specialbudgetno/>
            <bq_agenno>23017022</bq_agenno>
            <bq_agentype>C</bq_agentype>
            <bq_budgetstate>2</bq_budgetstate>
            <bq_budgetno>35230174100</bq_budgetno>
            <bq_objectno>07351000</bq_objectno>
            <bq_carid>916-TR</bq_carid>
            <bq_persons>2</bq_persons>
            <bq_buydate>09612</bq_buydate>
            <bq_ventsize>4009</bq_ventsize>
            <bq_oilamt>1416</bq_oilamt>
            <bq_oilprice>22.75</bq_oilprice>
            <bq_amt_maintain>51000.00</bq_amt_maintain>
            <bq_amt5>8188.00</bq_amt5>
            <bq_carnum>1</bq_carnum>
            <bq_remark/>
            <bq_lpgamt>0</bq_lpgamt>
            <bq_lpgprice>0.00</bq_lpgprice>
            <bq_versiondate/>
        </BCTMCAR_row>
        <BCTMCAR_row>
            <bq_fiscalyear>104</bq_fiscalyear>
            <bq_fundkind>1</bq_fundkind>
            <bq_budgetkind>1</bq_budgetkind>
            <bq_specialbudgetno/>
            <bq_agenno>23017022</bq_agenno>
            <bq_agentype>C</bq_agentype>
            <bq_budgetstate>2</bq_budgetstate>
            <bq_budgetno>35230174100</bq_budgetno>
            <bq_objectno>07350400</bq_objectno>
            <bq_carid>E6-5361</bq_carid>
            <bq_persons>4</bq_persons>
            <bq_buydate>09311</bq_buydate>
            <bq_ventsize>1999</bq_ventsize>
            <bq_oilamt>1416</bq_oilamt>
            <bq_oilprice>24.57</bq_oilprice>
            <bq_amt_maintain>51000.00</bq_amt_maintain>
            <bq_amt5>5425.00</bq_amt5>
            <bq_carnum>1</bq_carnum>
            <bq_remark/>
            <bq_lpgamt>0</bq_lpgamt>
            <bq_lpgprice>0.00</bq_lpgprice>
            <bq_versiondate/>
        </BCTMCAR_row>
        <BCTMCAR_row>
            <bq_fiscalyear>104</bq_fiscalyear>
            <bq_fundkind>1</bq_fundkind>
            <bq_budgetkind>1</bq_budgetkind>
            <bq_specialbudgetno/>
            <bq_agenno>23017022</bq_agenno>
            <bq_agentype>C</bq_agentype>
            <bq_budgetstate>2</bq_budgetstate>
            <bq_budgetno>35230174100</bq_budgetno>
            <bq_objectno>07351500</bq_objectno>
            <bq_carid>E6-7292</bq_carid>
            <bq_persons>6</bq_persons>
            <bq_buydate>09508</bq_buydate>
            <bq_ventsize>2350</bq_ventsize>
            <bq_oilamt>1416</bq_oilamt>
            <bq_oilprice>24.57</bq_oilprice>
            <bq_amt_maintain>51000.00</bq_amt_maintain>
            <bq_amt5>2080.00</bq_amt5>
            <bq_carnum>1</bq_carnum>
            <bq_remark>救護車。</bq_remark>
            <bq_lpgamt>0</bq_lpgamt>
            <bq_lpgprice>0.00</bq_lpgprice>
            <bq_versiondate/>
        </BCTMCAR_row>
        <BCTMCAR_row>
            <bq_fiscalyear>104</bq_fiscalyear>
            <bq_fundkind>1</bq_fundkind>
            <bq_budgetkind>1</bq_budgetkind>
            <bq_specialbudgetno/>
            <bq_agenno>23017022</bq_agenno>
            <bq_agentype>C</bq_agentype>
            <bq_budgetstate>2</bq_budgetstate>
            <bq_budgetno>35230174100</bq_budgetno>
            <bq_objectno>07351500</bq_objectno>
            <bq_carid>VT-803</bq_carid>
            <bq_persons>2</bq_persons>
            <bq_buydate>08703</bq_buydate>
            <bq_ventsize>8226</bq_ventsize>
            <bq_oilamt>1944</bq_oilamt>
            <bq_oilprice>22.75</bq_oilprice>
            <bq_amt_maintain>51000.00</bq_amt_maintain>
            <bq_amt5>2828.00</bq_amt5>
            <bq_carnum>1</bq_carnum>
            <bq_remark>消防車。</bq_remark>
            <bq_lpgamt>0</bq_lpgamt>
            <bq_lpgprice>0.00</bq_lpgprice>
            <bq_versiondate/>
        </BCTMCAR_row>
        <BCTMCAR_row>
            <bq_fiscalyear>104</bq_fiscalyear>
            <bq_fundkind>1</bq_fundkind>
            <bq_budgetkind>1</bq_budgetkind>
            <bq_specialbudgetno/>
            <bq_agenno>23017022</bq_agenno>
            <bq_agentype>C</bq_agentype>
            <bq_budgetstate>2</bq_budgetstate>
            <bq_budgetno>35230174100</bq_budgetno>
            <bq_objectno>07351300</bq_objectno>
            <bq_carid>WZ-060</bq_carid>
            <bq_persons>41</bq_persons>
            <bq_buydate>08512</bq_buydate>
            <bq_ventsize>8226</bq_ventsize>
            <bq_oilamt>1944</bq_oilamt>
            <bq_oilprice>22.75</bq_oilprice>
            <bq_amt_maintain>51000.00</bq_amt_maintain>
            <bq_amt5>2828.00</bq_amt5>
            <bq_carnum>1</bq_carnum>
            <bq_remark/>
            <bq_lpgamt>0</bq_lpgamt>
            <bq_lpgprice>0.00</bq_lpgprice>
            <bq_versiondate/>
        </BCTMCAR_row>
    </BCTMCAR>
</tables>
