﻿<GenericData><div xmlns="http://www.w3.org/1999/xhtml" style="color: blue; font-weight: normal; margin-left: -4em;">&lt;?xml 
version="1.0" encoding="UTF-8"?&gt;</div><style xmlns="http://www.w3.org/1999/xhtml">@namespace html url(http://www.w3.org/1999/xhtml); :root {                       font:small Verdana;        font-weight: bold;         padding: 2em;              padding-left:4em;       }                          * {                           display: block;            padding-left: 2em;      }                          html|style {                  display: none;          }                          html|span, html|a {           display: inline;           padding: 0;                font-weight: normal;       text-decoration: none;  }                          html|span.block {             display: block;         }                          *[html|hidden],            span.block[html|hidden] {     display: none;          }                          .expand {                     display: block;         }                          .expand:before {              content: '+';              color: red;                position: absolute;        left: -1em;             }  .collapse {                   display: block;         }                          .collapse:before {            content: '-';              color: red;                position: absolute;        left:-1em;              }                         </style><a 
xmlns="http://www.w3.org/1999/xhtml" class="collapse" style="color: blue; margin-left: -2em; position: relative;" 
href="#">&lt;<span 
style="color: rgb(153, 0, 0);">GenericData</span>&gt;</a>　　<Header><a xmlns="http://www.w3.org/1999/xhtml" 
class="collapse" style="color: blue; margin-left: -2em; position: relative;" 
href="#">&lt;<span style="color: rgb(153, 0, 0);">Header</span>&gt;</a>
　　　　<Table Domain="NBA" Name="資本計畫基金" Id="FNGXBWORKR"><a xmlns="http://www.w3.org/1999/xhtml" 
style="color: blue; margin-left: -2em;">&lt;<span 
style="color: rgb(153, 0, 0);">Table</span> <span 
style="color: rgb(153, 0, 0);">Domain</span>="<span style="color: black; font-weight: bold;">NBA</span>" 
<span style="color: rgb(153, 0, 0);">Name</span>="<span style="color: black; font-weight: bold;">資本計畫基金</span>" 
<span style="color: rgb(153, 0, 0);">Id</span>="<span style="color: black; font-weight: bold;">FNGXBWORKR</span>"/&gt;</a></Table>
　　　　<Program Id="NBAGGR010_G"><a xmlns="http://www.w3.org/1999/xhtml" style="color: blue; margin-left: -2em;">&lt;<span 
style="color: rgb(153, 0, 0);">Program</span> <span style="color: rgb(153, 0, 0);">Id</span>="<span 
style="color: black; font-weight: bold;">NBAGGR010_G</span>"/&gt;</a></Program>
　　　　<Sender Name="資本計畫基金"><a xmlns="http://www.w3.org/1999/xhtml" style="color: blue; margin-left: -2em;">&lt;<span 
style="color: rgb(153, 0, 0);">Sender</span> <span 
style="color: rgb(153, 0, 0);">Name</span>="<span style="color: black; font-weight: bold;">資本計畫基金</span>"/&gt;</a></Sender>
　　　　<報表名稱><a xmlns="http://www.w3.org/1999/xhtml" style="color: blue; margin-left: -2em;">&lt;<span 
style="color: rgb(153, 0, 0);">報表名稱</span>&gt;</a>政事基金基金來源、用途及餘絀綜計表<span xmlns="http://www.w3.org/1999/xhtml" 
style="color: blue;">&lt;/<span 
style="color: rgb(153, 0, 0);">報表名稱</span>&gt;</span></報表名稱>　　　　<年度><a xmlns="http://www.w3.org/1999/xhtml" 
style="color: blue; margin-left: -2em;">&lt;<span 
style="color: rgb(153, 0, 0);">年度</span>&gt;</a>104<span xmlns="http://www.w3.org/1999/xhtml" 
style="color: blue;">&lt;/<span 
style="color: rgb(153, 0, 0);">年度</span>&gt;</span></年度>　　　　<基金><a xmlns="http://www.w3.org/1999/xhtml" 
style="color: blue; margin-left: -2em;">&lt;<span 
style="color: rgb(153, 0, 0);">基金</span>&gt;</a>資本計畫基金<span xmlns="http://www.w3.org/1999/xhtml" 
style="color: blue;">&lt;/<span 
style="color: rgb(153, 0, 0);">基金</span>&gt;</span></基金>　　　　<階段><a xmlns="http://www.w3.org/1999/xhtml" 
style="color: blue; margin-left: -2em;">&lt;<span 
style="color: rgb(153, 0, 0);">階段</span>&gt;</a>法定預算<span xmlns="http://www.w3.org/1999/xhtml" 
style="color: blue;">&lt;/<span 
style="color: rgb(153, 0, 0);">階段</span>&gt;</span></階段>　　　　<版本><a xmlns="http://www.w3.org/1999/xhtml" 
style="color: blue; margin-left: -2em;">&lt;<span 
style="color: rgb(153, 0, 0);">版本</span>&gt;</a>1<span xmlns="http://www.w3.org/1999/xhtml" 
style="color: blue;">&lt;/<span 
style="color: rgb(153, 0, 0);">版本</span>&gt;</span></版本>　　　　<單位><a xmlns="http://www.w3.org/1999/xhtml" 
style="color: blue; margin-left: -2em;">&lt;<span 
style="color: rgb(153, 0, 0);">單位</span>&gt;</a>新臺幣千元<span xmlns="http://www.w3.org/1999/xhtml" 
style="color: blue;">&lt;/<span 
style="color: rgb(153, 0, 0);">單位</span>&gt;</span></單位>　　<span xmlns="http://www.w3.org/1999/xhtml" 
class="block" style="color: blue; margin-left: -2em;">&lt;/<span style="color: rgb(153, 0, 0);">Header</span>&gt;</span></Header>
　　<DataSet><a xmlns="http://www.w3.org/1999/xhtml" class="collapse" style="color: blue; margin-left: -2em; position: relative;" 
href="#">&lt;<span style="color: rgb(153, 0, 0);">DataSet</span>&gt;</a>
　　　　<ROW><a xmlns="http://www.w3.org/1999/xhtml" class="collapse" style="color: blue; margin-left: -2em; position: relative;" 
href="#">&lt;<span style="color: rgb(153, 0, 0);">ROW</span>&gt;</a>
　　　　　　<SEQNO><a xmlns="http://www.w3.org/1999/xhtml" style="color: blue; margin-left: -2em;">&lt;<span 
style="color: rgb(153, 0, 0);">SEQNO</span>&gt;</a>1<span xmlns="http://www.w3.org/1999/xhtml" 
style="color: blue;">&lt;/<span 
style="color: rgb(153, 0, 0);">SEQNO</span>&gt;</span></SEQNO>　　　　　　<LEVEL><a 
xmlns="http://www.w3.org/1999/xhtml" 
style="color: blue; margin-left: -2em;">&lt;<span 
style="color: rgb(153, 0, 0);">LEVEL</span>&gt;</a>1<span xmlns="http://www.w3.org/1999/xhtml" 
style="color: blue;">&lt;/<span 
style="color: rgb(153, 0, 0);">LEVEL</span>&gt;</span></LEVEL>　　　　　　<BOLD><a 
xmlns="http://www.w3.org/1999/xhtml" 
style="color: blue; margin-left: -2em;">&lt;<span 
style="color: rgb(153, 0, 0);">BOLD</span>&gt;</a>1<span xmlns="http://www.w3.org/1999/xhtml" 
style="color: blue;">&lt;/<span 
style="color: rgb(153, 0, 0);">BOLD</span>&gt;</span></BOLD>　　　　　　<基金別><a 
xmlns="http://www.w3.org/1999/xhtml" 
style="color: blue; margin-left: -2em;">&lt;<span 
style="color: rgb(153, 0, 0);">基金別</span>&gt;</a>國防部主管<span xmlns="http://www.w3.org/1999/xhtml" 
style="color: blue;">&lt;/<span 
style="color: rgb(153, 0, 0);">基金別</span>&gt;</span></基金別>　　　　　　<本年度預算數-基金來源><a 
xmlns="http://www.w3.org/1999/xhtml" 
style="color: blue; margin-left: -2em;">&lt;<span 
style="color: rgb(153, 0, 0);">本年度預算數-基金來源</span>&gt;</a>19310096<span xmlns="http://www.w3.org/1999/xhtml" 
style="color: blue;">&lt;/<span 
style="color: rgb(153, 0, 0);">本年度預算數-基金來源</span>&gt;</span></本年度預算數-基金來源>　　　　　　<本年度預算數-基金用途><a 
xmlns="http://www.w3.org/1999/xhtml" 
style="color: blue; margin-left: -2em;">&lt;<span 
style="color: rgb(153, 0, 0);">本年度預算數-基金用途</span>&gt;</a>4123249<span xmlns="http://www.w3.org/1999/xhtml" 
style="color: blue;">&lt;/<span 
style="color: rgb(153, 0, 0);">本年度預算數-基金用途</span>&gt;</span></本年度預算數-基金用途>　　　　　　<本年度預算數-賸餘短絀><a 
xmlns="http://www.w3.org/1999/xhtml" 
style="color: blue; margin-left: -2em;">&lt;<span 
style="color: rgb(153, 0, 0);">本年度預算數-賸餘短絀</span>&gt;</a>15186847<span xmlns="http://www.w3.org/1999/xhtml" 
style="color: blue;">&lt;/<span 
style="color: rgb(153, 0, 0);">本年度預算數-賸餘短絀</span>&gt;</span></本年度預算數-賸餘短絀>　　　　　　<上年度預算數-基金來源><a 
xmlns="http://www.w3.org/1999/xhtml" 
style="color: blue; margin-left: -2em;">&lt;<span 
style="color: rgb(153, 0, 0);">上年度預算數-基金來源</span>&gt;</a>4196954<span xmlns="http://www.w3.org/1999/xhtml" 
style="color: blue;">&lt;/<span 
style="color: rgb(153, 0, 0);">上年度預算數-基金來源</span>&gt;</span></上年度預算數-基金來源>　　　　　　<上年度預算數-基金用途><a 
xmlns="http://www.w3.org/1999/xhtml" 
style="color: blue; margin-left: -2em;">&lt;<span 
style="color: rgb(153, 0, 0);">上年度預算數-基金用途</span>&gt;</a>3948266<span xmlns="http://www.w3.org/1999/xhtml" 
style="color: blue;">&lt;/<span 
style="color: rgb(153, 0, 0);">上年度預算數-基金用途</span>&gt;</span></上年度預算數-基金用途>　　　　　　<上年度預算數-賸餘短絀><a 
xmlns="http://www.w3.org/1999/xhtml" 
style="color: blue; margin-left: -2em;">&lt;<span 
style="color: rgb(153, 0, 0);">上年度預算數-賸餘短絀</span>&gt;</a>248688<span xmlns="http://www.w3.org/1999/xhtml" 
style="color: blue;">&lt;/<span 
style="color: rgb(153, 0, 0);">上年度預算數-賸餘短絀</span>&gt;</span></上年度預算數-賸餘短絀>　　　　　　<本年度與上年度比較-基金來源><a 
xmlns="http://www.w3.org/1999/xhtml" 
style="color: blue; margin-left: -2em;">&lt;<span 
style="color: rgb(153, 0, 0);">本年度與上年度比較-基金來源</span>&gt;</a>15113142<span 
xmlns="http://www.w3.org/1999/xhtml" style="color: blue;">&lt;/<span style="color: rgb(153, 0, 0);">本年度與上年度比較-基金來源</span>&gt;</span></本年度與上年度比較-基金來源>　　　　　　<本年度與上年度比較-基金用途><a 
xmlns="http://www.w3.org/1999/xhtml" 
style="color: blue; margin-left: -2em;">&lt;<span 
style="color: rgb(153, 0, 0);">本年度與上年度比較-基金用途</span>&gt;</a>174983<span xmlns="http://www.w3.org/1999/xhtml" 
style="color: blue;">&lt;/<span 
style="color: rgb(153, 0, 0);">本年度與上年度比較-基金用途</span>&gt;</span></本年度與上年度比較-基金用途>　　　　　　<本年度與上年度比較-賸餘短絀><a 
xmlns="http://www.w3.org/1999/xhtml" 
style="color: blue; margin-left: -2em;">&lt;<span 
style="color: rgb(153, 0, 0);">本年度與上年度比較-賸餘短絀</span>&gt;</a>14938159<span 
xmlns="http://www.w3.org/1999/xhtml" style="color: blue;">&lt;/<span style="color: rgb(153, 0, 0);">本年度與上年度比較-賸餘短絀</span>&gt;</span></本年度與上年度比較-賸餘短絀>　　　　　　<期初基金餘額><a 
xmlns="http://www.w3.org/1999/xhtml" 
style="color: blue; margin-left: -2em;">&lt;<span 
style="color: rgb(153, 0, 0);">期初基金餘額</span>&gt;</a>21374189<span xmlns="http://www.w3.org/1999/xhtml" 
style="color: blue;">&lt;/<span 
style="color: rgb(153, 0, 0);">期初基金餘額</span>&gt;</span></期初基金餘額>　　　　　　<解繳國庫><a 
xmlns="http://www.w3.org/1999/xhtml" 
style="color: blue; margin-left: -2em;">&lt;<span 
style="color: rgb(153, 0, 0);">解繳國庫</span>&gt;</a>0<span xmlns="http://www.w3.org/1999/xhtml" 
style="color: blue;">&lt;/<span 
style="color: rgb(153, 0, 0);">解繳國庫</span>&gt;</span></解繳國庫>　　　　　　<期末基金餘額><a 
xmlns="http://www.w3.org/1999/xhtml" 
style="color: blue; margin-left: -2em;">&lt;<span 
style="color: rgb(153, 0, 0);">期末基金餘額</span>&gt;</a>36561036<span xmlns="http://www.w3.org/1999/xhtml" 
style="color: blue;">&lt;/<span 
style="color: rgb(153, 0, 0);">期末基金餘額</span>&gt;</span></期末基金餘額>　　　　<span 
xmlns="http://www.w3.org/1999/xhtml" class="block" style="color: blue; margin-left: -2em;">&lt;/<span 
style="color: rgb(153, 0, 0);">ROW</span>&gt;</span></ROW>　　　　<ROW><a xmlns="http://www.w3.org/1999/xhtml" 
class="collapse" style="color: blue; margin-left: -2em; position: relative;" 
href="#">&lt;<span style="color: rgb(153, 0, 0);">ROW</span>&gt;</a>
　　　　　　<SEQNO><a xmlns="http://www.w3.org/1999/xhtml" style="color: blue; margin-left: -2em;">&lt;<span 
style="color: rgb(153, 0, 0);">SEQNO</span>&gt;</a>2<span xmlns="http://www.w3.org/1999/xhtml" 
style="color: blue;">&lt;/<span 
style="color: rgb(153, 0, 0);">SEQNO</span>&gt;</span></SEQNO>　　　　　　<LEVEL><a 
xmlns="http://www.w3.org/1999/xhtml" 
style="color: blue; margin-left: -2em;">&lt;<span 
style="color: rgb(153, 0, 0);">LEVEL</span>&gt;</a>2<span xmlns="http://www.w3.org/1999/xhtml" 
style="color: blue;">&lt;/<span 
style="color: rgb(153, 0, 0);">LEVEL</span>&gt;</span></LEVEL>　　　　　　<BOLD><a 
xmlns="http://www.w3.org/1999/xhtml" 
style="color: blue; margin-left: -2em;">&lt;<span 
style="color: rgb(153, 0, 0);">BOLD</span>&gt;</a>0<span xmlns="http://www.w3.org/1999/xhtml" 
style="color: blue;">&lt;/<span 
style="color: rgb(153, 0, 0);">BOLD</span>&gt;</span></BOLD>　　　　　　<基金別><a 
xmlns="http://www.w3.org/1999/xhtml" 
style="color: blue; margin-left: -2em;">&lt;<span 
style="color: rgb(153, 0, 0);">基金別</span>&gt;</a>國軍營舍及設施改建基金<span xmlns="http://www.w3.org/1999/xhtml" 
style="color: blue;">&lt;/<span 
style="color: rgb(153, 0, 0);">基金別</span>&gt;</span></基金別>　　　　　　<本年度預算數-基金來源><a 
xmlns="http://www.w3.org/1999/xhtml" 
style="color: blue; margin-left: -2em;">&lt;<span 
style="color: rgb(153, 0, 0);">本年度預算數-基金來源</span>&gt;</a>19310096<span xmlns="http://www.w3.org/1999/xhtml" 
style="color: blue;">&lt;/<span 
style="color: rgb(153, 0, 0);">本年度預算數-基金來源</span>&gt;</span></本年度預算數-基金來源>　　　　　　<本年度預算數-基金用途><a 
xmlns="http://www.w3.org/1999/xhtml" 
style="color: blue; margin-left: -2em;">&lt;<span 
style="color: rgb(153, 0, 0);">本年度預算數-基金用途</span>&gt;</a>4123249<span xmlns="http://www.w3.org/1999/xhtml" 
style="color: blue;">&lt;/<span 
style="color: rgb(153, 0, 0);">本年度預算數-基金用途</span>&gt;</span></本年度預算數-基金用途>　　　　　　<本年度預算數-賸餘短絀><a 
xmlns="http://www.w3.org/1999/xhtml" 
style="color: blue; margin-left: -2em;">&lt;<span 
style="color: rgb(153, 0, 0);">本年度預算數-賸餘短絀</span>&gt;</a>15186847<span xmlns="http://www.w3.org/1999/xhtml" 
style="color: blue;">&lt;/<span 
style="color: rgb(153, 0, 0);">本年度預算數-賸餘短絀</span>&gt;</span></本年度預算數-賸餘短絀>　　　　　　<上年度預算數-基金來源><a 
xmlns="http://www.w3.org/1999/xhtml" 
style="color: blue; margin-left: -2em;">&lt;<span 
style="color: rgb(153, 0, 0);">上年度預算數-基金來源</span>&gt;</a>4196954<span xmlns="http://www.w3.org/1999/xhtml" 
style="color: blue;">&lt;/<span 
style="color: rgb(153, 0, 0);">上年度預算數-基金來源</span>&gt;</span></上年度預算數-基金來源>　　　　　　<上年度預算數-基金用途><a 
xmlns="http://www.w3.org/1999/xhtml" 
style="color: blue; margin-left: -2em;">&lt;<span 
style="color: rgb(153, 0, 0);">上年度預算數-基金用途</span>&gt;</a>3948266<span xmlns="http://www.w3.org/1999/xhtml" 
style="color: blue;">&lt;/<span 
style="color: rgb(153, 0, 0);">上年度預算數-基金用途</span>&gt;</span></上年度預算數-基金用途>　　　　　　<上年度預算數-賸餘短絀><a 
xmlns="http://www.w3.org/1999/xhtml" 
style="color: blue; margin-left: -2em;">&lt;<span 
style="color: rgb(153, 0, 0);">上年度預算數-賸餘短絀</span>&gt;</a>248688<span xmlns="http://www.w3.org/1999/xhtml" 
style="color: blue;">&lt;/<span 
style="color: rgb(153, 0, 0);">上年度預算數-賸餘短絀</span>&gt;</span></上年度預算數-賸餘短絀>　　　　　　<本年度與上年度比較-基金來源><a 
xmlns="http://www.w3.org/1999/xhtml" 
style="color: blue; margin-left: -2em;">&lt;<span 
style="color: rgb(153, 0, 0);">本年度與上年度比較-基金來源</span>&gt;</a>15113142<span 
xmlns="http://www.w3.org/1999/xhtml" style="color: blue;">&lt;/<span style="color: rgb(153, 0, 0);">本年度與上年度比較-基金來源</span>&gt;</span></本年度與上年度比較-基金來源>　　　　　　<本年度與上年度比較-基金用途><a 
xmlns="http://www.w3.org/1999/xhtml" 
style="color: blue; margin-left: -2em;">&lt;<span 
style="color: rgb(153, 0, 0);">本年度與上年度比較-基金用途</span>&gt;</a>174983<span xmlns="http://www.w3.org/1999/xhtml" 
style="color: blue;">&lt;/<span 
style="color: rgb(153, 0, 0);">本年度與上年度比較-基金用途</span>&gt;</span></本年度與上年度比較-基金用途>　　　　　　<本年度與上年度比較-賸餘短絀><a 
xmlns="http://www.w3.org/1999/xhtml" 
style="color: blue; margin-left: -2em;">&lt;<span 
style="color: rgb(153, 0, 0);">本年度與上年度比較-賸餘短絀</span>&gt;</a>14938159<span 
xmlns="http://www.w3.org/1999/xhtml" style="color: blue;">&lt;/<span style="color: rgb(153, 0, 0);">本年度與上年度比較-賸餘短絀</span>&gt;</span></本年度與上年度比較-賸餘短絀>　　　　　　<期初基金餘額><a 
xmlns="http://www.w3.org/1999/xhtml" 
style="color: blue; margin-left: -2em;">&lt;<span 
style="color: rgb(153, 0, 0);">期初基金餘額</span>&gt;</a>21374189<span xmlns="http://www.w3.org/1999/xhtml" 
style="color: blue;">&lt;/<span 
style="color: rgb(153, 0, 0);">期初基金餘額</span>&gt;</span></期初基金餘額>　　　　　　<解繳國庫><a 
xmlns="http://www.w3.org/1999/xhtml" 
style="color: blue; margin-left: -2em;">&lt;<span 
style="color: rgb(153, 0, 0);">解繳國庫</span>&gt;</a>0<span xmlns="http://www.w3.org/1999/xhtml" 
style="color: blue;">&lt;/<span 
style="color: rgb(153, 0, 0);">解繳國庫</span>&gt;</span></解繳國庫>　　　　　　<期末基金餘額><a 
xmlns="http://www.w3.org/1999/xhtml" 
style="color: blue; margin-left: -2em;">&lt;<span 
style="color: rgb(153, 0, 0);">期末基金餘額</span>&gt;</a>36561036<span xmlns="http://www.w3.org/1999/xhtml" 
style="color: blue;">&lt;/<span 
style="color: rgb(153, 0, 0);">期末基金餘額</span>&gt;</span></期末基金餘額>　　　　<span 
xmlns="http://www.w3.org/1999/xhtml" class="block" style="color: blue; margin-left: -2em;">&lt;/<span 
style="color: rgb(153, 0, 0);">ROW</span>&gt;</span></ROW>　　　　<ROW><a xmlns="http://www.w3.org/1999/xhtml" 
class="collapse" style="color: blue; margin-left: -2em; position: relative;" 
href="#">&lt;<span style="color: rgb(153, 0, 0);">ROW</span>&gt;</a>
　　　　　　<SEQNO><a xmlns="http://www.w3.org/1999/xhtml" style="color: blue; margin-left: -2em;">&lt;<span 
style="color: rgb(153, 0, 0);">SEQNO</span>&gt;</a>3<span xmlns="http://www.w3.org/1999/xhtml" 
style="color: blue;">&lt;/<span 
style="color: rgb(153, 0, 0);">SEQNO</span>&gt;</span></SEQNO>　　　　　　<LEVEL><a 
xmlns="http://www.w3.org/1999/xhtml" 
style="color: blue; margin-left: -2em;">&lt;<span 
style="color: rgb(153, 0, 0);">LEVEL</span>&gt;</a>99<span xmlns="http://www.w3.org/1999/xhtml" 
style="color: blue;">&lt;/<span 
style="color: rgb(153, 0, 0);">LEVEL</span>&gt;</span></LEVEL>　　　　　　<BOLD><a 
xmlns="http://www.w3.org/1999/xhtml" 
style="color: blue; margin-left: -2em;">&lt;<span 
style="color: rgb(153, 0, 0);">BOLD</span>&gt;</a>0<span xmlns="http://www.w3.org/1999/xhtml" 
style="color: blue;">&lt;/<span 
style="color: rgb(153, 0, 0);">BOLD</span>&gt;</span></BOLD>　　　　　　<基金別><a 
xmlns="http://www.w3.org/1999/xhtml" 
style="color: blue; margin-left: -2em;">&lt;<span 
style="color: rgb(153, 0, 0);">基金別</span>&gt;</a>合計<span xmlns="http://www.w3.org/1999/xhtml" 
style="color: blue;">&lt;/<span 
style="color: rgb(153, 0, 0);">基金別</span>&gt;</span></基金別>　　　　　　<本年度預算數-基金來源><a 
xmlns="http://www.w3.org/1999/xhtml" 
style="color: blue; margin-left: -2em;">&lt;<span 
style="color: rgb(153, 0, 0);">本年度預算數-基金來源</span>&gt;</a>19310096<span xmlns="http://www.w3.org/1999/xhtml" 
style="color: blue;">&lt;/<span 
style="color: rgb(153, 0, 0);">本年度預算數-基金來源</span>&gt;</span></本年度預算數-基金來源>　　　　　　<本年度預算數-基金用途><a 
xmlns="http://www.w3.org/1999/xhtml" 
style="color: blue; margin-left: -2em;">&lt;<span 
style="color: rgb(153, 0, 0);">本年度預算數-基金用途</span>&gt;</a>4123249<span xmlns="http://www.w3.org/1999/xhtml" 
style="color: blue;">&lt;/<span 
style="color: rgb(153, 0, 0);">本年度預算數-基金用途</span>&gt;</span></本年度預算數-基金用途>　　　　　　<本年度預算數-賸餘短絀><a 
xmlns="http://www.w3.org/1999/xhtml" 
style="color: blue; margin-left: -2em;">&lt;<span 
style="color: rgb(153, 0, 0);">本年度預算數-賸餘短絀</span>&gt;</a>15186847<span xmlns="http://www.w3.org/1999/xhtml" 
style="color: blue;">&lt;/<span 
style="color: rgb(153, 0, 0);">本年度預算數-賸餘短絀</span>&gt;</span></本年度預算數-賸餘短絀>　　　　　　<上年度預算數-基金來源><a 
xmlns="http://www.w3.org/1999/xhtml" 
style="color: blue; margin-left: -2em;">&lt;<span 
style="color: rgb(153, 0, 0);">上年度預算數-基金來源</span>&gt;</a>4196954<span xmlns="http://www.w3.org/1999/xhtml" 
style="color: blue;">&lt;/<span 
style="color: rgb(153, 0, 0);">上年度預算數-基金來源</span>&gt;</span></上年度預算數-基金來源>　　　　　　<上年度預算數-基金用途><a 
xmlns="http://www.w3.org/1999/xhtml" 
style="color: blue; margin-left: -2em;">&lt;<span 
style="color: rgb(153, 0, 0);">上年度預算數-基金用途</span>&gt;</a>3948266<span xmlns="http://www.w3.org/1999/xhtml" 
style="color: blue;">&lt;/<span 
style="color: rgb(153, 0, 0);">上年度預算數-基金用途</span>&gt;</span></上年度預算數-基金用途>　　　　　　<上年度預算數-賸餘短絀><a 
xmlns="http://www.w3.org/1999/xhtml" 
style="color: blue; margin-left: -2em;">&lt;<span 
style="color: rgb(153, 0, 0);">上年度預算數-賸餘短絀</span>&gt;</a>248688<span xmlns="http://www.w3.org/1999/xhtml" 
style="color: blue;">&lt;/<span 
style="color: rgb(153, 0, 0);">上年度預算數-賸餘短絀</span>&gt;</span></上年度預算數-賸餘短絀>　　　　　　<本年度與上年度比較-基金來源><a 
xmlns="http://www.w3.org/1999/xhtml" 
style="color: blue; margin-left: -2em;">&lt;<span 
style="color: rgb(153, 0, 0);">本年度與上年度比較-基金來源</span>&gt;</a>15113142<span 
xmlns="http://www.w3.org/1999/xhtml" style="color: blue;">&lt;/<span style="color: rgb(153, 0, 0);">本年度與上年度比較-基金來源</span>&gt;</span></本年度與上年度比較-基金來源>　　　　　　<本年度與上年度比較-基金用途><a 
xmlns="http://www.w3.org/1999/xhtml" 
style="color: blue; margin-left: -2em;">&lt;<span 
style="color: rgb(153, 0, 0);">本年度與上年度比較-基金用途</span>&gt;</a>174983<span xmlns="http://www.w3.org/1999/xhtml" 
style="color: blue;">&lt;/<span 
style="color: rgb(153, 0, 0);">本年度與上年度比較-基金用途</span>&gt;</span></本年度與上年度比較-基金用途>　　　　　　<本年度與上年度比較-賸餘短絀><a 
xmlns="http://www.w3.org/1999/xhtml" 
style="color: blue; margin-left: -2em;">&lt;<span 
style="color: rgb(153, 0, 0);">本年度與上年度比較-賸餘短絀</span>&gt;</a>14938159<span 
xmlns="http://www.w3.org/1999/xhtml" style="color: blue;">&lt;/<span style="color: rgb(153, 0, 0);">本年度與上年度比較-賸餘短絀</span>&gt;</span></本年度與上年度比較-賸餘短絀>　　　　　　<期初基金餘額><a 
xmlns="http://www.w3.org/1999/xhtml" 
style="color: blue; margin-left: -2em;">&lt;<span 
style="color: rgb(153, 0, 0);">期初基金餘額</span>&gt;</a>21374189<span xmlns="http://www.w3.org/1999/xhtml" 
style="color: blue;">&lt;/<span 
style="color: rgb(153, 0, 0);">期初基金餘額</span>&gt;</span></期初基金餘額>　　　　　　<解繳國庫><a 
xmlns="http://www.w3.org/1999/xhtml" 
style="color: blue; margin-left: -2em;">&lt;<span 
style="color: rgb(153, 0, 0);">解繳國庫</span>&gt;</a>0<span xmlns="http://www.w3.org/1999/xhtml" 
style="color: blue;">&lt;/<span 
style="color: rgb(153, 0, 0);">解繳國庫</span>&gt;</span></解繳國庫>　　　　　　<期末基金餘額><a 
xmlns="http://www.w3.org/1999/xhtml" 
style="color: blue; margin-left: -2em;">&lt;<span 
style="color: rgb(153, 0, 0);">期末基金餘額</span>&gt;</a>36561036<span xmlns="http://www.w3.org/1999/xhtml" 
style="color: blue;">&lt;/<span 
style="color: rgb(153, 0, 0);">期末基金餘額</span>&gt;</span></期末基金餘額>　　　　<span 
xmlns="http://www.w3.org/1999/xhtml" class="block" style="color: blue; margin-left: -2em;">&lt;/<span 
style="color: rgb(153, 0, 0);">ROW</span>&gt;</span></ROW>　　<span xmlns="http://www.w3.org/1999/xhtml" 
class="block" style="color: blue; margin-left: -2em;">&lt;/<span style="color: rgb(153, 0, 0);">DataSet</span>&gt;</span></DataSet><span 
xmlns="http://www.w3.org/1999/xhtml" class="block" style="color: blue; margin-left: -2em;">&lt;/<span 
style="color: rgb(153, 0, 0);">GenericData</span>&gt;</span></GenericData>
