<?xml version="1.0" encoding="UTF-8"?>
<GenericData>
　　<Header>
　　　　<Table Id="FNWXBWORKR" Name="作業基金收支餘絀綜計表（依收支科目分列）" Domain="NBA" />
　　　　<Program Id="NBAWGR010_W" />
　　　　<Sender Name="作業基金" />
　　　　<報表名稱>作業基金收支餘絀綜計表（依收支科目分列）</報表名稱>
　　　　<年度>104</年度>
　　　　<基金>作業基金</基金>
　　　　<階段>預算案</階段>
　　　　<版本>1</版本>
　　　　<單位>新臺幣千元</單位>
　　</Header>
　　<DataSet>
　　　　<ROW>
　　　　　　<SEQNO>1</SEQNO>
　　　　　　<LEVEL>2</LEVEL>
　　　　　　<BOLD>1</BOLD>
　　　　　　<科目>業務收入</科目>
　　　　　　<本年度預算數-金額>1434583724</本年度預算數-金額>
　　　　　　<本年度預算數-百分比>100.00</本年度預算數-百分比>
　　　　　　<上年度預算數-金額>1390279286</上年度預算數-金額>
　　　　　　<上年度預算數-百分比>100.00</上年度預算數-百分比>
　　　　　　<比較增減-金額>44304438</比較增減-金額>
　　　　　　<比較增減-百分比>3.19</比較增減-百分比>
　　　　</ROW>
　　　　<ROW>
　　　　　　<SEQNO>2</SEQNO>
　　　　　　<LEVEL>3</LEVEL>
　　　　　　<BOLD>0</BOLD>
　　　　　　<科目>勞務收入</科目>
　　　　　　<本年度預算數-金額>42193026</本年度預算數-金額>
　　　　　　<本年度預算數-百分比>2.94</本年度預算數-百分比>
　　　　　　<上年度預算數-金額>60062722</上年度預算數-金額>
　　　　　　<上年度預算數-百分比>4.32</上年度預算數-百分比>
　　　　　　<比較增減-金額>-17869696</比較增減-金額>
　　　　　　<比較增減-百分比>29.75</比較增減-百分比>
　　　　</ROW>
　　　　<ROW>
　　　　　　<SEQNO>3</SEQNO>
　　　　　　<LEVEL>3</LEVEL>
　　　　　　<BOLD>0</BOLD>
　　　　　　<科目>銷貨收入</科目>
　　　　　　<本年度預算數-金額>34337652</本年度預算數-金額>
　　　　　　<本年度預算數-百分比>2.39</本年度預算數-百分比>
　　　　　　<上年度預算數-金額>29521585</上年度預算數-金額>
　　　　　　<上年度預算數-百分比>2.12</上年度預算數-百分比>
　　　　　　<比較增減-金額>4816067</比較增減-金額>
　　　　　　<比較增減-百分比>16.31</比較增減-百分比>
　　　　</ROW>
　　　　<ROW>
　　　　　　<SEQNO>4</SEQNO>
　　　　　　<LEVEL>3</LEVEL>
　　　　　　<BOLD>0</BOLD>
　　　　　　<科目>教學收入</科目>
　　　　　　<本年度預算數-金額>52405897</本年度預算數-金額>
　　　　　　<本年度預算數-百分比>3.65</本年度預算數-百分比>
　　　　　　<上年度預算數-金額>52358294</上年度預算數-金額>
　　　　　　<上年度預算數-百分比>3.77</上年度預算數-百分比>
　　　　　　<比較增減-金額>47603</比較增減-金額>
　　　　　　<比較增減-百分比>0.09</比較增減-百分比>
　　　　</ROW>
　　　　<ROW>
　　　　　　<SEQNO>5</SEQNO>
　　　　　　<LEVEL>3</LEVEL>
　　　　　　<BOLD>0</BOLD>
　　　　　　<科目>租金及權利金收入</科目>
　　　　　　<本年度預算數-金額>16407642</本年度預算數-金額>
　　　　　　<本年度預算數-百分比>1.14</本年度預算數-百分比>
　　　　　　<上年度預算數-金額>15894014</上年度預算數-金額>
　　　　　　<上年度預算數-百分比>1.14</上年度預算數-百分比>
　　　　　　<比較增減-金額>513628</比較增減-金額>
　　　　　　<比較增減-百分比>3.23</比較增減-百分比>
　　　　</ROW>
　　　　<ROW>
　　　　　　<SEQNO>6</SEQNO>
　　　　　　<LEVEL>3</LEVEL>
　　　　　　<BOLD>0</BOLD>
　　　　　　<科目>投融資業務收入</科目>
　　　　　　<本年度預算數-金額>61344917</本年度預算數-金額>
　　　　　　<本年度預算數-百分比>4.28</本年度預算數-百分比>
　　　　　　<上年度預算數-金額>57414008</上年度預算數-金額>
　　　　　　<上年度預算數-百分比>4.13</上年度預算數-百分比>
　　　　　　<比較增減-金額>3930909</比較增減-金額>
　　　　　　<比較增減-百分比>6.85</比較增減-百分比>
　　　　</ROW>
　　　　<ROW>
　　　　　　<SEQNO>7</SEQNO>
　　　　　　<LEVEL>3</LEVEL>
　　　　　　<BOLD>0</BOLD>
　　　　　　<科目>醫療收入</科目>
　　　　　　<本年度預算數-金額>122302223</本年度預算數-金額>
　　　　　　<本年度預算數-百分比>8.53</本年度預算數-百分比>
　　　　　　<上年度預算數-金額>117393620</上年度預算數-金額>
　　　　　　<上年度預算數-百分比>8.44</上年度預算數-百分比>
　　　　　　<比較增減-金額>4908603</比較增減-金額>
　　　　　　<比較增減-百分比>4.18</比較增減-百分比>
　　　　</ROW>
　　　　<ROW>
　　　　　　<SEQNO>8</SEQNO>
　　　　　　<LEVEL>3</LEVEL>
　　　　　　<BOLD>0</BOLD>
　　　　　　<科目>徵收收入</科目>
　　　　　　<本年度預算數-金額>1607100</本年度預算數-金額>
　　　　　　<本年度預算數-百分比>0.11</本年度預算數-百分比>
　　　　　　<上年度預算數-金額>1650100</上年度預算數-金額>
　　　　　　<上年度預算數-百分比>0.12</上年度預算數-百分比>
　　　　　　<比較增減-金額>-43000</比較增減-金額>
　　　　　　<比較增減-百分比>2.61</比較增減-百分比>
　　　　</ROW>
　　　　<ROW>
　　　　　　<SEQNO>9</SEQNO>
　　　　　　<LEVEL>3</LEVEL>
　　　　　　<BOLD>0</BOLD>
　　　　　　<科目>保險收入</科目>
　　　　　　<本年度預算數-金額>945904810</本年度預算數-金額>
　　　　　　<本年度預算數-百分比>65.94</本年度預算數-百分比>
　　　　　　<上年度預算數-金額>907800304</上年度預算數-金額>
　　　　　　<上年度預算數-百分比>65.30</上年度預算數-百分比>
　　　　　　<比較增減-金額>38104506</比較增減-金額>
　　　　　　<比較增減-百分比>4.20</比較增減-百分比>
　　　　</ROW>
　　　　<ROW>
　　　　　　<SEQNO>10</SEQNO>
　　　　　　<LEVEL>3</LEVEL>
　　　　　　<BOLD>0</BOLD>
　　　　　　<科目>其他業務收入</科目>
　　　　　　<本年度預算數-金額>158080457</本年度預算數-金額>
　　　　　　<本年度預算數-百分比>11.02</本年度預算數-百分比>
　　　　　　<上年度預算數-金額>148184639</上年度預算數-金額>
　　　　　　<上年度預算數-百分比>10.66</上年度預算數-百分比>
　　　　　　<比較增減-金額>9895818</比較增減-金額>
　　　　　　<比較增減-百分比>6.68</比較增減-百分比>
　　　　</ROW>
　　　　<ROW>
　　　　　　<SEQNO>11</SEQNO>
　　　　　　<LEVEL>2</LEVEL>
　　　　　　<BOLD>1</BOLD>
　　　　　　<科目>業務成本與費用</科目>
　　　　　　<本年度預算數-金額>1406316677</本年度預算數-金額>
　　　　　　<本年度預算數-百分比>98.03</本年度預算數-百分比>
　　　　　　<上年度預算數-金額>1365643863</上年度預算數-金額>
　　　　　　<上年度預算數-百分比>98.23</上年度預算數-百分比>
　　　　　　<比較增減-金額>40672814</比較增減-金額>
　　　　　　<比較增減-百分比>2.98</比較增減-百分比>
　　　　</ROW>
　　　　<ROW>
　　　　　　<SEQNO>12</SEQNO>
　　　　　　<LEVEL>3</LEVEL>
　　　　　　<BOLD>0</BOLD>
　　　　　　<科目>勞務成本</科目>
　　　　　　<本年度預算數-金額>35546066</本年度預算數-金額>
　　　　　　<本年度預算數-百分比>2.48</本年度預算數-百分比>
　　　　　　<上年度預算數-金額>53683829</上年度預算數-金額>
　　　　　　<上年度預算數-百分比>3.86</上年度預算數-百分比>
　　　　　　<比較增減-金額>-18137763</比較增減-金額>
　　　　　　<比較增減-百分比>33.79</比較增減-百分比>
　　　　</ROW>
　　　　<ROW>
　　　　　　<SEQNO>13</SEQNO>
　　　　　　<LEVEL>3</LEVEL>
　　　　　　<BOLD>0</BOLD>
　　　　　　<科目>銷貨成本</科目>
　　　　　　<本年度預算數-金額>27293761</本年度預算數-金額>
　　　　　　<本年度預算數-百分比>1.90</本年度預算數-百分比>
　　　　　　<上年度預算數-金額>24735836</上年度預算數-金額>
　　　　　　<上年度預算數-百分比>1.78</上年度預算數-百分比>
　　　　　　<比較增減-金額>2557925</比較增減-金額>
　　　　　　<比較增減-百分比>10.34</比較增減-百分比>
　　　　</ROW>
　　　　<ROW>
　　　　　　<SEQNO>14</SEQNO>
　　　　　　<LEVEL>3</LEVEL>
　　　　　　<BOLD>0</BOLD>
　　　　　　<科目>教學成本</科目>
　　　　　　<本年度預算數-金額>125111239</本年度預算數-金額>
　　　　　　<本年度預算數-百分比>8.72</本年度預算數-百分比>
　　　　　　<上年度預算數-金額>119509433</上年度預算數-金額>
　　　　　　<上年度預算數-百分比>8.60</上年度預算數-百分比>
　　　　　　<比較增減-金額>5601806</比較增減-金額>
　　　　　　<比較增減-百分比>4.69</比較增減-百分比>
　　　　</ROW>
　　　　<ROW>
　　　　　　<SEQNO>15</SEQNO>
　　　　　　<LEVEL>3</LEVEL>
　　　　　　<BOLD>0</BOLD>
　　　　　　<科目>出租資產成本</科目>
　　　　　　<本年度預算數-金額>5944100</本年度預算數-金額>
　　　　　　<本年度預算數-百分比>0.41</本年度預算數-百分比>
　　　　　　<上年度預算數-金額>5742075</上年度預算數-金額>
　　　　　　<上年度預算數-百分比>0.41</上年度預算數-百分比>
　　　　　　<比較增減-金額>202025</比較增減-金額>
　　　　　　<比較增減-百分比>3.52</比較增減-百分比>
　　　　</ROW>
　　　　<ROW>
　　　　　　<SEQNO>16</SEQNO>
　　　　　　<LEVEL>3</LEVEL>
　　　　　　<BOLD>0</BOLD>
　　　　　　<科目>投融資業務成本</科目>
　　　　　　<本年度預算數-金額>4982205</本年度預算數-金額>
　　　　　　<本年度預算數-百分比>0.35</本年度預算數-百分比>
　　　　　　<上年度預算數-金額>4785362</上年度預算數-金額>
　　　　　　<上年度預算數-百分比>0.34</上年度預算數-百分比>
　　　　　　<比較增減-金額>196843</比較增減-金額>
　　　　　　<比較增減-百分比>4.11</比較增減-百分比>
　　　　</ROW>
　　　　<ROW>
　　　　　　<SEQNO>17</SEQNO>
　　　　　　<LEVEL>3</LEVEL>
　　　　　　<BOLD>0</BOLD>
　　　　　　<科目>醫療成本</科目>
　　　　　　<本年度預算數-金額>112208869</本年度預算數-金額>
　　　　　　<本年度預算數-百分比>7.82</本年度預算數-百分比>
　　　　　　<上年度預算數-金額>107093655</上年度預算數-金額>
　　　　　　<上年度預算數-百分比>7.70</上年度預算數-百分比>
　　　　　　<比較增減-金額>5115214</比較增減-金額>
　　　　　　<比較增減-百分比>4.78</比較增減-百分比>
　　　　</ROW>
　　　　<ROW>
　　　　　　<SEQNO>18</SEQNO>
　　　　　　<LEVEL>3</LEVEL>
　　　　　　<BOLD>0</BOLD>
　　　　　　<科目>保險成本</科目>
　　　　　　<本年度預算數-金額>1022735562</本年度預算數-金額>
　　　　　　<本年度預算數-百分比>71.29</本年度預算數-百分比>
　　　　　　<上年度預算數-金額>979174747</上年度預算數-金額>
　　　　　　<上年度預算數-百分比>70.43</上年度預算數-百分比>
　　　　　　<比較增減-金額>43560815</比較增減-金額>
　　　　　　<比較增減-百分比>4.45</比較增減-百分比>
　　　　</ROW>
　　　　<ROW>
　　　　　　<SEQNO>19</SEQNO>
　　　　　　<LEVEL>3</LEVEL>
　　　　　　<BOLD>0</BOLD>
　　　　　　<科目>其他業務成本</科目>
　　　　　　<本年度預算數-金額>8317269</本年度預算數-金額>
　　　　　　<本年度預算數-百分比>0.58</本年度預算數-百分比>
　　　　　　<上年度預算數-金額>7547654</上年度預算數-金額>
　　　　　　<上年度預算數-百分比>0.54</上年度預算數-百分比>
　　　　　　<比較增減-金額>769615</比較增減-金額>
　　　　　　<比較增減-百分比>10.20</比較增減-百分比>
　　　　</ROW>
　　　　<ROW>
　　　　　　<SEQNO>20</SEQNO>
　　　　　　<LEVEL>3</LEVEL>
　　　　　　<BOLD>0</BOLD>
　　　　　　<科目>行銷及業務費用</科目>
　　　　　　<本年度預算數-金額>11992134</本年度預算數-金額>
　　　　　　<本年度預算數-百分比>0.84</本年度預算數-百分比>
　　　　　　<上年度預算數-金額>12390211</上年度預算數-金額>
　　　　　　<上年度預算數-百分比>0.89</上年度預算數-百分比>
　　　　　　<比較增減-金額>-398077</比較增減-金額>
　　　　　　<比較增減-百分比>3.21</比較增減-百分比>
　　　　</ROW>
　　　　<ROW>
　　　　　　<SEQNO>21</SEQNO>
　　　　　　<LEVEL>3</LEVEL>
　　　　　　<BOLD>0</BOLD>
　　　　　　<科目>管理及總務費用</科目>
　　　　　　<本年度預算數-金額>34496925</本年度預算數-金額>
　　　　　　<本年度預算數-百分比>2.40</本年度預算數-百分比>
　　　　　　<上年度預算數-金額>35401989</上年度預算數-金額>
　　　　　　<上年度預算數-百分比>2.55</上年度預算數-百分比>
　　　　　　<比較增減-金額>-905064</比較增減-金額>
　　　　　　<比較增減-百分比>2.56</比較增減-百分比>
　　　　</ROW>
　　　　<ROW>
　　　　　　<SEQNO>22</SEQNO>
　　　　　　<LEVEL>3</LEVEL>
　　　　　　<BOLD>0</BOLD>
　　　　　　<科目>研究發展及訓練費用</科目>
　　　　　　<本年度預算數-金額>6295559</本年度預算數-金額>
　　　　　　<本年度預算數-百分比>0.44</本年度預算數-百分比>
　　　　　　<上年度預算數-金額>6313822</上年度預算數-金額>
　　　　　　<上年度預算數-百分比>0.45</上年度預算數-百分比>
　　　　　　<比較增減-金額>-18263</比較增減-金額>
　　　　　　<比較增減-百分比>0.29</比較增減-百分比>
　　　　</ROW>
　　　　<ROW>
　　　　　　<SEQNO>23</SEQNO>
　　　　　　<LEVEL>3</LEVEL>
　　　　　　<BOLD>0</BOLD>
　　　　　　<科目>其他業務費用</科目>
　　　　　　<本年度預算數-金額>11392988</本年度預算數-金額>
　　　　　　<本年度預算數-百分比>0.79</本年度預算數-百分比>
　　　　　　<上年度預算數-金額>9265250</上年度預算數-金額>
　　　　　　<上年度預算數-百分比>0.67</上年度預算數-百分比>
　　　　　　<比較增減-金額>2127738</比較增減-金額>
　　　　　　<比較增減-百分比>22.96</比較增減-百分比>
　　　　</ROW>
　　　　<ROW>
　　　　　　<SEQNO>24</SEQNO>
　　　　　　<LEVEL>2</LEVEL>
　　　　　　<BOLD>1</BOLD>
　　　　　　<科目>業務賸餘(短絀－)</科目>
　　　　　　<本年度預算數-金額>28267047</本年度預算數-金額>
　　　　　　<本年度預算數-百分比>1.97</本年度預算數-百分比>
　　　　　　<上年度預算數-金額>24635423</上年度預算數-金額>
　　　　　　<上年度預算數-百分比>1.77</上年度預算數-百分比>
　　　　　　<比較增減-金額>3631624</比較增減-金額>
　　　　　　<比較增減-百分比>14.74</比較增減-百分比>
　　　　</ROW>
　　　　<ROW>
　　　　　　<SEQNO>25</SEQNO>
　　　　　　<LEVEL>2</LEVEL>
　　　　　　<BOLD>1</BOLD>
　　　　　　<科目>業務外收入</科目>
　　　　　　<本年度預算數-金額>18638756</本年度預算數-金額>
　　　　　　<本年度預算數-百分比>1.30</本年度預算數-百分比>
　　　　　　<上年度預算數-金額>17145135</上年度預算數-金額>
　　　　　　<上年度預算數-百分比>1.23</上年度預算數-百分比>
　　　　　　<比較增減-金額>1493621</比較增減-金額>
　　　　　　<比較增減-百分比>8.71</比較增減-百分比>
　　　　</ROW>
　　　　<ROW>
　　　　　　<SEQNO>26</SEQNO>
　　　　　　<LEVEL>3</LEVEL>
　　　　　　<BOLD>0</BOLD>
　　　　　　<科目>財務收入</科目>
　　　　　　<本年度預算數-金額>3765423</本年度預算數-金額>
　　　　　　<本年度預算數-百分比>0.26</本年度預算數-百分比>
　　　　　　<上年度預算數-金額>3795680</上年度預算數-金額>
　　　　　　<上年度預算數-百分比>0.27</上年度預算數-百分比>
　　　　　　<比較增減-金額>-30257</比較增減-金額>
　　　　　　<比較增減-百分比>0.80</比較增減-百分比>
　　　　</ROW>
　　　　<ROW>
　　　　　　<SEQNO>27</SEQNO>
　　　　　　<LEVEL>3</LEVEL>
　　　　　　<BOLD>0</BOLD>
　　　　　　<科目>其他業務外收入</科目>
　　　　　　<本年度預算數-金額>14873333</本年度預算數-金額>
　　　　　　<本年度預算數-百分比>1.04</本年度預算數-百分比>
　　　　　　<上年度預算數-金額>13349455</上年度預算數-金額>
　　　　　　<上年度預算數-百分比>0.96</上年度預算數-百分比>
　　　　　　<比較增減-金額>1523878</比較增減-金額>
　　　　　　<比較增減-百分比>11.42</比較增減-百分比>
　　　　</ROW>
　　　　<ROW>
　　　　　　<SEQNO>28</SEQNO>
　　　　　　<LEVEL>2</LEVEL>
　　　　　　<BOLD>1</BOLD>
　　　　　　<科目>業務外費用</科目>
　　　　　　<本年度預算數-金額>17781611</本年度預算數-金額>
　　　　　　<本年度預算數-百分比>1.24</本年度預算數-百分比>
　　　　　　<上年度預算數-金額>18517984</上年度預算數-金額>
　　　　　　<上年度預算數-百分比>1.33</上年度預算數-百分比>
　　　　　　<比較增減-金額>-736373</比較增減-金額>
　　　　　　<比較增減-百分比>3.98</比較增減-百分比>
　　　　</ROW>
　　　　<ROW>
　　　　　　<SEQNO>29</SEQNO>
　　　　　　<LEVEL>3</LEVEL>
　　　　　　<BOLD>0</BOLD>
　　　　　　<科目>財務費用</科目>
　　　　　　<本年度預算數-金額>8927260</本年度預算數-金額>
　　　　　　<本年度預算數-百分比>0.62</本年度預算數-百分比>
　　　　　　<上年度預算數-金額>9704832</上年度預算數-金額>
　　　　　　<上年度預算數-百分比>0.70</上年度預算數-百分比>
　　　　　　<比較增減-金額>-777572</比較增減-金額>
　　　　　　<比較增減-百分比>8.01</比較增減-百分比>
　　　　</ROW>
　　　　<ROW>
　　　　　　<SEQNO>30</SEQNO>
　　　　　　<LEVEL>3</LEVEL>
　　　　　　<BOLD>0</BOLD>
　　　　　　<科目>其他業務外費用</科目>
　　　　　　<本年度預算數-金額>8854351</本年度預算數-金額>
　　　　　　<本年度預算數-百分比>0.62</本年度預算數-百分比>
　　　　　　<上年度預算數-金額>8813152</上年度預算數-金額>
　　　　　　<上年度預算數-百分比>0.63</上年度預算數-百分比>
　　　　　　<比較增減-金額>41199</比較增減-金額>
　　　　　　<比較增減-百分比>0.47</比較增減-百分比>
　　　　</ROW>
　　　　<ROW>
　　　　　　<SEQNO>31</SEQNO>
　　　　　　<LEVEL>2</LEVEL>
　　　　　　<BOLD>1</BOLD>
　　　　　　<科目>業務外賸餘(短絀－)</科目>
　　　　　　<本年度預算數-金額>857145</本年度預算數-金額>
　　　　　　<本年度預算數-百分比>0.06</本年度預算數-百分比>
　　　　　　<上年度預算數-金額>-1372849</上年度預算數-金額>
　　　　　　<上年度預算數-百分比>-0.10</上年度預算數-百分比>
　　　　　　<比較增減-金額>2229994</比較增減-金額>
　　　　　　<比較增減-百分比>162.44</比較增減-百分比>
　　　　</ROW>
　　　　<ROW>
　　　　　　<SEQNO>32</SEQNO>
　　　　　　<LEVEL>2</LEVEL>
　　　　　　<BOLD>1</BOLD>
　　　　　　<科目>非常賸餘(短絀－)</科目>
　　　　　　<本年度預算數-金額>0</本年度預算數-金額>
　　　　　　<本年度預算數-百分比>0</本年度預算數-百分比>
　　　　　　<上年度預算數-金額>0</上年度預算數-金額>
　　　　　　<上年度預算數-百分比>0</上年度預算數-百分比>
　　　　　　<比較增減-金額>0</比較增減-金額>
　　　　　　<比較增減-百分比>0</比較增減-百分比>
　　　　</ROW>
　　　　<ROW>
　　　　　　<SEQNO>33</SEQNO>
　　　　　　<LEVEL>2</LEVEL>
　　　　　　<BOLD>1</BOLD>
　　　　　　<科目>會計原則變動累積影響數</科目>
　　　　　　<本年度預算數-金額>0</本年度預算數-金額>
　　　　　　<本年度預算數-百分比>0</本年度預算數-百分比>
　　　　　　<上年度預算數-金額>0</上年度預算數-金額>
　　　　　　<上年度預算數-百分比>0</上年度預算數-百分比>
　　　　　　<比較增減-金額>0</比較增減-金額>
　　　　　　<比較增減-百分比>0</比較增減-百分比>
　　　　</ROW>
　　　　<ROW>
　　　　　　<SEQNO>34</SEQNO>
　　　　　　<LEVEL>2</LEVEL>
　　　　　　<BOLD>1</BOLD>
　　　　　　<科目>本期賸餘(短絀－)</科目>
　　　　　　<本年度預算數-金額>29124192</本年度預算數-金額>
　　　　　　<本年度預算數-百分比>2.03</本年度預算數-百分比>
　　　　　　<上年度預算數-金額>23262574</上年度預算數-金額>
　　　　　　<上年度預算數-百分比>1.67</上年度預算數-百分比>
　　　　　　<比較增減-金額>5861618</比較增減-金額>
　　　　　　<比較增減-百分比>25.20</比較增減-百分比>
　　　　</ROW>
　　</DataSet>
</GenericData>

