<?xml version="1.0" encoding="UTF-8"?>
<GenericData>
　　<Header>
　　　　<Table Id="FNWXBREMAIN" Name="作業基金餘絀撥補綜計表（依撥補項目分列）" Domain="NBA" />
　　　　<Program Id="NBAWGR020_W" />
　　　　<Sender Name="作業基金" />
　　　　<報表名稱>作業基金餘絀撥補綜計表（依撥補項目分列）</報表名稱>
　　　　<年度>104</年度>
　　　　<基金>作業基金</基金>
　　　　<階段>預算案</階段>
　　　　<版本>1</版本>
　　　　<單位>新臺幣千元</單位>
　　</Header>
　　<DataSet>
　　　　<ROW>
　　　　　　<SEQNO>1</SEQNO>
　　　　　　<LEVEL>2</LEVEL>
　　　　　　<BOLD>1</BOLD>
　　　　　　<項目>賸餘之部</項目>
　　　　　　<本年度預算數-金額>87341171</本年度預算數-金額>
　　　　　　<本年度預算數-百分比>100.00</本年度預算數-百分比>
　　　　　　<上年度預算數-金額>84306093</上年度預算數-金額>
　　　　　　<上年度預算數-百分比>100.00</上年度預算數-百分比>
　　　　　　<比較增減-金額>3035078</比較增減-金額>
　　　　　　<比較增減-百分比>3.60</比較增減-百分比>
　　　　</ROW>
　　　　<ROW>
　　　　　　<SEQNO>2</SEQNO>
　　　　　　<LEVEL>4</LEVEL>
　　　　　　<BOLD>0</BOLD>
　　　　　　<項目>本期賸餘</項目>
　　　　　　<本年度預算數-金額>53558419</本年度預算數-金額>
　　　　　　<本年度預算數-百分比>61.32</本年度預算數-百分比>
　　　　　　<上年度預算數-金額>48583353</上年度預算數-金額>
　　　　　　<上年度預算數-百分比>57.63</上年度預算數-百分比>
　　　　　　<比較增減-金額>4975066</比較增減-金額>
　　　　　　<比較增減-百分比>10.24</比較增減-百分比>
　　　　</ROW>
　　　　<ROW>
　　　　　　<SEQNO>3</SEQNO>
　　　　　　<LEVEL>4</LEVEL>
　　　　　　<BOLD>0</BOLD>
　　　　　　<項目>前期未分配賸餘</項目>
　　　　　　<本年度預算數-金額>33782752</本年度預算數-金額>
　　　　　　<本年度預算數-百分比>38.68</本年度預算數-百分比>
　　　　　　<上年度預算數-金額>35222740</上年度預算數-金額>
　　　　　　<上年度預算數-百分比>41.78</上年度預算數-百分比>
　　　　　　<比較增減-金額>-1439988</比較增減-金額>
　　　　　　<比較增減-百分比>4.09</比較增減-百分比>
　　　　</ROW>
　　　　<ROW>
　　　　　　<SEQNO>4</SEQNO>
　　　　　　<LEVEL>4</LEVEL>
　　　　　　<BOLD>0</BOLD>
　　　　　　<項目>公積轉列數</項目>
　　　　　　<本年度預算數-金額>0</本年度預算數-金額>
　　　　　　<本年度預算數-百分比>0</本年度預算數-百分比>
　　　　　　<上年度預算數-金額>500000</上年度預算數-金額>
　　　　　　<上年度預算數-百分比>0.59</上年度預算數-百分比>
　　　　　　<比較增減-金額>-500000</比較增減-金額>
　　　　　　<比較增減-百分比>100.00</比較增減-百分比>
　　　　</ROW>
　　　　<ROW>
　　　　　　<SEQNO>5</SEQNO>
　　　　　　<LEVEL>2</LEVEL>
　　　　　　<BOLD>1</BOLD>
　　　　　　<項目>分配之部</項目>
　　　　　　<本年度預算數-金額>50528891</本年度預算數-金額>
　　　　　　<本年度預算數-百分比>57.85</本年度預算數-百分比>
　　　　　　<上年度預算數-金額>52660396</上年度預算數-金額>
　　　　　　<上年度預算數-百分比>62.46</上年度預算數-百分比>
　　　　　　<比較增減-金額>-2131505</比較增減-金額>
　　　　　　<比較增減-百分比>4.05</比較增減-百分比>
　　　　</ROW>
　　　　<ROW>
　　　　　　<SEQNO>6</SEQNO>
　　　　　　<LEVEL>4</LEVEL>
　　　　　　<BOLD>0</BOLD>
　　　　　　<項目>填補累積短絀</項目>
　　　　　　<本年度預算數-金額>2138069</本年度預算數-金額>
　　　　　　<本年度預算數-百分比>2.45</本年度預算數-百分比>
　　　　　　<上年度預算數-金額>1555700</上年度預算數-金額>
　　　　　　<上年度預算數-百分比>1.85</上年度預算數-百分比>
　　　　　　<比較增減-金額>582369</比較增減-金額>
　　　　　　<比較增減-百分比>37.43</比較增減-百分比>
　　　　</ROW>
　　　　<ROW>
　　　　　　<SEQNO>7</SEQNO>
　　　　　　<LEVEL>4</LEVEL>
　　　　　　<BOLD>0</BOLD>
　　　　　　<項目>提存公積</項目>
　　　　　　<本年度預算數-金額>6337219</本年度預算數-金額>
　　　　　　<本年度預算數-百分比>7.26</本年度預算數-百分比>
　　　　　　<上年度預算數-金額>10310586</上年度預算數-金額>
　　　　　　<上年度預算數-百分比>12.23</上年度預算數-百分比>
　　　　　　<比較增減-金額>-3973367</比較增減-金額>
　　　　　　<比較增減-百分比>38.54</比較增減-百分比>
　　　　</ROW>
　　　　<ROW>
　　　　　　<SEQNO>8</SEQNO>
　　　　　　<LEVEL>4</LEVEL>
　　　　　　<BOLD>0</BOLD>
　　　　　　<項目>賸餘撥充基金數</項目>
　　　　　　<本年度預算數-金額>13253034</本年度預算數-金額>
　　　　　　<本年度預算數-百分比>15.17</本年度預算數-百分比>
　　　　　　<上年度預算數-金額>13482701</上年度預算數-金額>
　　　　　　<上年度預算數-百分比>15.99</上年度預算數-百分比>
　　　　　　<比較增減-金額>-229667</比較增減-金額>
　　　　　　<比較增減-百分比>1.70</比較增減-百分比>
　　　　</ROW>
　　　　<ROW>
　　　　　　<SEQNO>9</SEQNO>
　　　　　　<LEVEL>4</LEVEL>
　　　　　　<BOLD>0</BOLD>
　　　　　　<項目>解繳國庫淨額</項目>
　　　　　　<本年度預算數-金額>28800569</本年度預算數-金額>
　　　　　　<本年度預算數-百分比>32.97</本年度預算數-百分比>
　　　　　　<上年度預算數-金額>27309496</上年度預算數-金額>
　　　　　　<上年度預算數-百分比>32.39</上年度預算數-百分比>
　　　　　　<比較增減-金額>1491073</比較增減-金額>
　　　　　　<比較增減-百分比>5.46</比較增減-百分比>
　　　　</ROW>
　　　　<ROW>
　　　　　　<SEQNO>10</SEQNO>
　　　　　　<LEVEL>4</LEVEL>
　　　　　　<BOLD>0</BOLD>
　　　　　　<項目>其他依法分配數</項目>
　　　　　　<本年度預算數-金額>0</本年度預算數-金額>
　　　　　　<本年度預算數-百分比>0</本年度預算數-百分比>
　　　　　　<上年度預算數-金額>1913</上年度預算數-金額>
　　　　　　<上年度預算數-百分比>0</上年度預算數-百分比>
　　　　　　<比較增減-金額>-1913</比較增減-金額>
　　　　　　<比較增減-百分比>100.00</比較增減-百分比>
　　　　</ROW>
　　　　<ROW>
　　　　　　<SEQNO>11</SEQNO>
　　　　　　<LEVEL>2</LEVEL>
　　　　　　<BOLD>1</BOLD>
　　　　　　<項目>未分配賸餘</項目>
　　　　　　<本年度預算數-金額>36812280</本年度預算數-金額>
　　　　　　<本年度預算數-百分比>42.15</本年度預算數-百分比>
　　　　　　<上年度預算數-金額>31645697</上年度預算數-金額>
　　　　　　<上年度預算數-百分比>37.54</上年度預算數-百分比>
　　　　　　<比較增減-金額>5166583</比較增減-金額>
　　　　　　<比較增減-百分比>16.33</比較增減-百分比>
　　　　</ROW>
　　　　<ROW>
　　　　　　<SEQNO>12</SEQNO>
　　　　　　<LEVEL>2</LEVEL>
　　　　　　<BOLD>1</BOLD>
　　　　　　<項目>短絀之部</項目>
　　　　　　<本年度預算數-金額>129702012</本年度預算數-金額>
　　　　　　<本年度預算數-百分比>100.00</本年度預算數-百分比>
　　　　　　<上年度預算數-金額>133481018</上年度預算數-金額>
　　　　　　<上年度預算數-百分比>100.00</上年度預算數-百分比>
　　　　　　<比較增減-金額>-3779006</比較增減-金額>
　　　　　　<比較增減-百分比>2.83</比較增減-百分比>
　　　　</ROW>
　　　　<ROW>
　　　　　　<SEQNO>13</SEQNO>
　　　　　　<LEVEL>4</LEVEL>
　　　　　　<BOLD>0</BOLD>
　　　　　　<項目>本期短絀</項目>
　　　　　　<本年度預算數-金額>24434227</本年度預算數-金額>
　　　　　　<本年度預算數-百分比>18.84</本年度預算數-百分比>
　　　　　　<上年度預算數-金額>25320779</上年度預算數-金額>
　　　　　　<上年度預算數-百分比>18.97</上年度預算數-百分比>
　　　　　　<比較增減-金額>-886552</比較增減-金額>
　　　　　　<比較增減-百分比>3.50</比較增減-百分比>
　　　　</ROW>
　　　　<ROW>
　　　　　　<SEQNO>14</SEQNO>
　　　　　　<LEVEL>4</LEVEL>
　　　　　　<BOLD>0</BOLD>
　　　　　　<項目>前期待填補之短絀</項目>
　　　　　　<本年度預算數-金額>105267785</本年度預算數-金額>
　　　　　　<本年度預算數-百分比>81.16</本年度預算數-百分比>
　　　　　　<上年度預算數-金額>108160239</上年度預算數-金額>
　　　　　　<上年度預算數-百分比>81.03</上年度預算數-百分比>
　　　　　　<比較增減-金額>-2892454</比較增減-金額>
　　　　　　<比較增減-百分比>2.67</比較增減-百分比>
　　　　</ROW>
　　　　<ROW>
　　　　　　<SEQNO>15</SEQNO>
　　　　　　<LEVEL>2</LEVEL>
　　　　　　<BOLD>1</BOLD>
　　　　　　<項目>填補之部</項目>
　　　　　　<本年度預算數-金額>18833775</本年度預算數-金額>
　　　　　　<本年度預算數-百分比>14.52</本年度預算數-百分比>
　　　　　　<上年度預算數-金額>26058710</上年度預算數-金額>
　　　　　　<上年度預算數-百分比>19.52</上年度預算數-百分比>
　　　　　　<比較增減-金額>-7224935</比較增減-金額>
　　　　　　<比較增減-百分比>27.73</比較增減-百分比>
　　　　</ROW>
　　　　<ROW>
　　　　　　<SEQNO>16</SEQNO>
　　　　　　<LEVEL>4</LEVEL>
　　　　　　<BOLD>0</BOLD>
　　　　　　<項目>撥用賸餘</項目>
　　　　　　<本年度預算數-金額>2138069</本年度預算數-金額>
　　　　　　<本年度預算數-百分比>1.65</本年度預算數-百分比>
　　　　　　<上年度預算數-金額>1555700</上年度預算數-金額>
　　　　　　<上年度預算數-百分比>1.17</上年度預算數-百分比>
　　　　　　<比較增減-金額>582369</比較增減-金額>
　　　　　　<比較增減-百分比>37.43</比較增減-百分比>
　　　　</ROW>
　　　　<ROW>
　　　　　　<SEQNO>17</SEQNO>
　　　　　　<LEVEL>4</LEVEL>
　　　　　　<BOLD>0</BOLD>
　　　　　　<項目>撥用公積</項目>
　　　　　　<本年度預算數-金額>10085026</本年度預算數-金額>
　　　　　　<本年度預算數-百分比>7.78</本年度預算數-百分比>
　　　　　　<上年度預算數-金額>9662562</上年度預算數-金額>
　　　　　　<上年度預算數-百分比>7.24</上年度預算數-百分比>
　　　　　　<比較增減-金額>422464</比較增減-金額>
　　　　　　<比較增減-百分比>4.37</比較增減-百分比>
　　　　</ROW>
　　　　<ROW>
　　　　　　<SEQNO>18</SEQNO>
　　　　　　<LEVEL>4</LEVEL>
　　　　　　<BOLD>0</BOLD>
　　　　　　<項目>折減基金</項目>
　　　　　　<本年度預算數-金額>6610680</本年度預算數-金額>
　　　　　　<本年度預算數-百分比>5.10</本年度預算數-百分比>
　　　　　　<上年度預算數-金額>14840448</上年度預算數-金額>
　　　　　　<上年度預算數-百分比>11.12</上年度預算數-百分比>
　　　　　　<比較增減-金額>-8229768</比較增減-金額>
　　　　　　<比較增減-百分比>55.45</比較增減-百分比>
　　　　</ROW>
　　　　<ROW>
　　　　　　<SEQNO>19</SEQNO>
　　　　　　<LEVEL>0</LEVEL>
　　　　　　<BOLD>1</BOLD>
　　　　　　<項目>國庫撥款</項目>
　　　　　　<本年度預算數-金額>0</本年度預算數-金額>
　　　　　　<本年度預算數-百分比 />
　　　　　　<上年度預算數-金額>0</上年度預算數-金額>
　　　　　　<上年度預算數-百分比 />
　　　　　　<比較增減-金額>0</比較增減-金額>
　　　　　　<比較增減-百分比>0</比較增減-百分比>
　　　　</ROW>
　　　　<ROW>
　　　　　　<SEQNO>20</SEQNO>
　　　　　　<LEVEL>2</LEVEL>
　　　　　　<BOLD>1</BOLD>
　　　　　　<項目>待填補之短絀</項目>
　　　　　　<本年度預算數-金額>110868237</本年度預算數-金額>
　　　　　　<本年度預算數-百分比>85.48</本年度預算數-百分比>
　　　　　　<上年度預算數-金額>107422308</上年度預算數-金額>
　　　　　　<上年度預算數-百分比>80.48</上年度預算數-百分比>
　　　　　　<比較增減-金額>3445929</比較增減-金額>
　　　　　　<比較增減-百分比>3.21</比較增減-百分比>
　　　　</ROW>
　　</DataSet>
</GenericData>

