﻿<?xml version="1.0" encoding="UTF-8"?>
<GenericData>
<Header>
<Table Id="FNWXBWORKR" Name="中華民國100年度法定預算作業基金收支餘絀綜計表(按主管機關別分列)" Domain="NBA" /> 
<Program Id="NBAWGR010_W"/> 
<Sender Name="行政院主計總處"/>
</Header>

<DataSet>
<ROW>
<科目>業務收入</科目>
<合計金額>955596009</合計金額>
<合計百分比>100</合計百分比>
<行政院主管金額>9760907</行政院主管金額>
<行政院主管百分比>100</行政院主管百分比>
<內政部主管金額>71776745</內政部主管金額>
<內政部主管百分比>100</內政部主管百分比>
<國防部主管金額>68863726</國防部主管金額>
<國防部主管百分比>100</國防部主管百分比>
<財政部主管金額>215400</財政部主管金額>
<財政部主管百分比>100</財政部主管百分比>
<教育部主管金額>158612804</教育部主管金額>
<教育部主管百分比>100</教育部主管百分比>
<法務部主管金額>651751</法務部主管金額>
<法務部主管百分比>100</法務部主管百分比>
<經濟部主管金額>13947124</經濟部主管金額>
<經濟部主管百分比>100</經濟部主管百分比>
<交通部主管金額>49097895</交通部主管金額>
<交通部主管百分比>100</交通部主管百分比>
<國軍退除役官兵輔導委員會主管金額>44739314</國軍退除役官兵輔導委員會主管金額>
<國軍退除役官兵輔導委員會主管百分比>100</國軍退除役官兵輔導委員會主管百分比>
<國家科學委員會主管金額>11062057</國家科學委員會主管金額>
<國家科學委員會主管百分比>100</國家科學委員會主管百分比>
<農業委員會主管金額>232192</農業委員會主管金額>
<農業委員會主管百分比>100</農業委員會主管百分比>
<衛生署主管金額>524552743</衛生署主管金額>
<衛生署主管百分比>100</衛生署主管百分比>
<國立故宮博物院主管>353745</國立故宮博物院主管>
<國立故宮博物院主管百分比>100</國立故宮博物院主管百分比>
<原住民族委員會主管金額>1017315</原住民族委員會主管金額>
<原住民族委員會主管百分比>100</原住民族委員會主管百分比>
<考試院考選部主管金額>712291</考試院考選部主管金額>
<考試院考選部主管百分比>100</考試院考選部主管百分比>
</ROW>
<ROW>
<科目>勞務收入</科目>
<合計金額>67176702</合計金額>
<合計百分比>7.03</合計百分比>
<行政院主管金額>0</行政院主管金額>
<行政院主管百分比>0</行政院主管百分比>
<內政部主管金額>0</內政部主管金額>
<內政部主管百分比>0</內政部主管百分比>
<國防部主管金額>25478307</國防部主管金額>
<國防部主管百分比>37</國防部主管百分比>
<財政部主管金額>0</財政部主管金額>
<財政部主管百分比>0</財政部主管百分比>
<教育部主管金額>402311</教育部主管金額>
<教育部主管百分比>0.25</教育部主管百分比>
<法務部主管金額>360683</法務部主管金額>
<法務部主管百分比>55.34</法務部主管百分比>
<經濟部主管金額>2866063</經濟部主管金額>
<經濟部主管百分比>20.55</經濟部主管百分比>
<交通部主管金額>29170084</交通部主管金額>
<交通部主管百分比>59.41</交通部主管百分比>
<國軍退除役官兵輔導委員會主管金額>2468480</國軍退除役官兵輔導委員會主管金額>
<國軍退除役官兵輔導委員會主管百分比>5.52</國軍退除役官兵輔導委員會主管百分比>
<國家科學委員會主管金額>5726795</國家科學委員會主管金額>
<國家科學委員會主管百分比>51.77</國家科學委員會主管百分比>
<農業委員會主管金額>0</農業委員會主管金額>
<農業委員會主管百分比>0</農業委員會主管百分比>
<衛生署主管金額>0</衛生署主管金額>
<衛生署主管百分比>0</衛生署主管百分比>
<國立故宮博物院主管>0</國立故宮博物院主管>
<國立故宮博物院主管百分比>0</國立故宮博物院主管百分比>
<原住民族委員會主管金額>0</原住民族委員會主管金額>
<原住民族委員會主管百分比>0</原住民族委員會主管百分比>
<考試院考選部主管金額>703979</考試院考選部主管金額>
<考試院考選部主管百分比>98.83</考試院考選部主管百分比>
</ROW>
<ROW>
<科目>銷貨收入</科目>
<合計金額>40586880</合計金額>
<合計百分比>4.25</合計百分比>
<行政院主管金額>0</行政院主管金額>
<行政院主管百分比>0</行政院主管百分比>
<內政部主管金額>3706600</內政部主管金額>
<內政部主管百分比>5.16</內政部主管百分比>
<國防部主管金額>28369800</國防部主管金額>
<國防部主管百分比>41.2</國防部主管百分比>
<財政部主管金額>0</財政部主管金額>
<財政部主管百分比>0</財政部主管百分比>
<教育部主管金額>200745</教育部主管金額>
<教育部主管百分比>0.13</教育部主管百分比>
<法務部主管金額>291068</法務部主管金額>
<法務部主管百分比>44.66</法務部主管百分比>
<經濟部主管金額>5909842</經濟部主管金額>
<經濟部主管百分比>42.37</經濟部主管百分比>
<交通部主管金額>887008</交通部主管金額>
<交通部主管百分比>1.81</交通部主管百分比>
<國軍退除役官兵輔導委員會主管金額>190606</國軍退除役官兵輔導委員會主管金額>
<國軍退除役官兵輔導委員會主管百分比>0.43</國軍退除役官兵輔導委員會主管百分比>
<國家科學委員會主管金額>0</國家科學委員會主管金額>
<國家科學委員會主管百分比>0</國家科學委員會主管百分比>
<農業委員會主管金額>203773</農業委員會主管金額>
<農業委員會主管百分比>87.76</農業委員會主管百分比>
<衛生署主管金額>473693</衛生署主管金額>
<衛生署主管百分比>0.09</衛生署主管百分比>
<國立故宮博物院主管>353745</國立故宮博物院主管>
<國立故宮博物院主管百分比>100</國立故宮博物院主管百分比>
<原住民族委員會主管金額>0</原住民族委員會主管金額>
<原住民族委員會主管百分比>0</原住民族委員會主管百分比>
<考試院考選部主管金額>0</考試院考選部主管金額>
<考試院考選部主管百分比>0</考試院考選部主管百分比>
</ROW>
<ROW>
<科目>教學收入</科目>
<合計金額>50063436</合計金額>
<合計百分比>5.24</合計百分比>
<行政院主管金額>0</行政院主管金額>
<行政院主管百分比>0</行政院主管百分比>
<內政部主管金額>0</內政部主管金額>
<內政部主管百分比>0</內政部主管百分比>
<國防部主管金額>0</國防部主管金額>
<國防部主管百分比>0</國防部主管百分比>
<財政部主管金額>0</財政部主管金額>
<財政部主管百分比>0</財政部主管百分比>
<教育部主管金額>50063436</教育部主管金額>
<教育部主管百分比>31.56</教育部主管百分比>
<法務部主管金額>0</法務部主管金額>
<法務部主管百分比>0</法務部主管百分比>
<經濟部主管金額>0</經濟部主管金額>
<經濟部主管百分比>0</經濟部主管百分比>
<交通部主管金額>0</交通部主管金額>
<交通部主管百分比>0</交通部主管百分比>
<國軍退除役官兵輔導委員會主管金額>0</國軍退除役官兵輔導委員會主管金額>
<國軍退除役官兵輔導委員會主管百分比>0</國軍退除役官兵輔導委員會主管百分比>
<國家科學委員會主管金額>0</國家科學委員會主管金額>
<國家科學委員會主管百分比>0</國家科學委員會主管百分比>
<農業委員會主管金額>0</農業委員會主管金額>
<農業委員會主管百分比>0</農業委員會主管百分比>
<衛生署主管金額>0</衛生署主管金額>
<衛生署主管百分比>0</衛生署主管百分比>
<國立故宮博物院主管>0</國立故宮博物院主管>
<國立故宮博物院主管百分比>0</國立故宮博物院主管百分比>
<原住民族委員會主管金額>0</原住民族委員會主管金額>
<原住民族委員會主管百分比>0</原住民族委員會主管百分比>
<考試院考選部主管金額>0</考試院考選部主管金額>
<考試院考選部主管百分比>0</考試院考選部主管百分比>
</ROW>
<ROW>
<科目>租金及權利金收入</科目>
<合計金額>12774280</合計金額>
<合計百分比>1.34</合計百分比>
<行政院主管金額>0</行政院主管金額>
<行政院主管百分比>0</行政院主管百分比>
<內政部主管金額>0</內政部主管金額>
<內政部主管百分比>0</內政部主管百分比>
<國防部主管金額>217872</國防部主管金額>
<國防部主管百分比>0.32</國防部主管百分比>
<財政部主管金額>26224</財政部主管金額>
<財政部主管百分比>12.17</財政部主管百分比>
<教育部主管金額>209457</教育部主管金額>
<教育部主管百分比>0.13</教育部主管百分比>
<法務部主管金額>0</法務部主管金額>
<法務部主管百分比>0</法務部主管百分比>
<經濟部主管金額>477177</經濟部主管金額>
<經濟部主管百分比>3.42</經濟部主管百分比>
<交通部主管金額>6476316</交通部主管金額>
<交通部主管百分比>13.19</交通部主管百分比>
<國軍退除役官兵輔導委員會主管金額>31972</國軍退除役官兵輔導委員會主管金額>
<國軍退除役官兵輔導委員會主管百分比>0.07</國軍退除役官兵輔導委員會主管百分比>
<國家科學委員會主管金額>5335262</國家科學委員會主管金額>
<國家科學委員會主管百分比>48.23</國家科學委員會主管百分比>
<農業委員會主管金額>0</農業委員會主管金額>
<農業委員會主管百分比>0</農業委員會主管百分比>
<衛生署主管金額>0</衛生署主管金額>
<衛生署主管百分比>0</衛生署主管百分比>
<國立故宮博物院主管>0</國立故宮博物院主管>
<國立故宮博物院主管百分比>0</國立故宮博物院主管百分比>
<原住民族委員會主管金額>0</原住民族委員會主管金額>
<原住民族委員會主管百分比>0</原住民族委員會主管百分比>
<考試院考選部主管金額>0</考試院考選部主管金額>
<考試院考選部主管百分比>0</考試院考選部主管百分比>
</ROW>
<ROW>
<科目>投融資業務收入</科目>
<合計金額>16665501</合計金額>
<合計百分比>1.74</合計百分比>
<行政院主管金額>9760907</行政院主管金額>
<行政院主管百分比>100</行政院主管百分比>
<內政部主管金額>3314493</內政部主管金額>
<內政部主管百分比>4.62</內政部主管百分比>
<國防部主管金額>68513</國防部主管金額>
<國防部主管百分比>0.1</國防部主管百分比>
<財政部主管金額>189176</財政部主管金額>
<財政部主管百分比>87.83</財政部主管百分比>
<教育部主管金額>0</教育部主管金額>
<教育部主管百分比>0</教育部主管百分比>
<法務部主管金額>0</法務部主管金額>
<法務部主管百分比>0</法務部主管百分比>
<經濟部主管金額>2679020</經濟部主管金額>
<經濟部主管百分比>19.21</經濟部主管百分比>
<交通部主管金額>0</交通部主管金額>
<交通部主管百分比>0</交通部主管百分比>
<國軍退除役官兵輔導委員會主管金額>623259</國軍退除役官兵輔導委員會主管金額>
<國軍退除役官兵輔導委員會主管百分比>1.39</國軍退除役官兵輔導委員會主管百分比>
<國家科學委員會主管金額>0</國家科學委員會主管金額>
<國家科學委員會主管百分比>0</國家科學委員會主管百分比>
<農業委員會主管金額>0</農業委員會主管金額>
<農業委員會主管百分比>0</農業委員會主管百分比>
<衛生署主管金額>0</衛生署主管金額>
<衛生署主管百分比>0</衛生署主管百分比>
<國立故宮博物院主管>0</國立故宮博物院主管>
<國立故宮博物院主管百分比>0</國立故宮博物院主管百分比>
<原住民族委員會主管金額>30133</原住民族委員會主管金額>
<原住民族委員會主管百分比>2.96</原住民族委員會主管百分比>
<考試院考選部主管金額>0</考試院考選部主管金額>
<考試院考選部主管百分比>0</考試院考選部主管百分比>
</ROW>
<ROW>
<科目>醫療收入</科目>
<合計金額>105928230</合計金額>
<合計百分比>11.09</合計百分比>
<行政院主管金額>0</行政院主管金額>
<行政院主管百分比>0</行政院主管百分比>
<內政部主管金額>0</內政部主管金額>
<內政部主管百分比>0</內政部主管百分比>
<國防部主管金額>14437939</國防部主管金額>
<國防部主管百分比>20.97</國防部主管百分比>
<財政部主管金額>0</財政部主管金額>
<財政部主管百分比>0</財政部主管百分比>
<教育部主管金額>29053863</教育部主管金額>
<教育部主管百分比>18.32</教育部主管百分比>
<法務部主管金額>0</法務部主管金額>
<法務部主管百分比>0</法務部主管百分比>
<經濟部主管金額>35653</經濟部主管金額>
<經濟部主管百分比>0.26</經濟部主管百分比>
<交通部主管金額>0</交通部主管金額>
<交通部主管百分比>0</交通部主管百分比>
<國軍退除役官兵輔導委員會主管金額>37458868</國軍退除役官兵輔導委員會主管金額>
<國軍退除役官兵輔導委員會主管百分比>83.73</國軍退除役官兵輔導委員會主管百分比>
<國家科學委員會主管金額>0</國家科學委員會主管金額>
<國家科學委員會主管百分比>0</國家科學委員會主管百分比>
<農業委員會主管金額>0</農業委員會主管金額>
<農業委員會主管百分比>0</農業委員會主管百分比>
<衛生署主管金額>24941907</衛生署主管金額>
<衛生署主管百分比>4.75</衛生署主管百分比>
<國立故宮博物院主管>0</國立故宮博物院主管>
<國立故宮博物院主管百分比>0</國立故宮博物院主管百分比>
<原住民族委員會主管金額>0</原住民族委員會主管金額>
<原住民族委員會主管百分比>0</原住民族委員會主管百分比>
<考試院考選部主管金額>0</考試院考選部主管金額>
<考試院考選部主管百分比>0</考試院考選部主管百分比>
</ROW>
<ROW>
<科目>徵收收入</科目>
<合計金額>1748500</合計金額>
<合計百分比>0.18</合計百分比>
<行政院主管金額>0</行政院主管金額>
<行政院主管百分比>0</行政院主管百分比>
<內政部主管金額>0</內政部主管金額>
<內政部主管百分比>0</內政部主管百分比>
<國防部主管金額>0</國防部主管金額>
<國防部主管百分比>0</國防部主管百分比>
<財政部主管金額>0</財政部主管金額>
<財政部主管百分比>0</財政部主管百分比>
<教育部主管金額>0</教育部主管金額>
<教育部主管百分比>0</教育部主管百分比>
<法務部主管金額>0</法務部主管金額>
<法務部主管百分比>0</法務部主管百分比>
<經濟部主管金額>1201500</經濟部主管金額>
<經濟部主管百分比>8.61</經濟部主管百分比>
<交通部主管金額>0</交通部主管金額>
<交通部主管百分比>0</交通部主管百分比>
<國軍退除役官兵輔導委員會主管金額>0</國軍退除役官兵輔導委員會主管金額>
<國軍退除役官兵輔導委員會主管百分比>0</國軍退除役官兵輔導委員會主管百分比>
<國家科學委員會主管金額>0</國家科學委員會主管金額>
<國家科學委員會主管百分比>0</國家科學委員會主管百分比>
<農業委員會主管金額>0</農業委員會主管金額>
<農業委員會主管百分比>0</農業委員會主管百分比>
<衛生署主管金額>0</衛生署主管金額>
<衛生署主管百分比>0</衛生署主管百分比>
<國立故宮博物院主管>0</國立故宮博物院主管>
<國立故宮博物院主管百分比>0</國立故宮博物院主管百分比>
<原住民族委員會主管金額>547000</原住民族委員會主管金額>
<原住民族委員會主管百分比>53.77</原住民族委員會主管百分比>
<考試院考選部主管金額>0</考試院考選部主管金額>
<考試院考選部主管百分比>0</考試院考選部主管百分比>
</ROW>
<ROW>
<科目>保險收入</科目>
<合計金額>533014948</合計金額>
<合計百分比>55.78</合計百分比>
<行政院主管金額>0</行政院主管金額>
<行政院主管百分比>0</行政院主管百分比>
<內政部主管金額>60136832</內政部主管金額>
<內政部主管百分比>83.78</內政部主管百分比>
<國防部主管金額>0</國防部主管金額>
<國防部主管百分比>0</國防部主管百分比>
<財政部主管金額>0</財政部主管金額>
<財政部主管百分比>0</財政部主管百分比>
<教育部主管金額>0</教育部主管金額>
<教育部主管百分比>0</教育部主管百分比>
<法務部主管金額>0</法務部主管金額>
<法務部主管百分比>0</法務部主管百分比>
<經濟部主管金額>0</經濟部主管金額>
<經濟部主管百分比>0</經濟部主管百分比>
<交通部主管金額>0</交通部主管金額>
<交通部主管百分比>0</交通部主管百分比>
<國軍退除役官兵輔導委員會主管金額>0</國軍退除役官兵輔導委員會主管金額>
<國軍退除役官兵輔導委員會主管百分比>0</國軍退除役官兵輔導委員會主管百分比>
<國家科學委員會主管金額>0</國家科學委員會主管金額>
<國家科學委員會主管百分比>0</國家科學委員會主管百分比>
<農業委員會主管金額>0</農業委員會主管金額>
<農業委員會主管百分比>0</農業委員會主管百分比>
<衛生署主管金額>472878116</衛生署主管金額>
<衛生署主管百分比>90.15</衛生署主管百分比>
<國立故宮博物院主管>0</國立故宮博物院主管>
<國立故宮博物院主管百分比>0</國立故宮博物院主管百分比>
<原住民族委員會主管金額>0</原住民族委員會主管金額>
<原住民族委員會主管百分比>0</原住民族委員會主管百分比>
<考試院考選部主管金額>0</考試院考選部主管金額>
<考試院考選部主管百分比>0</考試院考選部主管百分比>
</ROW>
<ROW>
<科目>其他業務收入</科目>
<合計金額>127637532</合計金額>
<合計百分比>13.36</合計百分比>
<行政院主管金額>0</行政院主管金額>
<行政院主管百分比>0</行政院主管百分比>
<內政部主管金額>4618820</內政部主管金額>
<內政部主管百分比>6.43</內政部主管百分比>
<國防部主管金額>291295</國防部主管金額>
<國防部主管百分比>0.42</國防部主管百分比>
<財政部主管金額>0</財政部主管金額>
<財政部主管百分比>0</財政部主管百分比>
<教育部主管金額>78682992</教育部主管金額>
<教育部主管百分比>49.61</教育部主管百分比>
<法務部主管金額>0</法務部主管金額>
<法務部主管百分比>0</法務部主管百分比>
<經濟部主管金額>777869</經濟部主管金額>
<經濟部主管百分比>5.58</經濟部主管百分比>
<交通部主管金額>12564487</交通部主管金額>
<交通部主管百分比>25.59</交通部主管百分比>
<國軍退除役官兵輔導委員會主管金額>3966129</國軍退除役官兵輔導委員會主管金額>
<國軍退除役官兵輔導委員會主管百分比>8.86</國軍退除役官兵輔導委員會主管百分比>
<國家科學委員會主管金額>0</國家科學委員會主管金額>
<國家科學委員會主管百分比>0</國家科學委員會主管百分比>
<農業委員會主管金額>28419</農業委員會主管金額>
<農業委員會主管百分比>12.24</農業委員會主管百分比>
<衛生署主管金額>26259027</衛生署主管金額>
<衛生署主管百分比>5.01</衛生署主管百分比>
<國立故宮博物院主管>0</國立故宮博物院主管>
<國立故宮博物院主管百分比>0</國立故宮博物院主管百分比>
<原住民族委員會主管金額>440182</原住民族委員會主管金額>
<原住民族委員會主管百分比>43.27</原住民族委員會主管百分比>
<考試院考選部主管金額>8312</考試院考選部主管金額>
<考試院考選部主管百分比>1.17</考試院考選部主管百分比>
</ROW>
<ROW>
<科目>業務成本與費用</科目>
<合計金額>931619815</合計金額>
<合計百分比>97.49</合計百分比>
<行政院主管金額>469462</行政院主管金額>
<行政院主管百分比>4.81</行政院主管百分比>
<內政部主管金額>76265318</內政部主管金額>
<內政部主管百分比>106.25</內政部主管百分比>
<國防部主管金額>70857921</國防部主管金額>
<國防部主管百分比>102.9</國防部主管百分比>
<財政部主管金額>99562</財政部主管金額>
<財政部主管百分比>46.22</財政部主管百分比>
<教育部主管金額>167745384</教育部主管金額>
<教育部主管百分比>105.76</教育部主管百分比>
<法務部主管金額>447776</法務部主管金額>
<法務部主管百分比>68.7</法務部主管百分比>
<經濟部主管金額>13129843</經濟部主管金額>
<經濟部主管百分比>94.14</經濟部主管百分比>
<交通部主管金額>24579086</交通部主管金額>
<交通部主管百分比>50.06</交通部主管百分比>
<國軍退除役官兵輔導委員會主管金額>45189022</國軍退除役官兵輔導委員會主管金額>
<國軍退除役官兵輔導委員會主管百分比>101.01</國軍退除役官兵輔導委員會主管百分比>
<國家科學委員會主管金額>8426830</國家科學委員會主管金額>
<國家科學委員會主管百分比>76.18</國家科學委員會主管百分比>
<農業委員會主管金額>209388</農業委員會主管金額>
<農業委員會主管百分比>90.18</農業委員會主管百分比>
<衛生署主管金額>522247354</衛生署主管金額>
<衛生署主管百分比>99.56</衛生署主管百分比>
<國立故宮博物院主管>219615</國立故宮博物院主管>
<國立故宮博物院主管百分比>62.08</國立故宮博物院主管百分比>
<原住民族委員會主管金額>1021163</原住民族委員會主管金額>
<原住民族委員會主管百分比>100.38</原住民族委員會主管百分比>
<考試院考選部主管金額>712091</考試院考選部主管金額>
<考試院考選部主管百分比>99.97</考試院考選部主管百分比>
</ROW>
<ROW>
<科目>勞務成本</科目>
<合計金額>51918493</合計金額>
<合計百分比>5.43</合計百分比>
<行政院主管金額>0</行政院主管金額>
<行政院主管百分比>0</行政院主管百分比>
<內政部主管金額>43823</內政部主管金額>
<內政部主管百分比>0.06</內政部主管百分比>
<國防部主管金額>19499586</國防部主管金額>
<國防部主管百分比>28.32</國防部主管百分比>
<財政部主管金額>0</財政部主管金額>
<財政部主管百分比>0</財政部主管百分比>
<教育部主管金額>1559303</教育部主管金額>
<教育部主管百分比>0.98</教育部主管百分比>
<法務部主管金額>195111</法務部主管金額>
<法務部主管百分比>29.94</法務部主管百分比>
<經濟部主管金額>4354506</經濟部主管金額>
<經濟部主管百分比>31.22</經濟部主管百分比>
<交通部主管金額>19164007</交通部主管金額>
<交通部主管百分比>39.03</交通部主管百分比>
<國軍退除役官兵輔導委員會主管金額>2302968</國軍退除役官兵輔導委員會主管金額>
<國軍退除役官兵輔導委員會主管百分比>5.15</國軍退除役官兵輔導委員會主管百分比>
<國家科學委員會主管金額>4095410</國家科學委員會主管金額>
<國家科學委員會主管百分比>37.02</國家科學委員會主管百分比>
<農業委員會主管金額>0</農業委員會主管金額>
<農業委員會主管百分比>0</農業委員會主管百分比>
<衛生署主管金額>0</衛生署主管金額>
<衛生署主管百分比>0</衛生署主管百分比>
<國立故宮博物院主管>0</國立故宮博物院主管>
<國立故宮博物院主管百分比>0</國立故宮博物院主管百分比>
<原住民族委員會主管金額>0</原住民族委員會主管金額>
<原住民族委員會主管百分比>0</原住民族委員會主管百分比>
<考試院考選部主管金額>703779</考試院考選部主管金額>
<考試院考選部主管百分比>98.8</考試院考選部主管百分比>
</ROW>
<ROW>
<科目>銷貨成本</科目>
<合計金額>36909207</合計金額>
<合計百分比>3.86</合計百分比>
<行政院主管金額>0</行政院主管金額>
<行政院主管百分比>0</行政院主管百分比>
<內政部主管金額>3929034</內政部主管金額>
<內政部主管百分比>5.47</內政部主管百分比>
<國防部主管金額>26556467</國防部主管金額>
<國防部主管百分比>38.56</國防部主管百分比>
<財政部主管金額>0</財政部主管金額>
<財政部主管百分比>0</財政部主管百分比>
<教育部主管金額>168475</教育部主管金額>
<教育部主管百分比>0.11</教育部主管百分比>
<法務部主管金額>232617</法務部主管金額>
<法務部主管百分比>35.69</法務部主管百分比>
<經濟部主管金額>4639282</經濟部主管金額>
<經濟部主管百分比>33.26</經濟部主管百分比>
<交通部主管金額>537921</交通部主管金額>
<交通部主管百分比>1.1</交通部主管百分比>
<國軍退除役官兵輔導委員會主管金額>140615</國軍退除役官兵輔導委員會主管金額>
<國軍退除役官兵輔導委員會主管百分比>0.31</國軍退除役官兵輔導委員會主管百分比>
<國家科學委員會主管金額>0</國家科學委員會主管金額>
<國家科學委員會主管百分比>0</國家科學委員會主管百分比>
<農業委員會主管金額>162629</農業委員會主管金額>
<農業委員會主管百分比>70.04</農業委員會主管百分比>
<衛生署主管金額>333861</衛生署主管金額>
<衛生署主管百分比>0.06</衛生署主管百分比>
<國立故宮博物院主管>208306</國立故宮博物院主管>
<國立故宮博物院主管百分比>58.89</國立故宮博物院主管百分比>
<原住民族委員會主管金額>0</原住民族委員會主管金額>
<原住民族委員會主管百分比>0</原住民族委員會主管百分比>
<考試院考選部主管金額>0</考試院考選部主管金額>
<考試院考選部主管百分比>0</考試院考選部主管百分比>
</ROW>
<ROW>
<科目>教學成本</科目>
<合計金額>113531538</合計金額>
<合計百分比>11.88</合計百分比>
<行政院主管金額>0</行政院主管金額>
<行政院主管百分比>0</行政院主管百分比>
<內政部主管金額>0</內政部主管金額>
<內政部主管百分比>0</內政部主管百分比>
<國防部主管金額>0</國防部主管金額>
<國防部主管百分比>0</國防部主管百分比>
<財政部主管金額>0</財政部主管金額>
<財政部主管百分比>0</財政部主管百分比>
<教育部主管金額>113531538</教育部主管金額>
<教育部主管百分比>71.58</教育部主管百分比>
<法務部主管金額>0</法務部主管金額>
<法務部主管百分比>0</法務部主管百分比>
<經濟部主管金額>0</經濟部主管金額>
<經濟部主管百分比>0</經濟部主管百分比>
<交通部主管金額>0</交通部主管金額>
<交通部主管百分比>0</交通部主管百分比>
<國軍退除役官兵輔導委員會主管金額>0</國軍退除役官兵輔導委員會主管金額>
<國軍退除役官兵輔導委員會主管百分比>0</國軍退除役官兵輔導委員會主管百分比>
<國家科學委員會主管金額>0</國家科學委員會主管金額>
<國家科學委員會主管百分比>0</國家科學委員會主管百分比>
<農業委員會主管金額>0</農業委員會主管金額>
<農業委員會主管百分比>0</農業委員會主管百分比>
<衛生署主管金額>0</衛生署主管金額>
<衛生署主管百分比>0</衛生署主管百分比>
<國立故宮博物院主管>0</國立故宮博物院主管>
<國立故宮博物院主管百分比>0</國立故宮博物院主管百分比>
<原住民族委員會主管金額>0</原住民族委員會主管金額>
<原住民族委員會主管百分比>0</原住民族委員會主管百分比>
<考試院考選部主管金額>0</考試院考選部主管金額>
<考試院考選部主管百分比>0</考試院考選部主管百分比>
</ROW>
<ROW>
<科目>出租資產成本</科目>
<合計金額>4459404</合計金額>
<合計百分比>0.47</合計百分比>
<行政院主管金額>0</行政院主管金額>
<行政院主管百分比>0</行政院主管百分比>
<內政部主管金額>0</內政部主管金額>
<內政部主管百分比>0</內政部主管百分比>
<國防部主管金額>23372</國防部主管金額>
<國防部主管百分比>0.03</國防部主管百分比>
<財政部主管金額>0</財政部主管金額>
<財政部主管百分比>0</財政部主管百分比>
<教育部主管金額>0</教育部主管金額>
<教育部主管百分比>0</教育部主管百分比>
<法務部主管金額>0</法務部主管金額>
<法務部主管百分比>0</法務部主管百分比>
<經濟部主管金額>85129</經濟部主管金額>
<經濟部主管百分比>0.61</經濟部主管百分比>
<交通部主管金額>116688</交通部主管金額>
<交通部主管百分比>0.24</交通部主管百分比>
<國軍退除役官兵輔導委員會主管金額>617</國軍退除役官兵輔導委員會主管金額>
<國軍退除役官兵輔導委員會主管百分比>0</國軍退除役官兵輔導委員會主管百分比>
<國家科學委員會主管金額>4233598</國家科學委員會主管金額>
<國家科學委員會主管百分比>38.27</國家科學委員會主管百分比>
<農業委員會主管金額>0</農業委員會主管金額>
<農業委員會主管百分比>0</農業委員會主管百分比>
<衛生署主管金額>0</衛生署主管金額>
<衛生署主管百分比>0</衛生署主管百分比>
<國立故宮博物院主管>0</國立故宮博物院主管>
<國立故宮博物院主管百分比>0</國立故宮博物院主管百分比>
<原住民族委員會主管金額>0</原住民族委員會主管金額>
<原住民族委員會主管百分比>0</原住民族委員會主管百分比>
<考試院考選部主管金額>0</考試院考選部主管金額>
<考試院考選部主管百分比>0</考試院考選部主管百分比>
</ROW>
<ROW>
<科目>投融資業務成本</科目>
<合計金額>2825877</合計金額>
<合計百分比>0.3</合計百分比>
<行政院主管金額>271452</行政院主管金額>
<行政院主管百分比>2.78</行政院主管百分比>
<內政部主管金額>813346</內政部主管金額>
<內政部主管百分比>1.13</內政部主管百分比>
<國防部主管金額>16731</國防部主管金額>
<國防部主管百分比>0.02</國防部主管百分比>
<財政部主管金額>0</財政部主管金額>
<財政部主管百分比>0</財政部主管百分比>
<教育部主管金額>0</教育部主管金額>
<教育部主管百分比>0</教育部主管百分比>
<法務部主管金額>0</法務部主管金額>
<法務部主管百分比>0</法務部主管百分比>
<經濟部主管金額>1705352</經濟部主管金額>
<經濟部主管百分比>12.23</經濟部主管百分比>
<交通部主管金額>0</交通部主管金額>
<交通部主管百分比>0</交通部主管百分比>
<國軍退除役官兵輔導委員會主管金額>3083</國軍退除役官兵輔導委員會主管金額>
<國軍退除役官兵輔導委員會主管百分比>0.01</國軍退除役官兵輔導委員會主管百分比>
<國家科學委員會主管金額>0</國家科學委員會主管金額>
<國家科學委員會主管百分比>0</國家科學委員會主管百分比>
<農業委員會主管金額>0</農業委員會主管金額>
<農業委員會主管百分比>0</農業委員會主管百分比>
<衛生署主管金額>0</衛生署主管金額>
<衛生署主管百分比>0</衛生署主管百分比>
<國立故宮博物院主管>0</國立故宮博物院主管>
<國立故宮博物院主管百分比>0</國立故宮博物院主管百分比>
<原住民族委員會主管金額>15913</原住民族委員會主管金額>
<原住民族委員會主管百分比>1.56</原住民族委員會主管百分比>
<考試院考選部主管金額>0</考試院考選部主管金額>
<考試院考選部主管百分比>0</考試院考選部主管百分比>
</ROW>
<ROW>
<科目>醫療成本</科目>
<合計金額>97514388</合計金額>
<合計百分比>10.2</合計百分比>
<行政院主管金額>0</行政院主管金額>
<行政院主管百分比>0</行政院主管百分比>
<內政部主管金額>0</內政部主管金額>
<內政部主管百分比>0</內政部主管百分比>
<國防部主管金額>12306251</國防部主管金額>
<國防部主管百分比>17.87</國防部主管百分比>
<財政部主管金額>0</財政部主管金額>
<財政部主管百分比>0</財政部主管百分比>
<教育部主管金額>24167409</教育部主管金額>
<教育部主管百分比>15.24</教育部主管百分比>
<法務部主管金額>0</法務部主管金額>
<法務部主管百分比>0</法務部主管百分比>
<經濟部主管金額>47010</經濟部主管金額>
<經濟部主管百分比>0.34</經濟部主管百分比>
<交通部主管金額>0</交通部主管金額>
<交通部主管百分比>0</交通部主管百分比>
<國軍退除役官兵輔導委員會主管金額>35804238</國軍退除役官兵輔導委員會主管金額>
<國軍退除役官兵輔導委員會主管百分比>80.03</國軍退除役官兵輔導委員會主管百分比>
<國家科學委員會主管金額>0</國家科學委員會主管金額>
<國家科學委員會主管百分比>0</國家科學委員會主管百分比>
<農業委員會主管金額>0</農業委員會主管金額>
<農業委員會主管百分比>0</農業委員會主管百分比>
<衛生署主管金額>25189480</衛生署主管金額>
<衛生署主管百分比>4.8</衛生署主管百分比>
<國立故宮博物院主管>0</國立故宮博物院主管>
<國立故宮博物院主管百分比>0</國立故宮博物院主管百分比>
<原住民族委員會主管金額>0</原住民族委員會主管金額>
<原住民族委員會主管百分比>0</原住民族委員會主管百分比>
<考試院考選部主管金額>0</考試院考選部主管金額>
<考試院考選部主管百分比>0</考試院考選部主管百分比>
</ROW>
<ROW>
<科目>保險成本</科目>
<合計金額>554521587</合計金額>
<合計百分比>58.03</合計百分比>
<行政院主管金額>0</行政院主管金額>
<行政院主管百分比>0</行政院主管百分比>
<內政部主管金額>61574893</內政部主管金額>
<內政部主管百分比>85.79</內政部主管百分比>
<國防部主管金額>0</國防部主管金額>
<國防部主管百分比>0</國防部主管百分比>
<財政部主管金額>0</財政部主管金額>
<財政部主管百分比>0</財政部主管百分比>
<教育部主管金額>0</教育部主管金額>
<教育部主管百分比>0</教育部主管百分比>
<法務部主管金額>0</法務部主管金額>
<法務部主管百分比>0</法務部主管百分比>
<經濟部主管金額>0</經濟部主管金額>
<經濟部主管百分比>0</經濟部主管百分比>
<交通部主管金額>0</交通部主管金額>
<交通部主管百分比>0</交通部主管百分比>
<國軍退除役官兵輔導委員會主管金額>0</國軍退除役官兵輔導委員會主管金額>
<國軍退除役官兵輔導委員會主管百分比>0</國軍退除役官兵輔導委員會主管百分比>
<國家科學委員會主管金額>0</國家科學委員會主管金額>
<國家科學委員會主管百分比>0</國家科學委員會主管百分比>
<農業委員會主管金額>0</農業委員會主管金額>
<農業委員會主管百分比>0</農業委員會主管百分比>
<衛生署主管金額>492946694</衛生署主管金額>
<衛生署主管百分比>93.97</衛生署主管百分比>
<國立故宮博物院主管>0</國立故宮博物院主管>
<國立故宮博物院主管百分比>0</國立故宮博物院主管百分比>
<原住民族委員會主管金額>0</原住民族委員會主管金額>
<原住民族委員會主管百分比>0</原住民族委員會主管百分比>
<考試院考選部主管金額>0</考試院考選部主管金額>
<考試院考選部主管百分比>0</考試院考選部主管百分比>
</ROW>
<ROW>
<科目>其他業務成本</科目>
<合計金額>5703199</合計金額>
<合計百分比>0.6</合計百分比>
<行政院主管金額>0</行政院主管金額>
<行政院主管百分比>0</行政院主管百分比>
<內政部主管金額>608634</內政部主管金額>
<內政部主管百分比>0.85</內政部主管百分比>
<國防部主管金額>0</國防部主管金額>
<國防部主管百分比>0</國防部主管百分比>
<財政部主管金額>0</財政部主管金額>
<財政部主管百分比>0</財政部主管百分比>
<教育部主管金額>4149234</教育部主管金額>
<教育部主管百分比>2.62</教育部主管百分比>
<法務部主管金額>0</法務部主管金額>
<法務部主管百分比>0</法務部主管百分比>
<經濟部主管金額>0</經濟部主管金額>
<經濟部主管百分比>0</經濟部主管百分比>
<交通部主管金額>0</交通部主管金額>
<交通部主管百分比>0</交通部主管百分比>
<國軍退除役官兵輔導委員會主管金額>333486</國軍退除役官兵輔導委員會主管金額>
<國軍退除役官兵輔導委員會主管百分比>0.75</國軍退除役官兵輔導委員會主管百分比>
<國家科學委員會主管金額>0</國家科學委員會主管金額>
<國家科學委員會主管百分比>0</國家科學委員會主管百分比>
<農業委員會主管金額>21220</農業委員會主管金額>
<農業委員會主管百分比>9.14</農業委員會主管百分比>
<衛生署主管金額>582313</衛生署主管金額>
<衛生署主管百分比>0.11</衛生署主管百分比>
<國立故宮博物院主管>0</國立故宮博物院主管>
<國立故宮博物院主管百分比>0</國立故宮博物院主管百分比>
<原住民族委員會主管金額>0</原住民族委員會主管金額>
<原住民族委員會主管百分比>0</原住民族委員會主管百分比>
<考試院考選部主管金額>8312</考試院考選部主管金額>
<考試院考選部主管百分比>1.17</考試院考選部主管百分比>
</ROW>
<ROW>
<科目>行銷及業務費用</科目>
<合計金額>11620670</合計金額>
<合計百分比>1.22</合計百分比>
<行政院主管金額>146416</行政院主管金額>
<行政院主管百分比>1.5</行政院主管百分比>
<內政部主管金額>1007849</內政部主管金額>
<內政部主管百分比>1.4</內政部主管百分比>
<國防部主管金額>5560377</國防部主管金額>
<國防部主管百分比>8.07</國防部主管百分比>
<財政部主管金額>96365</財政部主管金額>
<財政部主管百分比>44.74</財政部主管百分比>
<教育部主管金額>5400</教育部主管金額>
<教育部主管百分比>0</教育部主管百分比>
<法務部主管金額>6652</法務部主管金額>
<法務部主管百分比>1.02</法務部主管百分比>
<經濟部主管金額>1374759</經濟部主管金額>
<經濟部主管百分比>9.86</經濟部主管百分比>
<交通部主管金額>2380913</交通部主管金額>
<交通部主管百分比>4.85</交通部主管百分比>
<國軍退除役官兵輔導委員會主管金額>9724</國軍退除役官兵輔導委員會主管金額>
<國軍退除役官兵輔導委員會主管百分比>0.02</國軍退除役官兵輔導委員會主管百分比>
<國家科學委員會主管金額>0</國家科學委員會主管金額>
<國家科學委員會主管百分比>0</國家科學委員會主管百分比>
<農業委員會主管金額>17603</農業委員會主管金額>
<農業委員會主管百分比>7.58</農業委員會主管百分比>
<衛生署主管金額>4596</衛生署主管金額>
<衛生署主管百分比>0</衛生署主管百分比>
<國立故宮博物院主管>7566</國立故宮博物院主管>
<國立故宮博物院主管百分比>2.14</國立故宮博物院主管百分比>
<原住民族委員會主管金額>1002450</原住民族委員會主管金額>
<原住民族委員會主管百分比>98.54</原住民族委員會主管百分比>
<考試院考選部主管金額>0</考試院考選部主管金額>
<考試院考選部主管百分比>0</考試院考選部主管百分比>
</ROW>
<ROW>
<科目>管理及總務費用</科目>
<合計金額>36100202</合計金額>
<合計百分比>3.78</合計百分比>
<行政院主管金額>51094</行政院主管金額>
<行政院主管百分比>0.52</行政院主管百分比>
<內政部主管金額>194374</內政部主管金額>
<內政部主管百分比>0.27</內政部主管百分比>
<國防部主管金額>5408236</國防部主管金額>
<國防部主管百分比>7.85</國防部主管百分比>
<財政部主管金額>3197</財政部主管金額>
<財政部主管百分比>1.48</財政部主管百分比>
<教育部主管金額>23020919</教育部主管金額>
<教育部主管百分比>14.51</教育部主管百分比>
<法務部主管金額>13396</法務部主管金額>
<法務部主管百分比>2.06</法務部主管百分比>
<經濟部主管金額>321179</經濟部主管金額>
<經濟部主管百分比>2.3</經濟部主管百分比>
<交通部主管金額>2336817</交通部主管金額>
<交通部主管百分比>4.76</交通部主管百分比>
<國軍退除役官兵輔導委員會主管金額>2692236</國軍退除役官兵輔導委員會主管金額>
<國軍退除役官兵輔導委員會主管百分比>6.02</國軍退除役官兵輔導委員會主管百分比>
<國家科學委員會主管金額>0</國家科學委員會主管金額>
<國家科學委員會主管百分比>0</國家科學委員會主管百分比>
<農業委員會主管金額>7936</農業委員會主管金額>
<農業委員會主管百分比>3.42</農業委員會主管百分比>
<衛生署主管金額>2044275</衛生署主管金額>
<衛生署主管百分比>0.39</衛生署主管百分比>
<國立故宮博物院主管>3743</國立故宮博物院主管>
<國立故宮博物院主管百分比>1.06</國立故宮博物院主管百分比>
<原住民族委員會主管金額>2800</原住民族委員會主管金額>
<原住民族委員會主管百分比>0.28</原住民族委員會主管百分比>
<考試院考選部主管金額>0</考試院考選部主管金額>
<考試院考選部主管百分比>0</考試院考選部主管百分比>
</ROW>
<ROW>
<科目>研究發展及訓練費用</科目>
<合計金額>5887415</合計金額>
<合計百分比>0.62</合計百分比>
<行政院主管金額>500</行政院主管金額>
<行政院主管百分比>0.01</行政院主管百分比>
<內政部主管金額>0</內政部主管金額>
<內政部主管百分比>0</內政部主管百分比>
<國防部主管金額>981129</國防部主管金額>
<國防部主管百分比>1.42</國防部主管百分比>
<財政部主管金額>0</財政部主管金額>
<財政部主管百分比>0</財政部主管百分比>
<教育部主管金額>474520</教育部主管金額>
<教育部主管百分比>0.3</教育部主管百分比>
<法務部主管金額>0</法務部主管金額>
<法務部主管百分比>0</法務部主管百分比>
<經濟部主管金額>0</經濟部主管金額>
<經濟部主管百分比>0</經濟部主管百分比>
<交通部主管金額>0</交通部主管金額>
<交通部主管百分比>0</交通部主管百分比>
<國軍退除役官兵輔導委員會主管金額>3766987</國軍退除役官兵輔導委員會主管金額>
<國軍退除役官兵輔導委員會主管百分比>8.42</國軍退除役官兵輔導委員會主管百分比>
<國家科學委員會主管金額>0</國家科學委員會主管金額>
<國家科學委員會主管百分比>0</國家科學委員會主管百分比>
<農業委員會主管金額>0</農業委員會主管金額>
<農業委員會主管百分比>0</農業委員會主管百分比>
<衛生署主管金額>664279</衛生署主管金額>
<衛生署主管百分比>0.13</衛生署主管百分比>
<國立故宮博物院主管>0</國立故宮博物院主管>
<國立故宮博物院主管百分比>0</國立故宮博物院主管百分比>
<原住民族委員會主管金額>0</原住民族委員會主管金額>
<原住民族委員會主管百分比>0</原住民族委員會主管百分比>
<考試院考選部主管金額>0</考試院考選部主管金額>
<考試院考選部主管百分比>0</考試院考選部主管百分比>
</ROW>
<ROW>
<科目>其他業務費用</科目>
<合計金額>10627835</合計金額>
<合計百分比>1.11</合計百分比>
<行政院主管金額>0</行政院主管金額>
<行政院主管百分比>0</行政院主管百分比>
<內政部主管金額>8093365</內政部主管金額>
<內政部主管百分比>11.28</內政部主管百分比>
<國防部主管金額>505772</國防部主管金額>
<國防部主管百分比>0.73</國防部主管百分比>
<財政部主管金額>0</財政部主管金額>
<財政部主管百分比>0</財政部主管百分比>
<教育部主管金額>668586</教育部主管金額>
<教育部主管百分比>0.42</教育部主管百分比>
<法務部主管金額>0</法務部主管金額>
<法務部主管百分比>0</法務部主管百分比>
<經濟部主管金額>602626</經濟部主管金額>
<經濟部主管百分比>4.32</經濟部主管百分比>
<交通部主管金額>42740</交通部主管金額>
<交通部主管百分比>0.09</交通部主管百分比>
<國軍退除役官兵輔導委員會主管金額>135068</國軍退除役官兵輔導委員會主管金額>
<國軍退除役官兵輔導委員會主管百分比>0.3</國軍退除役官兵輔導委員會主管百分比>
<國家科學委員會主管金額>97822</國家科學委員會主管金額>
<國家科學委員會主管百分比>0.88</國家科學委員會主管百分比>
<農業委員會主管金額>0</農業委員會主管金額>
<農業委員會主管百分比>0</農業委員會主管百分比>
<衛生署主管金額>481856</衛生署主管金額>
<衛生署主管百分比>0.09</衛生署主管百分比>
<國立故宮博物院主管>0</國立故宮博物院主管>
<國立故宮博物院主管百分比>0</國立故宮博物院主管百分比>
<原住民族委員會主管金額>0</原住民族委員會主管金額>
<原住民族委員會主管百分比>0</原住民族委員會主管百分比>
<考試院考選部主管金額>0</考試院考選部主管金額>
<考試院考選部主管百分比>0</考試院考選部主管百分比>
</ROW>
<ROW>
<科目>業務賸餘（短絀－）</科目>
<合計金額>23976194</合計金額>
<合計百分比>2.51</合計百分比>
<行政院主管金額>9291445</行政院主管金額>
<行政院主管百分比>95.19</行政院主管百分比>
<內政部主管金額>-4488573</內政部主管金額>
<內政部主管百分比>-6.25</內政部主管百分比>
<國防部主管金額>-1994195</國防部主管金額>
<國防部主管百分比>-2.9</國防部主管百分比>
<財政部主管金額>115838</財政部主管金額>
<財政部主管百分比>53.78</財政部主管百分比>
<教育部主管金額>-9132580</教育部主管金額>
<教育部主管百分比>-5.76</教育部主管百分比>
<法務部主管金額>203975</法務部主管金額>
<法務部主管百分比>31.3</法務部主管百分比>
<經濟部主管金額>817281</經濟部主管金額>
<經濟部主管百分比>5.86</經濟部主管百分比>
<交通部主管金額>24518809</交通部主管金額>
<交通部主管百分比>49.94</交通部主管百分比>
<國軍退除役官兵輔導委員會主管金額>-449708</國軍退除役官兵輔導委員會主管金額>
<國軍退除役官兵輔導委員會主管百分比>-1.01</國軍退除役官兵輔導委員會主管百分比>
<國家科學委員會主管金額>2635227</國家科學委員會主管金額>
<國家科學委員會主管百分比>23.82</國家科學委員會主管百分比>
<農業委員會主管金額>22804</農業委員會主管金額>
<農業委員會主管百分比>9.82</農業委員會主管百分比>
<衛生署主管金額>2305389</衛生署主管金額>
<衛生署主管百分比>0.44</衛生署主管百分比>
<國立故宮博物院主管>134130</國立故宮博物院主管>
<國立故宮博物院主管百分比>37.92</國立故宮博物院主管百分比>
<原住民族委員會主管金額>-3848</原住民族委員會主管金額>
<原住民族委員會主管百分比>-0.38</原住民族委員會主管百分比>
<考試院考選部主管金額>200</考試院考選部主管金額>
<考試院考選部主管百分比>0.03</考試院考選部主管百分比>
</ROW>
<ROW>
<科目>業務外收入</科目>
<合計金額>13981103</合計金額>
<合計百分比>1.46</合計百分比>
<行政院主管金額>160264</行政院主管金額>
<行政院主管百分比>1.64</行政院主管百分比>
<內政部主管金額>311120</內政部主管金額>
<內政部主管百分比>0.43</內政部主管百分比>
<國防部主管金額>646558</國防部主管金額>
<國防部主管百分比>0.94</國防部主管百分比>
<財政部主管金額>9068</財政部主管金額>
<財政部主管百分比>4.21</財政部主管百分比>
<教育部主管金額>6529103</教育部主管金額>
<教育部主管百分比>4.12</教育部主管百分比>
<法務部主管金額>14277</法務部主管金額>
<法務部主管百分比>2.19</法務部主管百分比>
<經濟部主管金額>379563</經濟部主管金額>
<經濟部主管百分比>2.72</經濟部主管百分比>
<交通部主管金額>1632644</交通部主管金額>
<交通部主管百分比>3.33</交通部主管百分比>
<國軍退除役官兵輔導委員會主管金額>2090961</國軍退除役官兵輔導委員會主管金額>
<國軍退除役官兵輔導委員會主管百分比>4.67</國軍退除役官兵輔導委員會主管百分比>
<國家科學委員會主管金額>28083</國家科學委員會主管金額>
<國家科學委員會主管百分比>0.25</國家科學委員會主管百分比>
<農業委員會主管金額>5426</農業委員會主管金額>
<農業委員會主管百分比>2.34</農業委員會主管百分比>
<衛生署主管金額>2087751</衛生署主管金額>
<衛生署主管百分比>0.4</衛生署主管百分比>
<國立故宮博物院主管>1580</國立故宮博物院主管>
<國立故宮博物院主管百分比>0.45</國立故宮博物院主管百分比>
<原住民族委員會主管金額>79955</原住民族委員會主管金額>
<原住民族委員會主管百分比>7.86</原住民族委員會主管百分比>
<考試院考選部主管金額>4750</考試院考選部主管金額>
<考試院考選部主管百分比>0.67</考試院考選部主管百分比>
</ROW>
<ROW>
<科目>財務收入</科目>
<合計金額>3216609</合計金額>
<合計百分比>0.34</合計百分比>
<行政院主管金額>153479</行政院主管金額>
<行政院主管百分比>1.57</行政院主管百分比>
<內政部主管金額>182670</內政部主管金額>
<內政部主管百分比>0.25</內政部主管百分比>
<國防部主管金額>370408</國防部主管金額>
<國防部主管百分比>0.54</國防部主管百分比>
<財政部主管金額>9066</財政部主管金額>
<財政部主管百分比>4.21</財政部主管百分比>
<教育部主管金額>1006563</教育部主管金額>
<教育部主管百分比>0.63</教育部主管百分比>
<法務部主管金額>14086</法務部主管金額>
<法務部主管百分比>2.16</法務部主管百分比>
<經濟部主管金額>109732</經濟部主管金額>
<經濟部主管百分比>0.79</經濟部主管百分比>
<交通部主管金額>241545</交通部主管金額>
<交通部主管百分比>0.49</交通部主管百分比>
<國軍退除役官兵輔導委員會主管金額>157246</國軍退除役官兵輔導委員會主管金額>
<國軍退除役官兵輔導委員會主管百分比>0.35</國軍退除役官兵輔導委員會主管百分比>
<國家科學委員會主管金額>3300</國家科學委員會主管金額>
<國家科學委員會主管百分比>0.03</國家科學委員會主管百分比>
<農業委員會主管金額>4608</農業委員會主管金額>
<農業委員會主管百分比>1.98</農業委員會主管百分比>
<衛生署主管金額>890086</衛生署主管金額>
<衛生署主管百分比>0.17</衛生署主管百分比>
<國立故宮博物院主管>1580</國立故宮博物院主管>
<國立故宮博物院主管百分比>0.45</國立故宮博物院主管百分比>
<原住民族委員會主管金額>71990</原住民族委員會主管金額>
<原住民族委員會主管百分比>7.08</原住民族委員會主管百分比>
<考試院考選部主管金額>250</考試院考選部主管金額>
<考試院考選部主管百分比>0.04</考試院考選部主管百分比>
</ROW>
<ROW>
<科目>其他業務外收入</科目>
<合計金額>10764494</合計金額>
<合計百分比>1.13</合計百分比>
<行政院主管金額>6785</行政院主管金額>
<行政院主管百分比>0.07</行政院主管百分比>
<內政部主管金額>128450</內政部主管金額>
<內政部主管百分比>0.18</內政部主管百分比>
<國防部主管金額>276150</國防部主管金額>
<國防部主管百分比>0.4</國防部主管百分比>
<財政部主管金額>2</財政部主管金額>
<財政部主管百分比>0</財政部主管百分比>
<教育部主管金額>5522540</教育部主管金額>
<教育部主管百分比>3.48</教育部主管百分比>
<法務部主管金額>191</法務部主管金額>
<法務部主管百分比>0.03</法務部主管百分比>
<經濟部主管金額>269831</經濟部主管金額>
<經濟部主管百分比>1.93</經濟部主管百分比>
<交通部主管金額>1391099</交通部主管金額>
<交通部主管百分比>2.83</交通部主管百分比>
<國軍退除役官兵輔導委員會主管金額>1933715</國軍退除役官兵輔導委員會主管金額>
<國軍退除役官兵輔導委員會主管百分比>4.32</國軍退除役官兵輔導委員會主管百分比>
<國家科學委員會主管金額>24783</國家科學委員會主管金額>
<國家科學委員會主管百分比>0.22</國家科學委員會主管百分比>
<農業委員會主管金額>818</農業委員會主管金額>
<農業委員會主管百分比>0.35</農業委員會主管百分比>
<衛生署主管金額>1197665</衛生署主管金額>
<衛生署主管百分比>0.23</衛生署主管百分比>
<國立故宮博物院主管>0</國立故宮博物院主管>
<國立故宮博物院主管百分比>0</國立故宮博物院主管百分比>
<原住民族委員會主管金額>7965</原住民族委員會主管金額>
<原住民族委員會主管百分比>0.78</原住民族委員會主管百分比>
<考試院考選部主管金額>4500</考試院考選部主管金額>
<考試院考選部主管百分比>0.63</考試院考選部主管百分比>
</ROW>
<ROW>
<科目>業務外費用</科目>
<合計金額>22339750</合計金額>
<合計百分比>2.34</合計百分比>
<行政院主管金額>0</行政院主管金額>
<行政院主管百分比>0</行政院主管百分比>
<內政部主管金額>224511</內政部主管金額>
<內政部主管百分比>0.31</內政部主管百分比>
<國防部主管金額>1013021</國防部主管金額>
<國防部主管百分比>1.47</國防部主管百分比>
<財政部主管金額>0</財政部主管金額>
<財政部主管百分比>0</財政部主管百分比>
<教育部主管金額>3834991</教育部主管金額>
<教育部主管百分比>2.42</教育部主管百分比>
<法務部主管金額>310234</法務部主管金額>
<法務部主管百分比>47.6</法務部主管百分比>
<經濟部主管金額>1751530</經濟部主管金額>
<經濟部主管百分比>12.56</經濟部主管百分比>
<交通部主管金額>9269431</交通部主管金額>
<交通部主管百分比>18.88</交通部主管百分比>
<國軍退除役官兵輔導委員會主管金額>419695</國軍退除役官兵輔導委員會主管金額>
<國軍退除役官兵輔導委員會主管百分比>0.94</國軍退除役官兵輔導委員會主管百分比>
<國家科學委員會主管金額>2094721</國家科學委員會主管金額>
<國家科學委員會主管百分比>18.94</國家科學委員會主管百分比>
<農業委員會主管金額>427</農業委員會主管金額>
<農業委員會主管百分比>0.18</農業委員會主管百分比>
<衛生署主管金額>3398568</衛生署主管金額>
<衛生署主管百分比>0.65</衛生署主管百分比>
<國立故宮博物院主管>300</國立故宮博物院主管>
<國立故宮博物院主管百分比>0.08</國立故宮博物院主管百分比>
<原住民族委員會主管金額>19500</原住民族委員會主管金額>
<原住民族委員會主管百分比>1.92</原住民族委員會主管百分比>
<考試院考選部主管金額>2821</考試院考選部主管金額>
<考試院考選部主管百分比>0.4</考試院考選部主管百分比>
</ROW>
<ROW>
<科目>財務費用</科目>
<合計金額>14601230</合計金額>
<合計百分比>1.53</合計百分比>
<行政院主管金額>0</行政院主管金額>
<行政院主管百分比>0</行政院主管百分比>
<內政部主管金額>36434</內政部主管金額>
<內政部主管百分比>0.05</內政部主管百分比>
<國防部主管金額>295715</國防部主管金額>
<國防部主管百分比>0.43</國防部主管百分比>
<財政部主管金額>0</財政部主管金額>
<財政部主管百分比>0</財政部主管百分比>
<教育部主管金額>23708</教育部主管金額>
<教育部主管百分比>0.01</教育部主管百分比>
<法務部主管金額>0</法務部主管金額>
<法務部主管百分比>0</法務部主管百分比>
<經濟部主管金額>100343</經濟部主管金額>
<經濟部主管百分比>0.72</經濟部主管百分比>
<交通部主管金額>9269331</交通部主管金額>
<交通部主管百分比>18.88</交通部主管百分比>
<國軍退除役官兵輔導委員會主管金額>60300</國軍退除役官兵輔導委員會主管金額>
<國軍退除役官兵輔導委員會主管百分比>0.13</國軍退除役官兵輔導委員會主管百分比>
<國家科學委員會主管金額>2074149</國家科學委員會主管金額>
<國家科學委員會主管百分比>18.75</國家科學委員會主管百分比>
<農業委員會主管金額>0</農業委員會主管金額>
<農業委員會主管百分比>0</農業委員會主管百分比>
<衛生署主管金額>2741250</衛生署主管金額>
<衛生署主管百分比>0.52</衛生署主管百分比>
<國立故宮博物院主管>0</國立故宮博物院主管>
<國立故宮博物院主管百分比>0</國立故宮博物院主管百分比>
<原住民族委員會主管金額>0</原住民族委員會主管金額>
<原住民族委員會主管百分比>0</原住民族委員會主管百分比>
<考試院考選部主管金額>0</考試院考選部主管金額>
<考試院考選部主管百分比>0</考試院考選部主管百分比>
</ROW>
<ROW>
<科目>其他業務外費用</科目>
<合計金額>7738520</合計金額>
<合計百分比>0.81</合計百分比>
<行政院主管金額>0</行政院主管金額>
<行政院主管百分比>0</行政院主管百分比>
<內政部主管金額>188077</內政部主管金額>
<內政部主管百分比>0.26</內政部主管百分比>
<國防部主管金額>717306</國防部主管金額>
<國防部主管百分比>1.04</國防部主管百分比>
<財政部主管金額>0</財政部主管金額>
<財政部主管百分比>0</財政部主管百分比>
<教育部主管金額>3811283</教育部主管金額>
<教育部主管百分比>2.4</教育部主管百分比>
<法務部主管金額>310234</法務部主管金額>
<法務部主管百分比>47.6</法務部主管百分比>
<經濟部主管金額>1651187</經濟部主管金額>
<經濟部主管百分比>11.84</經濟部主管百分比>
<交通部主管金額>100</交通部主管金額>
<交通部主管百分比>0</交通部主管百分比>
<國軍退除役官兵輔導委員會主管金額>359395</國軍退除役官兵輔導委員會主管金額>
<國軍退除役官兵輔導委員會主管百分比>0.8</國軍退除役官兵輔導委員會主管百分比>
<國家科學委員會主管金額>20572</國家科學委員會主管金額>
<國家科學委員會主管百分比>0.19</國家科學委員會主管百分比>
<農業委員會主管金額>427</農業委員會主管金額>
<農業委員會主管百分比>0.18</農業委員會主管百分比>
<衛生署主管金額>657318</衛生署主管金額>
<衛生署主管百分比>0.13</衛生署主管百分比>
<國立故宮博物院主管>300</國立故宮博物院主管>
<國立故宮博物院主管百分比>0.08</國立故宮博物院主管百分比>
<原住民族委員會主管金額>19500</原住民族委員會主管金額>
<原住民族委員會主管百分比>1.92</原住民族委員會主管百分比>
<考試院考選部主管金額>2821</考試院考選部主管金額>
<考試院考選部主管百分比>0.4</考試院考選部主管百分比>
</ROW>
<ROW>
<科目>業務外賸餘（短絀－）</科目>
<合計金額>-8358647</合計金額>
<合計百分比>-0.87</合計百分比>
<行政院主管金額>160264</行政院主管金額>
<行政院主管百分比>1.64</行政院主管百分比>
<內政部主管金額>86609</內政部主管金額>
<內政部主管百分比>0.12</內政部主管百分比>
<國防部主管金額>-366463</國防部主管金額>
<國防部主管百分比>-0.53</國防部主管百分比>
<財政部主管金額>9068</財政部主管金額>
<財政部主管百分比>4.21</財政部主管百分比>
<教育部主管金額>2694112</教育部主管金額>
<教育部主管百分比>1.7</教育部主管百分比>
<法務部主管金額>-295957</法務部主管金額>
<法務部主管百分比>-45.41</法務部主管百分比>
<經濟部主管金額>-1371967</經濟部主管金額>
<經濟部主管百分比>-9.84</經濟部主管百分比>
<交通部主管金額>-7636787</交通部主管金額>
<交通部主管百分比>-15.55</交通部主管百分比>
<國軍退除役官兵輔導委員會主管金額>1671266</國軍退除役官兵輔導委員會主管金額>
<國軍退除役官兵輔導委員會主管百分比>3.74</國軍退除役官兵輔導委員會主管百分比>
<國家科學委員會主管金額>-2066638</國家科學委員會主管金額>
<國家科學委員會主管百分比>-18.68</國家科學委員會主管百分比>
<農業委員會主管金額>4999</農業委員會主管金額>
<農業委員會主管百分比>2.15</農業委員會主管百分比>
<衛生署主管金額>-1310817</衛生署主管金額>
<衛生署主管百分比>-0.25</衛生署主管百分比>
<國立故宮博物院主管>1280</國立故宮博物院主管>
<國立故宮博物院主管百分比>0.36</國立故宮博物院主管百分比>
<原住民族委員會主管金額>60455</原住民族委員會主管金額>
<原住民族委員會主管百分比>5.94</原住民族委員會主管百分比>
<考試院考選部主管金額>1929</考試院考選部主管金額>
<考試院考選部主管百分比>0.27</考試院考選部主管百分比>
</ROW>
<ROW>
<科目>非常賸餘（短絀－）</科目>
<合計金額>0</合計金額>
<合計百分比>0</合計百分比>
<行政院主管金額>0</行政院主管金額>
<行政院主管百分比>0</行政院主管百分比>
<內政部主管金額>0</內政部主管金額>
<內政部主管百分比>0</內政部主管百分比>
<國防部主管金額>0</國防部主管金額>
<國防部主管百分比>0</國防部主管百分比>
<財政部主管金額>0</財政部主管金額>
<財政部主管百分比>0</財政部主管百分比>
<教育部主管金額>0</教育部主管金額>
<教育部主管百分比>0</教育部主管百分比>
<法務部主管金額>0</法務部主管金額>
<法務部主管百分比>0</法務部主管百分比>
<經濟部主管金額>0</經濟部主管金額>
<經濟部主管百分比>0</經濟部主管百分比>
<交通部主管金額>0</交通部主管金額>
<交通部主管百分比>0</交通部主管百分比>
<國軍退除役官兵輔導委員會主管金額>0</國軍退除役官兵輔導委員會主管金額>
<國軍退除役官兵輔導委員會主管百分比>0</國軍退除役官兵輔導委員會主管百分比>
<國家科學委員會主管金額>0</國家科學委員會主管金額>
<國家科學委員會主管百分比>0</國家科學委員會主管百分比>
<農業委員會主管金額>0</農業委員會主管金額>
<農業委員會主管百分比>0</農業委員會主管百分比>
<衛生署主管金額>0</衛生署主管金額>
<衛生署主管百分比>0</衛生署主管百分比>
<國立故宮博物院主管>0</國立故宮博物院主管>
<國立故宮博物院主管百分比>0</國立故宮博物院主管百分比>
<原住民族委員會主管金額>0</原住民族委員會主管金額>
<原住民族委員會主管百分比>0</原住民族委員會主管百分比>
<考試院考選部主管金額>0</考試院考選部主管金額>
<考試院考選部主管百分比>0</考試院考選部主管百分比>
</ROW>
<ROW>
<科目>會計原則變動累積影響數</科目>
<合計金額>0</合計金額>
<合計百分比>0</合計百分比>
<行政院主管金額>0</行政院主管金額>
<行政院主管百分比>0</行政院主管百分比>
<內政部主管金額>0</內政部主管金額>
<內政部主管百分比>0</內政部主管百分比>
<國防部主管金額>0</國防部主管金額>
<國防部主管百分比>0</國防部主管百分比>
<財政部主管金額>0</財政部主管金額>
<財政部主管百分比>0</財政部主管百分比>
<教育部主管金額>0</教育部主管金額>
<教育部主管百分比>0</教育部主管百分比>
<法務部主管金額>0</法務部主管金額>
<法務部主管百分比>0</法務部主管百分比>
<經濟部主管金額>0</經濟部主管金額>
<經濟部主管百分比>0</經濟部主管百分比>
<交通部主管金額>0</交通部主管金額>
<交通部主管百分比>0</交通部主管百分比>
<國軍退除役官兵輔導委員會主管金額>0</國軍退除役官兵輔導委員會主管金額>
<國軍退除役官兵輔導委員會主管百分比>0</國軍退除役官兵輔導委員會主管百分比>
<國家科學委員會主管金額>0</國家科學委員會主管金額>
<國家科學委員會主管百分比>0</國家科學委員會主管百分比>
<農業委員會主管金額>0</農業委員會主管金額>
<農業委員會主管百分比>0</農業委員會主管百分比>
<衛生署主管金額>0</衛生署主管金額>
<衛生署主管百分比>0</衛生署主管百分比>
<國立故宮博物院主管>0</國立故宮博物院主管>
<國立故宮博物院主管百分比>0</國立故宮博物院主管百分比>
<原住民族委員會主管金額>0</原住民族委員會主管金額>
<原住民族委員會主管百分比>0</原住民族委員會主管百分比>
<考試院考選部主管金額>0</考試院考選部主管金額>
<考試院考選部主管百分比>0</考試院考選部主管百分比>
</ROW>
<ROW>
<科目>本期賸餘（短絀－）</科目>
<合計金額>15617547</合計金額>
<合計百分比>1.63</合計百分比>
<行政院主管金額>9451709</行政院主管金額>
<行政院主管百分比>96.83</行政院主管百分比>
<內政部主管金額>-4401964</內政部主管金額>
<內政部主管百分比>-6.13</內政部主管百分比>
<國防部主管金額>-2360658</國防部主管金額>
<國防部主管百分比>-3.43</國防部主管百分比>
<財政部主管金額>124906</財政部主管金額>
<財政部主管百分比>57.99</財政部主管百分比>
<教育部主管金額>-6438468</教育部主管金額>
<教育部主管百分比>-4.06</教育部主管百分比>
<法務部主管金額>-91982</法務部主管金額>
<法務部主管百分比>-14.11</法務部主管百分比>
<經濟部主管金額>-554686</經濟部主管金額>
<經濟部主管百分比>-3.98</經濟部主管百分比>
<交通部主管金額>16882022</交通部主管金額>
<交通部主管百分比>34.38</交通部主管百分比>
<國軍退除役官兵輔導委員會主管金額>1221558</國軍退除役官兵輔導委員會主管金額>
<國軍退除役官兵輔導委員會主管百分比>2.73</國軍退除役官兵輔導委員會主管百分比>
<國家科學委員會主管金額>568589</國家科學委員會主管金額>
<國家科學委員會主管百分比>5.14</國家科學委員會主管百分比>
<農業委員會主管金額>27803</農業委員會主管金額>
<農業委員會主管百分比>11.97</農業委員會主管百分比>
<衛生署主管金額>994572</衛生署主管金額>
<衛生署主管百分比>0.19</衛生署主管百分比>
<國立故宮博物院主管>135410</國立故宮博物院主管>
<國立故宮博物院主管百分比>38.28</國立故宮博物院主管百分比>
<原住民族委員會主管金額>56607</原住民族委員會主管金額>
<原住民族委員會主管百分比>5.56</原住民族委員會主管百分比>
<考試院考選部主管金額>2129</考試院考選部主管金額>
<考試院考選部主管百分比>0.3</考試院考選部主管百分比>
</ROW>
<ROW>
<備註></備註>
</ROW>
</DataSet>
</GenericData>