﻿<?xml version="1.0" encoding="UTF-8"?>
<GenericData>
<Header>
<Table Id="FNWXBREMAIN" Name="中華民國100年度法定預算作業基金餘絀撥補綜計表(按撥補項目分列)" Domain="NBA" /> 
<Program Id="NBAWGR020_W"/> 
<Sender Name="行政院主計總處"/>
</Header>

<DataSet>
<ROW>
<項目>賸餘之部</項目>
<本年度預算數金額>85377807</本年度預算數金額>
<本年度預算數百分比>100</本年度預算數百分比>
<上年度預算數金額>99702893</上年度預算數金額>
<上年度預算數百分比>100</上年度預算數百分比>
<比較增減金額>-14325086</比較增減金額>
<比較增減百分比>14.37</比較增減百分比>
</ROW>
<ROW>
<項目>本期賸餘</項目>
<本年度預算數金額>36442904</本年度預算數金額>
<本年度預算數百分比>42.68</本年度預算數百分比>
<上年度預算數金額>31645719</上年度預算數金額>
<上年度預算數百分比>31.74</上年度預算數百分比>
<比較增減金額>4797185</比較增減金額>
<比較增減百分比>15.16</比較增減百分比>
</ROW>
<ROW>
<項目>前期未分配賸餘</項目>
<本年度預算數金額>48797182</本年度預算數金額>
<本年度預算數百分比>57.15</本年度預算數百分比>
<上年度預算數金額>65494680</上年度預算數金額>
<上年度預算數百分比>65.69</上年度預算數百分比>
<比較增減金額>-16697498</比較增減金額>
<比較增減百分比>25.49</比較增減百分比>
</ROW>
<ROW>
<項目>公積轉列數</項目>
<本年度預算數金額>137721</本年度預算數金額>
<本年度預算數百分比>0.16</本年度預算數百分比>
<上年度預算數金額>2562494</上年度預算數金額>
<上年度預算數百分比>2.57</上年度預算數百分比>
<比較增減金額>-2424773</比較增減金額>
<比較增減百分比>94.63</比較增減百分比>
</ROW>
<ROW>
<項目>分配之部</項目>
<本年度預算數金額>36357043</本年度預算數金額>
<本年度預算數百分比>42.58</本年度預算數百分比>
<上年度預算數金額>46681463</上年度預算數金額>
<上年度預算數百分比>46.82</上年度預算數百分比>
<比較增減金額>-10324420</比較增減金額>
<比較增減百分比>22.12</比較增減百分比>
</ROW>
<ROW>
<項目>填補累積短絀</項目>
<本年度預算數金額>1680127</本年度預算數金額>
<本年度預算數百分比>1.97</本年度預算數百分比>
<上年度預算數金額>1900362</上年度預算數金額>
<上年度預算數百分比>1.91</上年度預算數百分比>
<比較增減金額>-220235</比較增減金額>
<比較增減百分比>11.59</比較增減百分比>
</ROW>
<ROW>
<項目>提存公積</項目>
<本年度預算數金額>3533360</本年度預算數金額>
<本年度預算數百分比>4.14</本年度預算數百分比>
<上年度預算數金額>930871</上年度預算數金額>
<上年度預算數百分比>0.93</上年度預算數百分比>
<比較增減金額>2602489</比較增減金額>
<比較增減百分比>279.58</比較增減百分比>
</ROW>
<ROW>
<項目>賸餘撥充基金數</項目>
<本年度預算數金額>16287869</本年度預算數金額>
<本年度預算數百分比>19.08</本年度預算數百分比>
<上年度預算數金額>32259891</上年度預算數金額>
<上年度預算數百分比>32.36</上年度預算數百分比>
<比較增減金額>-15972022</比較增減金額>
<比較增減百分比>49.51</比較增減百分比>
</ROW>
<ROW>
<項目>解繳國庫淨額</項目>
<本年度預算數金額>14854778</本年度預算數金額>
<本年度預算數百分比>17.4</本年度預算數百分比>
<上年度預算數金額>11588167</上年度預算數金額>
<上年度預算數百分比>11.62</上年度預算數百分比>
<比較增減金額>3266611</比較增減金額>
<比較增減百分比>28.19</比較增減百分比>
</ROW>
<ROW>
<項目>其他依法分配數</項目>
<本年度預算數金額>909</本年度預算數金額>
<本年度預算數百分比>0</本年度預算數百分比>
<上年度預算數金額>2172</上年度預算數金額>
<上年度預算數百分比>0</上年度預算數百分比>
<比較增減金額>-1263</比較增減金額>
<比較增減百分比>58.15</比較增減百分比>
</ROW>
<ROW>
<項目>未分配賸餘</項目>
<本年度預算數金額>49020764</本年度預算數金額>
<本年度預算數百分比>57.42</本年度預算數百分比>
<上年度預算數金額>53021430</上年度預算數金額>
<上年度預算數百分比>53.18</上年度預算數百分比>
<比較增減金額>-4000666</比較增減金額>
<比較增減百分比>7.55</比較增減百分比>
</ROW>
<ROW>
<項目>短絀之部</項目>
<本年度預算數金額>161448033</本年度預算數金額>
<本年度預算數百分比>100</本年度預算數百分比>
<上年度預算數金額>167721983</上年度預算數金額>
<上年度預算數百分比>100</上年度預算數百分比>
<比較增減金額>-6273950</比較增減金額>
<比較增減百分比>3.74</比較增減百分比>
</ROW>
<ROW>
<項目>本期短絀</項目>
<本年度預算數金額>20825357</本年度預算數金額>
<本年度預算數百分比>12.9</本年度預算數百分比>
<上年度預算數金額>46123260</上年度預算數金額>
<上年度預算數百分比>27.5</上年度預算數百分比>
<比較增減金額>-25297903</比較增減金額>
<比較增減百分比>54.85</比較增減百分比>
</ROW>
<ROW>
<項目>前期待填補之短絀</項目>
<本年度預算數金額>140622676</本年度預算數金額>
<本年度預算數百分比>87.1</本年度預算數百分比>
<上年度預算數金額>121598723</上年度預算數金額>
<上年度預算數百分比>72.5</上年度預算數百分比>
<比較增減金額>19023953</比較增減金額>
<比較增減百分比>15.64</比較增減百分比>
</ROW>
<ROW>
<項目>填補之部</項目>
<本年度預算數金額>13990664</本年度預算數金額>
<本年度預算數百分比>8.67</本年度預算數百分比>
<上年度預算數金額>6317033</上年度預算數金額>
<上年度預算數百分比>3.77</上年度預算數百分比>
<比較增減金額>7673631</比較增減金額>
<比較增減百分比>121.48</比較增減百分比>
</ROW>
<ROW>
<項目>撥用賸餘</項目>
<本年度預算數金額>1680127</本年度預算數金額>
<本年度預算數百分比>1.04</本年度預算數百分比>
<上年度預算數金額>1900362</上年度預算數金額>
<上年度預算數百分比>1.13</上年度預算數百分比>
<比較增減金額>-220235</比較增減金額>
<比較增減百分比>11.59</比較增減百分比>
</ROW>
<ROW>
<項目>撥用公積</項目>
<本年度預算數金額>8168294</本年度預算數金額>
<本年度預算數百分比>5.06</本年度預算數百分比>
<上年度預算數金額>2100344</上年度預算數金額>
<上年度預算數百分比>1.25</上年度預算數百分比>
<比較增減金額>6067950</比較增減金額>
<比較增減百分比>288.9</比較增減百分比>
</ROW>
<ROW>
<項目>折減基金</項目>
<本年度預算數金額>4142243</本年度預算數金額>
<本年度預算數百分比>2.57</本年度預算數百分比>
<上年度預算數金額>2316327</上年度預算數金額>
<上年度預算數百分比>1.38</上年度預算數百分比>
<比較增減金額>1825916</比較增減金額>
<比較增減百分比>78.83</比較增減百分比>
</ROW>
<ROW>
<項目>國庫撥款</項目>
<本年度預算數金額>0</本年度預算數金額>
<本年度預算數百分比>0</本年度預算數百分比>
<上年度預算數金額>0</上年度預算數金額>
<上年度預算數百分比>0</上年度預算數百分比>
<比較增減金額>0</比較增減金額>
<比較增減百分比>0</比較增減百分比>
</ROW>
<ROW>
<項目>待填補之短絀</項目>
<本年度預算數金額>147457369</本年度預算數金額>
<本年度預算數百分比>91.33</本年度預算數百分比>
<上年度預算數金額>161404950</上年度預算數金額>
<上年度預算數百分比>96.23</上年度預算數百分比>
<比較增減金額>-13947581</比較增減金額>
<比較增減百分比>8.64</比較增減百分比>
</ROW>
<ROW>
<備註></備註>
</ROW>
</DataSet>
</GenericData>
