﻿<?xml version="1.0" encoding="UTF-8"?>
<GenericData>
<Header>
<Table Id="FNWXBWORKR" Name="中華民國100年度法定預算作業基金收支餘絀綜計表(按收支科目分列)" Domain="NBA" /> 
<Program Id="NBAWGR010_W"/> 
<Sender Name="行政院主計總處"/>
</Header>

<DataSet>
<ROW>
<科目>業務收入</科目>
<本年度預算數金額>955596009</本年度預算數金額>
<本年度預算數百分比>100</本年度預算數百分比>
<上年度預算數金額>908382241</上年度預算數金額>
<上年度預算數百分比>100</上年度預算數百分比>
<比較增減金額>47213768</比較增減金額>
<比較增減百分比>5.2</比較增減百分比>
</ROW>
<ROW>
<科目>勞務收入</科目>
<本年度預算數金額>67176702</本年度預算數金額>
<本年度預算數百分比>7.03</本年度預算數百分比>
<上年度預算數金額>71297997</上年度預算數金額>
<上年度預算數百分比>7.85</上年度預算數百分比>
<比較增減金額>-4121295</比較增減金額>
<比較增減百分比>5.78</比較增減百分比>
</ROW>
<ROW>
<科目>銷貨收入</科目>
<本年度預算數金額>40586880</本年度預算數金額>
<本年度預算數百分比>4.25</本年度預算數百分比>
<上年度預算數金額>35606377</上年度預算數金額>
<上年度預算數百分比>3.92</上年度預算數百分比>
<比較增減金額>4980503</比較增減金額>
<比較增減百分比>13.99</比較增減百分比>
</ROW>
<ROW>
<科目>教學收入</科目>
<本年度預算數金額>50063436</本年度預算數金額>
<本年度預算數百分比>5.24</本年度預算數百分比>
<上年度預算數金額>47794910</上年度預算數金額>
<上年度預算數百分比>5.26</上年度預算數百分比>
<比較增減金額>2268526</比較增減金額>
<比較增減百分比>4.75</比較增減百分比>
</ROW>
<ROW>
<科目>租金及權利金收入</科目>
<本年度預算數金額>12774280</本年度預算數金額>
<本年度預算數百分比>1.34</本年度預算數百分比>
<上年度預算數金額>13166493</上年度預算數金額>
<上年度預算數百分比>1.45</上年度預算數百分比>
<比較增減金額>-392213</比較增減金額>
<比較增減百分比>2.98</比較增減百分比>
</ROW>
<ROW>
<科目>投融資業務收入</科目>
<本年度預算數金額>16665501</本年度預算數金額>
<本年度預算數百分比>1.74</本年度預算數百分比>
<上年度預算數金額>10097838</上年度預算數金額>
<上年度預算數百分比>1.11</上年度預算數百分比>
<比較增減金額>6567663</比較增減金額>
<比較增減百分比>65.04</比較增減百分比>
</ROW>
<ROW>
<科目>醫療收入</科目>
<本年度預算數金額>105928230</本年度預算數金額>
<本年度預算數百分比>11.09</本年度預算數百分比>
<上年度預算數金額>101176904</上年度預算數金額>
<上年度預算數百分比>11.14</上年度預算數百分比>
<比較增減金額>4751326</比較增減金額>
<比較增減百分比>4.7</比較增減百分比>
</ROW>
<ROW>
<科目>徵收收入</科目>
<本年度預算數金額>1748500</本年度預算數金額>
<本年度預算數百分比>0.18</本年度預算數百分比>
<上年度預算數金額>1505000</上年度預算數金額>
<上年度預算數百分比>0.17</上年度預算數百分比>
<比較增減金額>243500</比較增減金額>
<比較增減百分比>16.18</比較增減百分比>
</ROW>
<ROW>
<科目>保險收入</科目>
<本年度預算數金額>533014948</本年度預算數金額>
<本年度預算數百分比>55.78</本年度預算數百分比>
<上年度預算數金額>488151984</上年度預算數金額>
<上年度預算數百分比>53.74</上年度預算數百分比>
<比較增減金額>44862964</比較增減金額>
<比較增減百分比>9.19</比較增減百分比>
</ROW>
<ROW>
<科目>其他業務收入</科目>
<本年度預算數金額>127637532</本年度預算數金額>
<本年度預算數百分比>13.36</本年度預算數百分比>
<上年度預算數金額>139584738</上年度預算數金額>
<上年度預算數百分比>15.37</上年度預算數百分比>
<比較增減金額>-11947206</比較增減金額>
<比較增減百分比>8.56</比較增減百分比>
</ROW>
<ROW>
<科目>業務成本與費用</科目>
<本年度預算數金額>931619815</本年度預算數金額>
<本年度預算數百分比>97.49</本年度預算數百分比>
<上年度預算數金額>916702246</上年度預算數金額>
<上年度預算數百分比>100.92</上年度預算數百分比>
<比較增減金額>14917569</比較增減金額>
<比較增減百分比>1.63</比較增減百分比>
</ROW>
<ROW>
<科目>勞務成本</科目>
<本年度預算數金額>51918493</本年度預算數金額>
<本年度預算數百分比>5.43</本年度預算數百分比>
<上年度預算數金額>55910532</上年度預算數金額>
<上年度預算數百分比>6.15</上年度預算數百分比>
<比較增減金額>-3992039</比較增減金額>
<比較增減百分比>7.14</比較增減百分比>
</ROW>
<ROW>
<科目>銷貨成本</科目>
<本年度預算數金額>36909207</本年度預算數金額>
<本年度預算數百分比>3.86</本年度預算數百分比>
<上年度預算數金額>31832255</上年度預算數金額>
<上年度預算數百分比>3.5</上年度預算數百分比>
<比較增減金額>5076952</比較增減金額>
<比較增減百分比>15.95</比較增減百分比>
</ROW>
<ROW>
<科目>教學成本</科目>
<本年度預算數金額>113531538</本年度預算數金額>
<本年度預算數百分比>11.88</本年度預算數百分比>
<上年度預算數金額>106785749</上年度預算數金額>
<上年度預算數百分比>11.76</上年度預算數百分比>
<比較增減金額>6745789</比較增減金額>
<比較增減百分比>6.32</比較增減百分比>
</ROW>
<ROW>
<科目>出租資產成本</科目>
<本年度預算數金額>4459404</本年度預算數金額>
<本年度預算數百分比>0.47</本年度預算數百分比>
<上年度預算數金額>3922789</上年度預算數金額>
<上年度預算數百分比>0.43</上年度預算數百分比>
<比較增減金額>536615</比較增減金額>
<比較增減百分比>13.68</比較增減百分比>
</ROW>
<ROW>
<科目>投融資業務成本</科目>
<本年度預算數金額>2825877</本年度預算數金額>
<本年度預算數百分比>0.3</本年度預算數百分比>
<上年度預算數金額>4074284</上年度預算數金額>
<上年度預算數百分比>0.45</上年度預算數百分比>
<比較增減金額>-1248407</比較增減金額>
<比較增減百分比>30.64</比較增減百分比>
</ROW>
<ROW>
<科目>醫療成本</科目>
<本年度預算數金額>97514388</本年度預算數金額>
<本年度預算數百分比>10.2</本年度預算數百分比>
<上年度預算數金額>94116356</上年度預算數金額>
<上年度預算數百分比>10.36</上年度預算數百分比>
<比較增減金額>3398032</比較增減金額>
<比較增減百分比>3.61</比較增減百分比>
</ROW>
<ROW>
<科目>保險成本</科目>
<本年度預算數金額>554521587</本年度預算數金額>
<本年度預算數百分比>58.03</本年度預算數百分比>
<上年度預算數金額>546467866</上年度預算數金額>
<上年度預算數百分比>60.16</上年度預算數百分比>
<比較增減金額>8053721</比較增減金額>
<比較增減百分比>1.47</比較增減百分比>
</ROW>
<ROW>
<科目>其他業務成本</科目>
<本年度預算數金額>5703199</本年度預算數金額>
<本年度預算數百分比>0.6</本年度預算數百分比>
<上年度預算數金額>7698702</上年度預算數金額>
<上年度預算數百分比>0.85</上年度預算數百分比>
<比較增減金額>-1995503</比較增減金額>
<比較增減百分比>25.92</比較增減百分比>
</ROW>
<ROW>
<科目>行銷及業務費用</科目>
<本年度預算數金額>11620670</本年度預算數金額>
<本年度預算數百分比>1.22</本年度預算數百分比>
<上年度預算數金額>15678965</上年度預算數金額>
<上年度預算數百分比>1.73</上年度預算數百分比>
<比較增減金額>-4058295</比較增減金額>
<比較增減百分比>25.88</比較增減百分比>
</ROW>
<ROW>
<科目>管理及總務費用</科目>
<本年度預算數金額>36100202</本年度預算數金額>
<本年度預算數百分比>3.78</本年度預算數百分比>
<上年度預算數金額>34590780</上年度預算數金額>
<上年度預算數百分比>3.81</上年度預算數百分比>
<比較增減金額>1509422</比較增減金額>
<比較增減百分比>4.36</比較增減百分比>
</ROW>
<ROW>
<科目>研究發展及訓練費用</科目>
<本年度預算數金額>5887415</本年度預算數金額>
<本年度預算數百分比>0.62</本年度預算數百分比>
<上年度預算數金額>5546511</上年度預算數金額>
<上年度預算數百分比>0.61</上年度預算數百分比>
<比較增減金額>340904</比較增減金額>
<比較增減百分比>6.15</比較增減百分比>
</ROW>
<ROW>
<科目>其他業務費用</科目>
<本年度預算數金額>10627835</本年度預算數金額>
<本年度預算數百分比>1.11</本年度預算數百分比>
<上年度預算數金額>10077457</上年度預算數金額>
<上年度預算數百分比>1.11</上年度預算數百分比>
<比較增減金額>550378</比較增減金額>
<比較增減百分比>5.46</比較增減百分比>
</ROW>
<ROW>
<科目>業務賸餘（短絀－）</科目>
<本年度預算數金額>23976194</本年度預算數金額>
<本年度預算數百分比>2.51</本年度預算數百分比>
<上年度預算數金額>-8320005</上年度預算數金額>
<上年度預算數百分比>-0.92</上年度預算數百分比>
<比較增減金額>32296199</比較增減金額>
<比較增減百分比>388.18</比較增減百分比>
</ROW>
<ROW>
<科目>業務外收入</科目>
<本年度預算數金額>13981103</本年度預算數金額>
<本年度預算數百分比>1.46</本年度預算數百分比>
<上年度預算數金額>13466037</上年度預算數金額>
<上年度預算數百分比>1.48</上年度預算數百分比>
<比較增減金額>515066</比較增減金額>
<比較增減百分比>3.82</比較增減百分比>
</ROW>
<ROW>
<科目>財務收入</科目>
<本年度預算數金額>3216609</本年度預算數金額>
<本年度預算數百分比>0.34</本年度預算數百分比>
<上年度預算數金額>3879483</上年度預算數金額>
<上年度預算數百分比>0.43</上年度預算數百分比>
<比較增減金額>-662874</比較增減金額>
<比較增減百分比>17.09</比較增減百分比>
</ROW>
<ROW>
<科目>其他業務外收入</科目>
<本年度預算數金額>10764494</本年度預算數金額>
<本年度預算數百分比>1.13</本年度預算數百分比>
<上年度預算數金額>9586554</上年度預算數金額>
<上年度預算數百分比>1.06</上年度預算數百分比>
<比較增減金額>1177940</比較增減金額>
<比較增減百分比>12.29</比較增減百分比>
</ROW>
<ROW>
<科目>業務外費用</科目>
<本年度預算數金額>22339750</本年度預算數金額>
<本年度預算數百分比>2.34</本年度預算數百分比>
<上年度預算數金額>19623573</上年度預算數金額>
<上年度預算數百分比>2.16</上年度預算數百分比>
<比較增減金額>2716177</比較增減金額>
<比較增減百分比>13.84</比較增減百分比>
</ROW>
<ROW>
<科目>財務費用</科目>
<本年度預算數金額>14601230</本年度預算數金額>
<本年度預算數百分比>1.53</本年度預算數百分比>
<上年度預算數金額>13794916</上年度預算數金額>
<上年度預算數百分比>1.52</上年度預算數百分比>
<比較增減金額>806314</比較增減金額>
<比較增減百分比>5.85</比較增減百分比>
</ROW>
<ROW>
<科目>其他業務外費用</科目>
<本年度預算數金額>7738520</本年度預算數金額>
<本年度預算數百分比>0.81</本年度預算數百分比>
<上年度預算數金額>5828657</上年度預算數金額>
<上年度預算數百分比>0.64</上年度預算數百分比>
<比較增減金額>1909863</比較增減金額>
<比較增減百分比>32.77</比較增減百分比>
</ROW>
<ROW>
<科目>業務外賸餘（短絀－）</科目>
<本年度預算數金額>-8358647</本年度預算數金額>
<本年度預算數百分比>-0.87</本年度預算數百分比>
<上年度預算數金額>-6157536</上年度預算數金額>
<上年度預算數百分比>-0.68</上年度預算數百分比>
<比較增減金額>-2201111</比較增減金額>
<比較增減百分比>35.75</比較增減百分比>
</ROW>
<ROW>
<科目>非常賸餘（短絀－）</科目>
<本年度預算數金額>0</本年度預算數金額>
<本年度預算數百分比>0</本年度預算數百分比>
<上年度預算數金額>0</上年度預算數金額>
<上年度預算數百分比>0</上年度預算數百分比>
<比較增減金額>0</比較增減金額>
<比較增減百分比>0</比較增減百分比>
</ROW>
<ROW>
<科目>會計原則變動累積影響數</科目>
<本年度預算數金額>0</本年度預算數金額>
<本年度預算數百分比>0</本年度預算數百分比>
<上年度預算數金額>0</上年度預算數金額>
<上年度預算數百分比>0</上年度預算數百分比>
<比較增減金額>0</比較增減金額>
<比較增減百分比>0</比較增減百分比>
</ROW>
<ROW>
<科目>本期賸餘（短絀－）</科目>
<本年度預算數金額>15617547</本年度預算數金額>
<本年度預算數百分比>1.63</本年度預算數百分比>
<上年度預算數金額>-14477541</上年度預算數金額>
<上年度預算數百分比>-1.59</上年度預算數百分比>
<比較增減金額>30095088</比較增減金額>
<比較增減百分比>207.87</比較增減百分比>
</ROW>
<ROW>
<備註></備註>
</ROW>
</DataSet>
</GenericData>

