<?xml version="1.0" encoding="UTF-8"?>
<GenericData>
　　<Header>
　　　　<Table Id="fnwaaccount" Name="現金流量綜計表" Domain="NBA" />
　　　　<Program Id="NBAWGR030_W_2" />
　　　　<報表名稱>現金流量綜計表</報表名稱>
　　　　<年度>102</年度>
　　　　<階段>預算案</階段>
　　　　<版本>1</版本>
　　　　<單位>新臺幣千元</單位>
　　</Header>
　　<DataSet>
　　　　<ROW>
　　　　　　<SEQNO>1</SEQNO>
　　　　　　<LEVEL>02</LEVEL>
　　　　　　<BOLD>1</BOLD>
　　　　　　<項目>業務活動之現金流量</項目>
　　　　　　<合計 />
　　　　　　<行政院主管 />
　　　　　　<內政部主管 />
　　　　　　<國防部主管 />
　　　　　　<財政部主管 />
　　　　　　<教育部主管 />
　　　　　　<法務部主管 />
　　　　　　<經濟部主管 />
　　　　　　<交通部主管 />
　　　　　　<國軍退除役官兵輔導委員會主管 />
　　　　　　<國家科學委員會主管 />
　　　　　　<農業委員會主管 />
　　　　　　<衛生署主管 />
　　　　　　<文化部主管 />
　　　　　　<國立故宮博物院主管 />
　　　　　　<原住民族委員會主管 />
　　　　　　<考試院考選部主管 />
　　　　</ROW>
　　　　<ROW>
　　　　　　<SEQNO>2</SEQNO>
　　　　　　<LEVEL>03</LEVEL>
　　　　　　<BOLD>0</BOLD>
　　　　　　<項目>本期賸餘(短絀－)</項目>
　　　　　　<合計>5372633.00</合計>
　　　　　　<行政院主管>6222790.00</行政院主管>
　　　　　　<內政部主管>-7051980.00</內政部主管>
　　　　　　<國防部主管>-6502474.00</國防部主管>
　　　　　　<財政部主管>208660.00</財政部主管>
　　　　　　<教育部主管>-7872103.00</教育部主管>
　　　　　　<法務部主管>-107319.00</法務部主管>
　　　　　　<經濟部主管>-364909.00</經濟部主管>
　　　　　　<交通部主管>16582857.00</交通部主管>
　　　　　　<國軍退除役官兵輔導委員會主管>1182409.00</國軍退除役官兵輔導委員會主管>
　　　　　　<國家科學委員會主管>1425735.00</國家科學委員會主管>
　　　　　　<農業委員會主管>25224.00</農業委員會主管>
　　　　　　<衛生署主管>1425887.00</衛生署主管>
　　　　　　<文化部主管>3848.00</文化部主管>
　　　　　　<國立故宮博物院主管>164842.00</國立故宮博物院主管>
　　　　　　<原住民族委員會主管>18565.00</原住民族委員會主管>
　　　　　　<考試院考選部主管>10601.00</考試院考選部主管>
　　　　</ROW>
　　　　<ROW>
　　　　　　<SEQNO>3</SEQNO>
　　　　　　<LEVEL>03</LEVEL>
　　　　　　<BOLD>0</BOLD>
　　　　　　<項目>調整非現金項目</項目>
　　　　　　<合計>76233937.00</合計>
　　　　　　<行政院主管>213885.00</行政院主管>
　　　　　　<內政部主管>3344895.00</內政部主管>
　　　　　　<國防部主管>2126232.00</國防部主管>
　　　　　　<財政部主管>-3338.00</財政部主管>
　　　　　　<教育部主管>22840607.00</教育部主管>
　　　　　　<法務部主管>48290.00</法務部主管>
　　　　　　<經濟部主管>3446363.00</經濟部主管>
　　　　　　<交通部主管>2414591.00</交通部主管>
　　　　　　<國軍退除役官兵輔導委員會主管>2155840.00</國軍退除役官兵輔導委員會主管>
　　　　　　<國家科學委員會主管>6025591.00</國家科學委員會主管>
　　　　　　<農業委員會主管>19279.00</農業委員會主管>
　　　　　　<衛生署主管>33458919.00</衛生署主管>
　　　　　　<文化部主管>34605.00</文化部主管>
　　　　　　<國立故宮博物院主管>-6426.00</國立故宮博物院主管>
　　　　　　<原住民族委員會主管>74607.00</原住民族委員會主管>
　　　　　　<考試院考選部主管>39997.00</考試院考選部主管>
　　　　</ROW>
　　　　<ROW>
　　　　　　<SEQNO>4</SEQNO>
　　　　　　<LEVEL>03</LEVEL>
　　　　　　<BOLD>0</BOLD>
　　　　　　<項目>業務活動之淨現金流入(流出－)</項目>
　　　　　　<合計>81606570.00</合計>
　　　　　　<行政院主管>6436675.00</行政院主管>
　　　　　　<內政部主管>-3707085.00</內政部主管>
　　　　　　<國防部主管>-4376242.00</國防部主管>
　　　　　　<財政部主管>205322.00</財政部主管>
　　　　　　<教育部主管>14968504.00</教育部主管>
　　　　　　<法務部主管>-59029.00</法務部主管>
　　　　　　<經濟部主管>3081454.00</經濟部主管>
　　　　　　<交通部主管>18997448.00</交通部主管>
　　　　　　<國軍退除役官兵輔導委員會主管>3338249.00</國軍退除役官兵輔導委員會主管>
　　　　　　<國家科學委員會主管>7451326.00</國家科學委員會主管>
　　　　　　<農業委員會主管>44503.00</農業委員會主管>
　　　　　　<衛生署主管>34884806.00</衛生署主管>
　　　　　　<文化部主管>38453.00</文化部主管>
　　　　　　<國立故宮博物院主管>158416.00</國立故宮博物院主管>
　　　　　　<原住民族委員會主管>93172.00</原住民族委員會主管>
　　　　　　<考試院考選部主管>50598.00</考試院考選部主管>
　　　　</ROW>
　　　　<ROW>
　　　　　　<SEQNO>5</SEQNO>
　　　　　　<LEVEL>02</LEVEL>
　　　　　　<BOLD>1</BOLD>
　　　　　　<項目>投資活動之現金流量</項目>
　　　　　　<合計 />
　　　　　　<行政院主管 />
　　　　　　<內政部主管 />
　　　　　　<國防部主管 />
　　　　　　<財政部主管 />
　　　　　　<教育部主管 />
　　　　　　<法務部主管 />
　　　　　　<經濟部主管 />
　　　　　　<交通部主管 />
　　　　　　<國軍退除役官兵輔導委員會主管 />
　　　　　　<國家科學委員會主管 />
　　　　　　<農業委員會主管 />
　　　　　　<衛生署主管 />
　　　　　　<文化部主管 />
　　　　　　<國立故宮博物院主管 />
　　　　　　<原住民族委員會主管 />
　　　　　　<考試院考選部主管 />
　　　　</ROW>
　　　　<ROW>
　　　　　　<SEQNO>6</SEQNO>
　　　　　　<LEVEL>03</LEVEL>
　　　　　　<BOLD>0</BOLD>
　　　　　　<項目>減少流動金融資產及短期貸墊款</項目>
　　　　　　<合計>1671986.00</合計>
　　　　　　<行政院主管>-</行政院主管>
　　　　　　<內政部主管>-</內政部主管>
　　　　　　<國防部主管>9859.00</國防部主管>
　　　　　　<財政部主管>-</財政部主管>
　　　　　　<教育部主管>1079320.00</教育部主管>
　　　　　　<法務部主管>2500.00</法務部主管>
　　　　　　<經濟部主管>500000.00</經濟部主管>
　　　　　　<交通部主管>-</交通部主管>
　　　　　　<國軍退除役官兵輔導委員會主管>80307.00</國軍退除役官兵輔導委員會主管>
　　　　　　<國家科學委員會主管>-</國家科學委員會主管>
　　　　　　<農業委員會主管>-</農業委員會主管>
　　　　　　<衛生署主管>-</衛生署主管>
　　　　　　<文化部主管>-</文化部主管>
　　　　　　<國立故宮博物院主管>-</國立故宮博物院主管>
　　　　　　<原住民族委員會主管>-</原住民族委員會主管>
　　　　　　<考試院考選部主管>-</考試院考選部主管>
　　　　</ROW>
　　　　<ROW>
　　　　　　<SEQNO>7</SEQNO>
　　　　　　<LEVEL>03</LEVEL>
　　　　　　<BOLD>0</BOLD>
　　　　　　<項目>減少投資、長期應收款、貸墊款及準備金</項目>
　　　　　　<合計>21659533.00</合計>
　　　　　　<行政院主管>5090981.00</行政院主管>
　　　　　　<內政部主管>8903784.00</內政部主管>
　　　　　　<國防部主管>767264.00</國防部主管>
　　　　　　<財政部主管>5576965.00</財政部主管>
　　　　　　<教育部主管>5450.00</教育部主管>
　　　　　　<法務部主管>-</法務部主管>
　　　　　　<經濟部主管>106000.00</經濟部主管>
　　　　　　<交通部主管>789979.00</交通部主管>
　　　　　　<國軍退除役官兵輔導委員會主管>128000.00</國軍退除役官兵輔導委員會主管>
　　　　　　<國家科學委員會主管>-</國家科學委員會主管>
　　　　　　<農業委員會主管>-</農業委員會主管>
　　　　　　<衛生署主管>-</衛生署主管>
　　　　　　<文化部主管>-</文化部主管>
　　　　　　<國立故宮博物院主管>-</國立故宮博物院主管>
　　　　　　<原住民族委員會主管>291110.00</原住民族委員會主管>
　　　　　　<考試院考選部主管>-</考試院考選部主管>
　　　　</ROW>
　　　　<ROW>
　　　　　　<SEQNO>8</SEQNO>
　　　　　　<LEVEL>03</LEVEL>
　　　　　　<BOLD>0</BOLD>
　　　　　　<項目>減少固定資產及遞耗資產</項目>
　　　　　　<合計>1344405.00</合計>
　　　　　　<行政院主管>-</行政院主管>
　　　　　　<內政部主管>-</內政部主管>
　　　　　　<國防部主管>-</國防部主管>
　　　　　　<財政部主管>-</財政部主管>
　　　　　　<教育部主管>-</教育部主管>
　　　　　　<法務部主管>-</法務部主管>
　　　　　　<經濟部主管>140537.00</經濟部主管>
　　　　　　<交通部主管>1203274.00</交通部主管>
　　　　　　<國軍退除役官兵輔導委員會主管>-</國軍退除役官兵輔導委員會主管>
　　　　　　<國家科學委員會主管>-</國家科學委員會主管>
　　　　　　<農業委員會主管>594.00</農業委員會主管>
　　　　　　<衛生署主管>-</衛生署主管>
　　　　　　<文化部主管>-</文化部主管>
　　　　　　<國立故宮博物院主管>-</國立故宮博物院主管>
　　　　　　<原住民族委員會主管>-</原住民族委員會主管>
　　　　　　<考試院考選部主管>-</考試院考選部主管>
　　　　</ROW>
　　　　<ROW>
　　　　　　<SEQNO>9</SEQNO>
　　　　　　<LEVEL>03</LEVEL>
　　　　　　<BOLD>0</BOLD>
　　　　　　<項目>減少無形資產、遞延借項及其他資產</項目>
　　　　　　<合計>1208244.00</合計>
　　　　　　<行政院主管>-</行政院主管>
　　　　　　<內政部主管>643017.00</內政部主管>
　　　　　　<國防部主管>-</國防部主管>
　　　　　　<財政部主管>-</財政部主管>
　　　　　　<教育部主管>10922.00</教育部主管>
　　　　　　<法務部主管>2700.00</法務部主管>
　　　　　　<經濟部主管>19369.00</經濟部主管>
　　　　　　<交通部主管>475419.00</交通部主管>
　　　　　　<國軍退除役官兵輔導委員會主管>45117.00</國軍退除役官兵輔導委員會主管>
　　　　　　<國家科學委員會主管>-</國家科學委員會主管>
　　　　　　<農業委員會主管>-</農業委員會主管>
　　　　　　<衛生署主管>11700.00</衛生署主管>
　　　　　　<文化部主管>-</文化部主管>
　　　　　　<國立故宮博物院主管>-</國立故宮博物院主管>
　　　　　　<原住民族委員會主管>-</原住民族委員會主管>
　　　　　　<考試院考選部主管>-</考試院考選部主管>
　　　　</ROW>
　　　　<ROW>
　　　　　　<SEQNO>10</SEQNO>
　　　　　　<LEVEL>03</LEVEL>
　　　　　　<BOLD>0</BOLD>
　　　　　　<項目>其他投資活動之現金流入</項目>
　　　　　　<合計>-</合計>
　　　　　　<行政院主管>-</行政院主管>
　　　　　　<內政部主管>-</內政部主管>
　　　　　　<國防部主管>-</國防部主管>
　　　　　　<財政部主管>-</財政部主管>
　　　　　　<教育部主管>-</教育部主管>
　　　　　　<法務部主管>-</法務部主管>
　　　　　　<經濟部主管>-</經濟部主管>
　　　　　　<交通部主管>-</交通部主管>
　　　　　　<國軍退除役官兵輔導委員會主管>-</國軍退除役官兵輔導委員會主管>
　　　　　　<國家科學委員會主管>-</國家科學委員會主管>
　　　　　　<農業委員會主管>-</農業委員會主管>
　　　　　　<衛生署主管>-</衛生署主管>
　　　　　　<文化部主管>-</文化部主管>
　　　　　　<國立故宮博物院主管>-</國立故宮博物院主管>
　　　　　　<原住民族委員會主管>-</原住民族委員會主管>
　　　　　　<考試院考選部主管>-</考試院考選部主管>
　　　　</ROW>
　　　　<ROW>
　　　　　　<SEQNO>11</SEQNO>
　　　　　　<LEVEL>03</LEVEL>
　　　　　　<BOLD>0</BOLD>
　　　　　　<項目>增加流動金融資產及短期貸墊款</項目>
　　　　　　<合計>-18757018.00</合計>
　　　　　　<行政院主管>-</行政院主管>
　　　　　　<內政部主管>-17154134.00</內政部主管>
　　　　　　<國防部主管>-</國防部主管>
　　　　　　<財政部主管>-</財政部主管>
　　　　　　<教育部主管>-994768.00</教育部主管>
　　　　　　<法務部主管>-2500.00</法務部主管>
　　　　　　<經濟部主管>-500000.00</經濟部主管>
　　　　　　<交通部主管>-50.00</交通部主管>
　　　　　　<國軍退除役官兵輔導委員會主管>-81758.00</國軍退除役官兵輔導委員會主管>
　　　　　　<國家科學委員會主管>-</國家科學委員會主管>
　　　　　　<農業委員會主管>-</農業委員會主管>
　　　　　　<衛生署主管>-23808.00</衛生署主管>
　　　　　　<文化部主管>-</文化部主管>
　　　　　　<國立故宮博物院主管>-</國立故宮博物院主管>
　　　　　　<原住民族委員會主管>-</原住民族委員會主管>
　　　　　　<考試院考選部主管>-</考試院考選部主管>
　　　　</ROW>
　　　　<ROW>
　　　　　　<SEQNO>12</SEQNO>
　　　　　　<LEVEL>03</LEVEL>
　　　　　　<BOLD>0</BOLD>
　　　　　　<項目>增加投資、長期應收款、貸墊款及準備金</項目>
　　　　　　<合計>-35740701.00</合計>
　　　　　　<行政院主管>-16720000.00</行政院主管>
　　　　　　<內政部主管>-2504912.00</內政部主管>
　　　　　　<國防部主管>-4682123.00</國防部主管>
　　　　　　<財政部主管>-6395851.00</財政部主管>
　　　　　　<教育部主管>-</教育部主管>
　　　　　　<法務部主管>-</法務部主管>
　　　　　　<經濟部主管>-958376.00</經濟部主管>
　　　　　　<交通部主管>-3986439.00</交通部主管>
　　　　　　<國軍退除役官兵輔導委員會主管>-100000.00</國軍退除役官兵輔導委員會主管>
　　　　　　<國家科學委員會主管>-</國家科學委員會主管>
　　　　　　<農業委員會主管>-</農業委員會主管>
　　　　　　<衛生署主管>-3000.00</衛生署主管>
　　　　　　<文化部主管>-</文化部主管>
　　　　　　<國立故宮博物院主管>-</國立故宮博物院主管>
　　　　　　<原住民族委員會主管>-390000.00</原住民族委員會主管>
　　　　　　<考試院考選部主管>-</考試院考選部主管>
　　　　</ROW>
　　　　<ROW>
　　　　　　<SEQNO>13</SEQNO>
　　　　　　<LEVEL>03</LEVEL>
　　　　　　<BOLD>0</BOLD>
　　　　　　<項目>增加固定資產及遞耗資產</項目>
　　　　　　<合計>-55650849.00</合計>
　　　　　　<行政院主管>-2095.00</行政院主管>
　　　　　　<內政部主管>-900.00</內政部主管>
　　　　　　<國防部主管>-2110932.00</國防部主管>
　　　　　　<財政部主管>-1510.00</財政部主管>
　　　　　　<教育部主管>-21888980.00</教育部主管>
　　　　　　<法務部主管>-15663.00</法務部主管>
　　　　　　<經濟部主管>-2810953.00</經濟部主管>
　　　　　　<交通部主管>-18655340.00</交通部主管>
　　　　　　<國軍退除役官兵輔導委員會主管>-2471154.00</國軍退除役官兵輔導委員會主管>
　　　　　　<國家科學委員會主管>-6358112.00</國家科學委員會主管>
　　　　　　<農業委員會主管>-29365.00</農業委員會主管>
　　　　　　<衛生署主管>-1202169.00</衛生署主管>
　　　　　　<文化部主管>-20345.00</文化部主管>
　　　　　　<國立故宮博物院主管>-68000.00</國立故宮博物院主管>
　　　　　　<原住民族委員會主管>-</原住民族委員會主管>
　　　　　　<考試院考選部主管>-15331.00</考試院考選部主管>
　　　　</ROW>
　　　　<ROW>
　　　　　　<SEQNO>14</SEQNO>
　　　　　　<LEVEL>03</LEVEL>
　　　　　　<BOLD>0</BOLD>
　　　　　　<項目>增加無形資產、遞延借項及其他資產</項目>
　　　　　　<合計>-2267320.00</合計>
　　　　　　<行政院主管>-</行政院主管>
　　　　　　<內政部主管>-16202.00</內政部主管>
　　　　　　<國防部主管>-107887.00</國防部主管>
　　　　　　<財政部主管>-400.00</財政部主管>
　　　　　　<教育部主管>-1528811.00</教育部主管>
　　　　　　<法務部主管>-39737.00</法務部主管>
　　　　　　<經濟部主管>-35477.00</經濟部主管>
　　　　　　<交通部主管>-120031.00</交通部主管>
　　　　　　<國軍退除役官兵輔導委員會主管>-174273.00</國軍退除役官兵輔導委員會主管>
　　　　　　<國家科學委員會主管>-59229.00</國家科學委員會主管>
　　　　　　<農業委員會主管>-</農業委員會主管>
　　　　　　<衛生署主管>-161227.00</衛生署主管>
　　　　　　<文化部主管>-</文化部主管>
　　　　　　<國立故宮博物院主管>-990.00</國立故宮博物院主管>
　　　　　　<原住民族委員會主管>-</原住民族委員會主管>
　　　　　　<考試院考選部主管>-23056.00</考試院考選部主管>
　　　　</ROW>
　　　　<ROW>
　　　　　　<SEQNO>15</SEQNO>
　　　　　　<LEVEL>03</LEVEL>
　　　　　　<BOLD>0</BOLD>
　　　　　　<項目>其他投資活動之現金流出</項目>
　　　　　　<合計>-</合計>
　　　　　　<行政院主管>-</行政院主管>
　　　　　　<內政部主管>-</內政部主管>
　　　　　　<國防部主管>-</國防部主管>
　　　　　　<財政部主管>-</財政部主管>
　　　　　　<教育部主管>-</教育部主管>
　　　　　　<法務部主管>-</法務部主管>
　　　　　　<經濟部主管>-</經濟部主管>
　　　　　　<交通部主管>-</交通部主管>
　　　　　　<國軍退除役官兵輔導委員會主管>-</國軍退除役官兵輔導委員會主管>
　　　　　　<國家科學委員會主管>-</國家科學委員會主管>
　　　　　　<農業委員會主管>-</農業委員會主管>
　　　　　　<衛生署主管>-</衛生署主管>
　　　　　　<文化部主管>-</文化部主管>
　　　　　　<國立故宮博物院主管>-</國立故宮博物院主管>
　　　　　　<原住民族委員會主管>-</原住民族委員會主管>
　　　　　　<考試院考選部主管>-</考試院考選部主管>
　　　　</ROW>
　　　　<ROW>
　　　　　　<SEQNO>16</SEQNO>
　　　　　　<LEVEL>03</LEVEL>
　　　　　　<BOLD>0</BOLD>
　　　　　　<項目>投資活動之淨現金流入(流出－)</項目>
　　　　　　<合計>-86531720.00</合計>
　　　　　　<行政院主管>-11631114.00</行政院主管>
　　　　　　<內政部主管>-10129347.00</內政部主管>
　　　　　　<國防部主管>-6123819.00</國防部主管>
　　　　　　<財政部主管>-820796.00</財政部主管>
　　　　　　<教育部主管>-23316867.00</教育部主管>
　　　　　　<法務部主管>-52700.00</法務部主管>
　　　　　　<經濟部主管>-3538900.00</經濟部主管>
　　　　　　<交通部主管>-20293188.00</交通部主管>
　　　　　　<國軍退除役官兵輔導委員會主管>-2573761.00</國軍退除役官兵輔導委員會主管>
　　　　　　<國家科學委員會主管>-6417341.00</國家科學委員會主管>
　　　　　　<農業委員會主管>-28771.00</農業委員會主管>
　　　　　　<衛生署主管>-1378504.00</衛生署主管>
　　　　　　<文化部主管>-20345.00</文化部主管>
　　　　　　<國立故宮博物院主管>-68990.00</國立故宮博物院主管>
　　　　　　<原住民族委員會主管>-98890.00</原住民族委員會主管>
　　　　　　<考試院考選部主管>-38387.00</考試院考選部主管>
　　　　</ROW>
　　　　<ROW>
　　　　　　<SEQNO>17</SEQNO>
　　　　　　<LEVEL>02</LEVEL>
　　　　　　<BOLD>1</BOLD>
　　　　　　<項目>融資活動之現金流量</項目>
　　　　　　<合計 />
　　　　　　<行政院主管 />
　　　　　　<內政部主管 />
　　　　　　<國防部主管 />
　　　　　　<財政部主管 />
　　　　　　<教育部主管 />
　　　　　　<法務部主管 />
　　　　　　<經濟部主管 />
　　　　　　<交通部主管 />
　　　　　　<國軍退除役官兵輔導委員會主管 />
　　　　　　<國家科學委員會主管 />
　　　　　　<農業委員會主管 />
　　　　　　<衛生署主管 />
　　　　　　<文化部主管 />
　　　　　　<國立故宮博物院主管 />
　　　　　　<原住民族委員會主管 />
　　　　　　<考試院考選部主管 />
　　　　</ROW>
　　　　<ROW>
　　　　　　<SEQNO>18</SEQNO>
　　　　　　<LEVEL>03</LEVEL>
　　　　　　<BOLD>0</BOLD>
　　　　　　<項目>增加短期債務、流動金融負債、其他負債及遞延貸項</項目>
　　　　　　<合計>19472501.00</合計>
　　　　　　<行政院主管>-</行政院主管>
　　　　　　<內政部主管>-</內政部主管>
　　　　　　<國防部主管>16591995.00</國防部主管>
　　　　　　<財政部主管>-</財政部主管>
　　　　　　<教育部主管>429534.00</教育部主管>
　　　　　　<法務部主管>42071.00</法務部主管>
　　　　　　<經濟部主管>1763586.00</經濟部主管>
　　　　　　<交通部主管>-</交通部主管>
　　　　　　<國軍退除役官兵輔導委員會主管>606419.00</國軍退除役官兵輔導委員會主管>
　　　　　　<國家科學委員會主管>-</國家科學委員會主管>
　　　　　　<農業委員會主管>6350.00</農業委員會主管>
　　　　　　<衛生署主管>32406.00</衛生署主管>
　　　　　　<文化部主管>-</文化部主管>
　　　　　　<國立故宮博物院主管>140.00</國立故宮博物院主管>
　　　　　　<原住民族委員會主管>-</原住民族委員會主管>
　　　　　　<考試院考選部主管>-</考試院考選部主管>
　　　　</ROW>
　　　　<ROW>
　　　　　　<SEQNO>19</SEQNO>
　　　　　　<LEVEL>03</LEVEL>
　　　　　　<BOLD>0</BOLD>
　　　　　　<項目>增加長期負債</項目>
　　　　　　<合計>140936497.00</合計>
　　　　　　<行政院主管>-</行政院主管>
　　　　　　<內政部主管>34200000.00</內政部主管>
　　　　　　<國防部主管>69700000.00</國防部主管>
　　　　　　<財政部主管>-</財政部主管>
　　　　　　<教育部主管>-</教育部主管>
　　　　　　<法務部主管>-</法務部主管>
　　　　　　<經濟部主管>125621.00</經濟部主管>
　　　　　　<交通部主管>30000000.00</交通部主管>
　　　　　　<國軍退除役官兵輔導委員會主管>-</國軍退除役官兵輔導委員會主管>
　　　　　　<國家科學委員會主管>6910876.00</國家科學委員會主管>
　　　　　　<農業委員會主管>-</農業委員會主管>
　　　　　　<衛生署主管>-</衛生署主管>
　　　　　　<文化部主管>-</文化部主管>
　　　　　　<國立故宮博物院主管>-</國立故宮博物院主管>
　　　　　　<原住民族委員會主管>-</原住民族委員會主管>
　　　　　　<考試院考選部主管>-</考試院考選部主管>
　　　　</ROW>
　　　　<ROW>
　　　　　　<SEQNO>20</SEQNO>
　　　　　　<LEVEL>03</LEVEL>
　　　　　　<BOLD>0</BOLD>
　　　　　　<項目>增加基金、公積及填補短絀</項目>
　　　　　　<合計>15861149.00</合計>
　　　　　　<行政院主管>-</行政院主管>
　　　　　　<內政部主管>3308.00</內政部主管>
　　　　　　<國防部主管>-</國防部主管>
　　　　　　<財政部主管>-</財政部主管>
　　　　　　<教育部主管>11415955.00</教育部主管>
　　　　　　<法務部主管>-</法務部主管>
　　　　　　<經濟部主管>2348545.00</經濟部主管>
　　　　　　<交通部主管>911000.00</交通部主管>
　　　　　　<國軍退除役官兵輔導委員會主管>-</國軍退除役官兵輔導委員會主管>
　　　　　　<國家科學委員會主管>536417.00</國家科學委員會主管>
　　　　　　<農業委員會主管>-</農業委員會主管>
　　　　　　<衛生署主管>332000.00</衛生署主管>
　　　　　　<文化部主管>7775.00</文化部主管>
　　　　　　<國立故宮博物院主管>-</國立故宮博物院主管>
　　　　　　<原住民族委員會主管>306149.00</原住民族委員會主管>
　　　　　　<考試院考選部主管>-</考試院考選部主管>
　　　　</ROW>
　　　　<ROW>
　　　　　　<SEQNO>21</SEQNO>
　　　　　　<LEVEL>03</LEVEL>
　　　　　　<BOLD>0</BOLD>
　　　　　　<項目>其他融資活動之現金流入</項目>
　　　　　　<合計>36031381.00</合計>
　　　　　　<行政院主管>-</行政院主管>
　　　　　　<內政部主管>36031381.00</內政部主管>
　　　　　　<國防部主管>-</國防部主管>
　　　　　　<財政部主管>-</財政部主管>
　　　　　　<教育部主管>-</教育部主管>
　　　　　　<法務部主管>-</法務部主管>
　　　　　　<經濟部主管>-</經濟部主管>
　　　　　　<交通部主管>-</交通部主管>
　　　　　　<國軍退除役官兵輔導委員會主管>-</國軍退除役官兵輔導委員會主管>
　　　　　　<國家科學委員會主管>-</國家科學委員會主管>
　　　　　　<農業委員會主管>-</農業委員會主管>
　　　　　　<衛生署主管>-</衛生署主管>
　　　　　　<文化部主管>-</文化部主管>
　　　　　　<國立故宮博物院主管>-</國立故宮博物院主管>
　　　　　　<原住民族委員會主管>-</原住民族委員會主管>
　　　　　　<考試院考選部主管>-</考試院考選部主管>
　　　　</ROW>
　　　　<ROW>
　　　　　　<SEQNO>22</SEQNO>
　　　　　　<LEVEL>03</LEVEL>
　　　　　　<BOLD>0</BOLD>
　　　　　　<項目>減少短期債務、流動金融負債、其他負債及遞延貸項</項目>
　　　　　　<合計>-53879075.00</合計>
　　　　　　<行政院主管>-</行政院主管>
　　　　　　<內政部主管>-2809702.00</內政部主管>
　　　　　　<國防部主管>-13105420.00</國防部主管>
　　　　　　<財政部主管>-</財政部主管>
　　　　　　<教育部主管>-863517.00</教育部主管>
　　　　　　<法務部主管>-42000.00</法務部主管>
　　　　　　<經濟部主管>-126966.00</經濟部主管>
　　　　　　<交通部主管>-663000.00</交通部主管>
　　　　　　<國軍退除役官兵輔導委員會主管>-810191.00</國軍退除役官兵輔導委員會主管>
　　　　　　<國家科學委員會主管>-3410000.00</國家科學委員會主管>
　　　　　　<農業委員會主管>-5579.00</農業委員會主管>
　　　　　　<衛生署主管>-32042700.00</衛生署主管>
　　　　　　<文化部主管>-</文化部主管>
　　　　　　<國立故宮博物院主管>-</國立故宮博物院主管>
　　　　　　<原住民族委員會主管>-</原住民族委員會主管>
　　　　　　<考試院考選部主管>-</考試院考選部主管>
　　　　</ROW>
　　　　<ROW>
　　　　　　<SEQNO>23</SEQNO>
　　　　　　<LEVEL>03</LEVEL>
　　　　　　<BOLD>0</BOLD>
　　　　　　<項目>減少長期負債</項目>
　　　　　　<合計>-105615173.00</合計>
　　　　　　<行政院主管>-</行政院主管>
　　　　　　<內政部主管>-4801700.00</內政部主管>
　　　　　　<國防部主管>-61600000.00</國防部主管>
　　　　　　<財政部主管>-</財政部主管>
　　　　　　<教育部主管>-71300.00</教育部主管>
　　　　　　<法務部主管>-</法務部主管>
　　　　　　<經濟部主管>-4622173.00</經濟部主管>
　　　　　　<交通部主管>-30000000.00</交通部主管>
　　　　　　<國軍退除役官兵輔導委員會主管>-</國軍退除役官兵輔導委員會主管>
　　　　　　<國家科學委員會主管>-4520000.00</國家科學委員會主管>
　　　　　　<農業委員會主管>-</農業委員會主管>
　　　　　　<衛生署主管>-</衛生署主管>
　　　　　　<文化部主管>-</文化部主管>
　　　　　　<國立故宮博物院主管>-</國立故宮博物院主管>
　　　　　　<原住民族委員會主管>-</原住民族委員會主管>
　　　　　　<考試院考選部主管>-</考試院考選部主管>
　　　　</ROW>
　　　　<ROW>
　　　　　　<SEQNO>24</SEQNO>
　　　　　　<LEVEL>03</LEVEL>
　　　　　　<BOLD>0</BOLD>
　　　　　　<項目>減少基金及公積</項目>
　　　　　　<合計>-6600000.00</合計>
　　　　　　<行政院主管>-1100000.00</行政院主管>
　　　　　　<內政部主管>-5000000.00</內政部主管>
　　　　　　<國防部主管>-500000.00</國防部主管>
　　　　　　<財政部主管>-</財政部主管>
　　　　　　<教育部主管>-</教育部主管>
　　　　　　<法務部主管>-</法務部主管>
　　　　　　<經濟部主管>-</經濟部主管>
　　　　　　<交通部主管>-</交通部主管>
　　　　　　<國軍退除役官兵輔導委員會主管>-</國軍退除役官兵輔導委員會主管>
　　　　　　<國家科學委員會主管>-</國家科學委員會主管>
　　　　　　<農業委員會主管>-</農業委員會主管>
　　　　　　<衛生署主管>-</衛生署主管>
　　　　　　<文化部主管>-</文化部主管>
　　　　　　<國立故宮博物院主管>-</國立故宮博物院主管>
　　　　　　<原住民族委員會主管>-</原住民族委員會主管>
　　　　　　<考試院考選部主管>-</考試院考選部主管>
　　　　</ROW>
　　　　<ROW>
　　　　　　<SEQNO>25</SEQNO>
　　　　　　<LEVEL>03</LEVEL>
　　　　　　<BOLD>0</BOLD>
　　　　　　<項目>賸餘分配款</項目>
　　　　　　<合計>-18595178.00</合計>
　　　　　　<行政院主管>-6500000.00</行政院主管>
　　　　　　<內政部主管>-9000000.00</內政部主管>
　　　　　　<國防部主管>-1650379.00</國防部主管>
　　　　　　<財政部主管>-169799.00</財政部主管>
　　　　　　<教育部主管>-</教育部主管>
　　　　　　<法務部主管>-</法務部主管>
　　　　　　<經濟部主管>-</經濟部主管>
　　　　　　<交通部主管>-</交通部主管>
　　　　　　<國軍退除役官兵輔導委員會主管>-1000000.00</國軍退除役官兵輔導委員會主管>
　　　　　　<國家科學委員會主管>-</國家科學委員會主管>
　　　　　　<農業委員會主管>-100000.00</農業委員會主管>
　　　　　　<衛生署主管>-120000.00</衛生署主管>
　　　　　　<文化部主管>-</文化部主管>
　　　　　　<國立故宮博物院主管>-55000.00</國立故宮博物院主管>
　　　　　　<原住民族委員會主管>-</原住民族委員會主管>
　　　　　　<考試院考選部主管>-</考試院考選部主管>
　　　　</ROW>
　　　　<ROW>
　　　　　　<SEQNO>26</SEQNO>
　　　　　　<LEVEL>03</LEVEL>
　　　　　　<BOLD>0</BOLD>
　　　　　　<項目>其他融資活動之現金流出</項目>
　　　　　　<合計>-36031381.00</合計>
　　　　　　<行政院主管>-</行政院主管>
　　　　　　<內政部主管>-36031381.00</內政部主管>
　　　　　　<國防部主管>-</國防部主管>
　　　　　　<財政部主管>-</財政部主管>
　　　　　　<教育部主管>-</教育部主管>
　　　　　　<法務部主管>-</法務部主管>
　　　　　　<經濟部主管>-</經濟部主管>
　　　　　　<交通部主管>-</交通部主管>
　　　　　　<國軍退除役官兵輔導委員會主管>-</國軍退除役官兵輔導委員會主管>
　　　　　　<國家科學委員會主管>-</國家科學委員會主管>
　　　　　　<農業委員會主管>-</農業委員會主管>
　　　　　　<衛生署主管>-</衛生署主管>
　　　　　　<文化部主管>-</文化部主管>
　　　　　　<國立故宮博物院主管>-</國立故宮博物院主管>
　　　　　　<原住民族委員會主管>-</原住民族委員會主管>
　　　　　　<考試院考選部主管>-</考試院考選部主管>
　　　　</ROW>
　　　　<ROW>
　　　　　　<SEQNO>27</SEQNO>
　　　　　　<LEVEL>03</LEVEL>
　　　　　　<BOLD>0</BOLD>
　　　　　　<項目>融資活動之淨現金流入(流出－)</項目>
　　　　　　<合計>-8419279.00</合計>
　　　　　　<行政院主管>-7600000.00</行政院主管>
　　　　　　<內政部主管>12591906.00</內政部主管>
　　　　　　<國防部主管>9436196.00</國防部主管>
　　　　　　<財政部主管>-169799.00</財政部主管>
　　　　　　<教育部主管>10910672.00</教育部主管>
　　　　　　<法務部主管>71.00</法務部主管>
　　　　　　<經濟部主管>-511387.00</經濟部主管>
　　　　　　<交通部主管>248000.00</交通部主管>
　　　　　　<國軍退除役官兵輔導委員會主管>-1203772.00</國軍退除役官兵輔導委員會主管>
　　　　　　<國家科學委員會主管>-482707.00</國家科學委員會主管>
　　　　　　<農業委員會主管>-99229.00</農業委員會主管>
　　　　　　<衛生署主管>-31798294.00</衛生署主管>
　　　　　　<文化部主管>7775.00</文化部主管>
　　　　　　<國立故宮博物院主管>-54860.00</國立故宮博物院主管>
　　　　　　<原住民族委員會主管>306149.00</原住民族委員會主管>
　　　　　　<考試院考選部主管>-</考試院考選部主管>
　　　　</ROW>
　　　　<ROW>
　　　　　　<SEQNO>28</SEQNO>
　　　　　　<LEVEL>02</LEVEL>
　　　　　　<BOLD>1</BOLD>
　　　　　　<項目>匯率變動影響數</項目>
　　　　　　<合計 />
　　　　　　<行政院主管 />
　　　　　　<內政部主管 />
　　　　　　<國防部主管 />
　　　　　　<財政部主管 />
　　　　　　<教育部主管 />
　　　　　　<法務部主管 />
　　　　　　<經濟部主管 />
　　　　　　<交通部主管 />
　　　　　　<國軍退除役官兵輔導委員會主管 />
　　　　　　<國家科學委員會主管 />
　　　　　　<農業委員會主管 />
　　　　　　<衛生署主管 />
　　　　　　<文化部主管 />
　　　　　　<國立故宮博物院主管 />
　　　　　　<原住民族委員會主管 />
　　　　　　<考試院考選部主管 />
　　　　</ROW>
　　　　<ROW>
　　　　　　<SEQNO>29</SEQNO>
　　　　　　<LEVEL>02</LEVEL>
　　　　　　<BOLD>1</BOLD>
　　　　　　<項目>現金及約當現金之淨增(淨減－)</項目>
　　　　　　<合計 />
　　　　　　<行政院主管 />
　　　　　　<內政部主管 />
　　　　　　<國防部主管 />
　　　　　　<財政部主管 />
　　　　　　<教育部主管 />
　　　　　　<法務部主管 />
　　　　　　<經濟部主管 />
　　　　　　<交通部主管 />
　　　　　　<國軍退除役官兵輔導委員會主管 />
　　　　　　<國家科學委員會主管 />
　　　　　　<農業委員會主管 />
　　　　　　<衛生署主管 />
　　　　　　<文化部主管 />
　　　　　　<國立故宮博物院主管 />
　　　　　　<原住民族委員會主管 />
　　　　　　<考試院考選部主管 />
　　　　</ROW>
　　　　<ROW>
　　　　　　<SEQNO>30</SEQNO>
　　　　　　<LEVEL>02</LEVEL>
　　　　　　<BOLD>1</BOLD>
　　　　　　<項目>期初現金及約當現金</項目>
　　　　　　<合計 />
　　　　　　<行政院主管 />
　　　　　　<內政部主管 />
　　　　　　<國防部主管 />
　　　　　　<財政部主管 />
　　　　　　<教育部主管 />
　　　　　　<法務部主管 />
　　　　　　<經濟部主管 />
　　　　　　<交通部主管 />
　　　　　　<國軍退除役官兵輔導委員會主管 />
　　　　　　<國家科學委員會主管 />
　　　　　　<農業委員會主管 />
　　　　　　<衛生署主管 />
　　　　　　<文化部主管 />
　　　　　　<國立故宮博物院主管 />
　　　　　　<原住民族委員會主管 />
　　　　　　<考試院考選部主管 />
　　　　</ROW>
　　　　<ROW>
　　　　　　<SEQNO>31</SEQNO>
　　　　　　<LEVEL>02</LEVEL>
　　　　　　<BOLD>1</BOLD>
　　　　　　<項目>期末現金及約當現金</項目>
　　　　　　<合計 />
　　　　　　<行政院主管 />
　　　　　　<內政部主管 />
　　　　　　<國防部主管 />
　　　　　　<財政部主管 />
　　　　　　<教育部主管 />
　　　　　　<法務部主管 />
　　　　　　<經濟部主管 />
　　　　　　<交通部主管 />
　　　　　　<國軍退除役官兵輔導委員會主管 />
　　　　　　<國家科學委員會主管 />
　　　　　　<農業委員會主管 />
　　　　　　<衛生署主管 />
　　　　　　<文化部主管 />
　　　　　　<國立故宮博物院主管 />
　　　　　　<原住民族委員會主管 />
　　　　　　<考試院考選部主管 />
　　　　</ROW>
　　　　<COMM>1.本表係採現金及約當現金基礎，包括現金及自投資日起3個月內到期或清償之債權證券。 
2.本表「調整非現金項目」欄所列，包括提存呆帳、醫療折讓及短絀、折舊及折耗、攤銷、兌換短絀（賸餘　－）、處理資產短絀（賸餘－）、債務整理短絀（賸餘－）、其他、流動資產淨減（淨增－）、流動負債　淨增（淨減－）。</COMM>
　　</DataSet>
</GenericData>

