<?xml version="1.0" encoding="UTF-8"?>
<GenericData>
　　<Header>
　　　　<Table Id="FNWXBREMAIN" Name="作業基金餘絀撥補綜計表（依撥補項目分列）" Domain="NBA" />
　　　　<Program Id="NBAWGR020_W" />
　　　　<Sender Name="作業基金" />
　　　　<報表名稱>作業基金餘絀撥補綜計表（依撥補項目分列）</報表名稱>
　　　　<年度>102</年度>
　　　　<基金>作業基金</基金>
　　　　<階段>預算案</階段>
　　　　<版本>1</版本>
　　　　<單位>新臺幣千元</單位>
　　</Header>
　　<DataSet>
　　　　<ROW>
　　　　　　<SEQNO>1</SEQNO>
　　　　　　<LEVEL>2</LEVEL>
　　　　　　<BOLD>1</BOLD>
　　　　　　<項目>賸餘之部</項目>
　　　　　　<本年度預算數-金額>82468122</本年度預算數-金額>
　　　　　　<本年度預算數-百分比>100.00</本年度預算數-百分比>
　　　　　　<上年度預算數-金額>102335432</上年度預算數-金額>
　　　　　　<上年度預算數-百分比>100.00</上年度預算數-百分比>
　　　　　　<比較增減-金額>-19867310</比較增減-金額>
　　　　　　<比較增減-百分比>19.41</比較增減-百分比>
　　　　</ROW>
　　　　<ROW>
　　　　　　<SEQNO>2</SEQNO>
　　　　　　<LEVEL>4</LEVEL>
　　　　　　<BOLD>0</BOLD>
　　　　　　<項目>本期賸餘</項目>
　　　　　　<本年度預算數-金額>35154023</本年度預算數-金額>
　　　　　　<本年度預算數-百分比>42.63</本年度預算數-百分比>
　　　　　　<上年度預算數-金額>47233282</上年度預算數-金額>
　　　　　　<上年度預算數-百分比>46.16</上年度預算數-百分比>
　　　　　　<比較增減-金額>-12079259</比較增減-金額>
　　　　　　<比較增減-百分比>25.57</比較增減-百分比>
　　　　</ROW>
　　　　<ROW>
　　　　　　<SEQNO>3</SEQNO>
　　　　　　<LEVEL>4</LEVEL>
　　　　　　<BOLD>0</BOLD>
　　　　　　<項目>前期未分配賸餘</項目>
　　　　　　<本年度預算數-金額>47314099</本年度預算數-金額>
　　　　　　<本年度預算數-百分比>57.37</本年度預算數-百分比>
　　　　　　<上年度預算數-金額>54988597</上年度預算數-金額>
　　　　　　<上年度預算數-百分比>53.73</上年度預算數-百分比>
　　　　　　<比較增減-金額>-7674498</比較增減-金額>
　　　　　　<比較增減-百分比>13.96</比較增減-百分比>
　　　　</ROW>
　　　　<ROW>
　　　　　　<SEQNO>4</SEQNO>
　　　　　　<LEVEL>4</LEVEL>
　　　　　　<BOLD>0</BOLD>
　　　　　　<項目>公積轉列數</項目>
　　　　　　<本年度預算數-金額>0</本年度預算數-金額>
　　　　　　<本年度預算數-百分比>0</本年度預算數-百分比>
　　　　　　<上年度預算數-金額>113553</上年度預算數-金額>
　　　　　　<上年度預算數-百分比>0.11</上年度預算數-百分比>
　　　　　　<比較增減-金額>-113553</比較增減-金額>
　　　　　　<比較增減-百分比>100.00</比較增減-百分比>
　　　　</ROW>
　　　　<ROW>
　　　　　　<SEQNO>5</SEQNO>
　　　　　　<LEVEL>2</LEVEL>
　　　　　　<BOLD>1</BOLD>
　　　　　　<項目>分配之部</項目>
　　　　　　<本年度預算數-金額>47807965</本年度預算數-金額>
　　　　　　<本年度預算數-百分比>57.97</本年度預算數-百分比>
　　　　　　<上年度預算數-金額>59240892</上年度預算數-金額>
　　　　　　<上年度預算數-百分比>57.89</上年度預算數-百分比>
　　　　　　<比較增減-金額>-11432927</比較增減-金額>
　　　　　　<比較增減-百分比>19.30</比較增減-百分比>
　　　　</ROW>
　　　　<ROW>
　　　　　　<SEQNO>6</SEQNO>
　　　　　　<LEVEL>4</LEVEL>
　　　　　　<BOLD>0</BOLD>
　　　　　　<項目>填補累積短絀</項目>
　　　　　　<本年度預算數-金額>3289921</本年度預算數-金額>
　　　　　　<本年度預算數-百分比>3.99</本年度預算數-百分比>
　　　　　　<上年度預算數-金額>15162814</上年度預算數-金額>
　　　　　　<上年度預算數-百分比>14.82</上年度預算數-百分比>
　　　　　　<比較增減-金額>-11872893</比較增減-金額>
　　　　　　<比較增減-百分比>78.30</比較增減-百分比>
　　　　</ROW>
　　　　<ROW>
　　　　　　<SEQNO>7</SEQNO>
　　　　　　<LEVEL>4</LEVEL>
　　　　　　<BOLD>0</BOLD>
　　　　　　<項目>提存公積</項目>
　　　　　　<本年度預算數-金額>6775821</本年度預算數-金額>
　　　　　　<本年度預算數-百分比>8.22</本年度預算數-百分比>
　　　　　　<上年度預算數-金額>9693142</上年度預算數-金額>
　　　　　　<上年度預算數-百分比>9.47</上年度預算數-百分比>
　　　　　　<比較增減-金額>-2917321</比較增減-金額>
　　　　　　<比較增減-百分比>30.10</比較增減-百分比>
　　　　</ROW>
　　　　<ROW>
　　　　　　<SEQNO>8</SEQNO>
　　　　　　<LEVEL>4</LEVEL>
　　　　　　<BOLD>0</BOLD>
　　　　　　<項目>賸餘撥充基金數</項目>
　　　　　　<本年度預算數-金額>19147045</本年度預算數-金額>
　　　　　　<本年度預算數-百分比>23.22</本年度預算數-百分比>
　　　　　　<上年度預算數-金額>17114902</上年度預算數-金額>
　　　　　　<上年度預算數-百分比>16.72</上年度預算數-百分比>
　　　　　　<比較增減-金額>2032143</比較增減-金額>
　　　　　　<比較增減-百分比>11.87</比較增減-百分比>
　　　　</ROW>
　　　　<ROW>
　　　　　　<SEQNO>9</SEQNO>
　　　　　　<LEVEL>4</LEVEL>
　　　　　　<BOLD>0</BOLD>
　　　　　　<項目>解繳國庫淨額</項目>
　　　　　　<本年度預算數-金額>18592991</本年度預算數-金額>
　　　　　　<本年度預算數-百分比>22.55</本年度預算數-百分比>
　　　　　　<上年度預算數-金額>17268345</上年度預算數-金額>
　　　　　　<上年度預算數-百分比>16.87</上年度預算數-百分比>
　　　　　　<比較增減-金額>1324646</比較增減-金額>
　　　　　　<比較增減-百分比>7.67</比較增減-百分比>
　　　　</ROW>
　　　　<ROW>
　　　　　　<SEQNO>10</SEQNO>
　　　　　　<LEVEL>4</LEVEL>
　　　　　　<BOLD>0</BOLD>
　　　　　　<項目>其他依法分配數</項目>
　　　　　　<本年度預算數-金額>2187</本年度預算數-金額>
　　　　　　<本年度預算數-百分比>0</本年度預算數-百分比>
　　　　　　<上年度預算數-金額>1689</上年度預算數-金額>
　　　　　　<上年度預算數-百分比>0</上年度預算數-百分比>
　　　　　　<比較增減-金額>498</比較增減-金額>
　　　　　　<比較增減-百分比>29.48</比較增減-百分比>
　　　　</ROW>
　　　　<ROW>
　　　　　　<SEQNO>11</SEQNO>
　　　　　　<LEVEL>2</LEVEL>
　　　　　　<BOLD>1</BOLD>
　　　　　　<項目>未分配賸餘</項目>
　　　　　　<本年度預算數-金額>34660157</本年度預算數-金額>
　　　　　　<本年度預算數-百分比>42.03</本年度預算數-百分比>
　　　　　　<上年度預算數-金額>43094540</上年度預算數-金額>
　　　　　　<上年度預算數-百分比>42.11</上年度預算數-百分比>
　　　　　　<比較增減-金額>-8434383</比較增減-金額>
　　　　　　<比較增減-百分比>19.57</比較增減-百分比>
　　　　</ROW>
　　　　<ROW>
　　　　　　<SEQNO>12</SEQNO>
　　　　　　<LEVEL>2</LEVEL>
　　　　　　<BOLD>1</BOLD>
　　　　　　<項目>短絀之部</項目>
　　　　　　<本年度預算數-金額>117056306</本年度預算數-金額>
　　　　　　<本年度預算數-百分比>100.00</本年度預算數-百分比>
　　　　　　<上年度預算數-金額>135964579</上年度預算數-金額>
　　　　　　<上年度預算數-百分比>100.00</上年度預算數-百分比>
　　　　　　<比較增減-金額>-18908273</比較增減-金額>
　　　　　　<比較增減-百分比>13.91</比較增減-百分比>
　　　　</ROW>
　　　　<ROW>
　　　　　　<SEQNO>13</SEQNO>
　　　　　　<LEVEL>4</LEVEL>
　　　　　　<BOLD>0</BOLD>
　　　　　　<項目>本期短絀</項目>
　　　　　　<本年度預算數-金額>29781390</本年度預算數-金額>
　　　　　　<本年度預算數-百分比>25.44</本年度預算數-百分比>
　　　　　　<上年度預算數-金額>25578306</上年度預算數-金額>
　　　　　　<上年度預算數-百分比>18.81</上年度預算數-百分比>
　　　　　　<比較增減-金額>4203084</比較增減-金額>
　　　　　　<比較增減-百分比>16.43</比較增減-百分比>
　　　　</ROW>
　　　　<ROW>
　　　　　　<SEQNO>14</SEQNO>
　　　　　　<LEVEL>4</LEVEL>
　　　　　　<BOLD>0</BOLD>
　　　　　　<項目>前期待填補之短絀</項目>
　　　　　　<本年度預算數-金額>87274916</本年度預算數-金額>
　　　　　　<本年度預算數-百分比>74.56</本年度預算數-百分比>
　　　　　　<上年度預算數-金額>110386273</上年度預算數-金額>
　　　　　　<上年度預算數-百分比>81.19</上年度預算數-百分比>
　　　　　　<比較增減-金額>-23111357</比較增減-金額>
　　　　　　<比較增減-百分比>20.94</比較增減-百分比>
　　　　</ROW>
　　　　<ROW>
　　　　　　<SEQNO>15</SEQNO>
　　　　　　<LEVEL>2</LEVEL>
　　　　　　<BOLD>1</BOLD>
　　　　　　<項目>填補之部</項目>
　　　　　　<本年度預算數-金額>13952931</本年度預算數-金額>
　　　　　　<本年度預算數-百分比>11.92</本年度預算數-百分比>
　　　　　　<上年度預算數-金額>44068960</上年度預算數-金額>
　　　　　　<上年度預算數-百分比>32.41</上年度預算數-百分比>
　　　　　　<比較增減-金額>-30116029</比較增減-金額>
　　　　　　<比較增減-百分比>68.34</比較增減-百分比>
　　　　</ROW>
　　　　<ROW>
　　　　　　<SEQNO>16</SEQNO>
　　　　　　<LEVEL>4</LEVEL>
　　　　　　<BOLD>0</BOLD>
　　　　　　<項目>撥用賸餘</項目>
　　　　　　<本年度預算數-金額>3289921</本年度預算數-金額>
　　　　　　<本年度預算數-百分比>2.81</本年度預算數-百分比>
　　　　　　<上年度預算數-金額>15162814</上年度預算數-金額>
　　　　　　<上年度預算數-百分比>11.15</上年度預算數-百分比>
　　　　　　<比較增減-金額>-11872893</比較增減-金額>
　　　　　　<比較增減-百分比>78.30</比較增減-百分比>
　　　　</ROW>
　　　　<ROW>
　　　　　　<SEQNO>17</SEQNO>
　　　　　　<LEVEL>4</LEVEL>
　　　　　　<BOLD>0</BOLD>
　　　　　　<項目>撥用公積</項目>
　　　　　　<本年度預算數-金額>10412339</本年度預算數-金額>
　　　　　　<本年度預算數-百分比>8.90</本年度預算數-百分比>
　　　　　　<上年度預算數-金額>12454944</上年度預算數-金額>
　　　　　　<上年度預算數-百分比>9.16</上年度預算數-百分比>
　　　　　　<比較增減-金額>-2042605</比較增減-金額>
　　　　　　<比較增減-百分比>16.40</比較增減-百分比>
　　　　</ROW>
　　　　<ROW>
　　　　　　<SEQNO>18</SEQNO>
　　　　　　<LEVEL>4</LEVEL>
　　　　　　<BOLD>0</BOLD>
　　　　　　<項目>折減基金</項目>
　　　　　　<本年度預算數-金額>250671</本年度預算數-金額>
　　　　　　<本年度預算數-百分比>0.21</本年度預算數-百分比>
　　　　　　<上年度預算數-金額>12451202</上年度預算數-金額>
　　　　　　<上年度預算數-百分比>9.16</上年度預算數-百分比>
　　　　　　<比較增減-金額>-12200531</比較增減-金額>
　　　　　　<比較增減-百分比>97.99</比較增減-百分比>
　　　　</ROW>
　　　　<ROW>
　　　　　　<SEQNO>19</SEQNO>
　　　　　　<LEVEL>4</LEVEL>
　　　　　　<BOLD>0</BOLD>
　　　　　　<項目>國庫撥款</項目>
　　　　　　<本年度預算數-金額>0</本年度預算數-金額>
　　　　　　<本年度預算數-百分比>0</本年度預算數-百分比>
　　　　　　<上年度預算數-金額>4000000</上年度預算數-金額>
　　　　　　<上年度預算數-百分比>2.94</上年度預算數-百分比>
　　　　　　<比較增減-金額>-4000000</比較增減-金額>
　　　　　　<比較增減-百分比>100.00</比較增減-百分比>
　　　　</ROW>
　　　　<ROW>
　　　　　　<SEQNO>20</SEQNO>
　　　　　　<LEVEL>2</LEVEL>
　　　　　　<BOLD>1</BOLD>
　　　　　　<項目>待填補之短絀</項目>
　　　　　　<本年度預算數-金額>103103375</本年度預算數-金額>
　　　　　　<本年度預算數-百分比>88.08</本年度預算數-百分比>
　　　　　　<上年度預算數-金額>91895619</上年度預算數-金額>
　　　　　　<上年度預算數-百分比>67.59</上年度預算數-百分比>
　　　　　　<比較增減-金額>11207756</比較增減-金額>
　　　　　　<比較增減-百分比>12.20</比較增減-百分比>
　　　　</ROW>
　　</DataSet>
</GenericData>

