<?xml version="1.0" encoding="UTF-8"?>
<GenericData>
　　<Header>
　　　　<Table Id="FNWBCSHFLOWR" Name="現金流量預計表" Domain="PBA" />
　　　　<Program Id="PBABR080_A" />
　　　　<Sender Name="中華郵政股份有限公司" />
　　　　<報表名稱>現金流量預計表</報表名稱>
　　　　<年度>105</年度>
　　　　<基金>中華郵政股份有限公司</基金>
　　　　<階段>預算案</階段>
　　　　<版本>1</版本>
　　　　<單位>新臺幣千元</單位>
　　</Header>
　　<DataSet>
　　　　<ROW>
　　　　　　<SEQNO>1</SEQNO>
　　　　　　<LEVEL>02</LEVEL>
　　　　　　<BOLD>1</BOLD>
　　　　　　<項目名稱>營業活動之現金流量</項目名稱>
　　　　　　<項目編號>90</項目編號>
　　　　　　<預算數 />
　　　　　　<說明 />
　　　　</ROW>
　　　　<ROW>
　　　　　　<SEQNO>2</SEQNO>
　　　　　　<LEVEL>03</LEVEL>
　　　　　　<BOLD>1</BOLD>
　　　　　　<項目名稱>繼續營業單位稅前淨利（淨損）</項目名稱>
　　　　　　<項目編號>9001</項目編號>
　　　　　　<預算數>10300104</預算數>
　　　　　　<說明 />
　　　　</ROW>
　　　　<ROW>
　　　　　　<SEQNO>3</SEQNO>
　　　　　　<LEVEL>03</LEVEL>
　　　　　　<BOLD>1</BOLD>
　　　　　　<項目名稱>稅前淨利（淨損）</項目名稱>
　　　　　　<項目編號>9003</項目編號>
　　　　　　<預算數>10300104</預算數>
　　　　　　<說明 />
　　　　</ROW>
　　　　<ROW>
　　　　　　<SEQNO>4</SEQNO>
　　　　　　<LEVEL>03</LEVEL>
　　　　　　<BOLD>1</BOLD>
　　　　　　<項目名稱>利息股利之調整</項目名稱>
　　　　　　<項目編號>9004</項目編號>
　　　　　　<預算數>-41197645</預算數>
　　　　　　<說明 />
　　　　</ROW>
　　　　<ROW>
　　　　　　<SEQNO>5</SEQNO>
　　　　　　<LEVEL>03</LEVEL>
　　　　　　<BOLD>1</BOLD>
　　　　　　<項目名稱>未計利息股利之稅前淨利（淨損）</項目名稱>
　　　　　　<項目編號>9005</項目編號>
　　　　　　<預算數>-30897541</預算數>
　　　　　　<說明 />
　　　　</ROW>
　　　　<ROW>
　　　　　　<SEQNO>6</SEQNO>
　　　　　　<LEVEL>03</LEVEL>
　　　　　　<BOLD>1</BOLD>
　　　　　　<項目名稱>調整項目</項目名稱>
　　　　　　<項目編號>9006</項目編號>
　　　　　　<預算數>444288376</預算數>
　　　　　　<說明 />
　　　　</ROW>
　　　　<ROW>
　　　　　　<SEQNO>7</SEQNO>
　　　　　　<LEVEL>03</LEVEL>
　　　　　　<BOLD>1</BOLD>
　　　　　　<項目名稱>未計利息股利之現金流入（流出）</項目名稱>
　　　　　　<項目編號>9007</項目編號>
　　　　　　<預算數>413390835</預算數>
　　　　　　<說明 />
　　　　</ROW>
　　　　<ROW>
　　　　　　<SEQNO>8</SEQNO>
　　　　　　<LEVEL>03</LEVEL>
　　　　　　<BOLD>1</BOLD>
　　　　　　<項目名稱>收取利息</項目名稱>
　　　　　　<項目編號>9008</項目編號>
　　　　　　<預算數>108591630</預算數>
　　　　　　<說明 />
　　　　</ROW>
　　　　<ROW>
　　　　　　<SEQNO>9</SEQNO>
　　　　　　<LEVEL>03</LEVEL>
　　　　　　<BOLD>1</BOLD>
　　　　　　<項目名稱>收取股利</項目名稱>
　　　　　　<項目編號>9009</項目編號>
　　　　　　<預算數>3483650</預算數>
　　　　　　<說明 />
　　　　</ROW>
　　　　<ROW>
　　　　　　<SEQNO>10</SEQNO>
　　　　　　<LEVEL>03</LEVEL>
　　　　　　<BOLD>1</BOLD>
　　　　　　<項目名稱>支付利息</項目名稱>
　　　　　　<項目編號>9010</項目編號>
　　　　　　<預算數>-70877635</預算數>
　　　　　　<說明 />
　　　　</ROW>
　　　　<ROW>
　　　　　　<SEQNO>11</SEQNO>
　　　　　　<LEVEL>03</LEVEL>
　　　　　　<BOLD>1</BOLD>
　　　　　　<項目名稱>支付所得稅</項目名稱>
　　　　　　<項目編號>9012</項目編號>
　　　　　　<預算數>-1682436</預算數>
　　　　　　<說明 />
　　　　</ROW>
　　　　<ROW>
　　　　　　<SEQNO>12</SEQNO>
　　　　　　<LEVEL>02</LEVEL>
　　　　　　<BOLD>1</BOLD>
　　　　　　<項目名稱>營業活動之淨現金流入（流出）</項目名稱>
　　　　　　<項目編號>91</項目編號>
　　　　　　<預算數>452906044</預算數>
　　　　　　<說明 />
　　　　</ROW>
　　　　<ROW>
　　　　　　<SEQNO>13</SEQNO>
　　　　　　<LEVEL>02</LEVEL>
　　　　　　<BOLD>1</BOLD>
　　　　　　<項目名稱>投資活動之現金流量</項目名稱>
　　　　　　<項目編號>92</項目編號>
　　　　　　<預算數 />
　　　　　　<說明 />
　　　　</ROW>
　　　　<ROW>
　　　　　　<SEQNO>14</SEQNO>
　　　　　　<LEVEL>03</LEVEL>
　　　　　　<BOLD>1</BOLD>
　　　　　　<項目名稱>減少投資</項目名稱>
　　　　　　<項目編號>9202</項目編號>
　　　　　　<預算數>15134737</預算數>
　　　　　　<說明>減少投資備供出售金融資產151億3,473萬6千元及無活絡市場之債務商品投資1千元。</說明>
　　　　</ROW>
　　　　<ROW>
　　　　　　<SEQNO>15</SEQNO>
　　　　　　<LEVEL>03</LEVEL>
　　　　　　<BOLD>1</BOLD>
　　　　　　<項目名稱>無形資產及其他資產淨減（淨增）</項目名稱>
　　　　　　<項目編號>9208</項目編號>
　　　　　　<預算數>-418515</預算數>
　　　　　　<說明>"1.購置電腦軟體增加 　1億866萬5千元 2.其他資產增加 　 3億985萬元 "</說明>
　　　　</ROW>
　　　　<ROW>
　　　　　　<SEQNO>16</SEQNO>
　　　　　　<LEVEL>03</LEVEL>
　　　　　　<BOLD>1</BOLD>
　　　　　　<項目名稱>增加投資</項目名稱>
　　　　　　<項目編號>9212</項目編號>
　　　　　　<預算數>-357598163</預算數>
　　　　　　<說明>增加持有至到期日金融資產。</說明>
　　　　</ROW>
　　　　<ROW>
　　　　　　<SEQNO>17</SEQNO>
　　　　　　<LEVEL>03</LEVEL>
　　　　　　<BOLD>1</BOLD>
　　　　　　<項目名稱>增加不動產、廠房及設備</項目名稱>
　　　　　　<項目編號>9215</項目編號>
　　　　　　<預算數>-4415495</預算數>
　　　　　　<說明 />
　　　　</ROW>
　　　　<ROW>
　　　　　　<SEQNO>18</SEQNO>
　　　　　　<LEVEL>02</LEVEL>
　　　　　　<BOLD>1</BOLD>
　　　　　　<項目名稱>投資活動之淨現金流入（流出）</項目名稱>
　　　　　　<項目編號>93</項目編號>
　　　　　　<預算數>-347297436</預算數>
　　　　　　<說明 />
　　　　</ROW>
　　　　<ROW>
　　　　　　<SEQNO>19</SEQNO>
　　　　　　<LEVEL>02</LEVEL>
　　　　　　<BOLD>1</BOLD>
　　　　　　<項目名稱>籌資活動之現金流量</項目名稱>
　　　　　　<項目編號>94</項目編號>
　　　　　　<預算數 />
　　　　　　<說明 />
　　　　</ROW>
　　　　<ROW>
　　　　　　<SEQNO>20</SEQNO>
　　　　　　<LEVEL>03</LEVEL>
　　　　　　<BOLD>1</BOLD>
　　　　　　<項目名稱>發放現金股利</項目名稱>
　　　　　　<項目編號>9414</項目編號>
　　　　　　<預算數>-6366049</預算數>
　　　　　　<說明 />
　　　　</ROW>
　　　　<ROW>
　　　　　　<SEQNO>21</SEQNO>
　　　　　　<LEVEL>02</LEVEL>
　　　　　　<BOLD>1</BOLD>
　　　　　　<項目名稱>籌資活動之淨現金流入（流出）</項目名稱>
　　　　　　<項目編號>95</項目編號>
　　　　　　<預算數>-6366049</預算數>
　　　　　　<說明 />
　　　　</ROW>
　　　　<ROW>
　　　　　　<SEQNO>22</SEQNO>
　　　　　　<LEVEL>02</LEVEL>
　　　　　　<BOLD>1</BOLD>
　　　　　　<項目名稱>現金及約當現金之淨增（淨減）</項目名稱>
　　　　　　<項目編號>97</項目編號>
　　　　　　<預算數>99242559</預算數>
　　　　　　<說明>"1.現金減少 　 69億6,540萬元 2.存放銀行同業增加 1,062億795萬9千元"</說明>
　　　　</ROW>
　　　　<ROW>
　　　　　　<SEQNO>23</SEQNO>
　　　　　　<LEVEL>02</LEVEL>
　　　　　　<BOLD>1</BOLD>
　　　　　　<項目名稱>期初現金及約當現金</項目名稱>
　　　　　　<項目編號>98</項目編號>
　　　　　　<預算數>214827770</預算數>
　　　　　　<說明>包括現金385億8,542萬9千元、3個月內到期之存放銀行同業1,632億4,234萬1千元，及約當現金買入票券130億元。</說明>
　　　　</ROW>
　　　　<ROW>
　　　　　　<SEQNO>24</SEQNO>
　　　　　　<LEVEL>02</LEVEL>
　　　　　　<BOLD>1</BOLD>
　　　　　　<項目名稱>期末現金及約當現金</項目名稱>
　　　　　　<項目編號>99</項目編號>
　　　　　　<預算數>314070329</預算數>
　　　　　　<說明>包括現金316億2,002萬9千元、3個月內到期之存放銀行同業2,694億5,030萬元，及約當現金買入票券130億元。</說明>
　　　　</ROW>
　　</DataSet>
</GenericData>

