<?xml version="1.0" encoding="UTF-8"?>
<tables>
    <BCTMCAR>
        <BCTMCAR_row>
            <bq_fiscalyear>104</bq_fiscalyear>
            <bq_fundkind>1</bq_fundkind>
            <bq_budgetkind>1</bq_budgetkind>
            <bq_specialbudgetno/>
            <bq_agenno>26031001</bq_agenno>
            <bq_agentype>C</bq_agentype>
            <bq_budgetstate>2</bq_budgetstate>
            <bq_budgetno>61260310100</bq_budgetno>
            <bq_objectno>07351500</bq_objectno>
            <bq_carid>040-BQ</bq_carid>
            <bq_persons>2</bq_persons>
            <bq_buydate>10009</bq_buydate>
            <bq_ventsize>12913</bq_ventsize>
            <bq_oilamt>2280</bq_oilamt>
            <bq_oilprice>22.75</bq_oilprice>
            <bq_amt_maintain>28333.00</bq_amt_maintain>
            <bq_amt5>56814.00</bq_amt5>
            <bq_carnum>1</bq_carnum>
            <bq_remark>(總局)</bq_remark>
            <bq_lpgamt>0</bq_lpgamt>
            <bq_lpgprice>0.00</bq_lpgprice>
            <bq_versiondate/>
        </BCTMCAR_row>
        <BCTMCAR_row>
            <bq_fiscalyear>104</bq_fiscalyear>
            <bq_fundkind>1</bq_fundkind>
            <bq_budgetkind>1</bq_budgetkind>
            <bq_specialbudgetno/>
            <bq_agenno>26031001</bq_agenno>
            <bq_agentype>C</bq_agentype>
            <bq_budgetstate>2</bq_budgetstate>
            <bq_budgetno>61260310100</bq_budgetno>
            <bq_objectno>07350100</bq_objectno>
            <bq_carid>2857-QT</bq_carid>
            <bq_persons>4</bq_persons>
            <bq_buydate>96 09</bq_buydate>
            <bq_ventsize>2378</bq_ventsize>
            <bq_oilamt>852</bq_oilamt>
            <bq_oilprice>24.57</bq_oilprice>
            <bq_amt_maintain>51000.00</bq_amt_maintain>
            <bq_amt5>32382.00</bq_amt5>
            <bq_carnum>1</bq_carnum>
            <bq_remark>油氣雙燃料車。(總局)</bq_remark>
            <bq_lpgamt>972</bq_lpgamt>
            <bq_lpgprice>16.52</bq_lpgprice>
            <bq_versiondate/>
        </BCTMCAR_row>
        <BCTMCAR_row>
            <bq_fiscalyear>104</bq_fiscalyear>
            <bq_fundkind>1</bq_fundkind>
            <bq_budgetkind>1</bq_budgetkind>
            <bq_specialbudgetno/>
            <bq_agenno>26031001</bq_agenno>
            <bq_agentype>C</bq_agentype>
            <bq_budgetstate>2</bq_budgetstate>
            <bq_budgetno>61260310100</bq_budgetno>
            <bq_objectno>07350901</bq_objectno>
            <bq_carid>4181-G6</bq_carid>
            <bq_persons>7</bq_persons>
            <bq_buydate>10007</bq_buydate>
            <bq_ventsize>2198</bq_ventsize>
            <bq_oilamt>852</bq_oilamt>
            <bq_oilprice>24.57</bq_oilprice>
            <bq_amt_maintain>29750.00</bq_amt_maintain>
            <bq_amt5>21512.00</bq_amt5>
            <bq_carnum>1</bq_carnum>
            <bq_remark>油氣雙燃料車，100年8月由高雄分局撥入。(總局)</bq_remark>
            <bq_lpgamt>972</bq_lpgamt>
            <bq_lpgprice>16.52</bq_lpgprice>
            <bq_versiondate/>
        </BCTMCAR_row>
        <BCTMCAR_row>
            <bq_fiscalyear>104</bq_fiscalyear>
            <bq_fundkind>1</bq_fundkind>
            <bq_budgetkind>1</bq_budgetkind>
            <bq_specialbudgetno/>
            <bq_agenno>26031001</bq_agenno>
            <bq_agentype>C</bq_agentype>
            <bq_budgetstate>2</bq_budgetstate>
            <bq_budgetno>61260310100</bq_budgetno>
            <bq_objectno>07351200</bq_objectno>
            <bq_carid>4189-YG</bq_carid>
            <bq_persons>2</bq_persons>
            <bq_buydate>99 06</bq_buydate>
            <bq_ventsize>2497</bq_ventsize>
            <bq_oilamt>1668</bq_oilamt>
            <bq_oilprice>22.75</bq_oilprice>
            <bq_amt_maintain>34000.00</bq_amt_maintain>
            <bq_amt5>16059.00</bq_amt5>
            <bq_carnum>1</bq_carnum>
            <bq_remark>(總局)</bq_remark>
            <bq_lpgamt>0</bq_lpgamt>
            <bq_lpgprice>0.00</bq_lpgprice>
            <bq_versiondate/>
        </BCTMCAR_row>
        <BCTMCAR_row>
            <bq_fiscalyear>104</bq_fiscalyear>
            <bq_fundkind>1</bq_fundkind>
            <bq_budgetkind>1</bq_budgetkind>
            <bq_specialbudgetno/>
            <bq_agenno>26031001</bq_agenno>
            <bq_agentype>C</bq_agentype>
            <bq_budgetstate>2</bq_budgetstate>
            <bq_budgetno>61260310100</bq_budgetno>
            <bq_objectno>07350901</bq_objectno>
            <bq_carid>5435-J7</bq_carid>
            <bq_persons>7</bq_persons>
            <bq_buydate>10105</bq_buydate>
            <bq_ventsize>2198</bq_ventsize>
            <bq_oilamt>852</bq_oilamt>
            <bq_oilprice>24.57</bq_oilprice>
            <bq_amt_maintain>25500.00</bq_amt_maintain>
            <bq_amt5>21512.00</bq_amt5>
            <bq_carnum>1</bq_carnum>
            <bq_remark>油氣雙燃料車。(總局)</bq_remark>
            <bq_lpgamt>972</bq_lpgamt>
            <bq_lpgprice>16.52</bq_lpgprice>
            <bq_versiondate/>
        </BCTMCAR_row>
        <BCTMCAR_row>
            <bq_fiscalyear>104</bq_fiscalyear>
            <bq_fundkind>1</bq_fundkind>
            <bq_budgetkind>1</bq_budgetkind>
            <bq_specialbudgetno/>
            <bq_agenno>26031001</bq_agenno>
            <bq_agentype>C</bq_agentype>
            <bq_budgetstate>2</bq_budgetstate>
            <bq_budgetno>61260310100</bq_budgetno>
            <bq_objectno>07350400</bq_objectno>
            <bq_carid>9522-ZU</bq_carid>
            <bq_persons>4</bq_persons>
            <bq_buydate>10006</bq_buydate>
            <bq_ventsize>1798</bq_ventsize>
            <bq_oilamt>852</bq_oilamt>
            <bq_oilprice>24.57</bq_oilprice>
            <bq_amt_maintain>30458.00</bq_amt_maintain>
            <bq_amt5>15081.00</bq_amt5>
            <bq_carnum>1</bq_carnum>
            <bq_remark>油氣雙燃料車。(總局)</bq_remark>
            <bq_lpgamt>972</bq_lpgamt>
            <bq_lpgprice>16.52</bq_lpgprice>
            <bq_versiondate/>
        </BCTMCAR_row>
        <BCTMCAR_row>
            <bq_fiscalyear>104</bq_fiscalyear>
            <bq_fundkind>1</bq_fundkind>
            <bq_budgetkind>1</bq_budgetkind>
            <bq_specialbudgetno/>
            <bq_agenno>26031001</bq_agenno>
            <bq_agentype>C</bq_agentype>
            <bq_budgetstate>2</bq_budgetstate>
            <bq_budgetno>61260310100</bq_budgetno>
            <bq_objectno>07350400</bq_objectno>
            <bq_carid>9523-ZU</bq_carid>
            <bq_persons>4</bq_persons>
            <bq_buydate>10006</bq_buydate>
            <bq_ventsize>1798</bq_ventsize>
            <bq_oilamt>852</bq_oilamt>
            <bq_oilprice>24.57</bq_oilprice>
            <bq_amt_maintain>30458.00</bq_amt_maintain>
            <bq_amt5>15081.00</bq_amt5>
            <bq_carnum>1</bq_carnum>
            <bq_remark>油氣雙燃料車。(總局)</bq_remark>
            <bq_lpgamt>972</bq_lpgamt>
            <bq_lpgprice>16.52</bq_lpgprice>
            <bq_versiondate/>
        </BCTMCAR_row>
        <BCTMCAR_row>
            <bq_fiscalyear>104</bq_fiscalyear>
            <bq_fundkind>1</bq_fundkind>
            <bq_budgetkind>1</bq_budgetkind>
            <bq_specialbudgetno/>
            <bq_agenno>26031001</bq_agenno>
            <bq_agentype>C</bq_agentype>
            <bq_budgetstate>2</bq_budgetstate>
            <bq_budgetno>61260310100</bq_budgetno>
            <bq_objectno>07350901</bq_objectno>
            <bq_carid>AAC-8632</bq_carid>
            <bq_persons>7</bq_persons>
            <bq_buydate>10205</bq_buydate>
            <bq_ventsize>2198</bq_ventsize>
            <bq_oilamt>852</bq_oilamt>
            <bq_oilprice>24.57</bq_oilprice>
            <bq_amt_maintain>19833.00</bq_amt_maintain>
            <bq_amt5>21512.00</bq_amt5>
            <bq_carnum>1</bq_carnum>
            <bq_remark>油氣雙燃料車。(總局)</bq_remark>
            <bq_lpgamt>972</bq_lpgamt>
            <bq_lpgprice>16.52</bq_lpgprice>
            <bq_versiondate/>
        </BCTMCAR_row>
        <BCTMCAR_row>
            <bq_fiscalyear>104</bq_fiscalyear>
            <bq_fundkind>1</bq_fundkind>
            <bq_budgetkind>1</bq_budgetkind>
            <bq_specialbudgetno/>
            <bq_agenno>26031001</bq_agenno>
            <bq_agentype>C</bq_agentype>
            <bq_budgetstate>2</bq_budgetstate>
            <bq_budgetno>61260310100</bq_budgetno>
            <bq_objectno>07350901</bq_objectno>
            <bq_carid>AAC-8650</bq_carid>
            <bq_persons>7</bq_persons>
            <bq_buydate>10205</bq_buydate>
            <bq_ventsize>2198</bq_ventsize>
            <bq_oilamt>852</bq_oilamt>
            <bq_oilprice>24.57</bq_oilprice>
            <bq_amt_maintain>19833.00</bq_amt_maintain>
            <bq_amt5>21512.00</bq_amt5>
            <bq_carnum>1</bq_carnum>
            <bq_remark>油氣雙燃料車。(總局)</bq_remark>
            <bq_lpgamt>972</bq_lpgamt>
            <bq_lpgprice>16.52</bq_lpgprice>
            <bq_versiondate/>
        </BCTMCAR_row>
        <BCTMCAR_row>
            <bq_fiscalyear>104</bq_fiscalyear>
            <bq_fundkind>1</bq_fundkind>
            <bq_budgetkind>1</bq_budgetkind>
            <bq_specialbudgetno/>
            <bq_agenno>26031001</bq_agenno>
            <bq_agentype>C</bq_agentype>
            <bq_budgetstate>2</bq_budgetstate>
            <bq_budgetno>61260310100</bq_budgetno>
            <bq_objectno>07350600</bq_objectno>
            <bq_carid>BE-517</bq_carid>
            <bq_persons>21</bq_persons>
            <bq_buydate>87 10</bq_buydate>
            <bq_ventsize>3907</bq_ventsize>
            <bq_oilamt>1668</bq_oilamt>
            <bq_oilprice>22.75</bq_oilprice>
            <bq_amt_maintain>51000.00</bq_amt_maintain>
            <bq_amt5>22159.00</bq_amt5>
            <bq_carnum>1</bq_carnum>
            <bq_remark>(總局)</bq_remark>
            <bq_lpgamt>0</bq_lpgamt>
            <bq_lpgprice>0.00</bq_lpgprice>
            <bq_versiondate/>
        </BCTMCAR_row>
        <BCTMCAR_row>
            <bq_fiscalyear>104</bq_fiscalyear>
            <bq_fundkind>1</bq_fundkind>
            <bq_budgetkind>1</bq_budgetkind>
            <bq_specialbudgetno/>
            <bq_agenno>26031001</bq_agenno>
            <bq_agentype>C</bq_agentype>
            <bq_budgetstate>2</bq_budgetstate>
            <bq_budgetno>61260310100</bq_budgetno>
            <bq_objectno>07350800</bq_objectno>
            <bq_carid>DK-2743</bq_carid>
            <bq_persons>4</bq_persons>
            <bq_buydate>08710</bq_buydate>
            <bq_ventsize>1597</bq_ventsize>
            <bq_oilamt>1529</bq_oilamt>
            <bq_oilprice>24.57</bq_oilprice>
            <bq_amt_maintain>8500.00</bq_amt_maintain>
            <bq_amt5>21062.00</bq_amt5>
            <bq_carnum>1</bq_carnum>
            <bq_remark>預計104年2月汰換為7-8人座客貨兩用車。(總局)</bq_remark>
            <bq_lpgamt>0</bq_lpgamt>
            <bq_lpgprice>0.00</bq_lpgprice>
            <bq_versiondate/>
        </BCTMCAR_row>
    </BCTMCAR>
</tables>
