<?xml version="1.0" encoding="UTF-8"?>
<GenericData>
　　<Header>
　　　　<Table Id="FNWBREMAIN" Name="盈虧撥補預計表" Domain="PBA" />
　　　　<Program Id="PBABR070_A" />
　　　　<Sender Name="中央造幣廠" />
　　　　<報表名稱>盈虧撥補預計表</報表名稱>
　　　　<年度>105</年度>
　　　　<基金>中央造幣廠</基金>
　　　　<階段>預算案</階段>
　　　　<版本>1</版本>
　　　　<單位>新臺幣千元</單位>
　　</Header>
　　<DataSet>
　　　　<ROW>
　　　　　　<SEQNO>1</SEQNO>
　　　　　　<LEVEL>2</LEVEL>
　　　　　　<BOLD>1</BOLD>
　　　　　　<項目名稱>盈餘之部</項目名稱>
　　　　　　<項目編號>81</項目編號>
　　　　　　<預算數>172469</預算數>
　　　　　　<說明 />
　　　　</ROW>
　　　　<ROW>
　　　　　　<SEQNO>2</SEQNO>
　　　　　　<LEVEL>3</LEVEL>
　　　　　　<BOLD>1</BOLD>
　　　　　　<項目名稱>本期淨利</項目名稱>
　　　　　　<項目編號>8101</項目編號>
　　　　　　<預算數>172469</預算數>
　　　　　　<說明 />
　　　　</ROW>
　　　　<ROW>
　　　　　　<SEQNO>3</SEQNO>
　　　　　　<LEVEL>2</LEVEL>
　　　　　　<BOLD>1</BOLD>
　　　　　　<項目名稱>分配之部</項目名稱>
　　　　　　<項目編號>82</項目編號>
　　　　　　<預算數>172469</預算數>
　　　　　　<說明 />
　　　　</ROW>
　　　　<ROW>
　　　　　　<SEQNO>4</SEQNO>
　　　　　　<LEVEL>3</LEVEL>
　　　　　　<BOLD>1</BOLD>
　　　　　　<項目名稱>轉投資機關所得者</項目名稱>
　　　　　　<項目編號>8203</項目編號>
　　　　　　<預算數>155222</預算數>
　　　　　　<說明 />
　　　　</ROW>
　　　　<ROW>
　　　　　　<SEQNO>5</SEQNO>
　　　　　　<LEVEL>4</LEVEL>
　　　　　　<BOLD>0</BOLD>
　　　　　　<項目名稱>股（官）息紅利</項目名稱>
　　　　　　<項目編號>820301</項目編號>
　　　　　　<預算數>155222</預算數>
　　　　　　<說明>按本年度本期淨利172,469千元扣除法定公積17,247千元後，餘數155,222千元悉解繳中央銀行。</說明>
　　　　</ROW>
　　　　<ROW>
　　　　　　<SEQNO>6</SEQNO>
　　　　　　<LEVEL>3</LEVEL>
　　　　　　<BOLD>1</BOLD>
　　　　　　<項目名稱>留存事業機關者</項目名稱>
　　　　　　<項目編號>8207</項目編號>
　　　　　　<預算數>17247</預算數>
　　　　　　<說明 />
　　　　</ROW>
　　　　<ROW>
　　　　　　<SEQNO>7</SEQNO>
　　　　　　<LEVEL>4</LEVEL>
　　　　　　<BOLD>0</BOLD>
　　　　　　<項目名稱>法定公積</項目名稱>
　　　　　　<項目編號>820703</項目編號>
　　　　　　<預算數>17247</預算數>
　　　　　　<說明>係按本年度本期淨利172,469千元提列10%，計17,247千元。</說明>
　　　　</ROW>
　　</DataSet>
</GenericData>

