<?xml version="1.0" encoding="UTF-8"?>
<tables>
    <BCTDMANAMT>
        <BCTDMANAMT_row>
            <bn_fiscalyear>105</bn_fiscalyear>
            <bn_fundkind>1</bn_fundkind>
            <bn_budgetkind>1</bn_budgetkind>
            <bn_specialbudgetno/>
            <bn_agenno>26031007</bn_agenno>
            <bn_agentype>C</bn_agentype>
            <bn_budgetstate>2</bn_budgetstate>
            <bn_budgetsource>1</bn_budgetsource>
            <bn_man1>72</bn_man1>
            <bn_man1_l>73</bn_man1_l>
            <bn_man2>0</bn_man2>
            <bn_man2_l>0</bn_man2_l>
            <bn_man3>4</bn_man3>
            <bn_man3_l>4</bn_man3_l>
            <bn_man4>6</bn_man4>
            <bn_man4_l>7</bn_man4_l>
            <bn_man5>5</bn_man5>
            <bn_man5_l>5</bn_man5_l>
            <bn_man6>6</bn_man6>
            <bn_man6_l>6</bn_man6_l>
            <bn_man7>0</bn_man7>
            <bn_man7_l>0</bn_man7_l>
            <bn_man8>0</bn_man8>
            <bn_man8_l>0</bn_man8_l>
            <bn_man9>3</bn_man9>
            <bn_man9_l>3</bn_man9_l>
            <bn_man10>0</bn_man10>
            <bn_man10_l>0</bn_man10_l>
            <bn_man11>0</bn_man11>
            <bn_man11_l>0</bn_man11_l>
            <bn_amt_man>90046000.00</bn_amt_man>
            <bn_amt_mngbsn>91891000.00</bn_amt_mngbsn>
            <bn_text>&amp;lt;#H1&amp;gt;年需經費包括相關人員之人事費，惟不含加班值班費。&#xd;
&amp;lt;#H1&amp;gt;本年度96人較上年度98人，減列職員1人、工友1人。&#xd;
&amp;lt;#H1&amp;gt;本年度非以人事費支付之「勞務承攬」支出包括:&#xd;
&amp;lt;#H2&amp;gt;「一般行政」計畫預計1人493千元。&#xd;
&amp;lt;#H2&amp;gt;「標準檢驗及度政管理」計畫預計1人424千元。&#xd;
&amp;lt;#H2&amp;gt;以上，共預計2人917千元。</bn_text>
            <display_name>61260310100 一般行政</display_name>
        </BCTDMANAMT_row>
    </BCTDMANAMT>
</tables>
