<?xml version="1.0" encoding="UTF-8"?>
<tables>
    <BCTMCAR>
        <BCTMCAR_row>
            <bq_fiscalyear>105</bq_fiscalyear>
            <bq_fundkind>1</bq_fundkind>
            <bq_budgetkind>1</bq_budgetkind>
            <bq_specialbudgetno/>
            <bq_agenno>23017046</bq_agenno>
            <bq_agentype>C</bq_agentype>
            <bq_budgetstate>1</bq_budgetstate>
            <bq_budgetno>35230174100</bq_budgetno>
            <bq_objectno>07351600</bq_objectno>
            <bq_carid>2</bq_carid>
            <bq_persons>1</bq_persons>
            <bq_buydate>09405</bq_buydate>
            <bq_ventsize>125</bq_ventsize>
            <bq_oilamt>792</bq_oilamt>
            <bq_oilprice>25.70</bq_oilprice>
            <bq_amt_maintain>5100.00</bq_amt_maintain>
            <bq_amt5>2952.00</bq_amt5>
            <bq_carnum>3</bq_carnum>
            <bq_remark>G5X-291、G5X-292、G5X-293。</bq_remark>
            <bq_lpgamt>0</bq_lpgamt>
            <bq_lpgprice>0.00</bq_lpgprice>
            <bq_versiondate/>
        </BCTMCAR_row>
        <BCTMCAR_row>
            <bq_fiscalyear>105</bq_fiscalyear>
            <bq_fundkind>1</bq_fundkind>
            <bq_budgetkind>1</bq_budgetkind>
            <bq_specialbudgetno/>
            <bq_agenno>23017046</bq_agenno>
            <bq_agentype>C</bq_agentype>
            <bq_budgetstate>1</bq_budgetstate>
            <bq_budgetno>35230174100</bq_budgetno>
            <bq_objectno>07351600</bq_objectno>
            <bq_carid>3</bq_carid>
            <bq_persons>1</bq_persons>
            <bq_buydate>09505</bq_buydate>
            <bq_ventsize>125</bq_ventsize>
            <bq_oilamt>792</bq_oilamt>
            <bq_oilprice>25.70</bq_oilprice>
            <bq_amt_maintain>5100.00</bq_amt_maintain>
            <bq_amt5>2952.00</bq_amt5>
            <bq_carnum>3</bq_carnum>
            <bq_remark>P2A-316、P2A-317、P2A-318。</bq_remark>
            <bq_lpgamt>0</bq_lpgamt>
            <bq_lpgprice>0.00</bq_lpgprice>
            <bq_versiondate/>
        </BCTMCAR_row>
        <BCTMCAR_row>
            <bq_fiscalyear>105</bq_fiscalyear>
            <bq_fundkind>1</bq_fundkind>
            <bq_budgetkind>1</bq_budgetkind>
            <bq_specialbudgetno/>
            <bq_agenno>23017046</bq_agenno>
            <bq_agentype>C</bq_agentype>
            <bq_budgetstate>1</bq_budgetstate>
            <bq_budgetno>35230174100</bq_budgetno>
            <bq_objectno>07351600</bq_objectno>
            <bq_carid>4</bq_carid>
            <bq_persons>1</bq_persons>
            <bq_buydate>09607</bq_buydate>
            <bq_ventsize>125</bq_ventsize>
            <bq_oilamt>264</bq_oilamt>
            <bq_oilprice>25.70</bq_oilprice>
            <bq_amt_maintain>1700.00</bq_amt_maintain>
            <bq_amt5>984.00</bq_amt5>
            <bq_carnum>1</bq_carnum>
            <bq_remark>630-BWT。</bq_remark>
            <bq_lpgamt>0</bq_lpgamt>
            <bq_lpgprice>0.00</bq_lpgprice>
            <bq_versiondate/>
        </BCTMCAR_row>
        <BCTMCAR_row>
            <bq_fiscalyear>105</bq_fiscalyear>
            <bq_fundkind>1</bq_fundkind>
            <bq_budgetkind>1</bq_budgetkind>
            <bq_specialbudgetno/>
            <bq_agenno>23017046</bq_agenno>
            <bq_agentype>C</bq_agentype>
            <bq_budgetstate>1</bq_budgetstate>
            <bq_budgetno>35230174100</bq_budgetno>
            <bq_objectno>07351600</bq_objectno>
            <bq_carid>5</bq_carid>
            <bq_persons>1</bq_persons>
            <bq_buydate>09705</bq_buydate>
            <bq_ventsize>125</bq_ventsize>
            <bq_oilamt>264</bq_oilamt>
            <bq_oilprice>25.70</bq_oilprice>
            <bq_amt_maintain>1700.00</bq_amt_maintain>
            <bq_amt5>984.00</bq_amt5>
            <bq_carnum>1</bq_carnum>
            <bq_remark>890-DRT。</bq_remark>
            <bq_lpgamt>0</bq_lpgamt>
            <bq_lpgprice>0.00</bq_lpgprice>
            <bq_versiondate/>
        </BCTMCAR_row>
        <BCTMCAR_row>
            <bq_fiscalyear>105</bq_fiscalyear>
            <bq_fundkind>1</bq_fundkind>
            <bq_budgetkind>1</bq_budgetkind>
            <bq_specialbudgetno/>
            <bq_agenno>23017046</bq_agenno>
            <bq_agentype>C</bq_agentype>
            <bq_budgetstate>1</bq_budgetstate>
            <bq_budgetno>35230174100</bq_budgetno>
            <bq_objectno>07351500</bq_objectno>
            <bq_carid>6521-WA</bq_carid>
            <bq_persons>6</bq_persons>
            <bq_buydate>09709</bq_buydate>
            <bq_ventsize>1998</bq_ventsize>
            <bq_oilamt>1416</bq_oilamt>
            <bq_oilprice>25.70</bq_oilprice>
            <bq_amt_maintain>51000.00</bq_amt_maintain>
            <bq_amt5>5400.00</bq_amt5>
            <bq_carnum>1</bq_carnum>
            <bq_remark>救護車。</bq_remark>
            <bq_lpgamt>0</bq_lpgamt>
            <bq_lpgprice>0.00</bq_lpgprice>
            <bq_versiondate/>
        </BCTMCAR_row>
        <BCTMCAR_row>
            <bq_fiscalyear>105</bq_fiscalyear>
            <bq_fundkind>1</bq_fundkind>
            <bq_budgetkind>1</bq_budgetkind>
            <bq_specialbudgetno/>
            <bq_agenno>23017046</bq_agenno>
            <bq_agentype>C</bq_agentype>
            <bq_budgetstate>1</bq_budgetstate>
            <bq_budgetno>35230174100</bq_budgetno>
            <bq_objectno>07351800</bq_objectno>
            <bq_carid>7500-WE</bq_carid>
            <bq_persons>4</bq_persons>
            <bq_buydate>09805</bq_buydate>
            <bq_ventsize>1997</bq_ventsize>
            <bq_oilamt>1416</bq_oilamt>
            <bq_oilprice>25.70</bq_oilprice>
            <bq_amt_maintain>51000.00</bq_amt_maintain>
            <bq_amt5>16528.00</bq_amt5>
            <bq_carnum>1</bq_carnum>
            <bq_remark/>
            <bq_lpgamt>0</bq_lpgamt>
            <bq_lpgprice>0.00</bq_lpgprice>
            <bq_versiondate/>
        </BCTMCAR_row>
        <BCTMCAR_row>
            <bq_fiscalyear>105</bq_fiscalyear>
            <bq_fundkind>1</bq_fundkind>
            <bq_budgetkind>1</bq_budgetkind>
            <bq_specialbudgetno/>
            <bq_agenno>23017046</bq_agenno>
            <bq_agentype>C</bq_agentype>
            <bq_budgetstate>1</bq_budgetstate>
            <bq_budgetno>35230174100</bq_budgetno>
            <bq_objectno>07351800</bq_objectno>
            <bq_carid>ALY-8993</bq_carid>
            <bq_persons>7</bq_persons>
            <bq_buydate>10405</bq_buydate>
            <bq_ventsize>2198</bq_ventsize>
            <bq_oilamt>1416</bq_oilamt>
            <bq_oilprice>25.70</bq_oilprice>
            <bq_amt_maintain>8500.00</bq_amt_maintain>
            <bq_amt5>23689.00</bq_amt5>
            <bq_carnum>1</bq_carnum>
            <bq_remark/>
            <bq_lpgamt>0</bq_lpgamt>
            <bq_lpgprice>0.00</bq_lpgprice>
            <bq_versiondate/>
        </BCTMCAR_row>
        <BCTMCAR_row>
            <bq_fiscalyear>105</bq_fiscalyear>
            <bq_fundkind>1</bq_fundkind>
            <bq_budgetkind>1</bq_budgetkind>
            <bq_specialbudgetno/>
            <bq_agenno>23017046</bq_agenno>
            <bq_agentype>C</bq_agentype>
            <bq_budgetstate>1</bq_budgetstate>
            <bq_budgetno>35230174100</bq_budgetno>
            <bq_objectno>07351000</bq_objectno>
            <bq_carid>F6-496</bq_carid>
            <bq_persons>2</bq_persons>
            <bq_buydate>08711</bq_buydate>
            <bq_ventsize>6728</bq_ventsize>
            <bq_oilamt>1944</bq_oilamt>
            <bq_oilprice>22.20</bq_oilprice>
            <bq_amt_maintain>51000.00</bq_amt_maintain>
            <bq_amt5>34283.00</bq_amt5>
            <bq_carnum>1</bq_carnum>
            <bq_remark/>
            <bq_lpgamt>0</bq_lpgamt>
            <bq_lpgprice>0.00</bq_lpgprice>
            <bq_versiondate/>
        </BCTMCAR_row>
        <BCTMCAR_row>
            <bq_fiscalyear>105</bq_fiscalyear>
            <bq_fundkind>1</bq_fundkind>
            <bq_budgetkind>1</bq_budgetkind>
            <bq_specialbudgetno/>
            <bq_agenno>23017046</bq_agenno>
            <bq_agentype>C</bq_agentype>
            <bq_budgetstate>1</bq_budgetstate>
            <bq_budgetno>35230174100</bq_budgetno>
            <bq_objectno>07351500</bq_objectno>
            <bq_carid>F6-498</bq_carid>
            <bq_persons>2</bq_persons>
            <bq_buydate>08711</bq_buydate>
            <bq_ventsize>5307</bq_ventsize>
            <bq_oilamt>1416</bq_oilamt>
            <bq_oilprice>22.20</bq_oilprice>
            <bq_amt_maintain>51000.00</bq_amt_maintain>
            <bq_amt5>8424.00</bq_amt5>
            <bq_carnum>1</bq_carnum>
            <bq_remark>垃圾車。</bq_remark>
            <bq_lpgamt>0</bq_lpgamt>
            <bq_lpgprice>0.00</bq_lpgprice>
            <bq_versiondate/>
        </BCTMCAR_row>
        <BCTMCAR_row>
            <bq_fiscalyear>105</bq_fiscalyear>
            <bq_fundkind>1</bq_fundkind>
            <bq_budgetkind>1</bq_budgetkind>
            <bq_specialbudgetno/>
            <bq_agenno>23017046</bq_agenno>
            <bq_agentype>C</bq_agentype>
            <bq_budgetstate>1</bq_budgetstate>
            <bq_budgetno>35230174100</bq_budgetno>
            <bq_objectno>07351500</bq_objectno>
            <bq_carid>F6-842</bq_carid>
            <bq_persons>0</bq_persons>
            <bq_buydate>08803</bq_buydate>
            <bq_ventsize>6925</bq_ventsize>
            <bq_oilamt>1944</bq_oilamt>
            <bq_oilprice>22.20</bq_oilprice>
            <bq_amt_maintain>51000.00</bq_amt_maintain>
            <bq_amt5>2522.00</bq_amt5>
            <bq_carnum>1</bq_carnum>
            <bq_remark>消防車。</bq_remark>
            <bq_lpgamt>0</bq_lpgamt>
            <bq_lpgprice>0.00</bq_lpgprice>
            <bq_versiondate/>
        </BCTMCAR_row>
        <BCTMCAR_row>
            <bq_fiscalyear>105</bq_fiscalyear>
            <bq_fundkind>1</bq_fundkind>
            <bq_budgetkind>1</bq_budgetkind>
            <bq_specialbudgetno/>
            <bq_agenno>23017046</bq_agenno>
            <bq_agentype>C</bq_agentype>
            <bq_budgetstate>1</bq_budgetstate>
            <bq_budgetno>35230174100</bq_budgetno>
            <bq_objectno>07351400</bq_objectno>
            <bq_carid>WX-029</bq_carid>
            <bq_persons>22</bq_persons>
            <bq_buydate>09307</bq_buydate>
            <bq_ventsize>4104</bq_ventsize>
            <bq_oilamt>1416</bq_oilamt>
            <bq_oilprice>22.20</bq_oilprice>
            <bq_amt_maintain>51000.00</bq_amt_maintain>
            <bq_amt5>13597.00</bq_amt5>
            <bq_carnum>1</bq_carnum>
            <bq_remark/>
            <bq_lpgamt>0</bq_lpgamt>
            <bq_lpgprice>0.00</bq_lpgprice>
            <bq_versiondate/>
        </BCTMCAR_row>
    </BCTMCAR>
</tables>
