<?xml version="1.0" encoding="UTF-8"?>
<GenericData>
　　<Header>
　　　　<Table Id="FNWXBREMAIN" Name="附屬單位預算(營業部分)盈虧撥補綜計表（依撥補項目分列）" Domain="PBA" />
　　　　<Program Id="PBAGR070_D" />
　　　　<Sender Name="營業基金" />
　　　　<報表名稱>附屬單位預算(營業部分)盈虧撥補綜計表（依撥補項目分列）</報表名稱>
　　　　<年度>103</年度>
　　　　<基金>營業基金</基金>
　　　　<階段>預算案</階段>
　　　　<版本>1</版本>
　　　　<單位>新臺幣千元</單位>
　　</Header>
　　<DataSet>
　　　　<ROW>
　　　　　　<SEQNO>1</SEQNO>
　　　　　　<LEVEL>02</LEVEL>
　　　　　　<BOLD>1</BOLD>
　　　　　　<前年度決算數-金額>359,195,747</前年度決算數-金額>
　　　　　　<前年度決算數-百分比>100</前年度決算數-百分比>
　　　　　　<科目>盈餘之部</科目>
　　　　　　<本年度預算數-金額>267,467,953</本年度預算數-金額>
　　　　　　<本年度預算數-百分比>100</本年度預算數-百分比>
　　　　　　<上年度預算數-金額>267,297,469</上年度預算數-金額>
　　　　　　<上年度預算數-百分比>100</上年度預算數-百分比>
　　　　　　<比較增減百分比>0.06</比較增減百分比>
　　　　</ROW>
　　　　<ROW>
　　　　　　<SEQNO>2</SEQNO>
　　　　　　<LEVEL>03</LEVEL>
　　　　　　<BOLD>0</BOLD>
　　　　　　<前年度決算數-金額>275,219,526</前年度決算數-金額>
　　　　　　<前年度決算數-百分比>76.62</前年度決算數-百分比>
　　　　　　<科目>本期淨利</科目>
　　　　　　<本年度預算數-金額>181,650,045</本年度預算數-金額>
　　　　　　<本年度預算數-百分比>67.91</本年度預算數-百分比>
　　　　　　<上年度預算數-金額>183,288,863</上年度預算數-金額>
　　　　　　<上年度預算數-百分比>68.57</上年度預算數-百分比>
　　　　　　<比較增減百分比>-0.89</比較增減百分比>
　　　　</ROW>
　　　　<ROW>
　　　　　　<SEQNO>3</SEQNO>
　　　　　　<LEVEL>03</LEVEL>
　　　　　　<BOLD>0</BOLD>
　　　　　　<前年度決算數-金額>82,423,221</前年度決算數-金額>
　　　　　　<前年度決算數-百分比>22.95</前年度決算數-百分比>
　　　　　　<科目>累積盈餘</科目>
　　　　　　<本年度預算數-金額>82,567,000</本年度預算數-金額>
　　　　　　<本年度預算數-百分比>30.87</本年度預算數-百分比>
　　　　　　<上年度預算數-金額>81,660,200</上年度預算數-金額>
　　　　　　<上年度預算數-百分比>30.55</上年度預算數-百分比>
　　　　　　<比較增減百分比>1.11</比較增減百分比>
　　　　</ROW>
　　　　<ROW>
　　　　　　<SEQNO>4</SEQNO>
　　　　　　<LEVEL>03</LEVEL>
　　　　　　<BOLD>0</BOLD>
　　　　　　<前年度決算數-金額 />
　　　　　　<前年度決算數-百分比 />
　　　　　　<科目>追溯適用及追溯重編之影響數</科目>
　　　　　　<本年度預算數-金額 />
　　　　　　<本年度預算數-百分比 />
　　　　　　<上年度預算數-金額 />
　　　　　　<上年度預算數-百分比 />
　　　　　　<比較增減百分比 />
　　　　</ROW>
　　　　<ROW>
　　　　　　<SEQNO>5</SEQNO>
　　　　　　<LEVEL>03</LEVEL>
　　　　　　<BOLD>0</BOLD>
　　　　　　<前年度決算數-金額>1,553,000</前年度決算數-金額>
　　　　　　<前年度決算數-百分比>0.43</前年度決算數-百分比>
　　　　　　<科目>公積轉列數</科目>
　　　　　　<本年度預算數-金額>399,000</本年度預算數-金額>
　　　　　　<本年度預算數-百分比>0.15</本年度預算數-百分比>
　　　　　　<上年度預算數-金額>6,199</上年度預算數-金額>
　　　　　　<上年度預算數-百分比>-</上年度預算數-百分比>
　　　　　　<比較增減百分比>6,336.52</比較增減百分比>
　　　　</ROW>
　　　　<ROW>
　　　　　　<SEQNO>6</SEQNO>
　　　　　　<LEVEL>03</LEVEL>
　　　　　　<BOLD>0</BOLD>
　　　　　　<前年度決算數-金額 />
　　　　　　<前年度決算數-百分比 />
　　　　　　<科目>出售庫藏股票損失</科目>
　　　　　　<本年度預算數-金額 />
　　　　　　<本年度預算數-百分比 />
　　　　　　<上年度預算數-金額 />
　　　　　　<上年度預算數-百分比 />
　　　　　　<比較增減百分比 />
　　　　</ROW>
　　　　<ROW>
　　　　　　<SEQNO>7</SEQNO>
　　　　　　<LEVEL>03</LEVEL>
　　　　　　<BOLD>0</BOLD>
　　　　　　<前年度決算數-金額 />
　　　　　　<前年度決算數-百分比 />
　　　　　　<科目>其他綜合損益轉入數</科目>
　　　　　　<本年度預算數-金額 />
　　　　　　<本年度預算數-百分比 />
　　　　　　<上年度預算數-金額 />
　　　　　　<上年度預算數-百分比 />
　　　　　　<比較增減百分比 />
　　　　</ROW>
　　　　<ROW>
　　　　　　<SEQNO>8</SEQNO>
　　　　　　<LEVEL>03</LEVEL>
　　　　　　<BOLD>0</BOLD>
　　　　　　<前年度決算數-金額 />
　　　　　　<前年度決算數-百分比 />
　　　　　　<科目>首次採用國際財務報導準則調整數轉列數</科目>
　　　　　　<本年度預算數-金額>2,851,908</本年度預算數-金額>
　　　　　　<本年度預算數-百分比>1.07</本年度預算數-百分比>
　　　　　　<上年度預算數-金額>2,342,207</上年度預算數-金額>
　　　　　　<上年度預算數-百分比>0.88</上年度預算數-百分比>
　　　　　　<比較增減百分比>21.76</比較增減百分比>
　　　　</ROW>
　　　　<ROW>
　　　　　　<SEQNO>9</SEQNO>
　　　　　　<LEVEL>02</LEVEL>
　　　　　　<BOLD>1</BOLD>
　　　　　　<前年度決算數-金額>359,195,747</前年度決算數-金額>
　　　　　　<前年度決算數-百分比>100</前年度決算數-百分比>
　　　　　　<科目>分配之部</科目>
　　　　　　<本年度預算數-金額>267,467,953</本年度預算數-金額>
　　　　　　<本年度預算數-百分比>100</本年度預算數-百分比>
　　　　　　<上年度預算數-金額>267,297,469</上年度預算數-金額>
　　　　　　<上年度預算數-百分比>100</上年度預算數-百分比>
　　　　　　<比較增減百分比>0.06</比較增減百分比>
　　　　</ROW>
　　　　<ROW>
　　　　　　<SEQNO>10</SEQNO>
　　　　　　<LEVEL>03</LEVEL>
　　　　　　<BOLD>1</BOLD>
　　　　　　<前年度決算數-金額>211,384,337</前年度決算數-金額>
　　　　　　<前年度決算數-百分比>58.85</前年度決算數-百分比>
　　　　　　<科目>中央政府所得者</科目>
　　　　　　<本年度預算數-金額>205,939,193</本年度預算數-金額>
　　　　　　<本年度預算數-百分比>77.00</本年度預算數-百分比>
　　　　　　<上年度預算數-金額>204,848,271</上年度預算數-金額>
　　　　　　<上年度預算數-百分比>76.64</上年度預算數-百分比>
　　　　　　<比較增減百分比>0.53</比較增減百分比>
　　　　</ROW>
　　　　<ROW>
　　　　　　<SEQNO>11</SEQNO>
　　　　　　<LEVEL>04</LEVEL>
　　　　　　<BOLD>1</BOLD>
　　　　　　<前年度決算數-金額>211,384,337</前年度決算數-金額>
　　　　　　<前年度決算數-百分比>58.85</前年度決算數-百分比>
　　　　　　<科目>股（官）息紅利</科目>
　　　　　　<本年度預算數-金額>205,939,193</本年度預算數-金額>
　　　　　　<本年度預算數-百分比>77.00</本年度預算數-百分比>
　　　　　　<上年度預算數-金額>204,848,271</上年度預算數-金額>
　　　　　　<上年度預算數-百分比>76.64</上年度預算數-百分比>
　　　　　　<比較增減百分比>0.53</比較增減百分比>
　　　　</ROW>
　　　　<ROW>
　　　　　　<SEQNO>12</SEQNO>
　　　　　　<LEVEL>03</LEVEL>
　　　　　　<BOLD>1</BOLD>
　　　　　　<前年度決算數-金額>27</前年度決算數-金額>
　　　　　　<前年度決算數-百分比>-</前年度決算數-百分比>
　　　　　　<科目>地方政府所得者</科目>
　　　　　　<本年度預算數-金額>29</本年度預算數-金額>
　　　　　　<本年度預算數-百分比>-</本年度預算數-百分比>
　　　　　　<上年度預算數-金額>22</上年度預算數-金額>
　　　　　　<上年度預算數-百分比>-</上年度預算數-百分比>
　　　　　　<比較增減百分比>31.82</比較增減百分比>
　　　　</ROW>
　　　　<ROW>
　　　　　　<SEQNO>13</SEQNO>
　　　　　　<LEVEL>04</LEVEL>
　　　　　　<BOLD>1</BOLD>
　　　　　　<前年度決算數-金額>27</前年度決算數-金額>
　　　　　　<前年度決算數-百分比>-</前年度決算數-百分比>
　　　　　　<科目>股（官）息紅利</科目>
　　　　　　<本年度預算數-金額>29</本年度預算數-金額>
　　　　　　<本年度預算數-百分比>-</本年度預算數-百分比>
　　　　　　<上年度預算數-金額>22</上年度預算數-金額>
　　　　　　<上年度預算數-百分比>-</上年度預算數-百分比>
　　　　　　<比較增減百分比>31.82</比較增減百分比>
　　　　</ROW>
　　　　<ROW>
　　　　　　<SEQNO>14</SEQNO>
　　　　　　<LEVEL>03</LEVEL>
　　　　　　<BOLD>1</BOLD>
　　　　　　<前年度決算數-金額 />
　　　　　　<前年度決算數-百分比 />
　　　　　　<科目>轉投資機關所得者</科目>
　　　　　　<本年度預算數-金額 />
　　　　　　<本年度預算數-百分比 />
　　　　　　<上年度預算數-金額 />
　　　　　　<上年度預算數-百分比 />
　　　　　　<比較增減百分比 />
　　　　</ROW>
　　　　<ROW>
　　　　　　<SEQNO>15</SEQNO>
　　　　　　<LEVEL>04</LEVEL>
　　　　　　<BOLD>1</BOLD>
　　　　　　<前年度決算數-金額 />
　　　　　　<前年度決算數-百分比 />
　　　　　　<科目>股（官）息紅利</科目>
　　　　　　<本年度預算數-金額 />
　　　　　　<本年度預算數-百分比 />
　　　　　　<上年度預算數-金額 />
　　　　　　<上年度預算數-百分比 />
　　　　　　<比較增減百分比 />
　　　　</ROW>
　　　　<ROW>
　　　　　　<SEQNO>16</SEQNO>
　　　　　　<LEVEL>03</LEVEL>
　　　　　　<BOLD>1</BOLD>
　　　　　　<前年度決算數-金額>123,769</前年度決算數-金額>
　　　　　　<前年度決算數-百分比>0.03</前年度決算數-百分比>
　　　　　　<科目>其他政府機關所得者</科目>
　　　　　　<本年度預算數-金額>137,235</本年度預算數-金額>
　　　　　　<本年度預算數-百分比>0.05</本年度預算數-百分比>
　　　　　　<上年度預算數-金額>99,807</上年度預算數-金額>
　　　　　　<上年度預算數-百分比>0.04</上年度預算數-百分比>
　　　　　　<比較增減百分比>37.50</比較增減百分比>
　　　　</ROW>
　　　　<ROW>
　　　　　　<SEQNO>17</SEQNO>
　　　　　　<LEVEL>04</LEVEL>
　　　　　　<BOLD>1</BOLD>
　　　　　　<前年度決算數-金額>123,769</前年度決算數-金額>
　　　　　　<前年度決算數-百分比>0.03</前年度決算數-百分比>
　　　　　　<科目>股（官）息紅利</科目>
　　　　　　<本年度預算數-金額>137,235</本年度預算數-金額>
　　　　　　<本年度預算數-百分比>0.05</本年度預算數-百分比>
　　　　　　<上年度預算數-金額>99,807</上年度預算數-金額>
　　　　　　<上年度預算數-百分比>0.04</上年度預算數-百分比>
　　　　　　<比較增減百分比>37.50</比較增減百分比>
　　　　</ROW>
　　　　<ROW>
　　　　　　<SEQNO>18</SEQNO>
　　　　　　<LEVEL>03</LEVEL>
　　　　　　<BOLD>1</BOLD>
　　　　　　<前年度決算數-金額>136,769</前年度決算數-金額>
　　　　　　<前年度決算數-百分比>0.04</前年度決算數-百分比>
　　　　　　<科目>民股股東所得者</科目>
　　　　　　<本年度預算數-金額>1,393,799</本年度預算數-金額>
　　　　　　<本年度預算數-百分比>0.52</本年度預算數-百分比>
　　　　　　<上年度預算數-金額>1,300,990</上年度預算數-金額>
　　　　　　<上年度預算數-百分比>0.49</上年度預算數-百分比>
　　　　　　<比較增減百分比>7.13</比較增減百分比>
　　　　</ROW>
　　　　<ROW>
　　　　　　<SEQNO>19</SEQNO>
　　　　　　<LEVEL>04</LEVEL>
　　　　　　<BOLD>1</BOLD>
　　　　　　<前年度決算數-金額>136,769</前年度決算數-金額>
　　　　　　<前年度決算數-百分比>0.04</前年度決算數-百分比>
　　　　　　<科目>股息紅利</科目>
　　　　　　<本年度預算數-金額>1,393,799</本年度預算數-金額>
　　　　　　<本年度預算數-百分比>0.52</本年度預算數-百分比>
　　　　　　<上年度預算數-金額>1,300,990</上年度預算數-金額>
　　　　　　<上年度預算數-百分比>0.49</上年度預算數-百分比>
　　　　　　<比較增減百分比>7.13</比較增減百分比>
　　　　</ROW>
　　　　<ROW>
　　　　　　<SEQNO>20</SEQNO>
　　　　　　<LEVEL>03</LEVEL>
　　　　　　<BOLD>1</BOLD>
　　　　　　<前年度決算數-金額>3,081,192</前年度決算數-金額>
　　　　　　<前年度決算數-百分比>0.86</前年度決算數-百分比>
　　　　　　<科目>其他所得者</科目>
　　　　　　<本年度預算數-金額>4,027,145</本年度預算數-金額>
　　　　　　<本年度預算數-百分比>1.51</本年度預算數-百分比>
　　　　　　<上年度預算數-金額>3,116,292</上年度預算數-金額>
　　　　　　<上年度預算數-百分比>1.17</上年度預算數-百分比>
　　　　　　<比較增減百分比>29.23</比較增減百分比>
　　　　</ROW>
　　　　<ROW>
　　　　　　<SEQNO>21</SEQNO>
　　　　　　<LEVEL>04</LEVEL>
　　　　　　<BOLD>1</BOLD>
　　　　　　<前年度決算數-金額>1,174,475</前年度決算數-金額>
　　　　　　<前年度決算數-百分比>0.33</前年度決算數-百分比>
　　　　　　<科目>提撥地方政府</科目>
　　　　　　<本年度預算數-金額>1,135,110</本年度預算數-金額>
　　　　　　<本年度預算數-百分比>0.42</本年度預算數-百分比>
　　　　　　<上年度預算數-金額>921,738</上年度預算數-金額>
　　　　　　<上年度預算數-百分比>0.34</上年度預算數-百分比>
　　　　　　<比較增減百分比>23.15</比較增減百分比>
　　　　</ROW>
　　　　<ROW>
　　　　　　<SEQNO>22</SEQNO>
　　　　　　<LEVEL>04</LEVEL>
　　　　　　<BOLD>1</BOLD>
　　　　　　<前年度決算數-金額>1,906,717</前年度決算數-金額>
　　　　　　<前年度決算數-百分比>0.53</前年度決算數-百分比>
　　　　　　<科目>其他依法分配數</科目>
　　　　　　<本年度預算數-金額>2,892,035</本年度預算數-金額>
　　　　　　<本年度預算數-百分比>1.08</本年度預算數-百分比>
　　　　　　<上年度預算數-金額>2,194,554</上年度預算數-金額>
　　　　　　<上年度預算數-百分比>0.82</上年度預算數-百分比>
　　　　　　<比較增減百分比>31.78</比較增減百分比>
　　　　</ROW>
　　　　<ROW>
　　　　　　<SEQNO>23</SEQNO>
　　　　　　<LEVEL>03</LEVEL>
　　　　　　<BOLD>1</BOLD>
　　　　　　<前年度決算數-金額>144,469,654</前年度決算數-金額>
　　　　　　<前年度決算數-百分比>40.22</前年度決算數-百分比>
　　　　　　<科目>留存事業機關者</科目>
　　　　　　<本年度預算數-金額>55,970,552</本年度預算數-金額>
　　　　　　<本年度預算數-百分比>20.93</本年度預算數-百分比>
　　　　　　<上年度預算數-金額>57,932,087</上年度預算數-金額>
　　　　　　<上年度預算數-百分比>21.67</上年度預算數-百分比>
　　　　　　<比較增減百分比>-3.39</比較增減百分比>
　　　　</ROW>
　　　　<ROW>
　　　　　　<SEQNO>24</SEQNO>
　　　　　　<LEVEL>04</LEVEL>
　　　　　　<BOLD>1</BOLD>
　　　　　　<前年度決算數-金額>1,643,697</前年度決算數-金額>
　　　　　　<前年度決算數-百分比>0.46</前年度決算數-百分比>
　　　　　　<科目>填補虧損</科目>
　　　　　　<本年度預算數-金額>17,052,103</本年度預算數-金額>
　　　　　　<本年度預算數-百分比>6.38</本年度預算數-百分比>
　　　　　　<上年度預算數-金額>19,907,947</上年度預算數-金額>
　　　　　　<上年度預算數-百分比>7.45</上年度預算數-百分比>
　　　　　　<比較增減百分比>-14.35</比較增減百分比>
　　　　</ROW>
　　　　<ROW>
　　　　　　<SEQNO>25</SEQNO>
　　　　　　<LEVEL>04</LEVEL>
　　　　　　<BOLD>1</BOLD>
　　　　　　<前年度決算數-金額 />
　　　　　　<前年度決算數-百分比 />
　　　　　　<科目>資本公積</科目>
　　　　　　<本年度預算數-金額 />
　　　　　　<本年度預算數-百分比 />
　　　　　　<上年度預算數-金額 />
　　　　　　<上年度預算數-百分比 />
　　　　　　<比較增減百分比 />
　　　　</ROW>
　　　　<ROW>
　　　　　　<SEQNO>26</SEQNO>
　　　　　　<LEVEL>04</LEVEL>
　　　　　　<BOLD>1</BOLD>
　　　　　　<前年度決算數-金額>53,286,384</前年度決算數-金額>
　　　　　　<前年度決算數-百分比>14.83</前年度決算數-百分比>
　　　　　　<科目>法定公積</科目>
　　　　　　<本年度預算數-金額>31,854,591</本年度預算數-金額>
　　　　　　<本年度預算數-百分比>11.91</本年度預算數-百分比>
　　　　　　<上年度預算數-金額>31,659,922</上年度預算數-金額>
　　　　　　<上年度預算數-百分比>11.84</上年度預算數-百分比>
　　　　　　<比較增減百分比>0.61</比較增減百分比>
　　　　</ROW>
　　　　<ROW>
　　　　　　<SEQNO>27</SEQNO>
　　　　　　<LEVEL>04</LEVEL>
　　　　　　<BOLD>1</BOLD>
　　　　　　<前年度決算數-金額>6,741,465</前年度決算數-金額>
　　　　　　<前年度決算數-百分比>1.88</前年度決算數-百分比>
　　　　　　<科目>特別公積</科目>
　　　　　　<本年度預算數-金額>5,912,539</本年度預算數-金額>
　　　　　　<本年度預算數-百分比>2.21</本年度預算數-百分比>
　　　　　　<上年度預算數-金額>5,970,265</上年度預算數-金額>
　　　　　　<上年度預算數-百分比>2.23</上年度預算數-百分比>
　　　　　　<比較增減百分比>-0.97</比較增減百分比>
　　　　</ROW>
　　　　<ROW>
　　　　　　<SEQNO>28</SEQNO>
　　　　　　<LEVEL>04</LEVEL>
　　　　　　<BOLD>1</BOLD>
　　　　　　<前年度決算數-金額>82,798,109</前年度決算數-金額>
　　　　　　<前年度決算數-百分比>23.05</前年度決算數-百分比>
　　　　　　<科目>未分配盈餘</科目>
　　　　　　<本年度預算數-金額>1,151,319</本年度預算數-金額>
　　　　　　<本年度預算數-百分比>0.43</本年度預算數-百分比>
　　　　　　<上年度預算數-金額>393,953</上年度預算數-金額>
　　　　　　<上年度預算數-百分比>0.15</上年度預算數-百分比>
　　　　　　<比較增減百分比>192.25</比較增減百分比>
　　　　</ROW>
　　　　<ROW>
　　　　　　<SEQNO>29</SEQNO>
　　　　　　<LEVEL>02</LEVEL>
　　　　　　<BOLD>1</BOLD>
　　　　　　<前年度決算數-金額>366,779,254</前年度決算數-金額>
　　　　　　<前年度決算數-百分比>100</前年度決算數-百分比>
　　　　　　<科目>虧損之部</科目>
　　　　　　<本年度預算數-金額>413,132,002</本年度預算數-金額>
　　　　　　<本年度預算數-百分比>100</本年度預算數-百分比>
　　　　　　<上年度預算數-金額>427,813,260</上年度預算數-金額>
　　　　　　<上年度預算數-百分比>100</上年度預算數-百分比>
　　　　　　<比較增減百分比>-3.43</比較增減百分比>
　　　　</ROW>
　　　　<ROW>
　　　　　　<SEQNO>30</SEQNO>
　　　　　　<LEVEL>03</LEVEL>
　　　　　　<BOLD>0</BOLD>
　　　　　　<前年度決算數-金額>119,191,357</前年度決算數-金額>
　　　　　　<前年度決算數-百分比>32.50</前年度決算數-百分比>
　　　　　　<科目>本期淨損</科目>
　　　　　　<本年度預算數-金額>35,087,476</本年度預算數-金額>
　　　　　　<本年度預算數-百分比>8.49</本年度預算數-百分比>
　　　　　　<上年度預算數-金額>30,088,939</上年度預算數-金額>
　　　　　　<上年度預算數-百分比>7.03</上年度預算數-百分比>
　　　　　　<比較增減百分比>16.61</比較增減百分比>
　　　　</ROW>
　　　　<ROW>
　　　　　　<SEQNO>31</SEQNO>
　　　　　　<LEVEL>03</LEVEL>
　　　　　　<BOLD>0</BOLD>
　　　　　　<前年度決算數-金額>247,587,897</前年度決算數-金額>
　　　　　　<前年度決算數-百分比>67.50</前年度決算數-百分比>
　　　　　　<科目>累積虧損</科目>
　　　　　　<本年度預算數-金額>377,362,867</本年度預算數-金額>
　　　　　　<本年度預算數-百分比>91.34</本年度預算數-百分比>
　　　　　　<上年度預算數-金額>395,868,208</上年度預算數-金額>
　　　　　　<上年度預算數-百分比>92.53</上年度預算數-百分比>
　　　　　　<比較增減百分比>-4.67</比較增減百分比>
　　　　</ROW>
　　　　<ROW>
　　　　　　<SEQNO>32</SEQNO>
　　　　　　<LEVEL>03</LEVEL>
　　　　　　<BOLD>0</BOLD>
　　　　　　<前年度決算數-金額 />
　　　　　　<前年度決算數-百分比 />
　　　　　　<科目>追溯適用及追溯重編之影響數</科目>
　　　　　　<本年度預算數-金額 />
　　　　　　<本年度預算數-百分比 />
　　　　　　<上年度預算數-金額 />
　　　　　　<上年度預算數-百分比 />
　　　　　　<比較增減百分比 />
　　　　</ROW>
　　　　<ROW>
　　　　　　<SEQNO>33</SEQNO>
　　　　　　<LEVEL>03</LEVEL>
　　　　　　<BOLD>0</BOLD>
　　　　　　<前年度決算數-金額 />
　　　　　　<前年度決算數-百分比 />
　　　　　　<科目>其他綜合損益轉入數</科目>
　　　　　　<本年度預算數-金額>681,659</本年度預算數-金額>
　　　　　　<本年度預算數-百分比>0.16</本年度預算數-百分比>
　　　　　　<上年度預算數-金額 />
　　　　　　<上年度預算數-百分比 />
　　　　　　<比較增減百分比 />
　　　　</ROW>
　　　　<ROW>
　　　　　　<SEQNO>34</SEQNO>
　　　　　　<LEVEL>03</LEVEL>
　　　　　　<BOLD>0</BOLD>
　　　　　　<前年度決算數-金額 />
　　　　　　<前年度決算數-百分比 />
　　　　　　<科目>首次採用國際財務報導準則調整數</科目>
　　　　　　<本年度預算數-金額 />
　　　　　　<本年度預算數-百分比 />
　　　　　　<上年度預算數-金額>1,856,113</上年度預算數-金額>
　　　　　　<上年度預算數-百分比>0.43</上年度預算數-百分比>
　　　　　　<比較增減百分比>-100.00</比較增減百分比>
　　　　</ROW>
　　　　<ROW>
　　　　　　<SEQNO>35</SEQNO>
　　　　　　<LEVEL>02</LEVEL>
　　　　　　<BOLD>1</BOLD>
　　　　　　<前年度決算數-金額>366,779,254</前年度決算數-金額>
　　　　　　<前年度決算數-百分比>100</前年度決算數-百分比>
　　　　　　<科目>填補之部</科目>
　　　　　　<本年度預算數-金額>413,132,002</本年度預算數-金額>
　　　　　　<本年度預算數-百分比>100</本年度預算數-百分比>
　　　　　　<上年度預算數-金額>427,813,260</上年度預算數-金額>
　　　　　　<上年度預算數-百分比>100</上年度預算數-百分比>
　　　　　　<比較增減百分比>-3.43</比較增減百分比>
　　　　</ROW>
　　　　<ROW>
　　　　　　<SEQNO>36</SEQNO>
　　　　　　<LEVEL>03</LEVEL>
　　　　　　<BOLD>1</BOLD>
　　　　　　<前年度決算數-金額 />
　　　　　　<前年度決算數-百分比 />
　　　　　　<科目>中央政府負擔者</科目>
　　　　　　<本年度預算數-金額 />
　　　　　　<本年度預算數-百分比 />
　　　　　　<上年度預算數-金額 />
　　　　　　<上年度預算數-百分比 />
　　　　　　<比較增減百分比 />
　　　　</ROW>
　　　　<ROW>
　　　　　　<SEQNO>37</SEQNO>
　　　　　　<LEVEL>04</LEVEL>
　　　　　　<BOLD>1</BOLD>
　　　　　　<前年度決算數-金額 />
　　　　　　<前年度決算數-百分比 />
　　　　　　<科目>折減資本</科目>
　　　　　　<本年度預算數-金額 />
　　　　　　<本年度預算數-百分比 />
　　　　　　<上年度預算數-金額 />
　　　　　　<上年度預算數-百分比 />
　　　　　　<比較增減百分比 />
　　　　</ROW>
　　　　<ROW>
　　　　　　<SEQNO>38</SEQNO>
　　　　　　<LEVEL>04</LEVEL>
　　　　　　<BOLD>1</BOLD>
　　　　　　<前年度決算數-金額 />
　　　　　　<前年度決算數-百分比 />
　　　　　　<科目>出資填補</科目>
　　　　　　<本年度預算數-金額 />
　　　　　　<本年度預算數-百分比 />
　　　　　　<上年度預算數-金額 />
　　　　　　<上年度預算數-百分比 />
　　　　　　<比較增減百分比 />
　　　　</ROW>
　　　　<ROW>
　　　　　　<SEQNO>39</SEQNO>
　　　　　　<LEVEL>03</LEVEL>
　　　　　　<BOLD>1</BOLD>
　　　　　　<前年度決算數-金額 />
　　　　　　<前年度決算數-百分比 />
　　　　　　<科目>地方政府負擔者</科目>
　　　　　　<本年度預算數-金額 />
　　　　　　<本年度預算數-百分比 />
　　　　　　<上年度預算數-金額 />
　　　　　　<上年度預算數-百分比 />
　　　　　　<比較增減百分比 />
　　　　</ROW>
　　　　<ROW>
　　　　　　<SEQNO>40</SEQNO>
　　　　　　<LEVEL>04</LEVEL>
　　　　　　<BOLD>1</BOLD>
　　　　　　<前年度決算數-金額 />
　　　　　　<前年度決算數-百分比 />
　　　　　　<科目>折減資本</科目>
　　　　　　<本年度預算數-金額 />
　　　　　　<本年度預算數-百分比 />
　　　　　　<上年度預算數-金額 />
　　　　　　<上年度預算數-百分比 />
　　　　　　<比較增減百分比 />
　　　　</ROW>
　　　　<ROW>
　　　　　　<SEQNO>41</SEQNO>
　　　　　　<LEVEL>04</LEVEL>
　　　　　　<BOLD>1</BOLD>
　　　　　　<前年度決算數-金額 />
　　　　　　<前年度決算數-百分比 />
　　　　　　<科目>出資填補</科目>
　　　　　　<本年度預算數-金額 />
　　　　　　<本年度預算數-百分比 />
　　　　　　<上年度預算數-金額 />
　　　　　　<上年度預算數-百分比 />
　　　　　　<比較增減百分比 />
　　　　</ROW>
　　　　<ROW>
　　　　　　<SEQNO>42</SEQNO>
　　　　　　<LEVEL>03</LEVEL>
　　　　　　<BOLD>1</BOLD>
　　　　　　<前年度決算數-金額 />
　　　　　　<前年度決算數-百分比 />
　　　　　　<科目>轉投資機關負擔者</科目>
　　　　　　<本年度預算數-金額 />
　　　　　　<本年度預算數-百分比 />
　　　　　　<上年度預算數-金額 />
　　　　　　<上年度預算數-百分比 />
　　　　　　<比較增減百分比 />
　　　　</ROW>
　　　　<ROW>
　　　　　　<SEQNO>43</SEQNO>
　　　　　　<LEVEL>04</LEVEL>
　　　　　　<BOLD>1</BOLD>
　　　　　　<前年度決算數-金額 />
　　　　　　<前年度決算數-百分比 />
　　　　　　<科目>折減資本</科目>
　　　　　　<本年度預算數-金額 />
　　　　　　<本年度預算數-百分比 />
　　　　　　<上年度預算數-金額 />
　　　　　　<上年度預算數-百分比 />
　　　　　　<比較增減百分比 />
　　　　</ROW>
　　　　<ROW>
　　　　　　<SEQNO>44</SEQNO>
　　　　　　<LEVEL>04</LEVEL>
　　　　　　<BOLD>1</BOLD>
　　　　　　<前年度決算數-金額 />
　　　　　　<前年度決算數-百分比 />
　　　　　　<科目>出資填補</科目>
　　　　　　<本年度預算數-金額 />
　　　　　　<本年度預算數-百分比 />
　　　　　　<上年度預算數-金額 />
　　　　　　<上年度預算數-百分比 />
　　　　　　<比較增減百分比 />
　　　　</ROW>
　　　　<ROW>
　　　　　　<SEQNO>45</SEQNO>
　　　　　　<LEVEL>03</LEVEL>
　　　　　　<BOLD>1</BOLD>
　　　　　　<前年度決算數-金額 />
　　　　　　<前年度決算數-百分比 />
　　　　　　<科目>其他政府機關負擔者</科目>
　　　　　　<本年度預算數-金額 />
　　　　　　<本年度預算數-百分比 />
　　　　　　<上年度預算數-金額 />
　　　　　　<上年度預算數-百分比 />
　　　　　　<比較增減百分比 />
　　　　</ROW>
　　　　<ROW>
　　　　　　<SEQNO>46</SEQNO>
　　　　　　<LEVEL>04</LEVEL>
　　　　　　<BOLD>1</BOLD>
　　　　　　<前年度決算數-金額 />
　　　　　　<前年度決算數-百分比 />
　　　　　　<科目>折減資本</科目>
　　　　　　<本年度預算數-金額 />
　　　　　　<本年度預算數-百分比 />
　　　　　　<上年度預算數-金額 />
　　　　　　<上年度預算數-百分比 />
　　　　　　<比較增減百分比 />
　　　　</ROW>
　　　　<ROW>
　　　　　　<SEQNO>47</SEQNO>
　　　　　　<LEVEL>04</LEVEL>
　　　　　　<BOLD>1</BOLD>
　　　　　　<前年度決算數-金額 />
　　　　　　<前年度決算數-百分比 />
　　　　　　<科目>出資填補</科目>
　　　　　　<本年度預算數-金額 />
　　　　　　<本年度預算數-百分比 />
　　　　　　<上年度預算數-金額 />
　　　　　　<上年度預算數-百分比 />
　　　　　　<比較增減百分比 />
　　　　</ROW>
　　　　<ROW>
　　　　　　<SEQNO>48</SEQNO>
　　　　　　<LEVEL>03</LEVEL>
　　　　　　<BOLD>1</BOLD>
　　　　　　<前年度決算數-金額 />
　　　　　　<前年度決算數-百分比 />
　　　　　　<科目>民股股東負擔者</科目>
　　　　　　<本年度預算數-金額 />
　　　　　　<本年度預算數-百分比 />
　　　　　　<上年度預算數-金額 />
　　　　　　<上年度預算數-百分比 />
　　　　　　<比較增減百分比 />
　　　　</ROW>
　　　　<ROW>
　　　　　　<SEQNO>49</SEQNO>
　　　　　　<LEVEL>04</LEVEL>
　　　　　　<BOLD>1</BOLD>
　　　　　　<前年度決算數-金額 />
　　　　　　<前年度決算數-百分比 />
　　　　　　<科目>折減資本</科目>
　　　　　　<本年度預算數-金額 />
　　　　　　<本年度預算數-百分比 />
　　　　　　<上年度預算數-金額 />
　　　　　　<上年度預算數-百分比 />
　　　　　　<比較增減百分比 />
　　　　</ROW>
　　　　<ROW>
　　　　　　<SEQNO>50</SEQNO>
　　　　　　<LEVEL>04</LEVEL>
　　　　　　<BOLD>1</BOLD>
　　　　　　<前年度決算數-金額 />
　　　　　　<前年度決算數-百分比 />
　　　　　　<科目>出資填補</科目>
　　　　　　<本年度預算數-金額 />
　　　　　　<本年度預算數-百分比 />
　　　　　　<上年度預算數-金額 />
　　　　　　<上年度預算數-百分比 />
　　　　　　<比較增減百分比 />
　　　　</ROW>
　　　　<ROW>
　　　　　　<SEQNO>51</SEQNO>
　　　　　　<LEVEL>03</LEVEL>
　　　　　　<BOLD>1</BOLD>
　　　　　　<前年度決算數-金額>366,779,254</前年度決算數-金額>
　　　　　　<前年度決算數-百分比>100</前年度決算數-百分比>
　　　　　　<科目>事業機關負擔者</科目>
　　　　　　<本年度預算數-金額>413,132,002</本年度預算數-金額>
　　　　　　<本年度預算數-百分比>100</本年度預算數-百分比>
　　　　　　<上年度預算數-金額>427,813,260</上年度預算數-金額>
　　　　　　<上年度預算數-百分比>100</上年度預算數-百分比>
　　　　　　<比較增減百分比>-3.43</比較增減百分比>
　　　　</ROW>
　　　　<ROW>
　　　　　　<SEQNO>52</SEQNO>
　　　　　　<LEVEL>04</LEVEL>
　　　　　　<BOLD>1</BOLD>
　　　　　　<前年度決算數-金額>1,643,697</前年度決算數-金額>
　　　　　　<前年度決算數-百分比>0.45</前年度決算數-百分比>
　　　　　　<科目>撥用盈餘</科目>
　　　　　　<本年度預算數-金額>17,052,103</本年度預算數-金額>
　　　　　　<本年度預算數-百分比>4.13</本年度預算數-百分比>
　　　　　　<上年度預算數-金額>19,907,947</上年度預算數-金額>
　　　　　　<上年度預算數-百分比>4.65</上年度預算數-百分比>
　　　　　　<比較增減百分比>-14.35</比較增減百分比>
　　　　</ROW>
　　　　<ROW>
　　　　　　<SEQNO>53</SEQNO>
　　　　　　<LEVEL>04</LEVEL>
　　　　　　<BOLD>1</BOLD>
　　　　　　<前年度決算數-金額 />
　　　　　　<前年度決算數-百分比 />
　　　　　　<科目>撥用法定公積</科目>
　　　　　　<本年度預算數-金額 />
　　　　　　<本年度預算數-百分比 />
　　　　　　<上年度預算數-金額 />
　　　　　　<上年度預算數-百分比 />
　　　　　　<比較增減百分比 />
　　　　</ROW>
　　　　<ROW>
　　　　　　<SEQNO>54</SEQNO>
　　　　　　<LEVEL>04</LEVEL>
　　　　　　<BOLD>1</BOLD>
　　　　　　<前年度決算數-金額 />
　　　　　　<前年度決算數-百分比 />
　　　　　　<科目>撥用特別公積</科目>
　　　　　　<本年度預算數-金額 />
　　　　　　<本年度預算數-百分比 />
　　　　　　<上年度預算數-金額 />
　　　　　　<上年度預算數-百分比 />
　　　　　　<比較增減百分比 />
　　　　</ROW>
　　　　<ROW>
　　　　　　<SEQNO>55</SEQNO>
　　　　　　<LEVEL>04</LEVEL>
　　　　　　<BOLD>1</BOLD>
　　　　　　<前年度決算數-金額 />
　　　　　　<前年度決算數-百分比 />
　　　　　　<科目>撥用資本公積</科目>
　　　　　　<本年度預算數-金額 />
　　　　　　<本年度預算數-百分比 />
　　　　　　<上年度預算數-金額 />
　　　　　　<上年度預算數-百分比 />
　　　　　　<比較增減百分比 />
　　　　</ROW>
　　　　<ROW>
　　　　　　<SEQNO>56</SEQNO>
　　　　　　<LEVEL>04</LEVEL>
　　　　　　<BOLD>1</BOLD>
　　　　　　<前年度決算數-金額>365,135,558</前年度決算數-金額>
　　　　　　<前年度決算數-百分比>99.55</前年度決算數-百分比>
　　　　　　<科目>待填補之虧損</科目>
　　　　　　<本年度預算數-金額>396,079,899</本年度預算數-金額>
　　　　　　<本年度預算數-百分比>95.87</本年度預算數-百分比>
　　　　　　<上年度預算數-金額>407,905,313</上年度預算數-金額>
　　　　　　<上年度預算數-百分比>95.35</上年度預算數-百分比>
　　　　　　<比較增減百分比>-2.90</比較增減百分比>
　　　　</ROW>
　　　　<COMM />
　　</DataSet>
</GenericData>

