<?xml version="1.0" encoding="UTF-8"?>
<tables>
    <BCME3420>
        <BCME3420_row>
            <budgetno/>
            <agenno/>
            <agentype/>
            <mh_budgetname>合    計</mh_budgetname>
            <displayname>合    計</displayname>
            <budgetno_conver/>
            <tyear_amt>1316451000.00</tyear_amt>
            <lyear_amt>1278939000.00</lyear_amt>
            <byear_amt>1256131539.00</byear_amt>
            <b_amt>37512000.00</b_amt>
            <bc_content/>
            <memo/>
        </BCME3420_row>
        <BCME3420_row>
            <budgetno>00050000000</budgetno>
            <agenno>05050</agenno>
            <agentype>C</agentype>
            <mh_budgetname>司法院主管</mh_budgetname>
            <displayname>司法院主管</displayname>
            <budgetno_conver>0005000000</budgetno_conver>
            <tyear_amt>1316451000.000000</tyear_amt>
            <lyear_amt>1278939000.000000</lyear_amt>
            <byear_amt>1256131539.000000</byear_amt>
            <b_amt>37512000.000000</b_amt>
            <bc_content/>
        </BCME3420_row>
        <BCME3420_row>
            <budgetno>00050500000</budgetno>
            <agenno>05050</agenno>
            <agentype>C</agentype>
            <mh_budgetname>臺灣臺中地方法院</mh_budgetname>
            <displayname>臺灣臺中地方法院</displayname>
            <budgetno_conver>0005500000</budgetno_conver>
            <tyear_amt>1316451000.000000</tyear_amt>
            <lyear_amt>1278939000.000000</lyear_amt>
            <byear_amt>1256131539.000000</byear_amt>
            <b_amt>37512000.000000</b_amt>
            <bc_content/>
        </BCME3420_row>
        <BCME3420_row>
            <budgetno>35050500000</budgetno>
            <agenno>05050</agenno>
            <agentype>C</agentype>
            <mh_budgetname>司法支出</mh_budgetname>
            <displayname>司法支出</displayname>
            <budgetno_conver>3505500000</budgetno_conver>
            <tyear_amt>1316451000.000000</tyear_amt>
            <lyear_amt>1278939000.000000</lyear_amt>
            <byear_amt>1256131539.000000</byear_amt>
            <b_amt>37512000.000000</b_amt>
            <bc_content/>
        </BCME3420_row>
        <BCME3420_row>
            <budgetno>35050500100</budgetno>
            <agenno>05050</agenno>
            <agentype>C</agentype>
            <mh_budgetname>一般行政</mh_budgetname>
            <displayname>一般行政</displayname>
            <budgetno_conver>3505500100</budgetno_conver>
            <tyear_amt>1203037000.000000</tyear_amt>
            <lyear_amt>1167198000.000000</lyear_amt>
            <byear_amt>1142555404.000000</byear_amt>
            <b_amt>35839000.000000</b_amt>
            <bc_content>&lt;#H1&gt;本年度預算數1,203,037千元，包括人事費1,132,991千元，業務費69,098千元，獎補助費948千元。&lt;#H1&gt;本年度預算數之內容與上年度之比較如下：&lt;#H2&gt;人員維持費1,132,991千元，較上年度增列員工薪俸晉級差額及退休離職儲金等經費32,121千元。&lt;#H2&gt;基本行政工作維持費30,163千元，較上年度增列公務車養護等經費329千元。&lt;#H2&gt;辦理司法行政業務經費39,883千元，較上年度增列辦公廳室養護等經費3,389千元。</bc_content>
        </BCME3420_row>
        <BCME3420_row>
            <budgetno>35050501000</budgetno>
            <agenno>05050</agenno>
            <agentype>C</agentype>
            <mh_budgetname>審判業務</mh_budgetname>
            <displayname>審判業務</displayname>
            <budgetno_conver>3505501000</budgetno_conver>
            <tyear_amt>99714000.000000</tyear_amt>
            <lyear_amt>102310000.000000</lyear_amt>
            <byear_amt>100446711.000000</byear_amt>
            <b_amt>-2596000.000000</b_amt>
            <bc_content>&lt;#H1&gt;本年度預算數99,714千元，包括業務費98,446千元，設備及投資1,268千元。&#xd;
&lt;#H1&gt;本年度預算數之內容與上年度之比較如下：&#xd;
&lt;#H2&gt;辦理民事事件業務經費40,128千元，較上年度增列調解委員報酬等經費196千元。&#xd;
&lt;#H2&gt;辦理刑事案件業務經費16,760千元，較上年度減列國內旅費等614千元。&#xd;
&lt;#H2&gt;辦理民事執行業務經費42,396千元，較上年度減列辦理民事執行拍賣等經費2,078千元。&#xd;
&lt;#H2&gt;辦理行政訴訟業務經費430千元，較上年度減列國內旅費等100千元。</bc_content>
        </BCME3420_row>
        <BCME3420_row>
            <budgetno>35050501200</budgetno>
            <agenno>05050</agenno>
            <agentype>C</agentype>
            <mh_budgetname>少年事件處理</mh_budgetname>
            <displayname>少年事件處理</displayname>
            <budgetno_conver>3505501200</budgetno_conver>
            <tyear_amt>6837000.000000</tyear_amt>
            <lyear_amt>6523000.000000</lyear_amt>
            <byear_amt>7832631.000000</byear_amt>
            <b_amt>314000.000000</b_amt>
            <bc_content>&lt;#H1&gt;本年度預算數6,837千元，均屬業務費。&#xd;
&lt;#H1&gt;本年度預算數之內容與上年度之比較如下：&#xd;
&lt;#H2&gt;辦理少年事件審理業務經費582千元，較上年度減列國內旅費等158千元。&#xd;
&lt;#H2&gt;辦理少年事件觀護及輔導業務經費6,255千元，較上年度增列辦理少年安置、處分或治療等經費472千元。</bc_content>
        </BCME3420_row>
        <BCME3420_row>
            <budgetno>35050501400</budgetno>
            <agenno>05050</agenno>
            <agentype>C</agentype>
            <mh_budgetname>公證及提存事件處理</mh_budgetname>
            <displayname>公證及提存事件處理</displayname>
            <budgetno_conver>3505501400</budgetno_conver>
            <tyear_amt>556000.000000</tyear_amt>
            <lyear_amt>797000.000000</lyear_amt>
            <byear_amt>1306126.000000</byear_amt>
            <b_amt>-241000.000000</b_amt>
            <bc_content>本年度預算數556千元，係辦理公證及提存業務經費，較上年度減列國內旅費等241千元。</bc_content>
        </BCME3420_row>
        <BCME3420_row>
            <budgetno>35050509000</budgetno>
            <agenno>05050</agenno>
            <agentype>C</agentype>
            <mh_budgetname>一般建築及設備</mh_budgetname>
            <displayname>一般建築及設備</displayname>
            <budgetno_conver>3505509000</budgetno_conver>
            <tyear_amt>5599000.000000</tyear_amt>
            <lyear_amt>1403000.000000</lyear_amt>
            <byear_amt>3990667.000000</byear_amt>
            <b_amt>4196000.000000</b_amt>
            <bc_content/>
        </BCME3420_row>
        <BCME3420_row>
            <budgetno>35050509011</budgetno>
            <agenno>05050</agenno>
            <agentype>C</agentype>
            <mh_budgetname>交通及運輸設備</mh_budgetname>
            <displayname>交通及運輸設備</displayname>
            <budgetno_conver>3505509011</budgetno_conver>
            <tyear_amt>126000.000000</tyear_amt>
            <lyear_amt>63000.000000</lyear_amt>
            <byear_amt>700214.000000</byear_amt>
            <b_amt>63000.000000</b_amt>
            <bc_content>本年度預算數之內容與上年度之比較如下：&#xd;
&lt;#H1&gt;汰換公務機車2輛經費126千元。&#xd;
&lt;#H1&gt;上年度汰換公務機車1輛預算業已編竣，所列63千元如數減列。</bc_content>
        </BCME3420_row>
        <BCME3420_row>
            <budgetno>35050509019</budgetno>
            <agenno>05050</agenno>
            <agentype>C</agentype>
            <mh_budgetname>其他設備</mh_budgetname>
            <displayname>其他設備</displayname>
            <budgetno_conver>3505509019</budgetno_conver>
            <tyear_amt>5473000.000000</tyear_amt>
            <lyear_amt>1340000.000000</lyear_amt>
            <byear_amt>3290453.000000</byear_amt>
            <b_amt>4133000.000000</b_amt>
            <bc_content>本年度預算數之內容與上年度之比較如下：&#xd;
&lt;#H1&gt;購置臺中司法大廈辦公大樓變壓器及電抗器等經費5,473千元。&#xd;
&lt;#H1&gt;上年度購置冷氣機及輕量型移動櫃等設備預算業已編竣，所列1,340千元如數減列。</bc_content>
        </BCME3420_row>
        <BCME3420_row>
            <budgetno>35050509800</budgetno>
            <agenno>05050</agenno>
            <agentype>C</agentype>
            <mh_budgetname>第一預備金</mh_budgetname>
            <displayname>第一預備金</displayname>
            <budgetno_conver>3505509800</budgetno_conver>
            <tyear_amt>708000.000000</tyear_amt>
            <lyear_amt>708000.000000</lyear_amt>
            <byear_amt>0.000000</byear_amt>
            <b_amt>0.000000</b_amt>
            <bc_content>仍照上年度預算數編列。</bc_content>
        </BCME3420_row>
    </BCME3420>
</tables>
