<?xml version="1.0" encoding="UTF-8"?>
<tables>
    <BCME3410>
        <BCME3410_row>
            <budgetno/>
            <agenno/>
            <agentype/>
            <mh_budgetname>合         計</mh_budgetname>
            <budgetno_conver/>
            <tyear_amt>566338.000000</tyear_amt>
            <lyear_amt>559514.000000</lyear_amt>
            <byear_amt>529561.000000</byear_amt>
            <b_amt>6824.000000</b_amt>
            <bc_content/>
        </BCME3410_row>
        <BCME3410_row>
            <budgetno>04000000000</budgetno>
            <agenno>05050</agenno>
            <agentype>C</agentype>
            <mh_budgetname>罰款及賠償收入</mh_budgetname>
            <budgetno_conver>0400000000</budgetno_conver>
            <tyear_amt>18860.000000</tyear_amt>
            <lyear_amt>17400.000000</lyear_amt>
            <byear_amt>14949.000000</byear_amt>
            <b_amt>1460.000000</b_amt>
            <bc_content/>
        </BCME3410_row>
        <BCME3410_row>
            <budgetno>04050500000</budgetno>
            <agenno>05050</agenno>
            <agentype>C</agentype>
            <mh_budgetname>臺灣臺中地方法院</mh_budgetname>
            <budgetno_conver>0405500000</budgetno_conver>
            <tyear_amt>18860.000000</tyear_amt>
            <lyear_amt>17400.000000</lyear_amt>
            <byear_amt>14949.000000</byear_amt>
            <b_amt>1460.000000</b_amt>
            <bc_content/>
        </BCME3410_row>
        <BCME3410_row>
            <budgetno>04050500100</budgetno>
            <agenno>05050</agenno>
            <agentype>C</agentype>
            <mh_budgetname>罰金罰鍰及怠金</mh_budgetname>
            <budgetno_conver>0405500100</budgetno_conver>
            <tyear_amt>560.000000</tyear_amt>
            <lyear_amt>500.000000</lyear_amt>
            <byear_amt>689.000000</byear_amt>
            <b_amt>60.000000</b_amt>
            <bc_content/>
        </BCME3410_row>
        <BCME3410_row>
            <budgetno>04050500101</budgetno>
            <agenno>05050</agenno>
            <agentype>C</agentype>
            <mh_budgetname>罰金罰鍰</mh_budgetname>
            <budgetno_conver>0405500101</budgetno_conver>
            <tyear_amt>560.000000</tyear_amt>
            <lyear_amt>500.000000</lyear_amt>
            <byear_amt>689.000000</byear_amt>
            <b_amt>60.000000</b_amt>
            <bc_content>本年度預算數係忽視少年教養及證人無正當理由未到庭作證等罰款收入。&#xd;
</bc_content>
        </BCME3410_row>
        <BCME3410_row>
            <budgetno>04050500200</budgetno>
            <agenno>05050</agenno>
            <agentype>C</agentype>
            <mh_budgetname>沒入及沒收財物</mh_budgetname>
            <budgetno_conver>0405500200</budgetno_conver>
            <tyear_amt>18300.000000</tyear_amt>
            <lyear_amt>16900.000000</lyear_amt>
            <byear_amt>14260.000000</byear_amt>
            <b_amt>1400.000000</b_amt>
            <bc_content/>
        </BCME3410_row>
        <BCME3410_row>
            <budgetno>04050500201</budgetno>
            <agenno>05050</agenno>
            <agentype>C</agentype>
            <mh_budgetname>沒入金</mh_budgetname>
            <budgetno_conver>0405500201</budgetno_conver>
            <tyear_amt>18300.000000</tyear_amt>
            <lyear_amt>16900.000000</lyear_amt>
            <byear_amt>14260.000000</byear_amt>
            <b_amt>1400.000000</b_amt>
            <bc_content>本年度預算數係沒入刑事保證金等收入。</bc_content>
        </BCME3410_row>
        <BCME3410_row>
            <budgetno>05000000000</budgetno>
            <agenno>05050</agenno>
            <agentype>C</agentype>
            <mh_budgetname>規費收入</mh_budgetname>
            <budgetno_conver>0500000000</budgetno_conver>
            <tyear_amt>535554.000000</tyear_amt>
            <lyear_amt>535554.000000</lyear_amt>
            <byear_amt>496412.000000</byear_amt>
            <b_amt>0.000000</b_amt>
            <bc_content/>
        </BCME3410_row>
        <BCME3410_row>
            <budgetno>05050500000</budgetno>
            <agenno>05050</agenno>
            <agentype>C</agentype>
            <mh_budgetname>臺灣臺中地方法院</mh_budgetname>
            <budgetno_conver>0505500000</budgetno_conver>
            <tyear_amt>535554.000000</tyear_amt>
            <lyear_amt>535554.000000</lyear_amt>
            <byear_amt>496412.000000</byear_amt>
            <b_amt>0.000000</b_amt>
            <bc_content/>
        </BCME3410_row>
        <BCME3410_row>
            <budgetno>05050500200</budgetno>
            <agenno>05050</agenno>
            <agentype>C</agentype>
            <mh_budgetname>司法規費收入</mh_budgetname>
            <budgetno_conver>0505500200</budgetno_conver>
            <tyear_amt>531965.000000</tyear_amt>
            <lyear_amt>531664.000000</lyear_amt>
            <byear_amt>490581.000000</byear_amt>
            <b_amt>301.000000</b_amt>
            <bc_content/>
        </BCME3410_row>
        <BCME3410_row>
            <budgetno>05050500201</budgetno>
            <agenno>05050</agenno>
            <agentype>C</agentype>
            <mh_budgetname>民事訴訟費</mh_budgetname>
            <budgetno_conver>0505500201</budgetno_conver>
            <tyear_amt>498538.000000</tyear_amt>
            <lyear_amt>497820.000000</lyear_amt>
            <byear_amt>462935.000000</byear_amt>
            <b_amt>718.000000</b_amt>
            <bc_content>本年度預算數係民事、家事訴訟裁判費及執行費等收入。&#xd;
</bc_content>
        </BCME3410_row>
        <BCME3410_row>
            <budgetno>05050500202</budgetno>
            <agenno>05050</agenno>
            <agentype>C</agentype>
            <mh_budgetname>非訟事件費</mh_budgetname>
            <budgetno_conver>0505500202</budgetno_conver>
            <tyear_amt>24220.000000</tyear_amt>
            <lyear_amt>23639.000000</lyear_amt>
            <byear_amt>19707.000000</byear_amt>
            <b_amt>581.000000</b_amt>
            <bc_content>本年度預算數係非訟、家事事件聲請費及提存費等收入。</bc_content>
        </BCME3410_row>
        <BCME3410_row>
            <budgetno>05050500203</budgetno>
            <agenno>05050</agenno>
            <agentype>C</agentype>
            <mh_budgetname>公證費</mh_budgetname>
            <budgetno_conver>0505500203</budgetno_conver>
            <tyear_amt>8850.000000</tyear_amt>
            <lyear_amt>9889.000000</lyear_amt>
            <byear_amt>7570.000000</byear_amt>
            <b_amt>-1039.000000</b_amt>
            <bc_content>本年度預算數係辦理公證應繳交之公證費等收入。</bc_content>
        </BCME3410_row>
        <BCME3410_row>
            <budgetno>05050500204</budgetno>
            <agenno>05050</agenno>
            <agentype>C</agentype>
            <mh_budgetname>行政訴訟費</mh_budgetname>
            <budgetno_conver>0505500204</budgetno_conver>
            <tyear_amt>357.000000</tyear_amt>
            <lyear_amt>316.000000</lyear_amt>
            <byear_amt>369.000000</byear_amt>
            <b_amt>41.000000</b_amt>
            <bc_content>本年度預算數係行政訴訟裁判費等收入。</bc_content>
        </BCME3410_row>
        <BCME3410_row>
            <budgetno>05050500300</budgetno>
            <agenno>05050</agenno>
            <agentype>C</agentype>
            <mh_budgetname>使用規費收入</mh_budgetname>
            <budgetno_conver>0505500300</budgetno_conver>
            <tyear_amt>3589.000000</tyear_amt>
            <lyear_amt>3890.000000</lyear_amt>
            <byear_amt>5831.000000</byear_amt>
            <b_amt>-301.000000</b_amt>
            <bc_content/>
        </BCME3410_row>
        <BCME3410_row>
            <budgetno>05050500305</budgetno>
            <agenno>05050</agenno>
            <agentype>C</agentype>
            <mh_budgetname>資料使用費</mh_budgetname>
            <budgetno_conver>0505500305</budgetno_conver>
            <tyear_amt>3589.000000</tyear_amt>
            <lyear_amt>3890.000000</lyear_amt>
            <byear_amt>4113.000000</byear_amt>
            <b_amt>-301.000000</b_amt>
            <bc_content>本年度預算數係訴訟文書影印費等收入。</bc_content>
        </BCME3410_row>
        <BCME3410_row>
            <budgetno>05050500312</budgetno>
            <agenno>05050</agenno>
            <agentype>C</agentype>
            <mh_budgetname>場地設施使用費</mh_budgetname>
            <budgetno_conver>0505500312</budgetno_conver>
            <tyear_amt>0.000000</tyear_amt>
            <lyear_amt>0.000000</lyear_amt>
            <byear_amt>1718.000000</byear_amt>
            <b_amt>0.000000</b_amt>
            <bc_content>前年度決算數係借用宿舍員工自薪資扣回繳庫數及宿舍管理費收入。</bc_content>
        </BCME3410_row>
        <BCME3410_row>
            <budgetno>07000000000</budgetno>
            <agenno>05050</agenno>
            <agentype>C</agentype>
            <mh_budgetname>財產收入</mh_budgetname>
            <budgetno_conver>0700000000</budgetno_conver>
            <tyear_amt>985.000000</tyear_amt>
            <lyear_amt>578.000000</lyear_amt>
            <byear_amt>588.000000</byear_amt>
            <b_amt>407.000000</b_amt>
            <bc_content/>
        </BCME3410_row>
        <BCME3410_row>
            <budgetno>07050500000</budgetno>
            <agenno>05050</agenno>
            <agentype>C</agentype>
            <mh_budgetname>臺灣臺中地方法院</mh_budgetname>
            <budgetno_conver>0705500000</budgetno_conver>
            <tyear_amt>985.000000</tyear_amt>
            <lyear_amt>578.000000</lyear_amt>
            <byear_amt>588.000000</byear_amt>
            <b_amt>407.000000</b_amt>
            <bc_content/>
        </BCME3410_row>
        <BCME3410_row>
            <budgetno>07050500100</budgetno>
            <agenno>05050</agenno>
            <agentype>C</agentype>
            <mh_budgetname>財產孳息</mh_budgetname>
            <budgetno_conver>0705500100</budgetno_conver>
            <tyear_amt>950.000000</tyear_amt>
            <lyear_amt>408.000000</lyear_amt>
            <byear_amt>518.000000</byear_amt>
            <b_amt>542.000000</b_amt>
            <bc_content/>
        </BCME3410_row>
        <BCME3410_row>
            <budgetno>07050500106</budgetno>
            <agenno>05050</agenno>
            <agentype>C</agentype>
            <mh_budgetname>租金收入</mh_budgetname>
            <budgetno_conver>0705500106</budgetno_conver>
            <tyear_amt>950.000000</tyear_amt>
            <lyear_amt>408.000000</lyear_amt>
            <byear_amt>518.000000</byear_amt>
            <b_amt>542.000000</b_amt>
            <bc_content>本年度預算數係場地租金等收入。</bc_content>
        </BCME3410_row>
        <BCME3410_row>
            <budgetno>07050500600</budgetno>
            <agenno>05050</agenno>
            <agentype>C</agentype>
            <mh_budgetname>廢舊物資售價</mh_budgetname>
            <budgetno_conver>0705500600</budgetno_conver>
            <tyear_amt>35.000000</tyear_amt>
            <lyear_amt>170.000000</lyear_amt>
            <byear_amt>70.000000</byear_amt>
            <b_amt>-135.000000</b_amt>
            <bc_content>本年度預算數係出售報廢財產及廢舊物品等收入。</bc_content>
        </BCME3410_row>
        <BCME3410_row>
            <budgetno>11000000000</budgetno>
            <agenno>05050</agenno>
            <agentype>C</agentype>
            <mh_budgetname>其他收入</mh_budgetname>
            <budgetno_conver>1100000000</budgetno_conver>
            <tyear_amt>10939.000000</tyear_amt>
            <lyear_amt>5982.000000</lyear_amt>
            <byear_amt>17613.000000</byear_amt>
            <b_amt>4957.000000</b_amt>
            <bc_content/>
        </BCME3410_row>
        <BCME3410_row>
            <budgetno>11050500000</budgetno>
            <agenno>05050</agenno>
            <agentype>C</agentype>
            <mh_budgetname>臺灣臺中地方法院</mh_budgetname>
            <budgetno_conver>1105500000</budgetno_conver>
            <tyear_amt>10939.000000</tyear_amt>
            <lyear_amt>5982.000000</lyear_amt>
            <byear_amt>17613.000000</byear_amt>
            <b_amt>4957.000000</b_amt>
            <bc_content/>
        </BCME3410_row>
        <BCME3410_row>
            <budgetno>11050500900</budgetno>
            <agenno>05050</agenno>
            <agentype>C</agentype>
            <mh_budgetname>雜項收入</mh_budgetname>
            <budgetno_conver>1105500900</budgetno_conver>
            <tyear_amt>10939.000000</tyear_amt>
            <lyear_amt>5982.000000</lyear_amt>
            <byear_amt>17613.000000</byear_amt>
            <b_amt>4957.000000</b_amt>
            <bc_content/>
        </BCME3410_row>
        <BCME3410_row>
            <budgetno>11050500901</budgetno>
            <agenno>05050</agenno>
            <agentype>C</agentype>
            <mh_budgetname>收回以前年度歲出</mh_budgetname>
            <budgetno_conver>1105500901</budgetno_conver>
            <tyear_amt>0.000000</tyear_amt>
            <lyear_amt>0.000000</lyear_amt>
            <byear_amt>7.000000</byear_amt>
            <b_amt>0.000000</b_amt>
            <bc_content>前年度決算數係收回員工薪資等繳庫數。</bc_content>
        </BCME3410_row>
        <BCME3410_row>
            <budgetno>11050500909</budgetno>
            <agenno>05050</agenno>
            <agentype>C</agentype>
            <mh_budgetname>其他雜項收入</mh_budgetname>
            <budgetno_conver>1105500909</budgetno_conver>
            <tyear_amt>10939.000000</tyear_amt>
            <lyear_amt>5982.000000</lyear_amt>
            <byear_amt>17606.000000</byear_amt>
            <b_amt>4957.000000</b_amt>
            <bc_content>本年度預算數係提存款逾期未領依規定繳庫及少年教養費等收入。</bc_content>
        </BCME3410_row>
    </BCME3410>
</tables>
