<?xml version="1.0" encoding="UTF-8"?>
<tables>
    <BCTMOFFICE>
        <BCTMOFFICE_row>
            <m33_fiscalyear>104</m33_fiscalyear>
            <m33_reportno>辦公房舍      </m33_reportno>
            <m33_level1>001</m33_level1>
            <m33_level2/>
            <m33_level3/>
            <m33_level4/>
            <m33_objectname>辦公房舍</m33_objectname>
            <m33_objectno>07320100</m33_objectno>
            <m33_detailid>0</m33_detailid>
            <br_fiscalyear>104</br_fiscalyear>
            <br_fundkind>1</br_fundkind>
            <br_budgetkind>1</br_budgetkind>
            <br_specialbudgetno/>
            <br_agenno>05050</br_agenno>
            <br_agentype>C</br_agentype>
            <br_budgetstate>1         </br_budgetstate>
            <br_objectno>07320100  </br_objectno>
            <br_holds1>5棟</br_holds1>
            <br_area1>51666.74</br_area1>
            <br_bookvalue1>751911000.00</br_bookvalue1>
            <br_amtyear1>1016800.00</br_amtyear1>
            <br_holds2/>
            <br_area2>0.00</br_area2>
            <br_amtyear2>0.00</br_amtyear2>
            <br_holds3/>
            <br_deposit>0.00</br_deposit>
            <br_rental>0.00</br_rental>
            <br_amtyear3>0.00</br_amtyear3>
            <br_area4>51666.74</br_area4>
            <br_deposit4>0.00</br_deposit4>
            <br_rental4>0.00</br_rental4>
            <br_amtyear4>1016800.00</br_amtyear4>
            <br_versiondate/>
            <br_text/>
        </BCTMOFFICE_row>
        <BCTMOFFICE_row>
            <m33_fiscalyear>104</m33_fiscalyear>
            <m33_reportno>辦公房舍      </m33_reportno>
            <m33_level1>002</m33_level1>
            <m33_level2/>
            <m33_level3/>
            <m33_level4/>
            <m33_objectname>機關宿舍</m33_objectname>
            <m33_objectno>07320200</m33_objectno>
            <m33_detailid>1</m33_detailid>
            <br_fiscalyear>104</br_fiscalyear>
            <br_fundkind>1</br_fundkind>
            <br_budgetkind>1</br_budgetkind>
            <br_specialbudgetno/>
            <br_agenno>05050</br_agenno>
            <br_agentype>C</br_agentype>
            <br_budgetstate>1         </br_budgetstate>
            <br_objectno>07320200  </br_objectno>
            <br_holds1/>
            <br_area1>22370.81</br_area1>
            <br_bookvalue1>387532170.00</br_bookvalue1>
            <br_amtyear1>452800.00</br_amtyear1>
            <br_holds2/>
            <br_area2>0.00</br_area2>
            <br_amtyear2>0.00</br_amtyear2>
            <br_holds3/>
            <br_deposit>0.00</br_deposit>
            <br_rental>0.00</br_rental>
            <br_amtyear3>0.00</br_amtyear3>
            <br_area4>22370.81</br_area4>
            <br_deposit4>0.00</br_deposit4>
            <br_rental4>0.00</br_rental4>
            <br_amtyear4>452800.00</br_amtyear4>
            <br_versiondate/>
            <br_text/>
        </BCTMOFFICE_row>
        <BCTMOFFICE_row>
            <m33_fiscalyear>104</m33_fiscalyear>
            <m33_reportno>辦公房舍      </m33_reportno>
            <m33_level1>002</m33_level1>
            <m33_level2>001</m33_level2>
            <m33_level3/>
            <m33_level4/>
            <m33_objectname>首長宿舍</m33_objectname>
            <m33_objectno>07320201</m33_objectno>
            <m33_detailid>0</m33_detailid>
            <br_fiscalyear>104</br_fiscalyear>
            <br_fundkind>1</br_fundkind>
            <br_budgetkind>1</br_budgetkind>
            <br_specialbudgetno/>
            <br_agenno>05050</br_agenno>
            <br_agentype>C</br_agentype>
            <br_budgetstate>1         </br_budgetstate>
            <br_objectno>07320201  </br_objectno>
            <br_holds1>1戶</br_holds1>
            <br_area1>301.64</br_area1>
            <br_bookvalue1>2850000.00</br_bookvalue1>
            <br_amtyear1>7100.00</br_amtyear1>
            <br_holds2/>
            <br_area2>0.00</br_area2>
            <br_amtyear2>0.00</br_amtyear2>
            <br_holds3/>
            <br_deposit>0.00</br_deposit>
            <br_rental>0.00</br_rental>
            <br_amtyear3>0.00</br_amtyear3>
            <br_area4>301.64</br_area4>
            <br_deposit4>0.00</br_deposit4>
            <br_rental4>0.00</br_rental4>
            <br_amtyear4>7100.00</br_amtyear4>
            <br_versiondate/>
            <br_text/>
        </BCTMOFFICE_row>
        <BCTMOFFICE_row>
            <m33_fiscalyear>104</m33_fiscalyear>
            <m33_reportno>辦公房舍      </m33_reportno>
            <m33_level1>002</m33_level1>
            <m33_level2>002</m33_level2>
            <m33_level3/>
            <m33_level4/>
            <m33_objectname>單房間職務宿舍</m33_objectname>
            <m33_objectno>07320202</m33_objectno>
            <m33_detailid>0</m33_detailid>
            <br_fiscalyear>104</br_fiscalyear>
            <br_fundkind>1</br_fundkind>
            <br_budgetkind>1</br_budgetkind>
            <br_specialbudgetno/>
            <br_agenno>05050</br_agenno>
            <br_agentype>C</br_agentype>
            <br_budgetstate>1         </br_budgetstate>
            <br_objectno>07320202  </br_objectno>
            <br_holds1>33間</br_holds1>
            <br_area1>1037.90</br_area1>
            <br_bookvalue1>4593000.00</br_bookvalue1>
            <br_amtyear1>23410.00</br_amtyear1>
            <br_holds2/>
            <br_area2>0.00</br_area2>
            <br_amtyear2>0.00</br_amtyear2>
            <br_holds3/>
            <br_deposit>0.00</br_deposit>
            <br_rental>0.00</br_rental>
            <br_amtyear3>0.00</br_amtyear3>
            <br_area4>1037.90</br_area4>
            <br_deposit4>0.00</br_deposit4>
            <br_rental4>0.00</br_rental4>
            <br_amtyear4>23410.00</br_amtyear4>
            <br_versiondate/>
            <br_text/>
        </BCTMOFFICE_row>
        <BCTMOFFICE_row>
            <m33_fiscalyear>104</m33_fiscalyear>
            <m33_reportno>辦公房舍      </m33_reportno>
            <m33_level1>002</m33_level1>
            <m33_level2>003</m33_level2>
            <m33_level3/>
            <m33_level4/>
            <m33_objectname>多房間職務宿舍</m33_objectname>
            <m33_objectno>07320203</m33_objectno>
            <m33_detailid>0</m33_detailid>
            <br_fiscalyear>104</br_fiscalyear>
            <br_fundkind>1</br_fundkind>
            <br_budgetkind>1</br_budgetkind>
            <br_specialbudgetno/>
            <br_agenno>05050</br_agenno>
            <br_agentype>C</br_agentype>
            <br_budgetstate>1         </br_budgetstate>
            <br_objectno>07320203  </br_objectno>
            <br_holds1>183戶</br_holds1>
            <br_area1>21031.27</br_area1>
            <br_bookvalue1>380089170.00</br_bookvalue1>
            <br_amtyear1>422290.00</br_amtyear1>
            <br_holds2/>
            <br_area2>0.00</br_area2>
            <br_amtyear2>0.00</br_amtyear2>
            <br_holds3/>
            <br_deposit>0.00</br_deposit>
            <br_rental>0.00</br_rental>
            <br_amtyear3>0.00</br_amtyear3>
            <br_area4>21031.27</br_area4>
            <br_deposit4>0.00</br_deposit4>
            <br_rental4>0.00</br_rental4>
            <br_amtyear4>422290.00</br_amtyear4>
            <br_versiondate/>
            <br_text/>
        </BCTMOFFICE_row>
        <BCTMOFFICE_row>
            <m33_fiscalyear>104</m33_fiscalyear>
            <m33_reportno>辦公房舍      </m33_reportno>
            <m33_level1>003</m33_level1>
            <m33_level2/>
            <m33_level3/>
            <m33_level4/>
            <m33_objectname>其他　　</m33_objectname>
            <m33_objectno>07321000</m33_objectno>
            <m33_detailid>0</m33_detailid>
            <br_fiscalyear>104</br_fiscalyear>
            <br_fundkind>1</br_fundkind>
            <br_budgetkind>1</br_budgetkind>
            <br_specialbudgetno/>
            <br_agenno>05050</br_agenno>
            <br_agentype>C</br_agentype>
            <br_budgetstate>1         </br_budgetstate>
            <br_objectno>07321000  </br_objectno>
            <br_holds1>34</br_holds1>
            <br_area1>0.00</br_area1>
            <br_bookvalue1>4344000.00</br_bookvalue1>
            <br_amtyear1>0.00</br_amtyear1>
            <br_holds2/>
            <br_area2>0.00</br_area2>
            <br_amtyear2>0.00</br_amtyear2>
            <br_holds3/>
            <br_deposit>0.00</br_deposit>
            <br_rental>0.00</br_rental>
            <br_amtyear3>0.00</br_amtyear3>
            <br_area4>0.00</br_area4>
            <br_deposit4>0.00</br_deposit4>
            <br_rental4>0.00</br_rental4>
            <br_amtyear4>0.00</br_amtyear4>
            <br_versiondate/>
            <br_text/>
        </BCTMOFFICE_row>
    </BCTMOFFICE>
</tables>
