<?xml version="1.0" encoding="UTF-8"?>
<tables>
    <BCTDMANAMT>
        <BCTDMANAMT_row>
            <bn_fiscalyear>104</bn_fiscalyear>
            <bn_fundkind>1</bn_fundkind>
            <bn_budgetkind>1</bn_budgetkind>
            <bn_specialbudgetno/>
            <bn_agenno>05050</bn_agenno>
            <bn_agentype>C</bn_agentype>
            <bn_budgetstate>1</bn_budgetstate>
            <bn_budgetsource>1</bn_budgetsource>
            <bn_man1>687</bn_man1>
            <bn_man1_l>688</bn_man1_l>
            <bn_man2>0</bn_man2>
            <bn_man2_l>0</bn_man2_l>
            <bn_man3>2</bn_man3>
            <bn_man3_l>2</bn_man3_l>
            <bn_man4>28</bn_man4>
            <bn_man4_l>28</bn_man4_l>
            <bn_man5>127</bn_man5>
            <bn_man5_l>127</bn_man5_l>
            <bn_man6>5</bn_man6>
            <bn_man6_l>5</bn_man6_l>
            <bn_man7>93</bn_man7>
            <bn_man7_l>93</bn_man7_l>
            <bn_man8>0</bn_man8>
            <bn_man8_l>0</bn_man8_l>
            <bn_man9>35</bn_man9>
            <bn_man9_l>35</bn_man9_l>
            <bn_man10>0</bn_man10>
            <bn_man10_l>0</bn_man10_l>
            <bn_man11>0</bn_man11>
            <bn_man11_l>0</bn_man11_l>
            <bn_amt_man>1074126000.00</bn_amt_man>
            <bn_amt_mngbsn>1042595000.00</bn_amt_mngbsn>
            <bn_text>&amp;lt;#H1&amp;gt;本年度非以人事費支付個人「臨時人員」預算編列480千元，係為使大學法律系（所）學生接觸司法實務及培育優良司法人才，預計於寒暑假進用工讀生10人。&#xd;
&amp;lt;#H1&amp;gt;本年度非以人事費支付勞力外包公司「派遣人力」預算編列5,700千元，係為加速辦理債務清理、非訟事件、調解及民事執行等業務，預計進用19人。&#xd;
&amp;lt;#H1&amp;gt;本年度非以人事費支付勞力外包公司「勞務承攬」預算編列9,539千元，係為辦理清潔、資訊等事務性行政服務工作，預計進用27人。</bn_text>
            <display_name>35050500100 一般行政</display_name>
        </BCTDMANAMT_row>
    </BCTDMANAMT>
</tables>
