﻿<?xml version="1.0" encoding="UTF-8"?>
<GenericData>
<Header>
<Table Id="FNGXBWORKR" Name="中華民國101年度法定預算債務基金基金來源、用途及餘絀綜計表" Domain="NBA" /> 
<Program Id="NBAGGR010_G"/> 
<Sender Name="行政院主計總處"/>
</Header>

<DataSet>
<ROW>
<項目>基金來源</項目>
<本年度預算數金額>848609618</本年度預算數金額>
<本年度預算數百分比>100</本年度預算數百分比>
<上年度預算數金額>773180558</上年度預算數金額>
<上年度預算數百分比>100</上年度預算數百分比>
<前年度決算數金額>756833534</前年度決算數金額>
<前年度決算數百分比>100</前年度決算數百分比>
<本年度與上年度預算數比較增減金額>75429060</本年度與上年度預算數比較增減金額>
<本年度與上年度預算數比較增減百分比>9.76</本年度與上年度預算數比較增減百分比>
</ROW>
<ROW>
<項目>徵收及依法分配收入</項目>
<本年度預算數金額>0</本年度預算數金額>
<本年度預算數百分比>0</本年度預算數百分比>
<上年度預算數金額>0</上年度預算數金額>
<上年度預算數百分比>0</上年度預算數百分比>
<前年度決算數金額>0</前年度決算數金額>
<前年度決算數百分比>0</前年度決算數百分比>
<本年度與上年度預算數比較增減金額>0</本年度與上年度預算數比較增減金額>
<本年度與上年度預算數比較增減百分比>0</本年度與上年度預算數比較增減百分比>
</ROW>
<ROW>
<項目>債務收入</項目>
<本年度預算數金額>848604624</本年度預算數金額>
<本年度預算數百分比>100</本年度預算數百分比>
<上年度預算數金額>773175607</上年度預算數金額>
<上年度預算數百分比>100</上年度預算數百分比>
<前年度決算數金額>756822409</前年度決算數金額>
<前年度決算數百分比>100</前年度決算數百分比>
<本年度與上年度預算數比較增減金額>75429017</本年度與上年度預算數比較增減金額>
<本年度與上年度預算數比較增減百分比>9.76</本年度與上年度預算數比較增減百分比>
</ROW>
<ROW>
<項目>勞務收入</項目>
<本年度預算數金額>0</本年度預算數金額>
<本年度預算數百分比>0</本年度預算數百分比>
<上年度預算數金額>0</上年度預算數金額>
<上年度預算數百分比>0</上年度預算數百分比>
<前年度決算數金額>0</前年度決算數金額>
<前年度決算數百分比>0</前年度決算數百分比>
<本年度與上年度預算數比較增減金額>0</本年度與上年度預算數比較增減金額>
<本年度與上年度預算數比較增減百分比>0</本年度與上年度預算數比較增減百分比>
</ROW>
<ROW>
<項目>農政收入</項目>
<本年度預算數金額>0</本年度預算數金額>
<本年度預算數百分比>0</本年度預算數百分比>
<上年度預算數金額>0</上年度預算數金額>
<上年度預算數百分比>0</上年度預算數百分比>
<前年度決算數金額>0</前年度決算數金額>
<前年度決算數百分比>0</前年度決算數百分比>
<本年度與上年度預算數比較增減金額>0</本年度與上年度預算數比較增減金額>
<本年度與上年度預算數比較增減百分比>0</本年度與上年度預算數比較增減百分比>
</ROW>
<ROW>
<項目>財產收入</項目>
<本年度預算數金額>4994</本年度預算數金額>
<本年度預算數百分比>0</本年度預算數百分比>
<上年度預算數金額>4951</上年度預算數金額>
<上年度預算數百分比>0</上年度預算數百分比>
<前年度決算數金額>10892</前年度決算數金額>
<前年度決算數百分比>0</前年度決算數百分比>
<本年度與上年度預算數比較增減金額>43</本年度與上年度預算數比較增減金額>
<本年度與上年度預算數比較增減百分比>0.87</本年度與上年度預算數比較增減百分比>
</ROW>
<ROW>
<項目>政府撥入收入</項目>
<本年度預算數金額>0</本年度預算數金額>
<本年度預算數百分比>0</本年度預算數百分比>
<上年度預算數金額>0</上年度預算數金額>
<上年度預算數百分比>0</上年度預算數百分比>
<前年度決算數金額>0</前年度決算數金額>
<前年度決算數百分比>0</前年度決算數百分比>
<本年度與上年度預算數比較增減金額>0</本年度與上年度預算數比較增減金額>
<本年度與上年度預算數比較增減百分比>0</本年度與上年度預算數比較增減百分比>
</ROW>
<ROW>
<項目>其他收入</項目>
<本年度預算數金額>0</本年度預算數金額>
<本年度預算數百分比>0</本年度預算數百分比>
<上年度預算數金額>0</上年度預算數金額>
<上年度預算數百分比>0</上年度預算數百分比>
<前年度決算數金額>233</前年度決算數金額>
<前年度決算數百分比>0</前年度決算數百分比>
<本年度與上年度預算數比較增減金額>0</本年度與上年度預算數比較增減金額>
<本年度與上年度預算數比較增減百分比>0</本年度與上年度預算數比較增減百分比>
</ROW>
<ROW>
<項目>基金用途</項目>
<本年度預算數金額>848604889</本年度預算數金額>
<本年度預算數百分比>100</本年度預算數百分比>
<上年度預算數金額>773175872</上年度預算數金額>
<上年度預算數百分比>100</上年度預算數百分比>
<前年度決算數金額>756827019</前年度決算數金額>
<前年度決算數百分比>100</前年度決算數百分比>
<本年度與上年度預算數比較增減金額>75429017</本年度與上年度預算數比較增減金額>
<本年度與上年度預算數比較增減百分比>9.76</本年度與上年度預算數比較增減百分比>
</ROW>
<ROW>
<項目>還本付息計畫</項目>
<本年度預算數金額>848604624</本年度預算數金額>
<本年度預算數百分比>100</本年度預算數百分比>
<上年度預算數金額>773175607</上年度預算數金額>
<上年度預算數百分比>100</上年度預算數百分比>
<前年度決算數金額>756209740</前年度決算數金額>
<前年度決算數百分比>99.92</前年度決算數百分比>
<本年度與上年度預算數比較增減金額>75429017</本年度與上年度預算數比較增減金額>
<本年度與上年度預算數比較增減百分比>9.76</本年度與上年度預算數比較增減百分比>
</ROW>
<ROW>
<項目>一般行政管理計畫</項目>
<本年度預算數金額>265</本年度預算數金額>
<本年度預算數百分比>0</本年度預算數百分比>
<上年度預算數金額>265</上年度預算數金額>
<上年度預算數百分比>0</上年度預算數百分比>
<前年度決算數金額>1098</前年度決算數金額>
<前年度決算數百分比>0</前年度決算數百分比>
<本年度與上年度預算數比較增減金額>0</本年度與上年度預算數比較增減金額>
<本年度與上年度預算數比較增減百分比>0</本年度與上年度預算數比較增減百分比>
</ROW>
<ROW>
<項目>解繳國庫計畫</項目>
<本年度預算數金額></本年度預算數金額>
<本年度預算數百分比>0</本年度預算數百分比>
<上年度預算數金額></上年度預算數金額>
<上年度預算數百分比>0</上年度預算數百分比>
<前年度決算數金額></前年度決算數金額>
<前年度決算數百分比>0</前年度決算數百分比>
<本年度與上年度預算數比較增減金額>0</本年度與上年度預算數比較增減金額>
<本年度與上年度預算數比較增減百分比>0</本年度與上年度預算數比較增減百分比>
</ROW>
<ROW>
<項目>解繳國庫計畫</項目>
<本年度預算數金額>0</本年度預算數金額>
<本年度預算數百分比>0</本年度預算數百分比>
<上年度預算數金額>0</上年度預算數金額>
<上年度預算數百分比>0</上年度預算數百分比>
<前年度決算數金額>616181</前年度決算數金額>
<前年度決算數百分比>0.08</前年度決算數百分比>
<本年度與上年度預算數比較增減金額>0</本年度與上年度預算數比較增減金額>
<本年度與上年度預算數比較增減百分比>0</本年度與上年度預算數比較增減百分比>
</ROW>
<ROW>
<項目>本期賸餘（短絀－）</項目>
<本年度預算數金額>4729</本年度預算數金額>
<本年度預算數百分比>0</本年度預算數百分比>
<上年度預算數金額>4686</上年度預算數金額>
<上年度預算數百分比>0</上年度預算數百分比>
<前年度決算數金額>6515</前年度決算數金額>
<前年度決算數百分比>0</前年度決算數百分比>
<本年度與上年度預算數比較增減金額>43</本年度與上年度預算數比較增減金額>
<本年度與上年度預算數比較增減百分比>0.92</本年度與上年度預算數比較增減百分比>
</ROW>
<ROW>
<項目>期初基金餘額</項目>
<本年度預算數金額>413453</本年度預算數金額>
<本年度預算數百分比></本年度預算數百分比>
<上年度預算數金額>407241</上年度預算數金額>
<上年度預算數百分比></上年度預算數百分比>
<前年度決算數金額>402252</前年度決算數金額>
<前年度決算數百分比></前年度決算數百分比>
<本年度與上年度預算數比較增減金額></本年度與上年度預算數比較增減金額>
<本年度與上年度預算數比較增減百分比></本年度與上年度預算數比較增減百分比>
</ROW>
<ROW>
<項目>期末基金餘額</項目>
<本年度預算數金額>418182</本年度預算數金額>
<本年度預算數百分比></本年度預算數百分比>
<上年度預算數金額>411927</上年度預算數金額>
<上年度預算數百分比></上年度預算數百分比>
<前年度決算數金額>408767</前年度決算數金額>
<前年度決算數百分比></前年度決算數百分比>
<本年度與上年度預算數比較增減金額></本年度與上年度預算數比較增減金額>
<本年度與上年度預算數比較增減百分比></本年度與上年度預算數比較增減百分比>
</ROW>
<ROW>
<備註></備註>
</ROW>
</DataSet>
</GenericData>

