<?xml version="1.0" encoding="UTF-8"?>
<tables>
    <BCME3450>
        <BCME3450_row>
            <objectNo>合計</objectNo>
            <budgetno_6126310100>107067.00</budgetno_6126310100>
            <budgetno_6126310200>12254.00</budgetno_6126310200>
            <total>119321.00</total>
        </BCME3450_row>
        <BCME3450_row>
            <objectNo>0100 人事費</objectNo>
            <budgetno_6126310100>102342.00</budgetno_6126310100>
            <budgetno_6126310200/>
            <total>102342.00</total>
        </BCME3450_row>
        <BCME3450_row>
            <objectNo>  0103 法定編制人員待遇</objectNo>
            <budgetno_6126310100>58796.00</budgetno_6126310100>
            <budgetno_6126310200/>
            <total>58796.00</total>
        </BCME3450_row>
        <BCME3450_row>
            <objectNo>  0104 約聘僱人員待遇</objectNo>
            <budgetno_6126310100>6463.00</budgetno_6126310100>
            <budgetno_6126310200/>
            <total>6463.00</total>
        </BCME3450_row>
        <BCME3450_row>
            <objectNo>  0105 技工及工友待遇</objectNo>
            <budgetno_6126310100>3888.00</budgetno_6126310100>
            <budgetno_6126310200/>
            <total>3888.00</total>
        </BCME3450_row>
        <BCME3450_row>
            <objectNo>  0111 獎金</objectNo>
            <budgetno_6126310100>15256.00</budgetno_6126310100>
            <budgetno_6126310200/>
            <total>15256.00</total>
        </BCME3450_row>
        <BCME3450_row>
            <objectNo>  0121 其他給與</objectNo>
            <budgetno_6126310100>1664.00</budgetno_6126310100>
            <budgetno_6126310200/>
            <total>1664.00</total>
        </BCME3450_row>
        <BCME3450_row>
            <objectNo>  0131 加班值班費</objectNo>
            <budgetno_6126310100>2725.00</budgetno_6126310100>
            <budgetno_6126310200/>
            <total>2725.00</total>
        </BCME3450_row>
        <BCME3450_row>
            <objectNo>  0143 退休離職儲金</objectNo>
            <budgetno_6126310100>6567.00</budgetno_6126310100>
            <budgetno_6126310200/>
            <total>6567.00</total>
        </BCME3450_row>
        <BCME3450_row>
            <objectNo>  0151 保險</objectNo>
            <budgetno_6126310100>6983.00</budgetno_6126310100>
            <budgetno_6126310200/>
            <total>6983.00</total>
        </BCME3450_row>
        <BCME3450_row>
            <objectNo>0200 業務費</objectNo>
            <budgetno_6126310100>4183.00</budgetno_6126310100>
            <budgetno_6126310200>6124.00</budgetno_6126310200>
            <total>10307.00</total>
        </BCME3450_row>
        <BCME3450_row>
            <objectNo>  0201 教育訓練費</objectNo>
            <budgetno_6126310100>11.00</budgetno_6126310100>
            <budgetno_6126310200>45.00</budgetno_6126310200>
            <total>56.00</total>
        </BCME3450_row>
        <BCME3450_row>
            <objectNo>  0202 水電費</objectNo>
            <budgetno_6126310100>84.00</budgetno_6126310100>
            <budgetno_6126310200>1202.00</budgetno_6126310200>
            <total>1286.00</total>
        </BCME3450_row>
        <BCME3450_row>
            <objectNo>  0203 通訊費</objectNo>
            <budgetno_6126310100>325.00</budgetno_6126310100>
            <budgetno_6126310200>410.00</budgetno_6126310200>
            <total>735.00</total>
        </BCME3450_row>
        <BCME3450_row>
            <objectNo>  0211 土地租金</objectNo>
            <budgetno_6126310100>1878.00</budgetno_6126310100>
            <budgetno_6126310200/>
            <total>1878.00</total>
        </BCME3450_row>
        <BCME3450_row>
            <objectNo>  0215 資訊服務費</objectNo>
            <budgetno_6126310100>50.00</budgetno_6126310100>
            <budgetno_6126310200/>
            <total>50.00</total>
        </BCME3450_row>
        <BCME3450_row>
            <objectNo>  0221 稅捐及規費</objectNo>
            <budgetno_6126310100>116.00</budgetno_6126310100>
            <budgetno_6126310200/>
            <total>116.00</total>
        </BCME3450_row>
        <BCME3450_row>
            <objectNo>  0231 保險費</objectNo>
            <budgetno_6126310100>131.00</budgetno_6126310100>
            <budgetno_6126310200/>
            <total>131.00</total>
        </BCME3450_row>
        <BCME3450_row>
            <objectNo>  0250 按日按件計資酬金</objectNo>
            <budgetno_6126310100>30.00</budgetno_6126310100>
            <budgetno_6126310200>13.00</budgetno_6126310200>
            <total>43.00</total>
        </BCME3450_row>
        <BCME3450_row>
            <objectNo>  0271 物品</objectNo>
            <budgetno_6126310100>336.00</budgetno_6126310100>
            <budgetno_6126310200>1222.00</budgetno_6126310200>
            <total>1558.00</total>
        </BCME3450_row>
        <BCME3450_row>
            <objectNo>  0279 一般事務費</objectNo>
            <budgetno_6126310100>570.00</budgetno_6126310100>
            <budgetno_6126310200>496.00</budgetno_6126310200>
            <total>1066.00</total>
        </BCME3450_row>
        <BCME3450_row>
            <objectNo>  0283 車輛及辦公器具養護費</objectNo>
            <budgetno_6126310100>274.00</budgetno_6126310100>
            <budgetno_6126310200/>
            <total>274.00</total>
        </BCME3450_row>
        <BCME3450_row>
            <objectNo>  0284 設施及機械設備養護費</objectNo>
            <budgetno_6126310100>232.00</budgetno_6126310100>
            <budgetno_6126310200>863.00</budgetno_6126310200>
            <total>1095.00</total>
        </BCME3450_row>
        <BCME3450_row>
            <objectNo>  0291 國內旅費</objectNo>
            <budgetno_6126310100>51.00</budgetno_6126310100>
            <budgetno_6126310200>1759.00</budgetno_6126310200>
            <total>1810.00</total>
        </BCME3450_row>
        <BCME3450_row>
            <objectNo>  0294 運費</objectNo>
            <budgetno_6126310100>25.00</budgetno_6126310100>
            <budgetno_6126310200>95.00</budgetno_6126310200>
            <total>120.00</total>
        </BCME3450_row>
        <BCME3450_row>
            <objectNo>  0295 短程車資</objectNo>
            <budgetno_6126310100>16.00</budgetno_6126310100>
            <budgetno_6126310200>19.00</budgetno_6126310200>
            <total>35.00</total>
        </BCME3450_row>
        <BCME3450_row>
            <objectNo>  0299 特別費</objectNo>
            <budgetno_6126310100>54.00</budgetno_6126310100>
            <budgetno_6126310200/>
            <total>54.00</total>
        </BCME3450_row>
        <BCME3450_row>
            <objectNo>0300 設備及投資</objectNo>
            <budgetno_6126310100>170.00</budgetno_6126310100>
            <budgetno_6126310200>6130.00</budgetno_6126310200>
            <total>6300.00</total>
        </BCME3450_row>
        <BCME3450_row>
            <objectNo>  0304 機械設備費</objectNo>
            <budgetno_6126310100/>
            <budgetno_6126310200>5855.00</budgetno_6126310200>
            <total>5855.00</total>
        </BCME3450_row>
        <BCME3450_row>
            <objectNo>  0319 雜項設備費</objectNo>
            <budgetno_6126310100>170.00</budgetno_6126310100>
            <budgetno_6126310200>275.00</budgetno_6126310200>
            <total>445.00</total>
        </BCME3450_row>
        <BCME3450_row>
            <objectNo>0400 獎補助費</objectNo>
            <budgetno_6126310100>372.00</budgetno_6126310100>
            <budgetno_6126310200/>
            <total>372.00</total>
        </BCME3450_row>
        <BCME3450_row>
            <objectNo>  0475 獎勵及慰問</objectNo>
            <budgetno_6126310100>372.00</budgetno_6126310100>
            <budgetno_6126310200/>
            <total>372.00</total>
        </BCME3450_row>
    </BCME3450>
</tables>
