<?xml version="1.0" encoding="UTF-8"?>
<tables>
    <BCTDBUDGETDETAIL>
        <BCTDBUDGETDETAIL_row>
            <ba_fiscalyear>105</ba_fiscalyear>
            <ba_fundkind>1</ba_fundkind>
            <ba_budgetkind>1</ba_budgetkind>
            <ba_specialbudgetno/>
            <ba_agenno>23018011</ba_agenno>
            <ba_agentype>C</ba_agentype>
            <ba_budgetstate>1</ba_budgetstate>
            <ba_versiondate/>
            <ba_budgetyear>105</ba_budgetyear>
            <ba_budgetno>04230180301</ba_budgetno>
            <ba_subprojectno/>
            <ba_departno>10</ba_departno>
            <ba_objectno/>
            <ba_budgettype>R</ba_budgettype>
            <ba_budgetsource>1</ba_budgetsource>
            <ba_mergetype>1</ba_mergetype>
            <ba_budgetamt>2000.00</ba_budgetamt>
            <ba_flowflag/>
            <ba_signflag/>
            <ba_signno/>
            <ba_key>11  </ba_key>
        </BCTDBUDGETDETAIL_row>
        <BCTDBUDGETDETAIL_row>
            <ba_fiscalyear>105</ba_fiscalyear>
            <ba_fundkind>1</ba_fundkind>
            <ba_budgetkind>1</ba_budgetkind>
            <ba_specialbudgetno/>
            <ba_agenno>23018011</ba_agenno>
            <ba_agentype>C</ba_agentype>
            <ba_budgetstate>1</ba_budgetstate>
            <ba_versiondate/>
            <ba_budgetyear>105</ba_budgetyear>
            <ba_budgetno>07230180600</ba_budgetno>
            <ba_subprojectno/>
            <ba_departno>10</ba_departno>
            <ba_objectno/>
            <ba_budgettype>R</ba_budgettype>
            <ba_budgetsource>1</ba_budgetsource>
            <ba_mergetype>1</ba_mergetype>
            <ba_budgetamt>57000.00</ba_budgetamt>
            <ba_flowflag/>
            <ba_signflag/>
            <ba_signno/>
            <ba_key>11  </ba_key>
        </BCTDBUDGETDETAIL_row>
        <BCTDBUDGETDETAIL_row>
            <ba_fiscalyear>105</ba_fiscalyear>
            <ba_fundkind>1</ba_fundkind>
            <ba_budgetkind>1</ba_budgetkind>
            <ba_specialbudgetno/>
            <ba_agenno>23018011</ba_agenno>
            <ba_agentype>C</ba_agentype>
            <ba_budgetstate>1</ba_budgetstate>
            <ba_versiondate/>
            <ba_budgetyear>105</ba_budgetyear>
            <ba_budgetno>11230180909</ba_budgetno>
            <ba_subprojectno/>
            <ba_departno>10</ba_departno>
            <ba_objectno/>
            <ba_budgettype>R</ba_budgettype>
            <ba_budgetsource>1</ba_budgetsource>
            <ba_mergetype>1</ba_mergetype>
            <ba_budgetamt>65000.00</ba_budgetamt>
            <ba_flowflag/>
            <ba_signflag/>
            <ba_signno/>
            <ba_key>11  </ba_key>
        </BCTDBUDGETDETAIL_row>
    </BCTDBUDGETDETAIL>
    <BCTDMEMO>
        <BCTDMEMO_row>
            <bc_fiscalyear>105</bc_fiscalyear>
            <bc_fundkind>1</bc_fundkind>
            <bc_budgetkind>1</bc_budgetkind>
            <bc_specialbudgetno/>
            <bc_agenno>23018011</bc_agenno>
            <bc_agentype>C</bc_agentype>
            <bc_budgetstate>1</bc_budgetstate>
            <bc_reportno>BCME3430</bc_reportno>
            <bc_key>0423018030110xxxxxxxR1x0</bc_key>
            <bc_versiondate/>
            <bc_content>本年度預算數係廠商違約逾期交貨等之賠償收入。</bc_content>
        </BCTDMEMO_row>
        <BCTDMEMO_row>
            <bc_fiscalyear>105</bc_fiscalyear>
            <bc_fundkind>1</bc_fundkind>
            <bc_budgetkind>1</bc_budgetkind>
            <bc_specialbudgetno/>
            <bc_agenno>23018011</bc_agenno>
            <bc_agentype>C</bc_agentype>
            <bc_budgetstate>1</bc_budgetstate>
            <bc_reportno>BCME3430</bc_reportno>
            <bc_key>04230180301xR1x1</bc_key>
            <bc_versiondate/>
            <bc_content>係廠商違約逾期交貨等之賠償收入。</bc_content>
        </BCTDMEMO_row>
        <BCTDMEMO_row>
            <bc_fiscalyear>105</bc_fiscalyear>
            <bc_fundkind>1</bc_fundkind>
            <bc_budgetkind>1</bc_budgetkind>
            <bc_specialbudgetno/>
            <bc_agenno>23018011</bc_agenno>
            <bc_agentype>C</bc_agentype>
            <bc_budgetstate>1</bc_budgetstate>
            <bc_reportno>BCME3430</bc_reportno>
            <bc_key>04230180301xR1x2</bc_key>
            <bc_versiondate/>
            <bc_content>依據合約等相關規定辦理。</bc_content>
        </BCTDMEMO_row>
        <BCTDMEMO_row>
            <bc_fiscalyear>105</bc_fiscalyear>
            <bc_fundkind>1</bc_fundkind>
            <bc_budgetkind>1</bc_budgetkind>
            <bc_specialbudgetno/>
            <bc_agenno>23018011</bc_agenno>
            <bc_agentype>C</bc_agentype>
            <bc_budgetstate>1</bc_budgetstate>
            <bc_reportno>BCME3430</bc_reportno>
            <bc_key>0723018060010xxxxxxxR1x0</bc_key>
            <bc_versiondate/>
            <bc_content>本年度預算數係出售廢舊物品等之收入</bc_content>
        </BCTDMEMO_row>
        <BCTDMEMO_row>
            <bc_fiscalyear>105</bc_fiscalyear>
            <bc_fundkind>1</bc_fundkind>
            <bc_budgetkind>1</bc_budgetkind>
            <bc_specialbudgetno/>
            <bc_agenno>23018011</bc_agenno>
            <bc_agentype>C</bc_agentype>
            <bc_budgetstate>1</bc_budgetstate>
            <bc_reportno>BCME3430</bc_reportno>
            <bc_key>07230180600xR1x1</bc_key>
            <bc_versiondate/>
            <bc_content>係出售廢舊物品等之收入。</bc_content>
        </BCTDMEMO_row>
        <BCTDMEMO_row>
            <bc_fiscalyear>105</bc_fiscalyear>
            <bc_fundkind>1</bc_fundkind>
            <bc_budgetkind>1</bc_budgetkind>
            <bc_specialbudgetno/>
            <bc_agenno>23018011</bc_agenno>
            <bc_agentype>C</bc_agentype>
            <bc_budgetstate>1</bc_budgetstate>
            <bc_reportno>BCME3430</bc_reportno>
            <bc_key>07230180600xR1x2</bc_key>
            <bc_versiondate/>
            <bc_content>依據國有財產法及各機關奉准報廢財產之變賣及估價作業程序等規定辦理。</bc_content>
        </BCTDMEMO_row>
        <BCTDMEMO_row>
            <bc_fiscalyear>105</bc_fiscalyear>
            <bc_fundkind>1</bc_fundkind>
            <bc_budgetkind>1</bc_budgetkind>
            <bc_specialbudgetno/>
            <bc_agenno>23018011</bc_agenno>
            <bc_agentype>C</bc_agentype>
            <bc_budgetstate>1</bc_budgetstate>
            <bc_reportno>BCME3430</bc_reportno>
            <bc_key>1123018090910xxxxxxxR1x0</bc_key>
            <bc_versiondate/>
            <bc_content>本年度預算數係出售政府出版品、各分署依法所收民事債權人參&#xd;
與分配之執行費及借用宿舍員工按月自薪資扣回繳庫數、宿舍管理費等收入。</bc_content>
        </BCTDMEMO_row>
        <BCTDMEMO_row>
            <bc_fiscalyear>105</bc_fiscalyear>
            <bc_fundkind>1</bc_fundkind>
            <bc_budgetkind>1</bc_budgetkind>
            <bc_specialbudgetno/>
            <bc_agenno>23018011</bc_agenno>
            <bc_agentype>C</bc_agentype>
            <bc_budgetstate>1</bc_budgetstate>
            <bc_reportno>BCME3430</bc_reportno>
            <bc_key>11230180909xR1x1</bc_key>
            <bc_versiondate/>
            <bc_content>係出售政府出版品、各分署依法所收民事債權人參與分配之執行費及借用宿舍員工按月自薪資扣回繳庫數、宿舍管理費等收入。</bc_content>
        </BCTDMEMO_row>
        <BCTDMEMO_row>
            <bc_fiscalyear>105</bc_fiscalyear>
            <bc_fundkind>1</bc_fundkind>
            <bc_budgetkind>1</bc_budgetkind>
            <bc_specialbudgetno/>
            <bc_agenno>23018011</bc_agenno>
            <bc_agentype>C</bc_agentype>
            <bc_budgetstate>1</bc_budgetstate>
            <bc_reportno>BCME3430</bc_reportno>
            <bc_key>11230180909xR1x2</bc_key>
            <bc_versiondate/>
            <bc_content>依據政府出版品管理要點、行政執行法第26條、強制執行法第28條之2、全國軍公教員工待遇支給要點及中央各機關職務宿舍管理費收費基準等相關規定辦理。</bc_content>
        </BCTDMEMO_row>
    </BCTDMEMO>
</tables>
