<?xml version="1.0" encoding="UTF-8"?>
<tables>
    <BCME3450>
        <BCME3450_row>
            <objectNo>合計</objectNo>
            <budgetno_6126310200>12249.00</budgetno_6126310200>
            <total>12249.00</total>
        </BCME3450_row>
        <BCME3450_row>
            <objectNo>0200 業務費</objectNo>
            <budgetno_6126310200>8310.00</budgetno_6126310200>
            <total>8310.00</total>
        </BCME3450_row>
        <BCME3450_row>
            <objectNo>  0201 教育訓練費</objectNo>
            <budgetno_6126310200>213.00</budgetno_6126310200>
            <total>213.00</total>
        </BCME3450_row>
        <BCME3450_row>
            <objectNo>  0202 水電費</objectNo>
            <budgetno_6126310200>1224.00</budgetno_6126310200>
            <total>1224.00</total>
        </BCME3450_row>
        <BCME3450_row>
            <objectNo>  0203 通訊費</objectNo>
            <budgetno_6126310200>141.00</budgetno_6126310200>
            <total>141.00</total>
        </BCME3450_row>
        <BCME3450_row>
            <objectNo>  0211 土地租金</objectNo>
            <budgetno_6126310200>110.00</budgetno_6126310200>
            <total>110.00</total>
        </BCME3450_row>
        <BCME3450_row>
            <objectNo>  0231 保險費</objectNo>
            <budgetno_6126310200>5.00</budgetno_6126310200>
            <total>5.00</total>
        </BCME3450_row>
        <BCME3450_row>
            <objectNo>  0250 按日按件計資酬金</objectNo>
            <budgetno_6126310200>65.00</budgetno_6126310200>
            <total>65.00</total>
        </BCME3450_row>
        <BCME3450_row>
            <objectNo>  0271 物品</objectNo>
            <budgetno_6126310200>1617.00</budgetno_6126310200>
            <total>1617.00</total>
        </BCME3450_row>
        <BCME3450_row>
            <objectNo>  0279 一般事務費</objectNo>
            <budgetno_6126310200>843.00</budgetno_6126310200>
            <total>843.00</total>
        </BCME3450_row>
        <BCME3450_row>
            <objectNo>  0284 設施及機械設備養護費</objectNo>
            <budgetno_6126310200>744.00</budgetno_6126310200>
            <total>744.00</total>
        </BCME3450_row>
        <BCME3450_row>
            <objectNo>  0291 國內旅費</objectNo>
            <budgetno_6126310200>3268.00</budgetno_6126310200>
            <total>3268.00</total>
        </BCME3450_row>
        <BCME3450_row>
            <objectNo>  0294 運費</objectNo>
            <budgetno_6126310200>80.00</budgetno_6126310200>
            <total>80.00</total>
        </BCME3450_row>
        <BCME3450_row>
            <objectNo>0300 設備及投資</objectNo>
            <budgetno_6126310200>3939.00</budgetno_6126310200>
            <total>3939.00</total>
        </BCME3450_row>
        <BCME3450_row>
            <objectNo>  0304 機械設備費</objectNo>
            <budgetno_6126310200>3664.00</budgetno_6126310200>
            <total>3664.00</total>
        </BCME3450_row>
        <BCME3450_row>
            <objectNo>  0319 雜項設備費</objectNo>
            <budgetno_6126310200>275.00</budgetno_6126310200>
            <total>275.00</total>
        </BCME3450_row>
    </BCME3450>
</tables>
