<?xml version="1.0" encoding="UTF-8"?>
<tables>
    <BCTMCAR>
        <BCTMCAR_row>
            <bq_fiscalyear>104</bq_fiscalyear>
            <bq_fundkind>1</bq_fundkind>
            <bq_budgetkind>1</bq_budgetkind>
            <bq_specialbudgetno/>
            <bq_agenno>02040</bq_agenno>
            <bq_agentype>C</bq_agentype>
            <bq_budgetstate>2</bq_budgetstate>
            <bq_budgetno>52020409011</bq_budgetno>
            <bq_objectno>07351500</bq_objectno>
            <bq_carid>0033-UX</bq_carid>
            <bq_persons>5</bq_persons>
            <bq_buydate>09405</bq_buydate>
            <bq_ventsize>2600</bq_ventsize>
            <bq_oilamt>1668</bq_oilamt>
            <bq_oilprice>25.97</bq_oilprice>
            <bq_amt_maintain>51000.00</bq_amt_maintain>
            <bq_amt5>80000.00</bq_amt5>
            <bq_carnum>1</bq_carnum>
            <bq_remark>環境變遷研究。</bq_remark>
            <bq_lpgamt>0</bq_lpgamt>
            <bq_lpgprice>0.00</bq_lpgprice>
            <bq_versiondate/>
        </BCTMCAR_row>
        <BCTMCAR_row>
            <bq_fiscalyear>104</bq_fiscalyear>
            <bq_fundkind>1</bq_fundkind>
            <bq_budgetkind>1</bq_budgetkind>
            <bq_specialbudgetno/>
            <bq_agenno>02040</bq_agenno>
            <bq_agentype>C</bq_agentype>
            <bq_budgetstate>2</bq_budgetstate>
            <bq_budgetno>52020409011</bq_budgetno>
            <bq_objectno>07350100</bq_objectno>
            <bq_carid>0528-QH</bq_carid>
            <bq_persons>4</bq_persons>
            <bq_buydate>09805</bq_buydate>
            <bq_ventsize>3456</bq_ventsize>
            <bq_oilamt>1140</bq_oilamt>
            <bq_oilprice>24.57</bq_oilprice>
            <bq_amt_maintain>51000.00</bq_amt_maintain>
            <bq_amt5>95000.00</bq_amt5>
            <bq_carnum>1</bq_carnum>
            <bq_remark>行政管理(油電車)</bq_remark>
            <bq_lpgamt>0</bq_lpgamt>
            <bq_lpgprice>0.00</bq_lpgprice>
            <bq_versiondate/>
        </BCTMCAR_row>
        <BCTMCAR_row>
            <bq_fiscalyear>104</bq_fiscalyear>
            <bq_fundkind>1</bq_fundkind>
            <bq_budgetkind>1</bq_budgetkind>
            <bq_specialbudgetno/>
            <bq_agenno>02040</bq_agenno>
            <bq_agentype>C</bq_agentype>
            <bq_budgetstate>2</bq_budgetstate>
            <bq_budgetno>52020409011</bq_budgetno>
            <bq_objectno>07351500</bq_objectno>
            <bq_carid>0550-QH</bq_carid>
            <bq_persons>4</bq_persons>
            <bq_buydate>09807</bq_buydate>
            <bq_ventsize>2000</bq_ventsize>
            <bq_oilamt>1668</bq_oilamt>
            <bq_oilprice>25.97</bq_oilprice>
            <bq_amt_maintain>26000.00</bq_amt_maintain>
            <bq_amt5>86000.00</bq_amt5>
            <bq_carnum>1</bq_carnum>
            <bq_remark>分子生物研究</bq_remark>
            <bq_lpgamt>0</bq_lpgamt>
            <bq_lpgprice>0.00</bq_lpgprice>
            <bq_versiondate/>
        </BCTMCAR_row>
        <BCTMCAR_row>
            <bq_fiscalyear>104</bq_fiscalyear>
            <bq_fundkind>1</bq_fundkind>
            <bq_budgetkind>1</bq_budgetkind>
            <bq_specialbudgetno/>
            <bq_agenno>02040</bq_agenno>
            <bq_agentype>C</bq_agentype>
            <bq_budgetstate>2</bq_budgetstate>
            <bq_budgetno>52020409011</bq_budgetno>
            <bq_objectno>07351500</bq_objectno>
            <bq_carid>0605-EU</bq_carid>
            <bq_persons>6</bq_persons>
            <bq_buydate>09503</bq_buydate>
            <bq_ventsize>2694</bq_ventsize>
            <bq_oilamt>1668</bq_oilamt>
            <bq_oilprice>25.97</bq_oilprice>
            <bq_amt_maintain>51000.00</bq_amt_maintain>
            <bq_amt5>48000.00</bq_amt5>
            <bq_carnum>1</bq_carnum>
            <bq_remark>物理研究</bq_remark>
            <bq_lpgamt>0</bq_lpgamt>
            <bq_lpgprice>0.00</bq_lpgprice>
            <bq_versiondate/>
        </BCTMCAR_row>
        <BCTMCAR_row>
            <bq_fiscalyear>104</bq_fiscalyear>
            <bq_fundkind>1</bq_fundkind>
            <bq_budgetkind>1</bq_budgetkind>
            <bq_specialbudgetno/>
            <bq_agenno>02040</bq_agenno>
            <bq_agentype>C</bq_agentype>
            <bq_budgetstate>2</bq_budgetstate>
            <bq_budgetno>52020409011</bq_budgetno>
            <bq_objectno>07351500</bq_objectno>
            <bq_carid>0691-QH</bq_carid>
            <bq_persons>7</bq_persons>
            <bq_buydate>09808</bq_buydate>
            <bq_ventsize>3301</bq_ventsize>
            <bq_oilamt>1668</bq_oilamt>
            <bq_oilprice>25.97</bq_oilprice>
            <bq_amt_maintain>34000.00</bq_amt_maintain>
            <bq_amt5>100000.00</bq_amt5>
            <bq_carnum>1</bq_carnum>
            <bq_remark>植物暨微生物學研究</bq_remark>
            <bq_lpgamt>0</bq_lpgamt>
            <bq_lpgprice>0.00</bq_lpgprice>
            <bq_versiondate/>
        </BCTMCAR_row>
        <BCTMCAR_row>
            <bq_fiscalyear>104</bq_fiscalyear>
            <bq_fundkind>1</bq_fundkind>
            <bq_budgetkind>1</bq_budgetkind>
            <bq_specialbudgetno/>
            <bq_agenno>02040</bq_agenno>
            <bq_agentype>C</bq_agentype>
            <bq_budgetstate>2</bq_budgetstate>
            <bq_budgetno>52020409011</bq_budgetno>
            <bq_objectno>07350200</bq_objectno>
            <bq_carid>0853-QN</bq_carid>
            <bq_persons>4</bq_persons>
            <bq_buydate>09605</bq_buydate>
            <bq_ventsize>3498</bq_ventsize>
            <bq_oilamt>852</bq_oilamt>
            <bq_oilprice>24.57</bq_oilprice>
            <bq_amt_maintain>51000.00</bq_amt_maintain>
            <bq_amt5>65000.00</bq_amt5>
            <bq_carnum>1</bq_carnum>
            <bq_remark>行政管理(外界捐贈，油氣車)</bq_remark>
            <bq_lpgamt>972</bq_lpgamt>
            <bq_lpgprice>16.52</bq_lpgprice>
            <bq_versiondate/>
        </BCTMCAR_row>
        <BCTMCAR_row>
            <bq_fiscalyear>104</bq_fiscalyear>
            <bq_fundkind>1</bq_fundkind>
            <bq_budgetkind>1</bq_budgetkind>
            <bq_specialbudgetno/>
            <bq_agenno>02040</bq_agenno>
            <bq_agentype>C</bq_agentype>
            <bq_budgetstate>2</bq_budgetstate>
            <bq_budgetno>52020409011</bq_budgetno>
            <bq_objectno>07350900</bq_objectno>
            <bq_carid>0926-QB</bq_carid>
            <bq_persons>7</bq_persons>
            <bq_buydate>09506</bq_buydate>
            <bq_ventsize>2488</bq_ventsize>
            <bq_oilamt>1668</bq_oilamt>
            <bq_oilprice>24.57</bq_oilprice>
            <bq_amt_maintain>51000.00</bq_amt_maintain>
            <bq_amt5>23000.00</bq_amt5>
            <bq_carnum>1</bq_carnum>
            <bq_remark>生物化學研究</bq_remark>
            <bq_lpgamt>0</bq_lpgamt>
            <bq_lpgprice>0.00</bq_lpgprice>
            <bq_versiondate/>
        </BCTMCAR_row>
        <BCTMCAR_row>
            <bq_fiscalyear>104</bq_fiscalyear>
            <bq_fundkind>1</bq_fundkind>
            <bq_budgetkind>1</bq_budgetkind>
            <bq_specialbudgetno/>
            <bq_agenno>02040</bq_agenno>
            <bq_agentype>C</bq_agentype>
            <bq_budgetstate>2</bq_budgetstate>
            <bq_budgetno>52020409011</bq_budgetno>
            <bq_objectno>07351600</bq_objectno>
            <bq_carid>10</bq_carid>
            <bq_persons>1</bq_persons>
            <bq_buydate>09612</bq_buydate>
            <bq_ventsize>49</bq_ventsize>
            <bq_oilamt>312</bq_oilamt>
            <bq_oilprice>24.57</bq_oilprice>
            <bq_amt_maintain>2000.00</bq_amt_maintain>
            <bq_amt5>2000.00</bq_amt5>
            <bq_carnum>1</bq_carnum>
            <bq_remark>10。359-BFR。人文社會科學研究</bq_remark>
            <bq_lpgamt>0</bq_lpgamt>
            <bq_lpgprice>0.00</bq_lpgprice>
            <bq_versiondate/>
        </BCTMCAR_row>
        <BCTMCAR_row>
            <bq_fiscalyear>104</bq_fiscalyear>
            <bq_fundkind>1</bq_fundkind>
            <bq_budgetkind>1</bq_budgetkind>
            <bq_specialbudgetno/>
            <bq_agenno>02040</bq_agenno>
            <bq_agentype>C</bq_agentype>
            <bq_budgetstate>2</bq_budgetstate>
            <bq_budgetno>52020409011</bq_budgetno>
            <bq_objectno>07350200</bq_objectno>
            <bq_carid>103購置</bq_carid>
            <bq_persons>4</bq_persons>
            <bq_buydate>10309</bq_buydate>
            <bq_ventsize>2000</bq_ventsize>
            <bq_oilamt>1140</bq_oilamt>
            <bq_oilprice>24.57</bq_oilprice>
            <bq_amt_maintain>8000.00</bq_amt_maintain>
            <bq_amt5>78000.00</bq_amt5>
            <bq_carnum>1</bq_carnum>
            <bq_remark>行政管理(油電車)</bq_remark>
            <bq_lpgamt>0</bq_lpgamt>
            <bq_lpgprice>0.00</bq_lpgprice>
            <bq_versiondate/>
        </BCTMCAR_row>
        <BCTMCAR_row>
            <bq_fiscalyear>104</bq_fiscalyear>
            <bq_fundkind>1</bq_fundkind>
            <bq_budgetkind>1</bq_budgetkind>
            <bq_specialbudgetno/>
            <bq_agenno>02040</bq_agenno>
            <bq_agentype>C</bq_agentype>
            <bq_budgetstate>2</bq_budgetstate>
            <bq_budgetno>52020409011</bq_budgetno>
            <bq_objectno>07351600</bq_objectno>
            <bq_carid>11</bq_carid>
            <bq_persons>1</bq_persons>
            <bq_buydate>09403</bq_buydate>
            <bq_ventsize>49</bq_ventsize>
            <bq_oilamt>312</bq_oilamt>
            <bq_oilprice>24.57</bq_oilprice>
            <bq_amt_maintain>2000.00</bq_amt_maintain>
            <bq_amt5>2000.00</bq_amt5>
            <bq_carnum>1</bq_carnum>
            <bq_remark>11:DZG-351。生物醫學研究(98年助理捐贈)</bq_remark>
            <bq_lpgamt>0</bq_lpgamt>
            <bq_lpgprice>0.00</bq_lpgprice>
            <bq_versiondate/>
        </BCTMCAR_row>
        <BCTMCAR_row>
            <bq_fiscalyear>104</bq_fiscalyear>
            <bq_fundkind>1</bq_fundkind>
            <bq_budgetkind>1</bq_budgetkind>
            <bq_specialbudgetno/>
            <bq_agenno>02040</bq_agenno>
            <bq_agentype>C</bq_agentype>
            <bq_budgetstate>2</bq_budgetstate>
            <bq_budgetno>52020409011</bq_budgetno>
            <bq_objectno>07351500</bq_objectno>
            <bq_carid>1171-QH</bq_carid>
            <bq_persons>5</bq_persons>
            <bq_buydate>09905</bq_buydate>
            <bq_ventsize>2400</bq_ventsize>
            <bq_oilamt>1668</bq_oilamt>
            <bq_oilprice>25.97</bq_oilprice>
            <bq_amt_maintain>34000.00</bq_amt_maintain>
            <bq_amt5>80000.00</bq_amt5>
            <bq_carnum>1</bq_carnum>
            <bq_remark>環境變遷研究。(節能標章)</bq_remark>
            <bq_lpgamt>0</bq_lpgamt>
            <bq_lpgprice>0.00</bq_lpgprice>
            <bq_versiondate/>
        </BCTMCAR_row>
        <BCTMCAR_row>
            <bq_fiscalyear>104</bq_fiscalyear>
            <bq_fundkind>1</bq_fundkind>
            <bq_budgetkind>1</bq_budgetkind>
            <bq_specialbudgetno/>
            <bq_agenno>02040</bq_agenno>
            <bq_agentype>C</bq_agentype>
            <bq_budgetstate>2</bq_budgetstate>
            <bq_budgetno>52020409011</bq_budgetno>
            <bq_objectno>07351500</bq_objectno>
            <bq_carid>1192-DS</bq_carid>
            <bq_persons>6</bq_persons>
            <bq_buydate>09305</bq_buydate>
            <bq_ventsize>3828</bq_ventsize>
            <bq_oilamt>1668</bq_oilamt>
            <bq_oilprice>24.57</bq_oilprice>
            <bq_amt_maintain>51000.00</bq_amt_maintain>
            <bq_amt5>87000.00</bq_amt5>
            <bq_carnum>1</bq_carnum>
            <bq_remark>地球科學研究</bq_remark>
            <bq_lpgamt>0</bq_lpgamt>
            <bq_lpgprice>0.00</bq_lpgprice>
            <bq_versiondate/>
        </BCTMCAR_row>
        <BCTMCAR_row>
            <bq_fiscalyear>104</bq_fiscalyear>
            <bq_fundkind>1</bq_fundkind>
            <bq_budgetkind>1</bq_budgetkind>
            <bq_specialbudgetno/>
            <bq_agenno>02040</bq_agenno>
            <bq_agentype>C</bq_agentype>
            <bq_budgetstate>2</bq_budgetstate>
            <bq_budgetno>52020409011</bq_budgetno>
            <bq_objectno>07351600</bq_objectno>
            <bq_carid>12</bq_carid>
            <bq_persons>2</bq_persons>
            <bq_buydate>09006</bq_buydate>
            <bq_ventsize>0</bq_ventsize>
            <bq_oilamt>0</bq_oilamt>
            <bq_oilprice>0.00</bq_oilprice>
            <bq_amt_maintain>0.00</bq_amt_maintain>
            <bq_amt5>0.00</bq_amt5>
            <bq_carnum>1</bq_carnum>
            <bq_remark>12：DUR-273。數學所(電動機車)</bq_remark>
            <bq_lpgamt>0</bq_lpgamt>
            <bq_lpgprice>0.00</bq_lpgprice>
            <bq_versiondate/>
        </BCTMCAR_row>
        <BCTMCAR_row>
            <bq_fiscalyear>104</bq_fiscalyear>
            <bq_fundkind>1</bq_fundkind>
            <bq_budgetkind>1</bq_budgetkind>
            <bq_specialbudgetno/>
            <bq_agenno>02040</bq_agenno>
            <bq_agentype>C</bq_agentype>
            <bq_budgetstate>2</bq_budgetstate>
            <bq_budgetno>52020409011</bq_budgetno>
            <bq_objectno>07351500</bq_objectno>
            <bq_carid>1426-DB</bq_carid>
            <bq_persons>4</bq_persons>
            <bq_buydate>09203</bq_buydate>
            <bq_ventsize>2488</bq_ventsize>
            <bq_oilamt>1668</bq_oilamt>
            <bq_oilprice>24.57</bq_oilprice>
            <bq_amt_maintain>51000.00</bq_amt_maintain>
            <bq_amt5>22000.00</bq_amt5>
            <bq_carnum>1</bq_carnum>
            <bq_remark>史學及考文研究</bq_remark>
            <bq_lpgamt>0</bq_lpgamt>
            <bq_lpgprice>0.00</bq_lpgprice>
            <bq_versiondate/>
        </BCTMCAR_row>
        <BCTMCAR_row>
            <bq_fiscalyear>104</bq_fiscalyear>
            <bq_fundkind>1</bq_fundkind>
            <bq_budgetkind>1</bq_budgetkind>
            <bq_specialbudgetno/>
            <bq_agenno>02040</bq_agenno>
            <bq_agentype>C</bq_agentype>
            <bq_budgetstate>2</bq_budgetstate>
            <bq_budgetno>52020409011</bq_budgetno>
            <bq_objectno>07351600</bq_objectno>
            <bq_carid>15</bq_carid>
            <bq_persons>1</bq_persons>
            <bq_buydate>10304</bq_buydate>
            <bq_ventsize>0</bq_ventsize>
            <bq_oilamt>0</bq_oilamt>
            <bq_oilprice>0.00</bq_oilprice>
            <bq_amt_maintain>2000.00</bq_amt_maintain>
            <bq_amt5>1000.00</bq_amt5>
            <bq_carnum>2</bq_carnum>
            <bq_remark>行政管理(小型輕型電動機車)</bq_remark>
            <bq_lpgamt>0</bq_lpgamt>
            <bq_lpgprice>0.00</bq_lpgprice>
            <bq_versiondate/>
        </BCTMCAR_row>
        <BCTMCAR_row>
            <bq_fiscalyear>104</bq_fiscalyear>
            <bq_fundkind>1</bq_fundkind>
            <bq_budgetkind>1</bq_budgetkind>
            <bq_specialbudgetno/>
            <bq_agenno>02040</bq_agenno>
            <bq_agentype>C</bq_agentype>
            <bq_budgetstate>2</bq_budgetstate>
            <bq_budgetno>52020409011</bq_budgetno>
            <bq_objectno>07351500</bq_objectno>
            <bq_carid>2191-EH</bq_carid>
            <bq_persons>6</bq_persons>
            <bq_buydate>09405</bq_buydate>
            <bq_ventsize>1998</bq_ventsize>
            <bq_oilamt>1668</bq_oilamt>
            <bq_oilprice>24.57</bq_oilprice>
            <bq_amt_maintain>51000.00</bq_amt_maintain>
            <bq_amt5>67000.00</bq_amt5>
            <bq_carnum>1</bq_carnum>
            <bq_remark>民族學研究
</bq_remark>
            <bq_lpgamt>0</bq_lpgamt>
            <bq_lpgprice>0.00</bq_lpgprice>
            <bq_versiondate/>
        </BCTMCAR_row>
        <BCTMCAR_row>
            <bq_fiscalyear>104</bq_fiscalyear>
            <bq_fundkind>1</bq_fundkind>
            <bq_budgetkind>1</bq_budgetkind>
            <bq_specialbudgetno/>
            <bq_agenno>02040</bq_agenno>
            <bq_agentype>C</bq_agentype>
            <bq_budgetstate>2</bq_budgetstate>
            <bq_budgetno>52020402030</bq_budgetno>
            <bq_objectno>07351500</bq_objectno>
            <bq_carid>225-BN</bq_carid>
            <bq_persons>2</bq_persons>
            <bq_buydate>09604</bq_buydate>
            <bq_ventsize>7961</bq_ventsize>
            <bq_oilamt>0</bq_oilamt>
            <bq_oilprice>0.00</bq_oilprice>
            <bq_amt_maintain>0.00</bq_amt_maintain>
            <bq_amt5>0.00</bq_amt5>
            <bq_carnum>1</bq_carnum>
            <bq_remark>人文社會科學研究
1.執行衛生署專題計畫取得之體檢車，該計畫於期滿後於98年4月29日贈予人社中心。
2.油料費、維護費及其他相關費用，由衛生署專題計畫核銷。</bq_remark>
            <bq_lpgamt>0</bq_lpgamt>
            <bq_lpgprice>0.00</bq_lpgprice>
            <bq_versiondate/>
        </BCTMCAR_row>
        <BCTMCAR_row>
            <bq_fiscalyear>104</bq_fiscalyear>
            <bq_fundkind>1</bq_fundkind>
            <bq_budgetkind>1</bq_budgetkind>
            <bq_specialbudgetno/>
            <bq_agenno>02040</bq_agenno>
            <bq_agentype>C</bq_agentype>
            <bq_budgetstate>2</bq_budgetstate>
            <bq_budgetno>52020409011</bq_budgetno>
            <bq_objectno>07351500</bq_objectno>
            <bq_carid>2301-YC</bq_carid>
            <bq_persons>8</bq_persons>
            <bq_buydate>09904</bq_buydate>
            <bq_ventsize>1968</bq_ventsize>
            <bq_oilamt>1668</bq_oilamt>
            <bq_oilprice>24.57</bq_oilprice>
            <bq_amt_maintain>34000.00</bq_amt_maintain>
            <bq_amt5>47000.00</bq_amt5>
            <bq_carnum>1</bq_carnum>
            <bq_remark>地球科學研究。</bq_remark>
            <bq_lpgamt>0</bq_lpgamt>
            <bq_lpgprice>0.00</bq_lpgprice>
            <bq_versiondate/>
        </BCTMCAR_row>
        <BCTMCAR_row>
            <bq_fiscalyear>104</bq_fiscalyear>
            <bq_fundkind>1</bq_fundkind>
            <bq_budgetkind>1</bq_budgetkind>
            <bq_specialbudgetno/>
            <bq_agenno>02040</bq_agenno>
            <bq_agentype>C</bq_agentype>
            <bq_budgetstate>2</bq_budgetstate>
            <bq_budgetno>52020409011</bq_budgetno>
            <bq_objectno>07351500</bq_objectno>
            <bq_carid>2415-QW</bq_carid>
            <bq_persons>7</bq_persons>
            <bq_buydate>09611</bq_buydate>
            <bq_ventsize>2400</bq_ventsize>
            <bq_oilamt>1668</bq_oilamt>
            <bq_oilprice>24.57</bq_oilprice>
            <bq_amt_maintain>51000.00</bq_amt_maintain>
            <bq_amt5>51000.00</bq_amt5>
            <bq_carnum>1</bq_carnum>
            <bq_remark>生物醫學科學研究</bq_remark>
            <bq_lpgamt>0</bq_lpgamt>
            <bq_lpgprice>0.00</bq_lpgprice>
            <bq_versiondate/>
        </BCTMCAR_row>
        <BCTMCAR_row>
            <bq_fiscalyear>104</bq_fiscalyear>
            <bq_fundkind>1</bq_fundkind>
            <bq_budgetkind>1</bq_budgetkind>
            <bq_specialbudgetno/>
            <bq_agenno>02040</bq_agenno>
            <bq_agentype>C</bq_agentype>
            <bq_budgetstate>2</bq_budgetstate>
            <bq_budgetno>52020409011</bq_budgetno>
            <bq_objectno>07351500</bq_objectno>
            <bq_carid>2483-QL</bq_carid>
            <bq_persons>7</bq_persons>
            <bq_buydate>09607</bq_buydate>
            <bq_ventsize>2350</bq_ventsize>
            <bq_oilamt>1668</bq_oilamt>
            <bq_oilprice>25.97</bq_oilprice>
            <bq_amt_maintain>33000.00</bq_amt_maintain>
            <bq_amt5>18000.00</bq_amt5>
            <bq_carnum>1</bq_carnum>
            <bq_remark>南部科學研究</bq_remark>
            <bq_lpgamt>0</bq_lpgamt>
            <bq_lpgprice>0.00</bq_lpgprice>
            <bq_versiondate/>
        </BCTMCAR_row>
        <BCTMCAR_row>
            <bq_fiscalyear>104</bq_fiscalyear>
            <bq_fundkind>1</bq_fundkind>
            <bq_budgetkind>1</bq_budgetkind>
            <bq_specialbudgetno/>
            <bq_agenno>02040</bq_agenno>
            <bq_agentype>C</bq_agentype>
            <bq_budgetstate>2</bq_budgetstate>
            <bq_budgetno>52020409011</bq_budgetno>
            <bq_objectno>07351500</bq_objectno>
            <bq_carid>2751-QH</bq_carid>
            <bq_persons>6</bq_persons>
            <bq_buydate>10003</bq_buydate>
            <bq_ventsize>2500</bq_ventsize>
            <bq_oilamt>1668</bq_oilamt>
            <bq_oilprice>24.57</bq_oilprice>
            <bq_amt_maintain>9000.00</bq_amt_maintain>
            <bq_amt5>20000.00</bq_amt5>
            <bq_carnum>1</bq_carnum>
            <bq_remark>資訊科學研究。</bq_remark>
            <bq_lpgamt>0</bq_lpgamt>
            <bq_lpgprice>0.00</bq_lpgprice>
            <bq_versiondate/>
        </BCTMCAR_row>
        <BCTMCAR_row>
            <bq_fiscalyear>104</bq_fiscalyear>
            <bq_fundkind>1</bq_fundkind>
            <bq_budgetkind>1</bq_budgetkind>
            <bq_specialbudgetno/>
            <bq_agenno>02040</bq_agenno>
            <bq_agentype>C</bq_agentype>
            <bq_budgetstate>2</bq_budgetstate>
            <bq_budgetno>52020409011</bq_budgetno>
            <bq_objectno>07351500</bq_objectno>
            <bq_carid>3425-EG</bq_carid>
            <bq_persons>7</bq_persons>
            <bq_buydate>09403</bq_buydate>
            <bq_ventsize>3828</bq_ventsize>
            <bq_oilamt>1668</bq_oilamt>
            <bq_oilprice>25.97</bq_oilprice>
            <bq_amt_maintain>51000.00</bq_amt_maintain>
            <bq_amt5>87000.00</bq_amt5>
            <bq_carnum>1</bq_carnum>
            <bq_remark>生物多樣性研究
</bq_remark>
            <bq_lpgamt>0</bq_lpgamt>
            <bq_lpgprice>0.00</bq_lpgprice>
            <bq_versiondate/>
        </BCTMCAR_row>
        <BCTMCAR_row>
            <bq_fiscalyear>104</bq_fiscalyear>
            <bq_fundkind>1</bq_fundkind>
            <bq_budgetkind>1</bq_budgetkind>
            <bq_specialbudgetno/>
            <bq_agenno>02040</bq_agenno>
            <bq_agentype>C</bq_agentype>
            <bq_budgetstate>2</bq_budgetstate>
            <bq_budgetno>52020409011</bq_budgetno>
            <bq_objectno>07351500</bq_objectno>
            <bq_carid>3427-YG</bq_carid>
            <bq_persons>6</bq_persons>
            <bq_buydate>09903</bq_buydate>
            <bq_ventsize>2457</bq_ventsize>
            <bq_oilamt>1668</bq_oilamt>
            <bq_oilprice>25.97</bq_oilprice>
            <bq_amt_maintain>34000.00</bq_amt_maintain>
            <bq_amt5>11000.00</bq_amt5>
            <bq_carnum>1</bq_carnum>
            <bq_remark>天文及天文物理研究。</bq_remark>
            <bq_lpgamt>0</bq_lpgamt>
            <bq_lpgprice>0.00</bq_lpgprice>
            <bq_versiondate/>
        </BCTMCAR_row>
        <BCTMCAR_row>
            <bq_fiscalyear>104</bq_fiscalyear>
            <bq_fundkind>1</bq_fundkind>
            <bq_budgetkind>1</bq_budgetkind>
            <bq_specialbudgetno/>
            <bq_agenno>02040</bq_agenno>
            <bq_agentype>C</bq_agentype>
            <bq_budgetstate>2</bq_budgetstate>
            <bq_budgetno>52020409011</bq_budgetno>
            <bq_objectno>07351500</bq_objectno>
            <bq_carid>3705-UY</bq_carid>
            <bq_persons>7</bq_persons>
            <bq_buydate>09711</bq_buydate>
            <bq_ventsize>1998</bq_ventsize>
            <bq_oilamt>1668</bq_oilamt>
            <bq_oilprice>24.57</bq_oilprice>
            <bq_amt_maintain>51000.00</bq_amt_maintain>
            <bq_amt5>64000.00</bq_amt5>
            <bq_carnum>1</bq_carnum>
            <bq_remark>生物醫學科學研究</bq_remark>
            <bq_lpgamt>0</bq_lpgamt>
            <bq_lpgprice>0.00</bq_lpgprice>
            <bq_versiondate/>
        </BCTMCAR_row>
        <BCTMCAR_row>
            <bq_fiscalyear>104</bq_fiscalyear>
            <bq_fundkind>1</bq_fundkind>
            <bq_budgetkind>1</bq_budgetkind>
            <bq_specialbudgetno/>
            <bq_agenno>02040</bq_agenno>
            <bq_agentype>C</bq_agentype>
            <bq_budgetstate>2</bq_budgetstate>
            <bq_budgetno>52020400100</bq_budgetno>
            <bq_objectno>07350400</bq_objectno>
            <bq_carid>3829-QH</bq_carid>
            <bq_persons>4</bq_persons>
            <bq_buydate>10011</bq_buydate>
            <bq_ventsize>2362</bq_ventsize>
            <bq_oilamt>1668</bq_oilamt>
            <bq_oilprice>24.57</bq_oilprice>
            <bq_amt_maintain>26000.00</bq_amt_maintain>
            <bq_amt5>58000.00</bq_amt5>
            <bq_carnum>1</bq_carnum>
            <bq_remark>行政管理(100年外界捐贈)</bq_remark>
            <bq_lpgamt>0</bq_lpgamt>
            <bq_lpgprice>0.00</bq_lpgprice>
            <bq_versiondate/>
        </BCTMCAR_row>
        <BCTMCAR_row>
            <bq_fiscalyear>104</bq_fiscalyear>
            <bq_fundkind>1</bq_fundkind>
            <bq_budgetkind>1</bq_budgetkind>
            <bq_specialbudgetno/>
            <bq_agenno>02040</bq_agenno>
            <bq_agentype>C</bq_agentype>
            <bq_budgetstate>2</bq_budgetstate>
            <bq_budgetno>52020409011</bq_budgetno>
            <bq_objectno>07351500</bq_objectno>
            <bq_carid>4372-QL</bq_carid>
            <bq_persons>7</bq_persons>
            <bq_buydate>09608</bq_buydate>
            <bq_ventsize>2350</bq_ventsize>
            <bq_oilamt>1668</bq_oilamt>
            <bq_oilprice>24.57</bq_oilprice>
            <bq_amt_maintain>51000.00</bq_amt_maintain>
            <bq_amt5>52000.00</bq_amt5>
            <bq_carnum>1</bq_carnum>
            <bq_remark>生物多樣性研究</bq_remark>
            <bq_lpgamt>0</bq_lpgamt>
            <bq_lpgprice>0.00</bq_lpgprice>
            <bq_versiondate/>
        </BCTMCAR_row>
        <BCTMCAR_row>
            <bq_fiscalyear>104</bq_fiscalyear>
            <bq_fundkind>1</bq_fundkind>
            <bq_budgetkind>1</bq_budgetkind>
            <bq_specialbudgetno/>
            <bq_agenno>02040</bq_agenno>
            <bq_agentype>C</bq_agentype>
            <bq_budgetstate>2</bq_budgetstate>
            <bq_budgetno>52020409011</bq_budgetno>
            <bq_objectno>07351500</bq_objectno>
            <bq_carid>4378-QL</bq_carid>
            <bq_persons>6</bq_persons>
            <bq_buydate>09607</bq_buydate>
            <bq_ventsize>2378</bq_ventsize>
            <bq_oilamt>1668</bq_oilamt>
            <bq_oilprice>24.57</bq_oilprice>
            <bq_amt_maintain>51000.00</bq_amt_maintain>
            <bq_amt5>52000.00</bq_amt5>
            <bq_carnum>1</bq_carnum>
            <bq_remark>原子與分子研究。</bq_remark>
            <bq_lpgamt>0</bq_lpgamt>
            <bq_lpgprice>0.00</bq_lpgprice>
            <bq_versiondate/>
        </BCTMCAR_row>
        <BCTMCAR_row>
            <bq_fiscalyear>104</bq_fiscalyear>
            <bq_fundkind>1</bq_fundkind>
            <bq_budgetkind>1</bq_budgetkind>
            <bq_specialbudgetno/>
            <bq_agenno>02040</bq_agenno>
            <bq_agentype>C</bq_agentype>
            <bq_budgetstate>2</bq_budgetstate>
            <bq_budgetno>52020409011</bq_budgetno>
            <bq_objectno>07350200</bq_objectno>
            <bq_carid>4433-QL</bq_carid>
            <bq_persons>4</bq_persons>
            <bq_buydate>09607</bq_buydate>
            <bq_ventsize>1998</bq_ventsize>
            <bq_oilamt>852</bq_oilamt>
            <bq_oilprice>24.57</bq_oilprice>
            <bq_amt_maintain>51000.00</bq_amt_maintain>
            <bq_amt5>41000.00</bq_amt5>
            <bq_carnum>1</bq_carnum>
            <bq_remark>行政管理(油氣車)</bq_remark>
            <bq_lpgamt>972</bq_lpgamt>
            <bq_lpgprice>16.52</bq_lpgprice>
            <bq_versiondate/>
        </BCTMCAR_row>
        <BCTMCAR_row>
            <bq_fiscalyear>104</bq_fiscalyear>
            <bq_fundkind>1</bq_fundkind>
            <bq_budgetkind>1</bq_budgetkind>
            <bq_specialbudgetno/>
            <bq_agenno>02040</bq_agenno>
            <bq_agentype>C</bq_agentype>
            <bq_budgetstate>2</bq_budgetstate>
            <bq_budgetno>52020409011</bq_budgetno>
            <bq_objectno>07351500</bq_objectno>
            <bq_carid>4580-ZT</bq_carid>
            <bq_persons>7</bq_persons>
            <bq_buydate>10003</bq_buydate>
            <bq_ventsize>2200</bq_ventsize>
            <bq_oilamt>1668</bq_oilamt>
            <bq_oilprice>24.57</bq_oilprice>
            <bq_amt_maintain>26000.00</bq_amt_maintain>
            <bq_amt5>60000.00</bq_amt5>
            <bq_carnum>1</bq_carnum>
            <bq_remark>細胞與個體生物學研究所</bq_remark>
            <bq_lpgamt>0</bq_lpgamt>
            <bq_lpgprice>0.00</bq_lpgprice>
            <bq_versiondate/>
        </BCTMCAR_row>
        <BCTMCAR_row>
            <bq_fiscalyear>104</bq_fiscalyear>
            <bq_fundkind>1</bq_fundkind>
            <bq_budgetkind>1</bq_budgetkind>
            <bq_specialbudgetno/>
            <bq_agenno>02040</bq_agenno>
            <bq_agentype>C</bq_agentype>
            <bq_budgetstate>2</bq_budgetstate>
            <bq_budgetno>52020409011</bq_budgetno>
            <bq_objectno>07351500</bq_objectno>
            <bq_carid>4820-QX</bq_carid>
            <bq_persons>5</bq_persons>
            <bq_buydate>09703</bq_buydate>
            <bq_ventsize>2600</bq_ventsize>
            <bq_oilamt>1668</bq_oilamt>
            <bq_oilprice>25.97</bq_oilprice>
            <bq_amt_maintain>51000.00</bq_amt_maintain>
            <bq_amt5>80000.00</bq_amt5>
            <bq_carnum>1</bq_carnum>
            <bq_remark>環境變遷研究。</bq_remark>
            <bq_lpgamt>0</bq_lpgamt>
            <bq_lpgprice>0.00</bq_lpgprice>
            <bq_versiondate/>
        </BCTMCAR_row>
        <BCTMCAR_row>
            <bq_fiscalyear>104</bq_fiscalyear>
            <bq_fundkind>1</bq_fundkind>
            <bq_budgetkind>1</bq_budgetkind>
            <bq_specialbudgetno/>
            <bq_agenno>02040</bq_agenno>
            <bq_agentype>C</bq_agentype>
            <bq_budgetstate>2</bq_budgetstate>
            <bq_budgetno>52020409011</bq_budgetno>
            <bq_objectno>07351600</bq_objectno>
            <bq_carid>5</bq_carid>
            <bq_persons>1</bq_persons>
            <bq_buydate>09103</bq_buydate>
            <bq_ventsize>125</bq_ventsize>
            <bq_oilamt>312</bq_oilamt>
            <bq_oilprice>24.57</bq_oilprice>
            <bq_amt_maintain>2000.00</bq_amt_maintain>
            <bq_amt5>3000.00</bq_amt5>
            <bq_carnum>1</bq_carnum>
            <bq_remark>5。BHS-692。臨海研究站</bq_remark>
            <bq_lpgamt>0</bq_lpgamt>
            <bq_lpgprice>0.00</bq_lpgprice>
            <bq_versiondate/>
        </BCTMCAR_row>
        <BCTMCAR_row>
            <bq_fiscalyear>104</bq_fiscalyear>
            <bq_fundkind>1</bq_fundkind>
            <bq_budgetkind>1</bq_budgetkind>
            <bq_specialbudgetno/>
            <bq_agenno>02040</bq_agenno>
            <bq_agentype>C</bq_agentype>
            <bq_budgetstate>2</bq_budgetstate>
            <bq_budgetno>52020409011</bq_budgetno>
            <bq_objectno>07351500</bq_objectno>
            <bq_carid>6492-QW</bq_carid>
            <bq_persons>5</bq_persons>
            <bq_buydate>09612</bq_buydate>
            <bq_ventsize>2261</bq_ventsize>
            <bq_oilamt>1668</bq_oilamt>
            <bq_oilprice>24.57</bq_oilprice>
            <bq_amt_maintain>51000.00</bq_amt_maintain>
            <bq_amt5>61000.00</bq_amt5>
            <bq_carnum>1</bq_carnum>
            <bq_remark>人文社會科學研究</bq_remark>
            <bq_lpgamt>0</bq_lpgamt>
            <bq_lpgprice>0.00</bq_lpgprice>
            <bq_versiondate/>
        </BCTMCAR_row>
        <BCTMCAR_row>
            <bq_fiscalyear>104</bq_fiscalyear>
            <bq_fundkind>1</bq_fundkind>
            <bq_budgetkind>1</bq_budgetkind>
            <bq_specialbudgetno/>
            <bq_agenno>02040</bq_agenno>
            <bq_agentype>C</bq_agentype>
            <bq_budgetstate>2</bq_budgetstate>
            <bq_budgetno>52020409011</bq_budgetno>
            <bq_objectno>07350400</bq_objectno>
            <bq_carid>6607-QB</bq_carid>
            <bq_persons>4</bq_persons>
            <bq_buydate>09506</bq_buydate>
            <bq_ventsize>2349</bq_ventsize>
            <bq_oilamt>1668</bq_oilamt>
            <bq_oilprice>25.97</bq_oilprice>
            <bq_amt_maintain>51000.00</bq_amt_maintain>
            <bq_amt5>42000.00</bq_amt5>
            <bq_carnum>1</bq_carnum>
            <bq_remark>物理研究(外界贈送)</bq_remark>
            <bq_lpgamt>0</bq_lpgamt>
            <bq_lpgprice>0.00</bq_lpgprice>
            <bq_versiondate/>
        </BCTMCAR_row>
        <BCTMCAR_row>
            <bq_fiscalyear>104</bq_fiscalyear>
            <bq_fundkind>1</bq_fundkind>
            <bq_budgetkind>1</bq_budgetkind>
            <bq_specialbudgetno/>
            <bq_agenno>02040</bq_agenno>
            <bq_agentype>C</bq_agentype>
            <bq_budgetstate>2</bq_budgetstate>
            <bq_budgetno>52020409011</bq_budgetno>
            <bq_objectno>07351500</bq_objectno>
            <bq_carid>6817-UX</bq_carid>
            <bq_persons>6</bq_persons>
            <bq_buydate>09305</bq_buydate>
            <bq_ventsize>2736</bq_ventsize>
            <bq_oilamt>1668</bq_oilamt>
            <bq_oilprice>24.57</bq_oilprice>
            <bq_amt_maintain>51000.00</bq_amt_maintain>
            <bq_amt5>78000.00</bq_amt5>
            <bq_carnum>1</bq_carnum>
            <bq_remark>地球科學研究</bq_remark>
            <bq_lpgamt>0</bq_lpgamt>
            <bq_lpgprice>0.00</bq_lpgprice>
            <bq_versiondate/>
        </BCTMCAR_row>
        <BCTMCAR_row>
            <bq_fiscalyear>104</bq_fiscalyear>
            <bq_fundkind>1</bq_fundkind>
            <bq_budgetkind>1</bq_budgetkind>
            <bq_specialbudgetno/>
            <bq_agenno>02040</bq_agenno>
            <bq_agentype>C</bq_agentype>
            <bq_budgetstate>2</bq_budgetstate>
            <bq_budgetno>52020409011</bq_budgetno>
            <bq_objectno>07351500</bq_objectno>
            <bq_carid>7307-UW</bq_carid>
            <bq_persons>6</bq_persons>
            <bq_buydate>09709</bq_buydate>
            <bq_ventsize>2488</bq_ventsize>
            <bq_oilamt>1668</bq_oilamt>
            <bq_oilprice>24.57</bq_oilprice>
            <bq_amt_maintain>51000.00</bq_amt_maintain>
            <bq_amt5>47000.00</bq_amt5>
            <bq_carnum>1</bq_carnum>
            <bq_remark>行政管理</bq_remark>
            <bq_lpgamt>0</bq_lpgamt>
            <bq_lpgprice>0.00</bq_lpgprice>
            <bq_versiondate/>
        </BCTMCAR_row>
        <BCTMCAR_row>
            <bq_fiscalyear>104</bq_fiscalyear>
            <bq_fundkind>1</bq_fundkind>
            <bq_budgetkind>1</bq_budgetkind>
            <bq_specialbudgetno/>
            <bq_agenno>02040</bq_agenno>
            <bq_agentype>C</bq_agentype>
            <bq_budgetstate>2</bq_budgetstate>
            <bq_budgetno>52020409011</bq_budgetno>
            <bq_objectno>07351500</bq_objectno>
            <bq_carid>7353-DC</bq_carid>
            <bq_persons>4</bq_persons>
            <bq_buydate>09205</bq_buydate>
            <bq_ventsize>3494</bq_ventsize>
            <bq_oilamt>1668</bq_oilamt>
            <bq_oilprice>24.57</bq_oilprice>
            <bq_amt_maintain>51000.00</bq_amt_maintain>
            <bq_amt5>68000.00</bq_amt5>
            <bq_carnum>1</bq_carnum>
            <bq_remark>地球科學研究</bq_remark>
            <bq_lpgamt>0</bq_lpgamt>
            <bq_lpgprice>0.00</bq_lpgprice>
            <bq_versiondate/>
        </BCTMCAR_row>
        <BCTMCAR_row>
            <bq_fiscalyear>104</bq_fiscalyear>
            <bq_fundkind>1</bq_fundkind>
            <bq_budgetkind>1</bq_budgetkind>
            <bq_specialbudgetno/>
            <bq_agenno>02040</bq_agenno>
            <bq_agentype>C</bq_agentype>
            <bq_budgetstate>2</bq_budgetstate>
            <bq_budgetno>52020409011</bq_budgetno>
            <bq_objectno>07351500</bq_objectno>
            <bq_carid>7438-QZ</bq_carid>
            <bq_persons>6</bq_persons>
            <bq_buydate>09707</bq_buydate>
            <bq_ventsize>2488</bq_ventsize>
            <bq_oilamt>1668</bq_oilamt>
            <bq_oilprice>24.57</bq_oilprice>
            <bq_amt_maintain>51000.00</bq_amt_maintain>
            <bq_amt5>40000.00</bq_amt5>
            <bq_carnum>1</bq_carnum>
            <bq_remark>基因體研究計畫</bq_remark>
            <bq_lpgamt>0</bq_lpgamt>
            <bq_lpgprice>0.00</bq_lpgprice>
            <bq_versiondate/>
        </BCTMCAR_row>
        <BCTMCAR_row>
            <bq_fiscalyear>104</bq_fiscalyear>
            <bq_fundkind>1</bq_fundkind>
            <bq_budgetkind>1</bq_budgetkind>
            <bq_specialbudgetno/>
            <bq_agenno>02040</bq_agenno>
            <bq_agentype>C</bq_agentype>
            <bq_budgetstate>2</bq_budgetstate>
            <bq_budgetno>52020409011</bq_budgetno>
            <bq_objectno>07351500</bq_objectno>
            <bq_carid>7459-VA</bq_carid>
            <bq_persons>4</bq_persons>
            <bq_buydate>09807</bq_buydate>
            <bq_ventsize>2400</bq_ventsize>
            <bq_oilamt>1668</bq_oilamt>
            <bq_oilprice>24.57</bq_oilprice>
            <bq_amt_maintain>51000.00</bq_amt_maintain>
            <bq_amt5>43000.00</bq_amt5>
            <bq_carnum>1</bq_carnum>
            <bq_remark>應用科學研究。(節能標章)</bq_remark>
            <bq_lpgamt>0</bq_lpgamt>
            <bq_lpgprice>0.00</bq_lpgprice>
            <bq_versiondate/>
        </BCTMCAR_row>
        <BCTMCAR_row>
            <bq_fiscalyear>104</bq_fiscalyear>
            <bq_fundkind>1</bq_fundkind>
            <bq_budgetkind>1</bq_budgetkind>
            <bq_specialbudgetno/>
            <bq_agenno>02040</bq_agenno>
            <bq_agentype>C</bq_agentype>
            <bq_budgetstate>2</bq_budgetstate>
            <bq_budgetno>52020409011</bq_budgetno>
            <bq_objectno>07351500</bq_objectno>
            <bq_carid>7493-DE</bq_carid>
            <bq_persons>6</bq_persons>
            <bq_buydate>09206</bq_buydate>
            <bq_ventsize>2400</bq_ventsize>
            <bq_oilamt>1668</bq_oilamt>
            <bq_oilprice>25.97</bq_oilprice>
            <bq_amt_maintain>51000.00</bq_amt_maintain>
            <bq_amt5>11000.00</bq_amt5>
            <bq_carnum>1</bq_carnum>
            <bq_remark>天文及天文物理研究。</bq_remark>
            <bq_lpgamt>0</bq_lpgamt>
            <bq_lpgprice>0.00</bq_lpgprice>
            <bq_versiondate/>
        </BCTMCAR_row>
        <BCTMCAR_row>
            <bq_fiscalyear>104</bq_fiscalyear>
            <bq_fundkind>1</bq_fundkind>
            <bq_budgetkind>1</bq_budgetkind>
            <bq_specialbudgetno/>
            <bq_agenno>02040</bq_agenno>
            <bq_agentype>C</bq_agentype>
            <bq_budgetstate>2</bq_budgetstate>
            <bq_budgetno>52020409011</bq_budgetno>
            <bq_objectno>07351200</bq_objectno>
            <bq_carid>7530-QL</bq_carid>
            <bq_persons>2</bq_persons>
            <bq_buydate>09607</bq_buydate>
            <bq_ventsize>1998</bq_ventsize>
            <bq_oilamt>1668</bq_oilamt>
            <bq_oilprice>24.57</bq_oilprice>
            <bq_amt_maintain>51000.00</bq_amt_maintain>
            <bq_amt5>30000.00</bq_amt5>
            <bq_carnum>1</bq_carnum>
            <bq_remark>行政管理</bq_remark>
            <bq_lpgamt>0</bq_lpgamt>
            <bq_lpgprice>0.00</bq_lpgprice>
            <bq_versiondate/>
        </BCTMCAR_row>
        <BCTMCAR_row>
            <bq_fiscalyear>104</bq_fiscalyear>
            <bq_fundkind>1</bq_fundkind>
            <bq_budgetkind>1</bq_budgetkind>
            <bq_specialbudgetno/>
            <bq_agenno>02040</bq_agenno>
            <bq_agentype>C</bq_agentype>
            <bq_budgetstate>2</bq_budgetstate>
            <bq_budgetno>52020409011</bq_budgetno>
            <bq_objectno>07350400</bq_objectno>
            <bq_carid>7665-QA</bq_carid>
            <bq_persons>4</bq_persons>
            <bq_buydate>09509</bq_buydate>
            <bq_ventsize>2000</bq_ventsize>
            <bq_oilamt>1668</bq_oilamt>
            <bq_oilprice>24.57</bq_oilprice>
            <bq_amt_maintain>51000.00</bq_amt_maintain>
            <bq_amt5>59000.00</bq_amt5>
            <bq_carnum>1</bq_carnum>
            <bq_remark>生物醫學科學研究(外界贈送)</bq_remark>
            <bq_lpgamt>0</bq_lpgamt>
            <bq_lpgprice>0.00</bq_lpgprice>
            <bq_versiondate/>
        </BCTMCAR_row>
        <BCTMCAR_row>
            <bq_fiscalyear>104</bq_fiscalyear>
            <bq_fundkind>1</bq_fundkind>
            <bq_budgetkind>1</bq_budgetkind>
            <bq_specialbudgetno/>
            <bq_agenno>02040</bq_agenno>
            <bq_agentype>C</bq_agentype>
            <bq_budgetstate>2</bq_budgetstate>
            <bq_budgetno>52020409011</bq_budgetno>
            <bq_objectno>07350400</bq_objectno>
            <bq_carid>7A-9929</bq_carid>
            <bq_persons>4</bq_persons>
            <bq_buydate>08909</bq_buydate>
            <bq_ventsize>1984</bq_ventsize>
            <bq_oilamt>1668</bq_oilamt>
            <bq_oilprice>24.57</bq_oilprice>
            <bq_amt_maintain>51000.00</bq_amt_maintain>
            <bq_amt5>28000.00</bq_amt5>
            <bq_carnum>1</bq_carnum>
            <bq_remark>史學及考文研究(96年3月外界捐贈)</bq_remark>
            <bq_lpgamt>0</bq_lpgamt>
            <bq_lpgprice>0.00</bq_lpgprice>
            <bq_versiondate/>
        </BCTMCAR_row>
        <BCTMCAR_row>
            <bq_fiscalyear>104</bq_fiscalyear>
            <bq_fundkind>1</bq_fundkind>
            <bq_budgetkind>1</bq_budgetkind>
            <bq_specialbudgetno/>
            <bq_agenno>02040</bq_agenno>
            <bq_agentype>C</bq_agentype>
            <bq_budgetstate>2</bq_budgetstate>
            <bq_budgetno>52020409011</bq_budgetno>
            <bq_objectno>07351500</bq_objectno>
            <bq_carid>8256-QH</bq_carid>
            <bq_persons>7</bq_persons>
            <bq_buydate>09803</bq_buydate>
            <bq_ventsize>2497</bq_ventsize>
            <bq_oilamt>1668</bq_oilamt>
            <bq_oilprice>22.75</bq_oilprice>
            <bq_amt_maintain>51000.00</bq_amt_maintain>
            <bq_amt5>82000.00</bq_amt5>
            <bq_carnum>1</bq_carnum>
            <bq_remark>生物多樣性研究</bq_remark>
            <bq_lpgamt>0</bq_lpgamt>
            <bq_lpgprice>0.00</bq_lpgprice>
            <bq_versiondate/>
        </BCTMCAR_row>
        <BCTMCAR_row>
            <bq_fiscalyear>104</bq_fiscalyear>
            <bq_fundkind>1</bq_fundkind>
            <bq_budgetkind>1</bq_budgetkind>
            <bq_specialbudgetno/>
            <bq_agenno>02040</bq_agenno>
            <bq_agentype>C</bq_agentype>
            <bq_budgetstate>2</bq_budgetstate>
            <bq_budgetno>52020409011</bq_budgetno>
            <bq_objectno>07351500</bq_objectno>
            <bq_carid>8306-ET</bq_carid>
            <bq_persons>7</bq_persons>
            <bq_buydate>09504</bq_buydate>
            <bq_ventsize>2694</bq_ventsize>
            <bq_oilamt>1668</bq_oilamt>
            <bq_oilprice>24.57</bq_oilprice>
            <bq_amt_maintain>51000.00</bq_amt_maintain>
            <bq_amt5>47000.00</bq_amt5>
            <bq_carnum>1</bq_carnum>
            <bq_remark>地球科學研究</bq_remark>
            <bq_lpgamt>0</bq_lpgamt>
            <bq_lpgprice>0.00</bq_lpgprice>
            <bq_versiondate/>
        </BCTMCAR_row>
        <BCTMCAR_row>
            <bq_fiscalyear>104</bq_fiscalyear>
            <bq_fundkind>1</bq_fundkind>
            <bq_budgetkind>1</bq_budgetkind>
            <bq_specialbudgetno/>
            <bq_agenno>02040</bq_agenno>
            <bq_agentype>C</bq_agentype>
            <bq_budgetstate>2</bq_budgetstate>
            <bq_budgetno>52020409011</bq_budgetno>
            <bq_objectno>07350400</bq_objectno>
            <bq_carid>8771-VB</bq_carid>
            <bq_persons>4</bq_persons>
            <bq_buydate>09806</bq_buydate>
            <bq_ventsize>1495</bq_ventsize>
            <bq_oilamt>1668</bq_oilamt>
            <bq_oilprice>25.97</bq_oilprice>
            <bq_amt_maintain>34000.00</bq_amt_maintain>
            <bq_amt5>37000.00</bq_amt5>
            <bq_carnum>1</bq_carnum>
            <bq_remark>物理研究(外界贈送)。</bq_remark>
            <bq_lpgamt>0</bq_lpgamt>
            <bq_lpgprice>0.00</bq_lpgprice>
            <bq_versiondate/>
        </BCTMCAR_row>
        <BCTMCAR_row>
            <bq_fiscalyear>104</bq_fiscalyear>
            <bq_fundkind>1</bq_fundkind>
            <bq_budgetkind>1</bq_budgetkind>
            <bq_specialbudgetno/>
            <bq_agenno>02040</bq_agenno>
            <bq_agentype>C</bq_agentype>
            <bq_budgetstate>2</bq_budgetstate>
            <bq_budgetno>52020409011</bq_budgetno>
            <bq_objectno>07351500</bq_objectno>
            <bq_carid>8927-DA</bq_carid>
            <bq_persons>5</bq_persons>
            <bq_buydate>09506</bq_buydate>
            <bq_ventsize>2600</bq_ventsize>
            <bq_oilamt>1668</bq_oilamt>
            <bq_oilprice>25.97</bq_oilprice>
            <bq_amt_maintain>51000.00</bq_amt_maintain>
            <bq_amt5>80000.00</bq_amt5>
            <bq_carnum>1</bq_carnum>
            <bq_remark>環境變遷研究。</bq_remark>
            <bq_lpgamt>0</bq_lpgamt>
            <bq_lpgprice>0.00</bq_lpgprice>
            <bq_versiondate/>
        </BCTMCAR_row>
        <BCTMCAR_row>
            <bq_fiscalyear>104</bq_fiscalyear>
            <bq_fundkind>1</bq_fundkind>
            <bq_budgetkind>1</bq_budgetkind>
            <bq_specialbudgetno/>
            <bq_agenno>02040</bq_agenno>
            <bq_agentype>C</bq_agentype>
            <bq_budgetstate>2</bq_budgetstate>
            <bq_budgetno>52020409011</bq_budgetno>
            <bq_objectno>07351500</bq_objectno>
            <bq_carid>9405-DB</bq_carid>
            <bq_persons>6</bq_persons>
            <bq_buydate>09203</bq_buydate>
            <bq_ventsize>2736</bq_ventsize>
            <bq_oilamt>1668</bq_oilamt>
            <bq_oilprice>24.57</bq_oilprice>
            <bq_amt_maintain>51000.00</bq_amt_maintain>
            <bq_amt5>54000.00</bq_amt5>
            <bq_carnum>1</bq_carnum>
            <bq_remark>地球科學研究</bq_remark>
            <bq_lpgamt>0</bq_lpgamt>
            <bq_lpgprice>0.00</bq_lpgprice>
            <bq_versiondate/>
        </BCTMCAR_row>
        <BCTMCAR_row>
            <bq_fiscalyear>104</bq_fiscalyear>
            <bq_fundkind>1</bq_fundkind>
            <bq_budgetkind>1</bq_budgetkind>
            <bq_specialbudgetno/>
            <bq_agenno>02040</bq_agenno>
            <bq_agentype>C</bq_agentype>
            <bq_budgetstate>2</bq_budgetstate>
            <bq_budgetno>52020409011</bq_budgetno>
            <bq_objectno>07350400</bq_objectno>
            <bq_carid>9E-7483</bq_carid>
            <bq_persons>4</bq_persons>
            <bq_buydate>09202</bq_buydate>
            <bq_ventsize>2988</bq_ventsize>
            <bq_oilamt>1668</bq_oilamt>
            <bq_oilprice>24.57</bq_oilprice>
            <bq_amt_maintain>51000.00</bq_amt_maintain>
            <bq_amt5>43000.00</bq_amt5>
            <bq_carnum>1</bq_carnum>
            <bq_remark>行政管理(預計103年度汰換)</bq_remark>
            <bq_lpgamt>0</bq_lpgamt>
            <bq_lpgprice>0.00</bq_lpgprice>
            <bq_versiondate/>
        </BCTMCAR_row>
        <BCTMCAR_row>
            <bq_fiscalyear>104</bq_fiscalyear>
            <bq_fundkind>1</bq_fundkind>
            <bq_budgetkind>1</bq_budgetkind>
            <bq_specialbudgetno/>
            <bq_agenno>02040</bq_agenno>
            <bq_agentype>C</bq_agentype>
            <bq_budgetstate>2</bq_budgetstate>
            <bq_budgetno>52020402020</bq_budgetno>
            <bq_objectno>07350900</bq_objectno>
            <bq_carid>AAC-3707</bq_carid>
            <bq_persons>5</bq_persons>
            <bq_buydate>10203</bq_buydate>
            <bq_ventsize>1998</bq_ventsize>
            <bq_oilamt>1668</bq_oilamt>
            <bq_oilprice>24.57</bq_oilprice>
            <bq_amt_maintain>25000.00</bq_amt_maintain>
            <bq_amt5>82000.00</bq_amt5>
            <bq_carnum>1</bq_carnum>
            <bq_remark>生物醫學科學研究</bq_remark>
            <bq_lpgamt>0</bq_lpgamt>
            <bq_lpgprice>0.00</bq_lpgprice>
            <bq_versiondate/>
        </BCTMCAR_row>
        <BCTMCAR_row>
            <bq_fiscalyear>104</bq_fiscalyear>
            <bq_fundkind>1</bq_fundkind>
            <bq_budgetkind>1</bq_budgetkind>
            <bq_specialbudgetno/>
            <bq_agenno>02040</bq_agenno>
            <bq_agentype>C</bq_agentype>
            <bq_budgetstate>2</bq_budgetstate>
            <bq_budgetno>52020409011</bq_budgetno>
            <bq_objectno>07351200</bq_objectno>
            <bq_carid>AGH3530</bq_carid>
            <bq_persons>1</bq_persons>
            <bq_buydate>10302</bq_buydate>
            <bq_ventsize>2378</bq_ventsize>
            <bq_oilamt>1668</bq_oilamt>
            <bq_oilprice>24.57</bq_oilprice>
            <bq_amt_maintain>9000.00</bq_amt_maintain>
            <bq_amt5>33000.00</bq_amt5>
            <bq_carnum>1</bq_carnum>
            <bq_remark>史學及考文研究</bq_remark>
            <bq_lpgamt>0</bq_lpgamt>
            <bq_lpgprice>0.00</bq_lpgprice>
            <bq_versiondate/>
        </BCTMCAR_row>
        <BCTMCAR_row>
            <bq_fiscalyear>104</bq_fiscalyear>
            <bq_fundkind>1</bq_fundkind>
            <bq_budgetkind>1</bq_budgetkind>
            <bq_specialbudgetno/>
            <bq_agenno>02040</bq_agenno>
            <bq_agentype>C</bq_agentype>
            <bq_budgetstate>2</bq_budgetstate>
            <bq_budgetno>52020409011</bq_budgetno>
            <bq_objectno>07350800</bq_objectno>
            <bq_carid>DY-5407</bq_carid>
            <bq_persons>4</bq_persons>
            <bq_buydate>08901</bq_buydate>
            <bq_ventsize>1972</bq_ventsize>
            <bq_oilamt>1668</bq_oilamt>
            <bq_oilprice>24.57</bq_oilprice>
            <bq_amt_maintain>51000.00</bq_amt_maintain>
            <bq_amt5>49000.00</bq_amt5>
            <bq_carnum>1</bq_carnum>
            <bq_remark>地球科學研究</bq_remark>
            <bq_lpgamt>0</bq_lpgamt>
            <bq_lpgprice>0.00</bq_lpgprice>
            <bq_versiondate/>
        </BCTMCAR_row>
        <BCTMCAR_row>
            <bq_fiscalyear>104</bq_fiscalyear>
            <bq_fundkind>1</bq_fundkind>
            <bq_budgetkind>1</bq_budgetkind>
            <bq_specialbudgetno/>
            <bq_agenno>02040</bq_agenno>
            <bq_agentype>C</bq_agentype>
            <bq_budgetstate>2</bq_budgetstate>
            <bq_budgetno>52020409011</bq_budgetno>
            <bq_objectno>07351500</bq_objectno>
            <bq_carid>電動車</bq_carid>
            <bq_persons>1</bq_persons>
            <bq_buydate>09709</bq_buydate>
            <bq_ventsize>0</bq_ventsize>
            <bq_oilamt>0</bq_oilamt>
            <bq_oilprice>0.00</bq_oilprice>
            <bq_amt_maintain>8000.00</bq_amt_maintain>
            <bq_amt5>15000.00</bq_amt5>
            <bq_carnum>1</bq_carnum>
            <bq_remark>分子生物研究(電動車)</bq_remark>
            <bq_lpgamt>0</bq_lpgamt>
            <bq_lpgprice>0.00</bq_lpgprice>
            <bq_versiondate/>
        </BCTMCAR_row>
    </BCTMCAR>
</tables>
