<?xml version="1.0" encoding="UTF-8"?>
<tables>
    <BCTDYEARPLAN>
        <BCTDYEARPLAN_row>
            <b06_fiscalyear>104</b06_fiscalyear>
            <b06_fundkind>1</b06_fundkind>
            <b06_budgetkind>1         </b06_budgetkind>
            <b06_specialbudgetno/>
            <b06_agenno>02040     </b06_agenno>
            <b06_agentype>C         </b06_agentype>
            <b06_budgetstate>2</b06_budgetstate>
            <b06_planno>01</b06_planno>
            <b06_planname>環境變遷研究大樓新建工程</b06_planname>
            <b06_startyear>100</b06_startyear>
            <b06_endyear>105</b06_endyear>
            <b06_budgetamt>985584000.00</b06_budgetamt>
            <b06_amt1>211584000.00</b06_amt1>
            <b06_amt2>120000000.00</b06_amt2>
            <b06_amt3>230000000.00</b06_amt3>
            <b06_amt4>424000000.00</b06_amt4>
            <b06_memo>&amp;lt;#H1&amp;gt;行政院99年7月12日院臺科字第0990039352號函核定。&#xd;
&amp;lt;#H1&amp;gt;本計畫104年度預算編列於「營建工程」科目2億3,000萬元。</b06_memo>
            <b06_upduserno>1001</b06_upduserno>
            <b06_upddatetime/>
            <b06_versiondate/>
            <b06_amt1_display>2.115840000000</b06_amt1_display>
            <b06_amt2_display>1.200000000000</b06_amt2_display>
            <b06_amt3_display>2.300000000000</b06_amt3_display>
            <b06_amt4_display>4.240000000000</b06_amt4_display>
            <b06_budgetamt_display>9.855840000000</b06_budgetamt_display>
        </BCTDYEARPLAN_row>
        <BCTDYEARPLAN_row>
            <b06_fiscalyear>104</b06_fiscalyear>
            <b06_fundkind>1</b06_fundkind>
            <b06_budgetkind>1         </b06_budgetkind>
            <b06_specialbudgetno/>
            <b06_agenno>02040     </b06_agenno>
            <b06_agentype>C         </b06_agentype>
            <b06_budgetstate>2</b06_budgetstate>
            <b06_planno>02</b06_planno>
            <b06_planname>學人寄宿舍(2)新建工程</b06_planname>
            <b06_startyear>100</b06_startyear>
            <b06_endyear>104</b06_endyear>
            <b06_budgetamt>569000000.00</b06_budgetamt>
            <b06_amt1>397000000.00</b06_amt1>
            <b06_amt2>89000000.00</b06_amt2>
            <b06_amt3>83000000.00</b06_amt3>
            <b06_amt4>0.00</b06_amt4>
            <b06_memo>&amp;lt;#H1&amp;gt;行政院99年8月19日院臺科字第0990046655號函核定。&#xd;
&amp;lt;#H1&amp;gt;本計畫104年度預算編列於「營建工程」科目8,300萬元。</b06_memo>
            <b06_upduserno>1001</b06_upduserno>
            <b06_upddatetime/>
            <b06_versiondate/>
            <b06_amt1_display>3.970000000000</b06_amt1_display>
            <b06_amt2_display>0.890000000000</b06_amt2_display>
            <b06_amt3_display>0.830000000000</b06_amt3_display>
            <b06_amt4_display>0E-12</b06_amt4_display>
            <b06_budgetamt_display>5.690000000000</b06_budgetamt_display>
        </BCTDYEARPLAN_row>
        <BCTDYEARPLAN_row>
            <b06_fiscalyear>104</b06_fiscalyear>
            <b06_fundkind>1</b06_fundkind>
            <b06_budgetkind>1         </b06_budgetkind>
            <b06_specialbudgetno/>
            <b06_agenno>02040     </b06_agenno>
            <b06_agentype>C         </b06_agentype>
            <b06_budgetstate>2</b06_budgetstate>
            <b06_planno>03</b06_planno>
            <b06_planname>國家生技研究園區</b06_planname>
            <b06_startyear>97</b06_startyear>
            <b06_endyear>105</b06_endyear>
            <b06_budgetamt>21386400000.00</b06_budgetamt>
            <b06_amt1>5366080000.00</b06_amt1>
            <b06_amt2>3676000000.00</b06_amt2>
            <b06_amt3>4186058000.00</b06_amt3>
            <b06_amt4>8158262000.00</b06_amt4>
            <b06_memo>&amp;lt;#H1&amp;gt;行政院96年12月4日院臺科字第0960053016A號函核定、101年5月30日院臺科字第1010027770號函核定及102年9月27日院臺科字第102148814號函核定修正。&#xd;
&amp;lt;#H1&amp;gt;本計畫核定總經費225億9,600萬元，其中園區其他進駐單位經費12億960萬元，本院經費213億8,640萬元，如表列中央公務預算經費需求總額(含97年至98年科技部所屬科學工業園區管理局編列9億7,952萬5,000元，執行3,552萬5,000元)。&#xd;
&amp;lt;#H1&amp;gt;本計畫104年度預算編列於「國家生技研究園區」科目41億8,605萬8,000元。&#xd;
&#xd;
</b06_memo>
            <b06_upduserno>1001</b06_upduserno>
            <b06_upddatetime/>
            <b06_versiondate/>
            <b06_amt1_display>53.660800000000</b06_amt1_display>
            <b06_amt2_display>36.760000000000</b06_amt2_display>
            <b06_amt3_display>41.860580000000</b06_amt3_display>
            <b06_amt4_display>81.582620000000</b06_amt4_display>
            <b06_budgetamt_display>213.864000000000</b06_budgetamt_display>
        </BCTDYEARPLAN_row>
    </BCTDYEARPLAN>
</tables>
