<?xml version="1.0" encoding="UTF-8"?>
<tables>
    <BCME3460>
        <BCME3460_row>
            <budgetno>00290000000</budgetno>
            <b_level>00</b_level>
            <budgetname>交通部主管</budgetname>
            <damt1>306952000.00</damt1>
            <damt2>2069000.00</damt2>
            <damt3>984000.00</damt3>
            <damt4>0.00</damt4>
            <damt5>1200000.00</damt5>
            <damt6>311205000.00</damt6>
            <damt7>0.00</damt7>
            <damt8>0.00</damt8>
            <damt9>0.00</damt9>
            <damt10>0.00</damt10>
            <damt11>0.00</damt11>
            <damt12>311205000.00</damt12>
            <no1>14</no1>
            <no2>00</no2>
            <no3>00</no3>
            <no4>00</no4>
            <budgetno_conver>0029000000</budgetno_conver>
            <bnorder>2900000000000</bnorder>
            <ba_budgetsource>1</ba_budgetsource>
        </BCME3460_row>
        <BCME3460_row>
            <budgetno>00290110000</budgetno>
            <b_level>10</b_level>
            <budgetname>民用航空局</budgetname>
            <damt1>306952000.00</damt1>
            <damt2>2069000.00</damt2>
            <damt3>984000.00</damt3>
            <damt4>0.00</damt4>
            <damt5>1200000.00</damt5>
            <damt6>311205000.00</damt6>
            <damt7>0.00</damt7>
            <damt8>0.00</damt8>
            <damt9>0.00</damt9>
            <damt10>0.00</damt10>
            <damt11>0.00</damt11>
            <damt12>311205000.00</damt12>
            <no1>14</no1>
            <no2>02</no2>
            <no3>00</no3>
            <no4>00</no4>
            <budgetno_conver>0029110000</budgetno_conver>
            <bnorder>2901100000000</bnorder>
            <ba_budgetsource>1</ba_budgetsource>
        </BCME3460_row>
        <BCME3460_row>
            <budgetno>60290110000</budgetno>
            <b_level>20</b_level>
            <budgetname>交通支出</budgetname>
            <damt1>306952000.00</damt1>
            <damt2>2069000.00</damt2>
            <damt3>984000.00</damt3>
            <damt4>0.00</damt4>
            <damt5>1200000.00</damt5>
            <damt6>311205000.00</damt6>
            <damt7>0.00</damt7>
            <damt8>0.00</damt8>
            <damt9>0.00</damt9>
            <damt10>0.00</damt10>
            <damt11>0.00</damt11>
            <damt12>311205000.00</damt12>
            <no1>14</no1>
            <no2>02</no2>
            <no3>00</no3>
            <no4>00</no4>
            <budgetno_conver>6029110000</budgetno_conver>
            <bnorder>2901100600000</bnorder>
            <ba_budgetsource>1</ba_budgetsource>
        </BCME3460_row>
        <BCME3460_row>
            <budgetno>60290110100</budgetno>
            <b_level>30</b_level>
            <budgetname>一般行政</budgetname>
            <damt1>306952000.00</damt1>
            <damt2>1823000.00</damt2>
            <damt3>984000.00</damt3>
            <damt4>0.00</damt4>
            <damt5>0.00</damt5>
            <damt6>309759000.00</damt6>
            <damt7>0.00</damt7>
            <damt8>0.00</damt8>
            <damt9>0.00</damt9>
            <damt10>0.00</damt10>
            <damt11>0.00</damt11>
            <damt12>309759000.00</damt12>
            <no1>14</no1>
            <no2>02</no2>
            <no3>01</no3>
            <no4>00</no4>
            <budgetno_conver>6029110100</budgetno_conver>
            <bnorder>2901100600100</bnorder>
            <ba_budgetsource>1</ba_budgetsource>
        </BCME3460_row>
        <BCME3460_row>
            <budgetno>60290110200</budgetno>
            <b_level>30</b_level>
            <budgetname>空運管理業務</budgetname>
            <damt1>0.00</damt1>
            <damt2>246000.00</damt2>
            <damt3>0.00</damt3>
            <damt4>0.00</damt4>
            <damt5>0.00</damt5>
            <damt6>246000.00</damt6>
            <damt7>0.00</damt7>
            <damt8>0.00</damt8>
            <damt9>0.00</damt9>
            <damt10>0.00</damt10>
            <damt11>0.00</damt11>
            <damt12>246000.00</damt12>
            <no1>14</no1>
            <no2>02</no2>
            <no3>02</no3>
            <no4>00</no4>
            <budgetno_conver>6029110200</budgetno_conver>
            <bnorder>2901100600200</bnorder>
            <ba_budgetsource>1</ba_budgetsource>
        </BCME3460_row>
        <BCME3460_row>
            <budgetno>60290119800</budgetno>
            <b_level>30</b_level>
            <budgetname>第一預備金</budgetname>
            <damt1>0.00</damt1>
            <damt2>0.00</damt2>
            <damt3>0.00</damt3>
            <damt4>0.00</damt4>
            <damt5>1200000.00</damt5>
            <damt6>1200000.00</damt6>
            <damt7>0.00</damt7>
            <damt8>0.00</damt8>
            <damt9>0.00</damt9>
            <damt10>0.00</damt10>
            <damt11>0.00</damt11>
            <damt12>1200000.00</damt12>
            <no1>14</no1>
            <no2>02</no2>
            <no3>03</no3>
            <no4>00</no4>
            <budgetno_conver>6029119800</budgetno_conver>
            <bnorder>2901100609800</bnorder>
            <ba_budgetsource>1</ba_budgetsource>
        </BCME3460_row>
    </BCME3460>
</tables>
