<?xml version="1.0" encoding="UTF-8"?>
<tables>
    <BCME3420>
        <BCME3420_row>
            <budgetno/>
            <agenno/>
            <agentype/>
            <mh_budgetname>合    計</mh_budgetname>
            <displayname>合    計</displayname>
            <budgetno_conver/>
            <tyear_amt>6644285000.00</tyear_amt>
            <lyear_amt>6813176000.00</lyear_amt>
            <byear_amt>6518228254.00</byear_amt>
            <b_amt>-168891000.00</b_amt>
            <bc_content/>
            <memo/>
        </BCME3420_row>
        <BCME3420_row>
            <budgetno>00630000000</budgetno>
            <agenno>63010</agenno>
            <agentype>C</agentype>
            <mh_budgetname>海岸巡防署主管</mh_budgetname>
            <displayname>海岸巡防署主管</displayname>
            <budgetno_conver>0063000000</budgetno_conver>
            <tyear_amt>6644285000.000000</tyear_amt>
            <lyear_amt>6813176000.000000</lyear_amt>
            <byear_amt>6518228254.000000</byear_amt>
            <b_amt>-168891000.000000</b_amt>
            <bc_content/>
        </BCME3420_row>
        <BCME3420_row>
            <budgetno>00630100000</budgetno>
            <agenno>63010</agenno>
            <agentype>C</agentype>
            <mh_budgetname>海洋巡防總局</mh_budgetname>
            <displayname>海洋巡防總局</displayname>
            <budgetno_conver>0063100000</budgetno_conver>
            <tyear_amt>6644285000.000000</tyear_amt>
            <lyear_amt>6813176000.000000</lyear_amt>
            <byear_amt>6518228254.000000</byear_amt>
            <b_amt>-168891000.000000</b_amt>
            <bc_content/>
        </BCME3420_row>
        <BCME3420_row>
            <budgetno>38630100000</budgetno>
            <agenno>63010</agenno>
            <agentype>C</agentype>
            <mh_budgetname>民政支出</mh_budgetname>
            <displayname>民政支出</displayname>
            <budgetno_conver>3863100000</budgetno_conver>
            <tyear_amt>6644285000.000000</tyear_amt>
            <lyear_amt>6813176000.000000</lyear_amt>
            <byear_amt>6518228254.000000</byear_amt>
            <b_amt>-168891000.000000</b_amt>
            <bc_content/>
        </BCME3420_row>
        <BCME3420_row>
            <budgetno>38630100100</budgetno>
            <agenno>63010</agenno>
            <agentype>C</agentype>
            <mh_budgetname>一般行政</mh_budgetname>
            <displayname>一般行政</displayname>
            <budgetno_conver>3863100100</budgetno_conver>
            <tyear_amt>3390319000.000000</tyear_amt>
            <lyear_amt>3227993000.000000</lyear_amt>
            <byear_amt>3199621562.000000</byear_amt>
            <b_amt>162326000.000000</b_amt>
            <bc_content>&lt;#H1&gt;本年度預算數3,390,319千元，包括人事費3,355,741千元，業務費32,198千元，獎補助費2,380千元。
&lt;#H1&gt;本年度預算數之內容與上年度之比較如下：
&lt;#H2&gt;人員維持費3,355,741千元，較上年度增列強化海巡編裝方案增加進用人員等經費166,248千元。
&lt;#H2&gt;基本行政工作維持費34,578千元，較上年度減列總局水電費、電話費、郵資及公務車用油等3,922千元。
</bc_content>
        </BCME3420_row>
        <BCME3420_row>
            <budgetno>38630100200</budgetno>
            <agenno>63010</agenno>
            <agentype>C</agentype>
            <mh_budgetname>海洋巡防業務</mh_budgetname>
            <displayname>海洋巡防業務</displayname>
            <budgetno_conver>3863100200</budgetno_conver>
            <tyear_amt>3240727000.000000</tyear_amt>
            <lyear_amt>3571665000.000000</lyear_amt>
            <byear_amt>3315924425.000000</byear_amt>
            <b_amt>-330938000.000000</b_amt>
            <bc_content>&lt;#H1&gt;本年度預算數3,240,727千元，包括業務費857,867千元，設備及投資2,382,860千元。
&lt;#H1&gt;本年度預算數之內容與上年度之比較如下：
&lt;#H2&gt;後勤業務551,590千元，較上年度減列艦艇用油等經費99,601千元。
&lt;#H2&gt;海域綜合管理1,623千元，較上年度減列船位回報系統設備養護等經費1,175千元。
&lt;#H2&gt;維護海域秩序及資源保護9,582千元，較上年度減列取締大陸船舶越界勤務及老舊電腦設備汰換等經費2,023千元。
&lt;#H2&gt;艦艇建造及維修664,929千元，較上年度增列艦艇特別檢驗(大修)與艦艇保險等經費72,081千元。
&lt;#H2&gt;海事專業訓練18,362千元，較上年度增列強化海巡編裝在職訓練及新增船員專業訓練等經費6,050千元。
&lt;#H2&gt;海域偵防查緝1,934千元，較上年度減列偵蒐器材汰換等經費2,176千元。
&lt;#H2&gt;海上巡防2,517千元，較上年度減列應勤裝備汰換等經費6,533千元。
&lt;#H2&gt;強化海巡編裝發展方案艦艇新建及延壽計畫總經費16,204,603千元，分10年辦理，99至103年度已編列8,977,075千元，本年度續編第6年經費1,990,190千元，較上年度減列297,561千元。

</bc_content>
        </BCME3420_row>
        <BCME3420_row>
            <budgetno>38630109000</budgetno>
            <agenno>63010</agenno>
            <agentype>C</agentype>
            <mh_budgetname>一般建築及設備</mh_budgetname>
            <displayname>一般建築及設備</displayname>
            <budgetno_conver>3863109000</budgetno_conver>
            <tyear_amt>3239000.000000</tyear_amt>
            <lyear_amt>3518000.000000</lyear_amt>
            <byear_amt>2682267.000000</byear_amt>
            <b_amt>-279000.000000</b_amt>
            <bc_content/>
        </BCME3420_row>
        <BCME3420_row>
            <budgetno>38630109011</budgetno>
            <agenno>63010</agenno>
            <agentype>C</agentype>
            <mh_budgetname>交通及運輸設備</mh_budgetname>
            <displayname>交通及運輸設備</displayname>
            <budgetno_conver>3863109011</budgetno_conver>
            <tyear_amt>3239000.000000</tyear_amt>
            <lyear_amt>3518000.000000</lyear_amt>
            <byear_amt>2682267.000000</byear_amt>
            <b_amt>-279000.000000</b_amt>
            <bc_content>本年度預算數之內容與上年度之比較如下：&#xd;
&lt;#H1&gt;汰換勤務車3輛及偵防車1輛經費3,239千元。&#xd;
&lt;#H1&gt;上年度汰換勤務車4輛及偵防車1輛預算業已編竣，所列3,518千元如數減列。&#xd;
</bc_content>
        </BCME3420_row>
        <BCME3420_row>
            <budgetno>38630109800</budgetno>
            <agenno>63010</agenno>
            <agentype>C</agentype>
            <mh_budgetname>第一預備金</mh_budgetname>
            <displayname>第一預備金</displayname>
            <budgetno_conver>3863109800</budgetno_conver>
            <tyear_amt>10000000.000000</tyear_amt>
            <lyear_amt>10000000.000000</lyear_amt>
            <byear_amt>0.000000</byear_amt>
            <b_amt>0.000000</b_amt>
            <bc_content>仍照上年度預算數編列。</bc_content>
        </BCME3420_row>
    </BCME3420>
</tables>
