<?xml version="1.0" encoding="UTF-8"?>
<tables>
    <BCTDHELPPLAN>
        <BCTDHELPPLAN_row>
            <bh_fiscalyear>104</bh_fiscalyear>
            <bh_fundkind>1</bh_fundkind>
            <bh_budgetkind>1</bh_budgetkind>
            <bh_specialbudgetno/>
            <bh_agenno>63010</bh_agenno>
            <bh_agentype>C</bh_agentype>
            <bh_budgetstate>2</bh_budgetstate>
            <bh_versiondate/>
            <bh_objectno/>
            <bh_endowplanno>01</bh_endowplanno>
            <bh_endowplanname>自辦海勤人員監理之制度及訓練標準委託研究</bh_endowplanname>
            <bh_donname/>
            <bh_endowsts>2</bh_endowsts>
            <bh_budgetno>38630100200</bh_budgetno>
            <bh_subprojectno>05</bh_subprojectno>
            <bh_budgetsource>1</bh_budgetsource>
            <bh_applyid>0</bh_applyid>
            <bh_startyear>104</bh_startyear>
            <bh_endyear>104</bh_endyear>
            <bh_donrem>&amp;lt;#H1&amp;gt;研究我國交通部、國防部及行政院農委會漁業署針對在商船上、軍艦上及漁船上工作或執行任務人員之訓練及認證制度，以及其對海巡艦艇人員須遵循或可採行之內容。&#xd;
&amp;lt;#H1&amp;gt;研究STCW國際公約之航海人員訓練及認證制度，以及其對海巡艦艇人員須遵循或可採行之內容。&#xd;
&amp;lt;#H1&amp;gt;研究本總局預擬之接軌自辦監理之制度設計及法規內容，提出契合海巡任務需求及具體、可行之改善建議。</bh_donrem>
            <bh_bgtyear>0</bh_bgtyear>
            <bh_amt_man>332000.00</bh_amt_man>
            <bh_amt_business>154000.00</bh_amt_business>
            <bh_amt_other>0.00</bh_amt_other>
            <bh_amt_land>0.00</bh_amt_land>
            <bh_amt_house>0.00</bh_amt_house>
            <bh_amt6>0.00</bh_amt6>
            <bh_amt7>0.00</bh_amt7>
            <bh_flowflag/>
            <bh_signflag/>
            <bh_signno/>
            <mj_subprojectno_na>05 - 海事專業訓練</mj_subprojectno_na>
        </BCTDHELPPLAN_row>
    </BCTDHELPPLAN>
</tables>
