<?xml version="1.0" encoding="UTF-8"?>
<tables>
    <BCME3470>
        <BCME3470_row>
            <budgetno>00630000000</budgetno>
            <budgetname>海岸巡防署主管</budgetname>
            <damt1>0.000000</damt1>
            <damt2>4054.000000</damt2>
            <damt3>0.000000</damt3>
            <damt4>385116.000000</damt4>
            <damt5>1993429.000000</damt5>
            <damt6>0.000000</damt6>
            <damt7>3500.000000</damt7>
            <damt8>0.000000</damt8>
            <damt9>0.000000</damt9>
            <damt10>2386099.000000</damt10>
            <no1>23</no1>
            <no2>00</no2>
            <no3>00</no3>
            <no4>00</no4>
            <budgetno_conver>0063000000</budgetno_conver>
            <b_level>1</b_level>
        </BCME3470_row>
        <BCME3470_row>
            <budgetno>00630100000</budgetno>
            <budgetname>海洋巡防總局</budgetname>
            <damt1>0.000000</damt1>
            <damt2>4054.000000</damt2>
            <damt3>0.000000</damt3>
            <damt4>385116.000000</damt4>
            <damt5>1993429.000000</damt5>
            <damt6>0.000000</damt6>
            <damt7>3500.000000</damt7>
            <damt8>0.000000</damt8>
            <damt9>0.000000</damt9>
            <damt10>2386099.000000</damt10>
            <no1>23</no1>
            <no2>02</no2>
            <no3>00</no3>
            <no4>00</no4>
            <budgetno_conver>0063100000</budgetno_conver>
            <b_level>2</b_level>
        </BCME3470_row>
        <BCME3470_row>
            <budgetno>38630100000</budgetno>
            <budgetname>民政支出</budgetname>
            <damt1>0.000000</damt1>
            <damt2>4054.000000</damt2>
            <damt3>0.000000</damt3>
            <damt4>385116.000000</damt4>
            <damt5>1993429.000000</damt5>
            <damt6>0.000000</damt6>
            <damt7>3500.000000</damt7>
            <damt8>0.000000</damt8>
            <damt9>0.000000</damt9>
            <damt10>2386099.000000</damt10>
            <no1>23</no1>
            <no2/>
            <no3/>
            <no4>00</no4>
            <budgetno_conver>3863100000</budgetno_conver>
            <b_level>2</b_level>
        </BCME3470_row>
        <BCME3470_row>
            <budgetno>38630100200</budgetno>
            <budgetname>海洋巡防業務</budgetname>
            <damt1>0.000000</damt1>
            <damt2>4054.000000</damt2>
            <damt3>0.000000</damt3>
            <damt4>385116.000000</damt4>
            <damt5>1990190.000000</damt5>
            <damt6>0.000000</damt6>
            <damt7>3500.000000</damt7>
            <damt8>0.000000</damt8>
            <damt9>0.000000</damt9>
            <damt10>2382860.000000</damt10>
            <no1>23</no1>
            <no2>02</no2>
            <no3>02</no3>
            <no4>00</no4>
            <budgetno_conver>3863100200</budgetno_conver>
            <b_level>3</b_level>
        </BCME3470_row>
        <BCME3470_row>
            <budgetno>38630109000</budgetno>
            <budgetname>一般建築及設備</budgetname>
            <damt1>0.000000</damt1>
            <damt2>0.000000</damt2>
            <damt3>0.000000</damt3>
            <damt4>0.000000</damt4>
            <damt5>3239.000000</damt5>
            <damt6>0.000000</damt6>
            <damt7>0.000000</damt7>
            <damt8>0.000000</damt8>
            <damt9>0.000000</damt9>
            <damt10>3239.000000</damt10>
            <no1>23</no1>
            <no2>02</no2>
            <no3>03</no3>
            <no4>00</no4>
            <budgetno_conver>3863109000</budgetno_conver>
            <b_level>3</b_level>
        </BCME3470_row>
        <BCME3470_row>
            <budgetno>38630109011</budgetno>
            <budgetname>交通及運輸設備</budgetname>
            <damt1>0.000000</damt1>
            <damt2>0.000000</damt2>
            <damt3>0.000000</damt3>
            <damt4>0.000000</damt4>
            <damt5>3239.000000</damt5>
            <damt6>0.000000</damt6>
            <damt7>0.000000</damt7>
            <damt8>0.000000</damt8>
            <damt9>0.000000</damt9>
            <damt10>3239.000000</damt10>
            <no1>23</no1>
            <no2>02</no2>
            <no3>03</no3>
            <no4>01</no4>
            <budgetno_conver>3863109011</budgetno_conver>
            <b_level>4</b_level>
        </BCME3470_row>
    </BCME3470>
</tables>
