<?xml version="1.0" encoding="UTF-8"?>
<tables>
    <BCME3450>
        <BCME3450_row>
            <objectNo>合計</objectNo>
            <budgetno_3863100100>3390319.00</budgetno_3863100100>
            <budgetno_3863100200>3240727.00</budgetno_3863100200>
            <budgetno_3863109011>3239.00</budgetno_3863109011>
            <budgetno_3863109800>10000.00</budgetno_3863109800>
            <total>6644285.00</total>
        </BCME3450_row>
        <BCME3450_row>
            <objectNo>0100 人事費</objectNo>
            <budgetno_3863100100>3355741.00</budgetno_3863100100>
            <budgetno_3863100200/>
            <budgetno_3863109011/>
            <budgetno_3863109800/>
            <total>3355741.00</total>
        </BCME3450_row>
        <BCME3450_row>
            <objectNo>  0103 法定編制人員待遇</objectNo>
            <budgetno_3863100100>2080847.00</budgetno_3863100100>
            <budgetno_3863100200/>
            <budgetno_3863109011/>
            <budgetno_3863109800/>
            <total>2080847.00</total>
        </BCME3450_row>
        <BCME3450_row>
            <objectNo>  0104 約聘僱人員待遇</objectNo>
            <budgetno_3863100100>75114.00</budgetno_3863100100>
            <budgetno_3863100200/>
            <budgetno_3863109011/>
            <budgetno_3863109800/>
            <total>75114.00</total>
        </BCME3450_row>
        <BCME3450_row>
            <objectNo>  0105 技工及工友待遇</objectNo>
            <budgetno_3863100100>64264.00</budgetno_3863100100>
            <budgetno_3863100200/>
            <budgetno_3863109011/>
            <budgetno_3863109800/>
            <total>64264.00</total>
        </BCME3450_row>
        <BCME3450_row>
            <objectNo>  0111 獎金</objectNo>
            <budgetno_3863100100>429397.00</budgetno_3863100100>
            <budgetno_3863100200/>
            <budgetno_3863109011/>
            <budgetno_3863109800/>
            <total>429397.00</total>
        </BCME3450_row>
        <BCME3450_row>
            <objectNo>  0121 其他給與</objectNo>
            <budgetno_3863100100>39488.00</budgetno_3863100100>
            <budgetno_3863100200/>
            <budgetno_3863109011/>
            <budgetno_3863109800/>
            <total>39488.00</total>
        </BCME3450_row>
        <BCME3450_row>
            <objectNo>  0131 加班值班費</objectNo>
            <budgetno_3863100100>272490.00</budgetno_3863100100>
            <budgetno_3863100200/>
            <budgetno_3863109011/>
            <budgetno_3863109800/>
            <total>272490.00</total>
        </BCME3450_row>
        <BCME3450_row>
            <objectNo>  0142 退休退職給付</objectNo>
            <budgetno_3863100100>38334.00</budgetno_3863100100>
            <budgetno_3863100200/>
            <budgetno_3863109011/>
            <budgetno_3863109800/>
            <total>38334.00</total>
        </BCME3450_row>
        <BCME3450_row>
            <objectNo>  0143 退休離職儲金</objectNo>
            <budgetno_3863100100>162305.00</budgetno_3863100100>
            <budgetno_3863100200/>
            <budgetno_3863109011/>
            <budgetno_3863109800/>
            <total>162305.00</total>
        </BCME3450_row>
        <BCME3450_row>
            <objectNo>  0151 保險</objectNo>
            <budgetno_3863100100>193502.00</budgetno_3863100100>
            <budgetno_3863100200/>
            <budgetno_3863109011/>
            <budgetno_3863109800/>
            <total>193502.00</total>
        </BCME3450_row>
        <BCME3450_row>
            <objectNo>0200 業務費</objectNo>
            <budgetno_3863100100>32198.00</budgetno_3863100100>
            <budgetno_3863100200>857867.00</budgetno_3863100200>
            <budgetno_3863109011/>
            <budgetno_3863109800/>
            <total>890065.00</total>
        </BCME3450_row>
        <BCME3450_row>
            <objectNo>  0201 教育訓練費</objectNo>
            <budgetno_3863100100/>
            <budgetno_3863100200>13477.00</budgetno_3863100200>
            <budgetno_3863109011/>
            <budgetno_3863109800/>
            <total>13477.00</total>
        </BCME3450_row>
        <BCME3450_row>
            <objectNo>  0202 水電費</objectNo>
            <budgetno_3863100100>3200.00</budgetno_3863100100>
            <budgetno_3863100200>31796.00</budgetno_3863100200>
            <budgetno_3863109011/>
            <budgetno_3863109800/>
            <total>34996.00</total>
        </BCME3450_row>
        <BCME3450_row>
            <objectNo>  0203 通訊費</objectNo>
            <budgetno_3863100100>5059.00</budgetno_3863100100>
            <budgetno_3863100200>2908.00</budgetno_3863100200>
            <budgetno_3863109011/>
            <budgetno_3863109800/>
            <total>7967.00</total>
        </BCME3450_row>
        <BCME3450_row>
            <objectNo>  0211 土地租金</objectNo>
            <budgetno_3863100100/>
            <budgetno_3863100200>638.00</budgetno_3863100200>
            <budgetno_3863109011/>
            <budgetno_3863109800/>
            <total>638.00</total>
        </BCME3450_row>
        <BCME3450_row>
            <objectNo>  0215 資訊服務費</objectNo>
            <budgetno_3863100100/>
            <budgetno_3863100200>1544.00</budgetno_3863100200>
            <budgetno_3863109011/>
            <budgetno_3863109800/>
            <total>1544.00</total>
        </BCME3450_row>
        <BCME3450_row>
            <objectNo>  0219 其他業務租金</objectNo>
            <budgetno_3863100100/>
            <budgetno_3863100200>4427.00</budgetno_3863100200>
            <budgetno_3863109011/>
            <budgetno_3863109800/>
            <total>4427.00</total>
        </BCME3450_row>
        <BCME3450_row>
            <objectNo>  0221 稅捐及規費</objectNo>
            <budgetno_3863100100>1815.00</budgetno_3863100100>
            <budgetno_3863100200>264.00</budgetno_3863100200>
            <budgetno_3863109011/>
            <budgetno_3863109800/>
            <total>2079.00</total>
        </BCME3450_row>
        <BCME3450_row>
            <objectNo>  0231 保險費</objectNo>
            <budgetno_3863100100>320.00</budgetno_3863100100>
            <budgetno_3863100200>87623.00</budgetno_3863100200>
            <budgetno_3863109011/>
            <budgetno_3863109800/>
            <total>87943.00</total>
        </BCME3450_row>
        <BCME3450_row>
            <objectNo>  0250 按日按件計資酬金</objectNo>
            <budgetno_3863100100>11.00</budgetno_3863100100>
            <budgetno_3863100200>2619.00</budgetno_3863100200>
            <budgetno_3863109011/>
            <budgetno_3863109800/>
            <total>2630.00</total>
        </BCME3450_row>
        <BCME3450_row>
            <objectNo>  0251 委辦費</objectNo>
            <budgetno_3863100100/>
            <budgetno_3863100200>486.00</budgetno_3863100200>
            <budgetno_3863109011/>
            <budgetno_3863109800/>
            <total>486.00</total>
        </BCME3450_row>
        <BCME3450_row>
            <objectNo>  0271 物品</objectNo>
            <budgetno_3863100100>4649.00</budgetno_3863100100>
            <budgetno_3863100200>501399.00</budgetno_3863100200>
            <budgetno_3863109011/>
            <budgetno_3863109800/>
            <total>506048.00</total>
        </BCME3450_row>
        <BCME3450_row>
            <objectNo>  0279 一般事務費</objectNo>
            <budgetno_3863100100>9354.00</budgetno_3863100100>
            <budgetno_3863100200>8276.00</budgetno_3863100200>
            <budgetno_3863109011/>
            <budgetno_3863109800/>
            <total>17630.00</total>
        </BCME3450_row>
        <BCME3450_row>
            <objectNo>  0282 房屋建築養護費</objectNo>
            <budgetno_3863100100>2283.00</budgetno_3863100100>
            <budgetno_3863100200/>
            <budgetno_3863109011/>
            <budgetno_3863109800/>
            <total>2283.00</total>
        </BCME3450_row>
        <BCME3450_row>
            <objectNo>  0283 車輛及辦公器具養護費</objectNo>
            <budgetno_3863100100>5219.00</budgetno_3863100100>
            <budgetno_3863100200/>
            <budgetno_3863109011/>
            <budgetno_3863109800/>
            <total>5219.00</total>
        </BCME3450_row>
        <BCME3450_row>
            <objectNo>  0284 設施及機械設備養護費</objectNo>
            <budgetno_3863100100/>
            <budgetno_3863100200>197142.00</budgetno_3863100200>
            <budgetno_3863109011/>
            <budgetno_3863109800/>
            <total>197142.00</total>
        </BCME3450_row>
        <BCME3450_row>
            <objectNo>  0291 國內旅費</objectNo>
            <budgetno_3863100100>108.00</budgetno_3863100100>
            <budgetno_3863100200>4300.00</budgetno_3863100200>
            <budgetno_3863109011/>
            <budgetno_3863109800/>
            <total>4408.00</total>
        </BCME3450_row>
        <BCME3450_row>
            <objectNo>  0292 大陸地區旅費</objectNo>
            <budgetno_3863100100/>
            <budgetno_3863100200>139.00</budgetno_3863100200>
            <budgetno_3863109011/>
            <budgetno_3863109800/>
            <total>139.00</total>
        </BCME3450_row>
        <BCME3450_row>
            <objectNo>  0293 國外旅費</objectNo>
            <budgetno_3863100100/>
            <budgetno_3863100200>829.00</budgetno_3863100200>
            <budgetno_3863109011/>
            <budgetno_3863109800/>
            <total>829.00</total>
        </BCME3450_row>
        <BCME3450_row>
            <objectNo>  0299 特別費</objectNo>
            <budgetno_3863100100>180.00</budgetno_3863100100>
            <budgetno_3863100200/>
            <budgetno_3863109011/>
            <budgetno_3863109800/>
            <total>180.00</total>
        </BCME3450_row>
        <BCME3450_row>
            <objectNo>0300 設備及投資</objectNo>
            <budgetno_3863100100/>
            <budgetno_3863100200>2382860.00</budgetno_3863100200>
            <budgetno_3863109011>3239.00</budgetno_3863109011>
            <budgetno_3863109800/>
            <total>2386099.00</total>
        </BCME3450_row>
        <BCME3450_row>
            <objectNo>  0302 房屋建築及設備費</objectNo>
            <budgetno_3863100100/>
            <budgetno_3863100200>4054.00</budgetno_3863100200>
            <budgetno_3863109011/>
            <budgetno_3863109800/>
            <total>4054.00</total>
        </BCME3450_row>
        <BCME3450_row>
            <objectNo>  0304 機械設備費</objectNo>
            <budgetno_3863100100/>
            <budgetno_3863100200>385116.00</budgetno_3863100200>
            <budgetno_3863109011/>
            <budgetno_3863109800/>
            <total>385116.00</total>
        </BCME3450_row>
        <BCME3450_row>
            <objectNo>  0305 運輸設備費</objectNo>
            <budgetno_3863100100/>
            <budgetno_3863100200>1990190.00</budgetno_3863100200>
            <budgetno_3863109011>3239.00</budgetno_3863109011>
            <budgetno_3863109800/>
            <total>1993429.00</total>
        </BCME3450_row>
        <BCME3450_row>
            <objectNo>  0319 雜項設備費</objectNo>
            <budgetno_3863100100/>
            <budgetno_3863100200>3500.00</budgetno_3863100200>
            <budgetno_3863109011/>
            <budgetno_3863109800/>
            <total>3500.00</total>
        </BCME3450_row>
        <BCME3450_row>
            <objectNo>0400 獎補助費</objectNo>
            <budgetno_3863100100>2380.00</budgetno_3863100100>
            <budgetno_3863100200/>
            <budgetno_3863109011/>
            <budgetno_3863109800/>
            <total>2380.00</total>
        </BCME3450_row>
        <BCME3450_row>
            <objectNo>  0454 差額補貼</objectNo>
            <budgetno_3863100100>490.00</budgetno_3863100100>
            <budgetno_3863100200/>
            <budgetno_3863109011/>
            <budgetno_3863109800/>
            <total>490.00</total>
        </BCME3450_row>
        <BCME3450_row>
            <objectNo>  0475 獎勵及慰問</objectNo>
            <budgetno_3863100100>1890.00</budgetno_3863100100>
            <budgetno_3863100200/>
            <budgetno_3863109011/>
            <budgetno_3863109800/>
            <total>1890.00</total>
        </BCME3450_row>
        <BCME3450_row>
            <objectNo>0900 預備金</objectNo>
            <budgetno_3863100100/>
            <budgetno_3863100200/>
            <budgetno_3863109011/>
            <budgetno_3863109800>10000.00</budgetno_3863109800>
            <total>10000.00</total>
        </BCME3450_row>
        <BCME3450_row>
            <objectNo>  0901 第一預備金</objectNo>
            <budgetno_3863100100/>
            <budgetno_3863100200/>
            <budgetno_3863109011/>
            <budgetno_3863109800>10000.00</budgetno_3863109800>
            <total>10000.00</total>
        </BCME3450_row>
    </BCME3450>
</tables>
