<?xml version="1.0" encoding="UTF-8" standalone="yes"?>
<Root xmlns:xsi="http://www.w3.org/2001/XMLSchema-instance">
	<Row>
		<項目>一、經  常  門</項目>
		<本年度預算數>0</本年度預算數>
		<百分比>0</百分比>
		<上年度預算數>0</上年度預算數>
		<百分比2>0</百分比2>
		<前年度預算數>0</前年度預算數>
		<百分比3>0</百分比3>
		<本年度與上年度比較>0</本年度與上年度比較>
		<增加率>0</增加率>
	</Row>
	<Row>
		<項目>(一)歲　　入</項目>
		<本年度預算數>1630549087</本年度預算數>
		<百分比>100</百分比>
		<上年度預算數>1671946861</上年度預算數>
		<百分比2>100</百分比2>
		<前年度預算數>1617297863</前年度預算數>
		<百分比3>100</百分比3>
		<本年度與上年度比較>-41397774</本年度與上年度比較>
		<增加率>-2.5</增加率>
	</Row>
	<Row>
		<項目>1.直接稅收入</項目>
		<本年度預算數>795178000</本年度預算數>
		<百分比>48.8</百分比>
		<上年度預算數>807120000</上年度預算數>
		<百分比2>48.3</百分比2>
		<前年度預算數>773976997</前年度預算數>
		<百分比3>47.9</百分比3>
		<本年度與上年度比較>-11942000</本年度與上年度比較>
		<增加率>-1.5</增加率>
	</Row>
	<Row>
		<項目>2.間接稅收入</項目>
		<本年度預算數>476126000</本年度預算數>
		<百分比>29.2</百分比>
		<上年度預算數>473166000</上年度預算數>
		<百分比2>28.3</百分比2>
		<前年度預算數>448148912</前年度預算數>
		<百分比3>27.7</百分比3>
		<本年度與上年度比較>2960000</本年度與上年度比較>
		<增加率>0.6</增加率>
	</Row>
	<Row>
		<項目>3.賦稅外收入</項目>
		<本年度預算數>359245087</本年度預算數>
		<百分比>22</百分比>
		<上年度預算數>391660861</上年度預算數>
		<百分比2>23.4</百分比2>
		<前年度預算數>395171954</前年度預算數>
		<百分比3>24.4</百分比3>
		<本年度與上年度比較>-32415774</本年度與上年度比較>
		<增加率>-8.3</增加率>
	</Row>
	<Row>
		<項目>(二)歲　　出</項目>
		<本年度預算數>1614423708</本年度預算數>
		<百分比>100</百分比>
		<上年度預算數>1598456499</上年度預算數>
		<百分比2>100</百分比2>
		<前年度預算數>1563712122</前年度預算數>
		<百分比3>100</百分比3>
		<本年度與上年度比較>15967209</本年度與上年度比較>
		<增加率>1</增加率>
	</Row>
	<Row>
		<項目>1.一般經常支出</項目>
		<本年度預算數>1478902959</本年度預算數>
		<百分比>91.6</百分比>
		<上年度預算數>1461125921</上年度預算數>
		<百分比2>91.4</百分比2>
		<前年度預算數>1449191997</前年度預算數>
		<百分比3>92.7</百分比3>
		<本年度與上年度比較>17777038</本年度與上年度比較>
		<增加率>1.2</增加率>
	</Row>
	<Row>
		<項目>2.債務利息及事務支出</項目>
		<本年度預算數>127537620</本年度預算數>
		<百分比>7.9</百分比>
		<上年度預算數>129232207</上年度預算數>
		<百分比2>8.1</百分比2>
		<前年度預算數>114520124</前年度預算數>
		<百分比3>7.3</百分比3>
		<本年度與上年度比較>-1694587</本年度與上年度比較>
		<增加率>-1.3</增加率>
	</Row>
	<Row>
		<項目>3.預備金</項目>
		<本年度預算數>7983129</本年度預算數>
		<百分比>0.5</百分比>
		<上年度預算數>8098371</上年度預算數>
		<百分比2>0.5</百分比2>
		<前年度預算數>-</前年度預算數>
		<百分比3>-</百分比3>
		<本年度與上年度比較>-115242</本年度與上年度比較>
		<增加率>-1.4</增加率>
	</Row>
	<Row>
		<項目>(三)經常門賸餘</項目>
		<本年度預算數>16125379</本年度預算數>
		<百分比>1</百分比>
		<上年度預算數>73490362</上年度預算數>
		<百分比2>4.4</百分比2>
		<前年度預算數>53585741</前年度預算數>
		<百分比3>3.3</百分比3>
		<本年度與上年度比較>-57364983</本年度與上年度比較>
		<增加率>-78.1</增加率>
	</Row>
	<Row>
		<項目>二、資  本  門</項目>
		<本年度預算數>0</本年度預算數>
		<百分比>0</百分比>
		<上年度預算數>0</上年度預算數>
		<百分比2>0</百分比2>
		<前年度預算數>0</前年度預算數>
		<百分比3>0</百分比3>
		<本年度與上年度比較>0</本年度與上年度比較>
		<增加率>0</增加率>
	</Row>
	<Row>
		<項目>(一)歲　　入</項目>
		<本年度預算數>76607644</本年度預算數>
		<百分比>100</百分比>
		<上年度預算數>61312197</上年度預算數>
		<百分比2>100</百分比2>
		<前年度預算數>51036536</前年度預算數>
		<百分比3>100</百分比3>
		<本年度與上年度比較>15295447</本年度與上年度比較>
		<增加率>24.9</增加率>
	</Row>
	<Row>
		<項目>1.減少資產</項目>
		<本年度預算數>55490591</本年度預算數>
		<百分比>72.4</百分比>
		<上年度預算數>40855425</上年度預算數>
		<百分比2>66.6</百分比2>
		<前年度預算數>25380365</前年度預算數>
		<百分比3>49.7</百分比3>
		<本年度與上年度比較>14635166</本年度與上年度比較>
		<增加率>35.8</增加率>
	</Row>
	<Row>
		<項目>2.收回投資</項目>
		<本年度預算數>21117053</本年度預算數>
		<百分比>27.6</百分比>
		<上年度預算數>20456772</上年度預算數>
		<百分比2>33.4</百分比2>
		<前年度預算數>25656171</前年度預算數>
		<百分比3>50.3</百分比3>
		<本年度與上年度比較>660281</本年度與上年度比較>
		<增加率>3.2</增加率>
	</Row>
	<Row>
		<項目>(二)歲　　出</項目>
		<本年度預算數>301804006</本年度預算數>
		<百分比>100</百分比>
		<上年度預算數>309110888</上年度預算數>
		<百分比2>100</百分比2>
		<前年度預算數>318690183</前年度預算數>
		<百分比3>100</百分比3>
		<本年度與上年度比較>-7306882</本年度與上年度比較>
		<增加率>-2.4</增加率>
	</Row>
	<Row>
		<項目>1.增置擴充改良資產</項目>
		<本年度預算數>233969623</本年度預算數>
		<百分比>77.5</百分比>
		<上年度預算數>233193670</上年度預算數>
		<百分比2>75.4</百分比2>
		<前年度預算數>246201394</前年度預算數>
		<百分比3>77.3</百分比3>
		<本年度與上年度比較>775953</本年度與上年度比較>
		<增加率>0.3</增加率>
	</Row>
	<Row>
		<項目>2.增加投資</項目>
		<本年度預算數>64334383</本年度預算數>
		<百分比>21.3</百分比>
		<上年度預算數>72417218</上年度預算數>
		<百分比2>23.4</百分比2>
		<前年度預算數>71658789</前年度預算數>
		<百分比3>22.5</百分比3>
		<本年度與上年度比較>-8082835</本年度與上年度比較>
		<增加率>-11.2</增加率>
	</Row>
	<Row>
		<項目>3.預備金</項目>
		<本年度預算數>3500000</本年度預算數>
		<百分比>1.2</百分比>
		<上年度預算數>3500000</上年度預算數>
		<百分比2>1.1</百分比2>
		<前年度預算數>830000</前年度預算數>
		<百分比3>0.3</百分比3>
		<本年度與上年度比較>0</本年度與上年度比較>
		<增加率>0</增加率>
	</Row>
	<Row>
		<項目>(三)資本門差短</項目>
		<本年度預算數>225196362</本年度預算數>
		<百分比>294</百分比>
		<上年度預算數>247798691</上年度預算數>
		<百分比2>404.2</百分比2>
		<前年度預算數>267653647</前年度預算數>
		<百分比3>524.4</百分比3>
		<本年度與上年度比較>-22602329</本年度與上年度比較>
		<增加率>-9.1</增加率>
	</Row>
	<Row>
		<項目>三、歲  入  歲  出  餘  絀</項目>
		<本年度預算數>-209070983</本年度預算數>
		<百分比>-</百分比>
		<上年度預算數>-174308329</上年度預算數>
		<百分比2>-</百分比2>
		<前年度預算數>-214067906</前年度預算數>
		<百分比3>-</百分比3>
		<本年度與上年度比較>-34762654</本年度與上年度比較>
		<增加率>19.9</增加率>
	</Row>
</Root>