<?xml version="1.0" encoding="UTF-8" standalone="yes"?>
<Root xmlns:xsi="http://www.w3.org/2001/XMLSchema-instance">
	<Row>
		<項目>一、收入合計</項目>
		<本年度預算數>1980227714</本年度預算數>
		<上年度預算數>1984567387</上年度預算數>
		<前年度預算數>1976402305</前年度預算數>
		<本年度與上年度比較>-4339673</本年度與上年度比較>
	</Row>
	<Row>
		<項目>　(一)歲　　入</項目>
		<本年度預算數>1707156731</本年度預算數>
		<上年度預算數>1733259058</上年度預算數>
		<前年度預算數>1668334399</前年度預算數>
		<本年度與上年度比較>-26102327</本年度與上年度比較>
	</Row>
	<Row>
		<項目>　(二)債務之舉借</項目>
		<本年度預算數>273070983</本年度預算數>
		<上年度預算數>251308329</上年度預算數>
		<前年度預算數>288088479</前年度預算數>
		<本年度與上年度比較>21762654</本年度與上年度比較>
	</Row>
	<Row>
		<項目>　(三)預計移用以前年度歲計賸餘調節因應數</項目>
		<本年度預算數>0</本年度預算數>
		<上年度預算數>-</上年度預算數>
		<前年度預算數>19979427</前年度預算數>
		<本年度與上年度比較>-</本年度與上年度比較>
	</Row>
	<Row>
		<項目>二、支出合計</項目>
		<本年度預算數>1980227714</本年度預算數>
		<上年度預算數>1984567387</上年度預算數>
		<前年度預算數>1976402305</前年度預算數>
		<本年度與上年度比較>-4339673</本年度與上年度比較>
	</Row>
	<Row>
		<項目>　(一)歲　　出</項目>
		<本年度預算數>1916227714</本年度預算數>
		<上年度預算數>1907567387</上年度預算數>
		<前年度預算數>1882402305</前年度預算數>
		<本年度與上年度比較>8660327</本年度與上年度比較>
	</Row>
	<Row>
		<項目>　(二)債務之償還</項目>
		<本年度預算數>64000000</本年度預算數>
		<上年度預算數>77000000</上年度預算數>
		<前年度預算數>94000000</前年度預算數>
		<本年度與上年度比較>-13000000</本年度與上年度比較>
	</Row>
	<Row>
		<項目>三、收支賸餘</項目>
		<本年度預算數>0</本年度預算數>
		<上年度預算數>-</上年度預算數>
		<前年度預算數>-</前年度預算數>
		<本年度與上年度比較>-</本年度與上年度比較>
	</Row>
</Root>