<?xml version="1.0" encoding="UTF-8" standalone="yes"?>
<Root xmlns:xsi="http://www.w3.org/2001/XMLSchema-instance">
	<Row>
		<項目>一、歲入合計</項目>
		<本年度預算數>1707156731</本年度預算數>
		<百分比>100</百分比>
		<上年度預算數>1733259058</上年度預算數>
		<百分比2>100</百分比2>
		<前年度預算數>1668334399</前年度預算數>
		<百分比3>100</百分比3>
		<本年度與上年度比較>-26102327</本年度與上年度比較>
		<增加率>-1.5</增加率>
	</Row>
	<Row>
		<項目>1.稅課收入</項目>
		<本年度預算數>1271304000</本年度預算數>
		<百分比>74.5</百分比>
		<上年度預算數>1280286000</上年度預算數>
		<百分比2>73.9</百分比2>
		<前年度預算數>1222125909</前年度預算數>
		<百分比3>73.3</百分比3>
		<本年度與上年度比較>-8982000</本年度與上年度比較>
		<增加率>-0.7</增加率>
	</Row>
	<Row>
		<項目>2.營業盈餘及事業收入</項目>
		<本年度預算數>258911621</本年度預算數>
		<百分比>15.2</百分比>
		<上年度預算數>253311094</上年度預算數>
		<百分比2>14.6</百分比2>
		<前年度預算數>262536803</前年度預算數>
		<百分比3>15.7</百分比3>
		<本年度與上年度比較>5600527</本年度與上年度比較>
		<增加率>2.2</增加率>
	</Row>
	<Row>
		<項目>3.規費及罰款收入</項目>
		<本年度預算數>81020541</本年度預算數>
		<百分比>4.7</百分比>
		<上年度預算數>115649074</上年度預算數>
		<百分比2>6.7</百分比2>
		<前年度預算數>108158651</前年度預算數>
		<百分比3>6.5</百分比3>
		<本年度與上年度比較>-34628533</本年度與上年度比較>
		<增加率>-29.9</增加率>
	</Row>
	<Row>
		<項目>4.財產收入</項目>
		<本年度預算數>85885098</本年度預算數>
		<百分比>5</百分比>
		<上年度預算數>73607096</上年度預算數>
		<百分比2>4.2</百分比2>
		<前年度預算數>60125744</前年度預算數>
		<百分比3>3.6</百分比3>
		<本年度與上年度比較>12278002</本年度與上年度比較>
		<增加率>16.7</增加率>
	</Row>
	<Row>
		<項目>5.其他收入</項目>
		<本年度預算數>10035471</本年度預算數>
		<百分比>0.6</百分比>
		<上年度預算數>10405794</上年度預算數>
		<百分比2>0.6</百分比2>
		<前年度預算數>15387292</前年度預算數>
		<百分比3>0.9</百分比3>
		<本年度與上年度比較>-370323</本年度與上年度比較>
		<增加率>-3.6</增加率>
	</Row>
	<Row>
		<項目>二、歲出合計</項目>
		<本年度預算數>1916227714</本年度預算數>
		<百分比>100</百分比>
		<上年度預算數>1907567387</上年度預算數>
		<百分比2>100</百分比2>
		<前年度預算數>1882402305</前年度預算數>
		<百分比3>100</百分比3>
		<本年度與上年度比較>8660327</本年度與上年度比較>
		<增加率>0.5</增加率>
	</Row>
	<Row>
		<項目>1.一般政務支出</項目>
		<本年度預算數>178596832</本年度預算數>
		<百分比>9.3</百分比>
		<上年度預算數>178331508</上年度預算數>
		<百分比2>9.3</百分比2>
		<前年度預算數>175753360</前年度預算數>
		<百分比3>9.3</百分比3>
		<本年度與上年度比較>265324</本年度與上年度比較>
		<增加率>0.1</增加率>
	</Row>
	<Row>
		<項目>2.國防支出</項目>
		<本年度預算數>304316974</本年度預算數>
		<百分比>15.9</百分比>
		<上年度預算數>305451147</上年度預算數>
		<百分比2>16</百分比2>
		<前年度預算數>303395243</前年度預算數>
		<百分比3>16.1</百分比3>
		<本年度與上年度比較>-1134173</本年度與上年度比較>
		<增加率>-0.4</增加率>
	</Row>
	<Row>
		<項目>3.教育科學文化支出</項目>
		<本年度預算數>369044520</本年度預算數>
		<百分比>19.3</百分比>
		<上年度預算數>360427994</上年度預算數>
		<百分比2>18.9</百分比2>
		<前年度預算數>363305079</前年度預算數>
		<百分比3>19.3</百分比3>
		<本年度與上年度比較>8616526</本年度與上年度比較>
		<增加率>2.4</增加率>
	</Row>
	<Row>
		<項目>4.經濟發展支出</項目>
		<本年度預算數>269622508</本年度預算數>
		<百分比>14.1</百分比>
		<上年度預算數>260496293</上年度預算數>
		<百分比2>13.7</百分比2>
		<前年度預算數>264100367</前年度預算數>
		<百分比3>14</百分比3>
		<本年度與上年度比較>9126215</本年度與上年度比較>
		<增加率>3.5</增加率>
	</Row>
	<Row>
		<項目>5.社會福利支出</項目>
		<本年度預算數>423638561</本年度預算數>
		<百分比>22.1</百分比>
		<上年度預算數>438273528</上年度預算數>
		<百分比2>23</百分比2>
		<前年度預算數>415961691</前年度預算數>
		<百分比3>22.1</百分比3>
		<本年度與上年度比較>-14634967</本年度與上年度比較>
		<增加率>-3.3</增加率>
	</Row>
	<Row>
		<項目>6.社區發展及環境保護支出</項目>
		<本年度預算數>16800956</本年度預算數>
		<百分比>0.9</百分比>
		<上年度預算數>16379037</上年度預算數>
		<百分比2>0.9</百分比2>
		<前年度預算數>15866239</前年度預算數>
		<百分比3>0.8</百分比3>
		<本年度與上年度比較>421919</本年度與上年度比較>
		<增加率>2.6</增加率>
	</Row>
	<Row>
		<項目>7.退休撫卹支出</項目>
		<本年度預算數>138052369</本年度預算數>
		<百分比>7.2</百分比>
		<上年度預算數>133156414</上年度預算數>
		<百分比2>7</百分比2>
		<前年度預算數>138223064</前年度預算數>
		<百分比3>7.3</百分比3>
		<本年度與上年度比較>4895955</本年度與上年度比較>
		<增加率>3.7</增加率>
	</Row>
	<Row>
		<項目>8.債務支出</項目>
		<本年度預算數>127537620</本年度預算數>
		<百分比>6.7</百分比>
		<上年度預算數>129232207</上年度預算數>
		<百分比2>6.8</百分比2>
		<前年度預算數>114520124</前年度預算數>
		<百分比3>6.1</百分比3>
		<本年度與上年度比較>-1694587</本年度與上年度比較>
		<增加率>-1.3</增加率>
	</Row>
	<Row>
		<項目>9.一般補助及其他支出</項目>
		<本年度預算數>88617374</本年度預算數>
		<百分比>4.6</百分比>
		<上年度預算數>85819259</上年度預算數>
		<百分比2>4.5</百分比2>
		<前年度預算數>91277138</前年度預算數>
		<百分比3>4.8</百分比3>
		<本年度與上年度比較>2798115</本年度與上年度比較>
		<增加率>3.3</增加率>
	</Row>
	<Row>
		<項目>三、歲入歲出餘絀</項目>
		<本年度預算數>-209070983</本年度預算數>
		<百分比>-12.2</百分比>
		<上年度預算數>-174308329</上年度預算數>
		<百分比2>-10.1</百分比2>
		<前年度預算數>-214067906</前年度預算數>
		<百分比3>-12.8</百分比3>
		<本年度與上年度比較>-34762654</本年度與上年度比較>
		<增加率>19.9</增加率>
	</Row>
</Root>