<?xml version="1.0" encoding="UTF-8" standalone="yes"?>
<Root xmlns:xsi="http://www.w3.org/2001/XMLSchema-instance">
	<Row>
		<名稱>合         計</名稱>
		<補助各直轄市政府>150873934.3</補助各直轄市政府>
		<補助臺灣省各縣市政府>162833044.15</補助臺灣省各縣市政府>
		<補助金門及連江縣政府>5237825</補助金門及連江縣政府>
		<合計>318944803.45</合計>
	</Row>
	<Row>
		<名稱>行政院主管</名稱>
		<補助各直轄市政府>560295.3</補助各直轄市政府>
		<補助臺灣省各縣市政府>2902593.15</補助臺灣省各縣市政府>
		<補助金門及連江縣政府>350</補助金門及連江縣政府>
		<合計>3463238.45</合計>
	</Row>
	<Row>
		<名稱>內政部主管</名稱>
		<補助各直轄市政府>8161666</補助各直轄市政府>
		<補助臺灣省各縣市政府>8479172</補助臺灣省各縣市政府>
		<補助金門及連江縣政府>398950</補助金門及連江縣政府>
		<合計>17039788</合計>
	</Row>
	<Row>
		<名稱>財政部主管</名稱>
		<補助各直轄市政府>9052142</補助各直轄市政府>
		<補助臺灣省各縣市政府>4901474</補助臺灣省各縣市政府>
		<補助金門及連江縣政府>100651</補助金門及連江縣政府>
		<合計>14054267</合計>
	</Row>
	<Row>
		<名稱>教育部主管</名稱>
		<補助各直轄市政府>18494550</補助各直轄市政府>
		<補助臺灣省各縣市政府>17847626</補助臺灣省各縣市政府>
		<補助金門及連江縣政府>459253</補助金門及連江縣政府>
		<合計>36801429</合計>
	</Row>
	<Row>
		<名稱>法務部主管</名稱>
		<補助各直轄市政府>20963</補助各直轄市政府>
		<補助臺灣省各縣市政府>27686</補助臺灣省各縣市政府>
		<補助金門及連江縣政府>288</補助金門及連江縣政府>
		<合計>48937</合計>
	</Row>
	<Row>
		<名稱>經濟部主管</名稱>
		<補助各直轄市政府>525575</補助各直轄市政府>
		<補助臺灣省各縣市政府>363024</補助臺灣省各縣市政府>
		<補助金門及連江縣政府>271831</補助金門及連江縣政府>
		<合計>1160430</合計>
	</Row>
	<Row>
		<名稱>交通部主管</名稱>
		<補助各直轄市政府>28211170</補助各直轄市政府>
		<補助臺灣省各縣市政府>6050390</補助臺灣省各縣市政府>
		<補助金門及連江縣政府>1172608</補助金門及連江縣政府>
		<合計>35434168</合計>
	</Row>
	<Row>
		<名稱>農業委員會主管</名稱>
		<補助各直轄市政府>715485</補助各直轄市政府>
		<補助臺灣省各縣市政府>1722795</補助臺灣省各縣市政府>
		<補助金門及連江縣政府>38753</補助金門及連江縣政府>
		<合計>2477033</合計>
	</Row>
	<Row>
		<名稱>勞工委員會主管</名稱>
		<補助各直轄市政府>4977031</補助各直轄市政府>
		<補助臺灣省各縣市政府>0</補助臺灣省各縣市政府>
		<補助金門及連江縣政府>0</補助金門及連江縣政府>
		<合計>4977031</合計>
	</Row>
	<Row>
		<名稱>衛生福利部主管</名稱>
		<補助各直轄市政府>9478198</補助各直轄市政府>
		<補助臺灣省各縣市政府>5598569</補助臺灣省各縣市政府>
		<補助金門及連江縣政府>140034</補助金門及連江縣政府>
		<合計>15216801</合計>
	</Row>
	<Row>
		<名稱>環境保護署主管</名稱>
		<補助各直轄市政府>599248</補助各直轄市政府>
		<補助臺灣省各縣市政府>1376439</補助臺灣省各縣市政府>
		<補助金門及連江縣政府>133029</補助金門及連江縣政府>
		<合計>2108716</合計>
	</Row>
	<Row>
		<名稱>文化部主管</名稱>
		<補助各直轄市政府>964675</補助各直轄市政府>
		<補助臺灣省各縣市政府>963627</補助臺灣省各縣市政府>
		<補助金門及連江縣政府>38408</補助金門及連江縣政府>
		<合計>1966710</合計>
	</Row>
	<Row>
		<名稱>省市地方政府</名稱>
		<補助各直轄市政府>69112936</補助各直轄市政府>
		<補助臺灣省各縣市政府>112599649</補助臺灣省各縣市政府>
		<補助金門及連江縣政府>2483670</補助金門及連江縣政府>
		<合計>184196255</合計>
	</Row>
</Root>