<?xml version="1.0" encoding="UTF-8" standalone="yes"?>
<Root xmlns:xsi="http://www.w3.org/2001/XMLSchema-instance">
	<Row>
		<款>  </款>
		<項>  </項>
		<目>  </目>
		<科目名稱>合          計</科目名稱>
		<本年度預算數>1630549087</本年度預算數>
		<上年度預算數>1671946861</上年度預算數>
		<前年度決算數>1617297863</前年度決算數>
		<本年度與上年度比較>-41397774</本年度與上年度比較>
	</Row>
	<Row>
		<款>  </款>
		<項>  </項>
		<目>  </目>
		<科目名稱>(1. 稅課收入)</科目名稱>
		<本年度預算數>1271304000</本年度預算數>
		<上年度預算數>1280286000</上年度預算數>
		<前年度決算數>1222125909</前年度決算數>
		<本年度與上年度比較>-8982000</本年度與上年度比較>
	</Row>
	<Row>
		<款>1</款>
		<項>  </項>
		<目>  </目>
		<科目名稱>稅課收入</科目名稱>
		<本年度預算數>1271304000</本年度預算數>
		<上年度預算數>1280286000</上年度預算數>
		<前年度決算數>1222125909</前年度決算數>
		<本年度與上年度比較>-8982000</本年度與上年度比較>
	</Row>
	<Row>
		<款>1</款>
		<項>  </項>
		<目>1</目>
		<科目名稱>所得稅</科目名稱>
		<本年度預算數>693081000</本年度預算數>
		<上年度預算數>694392000</上年度預算數>
		<前年度決算數>684728627</前年度決算數>
		<本年度與上年度比較>-1311000</本年度與上年度比較>
	</Row>
	<Row>
		<款>1</款>
		<項>  </項>
		<目>2</目>
		<科目名稱>遺產及贈與稅</科目名稱>
		<本年度預算數>11300000</本年度預算數>
		<上年度預算數>10412000</上年度預算數>
		<前年度決算數>13010124</前年度決算數>
		<本年度與上年度比較>888000</本年度與上年度比較>
	</Row>
	<Row>
		<款>1</款>
		<項>  </項>
		<目>3</目>
		<科目名稱>關稅</科目名稱>
		<本年度預算數>97900000</本年度預算數>
		<上年度預算數>98900000</上年度預算數>
		<前年度決算數>94918150</前年度決算數>
		<本年度與上年度比較>-1000000</本年度與上年度比較>
	</Row>
	<Row>
		<款>1</款>
		<項>  </項>
		<目>4</目>
		<科目名稱>貨物稅</科目名稱>
		<本年度預算數>153650000</本年度預算數>
		<上年度預算數>153650000</上年度預算數>
		<前年度決算數>144807565</前年度決算數>
		<本年度與上年度比較>-</本年度與上年度比較>
	</Row>
	<Row>
		<款>1</款>
		<項>  </項>
		<目>5</目>
		<科目名稱>證券交易稅</科目名稱>
		<本年度預算數>87117000</本年度預算數>
		<上年度預算數>96363000</上年度預算數>
		<前年度決算數>71940360</前年度決算數>
		<本年度與上年度比較>-9246000</本年度與上年度比較>
	</Row>
	<Row>
		<款>1</款>
		<項>  </項>
		<目>6</目>
		<科目名稱>礦區稅</科目名稱>
		<本年度預算數>-</本年度預算數>
		<上年度預算數>-</上年度預算數>
		<前年度決算數>-</前年度決算數>
		<本年度與上年度比較>-</本年度與上年度比較>
	</Row>
	<Row>
		<款>1</款>
		<項>  </項>
		<目>7</目>
		<科目名稱>期貨交易稅</科目名稱>
		<本年度預算數>3680000</本年度預算數>
		<上年度預算數>5953000</上年度預算數>
		<前年度決算數>4297887</前年度決算數>
		<本年度與上年度比較>-2273000</本年度與上年度比較>
	</Row>
	<Row>
		<款>1</款>
		<項>  </項>
		<目>8</目>
		<科目名稱>菸酒稅</科目名稱>
		<本年度預算數>39437000</本年度預算數>
		<上年度預算數>39437000</上年度預算數>
		<前年度決算數>35951073</前年度決算數>
		<本年度與上年度比較>-</本年度與上年度比較>
	</Row>
	<Row>
		<款>1</款>
		<項>  </項>
		<目>9</目>
		<科目名稱>特種貨物及勞務稅</科目名稱>
		<本年度預算數>3960000</本年度預算數>
		<上年度預算數>-</上年度預算數>
		<前年度決算數>-</前年度決算數>
		<本年度與上年度比較>3960000</本年度與上年度比較>
	</Row>
	<Row>
		<款>1</款>
		<項>  </項>
		<目>10</目>
		<科目名稱>營業稅</科目名稱>
		<本年度預算數>181179000</本年度預算數>
		<上年度預算數>181179000</上年度預算數>
		<前年度決算數>172472124</前年度決算數>
		<本年度與上年度比較>-</本年度與上年度比較>
	</Row>
	<Row>
		<款>  </款>
		<項>  </項>
		<目>  </目>
		<科目名稱>(3. 規費及罰款收入)</科目名稱>
		<本年度預算數>81020541</本年度預算數>
		<上年度預算數>115649074</上年度預算數>
		<前年度決算數>108158651</前年度決算數>
		<本年度與上年度比較>-34628533</本年度與上年度比較>
	</Row>
	<Row>
		<款>2</款>
		<項>  </項>
		<目>  </目>
		<科目名稱>罰款及賠償收入</科目名稱>
		<本年度預算數>21617717</本年度預算數>
		<上年度預算數>22156893</上年度預算數>
		<前年度決算數>49233588</前年度決算數>
		<本年度與上年度比較>-539176</本年度與上年度比較>
	</Row>
	<Row>
		<款>2</款>
		<項>  </項>
		<目>1</目>
		<科目名稱>罰金罰鍰及怠金</科目名稱>
		<本年度預算數>18980756</本年度預算數>
		<上年度預算數>19490860</上年度預算數>
		<前年度決算數>19788525</前年度決算數>
		<本年度與上年度比較>-510104</本年度與上年度比較>
	</Row>
	<Row>
		<款>2</款>
		<項>  </項>
		<目>2</目>
		<科目名稱>沒入及沒收財物</科目名稱>
		<本年度預算數>1829771</本年度預算數>
		<上年度預算數>1646974</上年度預算數>
		<前年度決算數>2412898</前年度決算數>
		<本年度與上年度比較>182797</本年度與上年度比較>
	</Row>
	<Row>
		<款>2</款>
		<項>  </項>
		<目>3</目>
		<科目名稱>賠償收入</科目名稱>
		<本年度預算數>807190</本年度預算數>
		<上年度預算數>1019059</上年度預算數>
		<前年度決算數>27032165</前年度決算數>
		<本年度與上年度比較>-211869</本年度與上年度比較>
	</Row>
	<Row>
		<款>3</款>
		<項>  </項>
		<目>  </目>
		<科目名稱>規費收入</科目名稱>
		<本年度預算數>59402824</本年度預算數>
		<上年度預算數>93492181</上年度預算數>
		<前年度決算數>58925063</前年度決算數>
		<本年度與上年度比較>-34089357</本年度與上年度比較>
	</Row>
	<Row>
		<款>3</款>
		<項>  </項>
		<目>1</目>
		<科目名稱>行政規費收入</科目名稱>
		<本年度預算數>20907536</本年度預算數>
		<上年度預算數>55545879</上年度預算數>
		<前年度決算數>22188798</前年度決算數>
		<本年度與上年度比較>-34638343</本年度與上年度比較>
	</Row>
	<Row>
		<款>3</款>
		<項>  </項>
		<目>2</目>
		<科目名稱>司法規費收入</科目名稱>
		<本年度預算數>5920148</本年度預算數>
		<上年度預算數>5802211</上年度預算數>
		<前年度決算數>5132790</前年度決算數>
		<本年度與上年度比較>117937</本年度與上年度比較>
	</Row>
	<Row>
		<款>3</款>
		<項>  </項>
		<目>3</目>
		<科目名稱>使用規費收入</科目名稱>
		<本年度預算數>32575140</本年度預算數>
		<上年度預算數>32144091</上年度預算數>
		<前年度決算數>31603475</前年度決算數>
		<本年度與上年度比較>431049</本年度與上年度比較>
	</Row>
	<Row>
		<款>  </款>
		<項>  </項>
		<目>  </目>
		<科目名稱>(4. 財產收入)</科目名稱>
		<本年度預算數>9277454</本年度預算數>
		<上年度預算數>12294899</上年度預算數>
		<前年度決算數>9089208</前年度決算數>
		<本年度與上年度比較>-3017445</本年度與上年度比較>
	</Row>
	<Row>
		<款>4</款>
		<項>  </項>
		<目>  </目>
		<科目名稱>財產收入</科目名稱>
		<本年度預算數>9277454</本年度預算數>
		<上年度預算數>12294899</上年度預算數>
		<前年度決算數>9089208</前年度決算數>
		<本年度與上年度比較>-3017445</本年度與上年度比較>
	</Row>
	<Row>
		<款>4</款>
		<項>  </項>
		<目>1</目>
		<科目名稱>財產孳息</科目名稱>
		<本年度預算數>8804788</本年度預算數>
		<上年度預算數>11825424</上年度預算數>
		<前年度決算數>8322030</前年度決算數>
		<本年度與上年度比較>-3020636</本年度與上年度比較>
	</Row>
	<Row>
		<款>4</款>
		<項>  </項>
		<目>2</目>
		<科目名稱>財產售價</科目名稱>
		<本年度預算數>-</本年度預算數>
		<上年度預算數>-</上年度預算數>
		<前年度決算數>-</前年度決算數>
		<本年度與上年度比較>-</本年度與上年度比較>
	</Row>
	<Row>
		<款>4</款>
		<項>  </項>
		<目>3</目>
		<科目名稱>財產作價</科目名稱>
		<本年度預算數>-</本年度預算數>
		<上年度預算數>-</上年度預算數>
		<前年度決算數>-</前年度決算數>
		<本年度與上年度比較>-</本年度與上年度比較>
	</Row>
	<Row>
		<款>4</款>
		<項>  </項>
		<目>4</目>
		<科目名稱>投資收回</科目名稱>
		<本年度預算數>-</本年度預算數>
		<上年度預算數>-</上年度預算數>
		<前年度決算數>-</前年度決算數>
		<本年度與上年度比較>-</本年度與上年度比較>
	</Row>
	<Row>
		<款>4</款>
		<項>  </項>
		<目>5</目>
		<科目名稱>廢舊物資售價</科目名稱>
		<本年度預算數>472666</本年度預算數>
		<上年度預算數>469475</上年度預算數>
		<前年度決算數>767178</前年度決算數>
		<本年度與上年度比較>3191</本年度與上年度比較>
	</Row>
	<Row>
		<款>  </款>
		<項>  </項>
		<目>  </目>
		<科目名稱>(2. 營業盈餘及事業收入)</科目名稱>
		<本年度預算數>258911621</本年度預算數>
		<上年度預算數>253311094</上年度預算數>
		<前年度決算數>262536803</前年度決算數>
		<本年度與上年度比較>5600527</本年度與上年度比較>
	</Row>
	<Row>
		<款>5</款>
		<項>  </項>
		<目>  </目>
		<科目名稱>營業盈餘及事業收入</科目名稱>
		<本年度預算數>258911621</本年度預算數>
		<上年度預算數>253311094</上年度預算數>
		<前年度決算數>262536803</前年度決算數>
		<本年度與上年度比較>5600527</本年度與上年度比較>
	</Row>
	<Row>
		<款>5</款>
		<項>  </項>
		<目>1</目>
		<科目名稱>營業基金盈餘繳庫</科目名稱>
		<本年度預算數>206203507</本年度預算數>
		<上年度預算數>204848271</上年度預算數>
		<前年度決算數>212124979</前年度決算數>
		<本年度與上年度比較>1355236</本年度與上年度比較>
	</Row>
	<Row>
		<款>5</款>
		<項>  </項>
		<目>2</目>
		<科目名稱>非營業特種基金賸餘繳庫</科目名稱>
		<本年度預算數>30357250</本年度預算數>
		<上年度預算數>24073512</上年度預算數>
		<前年度決算數>27914242</前年度決算數>
		<本年度與上年度比較>6283738</本年度與上年度比較>
	</Row>
	<Row>
		<款>5</款>
		<項>  </項>
		<目>3</目>
		<科目名稱>投資收益</科目名稱>
		<本年度預算數>22350864</本年度預算數>
		<上年度預算數>24389311</上年度預算數>
		<前年度決算數>22497582</前年度決算數>
		<本年度與上年度比較>-2038447</本年度與上年度比較>
	</Row>
	<Row>
		<款>  </款>
		<項>  </項>
		<目>  </目>
		<科目名稱>(5. 其他收入)</科目名稱>
		<本年度預算數>10035471</本年度預算數>
		<上年度預算數>10405794</上年度預算數>
		<前年度決算數>15387292</前年度決算數>
		<本年度與上年度比較>-370323</本年度與上年度比較>
	</Row>
	<Row>
		<款>6</款>
		<項>  </項>
		<目>  </目>
		<科目名稱>捐獻及贈與收入</科目名稱>
		<本年度預算數>-</本年度預算數>
		<上年度預算數>-</上年度預算數>
		<前年度決算數>33388</前年度決算數>
		<本年度與上年度比較>-</本年度與上年度比較>
	</Row>
	<Row>
		<款>6</款>
		<項>  </項>
		<目>1</目>
		<科目名稱>捐獻收入</科目名稱>
		<本年度預算數>-</本年度預算數>
		<上年度預算數>-</上年度預算數>
		<前年度決算數>33388</前年度決算數>
		<本年度與上年度比較>-</本年度與上年度比較>
	</Row>
	<Row>
		<款>7</款>
		<項>  </項>
		<目>  </目>
		<科目名稱>其他收入</科目名稱>
		<本年度預算數>10035471</本年度預算數>
		<上年度預算數>10405794</上年度預算數>
		<前年度決算數>15353904</前年度決算數>
		<本年度與上年度比較>-370323</本年度與上年度比較>
	</Row>
	<Row>
		<款>7</款>
		<項>  </項>
		<目>1</目>
		<科目名稱>學雜費收入</科目名稱>
		<本年度預算數>113422</本年度預算數>
		<上年度預算數>130631</上年度預算數>
		<前年度決算數>119374</前年度決算數>
		<本年度與上年度比較>-17209</本年度與上年度比較>
	</Row>
	<Row>
		<款>7</款>
		<項>  </項>
		<目>2</目>
		<科目名稱>雜項收入</科目名稱>
		<本年度預算數>9922049</本年度預算數>
		<上年度預算數>10275163</上年度預算數>
		<前年度決算數>15234530</前年度決算數>
		<本年度與上年度比較>-353114</本年度與上年度比較>
	</Row>
</Root>