<?xml version="1.0" encoding="UTF-8" standalone="yes"?>
<Root xmlns:xsi="http://www.w3.org/2001/XMLSchema-instance">
	<Row>
		<款>  </款>
		<科目名稱>合                          計</科目名稱>
		<稅課收入>1271304000</稅課收入>
		<罰款及賠償收入>21617717</罰款及賠償收入>
		<規費收入>59402824</規費收入>
		<財產收入_經>9277454</財產收入_經>
		<營業盈餘及事業收入>258911621</營業盈餘及事業收入>
		<捐獻及贈與收入>0</捐獻及贈與收入>
		<其他收入>10035471</其他收入>
		<財產收入_資>76607644</財產收入_資>
		<合計>1707156731</合計>
	</Row>
	<Row>
		<款>1</款>
		<科目名稱>總統府主管</科目名稱>
		<稅課收入>-</稅課收入>
		<罰款及賠償收入>5000</罰款及賠償收入>
		<規費收入>6557</規費收入>
		<財產收入_經>6187</財產收入_經>
		<營業盈餘及事業收入>-</營業盈餘及事業收入>
		<捐獻及贈與收入>-</捐獻及贈與收入>
		<其他收入>117880</其他收入>
		<財產收入_資>-</財產收入_資>
		<合計>135624</合計>
	</Row>
	<Row>
		<款>2</款>
		<科目名稱>行政院主管</科目名稱>
		<稅課收入>-</稅課收入>
		<罰款及賠償收入>302527</罰款及賠償收入>
		<規費收入>7103558</規費收入>
		<財產收入_經>266283</財產收入_經>
		<營業盈餘及事業收入>204601270</營業盈餘及事業收入>
		<捐獻及贈與收入>-</捐獻及贈與收入>
		<其他收入>109181</其他收入>
		<財產收入_資>1398969</財產收入_資>
		<合計>213781788</合計>
	</Row>
	<Row>
		<款>3</款>
		<科目名稱>立法院主管</科目名稱>
		<稅課收入>-</稅課收入>
		<罰款及賠償收入>-</罰款及賠償收入>
		<規費收入>121</規費收入>
		<財產收入_經>6282</財產收入_經>
		<營業盈餘及事業收入>-</營業盈餘及事業收入>
		<捐獻及贈與收入>-</捐獻及贈與收入>
		<其他收入>3000</其他收入>
		<財產收入_資>-</財產收入_資>
		<合計>9403</合計>
	</Row>
	<Row>
		<款>4</款>
		<科目名稱>司法院主管</科目名稱>
		<稅課收入>-</稅課收入>
		<罰款及賠償收入>116672</罰款及賠償收入>
		<規費收入>5968765</規費收入>
		<財產收入_經>4545</財產收入_經>
		<營業盈餘及事業收入>-</營業盈餘及事業收入>
		<捐獻及贈與收入>-</捐獻及贈與收入>
		<其他收入>100494</其他收入>
		<財產收入_資>-</財產收入_資>
		<合計>6190476</合計>
	</Row>
	<Row>
		<款>5</款>
		<科目名稱>考試院主管</科目名稱>
		<稅課收入>-</稅課收入>
		<罰款及賠償收入>-</罰款及賠償收入>
		<規費收入>31750</規費收入>
		<財產收入_經>4499</財產收入_經>
		<營業盈餘及事業收入>-</營業盈餘及事業收入>
		<捐獻及贈與收入>-</捐獻及贈與收入>
		<其他收入>7337</其他收入>
		<財產收入_資>-</財產收入_資>
		<合計>43586</合計>
	</Row>
	<Row>
		<款>6</款>
		<科目名稱>監察院主管</科目名稱>
		<稅課收入>-</稅課收入>
		<罰款及賠償收入>28800</罰款及賠償收入>
		<規費收入>-</規費收入>
		<財產收入_經>348</財產收入_經>
		<營業盈餘及事業收入>-</營業盈餘及事業收入>
		<捐獻及贈與收入>-</捐獻及贈與收入>
		<其他收入>809</其他收入>
		<財產收入_資>-</財產收入_資>
		<合計>29957</合計>
	</Row>
	<Row>
		<款>7</款>
		<科目名稱>內政部主管</科目名稱>
		<稅課收入>-</稅課收入>
		<罰款及賠償收入>302385</罰款及賠償收入>
		<規費收入>2832418</規費收入>
		<財產收入_經>60541</財產收入_經>
		<營業盈餘及事業收入>-</營業盈餘及事業收入>
		<捐獻及贈與收入>-</捐獻及贈與收入>
		<其他收入>925611</其他收入>
		<財產收入_資>11105150</財產收入_資>
		<合計>15226105</合計>
	</Row>
	<Row>
		<款>8</款>
		<科目名稱>外交部主管</科目名稱>
		<稅課收入>-</稅課收入>
		<罰款及賠償收入>1810</罰款及賠償收入>
		<規費收入>3381910</規費收入>
		<財產收入_經>36332</財產收入_經>
		<營業盈餘及事業收入>-</營業盈餘及事業收入>
		<捐獻及贈與收入>-</捐獻及贈與收入>
		<其他收入>612388</其他收入>
		<財產收入_資>-</財產收入_資>
		<合計>4032440</合計>
	</Row>
	<Row>
		<款>9</款>
		<科目名稱>國防部主管</科目名稱>
		<稅課收入>-</稅課收入>
		<罰款及賠償收入>323948</罰款及賠償收入>
		<規費收入>1350</規費收入>
		<財產收入_經>350399</財產收入_經>
		<營業盈餘及事業收入>1992844</營業盈餘及事業收入>
		<捐獻及贈與收入>-</捐獻及贈與收入>
		<其他收入>1476915</其他收入>
		<財產收入_資>-</財產收入_資>
		<合計>4145456</合計>
	</Row>
	<Row>
		<款>10</款>
		<科目名稱>財政部主管</科目名稱>
		<稅課收入>1271304000</稅課收入>
		<罰款及賠償收入>8896296</罰款及賠償收入>
		<規費收入>765958</規費收入>
		<財產收入_經>6253476</財產收入_經>
		<營業盈餘及事業收入>17507807</營業盈餘及事業收入>
		<捐獻及贈與收入>-</捐獻及贈與收入>
		<其他收入>3221344</其他收入>
		<財產收入_資>50507011</財產收入_資>
		<合計>1358455892</合計>
	</Row>
	<Row>
		<款>11</款>
		<科目名稱>教育部主管</科目名稱>
		<稅課收入>-</稅課收入>
		<罰款及賠償收入>11960</罰款及賠償收入>
		<規費收入>40419</規費收入>
		<財產收入_經>32407</財產收入_經>
		<營業盈餘及事業收入>-</營業盈餘及事業收入>
		<捐獻及贈與收入>-</捐獻及贈與收入>
		<其他收入>674063</其他收入>
		<財產收入_資>-</財產收入_資>
		<合計>758849</合計>
	</Row>
	<Row>
		<款>12</款>
		<科目名稱>法務部主管</科目名稱>
		<稅課收入>-</稅課收入>
		<罰款及賠償收入>7592668</罰款及賠償收入>
		<規費收入>3440</規費收入>
		<財產收入_經>17839</財產收入_經>
		<營業盈餘及事業收入>-</營業盈餘及事業收入>
		<捐獻及贈與收入>-</捐獻及贈與收入>
		<其他收入>194490</其他收入>
		<財產收入_資>-</財產收入_資>
		<合計>7808437</合計>
	</Row>
	<Row>
		<款>13</款>
		<科目名稱>經濟部主管</科目名稱>
		<稅課收入>-</稅課收入>
		<罰款及賠償收入>186442</罰款及賠償收入>
		<規費收入>5949214</規費收入>
		<財產收入_經>1587622</財產收入_經>
		<營業盈餘及事業收入>7844946</營業盈餘及事業收入>
		<捐獻及贈與收入>-</捐獻及贈與收入>
		<其他收入>633893</其他收入>
		<財產收入_資>2580060</財產收入_資>
		<合計>18782177</合計>
	</Row>
	<Row>
		<款>14</款>
		<科目名稱>交通部主管</科目名稱>
		<稅課收入>-</稅課收入>
		<罰款及賠償收入>3185581</罰款及賠償收入>
		<規費收入>30698210</規費收入>
		<財產收入_經>207999</財產收入_經>
		<營業盈餘及事業收入>24428509</營業盈餘及事業收入>
		<捐獻及贈與收入>-</捐獻及贈與收入>
		<其他收入>134166</其他收入>
		<財產收入_資>8000000</財產收入_資>
		<合計>66654465</合計>
	</Row>
	<Row>
		<款>15</款>
		<科目名稱>蒙藏委員會主管</科目名稱>
		<稅課收入>-</稅課收入>
		<罰款及賠償收入>-</罰款及賠償收入>
		<規費收入>-</規費收入>
		<財產收入_經>-</財產收入_經>
		<營業盈餘及事業收入>-</營業盈餘及事業收入>
		<捐獻及贈與收入>-</捐獻及贈與收入>
		<其他收入>20</其他收入>
		<財產收入_資>-</財產收入_資>
		<合計>20</合計>
	</Row>
	<Row>
		<款>16</款>
		<科目名稱>僑務委員會主管</科目名稱>
		<稅課收入>-</稅課收入>
		<罰款及賠償收入>-</罰款及賠償收入>
		<規費收入>230</規費收入>
		<財產收入_經>26391</財產收入_經>
		<營業盈餘及事業收入>-</營業盈餘及事業收入>
		<捐獻及贈與收入>-</捐獻及贈與收入>
		<其他收入>156</其他收入>
		<財產收入_資>-</財產收入_資>
		<合計>26777</合計>
	</Row>
	<Row>
		<款>17</款>
		<科目名稱>國家科學委員會主管</科目名稱>
		<稅課收入>-</稅課收入>
		<罰款及賠償收入>14860</罰款及賠償收入>
		<規費收入>37739</規費收入>
		<財產收入_經>78392</財產收入_經>
		<營業盈餘及事業收入>-</營業盈餘及事業收入>
		<捐獻及贈與收入>-</捐獻及贈與收入>
		<其他收入>47478</其他收入>
		<財產收入_資>-</財產收入_資>
		<合計>178469</合計>
	</Row>
	<Row>
		<款>18</款>
		<科目名稱>原子能委員會主管</科目名稱>
		<稅課收入>-</稅課收入>
		<罰款及賠償收入>3510</罰款及賠償收入>
		<規費收入>296354</規費收入>
		<財產收入_經>2341</財產收入_經>
		<營業盈餘及事業收入>-</營業盈餘及事業收入>
		<捐獻及贈與收入>-</捐獻及贈與收入>
		<其他收入>1063</其他收入>
		<財產收入_資>-</財產收入_資>
		<合計>303268</合計>
	</Row>
	<Row>
		<款>19</款>
		<科目名稱>農業委員會主管</科目名稱>
		<稅課收入>-</稅課收入>
		<罰款及賠償收入>197276</罰款及賠償收入>
		<規費收入>463656</規費收入>
		<財產收入_經>258918</財產收入_經>
		<營業盈餘及事業收入>723387</營業盈餘及事業收入>
		<捐獻及贈與收入>-</捐獻及贈與收入>
		<其他收入>446063</其他收入>
		<財產收入_資>2000000</財產收入_資>
		<合計>4089300</合計>
	</Row>
	<Row>
		<款>20</款>
		<科目名稱>勞工委員會主管</科目名稱>
		<稅課收入>-</稅課收入>
		<罰款及賠償收入>243775</罰款及賠償收入>
		<規費收入>482814</規費收入>
		<財產收入_經>5728</財產收入_經>
		<營業盈餘及事業收入>-</營業盈餘及事業收入>
		<捐獻及贈與收入>-</捐獻及贈與收入>
		<其他收入>541</其他收入>
		<財產收入_資>1016454</財產收入_資>
		<合計>1749312</合計>
	</Row>
	<Row>
		<款>21</款>
		<科目名稱>衛生福利部主管</科目名稱>
		<稅課收入>-</稅課收入>
		<罰款及賠償收入>38039</罰款及賠償收入>
		<規費收入>1094547</規費收入>
		<財產收入_經>5210</財產收入_經>
		<營業盈餘及事業收入>1120000</營業盈餘及事業收入>
		<捐獻及贈與收入>-</捐獻及贈與收入>
		<其他收入>235145</其他收入>
		<財產收入_資>-</財產收入_資>
		<合計>2492941</合計>
	</Row>
	<Row>
		<款>22</款>
		<科目名稱>環境保護署主管</科目名稱>
		<稅課收入>-</稅課收入>
		<罰款及賠償收入>90221</罰款及賠償收入>
		<規費收入>52417</規費收入>
		<財產收入_經>676</財產收入_經>
		<營業盈餘及事業收入>-</營業盈餘及事業收入>
		<捐獻及贈與收入>-</捐獻及贈與收入>
		<其他收入>85044</其他收入>
		<財產收入_資>-</財產收入_資>
		<合計>228358</合計>
	</Row>
	<Row>
		<款>23</款>
		<科目名稱>文化部主管</科目名稱>
		<稅課收入>-</稅課收入>
		<罰款及賠償收入>12685</罰款及賠償收入>
		<規費收入>56457</規費收入>
		<財產收入_經>52775</財產收入_經>
		<營業盈餘及事業收入>-</營業盈餘及事業收入>
		<捐獻及贈與收入>-</捐獻及贈與收入>
		<其他收入>102949</其他收入>
		<財產收入_資>-</財產收入_資>
		<合計>224866</合計>
	</Row>
	<Row>
		<款>24</款>
		<科目名稱>海岸巡防署主管</科目名稱>
		<稅課收入>-</稅課收入>
		<罰款及賠償收入>55262</罰款及賠償收入>
		<規費收入>-</規費收入>
		<財產收入_經>8156</財產收入_經>
		<營業盈餘及事業收入>-</營業盈餘及事業收入>
		<捐獻及贈與收入>-</捐獻及贈與收入>
		<其他收入>609</其他收入>
		<財產收入_資>-</財產收入_資>
		<合計>64027</合計>
	</Row>
	<Row>
		<款>25</款>
		<科目名稱>金融監督管理委員會主管</科目名稱>
		<稅課收入>-</稅課收入>
		<罰款及賠償收入>-</罰款及賠償收入>
		<規費收入>-</規費收入>
		<財產收入_經>42</財產收入_經>
		<營業盈餘及事業收入>624651</營業盈餘及事業收入>
		<捐獻及贈與收入>-</捐獻及贈與收入>
		<其他收入>581</其他收入>
		<財產收入_資>-</財產收入_資>
		<合計>625274</合計>
	</Row>
	<Row>
		<款>26</款>
		<科目名稱>國軍退除役官兵輔導委員會主管</科目名稱>
		<稅課收入>-</稅課收入>
		<罰款及賠償收入>8000</罰款及賠償收入>
		<規費收入>134940</規費收入>
		<財產收入_經>3966</財產收入_經>
		<營業盈餘及事業收入>68207</營業盈餘及事業收入>
		<捐獻及贈與收入>-</捐獻及贈與收入>
		<其他收入>903498</其他收入>
		<財產收入_資>-</財產收入_資>
		<合計>1118611</合計>
	</Row>
	<Row>
		<款>27</款>
		<科目名稱>省市地方政府</科目名稱>
		<稅課收入>-</稅課收入>
		<罰款及賠償收入>-</罰款及賠償收入>
		<規費收入>-</規費收入>
		<財產收入_經>100</財產收入_經>
		<營業盈餘及事業收入>-</營業盈餘及事業收入>
		<捐獻及贈與收入>-</捐獻及贈與收入>
		<其他收入>753</其他收入>
		<財產收入_資>-</財產收入_資>
		<合計>853</合計>
	</Row>
</Root>