<?xml version="1.0" encoding="UTF-8" standalone="yes"?>
<Root xmlns:xsi="http://www.w3.org/2001/XMLSchema-instance">
	<Row>
		<項目>一、歲入合計金額</項目>
		<中央政府_金額>1707157</中央政府_金額>
		<中央政府_百分比>100</中央政府_百分比>
		<各直轄市政府_金額>470370</各直轄市政府_金額>
		<各直轄市政府_百分比>100</各直轄市政府_百分比>
		<各縣市政府_金額>290262</各縣市政府_金額>
		<各縣市政府_百分比>100</各縣市政府_百分比>
		<合計_金額>2467789</合計_金額>
		<合計_百分比>100</合計_百分比>
	</Row>
	<Row>
		<項目>1.稅課及專賣收入</項目>
		<中央政府_金額>1271304</中央政府_金額>
		<中央政府_百分比>74.5</中央政府_百分比>
		<各直轄市政府_金額>346098</各直轄市政府_金額>
		<各直轄市政府_百分比>73.6</各直轄市政府_百分比>
		<各縣市政府_金額>191041</各縣市政府_金額>
		<各縣市政府_百分比>65.8</各縣市政府_百分比>
		<合計_金額>1808443</合計_金額>
		<合計_百分比>73.2</合計_百分比>
	</Row>
	<Row>
		<項目>2.營業盈餘及事業收入</項目>
		<中央政府_金額>258912</中央政府_金額>
		<中央政府_百分比>15.2</中央政府_百分比>
		<各直轄市政府_金額>26077</各直轄市政府_金額>
		<各直轄市政府_百分比>5.5</各直轄市政府_百分比>
		<各縣市政府_金額>23150</各縣市政府_金額>
		<各縣市政府_百分比>8</各縣市政府_百分比>
		<合計_金額>308139</合計_金額>
		<合計_百分比>12.5</合計_百分比>
	</Row>
	<Row>
		<項目>3.規費及罰鍰收入</項目>
		<中央政府_金額>81021</中央政府_金額>
		<中央政府_百分比>4.7</中央政府_百分比>
		<各直轄市政府_金額>37722</各直轄市政府_金額>
		<各直轄市政府_百分比>8</各直轄市政府_百分比>
		<各縣市政府_金額>15972</各縣市政府_金額>
		<各縣市政府_百分比>5.5</各縣市政府_百分比>
		<合計_金額>134715</合計_金額>
		<合計_百分比>5.5</合計_百分比>
	</Row>
	<Row>
		<項目>4.財產收入</項目>
		<中央政府_金額>85885</中央政府_金額>
		<中央政府_百分比>5</中央政府_百分比>
		<各直轄市政府_金額>44110</各直轄市政府_金額>
		<各直轄市政府_百分比>9.4</各直轄市政府_百分比>
		<各縣市政府_金額>10412</各縣市政府_金額>
		<各縣市政府_百分比>3.6</各縣市政府_百分比>
		<合計_金額>140407</合計_金額>
		<合計_百分比>5.7</合計_百分比>
	</Row>
	<Row>
		<項目>5.其他收入</項目>
		<中央政府_金額>10035</中央政府_金額>
		<中央政府_百分比>0.6</中央政府_百分比>
		<各直轄市政府_金額>16363</各直轄市政府_金額>
		<各直轄市政府_百分比>3.5</各直轄市政府_百分比>
		<各縣市政府_金額>49687</各縣市政府_金額>
		<各縣市政府_百分比>17.1</各縣市政府_百分比>
		<合計_金額>76085</合計_金額>
		<合計_百分比>3.1</合計_百分比>
	</Row>
	<Row>
		<項目>二、歲出合計金額</項目>
		<中央政府_金額>1604832.937</中央政府_金額>
		<中央政府_百分比>100</中央政府_百分比>
		<各直轄市政府_金額>677365.625</各直轄市政府_金額>
		<各直轄市政府_百分比>100</各直轄市政府_百分比>
		<各縣市政府_金額>499211</各縣市政府_金額>
		<各縣市政府_百分比>100</各縣市政府_百分比>
		<合計_金額>2781409.562</合計_金額>
		<合計_百分比>100</合計_百分比>
	</Row>
	<Row>
		<項目>1.一般政務支出</項目>
		<中央政府_金額>174273.231</中央政府_金額>
		<中央政府_百分比>10.9</中央政府_百分比>
		<各直轄市政府_金額>121236</各直轄市政府_金額>
		<各直轄市政府_百分比>17.9</各直轄市政府_百分比>
		<各縣市政府_金額>101561</各縣市政府_金額>
		<各縣市政府_百分比>20.3</各縣市政府_百分比>
		<合計_金額>397070.231</合計_金額>
		<合計_百分比>14.3</合計_百分比>
	</Row>
	<Row>
		<項目>2.國防支出</項目>
		<中央政府_金額>304317</中央政府_金額>
		<中央政府_百分比>19</中央政府_百分比>
		<各直轄市政府_金額>0</各直轄市政府_金額>
		<各直轄市政府_百分比>0</各直轄市政府_百分比>
		<各縣市政府_金額>0</各縣市政府_金額>
		<各縣市政府_百分比>0</各縣市政府_百分比>
		<合計_金額>304317</合計_金額>
		<合計_百分比>10.9</合計_百分比>
	</Row>
	<Row>
		<項目>3.教育科學文化支出</項目>
		<中央政府_金額>279176.969</中央政府_金額>
		<中央政府_百分比>17.4</中央政府_百分比>
		<各直轄市政府_金額>220734.126</各直轄市政府_金額>
		<各直轄市政府_百分比>32.6</各直轄市政府_百分比>
		<各縣市政府_金額>141040</各縣市政府_金額>
		<各縣市政府_百分比>28.2</各縣市政府_百分比>
		<合計_金額>640951.095</合計_金額>
		<合計_百分比>23</合計_百分比>
	</Row>
	<Row>
		<項目>4.經濟發展支出</項目>
		<中央政府_金額>196422.38</中央政府_金額>
		<中央政府_百分比>12.2</中央政府_百分比>
		<各直轄市政府_金額>116247.116</各直轄市政府_金額>
		<各直轄市政府_百分比>17.2</各直轄市政府_百分比>
		<各縣市政府_金額>102423</各縣市政府_金額>
		<各縣市政府_百分比>20.5</各縣市政府_百分比>
		<合計_金額>415092.496</合計_金額>
		<合計_百分比>14.9</合計_百分比>
	</Row>
	<Row>
		<項目>5.社會福利支出</項目>
		<中央政府_金額>368099.12</中央政府_金額>
		<中央政府_百分比>22.9</中央政府_百分比>
		<各直轄市政府_金額>111902.861</各直轄市政府_金額>
		<各直轄市政府_百分比>16.5</各直轄市政府_百分比>
		<各縣市政府_金額>54266</各縣市政府_金額>
		<各縣市政府_百分比>10.9</各縣市政府_百分比>
		<合計_金額>534267.981</合計_金額>
		<合計_百分比>19.2</合計_百分比>
	</Row>
	<Row>
		<項目>6.社區發展及環境保護支出</項目>
		<中央政府_金額>4582.367</中央政府_金額>
		<中央政府_百分比>0.3</中央政府_百分比>
		<各直轄市政府_金額>48017.715</各直轄市政府_金額>
		<各直轄市政府_百分比>7.1</各直轄市政府_百分比>
		<各縣市政府_金額>21965</各縣市政府_金額>
		<各縣市政府_百分比>4.4</各縣市政府_百分比>
		<合計_金額>74565.082</合計_金額>
		<合計_百分比>2.7</合計_百分比>
	</Row>
	<Row>
		<項目>7.退休撫卹支出</項目>
		<中央政府_金額>138052</中央政府_金額>
		<中央政府_百分比>8.6</中央政府_百分比>
		<各直轄市政府_金額>37096.712</各直轄市政府_金額>
		<各直轄市政府_百分比>5.5</各直轄市政府_百分比>
		<各縣市政府_金額>48762</各縣市政府_金額>
		<各縣市政府_百分比>9.8</各縣市政府_百分比>
		<合計_金額>223910.712</合計_金額>
		<合計_百分比>8.1</合計_百分比>
	</Row>
	<Row>
		<項目>8.債務支出</項目>
		<中央政府_金額>127538</中央政府_金額>
		<中央政府_百分比>7.9</中央政府_百分比>
		<各直轄市政府_金額>8336.095</各直轄市政府_金額>
		<各直轄市政府_百分比>1.2</各直轄市政府_百分比>
		<各縣市政府_金額>4933</各縣市政府_金額>
		<各縣市政府_百分比>1</各縣市政府_百分比>
		<合計_金額>140807.095</合計_金額>
		<合計_百分比>5.1</合計_百分比>
	</Row>
	<Row>
		<項目>9.一般補助及其他支出</項目>
		<中央政府_金額>12371.87</中央政府_金額>
		<中央政府_百分比>0.8</中央政府_百分比>
		<各直轄市政府_金額>13795</各直轄市政府_金額>
		<各直轄市政府_百分比>2</各直轄市政府_百分比>
		<各縣市政府_金額>24261</各縣市政府_金額>
		<各縣市政府_百分比>4.9</各縣市政府_百分比>
		<合計_金額>50427.87</合計_金額>
		<合計_百分比>1.8</合計_百分比>
	</Row>
	<Row>
		<項目>三、歲入歲出餘絀</項目>
		<中央政府_金額>102324</中央政府_金額>
		<各直轄市政府_金額>-206995.625</各直轄市政府_金額>
		<各縣市政府_金額>-208949</各縣市政府_金額>
		<合計_金額>-313621</合計_金額>
	</Row>
</Root>