<?xml version="1.0" encoding="UTF-8" standalone="yes"?>
<Root xmlns:xsi="http://www.w3.org/2001/XMLSchema-instance">
	<Row>
		<款>  </款>
		<科目名稱>合          計</科目名稱>
		<經常門>1614423708</經常門>
		<資本門>301804006</資本門>
		<合計>1916227714</合計>
		<百分比>100</百分比>
	</Row>
	<Row>
		<款>1</款>
		<科目名稱>總統府主管</科目名稱>
		<經常門>10811838</經常門>
		<資本門>5725649</資本門>
		<合計>16537487</合計>
		<百分比>0.863023</百分比>
	</Row>
	<Row>
		<款>2</款>
		<科目名稱>行政院主管</科目名稱>
		<經常門>17838238</經常門>
		<資本門>7074897</資本門>
		<合計>24913135</合計>
		<百分比>1.300113</百分比>
	</Row>
	<Row>
		<款>3</款>
		<科目名稱>立法院主管</科目名稱>
		<經常門>3183837</經常門>
		<資本門>358118</資本門>
		<合計>3541955</合計>
		<百分比>0.18484</百分比>
	</Row>
	<Row>
		<款>4</款>
		<科目名稱>司法院主管</科目名稱>
		<經常門>18945494</經常門>
		<資本門>3317655</資本門>
		<合計>22263149</合計>
		<百分比>1.161822</百分比>
	</Row>
	<Row>
		<款>5</款>
		<科目名稱>考試院主管</科目名稱>
		<經常門>26118095</經常門>
		<資本門>66469</資本門>
		<合計>26184564</合計>
		<百分比>1.366464</百分比>
	</Row>
	<Row>
		<款>6</款>
		<科目名稱>監察院主管</科目名稱>
		<經常門>1999287</經常門>
		<資本門>122001</資本門>
		<合計>2121288</合計>
		<百分比>0.110701</百分比>
	</Row>
	<Row>
		<款>7</款>
		<科目名稱>內政部主管</科目名稱>
		<經常門>67093850</經常門>
		<資本門>24431356</資本門>
		<合計>91525206</合計>
		<百分比>4.776322</百分比>
	</Row>
	<Row>
		<款>8</款>
		<科目名稱>外交部主管</科目名稱>
		<經常門>23679339</經常門>
		<資本門>548169</資本門>
		<合計>24227508</合計>
		<百分比>1.264333</百分比>
	</Row>
	<Row>
		<款>9</款>
		<科目名稱>國防部主管</科目名稱>
		<經常門>306227015</經常門>
		<資本門>4872621</資本門>
		<合計>311099636</合計>
		<百分比>16.235003</百分比>
	</Row>
	<Row>
		<款>10</款>
		<科目名稱>財政部主管</科目名稱>
		<經常門>195604317</經常門>
		<資本門>992840</資本門>
		<合計>196597157</合計>
		<百分比>10.259593</百分比>
	</Row>
	<Row>
		<款>11</款>
		<科目名稱>教育部主管</科目名稱>
		<經常門>181281779</經常門>
		<資本門>25501248</資本門>
		<合計>206783027</合計>
		<百分比>10.791151</百分比>
	</Row>
	<Row>
		<款>12</款>
		<科目名稱>法務部主管</科目名稱>
		<經常門>27701095</經常門>
		<資本門>1325099</資本門>
		<合計>29026194</合計>
		<百分比>1.514757</百分比>
	</Row>
	<Row>
		<款>13</款>
		<科目名稱>經濟部主管</科目名稱>
		<經常門>37470474</經常門>
		<資本門>19819863</資本門>
		<合計>57290337</合計>
		<百分比>2.989746</百分比>
	</Row>
	<Row>
		<款>14</款>
		<科目名稱>交通部主管</科目名稱>
		<經常門>15989860</經常門>
		<資本門>94055176</資本門>
		<合計>110045036</合計>
		<百分比>5.742795</百分比>
	</Row>
	<Row>
		<款>15</款>
		<科目名稱>蒙藏委員會主管</科目名稱>
		<經常門>124038</經常門>
		<資本門>2274</資本門>
		<合計>126312</合計>
		<百分比>0.006592</百分比>
	</Row>
	<Row>
		<款>16</款>
		<科目名稱>僑務委員會主管</科目名稱>
		<經常門>1273526</經常門>
		<資本門>188140</資本門>
		<合計>1461666</合計>
		<百分比>0.076278</百分比>
	</Row>
	<Row>
		<款>17</款>
		<科目名稱>國家科學委員會主管</科目名稱>
		<經常門>8692394</經常門>
		<資本門>35350434</資本門>
		<合計>44042828</合計>
		<百分比>2.298413</百分比>
	</Row>
	<Row>
		<款>18</款>
		<科目名稱>原子能委員會主管</科目名稱>
		<經常門>2610993</經常門>
		<資本門>324090</資本門>
		<合計>2935083</合計>
		<百分比>0.15317</百分比>
	</Row>
	<Row>
		<款>19</款>
		<科目名稱>農業委員會主管</科目名稱>
		<經常門>104993572</經常門>
		<資本門>16661794</資本門>
		<合計>121655366</合計>
		<百分比>6.34869</百分比>
	</Row>
	<Row>
		<款>20</款>
		<科目名稱>勞工委員會主管</科目名稱>
		<經常門>127835228</經常門>
		<資本門>248201</資本門>
		<合計>128083429</合計>
		<百分比>6.684144</百分比>
	</Row>
	<Row>
		<款>21</款>
		<科目名稱>衛生福利部主管</科目名稱>
		<經常門>138660311</經常門>
		<資本門>1523528</資本門>
		<合計>140183839</合計>
		<百分比>7.315615</百分比>
	</Row>
	<Row>
		<款>22</款>
		<科目名稱>環境保護署主管</科目名稱>
		<經常門>2916998</經常門>
		<資本門>1594014</資本門>
		<合計>4511012</合計>
		<百分比>0.235411</百分比>
	</Row>
	<Row>
		<款>23</款>
		<科目名稱>文化部主管</科目名稱>
		<經常門>9874049</經常門>
		<資本門>6123179</資本門>
		<合計>15997228</合計>
		<百分比>0.834829</百分比>
	</Row>
	<Row>
		<款>24</款>
		<科目名稱>海岸巡防署主管</科目名稱>
		<經常門>10672134</經常門>
		<資本門>3767935</資本門>
		<合計>14440069</合計>
		<百分比>0.753567</百分比>
	</Row>
	<Row>
		<款>25</款>
		<科目名稱>金融監督管理委員會主管</科目名稱>
		<經常門>1407843</經常門>
		<資本門>40821</資本門>
		<合計>1448664</合計>
		<百分比>0.0756</百分比>
	</Row>
	<Row>
		<款>26</款>
		<科目名稱>國軍退除役官兵輔導委員會主管</科目名稱>
		<經常門>124977180</經常門>
		<資本門>216156</資本門>
		<合計>125193336</合計>
		<百分比>6.533322</百分比>
	</Row>
	<Row>
		<款>27</款>
		<科目名稱>省市地方政府</科目名稱>
		<經常門>140440924</經常門>
		<資本門>44052279</資本門>
		<合計>184493203</合計>
		<百分比>9.627937</百分比>
	</Row>
	<Row>
		<款>28</款>
		<科目名稱>災害準備金</科目名稱>
		<經常門>500000</經常門>
		<資本門>1500000</資本門>
		<合計>2000000</合計>
		<百分比>0.104372</百分比>
	</Row>
	<Row>
		<款>29</款>
		<科目名稱>第二預備金</科目名稱>
		<經常門>5500000</經常門>
		<資本門>2000000</資本門>
		<合計>7500000</合計>
		<百分比>0.391394</百分比>
	</Row>
</Root>