<?xml version="1.0" encoding="UTF-8" standalone="yes"?>
<Root xmlns:xsi="http://www.w3.org/2001/XMLSchema-instance">
	<Row>
		<款>  </款>
		<科目名稱>合          計</科目名稱>
		<經常門>1614423708</經常門>
		<資本門>301804006</資本門>
		<合計>1916227714</合計>
		<百分比>100</百分比>
	</Row>
	<Row>
		<款>  </款>
		<科目名稱>(1. 一般政務支出)</科目名稱>
		<經常門>162435548</經常門>
		<資本門>16161284</資本門>
		<合計>178596832</合計>
		<百分比>9.32023</百分比>
	</Row>
	<Row>
		<款>1</款>
		<科目名稱>國務支出</科目名稱>
		<經常門>1116619</經常門>
		<資本門>39683</資本門>
		<合計>1156302</合計>
		<百分比>0.060343</百分比>
	</Row>
	<Row>
		<款>2</款>
		<科目名稱>行政支出</科目名稱>
		<經常門>5299104</經常門>
		<資本門>467486</資本門>
		<合計>5766590</合計>
		<百分比>0.300934</百分比>
	</Row>
	<Row>
		<款>3</款>
		<科目名稱>立法支出</科目名稱>
		<經常門>3183837</經常門>
		<資本門>358118</資本門>
		<合計>3541955</合計>
		<百分比>0.18484</百分比>
	</Row>
	<Row>
		<款>4</款>
		<科目名稱>司法支出</科目名稱>
		<經常門>45602931</經常門>
		<資本門>4390983</資本門>
		<合計>49993914</合計>
		<百分比>2.608976</百分比>
	</Row>
	<Row>
		<款>5</款>
		<科目名稱>考試支出</科目名稱>
		<經常門>1496436</經常門>
		<資本門>53653</資本門>
		<合計>1550089</合計>
		<百分比>0.080893</百分比>
	</Row>
	<Row>
		<款>6</款>
		<科目名稱>監察支出</科目名稱>
		<經常門>1999287</經常門>
		<資本門>122001</資本門>
		<合計>2121288</合計>
		<百分比>0.110701</百分比>
	</Row>
	<Row>
		<款>7</款>
		<科目名稱>民政支出</科目名稱>
		<經常門>48868783</經常門>
		<資本門>9305830</資本門>
		<合計>58174613</合計>
		<百分比>3.035892</百分比>
	</Row>
	<Row>
		<款>8</款>
		<科目名稱>外交支出</科目名稱>
		<經常門>23679339</經常門>
		<資本門>548169</資本門>
		<合計>24227508</合計>
		<百分比>1.264333</百分比>
	</Row>
	<Row>
		<款>9</款>
		<科目名稱>財務支出</科目名稱>
		<經常門>30078670</經常門>
		<資本門>688366</資本門>
		<合計>30767036</合計>
		<百分比>1.605604</百分比>
	</Row>
	<Row>
		<款>10</款>
		<科目名稱>邊政支出</科目名稱>
		<經常門>124038</經常門>
		<資本門>2274</資本門>
		<合計>126312</合計>
		<百分比>0.006592</百分比>
	</Row>
	<Row>
		<款>11</款>
		<科目名稱>僑務支出</科目名稱>
		<經常門>986504</經常門>
		<資本門>184721</資本門>
		<合計>1171225</合計>
		<百分比>0.061121</百分比>
	</Row>
	<Row>
		<款>  </款>
		<科目名稱>(2. 國防支出)</科目名稱>
		<經常門>299460178</經常門>
		<資本門>4856796</資本門>
		<合計>304316974</合計>
		<百分比>15.881044</百分比>
	</Row>
	<Row>
		<款>12</款>
		<科目名稱>國防支出</科目名稱>
		<經常門>299460178</經常門>
		<資本門>4856796</資本門>
		<合計>304316974</合計>
		<百分比>15.881044</百分比>
	</Row>
	<Row>
		<款>  </款>
		<科目名稱>(3. 教育科學文化支出)</科目名稱>
		<經常門>282951203</經常門>
		<資本門>86093317</資本門>
		<合計>369044520</合計>
		<百分比>19.258907</百分比>
	</Row>
	<Row>
		<款>13</款>
		<科目名稱>教育支出</科目名稱>
		<經常門>210275586</經常門>
		<資本門>30727689</資本門>
		<合計>241003275</合計>
		<百分比>12.576964</百分比>
	</Row>
	<Row>
		<款>14</款>
		<科目名稱>科學支出</科目名稱>
		<經常門>56487555</經常門>
		<資本門>43714208</資本門>
		<合計>100201763</合計>
		<百分比>5.229116</百分比>
	</Row>
	<Row>
		<款>15</款>
		<科目名稱>文化支出</科目名稱>
		<經常門>16188062</經常門>
		<資本門>11651420</資本門>
		<合計>27839482</合計>
		<百分比>1.452827</百分比>
	</Row>
	<Row>
		<款>  </款>
		<科目名稱>(4. 經濟發展支出)</科目名稱>
		<經常門>92921901</經常門>
		<資本門>176700607</資本門>
		<合計>269622508</合計>
		<百分比>14.070484</百分比>
	</Row>
	<Row>
		<款>16</款>
		<科目名稱>農業支出</科目名稱>
		<經常門>57348135</經常門>
		<資本門>30330644</資本門>
		<合計>87678779</合計>
		<百分比>4.575593</百分比>
	</Row>
	<Row>
		<款>17</款>
		<科目名稱>工業支出</科目名稱>
		<經常門>4235797</經常門>
		<資本門>829697</資本門>
		<合計>5065494</合計>
		<百分比>0.264347</百分比>
	</Row>
	<Row>
		<款>18</款>
		<科目名稱>交通支出</科目名稱>
		<經常門>13954139</經常門>
		<資本門>111098301</資本門>
		<合計>125052440</合計>
		<百分比>6.52597</百分比>
	</Row>
	<Row>
		<款>19</款>
		<科目名稱>其他經濟服務支出</科目名稱>
		<經常門>17383830</經常門>
		<資本門>34441965</資本門>
		<合計>51825795</合計>
		<百分比>2.704574</百分比>
	</Row>
	<Row>
		<款>  </款>
		<科目名稱>(5. 社會福利支出)</科目名稱>
		<經常門>421777049</經常門>
		<資本門>1861512</資本門>
		<合計>423638561</合計>
		<百分比>22.107945</百分比>
	</Row>
	<Row>
		<款>20</款>
		<科目名稱>社會保險支出</科目名稱>
		<經常門>277720475</經常門>
		<資本門>368395</資本門>
		<合計>278088870</合計>
		<百分比>14.512308</百分比>
	</Row>
	<Row>
		<款>21</款>
		<科目名稱>社會救助支出</科目名稱>
		<經常門>10016970</經常門>
		<資本門>8794</資本門>
		<合計>10025764</合計>
		<百分比>0.523203</百分比>
	</Row>
	<Row>
		<款>22</款>
		<科目名稱>福利服務支出</科目名稱>
		<經常門>113617276</經常門>
		<資本門>837397</資本門>
		<合計>114454673</合計>
		<百分比>5.972916</百分比>
	</Row>
	<Row>
		<款>23</款>
		<科目名稱>國民就業支出</科目名稱>
		<經常門>1606524</經常門>
		<資本門>166552</資本門>
		<合計>1773076</合計>
		<百分比>0.09253</百分比>
	</Row>
	<Row>
		<款>24</款>
		<科目名稱>醫療保健支出</科目名稱>
		<經常門>18815804</經常門>
		<資本門>480374</資本門>
		<合計>19296178</合計>
		<百分比>1.006988</百分比>
	</Row>
	<Row>
		<款>  </款>
		<科目名稱>(6. 社區發展及環境保護支出)</科目名稱>
		<經常門>4224797</經常門>
		<資本門>12576159</資本門>
		<合計>16800956</合計>
		<百分比>0.876772</百分比>
	</Row>
	<Row>
		<款>25</款>
		<科目名稱>環境保護支出</科目名稱>
		<經常門>4224797</經常門>
		<資本門>12576159</資本門>
		<合計>16800956</合計>
		<百分比>0.876772</百分比>
	</Row>
	<Row>
		<款>  </款>
		<科目名稱>(7. 退休撫卹支出)</科目名稱>
		<經常門>138039553</經常門>
		<資本門>12816</資本門>
		<合計>138052369</合計>
		<百分比>7.204382</百分比>
	</Row>
	<Row>
		<款>26</款>
		<科目名稱>退休撫卹給付支出</科目名稱>
		<經常門>137840680</經常門>
		<資本門>-</資本門>
		<合計>137840680</合計>
		<百分比>7.193335</百分比>
	</Row>
	<Row>
		<款>27</款>
		<科目名稱>退休撫卹業務支出</科目名稱>
		<經常門>198873</經常門>
		<資本門>12816</資本門>
		<合計>211689</合計>
		<百分比>0.011047</百分比>
	</Row>
	<Row>
		<款>  </款>
		<科目名稱>(8. 債務支出)</科目名稱>
		<經常門>127537620</經常門>
		<資本門>-</資本門>
		<合計>127537620</合計>
		<百分比>6.655661</百分比>
	</Row>
	<Row>
		<款>28</款>
		<科目名稱>債務付息支出</科目名稱>
		<經常門>126965620</經常門>
		<資本門>-</資本門>
		<合計>126965620</合計>
		<百分比>6.625811</百分比>
	</Row>
	<Row>
		<款>29</款>
		<科目名稱>還本付息事務支出</科目名稱>
		<經常門>572000</經常門>
		<資本門>-</資本門>
		<合計>572000</合計>
		<百分比>0.02985</百分比>
	</Row>
	<Row>
		<款>  </款>
		<科目名稱>(9. 一般補助及其他支出)</科目名稱>
		<經常門>85075859</經常門>
		<資本門>3541515</資本門>
		<合計>88617374</合計>
		<百分比>4.624574</百分比>
	</Row>
	<Row>
		<款>30</款>
		<科目名稱>專案補助支出</科目名稱>
		<經常門>53281309</經常門>
		<資本門>41515</資本門>
		<合計>53322824</合計>
		<百分比>2.782698</百分比>
	</Row>
	<Row>
		<款>31</款>
		<科目名稱>平衡預算補助支出</科目名稱>
		<經常門>22001943</經常門>
		<資本門>-</資本門>
		<合計>22001943</合計>
		<百分比>1.14819</百分比>
	</Row>
	<Row>
		<款>32</款>
		<科目名稱>其他支出</科目名稱>
		<經常門>4292607</經常門>
		<資本門>1500000</資本門>
		<合計>5792607</合計>
		<百分比>0.302292</百分比>
	</Row>
	<Row>
		<款>33</款>
		<科目名稱>第二預備金</科目名稱>
		<經常門>5500000</經常門>
		<資本門>2000000</資本門>
		<合計>7500000</合計>
		<百分比>0.391394</百分比>
	</Row>
</Root>