<?xml version="1.0" encoding="UTF-8" standalone="yes"?>
<Root xmlns:xsi="http://www.w3.org/2001/XMLSchema-instance">
	<Row>
		<款>  </款>
		<科目名稱>合                         計</科目名稱>
		<合計>1916227714</合計>
		<一款總統府主管>16537487</一款總統府主管>
		<二款行政院主管>24913135</二款行政院主管>
		<三款立法院主管>3541955</三款立法院主管>
		<四款司法院主管>22263149</四款司法院主管>
		<五款考試院主管>26184564</五款考試院主管>
		<六款監察院主管>2121288</六款監察院主管>
		<七款內政部主管>91525206</七款內政部主管>
		<八款外交部主管>24227508</八款外交部主管>
		<九款國防部主管>311099636</九款國防部主管>
		<十款財政部主管>196597157</十款財政部主管>
		<一一款教育部主管>206783027</一一款教育部主管>
		<一二款法務部主管>29026194</一二款法務部主管>
		<一三款經濟部主管>57290337</一三款經濟部主管>
		<一四款交通部主管>110045036</一四款交通部主管>
		<一五款蒙藏委員會主管>126312</一五款蒙藏委員會主管>
		<一六款僑務委員會主管>1461666</一六款僑務委員會主管>
		<一七款國家科學委員會主管>44042828</一七款國家科學委員會主管>
		<一八款原子能委員會主管>2935083</一八款原子能委員會主管>
		<一九款農業委員會主管>121655366</一九款農業委員會主管>
		<二十款勞工委員會主管>128083429</二十款勞工委員會主管>
		<二一款衛生福利部主管>140183839</二一款衛生福利部主管>
		<二二款環境保護署主管>4511012</二二款環境保護署主管>
		<二三款文化部主管>15997228</二三款文化部主管>
		<二四款海岸巡防署主管>14440069</二四款海岸巡防署主管>
		<二五款金融監督管理委員會主管>1448664</二五款金融監督管理委員會主管>
		<二六款國軍退除役官兵輔導委員會主管>125193336</二六款國軍退除役官兵輔導委員會主管>
		<二七款省市地方政府>184493203</二七款省市地方政府>
		<二八款災害準備金>2000000</二八款災害準備金>
		<二九款第二預備金>7500000</二九款第二預備金>
	</Row>
	<Row>
		<款>1</款>
		<科目名稱>國務支出</科目名稱>
		<合計>1156302</合計>
		<一款總統府主管>1156302</一款總統府主管>
		<二款行政院主管>-</二款行政院主管>
		<三款立法院主管>-</三款立法院主管>
		<四款司法院主管>-</四款司法院主管>
		<五款考試院主管>-</五款考試院主管>
		<六款監察院主管>-</六款監察院主管>
		<七款內政部主管>-</七款內政部主管>
		<八款外交部主管>-</八款外交部主管>
		<九款國防部主管>-</九款國防部主管>
		<十款財政部主管>-</十款財政部主管>
		<一一款教育部主管>-</一一款教育部主管>
		<一二款法務部主管>-</一二款法務部主管>
		<一三款經濟部主管>-</一三款經濟部主管>
		<一四款交通部主管>-</一四款交通部主管>
		<一五款蒙藏委員會主管>-</一五款蒙藏委員會主管>
		<一六款僑務委員會主管>-</一六款僑務委員會主管>
		<一七款國家科學委員會主管>-</一七款國家科學委員會主管>
		<一八款原子能委員會主管>-</一八款原子能委員會主管>
		<一九款農業委員會主管>-</一九款農業委員會主管>
		<二十款勞工委員會主管>-</二十款勞工委員會主管>
		<二一款衛生福利部主管>-</二一款衛生福利部主管>
		<二二款環境保護署主管>-</二二款環境保護署主管>
		<二三款文化部主管>-</二三款文化部主管>
		<二四款海岸巡防署主管>-</二四款海岸巡防署主管>
		<二五款金融監督管理委員會主管>-</二五款金融監督管理委員會主管>
		<二六款國軍退除役官兵輔導委員會主管>-</二六款國軍退除役官兵輔導委員會主管>
		<二七款省市地方政府>-</二七款省市地方政府>
		<二八款災害準備金>-</二八款災害準備金>
		<二九款第二預備金>-</二九款第二預備金>
	</Row>
	<Row>
		<款>2</款>
		<科目名稱>行政支出</科目名稱>
		<合計>5766590</合計>
		<一款總統府主管>-</一款總統府主管>
		<二款行政院主管>5472090</二款行政院主管>
		<三款立法院主管>-</三款立法院主管>
		<四款司法院主管>-</四款司法院主管>
		<五款考試院主管>-</五款考試院主管>
		<六款監察院主管>-</六款監察院主管>
		<七款內政部主管>-</七款內政部主管>
		<八款外交部主管>-</八款外交部主管>
		<九款國防部主管>-</九款國防部主管>
		<十款財政部主管>-</十款財政部主管>
		<一一款教育部主管>-</一一款教育部主管>
		<一二款法務部主管>-</一二款法務部主管>
		<一三款經濟部主管>-</一三款經濟部主管>
		<一四款交通部主管>-</一四款交通部主管>
		<一五款蒙藏委員會主管>-</一五款蒙藏委員會主管>
		<一六款僑務委員會主管>-</一六款僑務委員會主管>
		<一七款國家科學委員會主管>-</一七款國家科學委員會主管>
		<一八款原子能委員會主管>-</一八款原子能委員會主管>
		<一九款農業委員會主管>-</一九款農業委員會主管>
		<二十款勞工委員會主管>-</二十款勞工委員會主管>
		<二一款衛生福利部主管>-</二一款衛生福利部主管>
		<二二款環境保護署主管>-</二二款環境保護署主管>
		<二三款文化部主管>-</二三款文化部主管>
		<二四款海岸巡防署主管>-</二四款海岸巡防署主管>
		<二五款金融監督管理委員會主管>-</二五款金融監督管理委員會主管>
		<二六款國軍退除役官兵輔導委員會主管>-</二六款國軍退除役官兵輔導委員會主管>
		<二七款省市地方政府>294500</二七款省市地方政府>
		<二八款災害準備金>-</二八款災害準備金>
		<二九款第二預備金>-</二九款第二預備金>
	</Row>
	<Row>
		<款>3</款>
		<科目名稱>立法支出</科目名稱>
		<合計>3541955</合計>
		<一款總統府主管>-</一款總統府主管>
		<二款行政院主管>-</二款行政院主管>
		<三款立法院主管>3541955</三款立法院主管>
		<四款司法院主管>-</四款司法院主管>
		<五款考試院主管>-</五款考試院主管>
		<六款監察院主管>-</六款監察院主管>
		<七款內政部主管>-</七款內政部主管>
		<八款外交部主管>-</八款外交部主管>
		<九款國防部主管>-</九款國防部主管>
		<十款財政部主管>-</十款財政部主管>
		<一一款教育部主管>-</一一款教育部主管>
		<一二款法務部主管>-</一二款法務部主管>
		<一三款經濟部主管>-</一三款經濟部主管>
		<一四款交通部主管>-</一四款交通部主管>
		<一五款蒙藏委員會主管>-</一五款蒙藏委員會主管>
		<一六款僑務委員會主管>-</一六款僑務委員會主管>
		<一七款國家科學委員會主管>-</一七款國家科學委員會主管>
		<一八款原子能委員會主管>-</一八款原子能委員會主管>
		<一九款農業委員會主管>-</一九款農業委員會主管>
		<二十款勞工委員會主管>-</二十款勞工委員會主管>
		<二一款衛生福利部主管>-</二一款衛生福利部主管>
		<二二款環境保護署主管>-</二二款環境保護署主管>
		<二三款文化部主管>-</二三款文化部主管>
		<二四款海岸巡防署主管>-</二四款海岸巡防署主管>
		<二五款金融監督管理委員會主管>-</二五款金融監督管理委員會主管>
		<二六款國軍退除役官兵輔導委員會主管>-</二六款國軍退除役官兵輔導委員會主管>
		<二七款省市地方政府>-</二七款省市地方政府>
		<二八款災害準備金>-</二八款災害準備金>
		<二九款第二預備金>-</二九款第二預備金>
	</Row>
	<Row>
		<款>4</款>
		<科目名稱>司法支出</科目名稱>
		<合計>49993914</合計>
		<一款總統府主管>-</一款總統府主管>
		<二款行政院主管>-</二款行政院主管>
		<三款立法院主管>-</三款立法院主管>
		<四款司法院主管>21138414</四款司法院主管>
		<五款考試院主管>-</五款考試院主管>
		<六款監察院主管>-</六款監察院主管>
		<七款內政部主管>-</七款內政部主管>
		<八款外交部主管>-</八款外交部主管>
		<九款國防部主管>-</九款國防部主管>
		<十款財政部主管>-</十款財政部主管>
		<一一款教育部主管>-</一一款教育部主管>
		<一二款法務部主管>28855500</一二款法務部主管>
		<一三款經濟部主管>-</一三款經濟部主管>
		<一四款交通部主管>-</一四款交通部主管>
		<一五款蒙藏委員會主管>-</一五款蒙藏委員會主管>
		<一六款僑務委員會主管>-</一六款僑務委員會主管>
		<一七款國家科學委員會主管>-</一七款國家科學委員會主管>
		<一八款原子能委員會主管>-</一八款原子能委員會主管>
		<一九款農業委員會主管>-</一九款農業委員會主管>
		<二十款勞工委員會主管>-</二十款勞工委員會主管>
		<二一款衛生福利部主管>-</二一款衛生福利部主管>
		<二二款環境保護署主管>-</二二款環境保護署主管>
		<二三款文化部主管>-</二三款文化部主管>
		<二四款海岸巡防署主管>-</二四款海岸巡防署主管>
		<二五款金融監督管理委員會主管>-</二五款金融監督管理委員會主管>
		<二六款國軍退除役官兵輔導委員會主管>-</二六款國軍退除役官兵輔導委員會主管>
		<二七款省市地方政府>-</二七款省市地方政府>
		<二八款災害準備金>-</二八款災害準備金>
		<二九款第二預備金>-</二九款第二預備金>
	</Row>
	<Row>
		<款>5</款>
		<科目名稱>考試支出</科目名稱>
		<合計>1550089</合計>
		<一款總統府主管>-</一款總統府主管>
		<二款行政院主管>-</二款行政院主管>
		<三款立法院主管>-</三款立法院主管>
		<四款司法院主管>-</四款司法院主管>
		<五款考試院主管>1550089</五款考試院主管>
		<六款監察院主管>-</六款監察院主管>
		<七款內政部主管>-</七款內政部主管>
		<八款外交部主管>-</八款外交部主管>
		<九款國防部主管>-</九款國防部主管>
		<十款財政部主管>-</十款財政部主管>
		<一一款教育部主管>-</一一款教育部主管>
		<一二款法務部主管>-</一二款法務部主管>
		<一三款經濟部主管>-</一三款經濟部主管>
		<一四款交通部主管>-</一四款交通部主管>
		<一五款蒙藏委員會主管>-</一五款蒙藏委員會主管>
		<一六款僑務委員會主管>-</一六款僑務委員會主管>
		<一七款國家科學委員會主管>-</一七款國家科學委員會主管>
		<一八款原子能委員會主管>-</一八款原子能委員會主管>
		<一九款農業委員會主管>-</一九款農業委員會主管>
		<二十款勞工委員會主管>-</二十款勞工委員會主管>
		<二一款衛生福利部主管>-</二一款衛生福利部主管>
		<二二款環境保護署主管>-</二二款環境保護署主管>
		<二三款文化部主管>-</二三款文化部主管>
		<二四款海岸巡防署主管>-</二四款海岸巡防署主管>
		<二五款金融監督管理委員會主管>-</二五款金融監督管理委員會主管>
		<二六款國軍退除役官兵輔導委員會主管>-</二六款國軍退除役官兵輔導委員會主管>
		<二七款省市地方政府>-</二七款省市地方政府>
		<二八款災害準備金>-</二八款災害準備金>
		<二九款第二預備金>-</二九款第二預備金>
	</Row>
	<Row>
		<款>6</款>
		<科目名稱>監察支出</科目名稱>
		<合計>2121288</合計>
		<一款總統府主管>-</一款總統府主管>
		<二款行政院主管>-</二款行政院主管>
		<三款立法院主管>-</三款立法院主管>
		<四款司法院主管>-</四款司法院主管>
		<五款考試院主管>-</五款考試院主管>
		<六款監察院主管>2121288</六款監察院主管>
		<七款內政部主管>-</七款內政部主管>
		<八款外交部主管>-</八款外交部主管>
		<九款國防部主管>-</九款國防部主管>
		<十款財政部主管>-</十款財政部主管>
		<一一款教育部主管>-</一一款教育部主管>
		<一二款法務部主管>-</一二款法務部主管>
		<一三款經濟部主管>-</一三款經濟部主管>
		<一四款交通部主管>-</一四款交通部主管>
		<一五款蒙藏委員會主管>-</一五款蒙藏委員會主管>
		<一六款僑務委員會主管>-</一六款僑務委員會主管>
		<一七款國家科學委員會主管>-</一七款國家科學委員會主管>
		<一八款原子能委員會主管>-</一八款原子能委員會主管>
		<一九款農業委員會主管>-</一九款農業委員會主管>
		<二十款勞工委員會主管>-</二十款勞工委員會主管>
		<二一款衛生福利部主管>-</二一款衛生福利部主管>
		<二二款環境保護署主管>-</二二款環境保護署主管>
		<二三款文化部主管>-</二三款文化部主管>
		<二四款海岸巡防署主管>-</二四款海岸巡防署主管>
		<二五款金融監督管理委員會主管>-</二五款金融監督管理委員會主管>
		<二六款國軍退除役官兵輔導委員會主管>-</二六款國軍退除役官兵輔導委員會主管>
		<二七款省市地方政府>-</二七款省市地方政府>
		<二八款災害準備金>-</二八款災害準備金>
		<二九款第二預備金>-</二九款第二預備金>
	</Row>
	<Row>
		<款>7</款>
		<科目名稱>民政支出</科目名稱>
		<合計>58174613</合計>
		<一款總統府主管>-</一款總統府主管>
		<二款行政院主管>4447007</二款行政院主管>
		<三款立法院主管>-</三款立法院主管>
		<四款司法院主管>-</四款司法院主管>
		<五款考試院主管>-</五款考試院主管>
		<六款監察院主管>-</六款監察院主管>
		<七款內政部主管>39287537</七款內政部主管>
		<八款外交部主管>-</八款外交部主管>
		<九款國防部主管>-</九款國防部主管>
		<十款財政部主管>-</十款財政部主管>
		<一一款教育部主管>-</一一款教育部主管>
		<一二款法務部主管>-</一二款法務部主管>
		<一三款經濟部主管>-</一三款經濟部主管>
		<一四款交通部主管>-</一四款交通部主管>
		<一五款蒙藏委員會主管>-</一五款蒙藏委員會主管>
		<一六款僑務委員會主管>-</一六款僑務委員會主管>
		<一七款國家科學委員會主管>-</一七款國家科學委員會主管>
		<一八款原子能委員會主管>-</一八款原子能委員會主管>
		<一九款農業委員會主管>-</一九款農業委員會主管>
		<二十款勞工委員會主管>-</二十款勞工委員會主管>
		<二一款衛生福利部主管>-</二一款衛生福利部主管>
		<二二款環境保護署主管>-</二二款環境保護署主管>
		<二三款文化部主管>-</二三款文化部主管>
		<二四款海岸巡防署主管>14440069</二四款海岸巡防署主管>
		<二五款金融監督管理委員會主管>-</二五款金融監督管理委員會主管>
		<二六款國軍退除役官兵輔導委員會主管>-</二六款國軍退除役官兵輔導委員會主管>
		<二七款省市地方政府>-</二七款省市地方政府>
		<二八款災害準備金>-</二八款災害準備金>
		<二九款第二預備金>-</二九款第二預備金>
	</Row>
	<Row>
		<款>8</款>
		<科目名稱>外交支出</科目名稱>
		<合計>24227508</合計>
		<一款總統府主管>-</一款總統府主管>
		<二款行政院主管>-</二款行政院主管>
		<三款立法院主管>-</三款立法院主管>
		<四款司法院主管>-</四款司法院主管>
		<五款考試院主管>-</五款考試院主管>
		<六款監察院主管>-</六款監察院主管>
		<七款內政部主管>-</七款內政部主管>
		<八款外交部主管>24227508</八款外交部主管>
		<九款國防部主管>-</九款國防部主管>
		<十款財政部主管>-</十款財政部主管>
		<一一款教育部主管>-</一一款教育部主管>
		<一二款法務部主管>-</一二款法務部主管>
		<一三款經濟部主管>-</一三款經濟部主管>
		<一四款交通部主管>-</一四款交通部主管>
		<一五款蒙藏委員會主管>-</一五款蒙藏委員會主管>
		<一六款僑務委員會主管>-</一六款僑務委員會主管>
		<一七款國家科學委員會主管>-</一七款國家科學委員會主管>
		<一八款原子能委員會主管>-</一八款原子能委員會主管>
		<一九款農業委員會主管>-</一九款農業委員會主管>
		<二十款勞工委員會主管>-</二十款勞工委員會主管>
		<二一款衛生福利部主管>-</二一款衛生福利部主管>
		<二二款環境保護署主管>-</二二款環境保護署主管>
		<二三款文化部主管>-</二三款文化部主管>
		<二四款海岸巡防署主管>-</二四款海岸巡防署主管>
		<二五款金融監督管理委員會主管>-</二五款金融監督管理委員會主管>
		<二六款國軍退除役官兵輔導委員會主管>-</二六款國軍退除役官兵輔導委員會主管>
		<二七款省市地方政府>-</二七款省市地方政府>
		<二八款災害準備金>-</二八款災害準備金>
		<二九款第二預備金>-</二九款第二預備金>
	</Row>
	<Row>
		<款>9</款>
		<科目名稱>財務支出</科目名稱>
		<合計>30767036</合計>
		<一款總統府主管>-</一款總統府主管>
		<二款行政院主管>-</二款行政院主管>
		<三款立法院主管>-</三款立法院主管>
		<四款司法院主管>-</四款司法院主管>
		<五款考試院主管>-</五款考試院主管>
		<六款監察院主管>-</六款監察院主管>
		<七款內政部主管>-</七款內政部主管>
		<八款外交部主管>-</八款外交部主管>
		<九款國防部主管>-</九款國防部主管>
		<十款財政部主管>29263059</十款財政部主管>
		<一一款教育部主管>-</一一款教育部主管>
		<一二款法務部主管>-</一二款法務部主管>
		<一三款經濟部主管>11063</一三款經濟部主管>
		<一四款交通部主管>35400</一四款交通部主管>
		<一五款蒙藏委員會主管>-</一五款蒙藏委員會主管>
		<一六款僑務委員會主管>-</一六款僑務委員會主管>
		<一七款國家科學委員會主管>-</一七款國家科學委員會主管>
		<一八款原子能委員會主管>-</一八款原子能委員會主管>
		<一九款農業委員會主管>8850</一九款農業委員會主管>
		<二十款勞工委員會主管>-</二十款勞工委員會主管>
		<二一款衛生福利部主管>-</二一款衛生福利部主管>
		<二二款環境保護署主管>-</二二款環境保護署主管>
		<二三款文化部主管>-</二三款文化部主管>
		<二四款海岸巡防署主管>-</二四款海岸巡防署主管>
		<二五款金融監督管理委員會主管>1448664</二五款金融監督管理委員會主管>
		<二六款國軍退除役官兵輔導委員會主管>-</二六款國軍退除役官兵輔導委員會主管>
		<二七款省市地方政府>-</二七款省市地方政府>
		<二八款災害準備金>-</二八款災害準備金>
		<二九款第二預備金>-</二九款第二預備金>
	</Row>
	<Row>
		<款>10</款>
		<科目名稱>邊政支出</科目名稱>
		<合計>126312</合計>
		<一款總統府主管>-</一款總統府主管>
		<二款行政院主管>-</二款行政院主管>
		<三款立法院主管>-</三款立法院主管>
		<四款司法院主管>-</四款司法院主管>
		<五款考試院主管>-</五款考試院主管>
		<六款監察院主管>-</六款監察院主管>
		<七款內政部主管>-</七款內政部主管>
		<八款外交部主管>-</八款外交部主管>
		<九款國防部主管>-</九款國防部主管>
		<十款財政部主管>-</十款財政部主管>
		<一一款教育部主管>-</一一款教育部主管>
		<一二款法務部主管>-</一二款法務部主管>
		<一三款經濟部主管>-</一三款經濟部主管>
		<一四款交通部主管>-</一四款交通部主管>
		<一五款蒙藏委員會主管>126312</一五款蒙藏委員會主管>
		<一六款僑務委員會主管>-</一六款僑務委員會主管>
		<一七款國家科學委員會主管>-</一七款國家科學委員會主管>
		<一八款原子能委員會主管>-</一八款原子能委員會主管>
		<一九款農業委員會主管>-</一九款農業委員會主管>
		<二十款勞工委員會主管>-</二十款勞工委員會主管>
		<二一款衛生福利部主管>-</二一款衛生福利部主管>
		<二二款環境保護署主管>-</二二款環境保護署主管>
		<二三款文化部主管>-</二三款文化部主管>
		<二四款海岸巡防署主管>-</二四款海岸巡防署主管>
		<二五款金融監督管理委員會主管>-</二五款金融監督管理委員會主管>
		<二六款國軍退除役官兵輔導委員會主管>-</二六款國軍退除役官兵輔導委員會主管>
		<二七款省市地方政府>-</二七款省市地方政府>
		<二八款災害準備金>-</二八款災害準備金>
		<二九款第二預備金>-</二九款第二預備金>
	</Row>
	<Row>
		<款>11</款>
		<科目名稱>僑務支出</科目名稱>
		<合計>1171225</合計>
		<一款總統府主管>-</一款總統府主管>
		<二款行政院主管>-</二款行政院主管>
		<三款立法院主管>-</三款立法院主管>
		<四款司法院主管>-</四款司法院主管>
		<五款考試院主管>-</五款考試院主管>
		<六款監察院主管>-</六款監察院主管>
		<七款內政部主管>-</七款內政部主管>
		<八款外交部主管>-</八款外交部主管>
		<九款國防部主管>-</九款國防部主管>
		<十款財政部主管>-</十款財政部主管>
		<一一款教育部主管>-</一一款教育部主管>
		<一二款法務部主管>-</一二款法務部主管>
		<一三款經濟部主管>-</一三款經濟部主管>
		<一四款交通部主管>-</一四款交通部主管>
		<一五款蒙藏委員會主管>-</一五款蒙藏委員會主管>
		<一六款僑務委員會主管>1171225</一六款僑務委員會主管>
		<一七款國家科學委員會主管>-</一七款國家科學委員會主管>
		<一八款原子能委員會主管>-</一八款原子能委員會主管>
		<一九款農業委員會主管>-</一九款農業委員會主管>
		<二十款勞工委員會主管>-</二十款勞工委員會主管>
		<二一款衛生福利部主管>-</二一款衛生福利部主管>
		<二二款環境保護署主管>-</二二款環境保護署主管>
		<二三款文化部主管>-</二三款文化部主管>
		<二四款海岸巡防署主管>-</二四款海岸巡防署主管>
		<二五款金融監督管理委員會主管>-</二五款金融監督管理委員會主管>
		<二六款國軍退除役官兵輔導委員會主管>-</二六款國軍退除役官兵輔導委員會主管>
		<二七款省市地方政府>-</二七款省市地方政府>
		<二八款災害準備金>-</二八款災害準備金>
		<二九款第二預備金>-</二九款第二預備金>
	</Row>
	<Row>
		<款>12</款>
		<科目名稱>國防支出</科目名稱>
		<合計>304316974</合計>
		<一款總統府主管>-</一款總統府主管>
		<二款行政院主管>-</二款行政院主管>
		<三款立法院主管>-</三款立法院主管>
		<四款司法院主管>-</四款司法院主管>
		<五款考試院主管>-</五款考試院主管>
		<六款監察院主管>-</六款監察院主管>
		<七款內政部主管>-</七款內政部主管>
		<八款外交部主管>-</八款外交部主管>
		<九款國防部主管>304316974</九款國防部主管>
		<十款財政部主管>-</十款財政部主管>
		<一一款教育部主管>-</一一款教育部主管>
		<一二款法務部主管>-</一二款法務部主管>
		<一三款經濟部主管>-</一三款經濟部主管>
		<一四款交通部主管>-</一四款交通部主管>
		<一五款蒙藏委員會主管>-</一五款蒙藏委員會主管>
		<一六款僑務委員會主管>-</一六款僑務委員會主管>
		<一七款國家科學委員會主管>-</一七款國家科學委員會主管>
		<一八款原子能委員會主管>-</一八款原子能委員會主管>
		<一九款農業委員會主管>-</一九款農業委員會主管>
		<二十款勞工委員會主管>-</二十款勞工委員會主管>
		<二一款衛生福利部主管>-</二一款衛生福利部主管>
		<二二款環境保護署主管>-</二二款環境保護署主管>
		<二三款文化部主管>-</二三款文化部主管>
		<二四款海岸巡防署主管>-</二四款海岸巡防署主管>
		<二五款金融監督管理委員會主管>-</二五款金融監督管理委員會主管>
		<二六款國軍退除役官兵輔導委員會主管>-</二六款國軍退除役官兵輔導委員會主管>
		<二七款省市地方政府>-</二七款省市地方政府>
		<二八款災害準備金>-</二八款災害準備金>
		<二九款第二預備金>-</二九款第二預備金>
	</Row>
	<Row>
		<款>13</款>
		<科目名稱>教育支出</科目名稱>
		<合計>241003275</合計>
		<一款總統府主管>-</一款總統府主管>
		<二款行政院主管>1398116</二款行政院主管>
		<三款立法院主管>-</三款立法院主管>
		<四款司法院主管>-</四款司法院主管>
		<五款考試院主管>-</五款考試院主管>
		<六款監察院主管>-</六款監察院主管>
		<七款內政部主管>-</七款內政部主管>
		<八款外交部主管>-</八款外交部主管>
		<九款國防部主管>-</九款國防部主管>
		<十款財政部主管>-</十款財政部主管>
		<一一款教育部主管>184366068</一一款教育部主管>
		<一二款法務部主管>-</一二款法務部主管>
		<一三款經濟部主管>-</一三款經濟部主管>
		<一四款交通部主管>-</一四款交通部主管>
		<一五款蒙藏委員會主管>-</一五款蒙藏委員會主管>
		<一六款僑務委員會主管>290441</一六款僑務委員會主管>
		<一七款國家科學委員會主管>773092</一七款國家科學委員會主管>
		<一八款原子能委員會主管>-</一八款原子能委員會主管>
		<一九款農業委員會主管>-</一九款農業委員會主管>
		<二十款勞工委員會主管>-</二十款勞工委員會主管>
		<二一款衛生福利部主管>67360</二一款衛生福利部主管>
		<二二款環境保護署主管>-</二二款環境保護署主管>
		<二三款文化部主管>-</二三款文化部主管>
		<二四款海岸巡防署主管>-</二四款海岸巡防署主管>
		<二五款金融監督管理委員會主管>-</二五款金融監督管理委員會主管>
		<二六款國軍退除役官兵輔導委員會主管>1112828</二六款國軍退除役官兵輔導委員會主管>
		<二七款省市地方政府>52995370</二七款省市地方政府>
		<二八款災害準備金>-</二八款災害準備金>
		<二九款第二預備金>-</二九款第二預備金>
	</Row>
	<Row>
		<款>14</款>
		<科目名稱>科學支出</科目名稱>
		<合計>100201763</合計>
		<一款總統府主管>15055366</一款總統府主管>
		<二款行政院主管>56169</二款行政院主管>
		<三款立法院主管>-</三款立法院主管>
		<四款司法院主管>-</四款司法院主管>
		<五款考試院主管>-</五款考試院主管>
		<六款監察院主管>-</六款監察院主管>
		<七款內政部主管>461058</七款內政部主管>
		<八款外交部主管>-</八款外交部主管>
		<九款國防部主管>2856031</九款國防部主管>
		<十款財政部主管>-</十款財政部主管>
		<一一款教育部主管>-</一一款教育部主管>
		<一二款法務部主管>75087</一二款法務部主管>
		<一三款經濟部主管>26347325</一三款經濟部主管>
		<一四款交通部主管>1256617</一四款交通部主管>
		<一五款蒙藏委員會主管>-</一五款蒙藏委員會主管>
		<一六款僑務委員會主管>-</一六款僑務委員會主管>
		<一七款國家科學委員會主管>43269736</一七款國家科學委員會主管>
		<一八款原子能委員會主管>2782034</一八款原子能委員會主管>
		<一九款農業委員會主管>3623582</一九款農業委員會主管>
		<二十款勞工委員會主管>316607</二十款勞工委員會主管>
		<二一款衛生福利部主管>4053243</二一款衛生福利部主管>
		<二二款環境保護署主管>48908</二二款環境保護署主管>
		<二三款文化部主管>-</二三款文化部主管>
		<二四款海岸巡防署主管>-</二四款海岸巡防署主管>
		<二五款金融監督管理委員會主管>-</二五款金融監督管理委員會主管>
		<二六款國軍退除役官兵輔導委員會主管>-</二六款國軍退除役官兵輔導委員會主管>
		<二七款省市地方政府>-</二七款省市地方政府>
		<二八款災害準備金>-</二八款災害準備金>
		<二九款第二預備金>-</二九款第二預備金>
	</Row>
	<Row>
		<款>15</款>
		<科目名稱>文化支出</科目名稱>
		<合計>27839482</合計>
		<一款總統府主管>325819</一款總統府主管>
		<二款行政院主管>5022245</二款行政院主管>
		<三款立法院主管>-</三款立法院主管>
		<四款司法院主管>-</四款司法院主管>
		<五款考試院主管>-</五款考試院主管>
		<六款監察院主管>-</六款監察院主管>
		<七款內政部主管>-</七款內政部主管>
		<八款外交部主管>-</八款外交部主管>
		<九款國防部主管>-</九款國防部主管>
		<十款財政部主管>-</十款財政部主管>
		<一一款教育部主管>6491742</一一款教育部主管>
		<一二款法務部主管>-</一二款法務部主管>
		<一三款經濟部主管>-</一三款經濟部主管>
		<一四款交通部主管>-</一四款交通部主管>
		<一五款蒙藏委員會主管>-</一五款蒙藏委員會主管>
		<一六款僑務委員會主管>-</一六款僑務委員會主管>
		<一七款國家科學委員會主管>-</一七款國家科學委員會主管>
		<一八款原子能委員會主管>-</一八款原子能委員會主管>
		<一九款農業委員會主管>-</一九款農業委員會主管>
		<二十款勞工委員會主管>-</二十款勞工委員會主管>
		<二一款衛生福利部主管>-</二一款衛生福利部主管>
		<二二款環境保護署主管>-</二二款環境保護署主管>
		<二三款文化部主管>15997228</二三款文化部主管>
		<二四款海岸巡防署主管>-</二四款海岸巡防署主管>
		<二五款金融監督管理委員會主管>-</二五款金融監督管理委員會主管>
		<二六款國軍退除役官兵輔導委員會主管>-</二六款國軍退除役官兵輔導委員會主管>
		<二七款省市地方政府>2448</二七款省市地方政府>
		<二八款災害準備金>-</二八款災害準備金>
		<二九款第二預備金>-</二九款第二預備金>
	</Row>
	<Row>
		<款>16</款>
		<科目名稱>農業支出</科目名稱>
		<合計>87678779</合計>
		<一款總統府主管>-</一款總統府主管>
		<二款行政院主管>-</二款行政院主管>
		<三款立法院主管>-</三款立法院主管>
		<四款司法院主管>-</四款司法院主管>
		<五款考試院主管>-</五款考試院主管>
		<六款監察院主管>-</六款監察院主管>
		<七款內政部主管>2214176</七款內政部主管>
		<八款外交部主管>-</八款外交部主管>
		<九款國防部主管>-</九款國防部主管>
		<十款財政部主管>-</十款財政部主管>
		<一一款教育部主管>-</一一款教育部主管>
		<一二款法務部主管>-</一二款法務部主管>
		<一三款經濟部主管>16889119</一三款經濟部主管>
		<一四款交通部主管>-</一四款交通部主管>
		<一五款蒙藏委員會主管>-</一五款蒙藏委員會主管>
		<一六款僑務委員會主管>-</一六款僑務委員會主管>
		<一七款國家科學委員會主管>-</一七款國家科學委員會主管>
		<一八款原子能委員會主管>-</一八款原子能委員會主管>
		<一九款農業委員會主管>68575484</一九款農業委員會主管>
		<二十款勞工委員會主管>-</二十款勞工委員會主管>
		<二一款衛生福利部主管>-</二一款衛生福利部主管>
		<二二款環境保護署主管>-</二二款環境保護署主管>
		<二三款文化部主管>-</二三款文化部主管>
		<二四款海岸巡防署主管>-</二四款海岸巡防署主管>
		<二五款金融監督管理委員會主管>-</二五款金融監督管理委員會主管>
		<二六款國軍退除役官兵輔導委員會主管>-</二六款國軍退除役官兵輔導委員會主管>
		<二七款省市地方政府>-</二七款省市地方政府>
		<二八款災害準備金>-</二八款災害準備金>
		<二九款第二預備金>-</二九款第二預備金>
	</Row>
	<Row>
		<款>17</款>
		<科目名稱>工業支出</科目名稱>
		<合計>5065494</合計>
		<一款總統府主管>-</一款總統府主管>
		<二款行政院主管>-</二款行政院主管>
		<三款立法院主管>-</三款立法院主管>
		<四款司法院主管>-</四款司法院主管>
		<五款考試院主管>-</五款考試院主管>
		<六款監察院主管>-</六款監察院主管>
		<七款內政部主管>3650027</七款內政部主管>
		<八款外交部主管>-</八款外交部主管>
		<九款國防部主管>-</九款國防部主管>
		<十款財政部主管>-</十款財政部主管>
		<一一款教育部主管>-</一一款教育部主管>
		<一二款法務部主管>-</一二款法務部主管>
		<一三款經濟部主管>1415467</一三款經濟部主管>
		<一四款交通部主管>-</一四款交通部主管>
		<一五款蒙藏委員會主管>-</一五款蒙藏委員會主管>
		<一六款僑務委員會主管>-</一六款僑務委員會主管>
		<一七款國家科學委員會主管>-</一七款國家科學委員會主管>
		<一八款原子能委員會主管>-</一八款原子能委員會主管>
		<一九款農業委員會主管>-</一九款農業委員會主管>
		<二十款勞工委員會主管>-</二十款勞工委員會主管>
		<二一款衛生福利部主管>-</二一款衛生福利部主管>
		<二二款環境保護署主管>-</二二款環境保護署主管>
		<二三款文化部主管>-</二三款文化部主管>
		<二四款海岸巡防署主管>-</二四款海岸巡防署主管>
		<二五款金融監督管理委員會主管>-</二五款金融監督管理委員會主管>
		<二六款國軍退除役官兵輔導委員會主管>-</二六款國軍退除役官兵輔導委員會主管>
		<二七款省市地方政府>-</二七款省市地方政府>
		<二八款災害準備金>-</二八款災害準備金>
		<二九款第二預備金>-</二九款第二預備金>
	</Row>
	<Row>
		<款>18</款>
		<科目名稱>交通支出</科目名稱>
		<合計>125052440</合計>
		<一款總統府主管>-</一款總統府主管>
		<二款行政院主管>602394</二款行政院主管>
		<三款立法院主管>-</三款立法院主管>
		<四款司法院主管>-</四款司法院主管>
		<五款考試院主管>-</五款考試院主管>
		<六款監察院主管>-</六款監察院主管>
		<七款內政部主管>7979505</七款內政部主管>
		<八款外交部主管>-</八款外交部主管>
		<九款國防部主管>-</九款國防部主管>
		<十款財政部主管>-</十款財政部主管>
		<一一款教育部主管>-</一一款教育部主管>
		<一二款法務部主管>-</一二款法務部主管>
		<一三款經濟部主管>-</一三款經濟部主管>
		<一四款交通部主管>103970541</一四款交通部主管>
		<一五款蒙藏委員會主管>-</一五款蒙藏委員會主管>
		<一六款僑務委員會主管>-</一六款僑務委員會主管>
		<一七款國家科學委員會主管>-</一七款國家科學委員會主管>
		<一八款原子能委員會主管>-</一八款原子能委員會主管>
		<一九款農業委員會主管>-</一九款農業委員會主管>
		<二十款勞工委員會主管>-</二十款勞工委員會主管>
		<二一款衛生福利部主管>-</二一款衛生福利部主管>
		<二二款環境保護署主管>-</二二款環境保護署主管>
		<二三款文化部主管>-</二三款文化部主管>
		<二四款海岸巡防署主管>-</二四款海岸巡防署主管>
		<二五款金融監督管理委員會主管>-</二五款金融監督管理委員會主管>
		<二六款國軍退除役官兵輔導委員會主管>-</二六款國軍退除役官兵輔導委員會主管>
		<二七款省市地方政府>12500000</二七款省市地方政府>
		<二八款災害準備金>-</二八款災害準備金>
		<二九款第二預備金>-</二九款第二預備金>
	</Row>
	<Row>
		<款>19</款>
		<科目名稱>其他經濟服務支出</科目名稱>
		<合計>51825795</合計>
		<一款總統府主管>-</一款總統府主管>
		<二款行政院主管>3374377</二款行政院主管>
		<三款立法院主管>-</三款立法院主管>
		<四款司法院主管>-</四款司法院主管>
		<五款考試院主管>-</五款考試院主管>
		<六款監察院主管>-</六款監察院主管>
		<七款內政部主管>-</七款內政部主管>
		<八款外交部主管>-</八款外交部主管>
		<九款國防部主管>-</九款國防部主管>
		<十款財政部主管>7552728</十款財政部主管>
		<一一款教育部主管>-</一一款教育部主管>
		<一二款法務部主管>-</一二款法務部主管>
		<一三款經濟部主管>12616212</一三款經濟部主管>
		<一四款交通部主管>4782478</一四款交通部主管>
		<一五款蒙藏委員會主管>-</一五款蒙藏委員會主管>
		<一六款僑務委員會主管>-</一六款僑務委員會主管>
		<一七款國家科學委員會主管>-</一七款國家科學委員會主管>
		<一八款原子能委員會主管>-</一八款原子能委員會主管>
		<一九款農業委員會主管>-</一九款農業委員會主管>
		<二十款勞工委員會主管>-</二十款勞工委員會主管>
		<二一款衛生福利部主管>-</二一款衛生福利部主管>
		<二二款環境保護署主管>-</二二款環境保護署主管>
		<二三款文化部主管>-</二三款文化部主管>
		<二四款海岸巡防署主管>-</二四款海岸巡防署主管>
		<二五款金融監督管理委員會主管>-</二五款金融監督管理委員會主管>
		<二六款國軍退除役官兵輔導委員會主管>-</二六款國軍退除役官兵輔導委員會主管>
		<二七款省市地方政府>23500000</二七款省市地方政府>
		<二八款災害準備金>-</二八款災害準備金>
		<二九款第二預備金>-</二九款第二預備金>
	</Row>
	<Row>
		<款>20</款>
		<科目名稱>社會保險支出</科目名稱>
		<合計>278088870</合計>
		<一款總統府主管>-</一款總統府主管>
		<二款行政院主管>-</二款行政院主管>
		<三款立法院主管>-</三款立法院主管>
		<四款司法院主管>-</四款司法院主管>
		<五款考試院主管>215187</五款考試院主管>
		<六款監察院主管>-</六款監察院主管>
		<七款內政部主管>26523679</七款內政部主管>
		<八款外交部主管>-</八款外交部主管>
		<九款國防部主管>-</九款國防部主管>
		<十款財政部主管>18385135</十款財政部主管>
		<一一款教育部主管>-</一一款教育部主管>
		<一二款法務部主管>-</一二款法務部主管>
		<一三款經濟部主管>-</一三款經濟部主管>
		<一四款交通部主管>-</一四款交通部主管>
		<一五款蒙藏委員會主管>-</一五款蒙藏委員會主管>
		<一六款僑務委員會主管>-</一六款僑務委員會主管>
		<一七款國家科學委員會主管>-</一七款國家科學委員會主管>
		<一八款原子能委員會主管>-</一八款原子能委員會主管>
		<一九款農業委員會主管>-</一九款農業委員會主管>
		<二十款勞工委員會主管>123810993</二十款勞工委員會主管>
		<二一款衛生福利部主管>97757170</二一款衛生福利部主管>
		<二二款環境保護署主管>-</二二款環境保護署主管>
		<二三款文化部主管>-</二三款文化部主管>
		<二四款海岸巡防署主管>-</二四款海岸巡防署主管>
		<二五款金融監督管理委員會主管>-</二五款金融監督管理委員會主管>
		<二六款國軍退除役官兵輔導委員會主管>10479932</二六款國軍退除役官兵輔導委員會主管>
		<二七款省市地方政府>916774</二七款省市地方政府>
		<二八款災害準備金>-</二八款災害準備金>
		<二九款第二預備金>-</二九款第二預備金>
	</Row>
	<Row>
		<款>21</款>
		<科目名稱>社會救助支出</科目名稱>
		<合計>10025764</合計>
		<一款總統府主管>-</一款總統府主管>
		<二款行政院主管>2520948</二款行政院主管>
		<三款立法院主管>-</三款立法院主管>
		<四款司法院主管>-</四款司法院主管>
		<五款考試院主管>-</五款考試院主管>
		<六款監察院主管>-</六款監察院主管>
		<七款內政部主管>-</七款內政部主管>
		<八款外交部主管>-</八款外交部主管>
		<九款國防部主管>-</九款國防部主管>
		<十款財政部主管>-</十款財政部主管>
		<一一款教育部主管>-</一一款教育部主管>
		<一二款法務部主管>-</一二款法務部主管>
		<一三款經濟部主管>-</一三款經濟部主管>
		<一四款交通部主管>-</一四款交通部主管>
		<一五款蒙藏委員會主管>-</一五款蒙藏委員會主管>
		<一六款僑務委員會主管>-</一六款僑務委員會主管>
		<一七款國家科學委員會主管>-</一七款國家科學委員會主管>
		<一八款原子能委員會主管>-</一八款原子能委員會主管>
		<一九款農業委員會主管>-</一九款農業委員會主管>
		<二十款勞工委員會主管>-</二十款勞工委員會主管>
		<二一款衛生福利部主管>1591668</二一款衛生福利部主管>
		<二二款環境保護署主管>-</二二款環境保護署主管>
		<二三款文化部主管>-</二三款文化部主管>
		<二四款海岸巡防署主管>-</二四款海岸巡防署主管>
		<二五款金融監督管理委員會主管>-</二五款金融監督管理委員會主管>
		<二六款國軍退除役官兵輔導委員會主管>684252</二六款國軍退除役官兵輔導委員會主管>
		<二七款省市地方政府>5228896</二七款省市地方政府>
		<二八款災害準備金>-</二八款災害準備金>
		<二九款第二預備金>-</二九款第二預備金>
	</Row>
	<Row>
		<款>22</款>
		<科目名稱>福利服務支出</科目名稱>
		<合計>114454673</合計>
		<一款總統府主管>-</一款總統府主管>
		<二款行政院主管>-</二款行政院主管>
		<三款立法院主管>-</三款立法院主管>
		<四款司法院主管>946867</四款司法院主管>
		<五款考試院主管>21451</五款考試院主管>
		<六款監察院主管>-</六款監察院主管>
		<七款內政部主管>33052</七款內政部主管>
		<八款外交部主管>-</八款外交部主管>
		<九款國防部主管>-</九款國防部主管>
		<十款財政部主管>-</十款財政部主管>
		<一一款教育部主管>-</一一款教育部主管>
		<一二款法務部主管>-</一二款法務部主管>
		<一三款經濟部主管>4938</一三款經濟部主管>
		<一四款交通部主管>-</一四款交通部主管>
		<一五款蒙藏委員會主管>-</一五款蒙藏委員會主管>
		<一六款僑務委員會主管>-</一六款僑務委員會主管>
		<一七款國家科學委員會主管>-</一七款國家科學委員會主管>
		<一八款原子能委員會主管>-</一八款原子能委員會主管>
		<一九款農業委員會主管>49447450</一九款農業委員會主管>
		<二十款勞工委員會主管>2182753</二十款勞工委員會主管>
		<二一款衛生福利部主管>17418220</二一款衛生福利部主管>
		<二二款環境保護署主管>-</二二款環境保護署主管>
		<二三款文化部主管>-</二三款文化部主管>
		<二四款海岸巡防署主管>-</二四款海岸巡防署主管>
		<二五款金融監督管理委員會主管>-</二五款金融監督管理委員會主管>
		<二六款國軍退除役官兵輔導委員會主管>16810879</二六款國軍退除役官兵輔導委員會主管>
		<二七款省市地方政府>27589063</二七款省市地方政府>
		<二八款災害準備金>-</二八款災害準備金>
		<二九款第二預備金>-</二九款第二預備金>
	</Row>
	<Row>
		<款>23</款>
		<科目名稱>國民就業支出</科目名稱>
		<合計>1773076</合計>
		<一款總統府主管>-</一款總統府主管>
		<二款行政院主管>-</二款行政院主管>
		<三款立法院主管>-</三款立法院主管>
		<四款司法院主管>-</四款司法院主管>
		<五款考試院主管>-</五款考試院主管>
		<六款監察院主管>-</六款監察院主管>
		<七款內政部主管>-</七款內政部主管>
		<八款外交部主管>-</八款外交部主管>
		<九款國防部主管>-</九款國防部主管>
		<十款財政部主管>-</十款財政部主管>
		<一一款教育部主管>-</一一款教育部主管>
		<一二款法務部主管>-</一二款法務部主管>
		<一三款經濟部主管>-</一三款經濟部主管>
		<一四款交通部主管>-</一四款交通部主管>
		<一五款蒙藏委員會主管>-</一五款蒙藏委員會主管>
		<一六款僑務委員會主管>-</一六款僑務委員會主管>
		<一七款國家科學委員會主管>-</一七款國家科學委員會主管>
		<一八款原子能委員會主管>-</一八款原子能委員會主管>
		<一九款農業委員會主管>-</一九款農業委員會主管>
		<二十款勞工委員會主管>1773076</二十款勞工委員會主管>
		<二一款衛生福利部主管>-</二一款衛生福利部主管>
		<二二款環境保護署主管>-</二二款環境保護署主管>
		<二三款文化部主管>-</二三款文化部主管>
		<二四款海岸巡防署主管>-</二四款海岸巡防署主管>
		<二五款金融監督管理委員會主管>-</二五款金融監督管理委員會主管>
		<二六款國軍退除役官兵輔導委員會主管>-</二六款國軍退除役官兵輔導委員會主管>
		<二七款省市地方政府>-</二七款省市地方政府>
		<二八款災害準備金>-</二八款災害準備金>
		<二九款第二預備金>-</二九款第二預備金>
	</Row>
	<Row>
		<款>24</款>
		<科目名稱>醫療保健支出</科目名稱>
		<合計>19296178</合計>
		<一款總統府主管>-</一款總統府主管>
		<二款行政院主管>-</二款行政院主管>
		<三款立法院主管>-</三款立法院主管>
		<四款司法院主管>-</四款司法院主管>
		<五款考試院主管>-</五款考試院主管>
		<六款監察院主管>-</六款監察院主管>
		<七款內政部主管>-</七款內政部主管>
		<八款外交部主管>-</八款外交部主管>
		<九款國防部主管>-</九款國防部主管>
		<十款財政部主管>-</十款財政部主管>
		<一一款教育部主管>-</一一款教育部主管>
		<一二款法務部主管>-</一二款法務部主管>
		<一三款經濟部主管>-</一三款經濟部主管>
		<一四款交通部主管>-</一四款交通部主管>
		<一五款蒙藏委員會主管>-</一五款蒙藏委員會主管>
		<一六款僑務委員會主管>-</一六款僑務委員會主管>
		<一七款國家科學委員會主管>-</一七款國家科學委員會主管>
		<一八款原子能委員會主管>-</一八款原子能委員會主管>
		<一九款農業委員會主管>-</一九款農業委員會主管>
		<二十款勞工委員會主管>-</二十款勞工委員會主管>
		<二一款衛生福利部主管>19296178</二一款衛生福利部主管>
		<二二款環境保護署主管>-</二二款環境保護署主管>
		<二三款文化部主管>-</二三款文化部主管>
		<二四款海岸巡防署主管>-</二四款海岸巡防署主管>
		<二五款金融監督管理委員會主管>-</二五款金融監督管理委員會主管>
		<二六款國軍退除役官兵輔導委員會主管>-</二六款國軍退除役官兵輔導委員會主管>
		<二七款省市地方政府>-</二七款省市地方政府>
		<二八款災害準備金>-</二八款災害準備金>
		<二九款第二預備金>-</二九款第二預備金>
	</Row>
	<Row>
		<款>25</款>
		<科目名稱>環境保護支出</科目名稱>
		<合計>16800956</合計>
		<一款總統府主管>-</一款總統府主管>
		<二款行政院主管>-</二款行政院主管>
		<三款立法院主管>-</三款立法院主管>
		<四款司法院主管>-</四款司法院主管>
		<五款考試院主管>-</五款考試院主管>
		<六款監察院主管>-</六款監察院主管>
		<七款內政部主管>11376172</七款內政部主管>
		<八款外交部主管>-</八款外交部主管>
		<九款國防部主管>809631</九款國防部主管>
		<十款財政部主管>-</十款財政部主管>
		<一一款教育部主管>-</一一款教育部主管>
		<一二款法務部主管>-</一二款法務部主管>
		<一三款經濟部主管>-</一三款經濟部主管>
		<一四款交通部主管>-</一四款交通部主管>
		<一五款蒙藏委員會主管>-</一五款蒙藏委員會主管>
		<一六款僑務委員會主管>-</一六款僑務委員會主管>
		<一七款國家科學委員會主管>-</一七款國家科學委員會主管>
		<一八款原子能委員會主管>153049</一八款原子能委員會主管>
		<一九款農業委員會主管>-</一九款農業委員會主管>
		<二十款勞工委員會主管>-</二十款勞工委員會主管>
		<二一款衛生福利部主管>-</二一款衛生福利部主管>
		<二二款環境保護署主管>4462104</二二款環境保護署主管>
		<二三款文化部主管>-</二三款文化部主管>
		<二四款海岸巡防署主管>-</二四款海岸巡防署主管>
		<二五款金融監督管理委員會主管>-</二五款金融監督管理委員會主管>
		<二六款國軍退除役官兵輔導委員會主管>-</二六款國軍退除役官兵輔導委員會主管>
		<二七款省市地方政府>-</二七款省市地方政府>
		<二八款災害準備金>-</二八款災害準備金>
		<二九款第二預備金>-</二九款第二預備金>
	</Row>
	<Row>
		<款>26</款>
		<科目名稱>退休撫卹給付支出</科目名稱>
		<合計>137840680</合計>
		<一款總統府主管>-</一款總統府主管>
		<二款行政院主管>49789</二款行政院主管>
		<三款立法院主管>-</三款立法院主管>
		<四款司法院主管>177868</四款司法院主管>
		<五款考試院主管>24219037</五款考試院主管>
		<六款監察院主管>-</六款監察院主管>
		<七款內政部主管>-</七款內政部主管>
		<八款外交部主管>-</八款外交部主管>
		<九款國防部主管>1345000</九款國防部主管>
		<十款財政部主管>-</十款財政部主管>
		<一一款教育部主管>15925217</一一款教育部主管>
		<一二款法務部主管>45000</一二款法務部主管>
		<一三款經濟部主管>6213</一三款經濟部主管>
		<一四款交通部主管>-</一四款交通部主管>
		<一五款蒙藏委員會主管>-</一五款蒙藏委員會主管>
		<一六款僑務委員會主管>-</一六款僑務委員會主管>
		<一七款國家科學委員會主管>-</一七款國家科學委員會主管>
		<一八款原子能委員會主管>-</一八款原子能委員會主管>
		<一九款農業委員會主管>-</一九款農業委員會主管>
		<二十款勞工委員會主管>-</二十款勞工委員會主管>
		<二一款衛生福利部主管>-</二一款衛生福利部主管>
		<二二款環境保護署主管>-</二二款環境保護署主管>
		<二三款文化部主管>-</二三款文化部主管>
		<二四款海岸巡防署主管>-</二四款海岸巡防署主管>
		<二五款金融監督管理委員會主管>-</二五款金融監督管理委員會主管>
		<二六款國軍退除役官兵輔導委員會主管>96072556</二六款國軍退除役官兵輔導委員會主管>
		<二七款省市地方政府>-</二七款省市地方政府>
		<二八款災害準備金>-</二八款災害準備金>
		<二九款第二預備金>-</二九款第二預備金>
	</Row>
	<Row>
		<款>27</款>
		<科目名稱>退休撫卹業務支出</科目名稱>
		<合計>211689</合計>
		<一款總統府主管>-</一款總統府主管>
		<二款行政院主管>-</二款行政院主管>
		<三款立法院主管>-</三款立法院主管>
		<四款司法院主管>-</四款司法院主管>
		<五款考試院主管>178800</五款考試院主管>
		<六款監察院主管>-</六款監察院主管>
		<七款內政部主管>-</七款內政部主管>
		<八款外交部主管>-</八款外交部主管>
		<九款國防部主管>-</九款國防部主管>
		<十款財政部主管>-</十款財政部主管>
		<一一款教育部主管>-</一一款教育部主管>
		<一二款法務部主管>-</一二款法務部主管>
		<一三款經濟部主管>-</一三款經濟部主管>
		<一四款交通部主管>-</一四款交通部主管>
		<一五款蒙藏委員會主管>-</一五款蒙藏委員會主管>
		<一六款僑務委員會主管>-</一六款僑務委員會主管>
		<一七款國家科學委員會主管>-</一七款國家科學委員會主管>
		<一八款原子能委員會主管>-</一八款原子能委員會主管>
		<一九款農業委員會主管>-</一九款農業委員會主管>
		<二十款勞工委員會主管>-</二十款勞工委員會主管>
		<二一款衛生福利部主管>-</二一款衛生福利部主管>
		<二二款環境保護署主管>-</二二款環境保護署主管>
		<二三款文化部主管>-</二三款文化部主管>
		<二四款海岸巡防署主管>-</二四款海岸巡防署主管>
		<二五款金融監督管理委員會主管>-</二五款金融監督管理委員會主管>
		<二六款國軍退除役官兵輔導委員會主管>32889</二六款國軍退除役官兵輔導委員會主管>
		<二七款省市地方政府>-</二七款省市地方政府>
		<二八款災害準備金>-</二八款災害準備金>
		<二九款第二預備金>-</二九款第二預備金>
	</Row>
	<Row>
		<款>28</款>
		<科目名稱>債務付息支出</科目名稱>
		<合計>126965620</合計>
		<一款總統府主管>-</一款總統府主管>
		<二款行政院主管>-</二款行政院主管>
		<三款立法院主管>-</三款立法院主管>
		<四款司法院主管>-</四款司法院主管>
		<五款考試院主管>-</五款考試院主管>
		<六款監察院主管>-</六款監察院主管>
		<七款內政部主管>-</七款內政部主管>
		<八款外交部主管>-</八款外交部主管>
		<九款國防部主管>-</九款國防部主管>
		<十款財政部主管>126965620</十款財政部主管>
		<一一款教育部主管>-</一一款教育部主管>
		<一二款法務部主管>-</一二款法務部主管>
		<一三款經濟部主管>-</一三款經濟部主管>
		<一四款交通部主管>-</一四款交通部主管>
		<一五款蒙藏委員會主管>-</一五款蒙藏委員會主管>
		<一六款僑務委員會主管>-</一六款僑務委員會主管>
		<一七款國家科學委員會主管>-</一七款國家科學委員會主管>
		<一八款原子能委員會主管>-</一八款原子能委員會主管>
		<一九款農業委員會主管>-</一九款農業委員會主管>
		<二十款勞工委員會主管>-</二十款勞工委員會主管>
		<二一款衛生福利部主管>-</二一款衛生福利部主管>
		<二二款環境保護署主管>-</二二款環境保護署主管>
		<二三款文化部主管>-</二三款文化部主管>
		<二四款海岸巡防署主管>-</二四款海岸巡防署主管>
		<二五款金融監督管理委員會主管>-</二五款金融監督管理委員會主管>
		<二六款國軍退除役官兵輔導委員會主管>-</二六款國軍退除役官兵輔導委員會主管>
		<二七款省市地方政府>-</二七款省市地方政府>
		<二八款災害準備金>-</二八款災害準備金>
		<二九款第二預備金>-</二九款第二預備金>
	</Row>
	<Row>
		<款>29</款>
		<科目名稱>還本付息事務支出</科目名稱>
		<合計>572000</合計>
		<一款總統府主管>-</一款總統府主管>
		<二款行政院主管>-</二款行政院主管>
		<三款立法院主管>-</三款立法院主管>
		<四款司法院主管>-</四款司法院主管>
		<五款考試院主管>-</五款考試院主管>
		<六款監察院主管>-</六款監察院主管>
		<七款內政部主管>-</七款內政部主管>
		<八款外交部主管>-</八款外交部主管>
		<九款國防部主管>-</九款國防部主管>
		<十款財政部主管>572000</十款財政部主管>
		<一一款教育部主管>-</一一款教育部主管>
		<一二款法務部主管>-</一二款法務部主管>
		<一三款經濟部主管>-</一三款經濟部主管>
		<一四款交通部主管>-</一四款交通部主管>
		<一五款蒙藏委員會主管>-</一五款蒙藏委員會主管>
		<一六款僑務委員會主管>-</一六款僑務委員會主管>
		<一七款國家科學委員會主管>-</一七款國家科學委員會主管>
		<一八款原子能委員會主管>-</一八款原子能委員會主管>
		<一九款農業委員會主管>-</一九款農業委員會主管>
		<二十款勞工委員會主管>-</二十款勞工委員會主管>
		<二一款衛生福利部主管>-</二一款衛生福利部主管>
		<二二款環境保護署主管>-</二二款環境保護署主管>
		<二三款文化部主管>-</二三款文化部主管>
		<二四款海岸巡防署主管>-</二四款海岸巡防署主管>
		<二五款金融監督管理委員會主管>-</二五款金融監督管理委員會主管>
		<二六款國軍退除役官兵輔導委員會主管>-</二六款國軍退除役官兵輔導委員會主管>
		<二七款省市地方政府>-</二七款省市地方政府>
		<二八款災害準備金>-</二八款災害準備金>
		<二九款第二預備金>-</二九款第二預備金>
	</Row>
	<Row>
		<款>30</款>
		<科目名稱>專案補助支出</科目名稱>
		<合計>53322824</合計>
		<一款總統府主管>-</一款總統府主管>
		<二款行政院主管>-</二款行政院主管>
		<三款立法院主管>-</三款立法院主管>
		<四款司法院主管>-</四款司法院主管>
		<五款考試院主管>-</五款考試院主管>
		<六款監察院主管>-</六款監察院主管>
		<七款內政部主管>-</七款內政部主管>
		<八款外交部主管>-</八款外交部主管>
		<九款國防部主管>-</九款國防部主管>
		<十款財政部主管>13858615</十款財政部主管>
		<一一款教育部主管>-</一一款教育部主管>
		<一二款法務部主管>-</一二款法務部主管>
		<一三款經濟部主管>-</一三款經濟部主管>
		<一四款交通部主管>-</一四款交通部主管>
		<一五款蒙藏委員會主管>-</一五款蒙藏委員會主管>
		<一六款僑務委員會主管>-</一六款僑務委員會主管>
		<一七款國家科學委員會主管>-</一七款國家科學委員會主管>
		<一八款原子能委員會主管>-</一八款原子能委員會主管>
		<一九款農業委員會主管>-</一九款農業委員會主管>
		<二十款勞工委員會主管>-</二十款勞工委員會主管>
		<二一款衛生福利部主管>-</二一款衛生福利部主管>
		<二二款環境保護署主管>-</二二款環境保護署主管>
		<二三款文化部主管>-</二三款文化部主管>
		<二四款海岸巡防署主管>-</二四款海岸巡防署主管>
		<二五款金融監督管理委員會主管>-</二五款金融監督管理委員會主管>
		<二六款國軍退除役官兵輔導委員會主管>-</二六款國軍退除役官兵輔導委員會主管>
		<二七款省市地方政府>39464209</二七款省市地方政府>
		<二八款災害準備金>-</二八款災害準備金>
		<二九款第二預備金>-</二九款第二預備金>
	</Row>
	<Row>
		<款>31</款>
		<科目名稱>平衡預算補助支出</科目名稱>
		<合計>22001943</合計>
		<一款總統府主管>-</一款總統府主管>
		<二款行政院主管>-</二款行政院主管>
		<三款立法院主管>-</三款立法院主管>
		<四款司法院主管>-</四款司法院主管>
		<五款考試院主管>-</五款考試院主管>
		<六款監察院主管>-</六款監察院主管>
		<七款內政部主管>-</七款內政部主管>
		<八款外交部主管>-</八款外交部主管>
		<九款國防部主管>-</九款國防部主管>
		<十款財政部主管>-</十款財政部主管>
		<一一款教育部主管>-</一一款教育部主管>
		<一二款法務部主管>-</一二款法務部主管>
		<一三款經濟部主管>-</一三款經濟部主管>
		<一四款交通部主管>-</一四款交通部主管>
		<一五款蒙藏委員會主管>-</一五款蒙藏委員會主管>
		<一六款僑務委員會主管>-</一六款僑務委員會主管>
		<一七款國家科學委員會主管>-</一七款國家科學委員會主管>
		<一八款原子能委員會主管>-</一八款原子能委員會主管>
		<一九款農業委員會主管>-</一九款農業委員會主管>
		<二十款勞工委員會主管>-</二十款勞工委員會主管>
		<二一款衛生福利部主管>-</二一款衛生福利部主管>
		<二二款環境保護署主管>-</二二款環境保護署主管>
		<二三款文化部主管>-</二三款文化部主管>
		<二四款海岸巡防署主管>-</二四款海岸巡防署主管>
		<二五款金融監督管理委員會主管>-</二五款金融監督管理委員會主管>
		<二六款國軍退除役官兵輔導委員會主管>-</二六款國軍退除役官兵輔導委員會主管>
		<二七款省市地方政府>22001943</二七款省市地方政府>
		<二八款災害準備金>-</二八款災害準備金>
		<二九款第二預備金>-</二九款第二預備金>
	</Row>
	<Row>
		<款>32</款>
		<科目名稱>其他支出</科目名稱>
		<合計>5792607</合計>
		<一款總統府主管>-</一款總統府主管>
		<二款行政院主管>1970000</二款行政院主管>
		<三款立法院主管>-</三款立法院主管>
		<四款司法院主管>-</四款司法院主管>
		<五款考試院主管>-</五款考試院主管>
		<六款監察院主管>-</六款監察院主管>
		<七款內政部主管>-</七款內政部主管>
		<八款外交部主管>-</八款外交部主管>
		<九款國防部主管>1772000</九款國防部主管>
		<十款財政部主管>-</十款財政部主管>
		<一一款教育部主管>-</一一款教育部主管>
		<一二款法務部主管>50607</一二款法務部主管>
		<一三款經濟部主管>-</一三款經濟部主管>
		<一四款交通部主管>-</一四款交通部主管>
		<一五款蒙藏委員會主管>-</一五款蒙藏委員會主管>
		<一六款僑務委員會主管>-</一六款僑務委員會主管>
		<一七款國家科學委員會主管>-</一七款國家科學委員會主管>
		<一八款原子能委員會主管>-</一八款原子能委員會主管>
		<一九款農業委員會主管>-</一九款農業委員會主管>
		<二十款勞工委員會主管>-</二十款勞工委員會主管>
		<二一款衛生福利部主管>-</二一款衛生福利部主管>
		<二二款環境保護署主管>-</二二款環境保護署主管>
		<二三款文化部主管>-</二三款文化部主管>
		<二四款海岸巡防署主管>-</二四款海岸巡防署主管>
		<二五款金融監督管理委員會主管>-</二五款金融監督管理委員會主管>
		<二六款國軍退除役官兵輔導委員會主管>-</二六款國軍退除役官兵輔導委員會主管>
		<二七款省市地方政府>-</二七款省市地方政府>
		<二八款災害準備金>2000000</二八款災害準備金>
		<二九款第二預備金>-</二九款第二預備金>
	</Row>
	<Row>
		<款>33</款>
		<科目名稱>第二預備金</科目名稱>
		<合計>7500000</合計>
		<一款總統府主管>-</一款總統府主管>
		<二款行政院主管>-</二款行政院主管>
		<三款立法院主管>-</三款立法院主管>
		<四款司法院主管>-</四款司法院主管>
		<五款考試院主管>-</五款考試院主管>
		<六款監察院主管>-</六款監察院主管>
		<七款內政部主管>-</七款內政部主管>
		<八款外交部主管>-</八款外交部主管>
		<九款國防部主管>-</九款國防部主管>
		<十款財政部主管>-</十款財政部主管>
		<一一款教育部主管>-</一一款教育部主管>
		<一二款法務部主管>-</一二款法務部主管>
		<一三款經濟部主管>-</一三款經濟部主管>
		<一四款交通部主管>-</一四款交通部主管>
		<一五款蒙藏委員會主管>-</一五款蒙藏委員會主管>
		<一六款僑務委員會主管>-</一六款僑務委員會主管>
		<一七款國家科學委員會主管>-</一七款國家科學委員會主管>
		<一八款原子能委員會主管>-</一八款原子能委員會主管>
		<一九款農業委員會主管>-</一九款農業委員會主管>
		<二十款勞工委員會主管>-</二十款勞工委員會主管>
		<二一款衛生福利部主管>-</二一款衛生福利部主管>
		<二二款環境保護署主管>-</二二款環境保護署主管>
		<二三款文化部主管>-</二三款文化部主管>
		<二四款海岸巡防署主管>-</二四款海岸巡防署主管>
		<二五款金融監督管理委員會主管>-</二五款金融監督管理委員會主管>
		<二六款國軍退除役官兵輔導委員會主管>-</二六款國軍退除役官兵輔導委員會主管>
		<二七款省市地方政府>-</二七款省市地方政府>
		<二八款災害準備金>-</二八款災害準備金>
		<二九款第二預備金>7500000</二九款第二預備金>
	</Row>
</Root>