<?xml version="1.0" encoding="UTF-8"?>
<GenericData>
　　<Header>
　　　　<Table Id="FNWBWORKR" Name="損益預計表" Domain="PBA" />
　　　　<Program Id="PBABR050_A" />
　　　　<Sender Name="中央造幣廠" />
　　　　<報表名稱>損益預計表</報表名稱>
　　　　<年度>106</年度>
　　　　<基金>中央造幣廠</基金>
　　　　<階段>預算案</階段>
　　　　<版本>1</版本>
　　　　<單位>新臺幣千元</單位>
　　</Header>
　　<DataSet>
　　　　<ROW>
　　　　　　<SEQNO>1</SEQNO>
　　　　　　<LEVEL>02</LEVEL>
　　　　　　<BOLD>1</BOLD>
　　　　　　<前年度決算數-金額>2138847</前年度決算數-金額>
　　　　　　<前年度決算數-百分比>100.00</前年度決算數-百分比>
　　　　　　<科目名稱>營業收入</科目名稱>
　　　　　　<科目編號>41</科目編號>
　　　　　　<本年度預算數-金額>1767225</本年度預算數-金額>
　　　　　　<本年度預算數-百分比>100.00</本年度預算數-百分比>
　　　　　　<上年度預算數-金額>1762325</上年度預算數-金額>
　　　　　　<上年度預算數-百分比>100.00</上年度預算數-百分比>
　　　　　　<比較增減-金額>4900</比較增減-金額>
　　　　　　<比較增減-百分比>0.28</比較增減-百分比>
　　　　</ROW>
　　　　<ROW>
　　　　　　<SEQNO>2</SEQNO>
　　　　　　<LEVEL>03</LEVEL>
　　　　　　<BOLD>1</BOLD>
　　　　　　<前年度決算數-金額>2100533</前年度決算數-金額>
　　　　　　<前年度決算數-百分比>98.21</前年度決算數-百分比>
　　　　　　<科目名稱>銷售收入</科目名稱>
　　　　　　<科目編號>4101</科目編號>
　　　　　　<本年度預算數-金額>1767225</本年度預算數-金額>
　　　　　　<本年度預算數-百分比>100.00</本年度預算數-百分比>
　　　　　　<上年度預算數-金額>1762325</上年度預算數-金額>
　　　　　　<上年度預算數-百分比>100.00</上年度預算數-百分比>
　　　　　　<比較增減-金額>4900</比較增減-金額>
　　　　　　<比較增減-百分比>0.28</比較增減-百分比>
　　　　</ROW>
　　　　<ROW>
　　　　　　<SEQNO>3</SEQNO>
　　　　　　<LEVEL>04</LEVEL>
　　　　　　<BOLD>0</BOLD>
　　　　　　<前年度決算數-金額>2100533</前年度決算數-金額>
　　　　　　<前年度決算數-百分比>98.21</前年度決算數-百分比>
　　　　　　<科目名稱>銷貨收入</科目名稱>
　　　　　　<科目編號>410101</科目編號>
　　　　　　<本年度預算數-金額>1767225</本年度預算數-金額>
　　　　　　<本年度預算數-百分比>100.00</本年度預算數-百分比>
　　　　　　<上年度預算數-金額>1762325</上年度預算數-金額>
　　　　　　<上年度預算數-百分比>100.00</上年度預算數-百分比>
　　　　　　<比較增減-金額>4900</比較增減-金額>
　　　　　　<比較增減-百分比>0.28</比較增減-百分比>
　　　　</ROW>
　　　　<ROW>
　　　　　　<SEQNO>4</SEQNO>
　　　　　　<LEVEL>03</LEVEL>
　　　　　　<BOLD>1</BOLD>
　　　　　　<前年度決算數-金額>38313</前年度決算數-金額>
　　　　　　<前年度決算數-百分比>1.79</前年度決算數-百分比>
　　　　　　<科目名稱>勞務收入</科目名稱>
　　　　　　<科目編號>4102</科目編號>
　　　　　　<本年度預算數-金額>0</本年度預算數-金額>
　　　　　　<本年度預算數-百分比>0</本年度預算數-百分比>
　　　　　　<上年度預算數-金額>0</上年度預算數-金額>
　　　　　　<上年度預算數-百分比>0</上年度預算數-百分比>
　　　　　　<比較增減-金額>0</比較增減-金額>
　　　　　　<比較增減-百分比>0</比較增減-百分比>
　　　　</ROW>
　　　　<ROW>
　　　　　　<SEQNO>5</SEQNO>
　　　　　　<LEVEL>04</LEVEL>
　　　　　　<BOLD>0</BOLD>
　　　　　　<前年度決算數-金額>38313</前年度決算數-金額>
　　　　　　<前年度決算數-百分比>1.79</前年度決算數-百分比>
　　　　　　<科目名稱>加工收入</科目名稱>
　　　　　　<科目編號>410202</科目編號>
　　　　　　<本年度預算數-金額>0</本年度預算數-金額>
　　　　　　<本年度預算數-百分比>0</本年度預算數-百分比>
　　　　　　<上年度預算數-金額>0</上年度預算數-金額>
　　　　　　<上年度預算數-百分比>0</上年度預算數-百分比>
　　　　　　<比較增減-金額>0</比較增減-金額>
　　　　　　<比較增減-百分比>0</比較增減-百分比>
　　　　</ROW>
　　　　<ROW>
　　　　　　<SEQNO>6</SEQNO>
　　　　　　<LEVEL>02</LEVEL>
　　　　　　<BOLD>1</BOLD>
　　　　　　<前年度決算數-金額>1896658</前年度決算數-金額>
　　　　　　<前年度決算數-百分比>88.68</前年度決算數-百分比>
　　　　　　<科目名稱>營業成本</科目名稱>
　　　　　　<科目編號>51</科目編號>
　　　　　　<本年度預算數-金額>1539962</本年度預算數-金額>
　　　　　　<本年度預算數-百分比>87.14</本年度預算數-百分比>
　　　　　　<上年度預算數-金額>1535906</上年度預算數-金額>
　　　　　　<上年度預算數-百分比>87.15</上年度預算數-百分比>
　　　　　　<比較增減-金額>4056</比較增減-金額>
　　　　　　<比較增減-百分比>0.26</比較增減-百分比>
　　　　</ROW>
　　　　<ROW>
　　　　　　<SEQNO>7</SEQNO>
　　　　　　<LEVEL>03</LEVEL>
　　　　　　<BOLD>1</BOLD>
　　　　　　<前年度決算數-金額>1865886</前年度決算數-金額>
　　　　　　<前年度決算數-百分比>87.24</前年度決算數-百分比>
　　　　　　<科目名稱>銷售成本</科目名稱>
　　　　　　<科目編號>5101</科目編號>
　　　　　　<本年度預算數-金額>1539962</本年度預算數-金額>
　　　　　　<本年度預算數-百分比>87.14</本年度預算數-百分比>
　　　　　　<上年度預算數-金額>1535906</上年度預算數-金額>
　　　　　　<上年度預算數-百分比>87.15</上年度預算數-百分比>
　　　　　　<比較增減-金額>4056</比較增減-金額>
　　　　　　<比較增減-百分比>0.26</比較增減-百分比>
　　　　</ROW>
　　　　<ROW>
　　　　　　<SEQNO>8</SEQNO>
　　　　　　<LEVEL>04</LEVEL>
　　　　　　<BOLD>0</BOLD>
　　　　　　<前年度決算數-金額>1865886</前年度決算數-金額>
　　　　　　<前年度決算數-百分比>87.24</前年度決算數-百分比>
　　　　　　<科目名稱>銷貨成本</科目名稱>
　　　　　　<科目編號>510101</科目編號>
　　　　　　<本年度預算數-金額>1539962</本年度預算數-金額>
　　　　　　<本年度預算數-百分比>87.14</本年度預算數-百分比>
　　　　　　<上年度預算數-金額>1535906</上年度預算數-金額>
　　　　　　<上年度預算數-百分比>87.15</上年度預算數-百分比>
　　　　　　<比較增減-金額>4056</比較增減-金額>
　　　　　　<比較增減-百分比>0.26</比較增減-百分比>
　　　　</ROW>
　　　　<ROW>
　　　　　　<SEQNO>9</SEQNO>
　　　　　　<LEVEL>03</LEVEL>
　　　　　　<BOLD>1</BOLD>
　　　　　　<前年度決算數-金額>30772</前年度決算數-金額>
　　　　　　<前年度決算數-百分比>1.44</前年度決算數-百分比>
　　　　　　<科目名稱>勞務成本</科目名稱>
　　　　　　<科目編號>5102</科目編號>
　　　　　　<本年度預算數-金額>0</本年度預算數-金額>
　　　　　　<本年度預算數-百分比>0</本年度預算數-百分比>
　　　　　　<上年度預算數-金額>0</上年度預算數-金額>
　　　　　　<上年度預算數-百分比>0</上年度預算數-百分比>
　　　　　　<比較增減-金額>0</比較增減-金額>
　　　　　　<比較增減-百分比>0</比較增減-百分比>
　　　　</ROW>
　　　　<ROW>
　　　　　　<SEQNO>10</SEQNO>
　　　　　　<LEVEL>04</LEVEL>
　　　　　　<BOLD>0</BOLD>
　　　　　　<前年度決算數-金額>30772</前年度決算數-金額>
　　　　　　<前年度決算數-百分比>1.44</前年度決算數-百分比>
　　　　　　<科目名稱>加工費用</科目名稱>
　　　　　　<科目編號>510202</科目編號>
　　　　　　<本年度預算數-金額>0</本年度預算數-金額>
　　　　　　<本年度預算數-百分比>0</本年度預算數-百分比>
　　　　　　<上年度預算數-金額>0</上年度預算數-金額>
　　　　　　<上年度預算數-百分比>0</上年度預算數-百分比>
　　　　　　<比較增減-金額>0</比較增減-金額>
　　　　　　<比較增減-百分比>0</比較增減-百分比>
　　　　</ROW>
　　　　<ROW>
　　　　　　<SEQNO>11</SEQNO>
　　　　　　<LEVEL>02</LEVEL>
　　　　　　<BOLD>1</BOLD>
　　　　　　<前年度決算數-金額>242188</前年度決算數-金額>
　　　　　　<前年度決算數-百分比>11.32</前年度決算數-百分比>
　　　　　　<科目名稱>營業毛利（毛損）</科目名稱>
　　　　　　<科目編號>61</科目編號>
　　　　　　<本年度預算數-金額>227263</本年度預算數-金額>
　　　　　　<本年度預算數-百分比>12.86</本年度預算數-百分比>
　　　　　　<上年度預算數-金額>226419</上年度預算數-金額>
　　　　　　<上年度預算數-百分比>12.85</上年度預算數-百分比>
　　　　　　<比較增減-金額>844</比較增減-金額>
　　　　　　<比較增減-百分比>0.37</比較增減-百分比>
　　　　</ROW>
　　　　<ROW>
　　　　　　<SEQNO>12</SEQNO>
　　　　　　<LEVEL>02</LEVEL>
　　　　　　<BOLD>1</BOLD>
　　　　　　<前年度決算數-金額>48874</前年度決算數-金額>
　　　　　　<前年度決算數-百分比>2.29</前年度決算數-百分比>
　　　　　　<科目名稱>營業費用</科目名稱>
　　　　　　<科目編號>52</科目編號>
　　　　　　<本年度預算數-金額>50928</本年度預算數-金額>
　　　　　　<本年度預算數-百分比>2.88</本年度預算數-百分比>
　　　　　　<上年度預算數-金額>50563</上年度預算數-金額>
　　　　　　<上年度預算數-百分比>2.87</上年度預算數-百分比>
　　　　　　<比較增減-金額>365</比較增減-金額>
　　　　　　<比較增減-百分比>0.72</比較增減-百分比>
　　　　</ROW>
　　　　<ROW>
　　　　　　<SEQNO>13</SEQNO>
　　　　　　<LEVEL>03</LEVEL>
　　　　　　<BOLD>1</BOLD>
　　　　　　<前年度決算數-金額>4579</前年度決算數-金額>
　　　　　　<前年度決算數-百分比>0.21</前年度決算數-百分比>
　　　　　　<科目名稱>業務費用</科目名稱>
　　　　　　<科目編號>5202</科目編號>
　　　　　　<本年度預算數-金額>4556</本年度預算數-金額>
　　　　　　<本年度預算數-百分比>0.26</本年度預算數-百分比>
　　　　　　<上年度預算數-金額>4871</上年度預算數-金額>
　　　　　　<上年度預算數-百分比>0.28</上年度預算數-百分比>
　　　　　　<比較增減-金額>-315</比較增減-金額>
　　　　　　<比較增減-百分比>6.47</比較增減-百分比>
　　　　</ROW>
　　　　<ROW>
　　　　　　<SEQNO>14</SEQNO>
　　　　　　<LEVEL>04</LEVEL>
　　　　　　<BOLD>0</BOLD>
　　　　　　<前年度決算數-金額>4579</前年度決算數-金額>
　　　　　　<前年度決算數-百分比>0.21</前年度決算數-百分比>
　　　　　　<科目名稱>業務費用</科目名稱>
　　　　　　<科目編號>520201</科目編號>
　　　　　　<本年度預算數-金額>4556</本年度預算數-金額>
　　　　　　<本年度預算數-百分比>0.26</本年度預算數-百分比>
　　　　　　<上年度預算數-金額>4871</上年度預算數-金額>
　　　　　　<上年度預算數-百分比>0.28</上年度預算數-百分比>
　　　　　　<比較增減-金額>-315</比較增減-金額>
　　　　　　<比較增減-百分比>6.47</比較增減-百分比>
　　　　</ROW>
　　　　<ROW>
　　　　　　<SEQNO>15</SEQNO>
　　　　　　<LEVEL>03</LEVEL>
　　　　　　<BOLD>1</BOLD>
　　　　　　<前年度決算數-金額>33269</前年度決算數-金額>
　　　　　　<前年度決算數-百分比>1.56</前年度決算數-百分比>
　　　　　　<科目名稱>管理費用</科目名稱>
　　　　　　<科目編號>5203</科目編號>
　　　　　　<本年度預算數-金額>34681</本年度預算數-金額>
　　　　　　<本年度預算數-百分比>1.96</本年度預算數-百分比>
　　　　　　<上年度預算數-金額>33132</上年度預算數-金額>
　　　　　　<上年度預算數-百分比>1.88</上年度預算數-百分比>
　　　　　　<比較增減-金額>1549</比較增減-金額>
　　　　　　<比較增減-百分比>4.68</比較增減-百分比>
　　　　</ROW>
　　　　<ROW>
　　　　　　<SEQNO>16</SEQNO>
　　　　　　<LEVEL>04</LEVEL>
　　　　　　<BOLD>0</BOLD>
　　　　　　<前年度決算數-金額>33269</前年度決算數-金額>
　　　　　　<前年度決算數-百分比>1.56</前年度決算數-百分比>
　　　　　　<科目名稱>管理費用</科目名稱>
　　　　　　<科目編號>520301</科目編號>
　　　　　　<本年度預算數-金額>34681</本年度預算數-金額>
　　　　　　<本年度預算數-百分比>1.96</本年度預算數-百分比>
　　　　　　<上年度預算數-金額>33132</上年度預算數-金額>
　　　　　　<上年度預算數-百分比>1.88</上年度預算數-百分比>
　　　　　　<比較增減-金額>1549</比較增減-金額>
　　　　　　<比較增減-百分比>4.68</比較增減-百分比>
　　　　</ROW>
　　　　<ROW>
　　　　　　<SEQNO>17</SEQNO>
　　　　　　<LEVEL>03</LEVEL>
　　　　　　<BOLD>1</BOLD>
　　　　　　<前年度決算數-金額>11027</前年度決算數-金額>
　　　　　　<前年度決算數-百分比>0.52</前年度決算數-百分比>
　　　　　　<科目名稱>其他營業費用</科目名稱>
　　　　　　<科目編號>5298</科目編號>
　　　　　　<本年度預算數-金額>11691</本年度預算數-金額>
　　　　　　<本年度預算數-百分比>0.66</本年度預算數-百分比>
　　　　　　<上年度預算數-金額>12560</上年度預算數-金額>
　　　　　　<上年度預算數-百分比>0.71</上年度預算數-百分比>
　　　　　　<比較增減-金額>-869</比較增減-金額>
　　　　　　<比較增減-百分比>6.92</比較增減-百分比>
　　　　</ROW>
　　　　<ROW>
　　　　　　<SEQNO>18</SEQNO>
　　　　　　<LEVEL>04</LEVEL>
　　　　　　<BOLD>0</BOLD>
　　　　　　<前年度決算數-金額>11027</前年度決算數-金額>
　　　　　　<前年度決算數-百分比>0.52</前年度決算數-百分比>
　　　　　　<科目名稱>研究發展費用</科目名稱>
　　　　　　<科目編號>529801</科目編號>
　　　　　　<本年度預算數-金額>11691</本年度預算數-金額>
　　　　　　<本年度預算數-百分比>0.66</本年度預算數-百分比>
　　　　　　<上年度預算數-金額>12560</上年度預算數-金額>
　　　　　　<上年度預算數-百分比>0.71</上年度預算數-百分比>
　　　　　　<比較增減-金額>-869</比較增減-金額>
　　　　　　<比較增減-百分比>6.92</比較增減-百分比>
　　　　</ROW>
　　　　<ROW>
　　　　　　<SEQNO>19</SEQNO>
　　　　　　<LEVEL>02</LEVEL>
　　　　　　<BOLD>1</BOLD>
　　　　　　<前年度決算數-金額>193314</前年度決算數-金額>
　　　　　　<前年度決算數-百分比>9.04</前年度決算數-百分比>
　　　　　　<科目名稱>營業利益（損失）</科目名稱>
　　　　　　<科目編號>62</科目編號>
　　　　　　<本年度預算數-金額>176335</本年度預算數-金額>
　　　　　　<本年度預算數-百分比>9.98</本年度預算數-百分比>
　　　　　　<上年度預算數-金額>175856</上年度預算數-金額>
　　　　　　<上年度預算數-百分比>9.98</上年度預算數-百分比>
　　　　　　<比較增減-金額>479</比較增減-金額>
　　　　　　<比較增減-百分比>0.27</比較增減-百分比>
　　　　</ROW>
　　　　<ROW>
　　　　　　<SEQNO>20</SEQNO>
　　　　　　<LEVEL>02</LEVEL>
　　　　　　<BOLD>1</BOLD>
　　　　　　<前年度決算數-金額>10251</前年度決算數-金額>
　　　　　　<前年度決算數-百分比>0.48</前年度決算數-百分比>
　　　　　　<科目名稱>營業外收入</科目名稱>
　　　　　　<科目編號>49</科目編號>
　　　　　　<本年度預算數-金額>4467</本年度預算數-金額>
　　　　　　<本年度預算數-百分比>0.25</本年度預算數-百分比>
　　　　　　<上年度預算數-金額>4128</上年度預算數-金額>
　　　　　　<上年度預算數-百分比>0.23</上年度預算數-百分比>
　　　　　　<比較增減-金額>339</比較增減-金額>
　　　　　　<比較增減-百分比>8.21</比較增減-百分比>
　　　　</ROW>
　　　　<ROW>
　　　　　　<SEQNO>21</SEQNO>
　　　　　　<LEVEL>03</LEVEL>
　　　　　　<BOLD>1</BOLD>
　　　　　　<前年度決算數-金額>10251</前年度決算數-金額>
　　　　　　<前年度決算數-百分比>0.48</前年度決算數-百分比>
　　　　　　<科目名稱>其他營業外收入</科目名稱>
　　　　　　<科目編號>4998</科目編號>
　　　　　　<本年度預算數-金額>4467</本年度預算數-金額>
　　　　　　<本年度預算數-百分比>0.25</本年度預算數-百分比>
　　　　　　<上年度預算數-金額>4128</上年度預算數-金額>
　　　　　　<上年度預算數-百分比>0.23</上年度預算數-百分比>
　　　　　　<比較增減-金額>339</比較增減-金額>
　　　　　　<比較增減-百分比>8.21</比較增減-百分比>
　　　　</ROW>
　　　　<ROW>
　　　　　　<SEQNO>22</SEQNO>
　　　　　　<LEVEL>04</LEVEL>
　　　　　　<BOLD>0</BOLD>
　　　　　　<前年度決算數-金額>2048</前年度決算數-金額>
　　　　　　<前年度決算數-百分比>0.10</前年度決算數-百分比>
　　　　　　<科目名稱>賠償收入</科目名稱>
　　　　　　<科目編號>499802</科目編號>
　　　　　　<本年度預算數-金額>0</本年度預算數-金額>
　　　　　　<本年度預算數-百分比>0</本年度預算數-百分比>
　　　　　　<上年度預算數-金額>0</上年度預算數-金額>
　　　　　　<上年度預算數-百分比>0</上年度預算數-百分比>
　　　　　　<比較增減-金額>0</比較增減-金額>
　　　　　　<比較增減-百分比>0</比較增減-百分比>
　　　　</ROW>
　　　　<ROW>
　　　　　　<SEQNO>23</SEQNO>
　　　　　　<LEVEL>04</LEVEL>
　　　　　　<BOLD>0</BOLD>
　　　　　　<前年度決算數-金額>3511</前年度決算數-金額>
　　　　　　<前年度決算數-百分比>0.16</前年度決算數-百分比>
　　　　　　<科目名稱>利息收入</科目名稱>
　　　　　　<科目編號>499804</科目編號>
　　　　　　<本年度預算數-金額>1863</本年度預算數-金額>
　　　　　　<本年度預算數-百分比>0.11</本年度預算數-百分比>
　　　　　　<上年度預算數-金額>2024</上年度預算數-金額>
　　　　　　<上年度預算數-百分比>0.11</上年度預算數-百分比>
　　　　　　<比較增減-金額>-161</比較增減-金額>
　　　　　　<比較增減-百分比>7.95</比較增減-百分比>
　　　　</ROW>
　　　　<ROW>
　　　　　　<SEQNO>24</SEQNO>
　　　　　　<LEVEL>04</LEVEL>
　　　　　　<BOLD>0</BOLD>
　　　　　　<前年度決算數-金額>4692</前年度決算數-金額>
　　　　　　<前年度決算數-百分比>0.22</前年度決算數-百分比>
　　　　　　<科目名稱>什項收入</科目名稱>
　　　　　　<科目編號>499898</科目編號>
　　　　　　<本年度預算數-金額>2604</本年度預算數-金額>
　　　　　　<本年度預算數-百分比>0.15</本年度預算數-百分比>
　　　　　　<上年度預算數-金額>2104</上年度預算數-金額>
　　　　　　<上年度預算數-百分比>0.12</上年度預算數-百分比>
　　　　　　<比較增減-金額>500</比較增減-金額>
　　　　　　<比較增減-百分比>23.76</比較增減-百分比>
　　　　</ROW>
　　　　<ROW>
　　　　　　<SEQNO>25</SEQNO>
　　　　　　<LEVEL>02</LEVEL>
　　　　　　<BOLD>1</BOLD>
　　　　　　<前年度決算數-金額>7054</前年度決算數-金額>
　　　　　　<前年度決算數-百分比>0.33</前年度決算數-百分比>
　　　　　　<科目名稱>營業外費用</科目名稱>
　　　　　　<科目編號>59</科目編號>
　　　　　　<本年度預算數-金額>5534</本年度預算數-金額>
　　　　　　<本年度預算數-百分比>0.31</本年度預算數-百分比>
　　　　　　<上年度預算數-金額>5047</上年度預算數-金額>
　　　　　　<上年度預算數-百分比>0.29</上年度預算數-百分比>
　　　　　　<比較增減-金額>487</比較增減-金額>
　　　　　　<比較增減-百分比>9.65</比較增減-百分比>
　　　　</ROW>
　　　　<ROW>
　　　　　　<SEQNO>26</SEQNO>
　　　　　　<LEVEL>03</LEVEL>
　　　　　　<BOLD>1</BOLD>
　　　　　　<前年度決算數-金額>7054</前年度決算數-金額>
　　　　　　<前年度決算數-百分比>0.33</前年度決算數-百分比>
　　　　　　<科目名稱>其他營業外費用</科目名稱>
　　　　　　<科目編號>5998</科目編號>
　　　　　　<本年度預算數-金額>5534</本年度預算數-金額>
　　　　　　<本年度預算數-百分比>0.31</本年度預算數-百分比>
　　　　　　<上年度預算數-金額>5047</上年度預算數-金額>
　　　　　　<上年度預算數-百分比>0.29</上年度預算數-百分比>
　　　　　　<比較增減-金額>487</比較增減-金額>
　　　　　　<比較增減-百分比>9.65</比較增減-百分比>
　　　　</ROW>
　　　　<ROW>
　　　　　　<SEQNO>27</SEQNO>
　　　　　　<LEVEL>04</LEVEL>
　　　　　　<BOLD>0</BOLD>
　　　　　　<前年度決算數-金額>7054</前年度決算數-金額>
　　　　　　<前年度決算數-百分比>0.33</前年度決算數-百分比>
　　　　　　<科目名稱>什項費用</科目名稱>
　　　　　　<科目編號>599898</科目編號>
　　　　　　<本年度預算數-金額>5534</本年度預算數-金額>
　　　　　　<本年度預算數-百分比>0.31</本年度預算數-百分比>
　　　　　　<上年度預算數-金額>5047</上年度預算數-金額>
　　　　　　<上年度預算數-百分比>0.29</上年度預算數-百分比>
　　　　　　<比較增減-金額>487</比較增減-金額>
　　　　　　<比較增減-百分比>9.65</比較增減-百分比>
　　　　</ROW>
　　　　<ROW>
　　　　　　<SEQNO>28</SEQNO>
　　　　　　<LEVEL>02</LEVEL>
　　　　　　<BOLD>1</BOLD>
　　　　　　<前年度決算數-金額>3197</前年度決算數-金額>
　　　　　　<前年度決算數-百分比>0.15</前年度決算數-百分比>
　　　　　　<科目名稱>營業外利益（損失）</科目名稱>
　　　　　　<科目編號>63</科目編號>
　　　　　　<本年度預算數-金額>-1067</本年度預算數-金額>
　　　　　　<本年度預算數-百分比>-0.06</本年度預算數-百分比>
　　　　　　<上年度預算數-金額>-919</上年度預算數-金額>
　　　　　　<上年度預算數-百分比>-0.05</上年度預算數-百分比>
　　　　　　<比較增減-金額>-148</比較增減-金額>
　　　　　　<比較增減-百分比>16.10</比較增減-百分比>
　　　　</ROW>
　　　　<ROW>
　　　　　　<SEQNO>29</SEQNO>
　　　　　　<LEVEL>02</LEVEL>
　　　　　　<BOLD>1</BOLD>
　　　　　　<前年度決算數-金額>196511</前年度決算數-金額>
　　　　　　<前年度決算數-百分比>9.19</前年度決算數-百分比>
　　　　　　<科目名稱>稅前淨利（淨損）</科目名稱>
　　　　　　<科目編號>64</科目編號>
　　　　　　<本年度預算數-金額>175268</本年度預算數-金額>
　　　　　　<本年度預算數-百分比>9.92</本年度預算數-百分比>
　　　　　　<上年度預算數-金額>174937</上年度預算數-金額>
　　　　　　<上年度預算數-百分比>9.93</上年度預算數-百分比>
　　　　　　<比較增減-金額>331</比較增減-金額>
　　　　　　<比較增減-百分比>0.19</比較增減-百分比>
　　　　</ROW>
　　　　<ROW>
　　　　　　<SEQNO>30</SEQNO>
　　　　　　<LEVEL>02</LEVEL>
　　　　　　<BOLD>1</BOLD>
　　　　　　<前年度決算數-金額>5328</前年度決算數-金額>
　　　　　　<前年度決算數-百分比>0.25</前年度決算數-百分比>
　　　　　　<科目名稱>所得稅費用（利益）</科目名稱>
　　　　　　<科目編號>65</科目編號>
　　　　　　<本年度預算數-金額>2506</本年度預算數-金額>
　　　　　　<本年度預算數-百分比>0.14</本年度預算數-百分比>
　　　　　　<上年度預算數-金額>2468</上年度預算數-金額>
　　　　　　<上年度預算數-百分比>0.14</上年度預算數-百分比>
　　　　　　<比較增減-金額>38</比較增減-金額>
　　　　　　<比較增減-百分比>1.54</比較增減-百分比>
　　　　</ROW>
　　　　<ROW>
　　　　　　<SEQNO>31</SEQNO>
　　　　　　<LEVEL>03</LEVEL>
　　　　　　<BOLD>1</BOLD>
　　　　　　<前年度決算數-金額>5328</前年度決算數-金額>
　　　　　　<前年度決算數-百分比>0.25</前年度決算數-百分比>
　　　　　　<科目名稱>所得稅費用（利益）</科目名稱>
　　　　　　<科目編號>6501</科目編號>
　　　　　　<本年度預算數-金額>2506</本年度預算數-金額>
　　　　　　<本年度預算數-百分比>0.14</本年度預算數-百分比>
　　　　　　<上年度預算數-金額>2468</上年度預算數-金額>
　　　　　　<上年度預算數-百分比>0.14</上年度預算數-百分比>
　　　　　　<比較增減-金額>38</比較增減-金額>
　　　　　　<比較增減-百分比>1.54</比較增減-百分比>
　　　　</ROW>
　　　　<ROW>
　　　　　　<SEQNO>32</SEQNO>
　　　　　　<LEVEL>04</LEVEL>
　　　　　　<BOLD>0</BOLD>
　　　　　　<前年度決算數-金額>5328</前年度決算數-金額>
　　　　　　<前年度決算數-百分比>0.25</前年度決算數-百分比>
　　　　　　<科目名稱>所得稅費用（利益）</科目名稱>
　　　　　　<科目編號>650101</科目編號>
　　　　　　<本年度預算數-金額>2506</本年度預算數-金額>
　　　　　　<本年度預算數-百分比>0.14</本年度預算數-百分比>
　　　　　　<上年度預算數-金額>2468</上年度預算數-金額>
　　　　　　<上年度預算數-百分比>0.14</上年度預算數-百分比>
　　　　　　<比較增減-金額>38</比較增減-金額>
　　　　　　<比較增減-百分比>1.54</比較增減-百分比>
　　　　</ROW>
　　　　<ROW>
　　　　　　<SEQNO>33</SEQNO>
　　　　　　<LEVEL>02</LEVEL>
　　　　　　<BOLD>1</BOLD>
　　　　　　<前年度決算數-金額>191183</前年度決算數-金額>
　　　　　　<前年度決算數-百分比>8.94</前年度決算數-百分比>
　　　　　　<科目名稱>繼續營業單位本期淨利（淨損）</科目名稱>
　　　　　　<科目編號>66</科目編號>
　　　　　　<本年度預算數-金額>172762</本年度預算數-金額>
　　　　　　<本年度預算數-百分比>9.78</本年度預算數-百分比>
　　　　　　<上年度預算數-金額>172469</上年度預算數-金額>
　　　　　　<上年度預算數-百分比>9.79</上年度預算數-百分比>
　　　　　　<比較增減-金額>293</比較增減-金額>
　　　　　　<比較增減-百分比>0.17</比較增減-百分比>
　　　　</ROW>
　　　　<ROW>
　　　　　　<SEQNO>34</SEQNO>
　　　　　　<LEVEL>02</LEVEL>
　　　　　　<BOLD>1</BOLD>
　　　　　　<前年度決算數-金額>191183</前年度決算數-金額>
　　　　　　<前年度決算數-百分比>8.94</前年度決算數-百分比>
　　　　　　<科目名稱>本期淨利（淨損）</科目名稱>
　　　　　　<科目編號>68</科目編號>
　　　　　　<本年度預算數-金額>172762</本年度預算數-金額>
　　　　　　<本年度預算數-百分比>9.78</本年度預算數-百分比>
　　　　　　<上年度預算數-金額>172469</上年度預算數-金額>
　　　　　　<上年度預算數-百分比>9.79</上年度預算數-百分比>
　　　　　　<比較增減-金額>293</比較增減-金額>
　　　　　　<比較增減-百分比>0.17</比較增減-百分比>
　　　　</ROW>
　　　　<COMM>前年度決算數為審定決算數;上年度預算數為預算案數。</COMM>
　　</DataSet>
</GenericData>

