<?xml version="1.0" encoding="UTF-8"?>
<tables>
    <BCTDBUDGETDETAIL>
        <BCTDBUDGETDETAIL_row>
            <ba_fiscalyear>104</ba_fiscalyear>
            <ba_fundkind>1</ba_fundkind>
            <ba_budgetkind>1</ba_budgetkind>
            <ba_specialbudgetno/>
            <ba_agenno>23017072</ba_agenno>
            <ba_agentype>C</ba_agentype>
            <ba_budgetstate>2</ba_budgetstate>
            <ba_versiondate/>
            <ba_budgetyear>104</ba_budgetyear>
            <ba_budgetno>35230174100</ba_budgetno>
            <ba_subprojectno>01</ba_subprojectno>
            <ba_departno>11</ba_departno>
            <ba_objectno>0103</ba_objectno>
            <ba_budgettype>E</ba_budgettype>
            <ba_budgetsource>1</ba_budgetsource>
            <ba_mergetype>1</ba_mergetype>
            <ba_budgetamt>4228000.00</ba_budgetamt>
            <ba_flowflag/>
            <ba_signflag/>
            <ba_signno/>
            <ba_key>11  </ba_key>
        </BCTDBUDGETDETAIL_row>
        <BCTDBUDGETDETAIL_row>
            <ba_fiscalyear>104</ba_fiscalyear>
            <ba_fundkind>1</ba_fundkind>
            <ba_budgetkind>1</ba_budgetkind>
            <ba_specialbudgetno/>
            <ba_agenno>23017072</ba_agenno>
            <ba_agentype>C</ba_agentype>
            <ba_budgetstate>2</ba_budgetstate>
            <ba_versiondate/>
            <ba_budgetyear>104</ba_budgetyear>
            <ba_budgetno>35230174100</ba_budgetno>
            <ba_subprojectno>01</ba_subprojectno>
            <ba_departno>11</ba_departno>
            <ba_objectno>0104</ba_objectno>
            <ba_budgettype>E</ba_budgettype>
            <ba_budgetsource>1</ba_budgetsource>
            <ba_mergetype>1</ba_mergetype>
            <ba_budgetamt>373000.00</ba_budgetamt>
            <ba_flowflag/>
            <ba_signflag/>
            <ba_signno/>
            <ba_key>11  </ba_key>
        </BCTDBUDGETDETAIL_row>
        <BCTDBUDGETDETAIL_row>
            <ba_fiscalyear>104</ba_fiscalyear>
            <ba_fundkind>1</ba_fundkind>
            <ba_budgetkind>1</ba_budgetkind>
            <ba_specialbudgetno/>
            <ba_agenno>23017072</ba_agenno>
            <ba_agentype>C</ba_agentype>
            <ba_budgetstate>2</ba_budgetstate>
            <ba_versiondate/>
            <ba_budgetyear>104</ba_budgetyear>
            <ba_budgetno>35230174100</ba_budgetno>
            <ba_subprojectno>01</ba_subprojectno>
            <ba_departno>11</ba_departno>
            <ba_objectno>0105</ba_objectno>
            <ba_budgettype>E</ba_budgettype>
            <ba_budgetsource>1</ba_budgetsource>
            <ba_mergetype>1</ba_mergetype>
            <ba_budgetamt>422000.00</ba_budgetamt>
            <ba_flowflag/>
            <ba_signflag/>
            <ba_signno/>
            <ba_key>11  </ba_key>
        </BCTDBUDGETDETAIL_row>
        <BCTDBUDGETDETAIL_row>
            <ba_fiscalyear>104</ba_fiscalyear>
            <ba_fundkind>1</ba_fundkind>
            <ba_budgetkind>1</ba_budgetkind>
            <ba_specialbudgetno/>
            <ba_agenno>23017072</ba_agenno>
            <ba_agentype>C</ba_agentype>
            <ba_budgetstate>2</ba_budgetstate>
            <ba_versiondate/>
            <ba_budgetyear>104</ba_budgetyear>
            <ba_budgetno>35230174100</ba_budgetno>
            <ba_subprojectno>01</ba_subprojectno>
            <ba_departno>11</ba_departno>
            <ba_objectno>0111</ba_objectno>
            <ba_budgettype>E</ba_budgettype>
            <ba_budgetsource>1</ba_budgetsource>
            <ba_mergetype>1</ba_mergetype>
            <ba_budgetamt>1216000.00</ba_budgetamt>
            <ba_flowflag/>
            <ba_signflag/>
            <ba_signno/>
            <ba_key>11  </ba_key>
        </BCTDBUDGETDETAIL_row>
        <BCTDBUDGETDETAIL_row>
            <ba_fiscalyear>104</ba_fiscalyear>
            <ba_fundkind>1</ba_fundkind>
            <ba_budgetkind>1</ba_budgetkind>
            <ba_specialbudgetno/>
            <ba_agenno>23017072</ba_agenno>
            <ba_agentype>C</ba_agentype>
            <ba_budgetstate>2</ba_budgetstate>
            <ba_versiondate/>
            <ba_budgetyear>104</ba_budgetyear>
            <ba_budgetno>35230174100</ba_budgetno>
            <ba_subprojectno>01</ba_subprojectno>
            <ba_departno>11</ba_departno>
            <ba_objectno>0121</ba_objectno>
            <ba_budgettype>E</ba_budgettype>
            <ba_budgetsource>1</ba_budgetsource>
            <ba_mergetype>1</ba_mergetype>
            <ba_budgetamt>81000.00</ba_budgetamt>
            <ba_flowflag/>
            <ba_signflag/>
            <ba_signno/>
            <ba_key>11  </ba_key>
        </BCTDBUDGETDETAIL_row>
        <BCTDBUDGETDETAIL_row>
            <ba_fiscalyear>104</ba_fiscalyear>
            <ba_fundkind>1</ba_fundkind>
            <ba_budgetkind>1</ba_budgetkind>
            <ba_specialbudgetno/>
            <ba_agenno>23017072</ba_agenno>
            <ba_agentype>C</ba_agentype>
            <ba_budgetstate>2</ba_budgetstate>
            <ba_versiondate/>
            <ba_budgetyear>104</ba_budgetyear>
            <ba_budgetno>35230174100</ba_budgetno>
            <ba_subprojectno>01</ba_subprojectno>
            <ba_departno>11</ba_departno>
            <ba_objectno>0131</ba_objectno>
            <ba_budgettype>E</ba_budgettype>
            <ba_budgetsource>1</ba_budgetsource>
            <ba_mergetype>1</ba_mergetype>
            <ba_budgetamt>806000.00</ba_budgetamt>
            <ba_flowflag/>
            <ba_signflag/>
            <ba_signno/>
            <ba_key>11  </ba_key>
        </BCTDBUDGETDETAIL_row>
        <BCTDBUDGETDETAIL_row>
            <ba_fiscalyear>104</ba_fiscalyear>
            <ba_fundkind>1</ba_fundkind>
            <ba_budgetkind>1</ba_budgetkind>
            <ba_specialbudgetno/>
            <ba_agenno>23017072</ba_agenno>
            <ba_agentype>C</ba_agentype>
            <ba_budgetstate>2</ba_budgetstate>
            <ba_versiondate/>
            <ba_budgetyear>104</ba_budgetyear>
            <ba_budgetno>35230174100</ba_budgetno>
            <ba_subprojectno>01</ba_subprojectno>
            <ba_departno>11</ba_departno>
            <ba_objectno>0143</ba_objectno>
            <ba_budgettype>E</ba_budgettype>
            <ba_budgetsource>1</ba_budgetsource>
            <ba_mergetype>1</ba_mergetype>
            <ba_budgetamt>449000.00</ba_budgetamt>
            <ba_flowflag/>
            <ba_signflag/>
            <ba_signno/>
            <ba_key>11  </ba_key>
        </BCTDBUDGETDETAIL_row>
        <BCTDBUDGETDETAIL_row>
            <ba_fiscalyear>104</ba_fiscalyear>
            <ba_fundkind>1</ba_fundkind>
            <ba_budgetkind>1</ba_budgetkind>
            <ba_specialbudgetno/>
            <ba_agenno>23017072</ba_agenno>
            <ba_agentype>C</ba_agentype>
            <ba_budgetstate>2</ba_budgetstate>
            <ba_versiondate/>
            <ba_budgetyear>104</ba_budgetyear>
            <ba_budgetno>35230174100</ba_budgetno>
            <ba_subprojectno>01</ba_subprojectno>
            <ba_departno>11</ba_departno>
            <ba_objectno>0151</ba_objectno>
            <ba_budgettype>E</ba_budgettype>
            <ba_budgetsource>1</ba_budgetsource>
            <ba_mergetype>1</ba_mergetype>
            <ba_budgetamt>525000.00</ba_budgetamt>
            <ba_flowflag/>
            <ba_signflag/>
            <ba_signno/>
            <ba_key>11  </ba_key>
        </BCTDBUDGETDETAIL_row>
        <BCTDBUDGETDETAIL_row>
            <ba_fiscalyear>104</ba_fiscalyear>
            <ba_fundkind>1</ba_fundkind>
            <ba_budgetkind>1</ba_budgetkind>
            <ba_specialbudgetno/>
            <ba_agenno>23017072</ba_agenno>
            <ba_agentype>C</ba_agentype>
            <ba_budgetstate>2</ba_budgetstate>
            <ba_versiondate/>
            <ba_budgetyear>104</ba_budgetyear>
            <ba_budgetno>35230174100</ba_budgetno>
            <ba_subprojectno>02</ba_subprojectno>
            <ba_departno>12</ba_departno>
            <ba_objectno>0201</ba_objectno>
            <ba_budgettype>E</ba_budgettype>
            <ba_budgetsource>1</ba_budgetsource>
            <ba_mergetype>1</ba_mergetype>
            <ba_budgetamt>9000.00</ba_budgetamt>
            <ba_flowflag/>
            <ba_signflag/>
            <ba_signno/>
            <ba_key>11  </ba_key>
        </BCTDBUDGETDETAIL_row>
        <BCTDBUDGETDETAIL_row>
            <ba_fiscalyear>104</ba_fiscalyear>
            <ba_fundkind>1</ba_fundkind>
            <ba_budgetkind>1</ba_budgetkind>
            <ba_specialbudgetno/>
            <ba_agenno>23017072</ba_agenno>
            <ba_agentype>C</ba_agentype>
            <ba_budgetstate>2</ba_budgetstate>
            <ba_versiondate/>
            <ba_budgetyear>104</ba_budgetyear>
            <ba_budgetno>35230174100</ba_budgetno>
            <ba_subprojectno>02</ba_subprojectno>
            <ba_departno>12</ba_departno>
            <ba_objectno>0202</ba_objectno>
            <ba_budgettype>E</ba_budgettype>
            <ba_budgetsource>1</ba_budgetsource>
            <ba_mergetype>1</ba_mergetype>
            <ba_budgetamt>127000.00</ba_budgetamt>
            <ba_flowflag/>
            <ba_signflag/>
            <ba_signno/>
            <ba_key>11  </ba_key>
        </BCTDBUDGETDETAIL_row>
        <BCTDBUDGETDETAIL_row>
            <ba_fiscalyear>104</ba_fiscalyear>
            <ba_fundkind>1</ba_fundkind>
            <ba_budgetkind>1</ba_budgetkind>
            <ba_specialbudgetno/>
            <ba_agenno>23017072</ba_agenno>
            <ba_agentype>C</ba_agentype>
            <ba_budgetstate>2</ba_budgetstate>
            <ba_versiondate/>
            <ba_budgetyear>104</ba_budgetyear>
            <ba_budgetno>35230174100</ba_budgetno>
            <ba_subprojectno>02</ba_subprojectno>
            <ba_departno>12</ba_departno>
            <ba_objectno>0203</ba_objectno>
            <ba_budgettype>E</ba_budgettype>
            <ba_budgetsource>1</ba_budgetsource>
            <ba_mergetype>1</ba_mergetype>
            <ba_budgetamt>10000.00</ba_budgetamt>
            <ba_flowflag/>
            <ba_signflag/>
            <ba_signno/>
            <ba_key>11  </ba_key>
        </BCTDBUDGETDETAIL_row>
        <BCTDBUDGETDETAIL_row>
            <ba_fiscalyear>104</ba_fiscalyear>
            <ba_fundkind>1</ba_fundkind>
            <ba_budgetkind>1</ba_budgetkind>
            <ba_specialbudgetno/>
            <ba_agenno>23017072</ba_agenno>
            <ba_agentype>C</ba_agentype>
            <ba_budgetstate>2</ba_budgetstate>
            <ba_versiondate/>
            <ba_budgetyear>104</ba_budgetyear>
            <ba_budgetno>35230174100</ba_budgetno>
            <ba_subprojectno>02</ba_subprojectno>
            <ba_departno>12</ba_departno>
            <ba_objectno>0241</ba_objectno>
            <ba_budgettype>E</ba_budgettype>
            <ba_budgetsource>1</ba_budgetsource>
            <ba_mergetype>1</ba_mergetype>
            <ba_budgetamt>36000.00</ba_budgetamt>
            <ba_flowflag/>
            <ba_signflag/>
            <ba_signno/>
            <ba_key>11  </ba_key>
        </BCTDBUDGETDETAIL_row>
        <BCTDBUDGETDETAIL_row>
            <ba_fiscalyear>104</ba_fiscalyear>
            <ba_fundkind>1</ba_fundkind>
            <ba_budgetkind>1</ba_budgetkind>
            <ba_specialbudgetno/>
            <ba_agenno>23017072</ba_agenno>
            <ba_agentype>C</ba_agentype>
            <ba_budgetstate>2</ba_budgetstate>
            <ba_versiondate/>
            <ba_budgetyear>104</ba_budgetyear>
            <ba_budgetno>35230174100</ba_budgetno>
            <ba_subprojectno>02</ba_subprojectno>
            <ba_departno>12</ba_departno>
            <ba_objectno>0271</ba_objectno>
            <ba_budgettype>E</ba_budgettype>
            <ba_budgetsource>1</ba_budgetsource>
            <ba_mergetype>1</ba_mergetype>
            <ba_budgetamt>81000.00</ba_budgetamt>
            <ba_flowflag/>
            <ba_signflag/>
            <ba_signno/>
            <ba_key>11  </ba_key>
        </BCTDBUDGETDETAIL_row>
        <BCTDBUDGETDETAIL_row>
            <ba_fiscalyear>104</ba_fiscalyear>
            <ba_fundkind>1</ba_fundkind>
            <ba_budgetkind>1</ba_budgetkind>
            <ba_specialbudgetno/>
            <ba_agenno>23017072</ba_agenno>
            <ba_agentype>C</ba_agentype>
            <ba_budgetstate>2</ba_budgetstate>
            <ba_versiondate/>
            <ba_budgetyear>104</ba_budgetyear>
            <ba_budgetno>35230174100</ba_budgetno>
            <ba_subprojectno>02</ba_subprojectno>
            <ba_departno>12</ba_departno>
            <ba_objectno>0279</ba_objectno>
            <ba_budgettype>E</ba_budgettype>
            <ba_budgetsource>1</ba_budgetsource>
            <ba_mergetype>1</ba_mergetype>
            <ba_budgetamt>38000.00</ba_budgetamt>
            <ba_flowflag/>
            <ba_signflag/>
            <ba_signno/>
            <ba_key>11  </ba_key>
        </BCTDBUDGETDETAIL_row>
        <BCTDBUDGETDETAIL_row>
            <ba_fiscalyear>104</ba_fiscalyear>
            <ba_fundkind>1</ba_fundkind>
            <ba_budgetkind>1</ba_budgetkind>
            <ba_specialbudgetno/>
            <ba_agenno>23017072</ba_agenno>
            <ba_agentype>C</ba_agentype>
            <ba_budgetstate>2</ba_budgetstate>
            <ba_versiondate/>
            <ba_budgetyear>104</ba_budgetyear>
            <ba_budgetno>35230174100</ba_budgetno>
            <ba_subprojectno>02</ba_subprojectno>
            <ba_departno>12</ba_departno>
            <ba_objectno>0282</ba_objectno>
            <ba_budgettype>E</ba_budgettype>
            <ba_budgetsource>1</ba_budgetsource>
            <ba_mergetype>1</ba_mergetype>
            <ba_budgetamt>1000.00</ba_budgetamt>
            <ba_flowflag/>
            <ba_signflag/>
            <ba_signno/>
            <ba_key>11  </ba_key>
        </BCTDBUDGETDETAIL_row>
        <BCTDBUDGETDETAIL_row>
            <ba_fiscalyear>104</ba_fiscalyear>
            <ba_fundkind>1</ba_fundkind>
            <ba_budgetkind>1</ba_budgetkind>
            <ba_specialbudgetno/>
            <ba_agenno>23017072</ba_agenno>
            <ba_agentype>C</ba_agentype>
            <ba_budgetstate>2</ba_budgetstate>
            <ba_versiondate/>
            <ba_budgetyear>104</ba_budgetyear>
            <ba_budgetno>35230174100</ba_budgetno>
            <ba_subprojectno>02</ba_subprojectno>
            <ba_departno>12</ba_departno>
            <ba_objectno>0283</ba_objectno>
            <ba_budgettype>E</ba_budgettype>
            <ba_budgetsource>1</ba_budgetsource>
            <ba_mergetype>1</ba_mergetype>
            <ba_budgetamt>8000.00</ba_budgetamt>
            <ba_flowflag/>
            <ba_signflag/>
            <ba_signno/>
            <ba_key>11  </ba_key>
        </BCTDBUDGETDETAIL_row>
        <BCTDBUDGETDETAIL_row>
            <ba_fiscalyear>104</ba_fiscalyear>
            <ba_fundkind>1</ba_fundkind>
            <ba_budgetkind>1</ba_budgetkind>
            <ba_specialbudgetno/>
            <ba_agenno>23017072</ba_agenno>
            <ba_agentype>C</ba_agentype>
            <ba_budgetstate>2</ba_budgetstate>
            <ba_versiondate/>
            <ba_budgetyear>104</ba_budgetyear>
            <ba_budgetno>35230174100</ba_budgetno>
            <ba_subprojectno>02</ba_subprojectno>
            <ba_departno>12</ba_departno>
            <ba_objectno>0284</ba_objectno>
            <ba_budgettype>E</ba_budgettype>
            <ba_budgetsource>1</ba_budgetsource>
            <ba_mergetype>1</ba_mergetype>
            <ba_budgetamt>55000.00</ba_budgetamt>
            <ba_flowflag/>
            <ba_signflag/>
            <ba_signno/>
            <ba_key>11  </ba_key>
        </BCTDBUDGETDETAIL_row>
        <BCTDBUDGETDETAIL_row>
            <ba_fiscalyear>104</ba_fiscalyear>
            <ba_fundkind>1</ba_fundkind>
            <ba_budgetkind>1</ba_budgetkind>
            <ba_specialbudgetno/>
            <ba_agenno>23017072</ba_agenno>
            <ba_agentype>C</ba_agentype>
            <ba_budgetstate>2</ba_budgetstate>
            <ba_versiondate/>
            <ba_budgetyear>104</ba_budgetyear>
            <ba_budgetno>35230174100</ba_budgetno>
            <ba_subprojectno>02</ba_subprojectno>
            <ba_departno>12</ba_departno>
            <ba_objectno>0291</ba_objectno>
            <ba_budgettype>E</ba_budgettype>
            <ba_budgetsource>1</ba_budgetsource>
            <ba_mergetype>1</ba_mergetype>
            <ba_budgetamt>14000.00</ba_budgetamt>
            <ba_flowflag/>
            <ba_signflag/>
            <ba_signno/>
            <ba_key>11  </ba_key>
        </BCTDBUDGETDETAIL_row>
        <BCTDBUDGETDETAIL_row>
            <ba_fiscalyear>104</ba_fiscalyear>
            <ba_fundkind>1</ba_fundkind>
            <ba_budgetkind>1</ba_budgetkind>
            <ba_specialbudgetno/>
            <ba_agenno>23017072</ba_agenno>
            <ba_agentype>C</ba_agentype>
            <ba_budgetstate>2</ba_budgetstate>
            <ba_versiondate/>
            <ba_budgetyear>104</ba_budgetyear>
            <ba_budgetno>35230174100</ba_budgetno>
            <ba_subprojectno>02</ba_subprojectno>
            <ba_departno>12</ba_departno>
            <ba_objectno>0294</ba_objectno>
            <ba_budgettype>E</ba_budgettype>
            <ba_budgetsource>1</ba_budgetsource>
            <ba_mergetype>1</ba_mergetype>
            <ba_budgetamt>3000.00</ba_budgetamt>
            <ba_flowflag/>
            <ba_signflag/>
            <ba_signno/>
            <ba_key>11  </ba_key>
        </BCTDBUDGETDETAIL_row>
        <BCTDBUDGETDETAIL_row>
            <ba_fiscalyear>104</ba_fiscalyear>
            <ba_fundkind>1</ba_fundkind>
            <ba_budgetkind>1</ba_budgetkind>
            <ba_specialbudgetno/>
            <ba_agenno>23017072</ba_agenno>
            <ba_agentype>C</ba_agentype>
            <ba_budgetstate>2</ba_budgetstate>
            <ba_versiondate/>
            <ba_budgetyear>104</ba_budgetyear>
            <ba_budgetno>35230174100</ba_budgetno>
            <ba_subprojectno>02</ba_subprojectno>
            <ba_departno>12</ba_departno>
            <ba_objectno>0475</ba_objectno>
            <ba_budgettype>E</ba_budgettype>
            <ba_budgetsource>1</ba_budgetsource>
            <ba_mergetype>1</ba_mergetype>
            <ba_budgetamt>12000.00</ba_budgetamt>
            <ba_flowflag/>
            <ba_signflag/>
            <ba_signno/>
            <ba_key>11  </ba_key>
        </BCTDBUDGETDETAIL_row>
        <BCTDBUDGETDETAIL_row>
            <ba_fiscalyear>104</ba_fiscalyear>
            <ba_fundkind>1</ba_fundkind>
            <ba_budgetkind>1</ba_budgetkind>
            <ba_specialbudgetno/>
            <ba_agenno>23017072</ba_agenno>
            <ba_agentype>C</ba_agentype>
            <ba_budgetstate>2</ba_budgetstate>
            <ba_versiondate/>
            <ba_budgetyear>104</ba_budgetyear>
            <ba_budgetno>35230174100</ba_budgetno>
            <ba_subprojectno>05</ba_subprojectno>
            <ba_departno>13</ba_departno>
            <ba_objectno>0250</ba_objectno>
            <ba_budgettype>E</ba_budgettype>
            <ba_budgetsource>1</ba_budgetsource>
            <ba_mergetype>1</ba_mergetype>
            <ba_budgetamt>324000.00</ba_budgetamt>
            <ba_flowflag/>
            <ba_signflag/>
            <ba_signno/>
            <ba_key>11  </ba_key>
        </BCTDBUDGETDETAIL_row>
        <BCTDBUDGETDETAIL_row>
            <ba_fiscalyear>104</ba_fiscalyear>
            <ba_fundkind>1</ba_fundkind>
            <ba_budgetkind>1</ba_budgetkind>
            <ba_specialbudgetno/>
            <ba_agenno>23017072</ba_agenno>
            <ba_agentype>C</ba_agentype>
            <ba_budgetstate>2</ba_budgetstate>
            <ba_versiondate/>
            <ba_budgetyear>104</ba_budgetyear>
            <ba_budgetno>35230174100</ba_budgetno>
            <ba_subprojectno>05</ba_subprojectno>
            <ba_departno>13</ba_departno>
            <ba_objectno>0271</ba_objectno>
            <ba_budgettype>E</ba_budgettype>
            <ba_budgetsource>1</ba_budgetsource>
            <ba_mergetype>1</ba_mergetype>
            <ba_budgetamt>3000.00</ba_budgetamt>
            <ba_flowflag/>
            <ba_signflag/>
            <ba_signno/>
            <ba_key>11  </ba_key>
        </BCTDBUDGETDETAIL_row>
        <BCTDBUDGETDETAIL_row>
            <ba_fiscalyear>104</ba_fiscalyear>
            <ba_fundkind>1</ba_fundkind>
            <ba_budgetkind>1</ba_budgetkind>
            <ba_specialbudgetno/>
            <ba_agenno>23017072</ba_agenno>
            <ba_agentype>C</ba_agentype>
            <ba_budgetstate>2</ba_budgetstate>
            <ba_versiondate/>
            <ba_budgetyear>104</ba_budgetyear>
            <ba_budgetno>35230174100</ba_budgetno>
            <ba_subprojectno>05</ba_subprojectno>
            <ba_departno>13</ba_departno>
            <ba_objectno>0279</ba_objectno>
            <ba_budgettype>E</ba_budgettype>
            <ba_budgetsource>1</ba_budgetsource>
            <ba_mergetype>1</ba_mergetype>
            <ba_budgetamt>60000.00</ba_budgetamt>
            <ba_flowflag/>
            <ba_signflag/>
            <ba_signno/>
            <ba_key>11  </ba_key>
        </BCTDBUDGETDETAIL_row>
        <BCTDBUDGETDETAIL_row>
            <ba_fiscalyear>104</ba_fiscalyear>
            <ba_fundkind>1</ba_fundkind>
            <ba_budgetkind>1</ba_budgetkind>
            <ba_specialbudgetno/>
            <ba_agenno>23017072</ba_agenno>
            <ba_agentype>C</ba_agentype>
            <ba_budgetstate>2</ba_budgetstate>
            <ba_versiondate/>
            <ba_budgetyear>104</ba_budgetyear>
            <ba_budgetno>35230174100</ba_budgetno>
            <ba_subprojectno>05</ba_subprojectno>
            <ba_departno>13</ba_departno>
            <ba_objectno>0291</ba_objectno>
            <ba_budgettype>E</ba_budgettype>
            <ba_budgetsource>1</ba_budgetsource>
            <ba_mergetype>1</ba_mergetype>
            <ba_budgetamt>20000.00</ba_budgetamt>
            <ba_flowflag/>
            <ba_signflag/>
            <ba_signno/>
            <ba_key>11  </ba_key>
        </BCTDBUDGETDETAIL_row>
    </BCTDBUDGETDETAIL>
    <BCTDMEMO>
        <BCTDMEMO_row>
            <bc_fiscalyear>104</bc_fiscalyear>
            <bc_fundkind>1</bc_fundkind>
            <bc_budgetkind>1</bc_budgetkind>
            <bc_specialbudgetno/>
            <bc_agenno>23017072</bc_agenno>
            <bc_agentype>C</bc_agentype>
            <bc_budgetstate>2</bc_budgetstate>
            <bc_reportno>BCME3440</bc_reportno>
            <bc_key>3523017410001xxxxxx11xxxxxxxE1x0</bc_key>
            <bc_versiondate/>
            <bc_content>本計畫本年度編列人事費8,100千元，其內容如下：&lt;#H1&gt;法定編制人員待遇4,228千元，係職員8人之薪俸、加給等。&lt;#H1&gt;約聘僱人員待遇373千元，係約聘僱人員之酬金。&lt;#H1&gt;技工及工友待遇422千元，係工友1人之工餉、加給等。&lt;#H1&gt;獎金1,216千元，係考績獎金、年終工作獎金及獎章之獎勵金等。&lt;#H1&gt;其他給與81千元，係休假補助。&lt;#H1&gt;加班值班費806千元，係加、值班費及不休假加班費。&lt;#H1&gt;退休離職儲金449千元，係現職人員依法應提撥之退休、離職儲金等。&lt;#H1&gt;保險525千元，係現職人員依法應提撥之公、勞、健保費等。</bc_content>
        </BCTDMEMO_row>
        <BCTDMEMO_row>
            <bc_fiscalyear>104</bc_fiscalyear>
            <bc_fundkind>1</bc_fundkind>
            <bc_budgetkind>1</bc_budgetkind>
            <bc_specialbudgetno/>
            <bc_agenno>23017072</bc_agenno>
            <bc_agentype>C</bc_agentype>
            <bc_budgetstate>2</bc_budgetstate>
            <bc_reportno>BCME3440</bc_reportno>
            <bc_key>3523017410001xxxxxx12xxxxxxxE1x0</bc_key>
            <bc_versiondate/>
            <bc_content>本計畫本年度編列人事費8,433元，其內容如下：&lt;#H1&gt;法定編製人員待遇4,991千元，係職員8人之薪俸、加給等。&lt;#H1&gt;技工及工友待遇440千元，係工友1人之工餉、加給等。&lt;#H1&gt;獎金1,213千元，係考績獎金及年終工作獎金等。&lt;#H1&gt;其他給與30千元，係休假補助及員工因公傷殘死亡慰問金等。&lt;#H1&gt;加班值班費819千元，係加、值班費及不休假加班費。&lt;#H1&gt;退休離職儲金455千元，係現職人員依法應提撥之退休、離職儲金等。&lt;#H1&gt;保險485千元，係現職人員依法應提撥之公、勞、健保費等。&#xd;
</bc_content>
        </BCTDMEMO_row>
        <BCTDMEMO_row>
            <bc_fiscalyear>104</bc_fiscalyear>
            <bc_fundkind>1</bc_fundkind>
            <bc_budgetkind>1</bc_budgetkind>
            <bc_specialbudgetno/>
            <bc_agenno>23017072</bc_agenno>
            <bc_agentype>C</bc_agentype>
            <bc_budgetstate>2</bc_budgetstate>
            <bc_reportno>BCME3440</bc_reportno>
            <bc_key>3523017410002xxxxxx11xxxxxxxE1x0</bc_key>
            <bc_versiondate/>
            <bc_content>本計畫本年度編列392千元，其內容如下：&lt;#H1&gt;業務費386千元，包括：&lt;#H2&gt;教育訓練費9千元，係員工訓練所需教材、膳宿、交通等經費。&lt;#H2&gt;水電費127千元。&lt;#H2&gt;通訊費10千元，係郵資、電話及數據通訊費等。&lt;#H2&gt;兼職費36千元，係兼任少年觀護所所長之兼職費。&lt;#H2&gt;物品81千元，包括：&lt;#H3&gt;資訊耗材等經費13千元。&lt;#H3&gt;一般行政業務所需文具紙張等消耗品19千元。&lt;#H3&gt;非消耗性辦公用具購置經費49千元。&lt;#H2&gt;一般事務費40千元，包括：&lt;#H3&gt;文康活動費22千元，係按員工9人，每人每年2,500元計列。&lt;#H3&gt;行政管理事務費7千元。&lt;#H3&gt;員工健康檢查補助費7千元，係按職員2人，每人每年3,500元計列。&lt;#H3&gt;環境清潔及雜支等經費4千元。&lt;#H2&gt;房屋建築養護費2千元。&lt;#H2&gt;車輛及辦公器具養護費9千元，係辦公器具養護費，按職員8人，每人每年1,048元計列。&lt;#H2&gt;設施及機械設備養護費55千元，包括：&lt;#H3&gt;發電機、電氣系統及消防設備等養護費10千元。&lt;#H3&gt;高壓斷電感應系統及汙水處理場養護費11千元。&lt;#H3&gt;監視設備及安全系統等養護費25千元。&lt;#H3&gt;辦公及其他設備養護費9千元。&lt;#H2&gt;國內旅費14千元，係處理一般公務或特定工作計畫於國內地區所需之差旅費。&lt;#H2&gt;運費3千元。&lt;#H1&gt;獎補助費6千元，係退休退職人員三節慰問金，按每人每年6,000元計列。</bc_content>
        </BCTDMEMO_row>
        <BCTDMEMO_row>
            <bc_fiscalyear>104</bc_fiscalyear>
            <bc_fundkind>1</bc_fundkind>
            <bc_budgetkind>1</bc_budgetkind>
            <bc_specialbudgetno/>
            <bc_agenno>23017072</bc_agenno>
            <bc_agentype>C</bc_agentype>
            <bc_budgetstate>2</bc_budgetstate>
            <bc_reportno>BCME3440</bc_reportno>
            <bc_key>3523017410002xxxxxx12xxxxxxxE1x0</bc_key>
            <bc_versiondate/>
            <bc_content>本計畫本年度編列394千元，其內容如下：&lt;#H1&gt;業務費382千元，包括：&lt;#H2&gt;教育訓練費9千元，係員工訓練所需教材、膳宿、交通等經費。&lt;#H2&gt;水電費127千元。&lt;#H2&gt;通訊費10千元，係郵資、電話及數據通訊費等。&lt;#H2&gt;兼職費36千元，係兼任少年觀護所所長之兼職費。&lt;#H2&gt;物品81千元，包括：&lt;#H3&gt;資訊耗材等經費13千元。&lt;#H3&gt;一般行政業務所需文具紙張等消耗品19千元。&lt;#H3&gt;非消耗性辦公用具購置經費49千元。&lt;#H2&gt;一般事務費38千元，包括：&lt;#H3&gt;文康活動費18千元，係按員工9人，每人每年2,000元計列。&lt;#H3&gt;行政管理事務費9千元。&lt;#H3&gt;員工健康檢查補助費7千元，係按職員2人，每人每年3,500元計列。&lt;#H3&gt;環境清潔及雜支等經費4千元。&lt;#H2&gt;房屋建築養護費1千元。&lt;#H2&gt;車輛及辦公器具養護8千元，係辦公器具養護費，按職員8人，每人每年1,048元計列。&lt;#H2&gt;設施及機械設備養護費55千元，包括：&lt;#H3&gt;發電機、電氣系統及消防設備等養護費10千元。&lt;#H3&gt;高壓斷電感應系統及污水處理場養護費11千元。&lt;#H3&gt;監視設備及安全系統等養護費25千元。&lt;#H3&gt;辦公及其他設備養護費9千元。&lt;#H2&gt;國內旅費14千元，係處理一般公務或特定工作計畫於國內地區所需之差旅費。&lt;#H2&gt;運費3千元。&lt;#H1&gt;獎補助費12千元，係退休退職人員三節慰問金，按每人每年6,000元計列。</bc_content>
        </BCTDMEMO_row>
        <BCTDMEMO_row>
            <bc_fiscalyear>104</bc_fiscalyear>
            <bc_fundkind>1</bc_fundkind>
            <bc_budgetkind>1</bc_budgetkind>
            <bc_specialbudgetno/>
            <bc_agenno>23017072</bc_agenno>
            <bc_agentype>C</bc_agentype>
            <bc_budgetstate>2</bc_budgetstate>
            <bc_reportno>BCME3440</bc_reportno>
            <bc_key>3523017410005xxxxxx13xxxxxxxE1x0</bc_key>
            <bc_versiondate/>
            <bc_content>本計畫本年度編列業務費407千元，其內容如下：&lt;#H1&gt;按日按件計資酬金324千元，係聘請講師演講或教授教化課程之鐘點費。&lt;#H1&gt;物品3千元，係尿液檢驗及試劑材料等經費，按每人每年篩檢4次，每次200元計列。&lt;#H1&gt;一般事務費60千元，包括：&lt;#H2&gt;戒護人員服制費及收容人服裝費44千元。&lt;#H2&gt;戒護人員常年教育訓練經費4千元。&lt;#H2&gt;警衛管理及戒護業務經費12千元。&lt;#H1&gt;國內旅費20千元，係解送收容人等差旅費。</bc_content>
        </BCTDMEMO_row>
        <BCTDMEMO_row>
            <bc_fiscalyear>104</bc_fiscalyear>
            <bc_fundkind>1</bc_fundkind>
            <bc_budgetkind>1</bc_budgetkind>
            <bc_specialbudgetno/>
            <bc_agenno>23017072</bc_agenno>
            <bc_agentype>C</bc_agentype>
            <bc_budgetstate>2</bc_budgetstate>
            <bc_reportno>BCME3440</bc_reportno>
            <bc_key>35230174100xE1x1</bc_key>
            <bc_versiondate/>
            <bc_content>&lt;#H1&gt;辦理矯正機關基本行政管理及人員訓練等業務。&lt;#H1&gt;辦理矯正機關收容人教化、調查分類、戒護安全、技能訓練、作業及衛生醫療等業務。</bc_content>
        </BCTDMEMO_row>
        <BCTDMEMO_row>
            <bc_fiscalyear>104</bc_fiscalyear>
            <bc_fundkind>1</bc_fundkind>
            <bc_budgetkind>1</bc_budgetkind>
            <bc_specialbudgetno/>
            <bc_agenno>23017072</bc_agenno>
            <bc_agentype>C</bc_agentype>
            <bc_budgetstate>2</bc_budgetstate>
            <bc_reportno>BCME3440</bc_reportno>
            <bc_key>35230174100xE1x2</bc_key>
            <bc_versiondate/>
            <bc_content>&lt;#H1&gt;依施政計畫預定進度，按期實施完成，提高工作效率。&lt;#H1&gt;培養收容人之勤勞習慣，訓練一技之長，俾利復歸社會。&lt;#H1&gt;穩定囚情，防止戒護事故發生，維護機關安全。&lt;#H1&gt;維護收容人身體健康，強化衛生習慣，防止傳染病發生。&lt;#H1&gt;強化教化功能，落實教誨教育工作，培養收容人正確價值觀念。</bc_content>
        </BCTDMEMO_row>
    </BCTDMEMO>
</tables>
