<?xml version="1.0" encoding="UTF-8"?>
<tables>
    <BCTDMANAMT>
        <BCTDMANAMT_row>
            <bn_fiscalyear>104</bn_fiscalyear>
            <bn_fundkind>1</bn_fundkind>
            <bn_budgetkind>1</bn_budgetkind>
            <bn_specialbudgetno/>
            <bn_agenno>23020</bn_agenno>
            <bn_agentype>C</bn_agentype>
            <bn_budgetstate>2</bn_budgetstate>
            <bn_budgetsource>1</bn_budgetsource>
            <bn_man1>75</bn_man1>
            <bn_man1_l>75</bn_man1_l>
            <bn_man2>0</bn_man2>
            <bn_man2_l>0</bn_man2_l>
            <bn_man3>0</bn_man3>
            <bn_man3_l>0</bn_man3_l>
            <bn_man4>4</bn_man4>
            <bn_man4_l>4</bn_man4_l>
            <bn_man5>0</bn_man5>
            <bn_man5_l>0</bn_man5_l>
            <bn_man6>0</bn_man6>
            <bn_man6_l>0</bn_man6_l>
            <bn_man7>8</bn_man7>
            <bn_man7_l>8</bn_man7_l>
            <bn_man8>0</bn_man8>
            <bn_man8_l>0</bn_man8_l>
            <bn_man9>8</bn_man9>
            <bn_man9_l>9</bn_man9_l>
            <bn_man10>0</bn_man10>
            <bn_man10_l>0</bn_man10_l>
            <bn_man11>0</bn_man11>
            <bn_man11_l>0</bn_man11_l>
            <bn_amt_man>142226000.00</bn_amt_man>
            <bn_amt_mngbsn>140306000.00</bn_amt_mngbsn>
            <bn_text>&amp;lt;#H1&amp;gt;本年度預算員額95人，較上年度減少1人、係精簡駕駛1人。&amp;lt;#H1&amp;gt;於「一般行政-基本行政工作維持」之業務費項下，預計進用勞務承攬6人，經費4,029千元。&amp;lt;#H1&amp;gt;於「檢察業務-特別偵查組案件偵辦」支業務費項下，預計進用勞務承攬4人，經費1,397千元。</bn_text>
            <display_name>35230200100 一般行政</display_name>
        </BCTDMANAMT_row>
    </BCTDMANAMT>
</tables>
