<?xml version="1.0" encoding="UTF-8"?>
<tables>
    <BCTDYEARPLAN>
        <BCTDYEARPLAN_row>
            <b06_fiscalyear>106</b06_fiscalyear>
            <b06_fundkind>1</b06_fundkind>
            <b06_budgetkind>1         </b06_budgetkind>
            <b06_specialbudgetno/>
            <b06_agenno>63001     </b06_agenno>
            <b06_agentype>C         </b06_agentype>
            <b06_budgetstate>1</b06_budgetstate>
            <b06_planno>01</b06_planno>
            <b06_planname>海巡岸際雷達系統換裝計畫</b06_planname>
            <b06_startyear>103</b06_startyear>
            <b06_endyear>106</b06_endyear>
            <b06_budgetamt>741560000.00</b06_budgetamt>
            <b06_amt1>130000000.00</b06_amt1>
            <b06_amt2>260000000.00</b06_amt2>
            <b06_amt3>351560000.00</b06_amt3>
            <b06_amt4>0.00</b06_amt4>
            <b06_memo>&amp;lt;#H1&amp;gt;行政院102年6月11日院臺防字第1020034135號函核定，並經行政院104年7月13日院臺防字第1040032884號函核定修正後總經費為741,560千元。&amp;lt;#H1&amp;gt;本計畫106年度預算編列於「海岸及海域巡防業務」科目351,560千元。</b06_memo>
            <b06_upduserno>824</b06_upduserno>
            <b06_upddatetime/>
            <b06_versiondate/>
            <b06_amt1_display>1.300000000000</b06_amt1_display>
            <b06_amt2_display>2.600000000000</b06_amt2_display>
            <b06_amt3_display>3.515600000000</b06_amt3_display>
            <b06_amt4_display>0E-12</b06_amt4_display>
            <b06_budgetamt_display>7.415600000000</b06_budgetamt_display>
        </BCTDYEARPLAN_row>
    </BCTDYEARPLAN>
</tables>
