<?xml version="1.0" encoding="UTF-8"?>
<tables>
    <BCME3410_row>
        <mh_itemserialno1/>
        <mh_itemserialno2/>
        <mh_itemserialno3/>
        <mh_itemserialno4/>
        <budgetno/>
        <mh_budgetname>合         計</mh_budgetname>
        <budgetno_conver/>
        <tyear_amt>620297.000000</tyear_amt>
        <lyear_amt>567092.000000</lyear_amt>
        <byear_amt>601304.000000</byear_amt>
        <b_amt>53205.000000</b_amt>
        <bc_content/>
        <blevel>9</blevel>
        <ordinaryid>1</ordinaryid>
    </BCME3410_row>
    <BCME3410_row>
        <mh_itemserialno1>2</mh_itemserialno1>
        <mh_itemserialno2/>
        <mh_itemserialno3/>
        <mh_itemserialno4/>
        <budgetno>04000000000</budgetno>
        <mh_budgetname>罰款及賠償收入</mh_budgetname>
        <budgetno_conver>0400000000</budgetno_conver>
        <tyear_amt>22200.000000</tyear_amt>
        <lyear_amt>18860.000000</lyear_amt>
        <byear_amt>21063.000000</byear_amt>
        <b_amt>3340.000000</b_amt>
        <bc_content/>
        <blevel>1</blevel>
        <ordinaryid/>
    </BCME3410_row>
    <BCME3410_row>
        <mh_itemserialno1/>
        <mh_itemserialno2>37</mh_itemserialno2>
        <mh_itemserialno3/>
        <mh_itemserialno4/>
        <budgetno>04050500000</budgetno>
        <mh_budgetname>臺灣臺中地方法院</mh_budgetname>
        <budgetno_conver>0405500000</budgetno_conver>
        <tyear_amt>22200.000000</tyear_amt>
        <lyear_amt>18860.000000</lyear_amt>
        <byear_amt>21063.000000</byear_amt>
        <b_amt>3340.000000</b_amt>
        <bc_content/>
        <blevel>2</blevel>
        <ordinaryid/>
    </BCME3410_row>
    <BCME3410_row>
        <mh_itemserialno1/>
        <mh_itemserialno2/>
        <mh_itemserialno3>01</mh_itemserialno3>
        <mh_itemserialno4/>
        <budgetno>04050500100</budgetno>
        <mh_budgetname>罰金罰鍰及怠金</mh_budgetname>
        <budgetno_conver>0405500100</budgetno_conver>
        <tyear_amt>1200.000000</tyear_amt>
        <lyear_amt>560.000000</lyear_amt>
        <byear_amt>1275.000000</byear_amt>
        <b_amt>640.000000</b_amt>
        <bc_content/>
        <blevel>3</blevel>
        <ordinaryid/>
    </BCME3410_row>
    <BCME3410_row>
        <mh_itemserialno1/>
        <mh_itemserialno2/>
        <mh_itemserialno3/>
        <mh_itemserialno4>01</mh_itemserialno4>
        <budgetno>04050500101</budgetno>
        <mh_budgetname>罰金罰鍰</mh_budgetname>
        <budgetno_conver>0405500101</budgetno_conver>
        <tyear_amt>1200.000000</tyear_amt>
        <lyear_amt>560.000000</lyear_amt>
        <byear_amt>1275.000000</byear_amt>
        <b_amt>640.000000</b_amt>
        <bc_key>04050500101xxxxxxxxxxxxxxxxxxxxxxxx1R1x0</bc_key>
        <bc_content>本年度預算數係忽視少年教養及
證人無正當理由未到庭作證等罰
款收入。</bc_content>
        <blevel>4</blevel>
        <ordinaryid/>
    </BCME3410_row>
    <BCME3410_row>
        <mh_itemserialno1/>
        <mh_itemserialno2/>
        <mh_itemserialno3>02</mh_itemserialno3>
        <mh_itemserialno4/>
        <budgetno>04050500200</budgetno>
        <mh_budgetname>沒入及沒收財物</mh_budgetname>
        <budgetno_conver>0405500200</budgetno_conver>
        <tyear_amt>21000.000000</tyear_amt>
        <lyear_amt>18300.000000</lyear_amt>
        <byear_amt>19788.000000</byear_amt>
        <b_amt>2700.000000</b_amt>
        <bc_content/>
        <blevel>3</blevel>
        <ordinaryid/>
    </BCME3410_row>
    <BCME3410_row>
        <mh_itemserialno1/>
        <mh_itemserialno2/>
        <mh_itemserialno3/>
        <mh_itemserialno4>01</mh_itemserialno4>
        <budgetno>04050500201</budgetno>
        <mh_budgetname>沒入金</mh_budgetname>
        <budgetno_conver>0405500201</budgetno_conver>
        <tyear_amt>21000.000000</tyear_amt>
        <lyear_amt>18300.000000</lyear_amt>
        <byear_amt>19788.000000</byear_amt>
        <b_amt>2700.000000</b_amt>
        <bc_key>04050500201xxxxxxxxxxxxxxxxxxxxxxxx1R1x0</bc_key>
        <bc_content>本年度預算數係沒入刑事保證金
等收入。</bc_content>
        <blevel>4</blevel>
        <ordinaryid/>
    </BCME3410_row>
    <BCME3410_row>
        <mh_itemserialno1>3</mh_itemserialno1>
        <mh_itemserialno2/>
        <mh_itemserialno3/>
        <mh_itemserialno4/>
        <budgetno>05000000000</budgetno>
        <mh_budgetname>規費收入</mh_budgetname>
        <budgetno_conver>0500000000</budgetno_conver>
        <tyear_amt>571327.000000</tyear_amt>
        <lyear_amt>535554.000000</lyear_amt>
        <byear_amt>548562.000000</byear_amt>
        <b_amt>35773.000000</b_amt>
        <bc_content/>
        <blevel>1</blevel>
        <ordinaryid/>
    </BCME3410_row>
    <BCME3410_row>
        <mh_itemserialno1/>
        <mh_itemserialno2>38</mh_itemserialno2>
        <mh_itemserialno3/>
        <mh_itemserialno4/>
        <budgetno>05050500000</budgetno>
        <mh_budgetname>臺灣臺中地方法院</mh_budgetname>
        <budgetno_conver>0505500000</budgetno_conver>
        <tyear_amt>571327.000000</tyear_amt>
        <lyear_amt>535554.000000</lyear_amt>
        <byear_amt>548562.000000</byear_amt>
        <b_amt>35773.000000</b_amt>
        <bc_content/>
        <blevel>2</blevel>
        <ordinaryid/>
    </BCME3410_row>
    <BCME3410_row>
        <mh_itemserialno1/>
        <mh_itemserialno2/>
        <mh_itemserialno3>01</mh_itemserialno3>
        <mh_itemserialno4/>
        <budgetno>05050500200</budgetno>
        <mh_budgetname>司法規費收入</mh_budgetname>
        <budgetno_conver>0505500200</budgetno_conver>
        <tyear_amt>568539.000000</tyear_amt>
        <lyear_amt>531965.000000</lyear_amt>
        <byear_amt>544812.000000</byear_amt>
        <b_amt>36574.000000</b_amt>
        <bc_content/>
        <blevel>3</blevel>
        <ordinaryid/>
    </BCME3410_row>
    <BCME3410_row>
        <mh_itemserialno1/>
        <mh_itemserialno2/>
        <mh_itemserialno3/>
        <mh_itemserialno4>01</mh_itemserialno4>
        <budgetno>05050500201</budgetno>
        <mh_budgetname>民事訴訟費</mh_budgetname>
        <budgetno_conver>0505500201</budgetno_conver>
        <tyear_amt>534385.000000</tyear_amt>
        <lyear_amt>498538.000000</lyear_amt>
        <byear_amt>515726.000000</byear_amt>
        <b_amt>35847.000000</b_amt>
        <bc_key>05050500201xxxxxxxxxxxxxxxxxxxxxxxx1R1x0</bc_key>
        <bc_content>本年度預算數係民事、家事訴訟
裁判費及執行費等收入。</bc_content>
        <blevel>4</blevel>
        <ordinaryid/>
    </BCME3410_row>
    <BCME3410_row>
        <mh_itemserialno1/>
        <mh_itemserialno2/>
        <mh_itemserialno3/>
        <mh_itemserialno4>02</mh_itemserialno4>
        <budgetno>05050500202</budgetno>
        <mh_budgetname>非訟事件費</mh_budgetname>
        <budgetno_conver>0505500202</budgetno_conver>
        <tyear_amt>24879.000000</tyear_amt>
        <lyear_amt>24220.000000</lyear_amt>
        <byear_amt>20674.000000</byear_amt>
        <b_amt>659.000000</b_amt>
        <bc_key>05050500202xxxxxxxxxxxxxxxxxxxxxxxx1R1x0</bc_key>
        <bc_content>本年度預算數係非訟、家事事件
聲請費及提存費等收入。</bc_content>
        <blevel>4</blevel>
        <ordinaryid/>
    </BCME3410_row>
    <BCME3410_row>
        <mh_itemserialno1/>
        <mh_itemserialno2/>
        <mh_itemserialno3/>
        <mh_itemserialno4>03</mh_itemserialno4>
        <budgetno>05050500203</budgetno>
        <mh_budgetname>公證費</mh_budgetname>
        <budgetno_conver>0505500203</budgetno_conver>
        <tyear_amt>8850.000000</tyear_amt>
        <lyear_amt>8850.000000</lyear_amt>
        <byear_amt>8002.000000</byear_amt>
        <b_amt>0.000000</b_amt>
        <bc_key>05050500203xxxxxxxxxxxxxxxxxxxxxxxx1R1x0</bc_key>
        <bc_content>本年度預算數係辦理公證應繳交
之公證費等收入。</bc_content>
        <blevel>4</blevel>
        <ordinaryid/>
    </BCME3410_row>
    <BCME3410_row>
        <mh_itemserialno1/>
        <mh_itemserialno2/>
        <mh_itemserialno3/>
        <mh_itemserialno4>04</mh_itemserialno4>
        <budgetno>05050500204</budgetno>
        <mh_budgetname>行政訴訟費</mh_budgetname>
        <budgetno_conver>0505500204</budgetno_conver>
        <tyear_amt>425.000000</tyear_amt>
        <lyear_amt>357.000000</lyear_amt>
        <byear_amt>411.000000</byear_amt>
        <b_amt>68.000000</b_amt>
        <bc_key>05050500204xxxxxxxxxxxxxxxxxxxxxxxx1R1x0</bc_key>
        <bc_content>本年度預算數係行政訴訟裁判費
等收入。</bc_content>
        <blevel>4</blevel>
        <ordinaryid/>
    </BCME3410_row>
    <BCME3410_row>
        <mh_itemserialno1/>
        <mh_itemserialno2/>
        <mh_itemserialno3>02</mh_itemserialno3>
        <mh_itemserialno4/>
        <budgetno>05050500300</budgetno>
        <mh_budgetname>使用規費收入</mh_budgetname>
        <budgetno_conver>0505500300</budgetno_conver>
        <tyear_amt>2788.000000</tyear_amt>
        <lyear_amt>3589.000000</lyear_amt>
        <byear_amt>3750.000000</byear_amt>
        <b_amt>-801.000000</b_amt>
        <bc_content/>
        <blevel>3</blevel>
        <ordinaryid/>
    </BCME3410_row>
    <BCME3410_row>
        <mh_itemserialno1/>
        <mh_itemserialno2/>
        <mh_itemserialno3/>
        <mh_itemserialno4>01</mh_itemserialno4>
        <budgetno>05050500305</budgetno>
        <mh_budgetname>資料使用費</mh_budgetname>
        <budgetno_conver>0505500305</budgetno_conver>
        <tyear_amt>2788.000000</tyear_amt>
        <lyear_amt>3589.000000</lyear_amt>
        <byear_amt>3750.000000</byear_amt>
        <b_amt>-801.000000</b_amt>
        <bc_key>05050500305xxxxxxxxxxxxxxxxxxxxxxxx1R1x0</bc_key>
        <bc_content>本年度預算數係訴訟文書影印費
等收入。</bc_content>
        <blevel>4</blevel>
        <ordinaryid/>
    </BCME3410_row>
    <BCME3410_row>
        <mh_itemserialno1>4</mh_itemserialno1>
        <mh_itemserialno2/>
        <mh_itemserialno3/>
        <mh_itemserialno4/>
        <budgetno>07000000000</budgetno>
        <mh_budgetname>財產收入</mh_budgetname>
        <budgetno_conver>0700000000</budgetno_conver>
        <tyear_amt>524.000000</tyear_amt>
        <lyear_amt>985.000000</lyear_amt>
        <byear_amt>525.000000</byear_amt>
        <b_amt>-461.000000</b_amt>
        <bc_content/>
        <blevel>1</blevel>
        <ordinaryid/>
    </BCME3410_row>
    <BCME3410_row>
        <mh_itemserialno1/>
        <mh_itemserialno2>43</mh_itemserialno2>
        <mh_itemserialno3/>
        <mh_itemserialno4/>
        <budgetno>07050500000</budgetno>
        <mh_budgetname>臺灣臺中地方法院</mh_budgetname>
        <budgetno_conver>0705500000</budgetno_conver>
        <tyear_amt>524.000000</tyear_amt>
        <lyear_amt>985.000000</lyear_amt>
        <byear_amt>525.000000</byear_amt>
        <b_amt>-461.000000</b_amt>
        <bc_content/>
        <blevel>2</blevel>
        <ordinaryid/>
    </BCME3410_row>
    <BCME3410_row>
        <mh_itemserialno1/>
        <mh_itemserialno2/>
        <mh_itemserialno3>01</mh_itemserialno3>
        <mh_itemserialno4/>
        <budgetno>07050500100</budgetno>
        <mh_budgetname>財產孳息</mh_budgetname>
        <budgetno_conver>0705500100</budgetno_conver>
        <tyear_amt>489.000000</tyear_amt>
        <lyear_amt>950.000000</lyear_amt>
        <byear_amt>478.000000</byear_amt>
        <b_amt>-461.000000</b_amt>
        <bc_content/>
        <blevel>3</blevel>
        <ordinaryid/>
    </BCME3410_row>
    <BCME3410_row>
        <mh_itemserialno1/>
        <mh_itemserialno2/>
        <mh_itemserialno3/>
        <mh_itemserialno4>01</mh_itemserialno4>
        <budgetno>07050500106</budgetno>
        <mh_budgetname>租金收入</mh_budgetname>
        <budgetno_conver>0705500106</budgetno_conver>
        <tyear_amt>489.000000</tyear_amt>
        <lyear_amt>950.000000</lyear_amt>
        <byear_amt>478.000000</byear_amt>
        <b_amt>-461.000000</b_amt>
        <bc_key>07050500106xxxxxxxxxxxxxxxxxxxxxxxx1R1x0</bc_key>
        <bc_content>本年度預算數係場地租金等收入
。</bc_content>
        <blevel>4</blevel>
        <ordinaryid/>
    </BCME3410_row>
    <BCME3410_row>
        <mh_itemserialno1/>
        <mh_itemserialno2/>
        <mh_itemserialno3>02</mh_itemserialno3>
        <mh_itemserialno4/>
        <budgetno>07050500600</budgetno>
        <mh_budgetname>廢舊物資售價</mh_budgetname>
        <budgetno_conver>0705500600</budgetno_conver>
        <tyear_amt>35.000000</tyear_amt>
        <lyear_amt>35.000000</lyear_amt>
        <byear_amt>47.000000</byear_amt>
        <b_amt>0.000000</b_amt>
        <bc_key>07050500600xxxxxxxxxxxxxxxxxxxxxxxx1R1x0</bc_key>
        <bc_content>本年度預算數係出售報廢財產及
廢舊物品等收入。</bc_content>
        <blevel>3</blevel>
        <ordinaryid/>
    </BCME3410_row>
    <BCME3410_row>
        <mh_itemserialno1>7</mh_itemserialno1>
        <mh_itemserialno2/>
        <mh_itemserialno3/>
        <mh_itemserialno4/>
        <budgetno>11000000000</budgetno>
        <mh_budgetname>其他收入</mh_budgetname>
        <budgetno_conver>1100000000</budgetno_conver>
        <tyear_amt>26246.000000</tyear_amt>
        <lyear_amt>11693.000000</lyear_amt>
        <byear_amt>31154.000000</byear_amt>
        <b_amt>14553.000000</b_amt>
        <bc_content/>
        <blevel>1</blevel>
        <ordinaryid/>
    </BCME3410_row>
    <BCME3410_row>
        <mh_itemserialno1/>
        <mh_itemserialno2>44</mh_itemserialno2>
        <mh_itemserialno3/>
        <mh_itemserialno4/>
        <budgetno>11050500000</budgetno>
        <mh_budgetname>臺灣臺中地方法院</mh_budgetname>
        <budgetno_conver>1105500000</budgetno_conver>
        <tyear_amt>26246.000000</tyear_amt>
        <lyear_amt>11693.000000</lyear_amt>
        <byear_amt>31154.000000</byear_amt>
        <b_amt>14553.000000</b_amt>
        <bc_content/>
        <blevel>2</blevel>
        <ordinaryid/>
    </BCME3410_row>
    <BCME3410_row>
        <mh_itemserialno1/>
        <mh_itemserialno2/>
        <mh_itemserialno3>01</mh_itemserialno3>
        <mh_itemserialno4/>
        <budgetno>11050500900</budgetno>
        <mh_budgetname>雜項收入</mh_budgetname>
        <budgetno_conver>1105500900</budgetno_conver>
        <tyear_amt>26246.000000</tyear_amt>
        <lyear_amt>11693.000000</lyear_amt>
        <byear_amt>31154.000000</byear_amt>
        <b_amt>14553.000000</b_amt>
        <bc_content/>
        <blevel>3</blevel>
        <ordinaryid/>
    </BCME3410_row>
    <BCME3410_row>
        <mh_itemserialno1/>
        <mh_itemserialno2/>
        <mh_itemserialno3/>
        <mh_itemserialno4>01</mh_itemserialno4>
        <budgetno>11050500901</budgetno>
        <mh_budgetname>收回以前年度歲出</mh_budgetname>
        <budgetno_conver>1105500901</budgetno_conver>
        <tyear_amt>0.000000</tyear_amt>
        <lyear_amt>0.000000</lyear_amt>
        <byear_amt>33.000000</byear_amt>
        <b_amt>0.000000</b_amt>
        <bc_key>11050500901xxxxxxxxxxxxxxxxxxxxxxxx1R1x0</bc_key>
        <bc_content>前年度決算數係收回員工薪資等
繳庫數。</bc_content>
        <blevel>4</blevel>
        <ordinaryid/>
    </BCME3410_row>
    <BCME3410_row>
        <mh_itemserialno1/>
        <mh_itemserialno2/>
        <mh_itemserialno3/>
        <mh_itemserialno4>02</mh_itemserialno4>
        <budgetno>11050500909</budgetno>
        <mh_budgetname>其他雜項收入</mh_budgetname>
        <budgetno_conver>1105500909</budgetno_conver>
        <tyear_amt>26246.000000</tyear_amt>
        <lyear_amt>11693.000000</lyear_amt>
        <byear_amt>31122.000000</byear_amt>
        <b_amt>14553.000000</b_amt>
        <bc_key>11050500909xxxxxxxxxxxxxxxxxxxxxxxx1R1x0</bc_key>
        <bc_content>本年度預算數係提存款逾期未領
依規定繳庫及裁判費逾期1年未
領依規定繳庫等收入。</bc_content>
        <blevel>4</blevel>
        <ordinaryid/>
    </BCME3410_row>
</tables>
