<?xml version="1.0" encoding="UTF-8"?>
<tables>
    <BCME3420>
        <BCME3420_row>
            <budgetno/>
            <agenno/>
            <agentype/>
            <mh_budgetname>合    計</mh_budgetname>
            <displayname>合    計</displayname>
            <budgetno_conver/>
            <tyear_amt>1344863000</tyear_amt>
            <lyear_amt>1303993000</lyear_amt>
            <byear_amt>1276723645</byear_amt>
            <b_amt>40870000</b_amt>
            <bc_content/>
            <memo/>
        </BCME3420_row>
        <BCME3420_row>
            <budgetno>00050000000</budgetno>
            <agenno>05050</agenno>
            <agentype>C</agentype>
            <mh_budgetname>司法院主管</mh_budgetname>
            <displayname>司法院主管</displayname>
            <budgetno_conver>0005000000</budgetno_conver>
            <tyear_amt>1344863000</tyear_amt>
            <lyear_amt>1303993000</lyear_amt>
            <byear_amt>1276723645</byear_amt>
            <b_amt>40870000</b_amt>
            <bc_content/>
        </BCME3420_row>
        <BCME3420_row>
            <budgetno>00050500000</budgetno>
            <agenno>05050</agenno>
            <agentype>C</agentype>
            <mh_budgetname>臺灣臺中地方法院</mh_budgetname>
            <displayname>臺灣臺中地方法院</displayname>
            <budgetno_conver>0005500000</budgetno_conver>
            <tyear_amt>1344863000</tyear_amt>
            <lyear_amt>1303993000</lyear_amt>
            <byear_amt>1276723645</byear_amt>
            <b_amt>40870000</b_amt>
            <bc_content/>
        </BCME3420_row>
        <BCME3420_row>
            <budgetno>35050500000</budgetno>
            <agenno>05050</agenno>
            <agentype>C</agentype>
            <mh_budgetname>司法支出</mh_budgetname>
            <displayname>司法支出</displayname>
            <budgetno_conver>3505500000</budgetno_conver>
            <tyear_amt>1344863000</tyear_amt>
            <lyear_amt>1303993000</lyear_amt>
            <byear_amt>1276723645</byear_amt>
            <b_amt>40870000</b_amt>
            <bc_content/>
        </BCME3420_row>
        <BCME3420_row>
            <budgetno>35050500100</budgetno>
            <agenno>05050</agenno>
            <agentype>C</agentype>
            <mh_budgetname>一般行政</mh_budgetname>
            <displayname>一般行政</displayname>
            <budgetno_conver>3505500100</budgetno_conver>
            <tyear_amt>1225645000</tyear_amt>
            <lyear_amt>1193117000</lyear_amt>
            <byear_amt>1165894175</byear_amt>
            <b_amt>32528000</b_amt>
            <bc_content>&lt;#H1&gt;本年度預算數1,225,645千元，包括人事費1,157,950千元，業務費66,675千元，獎補助費1,020千元。&#xd;
&lt;#H1&gt;本年度預算數之內容與上年度之比較如下：&#xd;
&lt;#H2&gt;人員維持費1,157,950千元，較上年度增列(含移撥)員額1人之人事費、員工薪俸晉級差額及撥補勞工退休準備金專戶差額等經費32,992千元。&#xd;
&lt;#H2&gt;基本行政工作維持費29,429千元，較上年度增列購買公務車油料等經費150千元。&#xd;
&lt;#H2&gt;辦理司法行政業務經費38,266千元，較上年度減列辦公廳室養護等經費614千元。</bc_content>
        </BCME3420_row>
        <BCME3420_row>
            <budgetno>35050501000</budgetno>
            <agenno>05050</agenno>
            <agentype>C</agentype>
            <mh_budgetname>審判業務</mh_budgetname>
            <displayname>審判業務</displayname>
            <budgetno_conver>3505501000</budgetno_conver>
            <tyear_amt>101139000</tyear_amt>
            <lyear_amt>97725000</lyear_amt>
            <byear_amt>102229184</byear_amt>
            <b_amt>3414000</b_amt>
            <bc_content>&lt;#H1&gt;本年度預算數101,139千元，包括業務費99,868千元，設備及投資1,271千元。&#xd;
&lt;#H1&gt;本年度預算數之內容與上年度之比較如下：&#xd;
&lt;#H2&gt;辦理民事事件業務經費40,843千元，較上年度增列辦理電子卷證委外掃描等經費1,000千元。&#xd;
&lt;#H2&gt;辦理刑事案件業務經費18,763千元，較上年度增列辦理電子卷證委外掃描等經費2,003千元。&#xd;
&lt;#H2&gt;辦理民事執行業務經費41,103千元，較上年度增列辦理民事執行拍賣等經費411千元。&#xd;
&lt;#H2&gt;辦理行政訴訟業務經費430千元，與上年度同。</bc_content>
        </BCME3420_row>
        <BCME3420_row>
            <budgetno>35050501200</budgetno>
            <agenno>05050</agenno>
            <agentype>C</agentype>
            <mh_budgetname>少年及家事事件處理</mh_budgetname>
            <displayname>少年及家事事件處理</displayname>
            <budgetno_conver>3505501200</budgetno_conver>
            <tyear_amt>7197000</tyear_amt>
            <lyear_amt>6837000</lyear_amt>
            <byear_amt>6433810</byear_amt>
            <b_amt>360000</b_amt>
            <bc_content>&lt;#H1&gt;本年度預算數7,197千元，均屬業務費。&#xd;
&lt;#H1&gt;本年度預算數之內容與上年度之比較如下：&#xd;
&lt;#H2&gt;辦理少年及家事事件審理業務經費942千元，較上年度增列辦理電子卷證委外掃描等經費360千元。&#xd;
&lt;#H2&gt;辦理少年及家事事件調查、保護輔導業務經費6,255千元，與上年度同。</bc_content>
        </BCME3420_row>
        <BCME3420_row>
            <budgetno>35050501400</budgetno>
            <agenno>05050</agenno>
            <agentype>C</agentype>
            <mh_budgetname>公證及提存事件處理</mh_budgetname>
            <displayname>公證及提存事件處理</displayname>
            <budgetno_conver>3505501400</budgetno_conver>
            <tyear_amt>556000</tyear_amt>
            <lyear_amt>556000</lyear_amt>
            <byear_amt>778189</byear_amt>
            <b_amt>0</b_amt>
            <bc_content>本年度預算數556千元，係辦理公證及提存業務經費，與上年度同。</bc_content>
        </BCME3420_row>
        <BCME3420_row>
            <budgetno>35050509000</budgetno>
            <agenno>05050</agenno>
            <agentype>C</agentype>
            <mh_budgetname>一般建築及設備</mh_budgetname>
            <displayname>一般建築及設備</displayname>
            <budgetno_conver>3505509000</budgetno_conver>
            <tyear_amt>9618000</tyear_amt>
            <lyear_amt>5050000</lyear_amt>
            <byear_amt>1388287</byear_amt>
            <b_amt>4568000</b_amt>
            <bc_content/>
        </BCME3420_row>
        <BCME3420_row>
            <budgetno>35050509011</budgetno>
            <agenno>05050</agenno>
            <agentype>C</agentype>
            <mh_budgetname>交通及運輸設備</mh_budgetname>
            <displayname>交通及運輸設備</displayname>
            <budgetno_conver>3505509011</budgetno_conver>
            <tyear_amt>4688000</tyear_amt>
            <lyear_amt>126000</lyear_amt>
            <byear_amt>51777</byear_amt>
            <b_amt>4562000</b_amt>
            <bc_content>本年度預算數之內容與上年度之比較如下：&#xd;
&lt;#H1&gt;汰換21人座警備車1輛、勘驗車2輛、執行車1輛及公務機車1輛經費4,688千元。&#xd;
&lt;#H1&gt;上年度汰換公務機車2輛預算業已編竣，所列126千元如數減列。</bc_content>
        </BCME3420_row>
        <BCME3420_row>
            <budgetno>35050509019</budgetno>
            <agenno>05050</agenno>
            <agentype>C</agentype>
            <mh_budgetname>其他設備</mh_budgetname>
            <displayname>其他設備</displayname>
            <budgetno_conver>3505509019</budgetno_conver>
            <tyear_amt>4930000</tyear_amt>
            <lyear_amt>4924000</lyear_amt>
            <byear_amt>1336510</byear_amt>
            <b_amt>6000</b_amt>
            <bc_content>本年度預算數之內容與上年度之比較如下：&#xd;
&lt;#H1&gt;購置核心交換器及影印機等經費4,930千元。&#xd;
&lt;#H1&gt;上年度購置臺中司法大廈辦公大樓變壓器及電抗器等設備預算業已編竣，所列4,924千元如數減列。</bc_content>
        </BCME3420_row>
        <BCME3420_row>
            <budgetno>35050509800</budgetno>
            <agenno>05050</agenno>
            <agentype>C</agentype>
            <mh_budgetname>第一預備金</mh_budgetname>
            <displayname>第一預備金</displayname>
            <budgetno_conver>3505509800</budgetno_conver>
            <tyear_amt>708000</tyear_amt>
            <lyear_amt>708000</lyear_amt>
            <byear_amt>0</byear_amt>
            <b_amt>0</b_amt>
            <bc_content>仍照上年度預算數編列。</bc_content>
        </BCME3420_row>
    </BCME3420>
</tables>
