<?xml version="1.0" encoding="UTF-8"?>
<Root>
    <Row>
        <款/>
        <科目名稱>合   計</科目名稱>
        <本年度預算數>1665829540</本年度預算數>
        <上年度預算數>1620708121</上年度預算數>
        <前年度決算數>1552737463</前年度決算數>
        <本年度與上年度比較>45121419</本年度與上年度比較>
    </Row>
    <Row>
        <款/>
        <科目名稱>(1.一般政務支出)</科目名稱>
        <本年度預算數>170749915</本年度預算數>
        <上年度預算數>164530487</上年度預算數>
        <前年度決算數>157123674</前年度決算數>
        <本年度與上年度比較>6219428</本年度與上年度比較>
    </Row>
    <Row>
        <款>1</款>
        <科目名稱>國務支出</科目名稱>
        <本年度預算數>1259166</本年度預算數>
        <上年度預算數>1105767</上年度預算數>
        <前年度決算數>1015428</前年度決算數>
        <本年度與上年度比較>153399</本年度與上年度比較>
    </Row>
    <Row>
        <款>2</款>
        <科目名稱>行政支出</科目名稱>
        <本年度預算數>4894933</本年度預算數>
        <上年度預算數>4668837</上年度預算數>
        <前年度決算數>4381320</前年度決算數>
        <本年度與上年度比較>226096</本年度與上年度比較>
    </Row>
    <Row>
        <款>3</款>
        <科目名稱>立法支出</科目名稱>
        <本年度預算數>3306075</本年度預算數>
        <上年度預算數>3158602</上年度預算數>
        <前年度決算數>3020380</前年度決算數>
        <本年度與上年度比較>147473</本年度與上年度比較>
    </Row>
    <Row>
        <款>4</款>
        <科目名稱>司法支出</科目名稱>
        <本年度預算數>48432425</本年度預算數>
        <上年度預算數>46378922</上年度預算數>
        <前年度決算數>44845644</前年度決算數>
        <本年度與上年度比較>2053503</本年度與上年度比較>
    </Row>
    <Row>
        <款>5</款>
        <科目名稱>考試支出</科目名稱>
        <本年度預算數>1514640</本年度預算數>
        <上年度預算數>1493124</上年度預算數>
        <前年度決算數>1465961</前年度決算數>
        <本年度與上年度比較>21516</本年度與上年度比較>
    </Row>
    <Row>
        <款>6</款>
        <科目名稱>監察支出</科目名稱>
        <本年度預算數>2142489</本年度預算數>
        <上年度預算數>2017740</上年度預算數>
        <前年度決算數>1974676</前年度決算數>
        <本年度與上年度比較>124749</本年度與上年度比較>
    </Row>
    <Row>
        <款>7</款>
        <科目名稱>民政支出</科目名稱>
        <本年度預算數>51838739</本年度預算數>
        <上年度預算數>50328636</上年度預算數>
        <前年度決算數>47106247</前年度決算數>
        <本年度與上年度比較>1510103</本年度與上年度比較>
    </Row>
    <Row>
        <款>8</款>
        <科目名稱>外交支出</科目名稱>
        <本年度預算數>23925459</本年度預算數>
        <上年度預算數>23437402</上年度預算數>
        <前年度決算數>22955203</前年度決算數>
        <本年度與上年度比較>488057</本年度與上年度比較>
    </Row>
    <Row>
        <款>9</款>
        <科目名稱>財務支出</科目名稱>
        <本年度預算數>32281396</本年度預算數>
        <上年度預算數>30828765</上年度預算數>
        <前年度決算數>29287483</前年度決算數>
        <本年度與上年度比較>1452631</本年度與上年度比較>
    </Row>
    <Row>
        <款>10</款>
        <科目名稱>邊政支出</科目名稱>
        <本年度預算數>115484</本年度預算數>
        <上年度預算數>114608</上年度預算數>
        <前年度決算數>103050</前年度決算數>
        <本年度與上年度比較>876</本年度與上年度比較>
    </Row>
    <Row>
        <款>11</款>
        <科目名稱>僑務支出</科目名稱>
        <本年度預算數>1039109</本年度預算數>
        <上年度預算數>998084</上年度預算數>
        <前年度決算數>968282</前年度決算數>
        <本年度與上年度比較>41025</本年度與上年度比較>
    </Row>
    <Row>
        <款/>
        <科目名稱>(2.國防支出)</科目名稱>
        <本年度預算數>302548988</本年度預算數>
        <上年度預算數>284337795</上年度預算數>
        <前年度決算數>286516737</前年度決算數>
        <本年度與上年度比較>18211193</本年度與上年度比較>
    </Row>
    <Row>
        <款>12</款>
        <科目名稱>國防支出</科目名稱>
        <本年度預算數>302548988</本年度預算數>
        <上年度預算數>284337795</上年度預算數>
        <前年度決算數>286516737</前年度決算數>
        <本年度與上年度比較>18211193</本年度與上年度比較>
    </Row>
    <Row>
        <款/>
        <科目名稱>(3.教育科學文化支出)</科目名稱>
        <本年度預算數>298755194</本年度預算數>
        <上年度預算數>287254377</上年度預算數>
        <前年度決算數>275982063</前年度決算數>
        <本年度與上年度比較>11500817</本年度與上年度比較>
    </Row>
    <Row>
        <款>13</款>
        <科目名稱>教育支出</科目名稱>
        <本年度預算數>215943375</本年度預算數>
        <上年度預算數>214241759</上年度預算數>
        <前年度決算數>205839610</前年度決算數>
        <本年度與上年度比較>1701616</本年度與上年度比較>
    </Row>
    <Row>
        <款>14</款>
        <科目名稱>科學支出</科目名稱>
        <本年度預算數>64722573</本年度預算數>
        <上年度預算數>56321342</上年度預算數>
        <前年度決算數>54683189</前年度決算數>
        <本年度與上年度比較>8401231</本年度與上年度比較>
    </Row>
    <Row>
        <款>15</款>
        <科目名稱>文化支出</科目名稱>
        <本年度預算數>18089246</本年度預算數>
        <上年度預算數>16691276</上年度預算數>
        <前年度決算數>15459264</前年度決算數>
        <本年度與上年度比較>1397970</本年度與上年度比較>
    </Row>
    <Row>
        <款/>
        <科目名稱>(4.經濟發展支出)</科目名稱>
        <本年度預算數>89920383</本年度預算數>
        <上年度預算數>95948861</上年度預算數>
        <前年度決算數>93284922</前年度決算數>
        <本年度與上年度比較>-6028478</本年度與上年度比較>
    </Row>
    <Row>
        <款>16</款>
        <科目名稱>農業支出</科目名稱>
        <本年度預算數>52885879</本年度預算數>
        <上年度預算數>60118443</上年度預算數>
        <前年度決算數>58882303</前年度決算數>
        <本年度與上年度比較>-7232564</本年度與上年度比較>
    </Row>
    <Row>
        <款>17</款>
        <科目名稱>工業支出</科目名稱>
        <本年度預算數>2776653</本年度預算數>
        <上年度預算數>2796111</上年度預算數>
        <前年度決算數>3648687</前年度決算數>
        <本年度與上年度比較>-19458</本年度與上年度比較>
    </Row>
    <Row>
        <款>18</款>
        <科目名稱>交通支出</科目名稱>
        <本年度預算數>14757370</本年度預算數>
        <上年度預算數>14681474</上年度預算數>
        <前年度決算數>13245910</前年度決算數>
        <本年度與上年度比較>75896</本年度與上年度比較>
    </Row>
    <Row>
        <款>19</款>
        <科目名稱>其他經濟服務支出</科目名稱>
        <本年度預算數>19500481</本年度預算數>
        <上年度預算數>18352833</上年度預算數>
        <前年度決算數>17508022</前年度決算數>
        <本年度與上年度比較>1147648</本年度與上年度比較>
    </Row>
    <Row>
        <款/>
        <科目名稱>(5.社會福利支出)</科目名稱>
        <本年度預算數>458134517</本年度預算數>
        <上年度預算數>439388668</上年度預算數>
        <前年度決算數>409956953</前年度決算數>
        <本年度與上年度比較>18745849</本年度與上年度比較>
    </Row>
    <Row>
        <款>20</款>
        <科目名稱>社會保險支出</科目名稱>
        <本年度預算數>313737608</本年度預算數>
        <上年度預算數>296884182</上年度預算數>
        <前年度決算數>265671977</前年度決算數>
        <本年度與上年度比較>16853426</本年度與上年度比較>
    </Row>
    <Row>
        <款>21</款>
        <科目名稱>社會救助支出</科目名稱>
        <本年度預算數>9274713</本年度預算數>
        <上年度預算數>9262429</上年度預算數>
        <前年度決算數>9849449</前年度決算數>
        <本年度與上年度比較>12284</本年度與上年度比較>
    </Row>
    <Row>
        <款>22</款>
        <科目名稱>福利服務支出</科目名稱>
        <本年度預算數>115372026</本年度預算數>
        <上年度預算數>113643521</上年度預算數>
        <前年度決算數>114231248</前年度決算數>
        <本年度與上年度比較>1728505</本年度與上年度比較>
    </Row>
    <Row>
        <款>23</款>
        <科目名稱>國民就業支出</科目名稱>
        <本年度預算數>1754192</本年度預算數>
        <上年度預算數>1816121</上年度預算數>
        <前年度決算數>1701594</前年度決算數>
        <本年度與上年度比較>-61929</本年度與上年度比較>
    </Row>
    <Row>
        <款>24</款>
        <科目名稱>醫療保健支出</科目名稱>
        <本年度預算數>17995978</本年度預算數>
        <上年度預算數>17782415</上年度預算數>
        <前年度決算數>18502685</前年度決算數>
        <本年度與上年度比較>213563</本年度與上年度比較>
    </Row>
    <Row>
        <款/>
        <科目名稱>(6.社區發展及環境保護支出)</科目名稱>
        <本年度預算數>3776575</本年度預算數>
        <上年度預算數>3897850</上年度預算數>
        <前年度決算數>3811650</前年度決算數>
        <本年度與上年度比較>-121275</本年度與上年度比較>
    </Row>
    <Row>
        <款>25</款>
        <科目名稱>環境保護支出</科目名稱>
        <本年度預算數>3776575</本年度預算數>
        <上年度預算數>3897850</上年度預算數>
        <前年度決算數>3811650</前年度決算數>
        <本年度與上年度比較>-121275</本年度與上年度比較>
    </Row>
    <Row>
        <款/>
        <科目名稱>(7.退休撫卹支出)</科目名稱>
        <本年度預算數>147198609</本年度預算數>
        <上年度預算數>141594905</上年度預算數>
        <前年度決算數>134577930</前年度決算數>
        <本年度與上年度比較>5603704</本年度與上年度比較>
    </Row>
    <Row>
        <款>26</款>
        <科目名稱>退休撫卹給付支出</科目名稱>
        <本年度預算數>147015885</本年度預算數>
        <上年度預算數>141411594</上年度預算數>
        <前年度決算數>134401524</前年度決算數>
        <本年度與上年度比較>5604291</本年度與上年度比較>
    </Row>
    <Row>
        <款>27</款>
        <科目名稱>退休撫卹業務支出</科目名稱>
        <本年度預算數>182724</本年度預算數>
        <上年度預算數>183311</上年度預算數>
        <前年度決算數>176406</前年度決算數>
        <本年度與上年度比較>-587</本年度與上年度比較>
    </Row>
    <Row>
        <款/>
        <科目名稱>(8.債務支出)</科目名稱>
        <本年度預算數>123311322</本年度預算數>
        <上年度預算數>126753380</上年度預算數>
        <前年度決算數>115116917</前年度決算數>
        <本年度與上年度比較>-3442058</本年度與上年度比較>
    </Row>
    <Row>
        <款>28</款>
        <科目名稱>債務付息支出</科目名稱>
        <本年度預算數>122841701</本年度預算數>
        <上年度預算數>126181380</上年度預算數>
        <前年度決算數>114627559</前年度決算數>
        <本年度與上年度比較>-3339679</本年度與上年度比較>
    </Row>
    <Row>
        <款>29</款>
        <科目名稱>還本付息事務支出</科目名稱>
        <本年度預算數>469621</本年度預算數>
        <上年度預算數>572000</上年度預算數>
        <前年度決算數>489357</前年度決算數>
        <本年度與上年度比較>-102379</本年度與上年度比較>
    </Row>
    <Row>
        <款/>
        <科目名稱>(9.一般補助及其他支出)</科目名稱>
        <本年度預算數>71434037</本年度預算數>
        <上年度預算數>77001798</上年度預算數>
        <前年度決算數>76366618</前年度決算數>
        <本年度與上年度比較>-5567761</本年度與上年度比較>
    </Row>
    <Row>
        <款>30</款>
        <科目名稱>專案補助支出</科目名稱>
        <本年度預算數>39455606</本年度預算數>
        <上年度預算數>45426175</上年度預算數>
        <前年度決算數>51625089</前年度決算數>
        <本年度與上年度比較>-5970569</本年度與上年度比較>
    </Row>
    <Row>
        <款>31</款>
        <科目名稱>平衡預算補助支出</科目名稱>
        <本年度預算數>22500000</本年度預算數>
        <上年度預算數>21940500</上年度預算數>
        <前年度決算數>21449057</前年度決算數>
        <本年度與上年度比較>559500</本年度與上年度比較>
    </Row>
    <Row>
        <款>32</款>
        <科目名稱>其他支出</科目名稱>
        <本年度預算數>3978431</本年度預算數>
        <上年度預算數>4135123</上年度預算數>
        <前年度決算數>3292473</前年度決算數>
        <本年度與上年度比較>-156692</本年度與上年度比較>
    </Row>
    <Row>
        <款>33</款>
        <科目名稱>第二預備金</科目名稱>
        <本年度預算數>5500000</本年度預算數>
        <上年度預算數>5500000</上年度預算數>
        <前年度決算數>0</前年度決算數>
        <本年度與上年度比較>0</本年度與上年度比較>
    </Row>
</Root>

