<?xml version="1.0" encoding="UTF-8"?>
<Root>
    <Row>
        <款/>
        <科目名稱>  合    計  </科目名稱>
        <經常門>1665829540</經常門>
        <資本門>310141614</資本門>
        <合計>1975971154</合計>
        <百分比>100.0</百分比>
    </Row>
    <Row>
        <款/>
        <科目名稱>(1.一般政務支出)</科目名稱>
        <經常門>170749915</經常門>
        <資本門>16234618</資本門>
        <合計>186984533</合計>
        <百分比>9.5</百分比>
    </Row>
    <Row>
        <款>1</款>
        <科目名稱>國務支出</科目名稱>
        <經常門>1259166</經常門>
        <資本門>56448</資本門>
        <合計>1315614</合計>
        <百分比>0.1</百分比>
    </Row>
    <Row>
        <款>2</款>
        <科目名稱>行政支出</科目名稱>
        <經常門>4894933</經常門>
        <資本門>407992</資本門>
        <合計>5302925</合計>
        <百分比>0.3</百分比>
    </Row>
    <Row>
        <款>3</款>
        <科目名稱>立法支出</科目名稱>
        <經常門>3306075</經常門>
        <資本門>374052</資本門>
        <合計>3680127</合計>
        <百分比>0.2</百分比>
    </Row>
    <Row>
        <款>4</款>
        <科目名稱>司法支出</科目名稱>
        <經常門>48432425</經常門>
        <資本門>6440035</資本門>
        <合計>54872460</合計>
        <百分比>2.8</百分比>
    </Row>
    <Row>
        <款>5</款>
        <科目名稱>考試支出</科目名稱>
        <經常門>1514640</經常門>
        <資本門>76056</資本門>
        <合計>1590696</合計>
        <百分比>0.1</百分比>
    </Row>
    <Row>
        <款>6</款>
        <科目名稱>監察支出</科目名稱>
        <經常門>2142489</經常門>
        <資本門>162321</資本門>
        <合計>2304810</合計>
        <百分比>0.1</百分比>
    </Row>
    <Row>
        <款>7</款>
        <科目名稱>民政支出</科目名稱>
        <經常門>51838739</經常門>
        <資本門>7642586</資本門>
        <合計>59481325</合計>
        <百分比>3.0</百分比>
    </Row>
    <Row>
        <款>8</款>
        <科目名稱>外交支出</科目名稱>
        <經常門>23925459</經常門>
        <資本門>505967</資本門>
        <合計>24431426</合計>
        <百分比>1.2</百分比>
    </Row>
    <Row>
        <款>9</款>
        <科目名稱>財務支出</科目名稱>
        <經常門>32281396</經常門>
        <資本門>498003</資本門>
        <合計>32779399</合計>
        <百分比>1.7</百分比>
    </Row>
    <Row>
        <款>10</款>
        <科目名稱>邊政支出</科目名稱>
        <經常門>115484</經常門>
        <資本門>10876</資本門>
        <合計>126360</合計>
        <百分比>0.0</百分比>
    </Row>
    <Row>
        <款>11</款>
        <科目名稱>僑務支出</科目名稱>
        <經常門>1039109</經常門>
        <資本門>60282</資本門>
        <合計>1099391</合計>
        <百分比>0.1</百分比>
    </Row>
    <Row>
        <款/>
        <科目名稱>(2.國防支出)</科目名稱>
        <經常門>302548988</經常門>
        <資本門>7255895</資本門>
        <合計>309804883</合計>
        <百分比>15.7</百分比>
    </Row>
    <Row>
        <款>12</款>
        <科目名稱>國防支出</科目名稱>
        <經常門>302548988</經常門>
        <資本門>7255895</資本門>
        <合計>309804883</合計>
        <百分比>15.7</百分比>
    </Row>
    <Row>
        <款/>
        <科目名稱>(3.教育科學文化支出)</科目名稱>
        <經常門>298755194</經常門>
        <資本門>89200565</資本門>
        <合計>387955759</合計>
        <百分比>19.6</百分比>
    </Row>
    <Row>
        <款>13</款>
        <科目名稱>教育支出</科目名稱>
        <經常門>215943375</經常門>
        <資本門>31122648</資本門>
        <合計>247066023</合計>
        <百分比>12.5</百分比>
    </Row>
    <Row>
        <款>14</款>
        <科目名稱>科學支出</科目名稱>
        <經常門>64722573</經常門>
        <資本門>47319000</資本門>
        <合計>112041573</合計>
        <百分比>5.7</百分比>
    </Row>
    <Row>
        <款>15</款>
        <科目名稱>文化支出</科目名稱>
        <經常門>18089246</經常門>
        <資本門>10758917</資本門>
        <合計>28848163</合計>
        <百分比>1.5</百分比>
    </Row>
    <Row>
        <款/>
        <科目名稱>(4.經濟發展支出)</科目名稱>
        <經常門>89920383</經常門>
        <資本門>177333871</資本門>
        <合計>267254254</合計>
        <百分比>13.5</百分比>
    </Row>
    <Row>
        <款>16</款>
        <科目名稱>農業支出</科目名稱>
        <經常門>52885879</經常門>
        <資本門>32922084</資本門>
        <合計>85807963</合計>
        <百分比>4.3</百分比>
    </Row>
    <Row>
        <款>17</款>
        <科目名稱>工業支出</科目名稱>
        <經常門>2776653</經常門>
        <資本門>1183963</資本門>
        <合計>3960616</合計>
        <百分比>0.2</百分比>
    </Row>
    <Row>
        <款>18</款>
        <科目名稱>交通支出</科目名稱>
        <經常門>14757370</經常門>
        <資本門>105431409</資本門>
        <合計>120188779</合計>
        <百分比>6.1</百分比>
    </Row>
    <Row>
        <款>19</款>
        <科目名稱>其他經濟服務支出</科目名稱>
        <經常門>19500481</經常門>
        <資本門>37796415</資本門>
        <合計>57296896</合計>
        <百分比>2.9</百分比>
    </Row>
    <Row>
        <款/>
        <科目名稱>(5.社會福利支出)</科目名稱>
        <經常門>458134517</經常門>
        <資本門>2475110</資本門>
        <合計>460609627</合計>
        <百分比>23.3</百分比>
    </Row>
    <Row>
        <款>20</款>
        <科目名稱>社會保險支出</科目名稱>
        <經常門>313737608</經常門>
        <資本門>267440</資本門>
        <合計>314005048</合計>
        <百分比>15.9</百分比>
    </Row>
    <Row>
        <款>21</款>
        <科目名稱>社會救助支出</科目名稱>
        <經常門>9274713</經常門>
        <資本門>5537</資本門>
        <合計>9280250</合計>
        <百分比>0.5</百分比>
    </Row>
    <Row>
        <款>22</款>
        <科目名稱>福利服務支出</科目名稱>
        <經常門>115372026</經常門>
        <資本門>969001</資本門>
        <合計>116341027</合計>
        <百分比>5.9</百分比>
    </Row>
    <Row>
        <款>23</款>
        <科目名稱>國民就業支出</科目名稱>
        <經常門>1754192</經常門>
        <資本門>104130</資本門>
        <合計>1858322</合計>
        <百分比>0.1</百分比>
    </Row>
    <Row>
        <款>24</款>
        <科目名稱>醫療保健支出</科目名稱>
        <經常門>17995978</經常門>
        <資本門>1129002</資本門>
        <合計>19124980</合計>
        <百分比>1.0</百分比>
    </Row>
    <Row>
        <款/>
        <科目名稱>(6.社區發展及環境保護支出)</科目名稱>
        <經常門>3776575</經常門>
        <資本門>14199145</資本門>
        <合計>17975720</合計>
        <百分比>0.9</百分比>
    </Row>
    <Row>
        <款>25</款>
        <科目名稱>環境保護支出</科目名稱>
        <經常門>3776575</經常門>
        <資本門>14199145</資本門>
        <合計>17975720</合計>
        <百分比>0.9</百分比>
    </Row>
    <Row>
        <款/>
        <科目名稱>(7.退休撫卹支出)</科目名稱>
        <經常門>147198609</經常門>
        <資本門>11742</資本門>
        <合計>147210351</合計>
        <百分比>7.5</百分比>
    </Row>
    <Row>
        <款>26</款>
        <科目名稱>退休撫卹給付支出</科目名稱>
        <經常門>147015885</經常門>
        <資本門>0</資本門>
        <合計>147015885</合計>
        <百分比>7.4</百分比>
    </Row>
    <Row>
        <款>27</款>
        <科目名稱>退休撫卹業務支出</科目名稱>
        <經常門>182724</經常門>
        <資本門>11742</資本門>
        <合計>194466</合計>
        <百分比>0.0</百分比>
    </Row>
    <Row>
        <款/>
        <科目名稱>(8.債務支出)</科目名稱>
        <經常門>123311322</經常門>
        <資本門>0</資本門>
        <合計>123311322</合計>
        <百分比>6.2</百分比>
    </Row>
    <Row>
        <款>28</款>
        <科目名稱>債務付息支出</科目名稱>
        <經常門>122841701</經常門>
        <資本門>0</資本門>
        <合計>122841701</合計>
        <百分比>6.2</百分比>
    </Row>
    <Row>
        <款>29</款>
        <科目名稱>還本付息事務支出</科目名稱>
        <經常門>469621</經常門>
        <資本門>0</資本門>
        <合計>469621</合計>
        <百分比>0.0</百分比>
    </Row>
    <Row>
        <款/>
        <科目名稱>(9.一般補助及其他支出)</科目名稱>
        <經常門>71434037</經常門>
        <資本門>3430668</資本門>
        <合計>74864705</合計>
        <百分比>3.8</百分比>
    </Row>
    <Row>
        <款>30</款>
        <科目名稱>專案補助支出</科目名稱>
        <經常門>39455606</經常門>
        <資本門>30668</資本門>
        <合計>39486274</合計>
        <百分比>2.0</百分比>
    </Row>
    <Row>
        <款>31</款>
        <科目名稱>平衡預算補助支出</科目名稱>
        <經常門>22500000</經常門>
        <資本門>0</資本門>
        <合計>22500000</合計>
        <百分比>1.1</百分比>
    </Row>
    <Row>
        <款>32</款>
        <科目名稱>其他支出</科目名稱>
        <經常門>3978431</經常門>
        <資本門>1500000</資本門>
        <合計>5478431</合計>
        <百分比>0.3</百分比>
    </Row>
    <Row>
        <款>33</款>
        <科目名稱>第二預備金</科目名稱>
        <經常門>5500000</經常門>
        <資本門>1900000</資本門>
        <合計>7400000</合計>
        <百分比>0.4</百分比>
    </Row>
</Root>

