<?xml version="1.0" encoding="UTF-8"?>
<Root>
    <Row>
        <款/>
        <項/>
        <目/>
        <科目名稱>合         計</科目名稱>
        <本年度預算數>1822403171</本年度預算數>
        <上年度預算數>1776702733</上年度預算數>
        <前年度決算數>1726442715</前年度決算數>
        <本年度與上年度比較>45700438</本年度與上年度比較>
    </Row>
    <Row>
        <款/>
        <項/>
        <目/>
        <科目名稱>(1.稅課收入)</科目名稱>
        <本年度預算數>1440009000</本年度預算數>
        <上年度預算數>1319405000</上年度預算數>
        <前年度決算數>1343377442</前年度決算數>
        <本年度與上年度比較>120604000</本年度與上年度比較>
    </Row>
    <Row>
        <款>1</款>
        <項/>
        <目/>
        <科目名稱>稅課收入</科目名稱>
        <本年度預算數>1440009000</本年度預算數>
        <上年度預算數>1319405000</上年度預算數>
        <前年度決算數>1343377442</前年度決算數>
        <本年度與上年度比較>120604000</本年度與上年度比較>
    </Row>
    <Row>
        <款/>
        <項/>
        <目>1</目>
        <科目名稱>所得稅</科目名稱>
        <本年度預算數>808094000</本年度預算數>
        <上年度預算數>697613000</上年度預算數>
        <前年度決算數>732135527</前年度決算數>
        <本年度與上年度比較>110481000</本年度與上年度比較>
    </Row>
    <Row>
        <款/>
        <項/>
        <目>2</目>
        <科目名稱>遺產及贈與稅</科目名稱>
        <本年度預算數>12100000</本年度預算數>
        <上年度預算數>11527000</上年度預算數>
        <前年度決算數>11396998</前年度決算數>
        <本年度與上年度比較>573000</本年度與上年度比較>
    </Row>
    <Row>
        <款/>
        <項/>
        <目>3</目>
        <科目名稱>關稅</科目名稱>
        <本年度預算數>114300000</本年度預算數>
        <上年度預算數>110000000</上年度預算數>
        <前年度決算數>107141879</前年度決算數>
        <本年度與上年度比較>4300000</本年度與上年度比較>
    </Row>
    <Row>
        <款/>
        <項/>
        <目>4</目>
        <科目名稱>貨物稅</科目名稱>
        <本年度預算數>160403000</本年度預算數>
        <上年度預算數>156723000</上年度預算數>
        <前年度決算數>155607683</前年度決算數>
        <本年度與上年度比較>3680000</本年度與上年度比較>
    </Row>
    <Row>
        <款/>
        <項/>
        <目>5</目>
        <科目名稱>證券交易稅</科目名稱>
        <本年度預算數>88818000</本年度預算數>
        <上年度預算數>94027000</上年度預算數>
        <前年度決算數>88710599</前年度決算數>
        <本年度與上年度比較>-5209000</本年度與上年度比較>
    </Row>
    <Row>
        <款/>
        <項/>
        <目>6</目>
        <科目名稱>期貨交易稅</科目名稱>
        <本年度預算數>2862000</本年度預算數>
        <上年度預算數>2249000</上年度預算數>
        <前年度決算數>2861749</前年度決算數>
        <本年度與上年度比較>613000</本年度與上年度比較>
    </Row>
    <Row>
        <款/>
        <項/>
        <目>7</目>
        <科目名稱>菸酒稅</科目名稱>
        <本年度預算數>36514000</本年度預算數>
        <上年度預算數>34970000</上年度預算數>
        <前年度決算數>35047971</前年度決算數>
        <本年度與上年度比較>1544000</本年度與上年度比較>
    </Row>
    <Row>
        <款/>
        <項/>
        <目>8</目>
        <科目名稱>特種貨物及勞務稅</科目名稱>
        <本年度預算數>2033000</本年度預算數>
        <上年度預算數>4560000</上年度預算數>
        <前年度決算數>5400976</前年度決算數>
        <本年度與上年度比較>-2527000</本年度與上年度比較>
    </Row>
    <Row>
        <款/>
        <項/>
        <目>9</目>
        <科目名稱>營業稅</科目名稱>
        <本年度預算數>214885000</本年度預算數>
        <上年度預算數>207736000</上年度預算數>
        <前年度決算數>205074060</前年度決算數>
        <本年度與上年度比較>7149000</本年度與上年度比較>
    </Row>
    <Row>
        <款/>
        <項/>
        <目/>
        <科目名稱>(3.規費及罰款收入)</科目名稱>
        <本年度預算數>79065974</本年度預算數>
        <上年度預算數>105673839</上年度預算數>
        <前年度決算數>83726038</前年度決算數>
        <本年度與上年度比較>-26607865</本年度與上年度比較>
    </Row>
    <Row>
        <款>2</款>
        <項/>
        <目/>
        <科目名稱>罰款及賠償收入</科目名稱>
        <本年度預算數>20236994</本年度預算數>
        <上年度預算數>21209161</上年度預算數>
        <前年度決算數>23836294</前年度決算數>
        <本年度與上年度比較>-972167</本年度與上年度比較>
    </Row>
    <Row>
        <款/>
        <項/>
        <目>1</目>
        <科目名稱>罰金罰鍰及怠金</科目名稱>
        <本年度預算數>16852381</本年度預算數>
        <上年度預算數>17154385</上年度預算數>
        <前年度決算數>19211769</前年度決算數>
        <本年度與上年度比較>-302004</本年度與上年度比較>
    </Row>
    <Row>
        <款/>
        <項/>
        <目>2</目>
        <科目名稱>沒入及沒收財物</科目名稱>
        <本年度預算數>2708503</本年度預算數>
        <上年度預算數>3278154</上年度預算數>
        <前年度決算數>3104740</前年度決算數>
        <本年度與上年度比較>-569651</本年度與上年度比較>
    </Row>
    <Row>
        <款/>
        <項/>
        <目>3</目>
        <科目名稱>賠償收入</科目名稱>
        <本年度預算數>676110</本年度預算數>
        <上年度預算數>776622</上年度預算數>
        <前年度決算數>1519785</前年度決算數>
        <本年度與上年度比較>-100512</本年度與上年度比較>
    </Row>
    <Row>
        <款>3</款>
        <項/>
        <目/>
        <科目名稱>規費收入</科目名稱>
        <本年度預算數>58828980</本年度預算數>
        <上年度預算數>84464678</上年度預算數>
        <前年度決算數>59889744</前年度決算數>
        <本年度與上年度比較>-25635698</本年度與上年度比較>
    </Row>
    <Row>
        <款/>
        <項/>
        <目>1</目>
        <科目名稱>行政規費收入</科目名稱>
        <本年度預算數>23200158</本年度預算數>
        <上年度預算數>46169103</上年度預算數>
        <前年度決算數>21712288</前年度決算數>
        <本年度與上年度比較>-22968945</本年度與上年度比較>
    </Row>
    <Row>
        <款/>
        <項/>
        <目>2</目>
        <科目名稱>司法規費收入</科目名稱>
        <本年度預算數>5662467</本年度預算數>
        <上年度預算數>5916307</上年度預算數>
        <前年度決算數>5414110</前年度決算數>
        <本年度與上年度比較>-253840</本年度與上年度比較>
    </Row>
    <Row>
        <款/>
        <項/>
        <目>3</目>
        <科目名稱>使用規費收入</科目名稱>
        <本年度預算數>29966355</本年度預算數>
        <上年度預算數>32379268</上年度預算數>
        <前年度決算數>32763346</前年度決算數>
        <本年度與上年度比較>-2412913</本年度與上年度比較>
    </Row>
    <Row>
        <款/>
        <項/>
        <目/>
        <科目名稱>(4.財產收入)</科目名稱>
        <本年度預算數>51880533</本年度預算數>
        <上年度預算數>86768374</上年度預算數>
        <前年度決算數>43733766</前年度決算數>
        <本年度與上年度比較>-34887841</本年度與上年度比較>
    </Row>
    <Row>
        <款>4</款>
        <項/>
        <目/>
        <科目名稱>財產收入</科目名稱>
        <本年度預算數>51880533</本年度預算數>
        <上年度預算數>86768374</上年度預算數>
        <前年度決算數>43733766</前年度決算數>
        <本年度與上年度比較>-34887841</本年度與上年度比較>
    </Row>
    <Row>
        <款/>
        <項/>
        <目>1</目>
        <科目名稱>財產孳息</科目名稱>
        <本年度預算數>9089717</本年度預算數>
        <上年度預算數>9176250</上年度預算數>
        <前年度決算數>8595562</前年度決算數>
        <本年度與上年度比較>-86533</本年度與上年度比較>
    </Row>
    <Row>
        <款/>
        <項/>
        <目>2</目>
        <科目名稱>財產售價</科目名稱>
        <本年度預算數>30776718</本年度預算數>
        <上年度預算數>45813485</上年度預算數>
        <前年度決算數>18922270</前年度決算數>
        <本年度與上年度比較>-15036767</本年度與上年度比較>
    </Row>
    <Row>
        <款/>
        <項/>
        <目>3</目>
        <科目名稱>財產作價</科目名稱>
        <本年度預算數>108286</本年度預算數>
        <上年度預算數>14085179</上年度預算數>
        <前年度決算數>838386</前年度決算數>
        <本年度與上年度比較>-13976893</本年度與上年度比較>
    </Row>
    <Row>
        <款/>
        <項/>
        <目>4</目>
        <科目名稱>投資收回</科目名稱>
        <本年度預算數>11401014</本年度預算數>
        <上年度預算數>17186706</上年度預算數>
        <前年度決算數>14831583</前年度決算數>
        <本年度與上年度比較>-5785692</本年度與上年度比較>
    </Row>
    <Row>
        <款/>
        <項/>
        <目>5</目>
        <科目名稱>廢舊物資售價</科目名稱>
        <本年度預算數>504798</本年度預算數>
        <上年度預算數>506754</上年度預算數>
        <前年度決算數>545966</前年度決算數>
        <本年度與上年度比較>-1956</本年度與上年度比較>
    </Row>
    <Row>
        <款/>
        <項/>
        <目/>
        <科目名稱>(2.營業盈餘及事業收入)</科目名稱>
        <本年度預算數>238270407</本年度預算數>
        <上年度預算數>255005120</上年度預算數>
        <前年度決算數>241046282</前年度決算數>
        <本年度與上年度比較>-16734713</本年度與上年度比較>
    </Row>
    <Row>
        <款>5</款>
        <項/>
        <目/>
        <科目名稱>營業盈餘及事業收入</科目名稱>
        <本年度預算數>238270407</本年度預算數>
        <上年度預算數>255005120</上年度預算數>
        <前年度決算數>241046282</前年度決算數>
        <本年度與上年度比較>-16734713</本年度與上年度比較>
    </Row>
    <Row>
        <款/>
        <項/>
        <目>1</目>
        <科目名稱>營業基金盈餘繳庫</科目名稱>
        <本年度預算數>201758289</本年度預算數>
        <上年度預算數>204807529</上年度預算數>
        <前年度決算數>210217745</前年度決算數>
        <本年度與上年度比較>-3049240</本年度與上年度比較>
    </Row>
    <Row>
        <款/>
        <項/>
        <目>2</目>
        <科目名稱>非營業特種基金賸餘繳庫</科目名稱>
        <本年度預算數>15828086</本年度預算數>
        <上年度預算數>29641049</上年度預算數>
        <前年度決算數>8630694</前年度決算數>
        <本年度與上年度比較>-13812963</本年度與上年度比較>
    </Row>
    <Row>
        <款/>
        <項/>
        <目>3</目>
        <科目名稱>投資收益</科目名稱>
        <本年度預算數>20684032</本年度預算數>
        <上年度預算數>20556542</上年度預算數>
        <前年度決算數>22197843</前年度決算數>
        <本年度與上年度比較>127490</本年度與上年度比較>
    </Row>
    <Row>
        <款/>
        <項/>
        <目/>
        <科目名稱>(5.其他收入)</科目名稱>
        <本年度預算數>13177257</本年度預算數>
        <上年度預算數>9850400</上年度預算數>
        <前年度決算數>14559187</前年度決算數>
        <本年度與上年度比較>3326857</本年度與上年度比較>
    </Row>
    <Row>
        <款>6</款>
        <項/>
        <目/>
        <科目名稱>捐獻及贈與收入</科目名稱>
        <本年度預算數>0</本年度預算數>
        <上年度預算數>0</上年度預算數>
        <前年度決算數>8103</前年度決算數>
        <本年度與上年度比較>0</本年度與上年度比較>
    </Row>
    <Row>
        <款/>
        <項/>
        <目>1</目>
        <科目名稱>捐獻收入</科目名稱>
        <本年度預算數>0</本年度預算數>
        <上年度預算數>0</上年度預算數>
        <前年度決算數>8103</前年度決算數>
        <本年度與上年度比較>0</本年度與上年度比較>
    </Row>
    <Row>
        <款>7</款>
        <項/>
        <目/>
        <科目名稱>其他收入</科目名稱>
        <本年度預算數>13177257</本年度預算數>
        <上年度預算數>9850400</上年度預算數>
        <前年度決算數>14551084</前年度決算數>
        <本年度與上年度比較>3326857</本年度與上年度比較>
    </Row>
    <Row>
        <款/>
        <項/>
        <目>1</目>
        <科目名稱>學雜費收入</科目名稱>
        <本年度預算數>102431</本年度預算數>
        <上年度預算數>118503</上年度預算數>
        <前年度決算數>114026</前年度決算數>
        <本年度與上年度比較>-16072</本年度與上年度比較>
    </Row>
    <Row>
        <款/>
        <項/>
        <目>2</目>
        <科目名稱>雜項收入</科目名稱>
        <本年度預算數>13074826</本年度預算數>
        <上年度預算數>9731897</上年度預算數>
        <前年度決算數>14437058</前年度決算數>
        <本年度與上年度比較>3342929</本年度與上年度比較>
    </Row>
</Root>

