<?xml version="1.0" encoding="UTF-8"?>
<Root>
    <Row>
        <科目名稱>合    計</科目名稱>
        <本年度預算數>1975971154</本年度預算數>
        <上年度預算數>1934636035</上年度預算數>
        <前年度決算數>1853585861</前年度決算數>
        <本年度與上年度比較>41335119</本年度與上年度比較>
        <memo/>
    </Row>
    <Row>
        <款>1</款>
        <科目名稱>總統府主管</科目名稱>
        <本年度預算數>17010246</本年度預算數>
        <上年度預算數>16932074</上年度預算數>
        <前年度決算數>16297293</前年度決算數>
        <本年度與上年度比較>78172</本年度與上年度比較>
    </Row>
    <Row>
        <款>2</款>
        <科目名稱>行政院主管</科目名稱>
        <本年度預算數>24638760</本年度預算數>
        <上年度預算數>25385801</上年度預算數>
        <前年度決算數>23869794</前年度決算數>
        <本年度與上年度比較>-747041</本年度與上年度比較>
    </Row>
    <Row>
        <款>3</款>
        <科目名稱>立法院主管</科目名稱>
        <本年度預算數>3680127</本年度預算數>
        <上年度預算數>3536881</上年度預算數>
        <前年度決算數>3363507</前年度決算數>
        <本年度與上年度比較>143246</本年度與上年度比較>
    </Row>
    <Row>
        <款>4</款>
        <科目名稱>司法院主管</科目名稱>
        <本年度預算數>24836242</本年度預算數>
        <上年度預算數>21272545</上年度預算數>
        <前年度決算數>21750726</前年度決算數>
        <本年度與上年度比較>3563697</本年度與上年度比較>
    </Row>
    <Row>
        <款>5</款>
        <科目名稱>考試院主管</科目名稱>
        <本年度預算數>26429527</本年度預算數>
        <上年度預算數>26403134</上年度預算數>
        <前年度決算數>25440018</前年度決算數>
        <本年度與上年度比較>26393</本年度與上年度比較>
    </Row>
    <Row>
        <款>6</款>
        <科目名稱>監察院主管</科目名稱>
        <本年度預算數>2304810</本年度預算數>
        <上年度預算數>2164404</上年度預算數>
        <前年度決算數>2099272</前年度決算數>
        <本年度與上年度比較>140406</本年度與上年度比較>
    </Row>
    <Row>
        <款>7</款>
        <科目名稱>內政部主管</科目名稱>
        <本年度預算數>86903710</本年度預算數>
        <上年度預算數>86567216</上年度預算數>
        <前年度決算數>88540278</前年度決算數>
        <本年度與上年度比較>336494</本年度與上年度比較>
    </Row>
    <Row>
        <款>8</款>
        <科目名稱>外交部主管</科目名稱>
        <本年度預算數>24431426</本年度預算數>
        <上年度預算數>24195217</上年度預算數>
        <前年度決算數>23511324</前年度決算數>
        <本年度與上年度比較>236209</本年度與上年度比較>
    </Row>
    <Row>
        <款>9</款>
        <科目名稱>國防部主管</科目名稱>
        <本年度預算數>320084777</本年度預算數>
        <上年度預算數>312767047</上年度預算數>
        <前年度決算數>297692621</前年度決算數>
        <本年度與上年度比較>7317730</本年度與上年度比較>
    </Row>
    <Row>
        <款>10</款>
        <科目名稱>財政部主管</科目名稱>
        <本年度預算數>196045974</本年度預算數>
        <上年度預算數>189214568</上年度預算數>
        <前年度決算數>182502676</前年度決算數>
        <本年度與上年度比較>6831406</本年度與上年度比較>
    </Row>
    <Row>
        <款>11</款>
        <科目名稱>教育部主管</科目名稱>
        <本年度預算數>225302824</本年度預算數>
        <上年度預算數>217255541</上年度預算數>
        <前年度決算數>205613963</前年度決算數>
        <本年度與上年度比較>8047283</本年度與上年度比較>
    </Row>
    <Row>
        <款>12</款>
        <科目名稱>法務部主管</科目名稱>
        <本年度預算數>31718824</本年度預算數>
        <上年度預算數>30062077</上年度預算數>
        <前年度決算數>28802583</前年度決算數>
        <本年度與上年度比較>1656747</本年度與上年度比較>
    </Row>
    <Row>
        <款>13</款>
        <科目名稱>經濟部主管</科目名稱>
        <本年度預算數>59000710</本年度預算數>
        <上年度預算數>53164429</上年度預算數>
        <前年度決算數>57149613</前年度決算數>
        <本年度與上年度比較>5836281</本年度與上年度比較>
    </Row>
    <Row>
        <款>14</款>
        <科目名稱>交通部主管</科目名稱>
        <本年度預算數>112117254</本年度預算數>
        <上年度預算數>105460803</上年度預算數>
        <前年度決算數>109169335</前年度決算數>
        <本年度與上年度比較>6656451</本年度與上年度比較>
    </Row>
    <Row>
        <款>15</款>
        <科目名稱>勞動部主管</科目名稱>
        <本年度預算數>116802179</本年度預算數>
        <上年度預算數>121501544</上年度預算數>
        <前年度決算數>119555931</前年度決算數>
        <本年度與上年度比較>-4699365</本年度與上年度比較>
    </Row>
    <Row>
        <款>16</款>
        <科目名稱>蒙藏委員會主管</科目名稱>
        <本年度預算數>126360</本年度預算數>
        <上年度預算數>116655</上年度預算數>
        <前年度決算數>105187</前年度決算數>
        <本年度與上年度比較>9705</本年度與上年度比較>
    </Row>
    <Row>
        <款>17</款>
        <科目名稱>僑務委員會主管</科目名稱>
        <本年度預算數>1388304</本年度預算數>
        <上年度預算數>1365641</上年度預算數>
        <前年度決算數>1448123</前年度決算數>
        <本年度與上年度比較>22663</本年度與上年度比較>
    </Row>
    <Row>
        <款>18</款>
        <科目名稱>原子能委員會主管</科目名稱>
        <本年度預算數>2926775</本年度預算數>
        <上年度預算數>2947444</上年度預算數>
        <前年度決算數>2762923</前年度決算數>
        <本年度與上年度比較>-20669</本年度與上年度比較>
    </Row>
    <Row>
        <款>19</款>
        <科目名稱>農業委員會主管</科目名稱>
        <本年度預算數>121792559</本年度預算數>
        <上年度預算數>122871096</上年度預算數>
        <前年度決算數>123037190</前年度決算數>
        <本年度與上年度比較>-1078537</本年度與上年度比較>
    </Row>
    <Row>
        <款>20</款>
        <科目名稱>衛生福利部主管</科目名稱>
        <本年度預算數>198667127</本年度預算數>
        <上年度預算數>175393100</上年度預算數>
        <前年度決算數>137030090</前年度決算數>
        <本年度與上年度比較>23274027</本年度與上年度比較>
    </Row>
    <Row>
        <款>21</款>
        <科目名稱>環境保護署主管</科目名稱>
        <本年度預算數>4302612</本年度預算數>
        <上年度預算數>4210952</上年度預算數>
        <前年度決算數>4083634</前年度決算數>
        <本年度與上年度比較>91660</本年度與上年度比較>
    </Row>
    <Row>
        <款>22</款>
        <科目名稱>文化部主管</科目名稱>
        <本年度預算數>16636145</本年度預算數>
        <上年度預算數>16741383</上年度預算數>
        <前年度決算數>14934571</前年度決算數>
        <本年度與上年度比較>-105238</本年度與上年度比較>
    </Row>
    <Row>
        <款>23</款>
        <科目名稱>海岸巡防署主管</科目名稱>
        <本年度預算數>14103540</本年度預算數>
        <上年度預算數>14855186</上年度預算數>
        <前年度決算數>14622047</前年度決算數>
        <本年度與上年度比較>-751646</本年度與上年度比較>
    </Row>
    <Row>
        <款>24</款>
        <科目名稱>科技部主管</科目名稱>
        <本年度預算數>46649229</本年度預算數>
        <上年度預算數>49016786</上年度預算數>
        <前年度決算數>43664045</前年度決算數>
        <本年度與上年度比較>-2367557</本年度與上年度比較>
    </Row>
    <Row>
        <款>25</款>
        <科目名稱>金融監督管理委員會主管</科目名稱>
        <本年度預算數>1441613</本年度預算數>
        <上年度預算數>1441743</上年度預算數>
        <前年度決算數>1418802</前年度決算數>
        <本年度與上年度比較>-130</本年度與上年度比較>
    </Row>
    <Row>
        <款>26</款>
        <科目名稱>國軍退除役官兵輔導委員會主管</科目名稱>
        <本年度預算數>124649747</本年度預算數>
        <上年度預算數>125819256</上年度預算數>
        <前年度決算數>122267951</前年度決算數>
        <本年度與上年度比較>-1169509</本年度與上年度比較>
    </Row>
    <Row>
        <款>27</款>
        <科目名稱>省市地方政府</科目名稱>
        <本年度預算數>162579753</本年度預算數>
        <上年度預算數>174473512</上年度預算數>
        <前年度決算數>182452364</前年度決算數>
        <本年度與上年度比較>-11893759</本年度與上年度比較>
    </Row>
    <Row>
        <款>28</款>
        <科目名稱>災害準備金</科目名稱>
        <本年度預算數>2000000</本年度預算數>
        <上年度預算數>2000000</上年度預算數>
        <前年度決算數>400000</前年度決算數>
        <本年度與上年度比較>0</本年度與上年度比較>
    </Row>
    <Row>
        <款>29</款>
        <科目名稱>第二預備金</科目名稱>
        <本年度預算數>7400000</本年度預算數>
        <上年度預算數>7500000</上年度預算數>
        <前年度決算數>0</前年度決算數>
        <本年度與上年度比較>-100000</本年度與上年度比較>
    </Row>
</Root>

