<?xml version="1.0" encoding="UTF-8"?>
<tables>
    <BCME3450>
        <BCME3450_row>
            <objectNo>合計</objectNo>
            <budgetno_3863200100>495551.00</budgetno_3863200100>
            <budgetno_3863200201>120698.00</budgetno_3863200201>
            <budgetno_3863209011>1090.00</budgetno_3863209011>
            <budgetno_3863209800>10000.00</budgetno_3863209800>
            <total>627339.00</total>
        </BCME3450_row>
        <BCME3450_row>
            <objectNo>0100 人事費</objectNo>
            <budgetno_3863200100>488140.00</budgetno_3863200100>
            <budgetno_3863200201/>
            <budgetno_3863209011/>
            <budgetno_3863209800/>
            <total>488140.00</total>
        </BCME3450_row>
        <BCME3450_row>
            <objectNo>  0103 法定編制人員待遇</objectNo>
            <budgetno_3863200100>320150.00</budgetno_3863200100>
            <budgetno_3863200201/>
            <budgetno_3863209011/>
            <budgetno_3863209800/>
            <total>320150.00</total>
        </BCME3450_row>
        <BCME3450_row>
            <objectNo>  0111 獎金</objectNo>
            <budgetno_3863200100>63809.00</budgetno_3863200100>
            <budgetno_3863200201/>
            <budgetno_3863209011/>
            <budgetno_3863209800/>
            <total>63809.00</total>
        </BCME3450_row>
        <BCME3450_row>
            <objectNo>  0121 其他給與</objectNo>
            <budgetno_3863200100>28366.00</budgetno_3863200100>
            <budgetno_3863200201/>
            <budgetno_3863209011/>
            <budgetno_3863209800/>
            <total>28366.00</total>
        </BCME3450_row>
        <BCME3450_row>
            <objectNo>  0131 加班值班費</objectNo>
            <budgetno_3863200100>7781.00</budgetno_3863200100>
            <budgetno_3863200201/>
            <budgetno_3863209011/>
            <budgetno_3863209800/>
            <total>7781.00</total>
        </BCME3450_row>
        <BCME3450_row>
            <objectNo>  0142 退休退職給付</objectNo>
            <budgetno_3863200100>13100.00</budgetno_3863200100>
            <budgetno_3863200201/>
            <budgetno_3863209011/>
            <budgetno_3863209800/>
            <total>13100.00</total>
        </BCME3450_row>
        <BCME3450_row>
            <objectNo>  0143 退休離職儲金</objectNo>
            <budgetno_3863200100>20764.00</budgetno_3863200100>
            <budgetno_3863200201/>
            <budgetno_3863209011/>
            <budgetno_3863209800/>
            <total>20764.00</total>
        </BCME3450_row>
        <BCME3450_row>
            <objectNo>  0151 保險</objectNo>
            <budgetno_3863200100>34170.00</budgetno_3863200100>
            <budgetno_3863200201/>
            <budgetno_3863209011/>
            <budgetno_3863209800/>
            <total>34170.00</total>
        </BCME3450_row>
        <BCME3450_row>
            <objectNo>0200 業務費</objectNo>
            <budgetno_3863200100>7411.00</budgetno_3863200100>
            <budgetno_3863200201>117595.00</budgetno_3863200201>
            <budgetno_3863209011/>
            <budgetno_3863209800/>
            <total>125006.00</total>
        </BCME3450_row>
        <BCME3450_row>
            <objectNo>  0201 教育訓練費</objectNo>
            <budgetno_3863200100/>
            <budgetno_3863200201>387.00</budgetno_3863200201>
            <budgetno_3863209011/>
            <budgetno_3863209800/>
            <total>387.00</total>
        </BCME3450_row>
        <BCME3450_row>
            <objectNo>  0202 水電費</objectNo>
            <budgetno_3863200100/>
            <budgetno_3863200201>9254.00</budgetno_3863200201>
            <budgetno_3863209011/>
            <budgetno_3863209800/>
            <total>9254.00</total>
        </BCME3450_row>
        <BCME3450_row>
            <objectNo>  0203 通訊費</objectNo>
            <budgetno_3863200100/>
            <budgetno_3863200201>2273.00</budgetno_3863200201>
            <budgetno_3863209011/>
            <budgetno_3863209800/>
            <total>2273.00</total>
        </BCME3450_row>
        <BCME3450_row>
            <objectNo>  0215 資訊服務費</objectNo>
            <budgetno_3863200100/>
            <budgetno_3863200201>2000.00</budgetno_3863200201>
            <budgetno_3863209011/>
            <budgetno_3863209800/>
            <total>2000.00</total>
        </BCME3450_row>
        <BCME3450_row>
            <objectNo>  0219 其他業務租金</objectNo>
            <budgetno_3863200100/>
            <budgetno_3863200201>1519.00</budgetno_3863200201>
            <budgetno_3863209011/>
            <budgetno_3863209800/>
            <total>1519.00</total>
        </BCME3450_row>
        <BCME3450_row>
            <objectNo>  0221 稅捐及規費</objectNo>
            <budgetno_3863200100/>
            <budgetno_3863200201>278.00</budgetno_3863200201>
            <budgetno_3863209011/>
            <budgetno_3863209800/>
            <total>278.00</total>
        </BCME3450_row>
        <BCME3450_row>
            <objectNo>  0231 保險費</objectNo>
            <budgetno_3863200100>2753.00</budgetno_3863200100>
            <budgetno_3863200201>163.00</budgetno_3863200201>
            <budgetno_3863209011/>
            <budgetno_3863209800/>
            <total>2916.00</total>
        </BCME3450_row>
        <BCME3450_row>
            <objectNo>  0241 兼職費</objectNo>
            <budgetno_3863200100/>
            <budgetno_3863200201>16.00</budgetno_3863200201>
            <budgetno_3863209011/>
            <budgetno_3863209800/>
            <total>16.00</total>
        </BCME3450_row>
        <BCME3450_row>
            <objectNo>  0250 按日按件計資酬金</objectNo>
            <budgetno_3863200100/>
            <budgetno_3863200201>9254.00</budgetno_3863200201>
            <budgetno_3863209011/>
            <budgetno_3863209800/>
            <total>9254.00</total>
        </BCME3450_row>
        <BCME3450_row>
            <objectNo>  0251 委辦費</objectNo>
            <budgetno_3863200100/>
            <budgetno_3863200201>471.00</budgetno_3863200201>
            <budgetno_3863209011/>
            <budgetno_3863209800/>
            <total>471.00</total>
        </BCME3450_row>
        <BCME3450_row>
            <objectNo>  0271 物品</objectNo>
            <budgetno_3863200100>1381.00</budgetno_3863200100>
            <budgetno_3863200201>7670.00</budgetno_3863200201>
            <budgetno_3863209011/>
            <budgetno_3863209800/>
            <total>9051.00</total>
        </BCME3450_row>
        <BCME3450_row>
            <objectNo>  0279 一般事務費</objectNo>
            <budgetno_3863200100>1506.00</budgetno_3863200100>
            <budgetno_3863200201>37636.00</budgetno_3863200201>
            <budgetno_3863209011/>
            <budgetno_3863209800/>
            <total>39142.00</total>
        </BCME3450_row>
        <BCME3450_row>
            <objectNo>  0282 房屋建築養護費</objectNo>
            <budgetno_3863200100>547.00</budgetno_3863200100>
            <budgetno_3863200201/>
            <budgetno_3863209011/>
            <budgetno_3863209800/>
            <total>547.00</total>
        </BCME3450_row>
        <BCME3450_row>
            <objectNo>  0283 車輛及辦公器具養護費</objectNo>
            <budgetno_3863200100>905.00</budgetno_3863200100>
            <budgetno_3863200201/>
            <budgetno_3863209011/>
            <budgetno_3863209800/>
            <total>905.00</total>
        </BCME3450_row>
        <BCME3450_row>
            <objectNo>  0284 設施及機械設備養護費</objectNo>
            <budgetno_3863200100/>
            <budgetno_3863200201>29678.00</budgetno_3863200201>
            <budgetno_3863209011/>
            <budgetno_3863209800/>
            <total>29678.00</total>
        </BCME3450_row>
        <BCME3450_row>
            <objectNo>  0291 國內旅費</objectNo>
            <budgetno_3863200100>139.00</budgetno_3863200100>
            <budgetno_3863200201>16996.00</budgetno_3863200201>
            <budgetno_3863209011/>
            <budgetno_3863209800/>
            <total>17135.00</total>
        </BCME3450_row>
        <BCME3450_row>
            <objectNo>  0299 特別費</objectNo>
            <budgetno_3863200100>180.00</budgetno_3863200100>
            <budgetno_3863200201/>
            <budgetno_3863209011/>
            <budgetno_3863209800/>
            <total>180.00</total>
        </BCME3450_row>
        <BCME3450_row>
            <objectNo>0300 設備及投資</objectNo>
            <budgetno_3863200100/>
            <budgetno_3863200201>3001.00</budgetno_3863200201>
            <budgetno_3863209011>1090.00</budgetno_3863209011>
            <budgetno_3863209800/>
            <total>4091.00</total>
        </BCME3450_row>
        <BCME3450_row>
            <objectNo>  0302 房屋建築及設備費</objectNo>
            <budgetno_3863200100/>
            <budgetno_3863200201>676.00</budgetno_3863200201>
            <budgetno_3863209011/>
            <budgetno_3863209800/>
            <total>676.00</total>
        </BCME3450_row>
        <BCME3450_row>
            <objectNo>  0305 運輸設備費</objectNo>
            <budgetno_3863200100/>
            <budgetno_3863200201/>
            <budgetno_3863209011>1090.00</budgetno_3863209011>
            <budgetno_3863209800/>
            <total>1090.00</total>
        </BCME3450_row>
        <BCME3450_row>
            <objectNo>  0306 資訊軟硬體設備費</objectNo>
            <budgetno_3863200100/>
            <budgetno_3863200201>1844.00</budgetno_3863200201>
            <budgetno_3863209011/>
            <budgetno_3863209800/>
            <total>1844.00</total>
        </BCME3450_row>
        <BCME3450_row>
            <objectNo>  0319 雜項設備費</objectNo>
            <budgetno_3863200100/>
            <budgetno_3863200201>481.00</budgetno_3863200201>
            <budgetno_3863209011/>
            <budgetno_3863209800/>
            <total>481.00</total>
        </BCME3450_row>
        <BCME3450_row>
            <objectNo>0400 獎補助費</objectNo>
            <budgetno_3863200100/>
            <budgetno_3863200201>102.00</budgetno_3863200201>
            <budgetno_3863209011/>
            <budgetno_3863209800/>
            <total>102.00</total>
        </BCME3450_row>
        <BCME3450_row>
            <objectNo>  0475 獎勵及慰問</objectNo>
            <budgetno_3863200100/>
            <budgetno_3863200201>102.00</budgetno_3863200201>
            <budgetno_3863209011/>
            <budgetno_3863209800/>
            <total>102.00</total>
        </BCME3450_row>
        <BCME3450_row>
            <objectNo>0900 預備金</objectNo>
            <budgetno_3863200100/>
            <budgetno_3863200201/>
            <budgetno_3863209011/>
            <budgetno_3863209800>10000.00</budgetno_3863209800>
            <total>10000.00</total>
        </BCME3450_row>
        <BCME3450_row>
            <objectNo>  0901 第一預備金</objectNo>
            <budgetno_3863200100/>
            <budgetno_3863200201/>
            <budgetno_3863209011/>
            <budgetno_3863209800>10000.00</budgetno_3863209800>
            <total>10000.00</total>
        </BCME3450_row>
    </BCME3450>
</tables>
