<?xml version="1.0" encoding="UTF-8"?>
<tables>
    <BCTDBUDGETDETAIL>
        <BCTDBUDGETDETAIL_row>
            <ba_fiscalyear>105</ba_fiscalyear>
            <ba_fundkind>1</ba_fundkind>
            <ba_budgetkind>1</ba_budgetkind>
            <ba_specialbudgetno/>
            <ba_agenno>63020</ba_agenno>
            <ba_agentype>B</ba_agentype>
            <ba_budgetstate>2</ba_budgetstate>
            <ba_versiondate/>
            <ba_budgetyear>105</ba_budgetyear>
            <ba_budgetno>04630200301</ba_budgetno>
            <ba_subprojectno>xxxx</ba_subprojectno>
            <ba_departno>01</ba_departno>
            <ba_objectno>xxxxxxxx</ba_objectno>
            <ba_budgettype>R</ba_budgettype>
            <ba_budgetsource>1</ba_budgetsource>
            <ba_mergetype>1</ba_mergetype>
            <ba_budgetamt>4304000.00</ba_budgetamt>
            <ba_flowflag/>
            <ba_signflag/>
            <ba_signno/>
            <ba_key>11  </ba_key>
        </BCTDBUDGETDETAIL_row>
        <BCTDBUDGETDETAIL_row>
            <ba_fiscalyear>105</ba_fiscalyear>
            <ba_fundkind>1</ba_fundkind>
            <ba_budgetkind>1</ba_budgetkind>
            <ba_specialbudgetno/>
            <ba_agenno>63020</ba_agenno>
            <ba_agentype>B</ba_agentype>
            <ba_budgetstate>2</ba_budgetstate>
            <ba_versiondate/>
            <ba_budgetyear>105</ba_budgetyear>
            <ba_budgetno>07630200101</ba_budgetno>
            <ba_subprojectno>xxxx</ba_subprojectno>
            <ba_departno>01</ba_departno>
            <ba_objectno>xxxxxxxx</ba_objectno>
            <ba_budgettype>R</ba_budgettype>
            <ba_budgetsource>1</ba_budgetsource>
            <ba_mergetype>1</ba_mergetype>
            <ba_budgetamt>20000.00</ba_budgetamt>
            <ba_flowflag/>
            <ba_signflag/>
            <ba_signno/>
            <ba_key>11  </ba_key>
        </BCTDBUDGETDETAIL_row>
        <BCTDBUDGETDETAIL_row>
            <ba_fiscalyear>105</ba_fiscalyear>
            <ba_fundkind>1</ba_fundkind>
            <ba_budgetkind>1</ba_budgetkind>
            <ba_specialbudgetno/>
            <ba_agenno>63020</ba_agenno>
            <ba_agentype>B</ba_agentype>
            <ba_budgetstate>2</ba_budgetstate>
            <ba_versiondate/>
            <ba_budgetyear>105</ba_budgetyear>
            <ba_budgetno>07630200106</ba_budgetno>
            <ba_subprojectno>xxxx</ba_subprojectno>
            <ba_departno>01</ba_departno>
            <ba_objectno>xxxxxxxx</ba_objectno>
            <ba_budgettype>R</ba_budgettype>
            <ba_budgetsource>1</ba_budgetsource>
            <ba_mergetype>1</ba_mergetype>
            <ba_budgetamt>412000.00</ba_budgetamt>
            <ba_flowflag/>
            <ba_signflag/>
            <ba_signno/>
            <ba_key>11  </ba_key>
        </BCTDBUDGETDETAIL_row>
        <BCTDBUDGETDETAIL_row>
            <ba_fiscalyear>105</ba_fiscalyear>
            <ba_fundkind>1</ba_fundkind>
            <ba_budgetkind>1</ba_budgetkind>
            <ba_specialbudgetno/>
            <ba_agenno>63020</ba_agenno>
            <ba_agentype>B</ba_agentype>
            <ba_budgetstate>2</ba_budgetstate>
            <ba_versiondate/>
            <ba_budgetyear>105</ba_budgetyear>
            <ba_budgetno>07630200600</ba_budgetno>
            <ba_subprojectno>xxxx</ba_subprojectno>
            <ba_departno>01</ba_departno>
            <ba_objectno>xxxxxxxx</ba_objectno>
            <ba_budgettype>R</ba_budgettype>
            <ba_budgetsource>1</ba_budgetsource>
            <ba_mergetype>1</ba_mergetype>
            <ba_budgetamt>2173000.00</ba_budgetamt>
            <ba_flowflag/>
            <ba_signflag/>
            <ba_signno/>
            <ba_key>11  </ba_key>
        </BCTDBUDGETDETAIL_row>
        <BCTDBUDGETDETAIL_row>
            <ba_fiscalyear>105</ba_fiscalyear>
            <ba_fundkind>1</ba_fundkind>
            <ba_budgetkind>1</ba_budgetkind>
            <ba_specialbudgetno/>
            <ba_agenno>63020</ba_agenno>
            <ba_agentype>B</ba_agentype>
            <ba_budgetstate>2</ba_budgetstate>
            <ba_versiondate/>
            <ba_budgetyear>105</ba_budgetyear>
            <ba_budgetno>11630200909</ba_budgetno>
            <ba_subprojectno>xxxx</ba_subprojectno>
            <ba_departno>01</ba_departno>
            <ba_objectno>xxxxxxxx</ba_objectno>
            <ba_budgettype>R</ba_budgettype>
            <ba_budgetsource>1</ba_budgetsource>
            <ba_mergetype>1</ba_mergetype>
            <ba_budgetamt>608000.00</ba_budgetamt>
            <ba_flowflag/>
            <ba_signflag/>
            <ba_signno/>
            <ba_key>11  </ba_key>
        </BCTDBUDGETDETAIL_row>
    </BCTDBUDGETDETAIL>
    <BCTDMEMO>
        <BCTDMEMO_row>
            <bc_fiscalyear>105</bc_fiscalyear>
            <bc_fundkind>1</bc_fundkind>
            <bc_budgetkind>1</bc_budgetkind>
            <bc_specialbudgetno/>
            <bc_agenno>63020</bc_agenno>
            <bc_agentype>B</bc_agentype>
            <bc_budgetstate>2</bc_budgetstate>
            <bc_reportno>BCME3430</bc_reportno>
            <bc_key>0463020030101xxxxxxxR1x0</bc_key>
            <bc_versiondate/>
            <bc_content>本年度預算數係志願士兵不適服現役等賠償收入。&#xd;
&lt;#H1&gt;總局600千元。（600,000元x1年）&#xd;
&lt;#H1&gt;北巡局100千元。（100,000元x1年） &#xd;
&lt;#H1&gt;中巡局600千元。（600,000元x1年）&#xd;
&lt;#H1&gt;南巡局2,606千元。（2,606,000元x1年）&#xd;
&lt;#H1&gt;東巡局398千元。（398,000元x1年）&#xd;
</bc_content>
        </BCTDMEMO_row>
        <BCTDMEMO_row>
            <bc_fiscalyear>105</bc_fiscalyear>
            <bc_fundkind>1</bc_fundkind>
            <bc_budgetkind>1</bc_budgetkind>
            <bc_specialbudgetno/>
            <bc_agenno>63020</bc_agenno>
            <bc_agentype>B</bc_agentype>
            <bc_budgetstate>2</bc_budgetstate>
            <bc_reportno>BCME3430</bc_reportno>
            <bc_key>04630200301xR1x1</bc_key>
            <bc_versiondate/>
            <bc_content>志願士兵不適服現役等賠償收入。</bc_content>
        </BCTDMEMO_row>
        <BCTDMEMO_row>
            <bc_fiscalyear>105</bc_fiscalyear>
            <bc_fundkind>1</bc_fundkind>
            <bc_budgetkind>1</bc_budgetkind>
            <bc_specialbudgetno/>
            <bc_agenno>63020</bc_agenno>
            <bc_agentype>B</bc_agentype>
            <bc_budgetstate>2</bc_budgetstate>
            <bc_reportno>BCME3430</bc_reportno>
            <bc_key>04630200301xR1x2</bc_key>
            <bc_versiondate/>
            <bc_content>依據「海岸巡防機關辦理志願士兵不適服現役評審及賠償作業規定」辦理。</bc_content>
        </BCTDMEMO_row>
        <BCTDMEMO_row>
            <bc_fiscalyear>105</bc_fiscalyear>
            <bc_fundkind>1</bc_fundkind>
            <bc_budgetkind>1</bc_budgetkind>
            <bc_specialbudgetno/>
            <bc_agenno>63020</bc_agenno>
            <bc_agentype>B</bc_agentype>
            <bc_budgetstate>2</bc_budgetstate>
            <bc_reportno>BCME3430</bc_reportno>
            <bc_key>0763020010101xxxxxxxR1x0</bc_key>
            <bc_versiondate/>
            <bc_content>本年度預算數係專戶存款之利息收入。&#xd;
&lt;#H1&gt;總局2千元。（1,000元x2次）&#xd;
&lt;#H1&gt;北巡局6千元。（3,000元x2次）&#xd;
&lt;#H1&gt;中巡局6千元。（3,000元x2次）&#xd;
&lt;#H1&gt;南巡局4千元。（2,000元x2次）&#xd;
&lt;#H1&gt;東巡局2千元。（1,000元x2次）&#xd;
&#xd;
</bc_content>
        </BCTDMEMO_row>
        <BCTDMEMO_row>
            <bc_fiscalyear>105</bc_fiscalyear>
            <bc_fundkind>1</bc_fundkind>
            <bc_budgetkind>1</bc_budgetkind>
            <bc_specialbudgetno/>
            <bc_agenno>63020</bc_agenno>
            <bc_agentype>B</bc_agentype>
            <bc_budgetstate>2</bc_budgetstate>
            <bc_reportno>BCME3430</bc_reportno>
            <bc_key>07630200101xR1x1</bc_key>
            <bc_versiondate/>
            <bc_content>專戶存款利息收入繳庫數。</bc_content>
        </BCTDMEMO_row>
        <BCTDMEMO_row>
            <bc_fiscalyear>105</bc_fiscalyear>
            <bc_fundkind>1</bc_fundkind>
            <bc_budgetkind>1</bc_budgetkind>
            <bc_specialbudgetno/>
            <bc_agenno>63020</bc_agenno>
            <bc_agentype>B</bc_agentype>
            <bc_budgetstate>2</bc_budgetstate>
            <bc_reportno>BCME3430</bc_reportno>
            <bc_key>07630200101xR1x2</bc_key>
            <bc_versiondate/>
            <bc_content>依據「財政收支劃分法」規定辦理。&#xd;
&#xd;
</bc_content>
        </BCTDMEMO_row>
        <BCTDMEMO_row>
            <bc_fiscalyear>105</bc_fiscalyear>
            <bc_fundkind>1</bc_fundkind>
            <bc_budgetkind>1</bc_budgetkind>
            <bc_specialbudgetno/>
            <bc_agenno>63020</bc_agenno>
            <bc_agentype>B</bc_agentype>
            <bc_budgetstate>2</bc_budgetstate>
            <bc_reportno>BCME3430</bc_reportno>
            <bc_key>0763020010601xxxxxxxR1x0</bc_key>
            <bc_versiondate/>
            <bc_content>本年度預算數係電信業者設置基地台等租金收入。&#xd;
&lt;#H1&gt;總局26千元。（26,000元x1年）&#xd;
&lt;#H1&gt;北巡局63千元。（63,000元x1年）&#xd;
&lt;#H1&gt;中巡局38千元。（38,000元x1年）&#xd;
&lt;#H1&gt;南巡局220千元。（220,000元x1年）&#xd;
&lt;#H1&gt;東巡局65千元。（65,000元x1年）&#xd;
</bc_content>
        </BCTDMEMO_row>
        <BCTDMEMO_row>
            <bc_fiscalyear>105</bc_fiscalyear>
            <bc_fundkind>1</bc_fundkind>
            <bc_budgetkind>1</bc_budgetkind>
            <bc_specialbudgetno/>
            <bc_agenno>63020</bc_agenno>
            <bc_agentype>B</bc_agentype>
            <bc_budgetstate>2</bc_budgetstate>
            <bc_reportno>BCME3430</bc_reportno>
            <bc_key>07630200106xR1x1</bc_key>
            <bc_versiondate/>
            <bc_content>電信業者設置基地台等租金收入。</bc_content>
        </BCTDMEMO_row>
        <BCTDMEMO_row>
            <bc_fiscalyear>105</bc_fiscalyear>
            <bc_fundkind>1</bc_fundkind>
            <bc_budgetkind>1</bc_budgetkind>
            <bc_specialbudgetno/>
            <bc_agenno>63020</bc_agenno>
            <bc_agentype>B</bc_agentype>
            <bc_budgetstate>2</bc_budgetstate>
            <bc_reportno>BCME3430</bc_reportno>
            <bc_key>07630200106xR1x2</bc_key>
            <bc_versiondate/>
            <bc_content>依據「財政收支劃分法」規定辦理。</bc_content>
        </BCTDMEMO_row>
        <BCTDMEMO_row>
            <bc_fiscalyear>105</bc_fiscalyear>
            <bc_fundkind>1</bc_fundkind>
            <bc_budgetkind>1</bc_budgetkind>
            <bc_specialbudgetno/>
            <bc_agenno>63020</bc_agenno>
            <bc_agentype>B</bc_agentype>
            <bc_budgetstate>2</bc_budgetstate>
            <bc_reportno>BCME3430</bc_reportno>
            <bc_key>0763020060001xxxxxxxR1x0</bc_key>
            <bc_versiondate/>
            <bc_content>本年度預算數係出售廢舊物資等收入。&#xd;
&lt;#H1&gt;總局20千元。（20,000元x1次）&#xd;
&lt;#H1&gt;北巡局200千元。（100,000元x2次）&#xd;
&lt;#H1&gt;中巡局480千元。（120,000元x4次）&#xd;
&lt;#H1&gt;南巡局1,128千元。（564,000元x2次）&#xd;
&lt;#H1&gt;東巡局345千元。（172,500元x2次）&#xd;
</bc_content>
        </BCTDMEMO_row>
        <BCTDMEMO_row>
            <bc_fiscalyear>105</bc_fiscalyear>
            <bc_fundkind>1</bc_fundkind>
            <bc_budgetkind>1</bc_budgetkind>
            <bc_specialbudgetno/>
            <bc_agenno>63020</bc_agenno>
            <bc_agentype>B</bc_agentype>
            <bc_budgetstate>2</bc_budgetstate>
            <bc_reportno>BCME3430</bc_reportno>
            <bc_key>07630200600xR1x1</bc_key>
            <bc_versiondate/>
            <bc_content>辦理環保及廢棄物品處理收入。</bc_content>
        </BCTDMEMO_row>
        <BCTDMEMO_row>
            <bc_fiscalyear>105</bc_fiscalyear>
            <bc_fundkind>1</bc_fundkind>
            <bc_budgetkind>1</bc_budgetkind>
            <bc_specialbudgetno/>
            <bc_agenno>63020</bc_agenno>
            <bc_agentype>B</bc_agentype>
            <bc_budgetstate>2</bc_budgetstate>
            <bc_reportno>BCME3430</bc_reportno>
            <bc_key>07630200600xR1x2</bc_key>
            <bc_versiondate/>
            <bc_content>依據「國有財產法」及「國庫法」規定辦理。</bc_content>
        </BCTDMEMO_row>
        <BCTDMEMO_row>
            <bc_fiscalyear>105</bc_fiscalyear>
            <bc_fundkind>1</bc_fundkind>
            <bc_budgetkind>1</bc_budgetkind>
            <bc_specialbudgetno/>
            <bc_agenno>63020</bc_agenno>
            <bc_agentype>B</bc_agentype>
            <bc_budgetstate>2</bc_budgetstate>
            <bc_reportno>BCME3430</bc_reportno>
            <bc_key>1163020090901xxxxxxxR1x0</bc_key>
            <bc_versiondate/>
            <bc_content>本年度預算數係借用宿舍員工自薪資扣回繳庫數及管理費收入。&#xd;
&lt;#H1&gt;總局332千元。（27,700元x12月）&#xd;
&lt;#H1&gt;北巡局73千元。（6,100元x12月）&#xd;
&lt;#H1&gt;中巡局40千元。（3,300元x12月）&#xd;
&lt;#H1&gt;南巡局7千元。（600元x12月）&#xd;
&lt;#H1&gt;東巡局156千元。（13,000元x12月）&#xd;
</bc_content>
        </BCTDMEMO_row>
        <BCTDMEMO_row>
            <bc_fiscalyear>105</bc_fiscalyear>
            <bc_fundkind>1</bc_fundkind>
            <bc_budgetkind>1</bc_budgetkind>
            <bc_specialbudgetno/>
            <bc_agenno>63020</bc_agenno>
            <bc_agentype>B</bc_agentype>
            <bc_budgetstate>2</bc_budgetstate>
            <bc_reportno>BCME3430</bc_reportno>
            <bc_key>11630200909xR1x1</bc_key>
            <bc_versiondate/>
            <bc_content>借用宿舍員工自薪資扣款繳庫數及管理費收入。</bc_content>
        </BCTDMEMO_row>
        <BCTDMEMO_row>
            <bc_fiscalyear>105</bc_fiscalyear>
            <bc_fundkind>1</bc_fundkind>
            <bc_budgetkind>1</bc_budgetkind>
            <bc_specialbudgetno/>
            <bc_agenno>63020</bc_agenno>
            <bc_agentype>B</bc_agentype>
            <bc_budgetstate>2</bc_budgetstate>
            <bc_reportno>BCME3430</bc_reportno>
            <bc_key>11630200909xR1x2</bc_key>
            <bc_versiondate/>
            <bc_content>依據「全國軍公教員工待遇支給要點」及「中央各機關學校職務宿舍之設置管理規定」辦理。</bc_content>
        </BCTDMEMO_row>
    </BCTDMEMO>
</tables>
