<?xml version="1.0" encoding="UTF-8"?>
<tables>
    <BCTDBUDGETDETAIL>
        <BCTDBUDGETDETAIL_row>
            <ba_fiscalyear>105</ba_fiscalyear>
            <ba_fundkind>1</ba_fundkind>
            <ba_budgetkind>1</ba_budgetkind>
            <ba_specialbudgetno/>
            <ba_agenno>63020003</ba_agenno>
            <ba_agentype>C</ba_agentype>
            <ba_budgetstate>2</ba_budgetstate>
            <ba_versiondate/>
            <ba_budgetyear>105</ba_budgetyear>
            <ba_budgetno>38630200100</ba_budgetno>
            <ba_subprojectno>01</ba_subprojectno>
            <ba_departno>15</ba_departno>
            <ba_objectno>0103</ba_objectno>
            <ba_budgettype>E</ba_budgettype>
            <ba_budgetsource>1</ba_budgetsource>
            <ba_mergetype>1</ba_mergetype>
            <ba_budgetamt>755482000.00</ba_budgetamt>
            <ba_flowflag/>
            <ba_signflag/>
            <ba_signno/>
            <ba_key>11  </ba_key>
        </BCTDBUDGETDETAIL_row>
        <BCTDBUDGETDETAIL_row>
            <ba_fiscalyear>105</ba_fiscalyear>
            <ba_fundkind>1</ba_fundkind>
            <ba_budgetkind>1</ba_budgetkind>
            <ba_specialbudgetno/>
            <ba_agenno>63020003</ba_agenno>
            <ba_agentype>C</ba_agentype>
            <ba_budgetstate>2</ba_budgetstate>
            <ba_versiondate/>
            <ba_budgetyear>105</ba_budgetyear>
            <ba_budgetno>38630200100</ba_budgetno>
            <ba_subprojectno>01</ba_subprojectno>
            <ba_departno>15</ba_departno>
            <ba_objectno>0111</ba_objectno>
            <ba_budgettype>E</ba_budgettype>
            <ba_budgetsource>1</ba_budgetsource>
            <ba_mergetype>1</ba_mergetype>
            <ba_budgetamt>132867000.00</ba_budgetamt>
            <ba_flowflag/>
            <ba_signflag/>
            <ba_signno/>
            <ba_key>11  </ba_key>
        </BCTDBUDGETDETAIL_row>
        <BCTDBUDGETDETAIL_row>
            <ba_fiscalyear>105</ba_fiscalyear>
            <ba_fundkind>1</ba_fundkind>
            <ba_budgetkind>1</ba_budgetkind>
            <ba_specialbudgetno/>
            <ba_agenno>63020003</ba_agenno>
            <ba_agentype>C</ba_agentype>
            <ba_budgetstate>2</ba_budgetstate>
            <ba_versiondate/>
            <ba_budgetyear>105</ba_budgetyear>
            <ba_budgetno>38630200100</ba_budgetno>
            <ba_subprojectno>01</ba_subprojectno>
            <ba_departno>15</ba_departno>
            <ba_objectno>0121</ba_objectno>
            <ba_budgettype>E</ba_budgettype>
            <ba_budgetsource>1</ba_budgetsource>
            <ba_mergetype>1</ba_mergetype>
            <ba_budgetamt>72451000.00</ba_budgetamt>
            <ba_flowflag/>
            <ba_signflag/>
            <ba_signno/>
            <ba_key>11  </ba_key>
        </BCTDBUDGETDETAIL_row>
        <BCTDBUDGETDETAIL_row>
            <ba_fiscalyear>105</ba_fiscalyear>
            <ba_fundkind>1</ba_fundkind>
            <ba_budgetkind>1</ba_budgetkind>
            <ba_specialbudgetno/>
            <ba_agenno>63020003</ba_agenno>
            <ba_agentype>C</ba_agentype>
            <ba_budgetstate>2</ba_budgetstate>
            <ba_versiondate/>
            <ba_budgetyear>105</ba_budgetyear>
            <ba_budgetno>38630200100</ba_budgetno>
            <ba_subprojectno>01</ba_subprojectno>
            <ba_departno>15</ba_departno>
            <ba_objectno>0131</ba_objectno>
            <ba_budgettype>E</ba_budgettype>
            <ba_budgetsource>1</ba_budgetsource>
            <ba_mergetype>1</ba_mergetype>
            <ba_budgetamt>28476000.00</ba_budgetamt>
            <ba_flowflag/>
            <ba_signflag/>
            <ba_signno/>
            <ba_key>11  </ba_key>
        </BCTDBUDGETDETAIL_row>
        <BCTDBUDGETDETAIL_row>
            <ba_fiscalyear>105</ba_fiscalyear>
            <ba_fundkind>1</ba_fundkind>
            <ba_budgetkind>1</ba_budgetkind>
            <ba_specialbudgetno/>
            <ba_agenno>63020003</ba_agenno>
            <ba_agentype>C</ba_agentype>
            <ba_budgetstate>2</ba_budgetstate>
            <ba_versiondate/>
            <ba_budgetyear>105</ba_budgetyear>
            <ba_budgetno>38630200100</ba_budgetno>
            <ba_subprojectno>01</ba_subprojectno>
            <ba_departno>15</ba_departno>
            <ba_objectno>0143</ba_objectno>
            <ba_budgettype>E</ba_budgettype>
            <ba_budgetsource>1</ba_budgetsource>
            <ba_mergetype>1</ba_mergetype>
            <ba_budgetamt>45405000.00</ba_budgetamt>
            <ba_flowflag/>
            <ba_signflag/>
            <ba_signno/>
            <ba_key>11  </ba_key>
        </BCTDBUDGETDETAIL_row>
        <BCTDBUDGETDETAIL_row>
            <ba_fiscalyear>105</ba_fiscalyear>
            <ba_fundkind>1</ba_fundkind>
            <ba_budgetkind>1</ba_budgetkind>
            <ba_specialbudgetno/>
            <ba_agenno>63020003</ba_agenno>
            <ba_agentype>C</ba_agentype>
            <ba_budgetstate>2</ba_budgetstate>
            <ba_versiondate/>
            <ba_budgetyear>105</ba_budgetyear>
            <ba_budgetno>38630200100</ba_budgetno>
            <ba_subprojectno>01</ba_subprojectno>
            <ba_departno>15</ba_departno>
            <ba_objectno>0151</ba_objectno>
            <ba_budgettype>E</ba_budgettype>
            <ba_budgetsource>1</ba_budgetsource>
            <ba_mergetype>1</ba_mergetype>
            <ba_budgetamt>74488000.00</ba_budgetamt>
            <ba_flowflag/>
            <ba_signflag/>
            <ba_signno/>
            <ba_key>11  </ba_key>
        </BCTDBUDGETDETAIL_row>
        <BCTDBUDGETDETAIL_row>
            <ba_fiscalyear>105</ba_fiscalyear>
            <ba_fundkind>1</ba_fundkind>
            <ba_budgetkind>1</ba_budgetkind>
            <ba_specialbudgetno/>
            <ba_agenno>63020003</ba_agenno>
            <ba_agentype>C</ba_agentype>
            <ba_budgetstate>2</ba_budgetstate>
            <ba_versiondate/>
            <ba_budgetyear>105</ba_budgetyear>
            <ba_budgetno>38630200202</ba_budgetno>
            <ba_subprojectno>02</ba_subprojectno>
            <ba_departno>15</ba_departno>
            <ba_objectno>0201</ba_objectno>
            <ba_budgettype>E</ba_budgettype>
            <ba_budgetsource>1</ba_budgetsource>
            <ba_mergetype>1</ba_mergetype>
            <ba_budgetamt>998000.00</ba_budgetamt>
            <ba_flowflag/>
            <ba_signflag/>
            <ba_signno/>
            <ba_key>11  </ba_key>
        </BCTDBUDGETDETAIL_row>
        <BCTDBUDGETDETAIL_row>
            <ba_fiscalyear>105</ba_fiscalyear>
            <ba_fundkind>1</ba_fundkind>
            <ba_budgetkind>1</ba_budgetkind>
            <ba_specialbudgetno/>
            <ba_agenno>63020003</ba_agenno>
            <ba_agentype>C</ba_agentype>
            <ba_budgetstate>2</ba_budgetstate>
            <ba_versiondate/>
            <ba_budgetyear>105</ba_budgetyear>
            <ba_budgetno>38630200202</ba_budgetno>
            <ba_subprojectno>02</ba_subprojectno>
            <ba_departno>15</ba_departno>
            <ba_objectno>0202</ba_objectno>
            <ba_budgettype>E</ba_budgettype>
            <ba_budgetsource>1</ba_budgetsource>
            <ba_mergetype>1</ba_mergetype>
            <ba_budgetamt>18954000.00</ba_budgetamt>
            <ba_flowflag/>
            <ba_signflag/>
            <ba_signno/>
            <ba_key>11  </ba_key>
        </BCTDBUDGETDETAIL_row>
        <BCTDBUDGETDETAIL_row>
            <ba_fiscalyear>105</ba_fiscalyear>
            <ba_fundkind>1</ba_fundkind>
            <ba_budgetkind>1</ba_budgetkind>
            <ba_specialbudgetno/>
            <ba_agenno>63020003</ba_agenno>
            <ba_agentype>C</ba_agentype>
            <ba_budgetstate>2</ba_budgetstate>
            <ba_versiondate/>
            <ba_budgetyear>105</ba_budgetyear>
            <ba_budgetno>38630200202</ba_budgetno>
            <ba_subprojectno>02</ba_subprojectno>
            <ba_departno>15</ba_departno>
            <ba_objectno>0203</ba_objectno>
            <ba_budgettype>E</ba_budgettype>
            <ba_budgetsource>1</ba_budgetsource>
            <ba_mergetype>1</ba_mergetype>
            <ba_budgetamt>7054000.00</ba_budgetamt>
            <ba_flowflag/>
            <ba_signflag/>
            <ba_signno/>
            <ba_key>11  </ba_key>
        </BCTDBUDGETDETAIL_row>
        <BCTDBUDGETDETAIL_row>
            <ba_fiscalyear>105</ba_fiscalyear>
            <ba_fundkind>1</ba_fundkind>
            <ba_budgetkind>1</ba_budgetkind>
            <ba_specialbudgetno/>
            <ba_agenno>63020003</ba_agenno>
            <ba_agentype>C</ba_agentype>
            <ba_budgetstate>2</ba_budgetstate>
            <ba_versiondate/>
            <ba_budgetyear>105</ba_budgetyear>
            <ba_budgetno>38630200202</ba_budgetno>
            <ba_subprojectno>02</ba_subprojectno>
            <ba_departno>15</ba_departno>
            <ba_objectno>0211</ba_objectno>
            <ba_budgettype>E</ba_budgettype>
            <ba_budgetsource>1</ba_budgetsource>
            <ba_mergetype>1</ba_mergetype>
            <ba_budgetamt>111000.00</ba_budgetamt>
            <ba_flowflag/>
            <ba_signflag/>
            <ba_signno/>
            <ba_key>11  </ba_key>
        </BCTDBUDGETDETAIL_row>
        <BCTDBUDGETDETAIL_row>
            <ba_fiscalyear>105</ba_fiscalyear>
            <ba_fundkind>1</ba_fundkind>
            <ba_budgetkind>1</ba_budgetkind>
            <ba_specialbudgetno/>
            <ba_agenno>63020003</ba_agenno>
            <ba_agentype>C</ba_agentype>
            <ba_budgetstate>2</ba_budgetstate>
            <ba_versiondate/>
            <ba_budgetyear>105</ba_budgetyear>
            <ba_budgetno>38630200202</ba_budgetno>
            <ba_subprojectno>02</ba_subprojectno>
            <ba_departno>15</ba_departno>
            <ba_objectno>0215</ba_objectno>
            <ba_budgettype>E</ba_budgettype>
            <ba_budgetsource>1</ba_budgetsource>
            <ba_mergetype>1</ba_mergetype>
            <ba_budgetamt>958000.00</ba_budgetamt>
            <ba_flowflag/>
            <ba_signflag/>
            <ba_signno/>
            <ba_key>11  </ba_key>
        </BCTDBUDGETDETAIL_row>
        <BCTDBUDGETDETAIL_row>
            <ba_fiscalyear>105</ba_fiscalyear>
            <ba_fundkind>1</ba_fundkind>
            <ba_budgetkind>1</ba_budgetkind>
            <ba_specialbudgetno/>
            <ba_agenno>63020003</ba_agenno>
            <ba_agentype>C</ba_agentype>
            <ba_budgetstate>2</ba_budgetstate>
            <ba_versiondate/>
            <ba_budgetyear>105</ba_budgetyear>
            <ba_budgetno>38630200202</ba_budgetno>
            <ba_subprojectno>02</ba_subprojectno>
            <ba_departno>15</ba_departno>
            <ba_objectno>0219</ba_objectno>
            <ba_budgettype>E</ba_budgettype>
            <ba_budgetsource>1</ba_budgetsource>
            <ba_mergetype>1</ba_mergetype>
            <ba_budgetamt>1608000.00</ba_budgetamt>
            <ba_flowflag/>
            <ba_signflag/>
            <ba_signno/>
            <ba_key>11  </ba_key>
        </BCTDBUDGETDETAIL_row>
        <BCTDBUDGETDETAIL_row>
            <ba_fiscalyear>105</ba_fiscalyear>
            <ba_fundkind>1</ba_fundkind>
            <ba_budgetkind>1</ba_budgetkind>
            <ba_specialbudgetno/>
            <ba_agenno>63020003</ba_agenno>
            <ba_agentype>C</ba_agentype>
            <ba_budgetstate>2</ba_budgetstate>
            <ba_versiondate/>
            <ba_budgetyear>105</ba_budgetyear>
            <ba_budgetno>38630200202</ba_budgetno>
            <ba_subprojectno>02</ba_subprojectno>
            <ba_departno>15</ba_departno>
            <ba_objectno>0221</ba_objectno>
            <ba_budgettype>E</ba_budgettype>
            <ba_budgetsource>1</ba_budgetsource>
            <ba_mergetype>1</ba_mergetype>
            <ba_budgetamt>1848000.00</ba_budgetamt>
            <ba_flowflag/>
            <ba_signflag/>
            <ba_signno/>
            <ba_key>11  </ba_key>
        </BCTDBUDGETDETAIL_row>
        <BCTDBUDGETDETAIL_row>
            <ba_fiscalyear>105</ba_fiscalyear>
            <ba_fundkind>1</ba_fundkind>
            <ba_budgetkind>1</ba_budgetkind>
            <ba_specialbudgetno/>
            <ba_agenno>63020003</ba_agenno>
            <ba_agentype>C</ba_agentype>
            <ba_budgetstate>2</ba_budgetstate>
            <ba_versiondate/>
            <ba_budgetyear>105</ba_budgetyear>
            <ba_budgetno>38630200202</ba_budgetno>
            <ba_subprojectno>02</ba_subprojectno>
            <ba_departno>15</ba_departno>
            <ba_objectno>0231</ba_objectno>
            <ba_budgettype>E</ba_budgettype>
            <ba_budgetsource>1</ba_budgetsource>
            <ba_mergetype>1</ba_mergetype>
            <ba_budgetamt>3470000.00</ba_budgetamt>
            <ba_flowflag/>
            <ba_signflag/>
            <ba_signno/>
            <ba_key>11  </ba_key>
        </BCTDBUDGETDETAIL_row>
        <BCTDBUDGETDETAIL_row>
            <ba_fiscalyear>105</ba_fiscalyear>
            <ba_fundkind>1</ba_fundkind>
            <ba_budgetkind>1</ba_budgetkind>
            <ba_specialbudgetno/>
            <ba_agenno>63020003</ba_agenno>
            <ba_agentype>C</ba_agentype>
            <ba_budgetstate>2</ba_budgetstate>
            <ba_versiondate/>
            <ba_budgetyear>105</ba_budgetyear>
            <ba_budgetno>38630200202</ba_budgetno>
            <ba_subprojectno>02</ba_subprojectno>
            <ba_departno>15</ba_departno>
            <ba_objectno>0250</ba_objectno>
            <ba_budgettype>E</ba_budgettype>
            <ba_budgetsource>1</ba_budgetsource>
            <ba_mergetype>1</ba_mergetype>
            <ba_budgetamt>1063000.00</ba_budgetamt>
            <ba_flowflag/>
            <ba_signflag/>
            <ba_signno/>
            <ba_key>11  </ba_key>
        </BCTDBUDGETDETAIL_row>
        <BCTDBUDGETDETAIL_row>
            <ba_fiscalyear>105</ba_fiscalyear>
            <ba_fundkind>1</ba_fundkind>
            <ba_budgetkind>1</ba_budgetkind>
            <ba_specialbudgetno/>
            <ba_agenno>63020003</ba_agenno>
            <ba_agentype>C</ba_agentype>
            <ba_budgetstate>2</ba_budgetstate>
            <ba_versiondate/>
            <ba_budgetyear>105</ba_budgetyear>
            <ba_budgetno>38630200202</ba_budgetno>
            <ba_subprojectno>02</ba_subprojectno>
            <ba_departno>15</ba_departno>
            <ba_objectno>0271</ba_objectno>
            <ba_budgettype>E</ba_budgettype>
            <ba_budgetsource>1</ba_budgetsource>
            <ba_mergetype>1</ba_mergetype>
            <ba_budgetamt>16565000.00</ba_budgetamt>
            <ba_flowflag/>
            <ba_signflag/>
            <ba_signno/>
            <ba_key>11  </ba_key>
        </BCTDBUDGETDETAIL_row>
        <BCTDBUDGETDETAIL_row>
            <ba_fiscalyear>105</ba_fiscalyear>
            <ba_fundkind>1</ba_fundkind>
            <ba_budgetkind>1</ba_budgetkind>
            <ba_specialbudgetno/>
            <ba_agenno>63020003</ba_agenno>
            <ba_agentype>C</ba_agentype>
            <ba_budgetstate>2</ba_budgetstate>
            <ba_versiondate/>
            <ba_budgetyear>105</ba_budgetyear>
            <ba_budgetno>38630200202</ba_budgetno>
            <ba_subprojectno>02</ba_subprojectno>
            <ba_departno>15</ba_departno>
            <ba_objectno>0279</ba_objectno>
            <ba_budgettype>E</ba_budgettype>
            <ba_budgetsource>1</ba_budgetsource>
            <ba_mergetype>1</ba_mergetype>
            <ba_budgetamt>11024000.00</ba_budgetamt>
            <ba_flowflag/>
            <ba_signflag/>
            <ba_signno/>
            <ba_key>11  </ba_key>
        </BCTDBUDGETDETAIL_row>
        <BCTDBUDGETDETAIL_row>
            <ba_fiscalyear>105</ba_fiscalyear>
            <ba_fundkind>1</ba_fundkind>
            <ba_budgetkind>1</ba_budgetkind>
            <ba_specialbudgetno/>
            <ba_agenno>63020003</ba_agenno>
            <ba_agentype>C</ba_agentype>
            <ba_budgetstate>2</ba_budgetstate>
            <ba_versiondate/>
            <ba_budgetyear>105</ba_budgetyear>
            <ba_budgetno>38630200202</ba_budgetno>
            <ba_subprojectno>02</ba_subprojectno>
            <ba_departno>15</ba_departno>
            <ba_objectno>0282</ba_objectno>
            <ba_budgettype>E</ba_budgettype>
            <ba_budgetsource>1</ba_budgetsource>
            <ba_mergetype>1</ba_mergetype>
            <ba_budgetamt>5545000.00</ba_budgetamt>
            <ba_flowflag/>
            <ba_signflag/>
            <ba_signno/>
            <ba_key>11  </ba_key>
        </BCTDBUDGETDETAIL_row>
        <BCTDBUDGETDETAIL_row>
            <ba_fiscalyear>105</ba_fiscalyear>
            <ba_fundkind>1</ba_fundkind>
            <ba_budgetkind>1</ba_budgetkind>
            <ba_specialbudgetno/>
            <ba_agenno>63020003</ba_agenno>
            <ba_agentype>C</ba_agentype>
            <ba_budgetstate>2</ba_budgetstate>
            <ba_versiondate/>
            <ba_budgetyear>105</ba_budgetyear>
            <ba_budgetno>38630200202</ba_budgetno>
            <ba_subprojectno>02</ba_subprojectno>
            <ba_departno>15</ba_departno>
            <ba_objectno>0283</ba_objectno>
            <ba_budgettype>E</ba_budgettype>
            <ba_budgetsource>1</ba_budgetsource>
            <ba_mergetype>1</ba_mergetype>
            <ba_budgetamt>4836000.00</ba_budgetamt>
            <ba_flowflag/>
            <ba_signflag/>
            <ba_signno/>
            <ba_key>11  </ba_key>
        </BCTDBUDGETDETAIL_row>
        <BCTDBUDGETDETAIL_row>
            <ba_fiscalyear>105</ba_fiscalyear>
            <ba_fundkind>1</ba_fundkind>
            <ba_budgetkind>1</ba_budgetkind>
            <ba_specialbudgetno/>
            <ba_agenno>63020003</ba_agenno>
            <ba_agentype>C</ba_agentype>
            <ba_budgetstate>2</ba_budgetstate>
            <ba_versiondate/>
            <ba_budgetyear>105</ba_budgetyear>
            <ba_budgetno>38630200202</ba_budgetno>
            <ba_subprojectno>02</ba_subprojectno>
            <ba_departno>15</ba_departno>
            <ba_objectno>0284</ba_objectno>
            <ba_budgettype>E</ba_budgettype>
            <ba_budgetsource>1</ba_budgetsource>
            <ba_mergetype>1</ba_mergetype>
            <ba_budgetamt>11705000.00</ba_budgetamt>
            <ba_flowflag/>
            <ba_signflag/>
            <ba_signno/>
            <ba_key>11  </ba_key>
        </BCTDBUDGETDETAIL_row>
        <BCTDBUDGETDETAIL_row>
            <ba_fiscalyear>105</ba_fiscalyear>
            <ba_fundkind>1</ba_fundkind>
            <ba_budgetkind>1</ba_budgetkind>
            <ba_specialbudgetno/>
            <ba_agenno>63020003</ba_agenno>
            <ba_agentype>C</ba_agentype>
            <ba_budgetstate>2</ba_budgetstate>
            <ba_versiondate/>
            <ba_budgetyear>105</ba_budgetyear>
            <ba_budgetno>38630200202</ba_budgetno>
            <ba_subprojectno>02</ba_subprojectno>
            <ba_departno>15</ba_departno>
            <ba_objectno>0291</ba_objectno>
            <ba_budgettype>E</ba_budgettype>
            <ba_budgetsource>1</ba_budgetsource>
            <ba_mergetype>1</ba_mergetype>
            <ba_budgetamt>4800000.00</ba_budgetamt>
            <ba_flowflag/>
            <ba_signflag/>
            <ba_signno/>
            <ba_key>11  </ba_key>
        </BCTDBUDGETDETAIL_row>
        <BCTDBUDGETDETAIL_row>
            <ba_fiscalyear>105</ba_fiscalyear>
            <ba_fundkind>1</ba_fundkind>
            <ba_budgetkind>1</ba_budgetkind>
            <ba_specialbudgetno/>
            <ba_agenno>63020003</ba_agenno>
            <ba_agentype>C</ba_agentype>
            <ba_budgetstate>2</ba_budgetstate>
            <ba_versiondate/>
            <ba_budgetyear>105</ba_budgetyear>
            <ba_budgetno>38630200202</ba_budgetno>
            <ba_subprojectno>02</ba_subprojectno>
            <ba_departno>15</ba_departno>
            <ba_objectno>0294</ba_objectno>
            <ba_budgettype>E</ba_budgettype>
            <ba_budgetsource>1</ba_budgetsource>
            <ba_mergetype>1</ba_mergetype>
            <ba_budgetamt>108000.00</ba_budgetamt>
            <ba_flowflag/>
            <ba_signflag/>
            <ba_signno/>
            <ba_key>11  </ba_key>
        </BCTDBUDGETDETAIL_row>
        <BCTDBUDGETDETAIL_row>
            <ba_fiscalyear>105</ba_fiscalyear>
            <ba_fundkind>1</ba_fundkind>
            <ba_budgetkind>1</ba_budgetkind>
            <ba_specialbudgetno/>
            <ba_agenno>63020003</ba_agenno>
            <ba_agentype>C</ba_agentype>
            <ba_budgetstate>2</ba_budgetstate>
            <ba_versiondate/>
            <ba_budgetyear>105</ba_budgetyear>
            <ba_budgetno>38630200202</ba_budgetno>
            <ba_subprojectno>02</ba_subprojectno>
            <ba_departno>15</ba_departno>
            <ba_objectno>0299</ba_objectno>
            <ba_budgettype>E</ba_budgettype>
            <ba_budgetsource>1</ba_budgetsource>
            <ba_mergetype>1</ba_mergetype>
            <ba_budgetamt>130000.00</ba_budgetamt>
            <ba_flowflag/>
            <ba_signflag/>
            <ba_signno/>
            <ba_key>11  </ba_key>
        </BCTDBUDGETDETAIL_row>
        <BCTDBUDGETDETAIL_row>
            <ba_fiscalyear>105</ba_fiscalyear>
            <ba_fundkind>1</ba_fundkind>
            <ba_budgetkind>1</ba_budgetkind>
            <ba_specialbudgetno/>
            <ba_agenno>63020003</ba_agenno>
            <ba_agentype>C</ba_agentype>
            <ba_budgetstate>2</ba_budgetstate>
            <ba_versiondate/>
            <ba_budgetyear>105</ba_budgetyear>
            <ba_budgetno>38630200202</ba_budgetno>
            <ba_subprojectno>02</ba_subprojectno>
            <ba_departno>15</ba_departno>
            <ba_objectno>0306</ba_objectno>
            <ba_budgettype>E</ba_budgettype>
            <ba_budgetsource>1</ba_budgetsource>
            <ba_mergetype>1</ba_mergetype>
            <ba_budgetamt>1155000.00</ba_budgetamt>
            <ba_flowflag/>
            <ba_signflag/>
            <ba_signno/>
            <ba_key>11  </ba_key>
        </BCTDBUDGETDETAIL_row>
        <BCTDBUDGETDETAIL_row>
            <ba_fiscalyear>105</ba_fiscalyear>
            <ba_fundkind>1</ba_fundkind>
            <ba_budgetkind>1</ba_budgetkind>
            <ba_specialbudgetno/>
            <ba_agenno>63020003</ba_agenno>
            <ba_agentype>C</ba_agentype>
            <ba_budgetstate>2</ba_budgetstate>
            <ba_versiondate/>
            <ba_budgetyear>105</ba_budgetyear>
            <ba_budgetno>38630200202</ba_budgetno>
            <ba_subprojectno>02</ba_subprojectno>
            <ba_departno>15</ba_departno>
            <ba_objectno>0319</ba_objectno>
            <ba_budgettype>E</ba_budgettype>
            <ba_budgetsource>1</ba_budgetsource>
            <ba_mergetype>1</ba_mergetype>
            <ba_budgetamt>4768000.00</ba_budgetamt>
            <ba_flowflag/>
            <ba_signflag/>
            <ba_signno/>
            <ba_key>11  </ba_key>
        </BCTDBUDGETDETAIL_row>
        <BCTDBUDGETDETAIL_row>
            <ba_fiscalyear>105</ba_fiscalyear>
            <ba_fundkind>1</ba_fundkind>
            <ba_budgetkind>1</ba_budgetkind>
            <ba_specialbudgetno/>
            <ba_agenno>63020003</ba_agenno>
            <ba_agentype>C</ba_agentype>
            <ba_budgetstate>2</ba_budgetstate>
            <ba_versiondate/>
            <ba_budgetyear>105</ba_budgetyear>
            <ba_budgetno>38630200202</ba_budgetno>
            <ba_subprojectno>02</ba_subprojectno>
            <ba_departno>15</ba_departno>
            <ba_objectno>0475</ba_objectno>
            <ba_budgettype>E</ba_budgettype>
            <ba_budgetsource>1</ba_budgetsource>
            <ba_mergetype>1</ba_mergetype>
            <ba_budgetamt>42000.00</ba_budgetamt>
            <ba_flowflag/>
            <ba_signflag/>
            <ba_signno/>
            <ba_key>11  </ba_key>
        </BCTDBUDGETDETAIL_row>
        <BCTDBUDGETDETAIL_row>
            <ba_fiscalyear>105</ba_fiscalyear>
            <ba_fundkind>1</ba_fundkind>
            <ba_budgetkind>1</ba_budgetkind>
            <ba_specialbudgetno/>
            <ba_agenno>63020003</ba_agenno>
            <ba_agentype>C</ba_agentype>
            <ba_budgetstate>2</ba_budgetstate>
            <ba_versiondate/>
            <ba_budgetyear>105</ba_budgetyear>
            <ba_budgetno>38630200202</ba_budgetno>
            <ba_subprojectno>05</ba_subprojectno>
            <ba_departno>15</ba_departno>
            <ba_objectno>0302</ba_objectno>
            <ba_budgettype>E</ba_budgettype>
            <ba_budgetsource>1</ba_budgetsource>
            <ba_mergetype>1</ba_mergetype>
            <ba_budgetamt>20198000.00</ba_budgetamt>
            <ba_flowflag/>
            <ba_signflag/>
            <ba_signno/>
            <ba_key>11  </ba_key>
        </BCTDBUDGETDETAIL_row>
        <BCTDBUDGETDETAIL_row>
            <ba_fiscalyear>105</ba_fiscalyear>
            <ba_fundkind>1</ba_fundkind>
            <ba_budgetkind>1</ba_budgetkind>
            <ba_specialbudgetno/>
            <ba_agenno>63020003</ba_agenno>
            <ba_agentype>C</ba_agentype>
            <ba_budgetstate>2</ba_budgetstate>
            <ba_versiondate/>
            <ba_budgetyear>105</ba_budgetyear>
            <ba_budgetno>38630209011</ba_budgetno>
            <ba_subprojectno>01</ba_subprojectno>
            <ba_departno>15</ba_departno>
            <ba_objectno>0305</ba_objectno>
            <ba_budgettype>E</ba_budgettype>
            <ba_budgetsource>1</ba_budgetsource>
            <ba_mergetype>1</ba_mergetype>
            <ba_budgetamt>12267000.00</ba_budgetamt>
            <ba_flowflag/>
            <ba_signflag/>
            <ba_signno/>
            <ba_key>11  </ba_key>
        </BCTDBUDGETDETAIL_row>
    </BCTDBUDGETDETAIL>
    <BCTDMEMO>
        <BCTDMEMO_row>
            <bc_fiscalyear>105</bc_fiscalyear>
            <bc_fundkind>1</bc_fundkind>
            <bc_budgetkind>1</bc_budgetkind>
            <bc_specialbudgetno/>
            <bc_agenno>63020003</bc_agenno>
            <bc_agentype>C</bc_agentype>
            <bc_budgetstate>2</bc_budgetstate>
            <bc_reportno>BCME3440</bc_reportno>
            <bc_key>3863020010001xxxxxx15xxxxxxxE1x0</bc_key>
            <bc_versiondate/>
            <bc_content>本計畫編列1,109,169千元，較上年度減列因應地區募兵制推動志願役人力增加，機關間衡平調整等經費2,136千元，其內容如下：&#xd;
&lt;#H1&gt;法定編制人員待遇755,482千元。&#xd;
&lt;#H1&gt;獎金132,867千元，其中考績獎金48,654千元、年終工作獎金84,213千元。&lt;#H1&gt;其他給與72,451千元係依相關法令支領之休假補助、軍職人員主副食費、婚喪及生育補助、子女教育補助、因公傷殘慰問金等。&#xd;
&lt;#H1&gt;加班值班費28,476千元。&#xd;
&lt;#H1&gt;退休離職儲金45,405千元。&#xd;
&lt;#H1&gt;政府負擔之健保51,399千元、公保1,411千元及軍保21,678千元。&#xd;
</bc_content>
        </BCTDMEMO_row>
        <BCTDMEMO_row>
            <bc_fiscalyear>105</bc_fiscalyear>
            <bc_fundkind>1</bc_fundkind>
            <bc_budgetkind>1</bc_budgetkind>
            <bc_specialbudgetno/>
            <bc_agenno>63020003</bc_agenno>
            <bc_agentype>C</bc_agentype>
            <bc_budgetstate>2</bc_budgetstate>
            <bc_reportno>BCME3440</bc_reportno>
            <bc_key>38630200100xE1x1</bc_key>
            <bc_versiondate/>
            <bc_content>辦理同仁薪資、年終及考績獎金、各項補助、加班值班、保險、退儲給與等工作。</bc_content>
        </BCTDMEMO_row>
        <BCTDMEMO_row>
            <bc_fiscalyear>105</bc_fiscalyear>
            <bc_fundkind>1</bc_fundkind>
            <bc_budgetkind>1</bc_budgetkind>
            <bc_specialbudgetno/>
            <bc_agenno>63020003</bc_agenno>
            <bc_agentype>C</bc_agentype>
            <bc_budgetstate>2</bc_budgetstate>
            <bc_reportno>BCME3440</bc_reportno>
            <bc_key>38630200100xE1x2</bc_key>
            <bc_versiondate/>
            <bc_content>支援本局各業管單位及所屬之工作計畫，俾能達成預期施政目標。</bc_content>
        </BCTDMEMO_row>
        <BCTDMEMO_row>
            <bc_fiscalyear>105</bc_fiscalyear>
            <bc_fundkind>1</bc_fundkind>
            <bc_budgetkind>1</bc_budgetkind>
            <bc_specialbudgetno/>
            <bc_agenno>63020003</bc_agenno>
            <bc_agentype>C</bc_agentype>
            <bc_budgetstate>2</bc_budgetstate>
            <bc_reportno>BCME3440</bc_reportno>
            <bc_key>3863020020202xxxxxx15xxxxxxxE1x0</bc_key>
            <bc_versiondate/>
            <bc_content>中部地區巡防局上年度法定預算數116,791千元，移出至「交通及運輸設備」計畫9,462千元後，計107,329千元；本年度辦理海岸地區查緝走私偷渡及犯罪偵防等經費96,742千元，較上年度減列數據通訊費與設施及機械設備養護費等10,587千元。
&lt;#H1&gt;業務費：本計畫係執行岸際勤務4,887千元、港口安全檢查3,715千元、刑事案件偵辦3,761千元、應勤裝備管理維護55,263千元、通電資訊管理8,509千元、風紀訪查評鑑168千元、人員管理與心理諮商4,174千元、聯合勤務作業10,300千元，合計90,777千元，其內容如下：
&lt;#H2&gt;辦理各項教育訓練及講習經費998千元。
&lt;#H2&gt;辦理局本部及所屬辦公營舍水電費18,954千元。
&lt;#H2&gt;辦理各項業務所需郵資、電話費、數據及網路通訊等經費7,054千元。
&lt;#H2&gt;土地租金111千元。
&lt;#H2&gt;辦理網路資訊設備維護所需服務等經費958千元。
&lt;#H2&gt;其他業務租金1,608千元：
&lt;#H3&gt;房屋、各項訓練用車及事務機具等租金1,398千元。
&lt;#H3&gt;新兵接運車輛租金210千元。
&lt;#H2&gt;稅捐及規費1,848千元：
&lt;#H3&gt;車輛牌照稅696千元。
&lt;#H3&gt;車輛燃料費512千元。
&lt;#H3&gt;車輛、艇筏、土地鑑界相關規費等640千元。
&lt;#H2&gt;保險費3,470千元：
&lt;#H3&gt;車輛保險費1,172千元。
&lt;#H3&gt;艇筏保險費2,298千元。
&lt;#H2&gt;辦理心理諮商、法律顧問及營舍消防安全評鑑等業務所需出席費、鐘點費及評鑑裁判費等經費1,063千元。
&lt;#H2&gt;物品16,565千元：
&lt;#H3&gt;車輛油料費6,891千元。
&lt;#H3&gt;艇筏、發電機等動力機具油料費3,127千元。
&lt;#H3&gt;各項專長訓練、機具保養、勤務執行、會議會報整理等工作所需耗材、文具紙張及報章雜誌等經費5,265千元。
&lt;#H3&gt;購置救生衣及生活設施應勤物品經費1,282千元。
&lt;#H2&gt;一般事務費11,024千元：
&lt;#H3&gt;辦理海岸管制、查緝走私、港口安檢等所需部隊加菜金413千元。
&lt;#H3&gt;辦理各項講習、訓練、法令宣導所需書籍印製、有線電視收訊及義務役離營座談等經費2,456千元。
&lt;#H3&gt;辦理諮詢聯誼、偵查案件及海巡服務等經費2,020千元。
&lt;#H3&gt;辦理人員體檢、水質檢驗、醫療管理、環境清潔及行政事務等經費2,535千元。
&lt;#H3&gt;辦理各項文康活動經費1,692千元。(以預算員額846人，每人2,000元編列)
&lt;#H3&gt;辦理專業軍官與志願士兵招募宣傳及大陸船舶越界人船留置勤務等經費1,908千元。
&lt;#H2&gt;辦理磚造及鋼筋水泥房屋等建築修繕費5,545千元。
&lt;#H2&gt;車輛養護費4,233千元，辦公器具養護603千元(以預算員額846人，每人713元編列)，合計4,836千元。
&lt;#H2&gt;辦理偵查蒐證、港口安全檢查器材、艇筏、通訊器材、留置室等各項機具設備養護及營區道路、排水溝、給水、消防、高壓電力管線等設施維護11,705千元。
&lt;#H2&gt;辦理海岸管制、查緝走私、商漁港安檢、通電與後勤補給、外離島軍士官兵往返及義務役官兵退伍返鄉等業務所需國內旅費4,800千元。
&lt;#H2&gt;辦理外離島陸、海交通運輸、物資裝卸等經費108千元。
&lt;#H2&gt;特別費130千元。（首長1人x10,800元x12月）
&lt;#H1&gt;設備及投資：本計畫編列5,923千元，其內容如下：
&lt;#H2&gt;資訊軟硬體設備費編列1,155千元，包括：
&lt;#H3&gt;辦理資訊設備改善計畫汰換個人電腦14套350千元。
&lt;#H3&gt;汰換辦公室應用軟體61套805千元。
&lt;#H2&gt;雜項設備費編列4,768千元，係籌補安檢裝備、偵蒐裝備及生活設施等經費，包括：
&lt;#H3&gt;汰換安檢裝備X光機行李檢查儀1套1,780千元及購置電子內視檢查搜索鏡1具50千元。
&lt;#H3&gt;汰換偵蒐裝備自動照相機6部90千元、數位攝影機12部360千元及夜視鏡6具1,080千元。
&lt;#H3&gt;籌補防彈背心及生活設施改善所需洗衣機、電冰箱、飲水機、冷氣機及熱水器等裝備1,408千元。
&lt;#H1&gt;獎補助費：退休(職)人員三節慰問金42千元。(6,000元x7人)
</bc_content>
        </BCTDMEMO_row>
        <BCTDMEMO_row>
            <bc_fiscalyear>105</bc_fiscalyear>
            <bc_fundkind>1</bc_fundkind>
            <bc_budgetkind>1</bc_budgetkind>
            <bc_specialbudgetno/>
            <bc_agenno>63020003</bc_agenno>
            <bc_agentype>C</bc_agentype>
            <bc_budgetstate>2</bc_budgetstate>
            <bc_reportno>BCME3440</bc_reportno>
            <bc_key>3863020020205xxxxxx15xxxxxxxE1x0</bc_key>
            <bc_versiondate/>
            <bc_content>本計畫編列20,198千元，內容如下:
&lt;#H1&gt;臺中機動查緝隊新建工程計畫，總經費28,838千元。
&lt;#H2&gt;本計畫經行政院海岸巡防署103年7月21日署企計字第1030012471號函核定，計畫總經費28,838千元，分2年辦理，104年度已編列11,814千元，本年度編列最後1年經費17,024千元，預計工程完工驗結，其中公共藝術設置費242千元。
&lt;#H2&gt;工程管理費提列標準係依據「中央政府各機關工程管理費支用要點」規定辦理，計算方式係5,000千元*3%+(21,666千元-5,000千元)*1.5%=400千元，105年度編列219千元。
&lt;#H1&gt;新增105-106年海岸巡防總局暨所屬改建工程計畫，總經費16,421千元。
&lt;#H2&gt;本計畫經行政院海岸巡防署104年8月5日署企計字第1040013803號函核定，係辦理通資大隊部、海山安檢所、溫寮安檢所、松柏營區、水頭安檢所、八二大隊部、八三大隊部及鹽寮安檢所等8處改建工程，計畫總經費16,421千元，分2年辦理，本科目編列5,692千元，本年度編列第1年經費1,786千元，係辦理松柏營區改建工程。
&lt;#H2&gt;工程管理費提列標準係依據「中央政府各機關工程管理費支用要點」規定辦理，計算方式係：1,463千元*3%=44千元，全數編列於105年度。 
&lt;#H1&gt;新增105-107年中部地區巡防局基層營舍新建工程計畫，總經費36,923千元。
&lt;#H2&gt;本計畫經行政院海岸巡防署104年8月5日署企計字第1040013795號函核定，係辦理蚊港安檢所、外埔安檢所等2處新建工程，四總隊部及九總隊部等2處先期規劃，計畫總經費36,923千元，分3年辦理，本年度編列第1年經費1,388千元，預計辦理蚊港安檢所及外埔安檢所等2處新建工程規劃設計作業。
&lt;#H2&gt;工程管理費提列標準係依據「中央政府各機關工程管理費支用要點」規定辦理，各案105年度編列金額及計算方式內容如下：
&lt;#H3&gt;蚊港安檢所新建工程：計算方式係5,000千元*3%+（11,917千元-5,000千元）*1.5%= 254千元，105年度編列85千元。
&lt;#H3&gt;外埔安檢所新建工程：計算方式係5,000千元*3%+（16,103千元-5,000千元）*1.5%= 317千元，105年度編列105千元。
</bc_content>
        </BCTDMEMO_row>
        <BCTDMEMO_row>
            <bc_fiscalyear>105</bc_fiscalyear>
            <bc_fundkind>1</bc_fundkind>
            <bc_budgetkind>1</bc_budgetkind>
            <bc_specialbudgetno/>
            <bc_agenno>63020003</bc_agenno>
            <bc_agentype>C</bc_agentype>
            <bc_budgetstate>2</bc_budgetstate>
            <bc_reportno>BCME3440</bc_reportno>
            <bc_key>38630200202xE1x1</bc_key>
            <bc_versiondate/>
            <bc_content>&lt;#H1&gt;貫徹海域執法、維護岸海秩序。
&lt;#H1&gt;執行巡護任務、強化搜救能量。
&lt;#H1&gt;倡導海洋研究、永續海洋保育。
&lt;#H1&gt;推動募兵政策，精實人力結構。
&lt;#H1&gt;精進為民服務、拓展服務功能。</bc_content>
        </BCTDMEMO_row>
        <BCTDMEMO_row>
            <bc_fiscalyear>105</bc_fiscalyear>
            <bc_fundkind>1</bc_fundkind>
            <bc_budgetkind>1</bc_budgetkind>
            <bc_specialbudgetno/>
            <bc_agenno>63020003</bc_agenno>
            <bc_agentype>C</bc_agentype>
            <bc_budgetstate>2</bc_budgetstate>
            <bc_reportno>BCME3440</bc_reportno>
            <bc_key>38630200202xE1x2</bc_key>
            <bc_versiondate/>
            <bc_content>&lt;#H1&gt;查緝各類走私、偷渡案件成效，預計達目標值94％。
&lt;#H1&gt;提升救難、救生成效，預計達目標值96％。
&lt;#H1&gt;落實海洋汙染防治訓練，預計達目標值93％。
&lt;#H1&gt;有效維護海洋環境，積極取締破壞海洋、海岸環境資源案件，預計達目標值93％。
&lt;#H1&gt;積極達成招募成效，提升海巡執法能量，預計達目標值75％。
&lt;#H1&gt;辦理海巡服務座談，預計達目標值95％。
</bc_content>
        </BCTDMEMO_row>
        <BCTDMEMO_row>
            <bc_fiscalyear>105</bc_fiscalyear>
            <bc_fundkind>1</bc_fundkind>
            <bc_budgetkind>1</bc_budgetkind>
            <bc_specialbudgetno/>
            <bc_agenno>63020003</bc_agenno>
            <bc_agentype>C</bc_agentype>
            <bc_budgetstate>2</bc_budgetstate>
            <bc_reportno>BCME3440</bc_reportno>
            <bc_key>3863020901101xxxxxx15xxxxxxxE1x0</bc_key>
            <bc_versiondate/>
            <bc_content>本計畫編列12,267千元，較上年度由「地區海岸巡防工作」計畫移入9,462千元預算數增列汰換勤務車(廂式)等經費2,805千元，其內容如下： 
&lt;#H1&gt;汰換巡邏車(轎式)7輛4,480千元。
&lt;#H1&gt;汰換巡邏車(廂式)1輛850千元。
&lt;#H1&gt;汰換偵防車(廂式)3輛2,625千元。
&lt;#H1&gt;汰換勤務車(廂式)4輛3,500千元。
&lt;#H1&gt;汰換巡邏機車14輛812千元。
</bc_content>
        </BCTDMEMO_row>
        <BCTDMEMO_row>
            <bc_fiscalyear>105</bc_fiscalyear>
            <bc_fundkind>1</bc_fundkind>
            <bc_budgetkind>1</bc_budgetkind>
            <bc_specialbudgetno/>
            <bc_agenno>63020003</bc_agenno>
            <bc_agentype>C</bc_agentype>
            <bc_budgetstate>2</bc_budgetstate>
            <bc_reportno>BCME3440</bc_reportno>
            <bc_key>3863020901103xxxxxx15xxxxxxxE1x0</bc_key>
            <bc_versiondate/>
            <bc_content>汰換海巡任務用車經費18,068千元，包括：&#xd;
&lt;#H1&gt;汰換巡邏車(轎式)11輛7,040千元。&#xd;
&lt;#H1&gt;汰換巡邏車(廂式)2輛1,700千元。&#xd;
&lt;#H1&gt;汰換偵防車(廂式)4輛3,500千元。&#xd;
&lt;#H1&gt;汰換勤務車(廂式)4輛3,500千元。&#xd;
&lt;#H1&gt;汰換工程車1輛820千元。&#xd;
&lt;#H1&gt;汰換巡邏機車26輛1,508千元。</bc_content>
        </BCTDMEMO_row>
        <BCTDMEMO_row>
            <bc_fiscalyear>105</bc_fiscalyear>
            <bc_fundkind>1</bc_fundkind>
            <bc_budgetkind>1</bc_budgetkind>
            <bc_specialbudgetno/>
            <bc_agenno>63020003</bc_agenno>
            <bc_agentype>C</bc_agentype>
            <bc_budgetstate>2</bc_budgetstate>
            <bc_reportno>BCME3440</bc_reportno>
            <bc_key>38630209011xE1x1</bc_key>
            <bc_versiondate/>
            <bc_content>汰換海巡任務用車。</bc_content>
        </BCTDMEMO_row>
        <BCTDMEMO_row>
            <bc_fiscalyear>105</bc_fiscalyear>
            <bc_fundkind>1</bc_fundkind>
            <bc_budgetkind>1</bc_budgetkind>
            <bc_specialbudgetno/>
            <bc_agenno>63020003</bc_agenno>
            <bc_agentype>C</bc_agentype>
            <bc_budgetstate>2</bc_budgetstate>
            <bc_reportno>BCME3440</bc_reportno>
            <bc_key>38630209011xE1x2</bc_key>
            <bc_versiondate/>
            <bc_content>提升執行任務之機動力、打擊力及運輸能力，有效遏止走私、偷渡不法情事。</bc_content>
        </BCTDMEMO_row>
    </BCTDMEMO>
</tables>
