<?xml version="1.0" encoding="UTF-8"?>
<tables>
    <BCTDYEARPLAN>
        <BCTDYEARPLAN_row>
            <b06_fiscalyear>105</b06_fiscalyear>
            <b06_fundkind>1</b06_fundkind>
            <b06_budgetkind>1         </b06_budgetkind>
            <b06_specialbudgetno/>
            <b06_agenno>63020     </b06_agenno>
            <b06_agentype>B         </b06_agentype>
            <b06_budgetstate>2</b06_budgetstate>
            <b06_planno>01</b06_planno>
            <b06_planname>臺中機動查緝隊新建工程計畫</b06_planname>
            <b06_startyear>104</b06_startyear>
            <b06_endyear>105</b06_endyear>
            <b06_budgetamt>28838000.00</b06_budgetamt>
            <b06_amt1>0.00</b06_amt1>
            <b06_amt2>11814000.00</b06_amt2>
            <b06_amt3>17024000.00</b06_amt3>
            <b06_amt4>0.00</b06_amt4>
            <b06_memo>&amp;lt;#H1&amp;gt;行政院海岸巡防署103年7月21日署企計字第1030012471號函核定總經費為28,838千元。&amp;lt;#H1&amp;gt;本計畫105年度預算編列於「地區海岸巡防工作」科目17,024千元。</b06_memo>
            <b06_upduserno/>
            <b06_upddatetime/>
            <b06_versiondate/>
            <b06_amt1_display>0E-12</b06_amt1_display>
            <b06_amt2_display>0.118140000000</b06_amt2_display>
            <b06_amt3_display>0.170240000000</b06_amt3_display>
            <b06_amt4_display>0E-12</b06_amt4_display>
            <b06_budgetamt_display>0.288380000000</b06_budgetamt_display>
        </BCTDYEARPLAN_row>
        <BCTDYEARPLAN_row>
            <b06_fiscalyear>105</b06_fiscalyear>
            <b06_fundkind>1</b06_fundkind>
            <b06_budgetkind>1         </b06_budgetkind>
            <b06_specialbudgetno/>
            <b06_agenno>63020     </b06_agenno>
            <b06_agentype>B         </b06_agentype>
            <b06_budgetstate>2</b06_budgetstate>
            <b06_planno>02</b06_planno>
            <b06_planname>鳳鼻頭安檢所新建工程計畫</b06_planname>
            <b06_startyear>104</b06_startyear>
            <b06_endyear>105</b06_endyear>
            <b06_budgetamt>31560000.00</b06_budgetamt>
            <b06_amt1>0.00</b06_amt1>
            <b06_amt2>2000000.00</b06_amt2>
            <b06_amt3>29560000.00</b06_amt3>
            <b06_amt4>0.00</b06_amt4>
            <b06_memo>&amp;lt;#H1&amp;gt;行政院海岸巡防署103年8月8日署企計字第1030013853號函核定總經費為31,560千元。&amp;lt;#H1&amp;gt;本計畫105年度預算編列於「地區海岸巡防工作」科目29,560千元。</b06_memo>
            <b06_upduserno/>
            <b06_upddatetime/>
            <b06_versiondate/>
            <b06_amt1_display>0E-12</b06_amt1_display>
            <b06_amt2_display>0.020000000000</b06_amt2_display>
            <b06_amt3_display>0.295600000000</b06_amt3_display>
            <b06_amt4_display>0E-12</b06_amt4_display>
            <b06_budgetamt_display>0.315600000000</b06_budgetamt_display>
        </BCTDYEARPLAN_row>
        <BCTDYEARPLAN_row>
            <b06_fiscalyear>105</b06_fiscalyear>
            <b06_fundkind>1</b06_fundkind>
            <b06_budgetkind>1         </b06_budgetkind>
            <b06_specialbudgetno/>
            <b06_agenno>63020     </b06_agenno>
            <b06_agentype>B         </b06_agentype>
            <b06_budgetstate>2</b06_budgetstate>
            <b06_planno>03</b06_planno>
            <b06_planname>105-106年海岸巡防總局暨所屬改建工程計畫</b06_planname>
            <b06_startyear>105</b06_startyear>
            <b06_endyear>106</b06_endyear>
            <b06_budgetamt>16421000.00</b06_budgetamt>
            <b06_amt1>0.00</b06_amt1>
            <b06_amt2>0.00</b06_amt2>
            <b06_amt3>9991000.00</b06_amt3>
            <b06_amt4>6430000.00</b06_amt4>
            <b06_memo>&amp;lt;#H1&amp;gt;行政院海岸巡防署104年8月5日署企計字第1040013803號函核定總經費為16,421千元&#xd;
&amp;lt;#H1&amp;gt;本計畫105年度預算編列於「海岸巡防規劃及管理」科目676千元及「地區海岸巡防工作」科目9,315千元。</b06_memo>
            <b06_upduserno/>
            <b06_upddatetime/>
            <b06_versiondate/>
            <b06_amt1_display>0E-12</b06_amt1_display>
            <b06_amt2_display>0E-12</b06_amt2_display>
            <b06_amt3_display>0.099910000000</b06_amt3_display>
            <b06_amt4_display>0.064300000000</b06_amt4_display>
            <b06_budgetamt_display>0.164210000000</b06_budgetamt_display>
        </BCTDYEARPLAN_row>
        <BCTDYEARPLAN_row>
            <b06_fiscalyear>105</b06_fiscalyear>
            <b06_fundkind>1</b06_fundkind>
            <b06_budgetkind>1         </b06_budgetkind>
            <b06_specialbudgetno/>
            <b06_agenno>63020     </b06_agenno>
            <b06_agentype>B         </b06_agentype>
            <b06_budgetstate>2</b06_budgetstate>
            <b06_planno>04</b06_planno>
            <b06_planname>105-107年北部地區巡防局基層營舍新建工程計畫</b06_planname>
            <b06_startyear>105</b06_startyear>
            <b06_endyear>107</b06_endyear>
            <b06_budgetamt>67888000.00</b06_budgetamt>
            <b06_amt1>0.00</b06_amt1>
            <b06_amt2>0.00</b06_amt2>
            <b06_amt3>3152000.00</b06_amt3>
            <b06_amt4>64736000.00</b06_amt4>
            <b06_memo>&amp;lt;#H1&amp;gt;行政院海岸巡防署104年8月5日署企計字第1040013800號函核定總經費為67,888千元&#xd;
&amp;lt;#H1&amp;gt;本計畫105年度預算編列於「地區海岸巡防工作」科目3,152千元。</b06_memo>
            <b06_upduserno/>
            <b06_upddatetime/>
            <b06_versiondate/>
            <b06_amt1_display>0E-12</b06_amt1_display>
            <b06_amt2_display>0E-12</b06_amt2_display>
            <b06_amt3_display>0.031520000000</b06_amt3_display>
            <b06_amt4_display>0.647360000000</b06_amt4_display>
            <b06_budgetamt_display>0.678880000000</b06_budgetamt_display>
        </BCTDYEARPLAN_row>
        <BCTDYEARPLAN_row>
            <b06_fiscalyear>105</b06_fiscalyear>
            <b06_fundkind>1</b06_fundkind>
            <b06_budgetkind>1         </b06_budgetkind>
            <b06_specialbudgetno/>
            <b06_agenno>63020     </b06_agenno>
            <b06_agentype>B         </b06_agentype>
            <b06_budgetstate>2</b06_budgetstate>
            <b06_planno>05</b06_planno>
            <b06_planname>105-107年中部地區巡防局基層營舍新建工程計畫</b06_planname>
            <b06_startyear>105</b06_startyear>
            <b06_endyear>107</b06_endyear>
            <b06_budgetamt>36923000.00</b06_budgetamt>
            <b06_amt1>0.00</b06_amt1>
            <b06_amt2>0.00</b06_amt2>
            <b06_amt3>1388000.00</b06_amt3>
            <b06_amt4>35535000.00</b06_amt4>
            <b06_memo>&amp;lt;#H1&amp;gt;行政院海岸巡防署104年8月5日署企計字第1040013795號函核定總經費為36,923千元&#xd;
&amp;lt;#H1&amp;gt;本計畫105年度預算編列於「地區海岸巡防工作」科目1,388千元。</b06_memo>
            <b06_upduserno/>
            <b06_upddatetime/>
            <b06_versiondate/>
            <b06_amt1_display>0E-12</b06_amt1_display>
            <b06_amt2_display>0E-12</b06_amt2_display>
            <b06_amt3_display>0.013880000000</b06_amt3_display>
            <b06_amt4_display>0.355350000000</b06_amt4_display>
            <b06_budgetamt_display>0.369230000000</b06_budgetamt_display>
        </BCTDYEARPLAN_row>
        <BCTDYEARPLAN_row>
            <b06_fiscalyear>105</b06_fiscalyear>
            <b06_fundkind>1</b06_fundkind>
            <b06_budgetkind>1         </b06_budgetkind>
            <b06_specialbudgetno/>
            <b06_agenno>63020     </b06_agenno>
            <b06_agentype>B         </b06_agentype>
            <b06_budgetstate>2</b06_budgetstate>
            <b06_planno>06</b06_planno>
            <b06_planname>105-107年南部地區巡防局基層營舍新建工程計畫</b06_planname>
            <b06_startyear>105</b06_startyear>
            <b06_endyear>107</b06_endyear>
            <b06_budgetamt>30025000.00</b06_budgetamt>
            <b06_amt1>0.00</b06_amt1>
            <b06_amt2>0.00</b06_amt2>
            <b06_amt3>5842000.00</b06_amt3>
            <b06_amt4>24183000.00</b06_amt4>
            <b06_memo>&amp;lt;#H1&amp;gt;行政院海岸巡防署104年8月5日署企計字第1040013794號函核定總經費為30,025千元&#xd;
&amp;lt;#H1&amp;gt;本計畫105年度預算編列於「地區海岸巡防工作」科目5,842千元。</b06_memo>
            <b06_upduserno/>
            <b06_upddatetime/>
            <b06_versiondate/>
            <b06_amt1_display>0E-12</b06_amt1_display>
            <b06_amt2_display>0E-12</b06_amt2_display>
            <b06_amt3_display>0.058420000000</b06_amt3_display>
            <b06_amt4_display>0.241830000000</b06_amt4_display>
            <b06_budgetamt_display>0.300250000000</b06_budgetamt_display>
        </BCTDYEARPLAN_row>
    </BCTDYEARPLAN>
</tables>
