<?xml version="1.0" encoding="UTF-8"?>
<tables>
    <BCTDBUDGETDETAIL>
        <BCTDBUDGETDETAIL_row>
            <ba_fiscalyear>105</ba_fiscalyear>
            <ba_fundkind>1</ba_fundkind>
            <ba_budgetkind>1</ba_budgetkind>
            <ba_specialbudgetno/>
            <ba_agenno>63020004</ba_agenno>
            <ba_agentype>C</ba_agentype>
            <ba_budgetstate>2</ba_budgetstate>
            <ba_versiondate/>
            <ba_budgetyear>105</ba_budgetyear>
            <ba_budgetno>38630200100</ba_budgetno>
            <ba_subprojectno>01</ba_subprojectno>
            <ba_departno>16</ba_departno>
            <ba_objectno>0103</ba_objectno>
            <ba_budgettype>E</ba_budgettype>
            <ba_budgetsource>1</ba_budgetsource>
            <ba_mergetype>1</ba_mergetype>
            <ba_budgetamt>1253092000.00</ba_budgetamt>
            <ba_flowflag/>
            <ba_signflag/>
            <ba_signno/>
            <ba_key>11  </ba_key>
        </BCTDBUDGETDETAIL_row>
        <BCTDBUDGETDETAIL_row>
            <ba_fiscalyear>105</ba_fiscalyear>
            <ba_fundkind>1</ba_fundkind>
            <ba_budgetkind>1</ba_budgetkind>
            <ba_specialbudgetno/>
            <ba_agenno>63020004</ba_agenno>
            <ba_agentype>C</ba_agentype>
            <ba_budgetstate>2</ba_budgetstate>
            <ba_versiondate/>
            <ba_budgetyear>105</ba_budgetyear>
            <ba_budgetno>38630200100</ba_budgetno>
            <ba_subprojectno>01</ba_subprojectno>
            <ba_departno>16</ba_departno>
            <ba_objectno>0111</ba_objectno>
            <ba_budgettype>E</ba_budgettype>
            <ba_budgetsource>1</ba_budgetsource>
            <ba_mergetype>1</ba_mergetype>
            <ba_budgetamt>210433000.00</ba_budgetamt>
            <ba_flowflag/>
            <ba_signflag/>
            <ba_signno/>
            <ba_key>11  </ba_key>
        </BCTDBUDGETDETAIL_row>
        <BCTDBUDGETDETAIL_row>
            <ba_fiscalyear>105</ba_fiscalyear>
            <ba_fundkind>1</ba_fundkind>
            <ba_budgetkind>1</ba_budgetkind>
            <ba_specialbudgetno/>
            <ba_agenno>63020004</ba_agenno>
            <ba_agentype>C</ba_agentype>
            <ba_budgetstate>2</ba_budgetstate>
            <ba_versiondate/>
            <ba_budgetyear>105</ba_budgetyear>
            <ba_budgetno>38630200100</ba_budgetno>
            <ba_subprojectno>01</ba_subprojectno>
            <ba_departno>16</ba_departno>
            <ba_objectno>0121</ba_objectno>
            <ba_budgettype>E</ba_budgettype>
            <ba_budgetsource>1</ba_budgetsource>
            <ba_mergetype>1</ba_mergetype>
            <ba_budgetamt>111213000.00</ba_budgetamt>
            <ba_flowflag/>
            <ba_signflag/>
            <ba_signno/>
            <ba_key>11  </ba_key>
        </BCTDBUDGETDETAIL_row>
        <BCTDBUDGETDETAIL_row>
            <ba_fiscalyear>105</ba_fiscalyear>
            <ba_fundkind>1</ba_fundkind>
            <ba_budgetkind>1</ba_budgetkind>
            <ba_specialbudgetno/>
            <ba_agenno>63020004</ba_agenno>
            <ba_agentype>C</ba_agentype>
            <ba_budgetstate>2</ba_budgetstate>
            <ba_versiondate/>
            <ba_budgetyear>105</ba_budgetyear>
            <ba_budgetno>38630200100</ba_budgetno>
            <ba_subprojectno>01</ba_subprojectno>
            <ba_departno>16</ba_departno>
            <ba_objectno>0131</ba_objectno>
            <ba_budgettype>E</ba_budgettype>
            <ba_budgetsource>1</ba_budgetsource>
            <ba_mergetype>1</ba_mergetype>
            <ba_budgetamt>39975000.00</ba_budgetamt>
            <ba_flowflag/>
            <ba_signflag/>
            <ba_signno/>
            <ba_key>11  </ba_key>
        </BCTDBUDGETDETAIL_row>
        <BCTDBUDGETDETAIL_row>
            <ba_fiscalyear>105</ba_fiscalyear>
            <ba_fundkind>1</ba_fundkind>
            <ba_budgetkind>1</ba_budgetkind>
            <ba_specialbudgetno/>
            <ba_agenno>63020004</ba_agenno>
            <ba_agentype>C</ba_agentype>
            <ba_budgetstate>2</ba_budgetstate>
            <ba_versiondate/>
            <ba_budgetyear>105</ba_budgetyear>
            <ba_budgetno>38630200100</ba_budgetno>
            <ba_subprojectno>01</ba_subprojectno>
            <ba_departno>16</ba_departno>
            <ba_objectno>0143</ba_objectno>
            <ba_budgettype>E</ba_budgettype>
            <ba_budgetsource>1</ba_budgetsource>
            <ba_mergetype>1</ba_mergetype>
            <ba_budgetamt>70362000.00</ba_budgetamt>
            <ba_flowflag/>
            <ba_signflag/>
            <ba_signno/>
            <ba_key>11  </ba_key>
        </BCTDBUDGETDETAIL_row>
        <BCTDBUDGETDETAIL_row>
            <ba_fiscalyear>105</ba_fiscalyear>
            <ba_fundkind>1</ba_fundkind>
            <ba_budgetkind>1</ba_budgetkind>
            <ba_specialbudgetno/>
            <ba_agenno>63020004</ba_agenno>
            <ba_agentype>C</ba_agentype>
            <ba_budgetstate>2</ba_budgetstate>
            <ba_versiondate/>
            <ba_budgetyear>105</ba_budgetyear>
            <ba_budgetno>38630200100</ba_budgetno>
            <ba_subprojectno>01</ba_subprojectno>
            <ba_departno>16</ba_departno>
            <ba_objectno>0151</ba_objectno>
            <ba_budgettype>E</ba_budgettype>
            <ba_budgetsource>1</ba_budgetsource>
            <ba_mergetype>1</ba_mergetype>
            <ba_budgetamt>149017000.00</ba_budgetamt>
            <ba_flowflag/>
            <ba_signflag/>
            <ba_signno/>
            <ba_key>11  </ba_key>
        </BCTDBUDGETDETAIL_row>
        <BCTDBUDGETDETAIL_row>
            <ba_fiscalyear>105</ba_fiscalyear>
            <ba_fundkind>1</ba_fundkind>
            <ba_budgetkind>1</ba_budgetkind>
            <ba_specialbudgetno/>
            <ba_agenno>63020004</ba_agenno>
            <ba_agentype>C</ba_agentype>
            <ba_budgetstate>2</ba_budgetstate>
            <ba_versiondate/>
            <ba_budgetyear>105</ba_budgetyear>
            <ba_budgetno>38630200202</ba_budgetno>
            <ba_subprojectno>03</ba_subprojectno>
            <ba_departno>16</ba_departno>
            <ba_objectno>0201</ba_objectno>
            <ba_budgettype>E</ba_budgettype>
            <ba_budgetsource>1</ba_budgetsource>
            <ba_mergetype>1</ba_mergetype>
            <ba_budgetamt>1083000.00</ba_budgetamt>
            <ba_flowflag/>
            <ba_signflag/>
            <ba_signno/>
            <ba_key>11  </ba_key>
        </BCTDBUDGETDETAIL_row>
        <BCTDBUDGETDETAIL_row>
            <ba_fiscalyear>105</ba_fiscalyear>
            <ba_fundkind>1</ba_fundkind>
            <ba_budgetkind>1</ba_budgetkind>
            <ba_specialbudgetno/>
            <ba_agenno>63020004</ba_agenno>
            <ba_agentype>C</ba_agentype>
            <ba_budgetstate>2</ba_budgetstate>
            <ba_versiondate/>
            <ba_budgetyear>105</ba_budgetyear>
            <ba_budgetno>38630200202</ba_budgetno>
            <ba_subprojectno>03</ba_subprojectno>
            <ba_departno>16</ba_departno>
            <ba_objectno>0202</ba_objectno>
            <ba_budgettype>E</ba_budgettype>
            <ba_budgetsource>1</ba_budgetsource>
            <ba_mergetype>1</ba_mergetype>
            <ba_budgetamt>21245000.00</ba_budgetamt>
            <ba_flowflag/>
            <ba_signflag/>
            <ba_signno/>
            <ba_key>11  </ba_key>
        </BCTDBUDGETDETAIL_row>
        <BCTDBUDGETDETAIL_row>
            <ba_fiscalyear>105</ba_fiscalyear>
            <ba_fundkind>1</ba_fundkind>
            <ba_budgetkind>1</ba_budgetkind>
            <ba_specialbudgetno/>
            <ba_agenno>63020004</ba_agenno>
            <ba_agentype>C</ba_agentype>
            <ba_budgetstate>2</ba_budgetstate>
            <ba_versiondate/>
            <ba_budgetyear>105</ba_budgetyear>
            <ba_budgetno>38630200202</ba_budgetno>
            <ba_subprojectno>03</ba_subprojectno>
            <ba_departno>16</ba_departno>
            <ba_objectno>0203</ba_objectno>
            <ba_budgettype>E</ba_budgettype>
            <ba_budgetsource>1</ba_budgetsource>
            <ba_mergetype>1</ba_mergetype>
            <ba_budgetamt>15824000.00</ba_budgetamt>
            <ba_flowflag/>
            <ba_signflag/>
            <ba_signno/>
            <ba_key>11  </ba_key>
        </BCTDBUDGETDETAIL_row>
        <BCTDBUDGETDETAIL_row>
            <ba_fiscalyear>105</ba_fiscalyear>
            <ba_fundkind>1</ba_fundkind>
            <ba_budgetkind>1</ba_budgetkind>
            <ba_specialbudgetno/>
            <ba_agenno>63020004</ba_agenno>
            <ba_agentype>C</ba_agentype>
            <ba_budgetstate>2</ba_budgetstate>
            <ba_versiondate/>
            <ba_budgetyear>105</ba_budgetyear>
            <ba_budgetno>38630200202</ba_budgetno>
            <ba_subprojectno>03</ba_subprojectno>
            <ba_departno>16</ba_departno>
            <ba_objectno>0211</ba_objectno>
            <ba_budgettype>E</ba_budgettype>
            <ba_budgetsource>1</ba_budgetsource>
            <ba_mergetype>1</ba_mergetype>
            <ba_budgetamt>131000.00</ba_budgetamt>
            <ba_flowflag/>
            <ba_signflag/>
            <ba_signno/>
            <ba_key>11  </ba_key>
        </BCTDBUDGETDETAIL_row>
        <BCTDBUDGETDETAIL_row>
            <ba_fiscalyear>105</ba_fiscalyear>
            <ba_fundkind>1</ba_fundkind>
            <ba_budgetkind>1</ba_budgetkind>
            <ba_specialbudgetno/>
            <ba_agenno>63020004</ba_agenno>
            <ba_agentype>C</ba_agentype>
            <ba_budgetstate>2</ba_budgetstate>
            <ba_versiondate/>
            <ba_budgetyear>105</ba_budgetyear>
            <ba_budgetno>38630200202</ba_budgetno>
            <ba_subprojectno>03</ba_subprojectno>
            <ba_departno>16</ba_departno>
            <ba_objectno>0215</ba_objectno>
            <ba_budgettype>E</ba_budgettype>
            <ba_budgetsource>1</ba_budgetsource>
            <ba_mergetype>1</ba_mergetype>
            <ba_budgetamt>521000.00</ba_budgetamt>
            <ba_flowflag/>
            <ba_signflag/>
            <ba_signno/>
            <ba_key>11  </ba_key>
        </BCTDBUDGETDETAIL_row>
        <BCTDBUDGETDETAIL_row>
            <ba_fiscalyear>105</ba_fiscalyear>
            <ba_fundkind>1</ba_fundkind>
            <ba_budgetkind>1</ba_budgetkind>
            <ba_specialbudgetno/>
            <ba_agenno>63020004</ba_agenno>
            <ba_agentype>C</ba_agentype>
            <ba_budgetstate>2</ba_budgetstate>
            <ba_versiondate/>
            <ba_budgetyear>105</ba_budgetyear>
            <ba_budgetno>38630200202</ba_budgetno>
            <ba_subprojectno>03</ba_subprojectno>
            <ba_departno>16</ba_departno>
            <ba_objectno>0219</ba_objectno>
            <ba_budgettype>E</ba_budgettype>
            <ba_budgetsource>1</ba_budgetsource>
            <ba_mergetype>1</ba_mergetype>
            <ba_budgetamt>2879000.00</ba_budgetamt>
            <ba_flowflag/>
            <ba_signflag/>
            <ba_signno/>
            <ba_key>11  </ba_key>
        </BCTDBUDGETDETAIL_row>
        <BCTDBUDGETDETAIL_row>
            <ba_fiscalyear>105</ba_fiscalyear>
            <ba_fundkind>1</ba_fundkind>
            <ba_budgetkind>1</ba_budgetkind>
            <ba_specialbudgetno/>
            <ba_agenno>63020004</ba_agenno>
            <ba_agentype>C</ba_agentype>
            <ba_budgetstate>2</ba_budgetstate>
            <ba_versiondate/>
            <ba_budgetyear>105</ba_budgetyear>
            <ba_budgetno>38630200202</ba_budgetno>
            <ba_subprojectno>03</ba_subprojectno>
            <ba_departno>16</ba_departno>
            <ba_objectno>0221</ba_objectno>
            <ba_budgettype>E</ba_budgettype>
            <ba_budgetsource>1</ba_budgetsource>
            <ba_mergetype>1</ba_mergetype>
            <ba_budgetamt>1936000.00</ba_budgetamt>
            <ba_flowflag/>
            <ba_signflag/>
            <ba_signno/>
            <ba_key>11  </ba_key>
        </BCTDBUDGETDETAIL_row>
        <BCTDBUDGETDETAIL_row>
            <ba_fiscalyear>105</ba_fiscalyear>
            <ba_fundkind>1</ba_fundkind>
            <ba_budgetkind>1</ba_budgetkind>
            <ba_specialbudgetno/>
            <ba_agenno>63020004</ba_agenno>
            <ba_agentype>C</ba_agentype>
            <ba_budgetstate>2</ba_budgetstate>
            <ba_versiondate/>
            <ba_budgetyear>105</ba_budgetyear>
            <ba_budgetno>38630200202</ba_budgetno>
            <ba_subprojectno>03</ba_subprojectno>
            <ba_departno>16</ba_departno>
            <ba_objectno>0231</ba_objectno>
            <ba_budgettype>E</ba_budgettype>
            <ba_budgetsource>1</ba_budgetsource>
            <ba_mergetype>1</ba_mergetype>
            <ba_budgetamt>3668000.00</ba_budgetamt>
            <ba_flowflag/>
            <ba_signflag/>
            <ba_signno/>
            <ba_key>11  </ba_key>
        </BCTDBUDGETDETAIL_row>
        <BCTDBUDGETDETAIL_row>
            <ba_fiscalyear>105</ba_fiscalyear>
            <ba_fundkind>1</ba_fundkind>
            <ba_budgetkind>1</ba_budgetkind>
            <ba_specialbudgetno/>
            <ba_agenno>63020004</ba_agenno>
            <ba_agentype>C</ba_agentype>
            <ba_budgetstate>2</ba_budgetstate>
            <ba_versiondate/>
            <ba_budgetyear>105</ba_budgetyear>
            <ba_budgetno>38630200202</ba_budgetno>
            <ba_subprojectno>03</ba_subprojectno>
            <ba_departno>16</ba_departno>
            <ba_objectno>0250</ba_objectno>
            <ba_budgettype>E</ba_budgettype>
            <ba_budgetsource>1</ba_budgetsource>
            <ba_mergetype>1</ba_mergetype>
            <ba_budgetamt>537000.00</ba_budgetamt>
            <ba_flowflag/>
            <ba_signflag/>
            <ba_signno/>
            <ba_key>11  </ba_key>
        </BCTDBUDGETDETAIL_row>
        <BCTDBUDGETDETAIL_row>
            <ba_fiscalyear>105</ba_fiscalyear>
            <ba_fundkind>1</ba_fundkind>
            <ba_budgetkind>1</ba_budgetkind>
            <ba_specialbudgetno/>
            <ba_agenno>63020004</ba_agenno>
            <ba_agentype>C</ba_agentype>
            <ba_budgetstate>2</ba_budgetstate>
            <ba_versiondate/>
            <ba_budgetyear>105</ba_budgetyear>
            <ba_budgetno>38630200202</ba_budgetno>
            <ba_subprojectno>03</ba_subprojectno>
            <ba_departno>16</ba_departno>
            <ba_objectno>0271</ba_objectno>
            <ba_budgettype>E</ba_budgettype>
            <ba_budgetsource>1</ba_budgetsource>
            <ba_mergetype>1</ba_mergetype>
            <ba_budgetamt>36314000.00</ba_budgetamt>
            <ba_flowflag/>
            <ba_signflag/>
            <ba_signno/>
            <ba_key>11  </ba_key>
        </BCTDBUDGETDETAIL_row>
        <BCTDBUDGETDETAIL_row>
            <ba_fiscalyear>105</ba_fiscalyear>
            <ba_fundkind>1</ba_fundkind>
            <ba_budgetkind>1</ba_budgetkind>
            <ba_specialbudgetno/>
            <ba_agenno>63020004</ba_agenno>
            <ba_agentype>C</ba_agentype>
            <ba_budgetstate>2</ba_budgetstate>
            <ba_versiondate/>
            <ba_budgetyear>105</ba_budgetyear>
            <ba_budgetno>38630200202</ba_budgetno>
            <ba_subprojectno>03</ba_subprojectno>
            <ba_departno>16</ba_departno>
            <ba_objectno>0279</ba_objectno>
            <ba_budgettype>E</ba_budgettype>
            <ba_budgetsource>1</ba_budgetsource>
            <ba_mergetype>1</ba_mergetype>
            <ba_budgetamt>17205000.00</ba_budgetamt>
            <ba_flowflag/>
            <ba_signflag/>
            <ba_signno/>
            <ba_key>11  </ba_key>
        </BCTDBUDGETDETAIL_row>
        <BCTDBUDGETDETAIL_row>
            <ba_fiscalyear>105</ba_fiscalyear>
            <ba_fundkind>1</ba_fundkind>
            <ba_budgetkind>1</ba_budgetkind>
            <ba_specialbudgetno/>
            <ba_agenno>63020004</ba_agenno>
            <ba_agentype>C</ba_agentype>
            <ba_budgetstate>2</ba_budgetstate>
            <ba_versiondate/>
            <ba_budgetyear>105</ba_budgetyear>
            <ba_budgetno>38630200202</ba_budgetno>
            <ba_subprojectno>03</ba_subprojectno>
            <ba_departno>16</ba_departno>
            <ba_objectno>0282</ba_objectno>
            <ba_budgettype>E</ba_budgettype>
            <ba_budgetsource>1</ba_budgetsource>
            <ba_mergetype>1</ba_mergetype>
            <ba_budgetamt>2906000.00</ba_budgetamt>
            <ba_flowflag/>
            <ba_signflag/>
            <ba_signno/>
            <ba_key>11  </ba_key>
        </BCTDBUDGETDETAIL_row>
        <BCTDBUDGETDETAIL_row>
            <ba_fiscalyear>105</ba_fiscalyear>
            <ba_fundkind>1</ba_fundkind>
            <ba_budgetkind>1</ba_budgetkind>
            <ba_specialbudgetno/>
            <ba_agenno>63020004</ba_agenno>
            <ba_agentype>C</ba_agentype>
            <ba_budgetstate>2</ba_budgetstate>
            <ba_versiondate/>
            <ba_budgetyear>105</ba_budgetyear>
            <ba_budgetno>38630200202</ba_budgetno>
            <ba_subprojectno>03</ba_subprojectno>
            <ba_departno>16</ba_departno>
            <ba_objectno>0283</ba_objectno>
            <ba_budgettype>E</ba_budgettype>
            <ba_budgetsource>1</ba_budgetsource>
            <ba_mergetype>1</ba_mergetype>
            <ba_budgetamt>7228000.00</ba_budgetamt>
            <ba_flowflag/>
            <ba_signflag/>
            <ba_signno/>
            <ba_key>11  </ba_key>
        </BCTDBUDGETDETAIL_row>
        <BCTDBUDGETDETAIL_row>
            <ba_fiscalyear>105</ba_fiscalyear>
            <ba_fundkind>1</ba_fundkind>
            <ba_budgetkind>1</ba_budgetkind>
            <ba_specialbudgetno/>
            <ba_agenno>63020004</ba_agenno>
            <ba_agentype>C</ba_agentype>
            <ba_budgetstate>2</ba_budgetstate>
            <ba_versiondate/>
            <ba_budgetyear>105</ba_budgetyear>
            <ba_budgetno>38630200202</ba_budgetno>
            <ba_subprojectno>03</ba_subprojectno>
            <ba_departno>16</ba_departno>
            <ba_objectno>0284</ba_objectno>
            <ba_budgettype>E</ba_budgettype>
            <ba_budgetsource>1</ba_budgetsource>
            <ba_mergetype>1</ba_mergetype>
            <ba_budgetamt>10186000.00</ba_budgetamt>
            <ba_flowflag/>
            <ba_signflag/>
            <ba_signno/>
            <ba_key>11  </ba_key>
        </BCTDBUDGETDETAIL_row>
        <BCTDBUDGETDETAIL_row>
            <ba_fiscalyear>105</ba_fiscalyear>
            <ba_fundkind>1</ba_fundkind>
            <ba_budgetkind>1</ba_budgetkind>
            <ba_specialbudgetno/>
            <ba_agenno>63020004</ba_agenno>
            <ba_agentype>C</ba_agentype>
            <ba_budgetstate>2</ba_budgetstate>
            <ba_versiondate/>
            <ba_budgetyear>105</ba_budgetyear>
            <ba_budgetno>38630200202</ba_budgetno>
            <ba_subprojectno>03</ba_subprojectno>
            <ba_departno>16</ba_departno>
            <ba_objectno>0291</ba_objectno>
            <ba_budgettype>E</ba_budgettype>
            <ba_budgetsource>1</ba_budgetsource>
            <ba_mergetype>1</ba_mergetype>
            <ba_budgetamt>27557000.00</ba_budgetamt>
            <ba_flowflag/>
            <ba_signflag/>
            <ba_signno/>
            <ba_key>11  </ba_key>
        </BCTDBUDGETDETAIL_row>
        <BCTDBUDGETDETAIL_row>
            <ba_fiscalyear>105</ba_fiscalyear>
            <ba_fundkind>1</ba_fundkind>
            <ba_budgetkind>1</ba_budgetkind>
            <ba_specialbudgetno/>
            <ba_agenno>63020004</ba_agenno>
            <ba_agentype>C</ba_agentype>
            <ba_budgetstate>2</ba_budgetstate>
            <ba_versiondate/>
            <ba_budgetyear>105</ba_budgetyear>
            <ba_budgetno>38630200202</ba_budgetno>
            <ba_subprojectno>03</ba_subprojectno>
            <ba_departno>16</ba_departno>
            <ba_objectno>0294</ba_objectno>
            <ba_budgettype>E</ba_budgettype>
            <ba_budgetsource>1</ba_budgetsource>
            <ba_mergetype>1</ba_mergetype>
            <ba_budgetamt>39859000.00</ba_budgetamt>
            <ba_flowflag/>
            <ba_signflag/>
            <ba_signno/>
            <ba_key>11  </ba_key>
        </BCTDBUDGETDETAIL_row>
        <BCTDBUDGETDETAIL_row>
            <ba_fiscalyear>105</ba_fiscalyear>
            <ba_fundkind>1</ba_fundkind>
            <ba_budgetkind>1</ba_budgetkind>
            <ba_specialbudgetno/>
            <ba_agenno>63020004</ba_agenno>
            <ba_agentype>C</ba_agentype>
            <ba_budgetstate>2</ba_budgetstate>
            <ba_versiondate/>
            <ba_budgetyear>105</ba_budgetyear>
            <ba_budgetno>38630200202</ba_budgetno>
            <ba_subprojectno>03</ba_subprojectno>
            <ba_departno>16</ba_departno>
            <ba_objectno>0299</ba_objectno>
            <ba_budgettype>E</ba_budgettype>
            <ba_budgetsource>1</ba_budgetsource>
            <ba_mergetype>1</ba_mergetype>
            <ba_budgetamt>130000.00</ba_budgetamt>
            <ba_flowflag/>
            <ba_signflag/>
            <ba_signno/>
            <ba_key>11  </ba_key>
        </BCTDBUDGETDETAIL_row>
        <BCTDBUDGETDETAIL_row>
            <ba_fiscalyear>105</ba_fiscalyear>
            <ba_fundkind>1</ba_fundkind>
            <ba_budgetkind>1</ba_budgetkind>
            <ba_specialbudgetno/>
            <ba_agenno>63020004</ba_agenno>
            <ba_agentype>C</ba_agentype>
            <ba_budgetstate>2</ba_budgetstate>
            <ba_versiondate/>
            <ba_budgetyear>105</ba_budgetyear>
            <ba_budgetno>38630200202</ba_budgetno>
            <ba_subprojectno>03</ba_subprojectno>
            <ba_departno>16</ba_departno>
            <ba_objectno>0305</ba_objectno>
            <ba_budgettype>E</ba_budgettype>
            <ba_budgetsource>1</ba_budgetsource>
            <ba_mergetype>1</ba_mergetype>
            <ba_budgetamt>3250000.00</ba_budgetamt>
            <ba_flowflag/>
            <ba_signflag/>
            <ba_signno/>
            <ba_key>11  </ba_key>
        </BCTDBUDGETDETAIL_row>
        <BCTDBUDGETDETAIL_row>
            <ba_fiscalyear>105</ba_fiscalyear>
            <ba_fundkind>1</ba_fundkind>
            <ba_budgetkind>1</ba_budgetkind>
            <ba_specialbudgetno/>
            <ba_agenno>63020004</ba_agenno>
            <ba_agentype>C</ba_agentype>
            <ba_budgetstate>2</ba_budgetstate>
            <ba_versiondate/>
            <ba_budgetyear>105</ba_budgetyear>
            <ba_budgetno>38630200202</ba_budgetno>
            <ba_subprojectno>03</ba_subprojectno>
            <ba_departno>16</ba_departno>
            <ba_objectno>0306</ba_objectno>
            <ba_budgettype>E</ba_budgettype>
            <ba_budgetsource>1</ba_budgetsource>
            <ba_mergetype>1</ba_mergetype>
            <ba_budgetamt>1866000.00</ba_budgetamt>
            <ba_flowflag/>
            <ba_signflag/>
            <ba_signno/>
            <ba_key>11  </ba_key>
        </BCTDBUDGETDETAIL_row>
        <BCTDBUDGETDETAIL_row>
            <ba_fiscalyear>105</ba_fiscalyear>
            <ba_fundkind>1</ba_fundkind>
            <ba_budgetkind>1</ba_budgetkind>
            <ba_specialbudgetno/>
            <ba_agenno>63020004</ba_agenno>
            <ba_agentype>C</ba_agentype>
            <ba_budgetstate>2</ba_budgetstate>
            <ba_versiondate/>
            <ba_budgetyear>105</ba_budgetyear>
            <ba_budgetno>38630200202</ba_budgetno>
            <ba_subprojectno>03</ba_subprojectno>
            <ba_departno>16</ba_departno>
            <ba_objectno>0319</ba_objectno>
            <ba_budgettype>E</ba_budgettype>
            <ba_budgetsource>1</ba_budgetsource>
            <ba_mergetype>1</ba_mergetype>
            <ba_budgetamt>6550000.00</ba_budgetamt>
            <ba_flowflag/>
            <ba_signflag/>
            <ba_signno/>
            <ba_key>11  </ba_key>
        </BCTDBUDGETDETAIL_row>
        <BCTDBUDGETDETAIL_row>
            <ba_fiscalyear>105</ba_fiscalyear>
            <ba_fundkind>1</ba_fundkind>
            <ba_budgetkind>1</ba_budgetkind>
            <ba_specialbudgetno/>
            <ba_agenno>63020004</ba_agenno>
            <ba_agentype>C</ba_agentype>
            <ba_budgetstate>2</ba_budgetstate>
            <ba_versiondate/>
            <ba_budgetyear>105</ba_budgetyear>
            <ba_budgetno>38630200202</ba_budgetno>
            <ba_subprojectno>03</ba_subprojectno>
            <ba_departno>16</ba_departno>
            <ba_objectno>0475</ba_objectno>
            <ba_budgettype>E</ba_budgettype>
            <ba_budgetsource>1</ba_budgetsource>
            <ba_mergetype>1</ba_mergetype>
            <ba_budgetamt>54000.00</ba_budgetamt>
            <ba_flowflag/>
            <ba_signflag/>
            <ba_signno/>
            <ba_key>11  </ba_key>
        </BCTDBUDGETDETAIL_row>
        <BCTDBUDGETDETAIL_row>
            <ba_fiscalyear>105</ba_fiscalyear>
            <ba_fundkind>1</ba_fundkind>
            <ba_budgetkind>1</ba_budgetkind>
            <ba_specialbudgetno/>
            <ba_agenno>63020004</ba_agenno>
            <ba_agentype>C</ba_agentype>
            <ba_budgetstate>2</ba_budgetstate>
            <ba_versiondate/>
            <ba_budgetyear>105</ba_budgetyear>
            <ba_budgetno>38630200202</ba_budgetno>
            <ba_subprojectno>05</ba_subprojectno>
            <ba_departno>16</ba_departno>
            <ba_objectno>0302</ba_objectno>
            <ba_budgettype>E</ba_budgettype>
            <ba_budgetsource>1</ba_budgetsource>
            <ba_mergetype>1</ba_mergetype>
            <ba_budgetamt>35402000.00</ba_budgetamt>
            <ba_flowflag/>
            <ba_signflag/>
            <ba_signno/>
            <ba_key>11  </ba_key>
        </BCTDBUDGETDETAIL_row>
        <BCTDBUDGETDETAIL_row>
            <ba_fiscalyear>105</ba_fiscalyear>
            <ba_fundkind>1</ba_fundkind>
            <ba_budgetkind>1</ba_budgetkind>
            <ba_specialbudgetno/>
            <ba_agenno>63020004</ba_agenno>
            <ba_agentype>C</ba_agentype>
            <ba_budgetstate>2</ba_budgetstate>
            <ba_versiondate/>
            <ba_budgetyear>105</ba_budgetyear>
            <ba_budgetno>38630209011</ba_budgetno>
            <ba_subprojectno>01</ba_subprojectno>
            <ba_departno>16</ba_departno>
            <ba_objectno>0305</ba_objectno>
            <ba_budgettype>E</ba_budgettype>
            <ba_budgetsource>1</ba_budgetsource>
            <ba_mergetype>1</ba_mergetype>
            <ba_budgetamt>8460000.00</ba_budgetamt>
            <ba_flowflag/>
            <ba_signflag/>
            <ba_signno/>
            <ba_key>11  </ba_key>
        </BCTDBUDGETDETAIL_row>
    </BCTDBUDGETDETAIL>
    <BCTDMEMO>
        <BCTDMEMO_row>
            <bc_fiscalyear>105</bc_fiscalyear>
            <bc_fundkind>1</bc_fundkind>
            <bc_budgetkind>1</bc_budgetkind>
            <bc_specialbudgetno/>
            <bc_agenno>63020004</bc_agenno>
            <bc_agentype>C</bc_agentype>
            <bc_budgetstate>2</bc_budgetstate>
            <bc_reportno>BCME3440</bc_reportno>
            <bc_key>3863020010001xxxxxx16xxxxxxxE1x0</bc_key>
            <bc_versiondate/>
            <bc_content>本計畫編列1,834,092千元，較上年度增列因應地區募兵制推動志願役人力增加，機關衡平調整等經費8,986千元，其內容如下：
&lt;#H1&gt;法定編制人員待遇1,253,092千元。
&lt;#H1&gt;獎金210,433千元，其中考績獎金74,853千元、年終工作獎金135,580千元。
&lt;#H1&gt;其他給與111,213千元係依相關法令支領之休假補助、軍職人員主副食費、婚喪及生育補助、子女教育補助、因公傷殘慰問金等。
&lt;#H1&gt;加班值班費39,975千元。
&lt;#H1&gt;退休離職儲金70,362千元。
&lt;#H1&gt;政府負擔之健保107,103千元、公保2,000千元及軍保39,914千元。
</bc_content>
        </BCTDMEMO_row>
        <BCTDMEMO_row>
            <bc_fiscalyear>105</bc_fiscalyear>
            <bc_fundkind>1</bc_fundkind>
            <bc_budgetkind>1</bc_budgetkind>
            <bc_specialbudgetno/>
            <bc_agenno>63020004</bc_agenno>
            <bc_agentype>C</bc_agentype>
            <bc_budgetstate>2</bc_budgetstate>
            <bc_reportno>BCME3440</bc_reportno>
            <bc_key>38630200100xE1x1</bc_key>
            <bc_versiondate/>
            <bc_content>辦理同仁薪資、年終及考績獎金、各項補助、加班值班、保險、退儲給與等工作。
</bc_content>
        </BCTDMEMO_row>
        <BCTDMEMO_row>
            <bc_fiscalyear>105</bc_fiscalyear>
            <bc_fundkind>1</bc_fundkind>
            <bc_budgetkind>1</bc_budgetkind>
            <bc_specialbudgetno/>
            <bc_agenno>63020004</bc_agenno>
            <bc_agentype>C</bc_agentype>
            <bc_budgetstate>2</bc_budgetstate>
            <bc_reportno>BCME3440</bc_reportno>
            <bc_key>38630200100xE1x2</bc_key>
            <bc_versiondate/>
            <bc_content>支援本局各業管單位及所屬之工作計畫，俾能達成預期施政目標。</bc_content>
        </BCTDMEMO_row>
        <BCTDMEMO_row>
            <bc_fiscalyear>105</bc_fiscalyear>
            <bc_fundkind>1</bc_fundkind>
            <bc_budgetkind>1</bc_budgetkind>
            <bc_specialbudgetno/>
            <bc_agenno>63020004</bc_agenno>
            <bc_agentype>C</bc_agentype>
            <bc_budgetstate>2</bc_budgetstate>
            <bc_reportno>BCME3440</bc_reportno>
            <bc_key>3863020020203xxxxxx16xxxxxxxE1x0</bc_key>
            <bc_versiondate/>
            <bc_content>南部地區巡防局上年度法定預算數213,106千元，移出至「交通及運輸設備」計畫9,606千元後，計203,500千元；本年度辦理海岸地區查緝走私偷渡及犯罪偵防等經費200,929千元，較上年度減列雜項設備費及非消耗品等經費2,571千元。
&lt;#H1&gt;業務費：本計畫係執行岸際勤務5,531千元、港口安全檢查5,423千元、刑事案件偵辦4,026千元、應勤裝備管理維護137,556千元、通電資訊管理17,741千元、風紀訪查評鑑206千元、人員管理與心理諮商6,414千元、聯合勤務作業12,312千元，合計189,209千元，其內容如下：
&lt;#H2&gt;辦理各項教育訓練及講習經費1,083千元。
&lt;#H2&gt;辦理局本部及所屬辦公營舍水電費21,245千元。
&lt;#H2&gt;辦理各項業務所需郵資、電話費、數據及網路通訊等經費15,824千元。
&lt;#H2&gt;辦理土地租金131千元。
&lt;#H2&gt;辦理網路資訊設備維護所需服務等經費521千元。
&lt;#H2&gt;其他業務租金2,879千元：
&lt;#H3&gt;房屋、各項訓練用車及事務機具等租金2,428千元。
&lt;#H3&gt;新兵接運車輛租金451千元。
&lt;#H2&gt;稅捐及規費1,936千元：
&lt;#H3&gt;車輛牌照稅892千元。
&lt;#H3&gt;車輛燃料費729千元。
&lt;#H3&gt;車輛、艇筏、土地鑑界相關規費等315千元。
&lt;#H2&gt;保險費3,668千元：
&lt;#H3&gt;車輛保險費2,320千元。
&lt;#H3&gt;艇筏保險費1,348千元。
&lt;#H2&gt;辦理心理諮商、法律顧問及營舍消防安全評鑑等業務所需出席費、鐘點費及評鑑裁判費等經費537千元。
&lt;#H2&gt;物品36,314千元：
&lt;#H3&gt;車輛油料費9,260千元。
&lt;#H3&gt;艇筏、發電機等動力機具油料費21,541千元。
&lt;#H3&gt;各項專長訓練、機具保養、勤務執行、會議會報整理等工作所需耗材、文具紙張及報章雜誌等經費4,746千元。
&lt;#H3&gt;購置救生衣、望遠鏡及電話機換補經費767千元。
&lt;#H2&gt;一般事務費17,205千元：
&lt;#H3&gt;辦理海岸管制、查緝走私、港口安檢等所需部隊加菜金641千元。
&lt;#H3&gt;辦理各項講習、訓練、法令宣導所需書籍印製、有線電視收訊及義務役離營座談等經費4,500千元。
&lt;#H3&gt;辦理諮詢聯誼、偵查案件及海巡服務等經費2,583千元。
&lt;#H3&gt;辦理人員體檢、水質檢驗、醫療管理、環境清潔及行政事務等經費4,450千元。
&lt;#H3&gt;辦理各項文康活動經費2,870千元。(以預算員額1,435人，每人2,000元編列)
&lt;#H3&gt;辦理專業軍官與志願士兵招募宣傳及大陸船舶越界人船留置勤務等經費2,161千元。
&lt;#H2&gt;辦理磚造及鋼筋水泥房屋等建築修繕費2,906千元。
&lt;#H2&gt;車輛養護費6,205千元，辦公器具養護1,023千元(以預算員額1,435人，每人713元編列)，合計7,228千元。
&lt;#H2&gt;辦理偵查蒐證、港口安全檢查器材、艇筏、通訊器材、留置室等各項機具設備養護及營區道路、排水溝、給水、消防、高壓電力管線等設施維護10,186千元。
&lt;#H2&gt;辦理海岸管制、查緝走私、商漁港安檢、通電與後勤補給、外離島軍士官兵往返及義務役官兵退伍返鄉等業務所需國內旅費27,557千元。
&lt;#H2&gt;辦理外離島陸、海交通運輸、物資裝卸等經費39,859千元。
&lt;#H2&gt;特別費130千元。(首長1人ｘ10,800元ｘ12月)
&lt;#H1&gt;設備及投資：本計畫編列11,666千元，其內容如下：
&lt;#H2&gt;運輸設備費編列3,250千元，包括：
&lt;#H3&gt;汰購30P充氣式救生艇2艘700千元。
&lt;#H3&gt;汰購90P充氣式救生艇3艘2,550千元。
&lt;#H2&gt;資訊軟硬體設備費編列1,866千元，包括：
&lt;#H3&gt;辦理資訊設備改善計畫汰換個人電腦53套1,325千元。
&lt;#H3&gt;汰換辦公室應用軟體41套541千元。
&lt;#H2&gt;雜項設備費編列6,550千元，係籌補安檢裝備、偵蒐裝備及生活設施等經費，包括：
&lt;#H3&gt;汰購安檢裝備電子內視檢查搜索鏡4具200千元。
&lt;#H3&gt;汰購偵蒐裝備自動照相機6部90千元、數位攝影機18部540千元及夜視鏡8具1,440千元。
&lt;#H3&gt;籌補防彈背心及生活設施改善所需冷凍櫃、洗衣機、電冰箱、電視機、飲水機、冷氣機、搬運車、電燒刀、高壓消毒鍋、心臟電擊器、抽吸器、床邊血氧監視器及可攜式呼式器等裝備4,280千元。
&lt;#H1&gt;獎補助費：退休(職)人員三節慰問金54千元。(6,000元x9人)</bc_content>
        </BCTDMEMO_row>
        <BCTDMEMO_row>
            <bc_fiscalyear>105</bc_fiscalyear>
            <bc_fundkind>1</bc_fundkind>
            <bc_budgetkind>1</bc_budgetkind>
            <bc_specialbudgetno/>
            <bc_agenno>63020004</bc_agenno>
            <bc_agentype>C</bc_agentype>
            <bc_budgetstate>2</bc_budgetstate>
            <bc_reportno>BCME3440</bc_reportno>
            <bc_key>3863020020205xxxxxx16xxxxxxxE1x0</bc_key>
            <bc_versiondate/>
            <bc_content>本計畫編列35,402千元，內容如下：
&lt;#H1&gt;鳳鼻頭安檢所新建工程計畫，總經費31,560千元。
&lt;#H2&gt;本計畫經行政院海岸巡防署103年8月8日署企計字第1030013853號函核定，計畫總經費31,560千元，分2年辦理，104年度已編列2,000千元，本年度編列最後1年經費29,560千元，預計工程完工驗結，其中公共藝術設置費284千元。
&lt;#H2&gt;工程管理費提列標準係依據「中央政府各機關工程管理費支用要點」規定辦理，計算方式係5,000千元*3%+20,000千元*1.5%+(25,424千元-25,000千元)*1%=454千元，105年度編列254千元。
&lt;#H1&gt;新增105-107年南部地區巡防局基層營舍新建工程計畫，總經費30,025千元。
&lt;#H2&gt;本計畫經行政院海岸巡防署104年8月5日署企計字第1040013794號函核定，係辦理七美安檢所、通樑執檢點等2處新建工程，六總隊部先期規劃，計畫總經費30,025千元，分3年辦理，本年度編列第1年經費5,842千元，預計辦理通樑執檢點新建工程發包及施工，並於年度內完工驗結；另完成七美安檢所新建工程規劃設計作業，前揭各案計有通樑執檢點編列公共藝術設置費40千元。
&lt;#H2&gt;工程管理費提列標準係依據「中央政府各機關工程管理費支用要點」規定辦理，各案105年度編列金額及計算方式內容如下：
&lt;#H3&gt;七美安檢所新建工程：計算方式係5,000千元*3%+（17,586千元-5,000千元）*1.5%= 339千元，105年度編列113千元。
&lt;#H3&gt;通樑執檢點新建工程：計算方式係3,380千元*3%= 101千元，105年度編列67千元。</bc_content>
        </BCTDMEMO_row>
        <BCTDMEMO_row>
            <bc_fiscalyear>105</bc_fiscalyear>
            <bc_fundkind>1</bc_fundkind>
            <bc_budgetkind>1</bc_budgetkind>
            <bc_specialbudgetno/>
            <bc_agenno>63020004</bc_agenno>
            <bc_agentype>C</bc_agentype>
            <bc_budgetstate>2</bc_budgetstate>
            <bc_reportno>BCME3440</bc_reportno>
            <bc_key>38630200202xE1x1</bc_key>
            <bc_versiondate/>
            <bc_content>&lt;#H1&gt;貫徹海域執法、維護岸海秩序。
&lt;#H1&gt;執行巡護任務、強化搜救能量。
&lt;#H1&gt;倡導海洋研究、永續海洋保育。
&lt;#H1&gt;推動募兵政策，精實人力結構。
&lt;#H1&gt;精進為民服務、拓展服務功能。

</bc_content>
        </BCTDMEMO_row>
        <BCTDMEMO_row>
            <bc_fiscalyear>105</bc_fiscalyear>
            <bc_fundkind>1</bc_fundkind>
            <bc_budgetkind>1</bc_budgetkind>
            <bc_specialbudgetno/>
            <bc_agenno>63020004</bc_agenno>
            <bc_agentype>C</bc_agentype>
            <bc_budgetstate>2</bc_budgetstate>
            <bc_reportno>BCME3440</bc_reportno>
            <bc_key>38630200202xE1x2</bc_key>
            <bc_versiondate/>
            <bc_content>&lt;#H1&gt;查緝各類走私、偷渡案件成效，預計達目標值94％。
&lt;#H1&gt;提升救難、救生成效，預計達目標值96％。
&lt;#H1&gt;落實海洋汙染防治訓練，預計達目標值93％。
&lt;#H1&gt;有效維護海洋環境，積極取締破壞海洋、海岸環境資源案件，預計達目標值93％。
&lt;#H1&gt;積極達成招募成效，提升海巡執法能量，預計達目標值75％。
&lt;#H1&gt;辦理海巡服務座談，預計達目標值95％。

</bc_content>
        </BCTDMEMO_row>
        <BCTDMEMO_row>
            <bc_fiscalyear>105</bc_fiscalyear>
            <bc_fundkind>1</bc_fundkind>
            <bc_budgetkind>1</bc_budgetkind>
            <bc_specialbudgetno/>
            <bc_agenno>63020004</bc_agenno>
            <bc_agentype>C</bc_agentype>
            <bc_budgetstate>2</bc_budgetstate>
            <bc_reportno>BCME3440</bc_reportno>
            <bc_key>3863020901101xxxxxx16xxxxxxxE1x0</bc_key>
            <bc_versiondate/>
            <bc_content>本計畫編列8,460千元，較上年度由「地區海岸巡防工作」計畫移入9,606千元預算數減列汰換勤務車(廂式)等經費1,146千元，其內容如下： 
&lt;#H1&gt;汰換巡邏車(轎式)6輛3,840千元。
&lt;#H1&gt;汰換巡邏車(廂式)1輛850千元。
&lt;#H1&gt;汰換偵防車(轎式)2輛1,330千元。
&lt;#H1&gt;汰換勤務車(轎式)2輛1,330千元。
&lt;#H1&gt;汰換工程車1輛820千元。
&lt;#H1&gt;汰換巡邏機車5輛290千元。
</bc_content>
        </BCTDMEMO_row>
        <BCTDMEMO_row>
            <bc_fiscalyear>105</bc_fiscalyear>
            <bc_fundkind>1</bc_fundkind>
            <bc_budgetkind>1</bc_budgetkind>
            <bc_specialbudgetno/>
            <bc_agenno>63020004</bc_agenno>
            <bc_agentype>C</bc_agentype>
            <bc_budgetstate>2</bc_budgetstate>
            <bc_reportno>BCME3440</bc_reportno>
            <bc_key>38630209011xE1x1</bc_key>
            <bc_versiondate/>
            <bc_content>汰換海巡任務用車。</bc_content>
        </BCTDMEMO_row>
        <BCTDMEMO_row>
            <bc_fiscalyear>105</bc_fiscalyear>
            <bc_fundkind>1</bc_fundkind>
            <bc_budgetkind>1</bc_budgetkind>
            <bc_specialbudgetno/>
            <bc_agenno>63020004</bc_agenno>
            <bc_agentype>C</bc_agentype>
            <bc_budgetstate>2</bc_budgetstate>
            <bc_reportno>BCME3440</bc_reportno>
            <bc_key>38630209011xE1x2</bc_key>
            <bc_versiondate/>
            <bc_content>提升執行任務之機動力、打擊力及運輸能力，有效遏止走私、偷渡不法情事。</bc_content>
        </BCTDMEMO_row>
    </BCTDMEMO>
</tables>
