<?xml version="1.0" encoding="UTF-8"?>
<tables>
    <BCME3450>
        <BCME3450_row>
            <objectNo>合計</objectNo>
            <budgetno_3863200100>1109169.00</budgetno_3863200100>
            <budgetno_3863200202>116940.00</budgetno_3863200202>
            <budgetno_3863209011>12267.00</budgetno_3863209011>
            <total>1238376.00</total>
        </BCME3450_row>
        <BCME3450_row>
            <objectNo>0100 人事費</objectNo>
            <budgetno_3863200100>1109169.00</budgetno_3863200100>
            <budgetno_3863200202/>
            <budgetno_3863209011/>
            <total>1109169.00</total>
        </BCME3450_row>
        <BCME3450_row>
            <objectNo>  0103 法定編制人員待遇</objectNo>
            <budgetno_3863200100>755482.00</budgetno_3863200100>
            <budgetno_3863200202/>
            <budgetno_3863209011/>
            <total>755482.00</total>
        </BCME3450_row>
        <BCME3450_row>
            <objectNo>  0111 獎金</objectNo>
            <budgetno_3863200100>132867.00</budgetno_3863200100>
            <budgetno_3863200202/>
            <budgetno_3863209011/>
            <total>132867.00</total>
        </BCME3450_row>
        <BCME3450_row>
            <objectNo>  0121 其他給與</objectNo>
            <budgetno_3863200100>72451.00</budgetno_3863200100>
            <budgetno_3863200202/>
            <budgetno_3863209011/>
            <total>72451.00</total>
        </BCME3450_row>
        <BCME3450_row>
            <objectNo>  0131 加班值班費</objectNo>
            <budgetno_3863200100>28476.00</budgetno_3863200100>
            <budgetno_3863200202/>
            <budgetno_3863209011/>
            <total>28476.00</total>
        </BCME3450_row>
        <BCME3450_row>
            <objectNo>  0143 退休離職儲金</objectNo>
            <budgetno_3863200100>45405.00</budgetno_3863200100>
            <budgetno_3863200202/>
            <budgetno_3863209011/>
            <total>45405.00</total>
        </BCME3450_row>
        <BCME3450_row>
            <objectNo>  0151 保險</objectNo>
            <budgetno_3863200100>74488.00</budgetno_3863200100>
            <budgetno_3863200202/>
            <budgetno_3863209011/>
            <total>74488.00</total>
        </BCME3450_row>
        <BCME3450_row>
            <objectNo>0200 業務費</objectNo>
            <budgetno_3863200100/>
            <budgetno_3863200202>90777.00</budgetno_3863200202>
            <budgetno_3863209011/>
            <total>90777.00</total>
        </BCME3450_row>
        <BCME3450_row>
            <objectNo>  0201 教育訓練費</objectNo>
            <budgetno_3863200100/>
            <budgetno_3863200202>998.00</budgetno_3863200202>
            <budgetno_3863209011/>
            <total>998.00</total>
        </BCME3450_row>
        <BCME3450_row>
            <objectNo>  0202 水電費</objectNo>
            <budgetno_3863200100/>
            <budgetno_3863200202>18954.00</budgetno_3863200202>
            <budgetno_3863209011/>
            <total>18954.00</total>
        </BCME3450_row>
        <BCME3450_row>
            <objectNo>  0203 通訊費</objectNo>
            <budgetno_3863200100/>
            <budgetno_3863200202>7054.00</budgetno_3863200202>
            <budgetno_3863209011/>
            <total>7054.00</total>
        </BCME3450_row>
        <BCME3450_row>
            <objectNo>  0211 土地租金</objectNo>
            <budgetno_3863200100/>
            <budgetno_3863200202>111.00</budgetno_3863200202>
            <budgetno_3863209011/>
            <total>111.00</total>
        </BCME3450_row>
        <BCME3450_row>
            <objectNo>  0215 資訊服務費</objectNo>
            <budgetno_3863200100/>
            <budgetno_3863200202>958.00</budgetno_3863200202>
            <budgetno_3863209011/>
            <total>958.00</total>
        </BCME3450_row>
        <BCME3450_row>
            <objectNo>  0219 其他業務租金</objectNo>
            <budgetno_3863200100/>
            <budgetno_3863200202>1608.00</budgetno_3863200202>
            <budgetno_3863209011/>
            <total>1608.00</total>
        </BCME3450_row>
        <BCME3450_row>
            <objectNo>  0221 稅捐及規費</objectNo>
            <budgetno_3863200100/>
            <budgetno_3863200202>1848.00</budgetno_3863200202>
            <budgetno_3863209011/>
            <total>1848.00</total>
        </BCME3450_row>
        <BCME3450_row>
            <objectNo>  0231 保險費</objectNo>
            <budgetno_3863200100/>
            <budgetno_3863200202>3470.00</budgetno_3863200202>
            <budgetno_3863209011/>
            <total>3470.00</total>
        </BCME3450_row>
        <BCME3450_row>
            <objectNo>  0250 按日按件計資酬金</objectNo>
            <budgetno_3863200100/>
            <budgetno_3863200202>1063.00</budgetno_3863200202>
            <budgetno_3863209011/>
            <total>1063.00</total>
        </BCME3450_row>
        <BCME3450_row>
            <objectNo>  0271 物品</objectNo>
            <budgetno_3863200100/>
            <budgetno_3863200202>16565.00</budgetno_3863200202>
            <budgetno_3863209011/>
            <total>16565.00</total>
        </BCME3450_row>
        <BCME3450_row>
            <objectNo>  0279 一般事務費</objectNo>
            <budgetno_3863200100/>
            <budgetno_3863200202>11024.00</budgetno_3863200202>
            <budgetno_3863209011/>
            <total>11024.00</total>
        </BCME3450_row>
        <BCME3450_row>
            <objectNo>  0282 房屋建築養護費</objectNo>
            <budgetno_3863200100/>
            <budgetno_3863200202>5545.00</budgetno_3863200202>
            <budgetno_3863209011/>
            <total>5545.00</total>
        </BCME3450_row>
        <BCME3450_row>
            <objectNo>  0283 車輛及辦公器具養護費</objectNo>
            <budgetno_3863200100/>
            <budgetno_3863200202>4836.00</budgetno_3863200202>
            <budgetno_3863209011/>
            <total>4836.00</total>
        </BCME3450_row>
        <BCME3450_row>
            <objectNo>  0284 設施及機械設備養護費</objectNo>
            <budgetno_3863200100/>
            <budgetno_3863200202>11705.00</budgetno_3863200202>
            <budgetno_3863209011/>
            <total>11705.00</total>
        </BCME3450_row>
        <BCME3450_row>
            <objectNo>  0291 國內旅費</objectNo>
            <budgetno_3863200100/>
            <budgetno_3863200202>4800.00</budgetno_3863200202>
            <budgetno_3863209011/>
            <total>4800.00</total>
        </BCME3450_row>
        <BCME3450_row>
            <objectNo>  0294 運費</objectNo>
            <budgetno_3863200100/>
            <budgetno_3863200202>108.00</budgetno_3863200202>
            <budgetno_3863209011/>
            <total>108.00</total>
        </BCME3450_row>
        <BCME3450_row>
            <objectNo>  0299 特別費</objectNo>
            <budgetno_3863200100/>
            <budgetno_3863200202>130.00</budgetno_3863200202>
            <budgetno_3863209011/>
            <total>130.00</total>
        </BCME3450_row>
        <BCME3450_row>
            <objectNo>0300 設備及投資</objectNo>
            <budgetno_3863200100/>
            <budgetno_3863200202>26121.00</budgetno_3863200202>
            <budgetno_3863209011>12267.00</budgetno_3863209011>
            <total>38388.00</total>
        </BCME3450_row>
        <BCME3450_row>
            <objectNo>  0302 房屋建築及設備費</objectNo>
            <budgetno_3863200100/>
            <budgetno_3863200202>20198.00</budgetno_3863200202>
            <budgetno_3863209011/>
            <total>20198.00</total>
        </BCME3450_row>
        <BCME3450_row>
            <objectNo>  0305 運輸設備費</objectNo>
            <budgetno_3863200100/>
            <budgetno_3863200202/>
            <budgetno_3863209011>12267.00</budgetno_3863209011>
            <total>12267.00</total>
        </BCME3450_row>
        <BCME3450_row>
            <objectNo>  0306 資訊軟硬體設備費</objectNo>
            <budgetno_3863200100/>
            <budgetno_3863200202>1155.00</budgetno_3863200202>
            <budgetno_3863209011/>
            <total>1155.00</total>
        </BCME3450_row>
        <BCME3450_row>
            <objectNo>  0319 雜項設備費</objectNo>
            <budgetno_3863200100/>
            <budgetno_3863200202>4768.00</budgetno_3863200202>
            <budgetno_3863209011/>
            <total>4768.00</total>
        </BCME3450_row>
        <BCME3450_row>
            <objectNo>0400 獎補助費</objectNo>
            <budgetno_3863200100/>
            <budgetno_3863200202>42.00</budgetno_3863200202>
            <budgetno_3863209011/>
            <total>42.00</total>
        </BCME3450_row>
        <BCME3450_row>
            <objectNo>  0475 獎勵及慰問</objectNo>
            <budgetno_3863200100/>
            <budgetno_3863200202>42.00</budgetno_3863200202>
            <budgetno_3863209011/>
            <total>42.00</total>
        </BCME3450_row>
    </BCME3450>
</tables>
