﻿<?xml version="1.0" encoding="UTF-8"?>
<DataCollection>
<Data>
<科目>業務收入</科目>
<本年度預算數金額>558041631</本年度預算數金額>
<本年度預算數百分比>137.85</本年度預算數百分比>
<上年度預算數金額>542593549</上年度預算數金額>
<上年度預算數百分比>143.78</上年度預算數百分比>
<比較增減-金額>15448082</比較增減-金額>
<比較增減-百分比>2.85</比較增減-百分比>
</Data>
<Data>
<科目>　勞務收入</科目>
<本年度預算數金額>0</本年度預算數金額>
<本年度預算數百分比>0</本年度預算數百分比>
<上年度預算數金額>0</上年度預算數金額>
<上年度預算數百分比>0</上年度預算數百分比>
<比較增減-金額>0</比較增減-金額>
<比較增減-百分比>0</比較增減-百分比>
</Data>
<Data>
<科目>　銷貨收入</科目>
<本年度預算數金額>0</本年度預算數金額>
<本年度預算數百分比>0</本年度預算數百分比>
<上年度預算數金額>0</上年度預算數金額>
<上年度預算數百分比>0</上年度預算數百分比>
<比較增減-金額>0</比較增減-金額>
<比較增減-百分比>0</比較增減-百分比>
</Data>
<Data>
<科目>　教學收入</科目>
<本年度預算數金額>0</本年度預算數金額>
<本年度預算數百分比>0</本年度預算數百分比>
<上年度預算數金額>0</上年度預算數金額>
<上年度預算數百分比>0</上年度預算數百分比>
<比較增減-金額>0</比較增減-金額>
<比較增減-百分比>0</比較增減-百分比>
</Data>
<Data>
<科目>　租金及權利金收入</科目>
<本年度預算數金額>404812878</本年度預算數金額>
<本年度預算數百分比>100</本年度預算數百分比>
<上年度預算數金額>377374438</上年度預算數金額>
<上年度預算數百分比>100</上年度預算數百分比>
<比較增減-金額>27438440</比較增減-金額>
<比較增減-百分比>7.27</比較增減-百分比>
</Data>
<Data>
<科目>　投融資業務收入</科目>
<本年度預算數金額>68810701</本年度預算數金額>
<本年度預算數百分比>17</本年度預算數百分比>
<上年度預算數金額>73614625</上年度預算數金額>
<上年度預算數百分比>19.51</上年度預算數百分比>
<比較增減-金額>-4803924</比較增減-金額>
<比較增減-百分比>6.53</比較增減-百分比>
</Data>
<Data>
<科目>　醫療收入</科目>
<本年度預算數金額>34647799</本年度預算數金額>
<本年度預算數百分比>8.56</本年度預算數百分比>
<上年度預算數金額>37256188</上年度預算數金額>
<上年度預算數百分比>9.87</上年度預算數百分比>
<比較增減-金額>-2608389</比較增減-金額>
<比較增減-百分比>7</比較增減-百分比>
</Data>
<Data>
<科目>　徵收收入</科目>
<本年度預算數金額>22334988</本年度預算數金額>
<本年度預算數百分比>5.52</本年度預算數百分比>
<上年度預算數金額>21085549</上年度預算數金額>
<上年度預算數百分比>5.59</上年度預算數百分比>
<比較增減-金額>1249439</比較增減-金額>
<比較增減-百分比>5.93</比較增減-百分比>
</Data>
<Data>
<科目>　保險收入</科目>
<本年度預算數金額>12836647</本年度預算數金額>
<本年度預算數百分比>3.17</本年度預算數百分比>
<上年度預算數金額>13254046</上年度預算數金額>
<上年度預算數百分比>3.51</上年度預算數百分比>
<比較增減-金額>-417399</比較增減-金額>
<比較增減-百分比>3.15</比較增減-百分比>
</Data>
<Data>
<科目>　其他業務收入</科目>
<本年度預算數金額>14598618</本年度預算數金額>
<本年度預算數百分比>3.61</本年度預算數百分比>
<上年度預算數金額>20008703</上年度預算數金額>
<上年度預算數百分比>5.3</上年度預算數百分比>
<比較增減-金額>-5410085</比較增減-金額>
<比較增減-百分比>27.04</比較增減-百分比>
</Data>
<Data>
<科目>業務成本與費用</科目>
<本年度預算數金額>840747657</本年度預算數金額>
<本年度預算數百分比>207.69</本年度預算數百分比>
<上年度預算數金額>726348371</上年度預算數金額>
<上年度預算數百分比>192.47</上年度預算數百分比>
<比較增減-金額>114399286</比較增減-金額>
<比較增減-百分比>15.75</比較增減-百分比>
</Data>
<Data>
<科目>　勞務成本</科目>
<本年度預算數金額>1506500</本年度預算數金額>
<本年度預算數百分比>0.37</本年度預算數百分比>
<上年度預算數金額>1390000</上年度預算數金額>
<上年度預算數百分比>0.37</上年度預算數百分比>
<比較增減-金額>116500</比較增減-金額>
<比較增減-百分比>8.38</比較增減-百分比>
</Data>
<Data>
<科目>　銷貨成本</科目>
<本年度預算數金額>66321519</本年度預算數金額>
<本年度預算數百分比>16.38</本年度預算數百分比>
<上年度預算數金額>14036917</上年度預算數金額>
<上年度預算數百分比>3.72</上年度預算數百分比>
<比較增減-金額>52284602</比較增減-金額>
<比較增減-百分比>372.48</比較增減-百分比>
</Data>
<Data>
<科目>　教學成本</科目>
<本年度預算數金額>89571461</本年度預算數金額>
<本年度預算數百分比>22.13</本年度預算數百分比>
<上年度預算數金額>107561066</上年度預算數金額>
<上年度預算數百分比>28.5</上年度預算數百分比>
<比較增減-金額>-17989605</比較增減-金額>
<比較增減-百分比>16.73</比較增減-百分比>
</Data>
<Data>
<科目>　出租資產成本</科目>
<本年度預算數金額>367808101</本年度預算數金額>
<本年度預算數百分比>90.86</本年度預算數百分比>
<上年度預算數金額>325218259</上年度預算數金額>
<上年度預算數百分比>86.18</上年度預算數百分比>
<比較增減-金額>42589842</比較增減-金額>
<比較增減-百分比>13.1</比較增減-百分比>
</Data>
<Data>
<科目>　投融資業務成本</科目>
<本年度預算數金額>48290629</本年度預算數金額>
<本年度預算數百分比>11.93</本年度預算數百分比>
<上年度預算數金額>50804424</上年度預算數金額>
<上年度預算數百分比>13.46</上年度預算數百分比>
<比較增減-金額>-2513795</比較增減-金額>
<比較增減-百分比>4.95</比較增減-百分比>
</Data>
<Data>
<科目>　醫療成本</科目>
<本年度預算數金額>32396627</本年度預算數金額>
<本年度預算數百分比>8</本年度預算數百分比>
<上年度預算數金額>34778618</上年度預算數金額>
<上年度預算數百分比>9.22</上年度預算數百分比>
<比較增減-金額>-2381991</比較增減-金額>
<比較增減-百分比>6.85</比較增減-百分比>
</Data>
<Data>
<科目>　保險成本</科目>
<本年度預算數金額>66026560</本年度預算數金額>
<本年度預算數百分比>16.31</本年度預算數百分比>
<上年度預算數金額>51353493</上年度預算數金額>
<上年度預算數百分比>13.61</上年度預算數百分比>
<比較增減-金額>14673067</比較增減-金額>
<比較增減-百分比>28.57</比較增減-百分比>
</Data>
<Data>
<科目>　其他業務成本</科目>
<本年度預算數金額>3194138</本年度預算數金額>
<本年度預算數百分比>0.79</本年度預算數百分比>
<上年度預算數金額>3044996</上年度預算數金額>
<上年度預算數百分比>0.81</上年度預算數百分比>
<比較增減-金額>149142</比較增減-金額>
<比較增減-百分比>4.9</比較增減-百分比>
</Data>
<Data>
<科目>　行銷及業務費用</科目>
<本年度預算數金額>5403238</本年度預算數金額>
<本年度預算數百分比>1.33</本年度預算數百分比>
<上年度預算數金額>3234093</上年度預算數金額>
<上年度預算數百分比>0.86</上年度預算數百分比>
<比較增減-金額>2169145</比較增減-金額>
<比較增減-百分比>67.07</比較增減-百分比>
</Data>
<Data>
<科目>　管理及總務費用</科目>
<本年度預算數金額>89011919</本年度預算數金額>
<本年度預算數百分比>21.99</本年度預算數百分比>
<上年度預算數金額>85170218</上年度預算數金額>
<上年度預算數百分比>22.57</上年度預算數百分比>
<比較增減-金額>3841701</比較增減-金額>
<比較增減-百分比>4.51</比較增減-百分比>
</Data>
<Data>
<科目>　研究發展及訓練費用</科目>
<本年度預算數金額>66465884</本年度預算數金額>
<本年度預算數百分比>16.42</本年度預算數百分比>
<上年度預算數金額>46324721</上年度預算數金額>
<上年度預算數百分比>12.28</上年度預算數百分比>
<比較增減-金額>20141163</比較增減-金額>
<比較增減-百分比>43.48</比較增減-百分比>
</Data>
<Data>
<科目>　其他業務費用</科目>
<本年度預算數金額>4751081</本年度預算數金額>
<本年度預算數百分比>1.17</本年度預算數百分比>
<上年度預算數金額>3431566</上年度預算數金額>
<上年度預算數百分比>0.91</上年度預算數百分比>
<比較增減-金額>1319515</比較增減-金額>
<比較增減-百分比>38.45</比較增減-百分比>
</Data>
<Data>
<科目>業務賸餘（短絀－）</科目>
<本年度預算數金額>-282706026</本年度預算數金額>
<本年度預算數百分比>-69.84</本年度預算數百分比>
<上年度預算數金額>-183754822</上年度預算數金額>
<上年度預算數百分比>-48.69</上年度預算數百分比>
<比較增減-金額>-98951204</比較增減-金額>
<比較增減-百分比>53.85</比較增減-百分比>
</Data>
<Data>
<科目>業務外收入</科目>
<本年度預算數金額>13314283</本年度預算數金額>
<本年度預算數百分比>3.29</本年度預算數百分比>
<上年度預算數金額>12411069</上年度預算數金額>
<上年度預算數百分比>3.29</上年度預算數百分比>
<比較增減-金額>903214</比較增減-金額>
<比較增減-百分比>7.28</比較增減-百分比>
</Data>
<Data>
<科目>　財務收入</科目>
<本年度預算數金額>5575911</本年度預算數金額>
<本年度預算數百分比>1.38</本年度預算數百分比>
<上年度預算數金額>5933489</上年度預算數金額>
<上年度預算數百分比>1.57</上年度預算數百分比>
<比較增減-金額>-357578</比較增減-金額>
<比較增減-百分比>6.03</比較增減-百分比>
</Data>
<Data>
<科目>　其他業務外收入</科目>
<本年度預算數金額>7738372</本年度預算數金額>
<本年度預算數百分比>1.91</本年度預算數百分比>
<上年度預算數金額>6477580</上年度預算數金額>
<上年度預算數百分比>1.72</上年度預算數百分比>
<比較增減-金額>1260792</比較增減-金額>
<比較增減-百分比>19.46</比較增減-百分比>
</Data>
<Data>
<科目>業務外費用</科目>
<本年度預算數金額>12563212</本年度預算數金額>
<本年度預算數百分比>3.1</本年度預算數百分比>
<上年度預算數金額>11865202</上年度預算數金額>
<上年度預算數百分比>3.14</上年度預算數百分比>
<比較增減-金額>698010</比較增減-金額>
<比較增減-百分比>5.88</比較增減-百分比>
</Data>
<Data>
<科目>　財務費用</科目>
<本年度預算數金額>8830397</本年度預算數金額>
<本年度預算數百分比>2.18</本年度預算數百分比>
<上年度預算數金額>8800656</上年度預算數金額>
<上年度預算數百分比>2.33</上年度預算數百分比>
<比較增減-金額>29741</比較增減-金額>
<比較增減-百分比>0.34</比較增減-百分比>
</Data>
<Data>
<科目>　其他業務外費用</科目>
<本年度預算數金額>3732815</本年度預算數金額>
<本年度預算數百分比>0.92</本年度預算數百分比>
<上年度預算數金額>3064546</上年度預算數金額>
<上年度預算數百分比>0.81</上年度預算數百分比>
<比較增減-金額>668269</比較增減-金額>
<比較增減-百分比>21.81</比較增減-百分比>
</Data>
<Data>
<科目>業務外賸餘（短絀－）</科目>
<本年度預算數金額>751071</本年度預算數金額>
<本年度預算數百分比>0.19</本年度預算數百分比>
<上年度預算數金額>545867</上年度預算數金額>
<上年度預算數百分比>0.14</上年度預算數百分比>
<比較增減-金額>205204</比較增減-金額>
<比較增減-百分比>37.59</比較增減-百分比>
</Data>
<Data>
<科目>非常賸餘（短絀－）</科目>
<本年度預算數金額>19733980</本年度預算數金額>
<本年度預算數百分比>4.87</本年度預算數百分比>
<上年度預算數金額>20314652</上年度預算數金額>
<上年度預算數百分比>5.38</上年度預算數百分比>
<比較增減-金額>-580672</比較增減-金額>
<比較增減-百分比>2.86</比較增減-百分比>
</Data>
<Data>
<科目>會計原則變動累積影響數</科目>
<本年度預算數金額>15153151</本年度預算數金額>
<本年度預算數百分比>3.74</本年度預算數百分比>
<上年度預算數金額>16729025</上年度預算數金額>
<上年度預算數百分比>4.43</上年度預算數百分比>
<比較增減-金額>-1575874</比較增減-金額>
<比較增減-百分比>9.42</比較增減-百分比>
</Data>
<Data>
<科目>本期賸餘（短絀－）</科目>
<本年度預算數金額>-247067824</本年度預算數金額>
<本年度預算數百分比>-61.03</本年度預算數百分比>
<上年度預算數金額>-146165278</上年度預算數金額>
<上年度預算數百分比>-38.73</上年度預算數百分比>
<比較增減-金額>-100902546</比較增減-金額>
<比較增減-百分比>69.03</比較增減-百分比>
</Data>
</DataCollection>
