<?xml version="1.0" encoding="UTF-8"?>
<tables>
    <BCTDMANAMT>
        <BCTDMANAMT_row>
            <bn_fiscalyear>104</bn_fiscalyear>
            <bn_fundkind>1</bn_fundkind>
            <bn_budgetkind>1</bn_budgetkind>
            <bn_specialbudgetno/>
            <bn_agenno>23017002</bn_agenno>
            <bn_agentype>C</bn_agentype>
            <bn_budgetstate>1</bn_budgetstate>
            <bn_budgetsource>1</bn_budgetsource>
            <bn_man1>161</bn_man1>
            <bn_man1_l>161</bn_man1_l>
            <bn_man2>0</bn_man2>
            <bn_man2_l>0</bn_man2_l>
            <bn_man3>0</bn_man3>
            <bn_man3_l>0</bn_man3_l>
            <bn_man4>2</bn_man4>
            <bn_man4_l>2</bn_man4_l>
            <bn_man5>0</bn_man5>
            <bn_man5_l>0</bn_man5_l>
            <bn_man6>3</bn_man6>
            <bn_man6_l>4</bn_man6_l>
            <bn_man7>0</bn_man7>
            <bn_man7_l>0</bn_man7_l>
            <bn_man8>1</bn_man8>
            <bn_man8_l>1</bn_man8_l>
            <bn_man9>3</bn_man9>
            <bn_man9_l>3</bn_man9_l>
            <bn_man10>0</bn_man10>
            <bn_man10_l>0</bn_man10_l>
            <bn_man11>0</bn_man11>
            <bn_man11_l>0</bn_man11_l>
            <bn_amt_man>139671000.00</bn_amt_man>
            <bn_amt_mngbsn>137962000.00</bn_amt_mngbsn>
            <bn_text>&amp;lt;#H1&amp;gt;上(103)年度法定預算書表列預算員171人，配合業務需要，由廉政署移入職員1人，改列172人。&amp;lt;#H1&amp;gt;本年度預算員額170人，較上年度減列2人，係配合基隆看守所及臺中監獄業務需要，分別移出職員1人及約僱人員1人。&#xd;
</bn_text>
            <display_name>35230174100 矯正業務</display_name>
        </BCTDMANAMT_row>
    </BCTDMANAMT>
</tables>
