<?xml version="1.0" encoding="UTF-8"?>
<tables>
    <BCTDHELPPLAN>
        <BCTDHELPPLAN_row>
            <bh_fiscalyear>105</bh_fiscalyear>
            <bh_fundkind>1</bh_fundkind>
            <bh_budgetkind>1</bh_budgetkind>
            <bh_specialbudgetno/>
            <bh_agenno>23001</bh_agenno>
            <bh_agentype>C</bh_agentype>
            <bh_budgetstate>1</bh_budgetstate>
            <bh_versiondate/>
            <bh_objectno/>
            <bh_endowplanno>01</bh_endowplanno>
            <bh_endowplanname>同性伴侶法制化之比較法研究與立法建議</bh_endowplanname>
            <bh_donname>專家學者</bh_donname>
            <bh_endowsts>2</bh_endowsts>
            <bh_budgetno>35230010100</bh_budgetno>
            <bh_subprojectno>03</bh_subprojectno>
            <bh_budgetsource>1</bh_budgetsource>
            <bh_applyid>0</bh_applyid>
            <bh_startyear>105</bh_startyear>
            <bh_endyear>105</bh_endyear>
            <bh_donrem>為就同性伴侶／同性婚姻涉及民法親屬繼承部分辦理研議事宜，並配合「同性婚姻法制化政策方向之建議報告」各項推動工作，本委託研究持續蒐集彙整外國法制發展並深入瞭解外國實務運作情形，研究範圍包括外國同性伴侶／同性婚姻法制立法例之整理及翻譯、外國同性伴侶法制之利弊分析（包括立法推動歷程中遭遇的困難及解決之道、立法後的實務運作情形、對同性婚姻倡議者之回應等），並就當前我國同性婚姻法制化正反對立之相關議題，提出兼具理論基礎及實務需求之分析，進而研擬我國同性伴侶法制化之具體建議條文。本委託研究可作為未來持續加強理性溝通、促進社會對話之重要參考資料，並供本部研議我國未來回應國際人權公約意見及推動同性伴侶權益法制政策之參考。</bh_donrem>
            <bh_bgtyear>0</bh_bgtyear>
            <bh_amt_man>500000.00</bh_amt_man>
            <bh_amt_business>300000.00</bh_amt_business>
            <bh_amt_other>0.00</bh_amt_other>
            <bh_amt_land>0.00</bh_amt_land>
            <bh_amt_house>0.00</bh_amt_house>
            <bh_amt6>0.00</bh_amt6>
            <bh_amt7>0.00</bh_amt7>
            <bh_flowflag/>
            <bh_signflag/>
            <bh_signno/>
            <mj_subprojectno_na>03 - 研討(考)暨進修業務</mj_subprojectno_na>
        </BCTDHELPPLAN_row>
        <BCTDHELPPLAN_row>
            <bh_fiscalyear>105</bh_fiscalyear>
            <bh_fundkind>1</bh_fundkind>
            <bh_budgetkind>1</bh_budgetkind>
            <bh_specialbudgetno/>
            <bh_agenno>23001</bh_agenno>
            <bh_agentype>C</bh_agentype>
            <bh_budgetstate>1</bh_budgetstate>
            <bh_versiondate/>
            <bh_objectno/>
            <bh_endowplanno>02</bh_endowplanno>
            <bh_endowplanname>毒品犯罪人再犯風險與醫療需求分流處遇評估工具之研究</bh_endowplanname>
            <bh_donname>專家學者</bh_donname>
            <bh_endowsts>2</bh_endowsts>
            <bh_budgetno>35230010100</bh_budgetno>
            <bh_subprojectno>03</bh_subprojectno>
            <bh_budgetsource>1</bh_budgetsource>
            <bh_applyid>0</bh_applyid>
            <bh_startyear>105</bh_startyear>
            <bh_endyear>105</bh_endyear>
            <bh_donrem>我國在對於犯罪人之社區矯治上，迄今仍缺乏具本土性、科學性及實用性之分級分類再犯風險評估指標，致使司法人員對於不同犯罪類型、不同危險程度之犯罪人，多以主觀經驗或國外相類量表來進行個案評估，使得重要的評估工作流於形式並缺乏一致性標準，個案處遇成效更難以大幅提升，亟待改善。違反毒品危害防制條例一直為地方法院檢察署新收案件前三大罪名，占保護管束案件總受案量比率約三成，占緩起訴社區處遇未結案件的比率從96年的9.3%，逐年急速攀升至103年已高達51.9%，為有效評估毒品犯罪人再犯危險性，並透過分流機制提供適切之處遇，發展本土化、具高信效度之評量工具，將可使司法資源獲得有效之配置，避免因資源錯置而失去處遇時機，以提升再犯預防之成效。</bh_donrem>
            <bh_bgtyear>0</bh_bgtyear>
            <bh_amt_man>500000.00</bh_amt_man>
            <bh_amt_business>300000.00</bh_amt_business>
            <bh_amt_other>0.00</bh_amt_other>
            <bh_amt_land>0.00</bh_amt_land>
            <bh_amt_house>0.00</bh_amt_house>
            <bh_amt6>0.00</bh_amt6>
            <bh_amt7>0.00</bh_amt7>
            <bh_flowflag/>
            <bh_signflag/>
            <bh_signno/>
            <mj_subprojectno_na>03 - 研討(考)暨進修業務</mj_subprojectno_na>
        </BCTDHELPPLAN_row>
        <BCTDHELPPLAN_row>
            <bh_fiscalyear>105</bh_fiscalyear>
            <bh_fundkind>1</bh_fundkind>
            <bh_budgetkind>1</bh_budgetkind>
            <bh_specialbudgetno/>
            <bh_agenno>23001</bh_agenno>
            <bh_agentype>C</bh_agentype>
            <bh_budgetstate>1</bh_budgetstate>
            <bh_versiondate/>
            <bh_objectno/>
            <bh_endowplanno>03</bh_endowplanno>
            <bh_endowplanname>TiSA、TPP及RCEP各會員國開放法律服務業市場之比較研究</bh_endowplanname>
            <bh_donname>專家學者</bh_donname>
            <bh_endowsts>2</bh_endowsts>
            <bh_budgetno>35230010100</bh_budgetno>
            <bh_subprojectno>03</bh_subprojectno>
            <bh_budgetsource>1</bh_budgetsource>
            <bh_applyid>0</bh_applyid>
            <bh_startyear>105</bh_startyear>
            <bh_endyear>105</bh_endyear>
            <bh_donrem>蒐集TiSA、RCEP及TPP各會員體有關法律服務業之特定承諾表及國內規章，進行比較法研究，重點包括上開會員體對法律服務業之市場開放承諾是否對外國律師設有經濟需求測試(ENT)、開放人數上限、最低薪資、學歷、執業年限等限制? 其國內規章對外國律師或外國法律事務所設有何種規範? 是否容許法律事務所以法人型態經營? 如可，有幾種型態之法律事務所?各類型事務所就所經營之業務各負何種程度之責任，如係負擔有限責任，則是否以保險制度提高對消費者權益之保障? 該保險制度之設計為何? 探討各會員體法律服務業之市場規模、市場開放對其法律服務業之影響，並評價我國法律服務業自由化程度。希望藉由此研究案透澈瞭解各會員國對法律服務業的市場開放現況及相關法規，達到知己知彼的效果，不但能精準預判各會員體未來可能對我國提出之要求，更有助於我國向各會員體提出更進一步的市場開放要求。</bh_donrem>
            <bh_bgtyear>0</bh_bgtyear>
            <bh_amt_man>600000.00</bh_amt_man>
            <bh_amt_business>200000.00</bh_amt_business>
            <bh_amt_other>0.00</bh_amt_other>
            <bh_amt_land>0.00</bh_amt_land>
            <bh_amt_house>0.00</bh_amt_house>
            <bh_amt6>0.00</bh_amt6>
            <bh_amt7>0.00</bh_amt7>
            <bh_flowflag/>
            <bh_signflag/>
            <bh_signno/>
            <mj_subprojectno_na>03 - 研討(考)暨進修業務</mj_subprojectno_na>
        </BCTDHELPPLAN_row>
        <BCTDHELPPLAN_row>
            <bh_fiscalyear>105</bh_fiscalyear>
            <bh_fundkind>1</bh_fundkind>
            <bh_budgetkind>1</bh_budgetkind>
            <bh_specialbudgetno/>
            <bh_agenno>23001</bh_agenno>
            <bh_agentype>C</bh_agentype>
            <bh_budgetstate>1</bh_budgetstate>
            <bh_versiondate/>
            <bh_objectno/>
            <bh_endowplanno>04</bh_endowplanno>
            <bh_endowplanname>辦理獲案槍枝銷毀暨留用</bh_endowplanname>
            <bh_donname>內政部警政署</bh_donname>
            <bh_endowsts>2</bh_endowsts>
            <bh_budgetno>35230011400</bh_budgetno>
            <bh_subprojectno>02</bh_subprojectno>
            <bh_budgetsource>1</bh_budgetsource>
            <bh_applyid>0</bh_applyid>
            <bh_startyear>105</bh_startyear>
            <bh_endyear>105</bh_endyear>
            <bh_donrem>獲案槍枝刀械，係指依法判決或裁定宣告沒收確定之槍枝及刀械。鑒於各地方法院檢察署贓證物庫無適當及安全地點貯放保管獲案槍枝刀械，為免因未能送繳適當場所保管及銷燬，致生危險，進而影響機關及人民生命身體安全，本部依獲案槍枝刀械銷毀及留用要點第3點規定，將獲案槍枝之保管、銷燬，委由具有能力且設置有銷燬場所及設備等之內政部警政署警察機械修理廠辦理。</bh_donrem>
            <bh_bgtyear>0</bh_bgtyear>
            <bh_amt_man>0.00</bh_amt_man>
            <bh_amt_business>400000.00</bh_amt_business>
            <bh_amt_other>0.00</bh_amt_other>
            <bh_amt_land>0.00</bh_amt_land>
            <bh_amt_house>0.00</bh_amt_house>
            <bh_amt6>0.00</bh_amt6>
            <bh_amt7>0.00</bh_amt7>
            <bh_flowflag/>
            <bh_signflag/>
            <bh_signno/>
            <mj_subprojectno_na>02 - 辦理檢察行政業務</mj_subprojectno_na>
        </BCTDHELPPLAN_row>
        <BCTDHELPPLAN_row>
            <bh_fiscalyear>105</bh_fiscalyear>
            <bh_fundkind>1</bh_fundkind>
            <bh_budgetkind>1</bh_budgetkind>
            <bh_specialbudgetno/>
            <bh_agenno>23001</bh_agenno>
            <bh_agentype>C</bh_agentype>
            <bh_budgetstate>1</bh_budgetstate>
            <bh_versiondate/>
            <bh_objectno/>
            <bh_endowplanno>05</bh_endowplanno>
            <bh_endowplanname>辦理保護智慧財產專業人員培訓計畫--法務部專班</bh_endowplanname>
            <bh_donname>經濟部智慧財產局</bh_donname>
            <bh_endowsts>2</bh_endowsts>
            <bh_budgetno>35230011400</bh_budgetno>
            <bh_subprojectno>02</bh_subprojectno>
            <bh_budgetsource>1</bh_budgetsource>
            <bh_applyid>0</bh_applyid>
            <bh_startyear>105</bh_startyear>
            <bh_endyear>105</bh_endyear>
            <bh_donrem>本部與經濟部智慧財產局（下稱智慧局）合作辦理司法人員專業培訓課程，為行政院核定之「貫徹保護智慧財產權行動方案(104-106年)」本部工作項目之一，105年將與智財局合作，委託國立臺灣大學「智慧財產培訓學院」(下稱TIPA)辦理「105年度智慧財產專業人員培訓計畫-法務部專班」。由其針對司法人員執法需求辦理課程規劃、講師聘任、學習狀況及培訓成效之統計分析、結案報告之製作等相關研習執行事項。</bh_donrem>
            <bh_bgtyear>0</bh_bgtyear>
            <bh_amt_man>0.00</bh_amt_man>
            <bh_amt_business>115000.00</bh_amt_business>
            <bh_amt_other>0.00</bh_amt_other>
            <bh_amt_land>0.00</bh_amt_land>
            <bh_amt_house>0.00</bh_amt_house>
            <bh_amt6>0.00</bh_amt6>
            <bh_amt7>0.00</bh_amt7>
            <bh_flowflag/>
            <bh_signflag/>
            <bh_signno/>
            <mj_subprojectno_na>02 - 辦理檢察行政業務</mj_subprojectno_na>
        </BCTDHELPPLAN_row>
        <BCTDHELPPLAN_row>
            <bh_fiscalyear>105</bh_fiscalyear>
            <bh_fundkind>1</bh_fundkind>
            <bh_budgetkind>1</bh_budgetkind>
            <bh_specialbudgetno/>
            <bh_agenno>23001</bh_agenno>
            <bh_agentype>C</bh_agentype>
            <bh_budgetstate>1</bh_budgetstate>
            <bh_versiondate/>
            <bh_objectno/>
            <bh_endowplanno>06</bh_endowplanno>
            <bh_endowplanname>辦理律師職前訓練</bh_endowplanname>
            <bh_donname>中華民國律師公會全國聯合會</bh_donname>
            <bh_endowsts>2</bh_endowsts>
            <bh_budgetno>35230011400</bh_budgetno>
            <bh_subprojectno>02</bh_subprojectno>
            <bh_budgetsource>1</bh_budgetsource>
            <bh_applyid>0</bh_applyid>
            <bh_startyear>105</bh_startyear>
            <bh_endyear>105</bh_endyear>
            <bh_donrem>為充實學習律師之專業知識，培養律師倫理觀念，增進實務經驗，使其具備保障人權、實現社會正義及促進民主法治等使命之基本能力，俾誠信執行職務，提升法律服務品質之宗旨，本部依律師法第7條及律師職前訓練規則委託中華民國律師公會全國聯合會（下稱全聯會）辦理律師職前訓練，該訓練分為基礎訓練1個月，實務訓練5個月，由全聯會辦理課程內容之規劃、課程之排定、講座之聘任、學員基礎訓練成績之評定、實務訓練與監督、學員退訓之事實調查與提議等事項。</bh_donrem>
            <bh_bgtyear>0</bh_bgtyear>
            <bh_amt_man>990000.00</bh_amt_man>
            <bh_amt_business>2208000.00</bh_amt_business>
            <bh_amt_other>0.00</bh_amt_other>
            <bh_amt_land>0.00</bh_amt_land>
            <bh_amt_house>0.00</bh_amt_house>
            <bh_amt6>0.00</bh_amt6>
            <bh_amt7>0.00</bh_amt7>
            <bh_flowflag/>
            <bh_signflag/>
            <bh_signno/>
            <mj_subprojectno_na>02 - 辦理檢察行政業務</mj_subprojectno_na>
        </BCTDHELPPLAN_row>
    </BCTDHELPPLAN>
</tables>
