<?xml version="1.0" encoding="UTF-8"?>
<tables>
    <BCTDHELPPLAN>
        <BCTDHELPPLAN_row>
            <bh_fiscalyear>105</bh_fiscalyear>
            <bh_fundkind>1</bh_fundkind>
            <bh_budgetkind>1</bh_budgetkind>
            <bh_specialbudgetno/>
            <bh_agenno>23001</bh_agenno>
            <bh_agentype>C</bh_agentype>
            <bh_budgetstate>1</bh_budgetstate>
            <bh_versiondate/>
            <bh_objectno>0403</bh_objectno>
            <bh_endowplanno>01</bh_endowplanno>
            <bh_endowplanname>強化藥癮者輔導處遇計畫</bh_endowplanname>
            <bh_donname/>
            <bh_endowsts>0</bh_endowsts>
            <bh_budgetno>35230011400</bh_budgetno>
            <bh_subprojectno>03</bh_subprojectno>
            <bh_budgetsource>1</bh_budgetsource>
            <bh_applyid>0</bh_applyid>
            <bh_startyear>0</bh_startyear>
            <bh_endyear>999</bh_endyear>
            <bh_donrem>各地方政府毒品危害防制中心辦理強化藥癮者輔導處遇計畫經費。</bh_donrem>
            <bh_bgtyear>105</bh_bgtyear>
            <bh_amt_man>0.00</bh_amt_man>
            <bh_amt_business>49335000.00</bh_amt_business>
            <bh_amt_other>0.00</bh_amt_other>
            <bh_amt_land>0.00</bh_amt_land>
            <bh_amt_house>0.00</bh_amt_house>
            <bh_amt6>0.00</bh_amt6>
            <bh_amt7>0.00</bh_amt7>
            <bh_flowflag/>
            <bh_signflag/>
            <bh_signno/>
            <mj_subprojectno_na>03 - 辦理司法保護業務</mj_subprojectno_na>
        </BCTDHELPPLAN_row>
        <BCTDHELPPLAN_row>
            <bh_fiscalyear>105</bh_fiscalyear>
            <bh_fundkind>1</bh_fundkind>
            <bh_budgetkind>1</bh_budgetkind>
            <bh_specialbudgetno/>
            <bh_agenno>23001</bh_agenno>
            <bh_agentype>C</bh_agentype>
            <bh_budgetstate>1</bh_budgetstate>
            <bh_versiondate/>
            <bh_objectno>0410</bh_objectno>
            <bh_endowplanno>01</bh_endowplanno>
            <bh_endowplanname>強化藥癮者輔導處遇計畫</bh_endowplanname>
            <bh_donname/>
            <bh_endowsts>0</bh_endowsts>
            <bh_budgetno>35230011400</bh_budgetno>
            <bh_subprojectno>03</bh_subprojectno>
            <bh_budgetsource>1</bh_budgetsource>
            <bh_applyid>0</bh_applyid>
            <bh_startyear>0</bh_startyear>
            <bh_endyear>999</bh_endyear>
            <bh_donrem>各地方政府毒品危害防制中心辦理強化藥癮者輔導處遇計畫經費。</bh_donrem>
            <bh_bgtyear>105</bh_bgtyear>
            <bh_amt_man>0.00</bh_amt_man>
            <bh_amt_business>34168000.00</bh_amt_business>
            <bh_amt_other>0.00</bh_amt_other>
            <bh_amt_land>0.00</bh_amt_land>
            <bh_amt_house>0.00</bh_amt_house>
            <bh_amt6>0.00</bh_amt6>
            <bh_amt7>0.00</bh_amt7>
            <bh_flowflag/>
            <bh_signflag/>
            <bh_signno/>
            <mj_subprojectno_na>03 - 辦理司法保護業務</mj_subprojectno_na>
        </BCTDHELPPLAN_row>
        <BCTDHELPPLAN_row>
            <bh_fiscalyear>105</bh_fiscalyear>
            <bh_fundkind>1</bh_fundkind>
            <bh_budgetkind>1</bh_budgetkind>
            <bh_specialbudgetno/>
            <bh_agenno>23001</bh_agenno>
            <bh_agentype>C</bh_agentype>
            <bh_budgetstate>1</bh_budgetstate>
            <bh_versiondate/>
            <bh_objectno>0429</bh_objectno>
            <bh_endowplanno>01</bh_endowplanno>
            <bh_endowplanname>強化藥癮者輔導處遇計畫</bh_endowplanname>
            <bh_donname/>
            <bh_endowsts>0</bh_endowsts>
            <bh_budgetno>35230011400</bh_budgetno>
            <bh_subprojectno>03</bh_subprojectno>
            <bh_budgetsource>1</bh_budgetsource>
            <bh_applyid>0</bh_applyid>
            <bh_startyear>0</bh_startyear>
            <bh_endyear>999</bh_endyear>
            <bh_donrem>各地方政府毒品危害防制中心辦理強化藥癮者輔導處遇計畫經費。</bh_donrem>
            <bh_bgtyear>105</bh_bgtyear>
            <bh_amt_man>0.00</bh_amt_man>
            <bh_amt_business>434000.00</bh_amt_business>
            <bh_amt_other>0.00</bh_amt_other>
            <bh_amt_land>0.00</bh_amt_land>
            <bh_amt_house>0.00</bh_amt_house>
            <bh_amt6>0.00</bh_amt6>
            <bh_amt7>0.00</bh_amt7>
            <bh_flowflag/>
            <bh_signflag/>
            <bh_signno/>
            <mj_subprojectno_na>03 - 辦理司法保護業務</mj_subprojectno_na>
        </BCTDHELPPLAN_row>
    </BCTDHELPPLAN>
</tables>
