<?xml version="1.0" encoding="UTF-8"?>
<tables>
    <BCTDOUTGO>
        <BCTDOUTGO_row>
            <bm_fiscalyear>105</bm_fiscalyear>
            <bm_fundkind>1</bm_fundkind>
            <bm_budgetkind>1</bm_budgetkind>
            <bm_specialbudgetno/>
            <bm_agenno>23001</bm_agenno>
            <bm_agentype>C</bm_agentype>
            <bm_budgetstate>1</bm_budgetstate>
            <bm_abroadplan>1</bm_abroadplan>
            <bm_projtype>1 </bm_projtype>
            <bm_projno>01</bm_projno>
            <bm_abroadplanname>考察法國、德國同性伴侶／同性婚姻法制發展及實務運作情形</bm_abroadplanname>
            <bm_visitsts>0</bm_visitsts>
            <bm_visitexplain/>
            <bm_dispatchstaffs>0</bm_dispatchstaffs>
            <bm_abroadsite1/>
            <bm_abroadsite2/>
            <bm_abroadsite3/>
            <bm_abroadperiod1/>
            <bm_abroadperiodto1/>
            <bm_abroadperiod2/>
            <bm_abroadperiodto2/>
            <bm_abroadperiod3/>
            <bm_abroadperiodto3/>
            <bm_abroadstaffs1>0</bm_abroadstaffs1>
            <bm_abroadstaffs2>0</bm_abroadstaffs2>
            <bm_abroadstaffs3>0</bm_abroadstaffs3>
            <bm_abroadallowance1>0.00</bm_abroadallowance1>
            <bm_abroadallowance2>0.00</bm_abroadallowance2>
            <bm_abroadallowance3>0.00</bm_abroadallowance3>
            <bm_budgetno>35230011400</bm_budgetno>
            <bm_regionno/>
            <bm_country>法國、德國</bm_country>
            <bm_agency>法國及德國司法部、民間團體及專家學者等</bm_agency>
            <bm_cont_text>法國、德國有關同性伴侶／同性婚姻法制化之發展經驗，包括立法推動歷程中遭遇的困難及解決之道，以及立法後的實務運作情形。</bm_cont_text>
            <bm_durationfrom>10501</bm_durationfrom>
            <bm_durationto>10506</bm_durationto>
            <bm_days>9</bm_days>
            <bm_persons>2</bm_persons>
            <bm_amt_trans>130000.00</bm_amt_trans>
            <bm_amt_life>128000.00</bm_amt_life>
            <bm_amt_public>86000.00</bm_amt_public>
            <bm_amt_books>0.00</bm_amt_books>
            <bm_amt_flight>0.00</bm_amt_flight>
            <bm_versiondate/>
        </BCTDOUTGO_row>
    </BCTDOUTGO>
</tables>
