<?xml version="1.0" encoding="UTF-8"?>
<GenericData>
　　<Header>
　　　　<Table Id="FNGXBWORKR" Name="基金來源、用途及餘絀表" Domain="NBA" />
　　　　<Program Id="NBAGGR040_D" />
　　　　<Sender Name="中央政府債務基金" />
　　　　<報表名稱>基金來源、用途及餘絀表</報表名稱>
　　　　<年度>106</年度>
　　　　<基金>中央政府債務基金</基金>
　　　　<階段>預算案</階段>
　　　　<版本>1</版本>
　　　　<單位>新臺幣千元</單位>
　　</Header>
　　<DataSet>
　　　　<ROW>
　　　　　　<SEQNO>1</SEQNO>
　　　　　　<LEVEL>1</LEVEL>
　　　　　　<BOLD>1</BOLD>
　　　　　　<項目>基金來源</項目>
　　　　　　<本年度預算數-金額>810533653</本年度預算數-金額>
　　　　　　<本年度預算數-百分比>100.00</本年度預算數-百分比>
　　　　　　<上年度預算數-金額>880213088</上年度預算數-金額>
　　　　　　<上年度預算數-百分比>100.00</上年度預算數-百分比>
　　　　　　<前年度決算數-金額>1138468305</前年度決算數-金額>
　　　　　　<前年度決算數-百分比>100.00</前年度決算數-百分比>
　　　　　　<本年度與上年度預算數比較增減-金額>-69679435</本年度與上年度預算數比較增減-金額>
　　　　　　<本年度與上年度預算數比較增減-百分比>7.92</本年度與上年度預算數比較增減-百分比>
　　　　　　<備註 />
　　　　</ROW>
　　　　<ROW>
　　　　　　<SEQNO>2</SEQNO>
　　　　　　<LEVEL>2</LEVEL>
　　　　　　<BOLD>0</BOLD>
　　　　　　<項目>徵收及依法分配收入</項目>
　　　　　　<本年度預算數-金額>0</本年度預算數-金額>
　　　　　　<本年度預算數-百分比>0</本年度預算數-百分比>
　　　　　　<上年度預算數-金額>0</上年度預算數-金額>
　　　　　　<上年度預算數-百分比>0</上年度預算數-百分比>
　　　　　　<前年度決算數-金額>0</前年度決算數-金額>
　　　　　　<前年度決算數-百分比>0</前年度決算數-百分比>
　　　　　　<本年度與上年度預算數比較增減-金額>0</本年度與上年度預算數比較增減-金額>
　　　　　　<本年度與上年度預算數比較增減-百分比>0</本年度與上年度預算數比較增減-百分比>
　　　　　　<備註 />
　　　　</ROW>
　　　　<ROW>
　　　　　　<SEQNO>3</SEQNO>
　　　　　　<LEVEL>2</LEVEL>
　　　　　　<BOLD>0</BOLD>
　　　　　　<項目>債務收入</項目>
　　　　　　<本年度預算數-金額>810531550</本年度預算數-金額>
　　　　　　<本年度預算數-百分比>100.00</本年度預算數-百分比>
　　　　　　<上年度預算數-金額>880209046</上年度預算數-金額>
　　　　　　<上年度預算數-百分比>100.00</上年度預算數-百分比>
　　　　　　<前年度決算數-金額>1138463204</前年度決算數-金額>
　　　　　　<前年度決算數-百分比>100.00</前年度決算數-百分比>
　　　　　　<本年度與上年度預算數比較增減-金額>-69677496</本年度與上年度預算數比較增減-金額>
　　　　　　<本年度與上年度預算數比較增減-百分比>7.92</本年度與上年度預算數比較增減-百分比>
　　　　　　<備註 />
　　　　</ROW>
　　　　<ROW>
　　　　　　<SEQNO>4</SEQNO>
　　　　　　<LEVEL>2</LEVEL>
　　　　　　<BOLD>0</BOLD>
　　　　　　<項目>勞務收入</項目>
　　　　　　<本年度預算數-金額>0</本年度預算數-金額>
　　　　　　<本年度預算數-百分比>0</本年度預算數-百分比>
　　　　　　<上年度預算數-金額>0</上年度預算數-金額>
　　　　　　<上年度預算數-百分比>0</上年度預算數-百分比>
　　　　　　<前年度決算數-金額>0</前年度決算數-金額>
　　　　　　<前年度決算數-百分比>0</前年度決算數-百分比>
　　　　　　<本年度與上年度預算數比較增減-金額>0</本年度與上年度預算數比較增減-金額>
　　　　　　<本年度與上年度預算數比較增減-百分比>0</本年度與上年度預算數比較增減-百分比>
　　　　　　<備註 />
　　　　</ROW>
　　　　<ROW>
　　　　　　<SEQNO>5</SEQNO>
　　　　　　<LEVEL>2</LEVEL>
　　　　　　<BOLD>0</BOLD>
　　　　　　<項目>農政收入</項目>
　　　　　　<本年度預算數-金額>0</本年度預算數-金額>
　　　　　　<本年度預算數-百分比>0</本年度預算數-百分比>
　　　　　　<上年度預算數-金額>0</上年度預算數-金額>
　　　　　　<上年度預算數-百分比>0</上年度預算數-百分比>
　　　　　　<前年度決算數-金額>0</前年度決算數-金額>
　　　　　　<前年度決算數-百分比>0</前年度決算數-百分比>
　　　　　　<本年度與上年度預算數比較增減-金額>0</本年度與上年度預算數比較增減-金額>
　　　　　　<本年度與上年度預算數比較增減-百分比>0</本年度與上年度預算數比較增減-百分比>
　　　　　　<備註 />
　　　　</ROW>
　　　　<ROW>
　　　　　　<SEQNO>6</SEQNO>
　　　　　　<LEVEL>2</LEVEL>
　　　　　　<BOLD>0</BOLD>
　　　　　　<項目>財產收入</項目>
　　　　　　<本年度預算數-金額>2103</本年度預算數-金額>
　　　　　　<本年度預算數-百分比>0</本年度預算數-百分比>
　　　　　　<上年度預算數-金額>4042</上年度預算數-金額>
　　　　　　<上年度預算數-百分比>0</上年度預算數-百分比>
　　　　　　<前年度決算數-金額>5101</前年度決算數-金額>
　　　　　　<前年度決算數-百分比>0</前年度決算數-百分比>
　　　　　　<本年度與上年度預算數比較增減-金額>-1939</本年度與上年度預算數比較增減-金額>
　　　　　　<本年度與上年度預算數比較增減-百分比>47.97</本年度與上年度預算數比較增減-百分比>
　　　　　　<備註 />
　　　　</ROW>
　　　　<ROW>
　　　　　　<SEQNO>7</SEQNO>
　　　　　　<LEVEL>2</LEVEL>
　　　　　　<BOLD>0</BOLD>
　　　　　　<項目>政府撥入收入</項目>
　　　　　　<本年度預算數-金額>0</本年度預算數-金額>
　　　　　　<本年度預算數-百分比>0</本年度預算數-百分比>
　　　　　　<上年度預算數-金額>0</上年度預算數-金額>
　　　　　　<上年度預算數-百分比>0</上年度預算數-百分比>
　　　　　　<前年度決算數-金額>0</前年度決算數-金額>
　　　　　　<前年度決算數-百分比>0</前年度決算數-百分比>
　　　　　　<本年度與上年度預算數比較增減-金額>0</本年度與上年度預算數比較增減-金額>
　　　　　　<本年度與上年度預算數比較增減-百分比>0</本年度與上年度預算數比較增減-百分比>
　　　　　　<備註 />
　　　　</ROW>
　　　　<ROW>
　　　　　　<SEQNO>8</SEQNO>
　　　　　　<LEVEL>2</LEVEL>
　　　　　　<BOLD>0</BOLD>
　　　　　　<項目>其他收入</項目>
　　　　　　<本年度預算數-金額>0</本年度預算數-金額>
　　　　　　<本年度預算數-百分比>0</本年度預算數-百分比>
　　　　　　<上年度預算數-金額>0</上年度預算數-金額>
　　　　　　<上年度預算數-百分比>0</上年度預算數-百分比>
　　　　　　<前年度決算數-金額>0</前年度決算數-金額>
　　　　　　<前年度決算數-百分比>0</前年度決算數-百分比>
　　　　　　<本年度與上年度預算數比較增減-金額>0</本年度與上年度預算數比較增減-金額>
　　　　　　<本年度與上年度預算數比較增減-百分比>0</本年度與上年度預算數比較增減-百分比>
　　　　　　<備註 />
　　　　</ROW>
　　　　<ROW>
　　　　　　<SEQNO>9</SEQNO>
　　　　　　<LEVEL>1</LEVEL>
　　　　　　<BOLD>1</BOLD>
　　　　　　<項目>基金用途</項目>
　　　　　　<本年度預算數-金額>810531614</本年度預算數-金額>
　　　　　　<本年度預算數-百分比>100.00</本年度預算數-百分比>
　　　　　　<上年度預算數-金額>880209110</上年度預算數-金額>
　　　　　　<上年度預算數-百分比>100.00</上年度預算數-百分比>
　　　　　　<前年度決算數-金額>1138710656</前年度決算數-金額>
　　　　　　<前年度決算數-百分比>100.02</前年度決算數-百分比>
　　　　　　<本年度與上年度預算數比較增減-金額>-69677496</本年度與上年度預算數比較增減-金額>
　　　　　　<本年度與上年度預算數比較增減-百分比>7.92</本年度與上年度預算數比較增減-百分比>
　　　　　　<備註 />
　　　　</ROW>
　　　　<ROW>
　　　　　　<SEQNO>10</SEQNO>
　　　　　　<LEVEL>2</LEVEL>
　　　　　　<BOLD>0</BOLD>
　　　　　　<項目>還本付息計畫</項目>
　　　　　　<本年度預算數-金額>810531550</本年度預算數-金額>
　　　　　　<本年度預算數-百分比>100.00</本年度預算數-百分比>
　　　　　　<上年度預算數-金額>880209046</上年度預算數-金額>
　　　　　　<上年度預算數-百分比>100.00</上年度預算數-百分比>
　　　　　　<前年度決算數-金額>1138463204</前年度決算數-金額>
　　　　　　<前年度決算數-百分比>100.00</前年度決算數-百分比>
　　　　　　<本年度與上年度預算數比較增減-金額>-69677496</本年度與上年度預算數比較增減-金額>
　　　　　　<本年度與上年度預算數比較增減-百分比>7.92</本年度與上年度預算數比較增減-百分比>
　　　　　　<備註 />
　　　　</ROW>
　　　　<ROW>
　　　　　　<SEQNO>11</SEQNO>
　　　　　　<LEVEL>2</LEVEL>
　　　　　　<BOLD>0</BOLD>
　　　　　　<項目>一般行政管理計畫</項目>
　　　　　　<本年度預算數-金額>64</本年度預算數-金額>
　　　　　　<本年度預算數-百分比>0</本年度預算數-百分比>
　　　　　　<上年度預算數-金額>64</上年度預算數-金額>
　　　　　　<上年度預算數-百分比>0</上年度預算數-百分比>
　　　　　　<前年度決算數-金額>247452</前年度決算數-金額>
　　　　　　<前年度決算數-百分比>0.02</前年度決算數-百分比>
　　　　　　<本年度與上年度預算數比較增減-金額>0</本年度與上年度預算數比較增減-金額>
　　　　　　<本年度與上年度預算數比較增減-百分比>0</本年度與上年度預算數比較增減-百分比>
　　　　　　<備註 />
　　　　</ROW>
　　　　<ROW>
　　　　　　<SEQNO>12</SEQNO>
　　　　　　<LEVEL>1</LEVEL>
　　　　　　<BOLD>1</BOLD>
　　　　　　<項目>本期賸餘(短絀-)</項目>
　　　　　　<本年度預算數-金額>2039</本年度預算數-金額>
　　　　　　<本年度預算數-百分比>0</本年度預算數-百分比>
　　　　　　<上年度預算數-金額>3978</上年度預算數-金額>
　　　　　　<上年度預算數-百分比>0</上年度預算數-百分比>
　　　　　　<前年度決算數-金額>-242351</前年度決算數-金額>
　　　　　　<前年度決算數-百分比>-0.02</前年度決算數-百分比>
　　　　　　<本年度與上年度預算數比較增減-金額>-1939</本年度與上年度預算數比較增減-金額>
　　　　　　<本年度與上年度預算數比較增減-百分比>48.74</本年度與上年度預算數比較增減-百分比>
　　　　　　<備註 />
　　　　</ROW>
　　　　<ROW>
　　　　　　<SEQNO>13</SEQNO>
　　　　　　<LEVEL>1</LEVEL>
　　　　　　<BOLD>1</BOLD>
　　　　　　<項目>期初基金餘額</項目>
　　　　　　<本年度預算數-金額>87902</本年度預算數-金額>
　　　　　　<本年度預算數-百分比 />
　　　　　　<上年度預算數-金額>330251</上年度預算數-金額>
　　　　　　<上年度預算數-百分比 />
　　　　　　<前年度決算數-金額>326275</前年度決算數-金額>
　　　　　　<前年度決算數-百分比 />
　　　　　　<本年度與上年度預算數比較增減-金額>-242349</本年度與上年度預算數比較增減-金額>
　　　　　　<本年度與上年度預算數比較增減-百分比 />
　　　　　　<備註 />
　　　　</ROW>
　　　　<ROW>
　　　　　　<SEQNO>14</SEQNO>
　　　　　　<LEVEL>1</LEVEL>
　　　　　　<BOLD>1</BOLD>
　　　　　　<項目>解繳國庫</項目>
　　　　　　<本年度預算數-金額>0</本年度預算數-金額>
　　　　　　<本年度預算數-百分比 />
　　　　　　<上年度預算數-金額>0</上年度預算數-金額>
　　　　　　<上年度預算數-百分比 />
　　　　　　<前年度決算數-金額>0</前年度決算數-金額>
　　　　　　<前年度決算數-百分比 />
　　　　　　<本年度與上年度預算數比較增減-金額>0</本年度與上年度預算數比較增減-金額>
　　　　　　<本年度與上年度預算數比較增減-百分比 />
　　　　　　<備註 />
　　　　</ROW>
　　　　<ROW>
　　　　　　<SEQNO>15</SEQNO>
　　　　　　<LEVEL>1</LEVEL>
　　　　　　<BOLD>1</BOLD>
　　　　　　<項目>期末基金餘額</項目>
　　　　　　<本年度預算數-金額>89941</本年度預算數-金額>
　　　　　　<本年度預算數-百分比 />
　　　　　　<上年度預算數-金額>334229</上年度預算數-金額>
　　　　　　<上年度預算數-百分比 />
　　　　　　<前年度決算數-金額>83924</前年度決算數-金額>
　　　　　　<前年度決算數-百分比 />
　　　　　　<本年度與上年度預算數比較增減-金額>-244288</本年度與上年度預算數比較增減-金額>
　　　　　　<本年度與上年度預算數比較增減-百分比 />
　　　　　　<備註 />
　　　　</ROW>
　　</DataSet>
</GenericData>

