<?xml version="1.0" encoding="UTF-8"?>
<GenericData>
　　<Header>
　　　　<Table Id="FNGXBCSHFLOWR" Name="現金流量表" Domain="NBA" />
　　　　<Program Id="NBAGGR050_D" />
　　　　<Sender Name="中央政府債務基金" />
　　　　<報表名稱>現金流量表</報表名稱>
　　　　<年度>106</年度>
　　　　<基金>中央政府債務基金</基金>
　　　　<階段>預算案</階段>
　　　　<版本>1</版本>
　　　　<單位>新臺幣千元</單位>
　　</Header>
　　<DataSet>
　　　　<ROW>
　　　　　　<SEQNO>1</SEQNO>
　　　　　　<LEVEL>2</LEVEL>
　　　　　　<BOLD>1</BOLD>
　　　　　　<項目>業務活動之現金流量</項目>
　　　　　　<本年度預算數 />
　　　　</ROW>
　　　　<ROW>
　　　　　　<SEQNO>2</SEQNO>
　　　　　　<LEVEL>3</LEVEL>
　　　　　　<BOLD>0</BOLD>
　　　　　　<項目>本期賸餘(短絀－)</項目>
　　　　　　<本年度預算數>2039</本年度預算數>
　　　　</ROW>
　　　　<ROW>
　　　　　　<SEQNO>3</SEQNO>
　　　　　　<LEVEL>3</LEVEL>
　　　　　　<BOLD>0</BOLD>
　　　　　　<項目>調整非現金項目</項目>
　　　　　　<本年度預算數>0</本年度預算數>
　　　　</ROW>
　　　　<ROW>
　　　　　　<SEQNO>4</SEQNO>
　　　　　　<LEVEL>3</LEVEL>
　　　　　　<BOLD>1</BOLD>
　　　　　　<項目>業務活動之淨現金流入(流出－)</項目>
　　　　　　<本年度預算數>2039</本年度預算數>
　　　　</ROW>
　　　　<ROW>
　　　　　　<SEQNO>5</SEQNO>
　　　　　　<LEVEL>2</LEVEL>
　　　　　　<BOLD>1</BOLD>
　　　　　　<項目>其他活動之現金流量</項目>
　　　　　　<本年度預算數 />
　　　　</ROW>
　　　　<ROW>
　　　　　　<SEQNO>6</SEQNO>
　　　　　　<LEVEL>3</LEVEL>
　　　　　　<BOLD>0</BOLD>
　　　　　　<項目>減少短期投資及短期貸墊款</項目>
　　　　　　<本年度預算數>0</本年度預算數>
　　　　</ROW>
　　　　<ROW>
　　　　　　<SEQNO>7</SEQNO>
　　　　　　<LEVEL>3</LEVEL>
　　　　　　<BOLD>0</BOLD>
　　　　　　<項目>減少投資、長期應收款項、貸墊款及準備金</項目>
　　　　　　<本年度預算數>0</本年度預算數>
　　　　</ROW>
　　　　<ROW>
　　　　　　<SEQNO>8</SEQNO>
　　　　　　<LEVEL>3</LEVEL>
　　　　　　<BOLD>0</BOLD>
　　　　　　<項目>減少其他資產</項目>
　　　　　　<本年度預算數>0</本年度預算數>
　　　　</ROW>
　　　　<ROW>
　　　　　　<SEQNO>9</SEQNO>
　　　　　　<LEVEL>3</LEVEL>
　　　　　　<BOLD>0</BOLD>
　　　　　　<項目>增加短期債務及其他負債</項目>
　　　　　　<本年度預算數>0</本年度預算數>
　　　　</ROW>
　　　　<ROW>
　　　　　　<SEQNO>10</SEQNO>
　　　　　　<LEVEL>3</LEVEL>
　　　　　　<BOLD>0</BOLD>
　　　　　　<項目>其他項目之現金流入</項目>
　　　　　　<本年度預算數>0</本年度預算數>
　　　　</ROW>
　　　　<ROW>
　　　　　　<SEQNO>11</SEQNO>
　　　　　　<LEVEL>3</LEVEL>
　　　　　　<BOLD>0</BOLD>
　　　　　　<項目>增加短期投資及短期貸墊款</項目>
　　　　　　<本年度預算數>0</本年度預算數>
　　　　</ROW>
　　　　<ROW>
　　　　　　<SEQNO>12</SEQNO>
　　　　　　<LEVEL>3</LEVEL>
　　　　　　<BOLD>0</BOLD>
　　　　　　<項目>增加投資、長期應收款項、貸墊款及準備金</項目>
　　　　　　<本年度預算數>0</本年度預算數>
　　　　</ROW>
　　　　<ROW>
　　　　　　<SEQNO>13</SEQNO>
　　　　　　<LEVEL>3</LEVEL>
　　　　　　<BOLD>0</BOLD>
　　　　　　<項目>增加其他資產</項目>
　　　　　　<本年度預算數>0</本年度預算數>
　　　　</ROW>
　　　　<ROW>
　　　　　　<SEQNO>14</SEQNO>
　　　　　　<LEVEL>3</LEVEL>
　　　　　　<BOLD>0</BOLD>
　　　　　　<項目>減少短期債務及其他負債</項目>
　　　　　　<本年度預算數>0</本年度預算數>
　　　　</ROW>
　　　　<ROW>
　　　　　　<SEQNO>15</SEQNO>
　　　　　　<LEVEL>3</LEVEL>
　　　　　　<BOLD>0</BOLD>
　　　　　　<項目>其他項目之現金流出</項目>
　　　　　　<本年度預算數>0</本年度預算數>
　　　　</ROW>
　　　　<ROW>
　　　　　　<SEQNO>16</SEQNO>
　　　　　　<LEVEL>3</LEVEL>
　　　　　　<BOLD>1</BOLD>
　　　　　　<項目>其他活動之淨現金流入(流出－)</項目>
　　　　　　<本年度預算數>0</本年度預算數>
　　　　</ROW>
　　　　<ROW>
　　　　　　<SEQNO>17</SEQNO>
　　　　　　<LEVEL>2</LEVEL>
　　　　　　<BOLD>1</BOLD>
　　　　　　<項目>現金及約當現金之淨增(淨減－)</項目>
　　　　　　<本年度預算數>2039</本年度預算數>
　　　　</ROW>
　　　　<ROW>
　　　　　　<SEQNO>18</SEQNO>
　　　　　　<LEVEL>2</LEVEL>
　　　　　　<BOLD>1</BOLD>
　　　　　　<項目>期初現金及約當現金</項目>
　　　　　　<本年度預算數>87902</本年度預算數>
　　　　</ROW>
　　　　<ROW>
　　　　　　<SEQNO>19</SEQNO>
　　　　　　<LEVEL>2</LEVEL>
　　　　　　<BOLD>1</BOLD>
　　　　　　<項目>期末現金及約當現金</項目>
　　　　　　<本年度預算數>89941</本年度預算數>
　　　　</ROW>
　　</DataSet>
</GenericData>

