<?xml version="1.0" encoding="UTF-8" standalone="yes"?>
<Root xmlns:xsi="http://www.w3.org/2001/XMLSchema-instance">
	<Row>
		<款>  </款>
		<科目名稱>合                        計</科目名稱>
		<人事費>396267443</人事費>
		<業務費_經>256681863</業務費_經>
		<奬補助費_經>686405759</奬補助費_經>
		<債務費>128472571</債務費>
		<預備金_經>9052814</預備金_經>
		<經常支出小計>1476880450</經常支出小計>
		<業務費_資>2529212</業務費_資>
		<設備及投資>174918058</設備及投資>
		<奬補助費_資>151339284</奬補助費_資>
		<預備金_資>4000000</預備金_資>
		<資本支出小計>332786554</資本支出小計>
		<合計>1809667004</合計>
	</Row>
	<Row>
		<款>1</款>
		<科目名稱>總統府主管</科目名稱>
		<人事費>3322744</人事費>
		<業務費_經>6088012</業務費_經>
		<奬補助費_經>435422</奬補助費_經>
		<債務費>-</債務費>
		<預備金_經>8166</預備金_經>
		<經常支出小計>9854344</經常支出小計>
		<業務費_資>-</業務費_資>
		<設備及投資>2425414</設備及投資>
		<奬補助費_資>-</奬補助費_資>
		<預備金_資>-</預備金_資>
		<資本支出小計>2425414</資本支出小計>
		<合計>12279758</合計>
	</Row>
	<Row>
		<款>2</款>
		<科目名稱>行政院主管</科目名稱>
		<人事費>10413061</人事費>
		<業務費_經>9155992</業務費_經>
		<奬補助費_經>9836150</奬補助費_經>
		<債務費>-</債務費>
		<預備金_經>67427</預備金_經>
		<經常支出小計>29472630</經常支出小計>
		<業務費_資>-</業務費_資>
		<設備及投資>10690027</設備及投資>
		<奬補助費_資>5423126</奬補助費_資>
		<預備金_資>-</預備金_資>
		<資本支出小計>16113153</資本支出小計>
		<合計>45585783</合計>
	</Row>
	<Row>
		<款>3</款>
		<科目名稱>立法院主管</科目名稱>
		<人事費>2362485</人事費>
		<業務費_經>892110</業務費_經>
		<奬補助費_經>17516</奬補助費_經>
		<債務費>-</債務費>
		<預備金_經>3000</預備金_經>
		<經常支出小計>3275111</經常支出小計>
		<業務費_資>-</業務費_資>
		<設備及投資>272133</設備及投資>
		<奬補助費_資>-</奬補助費_資>
		<預備金_資>-</預備金_資>
		<資本支出小計>272133</資本支出小計>
		<合計>3547244</合計>
	</Row>
	<Row>
		<款>4</款>
		<科目名稱>司法院主管</科目名稱>
		<人事費>13846236</人事費>
		<業務費_經>3173553</業務費_經>
		<奬補助費_經>830405</奬補助費_經>
		<債務費>-</債務費>
		<預備金_經>16014</預備金_經>
		<經常支出小計>17866208</經常支出小計>
		<業務費_資>-</業務費_資>
		<設備及投資>609864</設備及投資>
		<奬補助費_資>217458</奬補助費_資>
		<預備金_資>-</預備金_資>
		<資本支出小計>827322</資本支出小計>
		<合計>18693530</合計>
	</Row>
	<Row>
		<款>5</款>
		<科目名稱>考試院主管</科目名稱>
		<人事費>14325609</人事費>
		<業務費_經>905044</業務費_經>
		<奬補助費_經>6091409</奬補助費_經>
		<債務費>-</債務費>
		<預備金_經>4050</預備金_經>
		<經常支出小計>21326112</經常支出小計>
		<業務費_資>-</業務費_資>
		<設備及投資>92164</設備及投資>
		<奬補助費_資>-</奬補助費_資>
		<預備金_資>-</預備金_資>
		<資本支出小計>92164</資本支出小計>
		<合計>21418276</合計>
	</Row>
	<Row>
		<款>6</款>
		<科目名稱>監察院主管</科目名稱>
		<人事費>1749170</人事費>
		<業務費_經>210431</業務費_經>
		<奬補助費_經>3819</奬補助費_經>
		<債務費>-</債務費>
		<預備金_經>4535</預備金_經>
		<經常支出小計>1967955</經常支出小計>
		<業務費_資>-</業務費_資>
		<設備及投資>88724</設備及投資>
		<奬補助費_資>-</奬補助費_資>
		<預備金_資>-</預備金_資>
		<資本支出小計>88724</資本支出小計>
		<合計>2056679</合計>
	</Row>
	<Row>
		<款>7</款>
		<科目名稱>內政部主管</科目名稱>
		<人事費>26564106</人事費>
		<業務費_經>7691146</業務費_經>
		<奬補助費_經>105037692</奬補助費_經>
		<債務費>-</債務費>
		<預備金_經>88508</預備金_經>
		<經常支出小計>139381452</經常支出小計>
		<業務費_資>6600</業務費_資>
		<設備及投資>14047702</設備及投資>
		<奬補助費_資>25904833</奬補助費_資>
		<預備金_資>-</預備金_資>
		<資本支出小計>39959135</資本支出小計>
		<合計>179340587</合計>
	</Row>
	<Row>
		<款>8</款>
		<科目名稱>外交部主管</科目名稱>
		<人事費>7521830</人事費>
		<業務費_經>10611131</業務費_經>
		<奬補助費_經>12610392</奬補助費_經>
		<債務費>-</債務費>
		<預備金_經>33152</預備金_經>
		<經常支出小計>30776505</經常支出小計>
		<業務費_資>74234</業務費_資>
		<設備及投資>456088</設備及投資>
		<奬補助費_資>2780</奬補助費_資>
		<預備金_資>-</預備金_資>
		<資本支出小計>533102</資本支出小計>
		<合計>31309607</合計>
	</Row>
	<Row>
		<款>9</款>
		<科目名稱>國防部主管</科目名稱>
		<人事費>129982307</人事費>
		<業務費_經>159570961</業務費_經>
		<奬補助費_經>1008245</奬補助費_經>
		<債務費>-</債務費>
		<預備金_經>2000000</預備金_經>
		<經常支出小計>292561513</經常支出小計>
		<業務費_資>-</業務費_資>
		<設備及投資>17575551</設備及投資>
		<奬補助費_資>8513000</奬補助費_資>
		<預備金_資>-</預備金_資>
		<資本支出小計>26088551</資本支出小計>
		<合計>318650064</合計>
	</Row>
	<Row>
		<款>10</款>
		<科目名稱>財政部主管</科目名稱>
		<人事費>16085444</人事費>
		<業務費_經>10283945</業務費_經>
		<奬補助費_經>29538581</奬補助費_經>
		<債務費>128472571</債務費>
		<預備金_經>35784</預備金_經>
		<經常支出小計>184416325</經常支出小計>
		<業務費_資>580</業務費_資>
		<設備及投資>1663747</設備及投資>
		<奬補助費_資>-</奬補助費_資>
		<預備金_資>-</預備金_資>
		<資本支出小計>1664327</資本支出小計>
		<合計>186080652</合計>
	</Row>
	<Row>
		<款>11</款>
		<科目名稱>教育部主管</科目名稱>
		<人事費>25765660</人事費>
		<業務費_經>5605331</業務費_經>
		<奬補助費_經>110493387</奬補助費_經>
		<債務費>-</債務費>
		<預備金_經>470564</預備金_經>
		<經常支出小計>142334942</經常支出小計>
		<業務費_資>34200</業務費_資>
		<設備及投資>12317759</設備及投資>
		<奬補助費_資>13460609</奬補助費_資>
		<預備金_資>-</預備金_資>
		<資本支出小計>25812568</資本支出小計>
		<合計>168147510</合計>
	</Row>
	<Row>
		<款>12</款>
		<科目名稱>法務部主管</科目名稱>
		<人事費>20174105</人事費>
		<業務費_經>5174292</業務費_經>
		<奬補助費_經>208013</奬補助費_經>
		<債務費>-</債務費>
		<預備金_經>53162</預備金_經>
		<經常支出小計>25609572</經常支出小計>
		<業務費_資>-</業務費_資>
		<設備及投資>1223625</設備及投資>
		<奬補助費_資>-</奬補助費_資>
		<預備金_資>-</預備金_資>
		<資本支出小計>1223625</資本支出小計>
		<合計>26833197</合計>
	</Row>
	<Row>
		<款>13</款>
		<科目名稱>經濟部主管</科目名稱>
		<人事費>6444434</人事費>
		<業務費_經>12429792</業務費_經>
		<奬補助費_經>22563678</奬補助費_經>
		<債務費>-</債務費>
		<預備金_經>60768</預備金_經>
		<經常支出小計>41498672</經常支出小計>
		<業務費_資>372480</業務費_資>
		<設備及投資>21123099</設備及投資>
		<奬補助費_資>9392700</奬補助費_資>
		<預備金_資>-</預備金_資>
		<資本支出小計>30888279</資本支出小計>
		<合計>72386951</合計>
	</Row>
	<Row>
		<款>14</款>
		<科目名稱>交通部主管</科目名稱>
		<人事費>7297589</人事費>
		<業務費_經>2978044</業務費_經>
		<奬補助費_經>1683914</奬補助費_經>
		<債務費>-</債務費>
		<預備金_經>24041</預備金_經>
		<經常支出小計>11983588</經常支出小計>
		<業務費_資>170450</業務費_資>
		<設備及投資>48239182</設備及投資>
		<奬補助費_資>39703248</奬補助費_資>
		<預備金_資>-</預備金_資>
		<資本支出小計>88112880</資本支出小計>
		<合計>100096468</合計>
	</Row>
	<Row>
		<款>15</款>
		<科目名稱>蒙藏委員會主管</科目名稱>
		<人事費>83771</人事費>
		<業務費_經>46323</業務費_經>
		<奬補助費_經>14919</奬補助費_經>
		<債務費>-</債務費>
		<預備金_經>594</預備金_經>
		<經常支出小計>145607</經常支出小計>
		<業務費_資>-</業務費_資>
		<設備及投資>3148</設備及投資>
		<奬補助費_資>-</奬補助費_資>
		<預備金_資>-</預備金_資>
		<資本支出小計>3148</資本支出小計>
		<合計>148755</合計>
	</Row>
	<Row>
		<款>16</款>
		<科目名稱>僑務委員會主管</科目名稱>
		<人事費>302703</人事費>
		<業務費_經>747729</業務費_經>
		<奬補助費_經>265150</奬補助費_經>
		<債務費>-</債務費>
		<預備金_經>10000</預備金_經>
		<經常支出小計>1325582</經常支出小計>
		<業務費_資>-</業務費_資>
		<設備及投資>20947</設備及投資>
		<奬補助費_資>15634</奬補助費_資>
		<預備金_資>-</預備金_資>
		<資本支出小計>36581</資本支出小計>
		<合計>1362163</合計>
	</Row>
	<Row>
		<款>17</款>
		<科目名稱>國軍退除役官兵輔導委員會主管</科目名稱>
		<人事費>85373159</人事費>
		<業務費_經>1267537</業務費_經>
		<奬補助費_經>48356707</奬補助費_經>
		<債務費>-</債務費>
		<預備金_經>40000</預備金_經>
		<經常支出小計>135037403</經常支出小計>
		<業務費_資>-</業務費_資>
		<設備及投資>295673</設備及投資>
		<奬補助費_資>-</奬補助費_資>
		<預備金_資>-</預備金_資>
		<資本支出小計>295673</資本支出小計>
		<合計>135333076</合計>
	</Row>
	<Row>
		<款>18</款>
		<科目名稱>國家科學委員會主管</科目名稱>
		<人事費>1390500</人事費>
		<業務費_經>863313</業務費_經>
		<奬補助費_經>5406142</奬補助費_經>
		<債務費>-</債務費>
		<預備金_經>4952</預備金_經>
		<經常支出小計>7664907</經常支出小計>
		<業務費_資>913900</業務費_資>
		<設備及投資>31571438</設備及投資>
		<奬補助費_資>2264812</奬補助費_資>
		<預備金_資>-</預備金_資>
		<資本支出小計>34750150</資本支出小計>
		<合計>42415057</合計>
	</Row>
	<Row>
		<款>19</款>
		<科目名稱>原子能委員會主管</科目名稱>
		<人事費>1694952</人事費>
		<業務費_經>851307</業務費_經>
		<奬補助費_經>33807</奬補助費_經>
		<債務費>-</債務費>
		<預備金_經>720</預備金_經>
		<經常支出小計>2580786</經常支出小計>
		<業務費_資>190</業務費_資>
		<設備及投資>875307</設備及投資>
		<奬補助費_資>-</奬補助費_資>
		<預備金_資>-</預備金_資>
		<資本支出小計>875497</資本支出小計>
		<合計>3456283</合計>
	</Row>
	<Row>
		<款>20</款>
		<科目名稱>農業委員會主管</科目名稱>
		<人事費>7686355</人事費>
		<業務費_經>8271262</業務費_經>
		<奬補助費_經>74558805</奬補助費_經>
		<債務費>-</債務費>
		<預備金_經>79800</預備金_經>
		<經常支出小計>90596222</經常支出小計>
		<業務費_資>783383</業務費_資>
		<設備及投資>7801182</設備及投資>
		<奬補助費_資>8547243</奬補助費_資>
		<預備金_資>-</預備金_資>
		<資本支出小計>17131808</資本支出小計>
		<合計>107728030</合計>
	</Row>
	<Row>
		<款>21</款>
		<科目名稱>勞工委員會主管</科目名稱>
		<人事費>1852567</人事費>
		<業務費_經>1124132</業務費_經>
		<奬補助費_經>56864296</奬補助費_經>
		<債務費>-</債務費>
		<預備金_經>10209</預備金_經>
		<經常支出小計>59851204</經常支出小計>
		<業務費_資>-</業務費_資>
		<設備及投資>53526</設備及投資>
		<奬補助費_資>5000</奬補助費_資>
		<預備金_資>-</預備金_資>
		<資本支出小計>58526</資本支出小計>
		<合計>59909730</合計>
	</Row>
	<Row>
		<款>22</款>
		<科目名稱>衛生署主管</科目名稱>
		<人事費>2382788</人事費>
		<業務費_經>4894141</業務費_經>
		<奬補助費_經>44087364</奬補助費_經>
		<債務費>-</債務費>
		<預備金_經>10090</預備金_經>
		<經常支出小計>51374383</經常支出小計>
		<業務費_資>173195</業務費_資>
		<設備及投資>1223522</設備及投資>
		<奬補助費_資>662041</奬補助費_資>
		<預備金_資>-</預備金_資>
		<資本支出小計>2058758</資本支出小計>
		<合計>53433141</合計>
	</Row>
	<Row>
		<款>23</款>
		<科目名稱>環境保護署主管</科目名稱>
		<人事費>1037500</人事費>
		<業務費_經>1407818</業務費_經>
		<奬補助費_經>1992290</奬補助費_經>
		<債務費>-</債務費>
		<預備金_經>4650</預備金_經>
		<經常支出小計>4442258</經常支出小計>
		<業務費_資>-</業務費_資>
		<設備及投資>451676</設備及投資>
		<奬補助費_資>3616800</奬補助費_資>
		<預備金_資>-</預備金_資>
		<資本支出小計>4068476</資本支出小計>
		<合計>8510734</合計>
	</Row>
	<Row>
		<款>24</款>
		<科目名稱>海岸巡防署主管</科目名稱>
		<人事費>8163958</人事費>
		<業務費_經>2288692</業務費_經>
		<奬補助費_經>14397</奬補助費_經>
		<債務費>-</債務費>
		<預備金_經>20468</預備金_經>
		<經常支出小計>10487515</經常支出小計>
		<業務費_資>-</業務費_資>
		<設備及投資>1779098</設備及投資>
		<奬補助費_資>-</奬補助費_資>
		<預備金_資>-</預備金_資>
		<資本支出小計>1779098</資本支出小計>
		<合計>12266613</合計>
	</Row>
	<Row>
		<款>25</款>
		<科目名稱>省市地方政府</科目名稱>
		<人事費>444410</人事費>
		<業務費_經>149825</業務費_經>
		<奬補助費_經>154453259</奬補助費_經>
		<債務費>-</債務費>
		<預備金_經>2160</預備金_經>
		<經常支出小計>155049654</經常支出小計>
		<業務費_資>-</業務費_資>
		<設備及投資>17462</設備及投資>
		<奬補助費_資>33610000</奬補助費_資>
		<預備金_資>-</預備金_資>
		<資本支出小計>33627462</資本支出小計>
		<合計>188677116</合計>
	</Row>
	<Row>
		<款>26</款>
		<科目名稱>災害準備金</科目名稱>
		<人事費>-</人事費>
		<業務費_經>-</業務費_經>
		<奬補助費_經>-</奬補助費_經>
		<債務費>-</債務費>
		<預備金_經>500000</預備金_經>
		<經常支出小計>500000</經常支出小計>
		<業務費_資>-</業務費_資>
		<設備及投資>-</設備及投資>
		<奬補助費_資>-</奬補助費_資>
		<預備金_資>1500000</預備金_資>
		<資本支出小計>1500000</資本支出小計>
		<合計>2000000</合計>
	</Row>
	<Row>
		<款>27</款>
		<科目名稱>第二預備金</科目名稱>
		<人事費>-</人事費>
		<業務費_經>-</業務費_經>
		<奬補助費_經>-</奬補助費_經>
		<債務費>-</債務費>
		<預備金_經>5500000</預備金_經>
		<經常支出小計>5500000</經常支出小計>
		<業務費_資>-</業務費_資>
		<設備及投資>-</設備及投資>
		<奬補助費_資>-</奬補助費_資>
		<預備金_資>2500000</預備金_資>
		<資本支出小計>2500000</資本支出小計>
		<合計>8000000</合計>
	</Row>
</Root>