<?xml version="1.0" encoding="UTF-8" standalone="yes"?>
<Root xmlns:xsi="http://www.w3.org/2001/XMLSchema-instance">
	<Row>
		<款>  </款>
		<科目名稱>合                          計</科目名稱>
		<稅課收入>1267135000</稅課收入>
		<罰款及賠償收入>22355765</罰款及賠償收入>
		<規費收入>59259120</規費收入>
		<財產收入_經>10146897</財產收入_經>
		<營業盈餘及事業收入>251285983</營業盈餘及事業收入>
		<捐獻及贈與收入>20</捐獻及贈與收入>
		<其他收入>21687845</其他收入>
		<財產收入_資>41360686</財產收入_資>
		<合計>1673231316</合計>
	</Row>
	<Row>
		<款>1</款>
		<科目名稱>總統府主管</科目名稱>
		<稅課收入>-</稅課收入>
		<罰款及賠償收入>2500</罰款及賠償收入>
		<規費收入>139752</規費收入>
		<財產收入_經>2098</財產收入_經>
		<營業盈餘及事業收入>-</營業盈餘及事業收入>
		<捐獻及贈與收入>-</捐獻及贈與收入>
		<其他收入>2501</其他收入>
		<財產收入_資>-</財產收入_資>
		<合計>146851</合計>
	</Row>
	<Row>
		<款>2</款>
		<科目名稱>行政院主管</科目名稱>
		<稅課收入>-</稅課收入>
		<罰款及賠償收入>257784</罰款及賠償收入>
		<規費收入>6938620</規費收入>
		<財產收入_經>92688</財產收入_經>
		<營業盈餘及事業收入>186806833</營業盈餘及事業收入>
		<捐獻及贈與收入>-</捐獻及贈與收入>
		<其他收入>55526</其他收入>
		<財產收入_資>-</財產收入_資>
		<合計>194151451</合計>
	</Row>
	<Row>
		<款>3</款>
		<科目名稱>立法院主管</科目名稱>
		<稅課收入>-</稅課收入>
		<罰款及賠償收入>-</罰款及賠償收入>
		<規費收入>308</規費收入>
		<財產收入_經>5190</財產收入_經>
		<營業盈餘及事業收入>-</營業盈餘及事業收入>
		<捐獻及贈與收入>-</捐獻及贈與收入>
		<其他收入>760</其他收入>
		<財產收入_資>-</財產收入_資>
		<合計>6258</合計>
	</Row>
	<Row>
		<款>4</款>
		<科目名稱>司法院主管</科目名稱>
		<稅課收入>-</稅課收入>
		<罰款及賠償收入>85735</罰款及賠償收入>
		<規費收入>7844502</規費收入>
		<財產收入_經>3695</財產收入_經>
		<營業盈餘及事業收入>-</營業盈餘及事業收入>
		<捐獻及贈與收入>-</捐獻及贈與收入>
		<其他收入>393800</其他收入>
		<財產收入_資>-</財產收入_資>
		<合計>8327732</合計>
	</Row>
	<Row>
		<款>5</款>
		<科目名稱>考試院主管</科目名稱>
		<稅課收入>-</稅課收入>
		<罰款及賠償收入>-</罰款及賠償收入>
		<規費收入>592812</規費收入>
		<財產收入_經>2936</財產收入_經>
		<營業盈餘及事業收入>-</營業盈餘及事業收入>
		<捐獻及贈與收入>-</捐獻及贈與收入>
		<其他收入>-</其他收入>
		<財產收入_資>-</財產收入_資>
		<合計>595748</合計>
	</Row>
	<Row>
		<款>6</款>
		<科目名稱>監察院主管</科目名稱>
		<稅課收入>-</稅課收入>
		<罰款及賠償收入>22580</罰款及賠償收入>
		<規費收入>1105</規費收入>
		<財產收入_經>148</財產收入_經>
		<營業盈餘及事業收入>-</營業盈餘及事業收入>
		<捐獻及贈與收入>-</捐獻及贈與收入>
		<其他收入>-</其他收入>
		<財產收入_資>-</財產收入_資>
		<合計>23833</合計>
	</Row>
	<Row>
		<款>7</款>
		<科目名稱>內政部主管</科目名稱>
		<稅課收入>-</稅課收入>
		<罰款及賠償收入>338883</罰款及賠償收入>
		<規費收入>1381835</規費收入>
		<財產收入_經>84845</財產收入_經>
		<營業盈餘及事業收入>-</營業盈餘及事業收入>
		<捐獻及贈與收入>-</捐獻及贈與收入>
		<其他收入>912282</其他收入>
		<財產收入_資>18200</財產收入_資>
		<合計>2736045</合計>
	</Row>
	<Row>
		<款>8</款>
		<科目名稱>外交部主管</科目名稱>
		<稅課收入>-</稅課收入>
		<罰款及賠償收入>1800</罰款及賠償收入>
		<規費收入>3023144</規費收入>
		<財產收入_經>69500</財產收入_經>
		<營業盈餘及事業收入>-</營業盈餘及事業收入>
		<捐獻及贈與收入>-</捐獻及贈與收入>
		<其他收入>134120</其他收入>
		<財產收入_資>-</財產收入_資>
		<合計>3228564</合計>
	</Row>
	<Row>
		<款>9</款>
		<科目名稱>國防部主管</科目名稱>
		<稅課收入>-</稅課收入>
		<罰款及賠償收入>345111</罰款及賠償收入>
		<規費收入>63144</規費收入>
		<財產收入_經>3222430</財產收入_經>
		<營業盈餘及事業收入>2550000</營業盈餘及事業收入>
		<捐獻及贈與收入>-</捐獻及贈與收入>
		<其他收入>2058517</其他收入>
		<財產收入_資>-</財產收入_資>
		<合計>8239202</合計>
	</Row>
	<Row>
		<款>10</款>
		<科目名稱>財政部主管</科目名稱>
		<稅課收入>1267135000</稅課收入>
		<罰款及賠償收入>9032200</罰款及賠償收入>
		<規費收入>1480273</規費收入>
		<財產收入_經>4867967</財產收入_經>
		<營業盈餘及事業收入>16487625</營業盈餘及事業收入>
		<捐獻及贈與收入>20</捐獻及贈與收入>
		<其他收入>12370326</其他收入>
		<財產收入_資>34544933</財產收入_資>
		<合計>1345918344</合計>
	</Row>
	<Row>
		<款>11</款>
		<科目名稱>教育部主管</科目名稱>
		<稅課收入>-</稅課收入>
		<罰款及賠償收入>13613</罰款及賠償收入>
		<規費收入>81072</規費收入>
		<財產收入_經>9883</財產收入_經>
		<營業盈餘及事業收入>-</營業盈餘及事業收入>
		<捐獻及贈與收入>-</捐獻及贈與收入>
		<其他收入>2666352</其他收入>
		<財產收入_資>-</財產收入_資>
		<合計>2770920</合計>
	</Row>
	<Row>
		<款>12</款>
		<科目名稱>法務部主管</科目名稱>
		<稅課收入>-</稅課收入>
		<罰款及賠償收入>5209471</罰款及賠償收入>
		<規費收入>19642</規費收入>
		<財產收入_經>9034</財產收入_經>
		<營業盈餘及事業收入>-</營業盈餘及事業收入>
		<捐獻及贈與收入>-</捐獻及贈與收入>
		<其他收入>233111</其他收入>
		<財產收入_資>-</財產收入_資>
		<合計>5471258</合計>
	</Row>
	<Row>
		<款>13</款>
		<科目名稱>經濟部主管</科目名稱>
		<稅課收入>-</稅課收入>
		<罰款及賠償收入>161999</罰款及賠償收入>
		<規費收入>5157714</規費收入>
		<財產收入_經>1429422</財產收入_經>
		<營業盈餘及事業收入>10898908</營業盈餘及事業收入>
		<捐獻及贈與收入>-</捐獻及贈與收入>
		<其他收入>733031</其他收入>
		<財產收入_資>7500</財產收入_資>
		<合計>18388574</合計>
	</Row>
	<Row>
		<款>14</款>
		<科目名稱>交通部主管</科目名稱>
		<稅課收入>-</稅課收入>
		<罰款及賠償收入>6422262</罰款及賠償收入>
		<規費收入>30781159</規費收入>
		<財產收入_經>73846</財產收入_經>
		<營業盈餘及事業收入>33753582</營業盈餘及事業收入>
		<捐獻及贈與收入>-</捐獻及贈與收入>
		<其他收入>584601</其他收入>
		<財產收入_資>6790053</財產收入_資>
		<合計>78405503</合計>
	</Row>
	<Row>
		<款>15</款>
		<科目名稱>蒙藏委員會主管</科目名稱>
		<稅課收入>-</稅課收入>
		<罰款及賠償收入>-</罰款及賠償收入>
		<規費收入>241</規費收入>
		<財產收入_經>-</財產收入_經>
		<營業盈餘及事業收入>-</營業盈餘及事業收入>
		<捐獻及贈與收入>-</捐獻及贈與收入>
		<其他收入>-</其他收入>
		<財產收入_資>-</財產收入_資>
		<合計>241</合計>
	</Row>
	<Row>
		<款>16</款>
		<科目名稱>僑務委員會主管</科目名稱>
		<稅課收入>-</稅課收入>
		<罰款及賠償收入>-</罰款及賠償收入>
		<規費收入>9308</規費收入>
		<財產收入_經>16658</財產收入_經>
		<營業盈餘及事業收入>-</營業盈餘及事業收入>
		<捐獻及贈與收入>-</捐獻及贈與收入>
		<其他收入>300</其他收入>
		<財產收入_資>-</財產收入_資>
		<合計>26266</合計>
	</Row>
	<Row>
		<款>17</款>
		<科目名稱>國軍退除役官兵輔導委員會主管</科目名稱>
		<稅課收入>-</稅課收入>
		<罰款及賠償收入>20010</罰款及賠償收入>
		<規費收入>113090</規費收入>
		<財產收入_經>5500</財產收入_經>
		<營業盈餘及事業收入>-</營業盈餘及事業收入>
		<捐獻及贈與收入>-</捐獻及贈與收入>
		<其他收入>1056900</其他收入>
		<財產收入_資>-</財產收入_資>
		<合計>1195500</合計>
	</Row>
	<Row>
		<款>18</款>
		<科目名稱>國家科學委員會主管</科目名稱>
		<稅課收入>-</稅課收入>
		<罰款及賠償收入>11563</罰款及賠償收入>
		<規費收入>62383</規費收入>
		<財產收入_經>60783</財產收入_經>
		<營業盈餘及事業收入>-</營業盈餘及事業收入>
		<捐獻及贈與收入>-</捐獻及贈與收入>
		<其他收入>49486</其他收入>
		<財產收入_資>-</財產收入_資>
		<合計>184215</合計>
	</Row>
	<Row>
		<款>19</款>
		<科目名稱>原子能委員會主管</科目名稱>
		<稅課收入>-</稅課收入>
		<罰款及賠償收入>1310</罰款及賠償收入>
		<規費收入>270729</規費收入>
		<財產收入_經>2100</財產收入_經>
		<營業盈餘及事業收入>-</營業盈餘及事業收入>
		<捐獻及贈與收入>-</捐獻及贈與收入>
		<其他收入>-</其他收入>
		<財產收入_資>-</財產收入_資>
		<合計>274139</合計>
	</Row>
	<Row>
		<款>20</款>
		<科目名稱>農業委員會主管</科目名稱>
		<稅課收入>-</稅課收入>
		<罰款及賠償收入>56142</罰款及賠償收入>
		<規費收入>341157</規費收入>
		<財產收入_經>172566</財產收入_經>
		<營業盈餘及事業收入>664802</營業盈餘及事業收入>
		<捐獻及贈與收入>-</捐獻及贈與收入>
		<其他收入>352793</其他收入>
		<財產收入_資>-</財產收入_資>
		<合計>1587460</合計>
	</Row>
	<Row>
		<款>21</款>
		<科目名稱>勞工委員會主管</科目名稱>
		<稅課收入>-</稅課收入>
		<罰款及賠償收入>337776</罰款及賠償收入>
		<規費收入>455309</規費收入>
		<財產收入_經>9783</財產收入_經>
		<營業盈餘及事業收入>-</營業盈餘及事業收入>
		<捐獻及贈與收入>-</捐獻及贈與收入>
		<其他收入>10</其他收入>
		<財產收入_資>-</財產收入_資>
		<合計>802878</合計>
	</Row>
	<Row>
		<款>22</款>
		<科目名稱>衛生署主管</科目名稱>
		<稅課收入>-</稅課收入>
		<罰款及賠償收入>19815</罰款及賠償收入>
		<規費收入>448397</規費收入>
		<財產收入_經>1320</財產收入_經>
		<營業盈餘及事業收入>124233</營業盈餘及事業收入>
		<捐獻及贈與收入>-</捐獻及贈與收入>
		<其他收入>20979</其他收入>
		<財產收入_資>-</財產收入_資>
		<合計>614744</合計>
	</Row>
	<Row>
		<款>23</款>
		<科目名稱>環境保護署主管</科目名稱>
		<稅課收入>-</稅課收入>
		<罰款及賠償收入>5800</罰款及賠償收入>
		<規費收入>35794</規費收入>
		<財產收入_經>154</財產收入_經>
		<營業盈餘及事業收入>-</營業盈餘及事業收入>
		<捐獻及贈與收入>-</捐獻及贈與收入>
		<其他收入>62000</其他收入>
		<財產收入_資>-</財產收入_資>
		<合計>103748</合計>
	</Row>
	<Row>
		<款>24</款>
		<科目名稱>海岸巡防署主管</科目名稱>
		<稅課收入>-</稅課收入>
		<罰款及賠償收入>9411</罰款及賠償收入>
		<規費收入>183</規費收入>
		<財產收入_經>3688</財產收入_經>
		<營業盈餘及事業收入>-</營業盈餘及事業收入>
		<捐獻及贈與收入>-</捐獻及贈與收入>
		<其他收入>-</其他收入>
		<財產收入_資>-</財產收入_資>
		<合計>13282</合計>
	</Row>
	<Row>
		<款>25</款>
		<科目名稱>省市地方政府</科目名稱>
		<稅課收入>-</稅課收入>
		<罰款及賠償收入>-</罰款及賠償收入>
		<規費收入>17447</規費收入>
		<財產收入_經>663</財產收入_經>
		<營業盈餘及事業收入>-</營業盈餘及事業收入>
		<捐獻及贈與收入>-</捐獻及贈與收入>
		<其他收入>450</其他收入>
		<財產收入_資>-</財產收入_資>
		<合計>18560</合計>
	</Row>
</Root>