<?xml version="1.0" encoding="UTF-8" standalone="yes"?>
<Root xmlns:xsi="http://www.w3.org/2001/XMLSchema-instance">
	<Row>
		<款>  </款>
		<科目名稱>合          計</科目名稱>
		<本年度預算數>1809667004</本年度預算數>
		<上年度預算數>1711717426</上年度預算數>
		<前年度決算數>1552030777</前年度決算數>
		<本年度與上年度比較>97949578</本年度與上年度比較>
	</Row>
	<Row>
		<款>  </款>
		<科目名稱>(1. 一般政務支出)</科目名稱>
		<本年度預算數>178269819</本年度預算數>
		<上年度預算數>180721924</上年度預算數>
		<前年度決算數>168172530</前年度決算數>
		<本年度與上年度比較>-2452105</本年度與上年度比較>
	</Row>
	<Row>
		<款>1</款>
		<科目名稱>國務支出</科目名稱>
		<本年度預算數>1261596</本年度預算數>
		<上年度預算數>1461198</上年度預算數>
		<前年度決算數>1309972</前年度決算數>
		<本年度與上年度比較>-199602</本年度與上年度比較>
	</Row>
	<Row>
		<款>2</款>
		<科目名稱>行政支出</科目名稱>
		<本年度預算數>7143616</本年度預算數>
		<上年度預算數>6682409</上年度預算數>
		<前年度決算數>6323978</前年度決算數>
		<本年度與上年度比較>461207</本年度與上年度比較>
	</Row>
	<Row>
		<款>3</款>
		<科目名稱>立法支出</科目名稱>
		<本年度預算數>3547244</本年度預算數>
		<上年度預算數>3576631</上年度預算數>
		<前年度決算數>4242209</前年度決算數>
		<本年度與上年度比較>-29387</本年度與上年度比較>
	</Row>
	<Row>
		<款>4</款>
		<科目名稱>司法支出</科目名稱>
		<本年度預算數>44170217</本年度預算數>
		<上年度預算數>43312424</上年度預算數>
		<前年度決算數>40510226</前年度決算數>
		<本年度與上年度比較>857793</本年度與上年度比較>
	</Row>
	<Row>
		<款>5</款>
		<科目名稱>考試支出</科目名稱>
		<本年度預算數>2033634</本年度預算數>
		<上年度預算數>2094236</上年度預算數>
		<前年度決算數>2130329</前年度決算數>
		<本年度與上年度比較>-60602</本年度與上年度比較>
	</Row>
	<Row>
		<款>6</款>
		<科目名稱>監察支出</科目名稱>
		<本年度預算數>2056679</本年度預算數>
		<上年度預算數>2030701</上年度預算數>
		<前年度決算數>2186206</前年度決算數>
		<本年度與上年度比較>25978</本年度與上年度比較>
	</Row>
	<Row>
		<款>7</款>
		<科目名稱>民政支出</科目名稱>
		<本年度預算數>55683005</本年度預算數>
		<上年度預算數>60713089</上年度預算數>
		<前年度決算數>53616111</前年度決算數>
		<本年度與上年度比較>-5030084</本年度與上年度比較>
	</Row>
	<Row>
		<款>8</款>
		<科目名稱>外交支出</科目名稱>
		<本年度預算數>31602883</本年度預算數>
		<上年度預算數>30983074</上年度預算數>
		<前年度決算數>29492733</前年度決算數>
		<本年度與上年度比較>619809</本年度與上年度比較>
	</Row>
	<Row>
		<款>9</款>
		<科目名稱>財務支出</科目名稱>
		<本年度預算數>29524093</本年度預算數>
		<上年度預算數>28628073</上年度預算數>
		<前年度決算數>26989897</前年度決算數>
		<本年度與上年度比較>896020</本年度與上年度比較>
	</Row>
	<Row>
		<款>10</款>
		<科目名稱>邊政支出</科目名稱>
		<本年度預算數>136212</本年度預算數>
		<上年度預算數>132319</上年度預算數>
		<前年度決算數>133682</前年度決算數>
		<本年度與上年度比較>3893</本年度與上年度比較>
	</Row>
	<Row>
		<款>11</款>
		<科目名稱>僑務支出</科目名稱>
		<本年度預算數>1110640</本年度預算數>
		<上年度預算數>1107770</上年度預算數>
		<前年度決算數>1237187</前年度決算數>
		<本年度與上年度比較>2870</本年度與上年度比較>
	</Row>
	<Row>
		<款>  </款>
		<科目名稱>(2. 國防支出)</科目名稱>
		<本年度預算數>308234009</本年度預算數>
		<上年度預算數>325600919</上年度預算數>
		<前年度決算數>256690060</前年度決算數>
		<本年度與上年度比較>-17366910</本年度與上年度比較>
	</Row>
	<Row>
		<款>12</款>
		<科目名稱>國防支出</科目名稱>
		<本年度預算數>308234009</本年度預算數>
		<上年度預算數>325600919</上年度預算數>
		<前年度決算數>256690060</前年度決算數>
		<本年度與上年度比較>-17366910</本年度與上年度比較>
	</Row>
	<Row>
		<款>  </款>
		<科目名稱>(3. 教育科學文化支出)</科目名稱>
		<本年度預算數>341723379</本年度預算數>
		<上年度預算數>316375166</上年度預算數>
		<前年度決算數>303430089</前年度決算數>
		<本年度與上年度比較>25348213</本年度與上年度比較>
	</Row>
	<Row>
		<款>13</款>
		<科目名稱>教育支出</科目名稱>
		<本年度預算數>211638719</本年度預算數>
		<上年度預算數>196681961</上年度預算數>
		<前年度決算數>186408945</前年度決算數>
		<本年度與上年度比較>14956758</本年度與上年度比較>
	</Row>
	<Row>
		<款>14</款>
		<科目名稱>科學支出</科目名稱>
		<本年度預算數>103622188</本年度預算數>
		<上年度預算數>97409874</上年度預算數>
		<前年度決算數>97443365</前年度決算數>
		<本年度與上年度比較>6212314</本年度與上年度比較>
	</Row>
	<Row>
		<款>15</款>
		<科目名稱>文化支出</科目名稱>
		<本年度預算數>26462472</本年度預算數>
		<上年度預算數>22283331</上年度預算數>
		<前年度決算數>19577779</前年度決算數>
		<本年度與上年度比較>4179141</本年度與上年度比較>
	</Row>
	<Row>
		<款>  </款>
		<科目名稱>(4. 經濟發展支出)</科目名稱>
		<本年度預算數>261332033</本年度預算數>
		<上年度預算數>214279470</上年度預算數>
		<前年度決算數>195522916</前年度決算數>
		<本年度與上年度比較>47052563</本年度與上年度比較>
	</Row>
	<Row>
		<款>16</款>
		<科目名稱>農業支出</科目名稱>
		<本年度預算數>79750399</本年度預算數>
		<上年度預算數>71988532</上年度預算數>
		<前年度決算數>65858999</前年度決算數>
		<本年度與上年度比較>7761867</本年度與上年度比較>
	</Row>
	<Row>
		<款>17</款>
		<科目名稱>工業支出</科目名稱>
		<本年度預算數>22596065</本年度預算數>
		<上年度預算數>13561020</上年度預算數>
		<前年度決算數>12087397</前年度決算數>
		<本年度與上年度比較>9035045</本年度與上年度比較>
	</Row>
	<Row>
		<款>18</款>
		<科目名稱>交通支出</科目名稱>
		<本年度預算數>112998838</本年度預算數>
		<上年度預算數>77628150</上年度預算數>
		<前年度決算數>76859329</前年度決算數>
		<本年度與上年度比較>35370688</本年度與上年度比較>
	</Row>
	<Row>
		<款>19</款>
		<科目名稱>其他經濟服務支出</科目名稱>
		<本年度預算數>45986731</本年度預算數>
		<上年度預算數>51101768</上年度預算數>
		<前年度決算數>40717191</前年度決算數>
		<本年度與上年度比較>-5115037</本年度與上年度比較>
	</Row>
	<Row>
		<款>  </款>
		<科目名稱>(5. 社會福利支出)</科目名稱>
		<本年度預算數>324786004</本年度預算數>
		<上年度預算數>298289475</上年度預算數>
		<前年度決算數>291565046</前年度決算數>
		<本年度與上年度比較>26496529</本年度與上年度比較>
	</Row>
	<Row>
		<款>20</款>
		<科目名稱>社會保險支出</科目名稱>
		<本年度預算數>175280576</本年度預算數>
		<上年度預算數>166478708</上年度預算數>
		<前年度決算數>174630345</前年度決算數>
		<本年度與上年度比較>8801868</本年度與上年度比較>
	</Row>
	<Row>
		<款>21</款>
		<科目名稱>社會救助支出</科目名稱>
		<本年度預算數>10009709</本年度預算數>
		<上年度預算數>9757430</上年度預算數>
		<前年度決算數>7522399</前年度決算數>
		<本年度與上年度比較>252279</本年度與上年度比較>
	</Row>
	<Row>
		<款>22</款>
		<科目名稱>福利服務支出</科目名稱>
		<本年度預算數>116894185</本年度預算數>
		<上年度預算數>98607719</上年度預算數>
		<前年度決算數>87590531</前年度決算數>
		<本年度與上年度比較>18286466</本年度與上年度比較>
	</Row>
	<Row>
		<款>23</款>
		<科目名稱>國民就業支出</科目名稱>
		<本年度預算數>1753244</本年度預算數>
		<上年度預算數>1747358</上年度預算數>
		<前年度決算數>1740267</前年度決算數>
		<本年度與上年度比較>5886</本年度與上年度比較>
	</Row>
	<Row>
		<款>24</款>
		<科目名稱>醫療保健支出</科目名稱>
		<本年度預算數>20848290</本年度預算數>
		<上年度預算數>21698260</上年度預算數>
		<前年度決算數>20081505</前年度決算數>
		<本年度與上年度比較>-849970</本年度與上年度比較>
	</Row>
	<Row>
		<款>  </款>
		<科目名稱>(6. 社區發展及環境保護支出)</科目名稱>
		<本年度預算數>22620407</本年度預算數>
		<上年度預算數>13854661</上年度預算數>
		<前年度決算數>16200776</前年度決算數>
		<本年度與上年度比較>8765746</本年度與上年度比較>
	</Row>
	<Row>
		<款>25</款>
		<科目名稱>環境保護支出</科目名稱>
		<本年度預算數>22120407</本年度預算數>
		<上年度預算數>13606005</上年度預算數>
		<前年度決算數>12149153</前年度決算數>
		<本年度與上年度比較>8514402</本年度與上年度比較>
	</Row>
	<Row>
		<款>26</款>
		<科目名稱>社區發展支出</科目名稱>
		<本年度預算數>500000</本年度預算數>
		<上年度預算數>248656</上年度預算數>
		<前年度決算數>4051623</前年度決算數>
		<本年度與上年度比較>251344</本年度與上年度比較>
	</Row>
	<Row>
		<款>  </款>
		<科目名稱>(7. 退休撫卹支出)</科目名稱>
		<本年度預算數>136840571</本年度預算數>
		<上年度預算數>135532787</上年度預算數>
		<前年度決算數>134619464</前年度決算數>
		<本年度與上年度比較>1307784</本年度與上年度比較>
	</Row>
	<Row>
		<款>27</款>
		<科目名稱>退休撫卹給付支出</科目名稱>
		<本年度預算數>136623949</本年度預算數>
		<上年度預算數>135319770</上年度預算數>
		<前年度決算數>134449664</前年度決算數>
		<本年度與上年度比較>1304179</本年度與上年度比較>
	</Row>
	<Row>
		<款>28</款>
		<科目名稱>退休撫卹業務支出</科目名稱>
		<本年度預算數>216622</本年度預算數>
		<上年度預算數>213017</上年度預算數>
		<前年度決算數>169800</前年度決算數>
		<本年度與上年度比較>3605</本年度與上年度比較>
	</Row>
	<Row>
		<款>  </款>
		<科目名稱>(8. 債務支出)</科目名稱>
		<本年度預算數>128472571</本年度預算數>
		<上年度預算數>130496164</上年度預算數>
		<前年度決算數>123996767</前年度決算數>
		<本年度與上年度比較>-2023593</本年度與上年度比較>
	</Row>
	<Row>
		<款>29</款>
		<科目名稱>債務付息支出</科目名稱>
		<本年度預算數>127961185</本年度預算數>
		<上年度預算數>130005958</上年度預算數>
		<前年度決算數>123623560</前年度決算數>
		<本年度與上年度比較>-2044773</本年度與上年度比較>
	</Row>
	<Row>
		<款>30</款>
		<科目名稱>還本付息事務支出</科目名稱>
		<本年度預算數>511386</本年度預算數>
		<上年度預算數>490206</上年度預算數>
		<前年度決算數>373208</前年度決算數>
		<本年度與上年度比較>21180</本年度與上年度比較>
	</Row>
	<Row>
		<款>  </款>
		<科目名稱>(9. 一般補助及其他支出)</科目名稱>
		<本年度預算數>107388211</本年度預算數>
		<上年度預算數>96566860</上年度預算數>
		<前年度決算數>61833127</前年度決算數>
		<本年度與上年度比較>10821351</本年度與上年度比較>
	</Row>
	<Row>
		<款>31</款>
		<科目名稱>專案補助支出</科目名稱>
		<本年度預算數>83896696</本年度預算數>
		<上年度預算數>83031345</上年度預算數>
		<前年度決算數>56772172</前年度決算數>
		<本年度與上年度比較>865351</本年度與上年度比較>
	</Row>
	<Row>
		<款>32</款>
		<科目名稱>平衡預算補助支出</科目名稱>
		<本年度預算數>10000000</本年度預算數>
		<上年度預算數>-</上年度預算數>
		<前年度決算數>-</前年度決算數>
		<本年度與上年度比較>10000000</本年度與上年度比較>
	</Row>
	<Row>
		<款>33</款>
		<科目名稱>其他支出</科目名稱>
		<本年度預算數>5491515</本年度預算數>
		<上年度預算數>5535515</上年度預算數>
		<前年度決算數>5060955</前年度決算數>
		<本年度與上年度比較>-44000</本年度與上年度比較>
	</Row>
	<Row>
		<款>34</款>
		<科目名稱>第二預備金</科目名稱>
		<本年度預算數>8000000</本年度預算數>
		<上年度預算數>8000000</上年度預算數>
		<前年度決算數>-</前年度決算數>
		<本年度與上年度比較>0</本年度與上年度比較>
	</Row>
</Root>