<?xml version="1.0" encoding="UTF-8" standalone="yes"?>
<Root xmlns:xsi="http://www.w3.org/2001/XMLSchema-instance">
	<Row>
		<款>  </款>
		<科目名稱>合          計</科目名稱>
		<本年度預算數>332786554</本年度預算數>
		<上年度預算數>283812716</上年度預算數>
		<前年度決算數>272596218</前年度決算數>
		<本年度與上年度比較>48973838</本年度與上年度比較>
	</Row>
	<Row>
		<款>  </款>
		<科目名稱>(1. 一般政務支出)</科目名稱>
		<本年度預算數>14483028</本年度預算數>
		<上年度預算數>17916031</上年度預算數>
		<前年度決算數>14666600</前年度決算數>
		<本年度與上年度比較>-3433003</本年度與上年度比較>
	</Row>
	<Row>
		<款>1</款>
		<科目名稱>國務支出</科目名稱>
		<本年度預算數>70865</本年度預算數>
		<上年度預算數>171008</上年度預算數>
		<前年度決算數>221033</前年度決算數>
		<本年度與上年度比較>-100143</本年度與上年度比較>
	</Row>
	<Row>
		<款>2</款>
		<科目名稱>行政支出</科目名稱>
		<本年度預算數>1227393</本年度預算數>
		<上年度預算數>1112978</上年度預算數>
		<前年度決算數>809903</前年度決算數>
		<本年度與上年度比較>114415</本年度與上年度比較>
	</Row>
	<Row>
		<款>3</款>
		<科目名稱>立法支出</科目名稱>
		<本年度預算數>272133</本年度預算數>
		<上年度預算數>298634</上年度預算數>
		<前年度決算數>193764</前年度決算數>
		<本年度與上年度比較>-26501</本年度與上年度比較>
	</Row>
	<Row>
		<款>4</款>
		<科目名稱>司法支出</科目名稱>
		<本年度預算數>1782289</本年度預算數>
		<上年度預算數>2396289</上年度預算數>
		<前年度決算數>2776771</前年度決算數>
		<本年度與上年度比較>-614000</本年度與上年度比較>
	</Row>
	<Row>
		<款>5</款>
		<科目名稱>考試支出</科目名稱>
		<本年度預算數>86804</本年度預算數>
		<上年度預算數>201931</上年度預算數>
		<前年度決算數>284060</前年度決算數>
		<本年度與上年度比較>-115127</本年度與上年度比較>
	</Row>
	<Row>
		<款>6</款>
		<科目名稱>監察支出</科目名稱>
		<本年度預算數>88724</本年度預算數>
		<上年度預算數>101080</上年度預算數>
		<前年度決算數>439752</前年度決算數>
		<本年度與上年度比較>-12356</本年度與上年度比較>
	</Row>
	<Row>
		<款>7</款>
		<科目名稱>民政支出</科目名稱>
		<本年度預算數>8726920</本年度預算數>
		<上年度預算數>11983478</上年度預算數>
		<前年度決算數>8029739</前年度決算數>
		<本年度與上年度比較>-3256558</本年度與上年度比較>
	</Row>
	<Row>
		<款>8</款>
		<科目名稱>外交支出</科目名稱>
		<本年度預算數>536425</本年度預算數>
		<上年度預算數>456424</上年度預算數>
		<前年度決算數>377955</前年度決算數>
		<本年度與上年度比較>80001</本年度與上年度比較>
	</Row>
	<Row>
		<款>9</款>
		<科目名稱>財務支出</科目名稱>
		<本年度預算數>1668832</本年度預算數>
		<上年度預算數>1170443</上年度預算數>
		<前年度決算數>1358478</前年度決算數>
		<本年度與上年度比較>498389</本年度與上年度比較>
	</Row>
	<Row>
		<款>10</款>
		<科目名稱>邊政支出</科目名稱>
		<本年度預算數>1356</本年度預算數>
		<上年度預算數>2479</上年度預算數>
		<前年度決算數>1439</前年度決算數>
		<本年度與上年度比較>-1123</本年度與上年度比較>
	</Row>
	<Row>
		<款>11</款>
		<科目名稱>僑務支出</科目名稱>
		<本年度預算數>21287</本年度預算數>
		<上年度預算數>21287</上年度預算數>
		<前年度決算數>173706</前年度決算數>
		<本年度與上年度比較>0</本年度與上年度比較>
	</Row>
	<Row>
		<款>  </款>
		<科目名稱>(2. 國防支出)</科目名稱>
		<本年度預算數>26085252</本年度預算數>
		<上年度預算數>28475852</上年度預算數>
		<前年度決算數>26447982</前年度決算數>
		<本年度與上年度比較>-2390600</本年度與上年度比較>
	</Row>
	<Row>
		<款>12</款>
		<科目名稱>國防支出</科目名稱>
		<本年度預算數>26085252</本年度預算數>
		<上年度預算數>28475852</上年度預算數>
		<前年度決算數>26447982</前年度決算數>
		<本年度與上年度比較>-2390600</本年度與上年度比較>
	</Row>
	<Row>
		<款>  </款>
		<科目名稱>(3. 教育科學文化支出)</科目名稱>
		<本年度預算數>83590180</本年度預算數>
		<上年度預算數>78654349</上年度預算數>
		<前年度決算數>79120304</前年度決算數>
		<本年度與上年度比較>4935831</本年度與上年度比較>
	</Row>
	<Row>
		<款>13</款>
		<科目名稱>教育支出</科目名稱>
		<本年度預算數>32702083</本年度預算數>
		<上年度預算數>31227687</上年度預算數>
		<前年度決算數>30893864</前年度決算數>
		<本年度與上年度比較>1474396</本年度與上年度比較>
	</Row>
	<Row>
		<款>14</款>
		<科目名稱>科學支出</科目名稱>
		<本年度預算數>40398373</本年度預算數>
		<上年度預算數>39633371</上年度預算數>
		<前年度決算數>42017260</前年度決算數>
		<本年度與上年度比較>765002</本年度與上年度比較>
	</Row>
	<Row>
		<款>15</款>
		<科目名稱>文化支出</科目名稱>
		<本年度預算數>10489724</本年度預算數>
		<上年度預算數>7793291</上年度預算數>
		<前年度決算數>6209180</前年度決算數>
		<本年度與上年度比較>2696433</本年度與上年度比較>
	</Row>
	<Row>
		<款>  </款>
		<科目名稱>(4. 經濟發展支出)</科目名稱>
		<本年度預算數>184527236</本年度預算數>
		<上年度預算數>134691622</上年度預算數>
		<前年度決算數>128965053</前年度決算數>
		<本年度與上年度比較>49835614</本年度與上年度比較>
	</Row>
	<Row>
		<款>16</款>
		<科目名稱>農業支出</科目名稱>
		<本年度預算數>37198259</本年度預算數>
		<上年度預算數>31090848</上年度預算數>
		<前年度決算數>29852357</前年度決算數>
		<本年度與上年度比較>6107411</本年度與上年度比較>
	</Row>
	<Row>
		<款>17</款>
		<科目名稱>工業支出</科目名稱>
		<本年度預算數>9883380</本年度預算數>
		<上年度預算數>1918692</上年度預算數>
		<前年度決算數>3311794</前年度決算數>
		<本年度與上年度比較>7964688</本年度與上年度比較>
	</Row>
	<Row>
		<款>18</款>
		<科目名稱>交通支出</科目名稱>
		<本年度預算數>102735672</本年度預算數>
		<上年度預算數>61077237</上年度預算數>
		<前年度決算數>64860583</前年度決算數>
		<本年度與上年度比較>41658435</本年度與上年度比較>
	</Row>
	<Row>
		<款>19</款>
		<科目名稱>其他經濟服務支出</科目名稱>
		<本年度預算數>34709925</本年度預算數>
		<上年度預算數>40604845</上年度預算數>
		<前年度決算數>30940320</前年度決算數>
		<本年度與上年度比較>-5894920</本年度與上年度比較>
	</Row>
	<Row>
		<款>  </款>
		<科目名稱>(5. 社會福利支出)</科目名稱>
		<本年度預算數>2432035</本年度預算數>
		<上年度預算數>3704917</上年度預算數>
		<前年度決算數>3705571</前年度決算數>
		<本年度與上年度比較>-1272882</本年度與上年度比較>
	</Row>
	<Row>
		<款>20</款>
		<科目名稱>社會保險支出</科目名稱>
		<本年度預算數>3387</本年度預算數>
		<上年度預算數>5798</上年度預算數>
		<前年度決算數>22322</前年度決算數>
		<本年度與上年度比較>-2411</本年度與上年度比較>
	</Row>
	<Row>
		<款>21</款>
		<科目名稱>社會救助支出</科目名稱>
		<本年度預算數>9090</本年度預算數>
		<上年度預算數>9090</上年度預算數>
		<前年度決算數>5019</前年度決算數>
		<本年度與上年度比較>0</本年度與上年度比較>
	</Row>
	<Row>
		<款>22</款>
		<科目名稱>福利服務支出</科目名稱>
		<本年度預算數>848014</本年度預算數>
		<上年度預算數>1107318</上年度預算數>
		<前年度決算數>2159040</前年度決算數>
		<本年度與上年度比較>-259304</本年度與上年度比較>
	</Row>
	<Row>
		<款>23</款>
		<科目名稱>國民就業支出</科目名稱>
		<本年度預算數>15809</本年度預算數>
		<上年度預算數>15553</上年度預算數>
		<前年度決算數>16160</前年度決算數>
		<本年度與上年度比較>256</本年度與上年度比較>
	</Row>
	<Row>
		<款>24</款>
		<科目名稱>醫療保健支出</科目名稱>
		<本年度預算數>1555735</本年度預算數>
		<上年度預算數>2567158</上年度預算數>
		<前年度決算數>1503031</前年度決算數>
		<本年度與上年度比較>-1011423</本年度與上年度比較>
	</Row>
	<Row>
		<款>  </款>
		<科目名稱>(6. 社區發展及環境保護支出)</科目名稱>
		<本年度預算數>17162923</本年度預算數>
		<上年度預算數>8864085</上年度預算數>
		<前年度決算數>11765617</前年度決算數>
		<本年度與上年度比較>8298838</本年度與上年度比較>
	</Row>
	<Row>
		<款>25</款>
		<科目名稱>環境保護支出</科目名稱>
		<本年度預算數>16662923</本年度預算數>
		<上年度預算數>8764085</上年度預算數>
		<前年度決算數>7713994</前年度決算數>
		<本年度與上年度比較>7898838</本年度與上年度比較>
	</Row>
	<Row>
		<款>26</款>
		<科目名稱>社區發展支出</科目名稱>
		<本年度預算數>500000</本年度預算數>
		<上年度預算數>100000</上年度預算數>
		<前年度決算數>4051623</前年度決算數>
		<本年度與上年度比較>400000</本年度與上年度比較>
	</Row>
	<Row>
		<款>  </款>
		<科目名稱>(7. 退休撫卹支出)</科目名稱>
		<本年度預算數>5900</本年度預算數>
		<上年度預算數>5860</上年度預算數>
		<前年度決算數>4040</前年度決算數>
		<本年度與上年度比較>40</本年度與上年度比較>
	</Row>
	<Row>
		<款>27</款>
		<科目名稱>退休撫卹給付支出</科目名稱>
		<本年度預算數>-</本年度預算數>
		<上年度預算數>-</上年度預算數>
		<前年度決算數>-</前年度決算數>
		<本年度與上年度比較>-</本年度與上年度比較>
	</Row>
	<Row>
		<款>28</款>
		<科目名稱>退休撫卹業務支出</科目名稱>
		<本年度預算數>5900</本年度預算數>
		<上年度預算數>5860</上年度預算數>
		<前年度決算數>4040</前年度決算數>
		<本年度與上年度比較>40</本年度與上年度比較>
	</Row>
	<Row>
		<款>  </款>
		<科目名稱>(8. 債務支出)</科目名稱>
		<本年度預算數>-</本年度預算數>
		<上年度預算數>-</上年度預算數>
		<前年度決算數>-</前年度決算數>
		<本年度與上年度比較>-</本年度與上年度比較>
	</Row>
	<Row>
		<款>29</款>
		<科目名稱>債務付息支出</科目名稱>
		<本年度預算數>-</本年度預算數>
		<上年度預算數>-</上年度預算數>
		<前年度決算數>-</前年度決算數>
		<本年度與上年度比較>-</本年度與上年度比較>
	</Row>
	<Row>
		<款>30</款>
		<科目名稱>還本付息事務支出</科目名稱>
		<本年度預算數>-</本年度預算數>
		<上年度預算數>-</上年度預算數>
		<前年度決算數>-</前年度決算數>
		<本年度與上年度比較>-</本年度與上年度比較>
	</Row>
	<Row>
		<款>  </款>
		<科目名稱>(9. 一般補助及其他支出)</科目名稱>
		<本年度預算數>4500000</本年度預算數>
		<上年度預算數>11500000</上年度預算數>
		<前年度決算數>7921052</前年度決算數>
		<本年度與上年度比較>-7000000</本年度與上年度比較>
	</Row>
	<Row>
		<款>31</款>
		<科目名稱>專案補助支出</科目名稱>
		<本年度預算數>500000</本年度預算數>
		<上年度預算數>7500000</上年度預算數>
		<前年度決算數>6221052</前年度決算數>
		<本年度與上年度比較>-7000000</本年度與上年度比較>
	</Row>
	<Row>
		<款>32</款>
		<科目名稱>平衡預算補助支出</科目名稱>
		<本年度預算數>-</本年度預算數>
		<上年度預算數>-</上年度預算數>
		<前年度決算數>-</前年度決算數>
		<本年度與上年度比較>-</本年度與上年度比較>
	</Row>
	<Row>
		<款>33</款>
		<科目名稱>其他支出</科目名稱>
		<本年度預算數>1500000</本年度預算數>
		<上年度預算數>1500000</上年度預算數>
		<前年度決算數>1700000</前年度決算數>
		<本年度與上年度比較>0</本年度與上年度比較>
	</Row>
	<Row>
		<款>34</款>
		<科目名稱>第二預備金</科目名稱>
		<本年度預算數>2500000</本年度預算數>
		<上年度預算數>2500000</上年度預算數>
		<前年度決算數>-</前年度決算數>
		<本年度與上年度比較>0</本年度與上年度比較>
	</Row>
</Root>