<?xml version="1.0" encoding="UTF-8" standalone="yes"?>
<Root xmlns:xsi="http://www.w3.org/2001/XMLSchema-instance">
	<Row>
		<款>  </款>
		<項>  </項>
		<目>  </目>
		<科目名稱>合          計</科目名稱>
		<經常門>1631870630</經常門>
		<資本門>41360686</資本門>
		<合計>1673231316</合計>
		<百分比>100</百分比>
	</Row>
	<Row>
		<款>  </款>
		<項>  </項>
		<目>  </目>
		<科目名稱>(1. 稅課及專賣收入)</科目名稱>
		<經常門>1267135000</經常門>
		<資本門>0</資本門>
		<合計>1267135000</合計>
		<百分比>75.729816</百分比>
	</Row>
	<Row>
		<款>1</款>
		<項>  </項>
		<目>  </目>
		<科目名稱>稅課收入</科目名稱>
		<經常門>1267135000</經常門>
		<資本門>0</資本門>
		<合計>1267135000</合計>
		<百分比>75.729816</百分比>
	</Row>
	<Row>
		<款>1</款>
		<項>  </項>
		<目>1</目>
		<科目名稱>所得稅</科目名稱>
		<經常門>719974000</經常門>
		<資本門>0</資本門>
		<合計>719974000</合計>
		<百分比>43.028958</百分比>
	</Row>
	<Row>
		<款>1</款>
		<項>  </項>
		<目>2</目>
		<科目名稱>遺產及贈與稅</科目名稱>
		<經常門>6000000</經常門>
		<資本門>0</資本門>
		<合計>6000000</合計>
		<百分比>0.358588</百分比>
	</Row>
	<Row>
		<款>1</款>
		<項>  </項>
		<目>3</目>
		<科目名稱>關稅</科目名稱>
		<經常門>84000000</經常門>
		<資本門>0</資本門>
		<合計>84000000</合計>
		<百分比>5.020226</百分比>
	</Row>
	<Row>
		<款>1</款>
		<項>  </項>
		<目>4</目>
		<科目名稱>貨物稅</科目名稱>
		<經常門>128565000</經常門>
		<資本門>0</資本門>
		<合計>128565000</合計>
		<百分比>7.683636</百分比>
	</Row>
	<Row>
		<款>1</款>
		<項>  </項>
		<目>5</目>
		<科目名稱>證券交易稅</科目名稱>
		<經常門>122000000</經常門>
		<資本門>0</資本門>
		<合計>122000000</合計>
		<百分比>7.291281</百分比>
	</Row>
	<Row>
		<款>1</款>
		<項>  </項>
		<目>6</目>
		<科目名稱>礦區稅</科目名稱>
		<經常門>0</經常門>
		<資本門>0</資本門>
		<合計>0</合計>
		<百分比>0</百分比>
	</Row>
	<Row>
		<款>1</款>
		<項>  </項>
		<目>7</目>
		<科目名稱>期貨交易稅</科目名稱>
		<經常門>5000000</經常門>
		<資本門>0</資本門>
		<合計>5000000</合計>
		<百分比>0.298823</百分比>
	</Row>
	<Row>
		<款>1</款>
		<項>  </項>
		<目>8</目>
		<科目名稱>菸酒稅</科目名稱>
		<經常門>43000000</經常門>
		<資本門>0</資本門>
		<合計>43000000</合計>
		<百分比>2.569878</百分比>
	</Row>
	<Row>
		<款>1</款>
		<項>  </項>
		<目>9</目>
		<科目名稱>營業稅</科目名稱>
		<經常門>158596000</經常門>
		<資本門>0</資本門>
		<合計>158596000</合計>
		<百分比>9.478426</百分比>
	</Row>
	<Row>
		<款>  </款>
		<項>  </項>
		<目>  </目>
		<科目名稱>(3. 規費及罰款收入)</科目名稱>
		<經常門>81614885</經常門>
		<資本門>0</資本門>
		<合計>81614885</合計>
		<百分比>4.877681</百分比>
	</Row>
	<Row>
		<款>2</款>
		<項>  </項>
		<目>  </目>
		<科目名稱>罰款及賠償收入</科目名稱>
		<經常門>22355765</經常門>
		<資本門>0</資本門>
		<合計>22355765</合計>
		<百分比>1.336083</百分比>
	</Row>
	<Row>
		<款>2</款>
		<項>  </項>
		<目>1</目>
		<科目名稱>罰金罰鍰及怠金</科目名稱>
		<經常門>20927807</經常門>
		<資本門>0</資本門>
		<合計>20927807</合計>
		<百分比>1.250742</百分比>
	</Row>
	<Row>
		<款>2</款>
		<項>  </項>
		<目>2</目>
		<科目名稱>沒入及沒收財物</科目名稱>
		<經常門>710961</經常門>
		<資本門>0</資本門>
		<合計>710961</合計>
		<百分比>0.04249</百分比>
	</Row>
	<Row>
		<款>2</款>
		<項>  </項>
		<目>3</目>
		<科目名稱>賠償收入</科目名稱>
		<經常門>716997</經常門>
		<資本門>0</資本門>
		<合計>716997</合計>
		<百分比>0.042851</百分比>
	</Row>
	<Row>
		<款>3</款>
		<項>  </項>
		<目>  </目>
		<科目名稱>規費收入</科目名稱>
		<經常門>59259120</經常門>
		<資本門>0</資本門>
		<合計>59259120</合計>
		<百分比>3.541598</百分比>
	</Row>
	<Row>
		<款>3</款>
		<項>  </項>
		<目>1</目>
		<科目名稱>行政規費收入</科目名稱>
		<經常門>20909278</經常門>
		<資本門>0</資本門>
		<合計>20909278</合計>
		<百分比>1.249635</百分比>
	</Row>
	<Row>
		<款>3</款>
		<項>  </項>
		<目>2</目>
		<科目名稱>司法規費收入</科目名稱>
		<經常門>7782477</經常門>
		<資本門>0</資本門>
		<合計>7782477</合計>
		<百分比>0.465117</百分比>
	</Row>
	<Row>
		<款>3</款>
		<項>  </項>
		<目>3</目>
		<科目名稱>使用規費收入</科目名稱>
		<經常門>30567365</經常門>
		<資本門>0</資本門>
		<合計>30567365</合計>
		<百分比>1.826846</百分比>
	</Row>
	<Row>
		<款>  </款>
		<項>  </項>
		<目>  </目>
		<科目名稱>(4. 財產收入)</科目名稱>
		<經常門>10146897</經常門>
		<資本門>41360686</資本門>
		<合計>51507583</合計>
		<百分比>3.07833</百分比>
	</Row>
	<Row>
		<款>4</款>
		<項>  </項>
		<目>  </目>
		<科目名稱>財產收入</科目名稱>
		<經常門>10146897</經常門>
		<資本門>41360686</資本門>
		<合計>51507583</合計>
		<百分比>3.07833</百分比>
	</Row>
	<Row>
		<款>4</款>
		<項>  </項>
		<目>1</目>
		<科目名稱>財產孳息</科目名稱>
		<經常門>9797818</經常門>
		<資本門>0</資本門>
		<合計>9797818</合計>
		<百分比>0.585563</百分比>
	</Row>
	<Row>
		<款>4</款>
		<項>  </項>
		<目>2</目>
		<科目名稱>財產售價</科目名稱>
		<經常門>0</經常門>
		<資本門>34374771</資本門>
		<合計>34374771</合計>
		<百分比>2.054394</百分比>
	</Row>
	<Row>
		<款>4</款>
		<項>  </項>
		<目>3</目>
		<科目名稱>財產作價</科目名稱>
		<經常門>0</經常門>
		<資本門>7</資本門>
		<合計>7</合計>
		<百分比>0</百分比>
	</Row>
	<Row>
		<款>4</款>
		<項>  </項>
		<目>4</目>
		<科目名稱>投資收回</科目名稱>
		<經常門>0</經常門>
		<資本門>6985908</資本門>
		<合計>6985908</合計>
		<百分比>0.41751</百分比>
	</Row>
	<Row>
		<款>4</款>
		<項>  </項>
		<目>5</目>
		<科目名稱>廢舊物資售價</科目名稱>
		<經常門>349079</經常門>
		<資本門>0</資本門>
		<合計>349079</合計>
		<百分比>0.020863</百分比>
	</Row>
	<Row>
		<款>  </款>
		<項>  </項>
		<目>  </目>
		<科目名稱>(2. 營業盈餘及事業收入)</科目名稱>
		<經常門>251285983</經常門>
		<資本門>0</資本門>
		<合計>251285983</合計>
		<百分比>15.018006</百分比>
	</Row>
	<Row>
		<款>5</款>
		<項>  </項>
		<目>  </目>
		<科目名稱>營業盈餘及事業收入</科目名稱>
		<經常門>251285983</經常門>
		<資本門>0</資本門>
		<合計>251285983</合計>
		<百分比>15.018006</百分比>
	</Row>
	<Row>
		<款>5</款>
		<項>  </項>
		<目>1</目>
		<科目名稱>營業基金盈餘繳庫</科目名稱>
		<經常門>205009843</經常門>
		<資本門>0</資本門>
		<合計>205009843</合計>
		<百分比>12.252331</百分比>
	</Row>
	<Row>
		<款>5</款>
		<項>  </項>
		<目>2</目>
		<科目名稱>非營業特種基金賸餘繳庫</科目名稱>
		<經常門>17630439</經常門>
		<資本門>0</資本門>
		<合計>17630439</合計>
		<百分比>1.053676</百分比>
	</Row>
	<Row>
		<款>5</款>
		<項>  </項>
		<目>3</目>
		<科目名稱>投資收益</科目名稱>
		<經常門>28645701</經常門>
		<資本門>0</資本門>
		<合計>28645701</合計>
		<百分比>1.711999</百分比>
	</Row>
	<Row>
		<款>  </款>
		<項>  </項>
		<目>  </目>
		<科目名稱>(5. 其他收入)</科目名稱>
		<經常門>21687865</經常門>
		<資本門>0</資本門>
		<合計>21687865</合計>
		<百分比>1.296167</百分比>
	</Row>
	<Row>
		<款>6</款>
		<項>  </項>
		<目>  </目>
		<科目名稱>捐獻及贈與收入</科目名稱>
		<經常門>20</經常門>
		<資本門>0</資本門>
		<合計>20</合計>
		<百分比>0.000001</百分比>
	</Row>
	<Row>
		<款>6</款>
		<項>  </項>
		<目>1</目>
		<科目名稱>捐獻收入</科目名稱>
		<經常門>20</經常門>
		<資本門>0</資本門>
		<合計>20</合計>
		<百分比>0.000001</百分比>
	</Row>
	<Row>
		<款>7</款>
		<項>  </項>
		<目>  </目>
		<科目名稱>其他收入</科目名稱>
		<經常門>21687845</經常門>
		<資本門>0</資本門>
		<合計>21687845</合計>
		<百分比>1.296165</百分比>
	</Row>
	<Row>
		<款>7</款>
		<項>  </項>
		<目>1</目>
		<科目名稱>學雜費收入</科目名稱>
		<經常門>1878992</經常門>
		<資本門>0</資本門>
		<合計>1878992</合計>
		<百分比>0.112297</百分比>
	</Row>
	<Row>
		<款>7</款>
		<項>  </項>
		<目>2</目>
		<科目名稱>雜項收入</科目名稱>
		<經常門>19808853</經常門>
		<資本門>0</資本門>
		<合計>19808853</合計>
		<百分比>1.183868</百分比>
	</Row>
</Root>