<?xml version="1.0" encoding="UTF-8" standalone="yes"?>
<Root xmlns:xsi="http://www.w3.org/2001/XMLSchema-instance">
	<Row>
		<項目>一、歲入合計金額</項目>
		<中央政府_金額>1673231</中央政府_金額>
		<中央政府_百分比>100</中央政府_百分比>
		<台北市政府_金額>124108</台北市政府_金額>
		<台北市政府_百分比>100</台北市政府_百分比>
		<高雄市政府_金額>44181</高雄市政府_金額>
		<高雄市政府_百分比>100</高雄市政府_百分比>
		<各縣市政府_金額>480749</各縣市政府_金額>
		<各縣市政府_百分比>100</各縣市政府_百分比>
		<合計_金額>2322269</合計_金額>
		<合計_百分比>100</合計_百分比>
	</Row>
	<Row>
		<項目>1.稅課及專賣收入</項目>
		<中央政府_金額>1267135</中央政府_金額>
		<中央政府_百分比>75.6</中央政府_百分比>
		<台北市政府_金額>100632</台北市政府_金額>
		<台北市政府_百分比>81.1</台北市政府_百分比>
		<高雄市政府_金額>34054</高雄市政府_金額>
		<高雄市政府_百分比>77.1</高雄市政府_百分比>
		<各縣市政府_金額>334006</各縣市政府_金額>
		<各縣市政府_百分比>69.5</各縣市政府_百分比>
		<合計_金額>1735827</合計_金額>
		<合計_百分比>74.7</合計_百分比>
	</Row>
	<Row>
		<項目>2.營業盈餘及事業收入</項目>
		<中央政府_金額>251286</中央政府_金額>
		<中央政府_百分比>15.1</中央政府_百分比>
		<台北市政府_金額>4799</台北市政府_金額>
		<台北市政府_百分比>3.9</台北市政府_百分比>
		<高雄市政府_金額>537</高雄市政府_金額>
		<高雄市政府_百分比>1.2</高雄市政府_百分比>
		<各縣市政府_金額>8839</各縣市政府_金額>
		<各縣市政府_百分比>1.8</各縣市政府_百分比>
		<合計_金額>265461</合計_金額>
		<合計_百分比>11.5</合計_百分比>
	</Row>
	<Row>
		<項目>3.規費及罰鍰收入</項目>
		<中央政府_金額>81615</中央政府_金額>
		<中央政府_百分比>4.9</中央政府_百分比>
		<台北市政府_金額>15684</台北市政府_金額>
		<台北市政府_百分比>12.6</台北市政府_百分比>
		<高雄市政府_金額>6538</高雄市政府_金額>
		<高雄市政府_百分比>14.8</高雄市政府_百分比>
		<各縣市政府_金額>39998</各縣市政府_金額>
		<各縣市政府_百分比>8.3</各縣市政府_百分比>
		<合計_金額>143835</合計_金額>
		<合計_百分比>6.2</合計_百分比>
	</Row>
	<Row>
		<項目>4.財產收入</項目>
		<中央政府_金額>51507</中央政府_金額>
		<中央政府_百分比>3.1</中央政府_百分比>
		<台北市政府_金額>2211</台北市政府_金額>
		<台北市政府_百分比>1.8</台北市政府_百分比>
		<高雄市政府_金額>1950</高雄市政府_金額>
		<高雄市政府_百分比>4.4</高雄市政府_百分比>
		<各縣市政府_金額>15300</各縣市政府_金額>
		<各縣市政府_百分比>3.2</各縣市政府_百分比>
		<合計_金額>70968</合計_金額>
		<合計_百分比>3</合計_百分比>
	</Row>
	<Row>
		<項目>5.其他收入</項目>
		<中央政府_金額>21688</中央政府_金額>
		<中央政府_百分比>1.3</中央政府_百分比>
		<台北市政府_金額>782</台北市政府_金額>
		<台北市政府_百分比>0.6</台北市政府_百分比>
		<高雄市政府_金額>1102</高雄市政府_金額>
		<高雄市政府_百分比>2.5</高雄市政府_百分比>
		<各縣市政府_金額>82606</各縣市政府_金額>
		<各縣市政府_百分比>17.2</各縣市政府_百分比>
		<合計_金額>106178</合計_金額>
		<合計_百分比>4.6</合計_百分比>
	</Row>
	<Row>
		<項目>二、歲出合計金額</項目>
		<中央政府_金額>1583354</中央政府_金額>
		<中央政府_百分比>100</中央政府_百分比>
		<台北市政府_金額>169098</台北市政府_金額>
		<台北市政府_百分比>100</台北市政府_百分比>
		<高雄市政府_金額>84587</高雄市政府_金額>
		<高雄市政府_百分比>100</高雄市政府_百分比>
		<各縣市政府_金額>773929</各縣市政府_金額>
		<各縣市政府_百分比>99.97</各縣市政府_百分比>
		<合計_金額>2610968</合計_金額>
		<合計_百分比>100</合計_百分比>
	</Row>
	<Row>
		<項目>1.一般政務支出</項目>
		<中央政府_金額>170971</中央政府_金額>
		<中央政府_百分比>10.8</中央政府_百分比>
		<台北市政府_金額>23939</台北市政府_金額>
		<台北市政府_百分比>14.2</台北市政府_百分比>
		<高雄市政府_金額>12806</高雄市政府_金額>
		<高雄市政府_百分比>15.1</高雄市政府_百分比>
		<各縣市政府_金額>168480</各縣市政府_金額>
		<各縣市政府_百分比>21.77</各縣市政府_百分比>
		<合計_金額>376196</合計_金額>
		<合計_百分比>14.3</合計_百分比>
	</Row>
	<Row>
		<項目>2.國防支出</項目>
		<中央政府_金額>308234</中央政府_金額>
		<中央政府_百分比>19.5</中央政府_百分比>
		<台北市政府_金額>0</台北市政府_金額>
		<台北市政府_百分比>0</台北市政府_百分比>
		<高雄市政府_金額>0</高雄市政府_金額>
		<高雄市政府_百分比>0</高雄市政府_百分比>
		<各縣市政府_金額>0</各縣市政府_金額>
		<各縣市政府_百分比>0</各縣市政府_百分比>
		<合計_金額>308234</合計_金額>
		<合計_百分比>11.8</合計_百分比>
	</Row>
	<Row>
		<項目>3.教育科學文化支出</項目>
		<中央政府_金額>263999</中央政府_金額>
		<中央政府_百分比>16.7</中央政府_百分比>
		<台北市政府_金額>55931</台北市政府_金額>
		<台北市政府_百分比>33.1</台北市政府_百分比>
		<高雄市政府_金額>21529</高雄市政府_金額>
		<高雄市政府_百分比>25.4</高雄市政府_百分比>
		<各縣市政府_金額>228733</各縣市政府_金額>
		<各縣市政府_百分比>29.5</各縣市政府_百分比>
		<合計_金額>570192</合計_金額>
		<合計_百分比>21.8</合計_百分比>
	</Row>
	<Row>
		<項目>4.經濟發展支出</項目>
		<中央政府_金額>275687</中央政府_金額>
		<中央政府_百分比>17.4</中央政府_百分比>
		<台北市政府_金額>41563</台北市政府_金額>
		<台北市政府_百分比>24.6</台北市政府_百分比>
		<高雄市政府_金額>17561</高雄市政府_金額>
		<高雄市政府_百分比>20.8</高雄市政府_百分比>
		<各縣市政府_金額>128812</各縣市政府_金額>
		<各縣市政府_百分比>16.6</各縣市政府_百分比>
		<合計_金額>463623</合計_金額>
		<合計_百分比>17.8</合計_百分比>
	</Row>
	<Row>
		<項目>5.社會福利支出</項目>
		<中央政府_金額>278903</中央政府_金額>
		<中央政府_百分比>17.6</中央政府_百分比>
		<台北市政府_金額>24535</台北市政府_金額>
		<台北市政府_百分比>14.5</台北市政府_百分比>
		<高雄市政府_金額>11990</高雄市政府_金額>
		<高雄市政府_百分比>14.2</高雄市政府_百分比>
		<各縣市政府_金額>98888</各縣市政府_金額>
		<各縣市政府_百分比>12.8</各縣市政府_百分比>
		<合計_金額>414316</合計_金額>
		<合計_百分比>15.9</合計_百分比>
	</Row>
	<Row>
		<項目>6.社區發展及環境保護支出</項目>
		<中央政府_金額>5556</中央政府_金額>
		<中央政府_百分比>0.4</中央政府_百分比>
		<台北市政府_金額>11419</台北市政府_金額>
		<台北市政府_百分比>6.7</台北市政府_百分比>
		<高雄市政府_金額>8366</高雄市政府_金額>
		<高雄市政府_百分比>9.9</高雄市政府_百分比>
		<各縣市政府_金額>46559</各縣市政府_金額>
		<各縣市政府_百分比>6</各縣市政府_百分比>
		<合計_金額>71900</合計_金額>
		<合計_百分比>2.8</合計_百分比>
	</Row>
	<Row>
		<項目>7.退休撫卹支出</項目>
		<中央政府_金額>136841</中央政府_金額>
		<中央政府_百分比>8.6</中央政府_百分比>
		<台北市政府_金額>4978</台北市政府_金額>
		<台北市政府_百分比>2.9</台北市政府_百分比>
		<高雄市政府_金額>7078</高雄市政府_金額>
		<高雄市政府_百分比>8.4</高雄市政府_百分比>
		<各縣市政府_金額>69394</各縣市政府_金額>
		<各縣市政府_百分比>9</各縣市政府_百分比>
		<合計_金額>218291</合計_金額>
		<合計_百分比>8.4</合計_百分比>
	</Row>
	<Row>
		<項目>8.債務支出</項目>
		<中央政府_金額>128473</中央政府_金額>
		<中央政府_百分比>8.1</中央政府_百分比>
		<台北市政府_金額>4883</台北市政府_金額>
		<台北市政府_百分比>2.9</台北市政府_百分比>
		<高雄市政府_金額>3698</高雄市政府_金額>
		<高雄市政府_百分比>4.4</高雄市政府_百分比>
		<各縣市政府_金額>12412</各縣市政府_金額>
		<各縣市政府_百分比>1.6</各縣市政府_百分比>
		<合計_金額>149466</合計_金額>
		<合計_百分比>5.7</合計_百分比>
	</Row>
	<Row>
		<項目>9.一般補助及其他支出</項目>
		<中央政府_金額>14690</中央政府_金額>
		<中央政府_百分比>0.9</中央政府_百分比>
		<台北市政府_金額>1850</台北市政府_金額>
		<台北市政府_百分比>1.1</台北市政府_百分比>
		<高雄市政府_金額>1559</高雄市政府_金額>
		<高雄市政府_百分比>1.8</高雄市政府_百分比>
		<各縣市政府_金額>20651</各縣市政府_金額>
		<各縣市政府_百分比>2.7</各縣市政府_百分比>
		<合計_金額>38750</合計_金額>
		<合計_百分比>1.5</合計_百分比>
	</Row>
	<Row>
		<項目>三、歲入歲出餘絀</項目>
		<中央政府_金額>89877</中央政府_金額>
		<台北市政府_金額>-44990</台北市政府_金額>
		<高雄市政府_金額>-40406</高雄市政府_金額>
		<各縣市政府_金額>-293180</各縣市政府_金額>
		<合計_金額>-288699</合計_金額>
	</Row>
</Root>