<?xml version="1.0" encoding="UTF-8" standalone="yes"?>
<Root xmlns:xsi="http://www.w3.org/2001/XMLSchema-instance">
	<Row>
		<款>  </款>
		<科目名稱>合              計</科目名稱>
		<職員>102233</職員>
		<警察>10677</警察>
		<法警>1774</法警>
		<駐警>880</駐警>
		<工友>6332</工友>
		<技工>6678</技工>
		<駕駛>3215</駕駛>
		<聘用>4397</聘用>
		<約僱>5391</約僱>
		<駐外雇員>729</駐外雇員>
		<合計>142306</合計>
	</Row>
	<Row>
		<款>1</款>
		<科目名稱>總統府主管</科目名稱>
		<職員>2049</職員>
		<警察>-</警察>
		<法警>-</法警>
		<駐警>28</駐警>
		<工友>136</工友>
		<技工>93</技工>
		<駕駛>87</駕駛>
		<聘用>84</聘用>
		<約僱>18</約僱>
		<駐外雇員>-</駐外雇員>
		<合計>2495</合計>
	</Row>
	<Row>
		<款>2</款>
		<科目名稱>行政院主管</科目名稱>
		<職員>5576</職員>
		<警察>-</警察>
		<法警>-</法警>
		<駐警>86</駐警>
		<工友>399</工友>
		<技工>253</技工>
		<駕駛>259</駕駛>
		<聘用>549</聘用>
		<約僱>371</約僱>
		<駐外雇員>17</駐外雇員>
		<合計>7510</合計>
	</Row>
	<Row>
		<款>3</款>
		<科目名稱>立法院主管</科目名稱>
		<職員>528</職員>
		<警察>-</警察>
		<法警>-</法警>
		<駐警>31</駐警>
		<工友>97</工友>
		<技工>226</技工>
		<駕駛>69</駕駛>
		<聘用>79</聘用>
		<約僱>27</約僱>
		<駐外雇員>-</駐外雇員>
		<合計>1057</合計>
	</Row>
	<Row>
		<款>4</款>
		<科目名稱>司法院主管</科目名稱>
		<職員>8802</職員>
		<警察>-</警察>
		<法警>1158</法警>
		<駐警>9</駐警>
		<工友>451</工友>
		<技工>83</技工>
		<駕駛>568</駕駛>
		<聘用>1559</聘用>
		<約僱>68</約僱>
		<駐外雇員>-</駐外雇員>
		<合計>12698</合計>
	</Row>
	<Row>
		<款>5</款>
		<科目名稱>考試院主管</科目名稱>
		<職員>859</職員>
		<警察>-</警察>
		<法警>-</法警>
		<駐警>33</駐警>
		<工友>68</工友>
		<技工>25</技工>
		<駕駛>53</駕駛>
		<聘用>16</聘用>
		<約僱>22</約僱>
		<駐外雇員>-</駐外雇員>
		<合計>1076</合計>
	</Row>
	<Row>
		<款>6</款>
		<科目名稱>監察院主管</科目名稱>
		<職員>1180</職員>
		<警察>-</警察>
		<法警>-</法警>
		<駐警>27</駐警>
		<工友>106</工友>
		<技工>55</技工>
		<駕駛>72</駕駛>
		<聘用>90</聘用>
		<約僱>15</約僱>
		<駐外雇員>-</駐外雇員>
		<合計>1545</合計>
	</Row>
	<Row>
		<款>7</款>
		<科目名稱>內政部主管</科目名稱>
		<職員>7146</職員>
		<警察>10670</警察>
		<法警>-</法警>
		<駐警>12</駐警>
		<工友>942</工友>
		<技工>704</技工>
		<駕駛>316</駕駛>
		<聘用>468</聘用>
		<約僱>978</約僱>
		<駐外雇員>-</駐外雇員>
		<合計>21236</合計>
	</Row>
	<Row>
		<款>8</款>
		<科目名稱>外交部主管</科目名稱>
		<職員>1956</職員>
		<警察>-</警察>
		<法警>-</法警>
		<駐警>20</駐警>
		<工友>40</工友>
		<技工>12</技工>
		<駕駛>52</駕駛>
		<聘用>80</聘用>
		<約僱>94</約僱>
		<駐外雇員>712</駐外雇員>
		<合計>2966</合計>
	</Row>
	<Row>
		<款>9</款>
		<科目名稱>國防部主管</科目名稱>
		<職員>282</職員>
		<警察>-</警察>
		<法警>-</法警>
		<駐警>-</駐警>
		<工友>2</工友>
		<技工>3</技工>
		<駕駛>-</駕駛>
		<聘用>-</聘用>
		<約僱>-</約僱>
		<駐外雇員>-</駐外雇員>
		<合計>287</合計>
	</Row>
	<Row>
		<款>10</款>
		<科目名稱>財政部主管</科目名稱>
		<職員>12433</職員>
		<警察>-</警察>
		<法警>-</法警>
		<駐警>16</駐警>
		<工友>520</工友>
		<技工>449</技工>
		<駕駛>308</駕駛>
		<聘用>98</聘用>
		<約僱>1980</約僱>
		<駐外雇員>-</駐外雇員>
		<合計>15804</合計>
	</Row>
	<Row>
		<款>11</款>
		<科目名稱>教育部主管</科目名稱>
		<職員>13798</職員>
		<警察>-</警察>
		<法警>-</法警>
		<駐警>140</駐警>
		<工友>717</工友>
		<技工>621</技工>
		<駕駛>48</駕駛>
		<聘用>139</聘用>
		<約僱>207</約僱>
		<駐外雇員>-</駐外雇員>
		<合計>15670</合計>
	</Row>
	<Row>
		<款>12</款>
		<科目名稱>法務部主管</科目名稱>
		<職員>15824</職員>
		<警察>-</警察>
		<法警>616</法警>
		<駐警>199</駐警>
		<工友>464</工友>
		<技工>120</技工>
		<駕駛>594</駕駛>
		<聘用>18</聘用>
		<約僱>22</約僱>
		<駐外雇員>-</駐外雇員>
		<合計>17857</合計>
	</Row>
	<Row>
		<款>13</款>
		<科目名稱>經濟部主管</科目名稱>
		<職員>4800</職員>
		<警察>7</警察>
		<法警>-</法警>
		<駐警>98</駐警>
		<工友>313</工友>
		<技工>345</技工>
		<駕駛>170</駕駛>
		<聘用>362</聘用>
		<約僱>261</約僱>
		<駐外雇員>-</駐外雇員>
		<合計>6356</合計>
	</Row>
	<Row>
		<款>14</款>
		<科目名稱>交通部主管</科目名稱>
		<職員>7369</職員>
		<警察>-</警察>
		<法警>-</法警>
		<駐警>46</駐警>
		<工友>349</工友>
		<技工>139</技工>
		<駕駛>133</駕駛>
		<聘用>160</聘用>
		<約僱>915</約僱>
		<駐外雇員>-</駐外雇員>
		<合計>9111</合計>
	</Row>
	<Row>
		<款>15</款>
		<科目名稱>蒙藏委員會主管</科目名稱>
		<職員>60</職員>
		<警察>-</警察>
		<法警>-</法警>
		<駐警>1</駐警>
		<工友>3</工友>
		<技工>2</技工>
		<駕駛>2</駕駛>
		<聘用>3</聘用>
		<約僱>-</約僱>
		<駐外雇員>-</駐外雇員>
		<合計>71</合計>
	</Row>
	<Row>
		<款>16</款>
		<科目名稱>僑務委員會主管</科目名稱>
		<職員>240</職員>
		<警察>-</警察>
		<法警>-</法警>
		<駐警>-</駐警>
		<工友>11</工友>
		<技工>4</技工>
		<駕駛>5</駕駛>
		<聘用>8</聘用>
		<約僱>5</約僱>
		<駐外雇員>-</駐外雇員>
		<合計>273</合計>
	</Row>
	<Row>
		<款>17</款>
		<科目名稱>國軍退除役官兵輔導委員會主管</科目名稱>
		<職員>1654</職員>
		<警察>-</警察>
		<法警>-</法警>
		<駐警>93</駐警>
		<工友>928</工友>
		<技工>334</技工>
		<駕駛>-</駕駛>
		<聘用>7</聘用>
		<約僱>22</約僱>
		<駐外雇員>-</駐外雇員>
		<合計>3038</合計>
	</Row>
	<Row>
		<款>18</款>
		<科目名稱>國家科學委員會主管</科目名稱>
		<職員>912</職員>
		<警察>-</警察>
		<法警>-</法警>
		<駐警>7</駐警>
		<工友>47</工友>
		<技工>28</技工>
		<駕駛>13</駕駛>
		<聘用>171</聘用>
		<約僱>10</約僱>
		<駐外雇員>-</駐外雇員>
		<合計>1188</合計>
	</Row>
	<Row>
		<款>19</款>
		<科目名稱>原子能委員會主管</科目名稱>
		<職員>1151</職員>
		<警察>-</警察>
		<法警>-</法警>
		<駐警>-</駐警>
		<工友>51</工友>
		<技工>30</技工>
		<駕駛>26</駕駛>
		<聘用>56</聘用>
		<約僱>3</約僱>
		<駐外雇員>-</駐外雇員>
		<合計>1317</合計>
	</Row>
	<Row>
		<款>20</款>
		<科目名稱>農業委員會主管</科目名稱>
		<職員>4584</職員>
		<警察>-</警察>
		<法警>-</法警>
		<駐警>9</駐警>
		<工友>372</工友>
		<技工>2688</技工>
		<駕駛>226</駕駛>
		<聘用>178</聘用>
		<約僱>225</約僱>
		<駐外雇員>-</駐外雇員>
		<合計>8282</合計>
	</Row>
	<Row>
		<款>21</款>
		<科目名稱>勞工委員會主管</科目名稱>
		<職員>1418</職員>
		<警察>-</警察>
		<法警>-</法警>
		<駐警>-</駐警>
		<工友>104</工友>
		<技工>76</技工>
		<駕駛>47</駕駛>
		<聘用>88</聘用>
		<約僱>39</約僱>
		<駐外雇員>-</駐外雇員>
		<合計>1772</合計>
	</Row>
	<Row>
		<款>22</款>
		<科目名稱>衛生署主管</科目名稱>
		<職員>2025</職員>
		<警察>-</警察>
		<法警>-</法警>
		<駐警>11</駐警>
		<工友>80</工友>
		<技工>49</技工>
		<駕駛>80</駕駛>
		<聘用>54</聘用>
		<約僱>29</約僱>
		<駐外雇員>-</駐外雇員>
		<合計>2328</合計>
	</Row>
	<Row>
		<款>23</款>
		<科目名稱>環境保護署主管</科目名稱>
		<職員>681</職員>
		<警察>-</警察>
		<法警>-</法警>
		<駐警>14</駐警>
		<工友>34</工友>
		<技工>39</技工>
		<駕駛>45</駕駛>
		<聘用>106</聘用>
		<約僱>2</約僱>
		<駐外雇員>-</駐外雇員>
		<合計>921</合計>
	</Row>
	<Row>
		<款>24</款>
		<科目名稱>海岸巡防署主管</科目名稱>
		<職員>6730</職員>
		<警察>-</警察>
		<法警>-</法警>
		<駐警>-</駐警>
		<工友>20</工友>
		<技工>230</技工>
		<駕駛>5</駕駛>
		<聘用>22</聘用>
		<約僱>62</約僱>
		<駐外雇員>-</駐外雇員>
		<合計>7069</合計>
	</Row>
	<Row>
		<款>25</款>
		<科目名稱>省市地方政府</科目名稱>
		<職員>176</職員>
		<警察>-</警察>
		<法警>-</法警>
		<駐警>-</駐警>
		<工友>78</工友>
		<技工>70</技工>
		<駕駛>37</駕駛>
		<聘用>2</聘用>
		<約僱>16</約僱>
		<駐外雇員>-</駐外雇員>
		<合計>379</合計>
	</Row>
</Root>