<?xml version="1.0" encoding="UTF-8" standalone="yes"?>
<Root xmlns:xsi="http://www.w3.org/2001/XMLSchema-instance">
	<Row>
		<項目>一、經  常  門</項目>
		<本年度預算數>  </本年度預算數>
		<百分比>  </百分比>
		<上年度預算數>  </上年度預算數>
		<百分比2>  </百分比2>
		<前年度預算數>  </前年度預算數>
		<百分比3>  </百分比3>
		<本年度與上年度比較>  </本年度與上年度比較>
		<增加率>  </增加率>
	</Row>
	<Row>
		<項目>(一)歲　　入</項目>
		<本年度預算數>1631870630</本年度預算數>
		<百分比>100</百分比>
		<上年度預算數>1582521606</上年度預算數>
		<百分比2>100</百分比2>
		<前年度預算數>1592283976</前年度預算數>
		<百分比3>100</百分比3>
		<本年度與上年度比較>49349024</本年度與上年度比較>
		<增加率>3.1</增加率>
	</Row>
	<Row>
		<項目>1.直接稅收入</項目>
		<本年度預算數>852974000</本年度預算數>
		<百分比>52.3</百分比>
		<上年度預算數>808732973</上年度預算數>
		<百分比2>51.1</百分比2>
		<前年度預算數>801738570</前年度預算數>
		<百分比3>50.4</百分比3>
		<本年度與上年度比較>44241027</本年度與上年度比較>
		<增加率>5.5</增加率>
	</Row>
	<Row>
		<項目>2.間接稅收入</項目>
		<本年度預算數>414161000</本年度預算數>
		<百分比>25.4</百分比>
		<上年度預算數>420528000</上年度預算數>
		<百分比2>26.6</百分比2>
		<前年度預算數>406959936</前年度預算數>
		<百分比3>25.6</百分比3>
		<本年度與上年度比較>-6367000</本年度與上年度比較>
		<增加率>-1.5</增加率>
	</Row>
	<Row>
		<項目>3.賦稅外收入</項目>
		<本年度預算數>364735630</本年度預算數>
		<百分比>22.4</百分比>
		<上年度預算數>353260633</上年度預算數>
		<百分比2>22.3</百分比2>
		<前年度預算數>383585471</前年度預算數>
		<百分比3>24.1</百分比3>
		<本年度與上年度比較>11474997</本年度與上年度比較>
		<增加率>3.2</增加率>
	</Row>
	<Row>
		<項目>(二)歲　　出</項目>
		<本年度預算數>1476880450</本年度預算數>
		<百分比>100</百分比>
		<上年度預算數>1427904710</上年度預算數>
		<百分比2>100</百分比2>
		<前年度預算數>1279434558</前年度預算數>
		<百分比3>100</百分比3>
		<本年度與上年度比較>48975740</本年度與上年度比較>
		<增加率>3.4</增加率>
	</Row>
	<Row>
		<項目>1.一般經常支出</項目>
		<本年度預算數>1339355065</本年度預算數>
		<百分比>90.7</百分比>
		<上年度預算數>1289472495</上年度預算數>
		<百分比2>90.3</百分比2>
		<前年度預算數>1155437791</前年度預算數>
		<百分比3>90.3</百分比3>
		<本年度與上年度比較>49882570</本年度與上年度比較>
		<增加率>3.9</增加率>
	</Row>
	<Row>
		<項目>2.債務利息及事務支出</項目>
		<本年度預算數>128472571</本年度預算數>
		<百分比>8.7</百分比>
		<上年度預算數>130496164</上年度預算數>
		<百分比2>9.1</百分比2>
		<前年度預算數>123996767</前年度預算數>
		<百分比3>9.7</百分比3>
		<本年度與上年度比較>-2023593</本年度與上年度比較>
		<增加率>-1.6</增加率>
	</Row>
	<Row>
		<項目>3.預備金</項目>
		<本年度預算數>9052814</本年度預算數>
		<百分比>0.6</百分比>
		<上年度預算數>7936051</上年度預算數>
		<百分比2>0.6</百分比2>
		<前年度預算數>-</前年度預算數>
		<百分比3>-</百分比3>
		<本年度與上年度比較>1116763</本年度與上年度比較>
		<增加率>14.1</增加率>
	</Row>
	<Row>
		<項目>(三)經常門賸餘</項目>
		<本年度預算數>154990180</本年度預算數>
		<百分比>9.5</百分比>
		<上年度預算數>154616896</上年度預算數>
		<百分比2>9.8</百分比2>
		<前年度預算數>312849418</前年度預算數>
		<百分比3>19.6</百分比3>
		<本年度與上年度比較>373284</本年度與上年度比較>
		<增加率>0.2</增加率>
	</Row>
	<Row>
		<項目>二、資  本  門</項目>
		<本年度預算數>  </本年度預算數>
		<百分比>  </百分比>
		<上年度預算數>  </上年度預算數>
		<百分比2>  </百分比2>
		<前年度預算數>  </前年度預算數>
		<百分比3>  </百分比3>
		<本年度與上年度比較>  </本年度與上年度比較>
		<增加率>  </增加率>
	</Row>
	<Row>
		<項目>(一)歲　　入</項目>
		<本年度預算數>41360686</本年度預算數>
		<百分比>100</百分比>
		<上年度預算數>37775683</上年度預算數>
		<百分比2>100</百分比2>
		<前年度預算數>43177642</前年度預算數>
		<百分比3>100</百分比3>
		<本年度與上年度比較>3585003</本年度與上年度比較>
		<增加率>9.5</增加率>
	</Row>
	<Row>
		<項目>1.減少資產</項目>
		<本年度預算數>34374778</本年度預算數>
		<百分比>83.1</百分比>
		<上年度預算數>34754029</上年度預算數>
		<百分比2>92</百分比2>
		<前年度預算數>36852870</前年度預算數>
		<百分比3>85.4</百分比3>
		<本年度與上年度比較>-379251</本年度與上年度比較>
		<增加率>-1.1</增加率>
	</Row>
	<Row>
		<項目>2.收回投資</項目>
		<本年度預算數>6985908</本年度預算數>
		<百分比>16.9</百分比>
		<上年度預算數>3021654</上年度預算數>
		<百分比2>8</百分比2>
		<前年度預算數>6324771</前年度預算數>
		<百分比3>14.6</百分比3>
		<本年度與上年度比較>3964254</本年度與上年度比較>
		<增加率>131.2</增加率>
	</Row>
	<Row>
		<項目>(二)歲　　出</項目>
		<本年度預算數>332786554</本年度預算數>
		<百分比>100</百分比>
		<上年度預算數>283812716</上年度預算數>
		<百分比2>100</百分比2>
		<前年度預算數>272596218</前年度預算數>
		<百分比3>100</百分比3>
		<本年度與上年度比較>48973838</本年度與上年度比較>
		<增加率>17.3</增加率>
	</Row>
	<Row>
		<項目>1.增置擴充改良資產</項目>
		<本年度預算數>277701011</本年度預算數>
		<百分比>83.4</百分比>
		<上年度預算數>229144957</上年度預算數>
		<百分比2>80.7</百分比2>
		<前年度預算數>213124395</前年度預算數>
		<百分比3>78.2</百分比3>
		<本年度與上年度比較>48556054</本年度與上年度比較>
		<增加率>21.2</增加率>
	</Row>
	<Row>
		<項目>2.增加投資</項目>
		<本年度預算數>51085543</本年度預算數>
		<百分比>15.4</百分比>
		<上年度預算數>50667759</上年度預算數>
		<百分比2>17.9</百分比2>
		<前年度預算數>57771823</前年度預算數>
		<百分比3>21.2</百分比3>
		<本年度與上年度比較>417784</本年度與上年度比較>
		<增加率>0.8</增加率>
	</Row>
	<Row>
		<項目>3.預備金</項目>
		<本年度預算數>4000000</本年度預算數>
		<百分比>1.2</百分比>
		<上年度預算數>4000000</上年度預算數>
		<百分比2>1.4</百分比2>
		<前年度預算數>1700000</前年度預算數>
		<百分比3>0.6</百分比3>
		<本年度與上年度比較>0</本年度與上年度比較>
		<增加率>0</增加率>
	</Row>
	<Row>
		<項目>(三)資本門差短</項目>
		<本年度預算數>291425868</本年度預算數>
		<百分比>704.6</百分比>
		<上年度預算數>246037033</上年度預算數>
		<百分比2>651.3</百分比2>
		<前年度預算數>229418577</前年度預算數>
		<百分比3>531.3</百分比3>
		<本年度與上年度比較>45388835</本年度與上年度比較>
		<增加率>18.4</增加率>
	</Row>
	<Row>
		<項目>三、歲  入  歲  出  餘  絀</項目>
		<本年度預算數>-136435688</本年度預算數>
		<百分比>-</百分比>
		<上年度預算數>-91420137</上年度預算數>
		<百分比2>-</百分比2>
		<前年度預算數>83430841</前年度預算數>
		<百分比3>-</百分比3>
		<本年度與上年度比較>-45015551</本年度與上年度比較>
		<增加率>49.2</增加率>
	</Row>
</Root>