<?xml version="1.0" encoding="UTF-8" standalone="yes"?>
<Root xmlns:xsi="http://www.w3.org/2001/XMLSchema-instance">
	<Row>
		<摘要>甲、決算審定累計賸餘數</摘要>
		<餘絀數_合計>(餘)99832</餘絀數_合計>
		<說明>1.中央政府自39年度至96年度共編總決算58次，其中39、40、41、42、43年上半年、43、45、49、50、51、52、70、71、72、73、75、80、81、82、83、85、86、91、92、94等25個年度共計虧絀2,724億1,691萬元。44、46、47、53至69、74、76至79、84、87、88、88年下半年及89、90、93、95、96等33個年度共計賸餘6,142億2,140萬元，兩抵計賸餘3,418億0,449萬元，連同歷年決算調整減少數1,006億8,000萬元，及轉入台灣省88年度結餘數87億9,600萬元，合共賸餘2,499億2,049萬元。</說明>
	</Row>
	<Row>
		<摘要>一、自39年度至96年度止審計部審定總決算數</摘要>
		<餘絀數_小計>(餘)249920</餘絀數_小計>
	</Row>
	<Row>
		<摘要>(一)歷年度賸餘數</摘要>
		<餘絀數_小計>(餘)614221</餘絀數_小計>
	</Row>
	<Row>
		<摘要>(二)歷年度虧絀數</摘要>
		<餘絀數_小計>(絀)272417</餘絀數_小計>
	</Row>
	<Row>
		<摘要>(三)歷年度調整餘絀數</摘要>
		<餘絀數_小計>(絀)100680</餘絀數_小計>
	</Row>
	<Row>
		<摘要>(四)轉入臺灣省88年度結餘數</摘要>
		<餘絀數_小計>(餘)8796</餘絀數_小計>
	</Row>
	<Row>
		<摘要>二、轉入38年度結餘數</摘要>
		<說明>2.轉入38年度結餘數3,300萬元，係38年度現金結存數。</說明>
		<餘絀數_小計>(餘)33</餘絀數_小計>
	</Row>
	<Row>
		<摘要>三、審計部審定特別決算移用數</摘要>
		<說明>3.特別決算審定移用數1,501億2,100萬元計包括：（1）62年度國防整備特別決算移用數20億元，（2）62年度至64年度加速農村建設重要措施特別決算移用數19億元，（3）64年度糧食平準基金特別決算移用數30億元，（4）60至68年度興建臺灣區南北高速公路特別決算移用數176億3,500萬元（計第一期52億4,000萬元，第二期47億7,400萬元，第三期34億0,900萬元及第四期42億1,200萬元），（5）69年度加強國防整備特別決算移用數225億元，（6）79至81年度興建臺灣北部區域第二高速公路第二期工程特別決算移用數44億0,600萬元，（7）80至81年度戰士授田憑據處理補償金及其發放作業費特別決算移用數882億元，（8）86至88年度口蹄疫危機處理特別決算移用數104億8,000萬元。</說明>
		<餘絀數_小計>(絀)150121</餘絀數_小計>
	</Row>
	<Row>
		<摘要>乙、總預算編列移用數</摘要>
		<餘絀數_合計>(絀)99467</餘絀數_合計>
	</Row>
	<Row>
		<摘要>一、97年度中央政府總預算預計移用數</摘要>
		<餘絀數_小計>(絀)59420</餘絀數_小計>
	</Row>
	<Row>
		<摘要>二、本年度中央政府總預算預計移用數</摘要>
		<餘絀數_小計>(絀)36436</餘絀數_小計>
	</Row>
	<Row>
		<摘要>三、中央政府石門水庫及其集水區整治計畫第１期特別預算預計移用數</摘要>
		<餘絀數_小計>(絀)3611</餘絀數_小計>
	</Row>
	<Row>
		<摘要>丙、淨餘數</摘要>
		<餘絀數_合計>(餘)365</餘絀數_合計>
	</Row>
</Root>