<?xml version="1.0" encoding="UTF-8" standalone="yes"?>
<Root xmlns:xsi="http://www.w3.org/2001/XMLSchema-instance">
	<Row>
		<款>  </款>
		<項>  </項>
		<目>  </目>
		<科目名稱>合          計</科目名稱>
		<本年度預算數>1631870630</本年度預算數>
		<上年度預算數>1582521606</上年度預算數>
		<前年度決算數>1592283976</前年度決算數>
		<本年度與上年度比較>49349024</本年度與上年度比較>
	</Row>
	<Row>
		<款>  </款>
		<項>  </項>
		<目>  </目>
		<科目名稱>(1. 稅課及專賣收入)</科目名稱>
		<本年度預算數>1267135000</本年度預算數>
		<上年度預算數>1229260973</上年度預算數>
		<前年度決算數>1208698505</前年度決算數>
		<本年度與上年度比較>37874027</本年度與上年度比較>
	</Row>
	<Row>
		<款>1</款>
		<項>  </項>
		<目>  </目>
		<科目名稱>稅課收入</科目名稱>
		<本年度預算數>1267135000</本年度預算數>
		<上年度預算數>1229260973</上年度預算數>
		<前年度決算數>1208698505</前年度決算數>
		<本年度與上年度比較>37874027</本年度與上年度比較>
	</Row>
	<Row>
		<款>1</款>
		<項>  </項>
		<目>1</目>
		<科目名稱>所得稅</科目名稱>
		<本年度預算數>719974000</本年度預算數>
		<上年度預算數>676857973</上年度預算數>
		<前年度決算數>657143834</前年度決算數>
		<本年度與上年度比較>43116027</本年度與上年度比較>
	</Row>
	<Row>
		<款>1</款>
		<項>  </項>
		<目>2</目>
		<科目名稱>遺產及贈與稅</科目名稱>
		<本年度預算數>6000000</本年度預算數>
		<上年度預算數>5500000</上年度預算數>
		<前年度決算數>9941996</前年度決算數>
		<本年度與上年度比較>500000</本年度與上年度比較>
	</Row>
	<Row>
		<款>1</款>
		<項>  </項>
		<目>3</目>
		<科目名稱>關稅</科目名稱>
		<本年度預算數>84000000</本年度預算數>
		<上年度預算數>83500000</上年度預算數>
		<前年度決算數>81859070</前年度決算數>
		<本年度與上年度比較>500000</本年度與上年度比較>
	</Row>
	<Row>
		<款>1</款>
		<項>  </項>
		<目>4</目>
		<科目名稱>貨物稅</科目名稱>
		<本年度預算數>128565000</本年度預算數>
		<上年度預算數>136346000</上年度預算數>
		<前年度決算數>134133050</前年度決算數>
		<本年度與上年度比較>-7781000</本年度與上年度比較>
	</Row>
	<Row>
		<款>1</款>
		<項>  </項>
		<目>5</目>
		<科目名稱>證券交易稅</科目名稱>
		<本年度預算數>122000000</本年度預算數>
		<上年度預算數>121700000</上年度預算數>
		<前年度決算數>128894627</前年度決算數>
		<本年度與上年度比較>300000</本年度與上年度比較>
	</Row>
	<Row>
		<款>1</款>
		<項>  </項>
		<目>6</目>
		<科目名稱>礦區稅</科目名稱>
		<本年度預算數>-</本年度預算數>
		<上年度預算數>-</上年度預算數>
		<前年度決算數>279</前年度決算數>
		<本年度與上年度比較>-</本年度與上年度比較>
	</Row>
	<Row>
		<款>1</款>
		<項>  </項>
		<目>7</目>
		<科目名稱>期貨交易稅</科目名稱>
		<本年度預算數>5000000</本年度預算數>
		<上年度預算數>4675000</上年度預算數>
		<前年度決算數>5757834</前年度決算數>
		<本年度與上年度比較>325000</本年度與上年度比較>
	</Row>
	<Row>
		<款>1</款>
		<項>  </項>
		<目>8</目>
		<科目名稱>菸酒稅</科目名稱>
		<本年度預算數>43000000</本年度預算數>
		<上年度預算數>42700000</上年度預算數>
		<前年度決算數>40332151</前年度決算數>
		<本年度與上年度比較>300000</本年度與上年度比較>
	</Row>
	<Row>
		<款>1</款>
		<項>  </項>
		<目>9</目>
		<科目名稱>營業稅</科目名稱>
		<本年度預算數>158596000</本年度預算數>
		<上年度預算數>157982000</上年度預算數>
		<前年度決算數>150635664</前年度決算數>
		<本年度與上年度比較>614000</本年度與上年度比較>
	</Row>
	<Row>
		<款>  </款>
		<項>  </項>
		<目>  </目>
		<科目名稱>(3. 規費及罰款收入)</科目名稱>
		<本年度預算數>81614885</本年度預算數>
		<上年度預算數>80742407</上年度預算數>
		<前年度決算數>81096789</前年度決算數>
		<本年度與上年度比較>872478</本年度與上年度比較>
	</Row>
	<Row>
		<款>2</款>
		<項>  </項>
		<目>  </目>
		<科目名稱>罰款及賠償收入</科目名稱>
		<本年度預算數>22355765</本年度預算數>
		<上年度預算數>21670647</上年度預算數>
		<前年度決算數>23562296</前年度決算數>
		<本年度與上年度比較>685118</本年度與上年度比較>
	</Row>
	<Row>
		<款>2</款>
		<項>  </項>
		<目>1</目>
		<科目名稱>罰金罰鍰及怠金</科目名稱>
		<本年度預算數>20927807</本年度預算數>
		<上年度預算數>20461186</上年度預算數>
		<前年度決算數>21378696</前年度決算數>
		<本年度與上年度比較>466621</本年度與上年度比較>
	</Row>
	<Row>
		<款>2</款>
		<項>  </項>
		<目>2</目>
		<科目名稱>沒入及沒收財物</科目名稱>
		<本年度預算數>710961</本年度預算數>
		<上年度預算數>611579</上年度預算數>
		<前年度決算數>881553</前年度決算數>
		<本年度與上年度比較>99382</本年度與上年度比較>
	</Row>
	<Row>
		<款>2</款>
		<項>  </項>
		<目>3</目>
		<科目名稱>賠償收入</科目名稱>
		<本年度預算數>716997</本年度預算數>
		<上年度預算數>597882</上年度預算數>
		<前年度決算數>1302048</前年度決算數>
		<本年度與上年度比較>119115</本年度與上年度比較>
	</Row>
	<Row>
		<款>3</款>
		<項>  </項>
		<目>  </目>
		<科目名稱>規費收入</科目名稱>
		<本年度預算數>59259120</本年度預算數>
		<上年度預算數>59071760</上年度預算數>
		<前年度決算數>57534493</前年度決算數>
		<本年度與上年度比較>187360</本年度與上年度比較>
	</Row>
	<Row>
		<款>3</款>
		<項>  </項>
		<目>1</目>
		<科目名稱>行政規費收入</科目名稱>
		<本年度預算數>20909278</本年度預算數>
		<上年度預算數>19866535</上年度預算數>
		<前年度決算數>19680194</前年度決算數>
		<本年度與上年度比較>1042743</本年度與上年度比較>
	</Row>
	<Row>
		<款>3</款>
		<項>  </項>
		<目>2</目>
		<科目名稱>司法規費收入</科目名稱>
		<本年度預算數>7782477</本年度預算數>
		<上年度預算數>7908307</上年度預算數>
		<前年度決算數>7569271</前年度決算數>
		<本年度與上年度比較>-125830</本年度與上年度比較>
	</Row>
	<Row>
		<款>3</款>
		<項>  </項>
		<目>3</目>
		<科目名稱>使用規費收入</科目名稱>
		<本年度預算數>30567365</本年度預算數>
		<上年度預算數>31296918</上年度預算數>
		<前年度決算數>30285028</前年度決算數>
		<本年度與上年度比較>-729553</本年度與上年度比較>
	</Row>
	<Row>
		<款>  </款>
		<項>  </項>
		<目>  </目>
		<科目名稱>(4. 財產收入)</科目名稱>
		<本年度預算數>10146897</本年度預算數>
		<上年度預算數>8297503</上年度預算數>
		<前年度決算數>8116699</前年度決算數>
		<本年度與上年度比較>1849394</本年度與上年度比較>
	</Row>
	<Row>
		<款>4</款>
		<項>  </項>
		<目>  </目>
		<科目名稱>財產收入</科目名稱>
		<本年度預算數>10146897</本年度預算數>
		<上年度預算數>8297503</上年度預算數>
		<前年度決算數>8116699</前年度決算數>
		<本年度與上年度比較>1849394</本年度與上年度比較>
	</Row>
	<Row>
		<款>4</款>
		<項>  </項>
		<目>1</目>
		<科目名稱>財產孳息</科目名稱>
		<本年度預算數>9797818</本年度預算數>
		<上年度預算數>8035281</上年度預算數>
		<前年度決算數>7652393</前年度決算數>
		<本年度與上年度比較>1762537</本年度與上年度比較>
	</Row>
	<Row>
		<款>4</款>
		<項>  </項>
		<目>2</目>
		<科目名稱>財產售價</科目名稱>
		<本年度預算數>-</本年度預算數>
		<上年度預算數>-</上年度預算數>
		<前年度決算數>-</前年度決算數>
		<本年度與上年度比較>-</本年度與上年度比較>
	</Row>
	<Row>
		<款>4</款>
		<項>  </項>
		<目>3</目>
		<科目名稱>財產作價</科目名稱>
		<本年度預算數>-</本年度預算數>
		<上年度預算數>-</上年度預算數>
		<前年度決算數>-</前年度決算數>
		<本年度與上年度比較>-</本年度與上年度比較>
	</Row>
	<Row>
		<款>4</款>
		<項>  </項>
		<目>4</目>
		<科目名稱>投資收回</科目名稱>
		<本年度預算數>-</本年度預算數>
		<上年度預算數>-</上年度預算數>
		<前年度決算數>-</前年度決算數>
		<本年度與上年度比較>-</本年度與上年度比較>
	</Row>
	<Row>
		<款>4</款>
		<項>  </項>
		<目>5</目>
		<科目名稱>廢舊物資售價</科目名稱>
		<本年度預算數>349079</本年度預算數>
		<上年度預算數>262222</上年度預算數>
		<前年度決算數>464306</前年度決算數>
		<本年度與上年度比較>86857</本年度與上年度比較>
	</Row>
	<Row>
		<款>  </款>
		<項>  </項>
		<目>  </目>
		<科目名稱>(2. 營業盈餘及事業收入)</科目名稱>
		<本年度預算數>251285983</本年度預算數>
		<上年度預算數>244195329</上年度預算數>
		<前年度決算數>271467217</前年度決算數>
		<本年度與上年度比較>7090654</本年度與上年度比較>
	</Row>
	<Row>
		<款>5</款>
		<項>  </項>
		<目>  </目>
		<科目名稱>營業盈餘及事業收入</科目名稱>
		<本年度預算數>251285983</本年度預算數>
		<上年度預算數>244195329</上年度預算數>
		<前年度決算數>271467217</前年度決算數>
		<本年度與上年度比較>7090654</本年度與上年度比較>
	</Row>
	<Row>
		<款>5</款>
		<項>  </項>
		<目>1</目>
		<科目名稱>營業基金盈餘繳庫</科目名稱>
		<本年度預算數>205009843</本年度預算數>
		<上年度預算數>191395286</上年度預算數>
		<前年度決算數>225505113</前年度決算數>
		<本年度與上年度比較>13614557</本年度與上年度比較>
	</Row>
	<Row>
		<款>5</款>
		<項>  </項>
		<目>2</目>
		<科目名稱>非營業特種基金賸餘繳庫</科目名稱>
		<本年度預算數>17630439</本年度預算數>
		<上年度預算數>23271436</上年度預算數>
		<前年度決算數>19847017</前年度決算數>
		<本年度與上年度比較>-5640997</本年度與上年度比較>
	</Row>
	<Row>
		<款>5</款>
		<項>  </項>
		<目>3</目>
		<科目名稱>投資收益</科目名稱>
		<本年度預算數>28645701</本年度預算數>
		<上年度預算數>29528607</上年度預算數>
		<前年度決算數>26115087</前年度決算數>
		<本年度與上年度比較>-882906</本年度與上年度比較>
	</Row>
	<Row>
		<款>  </款>
		<項>  </項>
		<目>  </目>
		<科目名稱>(5. 其他收入)</科目名稱>
		<本年度預算數>21687865</本年度預算數>
		<上年度預算數>20025394</上年度預算數>
		<前年度決算數>22904765</前年度決算數>
		<本年度與上年度比較>1662471</本年度與上年度比較>
	</Row>
	<Row>
		<款>6</款>
		<項>  </項>
		<目>  </目>
		<科目名稱>捐獻及贈與收入</科目名稱>
		<本年度預算數>20</本年度預算數>
		<上年度預算數>20</上年度預算數>
		<前年度決算數>44</前年度決算數>
		<本年度與上年度比較>-</本年度與上年度比較>
	</Row>
	<Row>
		<款>6</款>
		<項>  </項>
		<目>1</目>
		<科目名稱>捐獻收入</科目名稱>
		<本年度預算數>20</本年度預算數>
		<上年度預算數>20</上年度預算數>
		<前年度決算數>44</前年度決算數>
		<本年度與上年度比較>-</本年度與上年度比較>
	</Row>
	<Row>
		<款>7</款>
		<項>  </項>
		<目>  </目>
		<科目名稱>其他收入</科目名稱>
		<本年度預算數>21687845</本年度預算數>
		<上年度預算數>20025374</上年度預算數>
		<前年度決算數>22904721</前年度決算數>
		<本年度與上年度比較>1662471</本年度與上年度比較>
	</Row>
	<Row>
		<款>7</款>
		<項>  </項>
		<目>1</目>
		<科目名稱>學雜費收入</科目名稱>
		<本年度預算數>1878992</本年度預算數>
		<上年度預算數>3544243</上年度預算數>
		<前年度決算數>3617688</前年度決算數>
		<本年度與上年度比較>-1665251</本年度與上年度比較>
	</Row>
	<Row>
		<款>7</款>
		<項>  </項>
		<目>2</目>
		<科目名稱>雜項收入</科目名稱>
		<本年度預算數>19808853</本年度預算數>
		<上年度預算數>16481131</上年度預算數>
		<前年度決算數>19287033</前年度決算數>
		<本年度與上年度比較>3327722</本年度與上年度比較>
	</Row>
</Root>