<?xml version="1.0" encoding="UTF-8"?>
<tables>
    <BCTDBUDGETDETAIL>
        <BCTDBUDGETDETAIL_row>
            <ba_fiscalyear>104</ba_fiscalyear>
            <ba_fundkind>1</ba_fundkind>
            <ba_budgetkind>1</ba_budgetkind>
            <ba_specialbudgetno/>
            <ba_agenno>23017024</ba_agenno>
            <ba_agentype>C</ba_agentype>
            <ba_budgetstate>2</ba_budgetstate>
            <ba_versiondate/>
            <ba_budgetyear>104</ba_budgetyear>
            <ba_budgetno>04230170301</ba_budgetno>
            <ba_subprojectno/>
            <ba_departno>02</ba_departno>
            <ba_objectno/>
            <ba_budgettype>R</ba_budgettype>
            <ba_budgetsource>1</ba_budgetsource>
            <ba_mergetype>1</ba_mergetype>
            <ba_budgetamt>2000.00</ba_budgetamt>
            <ba_flowflag/>
            <ba_signflag/>
            <ba_signno/>
            <ba_key>11  </ba_key>
        </BCTDBUDGETDETAIL_row>
        <BCTDBUDGETDETAIL_row>
            <ba_fiscalyear>104</ba_fiscalyear>
            <ba_fundkind>1</ba_fundkind>
            <ba_budgetkind>1</ba_budgetkind>
            <ba_specialbudgetno/>
            <ba_agenno>23017024</ba_agenno>
            <ba_agentype>C</ba_agentype>
            <ba_budgetstate>2</ba_budgetstate>
            <ba_versiondate/>
            <ba_budgetyear>104</ba_budgetyear>
            <ba_budgetno>07230170600</ba_budgetno>
            <ba_subprojectno/>
            <ba_departno>02</ba_departno>
            <ba_objectno/>
            <ba_budgettype>R</ba_budgettype>
            <ba_budgetsource>1</ba_budgetsource>
            <ba_mergetype>1</ba_mergetype>
            <ba_budgetamt>12000.00</ba_budgetamt>
            <ba_flowflag/>
            <ba_signflag/>
            <ba_signno/>
            <ba_key>11  </ba_key>
        </BCTDBUDGETDETAIL_row>
        <BCTDBUDGETDETAIL_row>
            <ba_fiscalyear>104</ba_fiscalyear>
            <ba_fundkind>1</ba_fundkind>
            <ba_budgetkind>1</ba_budgetkind>
            <ba_specialbudgetno/>
            <ba_agenno>23017024</ba_agenno>
            <ba_agentype>C</ba_agentype>
            <ba_budgetstate>2</ba_budgetstate>
            <ba_versiondate/>
            <ba_budgetyear>104</ba_budgetyear>
            <ba_budgetno>11230170909</ba_budgetno>
            <ba_subprojectno/>
            <ba_departno>02</ba_departno>
            <ba_objectno/>
            <ba_budgettype>R</ba_budgettype>
            <ba_budgetsource>1</ba_budgetsource>
            <ba_mergetype>1</ba_mergetype>
            <ba_budgetamt>58000.00</ba_budgetamt>
            <ba_flowflag/>
            <ba_signflag/>
            <ba_signno/>
            <ba_key>11  </ba_key>
        </BCTDBUDGETDETAIL_row>
    </BCTDBUDGETDETAIL>
    <BCTDMEMO>
        <BCTDMEMO_row>
            <bc_fiscalyear>104</bc_fiscalyear>
            <bc_fundkind>1</bc_fundkind>
            <bc_budgetkind>1</bc_budgetkind>
            <bc_specialbudgetno/>
            <bc_agenno>23017024</bc_agenno>
            <bc_agentype>C</bc_agentype>
            <bc_budgetstate>2</bc_budgetstate>
            <bc_reportno>BCME3430</bc_reportno>
            <bc_key>0423017030102xxxxxxxR1x0</bc_key>
            <bc_versiondate/>
            <bc_content>本年度預算數係違約罰款收入。</bc_content>
        </BCTDMEMO_row>
        <BCTDMEMO_row>
            <bc_fiscalyear>104</bc_fiscalyear>
            <bc_fundkind>1</bc_fundkind>
            <bc_budgetkind>1</bc_budgetkind>
            <bc_specialbudgetno/>
            <bc_agenno>23017024</bc_agenno>
            <bc_agentype>C</bc_agentype>
            <bc_budgetstate>2</bc_budgetstate>
            <bc_reportno>BCME3430</bc_reportno>
            <bc_key>04230170301xR1x1</bc_key>
            <bc_versiondate/>
            <bc_content>本年度預算數係違約罰款收入。</bc_content>
        </BCTDMEMO_row>
        <BCTDMEMO_row>
            <bc_fiscalyear>104</bc_fiscalyear>
            <bc_fundkind>1</bc_fundkind>
            <bc_budgetkind>1</bc_budgetkind>
            <bc_specialbudgetno/>
            <bc_agenno>23017024</bc_agenno>
            <bc_agentype>C</bc_agentype>
            <bc_budgetstate>2</bc_budgetstate>
            <bc_reportno>BCME3430</bc_reportno>
            <bc_key>04230170301xR1x2</bc_key>
            <bc_versiondate/>
            <bc_content>係依據契約內容規定辦理。</bc_content>
        </BCTDMEMO_row>
        <BCTDMEMO_row>
            <bc_fiscalyear>104</bc_fiscalyear>
            <bc_fundkind>1</bc_fundkind>
            <bc_budgetkind>1</bc_budgetkind>
            <bc_specialbudgetno/>
            <bc_agenno>23017024</bc_agenno>
            <bc_agentype>C</bc_agentype>
            <bc_budgetstate>2</bc_budgetstate>
            <bc_reportno>BCME3430</bc_reportno>
            <bc_key>0723017060002xxxxxxxR1x0</bc_key>
            <bc_versiondate/>
            <bc_content>本年度預算數係出售廢舊物品等收入。</bc_content>
        </BCTDMEMO_row>
        <BCTDMEMO_row>
            <bc_fiscalyear>104</bc_fiscalyear>
            <bc_fundkind>1</bc_fundkind>
            <bc_budgetkind>1</bc_budgetkind>
            <bc_specialbudgetno/>
            <bc_agenno>23017024</bc_agenno>
            <bc_agentype>C</bc_agentype>
            <bc_budgetstate>2</bc_budgetstate>
            <bc_reportno>BCME3430</bc_reportno>
            <bc_key>07230170600xR1x1</bc_key>
            <bc_versiondate/>
            <bc_content>本年度預算數係出售廢舊物品等收入。</bc_content>
        </BCTDMEMO_row>
        <BCTDMEMO_row>
            <bc_fiscalyear>104</bc_fiscalyear>
            <bc_fundkind>1</bc_fundkind>
            <bc_budgetkind>1</bc_budgetkind>
            <bc_specialbudgetno/>
            <bc_agenno>23017024</bc_agenno>
            <bc_agentype>C</bc_agentype>
            <bc_budgetstate>2</bc_budgetstate>
            <bc_reportno>BCME3430</bc_reportno>
            <bc_key>07230170600xR1x2</bc_key>
            <bc_versiondate/>
            <bc_content>係依據出售國有廢舊財產物品法等及各收入機關奉准報廢財產之變賣及估價作業程序等規定辦理。</bc_content>
        </BCTDMEMO_row>
        <BCTDMEMO_row>
            <bc_fiscalyear>104</bc_fiscalyear>
            <bc_fundkind>1</bc_fundkind>
            <bc_budgetkind>1</bc_budgetkind>
            <bc_specialbudgetno/>
            <bc_agenno>23017024</bc_agenno>
            <bc_agentype>C</bc_agentype>
            <bc_budgetstate>2</bc_budgetstate>
            <bc_reportno>BCME3430</bc_reportno>
            <bc_key>1123017090902xxxxxxxR1x0</bc_key>
            <bc_versiondate/>
            <bc_content>本年度預算數係借用宿舍員工自薪資扣回繳庫數、宿舍管理費等收入。</bc_content>
        </BCTDMEMO_row>
        <BCTDMEMO_row>
            <bc_fiscalyear>104</bc_fiscalyear>
            <bc_fundkind>1</bc_fundkind>
            <bc_budgetkind>1</bc_budgetkind>
            <bc_specialbudgetno/>
            <bc_agenno>23017024</bc_agenno>
            <bc_agentype>C</bc_agentype>
            <bc_budgetstate>2</bc_budgetstate>
            <bc_reportno>BCME3430</bc_reportno>
            <bc_key>11230170909xR1x1</bc_key>
            <bc_versiondate/>
            <bc_content>本年度預算數係借用宿舍員工自薪資扣回繳庫數、宿舍管理費等收入。</bc_content>
        </BCTDMEMO_row>
        <BCTDMEMO_row>
            <bc_fiscalyear>104</bc_fiscalyear>
            <bc_fundkind>1</bc_fundkind>
            <bc_budgetkind>1</bc_budgetkind>
            <bc_specialbudgetno/>
            <bc_agenno>23017024</bc_agenno>
            <bc_agentype>C</bc_agentype>
            <bc_budgetstate>2</bc_budgetstate>
            <bc_reportno>BCME3430</bc_reportno>
            <bc_key>11230170909xR1x2</bc_key>
            <bc_versiondate/>
            <bc_content>&lt;#H1_全國軍公教員工待遇支給要點第4點。&#xd;
&lt;#H1_中央各機關學校職務宿舍之設置管理規定事項第6點。</bc_content>
        </BCTDMEMO_row>
    </BCTDMEMO>
</tables>
