﻿<?xml version="1.0" encoding="UTF-8"?>
<GenericData>
<Header>
<Table Id="FNGXBWORKR" Name="中華民國100年度法定預算債務基金基金來源、用途及餘絀綜計表" Domain="NBA" /> 
<Program Id="NBAGGR010_G"/> 
<Sender Name="行政院主計總處"/>
</Header>

<DataSet>
<ROW>
<項目>基金來源</項目>
<本年度預算數金額>773180558</本年度預算數金額>
<本年度預算數百分比>100</本年度預算數百分比>
<上年度預算數金額>718239658</上年度預算數金額>
<上年度預算數百分比>100</上年度預算數百分比>
<前年度決算數金額>631300902</前年度決算數金額>
<前年度決算數百分比>100</前年度決算數百分比>
<本年度與上年度預算數比較增減金額>54940900</本年度與上年度預算數比較增減金額>
<本年度與上年度預算數比較增減百分比>7.65</本年度與上年度預算數比較增減百分比>
</ROW>
<ROW>
<項目>徵收及依法分配收入</項目>
<本年度預算數金額>0</本年度預算數金額>
<本年度預算數百分比>0</本年度預算數百分比>
<上年度預算數金額>0</上年度預算數金額>
<上年度預算數百分比>0</上年度預算數百分比>
<前年度決算數金額>0</前年度決算數金額>
<前年度決算數百分比>0</前年度決算數百分比>
<本年度與上年度預算數比較增減金額>0</本年度與上年度預算數比較增減金額>
<本年度與上年度預算數比較增減百分比>0</本年度與上年度預算數比較增減百分比>
</ROW>
<ROW>
<項目>債務收入</項目>
<本年度預算數金額>773175607</本年度預算數金額>
<本年度預算數百分比>100</本年度預算數百分比>
<上年度預算數金額>718234168</上年度預算數金額>
<上年度預算數百分比>100</上年度預算數百分比>
<前年度決算數金額>631286683</前年度決算數金額>
<前年度決算數百分比>100</前年度決算數百分比>
<本年度與上年度預算數比較增減金額>54941439</本年度與上年度預算數比較增減金額>
<本年度與上年度預算數比較增減百分比>7.65</本年度與上年度預算數比較增減百分比>
</ROW>
<ROW>
<項目>勞務收入</項目>
<本年度預算數金額>0</本年度預算數金額>
<本年度預算數百分比>0</本年度預算數百分比>
<上年度預算數金額>0</上年度預算數金額>
<上年度預算數百分比>0</上年度預算數百分比>
<前年度決算數金額>0</前年度決算數金額>
<前年度決算數百分比>0</前年度決算數百分比>
<本年度與上年度預算數比較增減金額>0</本年度與上年度預算數比較增減金額>
<本年度與上年度預算數比較增減百分比>0</本年度與上年度預算數比較增減百分比>
</ROW>
<ROW>
<項目>農政收入</項目>
<本年度預算數金額>0</本年度預算數金額>
<本年度預算數百分比>0</本年度預算數百分比>
<上年度預算數金額>0</上年度預算數金額>
<上年度預算數百分比>0</上年度預算數百分比>
<前年度決算數金額>0</前年度決算數金額>
<前年度決算數百分比>0</前年度決算數百分比>
<本年度與上年度預算數比較增減金額>0</本年度與上年度預算數比較增減金額>
<本年度與上年度預算數比較增減百分比>0</本年度與上年度預算數比較增減百分比>
</ROW>
<ROW>
<項目>財產收入</項目>
<本年度預算數金額>4951</本年度預算數金額>
<本年度預算數百分比>0</本年度預算數百分比>
<上年度預算數金額>5490</上年度預算數金額>
<上年度預算數百分比>0</上年度預算數百分比>
<前年度決算數金額>11145</前年度決算數金額>
<前年度決算數百分比>0</前年度決算數百分比>
<本年度與上年度預算數比較增減金額>-539</本年度與上年度預算數比較增減金額>
<本年度與上年度預算數比較增減百分比>9.82</本年度與上年度預算數比較增減百分比>
</ROW>
<ROW>
<項目>政府撥入收入</項目>
<本年度預算數金額>0</本年度預算數金額>
<本年度預算數百分比>0</本年度預算數百分比>
<上年度預算數金額>0</上年度預算數金額>
<上年度預算數百分比>0</上年度預算數百分比>
<前年度決算數金額>0</前年度決算數金額>
<前年度決算數百分比>0</前年度決算數百分比>
<本年度與上年度預算數比較增減金額>0</本年度與上年度預算數比較增減金額>
<本年度與上年度預算數比較增減百分比>0</本年度與上年度預算數比較增減百分比>
</ROW>
<ROW>
<項目>其他收入</項目>
<本年度預算數金額>0</本年度預算數金額>
<本年度預算數百分比>0</本年度預算數百分比>
<上年度預算數金額>0</上年度預算數金額>
<上年度預算數百分比>0</上年度預算數百分比>
<前年度決算數金額>3074</前年度決算數金額>
<前年度決算數百分比>0</前年度決算數百分比>
<本年度與上年度預算數比較增減金額>0</本年度與上年度預算數比較增減金額>
<本年度與上年度預算數比較增減百分比>0</本年度與上年度預算數比較增減百分比>
</ROW>
<ROW>
<項目>基金用途</項目>
<本年度預算數金額>773175872</本年度預算數金額>
<本年度預算數百分比>100</本年度預算數百分比>
<上年度預算數金額>718234669</上年度預算數金額>
<上年度預算數百分比>100</上年度預算數百分比>
<前年度決算數金額>631288551</前年度決算數金額>
<前年度決算數百分比>100</前年度決算數百分比>
<本年度與上年度預算數比較增減金額>54941203</本年度與上年度預算數比較增減金額>
<本年度與上年度預算數比較增減百分比>7.65</本年度與上年度預算數比較增減百分比>
</ROW>
<ROW>
<項目>還本付息計畫</項目>
<本年度預算數金額>773175607</本年度預算數金額>
<本年度預算數百分比>100</本年度預算數百分比>
<上年度預算數金額>718234168</上年度預算數金額>
<上年度預算數百分比>100</上年度預算數百分比>
<前年度決算數金額>631286683</前年度決算數金額>
<前年度決算數百分比>100</前年度決算數百分比>
<本年度與上年度預算數比較增減金額>54941439</本年度與上年度預算數比較增減金額>
<本年度與上年度預算數比較增減百分比>7.65</本年度與上年度預算數比較增減百分比>
</ROW>
<ROW>
<項目>一般行政管理計畫</項目>
<本年度預算數金額>265</本年度預算數金額>
<本年度預算數百分比>0</本年度預算數百分比>
<上年度預算數金額>501</上年度預算數金額>
<上年度預算數百分比>0</上年度預算數百分比>
<前年度決算數金額>1868</前年度決算數金額>
<前年度決算數百分比>0</前年度決算數百分比>
<本年度與上年度預算數比較增減金額>-236</本年度與上年度預算數比較增減金額>
<本年度與上年度預算數比較增減百分比>47.11</本年度與上年度預算數比較增減百分比>
</ROW>
<ROW>
<項目>解繳國庫計畫</項目>
<本年度預算數金額></本年度預算數金額>
<本年度預算數百分比>0</本年度預算數百分比>
<上年度預算數金額></上年度預算數金額>
<上年度預算數百分比>0</上年度預算數百分比>
<前年度決算數金額></前年度決算數金額>
<前年度決算數百分比>0</前年度決算數百分比>
<本年度與上年度預算數比較增減金額>0</本年度與上年度預算數比較增減金額>
<本年度與上年度預算數比較增減百分比>0</本年度與上年度預算數比較增減百分比>
</ROW>
<ROW>
<項目>本期賸餘（短絀－）</項目>
<本年度預算數金額>4686</本年度預算數金額>
<本年度預算數百分比>0</本年度預算數百分比>
<上年度預算數金額>4989</上年度預算數金額>
<上年度預算數百分比>0</上年度預算數百分比>
<前年度決算數金額>12351</前年度決算數金額>
<前年度決算數百分比>0</前年度決算數百分比>
<本年度與上年度預算數比較增減金額>-303</本年度與上年度預算數比較增減金額>
<本年度與上年度預算數比較增減百分比>6.07</本年度與上年度預算數比較增減百分比>
</ROW>
<ROW>
<項目>期初基金餘額</項目>
<本年度預算數金額>407241</本年度預算數金額>
<本年度預算數百分比></本年度預算數百分比>
<上年度預算數金額>398741</上年度預算數金額>
<上年度預算數百分比></上年度預算數百分比>
<前年度決算數金額>389901</前年度決算數金額>
<前年度決算數百分比></前年度決算數百分比>
<本年度與上年度預算數比較增減金額></本年度與上年度預算數比較增減金額>
<本年度與上年度預算數比較增減百分比></本年度與上年度預算數比較增減百分比>
</ROW>
<ROW>
<項目>期末基金餘額</項目>
<本年度預算數金額>411927</本年度預算數金額>
<本年度預算數百分比></本年度預算數百分比>
<上年度預算數金額>403730</上年度預算數金額>
<上年度預算數百分比></上年度預算數百分比>
<前年度決算數金額>402252</前年度決算數金額>
<前年度決算數百分比></前年度決算數百分比>
<本年度與上年度預算數比較增減金額></本年度與上年度預算數比較增減金額>
<本年度與上年度預算數比較增減百分比></本年度與上年度預算數比較增減百分比>
</ROW>
<ROW>
<備註></備註>
</ROW>
</DataSet>
</GenericData>

