<?xml version="1.0" encoding="UTF-8"?>
<tables>
    <BCTDBUDGETDETAIL>
        <BCTDBUDGETDETAIL_row>
            <ba_fiscalyear>105</ba_fiscalyear>
            <ba_fundkind>1</ba_fundkind>
            <ba_budgetkind>1</ba_budgetkind>
            <ba_specialbudgetno/>
            <ba_agenno>23017035</ba_agenno>
            <ba_agentype>C</ba_agentype>
            <ba_budgetstate>2</ba_budgetstate>
            <ba_versiondate/>
            <ba_budgetyear>105</ba_budgetyear>
            <ba_budgetno>04230170301</ba_budgetno>
            <ba_subprojectno/>
            <ba_departno>02</ba_departno>
            <ba_objectno/>
            <ba_budgettype>R</ba_budgettype>
            <ba_budgetsource>1</ba_budgetsource>
            <ba_mergetype>1</ba_mergetype>
            <ba_budgetamt>24000.00</ba_budgetamt>
            <ba_flowflag/>
            <ba_signflag/>
            <ba_signno/>
            <ba_key>11  </ba_key>
        </BCTDBUDGETDETAIL_row>
        <BCTDBUDGETDETAIL_row>
            <ba_fiscalyear>105</ba_fiscalyear>
            <ba_fundkind>1</ba_fundkind>
            <ba_budgetkind>1</ba_budgetkind>
            <ba_specialbudgetno/>
            <ba_agenno>23017035</ba_agenno>
            <ba_agentype>C</ba_agentype>
            <ba_budgetstate>2</ba_budgetstate>
            <ba_versiondate/>
            <ba_budgetyear>105</ba_budgetyear>
            <ba_budgetno>07230170106</ba_budgetno>
            <ba_subprojectno/>
            <ba_departno>01</ba_departno>
            <ba_objectno/>
            <ba_budgettype>R</ba_budgettype>
            <ba_budgetsource>1</ba_budgetsource>
            <ba_mergetype>1</ba_mergetype>
            <ba_budgetamt>7000.00</ba_budgetamt>
            <ba_flowflag/>
            <ba_signflag/>
            <ba_signno/>
            <ba_key>11  </ba_key>
        </BCTDBUDGETDETAIL_row>
        <BCTDBUDGETDETAIL_row>
            <ba_fiscalyear>105</ba_fiscalyear>
            <ba_fundkind>1</ba_fundkind>
            <ba_budgetkind>1</ba_budgetkind>
            <ba_specialbudgetno/>
            <ba_agenno>23017035</ba_agenno>
            <ba_agentype>C</ba_agentype>
            <ba_budgetstate>2</ba_budgetstate>
            <ba_versiondate/>
            <ba_budgetyear>105</ba_budgetyear>
            <ba_budgetno>11230170909</ba_budgetno>
            <ba_subprojectno/>
            <ba_departno>01</ba_departno>
            <ba_objectno/>
            <ba_budgettype>R</ba_budgettype>
            <ba_budgetsource>1</ba_budgetsource>
            <ba_mergetype>1</ba_mergetype>
            <ba_budgetamt>11158000.00</ba_budgetamt>
            <ba_flowflag/>
            <ba_signflag/>
            <ba_signno/>
            <ba_key>11  </ba_key>
        </BCTDBUDGETDETAIL_row>
    </BCTDBUDGETDETAIL>
    <BCTDMEMO>
        <BCTDMEMO_row>
            <bc_fiscalyear>105</bc_fiscalyear>
            <bc_fundkind>1</bc_fundkind>
            <bc_budgetkind>1</bc_budgetkind>
            <bc_specialbudgetno/>
            <bc_agenno>23017035</bc_agenno>
            <bc_agentype>C</bc_agentype>
            <bc_budgetstate>2</bc_budgetstate>
            <bc_reportno>BCME3430</bc_reportno>
            <bc_key>0423017030102xxxxxxxR1x0</bc_key>
            <bc_versiondate/>
            <bc_content>本年度預算數係廠商違約逾期交貨等之賠償收入。</bc_content>
        </BCTDMEMO_row>
        <BCTDMEMO_row>
            <bc_fiscalyear>105</bc_fiscalyear>
            <bc_fundkind>1</bc_fundkind>
            <bc_budgetkind>1</bc_budgetkind>
            <bc_specialbudgetno/>
            <bc_agenno>23017035</bc_agenno>
            <bc_agentype>C</bc_agentype>
            <bc_budgetstate>2</bc_budgetstate>
            <bc_reportno>BCME3430</bc_reportno>
            <bc_key>04230170301xR1x1</bc_key>
            <bc_versiondate/>
            <bc_content>係廠商違約逾期交貨等之賠償收入。</bc_content>
        </BCTDMEMO_row>
        <BCTDMEMO_row>
            <bc_fiscalyear>105</bc_fiscalyear>
            <bc_fundkind>1</bc_fundkind>
            <bc_budgetkind>1</bc_budgetkind>
            <bc_specialbudgetno/>
            <bc_agenno>23017035</bc_agenno>
            <bc_agentype>C</bc_agentype>
            <bc_budgetstate>2</bc_budgetstate>
            <bc_reportno>BCME3430</bc_reportno>
            <bc_key>04230170301xR1x2</bc_key>
            <bc_versiondate/>
            <bc_content>依據合約等相關規定辦理。</bc_content>
        </BCTDMEMO_row>
        <BCTDMEMO_row>
            <bc_fiscalyear>105</bc_fiscalyear>
            <bc_fundkind>1</bc_fundkind>
            <bc_budgetkind>1</bc_budgetkind>
            <bc_specialbudgetno/>
            <bc_agenno>23017035</bc_agenno>
            <bc_agentype>C</bc_agentype>
            <bc_budgetstate>2</bc_budgetstate>
            <bc_reportno>BCME3430</bc_reportno>
            <bc_key>0723017010601xxxxxxxR1x0</bc_key>
            <bc_versiondate/>
            <bc_content>本年度預算數係提供場地予員工消費合作社等之場地租金收入。</bc_content>
        </BCTDMEMO_row>
        <BCTDMEMO_row>
            <bc_fiscalyear>105</bc_fiscalyear>
            <bc_fundkind>1</bc_fundkind>
            <bc_budgetkind>1</bc_budgetkind>
            <bc_specialbudgetno/>
            <bc_agenno>23017035</bc_agenno>
            <bc_agentype>C</bc_agentype>
            <bc_budgetstate>2</bc_budgetstate>
            <bc_reportno>BCME3430</bc_reportno>
            <bc_key>07230170106xR1x1</bc_key>
            <bc_versiondate/>
            <bc_content>係提供場地予員工消費合作社等之場地租金收入。</bc_content>
        </BCTDMEMO_row>
        <BCTDMEMO_row>
            <bc_fiscalyear>105</bc_fiscalyear>
            <bc_fundkind>1</bc_fundkind>
            <bc_budgetkind>1</bc_budgetkind>
            <bc_specialbudgetno/>
            <bc_agenno>23017035</bc_agenno>
            <bc_agentype>C</bc_agentype>
            <bc_budgetstate>2</bc_budgetstate>
            <bc_reportno>BCME3430</bc_reportno>
            <bc_key>07230170106xR1x2</bc_key>
            <bc_versiondate/>
            <bc_content>依據國有財產法及合約等相關規定辦理。</bc_content>
        </BCTDMEMO_row>
        <BCTDMEMO_row>
            <bc_fiscalyear>105</bc_fiscalyear>
            <bc_fundkind>1</bc_fundkind>
            <bc_budgetkind>1</bc_budgetkind>
            <bc_specialbudgetno/>
            <bc_agenno>23017035</bc_agenno>
            <bc_agentype>C</bc_agentype>
            <bc_budgetstate>2</bc_budgetstate>
            <bc_reportno>BCME3430</bc_reportno>
            <bc_key>1123017090901xxxxxxxR1x0</bc_key>
            <bc_versiondate/>
            <bc_content>本年度預算數係對收容人實施強制戒治或觀察勒戒等收入。</bc_content>
        </BCTDMEMO_row>
        <BCTDMEMO_row>
            <bc_fiscalyear>105</bc_fiscalyear>
            <bc_fundkind>1</bc_fundkind>
            <bc_budgetkind>1</bc_budgetkind>
            <bc_specialbudgetno/>
            <bc_agenno>23017035</bc_agenno>
            <bc_agentype>C</bc_agentype>
            <bc_budgetstate>2</bc_budgetstate>
            <bc_reportno>BCME3430</bc_reportno>
            <bc_key>11230170909xR1x1</bc_key>
            <bc_versiondate/>
            <bc_content>係對施用毒品之收容人實施強制戒治或觀察勒戒並收取治療相關費用繳庫等收入。</bc_content>
        </BCTDMEMO_row>
        <BCTDMEMO_row>
            <bc_fiscalyear>105</bc_fiscalyear>
            <bc_fundkind>1</bc_fundkind>
            <bc_budgetkind>1</bc_budgetkind>
            <bc_specialbudgetno/>
            <bc_agenno>23017035</bc_agenno>
            <bc_agentype>C</bc_agentype>
            <bc_budgetstate>2</bc_budgetstate>
            <bc_reportno>BCME3430</bc_reportno>
            <bc_key>11230170909xR1x2</bc_key>
            <bc_versiondate/>
            <bc_content>依據毒品危害防治條例第30條等相關規定辦理。</bc_content>
        </BCTDMEMO_row>
    </BCTDMEMO>
</tables>
