﻿<?xml version="1.0" encoding="UTF-8"?>
<GenericData>
<Header>
<Table Id="fnwxbcshflowr" Name="中華民國97年度法定預算 附屬單位預算（營業部分）現金流量綜計表(依現金流量項目分列)" Domain="PBA" />
<Program Id="PBAGR090"/>
<Sender Name="行政院主計總處"/>
</Header>
<DataSet>
<Row>
<項目>營業活動之現金流量</項目>
<本年度預算數></本年度預算數>
</Row>
<Row>
<項目>本期純益（純損－）</項目>
<本年度預算數>124651414</本年度預算數>
</Row>
<Row>
<項目>調整非現金項目</項目>
<本年度預算數>230299925</本年度預算數>
</Row>
<Row>
<項目>營業活動之淨現金流入（流出－）</項目>
<本年度預算數>354951339</本年度預算數>
</Row>
<Row>
<項目>投資活動之現金流量</項目>
<本年度預算數></本年度預算數>
</Row>
<Row>
<項目>存放央行淨減（淨增－）</項目>
<本年度預算數>-12155284</本年度預算數>
</Row>
<Row>
<項目>流動金融資產淨減（淨增－）</項目>
<本年度預算數>150285477</本年度預算數>
</Row>
<Row>
<項目>押匯貼現及放款淨減（淨增－）</項目>
<本年度預算數>-66671972</本年度預算數>
</Row>
<Row>
<項目>減少長期投資</項目>
<本年度預算數>1916455562</本年度預算數>
</Row>
<Row>
<項目>減少基金及長期應收款</項目>
<本年度預算數>14644346</本年度預算數>
</Row>
<Row>
<項目>減少固定資產及遞耗資產</項目>
<本年度預算數>9957544</本年度預算數>
</Row>
<Row>
<項目>無形資產及其他資產淨減（淨增－）</項目>
<本年度預算數>-103584110</本年度預算數>
</Row>
<Row>
<項目>其他投資活動之現金流入</項目>
<本年度預算數></本年度預算數>
</Row>
<Row>
<項目>增加長期投資</項目>
<本年度預算數>-1944067317</本年度預算數>
</Row>
<Row>
<項目>增加基金及長期應收款</項目>
<本年度預算數>-14163733</本年度預算數>
</Row>
<Row>
<項目>增加固定資產及遞耗資產</項目>
<本年度預算數>-202870615</本年度預算數>
</Row>
<Row>
<項目>其他投資活動之現金流出</項目>
<本年度預算數></本年度預算數>
</Row>
<Row>
<項目>投資活動之淨現金流入（流出－）</項目>
<本年度預算數>-252170102</本年度預算數>
</Row>
<Row>
<項目>融資活動之現金流量</項目>
<本年度預算數></本年度預算數>
</Row>
<Row>
<項目>短期債務淨增（淨減－）</項目>
<本年度預算數>51856153</本年度預算數>
</Row>
<Row>
<項目>流動金融負債淨增（淨減－）</項目>
<本年度預算數>-22128464</本年度預算數>
</Row>
<Row>
<項目>存匯款及金融債券淨增（淨減－）</項目>
<本年度預算數>-265911029</本年度預算數>
</Row>
<Row>
<項目>央行及同業融資淨增（淨減－）</項目>
<本年度預算數>4282361</本年度預算數>
</Row>
<Row>
<項目>增加長期債務</項目>
<本年度預算數>291001081</本年度預算數>
</Row>
<Row>
<項目>增加非流動金融負債</項目>
<本年度預算數>94949</本年度預算數>
</Row>
<Row>
<項目>其他負債淨增（淨減－）</項目>
<本年度預算數>2948544</本年度預算數>
</Row>
<Row>
<項目>增加資本、公積及填補虧損</項目>
<本年度預算數>9433728</本年度預算數>
</Row>
<Row>
<項目>其他融資活動之現金流入</項目>
<本年度預算數></本年度預算數>
</Row>
<Row>
<項目>減少長期債務</項目>
<本年度預算數>-117586691</本年度預算數>
</Row>
<Row>
<項目>減少非流動金融負債</項目>
<本年度預算數>-485798</本年度預算數>
</Row>
<Row>
<項目>減少資本</項目>
<本年度預算數></本年度預算數>
</Row>
<Row>
<項目>發放現金股利</項目>
<本年度預算數>-187508528</本年度預算數>
</Row>
<Row>
<項目>其他融資活動之現金流出</項目>
<本年度預算數></本年度預算數>
</Row>
<Row>
<項目>融資活動之淨現金流入（流出－）</項目>
<本年度預算數>-234003694</本年度預算數>
</Row>
<Row>
<項目>匯率影響數</項目>
<本年度預算數>12633822</本年度預算數>
</Row>
<Row>
<項目>現金及約當現金之淨增（淨減－）</項目>
<本年度預算數>-118588635</本年度預算數>
</Row>
<Row>
<項目>期初現金及約當現金</項目>
<本年度預算數>2755821191</本年度預算數>
</Row>
<Row>
<項目>期末現金及約當現金</項目>
<本年度預算數>2637232556</本年度預算數>
</Row>

</DataSet>
</GenericData>
