﻿<?xml version="1.0" encoding="UTF-8"?>
<GenericData>
<Header>
<Table Id="fnwxbremain" Name="中華民國100年度法定預算 附屬單位預算（營業部分）盈虧撥補綜計表 (依撥補項目分列)" Domain="PBA" /> 
<Program Id="PBAGR070"/> 
<Sender Name="行政院主計總處"/>
</Header>
		


<DataSet>
<Row>
<項目>盈餘之部</項目>
<前年度決算數金額>477220403.20491</前年度決算數金額>
<前年度決算數百分比>100</前年度決算數百分比>
<本年度預算數金額>256348350</本年度預算數金額>
<本年度預算數百分比>100</本年度預算數百分比>
<上年度預算數金額>265125124</上年度預算數金額>
<上年度預算數百分比>100</上年度預算數百分比>
<本年度預算數與上年度預算數比較增減百分比>-3.310427117424</本年度預算數與上年度預算數比較增減百分比>
</Row>
<Row>
<項目>本期純益</項目>
<前年度決算數金額>379275211.02251</前年度決算數金額>
<前年度決算數百分比>79.4759001240054</前年度決算數百分比>
<本年度預算數金額>171607080</本年度預算數金額>
<本年度預算數百分比>66.9429235647509</本年度預算數百分比>
<上年度預算數金額>173086570</上年度預算數金額>
<上年度預算數百分比>65.2848614980752</上年度預算數百分比>
<本年度預算數與上年度預算數比較增減百分比>-0.854768801530933</本年度預算數與上年度預算數比較增減百分比>
</Row>
<Row>
<項目>累積盈餘</項目>
<前年度決算數金額>84950493.80753</前年度決算數金額>
<前年度決算數百分比>17.8</前年度決算數百分比>
<本年度預算數金額>83141270</本年度預算數金額>
<本年度預算數百分比>32.4329257434269</本年度預算數百分比>
<上年度預算數金額>85654852</上年度預算數金額>
<上年度預算數百分比>32.3073312357979</上年度預算數百分比>
<本年度預算數與上年度預算數比較增減百分比>-2.93454712874876</本年度預算數與上年度預算數比較增減百分比>
</Row>
<Row>
<項目>公積轉列數</項目>
<前年度決算數金額>12994698.37487</前年度決算數金額>
<前年度決算數百分比>2.73</前年度決算數百分比>
<本年度預算數金額>1600000</本年度預算數金額>
<本年度預算數百分比>0.62415069182228</本年度預算數百分比>
<上年度預算數金額>6383702</上年度預算數金額>
<上年度預算數百分比>2.40780726612692</上年度預算數百分比>
<本年度預算數與上年度預算數比較增減百分比>-74.9361733990716</本年度預算數與上年度預算數比較增減百分比>
</Row>
<Row>
<項目>出售庫藏股票損失</項目>
<前年度決算數金額></前年度決算數金額>
<前年度決算數百分比></前年度決算數百分比>
<本年度預算數金額></本年度預算數金額>
<本年度預算數百分比></本年度預算數百分比>
<上年度預算數金額></上年度預算數金額>
<上年度預算數百分比></上年度預算數百分比>
<本年度預算數與上年度預算數比較增減百分比></本年度預算數與上年度預算數比較增減百分比>
</Row>
<Row>
<項目>分配之部</項目>
<前年度決算數金額>477220403.20491</前年度決算數金額>
<前年度決算數百分比>100</前年度決算數百分比>
<本年度預算數金額>256348350</本年度預算數金額>
<本年度預算數百分比>100</本年度預算數百分比>
<上年度預算數金額>265125124</上年度預算數金額>
<上年度預算數百分比>100</上年度預算數百分比>
<本年度預算數與上年度預算數比較增減百分比>-3.310427117424</本年度預算數與上年度預算數比較增減百分比>
</Row>
<Row>
<項目>中央政府所得者</項目>
<前年度決算數金額>281333342.91768</前年度決算數金額>
<前年度決算數百分比>58.9524967977701</前年度決算數百分比>
<本年度預算數金額>207990056</本年度預算數金額>
<本年度預算數百分比>81.1357108403467</本年度預算數百分比>
<上年度預算數金額>212097113</上年度預算數金額>
<上年度預算數百分比>79.9988736638931</上年度預算數百分比>
<本年度預算數與上年度預算數比較增減百分比>-1.93640400942185</本年度預算數與上年度預算數比較增減百分比>
</Row>
<Row>
<項目>股（官）息紅利</項目>
<前年度決算數金額>281333342.91768</前年度決算數金額>
<前年度決算數百分比>58.9524967977701</前年度決算數百分比>
<本年度預算數金額>207990056</本年度預算數金額>
<本年度預算數百分比>81.1357108403467</本年度預算數百分比>
<上年度預算數金額>212097113</上年度預算數金額>
<上年度預算數百分比>79.9988736638931</上年度預算數百分比>
<本年度預算數與上年度預算數比較增減百分比>-1.93640400942185</本年度預算數與上年度預算數比較增減百分比>
</Row>
<Row>
<項目>地方政府所得者</項目>
<前年度決算數金額>31.977</前年度決算數金額>
<前年度決算數百分比>-</前年度決算數百分比>
<本年度預算數金額>52</本年度預算數金額>
<本年度預算數百分比>-</本年度預算數百分比>
<上年度預算數金額>27</上年度預算數金額>
<上年度預算數百分比>-</上年度預算數百分比>
<本年度預算數與上年度預算數比較增減百分比>92.5925925925926</本年度預算數與上年度預算數比較增減百分比>
</Row>
<Row>
<項目>股（官）息紅利</項目>
<前年度決算數金額>31.977</前年度決算數金額>
<前年度決算數百分比>-</前年度決算數百分比>
<本年度預算數金額>52</本年度預算數金額>
<本年度預算數百分比>-</本年度預算數百分比>
<上年度預算數金額>27</上年度預算數金額>
<上年度預算數百分比>-</上年度預算數百分比>
<本年度預算數與上年度預算數比較增減百分比>92.5925925925926</本年度預算數與上年度預算數比較增減百分比>
</Row>
<Row>
<項目>轉投資機關所得者</項目>
<前年度決算數金額></前年度決算數金額>
<前年度決算數百分比></前年度決算數百分比>
<本年度預算數金額></本年度預算數金額>
<本年度預算數百分比></本年度預算數百分比>
<上年度預算數金額></上年度預算數金額>
<上年度預算數百分比></上年度預算數百分比>
<本年度預算數與上年度預算數比較增減百分比></本年度預算數與上年度預算數比較增減百分比>
</Row>
<Row>
<項目>股（官）息紅利</項目>
<前年度決算數金額></前年度決算數金額>
<前年度決算數百分比></前年度決算數百分比>
<本年度預算數金額></本年度預算數金額>
<本年度預算數百分比></本年度預算數百分比>
<上年度預算數金額></上年度預算數金額>
<上年度預算數百分比></上年度預算數百分比>
<本年度預算數與上年度預算數比較增減百分比></本年度預算數與上年度預算數比較增減百分比>
</Row>
<Row>
<項目>其他政府機關所得者</項目>
<前年度決算數金額>169705.563</前年度決算數金額>
<前年度決算數百分比>3.55612546865754E-02</前年度決算數百分比>
<本年度預算數金額>141421</本年度預算數金額>
<本年度預算數百分比>5.51675093676242E-02</本年度預算數百分比>
<上年度預算數金額>512158</上年度預算數金額>
<上年度預算數百分比>0.193175958684323</上年度預算數百分比>
<本年度預算數與上年度預算數比較增減百分比>-72.3872320651049</本年度預算數與上年度預算數比較增減百分比>
</Row>
<Row>
<項目>股（官）息紅利</項目>
<前年度決算數金額>169705.563</前年度決算數金額>
<前年度決算數百分比>3.55612546865754E-02</前年度決算數百分比>
<本年度預算數金額>141421</本年度預算數金額>
<本年度預算數百分比>5.51675093676242E-02</本年度預算數百分比>
<上年度預算數金額>512158</上年度預算數金額>
<上年度預算數百分比>0.193175958684323</上年度預算數百分比>
<本年度預算數與上年度預算數比較增減百分比>-72.3872320651049</本年度預算數與上年度預算數比較增減百分比>
</Row>
<Row>
<項目>民股股東所得者</項目>
<前年度決算數金額>164122.2084</前年度決算數金額>
<前年度決算數百分比>3.43912806949976E-02</前年度決算數百分比>
<本年度預算數金額>2693317</本年度預算數金額>
<本年度預算數百分比>1.05064729302919</本年度預算數百分比>
<上年度預算數金額>1533269</上年度預算數金額>
<上年度預算數百分比>0.578319012874842</上年度預算數百分比>
<本年度預算數與上年度預算數比較增減百分比>75.658478714433</本年度預算數與上年度預算數比較增減百分比>
</Row>
<Row>
<項目>股息紅利</項目>
<前年度決算數金額>164122.2084</前年度決算數金額>
<前年度決算數百分比>3.43912806949976E-02</前年度決算數百分比>
<本年度預算數金額>2693317</本年度預算數金額>
<本年度預算數百分比>1.05064729302919</本年度預算數百分比>
<上年度預算數金額>1533269</上年度預算數金額>
<上年度預算數百分比>0.578319012874842</上年度預算數百分比>
<本年度預算數與上年度預算數比較增減百分比>75.658478714433</本年度預算數與上年度預算數比較增減百分比>
</Row>
<Row>
<項目>其他所得者</項目>
<前年度決算數金額></前年度決算數金額>
<前年度決算數百分比></前年度決算數百分比>
<本年度預算數金額>988388</本年度預算數金額>
<本年度預算數百分比>0.385564408743025</本年度預算數百分比>
<上年度預算數金額>397478</上年度預算數金額>
<上年度預算數百分比>0.149920910550899</上年度預算數百分比>
<本年度預算數與上年度預算數比較增減百分比>148.664831764274</本年度預算數與上年度預算數比較增減百分比>
</Row>
<Row>
<項目>撥補各級農、漁會事業費</項目>
<前年度決算數金額></前年度決算數金額>
<前年度決算數百分比></前年度決算數百分比>
<本年度預算數金額></本年度預算數金額>
<本年度預算數百分比></本年度預算數百分比>
<上年度預算數金額></上年度預算數金額>
<上年度預算數百分比></上年度預算數百分比>
<本年度預算數與上年度預算數比較增減百分比></本年度預算數與上年度預算數比較增減百分比>
</Row>
<Row>
<項目>分配民航事業作業基金</項目>
<前年度決算數金額></前年度決算數金額>
<前年度決算數百分比></前年度決算數百分比>
<本年度預算數金額>810478</本年度預算數金額>
<本年度預算數百分比>0.316162752754211</本年度預算數百分比>
<上年度預算數金額>325932</上年度預算數金額>
<上年度預算數百分比>0.122935161738953</上年度預算數百分比>
<本年度預算數與上年度預算數比較增減百分比>148.664752156892</本年度預算數與上年度預算數比較增減百分比>
</Row>
<Row>
<項目>提撥地方政府</項目>
<前年度決算數金額></前年度決算數金額>
<前年度決算數百分比></前年度決算數百分比>
<本年度預算數金額>177910</本年度預算數金額>
<本年度預算數百分比>6.94016559888137E-02</本年度預算數百分比>
<上年度預算數金額>71546</上年度預算數金額>
<上年度預算數百分比>2.69857488119459E-02</上年度預算數百分比>
<本年度預算數與上年度預算數比較增減百分比>148.665194420373</本年度預算數與上年度預算數比較增減百分比>
</Row>
<Row>
<項目>留存事業機關者</項目>
<前年度決算數金額>195553200.53883</前年度決算數金額>
<前年度決算數百分比>40.9775439661709</前年度決算數百分比>
<本年度預算數金額>44535116</本年度預算數金額>
<本年度預算數百分比>17.3728896636159</本年度預算數百分比>
<上年度預算數金額>50585079</上年度預算數金額>
<上年度預算數百分比>19.079700270126</上年度預算數百分比>
<本年度預算數與上年度預算數比較增減百分比>-11.9599753911623</本年度預算數與上年度預算數比較增減百分比>
</Row>
<Row>
<項目>填補虧損</項目>
<前年度決算數金額>39680969.0098</前年度決算數金額>
<前年度決算數百分比>8.3150193795804</前年度決算數百分比>
<本年度預算數金額>8756426</本年度預算數金額>
<本年度預算數百分比>3.41583084111913</本年度預算數百分比>
<上年度預算數金額>13257698</上年度預算數金額>
<上年度預算數百分比>5.00054381869898</上年度預算數百分比>
<本年度預算數與上年度預算數比較增減百分比>-33.9521385990238</本年度預算數與上年度預算數比較增減百分比>
</Row>
<Row>
<項目>資本公積</項目>
<前年度決算數金額>681496.898</前年度決算數金額>
<前年度決算數百分比>0.142805482209732</前年度決算數百分比>
<本年度預算數金額></本年度預算數金額>
<本年度預算數百分比></本年度預算數百分比>
<上年度預算數金額></上年度預算數金額>
<上年度預算數百分比></上年度預算數百分比>
<本年度預算數與上年度預算數比較增減百分比></本年度預算數與上年度預算數比較增減百分比>
</Row>
<Row>
<項目>法定公積</項目>
<前年度決算數金額>66367544.47583</前年度決算數金額>
<前年度決算數百分比>13.9071054024765</前年度決算數百分比>
<本年度預算數金額>30903467</本年度預算數金額>
<本年度預算數百分比>12.0552626923481</本年度預算數百分比>
<上年度預算數金額>30283039</上年度預算數金額>
<上年度預算數百分比>11.4221687266424</上年度預算數百分比>
<本年度預算數與上年度預算數比較增減百分比>2.04876399624225</本年度預算數與上年度預算數比較增減百分比>
</Row>
<Row>
<項目>特別公積</項目>
<前年度決算數金額>4963847.59606</前年度決算數金額>
<前年度決算數百分比>1.04015829221128</前年度決算數百分比>
<本年度預算數金額>3885602</本年度預算數金額>
<本年度預算數百分比>1.51575073527877</本年度預算數百分比>
<上年度預算數金額>4373532</上年度預算數金額>
<上年度預算數百分比>1.64961054388795</上年度預算數百分比>
<本年度預算數與上年度預算數比較增減百分比>-11.1564291744064</本年度預算數與上年度預算數比較增減百分比>
</Row>
<Row>
<項目>未分配盈餘</項目>
<前年度決算數金額>83859342.55914</前年度決算數金額>
<前年度決算數百分比>17.572455409693</前年度決算數百分比>
<本年度預算數金額>989621</本年度預算數金額>
<本年度預算數百分比>0.38604539486991</本年度預算數百分比>
<上年度預算數金額>2670810</上年度預算數金額>
<上年度預算數百分比>1.00737718089667</上年度預算數百分比>
<本年度預算數與上年度預算數比較增減百分比>-62.9467839344618</本年度預算數與上年度預算數比較增減百分比>
</Row>
<Row>
<項目>虧損之部</項目>
<前年度決算數金額>174569619.96926</前年度決算數金額>
<前年度決算數百分比>100</前年度決算數百分比>
<本年度預算數金額>221217084</本年度預算數金額>
<本年度預算數百分比>100</本年度預算數百分比>
<上年度預算數金額>195927557</上年度預算數金額>
<上年度預算數百分比>100</上年度預算數百分比>
<本年度預算數與上年度預算數比較增減百分比>12.9075906356552</本年度預算數與上年度預算數比較增減百分比>
</Row>
<Row>
<項目>本期純損</項目>
<前年度決算數金額>26103397.56897</前年度決算數金額>
<前年度決算數百分比>14.9530013146426</前年度決算數百分比>
<本年度預算數金額>57703977</本年度預算數金額>
<本年度預算數百分比>26.0847742663492</本年度預算數百分比>
<上年度預算數金額>36924457</上年度預算數金額>
<上年度預算數百分比>18.8459742801774</上年度預算數百分比>
<本年度預算數與上年度預算數比較增減百分比>56.2757632427743</本年度預算數與上年度預算數比較增減百分比>
</Row>
<Row>
<項目>累積虧損</項目>
<前年度決算數金額>148466222.40029</前年度決算數金額>
<前年度決算數百分比>85.0469986853574</前年度決算數百分比>
<本年度預算數金額>163513107</本年度預算數金額>
<本年度預算數百分比>73.9152257336508</本年度預算數百分比>
<上年度預算數金額>159003100</上年度預算數金額>
<上年度預算數百分比>81.1540257198226</上年度預算數百分比>
<本年度預算數與上年度預算數比較增減百分比>2.83642708852846</本年度預算數與上年度預算數比較增減百分比>
</Row>
<Row>
<項目>累積虧損調整數</項目>
<前年度決算數金額></前年度決算數金額>
<前年度決算數百分比></前年度決算數百分比>
<本年度預算數金額></本年度預算數金額>
<本年度預算數百分比></本年度預算數百分比>
<上年度預算數金額></上年度預算數金額>
<上年度預算數百分比></上年度預算數百分比>
<本年度預算數與上年度預算數比較增減百分比></本年度預算數與上年度預算數比較增減百分比>
</Row>
<Row>
<項目>填補之部</項目>
<前年度決算數金額>174569619.96926</前年度決算數金額>
<前年度決算數百分比>100</前年度決算數百分比>
<本年度預算數金額>221217084</本年度預算數金額>
<本年度預算數百分比>100</本年度預算數百分比>
<上年度預算數金額>195927557</上年度預算數金額>
<上年度預算數百分比>100</上年度預算數百分比>
<本年度預算數與上年度預算數比較增減百分比>12.9075906356552</本年度預算數與上年度預算數比較增減百分比>
</Row>
<Row>
<項目>中央政府負擔者</項目>
<前年度決算數金額></前年度決算數金額>
<前年度決算數百分比></前年度決算數百分比>
<本年度預算數金額></本年度預算數金額>
<本年度預算數百分比></本年度預算數百分比>
<上年度預算數金額></上年度預算數金額>
<上年度預算數百分比></上年度預算數百分比>
<本年度預算數與上年度預算數比較增減百分比></本年度預算數與上年度預算數比較增減百分比>
</Row>
<Row>
<項目>折減資本</項目>
<前年度決算數金額></前年度決算數金額>
<前年度決算數百分比></前年度決算數百分比>
<本年度預算數金額></本年度預算數金額>
<本年度預算數百分比></本年度預算數百分比>
<上年度預算數金額></上年度預算數金額>
<上年度預算數百分比></上年度預算數百分比>
<本年度預算數與上年度預算數比較增減百分比></本年度預算數與上年度預算數比較增減百分比>
</Row>
<Row>
<項目>出資填補</項目>
<前年度決算數金額></前年度決算數金額>
<前年度決算數百分比></前年度決算數百分比>
<本年度預算數金額></本年度預算數金額>
<本年度預算數百分比></本年度預算數百分比>
<上年度預算數金額></上年度預算數金額>
<上年度預算數百分比></上年度預算數百分比>
<本年度預算數與上年度預算數比較增減百分比></本年度預算數與上年度預算數比較增減百分比>
</Row>
<Row>
<項目>地方政府負擔者</項目>
<前年度決算數金額></前年度決算數金額>
<前年度決算數百分比></前年度決算數百分比>
<本年度預算數金額></本年度預算數金額>
<本年度預算數百分比></本年度預算數百分比>
<上年度預算數金額></上年度預算數金額>
<上年度預算數百分比></上年度預算數百分比>
<本年度預算數與上年度預算數比較增減百分比></本年度預算數與上年度預算數比較增減百分比>
</Row>
<Row>
<項目>折減資本</項目>
<前年度決算數金額></前年度決算數金額>
<前年度決算數百分比></前年度決算數百分比>
<本年度預算數金額></本年度預算數金額>
<本年度預算數百分比></本年度預算數百分比>
<上年度預算數金額></上年度預算數金額>
<上年度預算數百分比></上年度預算數百分比>
<本年度預算數與上年度預算數比較增減百分比></本年度預算數與上年度預算數比較增減百分比>
</Row>
<Row>
<項目>出資填補</項目>
<前年度決算數金額></前年度決算數金額>
<前年度決算數百分比></前年度決算數百分比>
<本年度預算數金額></本年度預算數金額>
<本年度預算數百分比></本年度預算數百分比>
<上年度預算數金額></上年度預算數金額>
<上年度預算數百分比></上年度預算數百分比>
<本年度預算數與上年度預算數比較增減百分比></本年度預算數與上年度預算數比較增減百分比>
</Row>
<Row>
<項目>轉投資機關負擔者</項目>
<前年度決算數金額></前年度決算數金額>
<前年度決算數百分比></前年度決算數百分比>
<本年度預算數金額></本年度預算數金額>
<本年度預算數百分比></本年度預算數百分比>
<上年度預算數金額></上年度預算數金額>
<上年度預算數百分比></上年度預算數百分比>
<本年度預算數與上年度預算數比較增減百分比></本年度預算數與上年度預算數比較增減百分比>
</Row>
<Row>
<項目>折減資本</項目>
<前年度決算數金額></前年度決算數金額>
<前年度決算數百分比></前年度決算數百分比>
<本年度預算數金額></本年度預算數金額>
<本年度預算數百分比></本年度預算數百分比>
<上年度預算數金額></上年度預算數金額>
<上年度預算數百分比></上年度預算數百分比>
<本年度預算數與上年度預算數比較增減百分比></本年度預算數與上年度預算數比較增減百分比>
</Row>
<Row>
<項目>出資填補</項目>
<前年度決算數金額></前年度決算數金額>
<前年度決算數百分比></前年度決算數百分比>
<本年度預算數金額></本年度預算數金額>
<本年度預算數百分比></本年度預算數百分比>
<上年度預算數金額></上年度預算數金額>
<上年度預算數百分比></上年度預算數百分比>
<本年度預算數與上年度預算數比較增減百分比></本年度預算數與上年度預算數比較增減百分比>
</Row>
<Row>
<項目>其他政府機關負擔者</項目>
<前年度決算數金額></前年度決算數金額>
<前年度決算數百分比></前年度決算數百分比>
<本年度預算數金額></本年度預算數金額>
<本年度預算數百分比></本年度預算數百分比>
<上年度預算數金額></上年度預算數金額>
<上年度預算數百分比></上年度預算數百分比>
<本年度預算數與上年度預算數比較增減百分比></本年度預算數與上年度預算數比較增減百分比>
</Row>
<Row>
<項目>折減資本</項目>
<前年度決算數金額></前年度決算數金額>
<前年度決算數百分比></前年度決算數百分比>
<本年度預算數金額></本年度預算數金額>
<本年度預算數百分比></本年度預算數百分比>
<上年度預算數金額></上年度預算數金額>
<上年度預算數百分比></上年度預算數百分比>
<本年度預算數與上年度預算數比較增減百分比></本年度預算數與上年度預算數比較增減百分比>
</Row>
<Row>
<項目>出資填補</項目>
<前年度決算數金額></前年度決算數金額>
<前年度決算數百分比></前年度決算數百分比>
<本年度預算數金額></本年度預算數金額>
<本年度預算數百分比></本年度預算數百分比>
<上年度預算數金額></上年度預算數金額>
<上年度預算數百分比></上年度預算數百分比>
<本年度預算數與上年度預算數比較增減百分比></本年度預算數與上年度預算數比較增減百分比>
</Row>
<Row>
<項目>民股股東負擔者</項目>
<前年度決算數金額></前年度決算數金額>
<前年度決算數百分比></前年度決算數百分比>
<本年度預算數金額></本年度預算數金額>
<本年度預算數百分比></本年度預算數百分比>
<上年度預算數金額></上年度預算數金額>
<上年度預算數百分比></上年度預算數百分比>
<本年度預算數與上年度預算數比較增減百分比></本年度預算數與上年度預算數比較增減百分比>
</Row>
<Row>
<項目>折減資本</項目>
<前年度決算數金額></前年度決算數金額>
<前年度決算數百分比></前年度決算數百分比>
<本年度預算數金額></本年度預算數金額>
<本年度預算數百分比></本年度預算數百分比>
<上年度預算數金額></上年度預算數金額>
<上年度預算數百分比></上年度預算數百分比>
<本年度預算數與上年度預算數比較增減百分比></本年度預算數與上年度預算數比較增減百分比>
</Row>
<Row>
<項目>出資填補</項目>
<前年度決算數金額></前年度決算數金額>
<前年度決算數百分比></前年度決算數百分比>
<本年度預算數金額></本年度預算數金額>
<本年度預算數百分比></本年度預算數百分比>
<上年度預算數金額></上年度預算數金額>
<上年度預算數百分比></上年度預算數百分比>
<本年度預算數與上年度預算數比較增減百分比></本年度預算數與上年度預算數比較增減百分比>
</Row>
<Row>
<項目>事業機關負擔者</項目>
<前年度決算數金額>174569619.96926</前年度決算數金額>
<前年度決算數百分比>100</前年度決算數百分比>
<本年度預算數金額>221217084</本年度預算數金額>
<本年度預算數百分比>100</本年度預算數百分比>
<上年度預算數金額>195927557</上年度預算數金額>
<上年度預算數百分比>100</上年度預算數百分比>
<本年度預算數與上年度預算數比較增減百分比>12.9075906356552</本年度預算數與上年度預算數比較增減百分比>
</Row>
<Row>
<項目>撥用盈餘</項目>
<前年度決算數金額>39680969.0098</前年度決算數金額>
<前年度決算數百分比>22.7307414753996</前年度決算數百分比>
<本年度預算數金額>8756426</本年度預算數金額>
<本年度預算數百分比>3.95829555370145</本年度預算數百分比>
<上年度預算數金額>13257698</上年度預算數金額>
<上年度預算數百分比>6.76663262840561</上年度預算數百分比>
<本年度預算數與上年度預算數比較增減百分比>-33.9521385990238</本年度預算數與上年度預算數比較增減百分比>
</Row>
<Row>
<項目>撥用法定公積</項目>
<前年度決算數金額></前年度決算數金額>
<前年度決算數百分比></前年度決算數百分比>
<本年度預算數金額></本年度預算數金額>
<本年度預算數百分比></本年度預算數百分比>
<上年度預算數金額></上年度預算數金額>
<上年度預算數百分比></上年度預算數百分比>
<本年度預算數與上年度預算數比較增減百分比></本年度預算數與上年度預算數比較增減百分比>
</Row>
<Row>
<項目>撥用特別公積</項目>
<前年度決算數金額></前年度決算數金額>
<前年度決算數百分比></前年度決算數百分比>
<本年度預算數金額></本年度預算數金額>
<本年度預算數百分比></本年度預算數百分比>
<上年度預算數金額></上年度預算數金額>
<上年度預算數百分比></上年度預算數百分比>
<本年度預算數與上年度預算數比較增減百分比></本年度預算數與上年度預算數比較增減百分比>
</Row>
<Row>
<項目>撥用資本公積</項目>
<前年度決算數金額></前年度決算數金額>
<前年度決算數百分比></前年度決算數百分比>
<本年度預算數金額>452152</本年度預算數金額>
<本年度預算數百分比>0.204392893995475</本年度預算數百分比>
<上年度預算數金額></上年度預算數金額>
<上年度預算數百分比></上年度預算數百分比>
<本年度預算數與上年度預算數比較增減百分比></本年度預算數與上年度預算數比較增減百分比>
</Row>
<Row>
<項目>待填補之虧損</項目>
<前年度決算數金額>134888650.95946</前年度決算數金額>
<前年度決算數百分比>77.2692585246004</前年度決算數百分比>
<本年度預算數金額>212008506</本年度預算數金額>
<本年度預算數百分比>95.8373115523031</本年度預算數百分比>
<上年度預算數金額>182669859</上年度預算數金額>
<上年度預算數百分比>93.2333673715944</上年度預算數百分比>
<本年度預算數與上年度預算數比較增減百分比>16.0610224153072</本年度預算數與上年度預算數比較增減百分比>
</Row>


<Row>

<備註>註：本表本年度「盈餘之部－本期純益」171,607,080千元，與「虧損之部－本期純損」57,703,977千元，因僅列歸屬於母公司股東部分，致兩者互抵後為113,903,103千元，與損益表本期純益（含少數股權）113,908,144千元不同。
</備註>

</Row>






</DataSet>
</GenericData>