﻿<?xml version="1.0" encoding="UTF-8"?>
<GenericData>
<Header>
<Table Id="fnwxbworkr" Name="中華民國100年度法定預算 附屬單位預算（營業部分）損益綜計表  (依收支科目分列)" Domain="PBA" /> 
<Program Id="PBAGR040"/> 
<Sender Name="行政院主計總處"/>
</Header>
	

<DataSet>
<Row>
<科目>營業收入</科目>
<前年度決算數金額>2730277850.08828</前年度決算數金額>
<前年度決算數百分比>100</前年度決算數百分比>
<本年度預算數金額>2987772982</本年度預算數金額>
<本年度預算數百分比>100</本年度預算數百分比>
<上年度預算數金額>2814449655</上年度預算數金額>
<上年度預算數百分比>100</上年度預算數百分比>
<本年度預算數與上年度預算數比較增減百分比>6.15833815652318</本年度預算數與上年度預算數比較增減百分比>
</Row>
<Row>
<科目>銷貨收入</科目>
<前年度決算數金額>826879911.20185</前年度決算數金額>
<前年度決算數百分比>30.2855590750632</前年度決算數百分比>
<本年度預算數金額>1018867368</本年度預算數金額>
<本年度預算數百分比>34.1012310553118</本年度預算數百分比>
<上年度預算數金額>990023120</上年度預算數金額>
<上年度預算數百分比>35.1764373628492</上年度預算數百分比>
<本年度預算數與上年度預算數比較增減百分比>2.91349236369349</本年度預算數與上年度預算數比較增減百分比>
</Row>
<Row>
<科目>勞務收入</科目>
<前年度決算數金額>6445074.91699</前年度決算數金額>
<前年度決算數百分比>0.236059304981784</前年度決算數百分比>
<本年度預算數金額>11050926</本年度預算數金額>
<本年度預算數百分比>0.369871675879556</本年度預算數百分比>
<上年度預算數金額>6734887</上年度預算數金額>
<上年度預算數百分比>0.239296765818325</上年度預算數百分比>
<本年度預算數與上年度預算數比較增減百分比>64.0848020167228</本年度預算數與上年度預算數比較增減百分比>
</Row>
<Row>
<科目>電費收入</科目>
<前年度決算數金額>467283313.216</前年度決算數金額>
<前年度決算數百分比>17.114862987329</前年度決算數百分比>
<本年度預算數金額>512154236</本年度預算數金額>
<本年度預算數百分比>17.1416717095141</本年度預算數百分比>
<上年度預算數金額>492938551</上年度預算數金額>
<上年度預算數百分比>17.5145627538326</上年度預算數百分比>
<本年度預算數與上年度預算數比較增減百分比>3.89819075035176</本年度預算數與上年度預算數比較增減百分比>
</Row>
<Row>
<科目>給水收入</科目>
<前年度決算數金額>22800207.775</前年度決算數金額>
<前年度決算數百分比>0.835087453618055</前年度決算數百分比>
<本年度預算數金額>24042323</本年度預算數金額>
<本年度預算數百分比>0.804690421422386</本年度預算數百分比>
<上年度預算數金額>23801684</上年度預算數金額>
<上年度預算數百分比>0.845695852392144</上年度預算數百分比>
<本年度預算數與上年度預算數比較增減百分比>1.01101669949067</本年度預算數與上年度預算數比較增減百分比>
</Row>
<Row>
<科目>運輸收入</科目>
<前年度決算數金額>14345005.788</前年度決算數金額>
<前年度決算數百分比>0.525404613583053</前年度決算數百分比>
<本年度預算數金額>15889317</本年度預算數金額>
<本年度預算數百分比>0.53181138914255</本年度預算數百分比>
<上年度預算數金額>16029390</上年度預算數金額>
<上年度預算數百分比>0.569539056117882</上年度預算數百分比>
<本年度預算數與上年度預算數比較增減百分比>-0.873851094770294</本年度預算數與上年度預算數比較增減百分比>
</Row>
<Row>
<科目>港埠收入</科目>
<前年度決算數金額>11446344.373</前年度決算數金額>
<前年度決算數百分比>0.419237345115989</前年度決算數百分比>
<本年度預算數金額>11680304</本年度預算數金額>
<本年度預算數百分比>0.39093679708494</本年度預算數百分比>
<上年度預算數金額>12060924</上年度預算數金額>
<上年度預算數百分比>0.428535787754214</上年度預算數百分比>
<本年度預算數與上年度預算數比較增減百分比>-3.15581127946748</本年度預算數與上年度預算數比較增減百分比>
</Row>
<Row>
<科目>印刷出版廣告收入</科目>
<前年度決算數金額>678782.988</前年度決算數金額>
<前年度決算數百分比>0.024861315414402</前年度決算數百分比>
<本年度預算數金額>657338</本年度預算數金額>
<本年度預算數百分比>2.20009352772171E-02</本年度預算數百分比>
<上年度預算數金額>656528</上年度預算數金額>
<上年度預算數百分比>2.33270472198232E-02</上年度預算數百分比>
<本年度預算數與上年度預算數比較增減百分比>0.123376306874954</本年度預算數與上年度預算數比較增減百分比>
</Row>
<Row>
<科目>郵務收入</科目>
<前年度決算數金額>24001110.8124</前年度決算數金額>
<前年度決算數百分比>0.879072099259933</前年度決算數百分比>
<本年度預算數金額>24854981</本年度預算數金額>
<本年度預算數百分比>0.831889877502079</本年度預算數百分比>
<上年度預算數金額>26387054</上年度預算數金額>
<上年度預算數百分比>0.937556440319413</上年度預算數百分比>
<本年度預算數與上年度預算數比較增減百分比>-5.80615403295874</本年度預算數與上年度預算數比較增減百分比>
</Row>
<Row>
<科目>電信收入</科目>
<前年度決算數金額></前年度決算數金額>
<前年度決算數百分比></前年度決算數百分比>
<本年度預算數金額></本年度預算數金額>
<本年度預算數百分比></本年度預算數百分比>
<上年度預算數金額></上年度預算數金額>
<上年度預算數百分比></上年度預算數百分比>
<本年度預算數與上年度預算數比較增減百分比></本年度預算數與上年度預算數比較增減百分比>
</Row>
<Row>
<科目>金融保險收入</科目>
<前年度決算數金額>1299835429.58392</前年度決算數金額>
<前年度決算數百分比>47.6081740011146</前年度決算數百分比>
<本年度預算數金額>1291835670</本年度預算數金額>
<本年度預算數百分比>43.2374105322839</本年度預算數百分比>
<上年度預算數金額>1182653720</上年度預算數金額>
<上年度預算數百分比>42.0207807909785</上年度預算數百分比>
<本年度預算數與上年度預算數比較增減百分比>9.2319457634649</本年度預算數與上年度預算數比較增減百分比>
</Row>
<Row>
<科目>其他營業收入</科目>
<前年度決算數金額>56562669.43312</前年度決算數金額>
<前年度決算數百分比>2.07168180452005</前年度決算數百分比>
<本年度預算數金額>76740519</本年度預算數金額>
<本年度預算數百分比>2.56848560658147</本年度預算數百分比>
<上年度預算數金額>63163797</上年度預算數金額>
<上年度預算數百分比>2.24426814271794</上年度預算數百分比>
<本年度預算數與上年度預算數比較增減百分比>21.494467788249</本年度預算數與上年度預算數比較增減百分比>
</Row>
<Row>
<科目>營業成本</科目>
<前年度決算數金額>2235532991.50476</前年度決算數金額>
<前年度決算數百分比>81.8793219683659</前年度決算數百分比>
<本年度預算數金額>2709880862</本年度預算數金額>
<本年度預算數百分比>90.6990215898538</本年度預算數百分比>
<上年度預算數金額>2519695804</上年度預算數金額>
<上年度預算數百分比>89.5271229856126</上年度預算數百分比>
<本年度預算數與上年度預算數比較增減百分比>7.54793724298316</本年度預算數與上年度預算數比較增減百分比>
</Row>
<Row>
<科目>銷貨成本</科目>
<前年度決算數金額>747664034.05289</前年度決算數金額>
<前年度決算數百分比>27.3841738865045</前年度決算數百分比>
<本年度預算數金額>946921259</本年度預算數金額>
<本年度預算數百分比>31.6932131291359</本年度預算數百分比>
<上年度預算數金額>918129457</上年度預算數金額>
<上年度預算數百分比>32.6219890048095</上年度預算數百分比>
<本年度預算數與上年度預算數比較增減百分比>3.13591964406388</本年度預算數與上年度預算數比較增減百分比>
</Row>
<Row>
<科目>勞務成本</科目>
<前年度決算數金額>6232429.10884</前年度決算數金額>
<前年度決算數百分比>0.228270873919974</前年度決算數百分比>
<本年度預算數金額>13048102</本年度預算數金額>
<本年度預算數百分比>0.436716647436368</本年度預算數百分比>
<上年度預算數金額>6014742</上年度預算數金額>
<上年度預算數百分比>0.213709347733918</上年度預算數百分比>
<本年度預算數與上年度預算數比較增減百分比>116.935356495757</本年度預算數與上年度預算數比較增減百分比>
</Row>
<Row>
<科目>發電及供電成本</科目>
<前年度決算數金額>452468440.137</前年度決算數金額>
<前年度決算數百分比>16.57224886919</前年度決算數百分比>
<本年度預算數金額>536522039</本年度預算數金額>
<本年度預算數百分比>17.9572558635581</本年度預算數百分比>
<上年度預算數金額>498776219</上年度預算數金額>
<上年度預算數百分比>17.7219804985284</上年度預算數百分比>
<本年度預算數與上年度預算數比較增減百分比>7.56768638161556</本年度預算數與上年度預算數比較增減百分比>
</Row>
<Row>
<科目>給水成本</科目>
<前年度決算數金額>20178038.91264</前年度決算數金額>
<前年度決算數百分比>0.739047086800619</前年度決算數百分比>
<本年度預算數金額>20315642</本年度預算數金額>
<本年度預算數百分比>0.679959358438298</本年度預算數百分比>
<上年度預算數金額>19888483</上年度預算數金額>
<上年度預算數百分比>0.706656200606296</上年度預算數百分比>
<本年度預算數與上年度預算數比較增減百分比>2.14777064696186</本年度預算數與上年度預算數比較增減百分比>
</Row>
<Row>
<科目>輸儲成本</科目>
<前年度決算數金額>35639340.95636</前年度決算數金額>
<前年度決算數百分比>1.30533751190223</前年度決算數百分比>
<本年度預算數金額>37511942</本年度預算數金額>
<本年度預算數百分比>1.25551513538655</本年度預算數百分比>
<上年度預算數金額>37726411</上年度預算數金額>
<上年度預算數百分比>1.34045428501367</上年度預算數百分比>
<本年度預算數與上年度預算數比較增減百分比>-0.568485032938861</本年度預算數與上年度預算數比較增減百分比>
</Row>
<Row>
<科目>港埠成本</科目>
<前年度決算數金額>10109415.352</前年度決算數金額>
<前年度決算數百分比>0.370270569776374</前年度決算數百分比>
<本年度預算數金額>10137860</本年度預算數金額>
<本年度預算數百分比>0.339311589638038</本年度預算數百分比>
<上年度預算數金額>10588036</上年度預算數金額>
<上年度預算數百分比>0.37620271448771</上年度預算數百分比>
<本年度預算數與上年度預算數比較增減百分比>-4.25174224945967</本年度預算數與上年度預算數比較增減百分比>
</Row>
<Row>
<科目>印刷出版廣告成本</科目>
<前年度決算數金額>523016.696</前年度決算數金額>
<前年度決算數百分比>1.91561710828474E-02</前年度決算數百分比>
<本年度預算數金額>505003</本年度預算數金額>
<本年度預算數百分比>1.69023216637415E-02</本年度預算數百分比>
<上年度預算數金額>504709</上年度預算數金額>
<上年度預算數百分比>0.017932777696107</上年度預算數百分比>
<本年度預算數與上年度預算數比較增減百分比>5.82513884238244E-02</本年度預算數與上年度預算數比較增減百分比>
</Row>
<Row>
<科目>郵務成本</科目>
<前年度決算數金額>19431519.38941</前年度決算數金額>
<前年度決算數百分比>0.711704832121086</前年度決算數百分比>
<本年度預算數金額>20630163</本年度預算數金額>
<本年度預算數百分比>0.69048629612382</本年度預算數百分比>
<上年度預算數金額>20150639</上年度預算數金額>
<上年度預算數百分比>0.715970845817102</上年度預算數百分比>
<本年度預算數與上年度預算數比較增減百分比>2.37969624685351</本年度預算數與上年度預算數比較增減百分比>
</Row>
<Row>
<科目>電信成本</科目>
<前年度決算數金額></前年度決算數金額>
<前年度決算數百分比></前年度決算數百分比>
<本年度預算數金額></本年度預算數金額>
<本年度預算數百分比></本年度預算數百分比>
<上年度預算數金額></上年度預算數金額>
<上年度預算數百分比></上年度預算數百分比>
<本年度預算數與上年度預算數比較增減百分比></本年度預算數與上年度預算數比較增減百分比>
</Row>
<Row>
<科目>金融保險成本</科目>
<前年度決算數金額>929863706.49365</前年度決算數金額>
<前年度決算數百分比>34.0574753761264</前年度決算數百分比>
<本年度預算數金額>1110138854</本年度預算數金額>
<本年度預算數百分比>37.1560644228357</本年度預算數百分比>
<上年度預算數金額>993097769</上年度預算數金額>
<上年度預算數百分比>35.2856824862977</上年度預算數百分比>
<本年度預算數與上年度預算數比較增減百分比>11.7854544289083</本年度預算數與上年度預算數比較增減百分比>
</Row>
<Row>
<科目>其他營業成本</科目>
<前年度決算數金額>13423050.40597</前年度決算數金額>
<前年度決算數百分比>0.491636790941844</前年度決算數百分比>
<本年度預算數金額>14149998</本年度預算數金額>
<本年度預算數百分比>0.47359682563727</本年度預算數百分比>
<上年度預算數金額>14819339</上年度預算數金額>
<上年度預算數百分比>0.526544824622205</上年度預算數百分比>
<本年度預算數與上年度預算數比較增減百分比>-4.51667243727942</本年度預算數與上年度預算數比較增減百分比>
</Row>
<Row>
<科目>營業毛利（毛損－）</科目>
<前年度決算數金額>494744858.583519</前年度決算數金額>
<前年度決算數百分比>18.1206780316341</前年度決算數百分比>
<本年度預算數金額>277892120</本年度預算數金額>
<本年度預算數百分比>9.30097841014616</本年度預算數百分比>
<上年度預算數金額>294753851</上年度預算數金額>
<上年度預算數百分比>10.4728770143874</上年度預算數百分比>
<本年度預算數與上年度預算數比較增減百分比>-5.72061431692711</本年度預算數與上年度預算數比較增減百分比>
</Row>
<Row>
<科目>營業費用</科目>
<前年度決算數金額>112153112.72921</前年度決算數金額>
<前年度決算數百分比>4.10775455419615</前年度決算數百分比>
<本年度預算數金額>125215193</本年度預算數金額>
<本年度預算數百分比>4.19092058715189</本年度預算數百分比>
<上年度預算數金額>124069721</上年度預算數金額>
<上年度預算數百分比>4.40831196889894</上年度預算數百分比>
<本年度預算數與上年度預算數比較增減百分比>0.923248630501877</本年度預算數與上年度預算數比較增減百分比>
</Row>
<Row>
<科目>行銷費用</科目>
<前年度決算數金額>30942276.52833</前年度決算數金額>
<前年度決算數百分比>1.13330137910065</前年度決算數百分比>
<本年度預算數金額>33230306</本年度預算數金額>
<本年度預算數百分比>1.11220987003356</本年度預算數百分比>
<上年度預算數金額>33656243</上年度預算數金額>
<上年度預算數百分比>1.19583745050149</上年度預算數百分比>
<本年度預算數與上年度預算數比較增減百分比>-1.26555123814622</本年度預算數與上年度預算數比較增減百分比>
</Row>
<Row>
<科目>業務費用</科目>
<前年度決算數金額>59618557.49873</前年度決算數金額>
<前年度決算數百分比>2.18360770486426</前年度決算數百分比>
<本年度預算數金額>66788462</本年度預算數金額>
<本年度預算數百分比>2.23539279598452</本年度預算數百分比>
<上年度預算數金額>66579826</上年度預算數金額>
<上年度預算數百分比>2.36564281339046</上年度預算數百分比>
<本年度預算數與上年度預算數比較增減百分比>0.313362188720649</本年度預算數與上年度預算數比較增減百分比>
</Row>
<Row>
<科目>管理費用</科目>
<前年度決算數金額>15564300.54963</前年度決算數金額>
<前年度決算數百分比>0.570062880198319</前年度決算數百分比>
<本年度預算數金額>17482010</本年度預算數金額>
<本年度預算數百分比>0.585118417808894</本年度預算數百分比>
<上年度預算數金額>16477813</上年度預算數金額>
<上年度預算數百分比>0.585471940161602</上年度預算數百分比>
<本年度預算數與上年度預算數比較增減百分比>6.09423714178575</本年度預算數與上年度預算數比較增減百分比>
</Row>
<Row>
<科目>其他營業費用</科目>
<前年度決算數金額>6027978.15252</前年度決算數金額>
<前年度決算數百分比>0.220782590032919</前年度決算數百分比>
<本年度預算數金額>7714415</本年度預算數金額>
<本年度預算數百分比>0.258199503324915</本年度預算數百分比>
<上年度預算數金額>7355839</上年度預算數金額>
<上年度預算數百分比>0.261359764845394</上年度預算數百分比>
<本年度預算數與上年度預算數比較增減百分比>4.87471245632211</本年度預算數與上年度預算數比較增減百分比>
</Row>
<Row>
<科目>營業利益（損失－）</科目>
<前年度決算數金額>382591745.854309</前年度決算數金額>
<前年度決算數百分比>14.012923477438</前年度決算數百分比>
<本年度預算數金額>152676927</本年度預算數金額>
<本年度預算數百分比>5.11005782299426</本年度預算數百分比>
<上年度預算數金額>170684130</上年度預算數金額>
<上年度預算數百分比>6.06456504548844</上年度預算數百分比>
<本年度預算數與上年度預算數比較增減百分比>-10.550015985669</本年度預算數與上年度預算數比較增減百分比>
</Row>
<Row>
<科目>營業外收入</科目>
<前年度決算數金額>32747036.96034</前年度決算數金額>
<前年度決算數百分比>1.19940309222672</前年度決算數百分比>
<本年度預算數金額>20431902</本年度預算數金額>
<本年度預算數百分比>0.683850550998791</本年度預算數百分比>
<上年度預算數金額>19179937</上年度預算數金額>
<上年度預算數百分比>0.681480905722579</上年度預算數百分比>
<本年度預算數與上年度預算數比較增減百分比>6.52747190983995</本年度預算數與上年度預算數比較增減百分比>
</Row>
<Row>
<科目>財務收入</科目>
<前年度決算數金額>8983268.98495</前年度決算數金額>
<前年度決算數百分比>0.329023985037257</前年度決算數百分比>
<本年度預算數金額>5477441</本年度預算數金額>
<本年度預算數百分比>0.183328553842582</本年度預算數百分比>
<上年度預算數金額>4495879</上年度預算數金額>
<上年度預算數百分比>0.159742740184137</上年度預算數百分比>
<本年度預算數與上年度預算數比較增減百分比>21.8324825912797</本年度預算數與上年度預算數比較增減百分比>
</Row>
<Row>
<科目>其他營業外收入</科目>
<前年度決算數金額>23763767.97539</前年度決算數金額>
<前年度決算數百分比>0.870379107189462</前年度決算數百分比>
<本年度預算數金額>14954461</本年度預算數金額>
<本年度預算數百分比>0.500521997156208</本年度預算數百分比>
<上年度預算數金額>14684058</上年度預算數金額>
<上年度預算數百分比>0.521738165538442</上年度預算數百分比>
<本年度預算數與上年度預算數比較增減百分比>1.84147324942465</本年度預算數與上年度預算數比較增減百分比>
</Row>
<Row>
<科目>營業外費用</科目>
<前年度決算數金額>51051316.8786</前年度決算數金額>
<前年度決算數百分比>1.86982130324023</前年度決算數百分比>
<本年度預算數金額>51992000</本年度預算數金額>
<本年度預算數百分比>1.7401589850778</本年度預算數百分比>
<上年度預算數金額>49553402</上年度預算數金額>
<上年度預算數百分比>1.76067821685728</上年度預算數百分比>
<本年度預算數與上年度預算數比較增減百分比>4.92115152860746</本年度預算數與上年度預算數比較增減百分比>
</Row>
<Row>
<科目>財務費用</科目>
<前年度決算數金額>13178646.08379</前年度決算數金額>
<前年度決算數百分比>0.482685162734038</前年度決算數百分比>
<本年度預算數金額>23548989</本年度預算數金額>
<本年度預算數百分比>0.788178658213732</本年度預算數百分比>
<上年度預算數金額>20988758</上年度預算數金額>
<上年度預算數百分比>0.745749989263887</上年度預算數百分比>
<本年度預算數與上年度預算數比較增減百分比>12.1981062433518</本年度預算數與上年度預算數比較增減百分比>
</Row>
<Row>
<科目>其他營業外費用</科目>
<前年度決算數金額>37872670.79481</前年度決算數金額>
<前年度決算數百分比>1.38713614050619</前年度決算數百分比>
<本年度預算數金額>28443011</本年度預算數金額>
<本年度預算數百分比>0.951980326864071</本年度預算數百分比>
<上年度預算數金額>28564644</上年度預算數金額>
<上年度預算數百分比>1.0149282275934</上年度預算數百分比>
<本年度預算數與上年度預算數比較增減百分比>-0.425816614413259</本年度預算數與上年度預算數比較增減百分比>
</Row>
<Row>
<科目>營業外利益（損失－）</科目>
<前年度決算數金額>-18304279.91826</前年度決算數金額>
<前年度決算數百分比>0.670418211013511</前年度決算數百分比>
<本年度預算數金額>-31560098</本年度預算數金額>
<本年度預算數百分比>1.05630843407901</本年度預算數百分比>
<上年度預算數金額>-30373465</上年度預算數金額>
<上年度預算數百分比>1.07919731113471</上年度預算數百分比>
<本年度預算數與上年度預算數比較增減百分比>3.90680813005694</本年度預算數與上年度預算數比較增減百分比>
</Row>
<Row>
<科目>稅前純益(純損－)</科目>
<前年度決算數金額>364287465.936049</前年度決算數金額>
<前年度決算數百分比>13.3425052664245</前年度決算數百分比>
<本年度預算數金額>121116829</本年度預算數金額>
<本年度預算數百分比>4.05374938891525</本年度預算數百分比>
<上年度預算數金額>140310665</上年度預算數金額>
<上年度預算數百分比>4.98536773435373</上年度預算數百分比>
<本年度預算數與上年度預算數比較增減百分比>-13.6795274970723</本年度預算數與上年度預算數比較增減百分比>
</Row>
<Row>
<科目>所得稅費用(利益－)</科目>
<前年度決算數金額>17784535.38616</前年度決算數金額>
<前年度決算數百分比>0.651381887216532</前年度決算數百分比>
<本年度預算數金額>7208685</本年度預算數金額>
<本年度預算數百分比>0.241272849156516</本年度預算數百分比>
<上年度預算數金額>4155433</上年度預算數金額>
<上年度預算數百分比>0.147646378844179</上年度預算數百分比>
<本年度預算數與上年度預算數比較增減百分比>73.476145566539</本年度預算數與上年度預算數比較增減百分比>
</Row>
<Row>
<科目>非常利益（損失－）</科目>
<前年度決算數金額></前年度決算數金額>
<前年度決算數百分比></前年度決算數百分比>
<本年度預算數金額></本年度預算數金額>
<本年度預算數百分比></本年度預算數百分比>
<上年度預算數金額></上年度預算數金額>
<上年度預算數百分比></上年度預算數百分比>
<本年度預算數與上年度預算數比較增減百分比></本年度預算數與上年度預算數比較增減百分比>
</Row>
<Row>
<科目>會計原則變動累積影響數</科目>
<前年度決算數金額>6668882.90365</前年度決算數金額>
<前年度決算數百分比>0.244256565442025</前年度決算數百分比>
<本年度預算數金額></本年度預算數金額>
<本年度預算數百分比></本年度預算數百分比>
<上年度預算數金額></上年度預算數金額>
<上年度預算數百分比></上年度預算數百分比>
<本年度預算數與上年度預算數比較增減百分比></本年度預算數與上年度預算數比較增減百分比>
</Row>
<Row>
<科目>本期純益（純損－）</科目>
<前年度決算數金額>353171813.453539</前年度決算數金額>
<前年度決算數百分比>12.93537994465</前年度決算數百分比>
<本年度預算數金額>113908144</本年度預算數金額>
<本年度預算數百分比>3.81247653975874</本年度預算數百分比>
<上年度預算數金額>136155232</上年度預算數金額>
<上年度預算數百分比>4.83772135550956</上年度預算數百分比>
<本年度預算數與上年度預算數比較增減百分比>-16.339502840405</本年度預算數與上年度預算數比較增減百分比>
</Row>
<Row>
<科目>本期純益（純損－）歸屬於：母公司股東</科目>
<前年度決算數金額></前年度決算數金額>
<前年度決算數百分比></前年度決算數百分比>
<本年度預算數金額>113903103</本年度預算數金額>
<本年度預算數百分比></本年度預算數百分比>
<上年度預算數金額>135162113</上年度預算數金額>
<上年度預算數百分比></上年度預算數百分比>
<本年度預算數與上年度預算數比較增減百分比></本年度預算數與上年度預算數比較增減百分比>
</Row>
<Row>
<科目>本期純益（純損－）歸屬於：少數股權</科目>
<前年度決算數金額></前年度決算數金額>
<前年度決算數百分比></前年度決算數百分比>
<本年度預算數金額>5041</本年度預算數金額>
<本年度預算數百分比></本年度預算數百分比>
<上年度預算數金額>-6881</上年度預算數金額>
<上年度預算數百分比></上年度預算數百分比>
<本年度預算數與上年度預算數比較增減百分比></本年度預算數與上年度預算數比較增減百分比>
</Row>
</DataSet>
</GenericData>