<?xml version="1.0" encoding="UTF-8"?>
<tables>
    <BCME3450>
        <BCME3450_row>
            <objectNo>合計</objectNo>
            <budgetno_3523174100>159941.00</budgetno_3523174100>
            <budgetno_5223175000>540.00</budgetno_5223175000>
            <total>160481.00</total>
        </BCME3450_row>
        <BCME3450_row>
            <objectNo>0100 人事費</objectNo>
            <budgetno_3523174100>131996.00</budgetno_3523174100>
            <budgetno_5223175000/>
            <total>131996.00</total>
        </BCME3450_row>
        <BCME3450_row>
            <objectNo>  0103 法定編制人員待遇</objectNo>
            <budgetno_3523174100>75699.00</budgetno_3523174100>
            <budgetno_5223175000/>
            <total>75699.00</total>
        </BCME3450_row>
        <BCME3450_row>
            <objectNo>  0104 約聘僱人員待遇</objectNo>
            <budgetno_3523174100>8685.00</budgetno_3523174100>
            <budgetno_5223175000/>
            <total>8685.00</total>
        </BCME3450_row>
        <BCME3450_row>
            <objectNo>  0105 技工及工友待遇</objectNo>
            <budgetno_3523174100>2068.00</budgetno_3523174100>
            <budgetno_5223175000/>
            <total>2068.00</total>
        </BCME3450_row>
        <BCME3450_row>
            <objectNo>  0111 獎金</objectNo>
            <budgetno_3523174100>17579.00</budgetno_3523174100>
            <budgetno_5223175000/>
            <total>17579.00</total>
        </BCME3450_row>
        <BCME3450_row>
            <objectNo>  0121 其他給與</objectNo>
            <budgetno_3523174100>1320.00</budgetno_3523174100>
            <budgetno_5223175000/>
            <total>1320.00</total>
        </BCME3450_row>
        <BCME3450_row>
            <objectNo>  0131 加班值班費</objectNo>
            <budgetno_3523174100>10993.00</budgetno_3523174100>
            <budgetno_5223175000/>
            <total>10993.00</total>
        </BCME3450_row>
        <BCME3450_row>
            <objectNo>  0143 退休離職儲金</objectNo>
            <budgetno_3523174100>7101.00</budgetno_3523174100>
            <budgetno_5223175000/>
            <total>7101.00</total>
        </BCME3450_row>
        <BCME3450_row>
            <objectNo>  0151 保險</objectNo>
            <budgetno_3523174100>8551.00</budgetno_3523174100>
            <budgetno_5223175000/>
            <total>8551.00</total>
        </BCME3450_row>
        <BCME3450_row>
            <objectNo>0200 業務費</objectNo>
            <budgetno_3523174100>26749.00</budgetno_3523174100>
            <budgetno_5223175000>540.00</budgetno_5223175000>
            <total>27289.00</total>
        </BCME3450_row>
        <BCME3450_row>
            <objectNo>  0201 教育訓練費</objectNo>
            <budgetno_3523174100>198.00</budgetno_3523174100>
            <budgetno_5223175000/>
            <total>198.00</total>
        </BCME3450_row>
        <BCME3450_row>
            <objectNo>  0202 水電費</objectNo>
            <budgetno_3523174100>4263.00</budgetno_3523174100>
            <budgetno_5223175000/>
            <total>4263.00</total>
        </BCME3450_row>
        <BCME3450_row>
            <objectNo>  0203 通訊費</objectNo>
            <budgetno_3523174100>1035.00</budgetno_3523174100>
            <budgetno_5223175000/>
            <total>1035.00</total>
        </BCME3450_row>
        <BCME3450_row>
            <objectNo>  0215 資訊服務費</objectNo>
            <budgetno_3523174100>273.00</budgetno_3523174100>
            <budgetno_5223175000/>
            <total>273.00</total>
        </BCME3450_row>
        <BCME3450_row>
            <objectNo>  0219 其他業務租金</objectNo>
            <budgetno_3523174100>293.00</budgetno_3523174100>
            <budgetno_5223175000/>
            <total>293.00</total>
        </BCME3450_row>
        <BCME3450_row>
            <objectNo>  0221 稅捐及規費</objectNo>
            <budgetno_3523174100>78.00</budgetno_3523174100>
            <budgetno_5223175000/>
            <total>78.00</total>
        </BCME3450_row>
        <BCME3450_row>
            <objectNo>  0231 保險費</objectNo>
            <budgetno_3523174100>29.00</budgetno_3523174100>
            <budgetno_5223175000/>
            <total>29.00</total>
        </BCME3450_row>
        <BCME3450_row>
            <objectNo>  0250 按日按件計資酬金</objectNo>
            <budgetno_3523174100>5065.00</budgetno_3523174100>
            <budgetno_5223175000>94.00</budgetno_5223175000>
            <total>5159.00</total>
        </BCME3450_row>
        <BCME3450_row>
            <objectNo>  0262 國內組織會費</objectNo>
            <budgetno_3523174100>49.00</budgetno_3523174100>
            <budgetno_5223175000/>
            <total>49.00</total>
        </BCME3450_row>
        <BCME3450_row>
            <objectNo>  0271 物品</objectNo>
            <budgetno_3523174100>3303.00</budgetno_3523174100>
            <budgetno_5223175000>30.00</budgetno_5223175000>
            <total>3333.00</total>
        </BCME3450_row>
        <BCME3450_row>
            <objectNo>  0279 一般事務費</objectNo>
            <budgetno_3523174100>4322.00</budgetno_3523174100>
            <budgetno_5223175000>404.00</budgetno_5223175000>
            <total>4726.00</total>
        </BCME3450_row>
        <BCME3450_row>
            <objectNo>  0282 房屋建築養護費</objectNo>
            <budgetno_3523174100>620.00</budgetno_3523174100>
            <budgetno_5223175000/>
            <total>620.00</total>
        </BCME3450_row>
        <BCME3450_row>
            <objectNo>  0283 車輛及辦公器具養護費</objectNo>
            <budgetno_3523174100>365.00</budgetno_3523174100>
            <budgetno_5223175000/>
            <total>365.00</total>
        </BCME3450_row>
        <BCME3450_row>
            <objectNo>  0284 設施及機械設備養護費</objectNo>
            <budgetno_3523174100>6322.00</budgetno_3523174100>
            <budgetno_5223175000/>
            <total>6322.00</total>
        </BCME3450_row>
        <BCME3450_row>
            <objectNo>  0291 國內旅費</objectNo>
            <budgetno_3523174100>322.00</budgetno_3523174100>
            <budgetno_5223175000>12.00</budgetno_5223175000>
            <total>334.00</total>
        </BCME3450_row>
        <BCME3450_row>
            <objectNo>  0294 運費</objectNo>
            <budgetno_3523174100>98.00</budgetno_3523174100>
            <budgetno_5223175000/>
            <total>98.00</total>
        </BCME3450_row>
        <BCME3450_row>
            <objectNo>  0295 短程車資</objectNo>
            <budgetno_3523174100>21.00</budgetno_3523174100>
            <budgetno_5223175000/>
            <total>21.00</total>
        </BCME3450_row>
        <BCME3450_row>
            <objectNo>  0299 特別費</objectNo>
            <budgetno_3523174100>93.00</budgetno_3523174100>
            <budgetno_5223175000/>
            <total>93.00</total>
        </BCME3450_row>
        <BCME3450_row>
            <objectNo>0300 設備及投資</objectNo>
            <budgetno_3523174100>1160.00</budgetno_3523174100>
            <budgetno_5223175000/>
            <total>1160.00</total>
        </BCME3450_row>
        <BCME3450_row>
            <objectNo>  0319 雜項設備費</objectNo>
            <budgetno_3523174100>1160.00</budgetno_3523174100>
            <budgetno_5223175000/>
            <total>1160.00</total>
        </BCME3450_row>
        <BCME3450_row>
            <objectNo>0400 獎補助費</objectNo>
            <budgetno_3523174100>36.00</budgetno_3523174100>
            <budgetno_5223175000/>
            <total>36.00</total>
        </BCME3450_row>
        <BCME3450_row>
            <objectNo>  0475 獎勵及慰問</objectNo>
            <budgetno_3523174100>36.00</budgetno_3523174100>
            <budgetno_5223175000/>
            <total>36.00</total>
        </BCME3450_row>
    </BCME3450>
</tables>
