<?xml version="1.0" encoding="UTF-8"?>
<tables>
    <BCTDOUTGO>
        <BCTDOUTGO_row>
            <bm_fiscalyear>106</bm_fiscalyear>
            <bm_fundkind>1</bm_fundkind>
            <bm_budgetkind>1</bm_budgetkind>
            <bm_specialbudgetno/>
            <bm_agenno>23016</bm_agenno>
            <bm_agentype>C</bm_agentype>
            <bm_budgetstate>1</bm_budgetstate>
            <bm_abroadplan>2</bm_abroadplan>
            <bm_projtype>2 </bm_projtype>
            <bm_projno>01</bm_projno>
            <bm_abroadplanname>出席國際反貪局聯合會研討會及相關組織會議</bm_abroadplanname>
            <bm_visitsts>2</bm_visitsts>
            <bm_visitexplain>103年7月14日至17日赴大陸北京參加「國際反貪局聯合會研討會」，與各國廉政機構代表進行經驗交流及分享。&#xd;
</bm_visitexplain>
            <bm_dispatchstaffs>0</bm_dispatchstaffs>
            <bm_abroadsite1/>
            <bm_abroadsite2/>
            <bm_abroadsite3/>
            <bm_abroadperiod1/>
            <bm_abroadperiodto1/>
            <bm_abroadperiod2/>
            <bm_abroadperiodto2/>
            <bm_abroadperiod3/>
            <bm_abroadperiodto3/>
            <bm_abroadstaffs1>0</bm_abroadstaffs1>
            <bm_abroadstaffs2>0</bm_abroadstaffs2>
            <bm_abroadstaffs3>0</bm_abroadstaffs3>
            <bm_abroadallowance1>0.00</bm_abroadallowance1>
            <bm_abroadallowance2>0.00</bm_abroadallowance2>
            <bm_abroadallowance3>0.00</bm_abroadallowance3>
            <bm_budgetno>3523161000</bm_budgetno>
            <bm_regionno>91</bm_regionno>
            <bm_country>大陸地區(城市未定)</bm_country>
            <bm_agency/>
            <bm_cont_text>與國際反貪局聯合會各與會國廉政機構代表進行經驗交流及分享，另參與如聯合國反貪腐公約締約國等組織會議，與會員國建立國際合作及反貪網絡。</bm_cont_text>
            <bm_durationfrom>10601</bm_durationfrom>
            <bm_durationto>10612</bm_durationto>
            <bm_days>5</bm_days>
            <bm_persons>2</bm_persons>
            <bm_amt_trans>29000.00</bm_amt_trans>
            <bm_amt_life>79000.00</bm_amt_life>
            <bm_amt_public>3000.00</bm_amt_public>
            <bm_amt_books>0.00</bm_amt_books>
            <bm_amt_flight>0.00</bm_amt_flight>
            <bm_versiondate/>
        </BCTDOUTGO_row>
        <BCTDOUTGO_row>
            <bm_fiscalyear>106</bm_fiscalyear>
            <bm_fundkind>1</bm_fundkind>
            <bm_budgetkind>1</bm_budgetkind>
            <bm_specialbudgetno/>
            <bm_agenno>23016</bm_agenno>
            <bm_agentype>C</bm_agentype>
            <bm_budgetstate>1</bm_budgetstate>
            <bm_abroadplan>2</bm_abroadplan>
            <bm_projtype>6 </bm_projtype>
            <bm_projno>02</bm_projno>
            <bm_abroadplanname>跨境犯罪調查、緝捕外逃罪犯及協談共同打擊貪腐</bm_abroadplanname>
            <bm_visitsts>2</bm_visitsts>
            <bm_visitexplain>&amp;lt;#H1&amp;gt;103年1月22日至23日赴香港廉政公署會談並實地觀摩偵訊設備及社區反貪宣導等事宜。&#xd;
&amp;lt;#H1&amp;gt;104年7月7日至10日赴香港廉政公署、澳門廉政公署、澳門檢察院進行會談交流，並與澳門檢察院建立常態性情資互助窗口。&#xd;
</bm_visitexplain>
            <bm_dispatchstaffs>0</bm_dispatchstaffs>
            <bm_abroadsite1/>
            <bm_abroadsite2/>
            <bm_abroadsite3/>
            <bm_abroadperiod1/>
            <bm_abroadperiodto1/>
            <bm_abroadperiod2/>
            <bm_abroadperiodto2/>
            <bm_abroadperiod3/>
            <bm_abroadperiodto3/>
            <bm_abroadstaffs1>0</bm_abroadstaffs1>
            <bm_abroadstaffs2>0</bm_abroadstaffs2>
            <bm_abroadstaffs3>0</bm_abroadstaffs3>
            <bm_abroadallowance1>0.00</bm_abroadallowance1>
            <bm_abroadallowance2>0.00</bm_abroadallowance2>
            <bm_abroadallowance3>0.00</bm_abroadallowance3>
            <bm_budgetno>3523161000</bm_budgetno>
            <bm_regionno>91</bm_regionno>
            <bm_country>大陸及港、澳地區(地點未定)</bm_country>
            <bm_agency/>
            <bm_cont_text>赴大陸及港、澳地區執行貪瀆犯罪調查、追緝遣返外逃犯罪及人員業務交流，強化跨境打擊貪瀆犯罪及司法互助工作。（預計辦理2次，每次4人）</bm_cont_text>
            <bm_durationfrom>10601</bm_durationfrom>
            <bm_durationto>10612</bm_durationto>
            <bm_days>8</bm_days>
            <bm_persons>8</bm_persons>
            <bm_amt_trans>160000.00</bm_amt_trans>
            <bm_amt_life>216000.00</bm_amt_life>
            <bm_amt_public>2000.00</bm_amt_public>
            <bm_amt_books>0.00</bm_amt_books>
            <bm_amt_flight>0.00</bm_amt_flight>
            <bm_versiondate/>
        </BCTDOUTGO_row>
    </BCTDOUTGO>
</tables>
