<?xml version="1.0" encoding="UTF-8"?>
<tables>
    <BCTMOFFICE>
        <BCTMOFFICE_row>
            <m33_fiscalyear>106</m33_fiscalyear>
            <m33_reportno>辦公房舍      </m33_reportno>
            <m33_level1>001</m33_level1>
            <m33_level2/>
            <m33_level3/>
            <m33_level4/>
            <m33_objectname>辦公房屋</m33_objectname>
            <m33_objectno>07320100</m33_objectno>
            <m33_detailid>0</m33_detailid>
            <br_fiscalyear>106</br_fiscalyear>
            <br_fundkind>1</br_fundkind>
            <br_budgetkind>1</br_budgetkind>
            <br_specialbudgetno/>
            <br_agenno>23016</br_agenno>
            <br_agentype>C</br_agentype>
            <br_budgetstate>1         </br_budgetstate>
            <br_objectno>07320100  </br_objectno>
            <br_holds1>21棟</br_holds1>
            <br_area1>12465.58</br_area1>
            <br_bookvalue1>131545000.00</br_bookvalue1>
            <br_amtyear1>724000.00</br_amtyear1>
            <br_holds2>2棟</br_holds2>
            <br_area2>2463.24</br_area2>
            <br_amtyear2>133000.00</br_amtyear2>
            <br_holds3>2層</br_holds3>
            <br_area3>1907.96</br_area3>
            <br_deposit>0.00</br_deposit>
            <br_rental>4852000.00</br_rental>
            <br_amtyear3>35000.00</br_amtyear3>
            <br_area4>16836.78</br_area4>
            <br_deposit4>0.00</br_deposit4>
            <br_rental4>4852000.00</br_rental4>
            <br_amtyear4>892000.00</br_amtyear4>
            <br_versiondate/>
            <br_text>其他項目係廉政研習中心建物24筆、租賃停車位11筆及役男宿舍1筆。</br_text>
        </BCTMOFFICE_row>
        <BCTMOFFICE_row>
            <m33_fiscalyear>106</m33_fiscalyear>
            <m33_reportno>辦公房舍      </m33_reportno>
            <m33_level1>002</m33_level1>
            <m33_level2/>
            <m33_level3/>
            <m33_level4/>
            <m33_objectname>機關宿舍</m33_objectname>
            <m33_objectno>07320200</m33_objectno>
            <m33_detailid>1</m33_detailid>
            <br_fiscalyear>106</br_fiscalyear>
            <br_fundkind>1</br_fundkind>
            <br_budgetkind>1</br_budgetkind>
            <br_specialbudgetno/>
            <br_agenno>23016</br_agenno>
            <br_agentype>C</br_agentype>
            <br_budgetstate>1         </br_budgetstate>
            <br_objectno>07320200  </br_objectno>
            <br_holds1/>
            <br_area1>235.61</br_area1>
            <br_bookvalue1>3306000.00</br_bookvalue1>
            <br_amtyear1>16000.00</br_amtyear1>
            <br_holds2>3戶</br_holds2>
            <br_area2>406.18</br_area2>
            <br_amtyear2>22000.00</br_amtyear2>
            <br_holds3/>
            <br_area3>0.00</br_area3>
            <br_deposit>0.00</br_deposit>
            <br_rental>0.00</br_rental>
            <br_amtyear3>0.00</br_amtyear3>
            <br_area4>641.79</br_area4>
            <br_deposit4>0.00</br_deposit4>
            <br_rental4>0.00</br_rental4>
            <br_amtyear4>38000.00</br_amtyear4>
            <br_versiondate/>
            <br_text>其他項目係廉政研習中心建物24筆、租賃停車位11筆及役男宿舍1筆。</br_text>
        </BCTMOFFICE_row>
        <BCTMOFFICE_row>
            <m33_fiscalyear>106</m33_fiscalyear>
            <m33_reportno>辦公房舍      </m33_reportno>
            <m33_level1>002</m33_level1>
            <m33_level2>001</m33_level2>
            <m33_level3/>
            <m33_level4/>
            <m33_objectname>首長宿舍</m33_objectname>
            <m33_objectno>07320201</m33_objectno>
            <m33_detailid>0</m33_detailid>
            <br_fiscalyear>106</br_fiscalyear>
            <br_fundkind>1</br_fundkind>
            <br_budgetkind>1</br_budgetkind>
            <br_specialbudgetno/>
            <br_agenno>23016</br_agenno>
            <br_agentype>C</br_agentype>
            <br_budgetstate>1         </br_budgetstate>
            <br_objectno>07320201  </br_objectno>
            <br_holds1>1戶</br_holds1>
            <br_area1>120.56</br_area1>
            <br_bookvalue1>1254000.00</br_bookvalue1>
            <br_amtyear1>6000.00</br_amtyear1>
            <br_holds2/>
            <br_area2>0.00</br_area2>
            <br_amtyear2>0.00</br_amtyear2>
            <br_holds3/>
            <br_area3>0.00</br_area3>
            <br_deposit>0.00</br_deposit>
            <br_rental>0.00</br_rental>
            <br_amtyear3>0.00</br_amtyear3>
            <br_area4>120.56</br_area4>
            <br_deposit4>0.00</br_deposit4>
            <br_rental4>0.00</br_rental4>
            <br_amtyear4>6000.00</br_amtyear4>
            <br_versiondate/>
            <br_text>其他項目係廉政研習中心建物24筆、租賃停車位11筆及役男宿舍1筆。</br_text>
        </BCTMOFFICE_row>
        <BCTMOFFICE_row>
            <m33_fiscalyear>106</m33_fiscalyear>
            <m33_reportno>辦公房舍      </m33_reportno>
            <m33_level1>002</m33_level1>
            <m33_level2>002</m33_level2>
            <m33_level3/>
            <m33_level4/>
            <m33_objectname>單房間職務宿舍</m33_objectname>
            <m33_objectno>07320202</m33_objectno>
            <m33_detailid>0</m33_detailid>
            <br_fiscalyear>106</br_fiscalyear>
            <br_fundkind>1</br_fundkind>
            <br_budgetkind>1</br_budgetkind>
            <br_specialbudgetno/>
            <br_agenno>23016</br_agenno>
            <br_agentype>C</br_agentype>
            <br_budgetstate>1         </br_budgetstate>
            <br_objectno>07320202  </br_objectno>
            <br_holds1>4戶</br_holds1>
            <br_area1>115.05</br_area1>
            <br_bookvalue1>2052000.00</br_bookvalue1>
            <br_amtyear1>10000.00</br_amtyear1>
            <br_holds2/>
            <br_area2>0.00</br_area2>
            <br_amtyear2>0.00</br_amtyear2>
            <br_holds3/>
            <br_area3>0.00</br_area3>
            <br_deposit>0.00</br_deposit>
            <br_rental>0.00</br_rental>
            <br_amtyear3>0.00</br_amtyear3>
            <br_area4>115.05</br_area4>
            <br_deposit4>0.00</br_deposit4>
            <br_rental4>0.00</br_rental4>
            <br_amtyear4>10000.00</br_amtyear4>
            <br_versiondate/>
            <br_text>其他項目係廉政研習中心建物24筆、租賃停車位11筆及役男宿舍1筆。</br_text>
        </BCTMOFFICE_row>
        <BCTMOFFICE_row>
            <m33_fiscalyear>106</m33_fiscalyear>
            <m33_reportno>辦公房舍      </m33_reportno>
            <m33_level1>002</m33_level1>
            <m33_level2>003</m33_level2>
            <m33_level3/>
            <m33_level4/>
            <m33_objectname>多房間職務宿舍</m33_objectname>
            <m33_objectno>07320203</m33_objectno>
            <m33_detailid>0</m33_detailid>
            <br_fiscalyear>106</br_fiscalyear>
            <br_fundkind>1</br_fundkind>
            <br_budgetkind>1</br_budgetkind>
            <br_specialbudgetno/>
            <br_agenno>23016</br_agenno>
            <br_agentype>C</br_agentype>
            <br_budgetstate>1         </br_budgetstate>
            <br_objectno>07320203  </br_objectno>
            <br_holds1>0戶</br_holds1>
            <br_area1>0.00</br_area1>
            <br_bookvalue1>0.00</br_bookvalue1>
            <br_amtyear1>0.00</br_amtyear1>
            <br_holds2>3戶</br_holds2>
            <br_area2>406.18</br_area2>
            <br_amtyear2>22000.00</br_amtyear2>
            <br_holds3/>
            <br_area3>0.00</br_area3>
            <br_deposit>0.00</br_deposit>
            <br_rental>0.00</br_rental>
            <br_amtyear3>0.00</br_amtyear3>
            <br_area4>406.18</br_area4>
            <br_deposit4>0.00</br_deposit4>
            <br_rental4>0.00</br_rental4>
            <br_amtyear4>22000.00</br_amtyear4>
            <br_versiondate/>
            <br_text>其他項目係廉政研習中心建物24筆、租賃停車位11筆及役男宿舍1筆。</br_text>
        </BCTMOFFICE_row>
        <BCTMOFFICE_row>
            <m33_fiscalyear>106</m33_fiscalyear>
            <m33_reportno>辦公房舍      </m33_reportno>
            <m33_level1>003</m33_level1>
            <m33_level2/>
            <m33_level3/>
            <m33_level4/>
            <m33_objectname>其他　　</m33_objectname>
            <m33_objectno>07321000</m33_objectno>
            <m33_detailid>0</m33_detailid>
            <br_fiscalyear>106</br_fiscalyear>
            <br_fundkind>1</br_fundkind>
            <br_budgetkind>1</br_budgetkind>
            <br_specialbudgetno/>
            <br_agenno>23016</br_agenno>
            <br_agentype>C</br_agentype>
            <br_budgetstate>1         </br_budgetstate>
            <br_objectno>07321000  </br_objectno>
            <br_holds1>24筆</br_holds1>
            <br_area1>542.61</br_area1>
            <br_bookvalue1>6560000.00</br_bookvalue1>
            <br_amtyear1>88000.00</br_amtyear1>
            <br_holds2/>
            <br_area2>0.00</br_area2>
            <br_amtyear2>0.00</br_amtyear2>
            <br_holds3>12筆</br_holds3>
            <br_area3>232.70</br_area3>
            <br_deposit>0.00</br_deposit>
            <br_rental>484000.00</br_rental>
            <br_amtyear3>3000.00</br_amtyear3>
            <br_area4>775.31</br_area4>
            <br_deposit4>0.00</br_deposit4>
            <br_rental4>484000.00</br_rental4>
            <br_amtyear4>91000.00</br_amtyear4>
            <br_versiondate/>
            <br_text>其他項目係廉政研習中心建物24筆、租賃停車位11筆及役男宿舍1筆。</br_text>
        </BCTMOFFICE_row>
    </BCTMOFFICE>
</tables>
