<?xml version="1.0" encoding="UTF-8"?>
<tables>
    <BCME3450>
        <BCME3450_row>
            <objectNo>合計</objectNo>
            <budgetno_3523160100>373372.00</budgetno_3523160100>
            <budgetno_3523161000>49841.00</budgetno_3523161000>
            <budgetno_3523169800>536.00</budgetno_3523169800>
            <total>423749.00</total>
        </BCME3450_row>
        <BCME3450_row>
            <objectNo>0100 人事費</objectNo>
            <budgetno_3523160100>324765.00</budgetno_3523160100>
            <budgetno_3523161000/>
            <budgetno_3523169800/>
            <total>324765.00</total>
        </BCME3450_row>
        <BCME3450_row>
            <objectNo>  0103 法定編制人員待遇</objectNo>
            <budgetno_3523160100>221621.00</budgetno_3523160100>
            <budgetno_3523161000/>
            <budgetno_3523169800/>
            <total>221621.00</total>
        </BCME3450_row>
        <BCME3450_row>
            <objectNo>  0104 約聘僱人員待遇</objectNo>
            <budgetno_3523160100>639.00</budgetno_3523160100>
            <budgetno_3523161000/>
            <budgetno_3523169800/>
            <total>639.00</total>
        </BCME3450_row>
        <BCME3450_row>
            <objectNo>  0105 技工及工友待遇</objectNo>
            <budgetno_3523160100>3430.00</budgetno_3523160100>
            <budgetno_3523161000/>
            <budgetno_3523169800/>
            <total>3430.00</total>
        </BCME3450_row>
        <BCME3450_row>
            <objectNo>  0111 獎金</objectNo>
            <budgetno_3523160100>43524.00</budgetno_3523160100>
            <budgetno_3523161000/>
            <budgetno_3523169800/>
            <total>43524.00</total>
        </BCME3450_row>
        <BCME3450_row>
            <objectNo>  0121 其他給與</objectNo>
            <budgetno_3523160100>2745.00</budgetno_3523160100>
            <budgetno_3523161000/>
            <budgetno_3523169800/>
            <total>2745.00</total>
        </BCME3450_row>
        <BCME3450_row>
            <objectNo>  0131 加班值班費</objectNo>
            <budgetno_3523160100>17939.00</budgetno_3523160100>
            <budgetno_3523161000/>
            <budgetno_3523169800/>
            <total>17939.00</total>
        </BCME3450_row>
        <BCME3450_row>
            <objectNo>  0143 退休離職儲金</objectNo>
            <budgetno_3523160100>17532.00</budgetno_3523160100>
            <budgetno_3523161000/>
            <budgetno_3523169800/>
            <total>17532.00</total>
        </BCME3450_row>
        <BCME3450_row>
            <objectNo>  0151 保險</objectNo>
            <budgetno_3523160100>17335.00</budgetno_3523160100>
            <budgetno_3523161000/>
            <budgetno_3523169800/>
            <total>17335.00</total>
        </BCME3450_row>
        <BCME3450_row>
            <objectNo>0200 業務費</objectNo>
            <budgetno_3523160100>42970.00</budgetno_3523160100>
            <budgetno_3523161000>35651.00</budgetno_3523161000>
            <budgetno_3523169800/>
            <total>78621.00</total>
        </BCME3450_row>
        <BCME3450_row>
            <objectNo>  0201 教育訓練費</objectNo>
            <budgetno_3523160100>80.00</budgetno_3523160100>
            <budgetno_3523161000>50.00</budgetno_3523161000>
            <budgetno_3523169800/>
            <total>130.00</total>
        </BCME3450_row>
        <BCME3450_row>
            <objectNo>  0202 水電費</objectNo>
            <budgetno_3523160100>5933.00</budgetno_3523160100>
            <budgetno_3523161000/>
            <budgetno_3523169800/>
            <total>5933.00</total>
        </BCME3450_row>
        <BCME3450_row>
            <objectNo>  0203 通訊費</objectNo>
            <budgetno_3523160100>1856.00</budgetno_3523160100>
            <budgetno_3523161000>400.00</budgetno_3523161000>
            <budgetno_3523169800/>
            <total>2256.00</total>
        </BCME3450_row>
        <BCME3450_row>
            <objectNo>  0215 資訊服務費</objectNo>
            <budgetno_3523160100>5277.00</budgetno_3523160100>
            <budgetno_3523161000/>
            <budgetno_3523169800/>
            <total>5277.00</total>
        </BCME3450_row>
        <BCME3450_row>
            <objectNo>  0219 其他業務租金</objectNo>
            <budgetno_3523160100>6636.00</budgetno_3523160100>
            <budgetno_3523161000/>
            <budgetno_3523169800/>
            <total>6636.00</total>
        </BCME3450_row>
        <BCME3450_row>
            <objectNo>  0221 稅捐及規費</objectNo>
            <budgetno_3523160100>92.00</budgetno_3523160100>
            <budgetno_3523161000/>
            <budgetno_3523169800/>
            <total>92.00</total>
        </BCME3450_row>
        <BCME3450_row>
            <objectNo>  0231 保險費</objectNo>
            <budgetno_3523160100>412.00</budgetno_3523160100>
            <budgetno_3523161000/>
            <budgetno_3523169800/>
            <total>412.00</total>
        </BCME3450_row>
        <BCME3450_row>
            <objectNo>  0250 按日按件計資酬金</objectNo>
            <budgetno_3523160100>51.00</budgetno_3523160100>
            <budgetno_3523161000>2808.00</budgetno_3523161000>
            <budgetno_3523169800/>
            <total>2859.00</total>
        </BCME3450_row>
        <BCME3450_row>
            <objectNo>  0251 委辦費</objectNo>
            <budgetno_3523160100/>
            <budgetno_3523161000>2056.00</budgetno_3523161000>
            <budgetno_3523169800/>
            <total>2056.00</total>
        </BCME3450_row>
        <BCME3450_row>
            <objectNo>  0271 物品</objectNo>
            <budgetno_3523160100>4947.00</budgetno_3523160100>
            <budgetno_3523161000>1884.00</budgetno_3523161000>
            <budgetno_3523169800/>
            <total>6831.00</total>
        </BCME3450_row>
        <BCME3450_row>
            <objectNo>  0279 一般事務費</objectNo>
            <budgetno_3523160100>13627.00</budgetno_3523160100>
            <budgetno_3523161000>21491.00</budgetno_3523161000>
            <budgetno_3523169800/>
            <total>35118.00</total>
        </BCME3450_row>
        <BCME3450_row>
            <objectNo>  0282 房屋建築養護費</objectNo>
            <budgetno_3523160100>1021.00</budgetno_3523160100>
            <budgetno_3523161000/>
            <budgetno_3523169800/>
            <total>1021.00</total>
        </BCME3450_row>
        <BCME3450_row>
            <objectNo>  0283 車輛及辦公器具養護費</objectNo>
            <budgetno_3523160100>1224.00</budgetno_3523160100>
            <budgetno_3523161000/>
            <budgetno_3523169800/>
            <total>1224.00</total>
        </BCME3450_row>
        <BCME3450_row>
            <objectNo>  0284 設施及機械設備養護費</objectNo>
            <budgetno_3523160100>1582.00</budgetno_3523160100>
            <budgetno_3523161000/>
            <budgetno_3523169800/>
            <total>1582.00</total>
        </BCME3450_row>
        <BCME3450_row>
            <objectNo>  0291 國內旅費</objectNo>
            <budgetno_3523160100>51.00</budgetno_3523160100>
            <budgetno_3523161000>5652.00</budgetno_3523161000>
            <budgetno_3523169800/>
            <total>5703.00</total>
        </BCME3450_row>
        <BCME3450_row>
            <objectNo>  0292 大陸地區旅費</objectNo>
            <budgetno_3523160100/>
            <budgetno_3523161000>489.00</budgetno_3523161000>
            <budgetno_3523169800/>
            <total>489.00</total>
        </BCME3450_row>
        <BCME3450_row>
            <objectNo>  0293 國外旅費</objectNo>
            <budgetno_3523160100/>
            <budgetno_3523161000>774.00</budgetno_3523161000>
            <budgetno_3523169800/>
            <total>774.00</total>
        </BCME3450_row>
        <BCME3450_row>
            <objectNo>  0294 運費</objectNo>
            <budgetno_3523160100>14.00</budgetno_3523160100>
            <budgetno_3523161000>32.00</budgetno_3523161000>
            <budgetno_3523169800/>
            <total>46.00</total>
        </BCME3450_row>
        <BCME3450_row>
            <objectNo>  0295 短程車資</objectNo>
            <budgetno_3523160100>10.00</budgetno_3523160100>
            <budgetno_3523161000>15.00</budgetno_3523161000>
            <budgetno_3523169800/>
            <total>25.00</total>
        </BCME3450_row>
        <BCME3450_row>
            <objectNo>  0299 特別費</objectNo>
            <budgetno_3523160100>157.00</budgetno_3523160100>
            <budgetno_3523161000/>
            <budgetno_3523169800/>
            <total>157.00</total>
        </BCME3450_row>
        <BCME3450_row>
            <objectNo>0300 設備及投資</objectNo>
            <budgetno_3523160100>5579.00</budgetno_3523160100>
            <budgetno_3523161000/>
            <budgetno_3523169800/>
            <total>5579.00</total>
        </BCME3450_row>
        <BCME3450_row>
            <objectNo>  0319 雜項設備費</objectNo>
            <budgetno_3523160100>5579.00</budgetno_3523160100>
            <budgetno_3523161000/>
            <budgetno_3523169800/>
            <total>5579.00</total>
        </BCME3450_row>
        <BCME3450_row>
            <objectNo>0400 獎補助費</objectNo>
            <budgetno_3523160100>58.00</budgetno_3523160100>
            <budgetno_3523161000>14190.00</budgetno_3523161000>
            <budgetno_3523169800/>
            <total>14248.00</total>
        </BCME3450_row>
        <BCME3450_row>
            <objectNo>  0475 獎勵及慰問</objectNo>
            <budgetno_3523160100>58.00</budgetno_3523160100>
            <budgetno_3523161000>14190.00</budgetno_3523161000>
            <budgetno_3523169800/>
            <total>14248.00</total>
        </BCME3450_row>
        <BCME3450_row>
            <objectNo>0900 預備金</objectNo>
            <budgetno_3523160100/>
            <budgetno_3523161000/>
            <budgetno_3523169800>536.00</budgetno_3523169800>
            <total>536.00</total>
        </BCME3450_row>
        <BCME3450_row>
            <objectNo>  0901 第一預備金</objectNo>
            <budgetno_3523160100/>
            <budgetno_3523161000/>
            <budgetno_3523169800>536.00</budgetno_3523169800>
            <total>536.00</total>
        </BCME3450_row>
    </BCME3450>
</tables>
