<?xml version="1.0" encoding="UTF-8"?>
<tables>
    <BCME3460>
        <BCME3460_row>
            <budgetno>00030000000</budgetno>
            <b_level>00</b_level>
            <budgetname>行政院主管</budgetname>
            <damt1>845173000.00</damt1>
            <damt2>268103000.00</damt2>
            <damt3>5582000.00</damt3>
            <damt4>0.00</damt4>
            <damt5>3700000.00</damt5>
            <damt6>1122558000.00</damt6>
            <damt7>0.00</damt7>
            <damt8>118678000.00</damt8>
            <damt9>0.00</damt9>
            <damt10>0.00</damt10>
            <damt11>118678000.00</damt11>
            <damt12>1241236000.00</damt12>
            <no1>02</no1>
            <no2>00</no2>
            <no3>00</no3>
            <no4>00</no4>
            <budgetno_conver>0003000000</budgetno_conver>
            <bnorder>0300000000000</bnorder>
            <ba_budgetsource>1</ba_budgetsource>
        </BCME3460_row>
        <BCME3460_row>
            <budgetno>00030010000</budgetno>
            <b_level>10</b_level>
            <budgetname>行政院</budgetname>
            <damt1>845173000.00</damt1>
            <damt2>268103000.00</damt2>
            <damt3>5582000.00</damt3>
            <damt4>0.00</damt4>
            <damt5>3700000.00</damt5>
            <damt6>1122558000.00</damt6>
            <damt7>0.00</damt7>
            <damt8>118678000.00</damt8>
            <damt9>0.00</damt9>
            <damt10>0.00</damt10>
            <damt11>118678000.00</damt11>
            <damt12>1241236000.00</damt12>
            <no1>02</no1>
            <no2>01</no2>
            <no3>00</no3>
            <no4>00</no4>
            <budgetno_conver>0003010000</budgetno_conver>
            <bnorder>0300100000000</bnorder>
            <ba_budgetsource>1</ba_budgetsource>
        </BCME3460_row>
        <BCME3460_row>
            <budgetno>33030010000</budgetno>
            <b_level>20</b_level>
            <budgetname>行政支出</budgetname>
            <damt1>845173000.00</damt1>
            <damt2>268103000.00</damt2>
            <damt3>5582000.00</damt3>
            <damt4>0.00</damt4>
            <damt5>3700000.00</damt5>
            <damt6>1122558000.00</damt6>
            <damt7>0.00</damt7>
            <damt8>118678000.00</damt8>
            <damt9>0.00</damt9>
            <damt10>0.00</damt10>
            <damt11>118678000.00</damt11>
            <damt12>1241236000.00</damt12>
            <no1>02</no1>
            <no2>01</no2>
            <no3>00</no3>
            <no4>00</no4>
            <budgetno_conver>3303010000</budgetno_conver>
            <bnorder>0300100330000</bnorder>
            <ba_budgetsource>1</ba_budgetsource>
        </BCME3460_row>
        <BCME3460_row>
            <budgetno>33030010100</budgetno>
            <b_level>30</b_level>
            <budgetname>一般行政</budgetname>
            <damt1>819521000.00</damt1>
            <damt2>70822000.00</damt2>
            <damt3>1590000.00</damt3>
            <damt4>0.00</damt4>
            <damt5>0.00</damt5>
            <damt6>891933000.00</damt6>
            <damt7>0.00</damt7>
            <damt8>1294000.00</damt8>
            <damt9>0.00</damt9>
            <damt10>0.00</damt10>
            <damt11>1294000.00</damt11>
            <damt12>893227000.00</damt12>
            <no1>02</no1>
            <no2>01</no2>
            <no3>01</no3>
            <no4>00</no4>
            <budgetno_conver>3303010100</budgetno_conver>
            <bnorder>0300100330100</bnorder>
            <ba_budgetsource>1</ba_budgetsource>
        </BCME3460_row>
        <BCME3460_row>
            <budgetno>33030010700</budgetno>
            <b_level>30</b_level>
            <budgetname>施政及法制業務</budgetname>
            <damt1>0.00</damt1>
            <damt2>12206000.00</damt2>
            <damt3>0.00</damt3>
            <damt4>0.00</damt4>
            <damt5>0.00</damt5>
            <damt6>12206000.00</damt6>
            <damt7>0.00</damt7>
            <damt8>0.00</damt8>
            <damt9>0.00</damt9>
            <damt10>0.00</damt10>
            <damt11>0.00</damt11>
            <damt12>12206000.00</damt12>
            <no1>02</no1>
            <no2>01</no2>
            <no3>02</no3>
            <no4>00</no4>
            <budgetno_conver>3303010700</budgetno_conver>
            <bnorder>0300100330700</bnorder>
            <ba_budgetsource>1</ba_budgetsource>
        </BCME3460_row>
        <BCME3460_row>
            <budgetno>33030011100</budgetno>
            <b_level>30</b_level>
            <budgetname>施政推展聯繫</budgetname>
            <damt1>0.00</damt1>
            <damt2>6750000.00</damt2>
            <damt3>0.00</damt3>
            <damt4>0.00</damt4>
            <damt5>0.00</damt5>
            <damt6>6750000.00</damt6>
            <damt7>0.00</damt7>
            <damt8>0.00</damt8>
            <damt9>0.00</damt9>
            <damt10>0.00</damt10>
            <damt11>0.00</damt11>
            <damt12>6750000.00</damt12>
            <no1>02</no1>
            <no2>01</no2>
            <no3>03</no3>
            <no4>00</no4>
            <budgetno_conver>3303011100</budgetno_conver>
            <bnorder>0300100331100</bnorder>
            <ba_budgetsource>1</ba_budgetsource>
        </BCME3460_row>
        <BCME3460_row>
            <budgetno>33030011500</budgetno>
            <b_level>30</b_level>
            <budgetname>科技發展研究諮詢</budgetname>
            <damt1>25652000.00</damt1>
            <damt2>12998000.00</damt2>
            <damt3>0.00</damt3>
            <damt4>0.00</damt4>
            <damt5>0.00</damt5>
            <damt6>38650000.00</damt6>
            <damt7>0.00</damt7>
            <damt8>2011000.00</damt8>
            <damt9>0.00</damt9>
            <damt10>0.00</damt10>
            <damt11>2011000.00</damt11>
            <damt12>40661000.00</damt12>
            <no1>02</no1>
            <no2>01</no2>
            <no3>04</no3>
            <no4>00</no4>
            <budgetno_conver>3303011500</budgetno_conver>
            <bnorder>0300100331500</bnorder>
            <ba_budgetsource>1</ba_budgetsource>
        </BCME3460_row>
        <BCME3460_row>
            <budgetno>33030011600</budgetno>
            <b_level>30</b_level>
            <budgetname>聯合服務業務</budgetname>
            <damt1>0.00</damt1>
            <damt2>27389000.00</damt2>
            <damt3>0.00</damt3>
            <damt4>0.00</damt4>
            <damt5>0.00</damt5>
            <damt6>27389000.00</damt6>
            <damt7>0.00</damt7>
            <damt8>60396000.00</damt8>
            <damt9>0.00</damt9>
            <damt10>0.00</damt10>
            <damt11>60396000.00</damt11>
            <damt12>87785000.00</damt12>
            <no1>02</no1>
            <no2>01</no2>
            <no3>05</no3>
            <no4>00</no4>
            <budgetno_conver>3303011600</budgetno_conver>
            <bnorder>0300100331600</bnorder>
            <ba_budgetsource>1</ba_budgetsource>
        </BCME3460_row>
        <BCME3460_row>
            <budgetno>33030011800</budgetno>
            <b_level>30</b_level>
            <budgetname>國土及資通安全業務</budgetname>
            <damt1>0.00</damt1>
            <damt2>8915000.00</damt2>
            <damt3>0.00</damt3>
            <damt4>0.00</damt4>
            <damt5>0.00</damt5>
            <damt6>8915000.00</damt6>
            <damt7>0.00</damt7>
            <damt8>0.00</damt8>
            <damt9>0.00</damt9>
            <damt10>0.00</damt10>
            <damt11>0.00</damt11>
            <damt12>8915000.00</damt12>
            <no1>02</no1>
            <no2>01</no2>
            <no3>06</no3>
            <no4>00</no4>
            <budgetno_conver>3303011800</budgetno_conver>
            <bnorder>0300100331800</bnorder>
            <ba_budgetsource>1</ba_budgetsource>
        </BCME3460_row>
        <BCME3460_row>
            <budgetno>33030011900</budgetno>
            <b_level>30</b_level>
            <budgetname>災害防救業務</budgetname>
            <damt1>0.00</damt1>
            <damt2>8492000.00</damt2>
            <damt3>0.00</damt3>
            <damt4>0.00</damt4>
            <damt5>0.00</damt5>
            <damt6>8492000.00</damt6>
            <damt7>0.00</damt7>
            <damt8>0.00</damt8>
            <damt9>0.00</damt9>
            <damt10>0.00</damt10>
            <damt11>0.00</damt11>
            <damt12>8492000.00</damt12>
            <no1>02</no1>
            <no2>01</no2>
            <no3>07</no3>
            <no4>00</no4>
            <budgetno_conver>3303011900</budgetno_conver>
            <bnorder>0300100331900</bnorder>
            <ba_budgetsource>1</ba_budgetsource>
        </BCME3460_row>
        <BCME3460_row>
            <budgetno>33030012000</budgetno>
            <b_level>30</b_level>
            <budgetname>性別平等業務</budgetname>
            <damt1>0.00</damt1>
            <damt2>16437000.00</damt2>
            <damt3>0.00</damt3>
            <damt4>0.00</damt4>
            <damt5>0.00</damt5>
            <damt6>16437000.00</damt6>
            <damt7>0.00</damt7>
            <damt8>0.00</damt8>
            <damt9>0.00</damt9>
            <damt10>0.00</damt10>
            <damt11>0.00</damt11>
            <damt12>16437000.00</damt12>
            <no1>02</no1>
            <no2>01</no2>
            <no3>08</no3>
            <no4>00</no4>
            <budgetno_conver>3303012000</budgetno_conver>
            <bnorder>0300100332000</bnorder>
            <ba_budgetsource>1</ba_budgetsource>
        </BCME3460_row>
        <BCME3460_row>
            <budgetno>33030012200</budgetno>
            <b_level>30</b_level>
            <budgetname>消費者保護業務</budgetname>
            <damt1>0.00</damt1>
            <damt2>10163000.00</damt2>
            <damt3>3932000.00</damt3>
            <damt4>0.00</damt4>
            <damt5>0.00</damt5>
            <damt6>14095000.00</damt6>
            <damt7>0.00</damt7>
            <damt8>0.00</damt8>
            <damt9>0.00</damt9>
            <damt10>0.00</damt10>
            <damt11>0.00</damt11>
            <damt12>14095000.00</damt12>
            <no1>02</no1>
            <no2>01</no2>
            <no3>09</no3>
            <no4>00</no4>
            <budgetno_conver>3303012200</budgetno_conver>
            <bnorder>0300100332200</bnorder>
            <ba_budgetsource>1</ba_budgetsource>
        </BCME3460_row>
        <BCME3460_row>
            <budgetno>33030012300</budgetno>
            <b_level>30</b_level>
            <budgetname>資訊管理</budgetname>
            <damt1>0.00</damt1>
            <damt2>34153000.00</damt2>
            <damt3>0.00</damt3>
            <damt4>0.00</damt4>
            <damt5>0.00</damt5>
            <damt6>34153000.00</damt6>
            <damt7>0.00</damt7>
            <damt8>30212000.00</damt8>
            <damt9>0.00</damt9>
            <damt10>0.00</damt10>
            <damt11>30212000.00</damt11>
            <damt12>64365000.00</damt12>
            <no1>02</no1>
            <no2>01</no2>
            <no3>10</no3>
            <no4>00</no4>
            <budgetno_conver>3303012300</budgetno_conver>
            <bnorder>0300100332300</bnorder>
            <ba_budgetsource>1</ba_budgetsource>
        </BCME3460_row>
        <BCME3460_row>
            <budgetno>33030012400</budgetno>
            <b_level>30</b_level>
            <budgetname>新聞傳播業務</budgetname>
            <damt1>0.00</damt1>
            <damt2>59778000.00</damt2>
            <damt3>60000.00</damt3>
            <damt4>0.00</damt4>
            <damt5>0.00</damt5>
            <damt6>59838000.00</damt6>
            <damt7>0.00</damt7>
            <damt8>1086000.00</damt8>
            <damt9>0.00</damt9>
            <damt10>0.00</damt10>
            <damt11>1086000.00</damt11>
            <damt12>60924000.00</damt12>
            <no1>02</no1>
            <no2>01</no2>
            <no3>11</no3>
            <no4>00</no4>
            <budgetno_conver>3303012400</budgetno_conver>
            <bnorder>0300100332400</bnorder>
            <ba_budgetsource>1</ba_budgetsource>
        </BCME3460_row>
        <BCME3460_row>
            <budgetno>33030019000</budgetno>
            <b_level>30</b_level>
            <budgetname>一般建築及設備</budgetname>
            <damt1>0.00</damt1>
            <damt2>0.00</damt2>
            <damt3>0.00</damt3>
            <damt4>0.00</damt4>
            <damt5>0.00</damt5>
            <damt6>0.00</damt6>
            <damt7>0.00</damt7>
            <damt8>23679000.00</damt8>
            <damt9>0.00</damt9>
            <damt10>0.00</damt10>
            <damt11>23679000.00</damt11>
            <damt12>23679000.00</damt12>
            <no1>02</no1>
            <no2>01</no2>
            <no3>12</no3>
            <no4>00</no4>
            <budgetno_conver>3303019000</budgetno_conver>
            <bnorder>0300100339000</bnorder>
            <ba_budgetsource>1</ba_budgetsource>
        </BCME3460_row>
        <BCME3460_row>
            <budgetno>33030019002</budgetno>
            <b_level>40</b_level>
            <budgetname>營建工程</budgetname>
            <damt1>0.00</damt1>
            <damt2>0.00</damt2>
            <damt3>0.00</damt3>
            <damt4>0.00</damt4>
            <damt5>0.00</damt5>
            <damt6>0.00</damt6>
            <damt7>0.00</damt7>
            <damt8>11944000.00</damt8>
            <damt9>0.00</damt9>
            <damt10>0.00</damt10>
            <damt11>11944000.00</damt11>
            <damt12>11944000.00</damt12>
            <no1>02</no1>
            <no2>01</no2>
            <no3>12</no3>
            <no4>01</no4>
            <budgetno_conver>3303019002</budgetno_conver>
            <bnorder>0300100339002</bnorder>
            <ba_budgetsource>1</ba_budgetsource>
        </BCME3460_row>
        <BCME3460_row>
            <budgetno>33030019011</budgetno>
            <b_level>40</b_level>
            <budgetname>交通及運輸設備</budgetname>
            <damt1>0.00</damt1>
            <damt2>0.00</damt2>
            <damt3>0.00</damt3>
            <damt4>0.00</damt4>
            <damt5>0.00</damt5>
            <damt6>0.00</damt6>
            <damt7>0.00</damt7>
            <damt8>8020000.00</damt8>
            <damt9>0.00</damt9>
            <damt10>0.00</damt10>
            <damt11>8020000.00</damt11>
            <damt12>8020000.00</damt12>
            <no1>02</no1>
            <no2>01</no2>
            <no3>12</no3>
            <no4>02</no4>
            <budgetno_conver>3303019011</budgetno_conver>
            <bnorder>0300100339011</bnorder>
            <ba_budgetsource>1</ba_budgetsource>
        </BCME3460_row>
        <BCME3460_row>
            <budgetno>33030019019</budgetno>
            <b_level>40</b_level>
            <budgetname>其他設備</budgetname>
            <damt1>0.00</damt1>
            <damt2>0.00</damt2>
            <damt3>0.00</damt3>
            <damt4>0.00</damt4>
            <damt5>0.00</damt5>
            <damt6>0.00</damt6>
            <damt7>0.00</damt7>
            <damt8>3715000.00</damt8>
            <damt9>0.00</damt9>
            <damt10>0.00</damt10>
            <damt11>3715000.00</damt11>
            <damt12>3715000.00</damt12>
            <no1>02</no1>
            <no2>01</no2>
            <no3>12</no3>
            <no4>03</no4>
            <budgetno_conver>3303019019</budgetno_conver>
            <bnorder>0300100339019</bnorder>
            <ba_budgetsource>1</ba_budgetsource>
        </BCME3460_row>
        <BCME3460_row>
            <budgetno>33030019800</budgetno>
            <b_level>30</b_level>
            <budgetname>第一預備金</budgetname>
            <damt1>0.00</damt1>
            <damt2>0.00</damt2>
            <damt3>0.00</damt3>
            <damt4>0.00</damt4>
            <damt5>3700000.00</damt5>
            <damt6>3700000.00</damt6>
            <damt7>0.00</damt7>
            <damt8>0.00</damt8>
            <damt9>0.00</damt9>
            <damt10>0.00</damt10>
            <damt11>0.00</damt11>
            <damt12>3700000.00</damt12>
            <no1>02</no1>
            <no2>01</no2>
            <no3>13</no3>
            <no4>00</no4>
            <budgetno_conver>3303019800</budgetno_conver>
            <bnorder>0300100339800</bnorder>
            <ba_budgetsource>1</ba_budgetsource>
        </BCME3460_row>
    </BCME3460>
</tables>
