<?xml version="1.0" encoding="UTF-8"?>
<GenericData>
　　<Header>
　　　　<Table Id="FNWBWORKR" Name="收支預計表" Domain="NBA" />
　　　　<Program Id="NBAWBR040_A" />
　　　　<Sender Name="法務部矯正機關作業基金" />
　　　　<報表名稱>收支預計表</報表名稱>
　　　　<年度>105</年度>
　　　　<基金>法務部矯正機關作業基金</基金>
　　　　<階段>預算案</階段>
　　　　<版本>1</版本>
　　　　<單位>新臺幣千元</單位>
　　</Header>
　　<DataSet>
　　　　<ROW>
　　　　　　<SEQNO>1</SEQNO>
　　　　　　<LEVEL>2</LEVEL>
　　　　　　<BOLD>1</BOLD>
　　　　　　<前年度決算數-金額>1023516</前年度決算數-金額>
　　　　　　<前年度決算數-百分比>100.00</前年度決算數-百分比>
　　　　　　<科目>業務收入</科目>
　　　　　　<本年度預算數-金額>1028927</本年度預算數-金額>
　　　　　　<本年度預算數-百分比>100.00</本年度預算數-百分比>
　　　　　　<上年度預算數-金額>956235</上年度預算數-金額>
　　　　　　<上年度預算數-百分比>100.00</上年度預算數-百分比>
　　　　　　<比較增減-金額>72692</比較增減-金額>
　　　　　　<比較增減-百分比>7.60</比較增減-百分比>
　　　　</ROW>
　　　　<ROW>
　　　　　　<SEQNO>2</SEQNO>
　　　　　　<LEVEL>3</LEVEL>
　　　　　　<BOLD>0</BOLD>
　　　　　　<前年度決算數-金額>522540</前年度決算數-金額>
　　　　　　<前年度決算數-百分比>51.05</前年度決算數-百分比>
　　　　　　<科目>勞務收入</科目>
　　　　　　<本年度預算數-金額>520359</本年度預算數-金額>
　　　　　　<本年度預算數-百分比>50.57</本年度預算數-百分比>
　　　　　　<上年度預算數-金額>491116</上年度預算數-金額>
　　　　　　<上年度預算數-百分比>51.36</上年度預算數-百分比>
　　　　　　<比較增減-金額>29243</比較增減-金額>
　　　　　　<比較增減-百分比>5.95</比較增減-百分比>
　　　　</ROW>
　　　　<ROW>
　　　　　　<SEQNO>3</SEQNO>
　　　　　　<LEVEL>4</LEVEL>
　　　　　　<BOLD>0</BOLD>
　　　　　　<前年度決算數-金額>434637</前年度決算數-金額>
　　　　　　<前年度決算數-百分比>42.47</前年度決算數-百分比>
　　　　　　<科目>加工收入</科目>
　　　　　　<本年度預算數-金額>431352</本年度預算數-金額>
　　　　　　<本年度預算數-百分比>41.92</本年度預算數-百分比>
　　　　　　<上年度預算數-金額>420414</上年度預算數-金額>
　　　　　　<上年度預算數-百分比>43.97</上年度預算數-百分比>
　　　　　　<比較增減-金額>10938</比較增減-金額>
　　　　　　<比較增減-百分比>2.60</比較增減-百分比>
　　　　</ROW>
　　　　<ROW>
　　　　　　<SEQNO>4</SEQNO>
　　　　　　<LEVEL>4</LEVEL>
　　　　　　<BOLD>0</BOLD>
　　　　　　<前年度決算數-金額>87903</前年度決算數-金額>
　　　　　　<前年度決算數-百分比>8.59</前年度決算數-百分比>
　　　　　　<科目>其他勞務收入</科目>
　　　　　　<本年度預算數-金額>89007</本年度預算數-金額>
　　　　　　<本年度預算數-百分比>8.65</本年度預算數-百分比>
　　　　　　<上年度預算數-金額>70702</上年度預算數-金額>
　　　　　　<上年度預算數-百分比>7.39</上年度預算數-百分比>
　　　　　　<比較增減-金額>18305</比較增減-金額>
　　　　　　<比較增減-百分比>25.89</比較增減-百分比>
　　　　</ROW>
　　　　<ROW>
　　　　　　<SEQNO>5</SEQNO>
　　　　　　<LEVEL>3</LEVEL>
　　　　　　<BOLD>0</BOLD>
　　　　　　<前年度決算數-金額>500976</前年度決算數-金額>
　　　　　　<前年度決算數-百分比>48.95</前年度決算數-百分比>
　　　　　　<科目>銷貨收入</科目>
　　　　　　<本年度預算數-金額>508568</本年度預算數-金額>
　　　　　　<本年度預算數-百分比>49.43</本年度預算數-百分比>
　　　　　　<上年度預算數-金額>465119</上年度預算數-金額>
　　　　　　<上年度預算數-百分比>48.64</上年度預算數-百分比>
　　　　　　<比較增減-金額>43449</比較增減-金額>
　　　　　　<比較增減-百分比>9.34</比較增減-百分比>
　　　　</ROW>
　　　　<ROW>
　　　　　　<SEQNO>6</SEQNO>
　　　　　　<LEVEL>4</LEVEL>
　　　　　　<BOLD>0</BOLD>
　　　　　　<前年度決算數-金額>22544</前年度決算數-金額>
　　　　　　<前年度決算數-百分比>2.20</前年度決算數-百分比>
　　　　　　<科目>印刷出版品銷貨收入</科目>
　　　　　　<本年度預算數-金額>22330</本年度預算數-金額>
　　　　　　<本年度預算數-百分比>2.17</本年度預算數-百分比>
　　　　　　<上年度預算數-金額>21726</上年度預算數-金額>
　　　　　　<上年度預算數-百分比>2.27</上年度預算數-百分比>
　　　　　　<比較增減-金額>604</比較增減-金額>
　　　　　　<比較增減-百分比>2.78</比較增減-百分比>
　　　　</ROW>
　　　　<ROW>
　　　　　　<SEQNO>7</SEQNO>
　　　　　　<LEVEL>4</LEVEL>
　　　　　　<BOLD>0</BOLD>
　　　　　　<前年度決算數-金額>435410</前年度決算數-金額>
　　　　　　<前年度決算數-百分比>42.54</前年度決算數-百分比>
　　　　　　<科目>製成品銷貨收入</科目>
　　　　　　<本年度預算數-金額>440184</本年度預算數-金額>
　　　　　　<本年度預算數-百分比>42.78</本年度預算數-百分比>
　　　　　　<上年度預算數-金額>404165</上年度預算數-金額>
　　　　　　<上年度預算數-百分比>42.27</上年度預算數-百分比>
　　　　　　<比較增減-金額>36019</比較增減-金額>
　　　　　　<比較增減-百分比>8.91</比較增減-百分比>
　　　　</ROW>
　　　　<ROW>
　　　　　　<SEQNO>8</SEQNO>
　　　　　　<LEVEL>4</LEVEL>
　　　　　　<BOLD>0</BOLD>
　　　　　　<前年度決算數-金額>934</前年度決算數-金額>
　　　　　　<前年度決算數-百分比>0.09</前年度決算數-百分比>
　　　　　　<科目>製成品銷貨退回及折讓(-)</科目>
　　　　　　<本年度預算數-金額>0</本年度預算數-金額>
　　　　　　<本年度預算數-百分比>0</本年度預算數-百分比>
　　　　　　<上年度預算數-金額>0</上年度預算數-金額>
　　　　　　<上年度預算數-百分比>0</上年度預算數-百分比>
　　　　　　<比較增減-金額>0</比較增減-金額>
　　　　　　<比較增減-百分比>0</比較增減-百分比>
　　　　</ROW>
　　　　<ROW>
　　　　　　<SEQNO>9</SEQNO>
　　　　　　<LEVEL>4</LEVEL>
　　　　　　<BOLD>0</BOLD>
　　　　　　<前年度決算數-金額>43956</前年度決算數-金額>
　　　　　　<前年度決算數-百分比>4.29</前年度決算數-百分比>
　　　　　　<科目>農林漁牧銷貨收入</科目>
　　　　　　<本年度預算數-金額>46054</本年度預算數-金額>
　　　　　　<本年度預算數-百分比>4.48</本年度預算數-百分比>
　　　　　　<上年度預算數-金額>39228</上年度預算數-金額>
　　　　　　<上年度預算數-百分比>4.10</上年度預算數-百分比>
　　　　　　<比較增減-金額>6826</比較增減-金額>
　　　　　　<比較增減-百分比>17.40</比較增減-百分比>
　　　　</ROW>
　　　　<ROW>
　　　　　　<SEQNO>10</SEQNO>
　　　　　　<LEVEL>2</LEVEL>
　　　　　　<BOLD>1</BOLD>
　　　　　　<前年度決算數-金額>688466</前年度決算數-金額>
　　　　　　<前年度決算數-百分比>67.26</前年度決算數-百分比>
　　　　　　<科目>業務成本與費用</科目>
　　　　　　<本年度預算數-金額>689285</本年度預算數-金額>
　　　　　　<本年度預算數-百分比>66.99</本年度預算數-百分比>
　　　　　　<上年度預算數-金額>648078</上年度預算數-金額>
　　　　　　<上年度預算數-百分比>67.77</上年度預算數-百分比>
　　　　　　<比較增減-金額>41207</比較增減-金額>
　　　　　　<比較增減-百分比>6.36</比較增減-百分比>
　　　　</ROW>
　　　　<ROW>
　　　　　　<SEQNO>11</SEQNO>
　　　　　　<LEVEL>3</LEVEL>
　　　　　　<BOLD>0</BOLD>
　　　　　　<前年度決算數-金額>278250</前年度決算數-金額>
　　　　　　<前年度決算數-百分比>27.19</前年度決算數-百分比>
　　　　　　<科目>勞務成本</科目>
　　　　　　<本年度預算數-金額>277375</本年度預算數-金額>
　　　　　　<本年度預算數-百分比>26.96</本年度預算數-百分比>
　　　　　　<上年度預算數-金額>263212</上年度預算數-金額>
　　　　　　<上年度預算數-百分比>27.53</上年度預算數-百分比>
　　　　　　<比較增減-金額>14163</比較增減-金額>
　　　　　　<比較增減-百分比>5.38</比較增減-百分比>
　　　　</ROW>
　　　　<ROW>
　　　　　　<SEQNO>12</SEQNO>
　　　　　　<LEVEL>4</LEVEL>
　　　　　　<BOLD>0</BOLD>
　　　　　　<前年度決算數-金額>230743</前年度決算數-金額>
　　　　　　<前年度決算數-百分比>22.54</前年度決算數-百分比>
　　　　　　<科目>加工成本</科目>
　　　　　　<本年度預算數-金額>229431</本年度預算數-金額>
　　　　　　<本年度預算數-百分比>22.30</本年度預算數-百分比>
　　　　　　<上年度預算數-金額>225278</上年度預算數-金額>
　　　　　　<上年度預算數-百分比>23.56</上年度預算數-百分比>
　　　　　　<比較增減-金額>4153</比較增減-金額>
　　　　　　<比較增減-百分比>1.84</比較增減-百分比>
　　　　</ROW>
　　　　<ROW>
　　　　　　<SEQNO>13</SEQNO>
　　　　　　<LEVEL>4</LEVEL>
　　　　　　<BOLD>0</BOLD>
　　　　　　<前年度決算數-金額>47507</前年度決算數-金額>
　　　　　　<前年度決算數-百分比>4.64</前年度決算數-百分比>
　　　　　　<科目>其他勞務成本</科目>
　　　　　　<本年度預算數-金額>47944</本年度預算數-金額>
　　　　　　<本年度預算數-百分比>4.66</本年度預算數-百分比>
　　　　　　<上年度預算數-金額>37934</上年度預算數-金額>
　　　　　　<上年度預算數-百分比>3.97</上年度預算數-百分比>
　　　　　　<比較增減-金額>10010</比較增減-金額>
　　　　　　<比較增減-百分比>26.39</比較增減-百分比>
　　　　</ROW>
　　　　<ROW>
　　　　　　<SEQNO>14</SEQNO>
　　　　　　<LEVEL>3</LEVEL>
　　　　　　<BOLD>0</BOLD>
　　　　　　<前年度決算數-金額>389464</前年度決算數-金額>
　　　　　　<前年度決算數-百分比>38.05</前年度決算數-百分比>
　　　　　　<科目>銷貨成本</科目>
　　　　　　<本年度預算數-金額>390347</本年度預算數-金額>
　　　　　　<本年度預算數-百分比>37.94</本年度預算數-百分比>
　　　　　　<上年度預算數-金額>365135</上年度預算數-金額>
　　　　　　<上年度預算數-百分比>38.18</上年度預算數-百分比>
　　　　　　<比較增減-金額>25212</比較增減-金額>
　　　　　　<比較增減-百分比>6.90</比較增減-百分比>
　　　　</ROW>
　　　　<ROW>
　　　　　　<SEQNO>15</SEQNO>
　　　　　　<LEVEL>4</LEVEL>
　　　　　　<BOLD>0</BOLD>
　　　　　　<前年度決算數-金額>17007</前年度決算數-金額>
　　　　　　<前年度決算數-百分比>1.66</前年度決算數-百分比>
　　　　　　<科目>印刷出版品成本</科目>
　　　　　　<本年度預算數-金額>16709</本年度預算數-金額>
　　　　　　<本年度預算數-百分比>1.62</本年度預算數-百分比>
　　　　　　<上年度預算數-金額>16825</上年度預算數-金額>
　　　　　　<上年度預算數-百分比>1.76</上年度預算數-百分比>
　　　　　　<比較增減-金額>-116</比較增減-金額>
　　　　　　<比較增減-百分比>0.69</比較增減-百分比>
　　　　</ROW>
　　　　<ROW>
　　　　　　<SEQNO>16</SEQNO>
　　　　　　<LEVEL>4</LEVEL>
　　　　　　<BOLD>0</BOLD>
　　　　　　<前年度決算數-金額>336143</前年度決算數-金額>
　　　　　　<前年度決算數-百分比>32.84</前年度決算數-百分比>
　　　　　　<科目>製成品銷貨成本</科目>
　　　　　　<本年度預算數-金額>337200</本年度預算數-金額>
　　　　　　<本年度預算數-百分比>32.77</本年度預算數-百分比>
　　　　　　<上年度預算數-金額>316120</上年度預算數-金額>
　　　　　　<上年度預算數-百分比>33.06</上年度預算數-百分比>
　　　　　　<比較增減-金額>21080</比較增減-金額>
　　　　　　<比較增減-百分比>6.67</比較增減-百分比>
　　　　</ROW>
　　　　<ROW>
　　　　　　<SEQNO>17</SEQNO>
　　　　　　<LEVEL>4</LEVEL>
　　　　　　<BOLD>0</BOLD>
　　　　　　<前年度決算數-金額>36314</前年度決算數-金額>
　　　　　　<前年度決算數-百分比>3.55</前年度決算數-百分比>
　　　　　　<科目>農林漁牧銷貨成本</科目>
　　　　　　<本年度預算數-金額>36438</本年度預算數-金額>
　　　　　　<本年度預算數-百分比>3.54</本年度預算數-百分比>
　　　　　　<上年度預算數-金額>32190</上年度預算數-金額>
　　　　　　<上年度預算數-百分比>3.37</上年度預算數-百分比>
　　　　　　<比較增減-金額>4248</比較增減-金額>
　　　　　　<比較增減-百分比>13.20</比較增減-百分比>
　　　　</ROW>
　　　　<ROW>
　　　　　　<SEQNO>18</SEQNO>
　　　　　　<LEVEL>3</LEVEL>
　　　　　　<BOLD>0</BOLD>
　　　　　　<前年度決算數-金額>8044</前年度決算數-金額>
　　　　　　<前年度決算數-百分比>0.79</前年度決算數-百分比>
　　　　　　<科目>行銷及業務費用</科目>
　　　　　　<本年度預算數-金額>6323</本年度預算數-金額>
　　　　　　<本年度預算數-百分比>0.61</本年度預算數-百分比>
　　　　　　<上年度預算數-金額>6243</上年度預算數-金額>
　　　　　　<上年度預算數-百分比>0.65</上年度預算數-百分比>
　　　　　　<比較增減-金額>80</比較增減-金額>
　　　　　　<比較增減-百分比>1.28</比較增減-百分比>
　　　　</ROW>
　　　　<ROW>
　　　　　　<SEQNO>19</SEQNO>
　　　　　　<LEVEL>4</LEVEL>
　　　　　　<BOLD>0</BOLD>
　　　　　　<前年度決算數-金額>6170</前年度決算數-金額>
　　　　　　<前年度決算數-百分比>0.60</前年度決算數-百分比>
　　　　　　<科目>行銷費用</科目>
　　　　　　<本年度預算數-金額>4561</本年度預算數-金額>
　　　　　　<本年度預算數-百分比>0.44</本年度預算數-百分比>
　　　　　　<上年度預算數-金額>4357</上年度預算數-金額>
　　　　　　<上年度預算數-百分比>0.46</上年度預算數-百分比>
　　　　　　<比較增減-金額>204</比較增減-金額>
　　　　　　<比較增減-百分比>4.68</比較增減-百分比>
　　　　</ROW>
　　　　<ROW>
　　　　　　<SEQNO>20</SEQNO>
　　　　　　<LEVEL>4</LEVEL>
　　　　　　<BOLD>0</BOLD>
　　　　　　<前年度決算數-金額>1874</前年度決算數-金額>
　　　　　　<前年度決算數-百分比>0.18</前年度決算數-百分比>
　　　　　　<科目>業務費用</科目>
　　　　　　<本年度預算數-金額>1762</本年度預算數-金額>
　　　　　　<本年度預算數-百分比>0.17</本年度預算數-百分比>
　　　　　　<上年度預算數-金額>1886</上年度預算數-金額>
　　　　　　<上年度預算數-百分比>0.20</上年度預算數-百分比>
　　　　　　<比較增減-金額>-124</比較增減-金額>
　　　　　　<比較增減-百分比>6.57</比較增減-百分比>
　　　　</ROW>
　　　　<ROW>
　　　　　　<SEQNO>21</SEQNO>
　　　　　　<LEVEL>3</LEVEL>
　　　　　　<BOLD>0</BOLD>
　　　　　　<前年度決算數-金額>12709</前年度決算數-金額>
　　　　　　<前年度決算數-百分比>1.24</前年度決算數-百分比>
　　　　　　<科目>管理及總務費用</科目>
　　　　　　<本年度預算數-金額>15240</本年度預算數-金額>
　　　　　　<本年度預算數-百分比>1.48</本年度預算數-百分比>
　　　　　　<上年度預算數-金額>13488</上年度預算數-金額>
　　　　　　<上年度預算數-百分比>1.41</上年度預算數-百分比>
　　　　　　<比較增減-金額>1752</比較增減-金額>
　　　　　　<比較增減-百分比>12.99</比較增減-百分比>
　　　　</ROW>
　　　　<ROW>
　　　　　　<SEQNO>22</SEQNO>
　　　　　　<LEVEL>4</LEVEL>
　　　　　　<BOLD>0</BOLD>
　　　　　　<前年度決算數-金額>12709</前年度決算數-金額>
　　　　　　<前年度決算數-百分比>1.24</前年度決算數-百分比>
　　　　　　<科目>管理費用及總務費用</科目>
　　　　　　<本年度預算數-金額>15240</本年度預算數-金額>
　　　　　　<本年度預算數-百分比>1.48</本年度預算數-百分比>
　　　　　　<上年度預算數-金額>13488</上年度預算數-金額>
　　　　　　<上年度預算數-百分比>1.41</上年度預算數-百分比>
　　　　　　<比較增減-金額>1752</比較增減-金額>
　　　　　　<比較增減-百分比>12.99</比較增減-百分比>
　　　　</ROW>
　　　　<ROW>
　　　　　　<SEQNO>23</SEQNO>
　　　　　　<LEVEL>2</LEVEL>
　　　　　　<BOLD>1</BOLD>
　　　　　　<前年度決算數-金額>335050</前年度決算數-金額>
　　　　　　<前年度決算數-百分比>32.74</前年度決算數-百分比>
　　　　　　<科目>業務賸餘(短絀－)</科目>
　　　　　　<本年度預算數-金額>339642</本年度預算數-金額>
　　　　　　<本年度預算數-百分比>33.01</本年度預算數-百分比>
　　　　　　<上年度預算數-金額>308157</上年度預算數-金額>
　　　　　　<上年度預算數-百分比>32.23</上年度預算數-百分比>
　　　　　　<比較增減-金額>31485</比較增減-金額>
　　　　　　<比較增減-百分比>10.22</比較增減-百分比>
　　　　</ROW>
　　　　<ROW>
　　　　　　<SEQNO>24</SEQNO>
　　　　　　<LEVEL>2</LEVEL>
　　　　　　<BOLD>1</BOLD>
　　　　　　<前年度決算數-金額>30826</前年度決算數-金額>
　　　　　　<前年度決算數-百分比>3.01</前年度決算數-百分比>
　　　　　　<科目>業務外收入</科目>
　　　　　　<本年度預算數-金額>34093</本年度預算數-金額>
　　　　　　<本年度預算數-百分比>3.31</本年度預算數-百分比>
　　　　　　<上年度預算數-金額>29873</上年度預算數-金額>
　　　　　　<上年度預算數-百分比>3.12</上年度預算數-百分比>
　　　　　　<比較增減-金額>4220</比較增減-金額>
　　　　　　<比較增減-百分比>14.13</比較增減-百分比>
　　　　</ROW>
　　　　<ROW>
　　　　　　<SEQNO>25</SEQNO>
　　　　　　<LEVEL>3</LEVEL>
　　　　　　<BOLD>0</BOLD>
　　　　　　<前年度決算數-金額>28249</前年度決算數-金額>
　　　　　　<前年度決算數-百分比>2.76</前年度決算數-百分比>
　　　　　　<科目>財務收入</科目>
　　　　　　<本年度預算數-金額>33942</本年度預算數-金額>
　　　　　　<本年度預算數-百分比>3.30</本年度預算數-百分比>
　　　　　　<上年度預算數-金額>29746</上年度預算數-金額>
　　　　　　<上年度預算數-百分比>3.11</上年度預算數-百分比>
　　　　　　<比較增減-金額>4196</比較增減-金額>
　　　　　　<比較增減-百分比>14.11</比較增減-百分比>
　　　　</ROW>
　　　　<ROW>
　　　　　　<SEQNO>26</SEQNO>
　　　　　　<LEVEL>4</LEVEL>
　　　　　　<BOLD>0</BOLD>
　　　　　　<前年度決算數-金額>28249</前年度決算數-金額>
　　　　　　<前年度決算數-百分比>2.76</前年度決算數-百分比>
　　　　　　<科目>利息收入</科目>
　　　　　　<本年度預算數-金額>33942</本年度預算數-金額>
　　　　　　<本年度預算數-百分比>3.30</本年度預算數-百分比>
　　　　　　<上年度預算數-金額>29746</上年度預算數-金額>
　　　　　　<上年度預算數-百分比>3.11</上年度預算數-百分比>
　　　　　　<比較增減-金額>4196</比較增減-金額>
　　　　　　<比較增減-百分比>14.11</比較增減-百分比>
　　　　</ROW>
　　　　<ROW>
　　　　　　<SEQNO>27</SEQNO>
　　　　　　<LEVEL>3</LEVEL>
　　　　　　<BOLD>0</BOLD>
　　　　　　<前年度決算數-金額>2577</前年度決算數-金額>
　　　　　　<前年度決算數-百分比>0.25</前年度決算數-百分比>
　　　　　　<科目>其他業務外收入</科目>
　　　　　　<本年度預算數-金額>151</本年度預算數-金額>
　　　　　　<本年度預算數-百分比>0.01</本年度預算數-百分比>
　　　　　　<上年度預算數-金額>127</上年度預算數-金額>
　　　　　　<上年度預算數-百分比>0.01</上年度預算數-百分比>
　　　　　　<比較增減-金額>24</比較增減-金額>
　　　　　　<比較增減-百分比>18.90</比較增減-百分比>
　　　　</ROW>
　　　　<ROW>
　　　　　　<SEQNO>28</SEQNO>
　　　　　　<LEVEL>4</LEVEL>
　　　　　　<BOLD>0</BOLD>
　　　　　　<前年度決算數-金額>623</前年度決算數-金額>
　　　　　　<前年度決算數-百分比>0.06</前年度決算數-百分比>
　　　　　　<科目>受贈收入</科目>
　　　　　　<本年度預算數-金額>0</本年度預算數-金額>
　　　　　　<本年度預算數-百分比>0</本年度預算數-百分比>
　　　　　　<上年度預算數-金額>0</上年度預算數-金額>
　　　　　　<上年度預算數-百分比>0</上年度預算數-百分比>
　　　　　　<比較增減-金額>0</比較增減-金額>
　　　　　　<比較增減-百分比>0</比較增減-百分比>
　　　　</ROW>
　　　　<ROW>
　　　　　　<SEQNO>29</SEQNO>
　　　　　　<LEVEL>4</LEVEL>
　　　　　　<BOLD>0</BOLD>
　　　　　　<前年度決算數-金額>620</前年度決算數-金額>
　　　　　　<前年度決算數-百分比>0.06</前年度決算數-百分比>
　　　　　　<科目>違規罰款收入</科目>
　　　　　　<本年度預算數-金額>42</本年度預算數-金額>
　　　　　　<本年度預算數-百分比>0.00</本年度預算數-百分比>
　　　　　　<上年度預算數-金額>51</上年度預算數-金額>
　　　　　　<上年度預算數-百分比>0.01</上年度預算數-百分比>
　　　　　　<比較增減-金額>-9</比較增減-金額>
　　　　　　<比較增減-百分比>17.65</比較增減-百分比>
　　　　</ROW>
　　　　<ROW>
　　　　　　<SEQNO>30</SEQNO>
　　　　　　<LEVEL>4</LEVEL>
　　　　　　<BOLD>0</BOLD>
　　　　　　<前年度決算數-金額>1334</前年度決算數-金額>
　　　　　　<前年度決算數-百分比>0.13</前年度決算數-百分比>
　　　　　　<科目>雜項收入</科目>
　　　　　　<本年度預算數-金額>109</本年度預算數-金額>
　　　　　　<本年度預算數-百分比>0.01</本年度預算數-百分比>
　　　　　　<上年度預算數-金額>76</上年度預算數-金額>
　　　　　　<上年度預算數-百分比>0.01</上年度預算數-百分比>
　　　　　　<比較增減-金額>33</比較增減-金額>
　　　　　　<比較增減-百分比>43.42</比較增減-百分比>
　　　　</ROW>
　　　　<ROW>
　　　　　　<SEQNO>31</SEQNO>
　　　　　　<LEVEL>2</LEVEL>
　　　　　　<BOLD>1</BOLD>
　　　　　　<前年度決算數-金額>380305</前年度決算數-金額>
　　　　　　<前年度決算數-百分比>37.16</前年度決算數-百分比>
　　　　　　<科目>業務外費用</科目>
　　　　　　<本年度預算數-金額>387543</本年度預算數-金額>
　　　　　　<本年度預算數-百分比>37.66</本年度預算數-百分比>
　　　　　　<上年度預算數-金額>392686</上年度預算數-金額>
　　　　　　<上年度預算數-百分比>41.07</上年度預算數-百分比>
　　　　　　<比較增減-金額>-5143</比較增減-金額>
　　　　　　<比較增減-百分比>1.31</比較增減-百分比>
　　　　</ROW>
　　　　<ROW>
　　　　　　<SEQNO>32</SEQNO>
　　　　　　<LEVEL>3</LEVEL>
　　　　　　<BOLD>0</BOLD>
　　　　　　<前年度決算數-金額>380305</前年度決算數-金額>
　　　　　　<前年度決算數-百分比>37.16</前年度決算數-百分比>
　　　　　　<科目>其他業務外費用</科目>
　　　　　　<本年度預算數-金額>387543</本年度預算數-金額>
　　　　　　<本年度預算數-百分比>37.66</本年度預算數-百分比>
　　　　　　<上年度預算數-金額>392686</上年度預算數-金額>
　　　　　　<上年度預算數-百分比>41.07</上年度預算數-百分比>
　　　　　　<比較增減-金額>-5143</比較增減-金額>
　　　　　　<比較增減-百分比>1.31</比較增減-百分比>
　　　　</ROW>
　　　　<ROW>
　　　　　　<SEQNO>33</SEQNO>
　　　　　　<LEVEL>4</LEVEL>
　　　　　　<BOLD>0</BOLD>
　　　　　　<前年度決算數-金額>317</前年度決算數-金額>
　　　　　　<前年度決算數-百分比>0.03</前年度決算數-百分比>
　　　　　　<科目>財產交易短絀</科目>
　　　　　　<本年度預算數-金額>0</本年度預算數-金額>
　　　　　　<本年度預算數-百分比>0</本年度預算數-百分比>
　　　　　　<上年度預算數-金額>0</上年度預算數-金額>
　　　　　　<上年度預算數-百分比>0</上年度預算數-百分比>
　　　　　　<比較增減-金額>0</比較增減-金額>
　　　　　　<比較增減-百分比>0</比較增減-百分比>
　　　　</ROW>
　　　　<ROW>
　　　　　　<SEQNO>34</SEQNO>
　　　　　　<LEVEL>4</LEVEL>
　　　　　　<BOLD>0</BOLD>
　　　　　　<前年度決算數-金額>361911</前年度決算數-金額>
　　　　　　<前年度決算數-百分比>35.36</前年度決算數-百分比>
　　　　　　<科目>監所其他業務費</科目>
　　　　　　<本年度預算數-金額>369325</本年度預算數-金額>
　　　　　　<本年度預算數-百分比>35.89</本年度預算數-百分比>
　　　　　　<上年度預算數-金額>376280</上年度預算數-金額>
　　　　　　<上年度預算數-百分比>39.35</上年度預算數-百分比>
　　　　　　<比較增減-金額>-6955</比較增減-金額>
　　　　　　<比較增減-百分比>1.85</比較增減-百分比>
　　　　</ROW>
　　　　<ROW>
　　　　　　<SEQNO>35</SEQNO>
　　　　　　<LEVEL>4</LEVEL>
　　　　　　<BOLD>0</BOLD>
　　　　　　<前年度決算數-金額>18076</前年度決算數-金額>
　　　　　　<前年度決算數-百分比>1.77</前年度決算數-百分比>
　　　　　　<科目>雜項費用</科目>
　　　　　　<本年度預算數-金額>18218</本年度預算數-金額>
　　　　　　<本年度預算數-百分比>1.77</本年度預算數-百分比>
　　　　　　<上年度預算數-金額>16406</上年度預算數-金額>
　　　　　　<上年度預算數-百分比>1.72</上年度預算數-百分比>
　　　　　　<比較增減-金額>1812</比較增減-金額>
　　　　　　<比較增減-百分比>11.04</比較增減-百分比>
　　　　</ROW>
　　　　<ROW>
　　　　　　<SEQNO>36</SEQNO>
　　　　　　<LEVEL>2</LEVEL>
　　　　　　<BOLD>1</BOLD>
　　　　　　<前年度決算數-金額>-349479</前年度決算數-金額>
　　　　　　<前年度決算數-百分比>-34.14</前年度決算數-百分比>
　　　　　　<科目>業務外賸餘(短絀－)</科目>
　　　　　　<本年度預算數-金額>-353450</本年度預算數-金額>
　　　　　　<本年度預算數-百分比>-34.35</本年度預算數-百分比>
　　　　　　<上年度預算數-金額>-362813</上年度預算數-金額>
　　　　　　<上年度預算數-百分比>-37.94</上年度預算數-百分比>
　　　　　　<比較增減-金額>9363</比較增減-金額>
　　　　　　<比較增減-百分比>2.58</比較增減-百分比>
　　　　</ROW>
　　　　<ROW>
　　　　　　<SEQNO>37</SEQNO>
　　　　　　<LEVEL>2</LEVEL>
　　　　　　<BOLD>1</BOLD>
　　　　　　<前年度決算數-金額>-14429</前年度決算數-金額>
　　　　　　<前年度決算數-百分比>-1.41</前年度決算數-百分比>
　　　　　　<科目>本期賸餘(短絀－)</科目>
　　　　　　<本年度預算數-金額>-13808</本年度預算數-金額>
　　　　　　<本年度預算數-百分比>-1.34</本年度預算數-百分比>
　　　　　　<上年度預算數-金額>-54656</上年度預算數-金額>
　　　　　　<上年度預算數-百分比>-5.72</上年度預算數-百分比>
　　　　　　<比較增減-金額>40848</比較增減-金額>
　　　　　　<比較增減-百分比>74.74</比較增減-百分比>
　　　　</ROW>
　　</DataSet>
</GenericData>

