<?xml version="1.0" encoding="UTF-8"?>
<GenericData>
　　<Header>
　　　　<Table Id="FNGXBWORKR" Name="基金來源、用途及餘絀表" Domain="NBA" />
　　　　<Program Id="NBAGGR040_D" />
　　　　<Sender Name="國軍營舍及設施改建基金" />
　　　　<報表名稱>基金來源、用途及餘絀表</報表名稱>
　　　　<年度>106</年度>
　　　　<基金>國軍營舍及設施改建基金</基金>
　　　　<階段>預算案</階段>
　　　　<版本>1</版本>
　　　　<單位>新臺幣千元</單位>
　　</Header>
　　<DataSet>
　　　　<ROW>
　　　　　　<SEQNO>1</SEQNO>
　　　　　　<LEVEL>1</LEVEL>
　　　　　　<BOLD>1</BOLD>
　　　　　　<項目>基金來源</項目>
　　　　　　<本年度預算數-金額>7917563</本年度預算數-金額>
　　　　　　<本年度預算數-百分比>100.00</本年度預算數-百分比>
　　　　　　<上年度預算數-金額>11688244</上年度預算數-金額>
　　　　　　<上年度預算數-百分比>100.00</上年度預算數-百分比>
　　　　　　<前年度決算數-金額>19850801</前年度決算數-金額>
　　　　　　<前年度決算數-百分比>100.00</前年度決算數-百分比>
　　　　　　<本年度與上年度預算數比較增減-金額>-3770681</本年度與上年度預算數比較增減-金額>
　　　　　　<本年度與上年度預算數比較增減-百分比>32.26</本年度與上年度預算數比較增減-百分比>
　　　　　　<備註 />
　　　　</ROW>
　　　　<ROW>
　　　　　　<SEQNO>2</SEQNO>
　　　　　　<LEVEL>2</LEVEL>
　　　　　　<BOLD>0</BOLD>
　　　　　　<項目>徵收及依法分配收入</項目>
　　　　　　<本年度預算數-金額>0</本年度預算數-金額>
　　　　　　<本年度預算數-百分比>0</本年度預算數-百分比>
　　　　　　<上年度預算數-金額>0</上年度預算數-金額>
　　　　　　<上年度預算數-百分比>0</上年度預算數-百分比>
　　　　　　<前年度決算數-金額>0</前年度決算數-金額>
　　　　　　<前年度決算數-百分比>0</前年度決算數-百分比>
　　　　　　<本年度與上年度預算數比較增減-金額>0</本年度與上年度預算數比較增減-金額>
　　　　　　<本年度與上年度預算數比較增減-百分比>0</本年度與上年度預算數比較增減-百分比>
　　　　　　<備註 />
　　　　</ROW>
　　　　<ROW>
　　　　　　<SEQNO>3</SEQNO>
　　　　　　<LEVEL>2</LEVEL>
　　　　　　<BOLD>0</BOLD>
　　　　　　<項目>債務收入</項目>
　　　　　　<本年度預算數-金額>0</本年度預算數-金額>
　　　　　　<本年度預算數-百分比>0</本年度預算數-百分比>
　　　　　　<上年度預算數-金額>0</上年度預算數-金額>
　　　　　　<上年度預算數-百分比>0</上年度預算數-百分比>
　　　　　　<前年度決算數-金額>0</前年度決算數-金額>
　　　　　　<前年度決算數-百分比>0</前年度決算數-百分比>
　　　　　　<本年度與上年度預算數比較增減-金額>0</本年度與上年度預算數比較增減-金額>
　　　　　　<本年度與上年度預算數比較增減-百分比>0</本年度與上年度預算數比較增減-百分比>
　　　　　　<備註 />
　　　　</ROW>
　　　　<ROW>
　　　　　　<SEQNO>4</SEQNO>
　　　　　　<LEVEL>2</LEVEL>
　　　　　　<BOLD>0</BOLD>
　　　　　　<項目>勞務收入</項目>
　　　　　　<本年度預算數-金額>0</本年度預算數-金額>
　　　　　　<本年度預算數-百分比>0</本年度預算數-百分比>
　　　　　　<上年度預算數-金額>0</上年度預算數-金額>
　　　　　　<上年度預算數-百分比>0</上年度預算數-百分比>
　　　　　　<前年度決算數-金額>0</前年度決算數-金額>
　　　　　　<前年度決算數-百分比>0</前年度決算數-百分比>
　　　　　　<本年度與上年度預算數比較增減-金額>0</本年度與上年度預算數比較增減-金額>
　　　　　　<本年度與上年度預算數比較增減-百分比>0</本年度與上年度預算數比較增減-百分比>
　　　　　　<備註 />
　　　　</ROW>
　　　　<ROW>
　　　　　　<SEQNO>5</SEQNO>
　　　　　　<LEVEL>2</LEVEL>
　　　　　　<BOLD>0</BOLD>
　　　　　　<項目>農政收入</項目>
　　　　　　<本年度預算數-金額>0</本年度預算數-金額>
　　　　　　<本年度預算數-百分比>0</本年度預算數-百分比>
　　　　　　<上年度預算數-金額>0</上年度預算數-金額>
　　　　　　<上年度預算數-百分比>0</上年度預算數-百分比>
　　　　　　<前年度決算數-金額>0</前年度決算數-金額>
　　　　　　<前年度決算數-百分比>0</前年度決算數-百分比>
　　　　　　<本年度與上年度預算數比較增減-金額>0</本年度與上年度預算數比較增減-金額>
　　　　　　<本年度與上年度預算數比較增減-百分比>0</本年度與上年度預算數比較增減-百分比>
　　　　　　<備註 />
　　　　</ROW>
　　　　<ROW>
　　　　　　<SEQNO>6</SEQNO>
　　　　　　<LEVEL>2</LEVEL>
　　　　　　<BOLD>0</BOLD>
　　　　　　<項目>財產收入</項目>
　　　　　　<本年度預算數-金額>5834261</本年度預算數-金額>
　　　　　　<本年度預算數-百分比>73.69</本年度預算數-百分比>
　　　　　　<上年度預算數-金額>9549558</上年度預算數-金額>
　　　　　　<上年度預算數-百分比>81.70</上年度預算數-百分比>
　　　　　　<前年度決算數-金額>2317286</前年度決算數-金額>
　　　　　　<前年度決算數-百分比>11.67</前年度決算數-百分比>
　　　　　　<本年度與上年度預算數比較增減-金額>-3715297</本年度與上年度預算數比較增減-金額>
　　　　　　<本年度與上年度預算數比較增減-百分比>38.91</本年度與上年度預算數比較增減-百分比>
　　　　　　<備註 />
　　　　</ROW>
　　　　<ROW>
　　　　　　<SEQNO>7</SEQNO>
　　　　　　<LEVEL>2</LEVEL>
　　　　　　<BOLD>0</BOLD>
　　　　　　<項目>政府撥入收入</項目>
　　　　　　<本年度預算數-金額>2066402</本年度預算數-金額>
　　　　　　<本年度預算數-百分比>26.10</本年度預算數-百分比>
　　　　　　<上年度預算數-金額>2123606</上年度預算數-金額>
　　　　　　<上年度預算數-百分比>18.17</上年度預算數-百分比>
　　　　　　<前年度決算數-金額>17503465</前年度決算數-金額>
　　　　　　<前年度決算數-百分比>88.18</前年度決算數-百分比>
　　　　　　<本年度與上年度預算數比較增減-金額>-57204</本年度與上年度預算數比較增減-金額>
　　　　　　<本年度與上年度預算數比較增減-百分比>2.69</本年度與上年度預算數比較增減-百分比>
　　　　　　<備註 />
　　　　</ROW>
　　　　<ROW>
　　　　　　<SEQNO>8</SEQNO>
　　　　　　<LEVEL>2</LEVEL>
　　　　　　<BOLD>0</BOLD>
　　　　　　<項目>其他收入</項目>
　　　　　　<本年度預算數-金額>16900</本年度預算數-金額>
　　　　　　<本年度預算數-百分比>0.21</本年度預算數-百分比>
　　　　　　<上年度預算數-金額>15080</上年度預算數-金額>
　　　　　　<上年度預算數-百分比>0.13</上年度預算數-百分比>
　　　　　　<前年度決算數-金額>30050</前年度決算數-金額>
　　　　　　<前年度決算數-百分比>0.15</前年度決算數-百分比>
　　　　　　<本年度與上年度預算數比較增減-金額>1820</本年度與上年度預算數比較增減-金額>
　　　　　　<本年度與上年度預算數比較增減-百分比>12.07</本年度與上年度預算數比較增減-百分比>
　　　　　　<備註 />
　　　　</ROW>
　　　　<ROW>
　　　　　　<SEQNO>9</SEQNO>
　　　　　　<LEVEL>1</LEVEL>
　　　　　　<BOLD>1</BOLD>
　　　　　　<項目>基金用途</項目>
　　　　　　<本年度預算數-金額>4836292</本年度預算數-金額>
　　　　　　<本年度預算數-百分比>61.08</本年度預算數-百分比>
　　　　　　<上年度預算數-金額>4851960</上年度預算數-金額>
　　　　　　<上年度預算數-百分比>41.51</上年度預算數-百分比>
　　　　　　<前年度決算數-金額>3344718</前年度決算數-金額>
　　　　　　<前年度決算數-百分比>16.85</前年度決算數-百分比>
　　　　　　<本年度與上年度預算數比較增減-金額>-15668</本年度與上年度預算數比較增減-金額>
　　　　　　<本年度與上年度預算數比較增減-百分比>0.32</本年度與上年度預算數比較增減-百分比>
　　　　　　<備註 />
　　　　</ROW>
　　　　<ROW>
　　　　　　<SEQNO>10</SEQNO>
　　　　　　<LEVEL>2</LEVEL>
　　　　　　<BOLD>0</BOLD>
　　　　　　<項目>博愛專案計畫</項目>
　　　　　　<本年度預算數-金額>301666</本年度預算數-金額>
　　　　　　<本年度預算數-百分比>3.81</本年度預算數-百分比>
　　　　　　<上年度預算數-金額>1263869</上年度預算數-金額>
　　　　　　<上年度預算數-百分比>10.81</上年度預算數-百分比>
　　　　　　<前年度決算數-金額>488606</前年度決算數-金額>
　　　　　　<前年度決算數-百分比>2.46</前年度決算數-百分比>
　　　　　　<本年度與上年度預算數比較增減-金額>-962203</本年度與上年度預算數比較增減-金額>
　　　　　　<本年度與上年度預算數比較增減-百分比>76.13</本年度與上年度預算數比較增減-百分比>
　　　　　　<備註 />
　　　　</ROW>
　　　　<ROW>
　　　　　　<SEQNO>11</SEQNO>
　　　　　　<LEVEL>2</LEVEL>
　　　　　　<BOLD>0</BOLD>
　　　　　　<項目>水湳機場遷建專案計畫</項目>
　　　　　　<本年度預算數-金額>0</本年度預算數-金額>
　　　　　　<本年度預算數-百分比>0</本年度預算數-百分比>
　　　　　　<上年度預算數-金額>0</上年度預算數-金額>
　　　　　　<上年度預算數-百分比>0</上年度預算數-百分比>
　　　　　　<前年度決算數-金額>109409</前年度決算數-金額>
　　　　　　<前年度決算數-百分比>0.55</前年度決算數-百分比>
　　　　　　<本年度與上年度預算數比較增減-金額>0</本年度與上年度預算數比較增減-金額>
　　　　　　<本年度與上年度預算數比較增減-百分比>0</本年度與上年度預算數比較增減-百分比>
　　　　　　<備註 />
　　　　</ROW>
　　　　<ROW>
　　　　　　<SEQNO>12</SEQNO>
　　　　　　<LEVEL>2</LEVEL>
　　　　　　<BOLD>0</BOLD>
　　　　　　<項目>老舊營舍整建計畫</項目>
　　　　　　<本年度預算數-金額>2934500</本年度預算數-金額>
　　　　　　<本年度預算數-百分比>37.06</本年度預算數-百分比>
　　　　　　<上年度預算數-金額>3021000</上年度預算數-金額>
　　　　　　<上年度預算數-百分比>25.85</上年度預算數-百分比>
　　　　　　<前年度決算數-金額>1885529</前年度決算數-金額>
　　　　　　<前年度決算數-百分比>9.50</前年度決算數-百分比>
　　　　　　<本年度與上年度預算數比較增減-金額>-86500</本年度與上年度預算數比較增減-金額>
　　　　　　<本年度與上年度預算數比較增減-百分比>2.86</本年度與上年度預算數比較增減-百分比>
　　　　　　<備註 />
　　　　</ROW>
　　　　<ROW>
　　　　　　<SEQNO>13</SEQNO>
　　　　　　<LEVEL>2</LEVEL>
　　　　　　<BOLD>0</BOLD>
　　　　　　<項目>工程及設施整建計畫</項目>
　　　　　　<本年度預算數-金額>1449810</本年度預算數-金額>
　　　　　　<本年度預算數-百分比>18.31</本年度預算數-百分比>
　　　　　　<上年度預算數-金額>537000</上年度預算數-金額>
　　　　　　<上年度預算數-百分比>4.59</上年度預算數-百分比>
　　　　　　<前年度決算數-金額>785633</前年度決算數-金額>
　　　　　　<前年度決算數-百分比>3.96</前年度決算數-百分比>
　　　　　　<本年度與上年度預算數比較增減-金額>912810</本年度與上年度預算數比較增減-金額>
　　　　　　<本年度與上年度預算數比較增減-百分比>169.98</本年度與上年度預算數比較增減-百分比>
　　　　　　<備註 />
　　　　</ROW>
　　　　<ROW>
　　　　　　<SEQNO>14</SEQNO>
　　　　　　<LEVEL>2</LEVEL>
　　　　　　<BOLD>0</BOLD>
　　　　　　<項目>一般行政管理計畫</項目>
　　　　　　<本年度預算數-金額>150316</本年度預算數-金額>
　　　　　　<本年度預算數-百分比>1.90</本年度預算數-百分比>
　　　　　　<上年度預算數-金額>30091</上年度預算數-金額>
　　　　　　<上年度預算數-百分比>0.26</上年度預算數-百分比>
　　　　　　<前年度決算數-金額>75451</前年度決算數-金額>
　　　　　　<前年度決算數-百分比>0.38</前年度決算數-百分比>
　　　　　　<本年度與上年度預算數比較增減-金額>120225</本年度與上年度預算數比較增減-金額>
　　　　　　<本年度與上年度預算數比較增減-百分比>399.54</本年度與上年度預算數比較增減-百分比>
　　　　　　<備註 />
　　　　</ROW>
　　　　<ROW>
　　　　　　<SEQNO>15</SEQNO>
　　　　　　<LEVEL>2</LEVEL>
　　　　　　<BOLD>0</BOLD>
　　　　　　<項目>一般建築及設備計畫</項目>
　　　　　　<本年度預算數-金額>0</本年度預算數-金額>
　　　　　　<本年度預算數-百分比>0</本年度預算數-百分比>
　　　　　　<上年度預算數-金額>0</上年度預算數-金額>
　　　　　　<上年度預算數-百分比>0</上年度預算數-百分比>
　　　　　　<前年度決算數-金額>90</前年度決算數-金額>
　　　　　　<前年度決算數-百分比>0</前年度決算數-百分比>
　　　　　　<本年度與上年度預算數比較增減-金額>0</本年度與上年度預算數比較增減-金額>
　　　　　　<本年度與上年度預算數比較增減-百分比>0</本年度與上年度預算數比較增減-百分比>
　　　　　　<備註 />
　　　　</ROW>
　　　　<ROW>
　　　　　　<SEQNO>16</SEQNO>
　　　　　　<LEVEL>1</LEVEL>
　　　　　　<BOLD>1</BOLD>
　　　　　　<項目>本期賸餘(短絀-)</項目>
　　　　　　<本年度預算數-金額>3081271</本年度預算數-金額>
　　　　　　<本年度預算數-百分比>38.92</本年度預算數-百分比>
　　　　　　<上年度預算數-金額>6836284</上年度預算數-金額>
　　　　　　<上年度預算數-百分比>58.49</上年度預算數-百分比>
　　　　　　<前年度決算數-金額>16506083</前年度決算數-金額>
　　　　　　<前年度決算數-百分比>83.15</前年度決算數-百分比>
　　　　　　<本年度與上年度預算數比較增減-金額>-3755013</本年度與上年度預算數比較增減-金額>
　　　　　　<本年度與上年度預算數比較增減-百分比>54.93</本年度與上年度預算數比較增減-百分比>
　　　　　　<備註 />
　　　　</ROW>
　　　　<ROW>
　　　　　　<SEQNO>17</SEQNO>
　　　　　　<LEVEL>1</LEVEL>
　　　　　　<BOLD>1</BOLD>
　　　　　　<項目>期初基金餘額</項目>
　　　　　　<本年度預算數-金額>51898550</本年度預算數-金額>
　　　　　　<本年度預算數-百分比 />
　　　　　　<上年度預算數-金額>44293713</上年度預算數-金額>
　　　　　　<上年度預算數-百分比 />
　　　　　　<前年度決算數-金額>30837998</前年度決算數-金額>
　　　　　　<前年度決算數-百分比 />
　　　　　　<本年度與上年度預算數比較增減-金額>7604837</本年度與上年度預算數比較增減-金額>
　　　　　　<本年度與上年度預算數比較增減-百分比 />
　　　　　　<備註 />
　　　　</ROW>
　　　　<ROW>
　　　　　　<SEQNO>18</SEQNO>
　　　　　　<LEVEL>1</LEVEL>
　　　　　　<BOLD>1</BOLD>
　　　　　　<項目>解繳國庫</項目>
　　　　　　<本年度預算數-金額>0</本年度預算數-金額>
　　　　　　<本年度預算數-百分比 />
　　　　　　<上年度預算數-金額>0</上年度預算數-金額>
　　　　　　<上年度預算數-百分比 />
　　　　　　<前年度決算數-金額>0</前年度決算數-金額>
　　　　　　<前年度決算數-百分比 />
　　　　　　<本年度與上年度預算數比較增減-金額>0</本年度與上年度預算數比較增減-金額>
　　　　　　<本年度與上年度預算數比較增減-百分比 />
　　　　　　<備註 />
　　　　</ROW>
　　　　<ROW>
　　　　　　<SEQNO>19</SEQNO>
　　　　　　<LEVEL>1</LEVEL>
　　　　　　<BOLD>1</BOLD>
　　　　　　<項目>期末基金餘額</項目>
　　　　　　<本年度預算數-金額>54979821</本年度預算數-金額>
　　　　　　<本年度預算數-百分比 />
　　　　　　<上年度預算數-金額>51129997</上年度預算數-金額>
　　　　　　<上年度預算數-百分比 />
　　　　　　<前年度決算數-金額>47344080</前年度決算數-金額>
　　　　　　<前年度決算數-百分比 />
　　　　　　<本年度與上年度預算數比較增減-金額>3849824</本年度與上年度預算數比較增減-金額>
　　　　　　<本年度與上年度預算數比較增減-百分比 />
　　　　　　<備註 />
　　　　</ROW>
　　</DataSet>
</GenericData>

