﻿<?xml version="1.0" encoding="UTF-8"?>
<GenericData>
<Header>
<Table Id="FNWXBWORKR" Name="中華民國101年度法定預算作業基金收支餘絀綜計表(按主管機關別分列)" Domain="NBA" /> 
<Program Id="NBAWGR010_W"/> 
<Sender Name="行政院主計總處"/>
</Header>

<DataSet>
<ROW>
<科目>業務收入</科目>
<合計金額>992188338</合計金額>
<合計百分比>100</合計百分比>
<行政院主管金額>6367111</行政院主管金額>
<行政院主管百分比>100</行政院主管百分比>
<內政部主管金額>78332531</內政部主管金額>
<內政部主管百分比>100</內政部主管百分比>
<國防部主管金額>61762505</國防部主管金額>
<國防部主管百分比>100</國防部主管百分比>
<財政部主管金額>251450</財政部主管金額>
<財政部主管百分比>100</財政部主管百分比>
<教育部主管金額>174168599</教育部主管金額>
<教育部主管百分比>100</教育部主管百分比>
<法務部主管金額>735290</法務部主管金額>
<法務部主管百分比>100</法務部主管百分比>
<經濟部主管金額>13277212</經濟部主管金額>
<經濟部主管百分比>100</經濟部主管百分比>
<交通部主管金額>52651358</交通部主管金額>
<交通部主管百分比>100</交通部主管百分比>
<國軍退除役官兵輔導委員會主管金額>44137711</國軍退除役官兵輔導委員會主管金額>
<國軍退除役官兵輔導委員會主管百分比>100</國軍退除役官兵輔導委員會主管百分比>
<國家科學委員會主管金額>12045393</國家科學委員會主管金額>
<國家科學委員會主管百分比>100</國家科學委員會主管百分比>
<農業委員會主管金額>226511</農業委員會主管金額>
<農業委員會主管百分比>100</農業委員會主管百分比>
<衛生署主管金額>546428372</衛生署主管金額>
<衛生署主管百分比>100</衛生署主管百分比>
<國立故宮博物院主管金額>351674</國立故宮博物院主管金額>
<國立故宮博物院主管百分比>100</國立故宮博物院主管百分比>
<原住民族委員會主管金額>731509</原住民族委員會主管金額>
<原住民族委員會主管百分比>100</原住民族委員會主管百分比>
<考試院考選部主管金額>721112</考試院考選部主管金額>
<考試院考選部主管百分比>100</考試院考選部主管百分比>
</ROW>
<ROW>
<科目>勞務收入</科目>
<合計金額>67818796</合計金額>
<合計百分比>6.84</合計百分比>
<行政院主管金額>0</行政院主管金額>
<行政院主管百分比>0</行政院主管百分比>
<內政部主管金額>0</內政部主管金額>
<內政部主管百分比>0</內政部主管百分比>
<國防部主管金額>25392517</國防部主管金額>
<國防部主管百分比>41.11</國防部主管百分比>
<財政部主管金額>0</財政部主管金額>
<財政部主管百分比>0</財政部主管百分比>
<教育部主管金額>393398</教育部主管金額>
<教育部主管百分比>0.23</教育部主管百分比>
<法務部主管金額>444251</法務部主管金額>
<法務部主管百分比>60.42</法務部主管百分比>
<經濟部主管金額>3087453</經濟部主管金額>
<經濟部主管百分比>23.25</經濟部主管百分比>
<交通部主管金額>30582264</交通部主管金額>
<交通部主管百分比>58.08</交通部主管百分比>
<國軍退除役官兵輔導委員會主管金額>558322</國軍退除役官兵輔導委員會主管金額>
<國軍退除役官兵輔導委員會主管百分比>1.26</國軍退除役官兵輔導委員會主管百分比>
<國家科學委員會主管金額>6639659</國家科學委員會主管金額>
<國家科學委員會主管百分比>55.12</國家科學委員會主管百分比>
<農業委員會主管金額>0</農業委員會主管金額>
<農業委員會主管百分比>0</農業委員會主管百分比>
<衛生署主管金額>0</衛生署主管金額>
<衛生署主管百分比>0</衛生署主管百分比>
<國立故宮博物院主管金額>0</國立故宮博物院主管金額>
<國立故宮博物院主管百分比>0</國立故宮博物院主管百分比>
<原住民族委員會主管金額>0</原住民族委員會主管金額>
<原住民族委員會主管百分比>0</原住民族委員會主管百分比>
<考試院考選部主管金額>720932</考試院考選部主管金額>
<考試院考選部主管百分比>99.98</考試院考選部主管百分比>
</ROW>
<ROW>
<科目>銷貨收入</科目>
<合計金額>29937910</合計金額>
<合計百分比>3.02</合計百分比>
<行政院主管金額>0</行政院主管金額>
<行政院主管百分比>0</行政院主管百分比>
<內政部主管金額>717200</內政部主管金額>
<內政部主管百分比>0.92</內政部主管百分比>
<國防部主管金額>21060055</國防部主管金額>
<國防部主管百分比>34.1</國防部主管百分比>
<財政部主管金額>0</財政部主管金額>
<財政部主管百分比>0</財政部主管百分比>
<教育部主管金額>193898</教育部主管金額>
<教育部主管百分比>0.11</教育部主管百分比>
<法務部主管金額>291039</法務部主管金額>
<法務部主管百分比>39.58</法務部主管百分比>
<經濟部主管金額>5190563</經濟部主管金額>
<經濟部主管百分比>39.09</經濟部主管百分比>
<交通部主管金額>1224191</交通部主管金額>
<交通部主管百分比>2.33</交通部主管百分比>
<國軍退除役官兵輔導委員會主管金額>238030</國軍退除役官兵輔導委員會主管金額>
<國軍退除役官兵輔導委員會主管百分比>0.54</國軍退除役官兵輔導委員會主管百分比>
<國家科學委員會主管金額>0</國家科學委員會主管金額>
<國家科學委員會主管百分比>0</國家科學委員會主管百分比>
<農業委員會主管金額>200191</農業委員會主管金額>
<農業委員會主管百分比>88.38</農業委員會主管百分比>
<衛生署主管金額>471069</衛生署主管金額>
<衛生署主管百分比>0.09</衛生署主管百分比>
<國立故宮博物院主管金額>351674</國立故宮博物院主管金額>
<國立故宮博物院主管百分比>100</國立故宮博物院主管百分比>
<原住民族委員會主管金額>0</原住民族委員會主管金額>
<原住民族委員會主管百分比>0</原住民族委員會主管百分比>
<考試院考選部主管金額>0</考試院考選部主管金額>
<考試院考選部主管百分比>0</考試院考選部主管百分比>
</ROW>
<ROW>
<科目>教學收入</科目>
<合計金額>51660765</合計金額>
<合計百分比>5.21</合計百分比>
<行政院主管金額>0</行政院主管金額>
<行政院主管百分比>0</行政院主管百分比>
<內政部主管金額>0</內政部主管金額>
<內政部主管百分比>0</內政部主管百分比>
<國防部主管金額>0</國防部主管金額>
<國防部主管百分比>0</國防部主管百分比>
<財政部主管金額>0</財政部主管金額>
<財政部主管百分比>0</財政部主管百分比>
<教育部主管金額>51660765</教育部主管金額>
<教育部主管百分比>29.66</教育部主管百分比>
<法務部主管金額>0</法務部主管金額>
<法務部主管百分比>0</法務部主管百分比>
<經濟部主管金額>0</經濟部主管金額>
<經濟部主管百分比>0</經濟部主管百分比>
<交通部主管金額>0</交通部主管金額>
<交通部主管百分比>0</交通部主管百分比>
<國軍退除役官兵輔導委員會主管金額>0</國軍退除役官兵輔導委員會主管金額>
<國軍退除役官兵輔導委員會主管百分比>0</國軍退除役官兵輔導委員會主管百分比>
<國家科學委員會主管金額>0</國家科學委員會主管金額>
<國家科學委員會主管百分比>0</國家科學委員會主管百分比>
<農業委員會主管金額>0</農業委員會主管金額>
<農業委員會主管百分比>0</農業委員會主管百分比>
<衛生署主管金額>0</衛生署主管金額>
<衛生署主管百分比>0</衛生署主管百分比>
<國立故宮博物院主管金額>0</國立故宮博物院主管金額>
<國立故宮博物院主管百分比>0</國立故宮博物院主管百分比>
<原住民族委員會主管金額>0</原住民族委員會主管金額>
<原住民族委員會主管百分比>0</原住民族委員會主管百分比>
<考試院考選部主管金額>0</考試院考選部主管金額>
<考試院考選部主管百分比>0</考試院考選部主管百分比>
</ROW>
<ROW>
<科目>租金及權利金收入</科目>
<合計金額>13908043</合計金額>
<合計百分比>1.4</合計百分比>
<行政院主管金額>0</行政院主管金額>
<行政院主管百分比>0</行政院主管百分比>
<內政部主管金額>0</內政部主管金額>
<內政部主管百分比>0</內政部主管百分比>
<國防部主管金額>227393</國防部主管金額>
<國防部主管百分比>0.37</國防部主管百分比>
<財政部主管金額>75524</財政部主管金額>
<財政部主管百分比>30.04</財政部主管百分比>
<教育部主管金額>241000</教育部主管金額>
<教育部主管百分比>0.14</教育部主管百分比>
<法務部主管金額>0</法務部主管金額>
<法務部主管百分比>0</法務部主管百分比>
<經濟部主管金額>510890</經濟部主管金額>
<經濟部主管百分比>3.85</經濟部主管百分比>
<交通部主管金額>7415396</交通部主管金額>
<交通部主管百分比>14.08</交通部主管百分比>
<國軍退除役官兵輔導委員會主管金額>32106</國軍退除役官兵輔導委員會主管金額>
<國軍退除役官兵輔導委員會主管百分比>0.07</國軍退除役官兵輔導委員會主管百分比>
<國家科學委員會主管金額>5405734</國家科學委員會主管金額>
<國家科學委員會主管百分比>44.88</國家科學委員會主管百分比>
<農業委員會主管金額>0</農業委員會主管金額>
<農業委員會主管百分比>0</農業委員會主管百分比>
<衛生署主管金額>0</衛生署主管金額>
<衛生署主管百分比>0</衛生署主管百分比>
<國立故宮博物院主管金額>0</國立故宮博物院主管金額>
<國立故宮博物院主管百分比>0</國立故宮博物院主管百分比>
<原住民族委員會主管金額>0</原住民族委員會主管金額>
<原住民族委員會主管百分比>0</原住民族委員會主管百分比>
<考試院考選部主管金額>0</考試院考選部主管金額>
<考試院考選部主管百分比>0</考試院考選部主管百分比>
</ROW>
<ROW>
<科目>投融資業務收入</科目>
<合計金額>29629903</合計金額>
<合計百分比>2.99</合計百分比>
<行政院主管金額>6367111</行政院主管金額>
<行政院主管百分比>100</行政院主管百分比>
<內政部主管金額>19593544</內政部主管金額>
<內政部主管百分比>25.01</內政部主管百分比>
<國防部主管金額>82130</國防部主管金額>
<國防部主管百分比>0.13</國防部主管百分比>
<財政部主管金額>175926</財政部主管金額>
<財政部主管百分比>69.96</財政部主管百分比>
<教育部主管金額>0</教育部主管金額>
<教育部主管百分比>0</教育部主管百分比>
<法務部主管金額>0</法務部主管金額>
<法務部主管百分比>0</法務部主管百分比>
<經濟部主管金額>2567509</經濟部主管金額>
<經濟部主管百分比>19.34</經濟部主管百分比>
<交通部主管金額>0</交通部主管金額>
<交通部主管百分比>0</交通部主管百分比>
<國軍退除役官兵輔導委員會主管金額>819329</國軍退除役官兵輔導委員會主管金額>
<國軍退除役官兵輔導委員會主管百分比>1.86</國軍退除役官兵輔導委員會主管百分比>
<國家科學委員會主管金額>0</國家科學委員會主管金額>
<國家科學委員會主管百分比>0</國家科學委員會主管百分比>
<農業委員會主管金額>0</農業委員會主管金額>
<農業委員會主管百分比>0</農業委員會主管百分比>
<衛生署主管金額>0</衛生署主管金額>
<衛生署主管百分比>0</衛生署主管百分比>
<國立故宮博物院主管金額>0</國立故宮博物院主管金額>
<國立故宮博物院主管百分比>0</國立故宮博物院主管百分比>
<原住民族委員會主管金額>24354</原住民族委員會主管金額>
<原住民族委員會主管百分比>3.33</原住民族委員會主管百分比>
<考試院考選部主管金額>0</考試院考選部主管金額>
<考試院考選部主管百分比>0</考試院考選部主管百分比>
</ROW>
<ROW>
<科目>醫療收入</科目>
<合計金額>109657985</合計金額>
<合計百分比>11.05</合計百分比>
<行政院主管金額>0</行政院主管金額>
<行政院主管百分比>0</行政院主管百分比>
<內政部主管金額>0</內政部主管金額>
<內政部主管百分比>0</內政部主管百分比>
<國防部主管金額>14717918</國防部主管金額>
<國防部主管百分比>23.83</國防部主管百分比>
<財政部主管金額>0</財政部主管金額>
<財政部主管百分比>0</財政部主管百分比>
<教育部主管金額>33499430</教育部主管金額>
<教育部主管百分比>19.23</教育部主管百分比>
<法務部主管金額>0</法務部主管金額>
<法務部主管百分比>0</法務部主管百分比>
<經濟部主管金額>41968</經濟部主管金額>
<經濟部主管百分比>0.32</經濟部主管百分比>
<交通部主管金額>0</交通部主管金額>
<交通部主管百分比>0</交通部主管百分比>
<國軍退除役官兵輔導委員會主管金額>38603526</國軍退除役官兵輔導委員會主管金額>
<國軍退除役官兵輔導委員會主管百分比>87.46</國軍退除役官兵輔導委員會主管百分比>
<國家科學委員會主管金額>0</國家科學委員會主管金額>
<國家科學委員會主管百分比>0</國家科學委員會主管百分比>
<農業委員會主管金額>0</農業委員會主管金額>
<農業委員會主管百分比>0</農業委員會主管百分比>
<衛生署主管金額>22795143</衛生署主管金額>
<衛生署主管百分比>4.17</衛生署主管百分比>
<國立故宮博物院主管金額>0</國立故宮博物院主管金額>
<國立故宮博物院主管百分比>0</國立故宮博物院主管百分比>
<原住民族委員會主管金額>0</原住民族委員會主管金額>
<原住民族委員會主管百分比>0</原住民族委員會主管百分比>
<考試院考選部主管金額>0</考試院考選部主管金額>
<考試院考選部主管百分比>0</考試院考選部主管百分比>
</ROW>
<ROW>
<科目>徵收收入</科目>
<合計金額>1522500</合計金額>
<合計百分比>0.15</合計百分比>
<行政院主管金額>0</行政院主管金額>
<行政院主管百分比>0</行政院主管百分比>
<內政部主管金額>0</內政部主管金額>
<內政部主管百分比>0</內政部主管百分比>
<國防部主管金額>0</國防部主管金額>
<國防部主管百分比>0</國防部主管百分比>
<財政部主管金額>0</財政部主管金額>
<財政部主管百分比>0</財政部主管百分比>
<教育部主管金額>0</教育部主管金額>
<教育部主管百分比>0</教育部主管百分比>
<法務部主管金額>0</法務部主管金額>
<法務部主管百分比>0</法務部主管百分比>
<經濟部主管金額>1201500</經濟部主管金額>
<經濟部主管百分比>9.05</經濟部主管百分比>
<交通部主管金額>0</交通部主管金額>
<交通部主管百分比>0</交通部主管百分比>
<國軍退除役官兵輔導委員會主管金額>0</國軍退除役官兵輔導委員會主管金額>
<國軍退除役官兵輔導委員會主管百分比>0</國軍退除役官兵輔導委員會主管百分比>
<國家科學委員會主管金額>0</國家科學委員會主管金額>
<國家科學委員會主管百分比>0</國家科學委員會主管百分比>
<農業委員會主管金額>0</農業委員會主管金額>
<農業委員會主管百分比>0</農業委員會主管百分比>
<衛生署主管金額>0</衛生署主管金額>
<衛生署主管百分比>0</衛生署主管百分比>
<國立故宮博物院主管金額>0</國立故宮博物院主管金額>
<國立故宮博物院主管百分比>0</國立故宮博物院主管百分比>
<原住民族委員會主管金額>321000</原住民族委員會主管金額>
<原住民族委員會主管百分比>43.88</原住民族委員會主管百分比>
<考試院考選部主管金額>0</考試院考選部主管金額>
<考試院考選部主管百分比>0</考試院考選部主管百分比>
</ROW>
<ROW>
<科目>保險收入</科目>
<合計金額>543282027</合計金額>
<合計百分比>54.76</合計百分比>
<行政院主管金額>0</行政院主管金額>
<行政院主管百分比>0</行政院主管百分比>
<內政部主管金額>45676840</內政部主管金額>
<內政部主管百分比>58.31</內政部主管百分比>
<國防部主管金額>0</國防部主管金額>
<國防部主管百分比>0</國防部主管百分比>
<財政部主管金額>0</財政部主管金額>
<財政部主管百分比>0</財政部主管百分比>
<教育部主管金額>0</教育部主管金額>
<教育部主管百分比>0</教育部主管百分比>
<法務部主管金額>0</法務部主管金額>
<法務部主管百分比>0</法務部主管百分比>
<經濟部主管金額>0</經濟部主管金額>
<經濟部主管百分比>0</經濟部主管百分比>
<交通部主管金額>0</交通部主管金額>
<交通部主管百分比>0</交通部主管百分比>
<國軍退除役官兵輔導委員會主管金額>0</國軍退除役官兵輔導委員會主管金額>
<國軍退除役官兵輔導委員會主管百分比>0</國軍退除役官兵輔導委員會主管百分比>
<國家科學委員會主管金額>0</國家科學委員會主管金額>
<國家科學委員會主管百分比>0</國家科學委員會主管百分比>
<農業委員會主管金額>0</農業委員會主管金額>
<農業委員會主管百分比>0</農業委員會主管百分比>
<衛生署主管金額>497605187</衛生署主管金額>
<衛生署主管百分比>91.07</衛生署主管百分比>
<國立故宮博物院主管金額>0</國立故宮博物院主管金額>
<國立故宮博物院主管百分比>0</國立故宮博物院主管百分比>
<原住民族委員會主管金額>0</原住民族委員會主管金額>
<原住民族委員會主管百分比>0</原住民族委員會主管百分比>
<考試院考選部主管金額>0</考試院考選部主管金額>
<考試院考選部主管百分比>0</考試院考選部主管百分比>
</ROW>
<ROW>
<科目>其他業務收入</科目>
<合計金額>144770409</合計金額>
<合計百分比>14.59</合計百分比>
<行政院主管金額>0</行政院主管金額>
<行政院主管百分比>0</行政院主管百分比>
<內政部主管金額>12344947</內政部主管金額>
<內政部主管百分比>15.76</內政部主管百分比>
<國防部主管金額>282492</國防部主管金額>
<國防部主管百分比>0.46</國防部主管百分比>
<財政部主管金額>0</財政部主管金額>
<財政部主管百分比>0</財政部主管百分比>
<教育部主管金額>88180108</教育部主管金額>
<教育部主管百分比>50.63</教育部主管百分比>
<法務部主管金額>0</法務部主管金額>
<法務部主管百分比>0</法務部主管百分比>
<經濟部主管金額>677329</經濟部主管金額>
<經濟部主管百分比>5.1</經濟部主管百分比>
<交通部主管金額>13429507</交通部主管金額>
<交通部主管百分比>25.51</交通部主管百分比>
<國軍退除役官兵輔導委員會主管金額>3886398</國軍退除役官兵輔導委員會主管金額>
<國軍退除役官兵輔導委員會主管百分比>8.81</國軍退除役官兵輔導委員會主管百分比>
<國家科學委員會主管金額>0</國家科學委員會主管金額>
<國家科學委員會主管百分比>0</國家科學委員會主管百分比>
<農業委員會主管金額>26320</農業委員會主管金額>
<農業委員會主管百分比>11.62</農業委員會主管百分比>
<衛生署主管金額>25556973</衛生署主管金額>
<衛生署主管百分比>4.68</衛生署主管百分比>
<國立故宮博物院主管金額>0</國立故宮博物院主管金額>
<國立故宮博物院主管百分比>0</國立故宮博物院主管百分比>
<原住民族委員會主管金額>386155</原住民族委員會主管金額>
<原住民族委員會主管百分比>52.79</原住民族委員會主管百分比>
<考試院考選部主管金額>180</考試院考選部主管金額>
<考試院考選部主管百分比>0.02</考試院考選部主管百分比>
</ROW>
<ROW>
<科目>業務成本與費用</科目>
<合計金額>961454291</合計金額>
<合計百分比>96.9</合計百分比>
<行政院主管金額>587299</行政院主管金額>
<行政院主管百分比>9.22</行政院主管百分比>
<內政部主管金額>84291584</內政部主管金額>
<內政部主管百分比>107.61</內政部主管百分比>
<國防部主管金額>63957164</國防部主管金額>
<國防部主管百分比>103.55</國防部主管百分比>
<財政部主管金額>54599</財政部主管金額>
<財政部主管百分比>21.71</財政部主管百分比>
<教育部主管金額>183979058</教育部主管金額>
<教育部主管百分比>105.63</教育部主管百分比>
<法務部主管金額>485021</法務部主管金額>
<法務部主管百分比>65.96</法務部主管百分比>
<經濟部主管金額>12072122</經濟部主管金額>
<經濟部主管百分比>90.92</經濟部主管百分比>
<交通部主管金額>26398726</交通部主管金額>
<交通部主管百分比>50.14</交通部主管百分比>
<國軍退除役官兵輔導委員會主管金額>44455500</國軍退除役官兵輔導委員會主管金額>
<國軍退除役官兵輔導委員會主管百分比>100.72</國軍退除役官兵輔導委員會主管百分比>
<國家科學委員會主管金額>9022264</國家科學委員會主管金額>
<國家科學委員會主管百分比>74.9</國家科學委員會主管百分比>
<農業委員會主管金額>206481</農業委員會主管金額>
<農業委員會主管百分比>91.16</農業委員會主管百分比>
<衛生署主管金額>534268958</衛生署主管金額>
<衛生署主管百分比>97.77</衛生署主管百分比>
<國立故宮博物院主管金額>233144</國立故宮博物院主管金額>
<國立故宮博物院主管百分比>66.3</國立故宮博物院主管百分比>
<原住民族委員會主管金額>725786</原住民族委員會主管金額>
<原住民族委員會主管百分比>99.22</原住民族委員會主管百分比>
<考試院考選部主管金額>716585</考試院考選部主管金額>
<考試院考選部主管百分比>99.37</考試院考選部主管百分比>
</ROW>
<ROW>
<科目>勞務成本</科目>
<合計金額>53672078</合計金額>
<合計百分比>5.41</合計百分比>
<行政院主管金額>0</行政院主管金額>
<行政院主管百分比>0</行政院主管百分比>
<內政部主管金額>41074</內政部主管金額>
<內政部主管百分比>0.05</內政部主管百分比>
<國防部主管金額>22740429</國防部主管金額>
<國防部主管百分比>36.82</國防部主管百分比>
<財政部主管金額>0</財政部主管金額>
<財政部主管百分比>0</財政部主管百分比>
<教育部主管金額>1703726</教育部主管金額>
<教育部主管百分比>0.98</教育部主管百分比>
<法務部主管金額>237630</法務部主管金額>
<法務部主管百分比>32.32</法務部主管百分比>
<經濟部主管金額>4362037</經濟部主管金額>
<經濟部主管百分比>32.85</經濟部主管百分比>
<交通部主管金額>19559210</交通部主管金額>
<交通部主管百分比>37.15</交通部主管百分比>
<國軍退除役官兵輔導委員會主管金額>439397</國軍退除役官兵輔導委員會主管金額>
<國軍退除役官兵輔導委員會主管百分比>1</國軍退除役官兵輔導委員會主管百分比>
<國家科學委員會主管金額>3872170</國家科學委員會主管金額>
<國家科學委員會主管百分比>32.15</國家科學委員會主管百分比>
<農業委員會主管金額>0</農業委員會主管金額>
<農業委員會主管百分比>0</農業委員會主管百分比>
<衛生署主管金額>0</衛生署主管金額>
<衛生署主管百分比>0</衛生署主管百分比>
<國立故宮博物院主管金額>0</國立故宮博物院主管金額>
<國立故宮博物院主管百分比>0</國立故宮博物院主管百分比>
<原住民族委員會主管金額>0</原住民族委員會主管金額>
<原住民族委員會主管百分比>0</原住民族委員會主管百分比>
<考試院考選部主管金額>716405</考試院考選部主管金額>
<考試院考選部主管百分比>99.35</考試院考選部主管百分比>
</ROW>
<ROW>
<科目>銷貨成本</科目>
<合計金額>26226540</合計金額>
<合計百分比>2.64</合計百分比>
<行政院主管金額>0</行政院主管金額>
<行政院主管百分比>0</行政院主管百分比>
<內政部主管金額>824780</內政部主管金額>
<內政部主管百分比>1.05</內政部主管百分比>
<國防部主管金額>19383120</國防部主管金額>
<國防部主管百分比>31.38</國防部主管百分比>
<財政部主管金額>0</財政部主管金額>
<財政部主管百分比>0</財政部主管百分比>
<教育部主管金額>162820</教育部主管金額>
<教育部主管百分比>0.09</教育部主管百分比>
<法務部主管金額>229296</法務部主管金額>
<法務部主管百分比>31.18</法務部主管百分比>
<經濟部主管金額>4144791</經濟部主管金額>
<經濟部主管百分比>31.22</經濟部主管百分比>
<交通部主管金額>611685</交通部主管金額>
<交通部主管百分比>1.16</交通部主管百分比>
<國軍退除役官兵輔導委員會主管金額>166433</國軍退除役官兵輔導委員會主管金額>
<國軍退除役官兵輔導委員會主管百分比>0.38</國軍退除役官兵輔導委員會主管百分比>
<國家科學委員會主管金額>0</國家科學委員會主管金額>
<國家科學委員會主管百分比>0</國家科學委員會主管百分比>
<農業委員會主管金額>159554</農業委員會主管金額>
<農業委員會主管百分比>70.44</農業委員會主管百分比>
<衛生署主管金額>320545</衛生署主管金額>
<衛生署主管百分比>0.06</衛生署主管百分比>
<國立故宮博物院主管金額>223516</國立故宮博物院主管金額>
<國立故宮博物院主管百分比>63.56</國立故宮博物院主管百分比>
<原住民族委員會主管金額>0</原住民族委員會主管金額>
<原住民族委員會主管百分比>0</原住民族委員會主管百分比>
<考試院考選部主管金額>0</考試院考選部主管金額>
<考試院考選部主管百分比>0</考試院考選部主管百分比>
</ROW>
<ROW>
<科目>教學成本</科目>
<合計金額>124183794</合計金額>
<合計百分比>12.52</合計百分比>
<行政院主管金額>0</行政院主管金額>
<行政院主管百分比>0</行政院主管百分比>
<內政部主管金額>0</內政部主管金額>
<內政部主管百分比>0</內政部主管百分比>
<國防部主管金額>0</國防部主管金額>
<國防部主管百分比>0</國防部主管百分比>
<財政部主管金額>0</財政部主管金額>
<財政部主管百分比>0</財政部主管百分比>
<教育部主管金額>124183794</教育部主管金額>
<教育部主管百分比>71.3</教育部主管百分比>
<法務部主管金額>0</法務部主管金額>
<法務部主管百分比>0</法務部主管百分比>
<經濟部主管金額>0</經濟部主管金額>
<經濟部主管百分比>0</經濟部主管百分比>
<交通部主管金額>0</交通部主管金額>
<交通部主管百分比>0</交通部主管百分比>
<國軍退除役官兵輔導委員會主管金額>0</國軍退除役官兵輔導委員會主管金額>
<國軍退除役官兵輔導委員會主管百分比>0</國軍退除役官兵輔導委員會主管百分比>
<國家科學委員會主管金額>0</國家科學委員會主管金額>
<國家科學委員會主管百分比>0</國家科學委員會主管百分比>
<農業委員會主管金額>0</農業委員會主管金額>
<農業委員會主管百分比>0</農業委員會主管百分比>
<衛生署主管金額>0</衛生署主管金額>
<衛生署主管百分比>0</衛生署主管百分比>
<國立故宮博物院主管金額>0</國立故宮博物院主管金額>
<國立故宮博物院主管百分比>0</國立故宮博物院主管百分比>
<原住民族委員會主管金額>0</原住民族委員會主管金額>
<原住民族委員會主管百分比>0</原住民族委員會主管百分比>
<考試院考選部主管金額>0</考試院考選部主管金額>
<考試院考選部主管百分比>0</考試院考選部主管百分比>
</ROW>
<ROW>
<科目>出租資產成本</科目>
<合計金額>5313578</合計金額>
<合計百分比>0.54</合計百分比>
<行政院主管金額>0</行政院主管金額>
<行政院主管百分比>0</行政院主管百分比>
<內政部主管金額>0</內政部主管金額>
<內政部主管百分比>0</內政部主管百分比>
<國防部主管金額>33533</國防部主管金額>
<國防部主管百分比>0.05</國防部主管百分比>
<財政部主管金額>0</財政部主管金額>
<財政部主管百分比>0</財政部主管百分比>
<教育部主管金額>0</教育部主管金額>
<教育部主管百分比>0</教育部主管百分比>
<法務部主管金額>0</法務部主管金額>
<法務部主管百分比>0</法務部主管百分比>
<經濟部主管金額>90544</經濟部主管金額>
<經濟部主管百分比>0.68</經濟部主管百分比>
<交通部主管金額>125897</交通部主管金額>
<交通部主管百分比>0.24</交通部主管百分比>
<國軍退除役官兵輔導委員會主管金額>617</國軍退除役官兵輔導委員會主管金額>
<國軍退除役官兵輔導委員會主管百分比>0</國軍退除役官兵輔導委員會主管百分比>
<國家科學委員會主管金額>5062987</國家科學委員會主管金額>
<國家科學委員會主管百分比>42.03</國家科學委員會主管百分比>
<農業委員會主管金額>0</農業委員會主管金額>
<農業委員會主管百分比>0</農業委員會主管百分比>
<衛生署主管金額>0</衛生署主管金額>
<衛生署主管百分比>0</衛生署主管百分比>
<國立故宮博物院主管金額>0</國立故宮博物院主管金額>
<國立故宮博物院主管百分比>0</國立故宮博物院主管百分比>
<原住民族委員會主管金額>0</原住民族委員會主管金額>
<原住民族委員會主管百分比>0</原住民族委員會主管百分比>
<考試院考選部主管金額>0</考試院考選部主管金額>
<考試院考選部主管百分比>0</考試院考選部主管百分比>
</ROW>
<ROW>
<科目>投融資業務成本</科目>
<合計金額>14016766</合計金額>
<合計百分比>1.41</合計百分比>
<行政院主管金額>431263</行政院主管金額>
<行政院主管百分比>6.77</行政院主管百分比>
<內政部主管金額>12158203</內政部主管金額>
<內政部主管百分比>15.52</內政部主管百分比>
<國防部主管金額>17507</國防部主管金額>
<國防部主管百分比>0.03</國防部主管百分比>
<財政部主管金額>4000</財政部主管金額>
<財政部主管百分比>1.59</財政部主管百分比>
<教育部主管金額>0</教育部主管金額>
<教育部主管百分比>0</教育部主管百分比>
<法務部主管金額>0</法務部主管金額>
<法務部主管百分比>0</法務部主管百分比>
<經濟部主管金額>1374199</經濟部主管金額>
<經濟部主管百分比>10.35</經濟部主管百分比>
<交通部主管金額>0</交通部主管金額>
<交通部主管百分比>0</交通部主管百分比>
<國軍退除役官兵輔導委員會主管金額>16016</國軍退除役官兵輔導委員會主管金額>
<國軍退除役官兵輔導委員會主管百分比>0.04</國軍退除役官兵輔導委員會主管百分比>
<國家科學委員會主管金額>0</國家科學委員會主管金額>
<國家科學委員會主管百分比>0</國家科學委員會主管百分比>
<農業委員會主管金額>0</農業委員會主管金額>
<農業委員會主管百分比>0</農業委員會主管百分比>
<衛生署主管金額>0</衛生署主管金額>
<衛生署主管百分比>0</衛生署主管百分比>
<國立故宮博物院主管金額>0</國立故宮博物院主管金額>
<國立故宮博物院主管百分比>0</國立故宮博物院主管百分比>
<原住民族委員會主管金額>15578</原住民族委員會主管金額>
<原住民族委員會主管百分比>2.13</原住民族委員會主管百分比>
<考試院考選部主管金額>0</考試院考選部主管金額>
<考試院考選部主管百分比>0</考試院考選部主管百分比>
</ROW>
<ROW>
<科目>醫療成本</科目>
<合計金額>100701206</合計金額>
<合計百分比>10.15</合計百分比>
<行政院主管金額>0</行政院主管金額>
<行政院主管百分比>0</行政院主管百分比>
<內政部主管金額>0</內政部主管金額>
<內政部主管百分比>0</內政部主管百分比>
<國防部主管金額>12677962</國防部主管金額>
<國防部主管百分比>20.53</國防部主管百分比>
<財政部主管金額>0</財政部主管金額>
<財政部主管百分比>0</財政部主管百分比>
<教育部主管金額>28325658</教育部主管金額>
<教育部主管百分比>16.26</教育部主管百分比>
<法務部主管金額>0</法務部主管金額>
<法務部主管百分比>0</法務部主管百分比>
<經濟部主管金額>47793</經濟部主管金額>
<經濟部主管百分比>0.36</經濟部主管百分比>
<交通部主管金額>0</交通部主管金額>
<交通部主管百分比>0</交通部主管百分比>
<國軍退除役官兵輔導委員會主管金額>36815406</國軍退除役官兵輔導委員會主管金額>
<國軍退除役官兵輔導委員會主管百分比>83.41</國軍退除役官兵輔導委員會主管百分比>
<國家科學委員會主管金額>0</國家科學委員會主管金額>
<國家科學委員會主管百分比>0</國家科學委員會主管百分比>
<農業委員會主管金額>0</農業委員會主管金額>
<農業委員會主管百分比>0</農業委員會主管百分比>
<衛生署主管金額>22834387</衛生署主管金額>
<衛生署主管百分比>4.18</衛生署主管百分比>
<國立故宮博物院主管金額>0</國立故宮博物院主管金額>
<國立故宮博物院主管百分比>0</國立故宮博物院主管百分比>
<原住民族委員會主管金額>0</原住民族委員會主管金額>
<原住民族委員會主管百分比>0</原住民族委員會主管百分比>
<考試院考選部主管金額>0</考試院考選部主管金額>
<考試院考選部主管百分比>0</考試院考選部主管百分比>
</ROW>
<ROW>
<科目>保險成本</科目>
<合計金額>568419595</合計金額>
<合計百分比>57.29</合計百分比>
<行政院主管金額>0</行政院主管金額>
<行政院主管百分比>0</行政院主管百分比>
<內政部主管金額>60623718</內政部主管金額>
<內政部主管百分比>77.39</內政部主管百分比>
<國防部主管金額>0</國防部主管金額>
<國防部主管百分比>0</國防部主管百分比>
<財政部主管金額>0</財政部主管金額>
<財政部主管百分比>0</財政部主管百分比>
<教育部主管金額>0</教育部主管金額>
<教育部主管百分比>0</教育部主管百分比>
<法務部主管金額>0</法務部主管金額>
<法務部主管百分比>0</法務部主管百分比>
<經濟部主管金額>0</經濟部主管金額>
<經濟部主管百分比>0</經濟部主管百分比>
<交通部主管金額>0</交通部主管金額>
<交通部主管百分比>0</交通部主管百分比>
<國軍退除役官兵輔導委員會主管金額>0</國軍退除役官兵輔導委員會主管金額>
<國軍退除役官兵輔導委員會主管百分比>0</國軍退除役官兵輔導委員會主管百分比>
<國家科學委員會主管金額>0</國家科學委員會主管金額>
<國家科學委員會主管百分比>0</國家科學委員會主管百分比>
<農業委員會主管金額>0</農業委員會主管金額>
<農業委員會主管百分比>0</農業委員會主管百分比>
<衛生署主管金額>507795877</衛生署主管金額>
<衛生署主管百分比>92.93</衛生署主管百分比>
<國立故宮博物院主管金額>0</國立故宮博物院主管金額>
<國立故宮博物院主管百分比>0</國立故宮博物院主管百分比>
<原住民族委員會主管金額>0</原住民族委員會主管金額>
<原住民族委員會主管百分比>0</原住民族委員會主管百分比>
<考試院考選部主管金額>0</考試院考選部主管金額>
<考試院考選部主管百分比>0</考試院考選部主管百分比>
</ROW>
<ROW>
<科目>其他業務成本</科目>
<合計金額>5645010</合計金額>
<合計百分比>0.57</合計百分比>
<行政院主管金額>0</行政院主管金額>
<行政院主管百分比>0</行政院主管百分比>
<內政部主管金額>692727</內政部主管金額>
<內政部主管百分比>0.88</內政部主管百分比>
<國防部主管金額>0</國防部主管金額>
<國防部主管百分比>0</國防部主管百分比>
<財政部主管金額>0</財政部主管金額>
<財政部主管百分比>0</財政部主管百分比>
<教育部主管金額>4386596</教育部主管金額>
<教育部主管百分比>2.52</教育部主管百分比>
<法務部主管金額>0</法務部主管金額>
<法務部主管百分比>0</法務部主管百分比>
<經濟部主管金額>0</經濟部主管金額>
<經濟部主管百分比>0</經濟部主管百分比>
<交通部主管金額>0</交通部主管金額>
<交通部主管百分比>0</交通部主管百分比>
<國軍退除役官兵輔導委員會主管金額>331222</國軍退除役官兵輔導委員會主管金額>
<國軍退除役官兵輔導委員會主管百分比>0.75</國軍退除役官兵輔導委員會主管百分比>
<國家科學委員會主管金額>0</國家科學委員會主管金額>
<國家科學委員會主管百分比>0</國家科學委員會主管百分比>
<農業委員會主管金額>21599</農業委員會主管金額>
<農業委員會主管百分比>9.54</農業委員會主管百分比>
<衛生署主管金額>212686</衛生署主管金額>
<衛生署主管百分比>0.04</衛生署主管百分比>
<國立故宮博物院主管金額>0</國立故宮博物院主管金額>
<國立故宮博物院主管百分比>0</國立故宮博物院主管百分比>
<原住民族委員會主管金額>0</原住民族委員會主管金額>
<原住民族委員會主管百分比>0</原住民族委員會主管百分比>
<考試院考選部主管金額>180</考試院考選部主管金額>
<考試院考選部主管百分比>0.02</考試院考選部主管百分比>
</ROW>
<ROW>
<科目>行銷及業務費用</科目>
<合計金額>10815536</合計金額>
<合計百分比>1.09</合計百分比>
<行政院主管金額>101802</行政院主管金額>
<行政院主管百分比>1.6</行政院主管百分比>
<內政部主管金額>1189451</內政部主管金額>
<內政部主管百分比>1.52</內政部主管百分比>
<國防部主管金額>4976164</國防部主管金額>
<國防部主管百分比>8.06</國防部主管百分比>
<財政部主管金額>47402</財政部主管金額>
<財政部主管百分比>18.85</財政部主管百分比>
<教育部主管金額>4450</教育部主管金額>
<教育部主管百分比>0</教育部主管百分比>
<法務部主管金額>5652</法務部主管金額>
<法務部主管百分比>0.77</法務部主管百分比>
<經濟部主管金額>1418003</經濟部主管金額>
<經濟部主管百分比>10.68</經濟部主管百分比>
<交通部主管金額>2322448</交通部主管金額>
<交通部主管百分比>4.41</交通部主管百分比>
<國軍退除役官兵輔導委員會主管金額>12978</國軍退除役官兵輔導委員會主管金額>
<國軍退除役官兵輔導委員會主管百分比>0.03</國軍退除役官兵輔導委員會主管百分比>
<國家科學委員會主管金額>0</國家科學委員會主管金額>
<國家科學委員會主管百分比>0</國家科學委員會主管百分比>
<農業委員會主管金額>17565</農業委員會主管金額>
<農業委員會主管百分比>7.75</農業委員會主管百分比>
<衛生署主管金額>5952</衛生署主管金額>
<衛生署主管百分比>0</衛生署主管百分比>
<國立故宮博物院主管金額>6399</國立故宮博物院主管金額>
<國立故宮博物院主管百分比>1.82</國立故宮博物院主管百分比>
<原住民族委員會主管金額>707270</原住民族委員會主管金額>
<原住民族委員會主管百分比>96.69</原住民族委員會主管百分比>
<考試院考選部主管金額>0</考試院考選部主管金額>
<考試院考選部主管百分比>0</考試院考選部主管百分比>
</ROW>
<ROW>
<科目>管理及總務費用</科目>
<合計金額>35305938</合計金額>
<合計百分比>3.56</合計百分比>
<行政院主管金額>53734</行政院主管金額>
<行政院主管百分比>0.84</行政院主管百分比>
<內政部主管金額>110239</內政部主管金額>
<內政部主管百分比>0.14</內政部主管百分比>
<國防部主管金額>2817556</國防部主管金額>
<國防部主管百分比>4.56</國防部主管百分比>
<財政部主管金額>3197</財政部主管金額>
<財政部主管百分比>1.27</財政部主管百分比>
<教育部主管金額>23832863</教育部主管金額>
<教育部主管百分比>13.68</教育部主管百分比>
<法務部主管金額>12443</法務部主管金額>
<法務部主管百分比>1.69</法務部主管百分比>
<經濟部主管金額>352022</經濟部主管金額>
<經濟部主管百分比>2.65</經濟部主管百分比>
<交通部主管金額>3378374</交通部主管金額>
<交通部主管百分比>6.42</交通部主管百分比>
<國軍退除役官兵輔導委員會主管金額>2662950</國軍退除役官兵輔導委員會主管金額>
<國軍退除役官兵輔導委員會主管百分比>6.03</國軍退除役官兵輔導委員會主管百分比>
<國家科學委員會主管金額>0</國家科學委員會主管金額>
<國家科學委員會主管百分比>0</國家科學委員會主管百分比>
<農業委員會主管金額>7763</農業委員會主管金額>
<農業委員會主管百分比>3.43</農業委員會主管百分比>
<衛生署主管金額>2068630</衛生署主管金額>
<衛生署主管百分比>0.38</衛生署主管百分比>
<國立故宮博物院主管金額>3229</國立故宮博物院主管金額>
<國立故宮博物院主管百分比>0.92</國立故宮博物院主管百分比>
<原住民族委員會主管金額>2938</原住民族委員會主管金額>
<原住民族委員會主管百分比>0.4</原住民族委員會主管百分比>
<考試院考選部主管金額>0</考試院考選部主管金額>
<考試院考選部主管百分比>0</考試院考選部主管百分比>
</ROW>
<ROW>
<科目>研究發展及訓練費用</科目>
<合計金額>6035135</合計金額>
<合計百分比>0.61</合計百分比>
<行政院主管金額>500</行政院主管金額>
<行政院主管百分比>0.01</行政院主管百分比>
<內政部主管金額>0</內政部主管金額>
<內政部主管百分比>0</內政部主管百分比>
<國防部主管金額>864577</國防部主管金額>
<國防部主管百分比>1.4</國防部主管百分比>
<財政部主管金額>0</財政部主管金額>
<財政部主管百分比>0</財政部主管百分比>
<教育部主管金額>679595</教育部主管金額>
<教育部主管百分比>0.39</教育部主管百分比>
<法務部主管金額>0</法務部主管金額>
<法務部主管百分比>0</法務部主管百分比>
<經濟部主管金額>0</經濟部主管金額>
<經濟部主管百分比>0</經濟部主管百分比>
<交通部主管金額>0</交通部主管金額>
<交通部主管百分比>0</交通部主管百分比>
<國軍退除役官兵輔導委員會主管金額>3896422</國軍退除役官兵輔導委員會主管金額>
<國軍退除役官兵輔導委員會主管百分比>8.83</國軍退除役官兵輔導委員會主管百分比>
<國家科學委員會主管金額>0</國家科學委員會主管金額>
<國家科學委員會主管百分比>0</國家科學委員會主管百分比>
<農業委員會主管金額>0</農業委員會主管金額>
<農業委員會主管百分比>0</農業委員會主管百分比>
<衛生署主管金額>594041</衛生署主管金額>
<衛生署主管百分比>0.11</衛生署主管百分比>
<國立故宮博物院主管金額>0</國立故宮博物院主管金額>
<國立故宮博物院主管百分比>0</國立故宮博物院主管百分比>
<原住民族委員會主管金額>0</原住民族委員會主管金額>
<原住民族委員會主管百分比>0</原住民族委員會主管百分比>
<考試院考選部主管金額>0</考試院考選部主管金額>
<考試院考選部主管百分比>0</考試院考選部主管百分比>
</ROW>
<ROW>
<科目>其他業務費用</科目>
<合計金額>11119115</合計金額>
<合計百分比>1.12</合計百分比>
<行政院主管金額>0</行政院主管金額>
<行政院主管百分比>0</行政院主管百分比>
<內政部主管金額>8651392</內政部主管金額>
<內政部主管百分比>11.04</內政部主管百分比>
<國防部主管金額>446316</國防部主管金額>
<國防部主管百分比>0.72</國防部主管百分比>
<財政部主管金額>0</財政部主管金額>
<財政部主管百分比>0</財政部主管百分比>
<教育部主管金額>699556</教育部主管金額>
<教育部主管百分比>0.4</教育部主管百分比>
<法務部主管金額>0</法務部主管金額>
<法務部主管百分比>0</法務部主管百分比>
<經濟部主管金額>282733</經濟部主管金額>
<經濟部主管百分比>2.13</經濟部主管百分比>
<交通部主管金額>401112</交通部主管金額>
<交通部主管百分比>0.76</交通部主管百分比>
<國軍退除役官兵輔導委員會主管金額>114059</國軍退除役官兵輔導委員會主管金額>
<國軍退除役官兵輔導委員會主管百分比>0.26</國軍退除役官兵輔導委員會主管百分比>
<國家科學委員會主管金額>87107</國家科學委員會主管金額>
<國家科學委員會主管百分比>0.72</國家科學委員會主管百分比>
<農業委員會主管金額>0</農業委員會主管金額>
<農業委員會主管百分比>0</農業委員會主管百分比>
<衛生署主管金額>436840</衛生署主管金額>
<衛生署主管百分比>0.08</衛生署主管百分比>
<國立故宮博物院主管金額>0</國立故宮博物院主管金額>
<國立故宮博物院主管百分比>0</國立故宮博物院主管百分比>
<原住民族委員會主管金額>0</原住民族委員會主管金額>
<原住民族委員會主管百分比>0</原住民族委員會主管百分比>
<考試院考選部主管金額>0</考試院考選部主管金額>
<考試院考選部主管百分比>0</考試院考選部主管百分比>
</ROW>
<ROW>
<科目>業務賸餘（短絀－）</科目>
<合計金額>30734047</合計金額>
<合計百分比>3.1</合計百分比>
<行政院主管金額>5779812</行政院主管金額>
<行政院主管百分比>90.78</行政院主管百分比>
<內政部主管金額>-5959053</內政部主管金額>
<內政部主管百分比>-7.61</內政部主管百分比>
<國防部主管金額>-2194659</國防部主管金額>
<國防部主管百分比>-3.55</國防部主管百分比>
<財政部主管金額>196851</財政部主管金額>
<財政部主管百分比>78.29</財政部主管百分比>
<教育部主管金額>-9810459</教育部主管金額>
<教育部主管百分比>-5.63</教育部主管百分比>
<法務部主管金額>250269</法務部主管金額>
<法務部主管百分比>34.04</法務部主管百分比>
<經濟部主管金額>1205090</經濟部主管金額>
<經濟部主管百分比>9.08</經濟部主管百分比>
<交通部主管金額>26252632</交通部主管金額>
<交通部主管百分比>49.86</交通部主管百分比>
<國軍退除役官兵輔導委員會主管金額>-317789</國軍退除役官兵輔導委員會主管金額>
<國軍退除役官兵輔導委員會主管百分比>-0.72</國軍退除役官兵輔導委員會主管百分比>
<國家科學委員會主管金額>3023129</國家科學委員會主管金額>
<國家科學委員會主管百分比>25.1</國家科學委員會主管百分比>
<農業委員會主管金額>20030</農業委員會主管金額>
<農業委員會主管百分比>8.84</農業委員會主管百分比>
<衛生署主管金額>12159414</衛生署主管金額>
<衛生署主管百分比>2.23</衛生署主管百分比>
<國立故宮博物院主管金額>118530</國立故宮博物院主管金額>
<國立故宮博物院主管百分比>33.7</國立故宮博物院主管百分比>
<原住民族委員會主管金額>5723</原住民族委員會主管金額>
<原住民族委員會主管百分比>0.78</原住民族委員會主管百分比>
<考試院考選部主管金額>4527</考試院考選部主管金額>
<考試院考選部主管百分比>0.63</考試院考選部主管百分比>
</ROW>
<ROW>
<科目>業務外收入</科目>
<合計金額>15243689</合計金額>
<合計百分比>1.54</合計百分比>
<行政院主管金額>191080</行政院主管金額>
<行政院主管百分比>3</行政院主管百分比>
<內政部主管金額>519517</內政部主管金額>
<內政部主管百分比>0.66</內政部主管百分比>
<國防部主管金額>654314</國防部主管金額>
<國防部主管百分比>1.06</國防部主管百分比>
<財政部主管金額>992</財政部主管金額>
<財政部主管百分比>0.39</財政部主管百分比>
<教育部主管金額>7268120</教育部主管金額>
<教育部主管百分比>4.17</教育部主管百分比>
<法務部主管金額>23177</法務部主管金額>
<法務部主管百分比>3.15</法務部主管百分比>
<經濟部主管金額>331410</經濟部主管金額>
<經濟部主管百分比>2.5</經濟部主管百分比>
<交通部主管金額>1169063</交通部主管金額>
<交通部主管百分比>2.22</交通部主管百分比>
<國軍退除役官兵輔導委員會主管金額>2217002</國軍退除役官兵輔導委員會主管金額>
<國軍退除役官兵輔導委員會主管百分比>5.02</國軍退除役官兵輔導委員會主管百分比>
<國家科學委員會主管金額>26080</國家科學委員會主管金額>
<國家科學委員會主管百分比>0.22</國家科學委員會主管百分比>
<農業委員會主管金額>5231</農業委員會主管金額>
<農業委員會主管百分比>2.31</農業委員會主管百分比>
<衛生署主管金額>2741653</衛生署主管金額>
<衛生署主管百分比>0.5</衛生署主管百分比>
<國立故宮博物院主管金額>5430</國立故宮博物院主管金額>
<國立故宮博物院主管百分比>1.54</國立故宮博物院主管百分比>
<原住民族委員會主管金額>90050</原住民族委員會主管金額>
<原住民族委員會主管百分比>12.31</原住民族委員會主管百分比>
<考試院考選部主管金額>570</考試院考選部主管金額>
<考試院考選部主管百分比>0.08</考試院考選部主管百分比>
</ROW>
<ROW>
<科目>財務收入</科目>
<合計金額>3898557</合計金額>
<合計百分比>0.39</合計百分比>
<行政院主管金額>189412</行政院主管金額>
<行政院主管百分比>2.97</行政院主管百分比>
<內政部主管金額>345117</內政部主管金額>
<內政部主管百分比>0.44</內政部主管百分比>
<國防部主管金額>299821</國防部主管金額>
<國防部主管百分比>0.49</國防部主管百分比>
<財政部主管金額>991</財政部主管金額>
<財政部主管百分比>0.39</財政部主管百分比>
<教育部主管金額>1003945</教育部主管金額>
<教育部主管百分比>0.58</教育部主管百分比>
<法務部主管金額>23037</法務部主管金額>
<法務部主管百分比>3.13</法務部主管百分比>
<經濟部主管金額>101206</經濟部主管金額>
<經濟部主管百分比>0.76</經濟部主管百分比>
<交通部主管金額>235860</交通部主管金額>
<交通部主管百分比>0.45</交通部主管百分比>
<國軍退除役官兵輔導委員會主管金額>201345</國軍退除役官兵輔導委員會主管金額>
<國軍退除役官兵輔導委員會主管百分比>0.46</國軍退除役官兵輔導委員會主管百分比>
<國家科學委員會主管金額>2580</國家科學委員會主管金額>
<國家科學委員會主管百分比>0.02</國家科學委員會主管百分比>
<農業委員會主管金額>4327</農業委員會主管金額>
<農業委員會主管百分比>1.91</農業委員會主管百分比>
<衛生署主管金額>1405396</衛生署主管金額>
<衛生署主管百分比>0.26</衛生署主管百分比>
<國立故宮博物院主管金額>700</國立故宮博物院主管金額>
<國立故宮博物院主管百分比>0.2</國立故宮博物院主管百分比>
<原住民族委員會主管金額>84250</原住民族委員會主管金額>
<原住民族委員會主管百分比>11.52</原住民族委員會主管百分比>
<考試院考選部主管金額>570</考試院考選部主管金額>
<考試院考選部主管百分比>0.08</考試院考選部主管百分比>
</ROW>
<ROW>
<科目>其他業務外收入</科目>
<合計金額>11345132</合計金額>
<合計百分比>1.14</合計百分比>
<行政院主管金額>1668</行政院主管金額>
<行政院主管百分比>0.03</行政院主管百分比>
<內政部主管金額>174400</內政部主管金額>
<內政部主管百分比>0.22</內政部主管百分比>
<國防部主管金額>354493</國防部主管金額>
<國防部主管百分比>0.57</國防部主管百分比>
<財政部主管金額>1</財政部主管金額>
<財政部主管百分比>0</財政部主管百分比>
<教育部主管金額>6264175</教育部主管金額>
<教育部主管百分比>3.6</教育部主管百分比>
<法務部主管金額>140</法務部主管金額>
<法務部主管百分比>0.02</法務部主管百分比>
<經濟部主管金額>230204</經濟部主管金額>
<經濟部主管百分比>1.73</經濟部主管百分比>
<交通部主管金額>933203</交通部主管金額>
<交通部主管百分比>1.77</交通部主管百分比>
<國軍退除役官兵輔導委員會主管金額>2015657</國軍退除役官兵輔導委員會主管金額>
<國軍退除役官兵輔導委員會主管百分比>4.57</國軍退除役官兵輔導委員會主管百分比>
<國家科學委員會主管金額>23500</國家科學委員會主管金額>
<國家科學委員會主管百分比>0.2</國家科學委員會主管百分比>
<農業委員會主管金額>904</農業委員會主管金額>
<農業委員會主管百分比>0.4</農業委員會主管百分比>
<衛生署主管金額>1336257</衛生署主管金額>
<衛生署主管百分比>0.24</衛生署主管百分比>
<國立故宮博物院主管金額>4730</國立故宮博物院主管金額>
<國立故宮博物院主管百分比>1.34</國立故宮博物院主管百分比>
<原住民族委員會主管金額>5800</原住民族委員會主管金額>
<原住民族委員會主管百分比>0.79</原住民族委員會主管百分比>
<考試院考選部主管金額>0</考試院考選部主管金額>
<考試院考選部主管百分比>0</考試院考選部主管百分比>
</ROW>
<ROW>
<科目>業務外費用</科目>
<合計金額>19790146</合計金額>
<合計百分比>1.99</合計百分比>
<行政院主管金額>0</行政院主管金額>
<行政院主管百分比>0</行政院主管百分比>
<內政部主管金額>110295</內政部主管金額>
<內政部主管百分比>0.14</內政部主管百分比>
<國防部主管金額>1162294</國防部主管金額>
<國防部主管百分比>1.88</國防部主管百分比>
<財政部主管金額>0</財政部主管金額>
<財政部主管百分比>0</財政部主管百分比>
<教育部主管金額>4305821</教育部主管金額>
<教育部主管百分比>2.47</教育部主管百分比>
<法務部主管金額>390980</法務部主管金額>
<法務部主管百分比>53.17</法務部主管百分比>
<經濟部主管金額>770158</經濟部主管金額>
<經濟部主管百分比>5.8</經濟部主管百分比>
<交通部主管金額>7997271</交通部主管金額>
<交通部主管百分比>15.19</交通部主管百分比>
<國軍退除役官兵輔導委員會主管金額>429210</國軍退除役官兵輔導委員會主管金額>
<國軍退除役官兵輔導委員會主管百分比>0.97</國軍退除役官兵輔導委員會主管百分比>
<國家科學委員會主管金額>2130614</國家科學委員會主管金額>
<國家科學委員會主管百分比>17.69</國家科學委員會主管百分比>
<農業委員會主管金額>37</農業委員會主管金額>
<農業委員會主管百分比>0.02</農業委員會主管百分比>
<衛生署主管金額>2473666</衛生署主管金額>
<衛生署主管百分比>0.45</衛生署主管百分比>
<國立故宮博物院主管金額>300</國立故宮博物院主管金額>
<國立故宮博物院主管百分比>0.09</國立故宮博物院主管百分比>
<原住民族委員會主管金額>19500</原住民族委員會主管金額>
<原住民族委員會主管百分比>2.67</原住民族委員會主管百分比>
<考試院考選部主管金額>0</考試院考選部主管金額>
<考試院考選部主管百分比>0</考試院考選部主管百分比>
</ROW>
<ROW>
<科目>財務費用</科目>
<合計金額>12755993</合計金額>
<合計百分比>1.29</合計百分比>
<行政院主管金額>0</行政院主管金額>
<行政院主管百分比>0</行政院主管百分比>
<內政部主管金額>0</內政部主管金額>
<內政部主管百分比>0</內政部主管百分比>
<國防部主管金額>526680</國防部主管金額>
<國防部主管百分比>0.85</國防部主管百分比>
<財政部主管金額>0</財政部主管金額>
<財政部主管百分比>0</財政部主管百分比>
<教育部主管金額>55407</教育部主管金額>
<教育部主管百分比>0.03</教育部主管百分比>
<法務部主管金額>0</法務部主管金額>
<法務部主管百分比>0</法務部主管百分比>
<經濟部主管金額>106089</經濟部主管金額>
<經濟部主管百分比>0.8</經濟部主管百分比>
<交通部主管金額>7996771</交通部主管金額>
<交通部主管百分比>15.19</交通部主管百分比>
<國軍退除役官兵輔導委員會主管金額>59360</國軍退除役官兵輔導委員會主管金額>
<國軍退除役官兵輔導委員會主管百分比>0.13</國軍退除役官兵輔導委員會主管百分比>
<國家科學委員會主管金額>2113686</國家科學委員會主管金額>
<國家科學委員會主管百分比>17.55</國家科學委員會主管百分比>
<農業委員會主管金額>0</農業委員會主管金額>
<農業委員會主管百分比>0</農業委員會主管百分比>
<衛生署主管金額>1898000</衛生署主管金額>
<衛生署主管百分比>0.35</衛生署主管百分比>
<國立故宮博物院主管金額>0</國立故宮博物院主管金額>
<國立故宮博物院主管百分比>0</國立故宮博物院主管百分比>
<原住民族委員會主管金額>0</原住民族委員會主管金額>
<原住民族委員會主管百分比>0</原住民族委員會主管百分比>
<考試院考選部主管金額>0</考試院考選部主管金額>
<考試院考選部主管百分比>0</考試院考選部主管百分比>
</ROW>
<ROW>
<科目>其他業務外費用</科目>
<合計金額>7034153</合計金額>
<合計百分比>0.71</合計百分比>
<行政院主管金額>0</行政院主管金額>
<行政院主管百分比>0</行政院主管百分比>
<內政部主管金額>110295</內政部主管金額>
<內政部主管百分比>0.14</內政部主管百分比>
<國防部主管金額>635614</國防部主管金額>
<國防部主管百分比>1.03</國防部主管百分比>
<財政部主管金額>0</財政部主管金額>
<財政部主管百分比>0</財政部主管百分比>
<教育部主管金額>4250414</教育部主管金額>
<教育部主管百分比>2.44</教育部主管百分比>
<法務部主管金額>390980</法務部主管金額>
<法務部主管百分比>53.17</法務部主管百分比>
<經濟部主管金額>664069</經濟部主管金額>
<經濟部主管百分比>5</經濟部主管百分比>
<交通部主管金額>500</交通部主管金額>
<交通部主管百分比>0</交通部主管百分比>
<國軍退除役官兵輔導委員會主管金額>369850</國軍退除役官兵輔導委員會主管金額>
<國軍退除役官兵輔導委員會主管百分比>0.84</國軍退除役官兵輔導委員會主管百分比>
<國家科學委員會主管金額>16928</國家科學委員會主管金額>
<國家科學委員會主管百分比>0.14</國家科學委員會主管百分比>
<農業委員會主管金額>37</農業委員會主管金額>
<農業委員會主管百分比>0.02</農業委員會主管百分比>
<衛生署主管金額>575666</衛生署主管金額>
<衛生署主管百分比>0.11</衛生署主管百分比>
<國立故宮博物院主管金額>300</國立故宮博物院主管金額>
<國立故宮博物院主管百分比>0.09</國立故宮博物院主管百分比>
<原住民族委員會主管金額>19500</原住民族委員會主管金額>
<原住民族委員會主管百分比>2.67</原住民族委員會主管百分比>
<考試院考選部主管金額>0</考試院考選部主管金額>
<考試院考選部主管百分比>0</考試院考選部主管百分比>
</ROW>
<ROW>
<科目>業務外賸餘（短絀－）</科目>
<合計金額>-4546457</合計金額>
<合計百分比>-0.46</合計百分比>
<行政院主管金額>191080</行政院主管金額>
<行政院主管百分比>3</行政院主管百分比>
<內政部主管金額>409222</內政部主管金額>
<內政部主管百分比>0.52</內政部主管百分比>
<國防部主管金額>-507980</國防部主管金額>
<國防部主管百分比>-0.82</國防部主管百分比>
<財政部主管金額>992</財政部主管金額>
<財政部主管百分比>0.39</財政部主管百分比>
<教育部主管金額>2962299</教育部主管金額>
<教育部主管百分比>1.7</教育部主管百分比>
<法務部主管金額>-367803</法務部主管金額>
<法務部主管百分比>-50.02</法務部主管百分比>
<經濟部主管金額>-438748</經濟部主管金額>
<經濟部主管百分比>-3.3</經濟部主管百分比>
<交通部主管金額>-6828208</交通部主管金額>
<交通部主管百分比>-12.97</交通部主管百分比>
<國軍退除役官兵輔導委員會主管金額>1787792</國軍退除役官兵輔導委員會主管金額>
<國軍退除役官兵輔導委員會主管百分比>4.05</國軍退除役官兵輔導委員會主管百分比>
<國家科學委員會主管金額>-2104534</國家科學委員會主管金額>
<國家科學委員會主管百分比>-17.47</國家科學委員會主管百分比>
<農業委員會主管金額>5194</農業委員會主管金額>
<農業委員會主管百分比>2.29</農業委員會主管百分比>
<衛生署主管金額>267987</衛生署主管金額>
<衛生署主管百分比>0.05</衛生署主管百分比>
<國立故宮博物院主管金額>5130</國立故宮博物院主管金額>
<國立故宮博物院主管百分比>1.46</國立故宮博物院主管百分比>
<原住民族委員會主管金額>70550</原住民族委員會主管金額>
<原住民族委員會主管百分比>9.64</原住民族委員會主管百分比>
<考試院考選部主管金額>570</考試院考選部主管金額>
<考試院考選部主管百分比>0.08</考試院考選部主管百分比>
</ROW>
<ROW>
<科目>非常賸餘（短絀－）</科目>
<合計金額>0</合計金額>
<合計百分比>0</合計百分比>
<行政院主管金額>0</行政院主管金額>
<行政院主管百分比>0</行政院主管百分比>
<內政部主管金額>0</內政部主管金額>
<內政部主管百分比>0</內政部主管百分比>
<國防部主管金額>0</國防部主管金額>
<國防部主管百分比>0</國防部主管百分比>
<財政部主管金額>0</財政部主管金額>
<財政部主管百分比>0</財政部主管百分比>
<教育部主管金額>0</教育部主管金額>
<教育部主管百分比>0</教育部主管百分比>
<法務部主管金額>0</法務部主管金額>
<法務部主管百分比>0</法務部主管百分比>
<經濟部主管金額>0</經濟部主管金額>
<經濟部主管百分比>0</經濟部主管百分比>
<交通部主管金額>0</交通部主管金額>
<交通部主管百分比>0</交通部主管百分比>
<國軍退除役官兵輔導委員會主管金額>0</國軍退除役官兵輔導委員會主管金額>
<國軍退除役官兵輔導委員會主管百分比>0</國軍退除役官兵輔導委員會主管百分比>
<國家科學委員會主管金額>0</國家科學委員會主管金額>
<國家科學委員會主管百分比>0</國家科學委員會主管百分比>
<農業委員會主管金額>0</農業委員會主管金額>
<農業委員會主管百分比>0</農業委員會主管百分比>
<衛生署主管金額>0</衛生署主管金額>
<衛生署主管百分比>0</衛生署主管百分比>
<國立故宮博物院主管金額>0</國立故宮博物院主管金額>
<國立故宮博物院主管百分比>0</國立故宮博物院主管百分比>
<原住民族委員會主管金額>0</原住民族委員會主管金額>
<原住民族委員會主管百分比>0</原住民族委員會主管百分比>
<考試院考選部主管金額>0</考試院考選部主管金額>
<考試院考選部主管百分比>0</考試院考選部主管百分比>
</ROW>
<ROW>
<科目>會計原則變動累積影響數</科目>
<合計金額>0</合計金額>
<合計百分比>0</合計百分比>
<行政院主管金額>0</行政院主管金額>
<行政院主管百分比>0</行政院主管百分比>
<內政部主管金額>0</內政部主管金額>
<內政部主管百分比>0</內政部主管百分比>
<國防部主管金額>0</國防部主管金額>
<國防部主管百分比>0</國防部主管百分比>
<財政部主管金額>0</財政部主管金額>
<財政部主管百分比>0</財政部主管百分比>
<教育部主管金額>0</教育部主管金額>
<教育部主管百分比>0</教育部主管百分比>
<法務部主管金額>0</法務部主管金額>
<法務部主管百分比>0</法務部主管百分比>
<經濟部主管金額>0</經濟部主管金額>
<經濟部主管百分比>0</經濟部主管百分比>
<交通部主管金額>0</交通部主管金額>
<交通部主管百分比>0</交通部主管百分比>
<國軍退除役官兵輔導委員會主管金額>0</國軍退除役官兵輔導委員會主管金額>
<國軍退除役官兵輔導委員會主管百分比>0</國軍退除役官兵輔導委員會主管百分比>
<國家科學委員會主管金額>0</國家科學委員會主管金額>
<國家科學委員會主管百分比>0</國家科學委員會主管百分比>
<農業委員會主管金額>0</農業委員會主管金額>
<農業委員會主管百分比>0</農業委員會主管百分比>
<衛生署主管金額>0</衛生署主管金額>
<衛生署主管百分比>0</衛生署主管百分比>
<國立故宮博物院主管金額>0</國立故宮博物院主管金額>
<國立故宮博物院主管百分比>0</國立故宮博物院主管百分比>
<原住民族委員會主管金額>0</原住民族委員會主管金額>
<原住民族委員會主管百分比>0</原住民族委員會主管百分比>
<考試院考選部主管金額>0</考試院考選部主管金額>
<考試院考選部主管百分比>0</考試院考選部主管百分比>
</ROW>
<ROW>
<科目>本期賸餘（短絀－）</科目>
<合計金額>26187590</合計金額>
<合計百分比>2.64</合計百分比>
<行政院主管金額>5970892</行政院主管金額>
<行政院主管百分比>93.78</行政院主管百分比>
<內政部主管金額>-5549831</內政部主管金額>
<內政部主管百分比>-7.08</內政部主管百分比>
<國防部主管金額>-2702639</國防部主管金額>
<國防部主管百分比>-4.38</國防部主管百分比>
<財政部主管金額>197843</財政部主管金額>
<財政部主管百分比>78.68</財政部主管百分比>
<教育部主管金額>-6848160</教育部主管金額>
<教育部主管百分比>-3.93</教育部主管百分比>
<法務部主管金額>-117534</法務部主管金額>
<法務部主管百分比>-15.98</法務部主管百分比>
<經濟部主管金額>766342</經濟部主管金額>
<經濟部主管百分比>5.77</經濟部主管百分比>
<交通部主管金額>19424424</交通部主管金額>
<交通部主管百分比>36.89</交通部主管百分比>
<國軍退除役官兵輔導委員會主管金額>1470003</國軍退除役官兵輔導委員會主管金額>
<國軍退除役官兵輔導委員會主管百分比>3.33</國軍退除役官兵輔導委員會主管百分比>
<國家科學委員會主管金額>918595</國家科學委員會主管金額>
<國家科學委員會主管百分比>7.63</國家科學委員會主管百分比>
<農業委員會主管金額>25224</農業委員會主管金額>
<農業委員會主管百分比>11.14</農業委員會主管百分比>
<衛生署主管金額>12427401</衛生署主管金額>
<衛生署主管百分比>2.27</衛生署主管百分比>
<國立故宮博物院主管金額>123660</國立故宮博物院主管金額>
<國立故宮博物院主管百分比>35.16</國立故宮博物院主管百分比>
<原住民族委員會主管金額>76273</原住民族委員會主管金額>
<原住民族委員會主管百分比>10.43</原住民族委員會主管百分比>
<考試院考選部主管金額>5097</考試院考選部主管金額>
<考試院考選部主管百分比>0.71</考試院考選部主管百分比>
</ROW>
<ROW>
<備註></備註>
</ROW>
</DataSet>
</GenericData>
