<?xml version="1.0" encoding="UTF-8"?>
<tables>
    <BCTDOUTGO>
        <BCTDOUTGO_row>
            <bm_fiscalyear>104</bm_fiscalyear>
            <bm_fundkind>1</bm_fundkind>
            <bm_budgetkind>1</bm_budgetkind>
            <bm_specialbudgetno/>
            <bm_agenno>29011</bm_agenno>
            <bm_agentype>C</bm_agentype>
            <bm_budgetstate>1</bm_budgetstate>
            <bm_abroadplan>1</bm_abroadplan>
            <bm_projtype>2 </bm_projtype>
            <bm_projno>01</bm_projno>
            <bm_abroadplanname>出席航空保安與危險物品外站督導會議</bm_abroadplanname>
            <bm_visitsts/>
            <bm_visitexplain/>
            <bm_dispatchstaffs>0</bm_dispatchstaffs>
            <bm_abroadsite1>無</bm_abroadsite1>
            <bm_abroadsite2/>
            <bm_abroadsite3/>
            <bm_abroadperiod1/>
            <bm_abroadperiodto1/>
            <bm_abroadperiod2/>
            <bm_abroadperiodto2/>
            <bm_abroadperiod3/>
            <bm_abroadperiodto3/>
            <bm_abroadstaffs1>0</bm_abroadstaffs1>
            <bm_abroadstaffs2>0</bm_abroadstaffs2>
            <bm_abroadstaffs3>0</bm_abroadstaffs3>
            <bm_abroadallowance1>0.00</bm_abroadallowance1>
            <bm_abroadallowance2>0.00</bm_abroadallowance2>
            <bm_abroadallowance3>0.00</bm_abroadallowance3>
            <bm_budgetno>60290110200</bm_budgetno>
            <bm_regionno>28</bm_regionno>
            <bm_country>亞、歐、美、非、大洋洲</bm_country>
            <bm_agency/>
            <bm_cont_text>為督促國籍航空公司之航空保安與危險物品作業符合我國航空保安與危險物品作業規範，故依據「交通部民用航空局航空保安品質管制計畫」及「危險物品檢查員手冊」規定，派員出席航空保安與危險物品外站督導會議，以瞭解實際作業情形。</bm_cont_text>
            <bm_durationfrom>10301</bm_durationfrom>
            <bm_durationto>10312</bm_durationto>
            <bm_days>6</bm_days>
            <bm_persons>4</bm_persons>
            <bm_amt_trans>8000.00</bm_amt_trans>
            <bm_amt_life>124000.00</bm_amt_life>
            <bm_amt_public>12000.00</bm_amt_public>
            <bm_amt_books>0.00</bm_amt_books>
            <bm_amt_flight>0.00</bm_amt_flight>
            <bm_versiondate/>
        </BCTDOUTGO_row>
        <BCTDOUTGO_row>
            <bm_fiscalyear>104</bm_fiscalyear>
            <bm_fundkind>1</bm_fundkind>
            <bm_budgetkind>1</bm_budgetkind>
            <bm_specialbudgetno/>
            <bm_agenno>29011</bm_agenno>
            <bm_agentype>C</bm_agentype>
            <bm_budgetstate>1</bm_budgetstate>
            <bm_abroadplan>1</bm_abroadplan>
            <bm_projtype>2 </bm_projtype>
            <bm_projno>02</bm_projno>
            <bm_abroadplanname>出席航空保安(AVSEC WORLD)年會</bm_abroadplanname>
            <bm_visitsts/>
            <bm_visitexplain/>
            <bm_dispatchstaffs>0</bm_dispatchstaffs>
            <bm_abroadsite1>無</bm_abroadsite1>
            <bm_abroadsite2/>
            <bm_abroadsite3/>
            <bm_abroadperiod1/>
            <bm_abroadperiodto1/>
            <bm_abroadperiod2/>
            <bm_abroadperiodto2/>
            <bm_abroadperiod3/>
            <bm_abroadperiodto3/>
            <bm_abroadstaffs1>0</bm_abroadstaffs1>
            <bm_abroadstaffs2>0</bm_abroadstaffs2>
            <bm_abroadstaffs3>0</bm_abroadstaffs3>
            <bm_abroadallowance1>0.00</bm_abroadallowance1>
            <bm_abroadallowance2>0.00</bm_abroadallowance2>
            <bm_abroadallowance3>0.00</bm_abroadallowance3>
            <bm_budgetno>60290110200</bm_budgetno>
            <bm_regionno>28</bm_regionno>
            <bm_country>亞、歐、美、非、大洋洲</bm_country>
            <bm_agency/>
            <bm_cont_text>為瞭解國際民航保安工作最新發展狀況及趨勢，並為加強國際聯繫，故有必要派員參加國際航空保安會議，俾作為我國未來賡續推動航空保安工作之重要參考依據。</bm_cont_text>
            <bm_durationfrom>10301</bm_durationfrom>
            <bm_durationto>10312</bm_durationto>
            <bm_days>7</bm_days>
            <bm_persons>1</bm_persons>
            <bm_amt_trans>40000.00</bm_amt_trans>
            <bm_amt_life>30000.00</bm_amt_life>
            <bm_amt_public>32000.00</bm_amt_public>
            <bm_amt_books>0.00</bm_amt_books>
            <bm_amt_flight>0.00</bm_amt_flight>
            <bm_versiondate/>
        </BCTDOUTGO_row>
    </BCTDOUTGO>
</tables>
