<?xml version="1.0" encoding="UTF-8"?>
<tables>
    <BCME3420>
        <BCME3420_row>
            <budgetno/>
            <agenno/>
            <agentype/>
            <mh_budgetname>合    計</mh_budgetname>
            <displayname>合    計</displayname>
            <budgetno_conver/>
            <tyear_amt>311258000.00</tyear_amt>
            <lyear_amt>311700000.00</lyear_amt>
            <byear_amt>272700922.00</byear_amt>
            <b_amt>-442000.00</b_amt>
            <bc_content/>
            <memo/>
        </BCME3420_row>
        <BCME3420_row>
            <budgetno>00290000000</budgetno>
            <agenno>29011</agenno>
            <agentype>C</agentype>
            <mh_budgetname>交通部主管</mh_budgetname>
            <displayname>交通部主管</displayname>
            <budgetno_conver>0029000000</budgetno_conver>
            <tyear_amt>311258000.000000</tyear_amt>
            <lyear_amt>311700000.000000</lyear_amt>
            <byear_amt>272700922.000000</byear_amt>
            <b_amt>-442000.000000</b_amt>
            <bc_content/>
        </BCME3420_row>
        <BCME3420_row>
            <budgetno>00290110000</budgetno>
            <agenno>29011</agenno>
            <agentype>C</agentype>
            <mh_budgetname>民用航空局</mh_budgetname>
            <displayname>民用航空局</displayname>
            <budgetno_conver>0029110000</budgetno_conver>
            <tyear_amt>311258000.000000</tyear_amt>
            <lyear_amt>311700000.000000</lyear_amt>
            <byear_amt>272700922.000000</byear_amt>
            <b_amt>-442000.000000</b_amt>
            <bc_content/>
        </BCME3420_row>
        <BCME3420_row>
            <budgetno>60290110000</budgetno>
            <agenno>29011</agenno>
            <agentype>C</agentype>
            <mh_budgetname>交通支出</mh_budgetname>
            <displayname>交通支出</displayname>
            <budgetno_conver>6029110000</budgetno_conver>
            <tyear_amt>311258000.000000</tyear_amt>
            <lyear_amt>311700000.000000</lyear_amt>
            <byear_amt>272700922.000000</byear_amt>
            <b_amt>-442000.000000</b_amt>
            <bc_content/>
        </BCME3420_row>
        <BCME3420_row>
            <budgetno>60290110100</budgetno>
            <agenno>29011</agenno>
            <agentype>C</agentype>
            <mh_budgetname>一般行政</mh_budgetname>
            <displayname>一般行政</displayname>
            <budgetno_conver>6029110100</budgetno_conver>
            <tyear_amt>309812000.000000</tyear_amt>
            <lyear_amt>310254000.000000</lyear_amt>
            <byear_amt>272453922.000000</byear_amt>
            <b_amt>-442000.000000</b_amt>
            <bc_content>&lt;#H1&gt;本年度預算數309,812千元，包括人事費306,952千元，業務費1,876千元，獎補助費984千元。&#xd;
&lt;#H1&gt;本年度預算數之內容與上年度之比較如下：&#xd;
&#xd;
&lt;#H2&gt;人員維持費306,952千元，較上年度核實減列人事費330千元。&#xd;
&lt;#H2&gt;基本行政工作維持費2,860千元，較上年度減列短程車資等112千元。</bc_content>
        </BCME3420_row>
        <BCME3420_row>
            <budgetno>60290110200</budgetno>
            <agenno>29011</agenno>
            <agentype>C</agentype>
            <mh_budgetname>空運管理業務</mh_budgetname>
            <displayname>空運管理業務</displayname>
            <budgetno_conver>6029110200</budgetno_conver>
            <tyear_amt>246000.000000</tyear_amt>
            <lyear_amt>246000.000000</lyear_amt>
            <byear_amt>247000.000000</byear_amt>
            <b_amt>0.000000</b_amt>
            <bc_content>本年度預算數246千元，係出席航空保安與危險物品外站督導會議及航空保安年會等經費，與上年度同。</bc_content>
        </BCME3420_row>
        <BCME3420_row>
            <budgetno>60290119800</budgetno>
            <agenno>29011</agenno>
            <agentype>C</agentype>
            <mh_budgetname>第一預備金</mh_budgetname>
            <displayname>第一預備金</displayname>
            <budgetno_conver>6029119800</budgetno_conver>
            <tyear_amt>1200000.000000</tyear_amt>
            <lyear_amt>1200000.000000</lyear_amt>
            <byear_amt>0.000000</byear_amt>
            <b_amt>0.000000</b_amt>
            <bc_content>仍照上年度預算數編列。</bc_content>
        </BCME3420_row>
    </BCME3420>
</tables>
