<?xml version="1.0" encoding="UTF-8"?>
<tables>
    <BCME3450>
        <BCME3450_row>
            <objectNo>合計</objectNo>
            <budgetno_5121870100>153756.00</budgetno_5121870100>
            <budgetno_5121870200>39486.00</budgetno_5121870200>
            <budgetno_5121879800>245.00</budgetno_5121879800>
            <total>193487.00</total>
        </BCME3450_row>
        <BCME3450_row>
            <objectNo>0100 人事費</objectNo>
            <budgetno_5121870100>142293.00</budgetno_5121870100>
            <budgetno_5121870200/>
            <budgetno_5121879800/>
            <total>142293.00</total>
        </BCME3450_row>
        <BCME3450_row>
            <objectNo>  0103 法定編制人員待遇</objectNo>
            <budgetno_5121870100>82674.00</budgetno_5121870100>
            <budgetno_5121870200/>
            <budgetno_5121879800/>
            <total>82674.00</total>
        </BCME3450_row>
        <BCME3450_row>
            <objectNo>  0104 約聘僱人員待遇</objectNo>
            <budgetno_5121870100>1628.00</budgetno_5121870100>
            <budgetno_5121870200/>
            <budgetno_5121879800/>
            <total>1628.00</total>
        </BCME3450_row>
        <BCME3450_row>
            <objectNo>  0105 技工及工友待遇</objectNo>
            <budgetno_5121870100>5111.00</budgetno_5121870100>
            <budgetno_5121870200/>
            <budgetno_5121879800/>
            <total>5111.00</total>
        </BCME3450_row>
        <BCME3450_row>
            <objectNo>  0111 獎金</objectNo>
            <budgetno_5121870100>21354.00</budgetno_5121870100>
            <budgetno_5121870200/>
            <budgetno_5121879800/>
            <total>21354.00</total>
        </BCME3450_row>
        <BCME3450_row>
            <objectNo>  0121 其他給與</objectNo>
            <budgetno_5121870100>2263.00</budgetno_5121870100>
            <budgetno_5121870200/>
            <budgetno_5121879800/>
            <total>2263.00</total>
        </BCME3450_row>
        <BCME3450_row>
            <objectNo>  0131 加班值班費</objectNo>
            <budgetno_5121870100>5343.00</budgetno_5121870100>
            <budgetno_5121870200/>
            <budgetno_5121879800/>
            <total>5343.00</total>
        </BCME3450_row>
        <BCME3450_row>
            <objectNo>  0143 退休離職儲金</objectNo>
            <budgetno_5121870100>15015.00</budgetno_5121870100>
            <budgetno_5121870200/>
            <budgetno_5121879800/>
            <total>15015.00</total>
        </BCME3450_row>
        <BCME3450_row>
            <objectNo>  0151 保險</objectNo>
            <budgetno_5121870100>8905.00</budgetno_5121870100>
            <budgetno_5121870200/>
            <budgetno_5121879800/>
            <total>8905.00</total>
        </BCME3450_row>
        <BCME3450_row>
            <objectNo>0200 業務費</objectNo>
            <budgetno_5121870100>10767.00</budgetno_5121870100>
            <budgetno_5121870200>37200.00</budgetno_5121870200>
            <budgetno_5121879800/>
            <total>47967.00</total>
        </BCME3450_row>
        <BCME3450_row>
            <objectNo>  0201 教育訓練費</objectNo>
            <budgetno_5121870100>80.00</budgetno_5121870100>
            <budgetno_5121870200/>
            <budgetno_5121879800/>
            <total>80.00</total>
        </BCME3450_row>
        <BCME3450_row>
            <objectNo>  0202 水電費</objectNo>
            <budgetno_5121870100>1710.00</budgetno_5121870100>
            <budgetno_5121870200>8783.00</budgetno_5121870200>
            <budgetno_5121879800/>
            <total>10493.00</total>
        </BCME3450_row>
        <BCME3450_row>
            <objectNo>  0203 通訊費</objectNo>
            <budgetno_5121870100>1386.00</budgetno_5121870100>
            <budgetno_5121870200>2038.00</budgetno_5121870200>
            <budgetno_5121879800/>
            <total>3424.00</total>
        </BCME3450_row>
        <BCME3450_row>
            <objectNo>  0212 權利使用費</objectNo>
            <budgetno_5121870100/>
            <budgetno_5121870200>782.00</budgetno_5121870200>
            <budgetno_5121879800/>
            <total>782.00</total>
        </BCME3450_row>
        <BCME3450_row>
            <objectNo>  0215 資訊服務費</objectNo>
            <budgetno_5121870100>1238.00</budgetno_5121870100>
            <budgetno_5121870200>560.00</budgetno_5121870200>
            <budgetno_5121879800/>
            <total>1798.00</total>
        </BCME3450_row>
        <BCME3450_row>
            <objectNo>  0219 其他業務租金</objectNo>
            <budgetno_5121870100>154.00</budgetno_5121870100>
            <budgetno_5121870200>2410.00</budgetno_5121870200>
            <budgetno_5121879800/>
            <total>2564.00</total>
        </BCME3450_row>
        <BCME3450_row>
            <objectNo>  0221 稅捐及規費</objectNo>
            <budgetno_5121870100>155.00</budgetno_5121870100>
            <budgetno_5121870200>253.00</budgetno_5121870200>
            <budgetno_5121879800/>
            <total>408.00</total>
        </BCME3450_row>
        <BCME3450_row>
            <objectNo>  0231 保險費</objectNo>
            <budgetno_5121870100>324.00</budgetno_5121870100>
            <budgetno_5121870200>50.00</budgetno_5121870200>
            <budgetno_5121879800/>
            <total>374.00</total>
        </BCME3450_row>
        <BCME3450_row>
            <objectNo>  0250 按日按件計資酬金</objectNo>
            <budgetno_5121870100>52.00</budgetno_5121870100>
            <budgetno_5121870200>2072.00</budgetno_5121870200>
            <budgetno_5121879800/>
            <total>2124.00</total>
        </BCME3450_row>
        <BCME3450_row>
            <objectNo>  0262 國內組織會費</objectNo>
            <budgetno_5121870100/>
            <budgetno_5121870200>50.00</budgetno_5121870200>
            <budgetno_5121879800/>
            <total>50.00</total>
        </BCME3450_row>
        <BCME3450_row>
            <objectNo>  0271 物品</objectNo>
            <budgetno_5121870100>636.00</budgetno_5121870100>
            <budgetno_5121870200>1549.00</budgetno_5121870200>
            <budgetno_5121879800/>
            <total>2185.00</total>
        </BCME3450_row>
        <BCME3450_row>
            <objectNo>  0279 一般事務費</objectNo>
            <budgetno_5121870100>3099.00</budgetno_5121870100>
            <budgetno_5121870200>14985.00</budgetno_5121870200>
            <budgetno_5121879800/>
            <total>18084.00</total>
        </BCME3450_row>
        <BCME3450_row>
            <objectNo>  0282 房屋建築養護費</objectNo>
            <budgetno_5121870100>571.00</budgetno_5121870100>
            <budgetno_5121870200>503.00</budgetno_5121870200>
            <budgetno_5121879800/>
            <total>1074.00</total>
        </BCME3450_row>
        <BCME3450_row>
            <objectNo>  0283 車輛及辦公器具養護費</objectNo>
            <budgetno_5121870100>470.00</budgetno_5121870100>
            <budgetno_5121870200/>
            <budgetno_5121879800/>
            <total>470.00</total>
        </BCME3450_row>
        <BCME3450_row>
            <objectNo>  0284 設施及機械設備養護費</objectNo>
            <budgetno_5121870100>515.00</budgetno_5121870100>
            <budgetno_5121870200>2060.00</budgetno_5121870200>
            <budgetno_5121879800/>
            <total>2575.00</total>
        </BCME3450_row>
        <BCME3450_row>
            <objectNo>  0291 國內旅費</objectNo>
            <budgetno_5121870100>200.00</budgetno_5121870100>
            <budgetno_5121870200>938.00</budgetno_5121870200>
            <budgetno_5121879800/>
            <total>1138.00</total>
        </BCME3450_row>
        <BCME3450_row>
            <objectNo>  0294 運費</objectNo>
            <budgetno_5121870100>20.00</budgetno_5121870100>
            <budgetno_5121870200>107.00</budgetno_5121870200>
            <budgetno_5121879800/>
            <total>127.00</total>
        </BCME3450_row>
        <BCME3450_row>
            <objectNo>  0295 短程車資</objectNo>
            <budgetno_5121870100/>
            <budgetno_5121870200>60.00</budgetno_5121870200>
            <budgetno_5121879800/>
            <total>60.00</total>
        </BCME3450_row>
        <BCME3450_row>
            <objectNo>  0299 特別費</objectNo>
            <budgetno_5121870100>157.00</budgetno_5121870100>
            <budgetno_5121870200/>
            <budgetno_5121879800/>
            <total>157.00</total>
        </BCME3450_row>
        <BCME3450_row>
            <objectNo>0300 設備及投資</objectNo>
            <budgetno_5121870100>576.00</budgetno_5121870100>
            <budgetno_5121870200>2083.00</budgetno_5121870200>
            <budgetno_5121879800/>
            <total>2659.00</total>
        </BCME3450_row>
        <BCME3450_row>
            <objectNo>  0304 機械設備費</objectNo>
            <budgetno_5121870100>150.00</budgetno_5121870100>
            <budgetno_5121870200>1642.00</budgetno_5121870200>
            <budgetno_5121879800/>
            <total>1792.00</total>
        </BCME3450_row>
        <BCME3450_row>
            <objectNo>  0306 資訊軟硬體設備費</objectNo>
            <budgetno_5121870100>276.00</budgetno_5121870100>
            <budgetno_5121870200/>
            <budgetno_5121879800/>
            <total>276.00</total>
        </BCME3450_row>
        <BCME3450_row>
            <objectNo>  0319 雜項設備費</objectNo>
            <budgetno_5121870100>150.00</budgetno_5121870100>
            <budgetno_5121870200>441.00</budgetno_5121870200>
            <budgetno_5121879800/>
            <total>591.00</total>
        </BCME3450_row>
        <BCME3450_row>
            <objectNo>0400 獎補助費</objectNo>
            <budgetno_5121870100>120.00</budgetno_5121870100>
            <budgetno_5121870200>203.00</budgetno_5121870200>
            <budgetno_5121879800/>
            <total>323.00</total>
        </BCME3450_row>
        <BCME3450_row>
            <objectNo>  0475 獎勵及慰問</objectNo>
            <budgetno_5121870100>120.00</budgetno_5121870100>
            <budgetno_5121870200>203.00</budgetno_5121870200>
            <budgetno_5121879800/>
            <total>323.00</total>
        </BCME3450_row>
        <BCME3450_row>
            <objectNo>0900 預備金</objectNo>
            <budgetno_5121870100/>
            <budgetno_5121870200/>
            <budgetno_5121879800>245.00</budgetno_5121879800>
            <total>245.00</total>
        </BCME3450_row>
        <BCME3450_row>
            <objectNo>  0901 第一預備金</objectNo>
            <budgetno_5121870100/>
            <budgetno_5121870200/>
            <budgetno_5121879800>245.00</budgetno_5121879800>
            <total>245.00</total>
        </BCME3450_row>
    </BCME3450>
</tables>
