<?xml version="1.0" encoding="UTF-8"?>
<tables>
    <BCME3420>
        <BCME3420_row>
            <budgetno/>
            <agenno/>
            <agentype/>
            <mh_budgetname>合    計</mh_budgetname>
            <displayname>合    計</displayname>
            <budgetno_conver/>
            <tyear_amt>193487000</tyear_amt>
            <lyear_amt>185522000</lyear_amt>
            <byear_amt>181323157</byear_amt>
            <b_amt>7965000</b_amt>
            <bc_content/>
            <memo/>
        </BCME3420_row>
        <BCME3420_row>
            <budgetno>00210000000</budgetno>
            <agenno>21087</agenno>
            <agentype>C</agentype>
            <mh_budgetname>教育部主管</mh_budgetname>
            <displayname>教育部主管</displayname>
            <budgetno_conver>0021000000</budgetno_conver>
            <tyear_amt>193487000</tyear_amt>
            <lyear_amt>185522000</lyear_amt>
            <byear_amt>181323157</byear_amt>
            <b_amt>7965000</b_amt>
            <bc_content/>
        </BCME3420_row>
        <BCME3420_row>
            <budgetno>00210870000</budgetno>
            <agenno>21087</agenno>
            <agentype>C</agentype>
            <mh_budgetname>國立教育廣播電臺</mh_budgetname>
            <displayname>國立教育廣播電臺</displayname>
            <budgetno_conver>0021870000</budgetno_conver>
            <tyear_amt>193487000</tyear_amt>
            <lyear_amt>185522000</lyear_amt>
            <byear_amt>181323157</byear_amt>
            <b_amt>7965000</b_amt>
            <bc_content/>
        </BCME3420_row>
        <BCME3420_row>
            <budgetno>51210870000</budgetno>
            <agenno>21087</agenno>
            <agentype>C</agentype>
            <mh_budgetname>教育支出</mh_budgetname>
            <displayname>教育支出</displayname>
            <budgetno_conver>5121870000</budgetno_conver>
            <tyear_amt>193487000</tyear_amt>
            <lyear_amt>185522000</lyear_amt>
            <byear_amt>181323157</byear_amt>
            <b_amt>7965000</b_amt>
            <bc_content/>
        </BCME3420_row>
        <BCME3420_row>
            <budgetno>51210870100</budgetno>
            <agenno>21087</agenno>
            <agentype>C</agentype>
            <mh_budgetname>一般行政</mh_budgetname>
            <displayname>一般行政</displayname>
            <budgetno_conver>5121870100</budgetno_conver>
            <tyear_amt>153756000</tyear_amt>
            <lyear_amt>147813000</lyear_amt>
            <byear_amt>143918818</byear_amt>
            <b_amt>5943000</b_amt>
            <bc_content>&lt;#H1&gt;本年度預算數153,756千元，包括人事費142,293千元，業務費10,767千元，設備及投資576千元，獎補助費120千元。&#xd;
&lt;#H1&gt;本年度預算數之內容與上年度之比較如下：&#xd;
&lt;#H2&gt;人員維持費142,293千元，較上年度增列撥補勞工退休準備金專戶差額等經費4,773千元。&lt;#H2&gt;基本行政工作維持費9,625千元，較上年度增列行政資訊系統維運等經費1,170千元。&#xd;
&lt;#H2&gt;資訊作業維持費1,838千元，與上年度同。&#xd;
</bc_content>
        </BCME3420_row>
        <BCME3420_row>
            <budgetno>51210870200</budgetno>
            <agenno>21087</agenno>
            <agentype>C</agentype>
            <mh_budgetname>臺務業務活動</mh_budgetname>
            <displayname>臺務業務活動</displayname>
            <budgetno_conver>5121870200</budgetno_conver>
            <tyear_amt>39486000</tyear_amt>
            <lyear_amt>37464000</lyear_amt>
            <byear_amt>37404339</byear_amt>
            <b_amt>2022000</b_amt>
            <bc_content>&lt;#H1&gt;本年度預算數39,486千元，包括業務費37,200千元，設備及投資2,083千元，獎補助費203千元。&#xd;
&lt;#H1&gt;本年度預算數之內容與上年度之比較如下：&#xd;
&lt;#H2&gt;節目製作經費14,099千元，較上年度增列節目製播等經費52千元。&#xd;
&lt;#H2&gt;機務維修管理經費8,052千元，與上年度同。&#xd;
&lt;#H2&gt;彰化分臺節目製作及機務管理經費5,157千元，較上年度增列節目製播及數據通訊費等135千元。&#xd;
&lt;#H2&gt;高雄分臺節目製作及機務管理經費3,951千元，較上年度增列節目製播及設備維護等經費100千元。&#xd;
&lt;#H2&gt;花蓮分臺節目製作及機務管理經費2,418千元，較上年度增列數據通訊費等100千元。&#xd;
&lt;#H2&gt;臺東分臺節目製作及機務管理經費3,799千元，較上年度增列新設臺站基本維持、節目製作及數據通訊費等1,519千元。&#xd;
&lt;#H2&gt;節目推廣調查研究經費2,010千元，較上年度增列辦理節目推廣行銷活動等經費116千元。&#xd;
</bc_content>
        </BCME3420_row>
        <BCME3420_row>
            <budgetno>51210879800</budgetno>
            <agenno>21087</agenno>
            <agentype>C</agentype>
            <mh_budgetname>第一預備金</mh_budgetname>
            <displayname>第一預備金</displayname>
            <budgetno_conver>5121879800</budgetno_conver>
            <tyear_amt>245000</tyear_amt>
            <lyear_amt>245000</lyear_amt>
            <byear_amt>0</byear_amt>
            <b_amt>0</b_amt>
            <bc_content>仍照上年度預算數編列。</bc_content>
        </BCME3420_row>
    </BCME3420>
</tables>
