<?xml version="1.0" encoding="UTF-8"?>
<tables>
    <BCTDMANAMT>
        <BCTDMANAMT_row>
            <bn_fiscalyear>105</bn_fiscalyear>
            <bn_fundkind>1</bn_fundkind>
            <bn_budgetkind>1</bn_budgetkind>
            <bn_specialbudgetno/>
            <bn_agenno>21087</bn_agenno>
            <bn_agentype>C</bn_agentype>
            <bn_budgetstate>1</bn_budgetstate>
            <bn_budgetsource>1</bn_budgetsource>
            <bn_man1>96</bn_man1>
            <bn_man1_l>96</bn_man1_l>
            <bn_man2>0</bn_man2>
            <bn_man2_l>0</bn_man2_l>
            <bn_man3>4</bn_man3>
            <bn_man3_l>4</bn_man3_l>
            <bn_man4>4</bn_man4>
            <bn_man4_l>4</bn_man4_l>
            <bn_man5>0</bn_man5>
            <bn_man5_l>0</bn_man5_l>
            <bn_man6>4</bn_man6>
            <bn_man6_l>4</bn_man6_l>
            <bn_man7>0</bn_man7>
            <bn_man7_l>0</bn_man7_l>
            <bn_man8>23</bn_man8>
            <bn_man8_l>24</bn_man8_l>
            <bn_man9>5</bn_man9>
            <bn_man9_l>6</bn_man9_l>
            <bn_man10>0</bn_man10>
            <bn_man10_l>0</bn_man10_l>
            <bn_man11>0</bn_man11>
            <bn_man11_l>0</bn_man11_l>
            <bn_amt_man>136950000.00</bn_amt_man>
            <bn_amt_mngbsn>132033000.00</bn_amt_mngbsn>
            <bn_text>勞務承攬支出：&amp;lt;br&amp;gt;&amp;lt;#H1&amp;gt;總臺(含獻堂館)清潔、園藝及雜役勞務外包共計3人，服務費計1,070千元。&amp;lt;br&amp;gt;&amp;lt;#H1&amp;gt;總臺警衛保全外包1人，服務費計420千元。&amp;lt;#H1&amp;gt;總臺及臺東分臺駕駛勞務外包2人，服務費計770千元。&amp;lt;br&amp;gt;&amp;lt;#H1&amp;gt;南海學園大門保全2人，5機關分攤，本臺分攤服務費計350千元。</bn_text>
            <display_name>51210870100 一般行政</display_name>
        </BCTDMANAMT_row>
    </BCTDMANAMT>
</tables>
