<?xml version="1.0" encoding="UTF-8"?>
<Root>
    <Row>
        <款>11</款>
        <項/>
        <目/>
        <節/>
        <科目名稱>教育部主管</科目名稱>
        <人事費>142293</人事費>
        <業務費_經>47967</業務費_經>
        <奬補助費_經>323</奬補助費_經>
        <債務費>0</債務費>
        <預備金_經>245</預備金_經>
        <經常支出小計>190828</經常支出小計>
        <業務費_資>0</業務費_資>
        <設備及投資>2659</設備及投資>
        <奬補助費_資>0</奬補助費_資>
        <預備金_資>0</預備金_資>
        <資本支出小計>2659</資本支出小計>
        <合計>193487</合計>
    </Row>
    <Row>
        <款/>
        <項>7</項>
        <目/>
        <節/>
        <科目名稱>國立教育廣播電臺</科目名稱>
        <人事費>142293</人事費>
        <業務費_經>47967</業務費_經>
        <奬補助費_經>323</奬補助費_經>
        <債務費>0</債務費>
        <預備金_經>245</預備金_經>
        <經常支出小計>190828</經常支出小計>
        <業務費_資>0</業務費_資>
        <設備及投資>2659</設備及投資>
        <奬補助費_資>0</奬補助費_資>
        <預備金_資>0</預備金_資>
        <資本支出小計>2659</資本支出小計>
        <合計>193487</合計>
    </Row>
    <Row>
        <款/>
        <項/>
        <目/>
        <節/>
        <科目名稱>教育支出</科目名稱>
        <人事費>142293</人事費>
        <業務費_經>47967</業務費_經>
        <奬補助費_經>323</奬補助費_經>
        <債務費>0</債務費>
        <預備金_經>245</預備金_經>
        <經常支出小計>190828</經常支出小計>
        <業務費_資>0</業務費_資>
        <設備及投資>2659</設備及投資>
        <奬補助費_資>0</奬補助費_資>
        <預備金_資>0</預備金_資>
        <資本支出小計>2659</資本支出小計>
        <合計>193487</合計>
    </Row>
    <Row>
        <款/>
        <項/>
        <目>1</目>
        <節/>
        <科目名稱>一般行政</科目名稱>
        <人事費>142293</人事費>
        <業務費_經>10767</業務費_經>
        <奬補助費_經>120</奬補助費_經>
        <債務費>0</債務費>
        <預備金_經>0</預備金_經>
        <經常支出小計>153180</經常支出小計>
        <業務費_資>0</業務費_資>
        <設備及投資>576</設備及投資>
        <奬補助費_資>0</奬補助費_資>
        <預備金_資>0</預備金_資>
        <資本支出小計>576</資本支出小計>
        <合計>153756</合計>
    </Row>
    <Row>
        <款/>
        <項/>
        <目>2</目>
        <節/>
        <科目名稱>臺務業務活動</科目名稱>
        <人事費>0</人事費>
        <業務費_經>37200</業務費_經>
        <奬補助費_經>203</奬補助費_經>
        <債務費>0</債務費>
        <預備金_經>0</預備金_經>
        <經常支出小計>37403</經常支出小計>
        <業務費_資>0</業務費_資>
        <設備及投資>2083</設備及投資>
        <奬補助費_資>0</奬補助費_資>
        <預備金_資>0</預備金_資>
        <資本支出小計>2083</資本支出小計>
        <合計>39486</合計>
    </Row>
    <Row>
        <款/>
        <項/>
        <目>3</目>
        <節/>
        <科目名稱>第一預備金</科目名稱>
        <人事費>0</人事費>
        <業務費_經>0</業務費_經>
        <奬補助費_經>0</奬補助費_經>
        <債務費>0</債務費>
        <預備金_經>245</預備金_經>
        <經常支出小計>245</經常支出小計>
        <業務費_資>0</業務費_資>
        <設備及投資>0</設備及投資>
        <奬補助費_資>0</奬補助費_資>
        <預備金_資>0</預備金_資>
        <資本支出小計>0</資本支出小計>
        <合計>245</合計>
    </Row>
</Root>
