﻿<?xml version="1.0" encoding="UTF-8"?>
<GenericData>
<Header>
<Table Id="fnwxbworkr" Name="中華民國101年度法定預算 附屬單位預算（營業部分）損益綜計表  (依收支科目分列)" Domain="PBA" /> 
<Program Id="PBAGR040"/> 
<Sender Name="行政院主計總處"/>
</Header>
	

<DataSet>
<Row>
<科目>營業收入</科目>
<前年度決算數金額>3,131,559,127</前年度決算數金額>
<前年度決算數百分比>100</前年度決算數百分比>
<本年度預算數預算數>3,216,014,217</本年度預算數預算數>
<本年度預算數預算數百分比>100</本年度預算數預算數百分比>
<上年度預算數金額>2,974,275,331</上年度預算數金額>
<本年度預算數預算數百分比>100</本年度預算數預算數百分比>
<本年度預算數與上年度預算數比較增減百分比>8.13</本年度預算數與上年度預算數比較增減百分比>
</Row>
<Row>
<科目>銷貨收入</科目>
<前年度決算數金額>1028664038</前年度決算數金額>
<前年度決算數百分比>32.85</前年度決算數百分比>
<本年度預算數預算數>1,102,877,486</本年度預算數預算數>
<本年度預算數預算數百分比>34.29</本年度預算數預算數百分比>
<上年度預算數金額>1,017,223,470</上年度預算數金額>
<本年度預算數預算數百分比>34.20</本年度預算數預算數百分比>
<本年度預算數與上年度預算數比較增減百分比>8.42</本年度預算數與上年度預算數比較增減百分比>
</Row>
<Row>
<科目>勞務收入</科目>
<前年度決算數金額>7259480</前年度決算數金額>
<前年度決算數百分比>0.23</前年度決算數百分比>
<本年度預算數預算數>12,221,817</本年度預算數預算數>
<本年度預算數預算數百分比>0.38</本年度預算數預算數百分比>
<上年度預算數金額>11,050,926</上年度預算數金額>
<本年度預算數預算數百分比>0.37</本年度預算數預算數百分比>
<本年度預算數與上年度預算數比較增減百分比>10.60</本年度預算數與上年度預算數比較增減百分比>
</Row>
<Row>
<科目>電費收入</科目>
<前年度決算數金額>504,515,387</前年度決算數金額>
<前年度決算數百分比>16.11</前年度決算數百分比>
<本年度預算數預算數>546,812,654</本年度預算數預算數>
<本年度預算數預算數百分比>17.00</本年度預算數預算數百分比>
<上年度預算數金額>512,154,236</上年度預算數金額>
<本年度預算數預算數百分比>17.22</本年度預算數預算數百分比>
<本年度預算數與上年度預算數比較增減百分比>6.77</本年度預算數與上年度預算數比較增減百分比>
</Row>
<Row>
<科目>給水收入</科目>
<前年度決算數金額>24,060,360</前年度決算數金額>
<前年度決算數百分比>0.77</前年度決算數百分比>
<本年度預算數預算數>24,322,984</本年度預算數預算數>
<本年度預算數預算數百分比>0.76</本年度預算數預算數百分比>
<上年度預算數金額>24,042,323</上年度預算數金額>
<本年度預算數預算數百分比>0.81</本年度預算數預算數百分比>
<本年度預算數與上年度預算數比較增減百分比>1.17</本年度預算數與上年度預算數比較增減百分比>
</Row>
<Row>
<科目>運輸收入</科目>
<前年度決算數金額>15,623,517</前年度決算數金額>
<前年度決算數百分比>0.50</前年度決算數百分比>
<本年度預算數預算數>16,939,179</本年度預算數預算數>
<本年度預算數預算數百分比>0.53</本年度預算數預算數百分比>
<上年度預算數金額>15,889,317</上年度預算數金額>
<本年度預算數預算數百分比>0.53</本年度預算數預算數百分比>
<本年度預算數與上年度預算數比較增減百分比>6.61</本年度預算數與上年度預算數比較增減百分比>
</Row>
<Row>
<科目>港埠收入</科目>
<前年度決算數金額>10,784,232</前年度決算數金額>
<前年度決算數百分比>0.34</前年度決算數百分比>
<本年度預算數預算數>10,259,273</本年度預算數預算數>
<本年度預算數預算數百分比>0.32</本年度預算數預算數百分比>
<上年度預算數金額>11,680,304</上年度預算數金額>
<本年度預算數預算數百分比>0.39</本年度預算數預算數百分比>
<本年度預算數與上年度預算數比較增減百分比>-12.17</本年度預算數與上年度預算數比較增減百分比>
</Row>
<Row>
<科目>印刷出版廣告收入</科目>
<前年度決算數金額>678,911</前年度決算數金額>
<前年度決算數百分比>0.02</前年度決算數百分比>
<本年度預算數預算數>662,392</本年度預算數預算數>
<本年度預算數預算數百分比>0.02</本年度預算數預算數百分比>
<上年度預算數金額>657,338</上年度預算數金額>
<本年度預算數預算數百分比>0.02</本年度預算數預算數百分比>
<本年度預算數與上年度預算數比較增減百分比>0.77</本年度預算數與上年度預算數比較增減百分比>
</Row>
<Row>
<科目>郵務收入</科目>
<前年度決算數金額>24,448,498</前年度決算數金額>
<前年度決算數百分比>0.78</前年度決算數百分比>
<本年度預算數預算數>25,097,434</本年度預算數預算數>
<本年度預算數預算數百分比>0.78</本年度預算數預算數百分比>
<上年度預算數金額>24,854,981</上年度預算數金額>
<本年度預算數預算數百分比>0.84</本年度預算數預算數百分比>
<本年度預算數與上年度預算數比較增減百分比>0.98</本年度預算數與上年度預算數比較增減百分比>
</Row>
<Row>
<科目>電信收入</科目>
<前年度決算數金額></前年度決算數金額>
<前年度決算數百分比></前年度決算數百分比>
<本年度預算數預算數></本年度預算數預算數>
<本年度預算數預算數百分比></本年度預算數預算數百分比>
<上年度預算數金額></上年度預算數金額>
<本年度預算數預算數百分比></本年度預算數預算數百分比>
<本年度預算數與上年度預算數比較增減百分比></本年度預算數與上年度預算數比較增減百分比>
</Row>
<Row>
<科目>金融保險收入</科目>
<前年度決算數金額>1,438,350,985</前年度決算數金額>
<前年度決算數百分比>45.93</前年度決算數百分比>
<本年度預算數預算數>1,392,131,863</本年度預算數預算數>
<本年度預算數預算數百分比>43.29</本年度預算數預算數百分比>
<上年度預算數金額>1,279,943,779</上年度預算數金額>
<本年度預算數預算數百分比>43.03</本年度預算數預算數百分比>
<本年度預算數與上年度預算數比較增減百分比>8.77</本年度預算數與上年度預算數比較增減百分比>
</Row>
<Row>
<科目>其他營業收入</科目>
<前年度決算數金額>77,173,719</前年度決算數金額>
<前年度決算數百分比>2.46</前年度決算數百分比>
<本年度預算數預算數>84,689,135</本年度預算數預算數>
<本年度預算數預算數百分比>2.63</本年度預算數預算數百分比>
<上年度預算數金額>76,778,657</上年度預算數金額>
<本年度預算數預算數百分比>2.58</本年度預算數預算數百分比>
<本年度預算數與上年度預算數比較增減百分比>10.30</本年度預算數與上年度預算數比較增減百分比>
</Row>
<Row>
<科目>營業成本</科目>
<前年度決算數金額>2,729,785,754</前年度決算數金額>
<前年度決算數百分比>87.17</前年度決算數百分比>
<本年度預算數預算數>2,942,177,171</本年度預算數預算數>
<本年度預算數預算數百分比>91.49</本年度預算數預算數百分比>
<上年度預算數金額>2,696,383,211</上年度預算數金額>
<本年度預算數預算數百分比>90.66</本年度預算數預算數百分比>
<本年度預算數與上年度預算數比較增減百分比>9.12</本年度預算數與上年度預算數比較增減百分比>
</Row>
<Row>
<科目>銷貨成本</科目>
<前年度決算數金額>953341579</前年度決算數金額>
<前年度決算數百分比>30.44</前年度決算數百分比>
<本年度預算數預算數>1,030,796,935</本年度預算數預算數>
<本年度預算數預算數百分比>32.05</本年度預算數預算數百分比>
<上年度預算數金額>945,315,499</上年度預算數金額>
<本年度預算數預算數百分比>31.78</本年度預算數預算數百分比>
<本年度預算數與上年度預算數比較增減百分比>9.04</本年度預算數與上年度預算數比較增減百分比>
</Row>
<Row>
<科目>勞務成本</科目>
<前年度決算數金額>7,113,528</前年度決算數金額>
<前年度決算數百分比>0.23</前年度決算數百分比>
<本年度預算數預算數>13,566,732</本年度預算數預算數>
<本年度預算數預算數百分比>0.42</本年度預算數預算數百分比>
<上年度預算數金額>13,048,102</上年度預算數金額>
<本年度預算數預算數百分比>0.44</本年度預算數預算數百分比>
<本年度預算數與上年度預算數比較增減百分比>3.97</本年度預算數與上年度預算數比較增減百分比>
</Row>
<Row>
<科目>發電及供電成本</科目>
<前年度決算數金額>507,326,972</前年度決算數金額>
<前年度決算數百分比>16.20</前年度決算數百分比>
<本年度預算數預算數>584,704,128</本年度預算數預算數>
<本年度預算數預算數百分比>18.18</本年度預算數預算數百分比>
<上年度預算數金額>536,522,039</上年度預算數金額>
<本年度預算數預算數百分比>18.04</本年度預算數預算數百分比>
<本年度預算數與上年度預算數比較增減百分比>8.98</本年度預算數與上年度預算數比較增減百分比>
</Row>
<Row>
<科目>給水成本</科目>
<前年度決算數金額>20,618,556</前年度決算數金額>
<前年度決算數百分比>0.66</前年度決算數百分比>
<本年度預算數預算數>20,829,156</本年度預算數預算數>
<本年度預算數預算數百分比>0.65</本年度預算數預算數百分比>
<上年度預算數金額>20,315,642</上年度預算數金額>
<本年度預算數預算數百分比>0.68</本年度預算數預算數百分比>
<本年度預算數與上年度預算數比較增減百分比>2.53</本年度預算數與上年度預算數比較增減百分比>
</Row>
<Row>
<科目>輸儲成本</科目>
<前年度決算數金額>37,221,396</前年度決算數金額>
<前年度決算數百分比>1.19</前年度決算數百分比>
<本年度預算數預算數>37,819,067</本年度預算數預算數>
<本年度預算數預算數百分比>1.18</本年度預算數預算數百分比>
<上年度預算數金額>37,511,942</上年度預算數金額>
<本年度預算數預算數百分比>1.26</本年度預算數預算數百分比>
<本年度預算數與上年度預算數比較增減百分比>0.82</本年度預算數與上年度預算數比較增減百分比>
</Row>
<Row>
<科目>港埠成本</科目>
<前年度決算數金額>8,918,258</前年度決算數金額>
<前年度決算數百分比>0.28</前年度決算數百分比>
<本年度預算數預算數>9,044,463</本年度預算數預算數>
<本年度預算數預算數百分比>0.28</本年度預算數預算數百分比>
<上年度預算數金額>10,137,860</上年度預算數金額>
<本年度預算數預算數百分比>0.34</本年度預算數預算數百分比>
<本年度預算數與上年度預算數比較增減百分比>-10.79</本年度預算數與上年度預算數比較增減百分比>
</Row>
<Row>
<科目>印刷出版廣告成本</科目>
<前年度決算數金額>499,115</前年度決算數金額>
<前年度決算數百分比>0.02</前年度決算數百分比>
<本年度預算數預算數>512,444</本年度預算數預算數>
<本年度預算數預算數百分比>0.02</本年度預算數預算數百分比>
<上年度預算數金額>505,003</上年度預算數金額>
<本年度預算數預算數百分比>0.02</本年度預算數預算數百分比>
<本年度預算數與上年度預算數比較增減百分比>1.47</本年度預算數與上年度預算數比較增減百分比>
</Row>
<Row>
<科目>郵務成本</科目>
<前年度決算數金額>19,588,766</前年度決算數金額>
<前年度決算數百分比>0.63</前年度決算數百分比>
<本年度預算數預算數>20,174,669</本年度預算數預算數>
<本年度預算數預算數百分比>0.63</本年度預算數預算數百分比>
<上年度預算數金額>20,630,163</上年度預算數金額>
<本年度預算數預算數百分比>0.69</本年度預算數預算數百分比>
<本年度預算數與上年度預算數比較增減百分比>-2.21</本年度預算數與上年度預算數比較增減百分比>
</Row>
<Row>
<科目>電信成本</科目>
<前年度決算數金額></前年度決算數金額>
<前年度決算數百分比></前年度決算數百分比>
<本年度預算數預算數></本年度預算數預算數>
<本年度預算數預算數百分比></本年度預算數預算數百分比>
<上年度預算數金額></上年度預算數金額>
<本年度預算數預算數百分比></本年度預算數預算數百分比>
<本年度預算數與上年度預算數比較增減百分比></本年度預算數與上年度預算數比較增減百分比>
</Row>
<Row>
<科目>金融保險成本</科目>
<前年度決算數金額>1163708780</前年度決算數金額>
<前年度決算數百分比>37.16</前年度決算數百分比>
<本年度預算數預算數>1,206,831,433</本年度預算數預算數>
<本年度預算數預算數百分比>37.53</本年度預算數預算數百分比>
<上年度預算數金額>1,098,246,963</上年度預算數金額>
<本年度預算數預算數百分比>36.92</本年度預算數預算數百分比>
<本年度預算數與上年度預算數比較增減百分比>9.89</本年度預算數與上年度預算數比較增減百分比>
</Row>
<Row>
<科目>其他營業成本</科目>
<前年度決算數金額>11,448,805</前年度決算數金額>
<前年度決算數百分比>0.37</前年度決算數百分比>
<本年度預算數預算數>17,898,144</本年度預算數預算數>
<本年度預算數預算數百分比>0.56</本年度預算數預算數百分比>
<上年度預算數金額>14,149,998</上年度預算數金額>
<本年度預算數預算數百分比>0.48</本年度預算數預算數百分比>
<本年度預算數與上年度預算數比較增減百分比>26.49</本年度預算數與上年度預算數比較增減百分比>
</Row>
<Row>
<科目>營業毛利（毛損－）</科目>
<前年度決算數金額>401,773,373</前年度決算數金額>
<前年度決算數百分比>12.83</前年度決算數百分比>
<本年度預算數預算數>273,837,046</本年度預算數預算數>
<本年度預算數預算數百分比>8.51</本年度預算數預算數百分比>
<上年度預算數金額>277,892,120</上年度預算數金額>
<本年度預算數預算數百分比>9.34</本年度預算數預算數百分比>
<本年度預算數與上年度預算數比較增減百分比>-1.46</本年度預算數與上年度預算數比較增減百分比>
</Row>
<Row>
<科目>營業費用</科目>
<前年度決算數金額>114,648,479</前年度決算數金額>
<前年度決算數百分比>3.66</前年度決算數百分比>
<本年度預算數預算數>130,832,141</本年度預算數預算數>
<本年度預算數預算數百分比>4.07</本年度預算數預算數百分比>
<上年度預算數金額>125,215,193</上年度預算數金額>
<本年度預算數預算數百分比>4.21</本年度預算數預算數百分比>
<本年度預算數與上年度預算數比較增減百分比>4.49</本年度預算數與上年度預算數比較增減百分比>
</Row>
<Row>
<科目>行銷費用</科目>
<前年度決算數金額>31,464,584</前年度決算數金額>
<前年度決算數百分比>1.00</前年度決算數百分比>
<本年度預算數預算數>34,402,716</本年度預算數預算數>
<本年度預算數預算數百分比>1.07</本年度預算數預算數百分比>
<上年度預算數金額>33,230,306</上年度預算數金額>
<本年度預算數預算數百分比>1.12</本年度預算數預算數百分比>
<本年度預算數與上年度預算數比較增減百分比>3.53</本年度預算數與上年度預算數比較增減百分比>
</Row>
<Row>
<科目>業務費用</科目>
<前年度決算數金額>61,192,224</前年度決算數金額>
<前年度決算數百分比>1.95</前年度決算數百分比>
<本年度預算數預算數>70,414,534</本年度預算數預算數>
<本年度預算數預算數百分比>2.19</本年度預算數預算數百分比>
<上年度預算數金額>66,788,462</上年度預算數金額>
<本年度預算數預算數百分比>2.25</本年度預算數預算數百分比>
<本年度預算數與上年度預算數比較增減百分比>5.43</本年度預算數與上年度預算數比較增減百分比>
</Row>
<Row>
<科目>管理費用</科目>
<前年度決算數金額>15,946,260</前年度決算數金額>
<前年度決算數百分比>0.51</前年度決算數百分比>
<本年度預算數預算數>18,106,892</本年度預算數預算數>
<本年度預算數預算數百分比>0.56</本年度預算數預算數百分比>
<上年度預算數金額>17,482,010</上年度預算數金額>
<本年度預算數預算數百分比>0.59</本年度預算數預算數百分比>
<本年度預算數與上年度預算數比較增減百分比>3.57</本年度預算數與上年度預算數比較增減百分比>
</Row>
<Row>
<科目>其他營業費用</科目>
<前年度決算數金額>6,045,411</前年度決算數金額>
<前年度決算數百分比>0.19</前年度決算數百分比>
<本年度預算數預算數>7,907,999</本年度預算數預算數>
<本年度預算數預算數百分比>0.25</本年度預算數預算數百分比>
<上年度預算數金額>7,714,415</上年度預算數金額>
<本年度預算數預算數百分比>0.26</本年度預算數預算數百分比>
<本年度預算數與上年度預算數比較增減百分比>2.51</本年度預算數與上年度預算數比較增減百分比>
</Row>
<Row>
<科目>營業利益（損失－）</科目>
<前年度決算數金額>287,124,894</前年度決算數金額>
<前年度決算數百分比>9.17</前年度決算數百分比>
<本年度預算數預算數>143,004,905</本年度預算數預算數>
<本年度預算數預算數百分比>4.45</本年度預算數預算數百分比>
<上年度預算數金額>152,676,927</上年度預算數金額>
<本年度預算數預算數百分比>5.13</本年度預算數預算數百分比>
<本年度預算數與上年度預算數比較增減百分比>-6.33</本年度預算數與上年度預算數比較增減百分比>
</Row>
<Row>
<科目>營業外收入</科目>
<前年度決算數金額>40,171,477</前年度決算數金額>
<前年度決算數百分比>1.28</前年度決算數百分比>
<本年度預算數預算數>20,433,069</本年度預算數預算數>
<本年度預算數預算數百分比>0.64</本年度預算數預算數百分比>
<上年度預算數金額>20,431,902</上年度預算數金額>
<本年度預算數預算數百分比>0.69</本年度預算數預算數百分比>
<本年度預算數與上年度預算數比較增減百分比>0.01</本年度預算數與上年度預算數比較增減百分比>
</Row>
<Row>
<科目>財務收入</科目>
<前年度決算數金額>11,428,869</前年度決算數金額>
<前年度決算數百分比>0.36</前年度決算數百分比>
<本年度預算數預算數>6,548,623</本年度預算數預算數>
<本年度預算數預算數百分比>0.20</本年度預算數預算數百分比>
<上年度預算數金額>5,477,441</上年度預算數金額>
<本年度預算數預算數百分比>0.18</本年度預算數預算數百分比>
<本年度預算數與上年度預算數比較增減百分比>19.56</本年度預算數與上年度預算數比較增減百分比>
</Row>
<Row>
<科目>其他營業外收入</科目>
<前年度決算數金額>28,742,608</前年度決算數金額>
<前年度決算數百分比>0.92</前年度決算數百分比>
<本年度預算數預算數>13,884,446</本年度預算數預算數>
<本年度預算數預算數百分比>0.43</本年度預算數預算數百分比>
<上年度預算數金額>14,954,461</上年度預算數金額>
<本年度預算數預算數百分比>0.50</本年度預算數預算數百分比>
<本年度預算數與上年度預算數比較增減百分比>-7.16</本年度預算數與上年度預算數比較增減百分比>
</Row>
<Row>
<科目>營業外費用</科目>
<前年度決算數金額>46,607,088</前年度決算數金額>
<前年度決算數百分比>1.49</前年度決算數百分比>
<本年度預算數預算數>50,262,851</本年度預算數預算數>
<本年度預算數預算數百分比>1.56</本年度預算數預算數百分比>
<上年度預算數金額>51,992,000</上年度預算數金額>
<本年度預算數預算數百分比>1.75</本年度預算數預算數百分比>
<本年度預算數與上年度預算數比較增減百分比>-3.33</本年度預算數與上年度預算數比較增減百分比>
</Row>
<Row>
<科目>財務費用</科目>
<前年度決算數金額>14,302,260</前年度決算數金額>
<前年度決算數百分比>0.46</前年度決算數百分比>
<本年度預算數預算數>21,619,114</本年度預算數預算數>
<本年度預算數預算數百分比>0.67</本年度預算數預算數百分比>
<上年度預算數金額>23,548,989</上年度預算數金額>
<本年度預算數預算數百分比>0.79</本年度預算數預算數百分比>
<本年度預算數與上年度預算數比較增減百分比>-8.20</本年度預算數與上年度預算數比較增減百分比>
</Row>
<Row>
<科目>其他營業外費用</科目>
<前年度決算數金額>32304827</前年度決算數金額>
<前年度決算數百分比>1.03</前年度決算數百分比>
<本年度預算數預算數>28,643,737</本年度預算數預算數>
<本年度預算數預算數百分比>0.89</本年度預算數預算數百分比>
<上年度預算數金額>28,443,011</上年度預算數金額>
<本年度預算數預算數百分比>0.96</本年度預算數預算數百分比>
<本年度預算數與上年度預算數比較增減百分比>0.71</本年度預算數與上年度預算數比較增減百分比>
</Row>
<Row>
<科目>營業外利益（損失－）</科目>
<前年度決算數金額>-6435610</前年度決算數金額>
<前年度決算數百分比>0.21</前年度決算數百分比>
<本年度預算數預算數>-29,829,782</本年度預算數預算數>
<本年度預算數預算數百分比>0.93</本年度預算數預算數百分比>
<上年度預算數金額>-31,560,098</上年度預算數金額>
<本年度預算數預算數百分比>1.06</本年度預算數預算數百分比>
<本年度預算數與上年度預算數比較增減百分比>-5.48</本年度預算數與上年度預算數比較增減百分比>
</Row>
<Row>
<科目>稅前純益（純損－）</科目>
<前年度決算數金額>280689284</前年度決算數金額>
<前年度決算數百分比>8.96</前年度決算數百分比>
<本年度預算數預算數>113,175,123</本年度預算數預算數>
<本年度預算數預算數百分比>3.52</本年度預算數預算數百分比>
<上年度預算數金額>121,116,829</上年度預算數金額>
<本年度預算數預算數百分比>4.07</本年度預算數預算數百分比>
<本年度預算數與上年度預算數比較增減百分比>-6.56</本年度預算數與上年度預算數比較增減百分比>
</Row>
<Row>
<科目>所得稅費用（利益－）</科目>
<前年度決算數金額>33057710</前年度決算數金額>
<前年度決算數百分比>1.06</前年度決算數百分比>
<本年度預算數預算數>8,282,243</本年度預算數預算數>
<本年度預算數預算數百分比>0.26</本年度預算數預算數百分比>
<上年度預算數金額>7,208,685</上年度預算數金額>
<本年度預算數預算數百分比>0.24</本年度預算數預算數百分比>
<本年度預算數與上年度預算數比較增減百分比>14.89</本年度預算數與上年度預算數比較增減百分比>
</Row>
<Row>
<科目>非常利益（損失－）</科目>
<前年度決算數金額></前年度決算數金額>
<前年度決算數百分比></前年度決算數百分比>
<本年度預算數預算數></本年度預算數預算數>
<本年度預算數預算數百分比></本年度預算數預算數百分比>
<上年度預算數金額></上年度預算數金額>
<本年度預算數預算數百分比></本年度預算數預算數百分比>
<本年度預算數與上年度預算數比較增減百分比></本年度預算數與上年度預算數比較增減百分比>
</Row>
<Row>
<科目>會計原則變動累積影響數</科目>
<前年度決算數金額></前年度決算數金額>
<前年度決算數百分比></前年度決算數百分比>
<本年度預算數預算數></本年度預算數預算數>
<本年度預算數預算數百分比></本年度預算數預算數百分比>
<上年度預算數金額></上年度預算數金額>
<本年度預算數預算數百分比></本年度預算數預算數百分比>
<本年度預算數與上年度預算數比較增減百分比></本年度預算數與上年度預算數比較增減百分比>
</Row>
<Row>
<科目>本期純益（純損－）</科目>
<前年度決算數金額>247,631,574</前年度決算數金額>
<前年度決算數百分比>7.91</前年度決算數百分比>
<本年度預算數預算數>104,892,880</本年度預算數預算數>
<本年度預算數預算數百分比>3.26</本年度預算數預算數百分比>
<上年度預算數金額>113,908,144</上年度預算數金額>
<本年度預算數預算數百分比>3.83</本年度預算數預算數百分比>
<本年度預算數與上年度預算數比較增減百分比>-7.91</本年度預算數與上年度預算數比較增減百分比>
</Row>
<Row>
<科目>本期純益（純損－）歸屬於：母公司股東</科目>
<前年度決算數金額></前年度決算數金額>
<前年度決算數百分比></前年度決算數百分比>
<本年度預算數預算數>104887325</本年度預算數預算數>
<本年度預算數預算數百分比></本年度預算數預算數百分比>
<上年度預算數金額>113903103</上年度預算數金額>
<本年度預算數預算數百分比></本年度預算數預算數百分比>
<本年度預算數與上年度預算數比較增減百分比></本年度預算數與上年度預算數比較增減百分比>
</Row>
<Row>
<科目>本期純益（純損－）歸屬於：少數股權</科目>
<前年度決算數金額></前年度決算數金額>
<前年度決算數百分比></前年度決算數百分比>
<本年度預算數預算數>5555</本年度預算數預算數>
<本年度預算數預算數百分比></本年度預算數預算數百分比>
<上年度預算數金額>5041</上年度預算數金額>
<本年度預算數預算數百分比></本年度預算數預算數百分比>
<本年度預算數與上年度預算數比較增減百分比></本年度預算數與上年度預算數比較增減百分比>
</Row>






<ROW>
<備註></備註>
</ROW>
</DataSet>
</GenericData>