<?xml version="1.0" encoding="UTF-8"?>
<tables>
    <BCTDOUTGO>
        <BCTDOUTGO_row>
            <bm_fiscalyear>104</bm_fiscalyear>
            <bm_fundkind>1</bm_fundkind>
            <bm_budgetkind>1</bm_budgetkind>
            <bm_specialbudgetno/>
            <bm_agenno>71016</bm_agenno>
            <bm_agentype>C</bm_agentype>
            <bm_budgetstate>1</bm_budgetstate>
            <bm_abroadplan>1</bm_abroadplan>
            <bm_projtype>2 </bm_projtype>
            <bm_projno>01</bm_projno>
            <bm_abroadplanname>參加全美州議會聯合會年會</bm_abroadplanname>
            <bm_visitsts>0</bm_visitsts>
            <bm_visitexplain/>
            <bm_dispatchstaffs>0</bm_dispatchstaffs>
            <bm_abroadsite1>美國</bm_abroadsite1>
            <bm_abroadsite2>美國</bm_abroadsite2>
            <bm_abroadsite3>美國</bm_abroadsite3>
            <bm_abroadperiod1>10008</bm_abroadperiod1>
            <bm_abroadperiodto1>10008</bm_abroadperiodto1>
            <bm_abroadperiod2>10108</bm_abroadperiod2>
            <bm_abroadperiodto2>10108</bm_abroadperiodto2>
            <bm_abroadperiod3>10208</bm_abroadperiod3>
            <bm_abroadperiodto3>10208</bm_abroadperiodto3>
            <bm_abroadstaffs1>5</bm_abroadstaffs1>
            <bm_abroadstaffs2>6</bm_abroadstaffs2>
            <bm_abroadstaffs3>5</bm_abroadstaffs3>
            <bm_abroadallowance1>476000.00</bm_abroadallowance1>
            <bm_abroadallowance2>487000.00</bm_abroadallowance2>
            <bm_abroadallowance3>432000.00</bm_abroadallowance3>
            <bm_budgetno>33710160202</bm_budgetno>
            <bm_regionno>83</bm_regionno>
            <bm_country>美國</bm_country>
            <bm_agency/>
            <bm_cont_text>參加美國「全美州議會聯合會年會」及拜訪姊妹州議會。</bm_cont_text>
            <bm_durationfrom>10407</bm_durationfrom>
            <bm_durationto>10407</bm_durationto>
            <bm_days>6</bm_days>
            <bm_persons>4</bm_persons>
            <bm_amt_trans>300000.00</bm_amt_trans>
            <bm_amt_life>100000.00</bm_amt_life>
            <bm_amt_public>32000.00</bm_amt_public>
            <bm_amt_books>0.00</bm_amt_books>
            <bm_amt_flight>0.00</bm_amt_flight>
            <bm_versiondate/>
        </BCTDOUTGO_row>
    </BCTDOUTGO>
</tables>
