<?xml version="1.0" encoding="UTF-8"?>
<tables>
    <BCME3450>
        <BCME3450_row>
            <objectNo>合計</objectNo>
            <budgetno_3371160100>54232.00</budgetno_3371160100>
            <budgetno_3371160301>1053.00</budgetno_3371160301>
            <budgetno_3371160401>2930.00</budgetno_3371160401>
            <budgetno_3371160402>3906.00</budgetno_3371160402>
            <budgetno_5371160500>4604.00</budgetno_5371160500>
            <budgetno_3371160201>2712.00</budgetno_3371160201>
            <budgetno_3371160202>432.00</budgetno_3371160202>
            <budgetno_3371160203>585.00</budgetno_3371160203>
            <budgetno_3371160302>239.00</budgetno_3371160302>
            <budgetno_3371169019>553.00</budgetno_3371169019>
            <budgetno_3371169800>10.00</budgetno_3371169800>
            <total>71256.00</total>
        </BCME3450_row>
        <BCME3450_row>
            <objectNo>0100 人事費</objectNo>
            <budgetno_3371160100>40963.00</budgetno_3371160100>
            <budgetno_3371160301>109.00</budgetno_3371160301>
            <budgetno_3371160401>151.00</budgetno_3371160401>
            <budgetno_3371160402>34.00</budgetno_3371160402>
            <budgetno_5371160500>120.00</budgetno_5371160500>
            <budgetno_3371160201/>
            <budgetno_3371160202/>
            <budgetno_3371160203/>
            <budgetno_3371160302/>
            <budgetno_3371169019/>
            <budgetno_3371169800/>
            <total>41377.00</total>
        </BCME3450_row>
        <BCME3450_row>
            <objectNo>  0103 法定編制人員待遇</objectNo>
            <budgetno_3371160100>17552.00</budgetno_3371160100>
            <budgetno_3371160301/>
            <budgetno_3371160401/>
            <budgetno_3371160402/>
            <budgetno_5371160500/>
            <budgetno_3371160201/>
            <budgetno_3371160202/>
            <budgetno_3371160203/>
            <budgetno_3371160302/>
            <budgetno_3371169019/>
            <budgetno_3371169800/>
            <total>17552.00</total>
        </BCME3450_row>
        <BCME3450_row>
            <objectNo>  0104 約聘僱人員待遇</objectNo>
            <budgetno_3371160100>2442.00</budgetno_3371160100>
            <budgetno_3371160301/>
            <budgetno_3371160401/>
            <budgetno_3371160402/>
            <budgetno_5371160500/>
            <budgetno_3371160201/>
            <budgetno_3371160202/>
            <budgetno_3371160203/>
            <budgetno_3371160302/>
            <budgetno_3371169019/>
            <budgetno_3371169800/>
            <total>2442.00</total>
        </BCME3450_row>
        <BCME3450_row>
            <objectNo>  0105 技工及工友待遇</objectNo>
            <budgetno_3371160100>6965.00</budgetno_3371160100>
            <budgetno_3371160301/>
            <budgetno_3371160401/>
            <budgetno_3371160402/>
            <budgetno_5371160500/>
            <budgetno_3371160201/>
            <budgetno_3371160202/>
            <budgetno_3371160203/>
            <budgetno_3371160302/>
            <budgetno_3371169019/>
            <budgetno_3371169800/>
            <total>6965.00</total>
        </BCME3450_row>
        <BCME3450_row>
            <objectNo>  0111 獎金</objectNo>
            <budgetno_3371160100>6576.00</budgetno_3371160100>
            <budgetno_3371160301/>
            <budgetno_3371160401/>
            <budgetno_3371160402/>
            <budgetno_5371160500/>
            <budgetno_3371160201/>
            <budgetno_3371160202/>
            <budgetno_3371160203/>
            <budgetno_3371160302/>
            <budgetno_3371169019/>
            <budgetno_3371169800/>
            <total>6576.00</total>
        </BCME3450_row>
        <BCME3450_row>
            <objectNo>  0121 其他給與</objectNo>
            <budgetno_3371160100>688.00</budgetno_3371160100>
            <budgetno_3371160301/>
            <budgetno_3371160401/>
            <budgetno_3371160402/>
            <budgetno_5371160500/>
            <budgetno_3371160201/>
            <budgetno_3371160202/>
            <budgetno_3371160203/>
            <budgetno_3371160302/>
            <budgetno_3371169019/>
            <budgetno_3371169800/>
            <total>688.00</total>
        </BCME3450_row>
        <BCME3450_row>
            <objectNo>  0131 加班值班費</objectNo>
            <budgetno_3371160100>1839.00</budgetno_3371160100>
            <budgetno_3371160301>109.00</budgetno_3371160301>
            <budgetno_3371160401>151.00</budgetno_3371160401>
            <budgetno_3371160402>34.00</budgetno_3371160402>
            <budgetno_5371160500>120.00</budgetno_5371160500>
            <budgetno_3371160201/>
            <budgetno_3371160202/>
            <budgetno_3371160203/>
            <budgetno_3371160302/>
            <budgetno_3371169019/>
            <budgetno_3371169800/>
            <total>2253.00</total>
        </BCME3450_row>
        <BCME3450_row>
            <objectNo>  0143 退休離職儲金</objectNo>
            <budgetno_3371160100>2021.00</budgetno_3371160100>
            <budgetno_3371160301/>
            <budgetno_3371160401/>
            <budgetno_3371160402/>
            <budgetno_5371160500/>
            <budgetno_3371160201/>
            <budgetno_3371160202/>
            <budgetno_3371160203/>
            <budgetno_3371160302/>
            <budgetno_3371169019/>
            <budgetno_3371169800/>
            <total>2021.00</total>
        </BCME3450_row>
        <BCME3450_row>
            <objectNo>  0151 保險</objectNo>
            <budgetno_3371160100>2880.00</budgetno_3371160100>
            <budgetno_3371160301/>
            <budgetno_3371160401/>
            <budgetno_3371160402/>
            <budgetno_5371160500/>
            <budgetno_3371160201/>
            <budgetno_3371160202/>
            <budgetno_3371160203/>
            <budgetno_3371160302/>
            <budgetno_3371169019/>
            <budgetno_3371169800/>
            <total>2880.00</total>
        </BCME3450_row>
        <BCME3450_row>
            <objectNo>0200 業務費</objectNo>
            <budgetno_3371160100>12356.00</budgetno_3371160100>
            <budgetno_3371160301>944.00</budgetno_3371160301>
            <budgetno_3371160401>2779.00</budgetno_3371160401>
            <budgetno_3371160402>756.00</budgetno_3371160402>
            <budgetno_5371160500>590.00</budgetno_5371160500>
            <budgetno_3371160201>2712.00</budgetno_3371160201>
            <budgetno_3371160202>432.00</budgetno_3371160202>
            <budgetno_3371160203>585.00</budgetno_3371160203>
            <budgetno_3371160302>239.00</budgetno_3371160302>
            <budgetno_3371169019/>
            <budgetno_3371169800/>
            <total>21393.00</total>
        </BCME3450_row>
        <BCME3450_row>
            <objectNo>  0201 教育訓練費</objectNo>
            <budgetno_3371160100>120.00</budgetno_3371160100>
            <budgetno_3371160301/>
            <budgetno_3371160401/>
            <budgetno_3371160402/>
            <budgetno_5371160500>25.00</budgetno_5371160500>
            <budgetno_3371160201/>
            <budgetno_3371160202/>
            <budgetno_3371160203/>
            <budgetno_3371160302/>
            <budgetno_3371169019/>
            <budgetno_3371169800/>
            <total>145.00</total>
        </BCME3450_row>
        <BCME3450_row>
            <objectNo>  0202 水電費</objectNo>
            <budgetno_3371160100>1493.00</budgetno_3371160100>
            <budgetno_3371160301/>
            <budgetno_3371160401/>
            <budgetno_3371160402/>
            <budgetno_5371160500>70.00</budgetno_5371160500>
            <budgetno_3371160201/>
            <budgetno_3371160202/>
            <budgetno_3371160203>185.00</budgetno_3371160203>
            <budgetno_3371160302/>
            <budgetno_3371169019/>
            <budgetno_3371169800/>
            <total>1748.00</total>
        </BCME3450_row>
        <BCME3450_row>
            <objectNo>  0203 通訊費</objectNo>
            <budgetno_3371160100>704.00</budgetno_3371160100>
            <budgetno_3371160301/>
            <budgetno_3371160401/>
            <budgetno_3371160402>240.00</budgetno_3371160402>
            <budgetno_5371160500/>
            <budgetno_3371160201/>
            <budgetno_3371160202/>
            <budgetno_3371160203/>
            <budgetno_3371160302/>
            <budgetno_3371169019/>
            <budgetno_3371169800/>
            <total>944.00</total>
        </BCME3450_row>
        <BCME3450_row>
            <objectNo>  0215 資訊服務費</objectNo>
            <budgetno_3371160100/>
            <budgetno_3371160301/>
            <budgetno_3371160401/>
            <budgetno_3371160402>432.00</budgetno_3371160402>
            <budgetno_5371160500/>
            <budgetno_3371160201/>
            <budgetno_3371160202/>
            <budgetno_3371160203/>
            <budgetno_3371160302/>
            <budgetno_3371169019/>
            <budgetno_3371169800/>
            <total>432.00</total>
        </BCME3450_row>
        <BCME3450_row>
            <objectNo>  0219 其他業務租金</objectNo>
            <budgetno_3371160100>200.00</budgetno_3371160100>
            <budgetno_3371160301/>
            <budgetno_3371160401/>
            <budgetno_3371160402/>
            <budgetno_5371160500/>
            <budgetno_3371160201/>
            <budgetno_3371160202/>
            <budgetno_3371160203/>
            <budgetno_3371160302/>
            <budgetno_3371169019/>
            <budgetno_3371169800/>
            <total>200.00</total>
        </BCME3450_row>
        <BCME3450_row>
            <objectNo>  0221 稅捐及規費</objectNo>
            <budgetno_3371160100>150.00</budgetno_3371160100>
            <budgetno_3371160301/>
            <budgetno_3371160401/>
            <budgetno_3371160402/>
            <budgetno_5371160500/>
            <budgetno_3371160201/>
            <budgetno_3371160202/>
            <budgetno_3371160203/>
            <budgetno_3371160302/>
            <budgetno_3371169019/>
            <budgetno_3371169800/>
            <total>150.00</total>
        </BCME3450_row>
        <BCME3450_row>
            <objectNo>  0231 保險費</objectNo>
            <budgetno_3371160100>210.00</budgetno_3371160100>
            <budgetno_3371160301/>
            <budgetno_3371160401/>
            <budgetno_3371160402/>
            <budgetno_5371160500/>
            <budgetno_3371160201/>
            <budgetno_3371160202/>
            <budgetno_3371160203/>
            <budgetno_3371160302/>
            <budgetno_3371169019/>
            <budgetno_3371169800/>
            <total>210.00</total>
        </BCME3450_row>
        <BCME3450_row>
            <objectNo>  0249 臨時人員酬金</objectNo>
            <budgetno_3371160100>369.00</budgetno_3371160100>
            <budgetno_3371160301/>
            <budgetno_3371160401/>
            <budgetno_3371160402/>
            <budgetno_5371160500/>
            <budgetno_3371160201/>
            <budgetno_3371160202/>
            <budgetno_3371160203/>
            <budgetno_3371160302/>
            <budgetno_3371169019/>
            <budgetno_3371169800/>
            <total>369.00</total>
        </BCME3450_row>
        <BCME3450_row>
            <objectNo>  0250 按日按件計資酬金</objectNo>
            <budgetno_3371160100>180.00</budgetno_3371160100>
            <budgetno_3371160301>100.00</budgetno_3371160301>
            <budgetno_3371160401>342.00</budgetno_3371160401>
            <budgetno_3371160402>20.00</budgetno_3371160402>
            <budgetno_5371160500>50.00</budgetno_5371160500>
            <budgetno_3371160201>2140.00</budgetno_3371160201>
            <budgetno_3371160202/>
            <budgetno_3371160203/>
            <budgetno_3371160302>70.00</budgetno_3371160302>
            <budgetno_3371169019/>
            <budgetno_3371169800/>
            <total>2902.00</total>
        </BCME3450_row>
        <BCME3450_row>
            <objectNo>  0271 物品</objectNo>
            <budgetno_3371160100>734.00</budgetno_3371160100>
            <budgetno_3371160301/>
            <budgetno_3371160401>40.00</budgetno_3371160401>
            <budgetno_3371160402/>
            <budgetno_5371160500>10.00</budgetno_5371160500>
            <budgetno_3371160201/>
            <budgetno_3371160202/>
            <budgetno_3371160203/>
            <budgetno_3371160302/>
            <budgetno_3371169019/>
            <budgetno_3371169800/>
            <total>784.00</total>
        </BCME3450_row>
        <BCME3450_row>
            <objectNo>  0279 一般事務費</objectNo>
            <budgetno_3371160100>5977.00</budgetno_3371160100>
            <budgetno_3371160301>320.00</budgetno_3371160301>
            <budgetno_3371160401>2289.00</budgetno_3371160401>
            <budgetno_3371160402>24.00</budgetno_3371160402>
            <budgetno_5371160500>117.00</budgetno_5371160500>
            <budgetno_3371160201>60.00</budgetno_3371160201>
            <budgetno_3371160202/>
            <budgetno_3371160203>170.00</budgetno_3371160203>
            <budgetno_3371160302>108.00</budgetno_3371160302>
            <budgetno_3371169019/>
            <budgetno_3371169800/>
            <total>9065.00</total>
        </BCME3450_row>
        <BCME3450_row>
            <objectNo>  0282 房屋建築養護費</objectNo>
            <budgetno_3371160100>256.00</budgetno_3371160100>
            <budgetno_3371160301/>
            <budgetno_3371160401/>
            <budgetno_3371160402/>
            <budgetno_5371160500>40.00</budgetno_5371160500>
            <budgetno_3371160201/>
            <budgetno_3371160202/>
            <budgetno_3371160203>140.00</budgetno_3371160203>
            <budgetno_3371160302/>
            <budgetno_3371169019/>
            <budgetno_3371169800/>
            <total>436.00</total>
        </BCME3450_row>
        <BCME3450_row>
            <objectNo>  0283 車輛及辦公器具養護費</objectNo>
            <budgetno_3371160100>236.00</budgetno_3371160100>
            <budgetno_3371160301/>
            <budgetno_3371160401/>
            <budgetno_3371160402/>
            <budgetno_5371160500/>
            <budgetno_3371160201/>
            <budgetno_3371160202/>
            <budgetno_3371160203/>
            <budgetno_3371160302/>
            <budgetno_3371169019/>
            <budgetno_3371169800/>
            <total>236.00</total>
        </BCME3450_row>
        <BCME3450_row>
            <objectNo>  0284 設施及機械設備養護費</objectNo>
            <budgetno_3371160100>231.00</budgetno_3371160100>
            <budgetno_3371160301>50.00</budgetno_3371160301>
            <budgetno_3371160401>8.00</budgetno_3371160401>
            <budgetno_3371160402/>
            <budgetno_5371160500>30.00</budgetno_5371160500>
            <budgetno_3371160201/>
            <budgetno_3371160202/>
            <budgetno_3371160203>90.00</budgetno_3371160203>
            <budgetno_3371160302>25.00</budgetno_3371160302>
            <budgetno_3371169019/>
            <budgetno_3371169800/>
            <total>434.00</total>
        </BCME3450_row>
        <BCME3450_row>
            <objectNo>  0291 國內旅費</objectNo>
            <budgetno_3371160100>703.00</budgetno_3371160100>
            <budgetno_3371160301>415.00</budgetno_3371160301>
            <budgetno_3371160401>100.00</budgetno_3371160401>
            <budgetno_3371160402>40.00</budgetno_3371160402>
            <budgetno_5371160500>147.00</budgetno_5371160500>
            <budgetno_3371160201>512.00</budgetno_3371160201>
            <budgetno_3371160202/>
            <budgetno_3371160203/>
            <budgetno_3371160302>36.00</budgetno_3371160302>
            <budgetno_3371169019/>
            <budgetno_3371169800/>
            <total>1953.00</total>
        </BCME3450_row>
        <BCME3450_row>
            <objectNo>  0292 大陸地區旅費</objectNo>
            <budgetno_3371160100/>
            <budgetno_3371160301/>
            <budgetno_3371160401/>
            <budgetno_3371160402/>
            <budgetno_5371160500>61.00</budgetno_5371160500>
            <budgetno_3371160201/>
            <budgetno_3371160202/>
            <budgetno_3371160203/>
            <budgetno_3371160302/>
            <budgetno_3371169019/>
            <budgetno_3371169800/>
            <total>61.00</total>
        </BCME3450_row>
        <BCME3450_row>
            <objectNo>  0293 國外旅費</objectNo>
            <budgetno_3371160100/>
            <budgetno_3371160301/>
            <budgetno_3371160401/>
            <budgetno_3371160402/>
            <budgetno_5371160500/>
            <budgetno_3371160201/>
            <budgetno_3371160202>432.00</budgetno_3371160202>
            <budgetno_3371160203/>
            <budgetno_3371160302/>
            <budgetno_3371169019/>
            <budgetno_3371169800/>
            <total>432.00</total>
        </BCME3450_row>
        <BCME3450_row>
            <objectNo>  0294 運費</objectNo>
            <budgetno_3371160100>60.00</budgetno_3371160100>
            <budgetno_3371160301>33.00</budgetno_3371160301>
            <budgetno_3371160401/>
            <budgetno_3371160402/>
            <budgetno_5371160500>30.00</budgetno_5371160500>
            <budgetno_3371160201/>
            <budgetno_3371160202/>
            <budgetno_3371160203/>
            <budgetno_3371160302/>
            <budgetno_3371169019/>
            <budgetno_3371169800/>
            <total>123.00</total>
        </BCME3450_row>
        <BCME3450_row>
            <objectNo>  0295 短程車資</objectNo>
            <budgetno_3371160100>50.00</budgetno_3371160100>
            <budgetno_3371160301>26.00</budgetno_3371160301>
            <budgetno_3371160401/>
            <budgetno_3371160402/>
            <budgetno_5371160500>10.00</budgetno_5371160500>
            <budgetno_3371160201/>
            <budgetno_3371160202/>
            <budgetno_3371160203/>
            <budgetno_3371160302/>
            <budgetno_3371169019/>
            <budgetno_3371169800/>
            <total>86.00</total>
        </BCME3450_row>
        <BCME3450_row>
            <objectNo>  0299 特別費</objectNo>
            <budgetno_3371160100>683.00</budgetno_3371160100>
            <budgetno_3371160301/>
            <budgetno_3371160401/>
            <budgetno_3371160402/>
            <budgetno_5371160500/>
            <budgetno_3371160201/>
            <budgetno_3371160202/>
            <budgetno_3371160203/>
            <budgetno_3371160302/>
            <budgetno_3371169019/>
            <budgetno_3371169800/>
            <total>683.00</total>
        </BCME3450_row>
        <BCME3450_row>
            <objectNo>0300 設備及投資</objectNo>
            <budgetno_3371160100>205.00</budgetno_3371160100>
            <budgetno_3371160301/>
            <budgetno_3371160401/>
            <budgetno_3371160402>3116.00</budgetno_3371160402>
            <budgetno_5371160500>3894.00</budgetno_5371160500>
            <budgetno_3371160201/>
            <budgetno_3371160202/>
            <budgetno_3371160203/>
            <budgetno_3371160302/>
            <budgetno_3371169019>553.00</budgetno_3371169019>
            <budgetno_3371169800/>
            <total>7768.00</total>
        </BCME3450_row>
        <BCME3450_row>
            <objectNo>  0302 房屋建築及設備費</objectNo>
            <budgetno_3371160100>205.00</budgetno_3371160100>
            <budgetno_3371160301/>
            <budgetno_3371160401/>
            <budgetno_3371160402/>
            <budgetno_5371160500>3894.00</budgetno_5371160500>
            <budgetno_3371160201/>
            <budgetno_3371160202/>
            <budgetno_3371160203/>
            <budgetno_3371160302/>
            <budgetno_3371169019/>
            <budgetno_3371169800/>
            <total>4099.00</total>
        </BCME3450_row>
        <BCME3450_row>
            <objectNo>  0306 資訊軟硬體設備費</objectNo>
            <budgetno_3371160100/>
            <budgetno_3371160301/>
            <budgetno_3371160401/>
            <budgetno_3371160402>3116.00</budgetno_3371160402>
            <budgetno_5371160500/>
            <budgetno_3371160201/>
            <budgetno_3371160202/>
            <budgetno_3371160203/>
            <budgetno_3371160302/>
            <budgetno_3371169019/>
            <budgetno_3371169800/>
            <total>3116.00</total>
        </BCME3450_row>
        <BCME3450_row>
            <objectNo>  0319 雜項設備費</objectNo>
            <budgetno_3371160100/>
            <budgetno_3371160301/>
            <budgetno_3371160401/>
            <budgetno_3371160402/>
            <budgetno_5371160500/>
            <budgetno_3371160201/>
            <budgetno_3371160202/>
            <budgetno_3371160203/>
            <budgetno_3371160302/>
            <budgetno_3371169019>553.00</budgetno_3371169019>
            <budgetno_3371169800/>
            <total>553.00</total>
        </BCME3450_row>
        <BCME3450_row>
            <objectNo>0400 獎補助費</objectNo>
            <budgetno_3371160100>708.00</budgetno_3371160100>
            <budgetno_3371160301/>
            <budgetno_3371160401/>
            <budgetno_3371160402/>
            <budgetno_5371160500/>
            <budgetno_3371160201/>
            <budgetno_3371160202/>
            <budgetno_3371160203/>
            <budgetno_3371160302/>
            <budgetno_3371169019/>
            <budgetno_3371169800/>
            <total>708.00</total>
        </BCME3450_row>
        <BCME3450_row>
            <objectNo>  0475 獎勵及慰問</objectNo>
            <budgetno_3371160100>708.00</budgetno_3371160100>
            <budgetno_3371160301/>
            <budgetno_3371160401/>
            <budgetno_3371160402/>
            <budgetno_5371160500/>
            <budgetno_3371160201/>
            <budgetno_3371160202/>
            <budgetno_3371160203/>
            <budgetno_3371160302/>
            <budgetno_3371169019/>
            <budgetno_3371169800/>
            <total>708.00</total>
        </BCME3450_row>
        <BCME3450_row>
            <objectNo>0900 預備金</objectNo>
            <budgetno_3371160100/>
            <budgetno_3371160301/>
            <budgetno_3371160401/>
            <budgetno_3371160402/>
            <budgetno_5371160500/>
            <budgetno_3371160201/>
            <budgetno_3371160202/>
            <budgetno_3371160203/>
            <budgetno_3371160302/>
            <budgetno_3371169019/>
            <budgetno_3371169800>10.00</budgetno_3371169800>
            <total>10.00</total>
        </BCME3450_row>
        <BCME3450_row>
            <objectNo>  0901 第一預備金</objectNo>
            <budgetno_3371160100/>
            <budgetno_3371160301/>
            <budgetno_3371160401/>
            <budgetno_3371160402/>
            <budgetno_5371160500/>
            <budgetno_3371160201/>
            <budgetno_3371160202/>
            <budgetno_3371160203/>
            <budgetno_3371160302/>
            <budgetno_3371169019/>
            <budgetno_3371169800>10.00</budgetno_3371169800>
            <total>10.00</total>
        </BCME3450_row>
    </BCME3450>
</tables>
