<?xml version="1.0" encoding="UTF-8"?>
<tables>
    <BCME3590>
        <BCME3590_row>
            <name>01一般公共事務</name>
            <a>62070000.00</a>
            <b>0</b>
            <c>0</c>
            <d>708000.00</d>
            <e>62778000.00</e>
            <f>3874000.00</f>
            <g>0</g>
            <h>0</h>
            <i>0</i>
            <j>0</j>
            <k>3874000.00</k>
            <l>66652000.00</l>
            <jobtype>01</jobtype>
            <flag>1</flag>
        </BCME3590_row>
        <BCME3590_row>
            <name>02防衛</name>
            <a>0.00</a>
            <b>0</b>
            <c>0</c>
            <d>0</d>
            <e>0.00</e>
            <f>0</f>
            <g>0</g>
            <h>0</h>
            <i>0</i>
            <j>0</j>
            <k>0</k>
            <l>0.00</l>
            <jobtype>02</jobtype>
            <flag>1</flag>
        </BCME3590_row>
        <BCME3590_row>
            <name>03公共秩序與安全</name>
            <a>0.00</a>
            <b>0</b>
            <c>0</c>
            <d>0</d>
            <e>0.00</e>
            <f>0</f>
            <g>0</g>
            <h>0</h>
            <i>0</i>
            <j>0</j>
            <k>0</k>
            <l>0.00</l>
            <jobtype>03</jobtype>
            <flag>1</flag>
        </BCME3590_row>
        <BCME3590_row>
            <name>04教育</name>
            <a>0.00</a>
            <b>0</b>
            <c>0</c>
            <d>0</d>
            <e>0.00</e>
            <f>0</f>
            <g>0</g>
            <h>0</h>
            <i>0</i>
            <j>0</j>
            <k>0</k>
            <l>0.00</l>
            <jobtype>04</jobtype>
            <flag>1</flag>
        </BCME3590_row>
        <BCME3590_row>
            <name>05保健</name>
            <a>0.00</a>
            <b>0</b>
            <c>0</c>
            <d>0</d>
            <e>0.00</e>
            <f>0</f>
            <g>0</g>
            <h>0</h>
            <i>0</i>
            <j>0</j>
            <k>0</k>
            <l>0.00</l>
            <jobtype>05</jobtype>
            <flag>1</flag>
        </BCME3590_row>
        <BCME3590_row>
            <name>06社會安全與福利</name>
            <a>0.00</a>
            <b>0</b>
            <c>0</c>
            <d>0</d>
            <e>0.00</e>
            <f>0</f>
            <g>0</g>
            <h>0</h>
            <i>0</i>
            <j>0</j>
            <k>0</k>
            <l>0.00</l>
            <jobtype>06</jobtype>
            <flag>1</flag>
        </BCME3590_row>
        <BCME3590_row>
            <name>07住宅及社區福利</name>
            <a>0.00</a>
            <b>0</b>
            <c>0</c>
            <d>0</d>
            <e>0.00</e>
            <f>0</f>
            <g>0</g>
            <h>0</h>
            <i>0</i>
            <j>0</j>
            <k>0</k>
            <l>0.00</l>
            <jobtype>07</jobtype>
            <flag>1</flag>
        </BCME3590_row>
        <BCME3590_row>
            <name>08娛樂、文化、與宗教</name>
            <a>710000.00</a>
            <b>0</b>
            <c>0</c>
            <d>0</d>
            <e>710000.00</e>
            <f>3894000.00</f>
            <g>0</g>
            <h>0</h>
            <i>0</i>
            <j>0</j>
            <k>3894000.00</k>
            <l>4604000.00</l>
            <jobtype>08</jobtype>
            <flag>1</flag>
        </BCME3590_row>
        <BCME3590_row>
            <name>09燃料與能源</name>
            <a>0.00</a>
            <b>0</b>
            <c>0</c>
            <d>0</d>
            <e>0.00</e>
            <f>0</f>
            <g>0</g>
            <h>0</h>
            <i>0</i>
            <j>0</j>
            <k>0</k>
            <l>0.00</l>
            <jobtype>09</jobtype>
            <flag>1</flag>
        </BCME3590_row>
        <BCME3590_row>
            <name>10農、林、漁、牧</name>
            <a>0.00</a>
            <b>0</b>
            <c>0</c>
            <d>0</d>
            <e>0.00</e>
            <f>0</f>
            <g>0</g>
            <h>0</h>
            <i>0</i>
            <j>0</j>
            <k>0</k>
            <l>0.00</l>
            <jobtype>10</jobtype>
            <flag>1</flag>
        </BCME3590_row>
        <BCME3590_row>
            <name>11礦業、製造業及營造業</name>
            <a>0.00</a>
            <b>0</b>
            <c>0</c>
            <d>0</d>
            <e>0.00</e>
            <f>0</f>
            <g>0</g>
            <h>0</h>
            <i>0</i>
            <j>0</j>
            <k>0</k>
            <l>0.00</l>
            <jobtype>11</jobtype>
            <flag>1</flag>
        </BCME3590_row>
        <BCME3590_row>
            <name>12運輸及通信</name>
            <a>0.00</a>
            <b>0</b>
            <c>0</c>
            <d>0</d>
            <e>0.00</e>
            <f>0</f>
            <g>0</g>
            <h>0</h>
            <i>0</i>
            <j>0</j>
            <k>0</k>
            <l>0.00</l>
            <jobtype>12</jobtype>
            <flag>1</flag>
        </BCME3590_row>
        <BCME3590_row>
            <name>13其他經濟服務</name>
            <a>0.00</a>
            <b>0</b>
            <c>0</c>
            <d>0</d>
            <e>0.00</e>
            <f>0</f>
            <g>0</g>
            <h>0</h>
            <i>0</i>
            <j>0</j>
            <k>0</k>
            <l>0.00</l>
            <jobtype>13</jobtype>
            <flag>1</flag>
        </BCME3590_row>
        <BCME3590_row>
            <name>14環境保護</name>
            <a>0.00</a>
            <b>0</b>
            <c>0</c>
            <d>0</d>
            <e>0.00</e>
            <f>0</f>
            <g>0</g>
            <h>0</h>
            <i>0</i>
            <j>0</j>
            <k>0</k>
            <l>0.00</l>
            <jobtype>14</jobtype>
            <flag>1</flag>
        </BCME3590_row>
        <BCME3590_row>
            <name>15其他支出</name>
            <a>0.00</a>
            <b>0</b>
            <c>0</c>
            <d>0</d>
            <e>0.00</e>
            <f>0</f>
            <g>0</g>
            <h>0</h>
            <i>0</i>
            <j>0</j>
            <k>0</k>
            <l>0.00</l>
            <jobtype>15</jobtype>
            <flag>1</flag>
        </BCME3590_row>
    </BCME3590>
</tables>
