<?xml version="1.0" encoding="UTF-8"?>
<tables>
    <BCME3480>
        <BCME3480_row>
            <level>1</level>
            <ba_objectno>0101</ba_objectno>
            <mi_objectname>民意代表待遇</mi_objectname>
            <objectnoname>0101民意代表待遇</objectnoname>
            <budgetamt_sum>0.00</budgetamt_sum>
            <displaymemo/>
            <btn_memo/>
        </BCME3480_row>
        <BCME3480_row>
            <level>1</level>
            <ba_objectno>0102</ba_objectno>
            <mi_objectname>政務人員待遇</mi_objectname>
            <objectnoname>0102政務人員待遇</objectnoname>
            <budgetamt_sum>0.00</budgetamt_sum>
            <displaymemo/>
            <btn_memo/>
        </BCME3480_row>
        <BCME3480_row>
            <level>1</level>
            <ba_objectno>0103</ba_objectno>
            <mi_objectname>法定編制人員待遇</mi_objectname>
            <objectnoname>0103法定編制人員待遇</objectnoname>
            <budgetamt_sum>17552000.00</budgetamt_sum>
            <displaymemo>職員20人薪給。</displaymemo>
            <btn_memo>職員20人薪給。</btn_memo>
        </BCME3480_row>
        <BCME3480_row>
            <level>1</level>
            <ba_objectno>0104</ba_objectno>
            <mi_objectname>約聘僱人員待遇</mi_objectname>
            <objectnoname>0104約聘僱人員待遇</objectnoname>
            <budgetamt_sum>2442000.00</budgetamt_sum>
            <displaymemo>約僱人員6人薪給。</displaymemo>
            <btn_memo>約僱人員6人薪給。</btn_memo>
        </BCME3480_row>
        <BCME3480_row>
            <level>1</level>
            <ba_objectno>0105</ba_objectno>
            <mi_objectname>技工及工友待遇</mi_objectname>
            <objectnoname>0105技工及工友待遇</objectnoname>
            <budgetamt_sum>6965000.00</budgetamt_sum>
            <displaymemo>駕駛9人，技工1人、工友7人合計17人薪給6,603千元及退休資遣給付362千元。</displaymemo>
            <btn_memo>駕駛9人，技工1人、工友7人合計17人薪給6,603千元及退休資遣給付362千元。</btn_memo>
        </BCME3480_row>
        <BCME3480_row>
            <level>1</level>
            <ba_objectno>0111</ba_objectno>
            <mi_objectname>獎金</mi_objectname>
            <objectnoname>0111獎金</objectnoname>
            <budgetamt_sum>6576000.00</budgetamt_sum>
            <displaymemo>員工年終獎金3,325千元，考績獎金2,997千元，月退休人員年終慰問金232千元，服務獎章22千元。</displaymemo>
            <btn_memo>員工年終獎金3,325千元，考績獎金2,997千元，月退休人員年終慰問金232千元，服務獎章22千元。</btn_memo>
        </BCME3480_row>
        <BCME3480_row>
            <level>1</level>
            <ba_objectno>0121</ba_objectno>
            <mi_objectname>其他給與</mi_objectname>
            <objectnoname>0121其他給與</objectnoname>
            <budgetamt_sum>688000.00</budgetamt_sum>
            <displaymemo>員工休假補助688千元。</displaymemo>
            <btn_memo>員工休假補助688千元。</btn_memo>
        </BCME3480_row>
        <BCME3480_row>
            <level>1</level>
            <ba_objectno>0131</ba_objectno>
            <mi_objectname>加班值班費</mi_objectname>
            <objectnoname>0131加班值班費</objectnoname>
            <budgetamt_sum>2253000.00</budgetamt_sum>
            <displaymemo>值班費200千元，超時加班費990千元，不休假加班費1,063千元。(90年度超時加班費實支數額之八成為993千元。)</displaymemo>
            <btn_memo>值班費200千元，超時加班費990千元，不休假加班費1,063千元。(90年度超時加班費實支數額之八成為993千元。)</btn_memo>
        </BCME3480_row>
        <BCME3480_row>
            <level>1</level>
            <ba_objectno>0142</ba_objectno>
            <mi_objectname>退休退職給付</mi_objectname>
            <objectnoname>0142退休退職給付</objectnoname>
            <budgetamt_sum>0.00</budgetamt_sum>
            <displaymemo/>
            <btn_memo/>
        </BCME3480_row>
        <BCME3480_row>
            <level>1</level>
            <ba_objectno>0143</ba_objectno>
            <mi_objectname>退休離職儲金</mi_objectname>
            <objectnoname>0143退休離職儲金</objectnoname>
            <budgetamt_sum>2021000.00</budgetamt_sum>
            <displaymemo>退撫基金公提部份1,475千元，約僱人員離職儲金146千元，勞工退休準備金400千元。</displaymemo>
            <btn_memo>退撫基金公提部份1,475千元，約僱人員離職儲金146千元，勞工退休準備金400千元。</btn_memo>
        </BCME3480_row>
        <BCME3480_row>
            <level>1</level>
            <ba_objectno>0151</ba_objectno>
            <mi_objectname>保險</mi_objectname>
            <objectnoname>0151保險</objectnoname>
            <budgetamt_sum>2880000.00</budgetamt_sum>
            <displaymemo>公保費578千元，勞保費680千元，健保費1,622元。</displaymemo>
            <btn_memo>公保費578千元，勞保費680千元，健保費1,622元。</btn_memo>
        </BCME3480_row>
        <BCME3480_row>
            <level>1</level>
            <ba_objectno>0199</ba_objectno>
            <mi_objectname>調待準備</mi_objectname>
            <objectnoname>0199調待準備</objectnoname>
            <budgetamt_sum>0.00</budgetamt_sum>
            <displaymemo/>
            <btn_memo/>
        </BCME3480_row>
        <BCME3480_row>
            <level>2</level>
            <ba_objectno/>
            <mi_objectname/>
            <objectnoname>合計</objectnoname>
            <budgetamt_sum>41377000.00</budgetamt_sum>
            <displaymemo/>
            <btn_memo/>
        </BCME3480_row>
    </BCME3480>
</tables>
