<?xml version="1.0" encoding="UTF-8"?>
<tables>
    <BCTDYEARPLAN>
        <BCTDYEARPLAN_row>
            <b06_fiscalyear>104</b06_fiscalyear>
            <b06_fundkind>1</b06_fundkind>
            <b06_budgetkind>1         </b06_budgetkind>
            <b06_specialbudgetno/>
            <b06_agenno>03001     </b06_agenno>
            <b06_agentype>C         </b06_agentype>
            <b06_budgetstate>2</b06_budgetstate>
            <b06_planno>01</b06_planno>
            <b06_planname>行政院南部聯合服務中心興建辦公廳舍計畫</b06_planname>
            <b06_startyear>101</b06_startyear>
            <b06_endyear>107</b06_endyear>
            <b06_budgetamt>437801000.00</b06_budgetamt>
            <b06_amt1>8034000.00</b06_amt1>
            <b06_amt2>8553000.00</b06_amt2>
            <b06_amt3>53201000.00</b06_amt3>
            <b06_amt4>368013000.00</b06_amt4>
            <b06_memo>依行政院100年9月28日院臺秘字第1000051732號函核定辦理「行政院南部聯合服務中心興建辦公廳舍計畫」總經費437,801千元，執行期間自101年度至106年度。修正計畫於102年7月19日核定，期程延至107年度，總經費不變。101年度編列5,281千元，102年度編列2,753千元，103年度編列8,553千元，104年度續編列53,201千元，主要為發包工程款及監造費等，105年度需求數145,694千元，106年度需求數103,756千元，107年度需求數118,563千元。依據「中央政府各機關工程管理費支用要點」估算工程管理費2,716千元（5,000千元*3%+20,000千元*1.5%+75,000千元*1%+216,523千元*0.7%=2,716千元），其中104年度編列299千元。</b06_memo>
            <b06_upduserno>1009</b06_upduserno>
            <b06_upddatetime/>
            <b06_versiondate/>
            <b06_amt1_display>0.080340000000</b06_amt1_display>
            <b06_amt2_display>0.085530000000</b06_amt2_display>
            <b06_amt3_display>0.532010000000</b06_amt3_display>
            <b06_amt4_display>3.680130000000</b06_amt4_display>
            <b06_budgetamt_display>4.378010000000</b06_budgetamt_display>
        </BCTDYEARPLAN_row>
        <BCTDYEARPLAN_row>
            <b06_fiscalyear>104</b06_fiscalyear>
            <b06_fundkind>1</b06_fundkind>
            <b06_budgetkind>1         </b06_budgetkind>
            <b06_specialbudgetno/>
            <b06_agenno>03001     </b06_agenno>
            <b06_agentype>C         </b06_agentype>
            <b06_budgetstate>2</b06_budgetstate>
            <b06_planno>02</b06_planno>
            <b06_planname>第四階段電子化政府計畫─性別平等資料庫計畫</b06_planname>
            <b06_startyear>101</b06_startyear>
            <b06_endyear>105</b06_endyear>
            <b06_budgetamt>133000000.00</b06_budgetamt>
            <b06_amt1>25460000.00</b06_amt1>
            <b06_amt2>25000000.00</b06_amt2>
            <b06_amt3>22583000.00</b06_amt3>
            <b06_amt4>59957000.00</b06_amt4>
            <b06_memo>依行政院100年6月10日院臺秘字第1000030132號函核定辦理「第四階段電子化政府計畫─性別平等資料庫計畫」，總經費133,000千元，執行期間自101年度至105年度，101年度編列11,960千元，102年度編列13,500千元，103年度編列25,000千元，104年度續編列22,583千元，105年度需求數59,957千元，以上104年度編列數22,583千元，包括：&amp;lt;#H1&amp;gt;性別平等資料庫與應用系統維護管理、資安防護管理、技術諮詢及服務推廣等相關作業9,500千元。&amp;lt;#H1&amp;gt;性別平等資訊基礎建設網路設備、伺服器設備、儲存設備及端末設備等相關設備擴充，合計所需經費3,803千元。&amp;lt;#H1&amp;gt;性別平等資料庫管理軟體擴充所需經費280千元。&amp;lt;#H1&amp;gt;建置性別預算案例資料庫、性平資料庫開放資料服務系統、性平資料庫行動服務系統、跨資料庫整合查詢系統，擴充性別平等網站服務系統、性別平等資訊管理及考評資料庫、性別平等法規檢視資料庫、性別平等政策綱領資料資料庫、性別統計資料庫、性別平等業務管理資料庫及性別研究及政策發展資料庫等所需經費9,000千元。&#xd;
&#xd;
</b06_memo>
            <b06_upduserno>1009</b06_upduserno>
            <b06_upddatetime/>
            <b06_versiondate/>
            <b06_amt1_display>0.254600000000</b06_amt1_display>
            <b06_amt2_display>0.250000000000</b06_amt2_display>
            <b06_amt3_display>0.225830000000</b06_amt3_display>
            <b06_amt4_display>0.599570000000</b06_amt4_display>
            <b06_budgetamt_display>1.330000000000</b06_budgetamt_display>
        </BCTDYEARPLAN_row>
    </BCTDYEARPLAN>
</tables>
