<?xml version="1.0" encoding="UTF-8"?>
<tables>
    <BCME3450>
        <BCME3450_row>
            <objectNo>合計</objectNo>
            <budgetno_3303010100>885055.00</budgetno_3303010100>
            <budgetno_3303011500>38161.00</budgetno_3303011500>
            <budgetno_3303010700>12206.00</budgetno_3303010700>
            <budgetno_3303011100>6250.00</budgetno_3303011100>
            <budgetno_3303011600>80900.00</budgetno_3303011600>
            <budgetno_3303011800>8593.00</budgetno_3303011800>
            <budgetno_3303011900>8117.00</budgetno_3303011900>
            <budgetno_3303012000>15474.00</budgetno_3303012000>
            <budgetno_3303012200>12095.00</budgetno_3303012200>
            <budgetno_3303012300>61813.00</budgetno_3303012300>
            <budgetno_3303012400>56924.00</budgetno_3303012400>
            <budgetno_3303019002>11944.00</budgetno_3303019002>
            <budgetno_3303019011>7379.00</budgetno_3303019011>
            <budgetno_3303019019>3715.00</budgetno_3303019019>
            <budgetno_3303019800>3700.00</budgetno_3303019800>
            <total>1212326.00</total>
        </BCME3450_row>
        <BCME3450_row>
            <objectNo>0100 人事費</objectNo>
            <budgetno_3303010100>812069.00</budgetno_3303010100>
            <budgetno_3303011500>24652.00</budgetno_3303011500>
            <budgetno_3303010700/>
            <budgetno_3303011100/>
            <budgetno_3303011600/>
            <budgetno_3303011800/>
            <budgetno_3303011900/>
            <budgetno_3303012000/>
            <budgetno_3303012200/>
            <budgetno_3303012300/>
            <budgetno_3303012400/>
            <budgetno_3303019002/>
            <budgetno_3303019011/>
            <budgetno_3303019019/>
            <budgetno_3303019800/>
            <total>836721.00</total>
        </BCME3450_row>
        <BCME3450_row>
            <objectNo>  0102 政務人員待遇</objectNo>
            <budgetno_3303010100>30987.00</budgetno_3303010100>
            <budgetno_3303011500/>
            <budgetno_3303010700/>
            <budgetno_3303011100/>
            <budgetno_3303011600/>
            <budgetno_3303011800/>
            <budgetno_3303011900/>
            <budgetno_3303012000/>
            <budgetno_3303012200/>
            <budgetno_3303012300/>
            <budgetno_3303012400/>
            <budgetno_3303019002/>
            <budgetno_3303019011/>
            <budgetno_3303019019/>
            <budgetno_3303019800/>
            <total>30987.00</total>
        </BCME3450_row>
        <BCME3450_row>
            <objectNo>  0103 法定編制人員待遇</objectNo>
            <budgetno_3303010100>415453.00</budgetno_3303010100>
            <budgetno_3303011500>8538.00</budgetno_3303011500>
            <budgetno_3303010700/>
            <budgetno_3303011100/>
            <budgetno_3303011600/>
            <budgetno_3303011800/>
            <budgetno_3303011900/>
            <budgetno_3303012000/>
            <budgetno_3303012200/>
            <budgetno_3303012300/>
            <budgetno_3303012400/>
            <budgetno_3303019002/>
            <budgetno_3303019011/>
            <budgetno_3303019019/>
            <budgetno_3303019800/>
            <total>423991.00</total>
        </BCME3450_row>
        <BCME3450_row>
            <objectNo>  0104 約聘僱人員待遇</objectNo>
            <budgetno_3303010100>60210.00</budgetno_3303010100>
            <budgetno_3303011500>9348.00</budgetno_3303011500>
            <budgetno_3303010700/>
            <budgetno_3303011100/>
            <budgetno_3303011600/>
            <budgetno_3303011800/>
            <budgetno_3303011900/>
            <budgetno_3303012000/>
            <budgetno_3303012200/>
            <budgetno_3303012300/>
            <budgetno_3303012400/>
            <budgetno_3303019002/>
            <budgetno_3303019011/>
            <budgetno_3303019019/>
            <budgetno_3303019800/>
            <total>69558.00</total>
        </BCME3450_row>
        <BCME3450_row>
            <objectNo>  0105 技工及工友待遇</objectNo>
            <budgetno_3303010100>41198.00</budgetno_3303010100>
            <budgetno_3303011500/>
            <budgetno_3303010700/>
            <budgetno_3303011100/>
            <budgetno_3303011600/>
            <budgetno_3303011800/>
            <budgetno_3303011900/>
            <budgetno_3303012000/>
            <budgetno_3303012200/>
            <budgetno_3303012300/>
            <budgetno_3303012400/>
            <budgetno_3303019002/>
            <budgetno_3303019011/>
            <budgetno_3303019019/>
            <budgetno_3303019800/>
            <total>41198.00</total>
        </BCME3450_row>
        <BCME3450_row>
            <objectNo>  0111 獎金</objectNo>
            <budgetno_3303010100>121738.00</budgetno_3303010100>
            <budgetno_3303011500>2714.00</budgetno_3303011500>
            <budgetno_3303010700/>
            <budgetno_3303011100/>
            <budgetno_3303011600/>
            <budgetno_3303011800/>
            <budgetno_3303011900/>
            <budgetno_3303012000/>
            <budgetno_3303012200/>
            <budgetno_3303012300/>
            <budgetno_3303012400/>
            <budgetno_3303019002/>
            <budgetno_3303019011/>
            <budgetno_3303019019/>
            <budgetno_3303019800/>
            <total>124452.00</total>
        </BCME3450_row>
        <BCME3450_row>
            <objectNo>  0121 其他給與</objectNo>
            <budgetno_3303010100>11496.00</budgetno_3303010100>
            <budgetno_3303011500>416.00</budgetno_3303011500>
            <budgetno_3303010700/>
            <budgetno_3303011100/>
            <budgetno_3303011600/>
            <budgetno_3303011800/>
            <budgetno_3303011900/>
            <budgetno_3303012000/>
            <budgetno_3303012200/>
            <budgetno_3303012300/>
            <budgetno_3303012400/>
            <budgetno_3303019002/>
            <budgetno_3303019011/>
            <budgetno_3303019019/>
            <budgetno_3303019800/>
            <total>11912.00</total>
        </BCME3450_row>
        <BCME3450_row>
            <objectNo>  0131 加班值班費</objectNo>
            <budgetno_3303010100>35218.00</budgetno_3303010100>
            <budgetno_3303011500>648.00</budgetno_3303011500>
            <budgetno_3303010700/>
            <budgetno_3303011100/>
            <budgetno_3303011600/>
            <budgetno_3303011800/>
            <budgetno_3303011900/>
            <budgetno_3303012000/>
            <budgetno_3303012200/>
            <budgetno_3303012300/>
            <budgetno_3303012400/>
            <budgetno_3303019002/>
            <budgetno_3303019011/>
            <budgetno_3303019019/>
            <budgetno_3303019800/>
            <total>35866.00</total>
        </BCME3450_row>
        <BCME3450_row>
            <objectNo>  0143 退休離職儲金</objectNo>
            <budgetno_3303010100>44159.00</budgetno_3303010100>
            <budgetno_3303011500>1473.00</budgetno_3303011500>
            <budgetno_3303010700/>
            <budgetno_3303011100/>
            <budgetno_3303011600/>
            <budgetno_3303011800/>
            <budgetno_3303011900/>
            <budgetno_3303012000/>
            <budgetno_3303012200/>
            <budgetno_3303012300/>
            <budgetno_3303012400/>
            <budgetno_3303019002/>
            <budgetno_3303019011/>
            <budgetno_3303019019/>
            <budgetno_3303019800/>
            <total>45632.00</total>
        </BCME3450_row>
        <BCME3450_row>
            <objectNo>  0151 保險</objectNo>
            <budgetno_3303010100>51610.00</budgetno_3303010100>
            <budgetno_3303011500>1515.00</budgetno_3303011500>
            <budgetno_3303010700/>
            <budgetno_3303011100/>
            <budgetno_3303011600/>
            <budgetno_3303011800/>
            <budgetno_3303011900/>
            <budgetno_3303012000/>
            <budgetno_3303012200/>
            <budgetno_3303012300/>
            <budgetno_3303012400/>
            <budgetno_3303019002/>
            <budgetno_3303019011/>
            <budgetno_3303019019/>
            <budgetno_3303019800/>
            <total>53125.00</total>
        </BCME3450_row>
        <BCME3450_row>
            <objectNo>0200 業務費</objectNo>
            <budgetno_3303010100>70102.00</budgetno_3303010100>
            <budgetno_3303011500>11659.00</budgetno_3303011500>
            <budgetno_3303010700>12206.00</budgetno_3303010700>
            <budgetno_3303011100>6250.00</budgetno_3303011100>
            <budgetno_3303011600>27303.00</budgetno_3303011600>
            <budgetno_3303011800>8593.00</budgetno_3303011800>
            <budgetno_3303011900>8117.00</budgetno_3303011900>
            <budgetno_3303012000>15474.00</budgetno_3303012000>
            <budgetno_3303012200>8791.00</budgetno_3303012200>
            <budgetno_3303012300>34018.00</budgetno_3303012300>
            <budgetno_3303012400>55865.00</budgetno_3303012400>
            <budgetno_3303019002/>
            <budgetno_3303019011/>
            <budgetno_3303019019/>
            <budgetno_3303019800/>
            <total>258378.00</total>
        </BCME3450_row>
        <BCME3450_row>
            <objectNo>  0201 教育訓練費</objectNo>
            <budgetno_3303010100>805.00</budgetno_3303010100>
            <budgetno_3303011500>50.00</budgetno_3303011500>
            <budgetno_3303010700>63.00</budgetno_3303010700>
            <budgetno_3303011100/>
            <budgetno_3303011600>40.00</budgetno_3303011600>
            <budgetno_3303011800>289.00</budgetno_3303011800>
            <budgetno_3303011900>50.00</budgetno_3303011900>
            <budgetno_3303012000/>
            <budgetno_3303012200/>
            <budgetno_3303012300/>
            <budgetno_3303012400>5.00</budgetno_3303012400>
            <budgetno_3303019002/>
            <budgetno_3303019011/>
            <budgetno_3303019019/>
            <budgetno_3303019800/>
            <total>1302.00</total>
        </BCME3450_row>
        <BCME3450_row>
            <objectNo>  0202 水電費</objectNo>
            <budgetno_3303010100>13761.00</budgetno_3303010100>
            <budgetno_3303011500>793.00</budgetno_3303011500>
            <budgetno_3303010700/>
            <budgetno_3303011100/>
            <budgetno_3303011600>2773.00</budgetno_3303011600>
            <budgetno_3303011800/>
            <budgetno_3303011900/>
            <budgetno_3303012000/>
            <budgetno_3303012200/>
            <budgetno_3303012300/>
            <budgetno_3303012400>535.00</budgetno_3303012400>
            <budgetno_3303019002/>
            <budgetno_3303019011/>
            <budgetno_3303019019/>
            <budgetno_3303019800/>
            <total>17862.00</total>
        </BCME3450_row>
        <BCME3450_row>
            <objectNo>  0203 通訊費</objectNo>
            <budgetno_3303010100>6183.00</budgetno_3303010100>
            <budgetno_3303011500>1268.00</budgetno_3303011500>
            <budgetno_3303010700>41.00</budgetno_3303010700>
            <budgetno_3303011100/>
            <budgetno_3303011600>1948.00</budgetno_3303011600>
            <budgetno_3303011800/>
            <budgetno_3303011900/>
            <budgetno_3303012000>270.00</budgetno_3303012000>
            <budgetno_3303012200>149.00</budgetno_3303012200>
            <budgetno_3303012300>4500.00</budgetno_3303012300>
            <budgetno_3303012400>580.00</budgetno_3303012400>
            <budgetno_3303019002/>
            <budgetno_3303019011/>
            <budgetno_3303019019/>
            <budgetno_3303019800/>
            <total>14939.00</total>
        </BCME3450_row>
        <BCME3450_row>
            <objectNo>  0212 權利使用費</objectNo>
            <budgetno_3303010100>140.00</budgetno_3303010100>
            <budgetno_3303011500/>
            <budgetno_3303010700>400.00</budgetno_3303010700>
            <budgetno_3303011100/>
            <budgetno_3303011600/>
            <budgetno_3303011800>160.00</budgetno_3303011800>
            <budgetno_3303011900/>
            <budgetno_3303012000/>
            <budgetno_3303012200>22.00</budgetno_3303012200>
            <budgetno_3303012300/>
            <budgetno_3303012400>1424.00</budgetno_3303012400>
            <budgetno_3303019002/>
            <budgetno_3303019011/>
            <budgetno_3303019019/>
            <budgetno_3303019800/>
            <total>2146.00</total>
        </BCME3450_row>
        <BCME3450_row>
            <objectNo>  0215 資訊服務費</objectNo>
            <budgetno_3303010100>20.00</budgetno_3303010100>
            <budgetno_3303011500>290.00</budgetno_3303011500>
            <budgetno_3303010700>10.00</budgetno_3303010700>
            <budgetno_3303011100/>
            <budgetno_3303011600/>
            <budgetno_3303011800/>
            <budgetno_3303011900/>
            <budgetno_3303012000/>
            <budgetno_3303012200/>
            <budgetno_3303012300>27300.00</budgetno_3303012300>
            <budgetno_3303012400/>
            <budgetno_3303019002/>
            <budgetno_3303019011/>
            <budgetno_3303019019/>
            <budgetno_3303019800/>
            <total>27620.00</total>
        </BCME3450_row>
        <BCME3450_row>
            <objectNo>  0219 其他業務租金</objectNo>
            <budgetno_3303010100>5095.00</budgetno_3303010100>
            <budgetno_3303011500>914.00</budgetno_3303011500>
            <budgetno_3303010700/>
            <budgetno_3303011100/>
            <budgetno_3303011600>3536.00</budgetno_3303011600>
            <budgetno_3303011800>450.00</budgetno_3303011800>
            <budgetno_3303011900/>
            <budgetno_3303012000>400.00</budgetno_3303012000>
            <budgetno_3303012200>123.00</budgetno_3303012200>
            <budgetno_3303012300/>
            <budgetno_3303012400>100.00</budgetno_3303012400>
            <budgetno_3303019002/>
            <budgetno_3303019011/>
            <budgetno_3303019019/>
            <budgetno_3303019800/>
            <total>10618.00</total>
        </BCME3450_row>
        <BCME3450_row>
            <objectNo>  0221 稅捐及規費</objectNo>
            <budgetno_3303010100>934.00</budgetno_3303010100>
            <budgetno_3303011500/>
            <budgetno_3303010700/>
            <budgetno_3303011100/>
            <budgetno_3303011600>78.00</budgetno_3303011600>
            <budgetno_3303011800/>
            <budgetno_3303011900/>
            <budgetno_3303012000/>
            <budgetno_3303012200/>
            <budgetno_3303012300/>
            <budgetno_3303012400/>
            <budgetno_3303019002/>
            <budgetno_3303019011/>
            <budgetno_3303019019/>
            <budgetno_3303019800/>
            <total>1012.00</total>
        </BCME3450_row>
        <BCME3450_row>
            <objectNo>  0231 保險費</objectNo>
            <budgetno_3303010100>1077.00</budgetno_3303010100>
            <budgetno_3303011500/>
            <budgetno_3303010700>35.00</budgetno_3303010700>
            <budgetno_3303011100/>
            <budgetno_3303011600>122.00</budgetno_3303011600>
            <budgetno_3303011800/>
            <budgetno_3303011900/>
            <budgetno_3303012000/>
            <budgetno_3303012200>146.00</budgetno_3303012200>
            <budgetno_3303012300/>
            <budgetno_3303012400>50.00</budgetno_3303012400>
            <budgetno_3303019002/>
            <budgetno_3303019011/>
            <budgetno_3303019019/>
            <budgetno_3303019800/>
            <total>1430.00</total>
        </BCME3450_row>
        <BCME3450_row>
            <objectNo>  0241 兼職費</objectNo>
            <budgetno_3303010100/>
            <budgetno_3303011500>2600.00</budgetno_3303011500>
            <budgetno_3303010700>2262.00</budgetno_3303010700>
            <budgetno_3303011100/>
            <budgetno_3303011600/>
            <budgetno_3303011800>36.00</budgetno_3303011800>
            <budgetno_3303011900/>
            <budgetno_3303012000/>
            <budgetno_3303012200>810.00</budgetno_3303012200>
            <budgetno_3303012300/>
            <budgetno_3303012400/>
            <budgetno_3303019002/>
            <budgetno_3303019011/>
            <budgetno_3303019019/>
            <budgetno_3303019800/>
            <total>5708.00</total>
        </BCME3450_row>
        <BCME3450_row>
            <objectNo>  0249 臨時人員酬金</objectNo>
            <budgetno_3303010100>4205.00</budgetno_3303010100>
            <budgetno_3303011500/>
            <budgetno_3303010700>120.00</budgetno_3303010700>
            <budgetno_3303011100/>
            <budgetno_3303011600>303.00</budgetno_3303011600>
            <budgetno_3303011800/>
            <budgetno_3303011900/>
            <budgetno_3303012000/>
            <budgetno_3303012200/>
            <budgetno_3303012300/>
            <budgetno_3303012400>8044.00</budgetno_3303012400>
            <budgetno_3303019002/>
            <budgetno_3303019011/>
            <budgetno_3303019019/>
            <budgetno_3303019800/>
            <total>12672.00</total>
        </BCME3450_row>
        <BCME3450_row>
            <objectNo>  0250 按日按件計資酬金</objectNo>
            <budgetno_3303010100>158.00</budgetno_3303010100>
            <budgetno_3303011500>1236.00</budgetno_3303011500>
            <budgetno_3303010700>1392.00</budgetno_3303010700>
            <budgetno_3303011100/>
            <budgetno_3303011600>327.00</budgetno_3303011600>
            <budgetno_3303011800>1550.00</budgetno_3303011800>
            <budgetno_3303011900>250.00</budgetno_3303011900>
            <budgetno_3303012000>2640.00</budgetno_3303012000>
            <budgetno_3303012200>1104.00</budgetno_3303012200>
            <budgetno_3303012300>112.00</budgetno_3303012300>
            <budgetno_3303012400>230.00</budgetno_3303012400>
            <budgetno_3303019002/>
            <budgetno_3303019011/>
            <budgetno_3303019019/>
            <budgetno_3303019800/>
            <total>8999.00</total>
        </BCME3450_row>
        <BCME3450_row>
            <objectNo>  0251 委辦費</objectNo>
            <budgetno_3303010100>300.00</budgetno_3303010100>
            <budgetno_3303011500/>
            <budgetno_3303010700/>
            <budgetno_3303011100/>
            <budgetno_3303011600/>
            <budgetno_3303011800>540.00</budgetno_3303011800>
            <budgetno_3303011900/>
            <budgetno_3303012000>7200.00</budgetno_3303012000>
            <budgetno_3303012200>2125.00</budgetno_3303012200>
            <budgetno_3303012300>1147.00</budgetno_3303012300>
            <budgetno_3303012400/>
            <budgetno_3303019002/>
            <budgetno_3303019011/>
            <budgetno_3303019019/>
            <budgetno_3303019800/>
            <total>11312.00</total>
        </BCME3450_row>
        <BCME3450_row>
            <objectNo>  0262 國內組織會費</objectNo>
            <budgetno_3303010100>5.00</budgetno_3303010100>
            <budgetno_3303011500/>
            <budgetno_3303010700>10.00</budgetno_3303010700>
            <budgetno_3303011100/>
            <budgetno_3303011600/>
            <budgetno_3303011800>25.00</budgetno_3303011800>
            <budgetno_3303011900/>
            <budgetno_3303012000/>
            <budgetno_3303012200/>
            <budgetno_3303012300/>
            <budgetno_3303012400/>
            <budgetno_3303019002/>
            <budgetno_3303019011/>
            <budgetno_3303019019/>
            <budgetno_3303019800/>
            <total>40.00</total>
        </BCME3450_row>
        <BCME3450_row>
            <objectNo>  0271 物品</objectNo>
            <budgetno_3303010100>6975.00</budgetno_3303010100>
            <budgetno_3303011500>768.00</budgetno_3303011500>
            <budgetno_3303010700>371.00</budgetno_3303010700>
            <budgetno_3303011100/>
            <budgetno_3303011600>2117.00</budgetno_3303011600>
            <budgetno_3303011800>550.00</budgetno_3303011800>
            <budgetno_3303011900>650.00</budgetno_3303011900>
            <budgetno_3303012000>1658.00</budgetno_3303012000>
            <budgetno_3303012200>342.00</budgetno_3303012200>
            <budgetno_3303012300>807.00</budgetno_3303012300>
            <budgetno_3303012400>990.00</budgetno_3303012400>
            <budgetno_3303019002/>
            <budgetno_3303019011/>
            <budgetno_3303019019/>
            <budgetno_3303019800/>
            <total>15228.00</total>
        </BCME3450_row>
        <BCME3450_row>
            <objectNo>  0279 一般事務費</objectNo>
            <budgetno_3303010100>9896.00</budgetno_3303010100>
            <budgetno_3303011500>2917.00</budgetno_3303011500>
            <budgetno_3303010700>6351.00</budgetno_3303010700>
            <budgetno_3303011100/>
            <budgetno_3303011600>12715.00</budgetno_3303011600>
            <budgetno_3303011800>2963.00</budgetno_3303011800>
            <budgetno_3303011900>5638.00</budgetno_3303011900>
            <budgetno_3303012000>2260.00</budgetno_3303012000>
            <budgetno_3303012200>2559.00</budgetno_3303012200>
            <budgetno_3303012300/>
            <budgetno_3303012400>41779.00</budgetno_3303012400>
            <budgetno_3303019002/>
            <budgetno_3303019011/>
            <budgetno_3303019019/>
            <budgetno_3303019800/>
            <total>87078.00</total>
        </BCME3450_row>
        <BCME3450_row>
            <objectNo>  0282 房屋建築養護費</objectNo>
            <budgetno_3303010100>2895.00</budgetno_3303010100>
            <budgetno_3303011500/>
            <budgetno_3303010700/>
            <budgetno_3303011100/>
            <budgetno_3303011600>94.00</budgetno_3303011600>
            <budgetno_3303011800/>
            <budgetno_3303011900/>
            <budgetno_3303012000/>
            <budgetno_3303012200/>
            <budgetno_3303012300/>
            <budgetno_3303012400/>
            <budgetno_3303019002/>
            <budgetno_3303019011/>
            <budgetno_3303019019/>
            <budgetno_3303019800/>
            <total>2989.00</total>
        </BCME3450_row>
        <BCME3450_row>
            <objectNo>  0283 車輛及辦公器具養護費</objectNo>
            <budgetno_3303010100>1989.00</budgetno_3303010100>
            <budgetno_3303011500>27.00</budgetno_3303011500>
            <budgetno_3303010700/>
            <budgetno_3303011100/>
            <budgetno_3303011600>207.00</budgetno_3303011600>
            <budgetno_3303011800/>
            <budgetno_3303011900/>
            <budgetno_3303012000/>
            <budgetno_3303012200/>
            <budgetno_3303012300/>
            <budgetno_3303012400/>
            <budgetno_3303019002/>
            <budgetno_3303019011/>
            <budgetno_3303019019/>
            <budgetno_3303019800/>
            <total>2223.00</total>
        </BCME3450_row>
        <BCME3450_row>
            <objectNo>  0284 設施及機械設備養護費</objectNo>
            <budgetno_3303010100>8493.00</budgetno_3303010100>
            <budgetno_3303011500/>
            <budgetno_3303010700>65.00</budgetno_3303010700>
            <budgetno_3303011100/>
            <budgetno_3303011600>583.00</budgetno_3303011600>
            <budgetno_3303011800/>
            <budgetno_3303011900/>
            <budgetno_3303012000/>
            <budgetno_3303012200/>
            <budgetno_3303012300/>
            <budgetno_3303012400>856.00</budgetno_3303012400>
            <budgetno_3303019002/>
            <budgetno_3303019011/>
            <budgetno_3303019019/>
            <budgetno_3303019800/>
            <total>9997.00</total>
        </BCME3450_row>
        <BCME3450_row>
            <objectNo>  0291 國內旅費</objectNo>
            <budgetno_3303010100>1751.00</budgetno_3303010100>
            <budgetno_3303011500>214.00</budgetno_3303011500>
            <budgetno_3303010700>660.00</budgetno_3303010700>
            <budgetno_3303011100/>
            <budgetno_3303011600>2430.00</budgetno_3303011600>
            <budgetno_3303011800>641.00</budgetno_3303011800>
            <budgetno_3303011900>1371.00</budgetno_3303011900>
            <budgetno_3303012000>709.00</budgetno_3303012000>
            <budgetno_3303012200>402.00</budgetno_3303012200>
            <budgetno_3303012300>152.00</budgetno_3303012300>
            <budgetno_3303012400>804.00</budgetno_3303012400>
            <budgetno_3303019002/>
            <budgetno_3303019011/>
            <budgetno_3303019019/>
            <budgetno_3303019800/>
            <total>9134.00</total>
        </BCME3450_row>
        <BCME3450_row>
            <objectNo>  0292 大陸地區旅費</objectNo>
            <budgetno_3303010100/>
            <budgetno_3303011500/>
            <budgetno_3303010700/>
            <budgetno_3303011100/>
            <budgetno_3303011600/>
            <budgetno_3303011800/>
            <budgetno_3303011900/>
            <budgetno_3303012000/>
            <budgetno_3303012200>276.00</budgetno_3303012200>
            <budgetno_3303012300/>
            <budgetno_3303012400/>
            <budgetno_3303019002/>
            <budgetno_3303019011/>
            <budgetno_3303019019/>
            <budgetno_3303019800/>
            <total>276.00</total>
        </BCME3450_row>
        <BCME3450_row>
            <objectNo>  0293 國外旅費</objectNo>
            <budgetno_3303010100/>
            <budgetno_3303011500>432.00</budgetno_3303011500>
            <budgetno_3303010700>426.00</budgetno_3303010700>
            <budgetno_3303011100/>
            <budgetno_3303011600/>
            <budgetno_3303011800>1389.00</budgetno_3303011800>
            <budgetno_3303011900>128.00</budgetno_3303011900>
            <budgetno_3303012000>147.00</budgetno_3303012000>
            <budgetno_3303012200>706.00</budgetno_3303012200>
            <budgetno_3303012300/>
            <budgetno_3303012400>171.00</budgetno_3303012400>
            <budgetno_3303019002/>
            <budgetno_3303019011/>
            <budgetno_3303019019/>
            <budgetno_3303019800/>
            <total>3399.00</total>
        </BCME3450_row>
        <BCME3450_row>
            <objectNo>  0294 運費</objectNo>
            <budgetno_3303010100>397.00</budgetno_3303010100>
            <budgetno_3303011500>50.00</budgetno_3303011500>
            <budgetno_3303010700/>
            <budgetno_3303011100/>
            <budgetno_3303011600>30.00</budgetno_3303011600>
            <budgetno_3303011800/>
            <budgetno_3303011900/>
            <budgetno_3303012000>111.00</budgetno_3303012000>
            <budgetno_3303012200/>
            <budgetno_3303012300/>
            <budgetno_3303012400>40.00</budgetno_3303012400>
            <budgetno_3303019002/>
            <budgetno_3303019011/>
            <budgetno_3303019019/>
            <budgetno_3303019800/>
            <total>628.00</total>
        </BCME3450_row>
        <BCME3450_row>
            <objectNo>  0295 短程車資</objectNo>
            <budgetno_3303010100>255.00</budgetno_3303010100>
            <budgetno_3303011500>100.00</budgetno_3303011500>
            <budgetno_3303010700/>
            <budgetno_3303011100/>
            <budgetno_3303011600/>
            <budgetno_3303011800/>
            <budgetno_3303011900>30.00</budgetno_3303011900>
            <budgetno_3303012000>79.00</budgetno_3303012000>
            <budgetno_3303012200>27.00</budgetno_3303012200>
            <budgetno_3303012300/>
            <budgetno_3303012400>257.00</budgetno_3303012400>
            <budgetno_3303019002/>
            <budgetno_3303019011/>
            <budgetno_3303019019/>
            <budgetno_3303019800/>
            <total>748.00</total>
        </BCME3450_row>
        <BCME3450_row>
            <objectNo>  0297 機要費</objectNo>
            <budgetno_3303010100/>
            <budgetno_3303011500/>
            <budgetno_3303010700/>
            <budgetno_3303011100>6250.00</budgetno_3303011100>
            <budgetno_3303011600/>
            <budgetno_3303011800/>
            <budgetno_3303011900/>
            <budgetno_3303012000/>
            <budgetno_3303012200/>
            <budgetno_3303012300/>
            <budgetno_3303012400/>
            <budgetno_3303019002/>
            <budgetno_3303019011/>
            <budgetno_3303019019/>
            <budgetno_3303019800/>
            <total>6250.00</total>
        </BCME3450_row>
        <BCME3450_row>
            <objectNo>  0299 特別費</objectNo>
            <budgetno_3303010100>4768.00</budgetno_3303010100>
            <budgetno_3303011500/>
            <budgetno_3303010700/>
            <budgetno_3303011100/>
            <budgetno_3303011600/>
            <budgetno_3303011800/>
            <budgetno_3303011900/>
            <budgetno_3303012000/>
            <budgetno_3303012200/>
            <budgetno_3303012300/>
            <budgetno_3303012400/>
            <budgetno_3303019002/>
            <budgetno_3303019011/>
            <budgetno_3303019019/>
            <budgetno_3303019800/>
            <total>4768.00</total>
        </BCME3450_row>
        <BCME3450_row>
            <objectNo>0300 設備及投資</objectNo>
            <budgetno_3303010100>1294.00</budgetno_3303010100>
            <budgetno_3303011500>1850.00</budgetno_3303011500>
            <budgetno_3303010700/>
            <budgetno_3303011100/>
            <budgetno_3303011600>53597.00</budgetno_3303011600>
            <budgetno_3303011800/>
            <budgetno_3303011900/>
            <budgetno_3303012000/>
            <budgetno_3303012200/>
            <budgetno_3303012300>27795.00</budgetno_3303012300>
            <budgetno_3303012400>999.00</budgetno_3303012400>
            <budgetno_3303019002>11944.00</budgetno_3303019002>
            <budgetno_3303019011>7379.00</budgetno_3303019011>
            <budgetno_3303019019>3715.00</budgetno_3303019019>
            <budgetno_3303019800/>
            <total>108573.00</total>
        </BCME3450_row>
        <BCME3450_row>
            <objectNo>  0302 房屋建築及設備費</objectNo>
            <budgetno_3303010100>1000.00</budgetno_3303010100>
            <budgetno_3303011500>500.00</budgetno_3303011500>
            <budgetno_3303010700/>
            <budgetno_3303011100/>
            <budgetno_3303011600>53201.00</budgetno_3303011600>
            <budgetno_3303011800/>
            <budgetno_3303011900/>
            <budgetno_3303012000/>
            <budgetno_3303012200/>
            <budgetno_3303012300/>
            <budgetno_3303012400/>
            <budgetno_3303019002>11944.00</budgetno_3303019002>
            <budgetno_3303019011/>
            <budgetno_3303019019/>
            <budgetno_3303019800/>
            <total>66645.00</total>
        </BCME3450_row>
        <BCME3450_row>
            <objectNo>  0304 機械設備費</objectNo>
            <budgetno_3303010100/>
            <budgetno_3303011500/>
            <budgetno_3303010700/>
            <budgetno_3303011100/>
            <budgetno_3303011600/>
            <budgetno_3303011800/>
            <budgetno_3303011900/>
            <budgetno_3303012000/>
            <budgetno_3303012200/>
            <budgetno_3303012300/>
            <budgetno_3303012400/>
            <budgetno_3303019002/>
            <budgetno_3303019011>180.00</budgetno_3303019011>
            <budgetno_3303019019/>
            <budgetno_3303019800/>
            <total>180.00</total>
        </BCME3450_row>
        <BCME3450_row>
            <objectNo>  0305 運輸設備費</objectNo>
            <budgetno_3303010100/>
            <budgetno_3303011500/>
            <budgetno_3303010700/>
            <budgetno_3303011100/>
            <budgetno_3303011600/>
            <budgetno_3303011800/>
            <budgetno_3303011900/>
            <budgetno_3303012000/>
            <budgetno_3303012200/>
            <budgetno_3303012300/>
            <budgetno_3303012400/>
            <budgetno_3303019002/>
            <budgetno_3303019011>7199.00</budgetno_3303019011>
            <budgetno_3303019019/>
            <budgetno_3303019800/>
            <total>7199.00</total>
        </BCME3450_row>
        <BCME3450_row>
            <objectNo>  0306 資訊軟硬體設備費</objectNo>
            <budgetno_3303010100/>
            <budgetno_3303011500>1250.00</budgetno_3303011500>
            <budgetno_3303010700/>
            <budgetno_3303011100/>
            <budgetno_3303011600/>
            <budgetno_3303011800/>
            <budgetno_3303011900/>
            <budgetno_3303012000/>
            <budgetno_3303012200/>
            <budgetno_3303012300>27795.00</budgetno_3303012300>
            <budgetno_3303012400/>
            <budgetno_3303019002/>
            <budgetno_3303019011/>
            <budgetno_3303019019/>
            <budgetno_3303019800/>
            <total>29045.00</total>
        </BCME3450_row>
        <BCME3450_row>
            <objectNo>  0319 雜項設備費</objectNo>
            <budgetno_3303010100>294.00</budgetno_3303010100>
            <budgetno_3303011500>100.00</budgetno_3303011500>
            <budgetno_3303010700/>
            <budgetno_3303011100/>
            <budgetno_3303011600>396.00</budgetno_3303011600>
            <budgetno_3303011800/>
            <budgetno_3303011900/>
            <budgetno_3303012000/>
            <budgetno_3303012200/>
            <budgetno_3303012300/>
            <budgetno_3303012400>999.00</budgetno_3303012400>
            <budgetno_3303019002/>
            <budgetno_3303019011/>
            <budgetno_3303019019>3715.00</budgetno_3303019019>
            <budgetno_3303019800/>
            <total>5504.00</total>
        </BCME3450_row>
        <BCME3450_row>
            <objectNo>0400 獎補助費</objectNo>
            <budgetno_3303010100>1590.00</budgetno_3303010100>
            <budgetno_3303011500/>
            <budgetno_3303010700/>
            <budgetno_3303011100/>
            <budgetno_3303011600/>
            <budgetno_3303011800/>
            <budgetno_3303011900/>
            <budgetno_3303012000/>
            <budgetno_3303012200>3304.00</budgetno_3303012200>
            <budgetno_3303012300/>
            <budgetno_3303012400>60.00</budgetno_3303012400>
            <budgetno_3303019002/>
            <budgetno_3303019011/>
            <budgetno_3303019019/>
            <budgetno_3303019800/>
            <total>4954.00</total>
        </BCME3450_row>
        <BCME3450_row>
            <objectNo>  0403 對直轄市政府之補助</objectNo>
            <budgetno_3303010100/>
            <budgetno_3303011500/>
            <budgetno_3303010700/>
            <budgetno_3303011100/>
            <budgetno_3303011600/>
            <budgetno_3303011800/>
            <budgetno_3303011900/>
            <budgetno_3303012000/>
            <budgetno_3303012200>180.00</budgetno_3303012200>
            <budgetno_3303012300/>
            <budgetno_3303012400/>
            <budgetno_3303019002/>
            <budgetno_3303019011/>
            <budgetno_3303019019/>
            <budgetno_3303019800/>
            <total>180.00</total>
        </BCME3450_row>
        <BCME3450_row>
            <objectNo>  0410 對臺灣省各縣市之補助</objectNo>
            <budgetno_3303010100/>
            <budgetno_3303011500/>
            <budgetno_3303010700/>
            <budgetno_3303011100/>
            <budgetno_3303011600/>
            <budgetno_3303011800/>
            <budgetno_3303011900/>
            <budgetno_3303012000/>
            <budgetno_3303012200>160.00</budgetno_3303012200>
            <budgetno_3303012300/>
            <budgetno_3303012400/>
            <budgetno_3303019002/>
            <budgetno_3303019011/>
            <budgetno_3303019019/>
            <budgetno_3303019800/>
            <total>160.00</total>
        </BCME3450_row>
        <BCME3450_row>
            <objectNo>  0429 對福建省各縣之補助</objectNo>
            <budgetno_3303010100/>
            <budgetno_3303011500/>
            <budgetno_3303010700/>
            <budgetno_3303011100/>
            <budgetno_3303011600/>
            <budgetno_3303011800/>
            <budgetno_3303011900/>
            <budgetno_3303012000/>
            <budgetno_3303012200>20.00</budgetno_3303012200>
            <budgetno_3303012300/>
            <budgetno_3303012400/>
            <budgetno_3303019002/>
            <budgetno_3303019011/>
            <budgetno_3303019019/>
            <budgetno_3303019800/>
            <total>20.00</total>
        </BCME3450_row>
        <BCME3450_row>
            <objectNo>  0437 對國內團體之捐助</objectNo>
            <budgetno_3303010100/>
            <budgetno_3303011500/>
            <budgetno_3303010700/>
            <budgetno_3303011100/>
            <budgetno_3303011600/>
            <budgetno_3303011800/>
            <budgetno_3303011900/>
            <budgetno_3303012000/>
            <budgetno_3303012200>1944.00</budgetno_3303012200>
            <budgetno_3303012300/>
            <budgetno_3303012400/>
            <budgetno_3303019002/>
            <budgetno_3303019011/>
            <budgetno_3303019019/>
            <budgetno_3303019800/>
            <total>1944.00</total>
        </BCME3450_row>
        <BCME3450_row>
            <objectNo>  0475 獎勵及慰問</objectNo>
            <budgetno_3303010100>1590.00</budgetno_3303010100>
            <budgetno_3303011500/>
            <budgetno_3303010700/>
            <budgetno_3303011100/>
            <budgetno_3303011600/>
            <budgetno_3303011800/>
            <budgetno_3303011900/>
            <budgetno_3303012000/>
            <budgetno_3303012200>1000.00</budgetno_3303012200>
            <budgetno_3303012300/>
            <budgetno_3303012400/>
            <budgetno_3303019002/>
            <budgetno_3303019011/>
            <budgetno_3303019019/>
            <budgetno_3303019800/>
            <total>2590.00</total>
        </BCME3450_row>
        <BCME3450_row>
            <objectNo>  0476 其他補助及捐助</objectNo>
            <budgetno_3303010100/>
            <budgetno_3303011500/>
            <budgetno_3303010700/>
            <budgetno_3303011100/>
            <budgetno_3303011600/>
            <budgetno_3303011800/>
            <budgetno_3303011900/>
            <budgetno_3303012000/>
            <budgetno_3303012200/>
            <budgetno_3303012300/>
            <budgetno_3303012400>60.00</budgetno_3303012400>
            <budgetno_3303019002/>
            <budgetno_3303019011/>
            <budgetno_3303019019/>
            <budgetno_3303019800/>
            <total>60.00</total>
        </BCME3450_row>
        <BCME3450_row>
            <objectNo>0900 預備金</objectNo>
            <budgetno_3303010100/>
            <budgetno_3303011500/>
            <budgetno_3303010700/>
            <budgetno_3303011100/>
            <budgetno_3303011600/>
            <budgetno_3303011800/>
            <budgetno_3303011900/>
            <budgetno_3303012000/>
            <budgetno_3303012200/>
            <budgetno_3303012300/>
            <budgetno_3303012400/>
            <budgetno_3303019002/>
            <budgetno_3303019011/>
            <budgetno_3303019019/>
            <budgetno_3303019800>3700.00</budgetno_3303019800>
            <total>3700.00</total>
        </BCME3450_row>
        <BCME3450_row>
            <objectNo>  0901 第一預備金</objectNo>
            <budgetno_3303010100/>
            <budgetno_3303011500/>
            <budgetno_3303010700/>
            <budgetno_3303011100/>
            <budgetno_3303011600/>
            <budgetno_3303011800/>
            <budgetno_3303011900/>
            <budgetno_3303012000/>
            <budgetno_3303012200/>
            <budgetno_3303012300/>
            <budgetno_3303012400/>
            <budgetno_3303019002/>
            <budgetno_3303019011/>
            <budgetno_3303019019/>
            <budgetno_3303019800>3700.00</budgetno_3303019800>
            <total>3700.00</total>
        </BCME3450_row>
    </BCME3450>
</tables>
