<?xml version="1.0" encoding="UTF-8"?>
<tables>
    <BCME3470>
        <BCME3470_row>
            <budgetno>00230000000</budgetno>
            <budgetname>法務部主管</budgetname>
            <damt1>0.000000</damt1>
            <damt2>53251.000000</damt2>
            <damt3>0.000000</damt3>
            <damt4>0.000000</damt4>
            <damt5>3815.000000</damt5>
            <damt6>0.000000</damt6>
            <damt7>6407.000000</damt7>
            <damt8>0.000000</damt8>
            <damt9>0.000000</damt9>
            <damt10>63473.000000</damt10>
            <no1>12</no1>
            <no2>00</no2>
            <no3>00</no3>
            <no4>00</no4>
            <budgetno_conver>0023000000</budgetno_conver>
            <b_level>1</b_level>
        </BCME3470_row>
        <BCME3470_row>
            <budgetno>00230180000</budgetno>
            <budgetname>行政執行署及所屬</budgetname>
            <damt1>0.000000</damt1>
            <damt2>53251.000000</damt2>
            <damt3>0.000000</damt3>
            <damt4>0.000000</damt4>
            <damt5>3815.000000</damt5>
            <damt6>0.000000</damt6>
            <damt7>6407.000000</damt7>
            <damt8>0.000000</damt8>
            <damt9>0.000000</damt9>
            <damt10>63473.000000</damt10>
            <no1>12</no1>
            <no2>06</no2>
            <no3>00</no3>
            <no4>00</no4>
            <budgetno_conver>0023180000</budgetno_conver>
            <b_level>2</b_level>
        </BCME3470_row>
        <BCME3470_row>
            <budgetno>35230180000</budgetno>
            <budgetname>司法支出</budgetname>
            <damt1>0.000000</damt1>
            <damt2>53251.000000</damt2>
            <damt3>0.000000</damt3>
            <damt4>0.000000</damt4>
            <damt5>3815.000000</damt5>
            <damt6>0.000000</damt6>
            <damt7>6407.000000</damt7>
            <damt8>0.000000</damt8>
            <damt9>0.000000</damt9>
            <damt10>63473.000000</damt10>
            <no1>01</no1>
            <no2/>
            <no3/>
            <no4>00</no4>
            <budgetno_conver>3523180000</budgetno_conver>
            <b_level>2</b_level>
        </BCME3470_row>
        <BCME3470_row>
            <budgetno>35230181000</budgetno>
            <budgetname>執行業務</budgetname>
            <damt1>0.000000</damt1>
            <damt2>0.000000</damt2>
            <damt3>0.000000</damt3>
            <damt4>0.000000</damt4>
            <damt5>0.000000</damt5>
            <damt6>0.000000</damt6>
            <damt7>2496.000000</damt7>
            <damt8>0.000000</damt8>
            <damt9>0.000000</damt9>
            <damt10>2496.000000</damt10>
            <no1>12</no1>
            <no2>06</no2>
            <no3>02</no3>
            <no4>00</no4>
            <budgetno_conver>3523181000</budgetno_conver>
            <b_level>3</b_level>
        </BCME3470_row>
        <BCME3470_row>
            <budgetno>35230184000</budgetno>
            <budgetname>執行案件處理</budgetname>
            <damt1>0.000000</damt1>
            <damt2>3251.000000</damt2>
            <damt3>0.000000</damt3>
            <damt4>0.000000</damt4>
            <damt5>0.000000</damt5>
            <damt6>0.000000</damt6>
            <damt7>3911.000000</damt7>
            <damt8>0.000000</damt8>
            <damt9>0.000000</damt9>
            <damt10>7162.000000</damt10>
            <no1>12</no1>
            <no2>06</no2>
            <no3>03</no3>
            <no4>00</no4>
            <budgetno_conver>3523184000</budgetno_conver>
            <b_level>3</b_level>
        </BCME3470_row>
        <BCME3470_row>
            <budgetno>35230188500</budgetno>
            <budgetname>行政執行機關擴(遷)建計畫</budgetname>
            <damt1>0.000000</damt1>
            <damt2>50000.000000</damt2>
            <damt3>0.000000</damt3>
            <damt4>0.000000</damt4>
            <damt5>0.000000</damt5>
            <damt6>0.000000</damt6>
            <damt7>0.000000</damt7>
            <damt8>0.000000</damt8>
            <damt9>0.000000</damt9>
            <damt10>50000.000000</damt10>
            <no1>12</no1>
            <no2>06</no2>
            <no3>04</no3>
            <no4>00</no4>
            <budgetno_conver>3523188500</budgetno_conver>
            <b_level>3</b_level>
        </BCME3470_row>
        <BCME3470_row>
            <budgetno>35230189000</budgetno>
            <budgetname>一般建築及設備</budgetname>
            <damt1>0.000000</damt1>
            <damt2>0.000000</damt2>
            <damt3>0.000000</damt3>
            <damt4>0.000000</damt4>
            <damt5>3815.000000</damt5>
            <damt6>0.000000</damt6>
            <damt7>0.000000</damt7>
            <damt8>0.000000</damt8>
            <damt9>0.000000</damt9>
            <damt10>3815.000000</damt10>
            <no1>12</no1>
            <no2>06</no2>
            <no3>05</no3>
            <no4>00</no4>
            <budgetno_conver>3523189000</budgetno_conver>
            <b_level>3</b_level>
        </BCME3470_row>
        <BCME3470_row>
            <budgetno>35230189011</budgetno>
            <budgetname>交通及運輸設備</budgetname>
            <damt1>0.000000</damt1>
            <damt2>0.000000</damt2>
            <damt3>0.000000</damt3>
            <damt4>0.000000</damt4>
            <damt5>3815.000000</damt5>
            <damt6>0.000000</damt6>
            <damt7>0.000000</damt7>
            <damt8>0.000000</damt8>
            <damt9>0.000000</damt9>
            <damt10>3815.000000</damt10>
            <no1>12</no1>
            <no2>06</no2>
            <no3>05</no3>
            <no4>01</no4>
            <budgetno_conver>3523189011</budgetno_conver>
            <b_level>4</b_level>
        </BCME3470_row>
    </BCME3470>
</tables>
