<?xml version="1.0" encoding="UTF-8"?>
<tables>
    <BCTDYEARPLAN>
        <BCTDYEARPLAN_row>
            <b06_fiscalyear>105</b06_fiscalyear>
            <b06_fundkind>1</b06_fundkind>
            <b06_budgetkind>1         </b06_budgetkind>
            <b06_specialbudgetno/>
            <b06_agenno>23018     </b06_agenno>
            <b06_agentype>B         </b06_agentype>
            <b06_budgetstate>1</b06_budgetstate>
            <b06_planno/>
            <b06_planname>行政執行署高雄分署辦公廳舍自有化中程計畫</b06_planname>
            <b06_startyear>98</b06_startyear>
            <b06_endyear>107</b06_endyear>
            <b06_budgetamt>336868000.00</b06_budgetamt>
            <b06_amt1>0.00</b06_amt1>
            <b06_amt2>0.00</b06_amt2>
            <b06_amt3>50000000.00</b06_amt3>
            <b06_amt4>282217000.00</b06_amt4>
            <b06_memo>行政院96年1月15日院臺法字第0960001650號函及行政院103年9月19日院臺法字第1030053987號函。</b06_memo>
            <b06_upduserno/>
            <b06_upddatetime/>
            <b06_versiondate/>
            <b06_amt1_display>0E-12</b06_amt1_display>
            <b06_amt2_display>0E-12</b06_amt2_display>
            <b06_amt3_display>0.500000000000</b06_amt3_display>
            <b06_amt4_display>2.822170000000</b06_amt4_display>
            <b06_budgetamt_display>3.368680000000</b06_budgetamt_display>
        </BCTDYEARPLAN_row>
    </BCTDYEARPLAN>
</tables>
