<?xml version="1.0" encoding="UTF-8"?>
<tables>
    <BCTDOUTGO>
        <BCTDOUTGO_row>
            <bm_fiscalyear>104</bm_fiscalyear>
            <bm_fundkind>1</bm_fundkind>
            <bm_budgetkind>1</bm_budgetkind>
            <bm_specialbudgetno/>
            <bm_agenno>23001</bm_agenno>
            <bm_agentype>C</bm_agentype>
            <bm_budgetstate>2</bm_budgetstate>
            <bm_abroadplan>1</bm_abroadplan>
            <bm_projtype>2 </bm_projtype>
            <bm_projno>01</bm_projno>
            <bm_abroadplanname>參加蒙古國家人權委員會主辦APF 2015年第20屆年會及第3屆雙年研討會</bm_abroadplanname>
            <bm_visitsts>0</bm_visitsts>
            <bm_visitexplain/>
            <bm_dispatchstaffs>0</bm_dispatchstaffs>
            <bm_abroadsite1/>
            <bm_abroadsite2/>
            <bm_abroadsite3/>
            <bm_abroadperiod1/>
            <bm_abroadperiodto1/>
            <bm_abroadperiod2/>
            <bm_abroadperiodto2/>
            <bm_abroadperiod3>0    </bm_abroadperiod3>
            <bm_abroadperiodto3>0    </bm_abroadperiodto3>
            <bm_abroadstaffs1>0</bm_abroadstaffs1>
            <bm_abroadstaffs2>0</bm_abroadstaffs2>
            <bm_abroadstaffs3>0</bm_abroadstaffs3>
            <bm_abroadallowance1>0.00</bm_abroadallowance1>
            <bm_abroadallowance2>0.00</bm_abroadallowance2>
            <bm_abroadallowance3>120.00</bm_abroadallowance3>
            <bm_budgetno>35230010100</bm_budgetno>
            <bm_regionno>91</bm_regionno>
            <bm_country>蒙古</bm_country>
            <bm_agency/>
            <bm_cont_text>APF是亞太地區各國的國家人權委員會所組成的區域性組織，目的在於藉著各項交流及研討活動促進與提升各國國家人權委員會的功能，可使我國對於各國推展人權的機制與策略有更深的認識。</bm_cont_text>
            <bm_durationfrom>10407</bm_durationfrom>
            <bm_durationto>10409</bm_durationto>
            <bm_days>7</bm_days>
            <bm_persons>2</bm_persons>
            <bm_amt_trans>48000.00</bm_amt_trans>
            <bm_amt_life>62000.00</bm_amt_life>
            <bm_amt_public>69000.00</bm_amt_public>
            <bm_amt_books>0.00</bm_amt_books>
            <bm_amt_flight>0.00</bm_amt_flight>
            <bm_versiondate/>
        </BCTDOUTGO_row>
        <BCTDOUTGO_row>
            <bm_fiscalyear>104</bm_fiscalyear>
            <bm_fundkind>1</bm_fundkind>
            <bm_budgetkind>1</bm_budgetkind>
            <bm_specialbudgetno/>
            <bm_agenno>23001</bm_agenno>
            <bm_agentype>C</bm_agentype>
            <bm_budgetstate>2</bm_budgetstate>
            <bm_abroadplan>1</bm_abroadplan>
            <bm_projtype>2 </bm_projtype>
            <bm_projno>02</bm_projno>
            <bm_abroadplanname>參加國際檢察官協會年會</bm_abroadplanname>
            <bm_visitsts>0</bm_visitsts>
            <bm_visitexplain/>
            <bm_dispatchstaffs>0</bm_dispatchstaffs>
            <bm_abroadsite1>南韓</bm_abroadsite1>
            <bm_abroadsite2/>
            <bm_abroadsite3/>
            <bm_abroadperiod1>10006</bm_abroadperiod1>
            <bm_abroadperiodto1>10006</bm_abroadperiodto1>
            <bm_abroadperiod2/>
            <bm_abroadperiodto2/>
            <bm_abroadperiod3>0    </bm_abroadperiod3>
            <bm_abroadperiodto3>0    </bm_abroadperiodto3>
            <bm_abroadstaffs1>2</bm_abroadstaffs1>
            <bm_abroadstaffs2>0</bm_abroadstaffs2>
            <bm_abroadstaffs3>0</bm_abroadstaffs3>
            <bm_abroadallowance1>120000.00</bm_abroadallowance1>
            <bm_abroadallowance2>0.00</bm_abroadallowance2>
            <bm_abroadallowance3>120.00</bm_abroadallowance3>
            <bm_budgetno>35230011400</bm_budgetno>
            <bm_regionno>84</bm_regionno>
            <bm_country>歐洲</bm_country>
            <bm_agency/>
            <bm_cont_text>蒐集及分享國際司法議題資訊，並與各國檢察官交流聯繫，進而促進國際司法互助與合作。</bm_cont_text>
            <bm_durationfrom>10401</bm_durationfrom>
            <bm_durationto>10412</bm_durationto>
            <bm_days>5</bm_days>
            <bm_persons>1</bm_persons>
            <bm_amt_trans>40000.00</bm_amt_trans>
            <bm_amt_life>40000.00</bm_amt_life>
            <bm_amt_public>42000.00</bm_amt_public>
            <bm_amt_books>0.00</bm_amt_books>
            <bm_amt_flight>0.00</bm_amt_flight>
            <bm_versiondate/>
        </BCTDOUTGO_row>
        <BCTDOUTGO_row>
            <bm_fiscalyear>104</bm_fiscalyear>
            <bm_fundkind>1</bm_fundkind>
            <bm_budgetkind>1</bm_budgetkind>
            <bm_specialbudgetno/>
            <bm_agenno>23001</bm_agenno>
            <bm_agentype>C</bm_agentype>
            <bm_budgetstate>2</bm_budgetstate>
            <bm_abroadplan>1</bm_abroadplan>
            <bm_projtype>2 </bm_projtype>
            <bm_projno>03</bm_projno>
            <bm_abroadplanname>參加美國州檢察長協會夏季年會</bm_abroadplanname>
            <bm_visitsts>0</bm_visitsts>
            <bm_visitexplain/>
            <bm_dispatchstaffs>0</bm_dispatchstaffs>
            <bm_abroadsite1>美國</bm_abroadsite1>
            <bm_abroadsite2>美國</bm_abroadsite2>
            <bm_abroadsite3>美國</bm_abroadsite3>
            <bm_abroadperiod1>10006</bm_abroadperiod1>
            <bm_abroadperiodto1>10006</bm_abroadperiodto1>
            <bm_abroadperiod2>10106</bm_abroadperiod2>
            <bm_abroadperiodto2>10106</bm_abroadperiodto2>
            <bm_abroadperiod3>10206</bm_abroadperiod3>
            <bm_abroadperiodto3>10206</bm_abroadperiodto3>
            <bm_abroadstaffs1>4</bm_abroadstaffs1>
            <bm_abroadstaffs2>4</bm_abroadstaffs2>
            <bm_abroadstaffs3>11</bm_abroadstaffs3>
            <bm_abroadallowance1>683000.00</bm_abroadallowance1>
            <bm_abroadallowance2>695000.00</bm_abroadallowance2>
            <bm_abroadallowance3>1605000.00</bm_abroadallowance3>
            <bm_budgetno>35230011400</bm_budgetno>
            <bm_regionno>84</bm_regionno>
            <bm_country>美國</bm_country>
            <bm_agency/>
            <bm_cont_text>&amp;lt;#H1&amp;gt;提供檢察長、檢察官參與國際會議之機會，有效促進中美雙方之司法互動交流。&#xd;
&amp;lt;#H1&amp;gt;蒐集美國檢察業務相關資料，作為司法改革之參考。&#xd;
&amp;lt;#H1&amp;gt;加強中美雙方密切聯繫，共同合作打擊犯罪，並藉此拓展雙方之實質外交關係。</bm_cont_text>
            <bm_durationfrom>10406</bm_durationfrom>
            <bm_durationto>10412</bm_durationto>
            <bm_days>7</bm_days>
            <bm_persons>4</bm_persons>
            <bm_amt_trans>360000.00</bm_amt_trans>
            <bm_amt_life>225000.00</bm_amt_life>
            <bm_amt_public>40000.00</bm_amt_public>
            <bm_amt_books>0.00</bm_amt_books>
            <bm_amt_flight>0.00</bm_amt_flight>
            <bm_versiondate/>
        </BCTDOUTGO_row>
        <BCTDOUTGO_row>
            <bm_fiscalyear>104</bm_fiscalyear>
            <bm_fundkind>1</bm_fundkind>
            <bm_budgetkind>1</bm_budgetkind>
            <bm_specialbudgetno/>
            <bm_agenno>23001</bm_agenno>
            <bm_agentype>C</bm_agentype>
            <bm_budgetstate>2</bm_budgetstate>
            <bm_abroadplan>1</bm_abroadplan>
            <bm_projtype>2 </bm_projtype>
            <bm_projno>04</bm_projno>
            <bm_abroadplanname>參加G8 24/7 Network 年度網路犯罪執法人員專精研習</bm_abroadplanname>
            <bm_visitsts/>
            <bm_visitexplain/>
            <bm_dispatchstaffs>0</bm_dispatchstaffs>
            <bm_abroadsite1>越南</bm_abroadsite1>
            <bm_abroadsite2/>
            <bm_abroadsite3/>
            <bm_abroadperiod1>10104</bm_abroadperiod1>
            <bm_abroadperiodto1>10104</bm_abroadperiodto1>
            <bm_abroadperiod2/>
            <bm_abroadperiodto2/>
            <bm_abroadperiod3/>
            <bm_abroadperiodto3/>
            <bm_abroadstaffs1>2</bm_abroadstaffs1>
            <bm_abroadstaffs2>0</bm_abroadstaffs2>
            <bm_abroadstaffs3>0</bm_abroadstaffs3>
            <bm_abroadallowance1>42000.00</bm_abroadallowance1>
            <bm_abroadallowance2>0.00</bm_abroadallowance2>
            <bm_abroadallowance3>0.00</bm_abroadallowance3>
            <bm_budgetno>35230011400</bm_budgetno>
            <bm_regionno>84</bm_regionno>
            <bm_country>未定</bm_country>
            <bm_agency/>
            <bm_cont_text>針對網路犯罪新興議題共同研擬解決之道，提升我國執法效能。</bm_cont_text>
            <bm_durationfrom>10401</bm_durationfrom>
            <bm_durationto>10412</bm_durationto>
            <bm_days>5</bm_days>
            <bm_persons>1</bm_persons>
            <bm_amt_trans>18000.00</bm_amt_trans>
            <bm_amt_life>22000.00</bm_amt_life>
            <bm_amt_public>10000.00</bm_amt_public>
            <bm_amt_books>0.00</bm_amt_books>
            <bm_amt_flight>0.00</bm_amt_flight>
            <bm_versiondate/>
        </BCTDOUTGO_row>
        <BCTDOUTGO_row>
            <bm_fiscalyear>104</bm_fiscalyear>
            <bm_fundkind>1</bm_fundkind>
            <bm_budgetkind>1</bm_budgetkind>
            <bm_specialbudgetno/>
            <bm_agenno>23001</bm_agenno>
            <bm_agentype>C</bm_agentype>
            <bm_budgetstate>2</bm_budgetstate>
            <bm_abroadplan>1</bm_abroadplan>
            <bm_projtype>2 </bm_projtype>
            <bm_projno>05</bm_projno>
            <bm_abroadplanname>參加亞太防制洗錢組織年會</bm_abroadplanname>
            <bm_visitsts>0</bm_visitsts>
            <bm_visitexplain/>
            <bm_dispatchstaffs>0</bm_dispatchstaffs>
            <bm_abroadsite1>印度</bm_abroadsite1>
            <bm_abroadsite2>澳洲</bm_abroadsite2>
            <bm_abroadsite3/>
            <bm_abroadperiod1>10007</bm_abroadperiod1>
            <bm_abroadperiodto1>10007</bm_abroadperiodto1>
            <bm_abroadperiod2>10107</bm_abroadperiod2>
            <bm_abroadperiodto2>10107</bm_abroadperiodto2>
            <bm_abroadperiod3/>
            <bm_abroadperiodto3/>
            <bm_abroadstaffs1>2</bm_abroadstaffs1>
            <bm_abroadstaffs2>2</bm_abroadstaffs2>
            <bm_abroadstaffs3>0</bm_abroadstaffs3>
            <bm_abroadallowance1>107000.00</bm_abroadallowance1>
            <bm_abroadallowance2>130000.00</bm_abroadallowance2>
            <bm_abroadallowance3>0.00</bm_abroadallowance3>
            <bm_budgetno>35230011400</bm_budgetno>
            <bm_regionno>84</bm_regionno>
            <bm_country>未定</bm_country>
            <bm_agency/>
            <bm_cont_text>維護我國會籍、積極參與會務活動，展現我國反洗錢及打擊恐怖分子決心，並適時爭取該組織於我國舉辦研討會或年會。</bm_cont_text>
            <bm_durationfrom>10401</bm_durationfrom>
            <bm_durationto>10412</bm_durationto>
            <bm_days>8</bm_days>
            <bm_persons>1</bm_persons>
            <bm_amt_trans>40000.00</bm_amt_trans>
            <bm_amt_life>43000.00</bm_amt_life>
            <bm_amt_public>10000.00</bm_amt_public>
            <bm_amt_books>0.00</bm_amt_books>
            <bm_amt_flight>0.00</bm_amt_flight>
            <bm_versiondate/>
        </BCTDOUTGO_row>
        <BCTDOUTGO_row>
            <bm_fiscalyear>104</bm_fiscalyear>
            <bm_fundkind>1</bm_fundkind>
            <bm_budgetkind>1</bm_budgetkind>
            <bm_specialbudgetno/>
            <bm_agenno>23001</bm_agenno>
            <bm_agentype>C</bm_agentype>
            <bm_budgetstate>2</bm_budgetstate>
            <bm_abroadplan>1</bm_abroadplan>
            <bm_projtype>2 </bm_projtype>
            <bm_projno>06</bm_projno>
            <bm_abroadplanname>參加亞太防制洗錢組織洗錢態樣與趨勢工作研討會</bm_abroadplanname>
            <bm_visitsts>0</bm_visitsts>
            <bm_visitexplain/>
            <bm_dispatchstaffs>0</bm_dispatchstaffs>
            <bm_abroadsite1>韓國</bm_abroadsite1>
            <bm_abroadsite2>越南</bm_abroadsite2>
            <bm_abroadsite3/>
            <bm_abroadperiod1>10012</bm_abroadperiod1>
            <bm_abroadperiodto1>10012</bm_abroadperiodto1>
            <bm_abroadperiod2>10111</bm_abroadperiod2>
            <bm_abroadperiodto2>10111</bm_abroadperiodto2>
            <bm_abroadperiod3/>
            <bm_abroadperiodto3/>
            <bm_abroadstaffs1>2</bm_abroadstaffs1>
            <bm_abroadstaffs2>1</bm_abroadstaffs2>
            <bm_abroadstaffs3>0</bm_abroadstaffs3>
            <bm_abroadallowance1>109000.00</bm_abroadallowance1>
            <bm_abroadallowance2>39000.00</bm_abroadallowance2>
            <bm_abroadallowance3>0.00</bm_abroadallowance3>
            <bm_budgetno>35230011400</bm_budgetno>
            <bm_regionno>84</bm_regionno>
            <bm_country>未定</bm_country>
            <bm_agency/>
            <bm_cont_text>亞太防制洗錢組織為每年固定舉辦之會務活動，各會員國均有義務出席報告國內洗錢態樣與趨勢，並了解亞太地區其他國家之洗錢態樣與防制之道。</bm_cont_text>
            <bm_durationfrom>10401</bm_durationfrom>
            <bm_durationto>10412</bm_durationto>
            <bm_days>7</bm_days>
            <bm_persons>1</bm_persons>
            <bm_amt_trans>40000.00</bm_amt_trans>
            <bm_amt_life>37000.00</bm_amt_life>
            <bm_amt_public>10000.00</bm_amt_public>
            <bm_amt_books>0.00</bm_amt_books>
            <bm_amt_flight>0.00</bm_amt_flight>
            <bm_versiondate/>
        </BCTDOUTGO_row>
        <BCTDOUTGO_row>
            <bm_fiscalyear>104</bm_fiscalyear>
            <bm_fundkind>1</bm_fundkind>
            <bm_budgetkind>1</bm_budgetkind>
            <bm_specialbudgetno/>
            <bm_agenno>23001</bm_agenno>
            <bm_agentype>C</bm_agentype>
            <bm_budgetstate>2</bm_budgetstate>
            <bm_abroadplan>1</bm_abroadplan>
            <bm_projtype>2 </bm_projtype>
            <bm_projno>07</bm_projno>
            <bm_abroadplanname>參加防制洗錢金融行動工作組織(FATF)會議</bm_abroadplanname>
            <bm_visitsts>0</bm_visitsts>
            <bm_visitexplain/>
            <bm_dispatchstaffs>0</bm_dispatchstaffs>
            <bm_abroadsite1>馬來西亞</bm_abroadsite1>
            <bm_abroadsite2>挪威</bm_abroadsite2>
            <bm_abroadsite3/>
            <bm_abroadperiod1>10104</bm_abroadperiod1>
            <bm_abroadperiodto1>10104</bm_abroadperiodto1>
            <bm_abroadperiod2>10206</bm_abroadperiod2>
            <bm_abroadperiodto2>10206</bm_abroadperiodto2>
            <bm_abroadperiod3/>
            <bm_abroadperiodto3/>
            <bm_abroadstaffs1>1</bm_abroadstaffs1>
            <bm_abroadstaffs2>1</bm_abroadstaffs2>
            <bm_abroadstaffs3>0</bm_abroadstaffs3>
            <bm_abroadallowance1>35000.00</bm_abroadallowance1>
            <bm_abroadallowance2>168000.00</bm_abroadallowance2>
            <bm_abroadallowance3>0.00</bm_abroadallowance3>
            <bm_budgetno>35230011400</bm_budgetno>
            <bm_regionno>84</bm_regionno>
            <bm_country>未定</bm_country>
            <bm_agency/>
            <bm_cont_text>積極瞭解FATF有關評鑑標準之最新發展趨勢，促使我國採取相關必要因應措施，使我國接受APG之評鑑更為順利，並有助提升我國際形象。</bm_cont_text>
            <bm_durationfrom>10401</bm_durationfrom>
            <bm_durationto>10412</bm_durationto>
            <bm_days>6</bm_days>
            <bm_persons>1</bm_persons>
            <bm_amt_trans>50000.00</bm_amt_trans>
            <bm_amt_life>49000.00</bm_amt_life>
            <bm_amt_public>10000.00</bm_amt_public>
            <bm_amt_books>0.00</bm_amt_books>
            <bm_amt_flight>0.00</bm_amt_flight>
            <bm_versiondate/>
        </BCTDOUTGO_row>
        <BCTDOUTGO_row>
            <bm_fiscalyear>104</bm_fiscalyear>
            <bm_fundkind>1</bm_fundkind>
            <bm_budgetkind>1</bm_budgetkind>
            <bm_specialbudgetno/>
            <bm_agenno>23001</bm_agenno>
            <bm_agentype>C</bm_agentype>
            <bm_budgetstate>2</bm_budgetstate>
            <bm_abroadplan>1</bm_abroadplan>
            <bm_projtype>2 </bm_projtype>
            <bm_projno>08</bm_projno>
            <bm_abroadplanname>參加亞太經濟合作(APEC)電信暨資訊工作小組會議暨相關研討會</bm_abroadplanname>
            <bm_visitsts>0</bm_visitsts>
            <bm_visitexplain/>
            <bm_dispatchstaffs>0</bm_dispatchstaffs>
            <bm_abroadsite1>馬來西亞</bm_abroadsite1>
            <bm_abroadsite2/>
            <bm_abroadsite3/>
            <bm_abroadperiod1>10009</bm_abroadperiod1>
            <bm_abroadperiodto1>10009</bm_abroadperiodto1>
            <bm_abroadperiod2>0    </bm_abroadperiod2>
            <bm_abroadperiodto2>0    </bm_abroadperiodto2>
            <bm_abroadperiod3/>
            <bm_abroadperiodto3/>
            <bm_abroadstaffs1>1</bm_abroadstaffs1>
            <bm_abroadstaffs2>0</bm_abroadstaffs2>
            <bm_abroadstaffs3>0</bm_abroadstaffs3>
            <bm_abroadallowance1>44000.00</bm_abroadallowance1>
            <bm_abroadallowance2>44.00</bm_abroadallowance2>
            <bm_abroadallowance3>0.00</bm_abroadallowance3>
            <bm_budgetno>35230011400</bm_budgetno>
            <bm_regionno>84</bm_regionno>
            <bm_country>未定</bm_country>
            <bm_agency/>
            <bm_cont_text>暸解各國資訊通訊安全之最新趨勢及具體措施，有助於我國處理資安案件之跨國合作。</bm_cont_text>
            <bm_durationfrom>10410</bm_durationfrom>
            <bm_durationto>10410</bm_durationto>
            <bm_days>5</bm_days>
            <bm_persons>1</bm_persons>
            <bm_amt_trans>18000.00</bm_amt_trans>
            <bm_amt_life>22000.00</bm_amt_life>
            <bm_amt_public>10000.00</bm_amt_public>
            <bm_amt_books>0.00</bm_amt_books>
            <bm_amt_flight>0.00</bm_amt_flight>
            <bm_versiondate/>
        </BCTDOUTGO_row>
        <BCTDOUTGO_row>
            <bm_fiscalyear>104</bm_fiscalyear>
            <bm_fundkind>1</bm_fundkind>
            <bm_budgetkind>1</bm_budgetkind>
            <bm_specialbudgetno/>
            <bm_agenno>23001</bm_agenno>
            <bm_agentype>C</bm_agentype>
            <bm_budgetstate>2</bm_budgetstate>
            <bm_abroadplan>1</bm_abroadplan>
            <bm_projtype>2 </bm_projtype>
            <bm_projno>09</bm_projno>
            <bm_abroadplanname>參加美國自由聯盟反人口販運會議及考察美國人口販運之防制</bm_abroadplanname>
            <bm_visitsts>0</bm_visitsts>
            <bm_visitexplain/>
            <bm_dispatchstaffs>0</bm_dispatchstaffs>
            <bm_abroadsite1>美國</bm_abroadsite1>
            <bm_abroadsite2/>
            <bm_abroadsite3/>
            <bm_abroadperiod1>10204</bm_abroadperiod1>
            <bm_abroadperiodto1>10204</bm_abroadperiodto1>
            <bm_abroadperiod2/>
            <bm_abroadperiodto2/>
            <bm_abroadperiod3/>
            <bm_abroadperiodto3/>
            <bm_abroadstaffs1>1</bm_abroadstaffs1>
            <bm_abroadstaffs2>0</bm_abroadstaffs2>
            <bm_abroadstaffs3>0</bm_abroadstaffs3>
            <bm_abroadallowance1>60000.00</bm_abroadallowance1>
            <bm_abroadallowance2>0.00</bm_abroadallowance2>
            <bm_abroadallowance3>0.00</bm_abroadallowance3>
            <bm_budgetno>35230011400</bm_budgetno>
            <bm_regionno>91</bm_regionno>
            <bm_country>美國</bm_country>
            <bm_agency/>
            <bm_cont_text>參加美國自由聯盟反人口販運會議，俾汲取國際經驗，深化我國人口販運防制工作。</bm_cont_text>
            <bm_durationfrom>10401</bm_durationfrom>
            <bm_durationto>10412</bm_durationto>
            <bm_days>6</bm_days>
            <bm_persons>1</bm_persons>
            <bm_amt_trans>50000.00</bm_amt_trans>
            <bm_amt_life>46000.00</bm_amt_life>
            <bm_amt_public>20000.00</bm_amt_public>
            <bm_amt_books>0.00</bm_amt_books>
            <bm_amt_flight>0.00</bm_amt_flight>
            <bm_versiondate/>
        </BCTDOUTGO_row>
        <BCTDOUTGO_row>
            <bm_fiscalyear>104</bm_fiscalyear>
            <bm_fundkind>1</bm_fundkind>
            <bm_budgetkind>1</bm_budgetkind>
            <bm_specialbudgetno/>
            <bm_agenno>23001</bm_agenno>
            <bm_agentype>C</bm_agentype>
            <bm_budgetstate>2</bm_budgetstate>
            <bm_abroadplan>1</bm_abroadplan>
            <bm_projtype>2 </bm_projtype>
            <bm_projno>10</bm_projno>
            <bm_abroadplanname>參加APEC相關國際反貪污會議</bm_abroadplanname>
            <bm_visitsts/>
            <bm_visitexplain/>
            <bm_dispatchstaffs>0</bm_dispatchstaffs>
            <bm_abroadsite1>美國</bm_abroadsite1>
            <bm_abroadsite2>美國</bm_abroadsite2>
            <bm_abroadsite3/>
            <bm_abroadperiod1>10003</bm_abroadperiod1>
            <bm_abroadperiodto1>10003</bm_abroadperiodto1>
            <bm_abroadperiod2>10212</bm_abroadperiod2>
            <bm_abroadperiodto2>10212</bm_abroadperiodto2>
            <bm_abroadperiod3/>
            <bm_abroadperiodto3/>
            <bm_abroadstaffs1>1</bm_abroadstaffs1>
            <bm_abroadstaffs2>1</bm_abroadstaffs2>
            <bm_abroadstaffs3>0</bm_abroadstaffs3>
            <bm_abroadallowance1>123000.00</bm_abroadallowance1>
            <bm_abroadallowance2>127000.00</bm_abroadallowance2>
            <bm_abroadallowance3>0.00</bm_abroadallowance3>
            <bm_budgetno>35230011400</bm_budgetno>
            <bm_regionno>84</bm_regionno>
            <bm_country>菲律賓</bm_country>
            <bm_agency/>
            <bm_cont_text>瞭解先進國家反貪污之最新趨勢及具體措施，並藉此會議與各國從事反貪污之專業人員交流，以利日後跨國合作。</bm_cont_text>
            <bm_durationfrom>10401</bm_durationfrom>
            <bm_durationto/>
            <bm_days>5</bm_days>
            <bm_persons>1</bm_persons>
            <bm_amt_trans>25000.00</bm_amt_trans>
            <bm_amt_life>28000.00</bm_amt_life>
            <bm_amt_public>4000.00</bm_amt_public>
            <bm_amt_books>0.00</bm_amt_books>
            <bm_amt_flight>0.00</bm_amt_flight>
            <bm_versiondate/>
        </BCTDOUTGO_row>
        <BCTDOUTGO_row>
            <bm_fiscalyear>104</bm_fiscalyear>
            <bm_fundkind>1</bm_fundkind>
            <bm_budgetkind>1</bm_budgetkind>
            <bm_specialbudgetno/>
            <bm_agenno>23001</bm_agenno>
            <bm_agentype>C</bm_agentype>
            <bm_budgetstate>2</bm_budgetstate>
            <bm_abroadplan>1</bm_abroadplan>
            <bm_projtype>2 </bm_projtype>
            <bm_projno>11</bm_projno>
            <bm_abroadplanname>參加WTO之諮商會議</bm_abroadplanname>
            <bm_visitsts>0</bm_visitsts>
            <bm_visitexplain/>
            <bm_dispatchstaffs>0</bm_dispatchstaffs>
            <bm_abroadsite1/>
            <bm_abroadsite2/>
            <bm_abroadsite3/>
            <bm_abroadperiod1/>
            <bm_abroadperiodto1/>
            <bm_abroadperiod2>0    </bm_abroadperiod2>
            <bm_abroadperiodto2>0    </bm_abroadperiodto2>
            <bm_abroadperiod3/>
            <bm_abroadperiodto3/>
            <bm_abroadstaffs1>0</bm_abroadstaffs1>
            <bm_abroadstaffs2>0</bm_abroadstaffs2>
            <bm_abroadstaffs3>0</bm_abroadstaffs3>
            <bm_abroadallowance1>0.00</bm_abroadallowance1>
            <bm_abroadallowance2>115.00</bm_abroadallowance2>
            <bm_abroadallowance3>0.00</bm_abroadallowance3>
            <bm_budgetno>35230011400</bm_budgetno>
            <bm_regionno>84</bm_regionno>
            <bm_country>瑞士日內瓦</bm_country>
            <bm_agency/>
            <bm_cont_text>配合我國整體對外經貿談判進度，參與WTO複邊服務業協定談判，以維護我國法律服務業之權益，並就我國智慧財產保護成果積極向WTO各會員說明。</bm_cont_text>
            <bm_durationfrom>10405</bm_durationfrom>
            <bm_durationto>10405</bm_durationto>
            <bm_days>7</bm_days>
            <bm_persons>1</bm_persons>
            <bm_amt_trans>60000.00</bm_amt_trans>
            <bm_amt_life>46000.00</bm_amt_life>
            <bm_amt_public>14000.00</bm_amt_public>
            <bm_amt_books>0.00</bm_amt_books>
            <bm_amt_flight>0.00</bm_amt_flight>
            <bm_versiondate/>
        </BCTDOUTGO_row>
        <BCTDOUTGO_row>
            <bm_fiscalyear>104</bm_fiscalyear>
            <bm_fundkind>1</bm_fundkind>
            <bm_budgetkind>1</bm_budgetkind>
            <bm_specialbudgetno/>
            <bm_agenno>23001</bm_agenno>
            <bm_agentype>C</bm_agentype>
            <bm_budgetstate>2</bm_budgetstate>
            <bm_abroadplan>1</bm_abroadplan>
            <bm_projtype>2 </bm_projtype>
            <bm_projno>12</bm_projno>
            <bm_abroadplanname>參加國際反貪局聯合會第九次年會</bm_abroadplanname>
            <bm_visitsts>0</bm_visitsts>
            <bm_visitexplain/>
            <bm_dispatchstaffs>0</bm_dispatchstaffs>
            <bm_abroadsite1>巴拿馬</bm_abroadsite1>
            <bm_abroadsite2/>
            <bm_abroadsite3/>
            <bm_abroadperiod1>10211</bm_abroadperiod1>
            <bm_abroadperiodto1>10211</bm_abroadperiodto1>
            <bm_abroadperiod2/>
            <bm_abroadperiodto2/>
            <bm_abroadperiod3/>
            <bm_abroadperiodto3/>
            <bm_abroadstaffs1>1</bm_abroadstaffs1>
            <bm_abroadstaffs2>0</bm_abroadstaffs2>
            <bm_abroadstaffs3>0</bm_abroadstaffs3>
            <bm_abroadallowance1>135000.00</bm_abroadallowance1>
            <bm_abroadallowance2>0.00</bm_abroadallowance2>
            <bm_abroadallowance3>0.00</bm_abroadallowance3>
            <bm_budgetno>35230011400</bm_budgetno>
            <bm_regionno>91</bm_regionno>
            <bm_country>未定</bm_country>
            <bm_agency/>
            <bm_cont_text>國際反貪局聯合會成立之目的在促進聯合國大會「聯合國反腐敗公約」的實施，並加強各國反貪污機構在打擊貪污賄賂犯罪方面的國際合作，以積極推動「聯合國反腐敗公約」的有效實施。</bm_cont_text>
            <bm_durationfrom>10405</bm_durationfrom>
            <bm_durationto>10405</bm_durationto>
            <bm_days>10</bm_days>
            <bm_persons>1</bm_persons>
            <bm_amt_trans>65000.00</bm_amt_trans>
            <bm_amt_life>61000.00</bm_amt_life>
            <bm_amt_public>4000.00</bm_amt_public>
            <bm_amt_books>0.00</bm_amt_books>
            <bm_amt_flight>0.00</bm_amt_flight>
            <bm_versiondate/>
        </BCTDOUTGO_row>
        <BCTDOUTGO_row>
            <bm_fiscalyear>104</bm_fiscalyear>
            <bm_fundkind>1</bm_fundkind>
            <bm_budgetkind>1</bm_budgetkind>
            <bm_specialbudgetno/>
            <bm_agenno>23001</bm_agenno>
            <bm_agentype>C</bm_agentype>
            <bm_budgetstate>2</bm_budgetstate>
            <bm_abroadplan>1</bm_abroadplan>
            <bm_projtype>2 </bm_projtype>
            <bm_projno>13</bm_projno>
            <bm_abroadplanname>參加第2屆世界觀護大會年會</bm_abroadplanname>
            <bm_visitsts/>
            <bm_visitexplain/>
            <bm_dispatchstaffs>0</bm_dispatchstaffs>
            <bm_abroadsite1/>
            <bm_abroadsite2/>
            <bm_abroadsite3/>
            <bm_abroadperiod1/>
            <bm_abroadperiodto1/>
            <bm_abroadperiod2/>
            <bm_abroadperiodto2/>
            <bm_abroadperiod3/>
            <bm_abroadperiodto3/>
            <bm_abroadstaffs1>0</bm_abroadstaffs1>
            <bm_abroadstaffs2>0</bm_abroadstaffs2>
            <bm_abroadstaffs3>0</bm_abroadstaffs3>
            <bm_abroadallowance1>0.00</bm_abroadallowance1>
            <bm_abroadallowance2>0.00</bm_abroadallowance2>
            <bm_abroadallowance3>0.00</bm_abroadallowance3>
            <bm_budgetno>35230011400</bm_budgetno>
            <bm_regionno>91</bm_regionno>
            <bm_country>美國</bm_country>
            <bm_agency/>
            <bm_cont_text>透過參與國際組織會議，瞭解各國觀護制度、社區處遇及中間性處遇之現況，以助於促進國際交流關係，並作為我國未來擬訂相關政策與處遇之參考。</bm_cont_text>
            <bm_durationfrom>10405</bm_durationfrom>
            <bm_durationto>10405</bm_durationto>
            <bm_days>7</bm_days>
            <bm_persons>2</bm_persons>
            <bm_amt_trans>120000.00</bm_amt_trans>
            <bm_amt_life>87000.00</bm_amt_life>
            <bm_amt_public>53000.00</bm_amt_public>
            <bm_amt_books>0.00</bm_amt_books>
            <bm_amt_flight>0.00</bm_amt_flight>
            <bm_versiondate/>
        </BCTDOUTGO_row>
        <BCTDOUTGO_row>
            <bm_fiscalyear>104</bm_fiscalyear>
            <bm_fundkind>1</bm_fundkind>
            <bm_budgetkind>1</bm_budgetkind>
            <bm_specialbudgetno/>
            <bm_agenno>23001</bm_agenno>
            <bm_agentype>C</bm_agentype>
            <bm_budgetstate>2</bm_budgetstate>
            <bm_abroadplan>1</bm_abroadplan>
            <bm_projtype>3 </bm_projtype>
            <bm_projno>14</bm_projno>
            <bm_abroadplanname>參加對美司法互助諮商</bm_abroadplanname>
            <bm_visitsts>0</bm_visitsts>
            <bm_visitexplain/>
            <bm_dispatchstaffs>0</bm_dispatchstaffs>
            <bm_abroadsite1/>
            <bm_abroadsite2/>
            <bm_abroadsite3/>
            <bm_abroadperiod1/>
            <bm_abroadperiodto1/>
            <bm_abroadperiod2>0    </bm_abroadperiod2>
            <bm_abroadperiodto2>0    </bm_abroadperiodto2>
            <bm_abroadperiod3/>
            <bm_abroadperiodto3/>
            <bm_abroadstaffs1>0</bm_abroadstaffs1>
            <bm_abroadstaffs2>0</bm_abroadstaffs2>
            <bm_abroadstaffs3>0</bm_abroadstaffs3>
            <bm_abroadallowance1>0.00</bm_abroadallowance1>
            <bm_abroadallowance2>175.00</bm_abroadallowance2>
            <bm_abroadallowance3>0.00</bm_abroadallowance3>
            <bm_budgetno>35230011400</bm_budgetno>
            <bm_regionno>84</bm_regionno>
            <bm_country>美國</bm_country>
            <bm_agency/>
            <bm_cont_text>促進我國與美國間之刑事司法互助，以共同打擊犯罪。</bm_cont_text>
            <bm_durationfrom>10409</bm_durationfrom>
            <bm_durationto>10410</bm_durationto>
            <bm_days>8</bm_days>
            <bm_persons>3</bm_persons>
            <bm_amt_trans>105000.00</bm_amt_trans>
            <bm_amt_life>131000.00</bm_amt_life>
            <bm_amt_public>5000.00</bm_amt_public>
            <bm_amt_books>0.00</bm_amt_books>
            <bm_amt_flight>0.00</bm_amt_flight>
            <bm_versiondate/>
        </BCTDOUTGO_row>
        <BCTDOUTGO_row>
            <bm_fiscalyear>104</bm_fiscalyear>
            <bm_fundkind>1</bm_fundkind>
            <bm_budgetkind>1</bm_budgetkind>
            <bm_specialbudgetno/>
            <bm_agenno>23001</bm_agenno>
            <bm_agentype>C</bm_agentype>
            <bm_budgetstate>2</bm_budgetstate>
            <bm_abroadplan>1</bm_abroadplan>
            <bm_projtype>3 </bm_projtype>
            <bm_projno>15</bm_projno>
            <bm_abroadplanname>參加對越南之司法互助諮商</bm_abroadplanname>
            <bm_visitsts>0</bm_visitsts>
            <bm_visitexplain/>
            <bm_dispatchstaffs>0</bm_dispatchstaffs>
            <bm_abroadsite1>越南</bm_abroadsite1>
            <bm_abroadsite2/>
            <bm_abroadsite3/>
            <bm_abroadperiod1>10103</bm_abroadperiod1>
            <bm_abroadperiodto1>10103</bm_abroadperiodto1>
            <bm_abroadperiod2/>
            <bm_abroadperiodto2/>
            <bm_abroadperiod3/>
            <bm_abroadperiodto3/>
            <bm_abroadstaffs1>4</bm_abroadstaffs1>
            <bm_abroadstaffs2>0</bm_abroadstaffs2>
            <bm_abroadstaffs3>0</bm_abroadstaffs3>
            <bm_abroadallowance1>100000.00</bm_abroadallowance1>
            <bm_abroadallowance2>0.00</bm_abroadallowance2>
            <bm_abroadallowance3>0.00</bm_abroadallowance3>
            <bm_budgetno>35230011400</bm_budgetno>
            <bm_regionno>84</bm_regionno>
            <bm_country>越南</bm_country>
            <bm_agency/>
            <bm_cont_text>促進我國與越南間之刑事司法互助，以共同打擊犯罪。</bm_cont_text>
            <bm_durationfrom>10409</bm_durationfrom>
            <bm_durationto>10410</bm_durationto>
            <bm_days>5</bm_days>
            <bm_persons>3</bm_persons>
            <bm_amt_trans>30000.00</bm_amt_trans>
            <bm_amt_life>58000.00</bm_amt_life>
            <bm_amt_public>0.00</bm_amt_public>
            <bm_amt_books>0.00</bm_amt_books>
            <bm_amt_flight>0.00</bm_amt_flight>
            <bm_versiondate/>
        </BCTDOUTGO_row>
        <BCTDOUTGO_row>
            <bm_fiscalyear>104</bm_fiscalyear>
            <bm_fundkind>1</bm_fundkind>
            <bm_budgetkind>1</bm_budgetkind>
            <bm_specialbudgetno/>
            <bm_agenno>23001</bm_agenno>
            <bm_agentype>C</bm_agentype>
            <bm_budgetstate>2</bm_budgetstate>
            <bm_abroadplan>1</bm_abroadplan>
            <bm_projtype>3 </bm_projtype>
            <bm_projno>16</bm_projno>
            <bm_abroadplanname>參加國際組織會議</bm_abroadplanname>
            <bm_visitsts>0</bm_visitsts>
            <bm_visitexplain/>
            <bm_dispatchstaffs>0</bm_dispatchstaffs>
            <bm_abroadsite1/>
            <bm_abroadsite2/>
            <bm_abroadsite3/>
            <bm_abroadperiod1/>
            <bm_abroadperiodto1/>
            <bm_abroadperiod2/>
            <bm_abroadperiodto2/>
            <bm_abroadperiod3/>
            <bm_abroadperiodto3/>
            <bm_abroadstaffs1>0</bm_abroadstaffs1>
            <bm_abroadstaffs2>0</bm_abroadstaffs2>
            <bm_abroadstaffs3>0</bm_abroadstaffs3>
            <bm_abroadallowance1>0.00</bm_abroadallowance1>
            <bm_abroadallowance2>0.00</bm_abroadallowance2>
            <bm_abroadallowance3>0.00</bm_abroadallowance3>
            <bm_budgetno>35230011400</bm_budgetno>
            <bm_regionno>91</bm_regionno>
            <bm_country>未定</bm_country>
            <bm_agency/>
            <bm_cont_text>參加國際組織會議，例如追討犯罪所得、國土安全會議、洗錢防制組織、國際檢察官組織相關會議。</bm_cont_text>
            <bm_durationfrom>10401</bm_durationfrom>
            <bm_durationto>10412</bm_durationto>
            <bm_days>7</bm_days>
            <bm_persons>5</bm_persons>
            <bm_amt_trans>250000.00</bm_amt_trans>
            <bm_amt_life>236000.00</bm_amt_life>
            <bm_amt_public>50000.00</bm_amt_public>
            <bm_amt_books>0.00</bm_amt_books>
            <bm_amt_flight>0.00</bm_amt_flight>
            <bm_versiondate/>
        </BCTDOUTGO_row>
        <BCTDOUTGO_row>
            <bm_fiscalyear>104</bm_fiscalyear>
            <bm_fundkind>1</bm_fundkind>
            <bm_budgetkind>1</bm_budgetkind>
            <bm_specialbudgetno/>
            <bm_agenno>23001</bm_agenno>
            <bm_agentype>C</bm_agentype>
            <bm_budgetstate>2</bm_budgetstate>
            <bm_abroadplan>1</bm_abroadplan>
            <bm_projtype>3 </bm_projtype>
            <bm_projno>17</bm_projno>
            <bm_abroadplanname>司法互助拓展訪問</bm_abroadplanname>
            <bm_visitsts/>
            <bm_visitexplain/>
            <bm_dispatchstaffs>0</bm_dispatchstaffs>
            <bm_abroadsite1/>
            <bm_abroadsite2/>
            <bm_abroadsite3/>
            <bm_abroadperiod1/>
            <bm_abroadperiodto1/>
            <bm_abroadperiod2/>
            <bm_abroadperiodto2/>
            <bm_abroadperiod3/>
            <bm_abroadperiodto3/>
            <bm_abroadstaffs1>0</bm_abroadstaffs1>
            <bm_abroadstaffs2>0</bm_abroadstaffs2>
            <bm_abroadstaffs3>0</bm_abroadstaffs3>
            <bm_abroadallowance1>0.00</bm_abroadallowance1>
            <bm_abroadallowance2>0.00</bm_abroadallowance2>
            <bm_abroadallowance3>0.00</bm_abroadallowance3>
            <bm_budgetno>35230011400</bm_budgetno>
            <bm_regionno>91</bm_regionno>
            <bm_country>美洲</bm_country>
            <bm_agency/>
            <bm_cont_text>為宣揚我國司法進步及打擊犯罪現況，進而提升我國國際形象，並藉出席會議及接觸與會人員，以建立司法合作關係途徑，並協助我國實質外交進展。</bm_cont_text>
            <bm_durationfrom>10401</bm_durationfrom>
            <bm_durationto>10412</bm_durationto>
            <bm_days>10</bm_days>
            <bm_persons>4</bm_persons>
            <bm_amt_trans>440000.00</bm_amt_trans>
            <bm_amt_life>224000.00</bm_amt_life>
            <bm_amt_public>22000.00</bm_amt_public>
            <bm_amt_books>0.00</bm_amt_books>
            <bm_amt_flight>0.00</bm_amt_flight>
            <bm_versiondate/>
        </BCTDOUTGO_row>
        <BCTDOUTGO_row>
            <bm_fiscalyear>104</bm_fiscalyear>
            <bm_fundkind>1</bm_fundkind>
            <bm_budgetkind>1</bm_budgetkind>
            <bm_specialbudgetno/>
            <bm_agenno>23001</bm_agenno>
            <bm_agentype>C</bm_agentype>
            <bm_budgetstate>2</bm_budgetstate>
            <bm_abroadplan>1</bm_abroadplan>
            <bm_projtype>6 </bm_projtype>
            <bm_projno>18</bm_projno>
            <bm_abroadplanname>參加司法互助、引渡或遣送受刑人條約或協定談判(一)</bm_abroadplanname>
            <bm_visitsts>0</bm_visitsts>
            <bm_visitexplain/>
            <bm_dispatchstaffs>0</bm_dispatchstaffs>
            <bm_abroadsite1/>
            <bm_abroadsite2/>
            <bm_abroadsite3/>
            <bm_abroadperiod1/>
            <bm_abroadperiodto1/>
            <bm_abroadperiod2/>
            <bm_abroadperiodto2/>
            <bm_abroadperiod3/>
            <bm_abroadperiodto3/>
            <bm_abroadstaffs1>0</bm_abroadstaffs1>
            <bm_abroadstaffs2>0</bm_abroadstaffs2>
            <bm_abroadstaffs3>0</bm_abroadstaffs3>
            <bm_abroadallowance1>0.00</bm_abroadallowance1>
            <bm_abroadallowance2>0.00</bm_abroadallowance2>
            <bm_abroadallowance3>0.00</bm_abroadallowance3>
            <bm_budgetno>35230011400</bm_budgetno>
            <bm_regionno>84</bm_regionno>
            <bm_country>非洲</bm_country>
            <bm_agency/>
            <bm_cont_text>與其他國家建立司法互助及共同打擊犯罪之機制，拓展外交空間，持續推動相關條約及協定之簽署工作。</bm_cont_text>
            <bm_durationfrom>10401</bm_durationfrom>
            <bm_durationto>10412</bm_durationto>
            <bm_days>7</bm_days>
            <bm_persons>2</bm_persons>
            <bm_amt_trans>104000.00</bm_amt_trans>
            <bm_amt_life>76000.00</bm_amt_life>
            <bm_amt_public>4000.00</bm_amt_public>
            <bm_amt_books>0.00</bm_amt_books>
            <bm_amt_flight>0.00</bm_amt_flight>
            <bm_versiondate/>
        </BCTDOUTGO_row>
        <BCTDOUTGO_row>
            <bm_fiscalyear>104</bm_fiscalyear>
            <bm_fundkind>1</bm_fundkind>
            <bm_budgetkind>1</bm_budgetkind>
            <bm_specialbudgetno/>
            <bm_agenno>23001</bm_agenno>
            <bm_agentype>C</bm_agentype>
            <bm_budgetstate>2</bm_budgetstate>
            <bm_abroadplan>1</bm_abroadplan>
            <bm_projtype>6 </bm_projtype>
            <bm_projno>19</bm_projno>
            <bm_abroadplanname>參加司法互助、引渡或遣送受刑人條約或協定談判(二)</bm_abroadplanname>
            <bm_visitsts/>
            <bm_visitexplain/>
            <bm_dispatchstaffs>0</bm_dispatchstaffs>
            <bm_abroadsite1/>
            <bm_abroadsite2/>
            <bm_abroadsite3/>
            <bm_abroadperiod1/>
            <bm_abroadperiodto1/>
            <bm_abroadperiod2/>
            <bm_abroadperiodto2/>
            <bm_abroadperiod3/>
            <bm_abroadperiodto3/>
            <bm_abroadstaffs1>0</bm_abroadstaffs1>
            <bm_abroadstaffs2>0</bm_abroadstaffs2>
            <bm_abroadstaffs3>0</bm_abroadstaffs3>
            <bm_abroadallowance1>0.00</bm_abroadallowance1>
            <bm_abroadallowance2>0.00</bm_abroadallowance2>
            <bm_abroadallowance3>0.00</bm_abroadallowance3>
            <bm_budgetno>35230011400</bm_budgetno>
            <bm_regionno>84</bm_regionno>
            <bm_country>北美洲</bm_country>
            <bm_agency/>
            <bm_cont_text>與其他國家建立司法互助及共同打擊犯罪之機制，拓展外交空間，持續推動相關條約及協定之簽署工作。</bm_cont_text>
            <bm_durationfrom/>
            <bm_durationto>10412</bm_durationto>
            <bm_days>6</bm_days>
            <bm_persons>2</bm_persons>
            <bm_amt_trans>100000.00</bm_amt_trans>
            <bm_amt_life>76000.00</bm_amt_life>
            <bm_amt_public>11000.00</bm_amt_public>
            <bm_amt_books>0.00</bm_amt_books>
            <bm_amt_flight>0.00</bm_amt_flight>
            <bm_versiondate/>
        </BCTDOUTGO_row>
        <BCTDOUTGO_row>
            <bm_fiscalyear>104</bm_fiscalyear>
            <bm_fundkind>1</bm_fundkind>
            <bm_budgetkind>1</bm_budgetkind>
            <bm_specialbudgetno/>
            <bm_agenno>23001</bm_agenno>
            <bm_agentype>C</bm_agentype>
            <bm_budgetstate>2</bm_budgetstate>
            <bm_abroadplan>1</bm_abroadplan>
            <bm_projtype>6 </bm_projtype>
            <bm_projno>20</bm_projno>
            <bm_abroadplanname>參加司法互助、引渡或遣送受刑人條約或協定談判(三)</bm_abroadplanname>
            <bm_visitsts/>
            <bm_visitexplain/>
            <bm_dispatchstaffs>0</bm_dispatchstaffs>
            <bm_abroadsite1/>
            <bm_abroadsite2/>
            <bm_abroadsite3/>
            <bm_abroadperiod1/>
            <bm_abroadperiodto1/>
            <bm_abroadperiod2/>
            <bm_abroadperiodto2/>
            <bm_abroadperiod3/>
            <bm_abroadperiodto3/>
            <bm_abroadstaffs1>0</bm_abroadstaffs1>
            <bm_abroadstaffs2>0</bm_abroadstaffs2>
            <bm_abroadstaffs3>0</bm_abroadstaffs3>
            <bm_abroadallowance1>0.00</bm_abroadallowance1>
            <bm_abroadallowance2>0.00</bm_abroadallowance2>
            <bm_abroadallowance3>0.00</bm_abroadallowance3>
            <bm_budgetno>35230011400</bm_budgetno>
            <bm_regionno>84</bm_regionno>
            <bm_country>東南亞</bm_country>
            <bm_agency/>
            <bm_cont_text>與其他國家建立司法互助及共同打擊犯罪之機制，拓展外交空間，持續推動相關條約及協定之簽署工作。</bm_cont_text>
            <bm_durationfrom>10401</bm_durationfrom>
            <bm_durationto>10412</bm_durationto>
            <bm_days>5</bm_days>
            <bm_persons>2</bm_persons>
            <bm_amt_trans>40000.00</bm_amt_trans>
            <bm_amt_life>38000.00</bm_amt_life>
            <bm_amt_public>0.00</bm_amt_public>
            <bm_amt_books>0.00</bm_amt_books>
            <bm_amt_flight>0.00</bm_amt_flight>
            <bm_versiondate/>
        </BCTDOUTGO_row>
        <BCTDOUTGO_row>
            <bm_fiscalyear>104</bm_fiscalyear>
            <bm_fundkind>1</bm_fundkind>
            <bm_budgetkind>1</bm_budgetkind>
            <bm_specialbudgetno/>
            <bm_agenno>23001</bm_agenno>
            <bm_agentype>C</bm_agentype>
            <bm_budgetstate>2</bm_budgetstate>
            <bm_abroadplan>1</bm_abroadplan>
            <bm_projtype>6 </bm_projtype>
            <bm_projno>21</bm_projno>
            <bm_abroadplanname>參加司法互助、引渡或遣送受刑人條約或協定談判(四)</bm_abroadplanname>
            <bm_visitsts/>
            <bm_visitexplain/>
            <bm_dispatchstaffs>0</bm_dispatchstaffs>
            <bm_abroadsite1/>
            <bm_abroadsite2/>
            <bm_abroadsite3/>
            <bm_abroadperiod1/>
            <bm_abroadperiodto1/>
            <bm_abroadperiod2/>
            <bm_abroadperiodto2/>
            <bm_abroadperiod3/>
            <bm_abroadperiodto3/>
            <bm_abroadstaffs1>0</bm_abroadstaffs1>
            <bm_abroadstaffs2>0</bm_abroadstaffs2>
            <bm_abroadstaffs3>0</bm_abroadstaffs3>
            <bm_abroadallowance1>0.00</bm_abroadallowance1>
            <bm_abroadallowance2>0.00</bm_abroadallowance2>
            <bm_abroadallowance3>0.00</bm_abroadallowance3>
            <bm_budgetno>35230011400</bm_budgetno>
            <bm_regionno>84</bm_regionno>
            <bm_country>東亞</bm_country>
            <bm_agency/>
            <bm_cont_text>與其他國家建立司法互助及共同打擊犯罪之機制，拓展外交空間，持續推動相關條約及協定之簽署工作。</bm_cont_text>
            <bm_durationfrom>10401</bm_durationfrom>
            <bm_durationto>10412</bm_durationto>
            <bm_days>5</bm_days>
            <bm_persons>4</bm_persons>
            <bm_amt_trans>60000.00</bm_amt_trans>
            <bm_amt_life>100000.00</bm_amt_life>
            <bm_amt_public>0.00</bm_amt_public>
            <bm_amt_books>0.00</bm_amt_books>
            <bm_amt_flight>0.00</bm_amt_flight>
            <bm_versiondate/>
        </BCTDOUTGO_row>
        <BCTDOUTGO_row>
            <bm_fiscalyear>104</bm_fiscalyear>
            <bm_fundkind>1</bm_fundkind>
            <bm_budgetkind>1</bm_budgetkind>
            <bm_specialbudgetno/>
            <bm_agenno>23001</bm_agenno>
            <bm_agentype>C</bm_agentype>
            <bm_budgetstate>2</bm_budgetstate>
            <bm_abroadplan>1</bm_abroadplan>
            <bm_projtype>6 </bm_projtype>
            <bm_projno>22</bm_projno>
            <bm_abroadplanname>辦理與東南亞地區某國之接收受刑人工作</bm_abroadplanname>
            <bm_visitsts/>
            <bm_visitexplain/>
            <bm_dispatchstaffs>0</bm_dispatchstaffs>
            <bm_abroadsite1/>
            <bm_abroadsite2/>
            <bm_abroadsite3/>
            <bm_abroadperiod1/>
            <bm_abroadperiodto1/>
            <bm_abroadperiod2/>
            <bm_abroadperiodto2/>
            <bm_abroadperiod3/>
            <bm_abroadperiodto3/>
            <bm_abroadstaffs1>0</bm_abroadstaffs1>
            <bm_abroadstaffs2>0</bm_abroadstaffs2>
            <bm_abroadstaffs3>0</bm_abroadstaffs3>
            <bm_abroadallowance1>0.00</bm_abroadallowance1>
            <bm_abroadallowance2>0.00</bm_abroadallowance2>
            <bm_abroadallowance3>0.00</bm_abroadallowance3>
            <bm_budgetno>35230011400</bm_budgetno>
            <bm_regionno>84</bm_regionno>
            <bm_country>東南亞</bm_country>
            <bm_agency/>
            <bm_cont_text>跨國移交受刑人法公布實施後，與各國推動移交受刑人必須透過個別雙邊協商進行。</bm_cont_text>
            <bm_durationfrom>10401</bm_durationfrom>
            <bm_durationto>10412</bm_durationto>
            <bm_days>3</bm_days>
            <bm_persons>1</bm_persons>
            <bm_amt_trans>30000.00</bm_amt_trans>
            <bm_amt_life>14000.00</bm_amt_life>
            <bm_amt_public>6000.00</bm_amt_public>
            <bm_amt_books>0.00</bm_amt_books>
            <bm_amt_flight>0.00</bm_amt_flight>
            <bm_versiondate/>
        </BCTDOUTGO_row>
    </BCTDOUTGO>
</tables>
