<?xml version="1.0" encoding="UTF-8"?>
<tables>
    <BCTDYEARPLAN>
        <BCTDYEARPLAN_row>
            <b06_fiscalyear>104</b06_fiscalyear>
            <b06_fundkind>1</b06_fundkind>
            <b06_budgetkind>1         </b06_budgetkind>
            <b06_specialbudgetno/>
            <b06_agenno>23001     </b06_agenno>
            <b06_agentype>C         </b06_agentype>
            <b06_budgetstate>2</b06_budgetstate>
            <b06_planno>1</b06_planno>
            <b06_planname>法務部個人電腦及週邊設備新增汰換計畫</b06_planname>
            <b06_startyear>97</b06_startyear>
            <b06_endyear>105</b06_endyear>
            <b06_budgetamt>498910000.00</b06_budgetamt>
            <b06_amt1>152267000.00</b06_amt1>
            <b06_amt2>48670000.00</b06_amt2>
            <b06_amt3>31760000.00</b06_amt3>
            <b06_amt4>266213000.00</b06_amt4>
            <b06_memo>行政院93年10月4日院臺法字第0930042724號函核定。</b06_memo>
            <b06_upduserno/>
            <b06_upddatetime/>
            <b06_versiondate/>
            <b06_amt1_display>1.522670000000</b06_amt1_display>
            <b06_amt2_display>0.486700000000</b06_amt2_display>
            <b06_amt3_display>0.317600000000</b06_amt3_display>
            <b06_amt4_display>2.662130000000</b06_amt4_display>
            <b06_budgetamt_display>4.989100000000</b06_budgetamt_display>
        </BCTDYEARPLAN_row>
        <BCTDYEARPLAN_row>
            <b06_fiscalyear>104</b06_fiscalyear>
            <b06_fundkind>1</b06_fundkind>
            <b06_budgetkind>1         </b06_budgetkind>
            <b06_specialbudgetno/>
            <b06_agenno>23001     </b06_agenno>
            <b06_agentype>C         </b06_agentype>
            <b06_budgetstate>2</b06_budgetstate>
            <b06_planno>2</b06_planno>
            <b06_planname>法務部及所屬機關伺服器、儲存設備、網路及資訊安全設備效能提升計畫</b06_planname>
            <b06_startyear>104</b06_startyear>
            <b06_endyear>106</b06_endyear>
            <b06_budgetamt>95760000.00</b06_budgetamt>
            <b06_amt1>0.00</b06_amt1>
            <b06_amt2>0.00</b06_amt2>
            <b06_amt3>40174000.00</b06_amt3>
            <b06_amt4>55586000.00</b06_amt4>
            <b06_memo>國家發展委員會103年6月4日發資字第1031500517號函核定。</b06_memo>
            <b06_upduserno/>
            <b06_upddatetime/>
            <b06_versiondate/>
            <b06_amt1_display>0E-12</b06_amt1_display>
            <b06_amt2_display>0E-12</b06_amt2_display>
            <b06_amt3_display>0.401740000000</b06_amt3_display>
            <b06_amt4_display>0.555860000000</b06_amt4_display>
            <b06_budgetamt_display>0.957600000000</b06_budgetamt_display>
        </BCTDYEARPLAN_row>
        <BCTDYEARPLAN_row>
            <b06_fiscalyear>104</b06_fiscalyear>
            <b06_fundkind>1</b06_fundkind>
            <b06_budgetkind>1         </b06_budgetkind>
            <b06_specialbudgetno/>
            <b06_agenno>23001     </b06_agenno>
            <b06_agentype>C         </b06_agentype>
            <b06_budgetstate>2</b06_budgetstate>
            <b06_planno>3</b06_planno>
            <b06_planname>法務部及所屬機關應用系統功能強化計畫</b06_planname>
            <b06_startyear>104</b06_startyear>
            <b06_endyear>106</b06_endyear>
            <b06_budgetamt>61240000.00</b06_budgetamt>
            <b06_amt1>0.00</b06_amt1>
            <b06_amt2>0.00</b06_amt2>
            <b06_amt3>19000000.00</b06_amt3>
            <b06_amt4>42240000.00</b06_amt4>
            <b06_memo>國家發展委員會103年6月4日發資字第1031500517號函核定。</b06_memo>
            <b06_upduserno/>
            <b06_upddatetime/>
            <b06_versiondate/>
            <b06_amt1_display>0E-12</b06_amt1_display>
            <b06_amt2_display>0E-12</b06_amt2_display>
            <b06_amt3_display>0.190000000000</b06_amt3_display>
            <b06_amt4_display>0.422400000000</b06_amt4_display>
            <b06_budgetamt_display>0.612400000000</b06_budgetamt_display>
        </BCTDYEARPLAN_row>
        <BCTDYEARPLAN_row>
            <b06_fiscalyear>104</b06_fiscalyear>
            <b06_fundkind>1</b06_fundkind>
            <b06_budgetkind>1         </b06_budgetkind>
            <b06_specialbudgetno/>
            <b06_agenno>23001     </b06_agenno>
            <b06_agentype>C         </b06_agentype>
            <b06_budgetstate>2</b06_budgetstate>
            <b06_planno>4</b06_planno>
            <b06_planname>檢察、矯正、廉政資料庫整合提升計畫</b06_planname>
            <b06_startyear>102</b06_startyear>
            <b06_endyear>105</b06_endyear>
            <b06_budgetamt>330000000.00</b06_budgetamt>
            <b06_amt1>60800000.00</b06_amt1>
            <b06_amt2>77937000.00</b06_amt2>
            <b06_amt3>79951000.00</b06_amt3>
            <b06_amt4>111312000.00</b06_amt4>
            <b06_memo>&amp;lt;#H1&amp;gt;行政院102年1月7日院臺綜字第1010083053號函核定。&#xd;
&amp;lt;#H1&amp;gt;本計畫104年度預算分別編列於「一般行政」科目0.06億元及「其他設備」科目0.74億元。</b06_memo>
            <b06_upduserno/>
            <b06_upddatetime/>
            <b06_versiondate/>
            <b06_amt1_display>0.608000000000</b06_amt1_display>
            <b06_amt2_display>0.779370000000</b06_amt2_display>
            <b06_amt3_display>0.799510000000</b06_amt3_display>
            <b06_amt4_display>1.113120000000</b06_amt4_display>
            <b06_budgetamt_display>3.300000000000</b06_budgetamt_display>
        </BCTDYEARPLAN_row>
    </BCTDYEARPLAN>
</tables>
