<?xml version="1.0" encoding="UTF-8"?>
<tables>
    <BCME3450>
        <BCME3450_row>
            <objectNo>合計</objectNo>
            <budgetno_3523010100>574456.00</budgetno_3523010100>
            <budgetno_7523012000>65000.00</budgetno_7523012000>
            <budgetno_3523011400>341821.00</budgetno_3523011400>
            <budgetno_5223015000>8430.00</budgetno_5223015000>
            <budgetno_3523018110>544266.00</budgetno_3523018110>
            <budgetno_3523019019>165288.00</budgetno_3523019019>
            <budgetno_8923013000>45546.00</budgetno_8923013000>
            <budgetno_3523019800>6930.00</budgetno_3523019800>
            <total>1751737.00</total>
        </BCME3450_row>
        <BCME3450_row>
            <objectNo>0100 人事費</objectNo>
            <budgetno_3523010100>402017.00</budgetno_3523010100>
            <budgetno_7523012000>65000.00</budgetno_7523012000>
            <budgetno_3523011400/>
            <budgetno_5223015000/>
            <budgetno_3523018110/>
            <budgetno_3523019019/>
            <budgetno_8923013000/>
            <budgetno_3523019800/>
            <total>467017.00</total>
        </BCME3450_row>
        <BCME3450_row>
            <objectNo>  0102 政務人員待遇</objectNo>
            <budgetno_3523010100>7492.00</budgetno_3523010100>
            <budgetno_7523012000/>
            <budgetno_3523011400/>
            <budgetno_5223015000/>
            <budgetno_3523018110/>
            <budgetno_3523019019/>
            <budgetno_8923013000/>
            <budgetno_3523019800/>
            <total>7492.00</total>
        </BCME3450_row>
        <BCME3450_row>
            <objectNo>  0103 法定編制人員待遇</objectNo>
            <budgetno_3523010100>243782.00</budgetno_3523010100>
            <budgetno_7523012000/>
            <budgetno_3523011400/>
            <budgetno_5223015000/>
            <budgetno_3523018110/>
            <budgetno_3523019019/>
            <budgetno_8923013000/>
            <budgetno_3523019800/>
            <total>243782.00</total>
        </BCME3450_row>
        <BCME3450_row>
            <objectNo>  0104 約聘僱人員待遇</objectNo>
            <budgetno_3523010100>16106.00</budgetno_3523010100>
            <budgetno_7523012000/>
            <budgetno_3523011400/>
            <budgetno_5223015000/>
            <budgetno_3523018110/>
            <budgetno_3523019019/>
            <budgetno_8923013000/>
            <budgetno_3523019800/>
            <total>16106.00</total>
        </BCME3450_row>
        <BCME3450_row>
            <objectNo>  0105 技工及工友待遇</objectNo>
            <budgetno_3523010100>9261.00</budgetno_3523010100>
            <budgetno_7523012000/>
            <budgetno_3523011400/>
            <budgetno_5223015000/>
            <budgetno_3523018110/>
            <budgetno_3523019019/>
            <budgetno_8923013000/>
            <budgetno_3523019800/>
            <total>9261.00</total>
        </BCME3450_row>
        <BCME3450_row>
            <objectNo>  0111 獎金</objectNo>
            <budgetno_3523010100>60538.00</budgetno_3523010100>
            <budgetno_7523012000/>
            <budgetno_3523011400/>
            <budgetno_5223015000/>
            <budgetno_3523018110/>
            <budgetno_3523019019/>
            <budgetno_8923013000/>
            <budgetno_3523019800/>
            <total>60538.00</total>
        </BCME3450_row>
        <BCME3450_row>
            <objectNo>  0121 其他給與</objectNo>
            <budgetno_3523010100>3535.00</budgetno_3523010100>
            <budgetno_7523012000/>
            <budgetno_3523011400/>
            <budgetno_5223015000/>
            <budgetno_3523018110/>
            <budgetno_3523019019/>
            <budgetno_8923013000/>
            <budgetno_3523019800/>
            <total>3535.00</total>
        </BCME3450_row>
        <BCME3450_row>
            <objectNo>  0131 加班值班費</objectNo>
            <budgetno_3523010100>18671.00</budgetno_3523010100>
            <budgetno_7523012000/>
            <budgetno_3523011400/>
            <budgetno_5223015000/>
            <budgetno_3523018110/>
            <budgetno_3523019019/>
            <budgetno_8923013000/>
            <budgetno_3523019800/>
            <total>18671.00</total>
        </BCME3450_row>
        <BCME3450_row>
            <objectNo>  0142 退休退職給付</objectNo>
            <budgetno_3523010100/>
            <budgetno_7523012000>65000.00</budgetno_7523012000>
            <budgetno_3523011400/>
            <budgetno_5223015000/>
            <budgetno_3523018110/>
            <budgetno_3523019019/>
            <budgetno_8923013000/>
            <budgetno_3523019800/>
            <total>65000.00</total>
        </BCME3450_row>
        <BCME3450_row>
            <objectNo>  0143 退休離職儲金</objectNo>
            <budgetno_3523010100>18566.00</budgetno_3523010100>
            <budgetno_7523012000/>
            <budgetno_3523011400/>
            <budgetno_5223015000/>
            <budgetno_3523018110/>
            <budgetno_3523019019/>
            <budgetno_8923013000/>
            <budgetno_3523019800/>
            <total>18566.00</total>
        </BCME3450_row>
        <BCME3450_row>
            <objectNo>  0151 保險</objectNo>
            <budgetno_3523010100>24066.00</budgetno_3523010100>
            <budgetno_7523012000/>
            <budgetno_3523011400/>
            <budgetno_5223015000/>
            <budgetno_3523018110/>
            <budgetno_3523019019/>
            <budgetno_8923013000/>
            <budgetno_3523019800/>
            <total>24066.00</total>
        </BCME3450_row>
        <BCME3450_row>
            <objectNo>0200 業務費</objectNo>
            <budgetno_3523010100>140822.00</budgetno_3523010100>
            <budgetno_7523012000/>
            <budgetno_3523011400>172661.00</budgetno_3523011400>
            <budgetno_5223015000>560.00</budgetno_5223015000>
            <budgetno_3523018110/>
            <budgetno_3523019019/>
            <budgetno_8923013000/>
            <budgetno_3523019800/>
            <total>314043.00</total>
        </BCME3450_row>
        <BCME3450_row>
            <objectNo>  0201 教育訓練費</objectNo>
            <budgetno_3523010100>680.00</budgetno_3523010100>
            <budgetno_7523012000/>
            <budgetno_3523011400>847.00</budgetno_3523011400>
            <budgetno_5223015000>560.00</budgetno_5223015000>
            <budgetno_3523018110/>
            <budgetno_3523019019/>
            <budgetno_8923013000/>
            <budgetno_3523019800/>
            <total>2087.00</total>
        </BCME3450_row>
        <BCME3450_row>
            <objectNo>  0202 水電費</objectNo>
            <budgetno_3523010100>10315.00</budgetno_3523010100>
            <budgetno_7523012000/>
            <budgetno_3523011400/>
            <budgetno_5223015000/>
            <budgetno_3523018110/>
            <budgetno_3523019019/>
            <budgetno_8923013000/>
            <budgetno_3523019800/>
            <total>10315.00</total>
        </BCME3450_row>
        <BCME3450_row>
            <objectNo>  0203 通訊費</objectNo>
            <budgetno_3523010100>11080.00</budgetno_3523010100>
            <budgetno_7523012000/>
            <budgetno_3523011400>280.00</budgetno_3523011400>
            <budgetno_5223015000/>
            <budgetno_3523018110/>
            <budgetno_3523019019/>
            <budgetno_8923013000/>
            <budgetno_3523019800/>
            <total>11360.00</total>
        </BCME3450_row>
        <BCME3450_row>
            <objectNo>  0215 資訊服務費</objectNo>
            <budgetno_3523010100>41985.00</budgetno_3523010100>
            <budgetno_7523012000/>
            <budgetno_3523011400/>
            <budgetno_5223015000/>
            <budgetno_3523018110/>
            <budgetno_3523019019/>
            <budgetno_8923013000/>
            <budgetno_3523019800/>
            <total>41985.00</total>
        </BCME3450_row>
        <BCME3450_row>
            <objectNo>  0219 其他業務租金</objectNo>
            <budgetno_3523010100>978.00</budgetno_3523010100>
            <budgetno_7523012000/>
            <budgetno_3523011400>3000.00</budgetno_3523011400>
            <budgetno_5223015000/>
            <budgetno_3523018110/>
            <budgetno_3523019019/>
            <budgetno_8923013000/>
            <budgetno_3523019800/>
            <total>3978.00</total>
        </BCME3450_row>
        <BCME3450_row>
            <objectNo>  0221 稅捐及規費</objectNo>
            <budgetno_3523010100>228.00</budgetno_3523010100>
            <budgetno_7523012000/>
            <budgetno_3523011400/>
            <budgetno_5223015000/>
            <budgetno_3523018110/>
            <budgetno_3523019019/>
            <budgetno_8923013000/>
            <budgetno_3523019800/>
            <total>228.00</total>
        </BCME3450_row>
        <BCME3450_row>
            <objectNo>  0231 保險費</objectNo>
            <budgetno_3523010100>194.00</budgetno_3523010100>
            <budgetno_7523012000/>
            <budgetno_3523011400>8100.00</budgetno_3523011400>
            <budgetno_5223015000/>
            <budgetno_3523018110/>
            <budgetno_3523019019/>
            <budgetno_8923013000/>
            <budgetno_3523019800/>
            <total>8294.00</total>
        </BCME3450_row>
        <BCME3450_row>
            <objectNo>  0250 按日按件計資酬金</objectNo>
            <budgetno_3523010100>2868.00</budgetno_3523010100>
            <budgetno_7523012000/>
            <budgetno_3523011400>3037.00</budgetno_3523011400>
            <budgetno_5223015000/>
            <budgetno_3523018110/>
            <budgetno_3523019019/>
            <budgetno_8923013000/>
            <budgetno_3523019800/>
            <total>5905.00</total>
        </BCME3450_row>
        <BCME3450_row>
            <objectNo>  0251 委辦費</objectNo>
            <budgetno_3523010100>2400.00</budgetno_3523010100>
            <budgetno_7523012000/>
            <budgetno_3523011400/>
            <budgetno_5223015000/>
            <budgetno_3523018110/>
            <budgetno_3523019019/>
            <budgetno_8923013000/>
            <budgetno_3523019800/>
            <total>2400.00</total>
        </BCME3450_row>
        <BCME3450_row>
            <objectNo>  0261 國際組織會費</objectNo>
            <budgetno_3523010100/>
            <budgetno_7523012000/>
            <budgetno_3523011400>1500.00</budgetno_3523011400>
            <budgetno_5223015000/>
            <budgetno_3523018110/>
            <budgetno_3523019019/>
            <budgetno_8923013000/>
            <budgetno_3523019800/>
            <total>1500.00</total>
        </BCME3450_row>
        <BCME3450_row>
            <objectNo>  0271 物品</objectNo>
            <budgetno_3523010100>5269.00</budgetno_3523010100>
            <budgetno_7523012000/>
            <budgetno_3523011400>684.00</budgetno_3523011400>
            <budgetno_5223015000/>
            <budgetno_3523018110/>
            <budgetno_3523019019/>
            <budgetno_8923013000/>
            <budgetno_3523019800/>
            <total>5953.00</total>
        </BCME3450_row>
        <BCME3450_row>
            <objectNo>  0279 一般事務費</objectNo>
            <budgetno_3523010100>37892.00</budgetno_3523010100>
            <budgetno_7523012000/>
            <budgetno_3523011400>146292.00</budgetno_3523011400>
            <budgetno_5223015000/>
            <budgetno_3523018110/>
            <budgetno_3523019019/>
            <budgetno_8923013000/>
            <budgetno_3523019800/>
            <total>184184.00</total>
        </BCME3450_row>
        <BCME3450_row>
            <objectNo>  0282 房屋建築養護費</objectNo>
            <budgetno_3523010100>693.00</budgetno_3523010100>
            <budgetno_7523012000/>
            <budgetno_3523011400/>
            <budgetno_5223015000/>
            <budgetno_3523018110/>
            <budgetno_3523019019/>
            <budgetno_8923013000/>
            <budgetno_3523019800/>
            <total>693.00</total>
        </BCME3450_row>
        <BCME3450_row>
            <objectNo>  0283 車輛及辦公器具養護費</objectNo>
            <budgetno_3523010100>712.00</budgetno_3523010100>
            <budgetno_7523012000/>
            <budgetno_3523011400/>
            <budgetno_5223015000/>
            <budgetno_3523018110/>
            <budgetno_3523019019/>
            <budgetno_8923013000/>
            <budgetno_3523019800/>
            <total>712.00</total>
        </BCME3450_row>
        <BCME3450_row>
            <objectNo>  0284 設施及機械設備養護費</objectNo>
            <budgetno_3523010100>22356.00</budgetno_3523010100>
            <budgetno_7523012000/>
            <budgetno_3523011400/>
            <budgetno_5223015000/>
            <budgetno_3523018110/>
            <budgetno_3523019019/>
            <budgetno_8923013000/>
            <budgetno_3523019800/>
            <total>22356.00</total>
        </BCME3450_row>
        <BCME3450_row>
            <objectNo>  0291 國內旅費</objectNo>
            <budgetno_3523010100>1441.00</budgetno_3523010100>
            <budgetno_7523012000/>
            <budgetno_3523011400>1086.00</budgetno_3523011400>
            <budgetno_5223015000/>
            <budgetno_3523018110/>
            <budgetno_3523019019/>
            <budgetno_8923013000/>
            <budgetno_3523019800/>
            <total>2527.00</total>
        </BCME3450_row>
        <BCME3450_row>
            <objectNo>  0292 大陸地區旅費</objectNo>
            <budgetno_3523010100/>
            <budgetno_7523012000/>
            <budgetno_3523011400>3478.00</budgetno_3523011400>
            <budgetno_5223015000/>
            <budgetno_3523018110/>
            <budgetno_3523019019/>
            <budgetno_8923013000/>
            <budgetno_3523019800/>
            <total>3478.00</total>
        </BCME3450_row>
        <BCME3450_row>
            <objectNo>  0293 國外旅費</objectNo>
            <budgetno_3523010100>179.00</budgetno_3523010100>
            <budgetno_7523012000/>
            <budgetno_3523011400>4029.00</budgetno_3523011400>
            <budgetno_5223015000/>
            <budgetno_3523018110/>
            <budgetno_3523019019/>
            <budgetno_8923013000/>
            <budgetno_3523019800/>
            <total>4208.00</total>
        </BCME3450_row>
        <BCME3450_row>
            <objectNo>  0294 運費</objectNo>
            <budgetno_3523010100>141.00</budgetno_3523010100>
            <budgetno_7523012000/>
            <budgetno_3523011400>190.00</budgetno_3523011400>
            <budgetno_5223015000/>
            <budgetno_3523018110/>
            <budgetno_3523019019/>
            <budgetno_8923013000/>
            <budgetno_3523019800/>
            <total>331.00</total>
        </BCME3450_row>
        <BCME3450_row>
            <objectNo>  0295 短程車資</objectNo>
            <budgetno_3523010100>233.00</budgetno_3523010100>
            <budgetno_7523012000/>
            <budgetno_3523011400>138.00</budgetno_3523011400>
            <budgetno_5223015000/>
            <budgetno_3523018110/>
            <budgetno_3523019019/>
            <budgetno_8923013000/>
            <budgetno_3523019800/>
            <total>371.00</total>
        </BCME3450_row>
        <BCME3450_row>
            <objectNo>  0299 特別費</objectNo>
            <budgetno_3523010100>1178.00</budgetno_3523010100>
            <budgetno_7523012000/>
            <budgetno_3523011400/>
            <budgetno_5223015000/>
            <budgetno_3523018110/>
            <budgetno_3523019019/>
            <budgetno_8923013000/>
            <budgetno_3523019800/>
            <total>1178.00</total>
        </BCME3450_row>
        <BCME3450_row>
            <objectNo>0300 設備及投資</objectNo>
            <budgetno_3523010100>30631.00</budgetno_3523010100>
            <budgetno_7523012000/>
            <budgetno_3523011400/>
            <budgetno_5223015000>7870.00</budgetno_5223015000>
            <budgetno_3523018110>544266.00</budgetno_3523018110>
            <budgetno_3523019019>165288.00</budgetno_3523019019>
            <budgetno_8923013000/>
            <budgetno_3523019800/>
            <total>748055.00</total>
        </BCME3450_row>
        <BCME3450_row>
            <objectNo>  0302 房屋建築及設備費</objectNo>
            <budgetno_3523010100>18500.00</budgetno_3523010100>
            <budgetno_7523012000/>
            <budgetno_3523011400/>
            <budgetno_5223015000/>
            <budgetno_3523018110/>
            <budgetno_3523019019/>
            <budgetno_8923013000/>
            <budgetno_3523019800/>
            <total>18500.00</total>
        </BCME3450_row>
        <BCME3450_row>
            <objectNo>  0306 資訊軟硬體設備費</objectNo>
            <budgetno_3523010100/>
            <budgetno_7523012000/>
            <budgetno_3523011400/>
            <budgetno_5223015000>7470.00</budgetno_5223015000>
            <budgetno_3523018110/>
            <budgetno_3523019019>165288.00</budgetno_3523019019>
            <budgetno_8923013000/>
            <budgetno_3523019800/>
            <total>172758.00</total>
        </BCME3450_row>
        <BCME3450_row>
            <objectNo>  0319 雜項設備費</objectNo>
            <budgetno_3523010100>12131.00</budgetno_3523010100>
            <budgetno_7523012000/>
            <budgetno_3523011400/>
            <budgetno_5223015000>400.00</budgetno_5223015000>
            <budgetno_3523018110/>
            <budgetno_3523019019/>
            <budgetno_8923013000/>
            <budgetno_3523019800/>
            <total>12531.00</total>
        </BCME3450_row>
        <BCME3450_row>
            <objectNo>  0331 投資</objectNo>
            <budgetno_3523010100/>
            <budgetno_7523012000/>
            <budgetno_3523011400/>
            <budgetno_5223015000/>
            <budgetno_3523018110>544266.00</budgetno_3523018110>
            <budgetno_3523019019/>
            <budgetno_8923013000/>
            <budgetno_3523019800/>
            <total>544266.00</total>
        </BCME3450_row>
        <BCME3450_row>
            <objectNo>0400 獎補助費</objectNo>
            <budgetno_3523010100>986.00</budgetno_3523010100>
            <budgetno_7523012000/>
            <budgetno_3523011400>169160.00</budgetno_3523011400>
            <budgetno_5223015000/>
            <budgetno_3523018110/>
            <budgetno_3523019019/>
            <budgetno_8923013000>45546.00</budgetno_8923013000>
            <budgetno_3523019800/>
            <total>215692.00</total>
        </BCME3450_row>
        <BCME3450_row>
            <objectNo>  0403 對直轄市政府之補助</objectNo>
            <budgetno_3523010100/>
            <budgetno_7523012000/>
            <budgetno_3523011400>27723.00</budgetno_3523011400>
            <budgetno_5223015000/>
            <budgetno_3523018110/>
            <budgetno_3523019019/>
            <budgetno_8923013000/>
            <budgetno_3523019800/>
            <total>27723.00</total>
        </BCME3450_row>
        <BCME3450_row>
            <objectNo>  0410 對臺灣省各縣市之補助</objectNo>
            <budgetno_3523010100/>
            <budgetno_7523012000/>
            <budgetno_3523011400>20804.00</budgetno_3523011400>
            <budgetno_5223015000/>
            <budgetno_3523018110/>
            <budgetno_3523019019/>
            <budgetno_8923013000/>
            <budgetno_3523019800/>
            <total>20804.00</total>
        </BCME3450_row>
        <BCME3450_row>
            <objectNo>  0429 對福建省各縣之補助</objectNo>
            <budgetno_3523010100/>
            <budgetno_7523012000/>
            <budgetno_3523011400>410.00</budgetno_3523011400>
            <budgetno_5223015000/>
            <budgetno_3523018110/>
            <budgetno_3523019019/>
            <budgetno_8923013000/>
            <budgetno_3523019800/>
            <total>410.00</total>
        </BCME3450_row>
        <BCME3450_row>
            <objectNo>  0437 對國內團體之捐助</objectNo>
            <budgetno_3523010100>32.00</budgetno_3523010100>
            <budgetno_7523012000/>
            <budgetno_3523011400>66797.00</budgetno_3523011400>
            <budgetno_5223015000/>
            <budgetno_3523018110/>
            <budgetno_3523019019/>
            <budgetno_8923013000/>
            <budgetno_3523019800/>
            <total>66829.00</total>
        </BCME3450_row>
        <BCME3450_row>
            <objectNo>  0445 社會福利津貼及濟助</objectNo>
            <budgetno_3523010100/>
            <budgetno_7523012000/>
            <budgetno_3523011400>1000.00</budgetno_3523011400>
            <budgetno_5223015000/>
            <budgetno_3523018110/>
            <budgetno_3523019019/>
            <budgetno_8923013000/>
            <budgetno_3523019800/>
            <total>1000.00</total>
        </BCME3450_row>
        <BCME3450_row>
            <objectNo>  0471 損失及賠償</objectNo>
            <budgetno_3523010100/>
            <budgetno_7523012000/>
            <budgetno_3523011400/>
            <budgetno_5223015000/>
            <budgetno_3523018110/>
            <budgetno_3523019019/>
            <budgetno_8923013000>45546.00</budgetno_8923013000>
            <budgetno_3523019800/>
            <total>45546.00</total>
        </BCME3450_row>
        <BCME3450_row>
            <objectNo>  0475 獎勵及慰問</objectNo>
            <budgetno_3523010100>954.00</budgetno_3523010100>
            <budgetno_7523012000/>
            <budgetno_3523011400>52426.00</budgetno_3523011400>
            <budgetno_5223015000/>
            <budgetno_3523018110/>
            <budgetno_3523019019/>
            <budgetno_8923013000/>
            <budgetno_3523019800/>
            <total>53380.00</total>
        </BCME3450_row>
        <BCME3450_row>
            <objectNo>0900 預備金</objectNo>
            <budgetno_3523010100/>
            <budgetno_7523012000/>
            <budgetno_3523011400/>
            <budgetno_5223015000/>
            <budgetno_3523018110/>
            <budgetno_3523019019/>
            <budgetno_8923013000/>
            <budgetno_3523019800>6930.00</budgetno_3523019800>
            <total>6930.00</total>
        </BCME3450_row>
        <BCME3450_row>
            <objectNo>  0901 第一預備金</objectNo>
            <budgetno_3523010100/>
            <budgetno_7523012000/>
            <budgetno_3523011400/>
            <budgetno_5223015000/>
            <budgetno_3523018110/>
            <budgetno_3523019019/>
            <budgetno_8923013000/>
            <budgetno_3523019800>6930.00</budgetno_3523019800>
            <total>6930.00</total>
        </BCME3450_row>
    </BCME3450>
</tables>
