<?xml version="1.0" encoding="UTF-8"?>
<tables>
    <BCTDMANAMT>
        <BCTDMANAMT_row>
            <bn_fiscalyear>104</bn_fiscalyear>
            <bn_fundkind>1</bn_fundkind>
            <bn_budgetkind>1</bn_budgetkind>
            <bn_specialbudgetno/>
            <bn_agenno>23001</bn_agenno>
            <bn_agentype>C</bn_agentype>
            <bn_budgetstate>2</bn_budgetstate>
            <bn_budgetsource>1</bn_budgetsource>
            <bn_man1>244</bn_man1>
            <bn_man1_l>244</bn_man1_l>
            <bn_man2>0</bn_man2>
            <bn_man2_l>0</bn_man2_l>
            <bn_man3>5</bn_man3>
            <bn_man3_l>5</bn_man3_l>
            <bn_man4>12</bn_man4>
            <bn_man4_l>12</bn_man4_l>
            <bn_man5>18</bn_man5>
            <bn_man5_l>18</bn_man5_l>
            <bn_man6>3</bn_man6>
            <bn_man6_l>3</bn_man6_l>
            <bn_man7>0</bn_man7>
            <bn_man7_l>0</bn_man7_l>
            <bn_man8>4</bn_man8>
            <bn_man8_l>4</bn_man8_l>
            <bn_man9>7</bn_man9>
            <bn_man9_l>7</bn_man9_l>
            <bn_man10>0</bn_man10>
            <bn_man10_l>0</bn_man10_l>
            <bn_man11>0</bn_man11>
            <bn_man11_l>0</bn_man11_l>
            <bn_amt_man>383346000.00</bn_amt_man>
            <bn_amt_mngbsn>350049000.00</bn_amt_mngbsn>
            <bn_text>&amp;lt;#H1&amp;gt;本年度預算員額293人，與上年度同。&#xd;
&amp;lt;#H1&amp;gt;以業務費預計進用派遣人力228人，經費101,452千元及勞務承攬43人，經費22,672千元。&#xd;
&amp;lt;#H2&amp;gt;「一般行政－基本行政工作維持」之業務費項下，預計進用勞務承攬29人，經費11,537千元。&#xd;
&amp;lt;#H2&amp;gt;「一般行政－資訊管理業務」之業務費項下，預計進用勞務承攬14人，經費11,135千元。&#xd;
&amp;lt;#H2&amp;gt;「法務行政－辦理司法保護業務」之業務費項下，預計進用派遣人力(觀護佐理員)228人，經費101,452千元於各地方法院檢察署辦理易服社會勞動業務。</bn_text>
            <display_name>35230010100 一般行政</display_name>
        </BCTDMANAMT_row>
    </BCTDMANAMT>
</tables>
