<?xml version="1.0" encoding="UTF-8"?>
<tables>
    <BCTDOUTGO>
        <BCTDOUTGO_row>
            <bm_fiscalyear>104</bm_fiscalyear>
            <bm_fundkind>1</bm_fundkind>
            <bm_budgetkind>1</bm_budgetkind>
            <bm_specialbudgetno/>
            <bm_agenno>23001</bm_agenno>
            <bm_agentype>C</bm_agentype>
            <bm_budgetstate>2</bm_budgetstate>
            <bm_abroadplan>2</bm_abroadplan>
            <bm_projtype>1 </bm_projtype>
            <bm_projno>01</bm_projno>
            <bm_abroadplanname>加強兩岸共同打擊人口販運、民生（食品安全）犯罪等刑事案件及有關不法所得返還工作之合作機制</bm_abroadplanname>
            <bm_visitsts>2</bm_visitsts>
            <bm_visitexplain>為落實執行「海峽兩岸共同打擊犯罪及司法互助協議」，應與大陸公安部、最高人民法院、最高人民檢察院、司法部等單位加強合作，進行共同打擊犯罪及檢察實務交流。</bm_visitexplain>
            <bm_dispatchstaffs>0</bm_dispatchstaffs>
            <bm_abroadsite1/>
            <bm_abroadsite2/>
            <bm_abroadsite3/>
            <bm_abroadperiod1/>
            <bm_abroadperiodto1/>
            <bm_abroadperiod2/>
            <bm_abroadperiodto2/>
            <bm_abroadperiod3/>
            <bm_abroadperiodto3/>
            <bm_abroadstaffs1>0</bm_abroadstaffs1>
            <bm_abroadstaffs2>0</bm_abroadstaffs2>
            <bm_abroadstaffs3>0</bm_abroadstaffs3>
            <bm_abroadallowance1>0.00</bm_abroadallowance1>
            <bm_abroadallowance2>0.00</bm_abroadallowance2>
            <bm_abroadallowance3>0.00</bm_abroadallowance3>
            <bm_budgetno>3523011400</bm_budgetno>
            <bm_regionno>91</bm_regionno>
            <bm_country>北京、上海</bm_country>
            <bm_agency>公安及檢察機關</bm_agency>
            <bm_cont_text>至中國大陸與公安部、檢察院就人口販運、民生犯罪、不法所得查扣及返還等進行偵辦實務之交流及研討。</bm_cont_text>
            <bm_durationfrom>10401</bm_durationfrom>
            <bm_durationto>10412</bm_durationto>
            <bm_days>7</bm_days>
            <bm_persons>7</bm_persons>
            <bm_amt_trans>158000.00</bm_amt_trans>
            <bm_amt_life>300000.00</bm_amt_life>
            <bm_amt_public>28000.00</bm_amt_public>
            <bm_amt_books>0.00</bm_amt_books>
            <bm_amt_flight>0.00</bm_amt_flight>
            <bm_versiondate/>
        </BCTDOUTGO_row>
        <BCTDOUTGO_row>
            <bm_fiscalyear>104</bm_fiscalyear>
            <bm_fundkind>1</bm_fundkind>
            <bm_budgetkind>1</bm_budgetkind>
            <bm_specialbudgetno/>
            <bm_agenno>23001</bm_agenno>
            <bm_agentype>C</bm_agentype>
            <bm_budgetstate>2</bm_budgetstate>
            <bm_abroadplan>2</bm_abroadplan>
            <bm_projtype>1 </bm_projtype>
            <bm_projno>02</bm_projno>
            <bm_abroadplanname>檢察官授課及基層工作考察團</bm_abroadplanname>
            <bm_visitsts>2</bm_visitsts>
            <bm_visitexplain>兩岸司法互助協議第2條規範之業務培訓合作。</bm_visitexplain>
            <bm_dispatchstaffs>0</bm_dispatchstaffs>
            <bm_abroadsite1/>
            <bm_abroadsite2/>
            <bm_abroadsite3/>
            <bm_abroadperiod1/>
            <bm_abroadperiodto1/>
            <bm_abroadperiod2/>
            <bm_abroadperiodto2/>
            <bm_abroadperiod3/>
            <bm_abroadperiodto3/>
            <bm_abroadstaffs1>0</bm_abroadstaffs1>
            <bm_abroadstaffs2>0</bm_abroadstaffs2>
            <bm_abroadstaffs3>0</bm_abroadstaffs3>
            <bm_abroadallowance1>0.00</bm_abroadallowance1>
            <bm_abroadallowance2>0.00</bm_abroadallowance2>
            <bm_abroadallowance3>0.00</bm_abroadallowance3>
            <bm_budgetno>3523011400</bm_budgetno>
            <bm_regionno>91</bm_regionno>
            <bm_country>北京及各省</bm_country>
            <bm_agency>北京及各省級檢察業務培訓部門</bm_agency>
            <bm_cont_text>指派檢察官前往大陸地區參與陸方檢察官培訓課程，以瞭解大陸法制運作現狀，進而保障台灣人民在大陸權益。</bm_cont_text>
            <bm_durationfrom>10405</bm_durationfrom>
            <bm_durationto>10405</bm_durationto>
            <bm_days>4</bm_days>
            <bm_persons>8</bm_persons>
            <bm_amt_trans>250000.00</bm_amt_trans>
            <bm_amt_life>169000.00</bm_amt_life>
            <bm_amt_public>24000.00</bm_amt_public>
            <bm_amt_books>0.00</bm_amt_books>
            <bm_amt_flight>0.00</bm_amt_flight>
            <bm_versiondate/>
        </BCTDOUTGO_row>
        <BCTDOUTGO_row>
            <bm_fiscalyear>104</bm_fiscalyear>
            <bm_fundkind>1</bm_fundkind>
            <bm_budgetkind>1</bm_budgetkind>
            <bm_specialbudgetno/>
            <bm_agenno>23001</bm_agenno>
            <bm_agentype>C</bm_agentype>
            <bm_budgetstate>2</bm_budgetstate>
            <bm_abroadplan>2</bm_abroadplan>
            <bm_projtype>4 </bm_projtype>
            <bm_projno>03</bm_projno>
            <bm_abroadplanname>法務部協議人員互訪團(一)</bm_abroadplanname>
            <bm_visitsts>2</bm_visitsts>
            <bm_visitexplain>兩岸司法互助協議第2條規範之業務主管部門人員定期會晤。</bm_visitexplain>
            <bm_dispatchstaffs>0</bm_dispatchstaffs>
            <bm_abroadsite1/>
            <bm_abroadsite2/>
            <bm_abroadsite3/>
            <bm_abroadperiod1/>
            <bm_abroadperiodto1/>
            <bm_abroadperiod2/>
            <bm_abroadperiodto2/>
            <bm_abroadperiod3/>
            <bm_abroadperiodto3/>
            <bm_abroadstaffs1>0</bm_abroadstaffs1>
            <bm_abroadstaffs2>0</bm_abroadstaffs2>
            <bm_abroadstaffs3>0</bm_abroadstaffs3>
            <bm_abroadallowance1>0.00</bm_abroadallowance1>
            <bm_abroadallowance2>0.00</bm_abroadallowance2>
            <bm_abroadallowance3>0.00</bm_abroadallowance3>
            <bm_budgetno>3523011400</bm_budgetno>
            <bm_regionno>91</bm_regionno>
            <bm_country>北京及各省</bm_country>
            <bm_agency>北京及各省級法院、檢察院</bm_agency>
            <bm_cont_text>與職司審查起訴、審判業務之大陸人民檢察院、人民法院依協議第2條進行高層參訪交流，並就具體個案交換意見。(併同出席兩岸實務研討會)</bm_cont_text>
            <bm_durationfrom>10407</bm_durationfrom>
            <bm_durationto>10408</bm_durationto>
            <bm_days>7</bm_days>
            <bm_persons>12</bm_persons>
            <bm_amt_trans>390000.00</bm_amt_trans>
            <bm_amt_life>469000.00</bm_amt_life>
            <bm_amt_public>4000.00</bm_amt_public>
            <bm_amt_books>0.00</bm_amt_books>
            <bm_amt_flight>0.00</bm_amt_flight>
            <bm_versiondate/>
        </BCTDOUTGO_row>
        <BCTDOUTGO_row>
            <bm_fiscalyear>104</bm_fiscalyear>
            <bm_fundkind>1</bm_fundkind>
            <bm_budgetkind>1</bm_budgetkind>
            <bm_specialbudgetno/>
            <bm_agenno>23001</bm_agenno>
            <bm_agentype>C</bm_agentype>
            <bm_budgetstate>2</bm_budgetstate>
            <bm_abroadplan>2</bm_abroadplan>
            <bm_projtype>4 </bm_projtype>
            <bm_projno>04</bm_projno>
            <bm_abroadplanname>法務部協議人員互訪團(二)</bm_abroadplanname>
            <bm_visitsts>2</bm_visitsts>
            <bm_visitexplain>兩岸司法互助協議第2條規範之業務主管部門人員定期會晤。</bm_visitexplain>
            <bm_dispatchstaffs>0</bm_dispatchstaffs>
            <bm_abroadsite1/>
            <bm_abroadsite2/>
            <bm_abroadsite3/>
            <bm_abroadperiod1/>
            <bm_abroadperiodto1/>
            <bm_abroadperiod2/>
            <bm_abroadperiodto2/>
            <bm_abroadperiod3/>
            <bm_abroadperiodto3/>
            <bm_abroadstaffs1>0</bm_abroadstaffs1>
            <bm_abroadstaffs2>0</bm_abroadstaffs2>
            <bm_abroadstaffs3>0</bm_abroadstaffs3>
            <bm_abroadallowance1>0.00</bm_abroadallowance1>
            <bm_abroadallowance2>0.00</bm_abroadallowance2>
            <bm_abroadallowance3>0.00</bm_abroadallowance3>
            <bm_budgetno>3523011400</bm_budgetno>
            <bm_regionno>91</bm_regionno>
            <bm_country>北京及地方公安廳</bm_country>
            <bm_agency>公安部、司法部</bm_agency>
            <bm_cont_text>與職司矯正、保護、調解、律師及公證業務、條約、立法、國際司法互助等業務之大陸司法部，及擔任一般刑事犯罪偵查主體之大陸公安部依協議第2條進行高層參訪交流，並就具體個案交換意見。</bm_cont_text>
            <bm_durationfrom>10406</bm_durationfrom>
            <bm_durationto>10406</bm_durationto>
            <bm_days>7</bm_days>
            <bm_persons>9</bm_persons>
            <bm_amt_trans>285000.00</bm_amt_trans>
            <bm_amt_life>430000.00</bm_amt_life>
            <bm_amt_public>58000.00</bm_amt_public>
            <bm_amt_books>0.00</bm_amt_books>
            <bm_amt_flight>0.00</bm_amt_flight>
            <bm_versiondate/>
        </BCTDOUTGO_row>
        <BCTDOUTGO_row>
            <bm_fiscalyear>104</bm_fiscalyear>
            <bm_fundkind>1</bm_fundkind>
            <bm_budgetkind>1</bm_budgetkind>
            <bm_specialbudgetno/>
            <bm_agenno>23001</bm_agenno>
            <bm_agentype>C</bm_agentype>
            <bm_budgetstate>2</bm_budgetstate>
            <bm_abroadplan>2</bm_abroadplan>
            <bm_projtype>6 </bm_projtype>
            <bm_projno>05</bm_projno>
            <bm_abroadplanname>兩岸司法互助最高人民法院工作會談</bm_abroadplanname>
            <bm_visitsts>2</bm_visitsts>
            <bm_visitexplain>依據兩岸司法互助協議第2條規範之業務主管部門人員工作會晤。</bm_visitexplain>
            <bm_dispatchstaffs>0</bm_dispatchstaffs>
            <bm_abroadsite1/>
            <bm_abroadsite2/>
            <bm_abroadsite3/>
            <bm_abroadperiod1/>
            <bm_abroadperiodto1/>
            <bm_abroadperiod2/>
            <bm_abroadperiodto2/>
            <bm_abroadperiod3/>
            <bm_abroadperiodto3/>
            <bm_abroadstaffs1>0</bm_abroadstaffs1>
            <bm_abroadstaffs2>0</bm_abroadstaffs2>
            <bm_abroadstaffs3>0</bm_abroadstaffs3>
            <bm_abroadallowance1>0.00</bm_abroadallowance1>
            <bm_abroadallowance2>0.00</bm_abroadallowance2>
            <bm_abroadallowance3>0.00</bm_abroadallowance3>
            <bm_budgetno>3523011400</bm_budgetno>
            <bm_regionno>84</bm_regionno>
            <bm_country>北京</bm_country>
            <bm_agency>最高人民法院</bm_agency>
            <bm_cont_text>落實及協調司法互助協議有關司法互助之具體作法及待修訂或補充等事項。</bm_cont_text>
            <bm_durationfrom>10409</bm_durationfrom>
            <bm_durationto>10409</bm_durationto>
            <bm_days>3</bm_days>
            <bm_persons>3</bm_persons>
            <bm_amt_trans>40000.00</bm_amt_trans>
            <bm_amt_life>26000.00</bm_amt_life>
            <bm_amt_public>2000.00</bm_amt_public>
            <bm_amt_books>0.00</bm_amt_books>
            <bm_amt_flight>0.00</bm_amt_flight>
            <bm_versiondate/>
        </BCTDOUTGO_row>
        <BCTDOUTGO_row>
            <bm_fiscalyear>104</bm_fiscalyear>
            <bm_fundkind>1</bm_fundkind>
            <bm_budgetkind>1</bm_budgetkind>
            <bm_specialbudgetno/>
            <bm_agenno>23001</bm_agenno>
            <bm_agentype>C</bm_agentype>
            <bm_budgetstate>2</bm_budgetstate>
            <bm_abroadplan>2</bm_abroadplan>
            <bm_projtype>6 </bm_projtype>
            <bm_projno>06</bm_projno>
            <bm_abroadplanname>兩岸司法互助及共同打擊犯罪公安部工作會談(兼個案協商)</bm_abroadplanname>
            <bm_visitsts>2</bm_visitsts>
            <bm_visitexplain>依據兩岸司法互助協議第2條規範之業務主管部門人員工作會晤。</bm_visitexplain>
            <bm_dispatchstaffs>0</bm_dispatchstaffs>
            <bm_abroadsite1/>
            <bm_abroadsite2/>
            <bm_abroadsite3/>
            <bm_abroadperiod1/>
            <bm_abroadperiodto1/>
            <bm_abroadperiod2/>
            <bm_abroadperiodto2/>
            <bm_abroadperiod3/>
            <bm_abroadperiodto3/>
            <bm_abroadstaffs1>0</bm_abroadstaffs1>
            <bm_abroadstaffs2>0</bm_abroadstaffs2>
            <bm_abroadstaffs3>0</bm_abroadstaffs3>
            <bm_abroadallowance1>0.00</bm_abroadallowance1>
            <bm_abroadallowance2>0.00</bm_abroadallowance2>
            <bm_abroadallowance3>0.00</bm_abroadallowance3>
            <bm_budgetno>3523011400</bm_budgetno>
            <bm_regionno>84</bm_regionno>
            <bm_country>北京及各省</bm_country>
            <bm_agency>公安部</bm_agency>
            <bm_cont_text>落實及協調協議有關共同打擊犯罪之具體作法及待修訂或補充等事項。</bm_cont_text>
            <bm_durationfrom>10401</bm_durationfrom>
            <bm_durationto>10402</bm_durationto>
            <bm_days>3</bm_days>
            <bm_persons>4</bm_persons>
            <bm_amt_trans>110000.00</bm_amt_trans>
            <bm_amt_life>57000.00</bm_amt_life>
            <bm_amt_public>16000.00</bm_amt_public>
            <bm_amt_books>0.00</bm_amt_books>
            <bm_amt_flight>0.00</bm_amt_flight>
            <bm_versiondate/>
        </BCTDOUTGO_row>
        <BCTDOUTGO_row>
            <bm_fiscalyear>104</bm_fiscalyear>
            <bm_fundkind>1</bm_fundkind>
            <bm_budgetkind>1</bm_budgetkind>
            <bm_specialbudgetno/>
            <bm_agenno>23001</bm_agenno>
            <bm_agentype>C</bm_agentype>
            <bm_budgetstate>2</bm_budgetstate>
            <bm_abroadplan>2</bm_abroadplan>
            <bm_projtype>6 </bm_projtype>
            <bm_projno>07</bm_projno>
            <bm_abroadplanname>兩岸司法互助司法部工作會談</bm_abroadplanname>
            <bm_visitsts>2</bm_visitsts>
            <bm_visitexplain>依據兩岸司法互助協議第2條規範之業務主管部門人員工作會晤。</bm_visitexplain>
            <bm_dispatchstaffs>0</bm_dispatchstaffs>
            <bm_abroadsite1/>
            <bm_abroadsite2/>
            <bm_abroadsite3/>
            <bm_abroadperiod1/>
            <bm_abroadperiodto1/>
            <bm_abroadperiod2/>
            <bm_abroadperiodto2/>
            <bm_abroadperiod3/>
            <bm_abroadperiodto3/>
            <bm_abroadstaffs1>0</bm_abroadstaffs1>
            <bm_abroadstaffs2>0</bm_abroadstaffs2>
            <bm_abroadstaffs3>0</bm_abroadstaffs3>
            <bm_abroadallowance1>0.00</bm_abroadallowance1>
            <bm_abroadallowance2>0.00</bm_abroadallowance2>
            <bm_abroadallowance3>0.00</bm_abroadallowance3>
            <bm_budgetno>3523011400</bm_budgetno>
            <bm_regionno>84</bm_regionno>
            <bm_country>北京及各省</bm_country>
            <bm_agency>司法部</bm_agency>
            <bm_cont_text>落實及協調協議有關司法互助之具體作法及待修訂或補充等事項。</bm_cont_text>
            <bm_durationfrom>10403</bm_durationfrom>
            <bm_durationto>10403</bm_durationto>
            <bm_days>3</bm_days>
            <bm_persons>4</bm_persons>
            <bm_amt_trans>110000.00</bm_amt_trans>
            <bm_amt_life>57000.00</bm_amt_life>
            <bm_amt_public>16000.00</bm_amt_public>
            <bm_amt_books>0.00</bm_amt_books>
            <bm_amt_flight>0.00</bm_amt_flight>
            <bm_versiondate/>
        </BCTDOUTGO_row>
        <BCTDOUTGO_row>
            <bm_fiscalyear>104</bm_fiscalyear>
            <bm_fundkind>1</bm_fundkind>
            <bm_budgetkind>1</bm_budgetkind>
            <bm_specialbudgetno/>
            <bm_agenno>23001</bm_agenno>
            <bm_agentype>C</bm_agentype>
            <bm_budgetstate>2</bm_budgetstate>
            <bm_abroadplan>2</bm_abroadplan>
            <bm_projtype>6 </bm_projtype>
            <bm_projno>08</bm_projno>
            <bm_abroadplanname>協議檢討工作會談</bm_abroadplanname>
            <bm_visitsts>1</bm_visitsts>
            <bm_visitexplain/>
            <bm_dispatchstaffs>0</bm_dispatchstaffs>
            <bm_abroadsite1/>
            <bm_abroadsite2/>
            <bm_abroadsite3/>
            <bm_abroadperiod1/>
            <bm_abroadperiodto1/>
            <bm_abroadperiod2/>
            <bm_abroadperiodto2/>
            <bm_abroadperiod3/>
            <bm_abroadperiodto3/>
            <bm_abroadstaffs1>0</bm_abroadstaffs1>
            <bm_abroadstaffs2>0</bm_abroadstaffs2>
            <bm_abroadstaffs3>0</bm_abroadstaffs3>
            <bm_abroadallowance1>0.00</bm_abroadallowance1>
            <bm_abroadallowance2>0.00</bm_abroadallowance2>
            <bm_abroadallowance3>0.00</bm_abroadallowance3>
            <bm_budgetno>3523011400</bm_budgetno>
            <bm_regionno>84</bm_regionno>
            <bm_country>北京及各省</bm_country>
            <bm_agency>協議相關部門</bm_agency>
            <bm_cont_text>配合其他政策機關針對協議檢討或簽訂事項之洽談。</bm_cont_text>
            <bm_durationfrom>10412</bm_durationfrom>
            <bm_durationto>10412</bm_durationto>
            <bm_days>6</bm_days>
            <bm_persons>2</bm_persons>
            <bm_amt_trans>50000.00</bm_amt_trans>
            <bm_amt_life>56000.00</bm_amt_life>
            <bm_amt_public>7000.00</bm_amt_public>
            <bm_amt_books>0.00</bm_amt_books>
            <bm_amt_flight>0.00</bm_amt_flight>
            <bm_versiondate/>
        </BCTDOUTGO_row>
        <BCTDOUTGO_row>
            <bm_fiscalyear>104</bm_fiscalyear>
            <bm_fundkind>1</bm_fundkind>
            <bm_budgetkind>1</bm_budgetkind>
            <bm_specialbudgetno/>
            <bm_agenno>23001</bm_agenno>
            <bm_agentype>C</bm_agentype>
            <bm_budgetstate>2</bm_budgetstate>
            <bm_abroadplan>2</bm_abroadplan>
            <bm_projtype>6 </bm_projtype>
            <bm_projno>09</bm_projno>
            <bm_abroadplanname>跨國移交受刑人（大陸地區）接返個案洽談</bm_abroadplanname>
            <bm_visitsts>1</bm_visitsts>
            <bm_visitexplain/>
            <bm_dispatchstaffs>0</bm_dispatchstaffs>
            <bm_abroadsite1/>
            <bm_abroadsite2/>
            <bm_abroadsite3/>
            <bm_abroadperiod1/>
            <bm_abroadperiodto1/>
            <bm_abroadperiod2/>
            <bm_abroadperiodto2/>
            <bm_abroadperiod3/>
            <bm_abroadperiodto3/>
            <bm_abroadstaffs1>0</bm_abroadstaffs1>
            <bm_abroadstaffs2>0</bm_abroadstaffs2>
            <bm_abroadstaffs3>0</bm_abroadstaffs3>
            <bm_abroadallowance1>0.00</bm_abroadallowance1>
            <bm_abroadallowance2>0.00</bm_abroadallowance2>
            <bm_abroadallowance3>0.00</bm_abroadallowance3>
            <bm_budgetno>3523011400</bm_budgetno>
            <bm_regionno>84</bm_regionno>
            <bm_country>大陸</bm_country>
            <bm_agency>香港律政司、澳門檢察院</bm_agency>
            <bm_cont_text>受刑人接返個案洽談分3次進行。</bm_cont_text>
            <bm_durationfrom>10404</bm_durationfrom>
            <bm_durationto>10411</bm_durationto>
            <bm_days>3</bm_days>
            <bm_persons>6</bm_persons>
            <bm_amt_trans>180000.00</bm_amt_trans>
            <bm_amt_life>83000.00</bm_amt_life>
            <bm_amt_public>20000.00</bm_amt_public>
            <bm_amt_books>0.00</bm_amt_books>
            <bm_amt_flight>0.00</bm_amt_flight>
            <bm_versiondate/>
        </BCTDOUTGO_row>
        <BCTDOUTGO_row>
            <bm_fiscalyear>104</bm_fiscalyear>
            <bm_fundkind>1</bm_fundkind>
            <bm_budgetkind>1</bm_budgetkind>
            <bm_specialbudgetno/>
            <bm_agenno>23001</bm_agenno>
            <bm_agentype>C</bm_agentype>
            <bm_budgetstate>2</bm_budgetstate>
            <bm_abroadplan>2</bm_abroadplan>
            <bm_projtype>6 </bm_projtype>
            <bm_projno>10</bm_projno>
            <bm_abroadplanname>香港律政司、澳門檢察院聯繫洽談</bm_abroadplanname>
            <bm_visitsts>2</bm_visitsts>
            <bm_visitexplain>洽談雙方司法互助之可能性。</bm_visitexplain>
            <bm_dispatchstaffs>0</bm_dispatchstaffs>
            <bm_abroadsite1/>
            <bm_abroadsite2/>
            <bm_abroadsite3/>
            <bm_abroadperiod1/>
            <bm_abroadperiodto1/>
            <bm_abroadperiod2/>
            <bm_abroadperiodto2/>
            <bm_abroadperiod3/>
            <bm_abroadperiodto3/>
            <bm_abroadstaffs1>0</bm_abroadstaffs1>
            <bm_abroadstaffs2>0</bm_abroadstaffs2>
            <bm_abroadstaffs3>0</bm_abroadstaffs3>
            <bm_abroadallowance1>0.00</bm_abroadallowance1>
            <bm_abroadallowance2>0.00</bm_abroadallowance2>
            <bm_abroadallowance3>0.00</bm_abroadallowance3>
            <bm_budgetno>3523011400</bm_budgetno>
            <bm_regionno>84</bm_regionno>
            <bm_country>香港、澳門</bm_country>
            <bm_agency>香港律政司、澳門檢察院</bm_agency>
            <bm_cont_text>建立台港、台澳共同打擊犯罪及司法互助聯繫窗口。</bm_cont_text>
            <bm_durationfrom>10401</bm_durationfrom>
            <bm_durationto>10401</bm_durationto>
            <bm_days>4</bm_days>
            <bm_persons>4</bm_persons>
            <bm_amt_trans>21000.00</bm_amt_trans>
            <bm_amt_life>62000.00</bm_amt_life>
            <bm_amt_public>0.00</bm_amt_public>
            <bm_amt_books>0.00</bm_amt_books>
            <bm_amt_flight>0.00</bm_amt_flight>
            <bm_versiondate/>
        </BCTDOUTGO_row>
    </BCTDOUTGO>
</tables>
