<?xml version="1.0" encoding="UTF-8"?>
<tables>
    <BCME3460>
        <BCME3460_row>
            <budgetno>00230000000</budgetno>
            <b_level>00</b_level>
            <budgetname>法務部主管</budgetname>
            <damt1>12102000.00</damt1>
            <damt2>2184000.00</damt2>
            <damt3>72000.00</damt3>
            <damt4>0.00</damt4>
            <damt5>0.00</damt5>
            <damt6>14358000.00</damt6>
            <damt7>0.00</damt7>
            <damt8>0.00</damt8>
            <damt9>0.00</damt9>
            <damt10>0.00</damt10>
            <damt11>0.00</damt11>
            <damt12>14358000.00</damt12>
            <no1>12</no1>
            <no2>00</no2>
            <no3>00</no3>
            <no4>00</no4>
            <budgetno_conver>0023000000</budgetno_conver>
            <bnorder>2300000000000</bnorder>
            <ba_budgetsource>1</ba_budgetsource>
        </BCME3460_row>
        <BCME3460_row>
            <budgetno>00230170000</budgetno>
            <b_level>10</b_level>
            <budgetname>矯正署及所屬</budgetname>
            <damt1>12102000.00</damt1>
            <damt2>2184000.00</damt2>
            <damt3>72000.00</damt3>
            <damt4>0.00</damt4>
            <damt5>0.00</damt5>
            <damt6>14358000.00</damt6>
            <damt7>0.00</damt7>
            <damt8>0.00</damt8>
            <damt9>0.00</damt9>
            <damt10>0.00</damt10>
            <damt11>0.00</damt11>
            <damt12>14358000.00</damt12>
            <no1>12</no1>
            <no2>05</no2>
            <no3>00</no3>
            <no4>00</no4>
            <budgetno_conver>0023170000</budgetno_conver>
            <bnorder>2301700000000</bnorder>
            <ba_budgetsource>1</ba_budgetsource>
        </BCME3460_row>
        <BCME3460_row>
            <budgetno>35230170000</budgetno>
            <b_level>20</b_level>
            <budgetname>司法支出</budgetname>
            <damt1>12102000.00</damt1>
            <damt2>2184000.00</damt2>
            <damt3>72000.00</damt3>
            <damt4>0.00</damt4>
            <damt5>0.00</damt5>
            <damt6>14358000.00</damt6>
            <damt7>0.00</damt7>
            <damt8>0.00</damt8>
            <damt9>0.00</damt9>
            <damt10>0.00</damt10>
            <damt11>0.00</damt11>
            <damt12>14358000.00</damt12>
            <no1>12</no1>
            <no2>05</no2>
            <no3>00</no3>
            <no4>00</no4>
            <budgetno_conver>3523170000</budgetno_conver>
            <bnorder>2301700350000</bnorder>
            <ba_budgetsource>1</ba_budgetsource>
        </BCME3460_row>
        <BCME3460_row>
            <budgetno>35230174100</budgetno>
            <b_level>30</b_level>
            <budgetname>矯正業務</budgetname>
            <damt1>12102000.00</damt1>
            <damt2>2184000.00</damt2>
            <damt3>72000.00</damt3>
            <damt4>0.00</damt4>
            <damt5>0.00</damt5>
            <damt6>14358000.00</damt6>
            <damt7>0.00</damt7>
            <damt8>0.00</damt8>
            <damt9>0.00</damt9>
            <damt10>0.00</damt10>
            <damt11>0.00</damt11>
            <damt12>14358000.00</damt12>
            <no1>12</no1>
            <no2>05</no2>
            <no3>02</no3>
            <no4>00</no4>
            <budgetno_conver>3523174100</budgetno_conver>
            <bnorder>2301700354100</bnorder>
            <ba_budgetsource>1</ba_budgetsource>
        </BCME3460_row>
    </BCME3460>
</tables>
