<?xml version="1.0" encoding="UTF-8"?>
<tables>
    <BCME3470>
        <BCME3470_row>
            <budgetno>00200000000</budgetno>
            <budgetname>教育部主管</budgetname>
            <damt1>0.000000</damt1>
            <damt2>3200.000000</damt2>
            <damt3>0.000000</damt3>
            <damt4>6441.000000</damt4>
            <damt5>0.000000</damt5>
            <damt6>276.000000</damt6>
            <damt7>691.000000</damt7>
            <damt8>0.000000</damt8>
            <damt9>0.000000</damt9>
            <damt10>10608.000000</damt10>
            <no1>11</no1>
            <no2>00</no2>
            <no3>00</no3>
            <no4>00</no4>
            <budgetno_conver>0020000000</budgetno_conver>
            <b_level>1</b_level>
        </BCME3470_row>
        <BCME3470_row>
            <budgetno>00210870000</budgetno>
            <budgetname>國立教育廣播電臺</budgetname>
            <damt1>0.000000</damt1>
            <damt2>3200.000000</damt2>
            <damt3>0.000000</damt3>
            <damt4>6441.000000</damt4>
            <damt5>0.000000</damt5>
            <damt6>276.000000</damt6>
            <damt7>691.000000</damt7>
            <damt8>0.000000</damt8>
            <damt9>0.000000</damt9>
            <damt10>10608.000000</damt10>
            <no1>11</no1>
            <no2>07</no2>
            <no3>00</no3>
            <no4>00</no4>
            <budgetno_conver>0021870000</budgetno_conver>
            <b_level>2</b_level>
        </BCME3470_row>
        <BCME3470_row>
            <budgetno>51210870000</budgetno>
            <budgetname>教育支出</budgetname>
            <damt1>0.000000</damt1>
            <damt2>3200.000000</damt2>
            <damt3>0.000000</damt3>
            <damt4>6441.000000</damt4>
            <damt5>0.000000</damt5>
            <damt6>276.000000</damt6>
            <damt7>691.000000</damt7>
            <damt8>0.000000</damt8>
            <damt9>0.000000</damt9>
            <damt10>10608.000000</damt10>
            <no1/>
            <no2/>
            <no3/>
            <no4/>
            <budgetno_conver>5121870000</budgetno_conver>
            <b_level>2</b_level>
        </BCME3470_row>
        <BCME3470_row>
            <budgetno>51210870100</budgetno>
            <budgetname>一般行政</budgetname>
            <damt1>0.000000</damt1>
            <damt2>3200.000000</damt2>
            <damt3>0.000000</damt3>
            <damt4>2550.000000</damt4>
            <damt5>0.000000</damt5>
            <damt6>276.000000</damt6>
            <damt7>200.000000</damt7>
            <damt8>0.000000</damt8>
            <damt9>0.000000</damt9>
            <damt10>6226.000000</damt10>
            <no1>11</no1>
            <no2>07</no2>
            <no3>01</no3>
            <no4>00</no4>
            <budgetno_conver>5121870100</budgetno_conver>
            <b_level>3</b_level>
        </BCME3470_row>
        <BCME3470_row>
            <budgetno>51210870200</budgetno>
            <budgetname>臺務業務活動</budgetname>
            <damt1>0.000000</damt1>
            <damt2>0.000000</damt2>
            <damt3>0.000000</damt3>
            <damt4>3891.000000</damt4>
            <damt5>0.000000</damt5>
            <damt6>0.000000</damt6>
            <damt7>491.000000</damt7>
            <damt8>0.000000</damt8>
            <damt9>0.000000</damt9>
            <damt10>4382.000000</damt10>
            <no1>11</no1>
            <no2>07</no2>
            <no3>02</no3>
            <no4>00</no4>
            <budgetno_conver>5121870200</budgetno_conver>
            <b_level>3</b_level>
        </BCME3470_row>
    </BCME3470>
</tables>
