<?xml version="1.0" encoding="UTF-8"?>
<tables>
    <BCME3410_row>
        <mh_itemserialno1/>
        <mh_itemserialno2/>
        <mh_itemserialno3/>
        <mh_itemserialno4/>
        <budgetno/>
        <mh_budgetname>合         計</mh_budgetname>
        <budgetno_conver/>
        <tyear_amt>911.000000</tyear_amt>
        <lyear_amt>986.000000</lyear_amt>
        <byear_amt>1200.000000</byear_amt>
        <b_amt>-75.000000</b_amt>
        <bc_content/>
        <blevel>9</blevel>
        <ordinaryid>1</ordinaryid>
    </BCME3410_row>
    <BCME3410_row>
        <mh_itemserialno1>4</mh_itemserialno1>
        <mh_itemserialno2/>
        <mh_itemserialno3/>
        <mh_itemserialno4/>
        <budgetno>07000000000</budgetno>
        <mh_budgetname>財產收入</mh_budgetname>
        <budgetno_conver>0700000000</budgetno_conver>
        <tyear_amt>1.000000</tyear_amt>
        <lyear_amt>1.000000</lyear_amt>
        <byear_amt>183.000000</byear_amt>
        <b_amt>0.000000</b_amt>
        <bc_content/>
        <blevel>1</blevel>
        <ordinaryid/>
    </BCME3410_row>
    <BCME3410_row>
        <mh_itemserialno1/>
        <mh_itemserialno2>106</mh_itemserialno2>
        <mh_itemserialno3/>
        <mh_itemserialno4/>
        <budgetno>07210870000</budgetno>
        <mh_budgetname>國立教育廣播電臺</mh_budgetname>
        <budgetno_conver>0721870000</budgetno_conver>
        <tyear_amt>1.000000</tyear_amt>
        <lyear_amt>1.000000</lyear_amt>
        <byear_amt>183.000000</byear_amt>
        <b_amt>0.000000</b_amt>
        <bc_content/>
        <blevel>2</blevel>
        <ordinaryid/>
    </BCME3410_row>
    <BCME3410_row>
        <mh_itemserialno1/>
        <mh_itemserialno2/>
        <mh_itemserialno3>01</mh_itemserialno3>
        <mh_itemserialno4/>
        <budgetno>07210870100</budgetno>
        <mh_budgetname>財產孳息</mh_budgetname>
        <budgetno_conver>0721870100</budgetno_conver>
        <tyear_amt>1.000000</tyear_amt>
        <lyear_amt>1.000000</lyear_amt>
        <byear_amt>1.000000</byear_amt>
        <b_amt>0.000000</b_amt>
        <bc_content/>
        <blevel>3</blevel>
        <ordinaryid/>
    </BCME3410_row>
    <BCME3410_row>
        <mh_itemserialno1/>
        <mh_itemserialno2/>
        <mh_itemserialno3/>
        <mh_itemserialno4>01</mh_itemserialno4>
        <budgetno>07210870106</budgetno>
        <mh_budgetname>租金收入</mh_budgetname>
        <budgetno_conver>0721870106</budgetno_conver>
        <tyear_amt>1.000000</tyear_amt>
        <lyear_amt>1.000000</lyear_amt>
        <byear_amt>1.000000</byear_amt>
        <b_amt>0.000000</b_amt>
        <bc_key>07210870106xxxxxxxxxxxxxxxxxxxxxxxx1R1x0</bc_key>
        <bc_content>本年度預算數係場地租金收入。</bc_content>
        <blevel>4</blevel>
        <ordinaryid/>
    </BCME3410_row>
    <BCME3410_row>
        <mh_itemserialno1/>
        <mh_itemserialno2/>
        <mh_itemserialno3>02</mh_itemserialno3>
        <mh_itemserialno4/>
        <budgetno>07210870600</budgetno>
        <mh_budgetname>廢舊物資售價</mh_budgetname>
        <budgetno_conver>0721870600</budgetno_conver>
        <tyear_amt>0.000000</tyear_amt>
        <lyear_amt>0.000000</lyear_amt>
        <byear_amt>181.000000</byear_amt>
        <b_amt>0.000000</b_amt>
        <bc_key>07210870600xxxxxxxxxxxxxxxxxxxxxxxx1R1x0</bc_key>
        <bc_content>前年度決算數係出售報廢財產及
資源回收品等收入。</bc_content>
        <blevel>3</blevel>
        <ordinaryid/>
    </BCME3410_row>
    <BCME3410_row>
        <mh_itemserialno1>7</mh_itemserialno1>
        <mh_itemserialno2/>
        <mh_itemserialno3/>
        <mh_itemserialno4/>
        <budgetno>11000000000</budgetno>
        <mh_budgetname>其他收入</mh_budgetname>
        <budgetno_conver>1100000000</budgetno_conver>
        <tyear_amt>910.000000</tyear_amt>
        <lyear_amt>985.000000</lyear_amt>
        <byear_amt>1018.000000</byear_amt>
        <b_amt>-75.000000</b_amt>
        <bc_content/>
        <blevel>1</blevel>
        <ordinaryid/>
    </BCME3410_row>
    <BCME3410_row>
        <mh_itemserialno1/>
        <mh_itemserialno2>103</mh_itemserialno2>
        <mh_itemserialno3/>
        <mh_itemserialno4/>
        <budgetno>11210870000</budgetno>
        <mh_budgetname>國立教育廣播電臺</mh_budgetname>
        <budgetno_conver>1121870000</budgetno_conver>
        <tyear_amt>910.000000</tyear_amt>
        <lyear_amt>985.000000</lyear_amt>
        <byear_amt>1018.000000</byear_amt>
        <b_amt>-75.000000</b_amt>
        <bc_content/>
        <blevel>2</blevel>
        <ordinaryid/>
    </BCME3410_row>
    <BCME3410_row>
        <mh_itemserialno1/>
        <mh_itemserialno2/>
        <mh_itemserialno3>01</mh_itemserialno3>
        <mh_itemserialno4/>
        <budgetno>11210870900</budgetno>
        <mh_budgetname>雜項收入</mh_budgetname>
        <budgetno_conver>1121870900</budgetno_conver>
        <tyear_amt>910.000000</tyear_amt>
        <lyear_amt>985.000000</lyear_amt>
        <byear_amt>1018.000000</byear_amt>
        <b_amt>-75.000000</b_amt>
        <bc_content/>
        <blevel>3</blevel>
        <ordinaryid/>
    </BCME3410_row>
    <BCME3410_row>
        <mh_itemserialno1/>
        <mh_itemserialno2/>
        <mh_itemserialno3/>
        <mh_itemserialno4>01</mh_itemserialno4>
        <budgetno>11210870901</budgetno>
        <mh_budgetname>收回以前年度歲出</mh_budgetname>
        <budgetno_conver>1121870901</budgetno_conver>
        <tyear_amt>0.000000</tyear_amt>
        <lyear_amt>0.000000</lyear_amt>
        <byear_amt>14.000000</byear_amt>
        <b_amt>0.000000</b_amt>
        <bc_key>11210870901xxxxxxxxxxxxxxxxxxxxxxxx1R1x0</bc_key>
        <bc_content>前年度決算數係收回以前年度廠
商分攤水電費等繳庫數。</bc_content>
        <blevel>4</blevel>
        <ordinaryid/>
    </BCME3410_row>
    <BCME3410_row>
        <mh_itemserialno1/>
        <mh_itemserialno2/>
        <mh_itemserialno3/>
        <mh_itemserialno4>02</mh_itemserialno4>
        <budgetno>11210870909</budgetno>
        <mh_budgetname>其他雜項收入</mh_budgetname>
        <budgetno_conver>1121870909</budgetno_conver>
        <tyear_amt>910.000000</tyear_amt>
        <lyear_amt>985.000000</lyear_amt>
        <byear_amt>1004.000000</byear_amt>
        <b_amt>-75.000000</b_amt>
        <bc_key>11210870909xxxxxxxxxxxxxxxxxxxxxxxx1R1x0</bc_key>
        <bc_content>本年度預算數係接受空中大學及
空中進修學校委託播出教學節目
等收入。</bc_content>
        <blevel>4</blevel>
        <ordinaryid/>
    </BCME3410_row>
</tables>
