<?xml version="1.0" encoding="UTF-8"?>
<Root>
    <Row>
        <款>11</款>
        <項/>
        <目/>
        <節/>
        <科目名稱>教育部主管</科目名稱>
        <人事費>131547</人事費>
        <業務費_經>55979</業務費_經>
        <奬補助費_經>335</奬補助費_經>
        <債務費>0</債務費>
        <預備金_經>245</預備金_經>
        <經常支出小計>188106</經常支出小計>
        <業務費_資>0</業務費_資>
        <設備及投資>10608</設備及投資>
        <奬補助費_資>0</奬補助費_資>
        <預備金_資>0</預備金_資>
        <資本支出小計>10608</資本支出小計>
        <合計>198714</合計>
    </Row>
    <Row>
        <款/>
        <項>7</項>
        <目/>
        <節/>
        <科目名稱>國立教育廣播電臺</科目名稱>
        <人事費>131547</人事費>
        <業務費_經>55979</業務費_經>
        <奬補助費_經>335</奬補助費_經>
        <債務費>0</債務費>
        <預備金_經>245</預備金_經>
        <經常支出小計>188106</經常支出小計>
        <業務費_資>0</業務費_資>
        <設備及投資>10608</設備及投資>
        <奬補助費_資>0</奬補助費_資>
        <預備金_資>0</預備金_資>
        <資本支出小計>10608</資本支出小計>
        <合計>198714</合計>
    </Row>
    <Row>
        <款/>
        <項/>
        <目/>
        <節/>
        <科目名稱>教育支出</科目名稱>
        <人事費>131547</人事費>
        <業務費_經>55979</業務費_經>
        <奬補助費_經>335</奬補助費_經>
        <債務費>0</債務費>
        <預備金_經>245</預備金_經>
        <經常支出小計>188106</經常支出小計>
        <業務費_資>0</業務費_資>
        <設備及投資>10608</設備及投資>
        <奬補助費_資>0</奬補助費_資>
        <預備金_資>0</預備金_資>
        <資本支出小計>10608</資本支出小計>
        <合計>198714</合計>
    </Row>
    <Row>
        <款/>
        <項/>
        <目>1</目>
        <節/>
        <科目名稱>一般行政</科目名稱>
        <人事費>131547</人事費>
        <業務費_經>15615</業務費_經>
        <奬補助費_經>132</奬補助費_經>
        <債務費>0</債務費>
        <預備金_經>0</預備金_經>
        <經常支出小計>147294</經常支出小計>
        <業務費_資>0</業務費_資>
        <設備及投資>6226</設備及投資>
        <奬補助費_資>0</奬補助費_資>
        <預備金_資>0</預備金_資>
        <資本支出小計>6226</資本支出小計>
        <合計>153520</合計>
    </Row>
    <Row>
        <款/>
        <項/>
        <目>2</目>
        <節/>
        <科目名稱>臺務業務活動</科目名稱>
        <人事費>0</人事費>
        <業務費_經>40364</業務費_經>
        <奬補助費_經>203</奬補助費_經>
        <債務費>0</債務費>
        <預備金_經>0</預備金_經>
        <經常支出小計>40567</經常支出小計>
        <業務費_資>0</業務費_資>
        <設備及投資>4382</設備及投資>
        <奬補助費_資>0</奬補助費_資>
        <預備金_資>0</預備金_資>
        <資本支出小計>4382</資本支出小計>
        <合計>44949</合計>
    </Row>
    <Row>
        <款/>
        <項/>
        <目>3</目>
        <節/>
        <科目名稱>第一預備金</科目名稱>
        <人事費>0</人事費>
        <業務費_經>0</業務費_經>
        <奬補助費_經>0</奬補助費_經>
        <債務費>0</債務費>
        <預備金_經>245</預備金_經>
        <經常支出小計>245</經常支出小計>
        <業務費_資>0</業務費_資>
        <設備及投資>0</設備及投資>
        <奬補助費_資>0</奬補助費_資>
        <預備金_資>0</預備金_資>
        <資本支出小計>0</資本支出小計>
        <合計>245</合計>
    </Row>
</Root>
