<?xml version="1.0" encoding="UTF-8"?>
<Root>
    <Row>
        <款>11</款>
        <項/>
        <目/>
        <節/>
        <科目名稱>教育部主管</科目名稱>
        <人事費>149545</人事費>
        <業務費_經>150604</業務費_經>
        <奬補助費_經>408</奬補助費_經>
        <債務費>0</債務費>
        <預備金_經>771</預備金_經>
        <經常支出小計>301328</經常支出小計>
        <業務費_資>0</業務費_資>
        <設備及投資>21203</設備及投資>
        <奬補助費_資>0</奬補助費_資>
        <預備金_資>0</預備金_資>
        <資本支出小計>21203</資本支出小計>
        <合計>322531</合計>
    </Row>
    <Row>
        <款/>
        <項>5</項>
        <目/>
        <節/>
        <科目名稱>國家圖書館</科目名稱>
        <人事費>149545</人事費>
        <業務費_經>150604</業務費_經>
        <奬補助費_經>408</奬補助費_經>
        <債務費>0</債務費>
        <預備金_經>771</預備金_經>
        <經常支出小計>301328</經常支出小計>
        <業務費_資>0</業務費_資>
        <設備及投資>21203</設備及投資>
        <奬補助費_資>0</奬補助費_資>
        <預備金_資>0</預備金_資>
        <資本支出小計>21203</資本支出小計>
        <合計>322531</合計>
    </Row>
    <Row>
        <款/>
        <項/>
        <目/>
        <節/>
        <科目名稱>文化支出</科目名稱>
        <人事費>149545</人事費>
        <業務費_經>150604</業務費_經>
        <奬補助費_經>408</奬補助費_經>
        <債務費>0</債務費>
        <預備金_經>771</預備金_經>
        <經常支出小計>301328</經常支出小計>
        <業務費_資>0</業務費_資>
        <設備及投資>21203</設備及投資>
        <奬補助費_資>0</奬補助費_資>
        <預備金_資>0</預備金_資>
        <資本支出小計>21203</資本支出小計>
        <合計>322531</合計>
    </Row>
    <Row>
        <款/>
        <項/>
        <目>1</目>
        <節/>
        <科目名稱>一般行政</科目名稱>
        <人事費>149545</人事費>
        <業務費_經>44275</業務費_經>
        <奬補助費_經>408</奬補助費_經>
        <債務費>0</債務費>
        <預備金_經>0</預備金_經>
        <經常支出小計>194228</經常支出小計>
        <業務費_資>0</業務費_資>
        <設備及投資>1176</設備及投資>
        <奬補助費_資>0</奬補助費_資>
        <預備金_資>0</預備金_資>
        <資本支出小計>1176</資本支出小計>
        <合計>195404</合計>
    </Row>
    <Row>
        <款/>
        <項/>
        <目>2</目>
        <節/>
        <科目名稱>館務業務活動</科目名稱>
        <人事費>0</人事費>
        <業務費_經>106329</業務費_經>
        <奬補助費_經>0</奬補助費_經>
        <債務費>0</債務費>
        <預備金_經>0</預備金_經>
        <經常支出小計>106329</經常支出小計>
        <業務費_資>0</業務費_資>
        <設備及投資>17232</設備及投資>
        <奬補助費_資>0</奬補助費_資>
        <預備金_資>0</預備金_資>
        <資本支出小計>17232</資本支出小計>
        <合計>123561</合計>
    </Row>
    <Row>
        <款/>
        <項/>
        <目/>
        <節>1</節>
        <科目名稱>館藏發展及書目管理</科目名稱>
        <人事費>0</人事費>
        <業務費_經>17865</業務費_經>
        <奬補助費_經>0</奬補助費_經>
        <債務費>0</債務費>
        <預備金_經>0</預備金_經>
        <經常支出小計>17865</經常支出小計>
        <業務費_資>0</業務費_資>
        <設備及投資>14012</設備及投資>
        <奬補助費_資>0</奬補助費_資>
        <預備金_資>0</預備金_資>
        <資本支出小計>14012</資本支出小計>
        <合計>31877</合計>
    </Row>
    <Row>
        <款/>
        <項/>
        <目/>
        <節>2</節>
        <科目名稱>知識服務與典藏</科目名稱>
        <人事費>0</人事費>
        <業務費_經>51418</業務費_經>
        <奬補助費_經>0</奬補助費_經>
        <債務費>0</債務費>
        <預備金_經>0</預備金_經>
        <經常支出小計>51418</經常支出小計>
        <業務費_資>0</業務費_資>
        <設備及投資>200</設備及投資>
        <奬補助費_資>0</奬補助費_資>
        <預備金_資>0</預備金_資>
        <資本支出小計>200</資本支出小計>
        <合計>51618</合計>
    </Row>
    <Row>
        <款/>
        <項/>
        <目/>
        <節>3</節>
        <科目名稱>特藏文獻典藏與服務</科目名稱>
        <人事費>0</人事費>
        <業務費_經>2884</業務費_經>
        <奬補助費_經>0</奬補助費_經>
        <債務費>0</債務費>
        <預備金_經>0</預備金_經>
        <經常支出小計>2884</經常支出小計>
        <業務費_資>0</業務費_資>
        <設備及投資>279</設備及投資>
        <奬補助費_資>0</奬補助費_資>
        <預備金_資>0</預備金_資>
        <資本支出小計>279</資本支出小計>
        <合計>3163</合計>
    </Row>
    <Row>
        <款/>
        <項/>
        <目/>
        <節>4</節>
        <科目名稱>數位知識系統服務</科目名稱>
        <人事費>0</人事費>
        <業務費_經>13115</業務費_經>
        <奬補助費_經>0</奬補助費_經>
        <債務費>0</債務費>
        <預備金_經>0</預備金_經>
        <經常支出小計>13115</經常支出小計>
        <業務費_資>0</業務費_資>
        <設備及投資>1508</設備及投資>
        <奬補助費_資>0</奬補助費_資>
        <預備金_資>0</預備金_資>
        <資本支出小計>1508</資本支出小計>
        <合計>14623</合計>
    </Row>
    <Row>
        <款/>
        <項/>
        <目/>
        <節>5</節>
        <科目名稱>漢學研究業務</科目名稱>
        <人事費>0</人事費>
        <業務費_經>11880</業務費_經>
        <奬補助費_經>0</奬補助費_經>
        <債務費>0</債務費>
        <預備金_經>0</預備金_經>
        <經常支出小計>11880</經常支出小計>
        <業務費_資>0</業務費_資>
        <設備及投資>1233</設備及投資>
        <奬補助費_資>0</奬補助費_資>
        <預備金_資>0</預備金_資>
        <資本支出小計>1233</資本支出小計>
        <合計>13113</合計>
    </Row>
    <Row>
        <款/>
        <項/>
        <目/>
        <節>6</節>
        <科目名稱>圖書館事業發展</科目名稱>
        <人事費>0</人事費>
        <業務費_經>2668</業務費_經>
        <奬補助費_經>0</奬補助費_經>
        <債務費>0</債務費>
        <預備金_經>0</預備金_經>
        <經常支出小計>2668</經常支出小計>
        <業務費_資>0</業務費_資>
        <設備及投資>0</設備及投資>
        <奬補助費_資>0</奬補助費_資>
        <預備金_資>0</預備金_資>
        <資本支出小計>0</資本支出小計>
        <合計>2668</合計>
    </Row>
    <Row>
        <款/>
        <項/>
        <目/>
        <節>7</節>
        <科目名稱>國際合作及交流</科目名稱>
        <人事費>0</人事費>
        <業務費_經>6499</業務費_經>
        <奬補助費_經>0</奬補助費_經>
        <債務費>0</債務費>
        <預備金_經>0</預備金_經>
        <經常支出小計>6499</經常支出小計>
        <業務費_資>0</業務費_資>
        <設備及投資>0</設備及投資>
        <奬補助費_資>0</奬補助費_資>
        <預備金_資>0</預備金_資>
        <資本支出小計>0</資本支出小計>
        <合計>6499</合計>
    </Row>
    <Row>
        <款/>
        <項/>
        <目>3</目>
        <節/>
        <科目名稱>一般建築及設備</科目名稱>
        <人事費>0</人事費>
        <業務費_經>0</業務費_經>
        <奬補助費_經>0</奬補助費_經>
        <債務費>0</債務費>
        <預備金_經>0</預備金_經>
        <經常支出小計>0</經常支出小計>
        <業務費_資>0</業務費_資>
        <設備及投資>2795</設備及投資>
        <奬補助費_資>0</奬補助費_資>
        <預備金_資>0</預備金_資>
        <資本支出小計>2795</資本支出小計>
        <合計>2795</合計>
    </Row>
    <Row>
        <款/>
        <項/>
        <目/>
        <節>1</節>
        <科目名稱>其他設備</科目名稱>
        <人事費>0</人事費>
        <業務費_經>0</業務費_經>
        <奬補助費_經>0</奬補助費_經>
        <債務費>0</債務費>
        <預備金_經>0</預備金_經>
        <經常支出小計>0</經常支出小計>
        <業務費_資>0</業務費_資>
        <設備及投資>2795</設備及投資>
        <奬補助費_資>0</奬補助費_資>
        <預備金_資>0</預備金_資>
        <資本支出小計>2795</資本支出小計>
        <合計>2795</合計>
    </Row>
    <Row>
        <款/>
        <項/>
        <目>4</目>
        <節/>
        <科目名稱>第一預備金</科目名稱>
        <人事費>0</人事費>
        <業務費_經>0</業務費_經>
        <奬補助費_經>0</奬補助費_經>
        <債務費>0</債務費>
        <預備金_經>771</預備金_經>
        <經常支出小計>771</經常支出小計>
        <業務費_資>0</業務費_資>
        <設備及投資>0</設備及投資>
        <奬補助費_資>0</奬補助費_資>
        <預備金_資>0</預備金_資>
        <資本支出小計>0</資本支出小計>
        <合計>771</合計>
    </Row>
</Root>
