<?xml version="1.0" encoding="UTF-8"?>
<tables>
    <BCTMCAR>
        <BCTMCAR_row>
            <bq_fiscalyear>105</bq_fiscalyear>
            <bq_fundkind>1</bq_fundkind>
            <bq_budgetkind>1</bq_budgetkind>
            <bq_specialbudgetno/>
            <bq_agenno>23017047</bq_agenno>
            <bq_agentype>C</bq_agentype>
            <bq_budgetstate>1</bq_budgetstate>
            <bq_budgetno>35230174100</bq_budgetno>
            <bq_objectno>07351600</bq_objectno>
            <bq_carid>1</bq_carid>
            <bq_persons>1</bq_persons>
            <bq_buydate>09708</bq_buydate>
            <bq_ventsize>124</bq_ventsize>
            <bq_oilamt>792</bq_oilamt>
            <bq_oilprice>25.70</bq_oilprice>
            <bq_amt_maintain>5100.00</bq_amt_maintain>
            <bq_amt5>3000.00</bq_amt5>
            <bq_carnum>3</bq_carnum>
            <bq_remark>330-DRJ、331-DRJ、332-DRJ。</bq_remark>
            <bq_lpgamt>0</bq_lpgamt>
            <bq_lpgprice>0.00</bq_lpgprice>
            <bq_versiondate/>
        </BCTMCAR_row>
        <BCTMCAR_row>
            <bq_fiscalyear>105</bq_fiscalyear>
            <bq_fundkind>1</bq_fundkind>
            <bq_budgetkind>1</bq_budgetkind>
            <bq_specialbudgetno/>
            <bq_agenno>23017047</bq_agenno>
            <bq_agentype>C</bq_agentype>
            <bq_budgetstate>1</bq_budgetstate>
            <bq_budgetno>35230174100</bq_budgetno>
            <bq_objectno>07351600</bq_objectno>
            <bq_carid>2</bq_carid>
            <bq_persons>1</bq_persons>
            <bq_buydate>09503</bq_buydate>
            <bq_ventsize>125</bq_ventsize>
            <bq_oilamt>264</bq_oilamt>
            <bq_oilprice>25.70</bq_oilprice>
            <bq_amt_maintain>1700.00</bq_amt_maintain>
            <bq_amt5>1000.00</bq_amt5>
            <bq_carnum>1</bq_carnum>
            <bq_remark>M2U-113。</bq_remark>
            <bq_lpgamt>0</bq_lpgamt>
            <bq_lpgprice>0.00</bq_lpgprice>
            <bq_versiondate/>
        </BCTMCAR_row>
        <BCTMCAR_row>
            <bq_fiscalyear>105</bq_fiscalyear>
            <bq_fundkind>1</bq_fundkind>
            <bq_budgetkind>1</bq_budgetkind>
            <bq_specialbudgetno/>
            <bq_agenno>23017047</bq_agenno>
            <bq_agentype>C</bq_agentype>
            <bq_budgetstate>1</bq_budgetstate>
            <bq_budgetno>35230174100</bq_budgetno>
            <bq_objectno>07351400</bq_objectno>
            <bq_carid>667-WD</bq_carid>
            <bq_persons>20</bq_persons>
            <bq_buydate>09806</bq_buydate>
            <bq_ventsize>4009</bq_ventsize>
            <bq_oilamt>1416</bq_oilamt>
            <bq_oilprice>22.20</bq_oilprice>
            <bq_amt_maintain>51000.00</bq_amt_maintain>
            <bq_amt5>13893.00</bq_amt5>
            <bq_carnum>1</bq_carnum>
            <bq_remark/>
            <bq_lpgamt>0</bq_lpgamt>
            <bq_lpgprice>0.00</bq_lpgprice>
            <bq_versiondate/>
        </BCTMCAR_row>
        <BCTMCAR_row>
            <bq_fiscalyear>105</bq_fiscalyear>
            <bq_fundkind>1</bq_fundkind>
            <bq_budgetkind>1</bq_budgetkind>
            <bq_specialbudgetno/>
            <bq_agenno>23017047</bq_agenno>
            <bq_agentype>C</bq_agentype>
            <bq_budgetstate>1</bq_budgetstate>
            <bq_budgetno>35230174100</bq_budgetno>
            <bq_objectno>07350400</bq_objectno>
            <bq_carid>6R-4143</bq_carid>
            <bq_persons>8</bq_persons>
            <bq_buydate>09107</bq_buydate>
            <bq_ventsize>1968</bq_ventsize>
            <bq_oilamt>1416</bq_oilamt>
            <bq_oilprice>25.70</bq_oilprice>
            <bq_amt_maintain>51000.00</bq_amt_maintain>
            <bq_amt5>28223.00</bq_amt5>
            <bq_carnum>1</bq_carnum>
            <bq_remark>由已廢止設置許可救護車變更為公務轎車。</bq_remark>
            <bq_lpgamt>0</bq_lpgamt>
            <bq_lpgprice>0.00</bq_lpgprice>
            <bq_versiondate/>
        </BCTMCAR_row>
        <BCTMCAR_row>
            <bq_fiscalyear>105</bq_fiscalyear>
            <bq_fundkind>1</bq_fundkind>
            <bq_budgetkind>1</bq_budgetkind>
            <bq_specialbudgetno/>
            <bq_agenno>23017047</bq_agenno>
            <bq_agentype>C</bq_agentype>
            <bq_budgetstate>1</bq_budgetstate>
            <bq_budgetno>35230174100</bq_budgetno>
            <bq_objectno>07350400</bq_objectno>
            <bq_carid>6R-7845</bq_carid>
            <bq_persons>4</bq_persons>
            <bq_buydate>09111</bq_buydate>
            <bq_ventsize>1995</bq_ventsize>
            <bq_oilamt>1416</bq_oilamt>
            <bq_oilprice>25.70</bq_oilprice>
            <bq_amt_maintain>51000.00</bq_amt_maintain>
            <bq_amt5>34494.00</bq_amt5>
            <bq_carnum>1</bq_carnum>
            <bq_remark/>
            <bq_lpgamt>0</bq_lpgamt>
            <bq_lpgprice>0.00</bq_lpgprice>
            <bq_versiondate/>
        </BCTMCAR_row>
    </BCTMCAR>
</tables>

