<?xml version="1.0" encoding="UTF-8"?>
<tables>
    <BCTDMANAMT>
        <BCTDMANAMT_row>
            <bn_fiscalyear>105</bn_fiscalyear>
            <bn_fundkind>1</bn_fundkind>
            <bn_budgetkind>1</bn_budgetkind>
            <bn_specialbudgetno/>
            <bn_agenno>23017042</bn_agenno>
            <bn_agentype>C</bn_agentype>
            <bn_budgetstate>1</bn_budgetstate>
            <bn_budgetsource>1</bn_budgetsource>
            <bn_man1>71</bn_man1>
            <bn_man1_l>71</bn_man1_l>
            <bn_man2>0</bn_man2>
            <bn_man2_l>0</bn_man2_l>
            <bn_man3>0</bn_man3>
            <bn_man3_l>0</bn_man3_l>
            <bn_man4>2</bn_man4>
            <bn_man4_l>2</bn_man4_l>
            <bn_man5>0</bn_man5>
            <bn_man5_l>0</bn_man5_l>
            <bn_man6>5</bn_man6>
            <bn_man6_l>5</bn_man6_l>
            <bn_man7>0</bn_man7>
            <bn_man7_l>0</bn_man7_l>
            <bn_man8>1</bn_man8>
            <bn_man8_l>1</bn_man8_l>
            <bn_man9>2</bn_man9>
            <bn_man9_l>2</bn_man9_l>
            <bn_man10>0</bn_man10>
            <bn_man10_l>0</bn_man10_l>
            <bn_man11>0</bn_man11>
            <bn_man11_l>0</bn_man11_l>
            <bn_amt_man>64276000.00</bn_amt_man>
            <bn_amt_mngbsn>61855000.00</bn_amt_mngbsn>
            <bn_text>以「矯正業務-基本行政工作維持」計畫之業務費項下，預計進用勞務承攬2人，經費1,100千元。</bn_text>
            <display_name>35230174100 矯正業務</display_name>
        </BCTDMANAMT_row>
    </BCTDMANAMT>
</tables>
