<?xml version="1.0" encoding="UTF-8"?>
<tables>
    <BCME3450>
        <BCME3450_row>
            <objectNo>合計</objectNo>
            <budgetno_3523174100>199739.00</budgetno_3523174100>
            <total>199739.00</total>
        </BCME3450_row>
        <BCME3450_row>
            <objectNo>0100 人事費</objectNo>
            <budgetno_3523174100>181456.00</budgetno_3523174100>
            <total>181456.00</total>
        </BCME3450_row>
        <BCME3450_row>
            <objectNo>  0103 法定編制人員待遇</objectNo>
            <budgetno_3523174100>113666.00</budgetno_3523174100>
            <total>113666.00</total>
        </BCME3450_row>
        <BCME3450_row>
            <objectNo>  0104 約聘僱人員待遇</objectNo>
            <budgetno_3523174100>2932.00</budgetno_3523174100>
            <total>2932.00</total>
        </BCME3450_row>
        <BCME3450_row>
            <objectNo>  0105 技工及工友待遇</objectNo>
            <budgetno_3523174100>2366.00</budgetno_3523174100>
            <total>2366.00</total>
        </BCME3450_row>
        <BCME3450_row>
            <objectNo>  0111 獎金</objectNo>
            <budgetno_3523174100>24246.00</budgetno_3523174100>
            <total>24246.00</total>
        </BCME3450_row>
        <BCME3450_row>
            <objectNo>  0121 其他給與</objectNo>
            <budgetno_3523174100>1815.00</budgetno_3523174100>
            <total>1815.00</total>
        </BCME3450_row>
        <BCME3450_row>
            <objectNo>  0131 加班值班費</objectNo>
            <budgetno_3523174100>16014.00</budgetno_3523174100>
            <total>16014.00</total>
        </BCME3450_row>
        <BCME3450_row>
            <objectNo>  0143 退休離職儲金</objectNo>
            <budgetno_3523174100>9519.00</budgetno_3523174100>
            <total>9519.00</total>
        </BCME3450_row>
        <BCME3450_row>
            <objectNo>  0151 保險</objectNo>
            <budgetno_3523174100>10898.00</budgetno_3523174100>
            <total>10898.00</total>
        </BCME3450_row>
        <BCME3450_row>
            <objectNo>0200 業務費</objectNo>
            <budgetno_3523174100>16496.00</budgetno_3523174100>
            <total>16496.00</total>
        </BCME3450_row>
        <BCME3450_row>
            <objectNo>  0201 教育訓練費</objectNo>
            <budgetno_3523174100>432.00</budgetno_3523174100>
            <total>432.00</total>
        </BCME3450_row>
        <BCME3450_row>
            <objectNo>  0202 水電費</objectNo>
            <budgetno_3523174100>5815.00</budgetno_3523174100>
            <total>5815.00</total>
        </BCME3450_row>
        <BCME3450_row>
            <objectNo>  0203 通訊費</objectNo>
            <budgetno_3523174100>370.00</budgetno_3523174100>
            <total>370.00</total>
        </BCME3450_row>
        <BCME3450_row>
            <objectNo>  0215 資訊服務費</objectNo>
            <budgetno_3523174100>162.00</budgetno_3523174100>
            <total>162.00</total>
        </BCME3450_row>
        <BCME3450_row>
            <objectNo>  0219 其他業務租金</objectNo>
            <budgetno_3523174100>192.00</budgetno_3523174100>
            <total>192.00</total>
        </BCME3450_row>
        <BCME3450_row>
            <objectNo>  0221 稅捐及規費</objectNo>
            <budgetno_3523174100>20.00</budgetno_3523174100>
            <total>20.00</total>
        </BCME3450_row>
        <BCME3450_row>
            <objectNo>  0231 保險費</objectNo>
            <budgetno_3523174100>116.00</budgetno_3523174100>
            <total>116.00</total>
        </BCME3450_row>
        <BCME3450_row>
            <objectNo>  0250 按日按件計資酬金</objectNo>
            <budgetno_3523174100>742.00</budgetno_3523174100>
            <total>742.00</total>
        </BCME3450_row>
        <BCME3450_row>
            <objectNo>  0262 國內組織會費</objectNo>
            <budgetno_3523174100>10.00</budgetno_3523174100>
            <total>10.00</total>
        </BCME3450_row>
        <BCME3450_row>
            <objectNo>  0271 物品</objectNo>
            <budgetno_3523174100>2438.00</budgetno_3523174100>
            <total>2438.00</total>
        </BCME3450_row>
        <BCME3450_row>
            <objectNo>  0279 一般事務費</objectNo>
            <budgetno_3523174100>3689.00</budgetno_3523174100>
            <total>3689.00</total>
        </BCME3450_row>
        <BCME3450_row>
            <objectNo>  0282 房屋建築養護費</objectNo>
            <budgetno_3523174100>981.00</budgetno_3523174100>
            <total>981.00</total>
        </BCME3450_row>
        <BCME3450_row>
            <objectNo>  0283 車輛及辦公器具養護費</objectNo>
            <budgetno_3523174100>415.00</budgetno_3523174100>
            <total>415.00</total>
        </BCME3450_row>
        <BCME3450_row>
            <objectNo>  0284 設施及機械設備養護費</objectNo>
            <budgetno_3523174100>400.00</budgetno_3523174100>
            <total>400.00</total>
        </BCME3450_row>
        <BCME3450_row>
            <objectNo>  0291 國內旅費</objectNo>
            <budgetno_3523174100>600.00</budgetno_3523174100>
            <total>600.00</total>
        </BCME3450_row>
        <BCME3450_row>
            <objectNo>  0294 運費</objectNo>
            <budgetno_3523174100>20.00</budgetno_3523174100>
            <total>20.00</total>
        </BCME3450_row>
        <BCME3450_row>
            <objectNo>  0299 特別費</objectNo>
            <budgetno_3523174100>94.00</budgetno_3523174100>
            <total>94.00</total>
        </BCME3450_row>
        <BCME3450_row>
            <objectNo>0300 設備及投資</objectNo>
            <budgetno_3523174100>1647.00</budgetno_3523174100>
            <total>1647.00</total>
        </BCME3450_row>
        <BCME3450_row>
            <objectNo>  0319 雜項設備費</objectNo>
            <budgetno_3523174100>1647.00</budgetno_3523174100>
            <total>1647.00</total>
        </BCME3450_row>
        <BCME3450_row>
            <objectNo>0400 獎補助費</objectNo>
            <budgetno_3523174100>140.00</budgetno_3523174100>
            <total>140.00</total>
        </BCME3450_row>
        <BCME3450_row>
            <objectNo>  0475 獎勵及慰問</objectNo>
            <budgetno_3523174100>140.00</budgetno_3523174100>
            <total>140.00</total>
        </BCME3450_row>
    </BCME3450>
</tables>
