<?xml version="1.0" encoding="UTF-8"?>
<Root>
    <Row>
        <款>27</款>
        <項/>
        <目/>
        <節/>
        <科目名稱>省市地方政府</科目名稱>
        <人事費>49114</人事費>
        <業務費_經>23348</業務費_經>
        <奬補助費_經>636</奬補助費_經>
        <債務費>0</債務費>
        <預備金_經>10</預備金_經>
        <經常支出小計>73108</經常支出小計>
        <業務費_資>0</業務費_資>
        <設備及投資>3480</設備及投資>
        <奬補助費_資>0</奬補助費_資>
        <預備金_資>0</預備金_資>
        <資本支出小計>3480</資本支出小計>
        <合計>76588</合計>
    </Row>
    <Row>
        <款/>
        <項>2</項>
        <目/>
        <節/>
        <科目名稱>臺灣省諮議會</科目名稱>
        <人事費>49114</人事費>
        <業務費_經>23348</業務費_經>
        <奬補助費_經>636</奬補助費_經>
        <債務費>0</債務費>
        <預備金_經>10</預備金_經>
        <經常支出小計>73108</經常支出小計>
        <業務費_資>0</業務費_資>
        <設備及投資>3480</設備及投資>
        <奬補助費_資>0</奬補助費_資>
        <預備金_資>0</預備金_資>
        <資本支出小計>3480</資本支出小計>
        <合計>76588</合計>
    </Row>
    <Row>
        <款/>
        <項/>
        <目/>
        <節/>
        <科目名稱>行政支出</科目名稱>
        <人事費>48994</人事費>
        <業務費_經>22764</業務費_經>
        <奬補助費_經>636</奬補助費_經>
        <債務費>0</債務費>
        <預備金_經>10</預備金_經>
        <經常支出小計>72404</經常支出小計>
        <業務費_資>0</業務費_資>
        <設備及投資>2479</設備及投資>
        <奬補助費_資>0</奬補助費_資>
        <預備金_資>0</預備金_資>
        <資本支出小計>2479</資本支出小計>
        <合計>74883</合計>
    </Row>
    <Row>
        <款/>
        <項/>
        <目>1</目>
        <節/>
        <科目名稱>一般行政</科目名稱>
        <人事費>48700</人事費>
        <業務費_經>13445</業務費_經>
        <奬補助費_經>636</奬補助費_經>
        <債務費>0</債務費>
        <預備金_經>0</預備金_經>
        <經常支出小計>62781</經常支出小計>
        <業務費_資>0</業務費_資>
        <設備及投資>205</設備及投資>
        <奬補助費_資>0</奬補助費_資>
        <預備金_資>0</預備金_資>
        <資本支出小計>205</資本支出小計>
        <合計>62986</合計>
    </Row>
    <Row>
        <款/>
        <項/>
        <目>2</目>
        <節/>
        <科目名稱>議員諮詢業務</科目名稱>
        <人事費>0</人事費>
        <業務費_經>3576</業務費_經>
        <奬補助費_經>0</奬補助費_經>
        <債務費>0</債務費>
        <預備金_經>0</預備金_經>
        <經常支出小計>3576</經常支出小計>
        <業務費_資>0</業務費_資>
        <設備及投資>0</設備及投資>
        <奬補助費_資>0</奬補助費_資>
        <預備金_資>0</預備金_資>
        <資本支出小計>0</資本支出小計>
        <合計>3576</合計>
    </Row>
    <Row>
        <款/>
        <項/>
        <目/>
        <節>1</節>
        <科目名稱>諮議員費用</科目名稱>
        <人事費>0</人事費>
        <業務費_經>2614</業務費_經>
        <奬補助費_經>0</奬補助費_經>
        <債務費>0</債務費>
        <預備金_經>0</預備金_經>
        <經常支出小計>2614</經常支出小計>
        <業務費_資>0</業務費_資>
        <設備及投資>0</設備及投資>
        <奬補助費_資>0</奬補助費_資>
        <預備金_資>0</預備金_資>
        <資本支出小計>0</資本支出小計>
        <合計>2614</合計>
    </Row>
    <Row>
        <款/>
        <項/>
        <目/>
        <節>2</節>
        <科目名稱>議會交流事務</科目名稱>
        <人事費>0</人事費>
        <業務費_經>432</業務費_經>
        <奬補助費_經>0</奬補助費_經>
        <債務費>0</債務費>
        <預備金_經>0</預備金_經>
        <經常支出小計>432</經常支出小計>
        <業務費_資>0</業務費_資>
        <設備及投資>0</設備及投資>
        <奬補助費_資>0</奬補助費_資>
        <預備金_資>0</預備金_資>
        <資本支出小計>0</資本支出小計>
        <合計>432</合計>
    </Row>
    <Row>
        <款/>
        <項/>
        <目/>
        <節>3</節>
        <科目名稱>諮議員會館</科目名稱>
        <人事費>0</人事費>
        <業務費_經>530</業務費_經>
        <奬補助費_經>0</奬補助費_經>
        <債務費>0</債務費>
        <預備金_經>0</預備金_經>
        <經常支出小計>530</經常支出小計>
        <業務費_資>0</業務費_資>
        <設備及投資>0</設備及投資>
        <奬補助費_資>0</奬補助費_資>
        <預備金_資>0</預備金_資>
        <資本支出小計>0</資本支出小計>
        <合計>530</合計>
    </Row>
    <Row>
        <款/>
        <項/>
        <目>3</目>
        <節/>
        <科目名稱>議事業務</科目名稱>
        <人事費>109</人事費>
        <業務費_經>1183</業務費_經>
        <奬補助費_經>0</奬補助費_經>
        <債務費>0</債務費>
        <預備金_經>0</預備金_經>
        <經常支出小計>1292</經常支出小計>
        <業務費_資>0</業務費_資>
        <設備及投資>0</設備及投資>
        <奬補助費_資>0</奬補助費_資>
        <預備金_資>0</預備金_資>
        <資本支出小計>0</資本支出小計>
        <合計>1292</合計>
    </Row>
    <Row>
        <款/>
        <項/>
        <目/>
        <節>1</節>
        <科目名稱>召開大會</科目名稱>
        <人事費>109</人事費>
        <業務費_經>944</業務費_經>
        <奬補助費_經>0</奬補助費_經>
        <債務費>0</債務費>
        <預備金_經>0</預備金_經>
        <經常支出小計>1053</經常支出小計>
        <業務費_資>0</業務費_資>
        <設備及投資>0</設備及投資>
        <奬補助費_資>0</奬補助費_資>
        <預備金_資>0</預備金_資>
        <資本支出小計>0</資本支出小計>
        <合計>1053</合計>
    </Row>
    <Row>
        <款/>
        <項/>
        <目/>
        <節>2</節>
        <科目名稱>議事文物管理</科目名稱>
        <人事費>0</人事費>
        <業務費_經>239</業務費_經>
        <奬補助費_經>0</奬補助費_經>
        <債務費>0</債務費>
        <預備金_經>0</預備金_經>
        <經常支出小計>239</經常支出小計>
        <業務費_資>0</業務費_資>
        <設備及投資>0</設備及投資>
        <奬補助費_資>0</奬補助費_資>
        <預備金_資>0</預備金_資>
        <資本支出小計>0</資本支出小計>
        <合計>239</合計>
    </Row>
    <Row>
        <款/>
        <項/>
        <目>4</目>
        <節/>
        <科目名稱>研究業務</科目名稱>
        <人事費>185</人事費>
        <業務費_經>4560</業務費_經>
        <奬補助費_經>0</奬補助費_經>
        <債務費>0</債務費>
        <預備金_經>0</預備金_經>
        <經常支出小計>4745</經常支出小計>
        <業務費_資>0</業務費_資>
        <設備及投資>1765</設備及投資>
        <奬補助費_資>0</奬補助費_資>
        <預備金_資>0</預備金_資>
        <資本支出小計>1765</資本支出小計>
        <合計>6510</合計>
    </Row>
    <Row>
        <款/>
        <項/>
        <目/>
        <節>1</節>
        <科目名稱>研究發展及諮詢</科目名稱>
        <人事費>151</人事費>
        <業務費_經>3804</業務費_經>
        <奬補助費_經>0</奬補助費_經>
        <債務費>0</債務費>
        <預備金_經>0</預備金_經>
        <經常支出小計>3955</經常支出小計>
        <業務費_資>0</業務費_資>
        <設備及投資>0</設備及投資>
        <奬補助費_資>0</奬補助費_資>
        <預備金_資>0</預備金_資>
        <資本支出小計>0</資本支出小計>
        <合計>3955</合計>
    </Row>
    <Row>
        <款/>
        <項/>
        <目/>
        <節>2</節>
        <科目名稱>資訊管理</科目名稱>
        <人事費>34</人事費>
        <業務費_經>756</業務費_經>
        <奬補助費_經>0</奬補助費_經>
        <債務費>0</債務費>
        <預備金_經>0</預備金_經>
        <經常支出小計>790</經常支出小計>
        <業務費_資>0</業務費_資>
        <設備及投資>1765</設備及投資>
        <奬補助費_資>0</奬補助費_資>
        <預備金_資>0</預備金_資>
        <資本支出小計>1765</資本支出小計>
        <合計>2555</合計>
    </Row>
    <Row>
        <款/>
        <項/>
        <目>5</目>
        <節/>
        <科目名稱>一般建築及設備</科目名稱>
        <人事費>0</人事費>
        <業務費_經>0</業務費_經>
        <奬補助費_經>0</奬補助費_經>
        <債務費>0</債務費>
        <預備金_經>0</預備金_經>
        <經常支出小計>0</經常支出小計>
        <業務費_資>0</業務費_資>
        <設備及投資>509</設備及投資>
        <奬補助費_資>0</奬補助費_資>
        <預備金_資>0</預備金_資>
        <資本支出小計>509</資本支出小計>
        <合計>509</合計>
    </Row>
    <Row>
        <款/>
        <項/>
        <目/>
        <節>1</節>
        <科目名稱>其他設備</科目名稱>
        <人事費>0</人事費>
        <業務費_經>0</業務費_經>
        <奬補助費_經>0</奬補助費_經>
        <債務費>0</債務費>
        <預備金_經>0</預備金_經>
        <經常支出小計>0</經常支出小計>
        <業務費_資>0</業務費_資>
        <設備及投資>509</設備及投資>
        <奬補助費_資>0</奬補助費_資>
        <預備金_資>0</預備金_資>
        <資本支出小計>509</資本支出小計>
        <合計>509</合計>
    </Row>
    <Row>
        <款/>
        <項/>
        <目>6</目>
        <節/>
        <科目名稱>第一預備金</科目名稱>
        <人事費>0</人事費>
        <業務費_經>0</業務費_經>
        <奬補助費_經>0</奬補助費_經>
        <債務費>0</債務費>
        <預備金_經>10</預備金_經>
        <經常支出小計>10</經常支出小計>
        <業務費_資>0</業務費_資>
        <設備及投資>0</設備及投資>
        <奬補助費_資>0</奬補助費_資>
        <預備金_資>0</預備金_資>
        <資本支出小計>0</資本支出小計>
        <合計>10</合計>
    </Row>
    <Row>
        <款/>
        <項/>
        <目/>
        <節/>
        <科目名稱>文化支出</科目名稱>
        <人事費>120</人事費>
        <業務費_經>584</業務費_經>
        <奬補助費_經>0</奬補助費_經>
        <債務費>0</債務費>
        <預備金_經>0</預備金_經>
        <經常支出小計>704</經常支出小計>
        <業務費_資>0</業務費_資>
        <設備及投資>1001</設備及投資>
        <奬補助費_資>0</奬補助費_資>
        <預備金_資>0</預備金_資>
        <資本支出小計>1001</資本支出小計>
        <合計>1705</合計>
    </Row>
    <Row>
        <款/>
        <項/>
        <目>7</目>
        <節/>
        <科目名稱>臺灣議政史料典藏及展示業務</科目名稱>
        <人事費>120</人事費>
        <業務費_經>584</業務費_經>
        <奬補助費_經>0</奬補助費_經>
        <債務費>0</債務費>
        <預備金_經>0</預備金_經>
        <經常支出小計>704</經常支出小計>
        <業務費_資>0</業務費_資>
        <設備及投資>1001</設備及投資>
        <奬補助費_資>0</奬補助費_資>
        <預備金_資>0</預備金_資>
        <資本支出小計>1001</資本支出小計>
        <合計>1705</合計>
    </Row>
</Root>
