<?xml version="1.0" encoding="UTF-8"?>
<tables>
    <BCTMCAR>
        <BCTMCAR_row>
            <bq_fiscalyear>105</bq_fiscalyear>
            <bq_fundkind>1</bq_fundkind>
            <bq_budgetkind>1</bq_budgetkind>
            <bq_specialbudgetno/>
            <bq_agenno>71016</bq_agenno>
            <bq_agentype>C</bq_agentype>
            <bq_budgetstate>1</bq_budgetstate>
            <bq_budgetno>33710160100</bq_budgetno>
            <bq_objectno>07350100</bq_objectno>
            <bq_carid>1663-G2</bq_carid>
            <bq_persons>4</bq_persons>
            <bq_buydate>10004</bq_buydate>
            <bq_ventsize>2400</bq_ventsize>
            <bq_oilamt>852</bq_oilamt>
            <bq_oilprice>25.70</bq_oilprice>
            <bq_amt_maintain>34000.00</bq_amt_maintain>
            <bq_amt5>50000.00</bq_amt5>
            <bq_carnum>1</bq_carnum>
            <bq_remark>油氣雙燃料車。</bq_remark>
            <bq_lpgamt>972</bq_lpgamt>
            <bq_lpgprice>18.40</bq_lpgprice>
            <bq_versiondate/>
        </BCTMCAR_row>
        <BCTMCAR_row>
            <bq_fiscalyear>105</bq_fiscalyear>
            <bq_fundkind>1</bq_fundkind>
            <bq_budgetkind>1</bq_budgetkind>
            <bq_specialbudgetno/>
            <bq_agenno>71016</bq_agenno>
            <bq_agentype>C</bq_agentype>
            <bq_budgetstate>1</bq_budgetstate>
            <bq_budgetno>33710160100</bq_budgetno>
            <bq_objectno>07350800</bq_objectno>
            <bq_carid>ABZ-5872</bq_carid>
            <bq_persons>7</bq_persons>
            <bq_buydate>10203</bq_buydate>
            <bq_ventsize>2500</bq_ventsize>
            <bq_oilamt>852</bq_oilamt>
            <bq_oilprice>25.70</bq_oilprice>
            <bq_amt_maintain>25500.00</bq_amt_maintain>
            <bq_amt5>50000.00</bq_amt5>
            <bq_carnum>1</bq_carnum>
            <bq_remark>油氣雙燃料車。</bq_remark>
            <bq_lpgamt>972</bq_lpgamt>
            <bq_lpgprice>18.40</bq_lpgprice>
            <bq_versiondate/>
        </BCTMCAR_row>
        <BCTMCAR_row>
            <bq_fiscalyear>105</bq_fiscalyear>
            <bq_fundkind>1</bq_fundkind>
            <bq_budgetkind>1</bq_budgetkind>
            <bq_specialbudgetno/>
            <bq_agenno>71016</bq_agenno>
            <bq_agentype>C</bq_agentype>
            <bq_budgetstate>1</bq_budgetstate>
            <bq_budgetno>33710160100</bq_budgetno>
            <bq_objectno>07350800</bq_objectno>
            <bq_carid>ABZ-5873</bq_carid>
            <bq_persons>7</bq_persons>
            <bq_buydate>10203</bq_buydate>
            <bq_ventsize>2500</bq_ventsize>
            <bq_oilamt>852</bq_oilamt>
            <bq_oilprice>25.70</bq_oilprice>
            <bq_amt_maintain>25500.00</bq_amt_maintain>
            <bq_amt5>50000.00</bq_amt5>
            <bq_carnum>1</bq_carnum>
            <bq_remark>油氣雙燃料車。</bq_remark>
            <bq_lpgamt>972</bq_lpgamt>
            <bq_lpgprice>18.40</bq_lpgprice>
            <bq_versiondate/>
        </BCTMCAR_row>
        <BCTMCAR_row>
            <bq_fiscalyear>105</bq_fiscalyear>
            <bq_fundkind>1</bq_fundkind>
            <bq_budgetkind>1</bq_budgetkind>
            <bq_specialbudgetno/>
            <bq_agenno>71016</bq_agenno>
            <bq_agentype>C</bq_agentype>
            <bq_budgetstate>1</bq_budgetstate>
            <bq_budgetno>33710160100</bq_budgetno>
            <bq_objectno>07350500</bq_objectno>
            <bq_carid>WO-258</bq_carid>
            <bq_persons>41</bq_persons>
            <bq_buydate>86 01</bq_buydate>
            <bq_ventsize>11020</bq_ventsize>
            <bq_oilamt>2280</bq_oilamt>
            <bq_oilprice>22.20</bq_oilprice>
            <bq_amt_maintain>51000.00</bq_amt_maintain>
            <bq_amt5>90000.00</bq_amt5>
            <bq_carnum>1</bq_carnum>
            <bq_remark/>
            <bq_lpgamt>0</bq_lpgamt>
            <bq_lpgprice>0.00</bq_lpgprice>
            <bq_versiondate/>
        </BCTMCAR_row>
        <BCTMCAR_row>
            <bq_fiscalyear>105</bq_fiscalyear>
            <bq_fundkind>1</bq_fundkind>
            <bq_budgetkind>1</bq_budgetkind>
            <bq_specialbudgetno/>
            <bq_agenno>71016</bq_agenno>
            <bq_agentype>C</bq_agentype>
            <bq_budgetstate>1</bq_budgetstate>
            <bq_budgetno>33710160100</bq_budgetno>
            <bq_objectno>07350600</bq_objectno>
            <bq_carid>WP-419</bq_carid>
            <bq_persons>20</bq_persons>
            <bq_buydate>86 06</bq_buydate>
            <bq_ventsize>3600</bq_ventsize>
            <bq_oilamt>1668</bq_oilamt>
            <bq_oilprice>22.20</bq_oilprice>
            <bq_amt_maintain>51000.00</bq_amt_maintain>
            <bq_amt5>50000.00</bq_amt5>
            <bq_carnum>1</bq_carnum>
            <bq_remark/>
            <bq_lpgamt>0</bq_lpgamt>
            <bq_lpgprice>0.00</bq_lpgprice>
            <bq_versiondate/>
        </BCTMCAR_row>
    </BCTMCAR>
</tables>
