<?xml version="1.0" encoding="UTF-8"?>
<tables>
    <BCME3470>
        <BCME3470_row>
            <budgetno>00710000000</budgetno>
            <budgetname>省市地方政府</budgetname>
            <damt1>0.000000</damt1>
            <damt2>1206.000000</damt2>
            <damt3>0.000000</damt3>
            <damt4>0.000000</damt4>
            <damt5>0.000000</damt5>
            <damt6>1765.000000</damt6>
            <damt7>509.000000</damt7>
            <damt8>0.000000</damt8>
            <damt9>0.000000</damt9>
            <damt10>3480.000000</damt10>
            <no1>27</no1>
            <no2>00</no2>
            <no3>00</no3>
            <no4>00</no4>
            <budgetno_conver>0071000000</budgetno_conver>
            <b_level>1</b_level>
        </BCME3470_row>
        <BCME3470_row>
            <budgetno>00710160000</budgetno>
            <budgetname>臺灣省諮議會</budgetname>
            <damt1>0.000000</damt1>
            <damt2>1206.000000</damt2>
            <damt3>0.000000</damt3>
            <damt4>0.000000</damt4>
            <damt5>0.000000</damt5>
            <damt6>1765.000000</damt6>
            <damt7>509.000000</damt7>
            <damt8>0.000000</damt8>
            <damt9>0.000000</damt9>
            <damt10>3480.000000</damt10>
            <no1>27</no1>
            <no2>02</no2>
            <no3>00</no3>
            <no4>00</no4>
            <budgetno_conver>0071160000</budgetno_conver>
            <b_level>2</b_level>
        </BCME3470_row>
        <BCME3470_row>
            <budgetno>33710160000</budgetno>
            <budgetname>行政支出</budgetname>
            <damt1>0.000000</damt1>
            <damt2>205.000000</damt2>
            <damt3>0.000000</damt3>
            <damt4>0.000000</damt4>
            <damt5>0.000000</damt5>
            <damt6>1765.000000</damt6>
            <damt7>509.000000</damt7>
            <damt8>0.000000</damt8>
            <damt9>0.000000</damt9>
            <damt10>2479.000000</damt10>
            <no1>27</no1>
            <no2/>
            <no3/>
            <no4>999</no4>
            <budgetno_conver>3371160000</budgetno_conver>
            <b_level>2</b_level>
        </BCME3470_row>
        <BCME3470_row>
            <budgetno>33710160100</budgetno>
            <budgetname>一般行政</budgetname>
            <damt1>0.000000</damt1>
            <damt2>205.000000</damt2>
            <damt3>0.000000</damt3>
            <damt4>0.000000</damt4>
            <damt5>0.000000</damt5>
            <damt6>0.000000</damt6>
            <damt7>0.000000</damt7>
            <damt8>0.000000</damt8>
            <damt9>0.000000</damt9>
            <damt10>205.000000</damt10>
            <no1>27</no1>
            <no2>02</no2>
            <no3>01</no3>
            <no4>00</no4>
            <budgetno_conver>3371160100</budgetno_conver>
            <b_level>3</b_level>
        </BCME3470_row>
        <BCME3470_row>
            <budgetno>33710160400</budgetno>
            <budgetname>研究業務</budgetname>
            <damt1>0.000000</damt1>
            <damt2>0.000000</damt2>
            <damt3>0.000000</damt3>
            <damt4>0.000000</damt4>
            <damt5>0.000000</damt5>
            <damt6>1765.000000</damt6>
            <damt7>0.000000</damt7>
            <damt8>0.000000</damt8>
            <damt9>0.000000</damt9>
            <damt10>1765.000000</damt10>
            <no1>27</no1>
            <no2>02</no2>
            <no3>04</no3>
            <no4>00</no4>
            <budgetno_conver>3371160400</budgetno_conver>
            <b_level>3</b_level>
        </BCME3470_row>
        <BCME3470_row>
            <budgetno>33710160402</budgetno>
            <budgetname>資訊管理</budgetname>
            <damt1>0.000000</damt1>
            <damt2>0.000000</damt2>
            <damt3>0.000000</damt3>
            <damt4>0.000000</damt4>
            <damt5>0.000000</damt5>
            <damt6>1765.000000</damt6>
            <damt7>0.000000</damt7>
            <damt8>0.000000</damt8>
            <damt9>0.000000</damt9>
            <damt10>1765.000000</damt10>
            <no1>27</no1>
            <no2>02</no2>
            <no3>04</no3>
            <no4>02</no4>
            <budgetno_conver>3371160402</budgetno_conver>
            <b_level>4</b_level>
        </BCME3470_row>
        <BCME3470_row>
            <budgetno>33710169000</budgetno>
            <budgetname>一般建築及設備</budgetname>
            <damt1>0.000000</damt1>
            <damt2>0.000000</damt2>
            <damt3>0.000000</damt3>
            <damt4>0.000000</damt4>
            <damt5>0.000000</damt5>
            <damt6>0.000000</damt6>
            <damt7>509.000000</damt7>
            <damt8>0.000000</damt8>
            <damt9>0.000000</damt9>
            <damt10>509.000000</damt10>
            <no1>27</no1>
            <no2>02</no2>
            <no3>05</no3>
            <no4>00</no4>
            <budgetno_conver>3371169000</budgetno_conver>
            <b_level>3</b_level>
        </BCME3470_row>
        <BCME3470_row>
            <budgetno>33710169019</budgetno>
            <budgetname>其他設備</budgetname>
            <damt1>0.000000</damt1>
            <damt2>0.000000</damt2>
            <damt3>0.000000</damt3>
            <damt4>0.000000</damt4>
            <damt5>0.000000</damt5>
            <damt6>0.000000</damt6>
            <damt7>509.000000</damt7>
            <damt8>0.000000</damt8>
            <damt9>0.000000</damt9>
            <damt10>509.000000</damt10>
            <no1>27</no1>
            <no2>02</no2>
            <no3>05</no3>
            <no4>01</no4>
            <budgetno_conver>3371169019</budgetno_conver>
            <b_level>4</b_level>
        </BCME3470_row>
        <BCME3470_row>
            <budgetno>53710160000</budgetno>
            <budgetname>文化支出</budgetname>
            <damt1>0.000000</damt1>
            <damt2>1001.000000</damt2>
            <damt3>0.000000</damt3>
            <damt4>0.000000</damt4>
            <damt5>0.000000</damt5>
            <damt6>0.000000</damt6>
            <damt7>0.000000</damt7>
            <damt8>0.000000</damt8>
            <damt9>0.000000</damt9>
            <damt10>1001.000000</damt10>
            <no1>27</no1>
            <no2/>
            <no3/>
            <no4>999</no4>
            <budgetno_conver>5371160000</budgetno_conver>
            <b_level>2</b_level>
        </BCME3470_row>
        <BCME3470_row>
            <budgetno>53710160500</budgetno>
            <budgetname>臺灣議政史料典藏及展示業務</budgetname>
            <damt1>0.000000</damt1>
            <damt2>1001.000000</damt2>
            <damt3>0.000000</damt3>
            <damt4>0.000000</damt4>
            <damt5>0.000000</damt5>
            <damt6>0.000000</damt6>
            <damt7>0.000000</damt7>
            <damt8>0.000000</damt8>
            <damt9>0.000000</damt9>
            <damt10>1001.000000</damt10>
            <no1>27</no1>
            <no2>02</no2>
            <no3>07</no3>
            <no4>00</no4>
            <budgetno_conver>5371160500</budgetno_conver>
            <b_level>3</b_level>
        </BCME3470_row>
    </BCME3470>
</tables>
