<?xml version="1.0" encoding="UTF-8"?>
<tables>
    <BCTDMANAMT>
        <BCTDMANAMT_row>
            <bn_fiscalyear>104</bn_fiscalyear>
            <bn_fundkind>1</bn_fundkind>
            <bn_budgetkind>1</bn_budgetkind>
            <bn_specialbudgetno/>
            <bn_agenno>71016</bn_agenno>
            <bn_agentype>C</bn_agentype>
            <bn_budgetstate>2</bn_budgetstate>
            <bn_budgetsource>1</bn_budgetsource>
            <bn_man1>20</bn_man1>
            <bn_man1_l>19</bn_man1_l>
            <bn_man2>0</bn_man2>
            <bn_man2_l>0</bn_man2_l>
            <bn_man3>1</bn_man3>
            <bn_man3_l>2</bn_man3_l>
            <bn_man4>7</bn_man4>
            <bn_man4_l>7</bn_man4_l>
            <bn_man5>0</bn_man5>
            <bn_man5_l>0</bn_man5_l>
            <bn_man6>6</bn_man6>
            <bn_man6_l>6</bn_man6_l>
            <bn_man7>0</bn_man7>
            <bn_man7_l>0</bn_man7_l>
            <bn_man8>0</bn_man8>
            <bn_man8_l>0</bn_man8_l>
            <bn_man9>9</bn_man9>
            <bn_man9_l>9</bn_man9_l>
            <bn_man10>0</bn_man10>
            <bn_man10_l>0</bn_man10_l>
            <bn_man11>0</bn_man11>
            <bn_man11_l>0</bn_man11_l>
            <bn_amt_man>38710000.00</bn_amt_man>
            <bn_amt_mngbsn>39074000.00</bn_amt_mngbsn>
            <bn_text>&amp;lt;#H1&amp;gt;年需經費係扣除加班值班費。&amp;lt;#H1&amp;gt;104年度業務費進用殘障臨時人員2人369千元、數位典藏加值應用及推動地方議會議事資料數位化計畫勞務採購承攬人力預計10人、金額3,936千元。</bn_text>
            <display_name>33710160100 一般行政</display_name>
        </BCTDMANAMT_row>
        <BCTDMANAMT_row>
            <bn_fiscalyear>104</bn_fiscalyear>
            <bn_fundkind>1</bn_fundkind>
            <bn_budgetkind>1</bn_budgetkind>
            <bn_specialbudgetno/>
            <bn_agenno>71016</bn_agenno>
            <bn_agentype>C</bn_agentype>
            <bn_budgetstate>2</bn_budgetstate>
            <bn_budgetsource>1</bn_budgetsource>
            <bn_man1>0</bn_man1>
            <bn_man1_l>1</bn_man1_l>
            <bn_man2>0</bn_man2>
            <bn_man2_l>0</bn_man2_l>
            <bn_man3>0</bn_man3>
            <bn_man3_l>0</bn_man3_l>
            <bn_man4>0</bn_man4>
            <bn_man4_l>0</bn_man4_l>
            <bn_man5>0</bn_man5>
            <bn_man5_l>0</bn_man5_l>
            <bn_man6>0</bn_man6>
            <bn_man6_l>0</bn_man6_l>
            <bn_man7>0</bn_man7>
            <bn_man7_l>0</bn_man7_l>
            <bn_man8>0</bn_man8>
            <bn_man8_l>0</bn_man8_l>
            <bn_man9>0</bn_man9>
            <bn_man9_l>0</bn_man9_l>
            <bn_man10>0</bn_man10>
            <bn_man10_l>0</bn_man10_l>
            <bn_man11>0</bn_man11>
            <bn_man11_l>0</bn_man11_l>
            <bn_amt_man>0.00</bn_amt_man>
            <bn_amt_mngbsn>50000.00</bn_amt_mngbsn>
            <bn_text/>
            <display_name>33710160201 諮議員費用</display_name>
        </BCTDMANAMT_row>
    </BCTDMANAMT>
</tables>
