<?xml version="1.0" encoding="UTF-8"?>
<tables>
    <BCME3420>
        <BCME3420_row>
            <budgetno/>
            <agenno/>
            <agentype/>
            <mh_budgetname>合    計</mh_budgetname>
            <displayname>合    計</displayname>
            <budgetno_conver/>
            <tyear_amt>68828000</tyear_amt>
            <lyear_amt>71826000</lyear_amt>
            <byear_amt>68971603</byear_amt>
            <b_amt>-2998000</b_amt>
            <bc_content/>
            <memo/>
        </BCME3420_row>
        <BCME3420_row>
            <budgetno>00600000000</budgetno>
            <agenno>60020</agenno>
            <agentype>C</agentype>
            <mh_budgetname>環境保護署主管</mh_budgetname>
            <displayname>環境保護署主管</displayname>
            <budgetno_conver>0060000000</budgetno_conver>
            <tyear_amt>68828000</tyear_amt>
            <lyear_amt>71826000</lyear_amt>
            <byear_amt>68971603</byear_amt>
            <b_amt>-2998000</b_amt>
            <bc_content/>
        </BCME3420_row>
        <BCME3420_row>
            <budgetno>00600200000</budgetno>
            <agenno>60020</agenno>
            <agentype>C</agentype>
            <mh_budgetname>環境保護人員訓練所</mh_budgetname>
            <displayname>環境保護人員訓練所</displayname>
            <budgetno_conver>0060200000</budgetno_conver>
            <tyear_amt>68828000</tyear_amt>
            <lyear_amt>71826000</lyear_amt>
            <byear_amt>68971603</byear_amt>
            <b_amt>-2998000</b_amt>
            <bc_content/>
        </BCME3420_row>
        <BCME3420_row>
            <budgetno>72600200000</budgetno>
            <agenno>60020</agenno>
            <agentype>C</agentype>
            <mh_budgetname>環境保護支出</mh_budgetname>
            <displayname>環境保護支出</displayname>
            <budgetno_conver>7260200000</budgetno_conver>
            <tyear_amt>68828000</tyear_amt>
            <lyear_amt>71826000</lyear_amt>
            <byear_amt>68971603</byear_amt>
            <b_amt>-2998000</b_amt>
            <bc_content/>
        </BCME3420_row>
        <BCME3420_row>
            <budgetno>72600200100</budgetno>
            <agenno>60020</agenno>
            <agentype>C</agentype>
            <mh_budgetname>一般行政</mh_budgetname>
            <displayname>一般行政</displayname>
            <budgetno_conver>7260200100</budgetno_conver>
            <tyear_amt>49910000</tyear_amt>
            <lyear_amt>50363000</lyear_amt>
            <byear_amt>45909840</byear_amt>
            <b_amt>-453000</b_amt>
            <bc_content>&lt;#H1&gt;本年度預算數49,910千元，包括人事費42,677千元，業務費7,047千元，設備費120千元，獎補助費66千元。&#xd;
&lt;#H1&gt;本年度預算數之內容與上年度之比較如下：&#xd;
&lt;#H2&gt;人員維持費42,677千元，較上年度核實減列人事費963千元。&#xd;
&lt;#H2&gt;基本行政工作維持費7,233千元，較上年度增列公文管理系統維護及擴增等經費510千元。</bc_content>
        </BCME3420_row>
        <BCME3420_row>
            <budgetno>72600201000</budgetno>
            <agenno>60020</agenno>
            <agentype>C</agentype>
            <mh_budgetname>環境保護人員訓練</mh_budgetname>
            <displayname>環境保護人員訓練</displayname>
            <budgetno_conver>7260201000</budgetno_conver>
            <tyear_amt>18818000</tyear_amt>
            <lyear_amt>20758000</lyear_amt>
            <byear_amt>23061763</byear_amt>
            <b_amt>-1940000</b_amt>
            <bc_content>&lt;#H1&gt;本年度預算數18,818千元，包括業務費17,683千元，設備及投資1,135千元。&#xd;
&lt;#H1&gt;本年度預算數之內容與上年度之比較如下：&#xd;
&lt;#H2&gt;環保專業訓練經費10,996千元，較上年度減列辦理環保專業訓練班等經費1,499千元。&#xd;
&lt;#H2&gt;環保證照訓練及證書核發管理經費3,634千元，較上年度減列辦理環保證照訓練教材編修等經費409千元。&#xd;
&lt;#H2&gt;綜合企劃經費4,188千元，較上年度減列購置資訊、網路通訊及雜項設備等經費32千元。&#xd;
</bc_content>
        </BCME3420_row>
        <BCME3420_row>
            <budgetno>72600209000</budgetno>
            <agenno>60020</agenno>
            <agentype>C</agentype>
            <mh_budgetname>一般建築及設備</mh_budgetname>
            <displayname>一般建築及設備</displayname>
            <budgetno_conver>7260209000</budgetno_conver>
            <tyear_amt>0</tyear_amt>
            <lyear_amt>605000</lyear_amt>
            <byear_amt>0</byear_amt>
            <b_amt>-605000</b_amt>
            <bc_content/>
        </BCME3420_row>
        <BCME3420_row>
            <budgetno>72600209011</budgetno>
            <agenno>60020</agenno>
            <agentype>C</agentype>
            <mh_budgetname>交通及運輸設備</mh_budgetname>
            <displayname>交通及運輸設備</displayname>
            <budgetno_conver>7260209011</budgetno_conver>
            <tyear_amt>0</tyear_amt>
            <lyear_amt>605000</lyear_amt>
            <byear_amt>0</byear_amt>
            <b_amt>-605000</b_amt>
            <bc_content>上年度汰換首長專用車1輛預算業已編竣，所列605千元如數減列。</bc_content>
        </BCME3420_row>
        <BCME3420_row>
            <budgetno>72600209800</budgetno>
            <agenno>60020</agenno>
            <agentype>C</agentype>
            <mh_budgetname>第一預備金</mh_budgetname>
            <displayname>第一預備金</displayname>
            <budgetno_conver>7260209800</budgetno_conver>
            <tyear_amt>100000</tyear_amt>
            <lyear_amt>100000</lyear_amt>
            <byear_amt>0</byear_amt>
            <b_amt>0</b_amt>
            <bc_content>仍照上年度預算數編列。</bc_content>
        </BCME3420_row>
    </BCME3420>
</tables>
