﻿<?xml version="1.0" encoding="UTF-8"?>
<Root xmlns:xsi="http://www.w3.org/2001/XMLSchema-instance">
	<Row>
		<款>  </款>
		<科目名稱>合      計</科目名稱>
		<本年度預算數>1632583796</本年度預算數>
		<上年度預算數>1614423708</上年度預算數>
		<前年度決算數>1548107595</前年度決算數>
		<本年度與上年度比較數>18160088</本年度與上年度比較數>
	</Row>
	<Row>
		<款>1</款>
		<科目名稱>總統府主管</科目名稱>
		<本年度預算數>10978117</本年度預算數>
		<上年度預算數>10811838</上年度預算數>
		<前年度決算數>10004628</前年度決算數>
		<本年度與上年度比較數>166279</本年度與上年度比較數>
	</Row>
	<Row>
		<款>2</款>
		<科目名稱>行政院主管</科目名稱>
		<本年度預算數>19623145</本年度預算數>
		<上年度預算數>17838238</上年度預算數>
		<前年度決算數>16885782</前年度決算數>
		<本年度與上年度比較數>1784907</本年度與上年度比較數>
	</Row>
	<Row>
		<款>3</款>
		<科目名稱>立法院主管</科目名稱>
		<本年度預算數>3172915</本年度預算數>
		<上年度預算數>3183837</上年度預算數>
		<前年度決算數>3041042</前年度決算數>
		<本年度與上年度比較數>-10922</本年度與上年度比較數>
	</Row>
	<Row>
		<款>4</款>
		<科目名稱>司法院主管</科目名稱>
		<本年度預算數>19428893</本年度預算數>
		<上年度預算數>18945494</上年度預算數>
		<前年度決算數>18195317</前年度決算數>
		<本年度與上年度比較數>483399</本年度與上年度比較數>
	</Row>
	<Row>
		<款>5</款>
		<科目名稱>考試院主管</科目名稱>
		<本年度預算數>26328885</本年度預算數>
		<上年度預算數>26118095</上年度預算數>
		<前年度決算數>24681605</前年度決算數>
		<本年度與上年度比較數>210790</本年度與上年度比較數>
	</Row>
	<Row>
		<款>6</款>
		<科目名稱>監察院主管</科目名稱>
		<本年度預算數>2022407</本年度預算數>
		<上年度預算數>1999287</上年度預算數>
		<前年度決算數>1984377</前年度決算數>
		<本年度與上年度比較數>23120</本年度與上年度比較數>
	</Row>
	<Row>
		<款>7</款>
		<科目名稱>內政部主管</科目名稱>
		<本年度預算數>63461951</本年度預算數>
		<上年度預算數>67093850</上年度預算數>
		<前年度決算數>65397473</前年度決算數>
		<本年度與上年度比較數>-3631899</本年度與上年度比較數>
	</Row>
	<Row>
		<款>8</款>
		<科目名稱>外交部主管</科目名稱>
		<本年度預算數>23459098</本年度預算數>
		<上年度預算數>23679339</上年度預算數>
		<前年度決算數>23439943</前年度決算數>
		<本年度與上年度比較數>-220241</本年度與上年度比較數>
	</Row>
	<Row>
		<款>9</款>
		<科目名稱>國防部主管</科目名稱>
		<本年度預算數>296538667</本年度預算數>
		<上年度預算數>306173317</上年度預算數>
		<前年度決算數>284810340</前年度決算數>
		<本年度與上年度比較數>-9634650</本年度與上年度比較數>
	</Row>
	<Row>
		<款>10</款>
		<科目名稱>財政部主管</科目名稱>
		<本年度預算數>189920100</本年度預算數>
		<上年度預算數>195604317</上年度預算數>
		<前年度決算數>176362204</前年度決算數>
		<本年度與上年度比較數>-5684217</本年度與上年度比較數>
	</Row>
	<Row>
		<款>11</款>
		<科目名稱>教育部主管</科目名稱>
		<本年度預算數>189154369</本年度預算數>
		<上年度預算數>180771544</上年度預算數>
		<前年度決算數>170024383</前年度決算數>
		<本年度與上年度比較數>8382825</本年度與上年度比較數>
	</Row>
	<Row>
		<款>12</款>
		<科目名稱>法務部主管</科目名稱>
		<本年度預算數>28294581</本年度預算數>
		<上年度預算數>27701095</上年度預算數>
		<前年度決算數>27047065</前年度決算數>
		<本年度與上年度比較數>593486</本年度與上年度比較數>
	</Row>
	<Row>
		<款>13</款>
		<科目名稱>經濟部主管</科目名稱>
		<本年度預算數>38406836</本年度預算數>
		<上年度預算數>37470474</上年度預算數>
		<前年度決算數>35927654</前年度決算數>
		<本年度與上年度比較數>936362</本年度與上年度比較數>
	</Row>
	<Row>
		<款>14</款>
		<科目名稱>交通部主管</科目名稱>
		<本年度預算數>17446520</本年度預算數>
		<上年度預算數>15989860</上年度預算數>
		<前年度決算數>13410578</前年度決算數>
		<本年度與上年度比較數>1456660</本年度與上年度比較數>
	</Row>
	<Row>
		<款>15</款>
		<科目名稱>勞動部主管</科目名稱>
		<本年度預算數>121306599</本年度預算數>
		<上年度預算數>127835228</上年度預算數>
		<前年度決算數>129568895</前年度決算數>
		<本年度與上年度比較數>-6528629</本年度與上年度比較數>
	</Row>
	<Row>
		<款>16</款>
		<科目名稱>蒙藏委員會主管</科目名稱>
		<本年度預算數>123359</本年度預算數>
		<上年度預算數>124038</上年度預算數>
		<前年度決算數>111895</前年度決算數>
		<本年度與上年度比較數>-679</本年度與上年度比較數>
	</Row>
	<Row>
		<款>17</款>
		<科目名稱>僑務委員會主管</科目名稱>
		<本年度預算數>1311055</本年度預算數>
		<上年度預算數>1273526</上年度預算數>
		<前年度決算數>1204672</前年度決算數>
		<本年度與上年度比較數>37529</本年度與上年度比較數>
	</Row>
	<Row>
		<款>18</款>
		<科目名稱>原子能委員會主管</科目名稱>
		<本年度預算數>2698846</本年度預算數>
		<上年度預算數>2610993</上年度預算數>
		<前年度決算數>2428496</前年度決算數>
		<本年度與上年度比較數>87853</本年度與上年度比較數>
	</Row>
	<Row>
		<款>19</款>
		<科目名稱>農業委員會主管</科目名稱>
		<本年度預算數>107678313</本年度預算數>
		<上年度預算數>104993572</上年度預算數>
		<前年度決算數>99441008</前年度決算數>
		<本年度與上年度比較數>2684741</本年度與上年度比較數>
	</Row>
	<Row>
		<款>20</款>
		<科目名稱>衛生福利部主管</科目名稱>
		<本年度預算數>174271971</本年度預算數>
		<上年度預算數>138660311</上年度預算數>
		<前年度決算數>151066696</前年度決算數>
		<本年度與上年度比較數>35611660</本年度與上年度比較數>
	</Row>
	<Row>
		<款>21</款>
		<科目名稱>環境保護署主管</科目名稱>
		<本年度預算數>2776750</本年度預算數>
		<上年度預算數>2916998</上年度預算數>
		<前年度決算數>2593054</前年度決算數>
		<本年度與上年度比較數>-140248</本年度與上年度比較數>
	</Row>
	<Row>
		<款>22</款>
		<科目名稱>文化部主管</科目名稱>
		<本年度預算數>11299162</本年度預算數>
		<上年度預算數>10384284</上年度預算數>
		<前年度決算數>10112067</前年度決算數>
		<本年度與上年度比較數>914878</本年度與上年度比較數>
	</Row>
	<Row>
		<款>23</款>
		<科目名稱>海岸巡防署主管</科目名稱>
		<本年度預算數>10917440</本年度預算數>
		<上年度預算數>10672134</上年度預算數>
		<前年度決算數>10424774</前年度決算數>
		<本年度與上年度比較數>245306</本年度與上年度比較數>
	</Row>
	<Row>
		<款>24</款>
		<科目名稱>科技部主管</科目名稱>
		<本年度預算數>8419665</本年度預算數>
		<上年度預算數>8692394</上年度預算數>
		<前年度決算數>7971148</前年度決算數>
		<本年度與上年度比較數>-272729</本年度與上年度比較數>
	</Row>
	<Row>
		<款>25</款>
		<科目名稱>金融監督管理委員會主管</科目名稱>
		<本年度預算數>1420075</本年度預算數>
		<上年度預算數>1407843</上年度預算數>
		<前年度決算數>1236737</前年度決算數>
		<本年度與上年度比較數>12232</本年度與上年度比較數>
	</Row>
	<Row>
		<款>26</款>
		<科目名稱>國軍退除役官兵輔導委員會主管</科目名稱>
		<本年度預算數>125692762</本年度預算數>
		<上年度預算數>125030878</上年度預算數>
		<前年度決算數>122229322</前年度決算數>
		<本年度與上年度比較數>661884</本年度與上年度比較數>
	</Row>
	<Row>
		<款>27</款>
		<科目名稱>省市地方政府</科目名稱>
		<本年度預算數>130431315</本年度預算數>
		<上年度預算數>140440924</上年度預算數>
		<前年度決算數>138506438</前年度決算數>
		<本年度與上年度比較數>-10009609</本年度與上年度比較數>
	</Row>
	<Row>
		<款>28</款>
		<科目名稱>災害準備金</科目名稱>
		<本年度預算數>500000</本年度預算數>
		<上年度預算數>500000</上年度預算數>
		<前年度決算數>-</前年度決算數>
		<本年度與上年度比較數>-</本年度與上年度比較數>
	</Row>
	<Row>
		<款>29</款>
		<科目名稱>第二預備金</科目名稱>
		<本年度預算數>5500000</本年度預算數>
		<上年度預算數>5500000</上年度預算數>
		<前年度決算數>-</前年度決算數>
		<本年度與上年度比較數>-</本年度與上年度比較數>
	</Row>
</Root>