﻿<?xml version="1.0" encoding="UTF-8"?>
<Root xmlns:xsi="http://www.w3.org/2001/XMLSchema-instance">
	<Row>
		<款>  </款>
		<科目名稱>合          計</科目名稱>
		<經常門>1632583796</經常門>
		<資本門>327074369</資本門>
		<合計>1959658165</合計>
		<百分比>100</百分比>
	</Row>
	<Row>
		<款>  </款>
		<科目名稱>(1. 一般政務支出)</科目名稱>
		<經常門>166888795</經常門>
		<資本門>15721222</資本門>
		<合計>182610017</合計>
		<百分比>9.318463</百分比>
	</Row>
	<Row>
		<款>1</款>
		<科目名稱>國務支出</科目名稱>
		<經常門>1122853</經常門>
		<資本門>36828</資本門>
		<合計>1159681</合計>
		<百分比>0.059178</百分比>
	</Row>
	<Row>
		<款>2</款>
		<科目名稱>行政支出</科目名稱>
		<經常門>4752624</經常門>
		<資本門>293135</資本門>
		<合計>5045759</合計>
		<百分比>0.257482</百分比>
	</Row>
	<Row>
		<款>3</款>
		<科目名稱>立法支出</科目名稱>
		<經常門>3172915</經常門>
		<資本門>378279</資本門>
		<合計>3551194</合計>
		<百分比>0.181215</百分比>
	</Row>
	<Row>
		<款>4</款>
		<科目名稱>司法支出</科目名稱>
		<經常門>46539323</經常門>
		<資本門>3810201</資本門>
		<合計>50349524</合計>
		<百分比>2.569301</百分比>
	</Row>
	<Row>
		<款>5</款>
		<科目名稱>考試支出</科目名稱>
		<經常門>1500545</經常門>
		<資本門>83008</資本門>
		<合計>1583553</合計>
		<百分比>0.080808</百分比>
	</Row>
	<Row>
		<款>6</款>
		<科目名稱>監察支出</科目名稱>
		<經常門>2022407</經常門>
		<資本門>146924</資本門>
		<合計>2169331</合計>
		<百分比>0.110699</百分比>
	</Row>
	<Row>
		<款>7</款>
		<科目名稱>民政支出</科目名稱>
		<經常門>50944333</經常門>
		<資本門>9509870</資本門>
		<合計>60454203</合計>
		<百分比>3.084936</百分比>
	</Row>
	<Row>
		<款>8</款>
		<科目名稱>外交支出</科目名稱>
		<經常門>23459098</經常門>
		<資本門>771760</資本門>
		<合計>24230858</合計>
		<百分比>1.236484</百分比>
	</Row>
	<Row>
		<款>9</款>
		<科目名稱>財務支出</科目名稱>
		<經常門>32231214</經常門>
		<資本門>601402</資本門>
		<合計>32832616</合計>
		<百分比>1.675426</百分比>
	</Row>
	<Row>
		<款>10</款>
		<科目名稱>邊政支出</科目名稱>
		<經常門>123359</經常門>
		<資本門>2047</資本門>
		<合計>125406</合計>
		<百分比>0.006399</百分比>
	</Row>
	<Row>
		<款>11</款>
		<科目名稱>僑務支出</科目名稱>
		<經常門>1020124</經常門>
		<資本門>87768</資本門>
		<合計>1107892</合計>
		<百分比>0.056535</百分比>
	</Row>
	<Row>
		<款>  </款>
		<科目名稱>(2. 國防支出)</科目名稱>
		<經常門>289632605</經常門>
		<資本門>22697669</資本門>
		<合計>312330274</合計>
		<百分比>15.937998</百分比>
	</Row>
	<Row>
		<款>12</款>
		<科目名稱>國防支出</科目名稱>
		<經常門>289632605</經常門>
		<資本門>22697669</資本門>
		<合計>312330274</合計>
		<百分比>15.937998</百分比>
	</Row>
	<Row>
		<款>  </款>
		<科目名稱>(3. 教育科學文化支出)</科目名稱>
		<經常門>288915905</經常門>
		<資本門>96648263</資本門>
		<合計>385564168</合計>
		<百分比>19.675073</百分比>
	</Row>
	<Row>
		<款>13</款>
		<科目名稱>教育支出</科目名稱>
		<經常門>214560012</經常門>
		<資本門>31511389</資本門>
		<合計>246071401</合計>
		<百分比>12.556853</百分比>
	</Row>
	<Row>
		<款>14</款>
		<科目名稱>科學支出</科目名稱>
		<經常門>57264206</經常門>
		<資本門>50033318</資本門>
		<合計>107297524</合計>
		<百分比>5.475318</百分比>
	</Row>
	<Row>
		<款>15</款>
		<科目名稱>文化支出</科目名稱>
		<經常門>17091687</經常門>
		<資本門>15103556</資本門>
		<合計>32195243</合計>
		<百分比>1.642901</百分比>
	</Row>
	<Row>
		<款>  </款>
		<科目名稱>(4. 經濟發展支出)</科目名稱>
		<經常門>97510028</經常門>
		<資本門>173360690</資本門>
		<合計>270870718</合計>
		<百分比>13.822345</百分比>
	</Row>
	<Row>
		<款>16</款>
		<科目名稱>農業支出</科目名稱>
		<經常門>60605353</經常門>
		<資本門>30117939</資本門>
		<合計>90723292</合計>
		<百分比>4.629547</百分比>
	</Row>
	<Row>
		<款>17</款>
		<科目名稱>工業支出</科目名稱>
		<經常門>2840662</經常門>
		<資本門>1668310</資本門>
		<合計>4508972</合計>
		<百分比>0.23009</百分比>
	</Row>
	<Row>
		<款>18</款>
		<科目名稱>交通支出</科目名稱>
		<經常門>15539316</經常門>
		<資本門>110301133</資本門>
		<合計>125840449</合計>
		<百分比>6.421551</百分比>
	</Row>
	<Row>
		<款>19</款>
		<科目名稱>其他經濟服務支出</科目名稱>
		<經常門>18524697</經常門>
		<資本門>31273308</資本門>
		<合計>49798005</合計>
		<百分比>2.541158</百分比>
	</Row>
	<Row>
		<款>  </款>
		<科目名稱>(5. 社會福利支出)</科目名稱>
		<經常門>439757318</經常門>
		<資本門>1878054</資本門>
		<合計>441635372</合計>
		<百分比>22.536347</百分比>
	</Row>
	<Row>
		<款>20</款>
		<科目名稱>社會保險支出</科目名稱>
		<經常門>296975623</經常門>
		<資本門>264378</資本門>
		<合計>297240001</合計>
		<百分比>15.167952</百分比>
	</Row>
	<Row>
		<款>21</款>
		<科目名稱>社會救助支出</科目名稱>
		<經常門>9273335</經常門>
		<資本門>7315</資本門>
		<合計>9280650</合計>
		<百分比>0.473585</百分比>
	</Row>
	<Row>
		<款>22</款>
		<科目名稱>福利服務支出</科目名稱>
		<經常門>113710889</經常門>
		<資本門>879150</資本門>
		<合計>114590039</合計>
		<百分比>5.84745</百分比>
	</Row>
	<Row>
		<款>23</款>
		<科目名稱>國民就業支出</科目名稱>
		<經常門>1840942</經常門>
		<資本門>134957</資本門>
		<合計>1975899</合計>
		<百分比>0.100829</百分比>
	</Row>
	<Row>
		<款>24</款>
		<科目名稱>醫療保健支出</科目名稱>
		<經常門>17956529</經常門>
		<資本門>592254</資本門>
		<合計>18548783</合計>
		<百分比>0.946532</百分比>
	</Row>
	<Row>
		<款>  </款>
		<科目名稱>(6. 社區發展及環境保護支出)</科目名稱>
		<經常門>4046926</經常門>
		<資本門>13217662</資本門>
		<合計>17264588</合計>
		<百分比>0.881</百分比>
	</Row>
	<Row>
		<款>25</款>
		<科目名稱>環境保護支出</科目名稱>
		<經常門>4046926</經常門>
		<資本門>13217662</資本門>
		<合計>17264588</合計>
		<百分比>0.881</百分比>
	</Row>
	<Row>
		<款>  </款>
		<科目名稱>(7. 退休撫卹支出)</科目名稱>
		<經常門>141839298</經常門>
		<資本門>13445</資本門>
		<合計>141852743</合計>
		<百分比>7.238647</百分比>
	</Row>
	<Row>
		<款>26</款>
		<科目名稱>退休撫卹給付支出</科目名稱>
		<經常門>141653434</經常門>
		<資本門>-</資本門>
		<合計>141653434</合計>
		<百分比>7.228477</百分比>
	</Row>
	<Row>
		<款>27</款>
		<科目名稱>退休撫卹業務支出</科目名稱>
		<經常門>185864</經常門>
		<資本門>13445</資本門>
		<合計>199309</合計>
		<百分比>0.010171</百分比>
	</Row>
	<Row>
		<款>  </款>
		<科目名稱>(8. 債務支出)</科目名稱>
		<經常門>126967900</經常門>
		<資本門>-</資本門>
		<合計>126967900</合計>
		<百分比>6.479084</百分比>
	</Row>
	<Row>
		<款>28</款>
		<科目名稱>債務付息支出</科目名稱>
		<經常門>126395900</經常門>
		<資本門>-</資本門>
		<合計>126395900</合計>
		<百分比>6.449895</百分比>
	</Row>
	<Row>
		<款>29</款>
		<科目名稱>還本付息事務支出</科目名稱>
		<經常門>572000</經常門>
		<資本門>-</資本門>
		<合計>572000</合計>
		<百分比>0.029189</百分比>
	</Row>
	<Row>
		<款>  </款>
		<科目名稱>(9. 一般補助及其他支出)</科目名稱>
		<經常門>77025021</經常門>
		<資本門>3537364</資本門>
		<合計>80562385</合計>
		<百分比>4.111043</百分比>
	</Row>
	<Row>
		<款>30</款>
		<科目名稱>專案補助支出</科目名稱>
		<經常門>45426175</經常門>
		<資本門>37364</資本門>
		<合計>45463539</合計>
		<百分比>2.319973</百分比>
	</Row>
	<Row>
		<款>31</款>
		<科目名稱>平衡預算補助支出</科目名稱>
		<經常門>21940500</經常門>
		<資本門>-</資本門>
		<合計>21940500</合計>
		<百分比>1.119609</百分比>
	</Row>
	<Row>
		<款>32</款>
		<科目名稱>其他支出</科目名稱>
		<經常門>4158346</經常門>
		<資本門>1500000</資本門>
		<合計>5658346</合計>
		<百分比>0.288741</百分比>
	</Row>
	<Row>
		<款>33</款>
		<科目名稱>第二預備金</科目名稱>
		<經常門>5500000</經常門>
		<資本門>2000000</資本門>
		<合計>7500000</合計>
		<百分比>0.38272</百分比>
	</Row>
</Root>