<?xml version="1.0" encoding="UTF-8"?>
<tables>
    <BCME3450>
        <BCME3450_row>
            <objectNo>合計</objectNo>
            <budgetno_3523174100>223398.00</budgetno_3523174100>
            <budgetno_3523179011>780.00</budgetno_3523179011>
            <total>224178.00</total>
        </BCME3450_row>
        <BCME3450_row>
            <objectNo>0100 人事費</objectNo>
            <budgetno_3523174100>204934.00</budgetno_3523174100>
            <budgetno_3523179011/>
            <total>204934.00</total>
        </BCME3450_row>
        <BCME3450_row>
            <objectNo>  0103 法定編制人員待遇</objectNo>
            <budgetno_3523174100>124799.00</budgetno_3523174100>
            <budgetno_3523179011/>
            <total>124799.00</total>
        </BCME3450_row>
        <BCME3450_row>
            <objectNo>  0104 約聘僱人員待遇</objectNo>
            <budgetno_3523174100>5112.00</budgetno_3523174100>
            <budgetno_3523179011/>
            <total>5112.00</total>
        </BCME3450_row>
        <BCME3450_row>
            <objectNo>  0105 技工及工友待遇</objectNo>
            <budgetno_3523174100>4486.00</budgetno_3523174100>
            <budgetno_3523179011/>
            <total>4486.00</total>
        </BCME3450_row>
        <BCME3450_row>
            <objectNo>  0111 獎金</objectNo>
            <budgetno_3523174100>27436.00</budgetno_3523174100>
            <budgetno_3523179011/>
            <total>27436.00</total>
        </BCME3450_row>
        <BCME3450_row>
            <objectNo>  0121 其他給與</objectNo>
            <budgetno_3523174100>2049.00</budgetno_3523174100>
            <budgetno_3523179011/>
            <total>2049.00</total>
        </BCME3450_row>
        <BCME3450_row>
            <objectNo>  0131 加班值班費</objectNo>
            <budgetno_3523174100>19279.00</budgetno_3523174100>
            <budgetno_3523179011/>
            <total>19279.00</total>
        </BCME3450_row>
        <BCME3450_row>
            <objectNo>  0143 退休離職儲金</objectNo>
            <budgetno_3523174100>9793.00</budgetno_3523174100>
            <budgetno_3523179011/>
            <total>9793.00</total>
        </BCME3450_row>
        <BCME3450_row>
            <objectNo>  0151 保險</objectNo>
            <budgetno_3523174100>11980.00</budgetno_3523174100>
            <budgetno_3523179011/>
            <total>11980.00</total>
        </BCME3450_row>
        <BCME3450_row>
            <objectNo>0200 業務費</objectNo>
            <budgetno_3523174100>16520.00</budgetno_3523174100>
            <budgetno_3523179011/>
            <total>16520.00</total>
        </BCME3450_row>
        <BCME3450_row>
            <objectNo>  0201 教育訓練費</objectNo>
            <budgetno_3523174100>286.00</budgetno_3523174100>
            <budgetno_3523179011/>
            <total>286.00</total>
        </BCME3450_row>
        <BCME3450_row>
            <objectNo>  0202 水電費</objectNo>
            <budgetno_3523174100>3216.00</budgetno_3523174100>
            <budgetno_3523179011/>
            <total>3216.00</total>
        </BCME3450_row>
        <BCME3450_row>
            <objectNo>  0203 通訊費</objectNo>
            <budgetno_3523174100>681.00</budgetno_3523174100>
            <budgetno_3523179011/>
            <total>681.00</total>
        </BCME3450_row>
        <BCME3450_row>
            <objectNo>  0215 資訊服務費</objectNo>
            <budgetno_3523174100>321.00</budgetno_3523174100>
            <budgetno_3523179011/>
            <total>321.00</total>
        </BCME3450_row>
        <BCME3450_row>
            <objectNo>  0221 稅捐及規費</objectNo>
            <budgetno_3523174100>82.00</budgetno_3523174100>
            <budgetno_3523179011/>
            <total>82.00</total>
        </BCME3450_row>
        <BCME3450_row>
            <objectNo>  0231 保險費</objectNo>
            <budgetno_3523174100>95.00</budgetno_3523174100>
            <budgetno_3523179011/>
            <total>95.00</total>
        </BCME3450_row>
        <BCME3450_row>
            <objectNo>  0250 按日按件計資酬金</objectNo>
            <budgetno_3523174100>1500.00</budgetno_3523174100>
            <budgetno_3523179011/>
            <total>1500.00</total>
        </BCME3450_row>
        <BCME3450_row>
            <objectNo>  0262 國內組織會費</objectNo>
            <budgetno_3523174100>6.00</budgetno_3523174100>
            <budgetno_3523179011/>
            <total>6.00</total>
        </BCME3450_row>
        <BCME3450_row>
            <objectNo>  0271 物品</objectNo>
            <budgetno_3523174100>3154.00</budgetno_3523174100>
            <budgetno_3523179011/>
            <total>3154.00</total>
        </BCME3450_row>
        <BCME3450_row>
            <objectNo>  0279 一般事務費</objectNo>
            <budgetno_3523174100>4587.00</budgetno_3523174100>
            <budgetno_3523179011/>
            <total>4587.00</total>
        </BCME3450_row>
        <BCME3450_row>
            <objectNo>  0282 房屋建築養護費</objectNo>
            <budgetno_3523174100>795.00</budgetno_3523174100>
            <budgetno_3523179011/>
            <total>795.00</total>
        </BCME3450_row>
        <BCME3450_row>
            <objectNo>  0283 車輛及辦公器具養護費</objectNo>
            <budgetno_3523174100>548.00</budgetno_3523174100>
            <budgetno_3523179011/>
            <total>548.00</total>
        </BCME3450_row>
        <BCME3450_row>
            <objectNo>  0284 設施及機械設備養護費</objectNo>
            <budgetno_3523174100>949.00</budgetno_3523174100>
            <budgetno_3523179011/>
            <total>949.00</total>
        </BCME3450_row>
        <BCME3450_row>
            <objectNo>  0291 國內旅費</objectNo>
            <budgetno_3523174100>202.00</budgetno_3523174100>
            <budgetno_3523179011/>
            <total>202.00</total>
        </BCME3450_row>
        <BCME3450_row>
            <objectNo>  0294 運費</objectNo>
            <budgetno_3523174100>5.00</budgetno_3523174100>
            <budgetno_3523179011/>
            <total>5.00</total>
        </BCME3450_row>
        <BCME3450_row>
            <objectNo>  0299 特別費</objectNo>
            <budgetno_3523174100>93.00</budgetno_3523174100>
            <budgetno_3523179011/>
            <total>93.00</total>
        </BCME3450_row>
        <BCME3450_row>
            <objectNo>0300 設備及投資</objectNo>
            <budgetno_3523174100>1698.00</budgetno_3523174100>
            <budgetno_3523179011>780.00</budgetno_3523179011>
            <total>2478.00</total>
        </BCME3450_row>
        <BCME3450_row>
            <objectNo>  0305 運輸設備費</objectNo>
            <budgetno_3523174100/>
            <budgetno_3523179011>780.00</budgetno_3523179011>
            <total>780.00</total>
        </BCME3450_row>
        <BCME3450_row>
            <objectNo>  0319 雜項設備費</objectNo>
            <budgetno_3523174100>1698.00</budgetno_3523174100>
            <budgetno_3523179011/>
            <total>1698.00</total>
        </BCME3450_row>
        <BCME3450_row>
            <objectNo>0400 獎補助費</objectNo>
            <budgetno_3523174100>246.00</budgetno_3523174100>
            <budgetno_3523179011/>
            <total>246.00</total>
        </BCME3450_row>
        <BCME3450_row>
            <objectNo>  0475 獎勵及慰問</objectNo>
            <budgetno_3523174100>246.00</budgetno_3523174100>
            <budgetno_3523179011/>
            <total>246.00</total>
        </BCME3450_row>
    </BCME3450>
</tables>
