<?xml version="1.0" encoding="UTF-8"?>
<GenericData>
　　<Header>
　　　　<Table Id="FNWBCSHFLOWR" Name="現金流量預計表" Domain="PBA" />
　　　　<Program Id="PBABR080_A" />
　　　　<Sender Name="中央造幣廠" />
　　　　<報表名稱>現金流量預計表</報表名稱>
　　　　<年度>104</年度>
　　　　<基金>中央造幣廠</基金>
　　　　<階段>法定預算</階段>
　　　　<版本>1</版本>
　　　　<單位>新臺幣千元</單位>
　　</Header>
　　<DataSet>
　　　　<ROW>
　　　　　　<SEQNO>1</SEQNO>
　　　　　　<LEVEL>02</LEVEL>
　　　　　　<BOLD>1</BOLD>
　　　　　　<項目名稱>營業活動之現金流量</項目名稱>
　　　　　　<項目編號>90</項目編號>
　　　　　　<預算數 />
　　　　　　<說明 />
　　　　</ROW>
　　　　<ROW>
　　　　　　<SEQNO>2</SEQNO>
　　　　　　<LEVEL>03</LEVEL>
　　　　　　<BOLD>1</BOLD>
　　　　　　<項目名稱>繼續營業單位稅前淨利（淨損）</項目名稱>
　　　　　　<項目編號>9001</項目編號>
　　　　　　<預算數>174422</預算數>
　　　　　　<說明 />
　　　　</ROW>
　　　　<ROW>
　　　　　　<SEQNO>3</SEQNO>
　　　　　　<LEVEL>03</LEVEL>
　　　　　　<BOLD>1</BOLD>
　　　　　　<項目名稱>稅前淨利（淨損）</項目名稱>
　　　　　　<項目編號>9003</項目編號>
　　　　　　<預算數>174422</預算數>
　　　　　　<說明 />
　　　　</ROW>
　　　　<ROW>
　　　　　　<SEQNO>4</SEQNO>
　　　　　　<LEVEL>03</LEVEL>
　　　　　　<BOLD>1</BOLD>
　　　　　　<項目名稱>利息股利之調整</項目名稱>
　　　　　　<項目編號>9004</項目編號>
　　　　　　<預算數>-1880</預算數>
　　　　　　<說明 />
　　　　</ROW>
　　　　<ROW>
　　　　　　<SEQNO>5</SEQNO>
　　　　　　<LEVEL>03</LEVEL>
　　　　　　<BOLD>1</BOLD>
　　　　　　<項目名稱>未計利息股利之稅前淨利（淨損）</項目名稱>
　　　　　　<項目編號>9005</項目編號>
　　　　　　<預算數>172542</預算數>
　　　　　　<說明 />
　　　　</ROW>
　　　　<ROW>
　　　　　　<SEQNO>6</SEQNO>
　　　　　　<LEVEL>03</LEVEL>
　　　　　　<BOLD>1</BOLD>
　　　　　　<項目名稱>調整項目</項目名稱>
　　　　　　<項目編號>9006</項目編號>
　　　　　　<預算數>60576</預算數>
　　　　　　<說明 />
　　　　</ROW>
　　　　<ROW>
　　　　　　<SEQNO>7</SEQNO>
　　　　　　<LEVEL>03</LEVEL>
　　　　　　<BOLD>1</BOLD>
　　　　　　<項目名稱>未計利息股利之現金流入（流出）</項目名稱>
　　　　　　<項目編號>9007</項目編號>
　　　　　　<預算數>233118</預算數>
　　　　　　<說明 />
　　　　</ROW>
　　　　<ROW>
　　　　　　<SEQNO>8</SEQNO>
　　　　　　<LEVEL>03</LEVEL>
　　　　　　<BOLD>1</BOLD>
　　　　　　<項目名稱>收取利息</項目名稱>
　　　　　　<項目編號>9008</項目編號>
　　　　　　<預算數>1880</預算數>
　　　　　　<說明 />
　　　　</ROW>
　　　　<ROW>
　　　　　　<SEQNO>9</SEQNO>
　　　　　　<LEVEL>03</LEVEL>
　　　　　　<BOLD>1</BOLD>
　　　　　　<項目名稱>支付所得稅</項目名稱>
　　　　　　<項目編號>9012</項目編號>
　　　　　　<預算數>-5199</預算數>
　　　　　　<說明 />
　　　　</ROW>
　　　　<ROW>
　　　　　　<SEQNO>10</SEQNO>
　　　　　　<LEVEL>02</LEVEL>
　　　　　　<BOLD>1</BOLD>
　　　　　　<項目名稱>營業活動之淨現金流入（流出）</項目名稱>
　　　　　　<項目編號>91</項目編號>
　　　　　　<預算數>229799</預算數>
　　　　　　<說明 />
　　　　</ROW>
　　　　<ROW>
　　　　　　<SEQNO>11</SEQNO>
　　　　　　<LEVEL>02</LEVEL>
　　　　　　<BOLD>1</BOLD>
　　　　　　<項目名稱>投資活動之現金流量</項目名稱>
　　　　　　<項目編號>92</項目編號>
　　　　　　<預算數 />
　　　　　　<說明 />
　　　　</ROW>
　　　　<ROW>
　　　　　　<SEQNO>12</SEQNO>
　　　　　　<LEVEL>03</LEVEL>
　　　　　　<BOLD>1</BOLD>
　　　　　　<項目名稱>無形資產及其他資產淨減（淨增）</項目名稱>
　　　　　　<項目編號>9208</項目編號>
　　　　　　<預算數>-2407</預算數>
　　　　　　<說明>係增加電腦軟體</說明>
　　　　</ROW>
　　　　<ROW>
　　　　　　<SEQNO>13</SEQNO>
　　　　　　<LEVEL>03</LEVEL>
　　　　　　<BOLD>1</BOLD>
　　　　　　<項目名稱>增加不動產、廠房及設備</項目名稱>
　　　　　　<項目編號>9215</項目編號>
　　　　　　<預算數>-66221</預算數>
　　　　　　<說明>請詳「固定資產建設改良擴充明細表」</說明>
　　　　</ROW>
　　　　<ROW>
　　　　　　<SEQNO>14</SEQNO>
　　　　　　<LEVEL>02</LEVEL>
　　　　　　<BOLD>1</BOLD>
　　　　　　<項目名稱>投資活動之淨現金流入（流出）</項目名稱>
　　　　　　<項目編號>93</項目編號>
　　　　　　<預算數>-68628</預算數>
　　　　　　<說明 />
　　　　</ROW>
　　　　<ROW>
　　　　　　<SEQNO>15</SEQNO>
　　　　　　<LEVEL>02</LEVEL>
　　　　　　<BOLD>1</BOLD>
　　　　　　<項目名稱>籌資活動之現金流量</項目名稱>
　　　　　　<項目編號>94</項目編號>
　　　　　　<預算數 />
　　　　　　<說明 />
　　　　</ROW>
　　　　<ROW>
　　　　　　<SEQNO>16</SEQNO>
　　　　　　<LEVEL>03</LEVEL>
　　　　　　<BOLD>1</BOLD>
　　　　　　<項目名稱>其他負債淨增（淨減）</項目名稱>
　　　　　　<項目編號>9407</項目編號>
　　　　　　<預算數>1300</預算數>
　　　　　　<說明>係增加什項負債-存入保證金</說明>
　　　　</ROW>
　　　　<ROW>
　　　　　　<SEQNO>17</SEQNO>
　　　　　　<LEVEL>03</LEVEL>
　　　　　　<BOLD>1</BOLD>
　　　　　　<項目名稱>發放現金股利</項目名稱>
　　　　　　<項目編號>9414</項目編號>
　　　　　　<預算數>-153901</預算數>
　　　　　　<說明>係解繳中央銀行上年度官息紅利</說明>
　　　　</ROW>
　　　　<ROW>
　　　　　　<SEQNO>18</SEQNO>
　　　　　　<LEVEL>02</LEVEL>
　　　　　　<BOLD>1</BOLD>
　　　　　　<項目名稱>籌資活動之淨現金流入（流出）</項目名稱>
　　　　　　<項目編號>95</項目編號>
　　　　　　<預算數>-152601</預算數>
　　　　　　<說明 />
　　　　</ROW>
　　　　<ROW>
　　　　　　<SEQNO>19</SEQNO>
　　　　　　<LEVEL>02</LEVEL>
　　　　　　<BOLD>1</BOLD>
　　　　　　<項目名稱>現金及約當現金之淨增（淨減）</項目名稱>
　　　　　　<項目編號>97</項目編號>
　　　　　　<預算數>8570</預算數>
　　　　　　<說明 />
　　　　</ROW>
　　　　<ROW>
　　　　　　<SEQNO>20</SEQNO>
　　　　　　<LEVEL>02</LEVEL>
　　　　　　<BOLD>1</BOLD>
　　　　　　<項目名稱>期初現金及約當現金</項目名稱>
　　　　　　<項目編號>98</項目編號>
　　　　　　<預算數>173920</預算數>
　　　　　　<說明 />
　　　　</ROW>
　　　　<ROW>
　　　　　　<SEQNO>21</SEQNO>
　　　　　　<LEVEL>02</LEVEL>
　　　　　　<BOLD>1</BOLD>
　　　　　　<項目名稱>期末現金及約當現金</項目名稱>
　　　　　　<項目編號>99</項目編號>
　　　　　　<預算數>182490</預算數>
　　　　　　<說明 />
　　　　</ROW>
　　</DataSet>
</GenericData>

