<?xml version="1.0" encoding="UTF-8"?>
<tables>
    <BCME3410_row>
        <mh_itemserialno1/>
        <mh_itemserialno2/>
        <mh_itemserialno3/>
        <mh_itemserialno4/>
        <budgetno/>
        <mh_budgetname>合         計</mh_budgetname>
        <budgetno_conver/>
        <tyear_amt>4280.000000</tyear_amt>
        <lyear_amt>3892.000000</lyear_amt>
        <byear_amt>3999.000000</byear_amt>
        <b_amt>388.000000</b_amt>
        <bc_content/>
        <blevel>9</blevel>
        <ordinaryid>1</ordinaryid>
    </BCME3410_row>
    <BCME3410_row>
        <mh_itemserialno1>3</mh_itemserialno1>
        <mh_itemserialno2/>
        <mh_itemserialno3/>
        <mh_itemserialno4/>
        <budgetno>05000000000</budgetno>
        <mh_budgetname>規費收入</mh_budgetname>
        <budgetno_conver>0500000000</budgetno_conver>
        <tyear_amt>3623.000000</tyear_amt>
        <lyear_amt>3453.000000</lyear_amt>
        <byear_amt>3504.000000</byear_amt>
        <b_amt>170.000000</b_amt>
        <bc_content/>
        <blevel>1</blevel>
        <ordinaryid/>
    </BCME3410_row>
    <BCME3410_row>
        <mh_itemserialno1/>
        <mh_itemserialno2>21</mh_itemserialno2>
        <mh_itemserialno3/>
        <mh_itemserialno4/>
        <budgetno>05050130000</budgetno>
        <mh_budgetname>高雄高等行政法院</mh_budgetname>
        <budgetno_conver>0505130000</budgetno_conver>
        <tyear_amt>3623.000000</tyear_amt>
        <lyear_amt>3453.000000</lyear_amt>
        <byear_amt>3504.000000</byear_amt>
        <b_amt>170.000000</b_amt>
        <bc_content/>
        <blevel>2</blevel>
        <ordinaryid/>
    </BCME3410_row>
    <BCME3410_row>
        <mh_itemserialno1/>
        <mh_itemserialno2/>
        <mh_itemserialno3>01</mh_itemserialno3>
        <mh_itemserialno4/>
        <budgetno>05050130200</budgetno>
        <mh_budgetname>司法規費收入</mh_budgetname>
        <budgetno_conver>0505130200</budgetno_conver>
        <tyear_amt>3476.000000</tyear_amt>
        <lyear_amt>3329.000000</lyear_amt>
        <byear_amt>3357.000000</byear_amt>
        <b_amt>147.000000</b_amt>
        <bc_content/>
        <blevel>3</blevel>
        <ordinaryid/>
    </BCME3410_row>
    <BCME3410_row>
        <mh_itemserialno1/>
        <mh_itemserialno2/>
        <mh_itemserialno3/>
        <mh_itemserialno4>01</mh_itemserialno4>
        <budgetno>05050130204</budgetno>
        <mh_budgetname>行政訴訟費</mh_budgetname>
        <budgetno_conver>0505130204</budgetno_conver>
        <tyear_amt>3476.000000</tyear_amt>
        <lyear_amt>3329.000000</lyear_amt>
        <byear_amt>3357.000000</byear_amt>
        <b_amt>147.000000</b_amt>
        <bc_key>05050130204xxxxxxxxxxxxxxxxxxxxxxxx1R1x0</bc_key>
        <bc_content>本年度預算數係行政訴訟裁判費
等收入。</bc_content>
        <blevel>4</blevel>
        <ordinaryid/>
    </BCME3410_row>
    <BCME3410_row>
        <mh_itemserialno1/>
        <mh_itemserialno2/>
        <mh_itemserialno3>02</mh_itemserialno3>
        <mh_itemserialno4/>
        <budgetno>05050130300</budgetno>
        <mh_budgetname>使用規費收入</mh_budgetname>
        <budgetno_conver>0505130300</budgetno_conver>
        <tyear_amt>147.000000</tyear_amt>
        <lyear_amt>124.000000</lyear_amt>
        <byear_amt>147.000000</byear_amt>
        <b_amt>23.000000</b_amt>
        <bc_content/>
        <blevel>3</blevel>
        <ordinaryid/>
    </BCME3410_row>
    <BCME3410_row>
        <mh_itemserialno1/>
        <mh_itemserialno2/>
        <mh_itemserialno3/>
        <mh_itemserialno4>01</mh_itemserialno4>
        <budgetno>05050130305</budgetno>
        <mh_budgetname>資料使用費</mh_budgetname>
        <budgetno_conver>0505130305</budgetno_conver>
        <tyear_amt>147.000000</tyear_amt>
        <lyear_amt>124.000000</lyear_amt>
        <byear_amt>147.000000</byear_amt>
        <b_amt>23.000000</b_amt>
        <bc_key>05050130305xxxxxxxxxxxxxxxxxxxxxxxx1R1x0</bc_key>
        <bc_content>本年度預算數係訴訟文書影印費
等收入。</bc_content>
        <blevel>4</blevel>
        <ordinaryid/>
    </BCME3410_row>
    <BCME3410_row>
        <mh_itemserialno1>4</mh_itemserialno1>
        <mh_itemserialno2/>
        <mh_itemserialno3/>
        <mh_itemserialno4/>
        <budgetno>07000000000</budgetno>
        <mh_budgetname>財產收入</mh_budgetname>
        <budgetno_conver>0700000000</budgetno_conver>
        <tyear_amt>63.000000</tyear_amt>
        <lyear_amt>61.000000</lyear_amt>
        <byear_amt>84.000000</byear_amt>
        <b_amt>2.000000</b_amt>
        <bc_content/>
        <blevel>1</blevel>
        <ordinaryid/>
    </BCME3410_row>
    <BCME3410_row>
        <mh_itemserialno1/>
        <mh_itemserialno2>28</mh_itemserialno2>
        <mh_itemserialno3/>
        <mh_itemserialno4/>
        <budgetno>07050130000</budgetno>
        <mh_budgetname>高雄高等行政法院</mh_budgetname>
        <budgetno_conver>0705130000</budgetno_conver>
        <tyear_amt>63.000000</tyear_amt>
        <lyear_amt>61.000000</lyear_amt>
        <byear_amt>84.000000</byear_amt>
        <b_amt>2.000000</b_amt>
        <bc_content/>
        <blevel>2</blevel>
        <ordinaryid/>
    </BCME3410_row>
    <BCME3410_row>
        <mh_itemserialno1/>
        <mh_itemserialno2/>
        <mh_itemserialno3>01</mh_itemserialno3>
        <mh_itemserialno4/>
        <budgetno>07050130100</budgetno>
        <mh_budgetname>財產孳息</mh_budgetname>
        <budgetno_conver>0705130100</budgetno_conver>
        <tyear_amt>58.000000</tyear_amt>
        <lyear_amt>56.000000</lyear_amt>
        <byear_amt>56.000000</byear_amt>
        <b_amt>2.000000</b_amt>
        <bc_content/>
        <blevel>3</blevel>
        <ordinaryid/>
    </BCME3410_row>
    <BCME3410_row>
        <mh_itemserialno1/>
        <mh_itemserialno2/>
        <mh_itemserialno3/>
        <mh_itemserialno4>01</mh_itemserialno4>
        <budgetno>07050130106</budgetno>
        <mh_budgetname>租金收入</mh_budgetname>
        <budgetno_conver>0705130106</budgetno_conver>
        <tyear_amt>58.000000</tyear_amt>
        <lyear_amt>56.000000</lyear_amt>
        <byear_amt>56.000000</byear_amt>
        <b_amt>2.000000</b_amt>
        <bc_key>07050130106xxxxxxxxxxxxxxxxxxxxxxxx1R1x0</bc_key>
        <bc_content>本年度預算數係場地租金等收入
。</bc_content>
        <blevel>4</blevel>
        <ordinaryid/>
    </BCME3410_row>
    <BCME3410_row>
        <mh_itemserialno1/>
        <mh_itemserialno2/>
        <mh_itemserialno3>02</mh_itemserialno3>
        <mh_itemserialno4/>
        <budgetno>07050130600</budgetno>
        <mh_budgetname>廢舊物資售價</mh_budgetname>
        <budgetno_conver>0705130600</budgetno_conver>
        <tyear_amt>5.000000</tyear_amt>
        <lyear_amt>5.000000</lyear_amt>
        <byear_amt>28.000000</byear_amt>
        <b_amt>0.000000</b_amt>
        <bc_key>07050130600xxxxxxxxxxxxxxxxxxxxxxxx1R1x0</bc_key>
        <bc_content>本年度預算數係出售報廢財產及
廢舊物品等收入。　　　　　　</bc_content>
        <blevel>3</blevel>
        <ordinaryid/>
    </BCME3410_row>
    <BCME3410_row>
        <mh_itemserialno1>7</mh_itemserialno1>
        <mh_itemserialno2/>
        <mh_itemserialno3/>
        <mh_itemserialno4/>
        <budgetno>11000000000</budgetno>
        <mh_budgetname>其他收入</mh_budgetname>
        <budgetno_conver>1100000000</budgetno_conver>
        <tyear_amt>594.000000</tyear_amt>
        <lyear_amt>378.000000</lyear_amt>
        <byear_amt>410.000000</byear_amt>
        <b_amt>216.000000</b_amt>
        <bc_content/>
        <blevel>1</blevel>
        <ordinaryid/>
    </BCME3410_row>
    <BCME3410_row>
        <mh_itemserialno1/>
        <mh_itemserialno2>29</mh_itemserialno2>
        <mh_itemserialno3/>
        <mh_itemserialno4/>
        <budgetno>11050130000</budgetno>
        <mh_budgetname>高雄高等行政法院</mh_budgetname>
        <budgetno_conver>1105130000</budgetno_conver>
        <tyear_amt>594.000000</tyear_amt>
        <lyear_amt>378.000000</lyear_amt>
        <byear_amt>410.000000</byear_amt>
        <b_amt>216.000000</b_amt>
        <bc_content/>
        <blevel>2</blevel>
        <ordinaryid/>
    </BCME3410_row>
    <BCME3410_row>
        <mh_itemserialno1/>
        <mh_itemserialno2/>
        <mh_itemserialno3>01</mh_itemserialno3>
        <mh_itemserialno4/>
        <budgetno>11050130900</budgetno>
        <mh_budgetname>雜項收入</mh_budgetname>
        <budgetno_conver>1105130900</budgetno_conver>
        <tyear_amt>594.000000</tyear_amt>
        <lyear_amt>378.000000</lyear_amt>
        <byear_amt>410.000000</byear_amt>
        <b_amt>216.000000</b_amt>
        <bc_content/>
        <blevel>3</blevel>
        <ordinaryid/>
    </BCME3410_row>
    <BCME3410_row>
        <mh_itemserialno1/>
        <mh_itemserialno2/>
        <mh_itemserialno3/>
        <mh_itemserialno4>01</mh_itemserialno4>
        <budgetno>11050130909</budgetno>
        <mh_budgetname>其他雜項收入</mh_budgetname>
        <budgetno_conver>1105130909</budgetno_conver>
        <tyear_amt>594.000000</tyear_amt>
        <lyear_amt>378.000000</lyear_amt>
        <byear_amt>410.000000</byear_amt>
        <b_amt>216.000000</b_amt>
        <bc_key>11050130909xxxxxxxxxxxxxxxxxxxxxxxx1R1x0</bc_key>
        <bc_content>本年度預算數係借用宿舍員工自
薪資扣回繳庫數及宿舍管理費等
收入。</bc_content>
        <blevel>4</blevel>
        <ordinaryid/>
    </BCME3410_row>
</tables>
