﻿<?xml version="1.0" encoding="UTF-8"?>
<GenericData>
<Header>
<Table Id="fnwxbcshflowr" Name="中華民國96年度預算 附屬單位預算（營業部分）現金流量綜計表(依現金流量項目分列)" Domain="PBA" />
<Program Id="PBAGR090"/>
<Sender Name="行政院主計總處"/>
</Header>
<DataSet>
<Row>
<項目>營業活動之現金流量</項目>
<本年度預算數></本年度預算數>
</Row>
<Row>
<項目>本期純益（純損－）</項目>
<本年度預算數>107387964</本年度預算數>
</Row>
<Row>
<項目>調整非現金項目</項目>
<本年度預算數>275227303</本年度預算數>
</Row>
<Row>
<項目>營業活動之淨現金流入（流出－）</項目>
<本年度預算數>382615267</本年度預算數>
</Row>
<Row>
<項目>投資活動之現金流量</項目>
<本年度預算數></本年度預算數>
</Row>
<Row>
<項目>存放央行淨減（淨增－）</項目>
<本年度預算數>3420850</本年度預算數>
</Row>
<Row>
<項目>流動金融資產淨減（淨增－）</項目>
<本年度預算數>-101865129</本年度預算數>
</Row>
<Row>
<項目>押匯貼現及放款淨減（淨增－）</項目>
<本年度預算數>-215464656</本年度預算數>
</Row>
<Row>
<項目>減少長期投資</項目>
<本年度預算數>1393570991</本年度預算數>
</Row>
<Row>
<項目>減少基金及長期應收款</項目>
<本年度預算數>7123595</本年度預算數>
</Row>
<Row>
<項目>減少固定資產及遞耗資產</項目>
<本年度預算數>20041562</本年度預算數>
</Row>
<Row>
<項目>無形資產及其他資產淨減（淨增－）</項目>
<本年度預算數>-5545995</本年度預算數>
</Row>
<Row>
<項目>其他投資活動之現金流入</項目>
<本年度預算數></本年度預算數>
</Row>
<Row>
<項目>增加長期投資</項目>
<本年度預算數>-1765272223</本年度預算數>
</Row>
<Row>
<項目>增加基金及長期應收款</項目>
<本年度預算數>-6879422</本年度預算數>
</Row>
<Row>
<項目>增加固定資產及遞耗資產</項目>
<本年度預算數>-206732934</本年度預算數>
</Row>
<Row>
<項目>其他投資活動之現金流出</項目>
<本年度預算數></本年度預算數>
</Row>
<Row>
<項目>投資活動之淨現金流入（流出－）</項目>
<本年度預算數>-877603361</本年度預算數>
</Row>
<Row>
<項目>融資活動之現金流量</項目>
<本年度預算數></本年度預算數>
</Row>
<Row>
<項目>短期債務淨增（淨減－）</項目>
<本年度預算數>5412958</本年度預算數>
</Row>
<Row>
<項目>流動金融負債淨增（淨減－）</項目>
<本年度預算數>71480194</本年度預算數>
</Row>
<Row>
<項目>存匯款及金融債券淨增（淨減－）</項目>
<本年度預算數>315590175</本年度預算數>
</Row>
<Row>
<項目>央行及同業融資淨增（淨減－）</項目>
<本年度預算數>3536955</本年度預算數>
</Row>
<Row>
<項目>增加長期債務</項目>
<本年度預算數>195613576</本年度預算數>
</Row>
<Row>
<項目>增加非流動金融負債</項目>
<本年度預算數>1727828</本年度預算數>
</Row>
<Row>
<項目>其他負債淨增（淨減－）</項目>
<本年度預算數>-6783399</本年度預算數>
</Row>
<Row>
<項目>增加資本、公積及填補虧損</項目>
<本年度預算數>17528117</本年度預算數>
</Row>
<Row>
<項目>其他融資活動之現金流入</項目>
<本年度預算數></本年度預算數>
</Row>
<Row>
<項目>減少長期債務</項目>
<本年度預算數>-130989931</本年度預算數>
</Row>
<Row>
<項目>減少非流動金融負債</項目>
<本年度預算數>-2841</本年度預算數>
</Row>
<Row>
<項目>減少資本</項目>
<本年度預算數></本年度預算數>
</Row>
<Row>
<項目>發放現金股利</項目>
<本年度預算數>-180774343</本年度預算數>
</Row>
<Row>
<項目>其他融資活動之現金流出</項目>
<本年度預算數></本年度預算數>
</Row>
<Row>
<項目>融資活動之淨現金流入（流出－）</項目>
<本年度預算數>292339289</本年度預算數>
</Row>
<Row>
<項目>匯率影響數</項目>
<本年度預算數>11304385</本年度預算數>
</Row>
<Row>
<項目>現金及約當現金之淨增（淨減－）</項目>
<本年度預算數>-191344420</本年度預算數>
</Row>
<Row>
<項目>期初現金及約當現金</項目>
<本年度預算數>2672081634</本年度預算數>
</Row>
<Row>
<項目>期末現金及約當現金</項目>
<本年度預算數>2480737214</本年度預算數>
</Row>
<Row>
<項目>註：1.本表所列增加資本與期末現金及約當現金，與各事業合計數差異97,581,769千元，係中央信託局股份有限公司併入臺灣</項目>
<本年度預算數></本年度預算數>
</Row>
<Row>
<項目>　　銀行股份有限公司前之現金及約當現金餘額，合併報表所作之調整。</項目>
<本年度預算數></本年度預算數>
</Row>
<Row>
<項目>　　2.本表係採現金及約當現金基礎，包括現金、存放銀行同業、可自由動用之存放央行及自投資日起3個月內到期或清償</項目>
<本年度預算數></本年度預算數>
</Row>
<Row>
<項目>　　之債權證券。</項目>
<本年度預算數></本年度預算數>
</Row>
<Row>
<項目>　　3.本表「調整非現金項目」欄所列，包括提列備抵呆帳及損失、提存各項準備、折舊、折耗及減損、攤銷、沖轉遞延負</項目>
<本年度預算數></本年度預算數>
</Row>
<Row>
<項目>　　債、兌換損失(利益)、處理資產損失(利益)、債務整理損失(利益)、其他、流動資產淨減(淨增)、流動負債淨增(淨減)及</項目>
<本年度預算數></本年度預算數>
</Row>
<Row>
<項目>　　遞延所得稅。</項目>
<本年度預算數></本年度預算數>
</Row>
<ROW>
<備註>   </備註>
</ROW>
</DataSet>
</GenericData>
