﻿<?xml version="1.0" encoding="UTF-8"?>
<GenericData>
<Header>
<Table Id="fnwxbworkr" Name="中華民國96年度預算 附屬單位預算（營業部分）損益綜計表（依收支科目分列）" Domain="PBA" />
<Program Id="PBAGR040"/>
<Sender Name="行政院主計總處"/>
</Header>
<DataSet>
<Row>
<前年度決算數>2767044599.19112</前年度決算數>
<百分比>100</百分比>
<科目>營業收入</科目>
<本年度預算數>2955296119</本年度預算數>
<百分比>100</百分比>
<上年度預算數>2633085192</上年度預算數>
<百分比>100</百分比>
<本年度預算數與上年度預算數比較增減百分比>12.2370110917399</本年度預算數與上年度預算數比較增減百分比>
</Row>
<Row>
<前年度決算數>771897576.36887</前年度決算數>
<百分比>27.8961017323145</百分比>
<科目>銷貨收入</科目>
<本年度預算數>918120345</本年度預算數>
<百分比>31.0669492338612</百分比>
<上年度預算數>704578768</上年度預算數>
<百分比>26.7586772407021</百分比>
<本年度預算數與上年度預算數比較增減百分比>30.3076940007934</本年度預算數與上年度預算數比較增減百分比>
</Row>
<Row>
<前年度決算數>28547572.17585</前年度決算數>
<百分比>1.03169902589193</百分比>
<科目>勞務收入</科目>
<本年度預算數>26899270</本年度預算數>
<百分比>0.910205573886858</百分比>
<上年度預算數>30788896</上年度預算數>
<百分比>1.16930876727972</百分比>
<本年度預算數與上年度預算數比較增減百分比>-12.6332103625931</本年度預算數與上年度預算數比較增減百分比>
</Row>
<Row>
<前年度決算數>359924103.967</前年度決算數>
<百分比>13.0075281067828</百分比>
<科目>電費收入</科目>
<本年度預算數>409992092</本年度預算數>
<百分比>13.8731306607181</百分比>
<上年度預算數>370762167</上年度預算數>
<百分比>14.0809028179746</百分比>
<本年度預算數與上年度預算數比較增減百分比>10.5808867494293</本年度預算數與上年度預算數比較增減百分比>
</Row>
<Row>
<前年度決算數>22557575.362</前年度決算數>
<百分比>0.815222688083675</百分比>
<科目>給水收入</科目>
<本年度預算數>23241958</本年度預算數>
<百分比>0.786451071707309</百分比>
<上年度預算數>22997689</上年度預算數>
<百分比>0.873412264436904</百分比>
<本年度預算數與上年度預算數比較增減百分比>1.06214585300288</本年度預算數與上年度預算數比較增減百分比>
</Row>
<Row>
<前年度決算數>16787568.079</前年度決算數>
<百分比>0.606696693067667</百分比>
<科目>運輸收入</科目>
<本年度預算數>15251638</本年度預算數>
<百分比>0.516078165634406</百分比>
<上年度預算數>16873172</上年度預算數>
<百分比>0.640813751536225</百分比>
<本年度預算數與上年度預算數比較增減百分比>-9.61013139675219</本年度預算數與上年度預算數比較增減百分比>
</Row>
<Row>
<前年度決算數>14165562.187</前年度決算數>
<百分比>0.511938339958126</百分比>
<科目>港埠收入</科目>
<本年度預算數>14100675</本年度預算數>
<百分比>0.47713238985917</百分比>
<上年度預算數>14281353</上年度預算數>
<百分比>0.542380969798869</百分比>
<本年度預算數與上年度預算數比較增減百分比>-1.26513223221917</本年度預算數與上年度預算數比較增減百分比>
</Row>
<Row>
<前年度決算數>700119.364</前年度決算數>
<百分比>2.53020628653641E-02</百分比>
<科目>印刷出版廣告收入</科目>
<本年度預算數>655810</本年度預算數>
<百分比>2.21910080612128E-02</百分比>
<上年度預算數>674928</上年度預算數>
<百分比>2.56325925971027E-02</百分比>
<本年度預算數與上年度預算數比較增減百分比>-2.83259844012991</本年度預算數與上年度預算數比較增減百分比>
</Row>
<Row>
<前年度決算數>25189676.77353</前年度決算數>
<百分比>0.910345889650409</百分比>
<科目>郵務收入</科目>
<本年度預算數>27583781</本年度預算數>
<百分比>0.933367753662996</百分比>
<上年度預算數>28241704</上年度預算數>
<百分比>1.07257084145267</百分比>
<本年度預算數與上年度預算數比較增減百分比>-2.32961509687942</本年度預算數與上年度預算數比較增減百分比>
</Row>
<Row>
<前年度決算數></前年度決算數>
<百分比></百分比>
<科目>電信收入</科目>
<本年度預算數></本年度預算數>
<百分比></百分比>
<上年度預算數></上年度預算數>
<百分比></百分比>
<本年度預算數與上年度預算數比較增減百分比></本年度預算數與上年度預算數比較增減百分比>
</Row>
<Row>
<前年度決算數>1444779357.12988</前年度決算數>
<百分比>52.2138081024146</百分比>
<科目>金融保險收入</科目>
<本年度預算數>1443311232</本年度預算數>
<百分比>48.8381256524771</百分比>
<上年度預算數>1370426057</上年度預算數>
<百分比>52.0464002138523</百分比>
<本年度預算數與上年度預算數比較增減百分比>5.31843178460522</本年度預算數與上年度預算數比較增減百分比>
</Row>
<Row>
<前年度決算數>82495487.78399</前年度決算數>
<百分比>2.98135735897085</百分比>
<科目>其他營業收入</科目>
<本年度預算數>76139318</本年度預算數>
<百分比>2.57636849013167</百分比>
<上年度預算數>73460458</上年度預算數>
<百分比>2.7899005403696</百分比>
<本年度預算數與上年度預算數比較增減百分比>3.64666934148437</本年度預算數與上年度預算數比較增減百分比>
</Row>
<Row>
<前年度決算數>2402656849.3134</前年度決算數>
<百分比>86.8311573299454</百分比>
<科目>營業成本</科目>
<本年度預算數>2696181389</本年度預算數>
<百分比>91.2321906311142</百分比>
<上年度預算數>2330283241</上年度預算數>
<百分比>88.5001080891727</百分比>
<本年度預算數與上年度預算數比較增減百分比>15.70187441433</本年度預算數與上年度預算數比較增減百分比>
</Row>
<Row>
<前年度決算數>714174650.02632</前年度決算數>
<百分比>25.8100158644025</百分比>
<科目>銷貨成本</科目>
<本年度預算數>869529658</本年度預算數>
<百分比>29.4227591072744</百分比>
<上年度預算數>630859179</上年度預算數>
<百分比>23.9589353552523</百分比>
<本年度預算數與上年度預算數比較增減百分比>37.8326078061234</本年度預算數與上年度預算數比較增減百分比>
</Row>
<Row>
<前年度決算數>27093149.29056</前年度決算數>
<百分比>0.979136704138417</百分比>
<科目>勞務成本</科目>
<本年度預算數>24671774</本年度預算數>
<百分比>0.83483255168177</百分比>
<上年度預算數>29134394</上年度預算數>
<百分比>1.10647365639813</百分比>
<本年度預算數與上年度預算數比較增減百分比>-15.3173599560712</本年度預算數與上年度預算數比較增減百分比>
</Row>
<Row>
<前年度決算數>345134944.68437</前年度決算數>
<百分比>12.4730531913097</百分比>
<科目>發電及供電成本</科目>
<本年度預算數>424915236</本年度預算數>
<百分比>14.378093392001</百分比>
<上年度預算數>367149735</上年度預算數>
<百分比>13.9437089280475</百分比>
<本年度預算數與上年度預算數比較增減百分比>15.733499303765</本年度預算數與上年度預算數比較增減百分比>
</Row>
<Row>
<前年度決算數>18094663.1701</前年度決算數>
<百分比>0.653934641147076</百分比>
<科目>給水成本</科目>
<本年度預算數>19043936</本年度預算數>
<百分比>0.64440026424303</百分比>
<上年度預算數>19079834</上年度預算數>
<百分比>0.724618939712605</百分比>
<本年度預算數與上年度預算數比較增減百分比>-0.188146291000226</本年度預算數與上年度預算數比較增減百分比>
</Row>
<Row>
<前年度決算數>35314354.02048</前年度決算數>
<百分比>1.27624809628306</百分比>
<科目>輸儲成本</科目>
<本年度預算數>37053191</本年度預算數>
<百分比>1.25378945147933</百分比>
<上年度預算數>36849274</上年度預算數>
<百分比>1.39947139241669</百分比>
<本年度預算數與上年度預算數比較增減百分比>0.553381323062159</本年度預算數與上年度預算數比較增減百分比>
</Row>
<Row>
<前年度決算數>10775407.66941</前年度決算數>
<百分比>0.389419370853651</百分比>
<科目>港埠成本</科目>
<本年度預算數>11137105</本年度預算數>
<百分比>0.376852421941681</百分比>
<上年度預算數>11143581</上年度預算數>
<百分比>0.423213841840633</百分比>
<本年度預算數與上年度預算數比較增減百分比>-5.81141735318297E-02</本年度預算數與上年度預算數比較增減百分比>
</Row>
<Row>
<前年度決算數>524265.692</前年度決算數>
<百分比>1.89467741919757E-02</百分比>
<科目>印刷出版廣告成本</科目>
<本年度預算數>555016</本年度預算數>
<百分比>1.87803853709186E-02</百分比>
<上年度預算數>591792</上年度預算數>
<百分比>2.24752317850565E-02</百分比>
<本年度預算數與上年度預算數比較增減百分比>-6.21434558087977</本年度預算數與上年度預算數比較增減百分比>
</Row>
<Row>
<前年度決算數>19714214.54982</前年度決算數>
<百分比>0.712464647500911</百分比>
<科目>郵務成本</科目>
<本年度預算數>20178619</本年度預算數>
<百分比>0.682795164595146</百分比>
<上年度預算數>21084205</上年度預算數>
<百分比>0.800741467236203</百分比>
<本年度預算數與上年度預算數比較增減百分比>-4.29509198947743</本年度預算數與上年度預算數比較增減百分比>
</Row>
<Row>
<前年度決算數></前年度決算數>
<百分比></百分比>
<科目>電信成本</科目>
<本年度預算數></本年度預算數>
<百分比></百分比>
<上年度預算數></上年度預算數>
<百分比></百分比>
<本年度預算數與上年度預算數比較增減百分比></本年度預算數與上年度預算數比較增減百分比>
</Row>
<Row>
<前年度決算數>1216932199.59617</前年度決算數>
<百分比>43.9794934982946</百分比>
<科目>金融保險成本</科目>
<本年度預算數>1274209485</本年度預算數>
<百分比>43.1161356998351</百分比>
<上年度預算數>1198737032</上年度預算數>
<百分比>45.5259493935888</百分比>
<本年度預算數與上年度預算數比較增減百分比>6.2959974527591</本年度預算數與上年度預算數比較增減百分比>
</Row>
<Row>
<前年度決算數>14899000.61417</前年度決算數>
<百分比>0.538444541823625</百分比>
<科目>其他營業成本</科目>
<本年度預算數>14887369</本年度預算數>
<百分比>0.503752192691862</百分比>
<上年度預算數>15654215</上年度預算數>
<百分比>0.594519882894849</百分比>
<本年度預算數與上年度預算數比較增減百分比>-4.89865509065769</本年度預算數與上年度預算數比較增減百分比>
</Row>
<Row>
<前年度決算數>364387749.87772</前年度決算數>
<百分比>13.1688426700546</百分比>
<科目>營業毛利（毛損－）</科目>
<本年度預算數>259114730</本年度預算數>
<百分比>8.76780936888578</百分比>
<上年度預算數>302801951</上年度預算數>
<百分比>11.4998919108273</百分比>
<本年度預算數與上年度預算數比較增減百分比>-14.4276550582727</本年度預算數與上年度預算數比較增減百分比>
</Row>
<Row>
<前年度決算數>126877829.88008</前年度決算數>
<百分比>4.58531929399222</百分比>
<科目>營業費用</科目>
<本年度預算數>128097045</本年度預算數>
<百分比>4.33449102363877</百分比>
<上年度預算數>133501704</上年度預算數>
<百分比>5.07016272795172</百分比>
<本年度預算數與上年度預算數比較增減百分比>-4.04838203413494</本年度預算數與上年度預算數比較增減百分比>
</Row>
<Row>
<前年度決算數>32728104.52468</前年度決算數>
<百分比>1.18278196651573</百分比>
<科目>行銷費用</科目>
<本年度預算數>33099371</本年度預算數>
<百分比>1.12000184303697</百分比>
<上年度預算數>33420652</上年度預算數>
<百分比>1.26925828687734</百分比>
<本年度預算數與上年度預算數比較增減百分比>-0.961324752132304</本年度預算數與上年度預算數比較增減百分比>
</Row>
<Row>
<前年度決算數>71829828.08634</前年度決算數>
<百分比>2.59590424047873</百分比>
<科目>業務費用</科目>
<本年度預算數>72593253</本年度預算數>
<百分比>2.45637831462262</百分比>
<上年度預算數>78724830</上年度預算數>
<百分比>2.98983224087039</百分比>
<本年度預算數與上年度預算數比較增減百分比>-7.78861891476933</本年度預算數與上年度預算數比較增減百分比>
</Row>
<Row>
<前年度決算數>16467935.85004</前年度決算數>
<百分比>0.595145298881486</百分比>
<科目>管理費用</科目>
<本年度預算數>15089040</本年度預算數>
<百分比>0.510576246589657</百分比>
<上年度預算數>14508980</上年度預算數>
<百分比>0.551025847704513</百分比>
<本年度預算數與上年度預算數比較增減百分比>3.99793782884807</本年度預算數與上年度預算數比較增減百分比>
</Row>
<Row>
<前年度決算數>5851961.41902</前年度決算數>
<百分比>0.21148778811627</百分比>
<科目>其他營業費用</科目>
<本年度預算數>7315381</本年度預算數>
<百分比>0.247534619389523</百分比>
<上年度預算數>6847242</上年度預算數>
<百分比>0.260046352499483</百分比>
<本年度預算數與上年度預算數比較增減百分比>6.8368987104589</本年度預算數與上年度預算數比較增減百分比>
</Row>
<Row>
<前年度決算數>237509919.99764</前年度決算數>
<百分比>8.58352337606234</百分比>
<科目>營業利益（損失－）</科目>
<本年度預算數>131017685</本年度預算數>
<百分比>4.43331834524701</百分比>
<上年度預算數>169300247</上年度預算數>
<百分比>6.4297291828756</百分比>
<本年度預算數與上年度預算數比較增減百分比>-22.6122304476024</本年度預算數與上年度預算數比較增減百分比>
</Row>
<Row>
<前年度決算數>54269926.82347</前年度決算數>
<百分比>1.9612957029798</百分比>
<科目>營業外收入</科目>
<本年度預算數>24157759</本年度預算數>
<百分比>0.817439539973219</百分比>
<上年度預算數>28341396</上年度預算數>
<百分比>1.07635697037485</百分比>
<本年度預算數與上年度預算數比較增減百分比>-14.7615770232348</本年度預算數與上年度預算數比較增減百分比>
</Row>
<Row>
<前年度決算數>8484909.71082</前年度決算數>
<百分比>0.306641595632407</百分比>
<科目>財務收入</科目>
<本年度預算數>5688203</本年度預算數>
<百分比>0.1924748915491</百分比>
<上年度預算數>5898205</上年度預算數>
<百分比>0.22400357640992</百分比>
<本年度預算數與上年度預算數比較增減百分比>-3.56043915055513</本年度預算數與上年度預算數比較增減百分比>
</Row>
<Row>
<前年度決算數>45785017.11265</前年度決算數>
<百分比>1.65465410734739</百分比>
<科目>其他營業外收入</科目>
<本年度預算數>18469556</本年度預算數>
<百分比>0.62496464842412</百分比>
<上年度預算數>22443191</上年度預算數>
<百分比>0.85235339396493</百分比>
<本年度預算數與上年度預算數比較增減百分比>-17.7053031362608</本年度預算數與上年度預算數比較增減百分比>
</Row>
<Row>
<前年度決算數>59769623.18169</前年度決算數>
<百分比>2.16005275806405</百分比>
<科目>營業外費用</科目>
<本年度預算數>43217064</本年度預算數>
<百分比>1.46235985362521</百分比>
<上年度預算數>39272842</上年度預算數>
<百分比>1.49151429354892</百分比>
<本年度預算數與上年度預算數比較增減百分比>10.0431285314162</本年度預算數與上年度預算數比較增減百分比>
</Row>
<Row>
<前年度決算數>15172490.54999</前年度決算數>
<百分比>0.548328370074892</百分比>
<科目>財務費用</科目>
<本年度預算數>17295286</本年度預算數>
<百分比>0.585230220714813</百分比>
<上年度預算數>17375816</上年度預算數>
<百分比>0.65990329719647</百分比>
<本年度預算數與上年度預算數比較增減百分比>-0.463460248428045</本年度預算數與上年度預算數比較增減百分比>
</Row>
<Row>
<前年度決算數>44597132.6317</前年度決算數>
<百分比>1.61172438798915</百分比>
<科目>其他營業外費用</科目>
<本年度預算數>25921778</本年度預算數>
<百分比>0.8771296329104</百分比>
<上年度預算數>21897026</上年度預算數>
<百分比>0.831610996352449</百分比>
<本年度預算數與上年度預算數比較增減百分比>18.3803590496719</本年度預算數與上年度預算數比較增減百分比>
</Row>
<Row>
<前年度決算數>-5499696.35822</前年度決算數>
<百分比>0.198757055084248</百分比>
<科目>營業外利益（損失－）</科目>
<本年度預算數>-19059305</本年度預算數>
<百分比>0.644920313651994</百分比>
<上年度預算數>-10931446</上年度預算數>
<百分比>0.415157323174069</百分比>
<本年度預算數與上年度預算數比較增減百分比>-74.3530087419359</本年度預算數與上年度預算數比較增減百分比>
</Row>
<Row>
<前年度決算數>232010223.63942</前年度決算數>
<百分比>8.38476632097809</百分比>
<科目>稅前純益(純損－)</科目>
<本年度預算數>111958380</本年度預算數>
<百分比>3.78839803159502</百分比>
<上年度預算數>158368801</上年度預算數>
<百分比>6.01457185970153</百分比>
<本年度預算數與上年度預算數比較增減百分比>-29.3052802742379</本年度預算數與上年度預算數比較增減百分比>
</Row>
<Row>
<前年度決算數>2983676.2293</前年度決算數>
<百分比>0.107828989463061</百分比>
<科目>所得稅費用(利益－)</科目>
<本年度預算數>4570416</本年度預算數>
<百分比>0.154651710555033</百分比>
<上年度預算數>8496811</上年度預算數>
<百分比>0.322694116613299</百分比>
<本年度預算數與上年度預算數比較增減百分比>-46.2102193399382</本年度預算數與上年度預算數比較增減百分比>
</Row>
<Row>
<前年度決算數></前年度決算數>
<百分比></百分比>
<科目>非常利益（損失－）</科目>
<本年度預算數></本年度預算數>
<百分比></百分比>
<上年度預算數></上年度預算數>
<百分比></百分比>
<本年度預算數與上年度預算數比較增減百分比></本年度預算數與上年度預算數比較增減百分比>
</Row>
<Row>
<前年度決算數>4971180.39314</前年度決算數>
<百分比>0.179656677546622</百分比>
<科目>會計原則變動累積影響數</科目>
<本年度預算數></本年度預算數>
<百分比></百分比>
<上年度預算數></上年度預算數>
<百分比></百分比>
<本年度預算數與上年度預算數比較增減百分比></本年度預算數與上年度預算數比較增減百分比>
</Row>
<Row>
<前年度決算數>233997727.80326</前年度決算數>
<百分比>8.45659400906166</百分比>
<科目>本期純益（純損－）</科目>
<本年度預算數>107387964</本年度預算數>
<百分比>3.63374632103999</百分比>
<上年度預算數>149871990</上年度預算數>
<百分比>5.69187774308823</百分比>
<本年度預算數與上年度預算數比較增減百分比>-28.3468752233156</本年度預算數與上年度預算數比較增減百分比>
</Row>
<ROW>
<備註>   </備註>
</ROW>
</DataSet>
</GenericData>
