﻿<?xml version="1.0" encoding="UTF-8"?>
<GenericData>
<Header>
<Table Id="fnwxbworkr" Name="中華民國97年度預算 附屬單位預算（營業部分）損益綜計表（依收支科目分列）" Domain="PBA" />
<Program Id="PBAGR040"/>
<Sender Name="行政院主計總處"/>
</Header>
<DataSet>
<Row>
<前年度決算數>3023847649.71477</前年度決算數>
<百分比>100</百分比>
<科目>營業收入</科目>
<本年度預算數>3104637443</本年度預算數>
<百分比>100</百分比>
<上年度預算數>2934526262</上年度預算數>
<百分比>100</百分比>
<本年度預算數與上年度預算數比較增減百分比>5.79688732736242</本年度預算數與上年度預算數比較增減百分比>
</Row>
<Row>
<前年度決算數>885635690.92897</前年度決算數>
<百分比>29.2883701006732</百分比>
<科目>銷貨收入</科目>
<本年度預算數>942333519</本年度預算數>
<百分比>30.3524497240305</百分比>
<上年度預算數>897496345</上年度預算數>
<百分比>30.5840283872028</百分比>
<本年度預算數與上年度預算數比較增減百分比>4.99580574893595</本年度預算數與上年度預算數比較增減百分比>
</Row>
<Row>
<前年度決算數>22994935.28655</前年度決算數>
<百分比>0.760452838578658</百分比>
<科目>勞務收入</科目>
<本年度預算數>22377296</本年度預算數>
<百分比>0.720770022614199</百分比>
<上年度預算數>26899270</上年度預算數>
<百分比>0.91664778565202</百分比>
<本年度預算數與上年度預算數比較增減百分比>-16.8107684706685</本年度預算數與上年度預算數比較增減百分比>
</Row>
<Row>
<前年度決算數>382176349.714</前年度決算數>
<百分比>12.6387435474816</百分比>
<科目>電費收入</科目>
<本年度預算數>430982221</本年度預算數>
<百分比>13.8818856923771</百分比>
<上年度預算數>409992092</上年度預算數>
<百分比>13.9713212762517</百分比>
<本年度預算數與上年度預算數比較增減百分比>5.11964240520034</本年度預算數與上年度預算數比較增減百分比>
</Row>
<Row>
<前年度決算數>23335517.792</前年度決算數>
<百分比>0.771716055013591</百分比>
<科目>給水收入</科目>
<本年度預算數>23931534</本年度預算數>
<百分比>0.770831842344691</百分比>
<上年度預算數>23241958</上年度預算數>
<百分比>0.792017379464843</百分比>
<本年度預算數與上年度預算數比較增減百分比>2.96694452334868</本年度預算數與上年度預算數比較增減百分比>
</Row>
<Row>
<前年度決算數>16436244.814</前年度決算數>
<百分比>0.543553998679476</百分比>
<科目>運輸收入</科目>
<本年度預算數>16056380</本年度預算數>
<百分比>0.517174075710585</百分比>
<上年度預算數>15751638</上年度預算數>
<百分比>0.536769365603313</百分比>
<本年度預算數與上年度預算數比較增減百分比>1.93466863573173</本年度預算數與上年度預算數比較增減百分比>
</Row>
<Row>
<前年度決算數>13865643.252</前年度決算數>
<百分比>0.458543050385091</百分比>
<科目>港埠收入</科目>
<本年度預算數>14083205</本年度預算數>
<百分比>0.453618345412708</百分比>
<上年度預算數>14100675</上年度預算數>
<百分比>0.480509415867003</百分比>
<本年度預算數與上年度預算數比較增減百分比>-0.123894778086865</本年度預算數與上年度預算數比較增減百分比>
</Row>
<Row>
<前年度決算數>717152.487</前年度決算數>
<百分比>2.37165548690142E-02</百分比>
<科目>印刷出版廣告收入</科目>
<本年度預算數>652898</本年度預算數>
<百分比>2.10297663410613E-02</百分比>
<上年度預算數>655810</上年度預算數>
<百分比>2.23480705724896E-02</百分比>
<本年度預算數與上年度預算數比較增減百分比>-0.444031045577225</本年度預算數與上年度預算數比較增減百分比>
</Row>
<Row>
<前年度決算數>24666574.82261</前年度決算數>
<百分比>0.815734708887755</百分比>
<科目>郵務收入</科目>
<本年度預算數>26665666</本年度預算數>
<百分比>0.85889790642456</百分比>
<上年度預算數>27583781</上年度預算數>
<百分比>0.93997390165459</百分比>
<本年度預算數與上年度預算數比較增減百分比>-3.3284595755745</本年度預算數與上年度預算數比較增減百分比>
</Row>
<Row>
<前年度決算數></前年度決算數>
<百分比></百分比>
<科目>電信收入</科目>
<本年度預算數></本年度預算數>
<百分比></百分比>
<上年度預算數></上年度預算數>
<百分比></百分比>
<本年度預算數與上年度預算數比較增減百分比></本年度預算數與上年度預算數比較增減百分比>
</Row>
<Row>
<前年度決算數>1586846724.743</前年度決算數>
<百分比>52.4777339523928</百分比>
<科目>金融保險收入</科目>
<本年度預算數>1560242576</本年度預算數>
<百分比>50.2552264039032</百分比>
<上年度預算數>1442621354</上年度預算數>
<百分比>49.1602809176018</百分比>
<本年度預算數與上年度預算數比較增減百分比>8.15329827704741</本年度預算數與上年度預算數比較增減百分比>
</Row>
<Row>
<前年度決算數>67172815.87464</前年度決算數>
<百分比>2.22143519303878</百分比>
<科目>其他營業收入</科目>
<本年度預算數>67312148</本年度預算數>
<百分比>2.16811622084144</百分比>
<上年度預算數>76183339</上年度預算數>
<百分比>2.59610350012945</百分比>
<本年度預算數與上年度預算數比較增減百分比>-11.6445289960315</本年度預算數與上年度預算數比較增減百分比>
</Row>
<Row>
<前年度決算數>2649064867.08158</前年度決算數>
<百分比>87.6057650368549</百分比>
<科目>營業成本</科目>
<本年度預算數>2824943317</本年度預算數>
<百分比>90.9910857182173</百分比>
<上年度預算數>2652135821</上年度預算數>
<百分比>90.3769666451191</百分比>
<本年度預算數與上年度預算數比較增減百分比>6.51578605558904</本年度預算數與上年度預算數比較增減百分比>
</Row>
<Row>
<前年度決算數>854906862.30436</前年度決算數>
<百分比>28.2721539355662</百分比>
<科目>銷貨成本</科目>
<本年度預算數>877012989</本年度預算數>
<百分比>28.2484832803068</百分比>
<上年度預算數>827303547</上年度預算數>
<百分比>28.1920648560207</百分比>
<本年度預算數與上年度預算數比較增減百分比>6.00860979990456</本年度預算數與上年度預算數比較增減百分比>
</Row>
<Row>
<前年度決算數>22013716.36958</前年度決算數>
<百分比>0.728003488259618</百分比>
<科目>勞務成本</科目>
<本年度預算數>20465155</本年度預算數>
<百分比>0.659180190142415</百分比>
<上年度預算數>24599335</上年度預算數>
<百分比>0.838272784215417</百分比>
<本年度預算數與上年度預算數比較增減百分比>-16.806064066366</本年度預算數與上年度預算數比較增減百分比>
</Row>
<Row>
<前年度決算數>373827780.91217</前年度決算數>
<百分比>12.3626526272721</百分比>
<科目>發電及供電成本</科目>
<本年度預算數>457332121</本年度預算數>
<百分比>14.730612813781</百分比>
<上年度預算數>424787907</上年度預算數>
<百分比>14.4755190130924</百分比>
<本年度預算數與上年度預算數比較增減百分比>7.66128542355138</本年度預算數與上年度預算數比較增減百分比>
</Row>
<Row>
<前年度決算數>19000131.96752</前年度決算數>
<百分比>0.628342898469512</百分比>
<科目>給水成本</科目>
<本年度預算數>19435819</本年度預算數>
<百分比>0.626025400931171</百分比>
<上年度預算數>19003936</上年度預算數>
<百分比>0.647598089207354</百分比>
<本年度預算數與上年度預算數比較增減百分比>2.27259763451108</本年度預算數與上年度預算數比較增減百分比>
</Row>
<Row>
<前年度決算數>35608723.94758</前年度決算數>
<百分比>1.1775964953439</百分比>
<科目>輸儲成本</科目>
<本年度預算數>37708526</本年度預算數>
<百分比>1.21458710372192</百分比>
<上年度預算數>36963191</上年度預算數>
<百分比>1.25959653108737</百分比>
<本年度預算數與上年度預算數比較增減百分比>2.01642493474116</本年度預算數與上年度預算數比較增減百分比>
</Row>
<Row>
<前年度決算數>10768350.005</前年度決算數>
<百分比>0.356114171493254</百分比>
<科目>港埠成本</科目>
<本年度預算數>11249414</本年度預算數>
<百分比>0.362342276885308</百分比>
<上年度預算數>11081438</上年度預算數>
<百分比>0.377622723759424</百分比>
<本年度預算數與上年度預算數比較增減百分比>1.51583215102589</本年度預算數與上年度預算數比較增減百分比>
</Row>
<Row>
<前年度決算數>531688.18</前年度決算數>
<百分比>1.75831669313814E-02</百分比>
<科目>印刷出版廣告成本</科目>
<本年度預算數>545090</本年度預算數>
<百分比>1.75572835800525E-02</百分比>
<上年度預算數>550016</上年度預算數>
<百分比>1.87429230783282E-02</百分比>
<本年度預算數與上年度預算數比較增減百分比>-0.895610309518269</本年度預算數與上年度預算數比較增減百分比>
</Row>
<Row>
<前年度決算數>19427122.16099</前年度決算數>
<百分比>0.642463655959073</百分比>
<科目>郵務成本</科目>
<本年度預算數>21264838</本年度預算數>
<百分比>0.684937883743741</百分比>
<上年度預算數>20178619</上年度預算數>
<百分比>0.687627821270458</百分比>
<本年度預算數與上年度預算數比較增減百分比>5.38301952180176</本年度預算數與上年度預算數比較增減百分比>
</Row>
<Row>
<前年度決算數></前年度決算數>
<百分比></百分比>
<科目>電信成本</科目>
<本年度預算數></本年度預算數>
<百分比></百分比>
<上年度預算數></上年度預算數>
<百分比></百分比>
<本年度預算數與上年度預算數比較增減百分比></本年度預算數與上年度預算數比較增減百分比>
</Row>
<Row>
<前年度決算數>1298178005.35857</前年度決算數>
<百分比>42.931329740803</百分比>
<科目>金融保險成本</科目>
<本年度預算數>1364577001</本年度預算數>
<百分比>43.9528616804097</百分比>
<上年度預算數>1273215463</上年度預算數>
<百分比>43.387427793277</百分比>
<本年度預算數與上年度預算數比較增減百分比>7.17565413356906</本年度預算數與上年度預算數比較增減百分比>
</Row>
<Row>
<前年度決算數>14802485.87581</前年度決算數>
<百分比>0.489524856756797</百分比>
<科目>其他營業成本</科目>
<本年度預算數>15352364</本年度預算數>
<百分比>0.494497804715164</百分比>
<上年度預算數>14452369</上年度預算數>
<百分比>0.492494110110642</百分比>
<本年度預算數與上年度預算數比較增減百分比>6.22731816493199</本年度預算數與上年度預算數比較增減百分比>
</Row>
<Row>
<前年度決算數>374782782.633189</前年度決算數>
<百分比>12.3942349631451</百分比>
<科目>營業毛利（毛損－）</科目>
<本年度預算數>279694126</本年度預算數>
<百分比>9.00891428178269</百分比>
<上年度預算數>282390441</上年度預算數>
<百分比>9.62303335488091</百分比>
<本年度預算數與上年度預算數比較增減百分比>-0.954818084653227</本年度預算數與上年度預算數比較增減百分比>
</Row>
<Row>
<前年度決算數>131032343.51187</前年度決算數>
<百分比>4.33329845583424</百分比>
<科目>營業費用</科目>
<本年度預算數>133841623</本年度預算數>
<百分比>4.31102263814319</百分比>
<上年度預算數>126804014</上年度預算數>
<百分比>4.32110680493886</百分比>
<本年度預算數與上年度預算數比較增減百分比>5.54998913520198</本年度預算數與上年度預算數比較增減百分比>
</Row>
<Row>
<前年度決算數>33028650.35765</前年度決算數>
<百分比>1.09227230283131</百分比>
<科目>行銷費用</科目>
<本年度預算數>35249301</本年度預算數>
<百分比>1.13537576116903</百分比>
<上年度預算數>32501329</上年度預算數>
<百分比>1.10754943381727</百分比>
<本年度預算數與上年度預算數比較增減百分比>8.45495271901035</本年度預算數與上年度預算數比較增減百分比>
</Row>
<Row>
<前年度決算數>72703094.05347</前年度決算數>
<百分比>2.40432397645192</百分比>
<科目>業務費用</科目>
<本年度預算數>73495990</本年度預算數>
<百分比>2.36729703063109</百分比>
<上年度預算數>72428167</上年度預算數>
<百分比>2.4681383137678</百分比>
<本年度預算數與上年度預算數比較增減百分比>1.47432006666688</本年度預算數與上年度預算數比較增減百分比>
</Row>
<Row>
<前年度決算數>18902414.27748</前年度決算數>
<百分比>0.625111330567961</百分比>
<科目>管理費用</科目>
<本年度預算數>17790835</本年度預算數>
<百分比>0.573040663415074</百分比>
<上年度預算數>14963490</上年度預算數>
<百分比>0.509911606304786</百分比>
<本年度預算數與上年度預算數比較增減百分比>18.8949569919852</本年度預算數與上年度預算數比較增減百分比>
</Row>
<Row>
<前年度決算數>6398184.82327</前年度決算數>
<百分比>0.211590845983048</百分比>
<科目>其他營業費用</科目>
<本年度預算數>7305497</本年度預算數>
<百分比>0.235309182927998</百分比>
<上年度預算數>6911028</上年度預算數>
<百分比>0.23550745104901</百分比>
<本年度預算數與上年度預算數比較增減百分比>5.70781944451679</本年度預算數與上年度預算數比較增減百分比>
</Row>
<Row>
<前年度決算數>243750439.121319</前年度決算數>
<百分比>8.06093650731086</百分比>
<科目>營業利益（損失－）</科目>
<本年度預算數>145852503</本年度預算數>
<百分比>4.6978916436395</百分比>
<上年度預算數>155586427</上年度預算數>
<百分比>5.30192654994205</百分比>
<本年度預算數與上年度預算數比較增減百分比>-6.25628095437914</本年度預算數與上年度預算數比較增減百分比>
</Row>
<Row>
<前年度決算數>54831646.43004</前年度決算數>
<百分比>1.81330717621346</百分比>
<科目>營業外收入</科目>
<本年度預算數>26718688</本年度預算數>
<百分比>0.860605738690758</百分比>
<上年度預算數>24271288</上年度預算數>
<百分比>0.827093909987983</百分比>
<本年度預算數與上年度預算數比較增減百分比>10.0835192594641</本年度預算數與上年度預算數比較增減百分比>
</Row>
<Row>
<前年度決算數>7143305.87077</前年度決算數>
<百分比>0.236232333710457</百分比>
<科目>財務收入</科目>
<本年度預算數>5333543</本年度預算數>
<百分比>0.171792780893804</百分比>
<上年度預算數>5738203</上年度預算數>
<百分比>0.195541034145974</百分比>
<本年度預算數與上年度預算數比較增減百分比>-7.05203353732867</本年度預算數與上年度預算數比較增減百分比>
</Row>
<Row>
<前年度決算數>47688340.55927</前年度決算數>
<百分比>1.577074842503</百分比>
<科目>其他營業外收入</科目>
<本年度預算數>21385145</本年度預算數>
<百分比>0.688812957796953</百分比>
<上年度預算數>18533085</上年度預算數>
<百分比>0.631552875842009</百分比>
<本年度預算數與上年度預算數比較增減百分比>15.3890191514257</本年度預算數與上年度預算數比較增減百分比>
</Row>
<Row>
<前年度決算數>47011899.23019</前年度決算數>
<百分比>1.55470462391267</百分比>
<科目>營業外費用</科目>
<本年度預算數>42527150</本年度預算數>
<百分比>1.36979440533018</百分比>
<上年度預算數>43049386</上年度預算數>
<百分比>1.46699610623556</百分比>
<本年度預算數與上年度預算數比較增減百分比>-1.21310905572498</本年度預算數與上年度預算數比較增減百分比>
</Row>
<Row>
<前年度決算數>16021057.17472</前年度決算數>
<百分比>0.529823556958341</百分比>
<科目>財務費用</科目>
<本年度預算數>20229178</本年度預算數>
<百分比>0.651579399250323</百分比>
<上年度預算數>17248286</上年度預算數>
<百分比>0.587770715271929</百分比>
<本年度預算數與上年度預算數比較增減百分比>17.2822505378216</本年度預算數與上年度預算數比較增減百分比>
</Row>
<Row>
<前年度決算數>30990842.05547</前年度決算數>
<百分比>1.02488106695432</百分比>
<科目>其他營業外費用</科目>
<本年度預算數>22297972</本年度預算數>
<百分比>0.718215006079858</百分比>
<上年度預算數>25801100</上年度預算數>
<百分比>0.879225390963634</百分比>
<本年度預算數與上年度預算數比較增減百分比>-13.5774366209193</本年度預算數與上年度預算數比較增減百分比>
</Row>
<Row>
<前年度決算數>7819747.19985</前年度決算數>
<百分比>0.258602552300795</百分比>
<科目>營業外利益（損失－）</科目>
<本年度預算數>-15808462</本年度預算數>
<百分比>0.509188666639424</百分比>
<上年度預算數>-18778098</上年度預算數>
<百分比>0.63990219624758</百分比>
<本年度預算數與上年度預算數比較增減百分比>15.8143598994957</本年度預算數與上年度預算數比較增減百分比>
</Row>
<Row>
<前年度決算數>251570186.321169</前年度決算數>
<百分比>8.31953905961165</百分比>
<科目>稅前純益(純損－)</科目>
<本年度預算數>130044041</本年度預算數>
<百分比>4.18870297700007</百分比>
<上年度預算數>136808329</上年度預算數>
<百分比>4.66202435369447</百分比>
<本年度預算數與上年度預算數比較增減百分比>-4.94435393622855</本年度預算數與上年度預算數比較增減百分比>
</Row>
<Row>
<前年度決算數>-3930935.2045</前年度決算數>
<百分比>0.12999779287395</百分比>
<科目>所得稅費用(利益－)</科目>
<本年度預算數>7095019</本年度預算數>
<百分比>0.228529711770277</百分比>
<上年度預算數>8963933</上年度預算數>
<百分比>0.305464398668926</百分比>
<本年度預算數與上年度預算數比較增減百分比>-20.8492633757972</本年度預算數與上年度預算數比較增減百分比>
</Row>
<Row>
<前年度決算數></前年度決算數>
<百分比></百分比>
<科目>非常利益（損失－）</科目>
<本年度預算數></本年度預算數>
<百分比></百分比>
<上年度預算數></上年度預算數>
<百分比></百分比>
<本年度預算數與上年度預算數比較增減百分比></本年度預算數與上年度預算數比較增減百分比>
</Row>
<Row>
<前年度決算數>3427711.86226</前年度決算數>
<百分比>0.113355970912864</百分比>
<科目>會計原則變動累積影響數</科目>
<本年度預算數></本年度預算數>
<百分比></百分比>
<上年度預算數></上年度預算數>
<百分比></百分比>
<本年度預算數與上年度預算數比較增減百分比></本年度預算數與上年度預算數比較增減百分比>
</Row>
<Row>
<前年度決算數>258928833.387929</前年度決算數>
<百分比>8.56289282339847</百分比>
<科目>本期純益（純損－）</科目>
<本年度預算數>122949022</本年度預算數>
<百分比>3.9601732652298</百分比>
<上年度預算數>127844396</上年度預算數>
<百分比>4.35655995502554</百分比>
<本年度預算數與上年度預算數比較增減百分比>-3.82916588694275</本年度預算數與上年度預算數比較增減百分比>
</Row>
<ROW>
<備註> (手工填入)  </備註>
</ROW>
</DataSet>
</GenericData>
