﻿<?xml version="1.0" encoding="UTF-8"?>
<GenericData>
<Header>
<Table Id="fnwxbremain" Name="中華民國98年度預算 附屬單位預算（營業部分）盈虧撥補綜計表 (依撥補項目分列)" Domain="PBA" />
<Program Id="PBAGR070"/>
<Sender Name="行政院主計總處"/>
</Header>
<DataSet>
<Row>
<前年度決算數>368961375.21001</前年度決算數>
<百分比>100</百分比>
<科目>盈餘之部</科目>
<本年度預算數>232617063</本年度預算數>
<百分比>100</百分比>
<上年度預算數>242268414</上年度預算數>
<百分比>100</百分比>
<本年度預算數與上年度預算數比較增減百分比>-3.98374300663065</本年度預算數與上年度預算數比較增減百分比>
</Row>
<Row>
<前年度決算數>301277917.84153</前年度決算數>
<百分比>81.6556794515537</百分比>
<科目>本期純益</科目>
<本年度預算數>168806178</本年度預算數>
<百分比>72.5682698521561</百分比>
<上年度預算數>180162751</上年度預算數>
<百分比>74.3649359920274</百分比>
<本年度預算數與上年度預算數比較增減百分比>-6.30350776559801</本年度預算數與上年度預算數比較增減百分比>
</Row>
<Row>
<前年度決算數>66108610.36848</前年度決算數>
<百分比>17.9174880652078</百分比>
<科目>累積盈餘</科目>
<本年度預算數>63810885</本年度預算數>
<百分比>27.4317301478439</百分比>
<上年度預算數>62105663</上年度預算數>
<百分比>25.6350640079726</百分比>
<本年度預算數與上年度預算數比較增減百分比>2.74567876362579</本年度預算數與上年度預算數比較增減百分比>
</Row>
<Row>
<前年度決算數>1574847</前年度決算數>
<百分比>0.426832483238553</百分比>
<科目>公積轉列數</科目>
<本年度預算數></本年度預算數>
<百分比></百分比>
<上年度預算數></上年度預算數>
<百分比></百分比>
<本年度預算數與上年度預算數比較增減百分比></本年度預算數與上年度預算數比較增減百分比>
</Row>
<Row>
<前年度決算數></前年度決算數>
<百分比></百分比>
<科目>出售庫藏股票損失</科目>
<本年度預算數></本年度預算數>
<百分比></百分比>
<上年度預算數></上年度預算數>
<百分比></百分比>
<本年度預算數與上年度預算數比較增減百分比></本年度預算數與上年度預算數比較增減百分比>
</Row>
<Row>
<前年度決算數>368961375.21001</前年度決算數>
<百分比>100</百分比>
<科目>分配之部</科目>
<本年度預算數>232617063</本年度預算數>
<百分比>100</百分比>
<上年度預算數>242268414</上年度預算數>
<百分比>100</百分比>
<本年度預算數與上年度預算數比較增減百分比>-3.98374300663065</本年度預算數與上年度預算數比較增減百分比>
</Row>
<Row>
<前年度決算數>225505113.00086</前年度決算數>
<百分比>61.1188943212563</百分比>
<科目>中央政府所得者</科目>
<本年度預算數>182335457</本年度預算數>
<百分比>78.3843861875257</百分比>
<上年度預算數>191395286</上年度預算數>
<百分比>79.0013369221132</百分比>
<本年度預算數與上年度預算數比較增減百分比>-4.73356956137363</本年度預算數與上年度預算數比較增減百分比>
</Row>
<Row>
<前年度決算數>225505113.00086</前年度決算數>
<百分比>61.1188943212563</百分比>
<科目>股（官）息紅利</科目>
<本年度預算數>182335457</本年度預算數>
<百分比>78.3843861875257</百分比>
<上年度預算數>191395286</上年度預算數>
<百分比>79.0013369221132</百分比>
<本年度預算數與上年度預算數比較增減百分比>-4.73356956137363</本年度預算數與上年度預算數比較增減百分比>
</Row>
<Row>
<前年度決算數>47.9655</前年度決算數>
<百分比>-</百分比>
<科目>地方政府所得者</科目>
<本年度預算數>22</本年度預算數>
<百分比>-</百分比>
<上年度預算數>11</上年度預算數>
<百分比>-</百分比>
<本年度預算數與上年度預算數比較增減百分比>100</本年度預算數與上年度預算數比較增減百分比>
</Row>
<Row>
<前年度決算數>47.9655</前年度決算數>
<百分比>-</百分比>
<科目>股（官）息紅利</科目>
<本年度預算數>22</本年度預算數>
<百分比>-</百分比>
<上年度預算數>11</上年度預算數>
<百分比>-</百分比>
<本年度預算數與上年度預算數比較增減百分比>100</本年度預算數與上年度預算數比較增減百分比>
</Row>
<Row>
<前年度決算數></前年度決算數>
<百分比></百分比>
<科目>轉投資機關所得者</科目>
<本年度預算數></本年度預算數>
<百分比></百分比>
<上年度預算數></上年度預算數>
<百分比></百分比>
<本年度預算數與上年度預算數比較增減百分比></本年度預算數與上年度預算數比較增減百分比>
</Row>
<Row>
<前年度決算數></前年度決算數>
<百分比></百分比>
<科目>股（官）息紅利</科目>
<本年度預算數></本年度預算數>
<百分比></百分比>
<上年度預算數></上年度預算數>
<百分比></百分比>
<本年度預算數與上年度預算數比較增減百分比></本年度預算數與上年度預算數比較增減百分比>
</Row>
<Row>
<前年度決算數>921884.3325</前年度決算數>
<百分比>0.249859306268921</百分比>
<科目>其他政府機關所得者</科目>
<本年度預算數>496343</本年度預算數>
<百分比>0.213373427382668</百分比>
<上年度預算數>204688</上年度預算數>
<百分比>8.44881083012332E-02</百分比>
<本年度預算數與上年度預算數比較增減百分比>142.487590870007</本年度預算數與上年度預算數比較增減百分比>
</Row>
<Row>
<前年度決算數>921884.3325</前年度決算數>
<百分比>0.249859306268921</百分比>
<科目>股（官）息紅利</科目>
<本年度預算數>496343</本年度預算數>
<百分比>0.213373427382668</百分比>
<上年度預算數>204688</上年度預算數>
<百分比>8.44881083012332E-02</百分比>
<本年度預算數與上年度預算數比較增減百分比>142.487590870007</本年度預算數與上年度預算數比較增減百分比>
</Row>
<Row>
<前年度決算數>246183.3126</前年度決算數>
<百分比>6.67233290909853E-02</百分比>
<科目>民股股東所得者</科目>
<本年度預算數>3832281</本年度預算數>
<百分比>1.64746341071291</百分比>
<上年度預算數>2027755</上年度預算數>
<百分比>0.836986946222383</百分比>
<本年度預算數與上年度預算數比較增減百分比>88.99132291623</本年度預算數與上年度預算數比較增減百分比>
</Row>
<Row>
<前年度決算數>246183.3126</前年度決算數>
<百分比>6.67233290909853E-02</百分比>
<科目>股息紅利</科目>
<本年度預算數>3832281</本年度預算數>
<百分比>1.64746341071291</百分比>
<上年度預算數>2027755</上年度預算數>
<百分比>0.836986946222383</百分比>
<本年度預算數與上年度預算數比較增減百分比>88.99132291623</本年度預算數與上年度預算數比較增減百分比>
</Row>
<Row>
<前年度決算數>236986.403</前年度決算數>
<百分比>6.42306807494712E-02</百分比>
<科目>其他所得者</科目>
<本年度預算數></本年度預算數>
<百分比></百分比>
<上年度預算數>205415</上年度預算數>
<百分比>8.47881886905818E-02</百分比>
<本年度預算數與上年度預算數比較增減百分比>-100</本年度預算數與上年度預算數比較增減百分比>
</Row>
<Row>
<前年度決算數>236986.403</前年度決算數>
<百分比>6.42306807494712E-02</百分比>
<科目>撥補各級農、漁會事業費</科目>
<本年度預算數></本年度預算數>
<百分比></百分比>
<上年度預算數>205415</上年度預算數>
<百分比>8.47881886905818E-02</百分比>
<本年度預算數與上年度預算數比較增減百分比>-100</本年度預算數與上年度預算數比較增減百分比>
</Row>
<Row>
<前年度決算數>142051160.19555</前年度決算數>
<百分比>38.500279362493</百分比>
<科目>留存事業機關者</科目>
<本年度預算數>45952960</本年度預算數>
<百分比>19.754767516775</百分比>
<上年度預算數>48435259</上年度預算數>
<百分比>19.9923952942541</百分比>
<本年度預算數與上年度預算數比較增減百分比>-5.12498343407227</本年度預算數與上年度預算數比較增減百分比>
</Row>
<Row>
<前年度決算數>13865994.77418</前年度決算數>
<百分比>3.75811553886571</百分比>
<科目>填補虧損</科目>
<本年度預算數>5491269</本年度預算數>
<百分比>2.36064755060552</百分比>
<上年度預算數>434501</上年度預算數>
<百分比>0.179346945326517</百分比>
<本年度預算數與上年度預算數比較增減百分比>1163.810440022</本年度預算數與上年度預算數比較增減百分比>
</Row>
<Row>
<前年度決算數>2414834.82015</前年度決算數>
<百分比>0.654495289317342</百分比>
<科目>資本公積</科目>
<本年度預算數>805090</本年度預算數>
<百分比>0.346101008076093</百分比>
<上年度預算數>1701499</上年度預算數>
<百分比>0.702319783213672</百分比>
<本年度預算數與上年度預算數比較增減百分比>-52.6834867372828</本年度預算數與上年度預算數比較增減百分比>
</Row>
<Row>
<前年度決算數>58216086.05432</前年度決算數>
<百分比>15.7783686764458</百分比>
<科目>法定公積</科目>
<本年度預算數>29654434</本年度預算數>
<百分比>12.7481766030207</百分比>
<上年度預算數>35409880</上年度預算數>
<百分比>14.6159705325846</百分比>
<本年度預算數與上年度預算數比較增減百分比>-16.2537856665993</本年度預算數與上年度預算數比較增減百分比>
</Row>
<Row>
<前年度決算數>4959282.56535</前年度決算數>
<百分比>1.34411970969243</百分比>
<科目>特別公積</科目>
<本年度預算數>6399537</本年度預算數>
<百分比>2.75110386033891</百分比>
<上年度預算數>3332752</上年度預算數>
<百分比>1.37564445359353</百分比>
<本年度預算數與上年度預算數比較增減百分比>92.0195982179292</本年度預算數與上年度預算數比較增減百分比>
</Row>
<Row>
<前年度決算數>62594961.98155</前年度決算數>
<百分比>16.9651801481717</百分比>
<科目>未分配盈餘</科目>
<本年度預算數>3602630</本年度預算數>
<百分比>1.54873849473372</百分比>
<上年度預算數>7556627</上年度預算數>
<百分比>3.1191135795358</百分比>
<本年度預算數與上年度預算數比較增減百分比>-52.3248931037618</本年度預算數與上年度預算數比較增減百分比>
</Row>
<Row>
<前年度決算數>114660854.39605</前年度決算數>
<百分比>100</百分比>
<科目>虧損之部</科目>
<本年度預算數>431490370</本年度預算數>
<百分比>100</百分比>
<上年度預算數>98686661</上年度預算數>
<百分比>100</百分比>
<本年度預算數與上年度預算數比較增減百分比>337.232717803676</本年度預算數與上年度預算數比較增減百分比>
</Row>
<Row>
<前年度決算數>51855793.19472</前年度決算數>
<百分比>45.2253678623438</百分比>
<科目>本期純損</科目>
<本年度預算數>192550287</本年度預算數>
<百分比>44.6244691393692</百分比>
<上年度預算數>55511337</上年度預算數>
<百分比>56.2500913877307</百分比>
<本年度預算數與上年度預算數比較增減百分比>246.866599520022</本年度預算數與上年度預算數比較增減百分比>
</Row>
<Row>
<前年度決算數>62805061.20133</前年度決算數>
<百分比>54.7746321376562</百分比>
<科目>累積虧損</科目>
<本年度預算數>238940083</本年度預算數>
<百分比>55.3755308606308</百分比>
<上年度預算數>43175324</上年度預算數>
<百分比>43.7499086122693</百分比>
<本年度預算數與上年度預算數比較增減百分比>453.418158483304</本年度預算數與上年度預算數比較增減百分比>
</Row>
<Row>
<前年度決算數></前年度決算數>
<百分比></百分比>
<科目>累積虧損調整數</科目>
<本年度預算數></本年度預算數>
<百分比></百分比>
<上年度預算數></上年度預算數>
<百分比></百分比>
<本年度預算數與上年度預算數比較增減百分比></本年度預算數與上年度預算數比較增減百分比>
</Row>
<Row>
<前年度決算數>114660854.39605</前年度決算數>
<百分比>100</百分比>
<科目>填補之部</科目>
<本年度預算數>431490370</本年度預算數>
<百分比>100</百分比>
<上年度預算數>98686661</上年度預算數>
<百分比>100</百分比>
<本年度預算數與上年度預算數比較增減百分比>337.232717803676</本年度預算數與上年度預算數比較增減百分比>
</Row>
<Row>
<前年度決算數>4156562.5</前年度決算數>
<百分比>3.62509290715977</百分比>
<科目>中央政府負擔者</科目>
<本年度預算數></本年度預算數>
<百分比></百分比>
<上年度預算數></上年度預算數>
<百分比></百分比>
<本年度預算數與上年度預算數比較增減百分比></本年度預算數與上年度預算數比較增減百分比>
</Row>
<Row>
<前年度決算數>4156562.5</前年度決算數>
<百分比>3.62509290715977</百分比>
<科目>折減資本</科目>
<本年度預算數></本年度預算數>
<百分比></百分比>
<上年度預算數></上年度預算數>
<百分比></百分比>
<本年度預算數與上年度預算數比較增減百分比></本年度預算數與上年度預算數比較增減百分比>
</Row>
<Row>
<前年度決算數></前年度決算數>
<百分比></百分比>
<科目>出資填補</科目>
<本年度預算數></本年度預算數>
<百分比></百分比>
<上年度預算數></上年度預算數>
<百分比></百分比>
<本年度預算數與上年度預算數比較增減百分比></本年度預算數與上年度預算數比較增減百分比>
</Row>
<Row>
<前年度決算數></前年度決算數>
<百分比></百分比>
<科目>地方政府負擔者</科目>
<本年度預算數></本年度預算數>
<百分比></百分比>
<上年度預算數></上年度預算數>
<百分比></百分比>
<本年度預算數與上年度預算數比較增減百分比></本年度預算數與上年度預算數比較增減百分比>
</Row>
<Row>
<前年度決算數></前年度決算數>
<百分比></百分比>
<科目>折減資本</科目>
<本年度預算數></本年度預算數>
<百分比></百分比>
<上年度預算數></上年度預算數>
<百分比></百分比>
<本年度預算數與上年度預算數比較增減百分比></本年度預算數與上年度預算數比較增減百分比>
</Row>
<Row>
<前年度決算數></前年度決算數>
<百分比></百分比>
<科目>出資填補</科目>
<本年度預算數></本年度預算數>
<百分比></百分比>
<上年度預算數></上年度預算數>
<百分比></百分比>
<本年度預算數與上年度預算數比較增減百分比></本年度預算數與上年度預算數比較增減百分比>
</Row>
<Row>
<前年度決算數></前年度決算數>
<百分比></百分比>
<科目>轉投資機關負擔者</科目>
<本年度預算數></本年度預算數>
<百分比></百分比>
<上年度預算數></上年度預算數>
<百分比></百分比>
<本年度預算數與上年度預算數比較增減百分比></本年度預算數與上年度預算數比較增減百分比>
</Row>
<Row>
<前年度決算數></前年度決算數>
<百分比></百分比>
<科目>折減資本</科目>
<本年度預算數></本年度預算數>
<百分比></百分比>
<上年度預算數></上年度預算數>
<百分比></百分比>
<本年度預算數與上年度預算數比較增減百分比></本年度預算數與上年度預算數比較增減百分比>
</Row>
<Row>
<前年度決算數></前年度決算數>
<百分比></百分比>
<科目>出資填補</科目>
<本年度預算數></本年度預算數>
<百分比></百分比>
<上年度預算數></上年度預算數>
<百分比></百分比>
<本年度預算數與上年度預算數比較增減百分比></本年度預算數與上年度預算數比較增減百分比>
</Row>
<Row>
<前年度決算數>294056.1</前年度決算數>
<百分比>0.256457272666311</百分比>
<科目>其他政府機關負擔者</科目>
<本年度預算數></本年度預算數>
<百分比></百分比>
<上年度預算數></上年度預算數>
<百分比></百分比>
<本年度預算數與上年度預算數比較增減百分比></本年度預算數與上年度預算數比較增減百分比>
</Row>
<Row>
<前年度決算數>294056.1</前年度決算數>
<百分比>0.256457272666311</百分比>
<科目>折減資本</科目>
<本年度預算數></本年度預算數>
<百分比></百分比>
<上年度預算數></上年度預算數>
<百分比></百分比>
<本年度預算數與上年度預算數比較增減百分比></本年度預算數與上年度預算數比較增減百分比>
</Row>
<Row>
<前年度決算數></前年度決算數>
<百分比></百分比>
<科目>出資填補</科目>
<本年度預算數></本年度預算數>
<百分比></百分比>
<上年度預算數></上年度預算數>
<百分比></百分比>
<本年度預算數與上年度預算數比較增減百分比></本年度預算數與上年度預算數比較增減百分比>
</Row>
<Row>
<前年度決算數>27052.04</前年度決算數>
<百分比>2.35930912450378E-02</百分比>
<科目>民股股東負擔者</科目>
<本年度預算數></本年度預算數>
<百分比></百分比>
<上年度預算數></上年度預算數>
<百分比></百分比>
<本年度預算數與上年度預算數比較增減百分比></本年度預算數與上年度預算數比較增減百分比>
</Row>
<Row>
<前年度決算數>27052.04</前年度決算數>
<百分比>2.35930912450378E-02</百分比>
<科目>折減資本</科目>
<本年度預算數></本年度預算數>
<百分比></百分比>
<上年度預算數></上年度預算數>
<百分比></百分比>
<本年度預算數與上年度預算數比較增減百分比></本年度預算數與上年度預算數比較增減百分比>
</Row>
<Row>
<前年度決算數></前年度決算數>
<百分比></百分比>
<科目>出資填補</科目>
<本年度預算數></本年度預算數>
<百分比></百分比>
<上年度預算數></上年度預算數>
<百分比></百分比>
<本年度預算數與上年度預算數比較增減百分比></本年度預算數與上年度預算數比較增減百分比>
</Row>
<Row>
<前年度決算數>110183183.75605</前年度決算數>
<百分比>96.0948567289289</百分比>
<科目>事業機關負擔者</科目>
<本年度預算數>431490370</本年度預算數>
<百分比>100</百分比>
<上年度預算數>98686661</上年度預算數>
<百分比>100</百分比>
<本年度預算數與上年度預算數比較增減百分比>337.232717803676</本年度預算數與上年度預算數比較增減百分比>
</Row>
<Row>
<前年度決算數>13865994.77418</前年度決算數>
<百分比>12.0930502805129</百分比>
<科目>撥用盈餘</科目>
<本年度預算數>5491269</本年度預算數>
<百分比>1.27262840188067</百分比>
<上年度預算數>434501</上年度預算數>
<百分比>0.440283413783753</百分比>
<本年度預算數與上年度預算數比較增減百分比>1163.810440022</本年度預算數與上年度預算數比較增減百分比>
</Row>
<Row>
<前年度決算數>21141870.83407</前年度決算數>
<百分比>18.4386126768634</百分比>
<科目>撥用法定公積</科目>
<本年度預算數></本年度預算數>
<百分比></百分比>
<上年度預算數>44611317</上年度預算數>
<百分比>45.20501205325</百分比>
<本年度預算數與上年度預算數比較增減百分比>-100</本年度預算數與上年度預算數比較增減百分比>
</Row>
<Row>
<前年度決算數>20.287</前年度決算數>
<百分比>-</百分比>
<科目>撥用特別公積</科目>
<本年度預算數></本年度預算數>
<百分比></百分比>
<上年度預算數>20</上年度預算數>
<百分比>-</百分比>
<本年度預算數與上年度預算數比較增減百分比>-100</本年度預算數與上年度預算數比較增減百分比>
</Row>
<Row>
<前年度決算數></前年度決算數>
<百分比></百分比>
<科目>撥用資本公積</科目>
<本年度預算數></本年度預算數>
<百分比></百分比>
<上年度預算數></上年度預算數>
<百分比></百分比>
<本年度預算數與上年度預算數比較增減百分比></本年度預算數與上年度預算數比較增減百分比>
</Row>
<Row>
<前年度決算數>75175297.8608</前年度決算數>
<百分比>65.5631760785046</百分比>
<科目>待填補之虧損</科目>
<本年度預算數>425999101</本年度預算數>
<百分比>98.7273715981193</百分比>
<上年度預算數>53640823</上年度預算數>
<百分比>54.3546842668028</百分比>
<本年度預算數與上年度預算數比較增減百分比>694.169584236245</本年度預算數與上年度預算數比較增減百分比>
</Row>
<ROW>
<備註> (手工填入)  </備註>
</ROW>
</DataSet>
</GenericData>
