﻿<?xml version="1.0" encoding="UTF-8"?>
<GenericData>
<Header>
<Table Id="fnwxbcshflowr" Name="中華民國98年度預算 附屬單位預算（營業部分）現金流量綜計表(依現金流量項目分列)" Domain="PBA" />
<Program Id="PBAGR090"/>
<Sender Name="行政院主計總處"/>
</Header>
<DataSet>
<Row>
<項目>營業活動之現金流量</項目>
<本年度預算數></本年度預算數>
</Row>
<Row>
<項目>本期純益（純損－）</項目>
<本年度預算數>-23744109</本年度預算數>
</Row>
<Row>
<項目>調整非現金項目</項目>
<本年度預算數>467345441</本年度預算數>
</Row>
<Row>
<項目>營業活動之淨現金流入（流出－）</項目>
<本年度預算數>443601332</本年度預算數>
</Row>
<Row>
<項目>投資活動之現金流量</項目>
<本年度預算數></本年度預算數>
</Row>
<Row>
<項目>存放央行淨減（淨增－）</項目>
<本年度預算數>287706717</本年度預算數>
</Row>
<Row>
<項目>流動金融資產淨減（淨增－）</項目>
<本年度預算數>10663426</本年度預算數>
</Row>
<Row>
<項目>押匯貼現及放款淨減（淨增－）</項目>
<本年度預算數>-62393807</本年度預算數>
</Row>
<Row>
<項目>減少長期投資</項目>
<本年度預算數>1655796297</本年度預算數>
</Row>
<Row>
<項目>減少基金及長期應收款</項目>
<本年度預算數>3132962</本年度預算數>
</Row>
<Row>
<項目>減少固定資產及遞耗資產</項目>
<本年度預算數>5330777</本年度預算數>
</Row>
<Row>
<項目>無形資產及其他資產淨減（淨增－）</項目>
<本年度預算數>-26711389</本年度預算數>
</Row>
<Row>
<項目>其他投資活動之現金流入</項目>
<本年度預算數></本年度預算數>
</Row>
<Row>
<項目>增加長期投資</項目>
<本年度預算數>-2328656521</本年度預算數>
</Row>
<Row>
<項目>增加基金及長期應收款</項目>
<本年度預算數>-119966590</本年度預算數>
</Row>
<Row>
<項目>增加固定資產及遞耗資產</項目>
<本年度預算數>-222170906</本年度預算數>
</Row>
<Row>
<項目>其他投資活動之現金流出</項目>
<本年度預算數></本年度預算數>
</Row>
<Row>
<項目>投資活動之淨現金流入（流出－）</項目>
<本年度預算數>-797269034</本年度預算數>
</Row>
<Row>
<項目>融資活動之現金流量</項目>
<本年度預算數></本年度預算數>
</Row>
<Row>
<項目>短期債務淨增（淨減－）</項目>
<本年度預算數>59536612</本年度預算數>
</Row>
<Row>
<項目>流動金融負債淨增（淨減－）</項目>
<本年度預算數>79685778</本年度預算數>
</Row>
<Row>
<項目>存匯款及金融債券淨增（淨減－）</項目>
<本年度預算數>730187878</本年度預算數>
</Row>
<Row>
<項目>央行及同業融資淨增（淨減－）</項目>
<本年度預算數>-1146194</本年度預算數>
</Row>
<Row>
<項目>增加長期債務</項目>
<本年度預算數>346402078</本年度預算數>
</Row>
<Row>
<項目>增加非流動金融負債</項目>
<本年度預算數>256114</本年度預算數>
</Row>
<Row>
<項目>其他負債淨增（淨減－）</項目>
<本年度預算數>5289739</本年度預算數>
</Row>
<Row>
<項目>增加資本、公積及填補虧損</項目>
<本年度預算數>9755893</本年度預算數>
</Row>
<Row>
<項目>其他融資活動之現金流入</項目>
<本年度預算數></本年度預算數>
</Row>
<Row>
<項目>減少長期債務</項目>
<本年度預算數>-103760412</本年度預算數>
</Row>
<Row>
<項目>減少非流動金融負債</項目>
<本年度預算數>-74578</本年度預算數>
</Row>
<Row>
<項目>減少資本</項目>
<本年度預算數>-46265</本年度預算數>
</Row>
<Row>
<項目>發放現金股利</項目>
<本年度預算數>-190727243</本年度預算數>
</Row>
<Row>
<項目>其他融資活動之現金流出</項目>
<本年度預算數></本年度預算數>
</Row>
<Row>
<項目>融資活動之淨現金流入（流出－）</項目>
<本年度預算數>935359400</本年度預算數>
</Row>
<Row>
<項目>匯率影響數</項目>
<本年度預算數>9382072</本年度預算數>
</Row>
<Row>
<項目>現金及約當現金之淨增（淨減－）</項目>
<本年度預算數>591073770</本年度預算數>
</Row>
<Row>
<項目>期初現金及約當現金</項目>
<本年度預算數>2757463216</本年度預算數>
</Row>
<Row>
<項目>期末現金及約當現金</項目>
<本年度預算數>3348536986</本年度預算數>
</Row>
<Row>
<項目>註：1.本表係採現金及約當現金基礎，包括現金、存放銀行同業、可自由動用之存放央行及自投資日起3個月內到期或清償</項目>
<本年度預算數></本年度預算數>
</Row>
<Row>
<項目>之債權證券。</項目>
<本年度預算數></本年度預算數>
</Row>
<Row>
<項目>2.本表「調整非現金項目」欄所列，包括提列備抵呆帳及損失、提存各項準備、折舊、折耗及減損、攤銷、沖轉遞延負</項目>
<本年度預算數></本年度預算數>
</Row>
<Row>
<項目>債、兌換損失(利益)、處理資產損失(利益)、債務整理損失(利益)、其他、流動資產淨減(淨增)、流動負債淨增(淨減)及</項目>
<本年度預算數></本年度預算數>
</Row>
<Row>
<項目>遞延所得稅。</項目>
<本年度預算數></本年度預算數>
</Row>
<ROW>
<備註> (手工填入)  </備註>
</ROW>
</DataSet>
</GenericData>
