﻿<?xml version="1.0" encoding="UTF-8"?>
<GenericData>
<Header>
<Table Id="fnwxbremain" Name="中華民國101年度預算 附屬單位預算（營業部分）盈虧撥補綜計表 (依撥補項目分列)" Domain="PBA" />
<Program Id="PBAGR070"/>
<Sender Name="行政院主計總處"/>
</Header>
<DataSet>
<Row>
<前年度決算數>382696644.47352</前年度決算數>
<百分比>100</百分比>
<科目>盈餘之部</科目>
<本年度預算數>259386906</本年度預算數>
<百分比>100</百分比>
<上年度預算數>256348350</上年度預算數>
<百分比>100</百分比>
<本年度預算數與上年度預算數比較增減百分比>1.18532301846296</本年度預算數與上年度預算數比較增減百分比>
</Row>
<Row>
<前年度決算數>293206883.21638</前年度決算數>
<百分比>76.6160057712939</百分比>
<科目>本期純益</科目>
<本年度預算數>176120989</本年度預算數>
<百分比>67.8989513063547</百分比>
<上年度預算數>171607080</上年度預算數>
<百分比>66.9429235647509</百分比>
<本年度預算數與上年度預算數比較增減百分比>2.63037457428913</本年度預算數與上年度預算數比較增減百分比>
</Row>
<Row>
<前年度決算數>83859342.55914</前年度決算數>
<百分比>21.9127457139077</百分比>
<科目>累積盈餘</科目>
<本年度預算數>82112917</本年度預算數>
<百分比>31.6565389773376</百分比>
<上年度預算數>83141270</上年度預算數>
<百分比>32.4329257434269</百分比>
<本年度預算數與上年度預算數比較增減百分比>-1.236874298408</本年度預算數與上年度預算數比較增減百分比>
</Row>
<Row>
<前年度決算數>5630418.698</前年度決算數>
<百分比>1.47124851479841</百分比>
<科目>公積轉列數</科目>
<本年度預算數>1153000</本年度預算數>
<百分比>0.444509716307731</百分比>
<上年度預算數>1600000</上年度預算數>
<百分比>0.62415069182228</百分比>
<本年度預算數與上年度預算數比較增減百分比>-27.9375</本年度預算數與上年度預算數比較增減百分比>
</Row>
<Row>
<前年度決算數></前年度決算數>
<百分比></百分比>
<科目>出售庫藏股票損失</科目>
<本年度預算數></本年度預算數>
<百分比></百分比>
<上年度預算數></上年度預算數>
<百分比></百分比>
<本年度預算數與上年度預算數比較增減百分比></本年度預算數與上年度預算數比較增減百分比>
</Row>
<Row>
<前年度決算數>382696644.47352</前年度決算數>
<百分比>100</百分比>
<科目>分配之部</科目>
<本年度預算數>259386906</本年度預算數>
<百分比>100</百分比>
<上年度預算數>256348350</上年度預算數>
<百分比>100</百分比>
<本年度預算數與上年度預算數比較增減百分比>1.18532301846296</本年度預算數與上年度預算數比較增減百分比>
</Row>
<Row>
<前年度決算數>224394089.60696</前年度決算數>
<百分比>58.634977036619</百分比>
<科目>中央政府所得者</科目>
<本年度預算數>212648790</本年度預算數>
<百分比>81.9813125031068</百分比>
<上年度預算數>207990056</上年度預算數>
<百分比>81.1357108403467</百分比>
<本年度預算數與上年度預算數比較增減百分比>2.23988304517789</本年度預算數與上年度預算數比較增減百分比>
</Row>
<Row>
<前年度決算數>224394089.60696</前年度決算數>
<百分比>58.634977036619</百分比>
<科目>股（官）息紅利</科目>
<本年度預算數>212648790</本年度預算數>
<百分比>81.9813125031068</百分比>
<上年度預算數>207990056</上年度預算數>
<百分比>81.1357108403467</百分比>
<本年度預算數與上年度預算數比較增減百分比>2.23988304517789</本年度預算數與上年度預算數比較增減百分比>
</Row>
<Row>
<前年度決算數>79.9425</前年度決算數>
<百分比>-</百分比>
<科目>地方政府所得者</科目>
<本年度預算數>27</本年度預算數>
<百分比>-</百分比>
<上年度預算數>52</上年度預算數>
<百分比>-</百分比>
<本年度預算數與上年度預算數比較增減百分比>-48.0769230769231</本年度預算數與上年度預算數比較增減百分比>
</Row>
<Row>
<前年度決算數>79.9425</前年度決算數>
<百分比>-</百分比>
<科目>股（官）息紅利</科目>
<本年度預算數>27</本年度預算數>
<百分比>-</百分比>
<上年度預算數>52</上年度預算數>
<百分比>-</百分比>
<本年度預算數與上年度預算數比較增減百分比>-48.0769230769231</本年度預算數與上年度預算數比較增減百分比>
</Row>
<Row>
<前年度決算數></前年度決算數>
<百分比></百分比>
<科目>轉投資機關所得者</科目>
<本年度預算數></本年度預算數>
<百分比></百分比>
<上年度預算數></上年度預算數>
<百分比></百分比>
<本年度預算數與上年度預算數比較增減百分比></本年度預算數與上年度預算數比較增減百分比>
</Row>
<Row>
<前年度決算數></前年度決算數>
<百分比></百分比>
<科目>股（官）息紅利</科目>
<本年度預算數></本年度預算數>
<百分比></百分比>
<上年度預算數></上年度預算數>
<百分比></百分比>
<本年度預算數與上年度預算數比較增減百分比></本年度預算數與上年度預算數比較增減百分比>
</Row>
<Row>
<前年度決算數>371306.574</前年度決算數>
<百分比>0.097023733905692</百分比>
<科目>其他政府機關所得者</科目>
<本年度預算數>124759</本年度預算數>
<百分比>4.80976476121736E-02</百分比>
<上年度預算數>141421</上年度預算數>
<百分比>5.51675093676242E-02</百分比>
<本年度預算數與上年度預算數比較增減百分比>-11.7818428663353</本年度預算數與上年度預算數比較增減百分比>
</Row>
<Row>
<前年度決算數>371306.574</前年度決算數>
<百分比>0.097023733905692</百分比>
<科目>股（官）息紅利</科目>
<本年度預算數>124759</本年度預算數>
<百分比>4.80976476121736E-02</百分比>
<上年度預算數>141421</上年度預算數>
<百分比>5.51675093676242E-02</百分比>
<本年度預算數與上年度預算數比較增減百分比>-11.7818428663353</本年度預算數與上年度預算數比較增減百分比>
</Row>
<Row>
<前年度決算數>410305.521</前年度決算數>
<百分比>0.107214298041328</百分比>
<科目>民股股東所得者</科目>
<本年度預算數>5988213</本年度預算數>
<百分比>2.30860265552495</百分比>
<上年度預算數>2693317</上年度預算數>
<百分比>1.05064729302919</百分比>
<本年度預算數與上年度預算數比較增減百分比>122.335989413797</本年度預算數與上年度預算數比較增減百分比>
</Row>
<Row>
<前年度決算數>410305.521</前年度決算數>
<百分比>0.107214298041328</百分比>
<科目>股息紅利</科目>
<本年度預算數>5988213</本年度預算數>
<百分比>2.30860265552495</百分比>
<上年度預算數>2693317</上年度預算數>
<百分比>1.05064729302919</百分比>
<本年度預算數與上年度預算數比較增減百分比>122.335989413797</本年度預算數與上年度預算數比較增減百分比>
</Row>
<Row>
<前年度決算數>321207.141</前年度決算數>
<百分比>8.39325731329284E-02</百分比>
<科目>其他所得者</科目>
<本年度預算數>332557</本年度預算數>
<百分比>0.128208861861362</百分比>
<上年度預算數>988388</上年度預算數>
<百分比>0.385564408743025</百分比>
<本年度預算數與上年度預算數比較增減百分比>-66.3535979797408</本年度預算數與上年度預算數比較增減百分比>
</Row>
<Row>
<前年度決算數></前年度決算數>
<百分比></百分比>
<科目>撥補各級農、漁會事業費</科目>
<本年度預算數></本年度預算數>
<百分比></百分比>
<上年度預算數></上年度預算數>
<百分比></百分比>
<本年度預算數與上年度預算數比較增減百分比></本年度預算數與上年度預算數比較增減百分比>
</Row>
<Row>
<前年度決算數>263389.856</前年度決算數>
<百分比>6.88247100682966E-02</百分比>
<科目>分配民航事業作業基金</科目>
<本年度預算數>272697</本年度預算數>
<百分比>0.105131366962679</百分比>
<上年度預算數>810478</上年度預算數>
<百分比>0.316162752754211</百分比>
<本年度預算數與上年度預算數比較增減百分比>-66.3535592576233</本年度預算數與上年度預算數比較增減百分比>
</Row>
<Row>
<前年度決算數>57817.285</前年度決算數>
<百分比>1.51078630646317E-02</百分比>
<科目>提撥地方政府</科目>
<本年度預算數>59860</本年度預算數>
<百分比>2.30774948986824E-02</百分比>
<上年度預算數>177910</上年度預算數>
<百分比>6.94016559888137E-02</百分比>
<本年度預算數與上年度預算數比較增減百分比>-66.3537743803047</本年度預算數與上年度預算數比較增減百分比>
</Row>
<Row>
<前年度決算數>157199655.68806</前年度決算數>
<百分比>41.0768314690403</百分比>
<科目>留存事業機關者</科目>
<本年度預算數>40292560</本年度預算數>
<百分比>15.5337679227339</百分比>
<上年度預算數>44535116</上年度預算數>
<百分比>17.3728896636159</百分比>
<本年度預算數與上年度預算數比較增減百分比>-9.52631626692069</本年度預算數與上年度預算數比較增減百分比>
</Row>
<Row>
<前年度決算數>17227489.28654</前年度決算數>
<百分比>4.50160447846101</百分比>
<科目>填補虧損</科目>
<本年度預算數>1349006</本年度預算數>
<百分比>0.520074825982156</百分比>
<上年度預算數>8756426</上年度預算數>
<百分比>3.41583084111913</百分比>
<本年度預算數與上年度預算數比較增減百分比>-84.5941026624333</本年度預算數與上年度預算數比較增減百分比>
</Row>
<Row>
<前年度決算數></前年度決算數>
<百分比></百分比>
<科目>資本公積</科目>
<本年度預算數></本年度預算數>
<百分比></百分比>
<上年度預算數></上年度預算數>
<百分比></百分比>
<本年度預算數與上年度預算數比較增減百分比></本年度預算數與上年度預算數比較增減百分比>
</Row>
<Row>
<前年度決算數>52225395.75417</前年度決算數>
<百分比>13.6466824332931</百分比>
<科目>法定公積</科目>
<本年度預算數>32175332</本年度預算數>
<百分比>12.4043778832845</百分比>
<上年度預算數>30903467</上年度預算數>
<百分比>12.0552626923481</百分比>
<本年度預算數與上年度預算數比較增減百分比>4.11560618748699</本年度預算數與上年度預算數比較增減百分比>
</Row>
<Row>
<前年度決算數>4951137.24668</前年度決算數>
<百分比>1.29374984551833</百分比>
<科目>特別公積</科目>
<本年度預算數>6211876</本年度預算數>
<百分比>2.39483021552368</百分比>
<上年度預算數>3885602</上年度預算數>
<百分比>1.51575073527877</百分比>
<本年度預算數與上年度預算數比較增減百分比>59.8690756284354</本年度預算數與上年度預算數比較增減百分比>
</Row>
<Row>
<前年度決算數>82795633.40067</前年度決算數>
<百分比>21.6347947117678</百分比>
<科目>未分配盈餘</科目>
<本年度預算數>556346</本年度預算數>
<百分比>0.214484997943574</百分比>
<上年度預算數>989621</上年度預算數>
<百分比>0.38604539486991</百分比>
<本年度預算數與上年度預算數比較增減百分比>-43.7819124695212</本年度預算數與上年度預算數比較增減百分比>
</Row>
<Row>
<前年度決算數>180463959.77487</前年度決算數>
<百分比>100</百分比>
<科目>虧損之部</科目>
<本年度預算數>302931663</本年度預算數>
<百分比>100</百分比>
<上年度預算數>221217084</上年度預算數>
<百分比>100</百分比>
<本年度預算數與上年度預算數比較增減百分比>36.9386385185332</本年度預算數與上年度預算數比較增減百分比>
</Row>
<Row>
<前年度決算數>45575308.81541</前年度決算數>
<百分比>25.2545211089602</百分比>
<科目>本期純損</科目>
<本年度預算數>85763189</本年度預算數>
<百分比>28.3110679651866</百分比>
<上年度預算數>57703977</上年度預算數>
<百分比>26.0847742663492</百分比>
<本年度預算數與上年度預算數比較增減百分比>48.6261319562081</本年度預算數與上年度預算數比較增減百分比>
</Row>
<Row>
<前年度決算數>134888650.95946</前年度決算數>
<百分比>74.7454788910398</百分比>
<科目>累積虧損</科目>
<本年度預算數>217168474</本年度預算數>
<百分比>71.6889320348134</百分比>
<上年度預算數>163513107</上年度預算數>
<百分比>73.9152257336508</百分比>
<本年度預算數與上年度預算數比較增減百分比>32.8141076788419</本年度預算數與上年度預算數比較增減百分比>
</Row>
<Row>
<前年度決算數></前年度決算數>
<百分比></百分比>
<科目>累積虧損調整數</科目>
<本年度預算數></本年度預算數>
<百分比></百分比>
<上年度預算數></上年度預算數>
<百分比></百分比>
<本年度預算數與上年度預算數比較增減百分比></本年度預算數與上年度預算數比較增減百分比>
</Row>
<Row>
<前年度決算數>180463959.77487</前年度決算數>
<百分比>100</百分比>
<科目>填補之部</科目>
<本年度預算數>302931663</本年度預算數>
<百分比>100</百分比>
<上年度預算數>221217084</上年度預算數>
<百分比>100</百分比>
<本年度預算數與上年度預算數比較增減百分比>36.9386385185332</本年度預算數與上年度預算數比較增減百分比>
</Row>
<Row>
<前年度決算數></前年度決算數>
<百分比></百分比>
<科目>中央政府負擔者</科目>
<本年度預算數></本年度預算數>
<百分比></百分比>
<上年度預算數></上年度預算數>
<百分比></百分比>
<本年度預算數與上年度預算數比較增減百分比></本年度預算數與上年度預算數比較增減百分比>
</Row>
<Row>
<前年度決算數></前年度決算數>
<百分比></百分比>
<科目>折減資本</科目>
<本年度預算數></本年度預算數>
<百分比></百分比>
<上年度預算數></上年度預算數>
<百分比></百分比>
<本年度預算數與上年度預算數比較增減百分比></本年度預算數與上年度預算數比較增減百分比>
</Row>
<Row>
<前年度決算數></前年度決算數>
<百分比></百分比>
<科目>出資填補</科目>
<本年度預算數></本年度預算數>
<百分比></百分比>
<上年度預算數></上年度預算數>
<百分比></百分比>
<本年度預算數與上年度預算數比較增減百分比></本年度預算數與上年度預算數比較增減百分比>
</Row>
<Row>
<前年度決算數></前年度決算數>
<百分比></百分比>
<科目>地方政府負擔者</科目>
<本年度預算數></本年度預算數>
<百分比></百分比>
<上年度預算數></上年度預算數>
<百分比></百分比>
<本年度預算數與上年度預算數比較增減百分比></本年度預算數與上年度預算數比較增減百分比>
</Row>
<Row>
<前年度決算數></前年度決算數>
<百分比></百分比>
<科目>折減資本</科目>
<本年度預算數></本年度預算數>
<百分比></百分比>
<上年度預算數></上年度預算數>
<百分比></百分比>
<本年度預算數與上年度預算數比較增減百分比></本年度預算數與上年度預算數比較增減百分比>
</Row>
<Row>
<前年度決算數></前年度決算數>
<百分比></百分比>
<科目>出資填補</科目>
<本年度預算數></本年度預算數>
<百分比></百分比>
<上年度預算數></上年度預算數>
<百分比></百分比>
<本年度預算數與上年度預算數比較增減百分比></本年度預算數與上年度預算數比較增減百分比>
</Row>
<Row>
<前年度決算數></前年度決算數>
<百分比></百分比>
<科目>轉投資機關負擔者</科目>
<本年度預算數></本年度預算數>
<百分比></百分比>
<上年度預算數></上年度預算數>
<百分比></百分比>
<本年度預算數與上年度預算數比較增減百分比></本年度預算數與上年度預算數比較增減百分比>
</Row>
<Row>
<前年度決算數></前年度決算數>
<百分比></百分比>
<科目>折減資本</科目>
<本年度預算數></本年度預算數>
<百分比></百分比>
<上年度預算數></上年度預算數>
<百分比></百分比>
<本年度預算數與上年度預算數比較增減百分比></本年度預算數與上年度預算數比較增減百分比>
</Row>
<Row>
<前年度決算數></前年度決算數>
<百分比></百分比>
<科目>出資填補</科目>
<本年度預算數></本年度預算數>
<百分比></百分比>
<上年度預算數></上年度預算數>
<百分比></百分比>
<本年度預算數與上年度預算數比較增減百分比></本年度預算數與上年度預算數比較增減百分比>
</Row>
<Row>
<前年度決算數></前年度決算數>
<百分比></百分比>
<科目>其他政府機關負擔者</科目>
<本年度預算數></本年度預算數>
<百分比></百分比>
<上年度預算數></上年度預算數>
<百分比></百分比>
<本年度預算數與上年度預算數比較增減百分比></本年度預算數與上年度預算數比較增減百分比>
</Row>
<Row>
<前年度決算數></前年度決算數>
<百分比></百分比>
<科目>折減資本</科目>
<本年度預算數></本年度預算數>
<百分比></百分比>
<上年度預算數></上年度預算數>
<百分比></百分比>
<本年度預算數與上年度預算數比較增減百分比></本年度預算數與上年度預算數比較增減百分比>
</Row>
<Row>
<前年度決算數></前年度決算數>
<百分比></百分比>
<科目>出資填補</科目>
<本年度預算數></本年度預算數>
<百分比></百分比>
<上年度預算數></上年度預算數>
<百分比></百分比>
<本年度預算數與上年度預算數比較增減百分比></本年度預算數與上年度預算數比較增減百分比>
</Row>
<Row>
<前年度決算數></前年度決算數>
<百分比></百分比>
<科目>民股股東負擔者</科目>
<本年度預算數></本年度預算數>
<百分比></百分比>
<上年度預算數></上年度預算數>
<百分比></百分比>
<本年度預算數與上年度預算數比較增減百分比></本年度預算數與上年度預算數比較增減百分比>
</Row>
<Row>
<前年度決算數></前年度決算數>
<百分比></百分比>
<科目>折減資本</科目>
<本年度預算數></本年度預算數>
<百分比></百分比>
<上年度預算數></上年度預算數>
<百分比></百分比>
<本年度預算數與上年度預算數比較增減百分比></本年度預算數與上年度預算數比較增減百分比>
</Row>
<Row>
<前年度決算數></前年度決算數>
<百分比></百分比>
<科目>出資填補</科目>
<本年度預算數></本年度預算數>
<百分比></百分比>
<上年度預算數></上年度預算數>
<百分比></百分比>
<本年度預算數與上年度預算數比較增減百分比></本年度預算數與上年度預算數比較增減百分比>
</Row>
<Row>
<前年度決算數>180463959.77487</前年度決算數>
<百分比>100</百分比>
<科目>事業機關負擔者</科目>
<本年度預算數>302931663</本年度預算數>
<百分比>100</百分比>
<上年度預算數>221217084</上年度預算數>
<百分比>100</百分比>
<本年度預算數與上年度預算數比較增減百分比>36.9386385185332</本年度預算數與上年度預算數比較增減百分比>
</Row>
<Row>
<前年度決算數>17227489.28654</前年度決算數>
<百分比>9.5462214771478</百分比>
<科目>撥用盈餘</科目>
<本年度預算數>1349006</本年度預算數>
<百分比>0.44531693605102</百分比>
<上年度預算數>8756426</上年度預算數>
<百分比>3.95829555370145</百分比>
<本年度預算數與上年度預算數比較增減百分比>-84.5941026624333</本年度預算數與上年度預算數比較增減百分比>
</Row>
<Row>
<前年度決算數></前年度決算數>
<百分比></百分比>
<科目>撥用法定公積</科目>
<本年度預算數></本年度預算數>
<百分比></百分比>
<上年度預算數></上年度預算數>
<百分比></百分比>
<本年度預算數與上年度預算數比較增減百分比></本年度預算數與上年度預算數比較增減百分比>
</Row>
<Row>
<前年度決算數></前年度決算數>
<百分比></百分比>
<科目>撥用特別公積</科目>
<本年度預算數></本年度預算數>
<百分比></百分比>
<上年度預算數></上年度預算數>
<百分比></百分比>
<本年度預算數與上年度預算數比較增減百分比></本年度預算數與上年度預算數比較增減百分比>
</Row>
<Row>
<前年度決算數></前年度決算數>
<百分比></百分比>
<科目>撥用資本公積</科目>
<本年度預算數></本年度預算數>
<百分比></百分比>
<上年度預算數>452152</上年度預算數>
<百分比>0.204392893995475</百分比>
<本年度預算數與上年度預算數比較增減百分比>-100</本年度預算數與上年度預算數比較增減百分比>
</Row>
<Row>
<前年度決算數>163236470.48833</前年度決算數>
<百分比>90.4537785228522</百分比>
<科目>待填補之虧損</科目>
<本年度預算數>301582657</本年度預算數>
<百分比>99.554683063949</百分比>
<上年度預算數>212008506</上年度預算數>
<百分比>95.8373115523031</百分比>
<本年度預算數與上年度預算數比較增減百分比>42.2502628267188</本年度預算數與上年度預算數比較增減百分比>
</Row>
<Row>
<前年度決算數>註：本表本年度「盈餘之部－本期純益」176,120,989千元，與「虧損之部－本期純損」85,763,189千元，因僅列歸屬於母公司股東部分</前年度決算數>
<百分比></百分比>
<科目></科目>
<本年度預算數></本年度預算數>
<百分比></百分比>
<上年度預算數></上年度預算數>
<百分比></百分比>
<本年度預算數與上年度預算數比較增減百分比></本年度預算數與上年度預算數比較增減百分比>
</Row>
<Row>
<前年度決算數>　　，致兩者互抵後為90,357,800千元，與損益表本期純益（含少數股權）90,363,355千元不同。</前年度決算數>
<百分比></百分比>
<科目></科目>
<本年度預算數></本年度預算數>
<百分比></百分比>
<上年度預算數></上年度預算數>
<百分比></百分比>
<本年度預算數與上年度預算數比較增減百分比></本年度預算數與上年度預算數比較增減百分比>
</Row>
<ROW>
<備註> (手工填入)  </備註>
</ROW>
</DataSet>
</GenericData>
