﻿<?xml version="1.0" encoding="UTF-8"?>
<GenericData>
<Header>
<Table Id="fnwxbworkr" Name="中華民國101年度預算 附屬單位預算（營業部分）損益綜計表（依收支科目分列）" Domain="PBA" />
<Program Id="PBAGR040"/>
<Sender Name="行政院主計總處"/>
</Header>
<DataSet>
<Row>
<前年度決算數>3131559127.44809</前年度決算數>
<百分比>100</百分比>
<科目>營業收入</科目>
<本年度預算數>3216501721</本年度預算數>
<百分比>100</百分比>
<上年度預算數>2974275331</上年度預算數>
<百分比>100</百分比>
<本年度預算數與上年度預算數比較增減百分比>8.14404730709848</本年度預算數與上年度預算數比較增減百分比>
</Row>
<Row>
<前年度決算數>1028664037.60161</前年度決算數>
<百分比>32.8483032169305</百分比>
<科目>銷貨收入</科目>
<本年度預算數>1102968946</本年度預算數>
<百分比>34.2909484176209</百分比>
<上年度預算數>1017223470</上年度預算數>
<百分比>34.2007163693885</百分比>
<本年度預算數與上年度預算數比較增減百分比>8.42936469014031</本年度預算數與上年度預算數比較增減百分比>
</Row>
<Row>
<前年度決算數>7259480.402</前年度決算數>
<百分比>0.231816807748278</百分比>
<科目>勞務收入</科目>
<本年度預算數>12221817</本年度預算數>
<百分比>0.379972344494822</百分比>
<上年度預算數>11050926</上年度預算數>
<百分比>0.371550201987672</百分比>
<本年度預算數與上年度預算數比較增減百分比>10.5954107375255</本年度預算數與上年度預算數比較增減百分比>
</Row>
<Row>
<前年度決算數>504515387.458</前年度決算數>
<百分比>16.1106773631041</百分比>
<科目>電費收入</科目>
<本年度預算數>546808654</本年度預算數>
<百分比>17.0001045057734</百分比>
<上年度預算數>512154236</上年度預算數>
<百分比>17.2194628608174</百分比>
<本年度預算數與上年度預算數比較增減百分比>6.76640268967726</本年度預算數與上年度預算數比較增減百分比>
</Row>
<Row>
<前年度決算數>24060360.046</前年度決算數>
<百分比>0.76831888100439</百分比>
<科目>給水收入</科目>
<本年度預算數>24322984</本年度預算數>
<百分比>0.756193719443684</百分比>
<上年度預算數>24042323</上年度預算數>
<百分比>0.808342211947022</百分比>
<本年度預算數與上年度預算數比較增減百分比>1.16736223866554</本年度預算數與上年度預算數比較增減百分比>
</Row>
<Row>
<前年度決算數>15623516.925</前年度決算數>
<百分比>0.498905378731636</百分比>
<科目>運輸收入</科目>
<本年度預算數>16939179</本年度預算數>
<百分比>0.526633605988983</百分比>
<上年度預算數>15889317</上年度預算數>
<百分比>0.534224818879083</百分比>
<本年度預算數與上年度預算數比較增減百分比>6.60734504824846</本年度預算數與上年度預算數比較增減百分比>
</Row>
<Row>
<前年度決算數>10784231.9</前年度決算數>
<百分比>0.344372609971701</百分比>
<科目>港埠收入</科目>
<本年度預算數>11556573</本年度預算數>
<百分比>0.359290123320907</百分比>
<上年度預算數>11680304</上年度預算數>
<百分比>0.392710919472035</百分比>
<本年度預算數與上年度預算數比較增減百分比>-1.05931318225964</本年度預算數與上年度預算數比較增減百分比>
</Row>
<Row>
<前年度決算數>678910.715</前年度決算數>
<百分比>0.021679639035053</百分比>
<科目>印刷出版廣告收入</科目>
<本年度預算數>662392</本年度預算數>
<百分比>2.05935534147348E-02</百分比>
<上年度預算數>657338</上年度預算數>
<百分比>0.02210077840302</百分比>
<本年度預算數與上年度預算數比較增減百分比>0.768858638934612</本年度預算數與上年度預算數比較增減百分比>
</Row>
<Row>
<前年度決算數>24448498.35229</前年度決算數>
<百分比>0.780713291919003</百分比>
<科目>郵務收入</科目>
<本年度預算數>25097434</本年度預算數>
<百分比>0.780271119898462</百分比>
<上年度預算數>24854981</上年度預算數>
<百分比>0.835665102720781</百分比>
<本年度預算數與上年度預算數比較增減百分比>0.975470470084045</本年度預算數與上年度預算數比較增減百分比>
</Row>
<Row>
<前年度決算數></前年度決算數>
<百分比></百分比>
<科目>電信收入</科目>
<本年度預算數></本年度預算數>
<百分比></百分比>
<上年度預算數></上年度預算數>
<百分比></百分比>
<本年度預算數與上年度預算數比較增減百分比></本年度預算數與上年度預算數比較增減百分比>
</Row>
<Row>
<前年度決算數>1438350985.0851</前年度決算數>
<百分比>45.9308263566849</百分比>
<科目>金融保險收入</科目>
<本年度預算數>1393301622</本年度預算數>
<百分比>43.3172975752933</百分比>
<上年度預算數>1279943779</上年度預算數>
<百分比>43.0338027437985</百分比>
<本年度預算數與上年度預算數比較增減百分比>8.85647048408366</本年度預算數與上年度預算數比較增減百分比>
</Row>
<Row>
<前年度決算數>77173718.96309</前年度決算數>
<百分比>2.46438645487045</百分比>
<科目>其他營業收入</科目>
<本年度預算數>82622120</本年度預算數>
<百分比>2.56869503475077</百分比>
<上年度預算數>76778657</上年度預算數>
<百分比>2.58142399258598</百分比>
<本年度預算數與上年度預算數比較增減百分比>7.61079084777427</本年度預算數與上年度預算數比較增減百分比>
</Row>
<Row>
<前年度決算數>2729785754.44155</前年度決算數>
<百分比>87.1701808378772</百分比>
<科目>營業成本</科目>
<本年度預算數>2957709896</本年度預算數>
<百分比>91.9542457163821</百分比>
<上年度預算數>2696383211</上年度預算數>
<百分比>90.6568125316573</百分比>
<本年度預算數與上年度預算數比較增減百分比>9.69174870745032</本年度預算數與上年度預算數比較增減百分比>
</Row>
<Row>
<前年度決算數>953341578.71352</前年度決算數>
<百分比>30.4430330041508</百分比>
<科目>銷貨成本</科目>
<本年度預算數>1031297547</本年度預算數>
<百分比>32.0627077631214</百分比>
<上年度預算數>945315499</上年度預算數>
<百分比>31.7830528044009</百分比>
<本年度預算數與上年度預算數比較增減百分比>9.09559275088115</本年度預算數與上年度預算數比較增減百分比>
</Row>
<Row>
<前年度決算數>7113528.18346</前年度決算數>
<百分比>0.227156119171118</百分比>
<科目>勞務成本</科目>
<本年度預算數>13569360</本年度預算數>
<百分比>0.421867021286136</百分比>
<上年度預算數>13048102</上年度預算數>
<百分比>0.438698524780253</百分比>
<本年度預算數與上年度預算數比較增減百分比>3.99489519625153</本年度預算數與上年度預算數比較增減百分比>
</Row>
<Row>
<前年度決算數>507326971.533</前年度決算數>
<百分比>16.200459607685</百分比>
<科目>發電及供電成本</科目>
<本年度預算數>597130606</本年度預算數>
<百分比>18.564597746099</百分比>
<上年度預算數>536522039</上年度預算數>
<百分比>18.0387482425715</百分比>
<本年度預算數與上年度預算數比較增減百分比>11.2965661416194</本年度預算數與上年度預算數比較增減百分比>
</Row>
<Row>
<前年度決算數>20618556.05283</前年度決算數>
<百分比>0.658411839396821</百分比>
<科目>給水成本</科目>
<本年度預算數>20859156</本年度預算數>
<百分比>0.648504425283347</百分比>
<上年度預算數>20315642</上年度預算數>
<百分比>0.683045103062787</百分比>
<本年度預算數與上年度預算數比較增減百分比>2.67534739980159</本年度預算數與上年度預算數比較增減百分比>
</Row>
<Row>
<前年度決算數>37221395.94133</前年度決算數>
<百分比>1.18858991404904</百分比>
<科目>輸儲成本</科目>
<本年度預算數>37859215</本年度預算數>
<百分比>1.17703077081612</百分比>
<上年度預算數>37511942</上年度預算數>
<百分比>1.26121282750874</百分比>
<本年度預算數與上年度預算數比較增減百分比>0.925766519899183</本年度預算數與上年度預算數比較增減百分比>
</Row>
<Row>
<前年度決算數>8918258.28618</前年度決算數>
<百分比>0.284786520810402</百分比>
<科目>港埠成本</科目>
<本年度預算數>9430201</本年度預算數>
<百分比>0.293181904378655</百分比>
<上年度預算數>10137860</上年度預算數>
<百分比>0.340851430072262</百分比>
<本年度預算數與上年度預算數比較增減百分比>-6.98035877394243</本年度預算數與上年度預算數比較增減百分比>
</Row>
<Row>
<前年度決算數>499114.666</前年度決算數>
<百分比>1.59382162586446E-02</百分比>
<科目>印刷出版廣告成本</科目>
<本年度預算數>512444</本年度預算數>
<百分比>1.59317185081649E-02</百分比>
<上年度預算數>505003</上年度預算數>
<百分比>1.69790266131888E-02</百分比>
<本年度預算數與上年度預算數比較增減百分比>1.47345659332717</本年度預算數與上年度預算數比較增減百分比>
</Row>
<Row>
<前年度決算數>19588766.05372</前年度決算數>
<百分比>0.62552758087895</百分比>
<科目>郵務成本</科目>
<本年度預算數>20174669</本年度預算數>
<百分比>0.627223945452383</百分比>
<上年度預算數>20630163</上年度預算數>
<百分比>0.693619813370264</百分比>
<本年度預算數與上年度預算數比較增減百分比>-2.2079030592245</本年度預算數與上年度預算數比較增減百分比>
</Row>
<Row>
<前年度決算數></前年度決算數>
<百分比></百分比>
<科目>電信成本</科目>
<本年度預算數></本年度預算數>
<百分比></百分比>
<上年度預算數></上年度預算數>
<百分比></百分比>
<本年度預算數與上年度預算數比較增減百分比></本年度預算數與上年度預算數比較增減百分比>
</Row>
<Row>
<前年度決算數>1163708779.89168</前年度決算數>
<百分比>37.1606836253476</百分比>
<科目>金融保險成本</科目>
<本年度預算數>1208399086</本年度預算數>
<百分比>37.568737430189</百分比>
<上年度預算數>1098246963</上年度預算數>
<百分比>36.9248586892173</百分比>
<本年度預算數與上年度預算數比較增減百分比>10.029813576639</本年度預算數與上年度預算數比較增減百分比>
</Row>
<Row>
<前年度決算數>11448805.11983</前年度決算數>
<百分比>0.36559441012885</百分比>
<科目>其他營業成本</科目>
<本年度預算數>18477612</本年度預算數>
<百分比>0.574462991248</百分比>
<上年度預算數>14149998</上年度預算數>
<百分比>0.475746070060116</百分比>
<本年度預算數與上年度預算數比較增減百分比>30.5838488457737</本年度預算數與上年度預算數比較增減百分比>
</Row>
<Row>
<前年度決算數>401773373.006539</前年度決算數>
<百分比>12.8298191621228</百分比>
<科目>營業毛利（毛損－）</科目>
<本年度預算數>258791825</本年度預算數>
<百分比>8.04575428361787</百分比>
<上年度預算數>277892120</上年度預算數>
<百分比>9.34318746834269</百分比>
<本年度預算數與上年度預算數比較增減百分比>-6.87327693926694</本年度預算數與上年度預算數比較增減百分比>
</Row>
<Row>
<前年度決算數>114648478.5122</前年度決算數>
<百分比>3.66106702272702</百分比>
<科目>營業費用</科目>
<本年度預算數>130946815</本年度預算數>
<百分比>4.07109419979695</百分比>
<上年度預算數>125215193</上年度預算數>
<百分比>4.20993953367124</百分比>
<本年度預算數與上年度預算數比較增減百分比>4.57741737458329</本年度預算數與上年度預算數比較增減百分比>
</Row>
<Row>
<前年度決算數>31464583.80274</前年度決算數>
<百分比>1.00475777471207</百分比>
<科目>行銷費用</科目>
<本年度預算數>35544086</本年度預算數>
<百分比>1.10505415768748</百分比>
<上年度預算數>33230306</上年度預算數>
<百分比>1.11725722409255</百分比>
<本年度預算數與上年度預算數比較增減百分比>6.96286094988111</本年度預算數與上年度預算數比較增減百分比>
</Row>
<Row>
<前年度決算數>61192224.06022</前年度決算數>
<百分比>1.9540497742441</百分比>
<科目>業務費用</科目>
<本年度預算數>68990147</本年度預算數>
<百分比>2.14488139551037</百分比>
<上年度預算數>66788462</上年度預算數>
<百分比>2.24553730126742</百分比>
<本年度預算數與上年度預算數比較增減百分比>3.29650501609095</本年度預算數與上年度預算數比較增減百分比>
</Row>
<Row>
<前年度決算數>15946259.85203</前年度決算數>
<百分比>0.509211520621187</百分比>
<科目>管理費用</科目>
<本年度預算數>17964600</本年度預算數>
<百分比>0.558513613803224</百分比>
<上年度預算數>17482010</上年度預算數>
<百分比>0.587773761823263</百分比>
<本年度預算數與上年度預算數比較增減百分比>2.76049493164688</本年度預算數與上年度預算數比較增減百分比>
</Row>
<Row>
<前年度決算數>6045410.79721</前年度決算數>
<百分比>0.193047953149664</百分比>
<科目>其他營業費用</科目>
<本年度預算數>8447982</本年度預算數>
<百分比>0.262645032795865</百分比>
<上年度預算數>7714415</上年度預算數>
<百分比>0.259371246488007</百分比>
<本年度預算數與上年度預算數比較增減百分比>9.5090424873435</本年度預算數與上年度預算數比較增減百分比>
</Row>
<Row>
<前年度決算數>287124894.494339</前年度決算數>
<百分比>9.16875213939574</百分比>
<科目>營業利益（損失－）</科目>
<本年度預算數>127845010</本年度預算數>
<百分比>3.97466008382092</百分比>
<上年度預算數>152676927</上年度預算數>
<百分比>5.13324793467145</百分比>
<本年度預算數與上年度預算數比較增減百分比>-16.2643547312162</本年度預算數與上年度預算數比較增減百分比>
</Row>
<Row>
<前年度決算數>40171477.32838</前年度決算數>
<百分比>1.28279478986289</百分比>
<科目>營業外收入</科目>
<本年度預算數>21587965</本年度預算數>
<百分比>0.671162861784149</百分比>
<上年度預算數>20431902</上年度預算數>
<百分比>0.686953954364758</百分比>
<本年度預算數與上年度預算數比較增減百分比>5.65812717778306</本年度預算數與上年度預算數比較增減百分比>
</Row>
<Row>
<前年度決算數>11428869.35724</前年度決算數>
<百分比>0.364957801916178</百分比>
<科目>財務收入</科目>
<本年度預算數>6463179</本年度預算數>
<百分比>0.200938148355494</百分比>
<上年度預算數>5477441</上年度預算數>
<百分比>0.184160522830897</百分比>
<本年度預算數與上年度預算數比較增減百分比>17.9963234656476</本年度預算數與上年度預算數比較增減百分比>
</Row>
<Row>
<前年度決算數>28742607.97114</前年度決算數>
<百分比>0.917836987946716</百分比>
<科目>其他營業外收入</科目>
<本年度預算數>15124786</本年度預算數>
<百分比>0.470224713428655</百分比>
<上年度預算數>14954461</上年度預算數>
<百分比>0.502793431533861</百分比>
<本年度預算數與上年度預算數比較增減百分比>1.13895779995013</本年度預算數與上年度預算數比較增減百分比>
</Row>
<Row>
<前年度決算數>46607087.64076</前年度決算數>
<百分比>1.48830297445925</百分比>
<科目>營業外費用</科目>
<本年度預算數>52296849</本年度預算數>
<百分比>1.62589215042425</百分比>
<上年度預算數>51992000</上年度預算數>
<百分比>1.74805605446485</百分比>
<本年度預算數與上年度預算數比較增減百分比>0.58633828281274</本年度預算數與上年度預算數比較增減百分比>
</Row>
<Row>
<前年度決算數>14302260.41173</前年度決算數>
<百分比>0.456713727241195</百分比>
<科目>財務費用</科目>
<本年度預算數>22767114</本年度預算數>
<百分比>0.707822223484518</百分比>
<上年度預算數>23548989</上年度預算數>
<百分比>0.791755516194341</百分比>
<本年度預算數與上年度預算數比較增減百分比>-3.32020623050951</本年度預算數與上年度預算數比較增減百分比>
</Row>
<Row>
<前年度決算數>32304827.22903</前年度決算數>
<百分比>1.03158924721805</百分比>
<科目>其他營業外費用</科目>
<本年度預算數>29529735</本年度預算數>
<百分比>0.918069926939734</百分比>
<上年度預算數>28443011</上年度預算數>
<百分比>0.95630053827051</百分比>
<本年度預算數與上年度預算數比較增減百分比>3.82070660521841</本年度預算數與上年度預算數比較增減百分比>
</Row>
<Row>
<前年度決算數>-6435610.31237999</前年度決算數>
<百分比>0.205508184596354</百分比>
<科目>營業外利益（損失－）</科目>
<本年度預算數>-30708884</本年度預算數>
<百分比>0.954729288640104</百分比>
<上年度預算數>-31560098</上年度預算數>
<百分比>1.06110210010009</百分比>
<本年度預算數與上年度預算數比較增減百分比>-2.69712090247629</本年度預算數與上年度預算數比較增減百分比>
</Row>
<Row>
<前年度決算數>280689284.181959</前年度決算數>
<百分比>8.96324395479939</百分比>
<科目>稅前純益(純損－)</科目>
<本年度預算數>97136126</本年度預算數>
<百分比>3.01993079518082</百分比>
<上年度預算數>121116829</上年度預算數>
<百分比>4.07214583457136</百分比>
<本年度預算數與上年度預算數比較增減百分比>-19.799645679297</本年度預算數與上年度預算數比較增減百分比>
</Row>
<Row>
<前年度決算數>33057709.78099</前年度決算數>
<百分比>1.05563102708933</百分比>
<科目>所得稅費用(利益－)</科目>
<本年度預算數>6772771</本年度預算數>
<百分比>0.210563263678105</百分比>
<上年度預算數>7208685</上年度預算數>
<百分比>0.242367776946068</百分比>
<本年度預算數與上年度預算數比較增減百分比>-6.04706683673929</本年度預算數與上年度預算數比較增減百分比>
</Row>
<Row>
<前年度決算數></前年度決算數>
<百分比></百分比>
<科目>非常利益（損失－）</科目>
<本年度預算數></本年度預算數>
<百分比></百分比>
<上年度預算數></上年度預算數>
<百分比></百分比>
<本年度預算數與上年度預算數比較增減百分比></本年度預算數與上年度預算數比較增減百分比>
</Row>
<Row>
<前年度決算數></前年度決算數>
<百分比></百分比>
<科目>會計原則變動累積影響數</科目>
<本年度預算數></本年度預算數>
<百分比></百分比>
<上年度預算數></上年度預算數>
<百分比></百分比>
<本年度預算數與上年度預算數比較增減百分比></本年度預算數與上年度預算數比較增減百分比>
</Row>
<Row>
<前年度決算數>247631574.400969</前年度決算數>
<百分比>7.90761292771006</百分比>
<科目>本期純益（純損－）</科目>
<本年度預算數>90363355</本年度預算數>
<百分比>2.80936753150271</百分比>
<上年度預算數>113908144</上年度預算數>
<百分比>3.82977805762529</百分比>
<本年度預算數與上年度預算數比較增減百分比>-20.6699786101334</本年度預算數與上年度預算數比較增減百分比>
</Row>
<Row>
<前年度決算數></前年度決算數>
<百分比></百分比>
<科目>歸屬於：</科目>
<本年度預算數></本年度預算數>
<百分比></百分比>
<上年度預算數></上年度預算數>
<百分比></百分比>
<本年度預算數與上年度預算數比較增減百分比></本年度預算數與上年度預算數比較增減百分比>
</Row>
<Row>
<前年度決算數></前年度決算數>
<百分比></百分比>
<科目>母公司股東</科目>
<本年度預算數>90357800</本年度預算數>
<百分比></百分比>
<上年度預算數>113903103</上年度預算數>
<百分比></百分比>
<本年度預算數與上年度預算數比較增減百分比></本年度預算數與上年度預算數比較增減百分比>
</Row>
<Row>
<前年度決算數></前年度決算數>
<百分比></百分比>
<科目>少數股權</科目>
<本年度預算數>5555</本年度預算數>
<百分比></百分比>
<上年度預算數>5041</上年度預算數>
<百分比></百分比>
<本年度預算數與上年度預算數比較增減百分比></本年度預算數與上年度預算數比較增減百分比>
</Row>
<ROW>
<備註> (手工填入)  </備註>
</ROW>
</DataSet>
</GenericData>
