<?xml version="1.0" encoding="UTF-8"?>
<GenericData>
　　<Header>
　　　　<Table Id="FNWXBCSHFLOWR" Name="附屬單位預算（營業部分）現金流量綜計表（依現金流量項目分列）" Domain="PBA" />
　　　　<Program Id="PBAGR090_D" />
　　　　<Sender Name="營業基金" />
　　　　<報表名稱>附屬單位預算（營業部分）現金流量綜計表（依現金流量項目分列）</報表名稱>
　　　　<年度>103</年度>
　　　　<基金>營業基金</基金>
　　　　<階段>預算案</階段>
　　　　<版本>1</版本>
　　　　<單位>新臺幣千元</單位>
　　</Header>
　　<DataSet>
　　　　<ROW>
　　　　　　<SEQNO>1</SEQNO>
　　　　　　<LEVEL>02</LEVEL>
　　　　　　<BOLD>0</BOLD>
　　　　　　<項目>營業活動之現金流量</項目>
　　　　　　<本年度預算數 />
　　　　</ROW>
　　　　<ROW>
　　　　　　<SEQNO>2</SEQNO>
　　　　　　<LEVEL>03</LEVEL>
　　　　　　<BOLD>0</BOLD>
　　　　　　<項目>繼續營業單位稅前淨利（淨損）</項目>
　　　　　　<本年度預算數>153,388,696</本年度預算數>
　　　　</ROW>
　　　　<ROW>
　　　　　　<SEQNO>3</SEQNO>
　　　　　　<LEVEL>03</LEVEL>
　　　　　　<BOLD>0</BOLD>
　　　　　　<項目>停業單位稅前淨利（淨損）</項目>
　　　　　　<本年度預算數 />
　　　　</ROW>
　　　　<ROW>
　　　　　　<SEQNO>4</SEQNO>
　　　　　　<LEVEL>03</LEVEL>
　　　　　　<BOLD>0</BOLD>
　　　　　　<項目>稅前淨利（淨損）</項目>
　　　　　　<本年度預算數>153,388,696</本年度預算數>
　　　　</ROW>
　　　　<ROW>
　　　　　　<SEQNO>5</SEQNO>
　　　　　　<LEVEL>03</LEVEL>
　　　　　　<BOLD>0</BOLD>
　　　　　　<項目>利息股利之調整</項目>
　　　　　　<本年度預算數>-200,618,284</本年度預算數>
　　　　</ROW>
　　　　<ROW>
　　　　　　<SEQNO>6</SEQNO>
　　　　　　<LEVEL>03</LEVEL>
　　　　　　<BOLD>0</BOLD>
　　　　　　<項目>未計利息股利之稅前淨利（淨損）</項目>
　　　　　　<本年度預算數>-47,229,588</本年度預算數>
　　　　</ROW>
　　　　<ROW>
　　　　　　<SEQNO>7</SEQNO>
　　　　　　<LEVEL>03</LEVEL>
　　　　　　<BOLD>0</BOLD>
　　　　　　<項目>調整項目</項目>
　　　　　　<本年度預算數>734,858,367</本年度預算數>
　　　　</ROW>
　　　　<ROW>
　　　　　　<SEQNO>8</SEQNO>
　　　　　　<LEVEL>03</LEVEL>
　　　　　　<BOLD>0</BOLD>
　　　　　　<項目>未計利息股利之現金流入（流出）</項目>
　　　　　　<本年度預算數>687,628,779</本年度預算數>
　　　　</ROW>
　　　　<ROW>
　　　　　　<SEQNO>9</SEQNO>
　　　　　　<LEVEL>03</LEVEL>
　　　　　　<BOLD>0</BOLD>
　　　　　　<項目>收取利息</項目>
　　　　　　<本年度預算數>548,140,064</本年度預算數>
　　　　</ROW>
　　　　<ROW>
　　　　　　<SEQNO>10</SEQNO>
　　　　　　<LEVEL>03</LEVEL>
　　　　　　<BOLD>0</BOLD>
　　　　　　<項目>收取股利</項目>
　　　　　　<本年度預算數>9,251,651</本年度預算數>
　　　　</ROW>
　　　　<ROW>
　　　　　　<SEQNO>11</SEQNO>
　　　　　　<LEVEL>03</LEVEL>
　　　　　　<BOLD>0</BOLD>
　　　　　　<項目>支付利息</項目>
　　　　　　<本年度預算數>-323,470,528</本年度預算數>
　　　　</ROW>
　　　　<ROW>
　　　　　　<SEQNO>12</SEQNO>
　　　　　　<LEVEL>03</LEVEL>
　　　　　　<BOLD>0</BOLD>
　　　　　　<項目>發放現金股利</項目>
　　　　　　<本年度預算數 />
　　　　</ROW>
　　　　<ROW>
　　　　　　<SEQNO>13</SEQNO>
　　　　　　<LEVEL>03</LEVEL>
　　　　　　<BOLD>0</BOLD>
　　　　　　<項目>支付所得稅</項目>
　　　　　　<本年度預算數>-8,443,216</本年度預算數>
　　　　</ROW>
　　　　<ROW>
　　　　　　<SEQNO>14</SEQNO>
　　　　　　<LEVEL>02</LEVEL>
　　　　　　<BOLD>0</BOLD>
　　　　　　<項目>營業活動之淨現金流入（流出）</項目>
　　　　　　<本年度預算數>913,106,750</本年度預算數>
　　　　</ROW>
　　　　<ROW>
　　　　　　<SEQNO>15</SEQNO>
　　　　　　<LEVEL>02</LEVEL>
　　　　　　<BOLD>0</BOLD>
　　　　　　<項目>投資活動之現金流量</項目>
　　　　　　<本年度預算數 />
　　　　</ROW>
　　　　<ROW>
　　　　　　<SEQNO>16</SEQNO>
　　　　　　<LEVEL>03</LEVEL>
　　　　　　<BOLD>0</BOLD>
　　　　　　<項目>流動金融資產淨減（淨增）</項目>
　　　　　　<本年度預算數>47,398,092</本年度預算數>
　　　　</ROW>
　　　　<ROW>
　　　　　　<SEQNO>17</SEQNO>
　　　　　　<LEVEL>03</LEVEL>
　　　　　　<BOLD>0</BOLD>
　　　　　　<項目>減少投資</項目>
　　　　　　<本年度預算數>662,710,455</本年度預算數>
　　　　</ROW>
　　　　<ROW>
　　　　　　<SEQNO>18</SEQNO>
　　　　　　<LEVEL>03</LEVEL>
　　　　　　<BOLD>0</BOLD>
　　　　　　<項目>減少投資子公司</項目>
　　　　　　<本年度預算數 />
　　　　</ROW>
　　　　<ROW>
　　　　　　<SEQNO>19</SEQNO>
　　　　　　<LEVEL>03</LEVEL>
　　　　　　<BOLD>0</BOLD>
　　　　　　<項目>減少基金及長期應收款</項目>
　　　　　　<本年度預算數>814,244</本年度預算數>
　　　　</ROW>
　　　　<ROW>
　　　　　　<SEQNO>20</SEQNO>
　　　　　　<LEVEL>03</LEVEL>
　　　　　　<BOLD>0</BOLD>
　　　　　　<項目>減少不動產、廠房及設備</項目>
　　　　　　<本年度預算數>891,194</本年度預算數>
　　　　</ROW>
　　　　<ROW>
　　　　　　<SEQNO>21</SEQNO>
　　　　　　<LEVEL>03</LEVEL>
　　　　　　<BOLD>0</BOLD>
　　　　　　<項目>減少投資性不動產</項目>
　　　　　　<本年度預算數>6,382,698</本年度預算數>
　　　　</ROW>
　　　　<ROW>
　　　　　　<SEQNO>22</SEQNO>
　　　　　　<LEVEL>03</LEVEL>
　　　　　　<BOLD>0</BOLD>
　　　　　　<項目>減少生物資產</項目>
　　　　　　<本年度預算數 />
　　　　</ROW>
　　　　<ROW>
　　　　　　<SEQNO>23</SEQNO>
　　　　　　<LEVEL>03</LEVEL>
　　　　　　<BOLD>0</BOLD>
　　　　　　<項目>無形資產及其他資產淨減（淨增）</項目>
　　　　　　<本年度預算數>-59,967,471</本年度預算數>
　　　　</ROW>
　　　　<ROW>
　　　　　　<SEQNO>24</SEQNO>
　　　　　　<LEVEL>03</LEVEL>
　　　　　　<BOLD>0</BOLD>
　　　　　　<項目>收取利息</項目>
　　　　　　<本年度預算數>25,912,467</本年度預算數>
　　　　</ROW>
　　　　<ROW>
　　　　　　<SEQNO>25</SEQNO>
　　　　　　<LEVEL>03</LEVEL>
　　　　　　<BOLD>0</BOLD>
　　　　　　<項目>收取股利</項目>
　　　　　　<本年度預算數>3,039,538</本年度預算數>
　　　　</ROW>
　　　　<ROW>
　　　　　　<SEQNO>26</SEQNO>
　　　　　　<LEVEL>03</LEVEL>
　　　　　　<BOLD>0</BOLD>
　　　　　　<項目>其他投資活動之現金流入</項目>
　　　　　　<本年度預算數 />
　　　　</ROW>
　　　　<ROW>
　　　　　　<SEQNO>27</SEQNO>
　　　　　　<LEVEL>03</LEVEL>
　　　　　　<BOLD>0</BOLD>
　　　　　　<項目>增加投資</項目>
　　　　　　<本年度預算數>-1,090,861,188</本年度預算數>
　　　　</ROW>
　　　　<ROW>
　　　　　　<SEQNO>28</SEQNO>
　　　　　　<LEVEL>03</LEVEL>
　　　　　　<BOLD>0</BOLD>
　　　　　　<項目>增加投資子公司</項目>
　　　　　　<本年度預算數 />
　　　　</ROW>
　　　　<ROW>
　　　　　　<SEQNO>29</SEQNO>
　　　　　　<LEVEL>03</LEVEL>
　　　　　　<BOLD>0</BOLD>
　　　　　　<項目>增加基金及長期應收款</項目>
　　　　　　<本年度預算數>-56,800,756</本年度預算數>
　　　　</ROW>
　　　　<ROW>
　　　　　　<SEQNO>30</SEQNO>
　　　　　　<LEVEL>03</LEVEL>
　　　　　　<BOLD>0</BOLD>
　　　　　　<項目>增加不動產、廠房及設備</項目>
　　　　　　<本年度預算數>-207,607,376</本年度預算數>
　　　　</ROW>
　　　　<ROW>
　　　　　　<SEQNO>31</SEQNO>
　　　　　　<LEVEL>03</LEVEL>
　　　　　　<BOLD>0</BOLD>
　　　　　　<項目>增加投資性不動產</項目>
　　　　　　<本年度預算數>-2,533,702</本年度預算數>
　　　　</ROW>
　　　　<ROW>
　　　　　　<SEQNO>32</SEQNO>
　　　　　　<LEVEL>03</LEVEL>
　　　　　　<BOLD>0</BOLD>
　　　　　　<項目>增加生物資產</項目>
　　　　　　<本年度預算數>-36,839</本年度預算數>
　　　　</ROW>
　　　　<ROW>
　　　　　　<SEQNO>33</SEQNO>
　　　　　　<LEVEL>03</LEVEL>
　　　　　　<BOLD>0</BOLD>
　　　　　　<項目>其他投資活動之現金流出</項目>
　　　　　　<本年度預算數>-6,826,081</本年度預算數>
　　　　</ROW>
　　　　<ROW>
　　　　　　<SEQNO>34</SEQNO>
　　　　　　<LEVEL>02</LEVEL>
　　　　　　<BOLD>0</BOLD>
　　　　　　<項目>投資活動之淨現金流入（流出）</項目>
　　　　　　<本年度預算數>-677,484,725</本年度預算數>
　　　　</ROW>
　　　　<ROW>
　　　　　　<SEQNO>35</SEQNO>
　　　　　　<LEVEL>02</LEVEL>
　　　　　　<BOLD>0</BOLD>
　　　　　　<項目>籌資活動之現金流量</項目>
　　　　　　<本年度預算數 />
　　　　</ROW>
　　　　<ROW>
　　　　　　<SEQNO>36</SEQNO>
　　　　　　<LEVEL>03</LEVEL>
　　　　　　<BOLD>0</BOLD>
　　　　　　<項目>短期債務淨增（淨減）</項目>
　　　　　　<本年度預算數>25,019,656</本年度預算數>
　　　　</ROW>
　　　　<ROW>
　　　　　　<SEQNO>37</SEQNO>
　　　　　　<LEVEL>03</LEVEL>
　　　　　　<BOLD>0</BOLD>
　　　　　　<項目>流動金融負債淨增（淨減）</項目>
　　　　　　<本年度預算數>18,470,085</本年度預算數>
　　　　</ROW>
　　　　<ROW>
　　　　　　<SEQNO>38</SEQNO>
　　　　　　<LEVEL>03</LEVEL>
　　　　　　<BOLD>0</BOLD>
　　　　　　<項目>金融債券淨增（淨減）</項目>
　　　　　　<本年度預算數>37,998,230</本年度預算數>
　　　　</ROW>
　　　　<ROW>
　　　　　　<SEQNO>39</SEQNO>
　　　　　　<LEVEL>03</LEVEL>
　　　　　　<BOLD>0</BOLD>
　　　　　　<項目>央行及同業融資淨增（淨減）</項目>
　　　　　　<本年度預算數>-1,616,355</本年度預算數>
　　　　</ROW>
　　　　<ROW>
　　　　　　<SEQNO>40</SEQNO>
　　　　　　<LEVEL>03</LEVEL>
　　　　　　<BOLD>0</BOLD>
　　　　　　<項目>增加長期債務</項目>
　　　　　　<本年度預算數>290,993,597</本年度預算數>
　　　　</ROW>
　　　　<ROW>
　　　　　　<SEQNO>41</SEQNO>
　　　　　　<LEVEL>03</LEVEL>
　　　　　　<BOLD>0</BOLD>
　　　　　　<項目>增加非流動金融負債</項目>
　　　　　　<本年度預算數>4,881</本年度預算數>
　　　　</ROW>
　　　　<ROW>
　　　　　　<SEQNO>42</SEQNO>
　　　　　　<LEVEL>03</LEVEL>
　　　　　　<BOLD>0</BOLD>
　　　　　　<項目>其他負債淨增（淨減）</項目>
　　　　　　<本年度預算數>-19,703,184</本年度預算數>
　　　　</ROW>
　　　　<ROW>
　　　　　　<SEQNO>43</SEQNO>
　　　　　　<LEVEL>03</LEVEL>
　　　　　　<BOLD>0</BOLD>
　　　　　　<項目>增加資本、公積及填補虧損</項目>
　　　　　　<本年度預算數>17,396,810</本年度預算數>
　　　　</ROW>
　　　　<ROW>
　　　　　　<SEQNO>44</SEQNO>
　　　　　　<LEVEL>03</LEVEL>
　　　　　　<BOLD>0</BOLD>
　　　　　　<項目>其他籌資活動之現金流入</項目>
　　　　　　<本年度預算數 />
　　　　</ROW>
　　　　<ROW>
　　　　　　<SEQNO>45</SEQNO>
　　　　　　<LEVEL>03</LEVEL>
　　　　　　<BOLD>0</BOLD>
　　　　　　<項目>減少長期債務</項目>
　　　　　　<本年度預算數>-178,834,884</本年度預算數>
　　　　</ROW>
　　　　<ROW>
　　　　　　<SEQNO>46</SEQNO>
　　　　　　<LEVEL>03</LEVEL>
　　　　　　<BOLD>0</BOLD>
　　　　　　<項目>減少非流動金融負債</項目>
　　　　　　<本年度預算數>-3,274,462</本年度預算數>
　　　　</ROW>
　　　　<ROW>
　　　　　　<SEQNO>47</SEQNO>
　　　　　　<LEVEL>03</LEVEL>
　　　　　　<BOLD>0</BOLD>
　　　　　　<項目>減少資本</項目>
　　　　　　<本年度預算數>-16,910,250</本年度預算數>
　　　　</ROW>
　　　　<ROW>
　　　　　　<SEQNO>48</SEQNO>
　　　　　　<LEVEL>03</LEVEL>
　　　　　　<BOLD>0</BOLD>
　　　　　　<項目>支付利息</項目>
　　　　　　<本年度預算數>-2,968,193</本年度預算數>
　　　　</ROW>
　　　　<ROW>
　　　　　　<SEQNO>49</SEQNO>
　　　　　　<LEVEL>03</LEVEL>
　　　　　　<BOLD>0</BOLD>
　　　　　　<項目>發放現金股利</項目>
　　　　　　<本年度預算數>-207,895,250</本年度預算數>
　　　　</ROW>
　　　　<ROW>
　　　　　　<SEQNO>50</SEQNO>
　　　　　　<LEVEL>03</LEVEL>
　　　　　　<BOLD>0</BOLD>
　　　　　　<項目>其他籌資活動之現金流出</項目>
　　　　　　<本年度預算數>-3,773,712</本年度預算數>
　　　　</ROW>
　　　　<ROW>
　　　　　　<SEQNO>51</SEQNO>
　　　　　　<LEVEL>02</LEVEL>
　　　　　　<BOLD>0</BOLD>
　　　　　　<項目>籌資活動之淨現金流入（流出）</項目>
　　　　　　<本年度預算數>-45,093,031</本年度預算數>
　　　　</ROW>
　　　　<ROW>
　　　　　　<SEQNO>52</SEQNO>
　　　　　　<LEVEL>02</LEVEL>
　　　　　　<BOLD>0</BOLD>
　　　　　　<項目>匯率影響數</項目>
　　　　　　<本年度預算數>7,309,754</本年度預算數>
　　　　</ROW>
　　　　<ROW>
　　　　　　<SEQNO>53</SEQNO>
　　　　　　<LEVEL>02</LEVEL>
　　　　　　<BOLD>0</BOLD>
　　　　　　<項目>現金及約當現金之淨增（淨減）</項目>
　　　　　　<本年度預算數>197,838,748</本年度預算數>
　　　　</ROW>
　　　　<ROW>
　　　　　　<SEQNO>54</SEQNO>
　　　　　　<LEVEL>02</LEVEL>
　　　　　　<BOLD>0</BOLD>
　　　　　　<項目>期初現金及約當現金</項目>
　　　　　　<本年度預算數>2,081,803,201</本年度預算數>
　　　　</ROW>
　　　　<ROW>
　　　　　　<SEQNO>55</SEQNO>
　　　　　　<LEVEL>02</LEVEL>
　　　　　　<BOLD>0</BOLD>
　　　　　　<項目>期末現金及約當現金</項目>
　　　　　　<本年度預算數>2,279,641,949</本年度預算數>
　　　　</ROW>
　　　　<COMM />
　　</DataSet>
</GenericData>

