<?xml version="1.0" encoding="UTF-8"?>
<GenericData>
　　<Header>
　　　　<Table Id="FNWXBWORKR" Name="附屬單位預算(營業部分)損益綜計表（依收支科目分列）" Domain="PBA" />
　　　　<Program Id="PBAGR040_D" />
　　　　<Sender Name="營業基金" />
　　　　<報表名稱>附屬單位預算(營業部分)損益綜計表（依收支科目分列）</報表名稱>
　　　　<年度>103</年度>
　　　　<基金>營業基金</基金>
　　　　<階段>預算案</階段>
　　　　<版本>1</版本>
　　　　<單位>新臺幣千元</單位>
　　</Header>
　　<DataSet>
　　　　<ROW>
　　　　　　<SEQNO>1</SEQNO>
　　　　　　<LEVEL>02</LEVEL>
　　　　　　<BOLD>0</BOLD>
　　　　　　<前年度決算數-金額>3,582,213,207</前年度決算數-金額>
　　　　　　<前年度決算數-百分比>100</前年度決算數-百分比>
　　　　　　<科目>營業收入</科目>
　　　　　　<本年度預算數-金額>3,554,960,154</本年度預算數-金額>
　　　　　　<本年度預算數-百分比>100</本年度預算數-百分比>
　　　　　　<上年度預算數-金額>3,410,757,658</上年度預算數-金額>
　　　　　　<上年度預算數-百分比>100</上年度預算數-百分比>
　　　　　　<比較增減百分比>4.23</比較增減百分比>
　　　　</ROW>
　　　　<ROW>
　　　　　　<SEQNO>2</SEQNO>
　　　　　　<LEVEL>03</LEVEL>
　　　　　　<BOLD>0</BOLD>
　　　　　　<前年度決算數-金額>1,978,110,254</前年度決算數-金額>
　　　　　　<前年度決算數-百分比>55.22</前年度決算數-百分比>
　　　　　　<科目>銷售收入</科目>
　　　　　　<本年度預算數-金額>2,172,035,705</本年度預算數-金額>
　　　　　　<本年度預算數-百分比>61.10</本年度預算數-百分比>
　　　　　　<上年度預算數-金額>2,105,693,244</上年度預算數-金額>
　　　　　　<上年度預算數-百分比>61.74</上年度預算數-百分比>
　　　　　　<比較增減百分比>3.15</比較增減百分比>
　　　　</ROW>
　　　　<ROW>
　　　　　　<SEQNO>3</SEQNO>
　　　　　　<LEVEL>03</LEVEL>
　　　　　　<BOLD>0</BOLD>
　　　　　　<前年度決算數-金額>62,880,306</前年度決算數-金額>
　　　　　　<前年度決算數-百分比>1.76</前年度決算數-百分比>
　　　　　　<科目>勞務收入</科目>
　　　　　　<本年度預算數-金額>67,876,801</本年度預算數-金額>
　　　　　　<本年度預算數-百分比>1.91</本年度預算數-百分比>
　　　　　　<上年度預算數-金額>67,282,492</上年度預算數-金額>
　　　　　　<上年度預算數-百分比>1.97</上年度預算數-百分比>
　　　　　　<比較增減百分比>0.88</比較增減百分比>
　　　　</ROW>
　　　　<ROW>
　　　　　　<SEQNO>4</SEQNO>
　　　　　　<LEVEL>03</LEVEL>
　　　　　　<BOLD>0</BOLD>
　　　　　　<前年度決算數-金額>1,450,023,599</前年度決算數-金額>
　　　　　　<前年度決算數-百分比>40.48</前年度決算數-百分比>
　　　　　　<科目>金融保險收入</科目>
　　　　　　<本年度預算數-金額>1,224,410,974</本年度預算數-金額>
　　　　　　<本年度預算數-百分比>34.44</本年度預算數-百分比>
　　　　　　<上年度預算數-金額>1,149,847,970</上年度預算數-金額>
　　　　　　<上年度預算數-百分比>33.71</上年度預算數-百分比>
　　　　　　<比較增減百分比>6.48</比較增減百分比>
　　　　</ROW>
　　　　<ROW>
　　　　　　<SEQNO>5</SEQNO>
　　　　　　<LEVEL>03</LEVEL>
　　　　　　<BOLD>0</BOLD>
　　　　　　<前年度決算數-金額>2,304,261</前年度決算數-金額>
　　　　　　<前年度決算數-百分比>0.06</前年度決算數-百分比>
　　　　　　<科目>採用權益法認列之關聯企業及合資利益之份額</科目>
　　　　　　<本年度預算數-金額>2,178,236</本年度預算數-金額>
　　　　　　<本年度預算數-百分比>0.06</本年度預算數-百分比>
　　　　　　<上年度預算數-金額>1,872,301</上年度預算數-金額>
　　　　　　<上年度預算數-百分比>0.05</上年度預算數-百分比>
　　　　　　<比較增減百分比>16.34</比較增減百分比>
　　　　</ROW>
　　　　<ROW>
　　　　　　<SEQNO>6</SEQNO>
　　　　　　<LEVEL>03</LEVEL>
　　　　　　<BOLD>0</BOLD>
　　　　　　<前年度決算數-金額>88,894,786</前年度決算數-金額>
　　　　　　<前年度決算數-百分比>2.48</前年度決算數-百分比>
　　　　　　<科目>其他營業收入</科目>
　　　　　　<本年度預算數-金額>88,458,438</本年度預算數-金額>
　　　　　　<本年度預算數-百分比>2.49</本年度預算數-百分比>
　　　　　　<上年度預算數-金額>86,061,651</上年度預算數-金額>
　　　　　　<上年度預算數-百分比>2.52</上年度預算數-百分比>
　　　　　　<比較增減百分比>2.78</比較增減百分比>
　　　　</ROW>
　　　　<ROW>
　　　　　　<SEQNO>7</SEQNO>
　　　　　　<LEVEL>02</LEVEL>
　　　　　　<BOLD>0</BOLD>
　　　　　　<前年度決算數-金額>3,261,781,091</前年度決算數-金額>
　　　　　　<前年度決算數-百分比>91.05</前年度決算數-百分比>
　　　　　　<科目>營業成本</科目>
　　　　　　<本年度預算數-金額>3,230,393,800</本年度預算數-金額>
　　　　　　<本年度預算數-百分比>90.87</本年度預算數-百分比>
　　　　　　<上年度預算數-金額>3,083,595,722</上年度預算數-金額>
　　　　　　<上年度預算數-百分比>90.41</上年度預算數-百分比>
　　　　　　<比較增減百分比>4.76</比較增減百分比>
　　　　</ROW>
　　　　<ROW>
　　　　　　<SEQNO>8</SEQNO>
　　　　　　<LEVEL>03</LEVEL>
　　　　　　<BOLD>0</BOLD>
　　　　　　<前年度決算數-金額>2,001,094,475</前年度決算數-金額>
　　　　　　<前年度決算數-百分比>55.86</前年度決算數-百分比>
　　　　　　<科目>銷售成本</科目>
　　　　　　<本年度預算數-金額>2,085,830,861</本年度預算數-金額>
　　　　　　<本年度預算數-百分比>58.67</本年度預算數-百分比>
　　　　　　<上年度預算數-金額>2,016,608,958</上年度預算數-金額>
　　　　　　<上年度預算數-百分比>59.12</上年度預算數-百分比>
　　　　　　<比較增減百分比>3.43</比較增減百分比>
　　　　</ROW>
　　　　<ROW>
　　　　　　<SEQNO>9</SEQNO>
　　　　　　<LEVEL>03</LEVEL>
　　　　　　<BOLD>0</BOLD>
　　　　　　<前年度決算數-金額>75,078,152</前年度決算數-金額>
　　　　　　<前年度決算數-百分比>2.10</前年度決算數-百分比>
　　　　　　<科目>勞務成本</科目>
　　　　　　<本年度預算數-金額>77,575,209</本年度預算數-金額>
　　　　　　<本年度預算數-百分比>2.18</本年度預算數-百分比>
　　　　　　<上年度預算數-金額>78,662,010</上年度預算數-金額>
　　　　　　<上年度預算數-百分比>2.31</上年度預算數-百分比>
　　　　　　<比較增減百分比>-1.38</比較增減百分比>
　　　　</ROW>
　　　　<ROW>
　　　　　　<SEQNO>10</SEQNO>
　　　　　　<LEVEL>03</LEVEL>
　　　　　　<BOLD>0</BOLD>
　　　　　　<前年度決算數-金額>1,168,921,778</前年度決算數-金額>
　　　　　　<前年度決算數-百分比>32.63</前年度決算數-百分比>
　　　　　　<科目>金融保險成本</科目>
　　　　　　<本年度預算數-金額>1,044,444,389</本年度預算數-金額>
　　　　　　<本年度預算數-百分比>29.38</本年度預算數-百分比>
　　　　　　<上年度預算數-金額>966,000,427</上年度預算數-金額>
　　　　　　<上年度預算數-百分比>28.32</上年度預算數-百分比>
　　　　　　<比較增減百分比>8.12</比較增減百分比>
　　　　</ROW>
　　　　<ROW>
　　　　　　<SEQNO>11</SEQNO>
　　　　　　<LEVEL>03</LEVEL>
　　　　　　<BOLD>0</BOLD>
　　　　　　<前年度決算數-金額>183</前年度決算數-金額>
　　　　　　<前年度決算數-百分比>-</前年度決算數-百分比>
　　　　　　<科目>採用權益法認列之關聯企業及合資損失之份額</科目>
　　　　　　<本年度預算數-金額 />
　　　　　　<本年度預算數-百分比 />
　　　　　　<上年度預算數-金額 />
　　　　　　<上年度預算數-百分比 />
　　　　　　<比較增減百分比 />
　　　　</ROW>
　　　　<ROW>
　　　　　　<SEQNO>12</SEQNO>
　　　　　　<LEVEL>03</LEVEL>
　　　　　　<BOLD>0</BOLD>
　　　　　　<前年度決算數-金額>16,686,504</前年度決算數-金額>
　　　　　　<前年度決算數-百分比>0.47</前年度決算數-百分比>
　　　　　　<科目>其他營業成本</科目>
　　　　　　<本年度預算數-金額>22,543,341</本年度預算數-金額>
　　　　　　<本年度預算數-百分比>0.63</本年度預算數-百分比>
　　　　　　<上年度預算數-金額>22,324,327</上年度預算數-金額>
　　　　　　<上年度預算數-百分比>0.65</上年度預算數-百分比>
　　　　　　<比較增減百分比>0.98</比較增減百分比>
　　　　</ROW>
　　　　<ROW>
　　　　　　<SEQNO>13</SEQNO>
　　　　　　<LEVEL>02</LEVEL>
　　　　　　<BOLD>0</BOLD>
　　　　　　<前年度決算數-金額>320,432,116</前年度決算數-金額>
　　　　　　<前年度決算數-百分比>8.95</前年度決算數-百分比>
　　　　　　<科目>營業毛利（毛損）</科目>
　　　　　　<本年度預算數-金額>324,566,354</本年度預算數-金額>
　　　　　　<本年度預算數-百分比>9.13</本年度預算數-百分比>
　　　　　　<上年度預算數-金額>327,161,936</上年度預算數-金額>
　　　　　　<上年度預算數-百分比>9.59</上年度預算數-百分比>
　　　　　　<比較增減百分比>-0.79</比較增減百分比>
　　　　</ROW>
　　　　<ROW>
　　　　　　<SEQNO>14</SEQNO>
　　　　　　<LEVEL>02</LEVEL>
　　　　　　<BOLD>0</BOLD>
　　　　　　<前年度決算數-金額>118,150,513</前年度決算數-金額>
　　　　　　<前年度決算數-百分比>3.30</前年度決算數-百分比>
　　　　　　<科目>營業費用</科目>
　　　　　　<本年度預算數-金額>126,791,821</本年度預算數-金額>
　　　　　　<本年度預算數-百分比>3.57</本年度預算數-百分比>
　　　　　　<上年度預算數-金額>128,784,258</上年度預算數-金額>
　　　　　　<上年度預算數-百分比>3.78</上年度預算數-百分比>
　　　　　　<比較增減百分比>-1.55</比較增減百分比>
　　　　</ROW>
　　　　<ROW>
　　　　　　<SEQNO>15</SEQNO>
　　　　　　<LEVEL>03</LEVEL>
　　　　　　<BOLD>0</BOLD>
　　　　　　<前年度決算數-金額>31,047,318</前年度決算數-金額>
　　　　　　<前年度決算數-百分比>0.87</前年度決算數-百分比>
　　　　　　<科目>行銷費用</科目>
　　　　　　<本年度預算數-金額>33,643,466</本年度預算數-金額>
　　　　　　<本年度預算數-百分比>0.95</本年度預算數-百分比>
　　　　　　<上年度預算數-金額>34,149,743</上年度預算數-金額>
　　　　　　<上年度預算數-百分比>1.00</上年度預算數-百分比>
　　　　　　<比較增減百分比>-1.48</比較增減百分比>
　　　　</ROW>
　　　　<ROW>
　　　　　　<SEQNO>16</SEQNO>
　　　　　　<LEVEL>03</LEVEL>
　　　　　　<BOLD>0</BOLD>
　　　　　　<前年度決算數-金額>63,953,997</前年度決算數-金額>
　　　　　　<前年度決算數-百分比>1.79</前年度決算數-百分比>
　　　　　　<科目>業務費用</科目>
　　　　　　<本年度預算數-金額>66,656,274</本年度預算數-金額>
　　　　　　<本年度預算數-百分比>1.88</本年度預算數-百分比>
　　　　　　<上年度預算數-金額>68,160,508</上年度預算數-金額>
　　　　　　<上年度預算數-百分比>2.00</上年度預算數-百分比>
　　　　　　<比較增減百分比>-2.21</比較增減百分比>
　　　　</ROW>
　　　　<ROW>
　　　　　　<SEQNO>17</SEQNO>
　　　　　　<LEVEL>03</LEVEL>
　　　　　　<BOLD>0</BOLD>
　　　　　　<前年度決算數-金額>16,330,691</前年度決算數-金額>
　　　　　　<前年度決算數-百分比>0.46</前年度決算數-百分比>
　　　　　　<科目>管理費用</科目>
　　　　　　<本年度預算數-金額>18,062,295</本年度預算數-金額>
　　　　　　<本年度預算數-百分比>0.51</本年度預算數-百分比>
　　　　　　<上年度預算數-金額>17,656,659</上年度預算數-金額>
　　　　　　<上年度預算數-百分比>0.52</上年度預算數-百分比>
　　　　　　<比較增減百分比>2.30</比較增減百分比>
　　　　</ROW>
　　　　<ROW>
　　　　　　<SEQNO>18</SEQNO>
　　　　　　<LEVEL>03</LEVEL>
　　　　　　<BOLD>0</BOLD>
　　　　　　<前年度決算數-金額>6,818,506</前年度決算數-金額>
　　　　　　<前年度決算數-百分比>0.19</前年度決算數-百分比>
　　　　　　<科目>其他營業費用</科目>
　　　　　　<本年度預算數-金額>8,429,786</本年度預算數-金額>
　　　　　　<本年度預算數-百分比>0.24</本年度預算數-百分比>
　　　　　　<上年度預算數-金額>8,817,348</上年度預算數-金額>
　　　　　　<上年度預算數-百分比>0.26</上年度預算數-百分比>
　　　　　　<比較增減百分比>-4.40</比較增減百分比>
　　　　</ROW>
　　　　<ROW>
　　　　　　<SEQNO>19</SEQNO>
　　　　　　<LEVEL>02</LEVEL>
　　　　　　<BOLD>0</BOLD>
　　　　　　<前年度決算數-金額>202,281,603</前年度決算數-金額>
　　　　　　<前年度決算數-百分比>5.65</前年度決算數-百分比>
　　　　　　<科目>營業利益（損失）</科目>
　　　　　　<本年度預算數-金額>197,774,533</本年度預算數-金額>
　　　　　　<本年度預算數-百分比>5.56</本年度預算數-百分比>
　　　　　　<上年度預算數-金額>198,377,678</上年度預算數-金額>
　　　　　　<上年度預算數-百分比>5.82</上年度預算數-百分比>
　　　　　　<比較增減百分比>-0.30</比較增減百分比>
　　　　</ROW>
　　　　<ROW>
　　　　　　<SEQNO>20</SEQNO>
　　　　　　<LEVEL>02</LEVEL>
　　　　　　<BOLD>0</BOLD>
　　　　　　<前年度決算數-金額>27,344,380</前年度決算數-金額>
　　　　　　<前年度決算數-百分比>0.76</前年度決算數-百分比>
　　　　　　<科目>營業外收入</科目>
　　　　　　<本年度預算數-金額>18,687,668</本年度預算數-金額>
　　　　　　<本年度預算數-百分比>0.53</本年度預算數-百分比>
　　　　　　<上年度預算數-金額>18,345,780</上年度預算數-金額>
　　　　　　<上年度預算數-百分比>0.54</上年度預算數-百分比>
　　　　　　<比較增減百分比>1.86</比較增減百分比>
　　　　</ROW>
　　　　<ROW>
　　　　　　<SEQNO>21</SEQNO>
　　　　　　<LEVEL>03</LEVEL>
　　　　　　<BOLD>0</BOLD>
　　　　　　<前年度決算數-金額 />
　　　　　　<前年度決算數-百分比 />
　　　　　　<科目>財務收入</科目>
　　　　　　<本年度預算數-金額 />
　　　　　　<本年度預算數-百分比 />
　　　　　　<上年度預算數-金額 />
　　　　　　<上年度預算數-百分比 />
　　　　　　<比較增減百分比 />
　　　　</ROW>
　　　　<ROW>
　　　　　　<SEQNO>22</SEQNO>
　　　　　　<LEVEL>03</LEVEL>
　　　　　　<BOLD>0</BOLD>
　　　　　　<前年度決算數-金額>439,570</前年度決算數-金額>
　　　　　　<前年度決算數-百分比>0.01</前年度決算數-百分比>
　　　　　　<科目>採用權益法認列之關聯企業及合資利益之份額</科目>
　　　　　　<本年度預算數-金額>1,560,375</本年度預算數-金額>
　　　　　　<本年度預算數-百分比>0.04</本年度預算數-百分比>
　　　　　　<上年度預算數-金額>2,049,580</上年度預算數-金額>
　　　　　　<上年度預算數-百分比>0.06</上年度預算數-百分比>
　　　　　　<比較增減百分比>-23.87</比較增減百分比>
　　　　</ROW>
　　　　<ROW>
　　　　　　<SEQNO>23</SEQNO>
　　　　　　<LEVEL>03</LEVEL>
　　　　　　<BOLD>0</BOLD>
　　　　　　<前年度決算數-金額>26,904,811</前年度決算數-金額>
　　　　　　<前年度決算數-百分比>0.75</前年度決算數-百分比>
　　　　　　<科目>其他營業外收入</科目>
　　　　　　<本年度預算數-金額>17,127,293</本年度預算數-金額>
　　　　　　<本年度預算數-百分比>0.48</本年度預算數-百分比>
　　　　　　<上年度預算數-金額>16,296,200</上年度預算數-金額>
　　　　　　<上年度預算數-百分比>0.48</上年度預算數-百分比>
　　　　　　<比較增減百分比>5.10</比較增減百分比>
　　　　</ROW>
　　　　<ROW>
　　　　　　<SEQNO>24</SEQNO>
　　　　　　<LEVEL>02</LEVEL>
　　　　　　<BOLD>0</BOLD>
　　　　　　<前年度決算數-金額>49,529,030</前年度決算數-金額>
　　　　　　<前年度決算數-百分比>1.38</前年度決算數-百分比>
　　　　　　<科目>營業外費用</科目>
　　　　　　<本年度預算數-金額>63,073,505</本年度預算數-金額>
　　　　　　<本年度預算數-百分比>1.77</本年度預算數-百分比>
　　　　　　<上年度預算數-金額>56,156,589</上年度預算數-金額>
　　　　　　<上年度預算數-百分比>1.65</上年度預算數-百分比>
　　　　　　<比較增減百分比>12.32</比較增減百分比>
　　　　</ROW>
　　　　<ROW>
　　　　　　<SEQNO>25</SEQNO>
　　　　　　<LEVEL>03</LEVEL>
　　　　　　<BOLD>0</BOLD>
　　　　　　<前年度決算數-金額>17,810,754</前年度決算數-金額>
　　　　　　<前年度決算數-百分比>0.50</前年度決算數-百分比>
　　　　　　<科目>財務成本</科目>
　　　　　　<本年度預算數-金額>32,407,966</本年度預算數-金額>
　　　　　　<本年度預算數-百分比>0.91</本年度預算數-百分比>
　　　　　　<上年度預算數-金額>28,832,423</上年度預算數-金額>
　　　　　　<上年度預算數-百分比>0.85</上年度預算數-百分比>
　　　　　　<比較增減百分比>12.40</比較增減百分比>
　　　　</ROW>
　　　　<ROW>
　　　　　　<SEQNO>26</SEQNO>
　　　　　　<LEVEL>03</LEVEL>
　　　　　　<BOLD>0</BOLD>
　　　　　　<前年度決算數-金額>10,855</前年度決算數-金額>
　　　　　　<前年度決算數-百分比>-</前年度決算數-百分比>
　　　　　　<科目>採用權益法認列之關聯企業及合資損失之份額</科目>
　　　　　　<本年度預算數-金額 />
　　　　　　<本年度預算數-百分比 />
　　　　　　<上年度預算數-金額 />
　　　　　　<上年度預算數-百分比 />
　　　　　　<比較增減百分比 />
　　　　</ROW>
　　　　<ROW>
　　　　　　<SEQNO>27</SEQNO>
　　　　　　<LEVEL>03</LEVEL>
　　　　　　<BOLD>0</BOLD>
　　　　　　<前年度決算數-金額>31,707,421</前年度決算數-金額>
　　　　　　<前年度決算數-百分比>0.89</前年度決算數-百分比>
　　　　　　<科目>其他營業外費用</科目>
　　　　　　<本年度預算數-金額>30,665,539</本年度預算數-金額>
　　　　　　<本年度預算數-百分比>0.86</本年度預算數-百分比>
　　　　　　<上年度預算數-金額>27,324,166</上年度預算數-金額>
　　　　　　<上年度預算數-百分比>0.80</上年度預算數-百分比>
　　　　　　<比較增減百分比>12.23</比較增減百分比>
　　　　</ROW>
　　　　<ROW>
　　　　　　<SEQNO>28</SEQNO>
　　　　　　<LEVEL>02</LEVEL>
　　　　　　<BOLD>0</BOLD>
　　　　　　<前年度決算數-金額>-22,184,650</前年度決算數-金額>
　　　　　　<前年度決算數-百分比>0.62</前年度決算數-百分比>
　　　　　　<科目>營業外利益（損失）</科目>
　　　　　　<本年度預算數-金額>-44,385,837</本年度預算數-金額>
　　　　　　<本年度預算數-百分比>1.25</本年度預算數-百分比>
　　　　　　<上年度預算數-金額>-37,810,809</上年度預算數-金額>
　　　　　　<上年度預算數-百分比>1.11</上年度預算數-百分比>
　　　　　　<比較增減百分比>17.39</比較增減百分比>
　　　　</ROW>
　　　　<ROW>
　　　　　　<SEQNO>29</SEQNO>
　　　　　　<LEVEL>02</LEVEL>
　　　　　　<BOLD>0</BOLD>
　　　　　　<前年度決算數-金額>180,096,953</前年度決算數-金額>
　　　　　　<前年度決算數-百分比>5.03</前年度決算數-百分比>
　　　　　　<科目>稅前淨利（淨損）</科目>
　　　　　　<本年度預算數-金額>153,388,696</本年度預算數-金額>
　　　　　　<本年度預算數-百分比>4.31</本年度預算數-百分比>
　　　　　　<上年度預算數-金額>160,566,869</上年度預算數-金額>
　　　　　　<上年度預算數-百分比>4.71</上年度預算數-百分比>
　　　　　　<比較增減百分比>-4.47</比較增減百分比>
　　　　</ROW>
　　　　<ROW>
　　　　　　<SEQNO>30</SEQNO>
　　　　　　<LEVEL>02</LEVEL>
　　　　　　<BOLD>0</BOLD>
　　　　　　<前年度決算數-金額>24,068,785</前年度決算數-金額>
　　　　　　<前年度決算數-百分比>0.67</前年度決算數-百分比>
　　　　　　<科目>所得稅費用（利益）</科目>
　　　　　　<本年度預算數-金額>6,826,127</本年度預算數-金額>
　　　　　　<本年度預算數-百分比>0.19</本年度預算數-百分比>
　　　　　　<上年度預算數-金額>7,366,945</上年度預算數-金額>
　　　　　　<上年度預算數-百分比>0.22</上年度預算數-百分比>
　　　　　　<比較增減百分比>-7.34</比較增減百分比>
　　　　</ROW>
　　　　<ROW>
　　　　　　<SEQNO>31</SEQNO>
　　　　　　<LEVEL>02</LEVEL>
　　　　　　<BOLD>0</BOLD>
　　　　　　<前年度決算數-金額>156,028,168</前年度決算數-金額>
　　　　　　<前年度決算數-百分比>4.36</前年度決算數-百分比>
　　　　　　<科目>繼續營業單位本期淨利（淨損）</科目>
　　　　　　<本年度預算數-金額>146,562,569</本年度預算數-金額>
　　　　　　<本年度預算數-百分比>4.12</本年度預算數-百分比>
　　　　　　<上年度預算數-金額>153,199,924</上年度預算數-金額>
　　　　　　<上年度預算數-百分比>4.49</上年度預算數-百分比>
　　　　　　<比較增減百分比>-4.33</比較增減百分比>
　　　　</ROW>
　　　　<ROW>
　　　　　　<SEQNO>32</SEQNO>
　　　　　　<LEVEL>02</LEVEL>
　　　　　　<BOLD>0</BOLD>
　　　　　　<前年度決算數-金額 />
　　　　　　<前年度決算數-百分比 />
　　　　　　<科目>停業單位損益</科目>
　　　　　　<本年度預算數-金額 />
　　　　　　<本年度預算數-百分比 />
　　　　　　<上年度預算數-金額 />
　　　　　　<上年度預算數-百分比 />
　　　　　　<比較增減百分比 />
　　　　</ROW>
　　　　<ROW>
　　　　　　<SEQNO>33</SEQNO>
　　　　　　<LEVEL>02</LEVEL>
　　　　　　<BOLD>0</BOLD>
　　　　　　<前年度決算數-金額>156,028,168</前年度決算數-金額>
　　　　　　<前年度決算數-百分比>4.36</前年度決算數-百分比>
　　　　　　<科目>本期淨利（淨損）</科目>
　　　　　　<本年度預算數-金額>146,562,569</本年度預算數-金額>
　　　　　　<本年度預算數-百分比>4.12</本年度預算數-百分比>
　　　　　　<上年度預算數-金額>153,199,924</上年度預算數-金額>
　　　　　　<上年度預算數-百分比>4.49</上年度預算數-百分比>
　　　　　　<比較增減百分比>-4.33</比較增減百分比>
　　　　</ROW>
　　</DataSet>
</GenericData>

