﻿<?xml version="1.0" encoding="UTF-8"?>
<GenericData>
　　<Header>
　　　　<Table Id="FNWXBREMAIN" Name="附屬單位預算(營業部分)盈虧撥補綜計表（依撥補項目分列）" Domain="PBA" />
　　　　<Program Id="PBAGR070_D" />
　　　　<Sender Name="營業基金" />
　　　　<報表名稱>附屬單位預算(營業部分)盈虧撥補綜計表（依撥補項目分列）</報表名稱>
　　　　<年度>104</年度>
　　　　<基金>營業基金</基金>
　　　　<階段>預算案</階段>
　　　　<版本>1</版本>
　　　　<單位>新臺幣千元</單位>
　　</Header>
　　<DataSet>
　　　　<ROW>
　　　　　　<SEQNO>1</SEQNO>
　　　　　　<LEVEL>2</LEVEL>
　　　　　　<BOLD>1</BOLD>
　　　　　　<前年度決算數-金額>366797955</前年度決算數-金額>
　　　　　　<前年度決算數-百分比>100.00</前年度決算數-百分比>
　　　　　　<科目>盈餘之部</科目>
　　　　　　<本年度預算數-金額>265745182</本年度預算數-金額>
　　　　　　<本年度預算數-百分比>100.00</本年度預算數-百分比>
　　　　　　<上年度預算數-金額>266524387</上年度預算數-金額>
　　　　　　<上年度預算數-百分比>100.00</上年度預算數-百分比>
　　　　　　<比較增減百分比>-0.29</比較增減百分比>
　　　　</ROW>
　　　　<ROW>
　　　　　　<SEQNO>2</SEQNO>
　　　　　　<LEVEL>3</LEVEL>
　　　　　　<BOLD>0</BOLD>
　　　　　　<前年度決算數-金額>278926520</前年度決算數-金額>
　　　　　　<前年度決算數-百分比>76.04</前年度決算數-百分比>
　　　　　　<科目>本期淨利</科目>
　　　　　　<本年度預算數-金額>202030813</本年度預算數-金額>
　　　　　　<本年度預算數-百分比>76.02</本年度預算數-百分比>
　　　　　　<上年度預算數-金額>180706479</上年度預算數-金額>
　　　　　　<上年度預算數-百分比>67.80</上年度預算數-百分比>
　　　　　　<比較增減百分比>11.80</比較增減百分比>
　　　　</ROW>
　　　　<ROW>
　　　　　　<SEQNO>3</SEQNO>
　　　　　　<LEVEL>3</LEVEL>
　　　　　　<BOLD>0</BOLD>
　　　　　　<前年度決算數-金額>83638847</前年度決算數-金額>
　　　　　　<前年度決算數-百分比>22.80</前年度決算數-百分比>
　　　　　　<科目>累積盈餘</科目>
　　　　　　<本年度預算數-金額>60817449</本年度預算數-金額>
　　　　　　<本年度預算數-百分比>22.89</本年度預算數-百分比>
　　　　　　<上年度預算數-金額>82567000</上年度預算數-金額>
　　　　　　<上年度預算數-百分比>30.98</上年度預算數-百分比>
　　　　　　<比較增減百分比>-26.34</比較增減百分比>
　　　　</ROW>
　　　　<ROW>
　　　　　　<SEQNO>4</SEQNO>
　　　　　　<LEVEL>3</LEVEL>
　　　　　　<BOLD>0</BOLD>
　　　　　　<前年度決算數-金額>0</前年度決算數-金額>
　　　　　　<前年度決算數-百分比>0</前年度決算數-百分比>
　　　　　　<科目>追溯適用及追溯重編之影響數</科目>
　　　　　　<本年度預算數-金額>0</本年度預算數-金額>
　　　　　　<本年度預算數-百分比>0</本年度預算數-百分比>
　　　　　　<上年度預算數-金額>0</上年度預算數-金額>
　　　　　　<上年度預算數-百分比>0</上年度預算數-百分比>
　　　　　　<比較增減百分比>0</比較增減百分比>
　　　　</ROW>
　　　　<ROW>
　　　　　　<SEQNO>5</SEQNO>
　　　　　　<LEVEL>3</LEVEL>
　　　　　　<BOLD>0</BOLD>
　　　　　　<前年度決算數-金額>6199</前年度決算數-金額>
　　　　　　<前年度決算數-百分比>0.00</前年度決算數-百分比>
　　　　　　<科目>公積轉列數</科目>
　　　　　　<本年度預算數-金額>400000</本年度預算數-金額>
　　　　　　<本年度預算數-百分比>0.15</本年度預算數-百分比>
　　　　　　<上年度預算數-金額>399000</上年度預算數-金額>
　　　　　　<上年度預算數-百分比>0.15</上年度預算數-百分比>
　　　　　　<比較增減百分比>0.25</比較增減百分比>
　　　　</ROW>
　　　　<ROW>
　　　　　　<SEQNO>6</SEQNO>
　　　　　　<LEVEL>3</LEVEL>
　　　　　　<BOLD>0</BOLD>
　　　　　　<前年度決算數-金額>0</前年度決算數-金額>
　　　　　　<前年度決算數-百分比>0</前年度決算數-百分比>
　　　　　　<科目>出售庫藏股票損失</科目>
　　　　　　<本年度預算數-金額>0</本年度預算數-金額>
　　　　　　<本年度預算數-百分比>0</本年度預算數-百分比>
　　　　　　<上年度預算數-金額>0</上年度預算數-金額>
　　　　　　<上年度預算數-百分比>0</上年度預算數-百分比>
　　　　　　<比較增減百分比>0</比較增減百分比>
　　　　</ROW>
　　　　<ROW>
　　　　　　<SEQNO>7</SEQNO>
　　　　　　<LEVEL>3</LEVEL>
　　　　　　<BOLD>0</BOLD>
　　　　　　<前年度決算數-金額>2767590</前年度決算數-金額>
　　　　　　<前年度決算數-百分比>0.75</前年度決算數-百分比>
　　　　　　<科目>其他綜合損益轉入數</科目>
　　　　　　<本年度預算數-金額>0</本年度預算數-金額>
　　　　　　<本年度預算數-百分比>0</本年度預算數-百分比>
　　　　　　<上年度預算數-金額>0</上年度預算數-金額>
　　　　　　<上年度預算數-百分比>0</上年度預算數-百分比>
　　　　　　<比較增減百分比>0</比較增減百分比>
　　　　</ROW>
　　　　<ROW>
　　　　　　<SEQNO>8</SEQNO>
　　　　　　<LEVEL>3</LEVEL>
　　　　　　<BOLD>0</BOLD>
　　　　　　<前年度決算數-金額>1458799</前年度決算數-金額>
　　　　　　<前年度決算數-百分比>0.40</前年度決算數-百分比>
　　　　　　<科目>首次採用國際財務報導準則調整數轉列數</科目>
　　　　　　<本年度預算數-金額>2496920</本年度預算數-金額>
　　　　　　<本年度預算數-百分比>0.94</本年度預算數-百分比>
　　　　　　<上年度預算數-金額>2851908</上年度預算數-金額>
　　　　　　<上年度預算數-百分比>1.07</上年度預算數-百分比>
　　　　　　<比較增減百分比>-12.45</比較增減百分比>
　　　　</ROW>
　　　　<ROW>
　　　　　　<SEQNO>9</SEQNO>
　　　　　　<LEVEL>2</LEVEL>
　　　　　　<BOLD>1</BOLD>
　　　　　　<前年度決算數-金額>366797955</前年度決算數-金額>
　　　　　　<前年度決算數-百分比>100.00</前年度決算數-百分比>
　　　　　　<科目>分配之部</科目>
　　　　　　<本年度預算數-金額>265745182</本年度預算數-金額>
　　　　　　<本年度預算數-百分比>100.00</本年度預算數-百分比>
　　　　　　<上年度預算數-金額>266524387</上年度預算數-金額>
　　　　　　<上年度預算數-百分比>100.00</上年度預算數-百分比>
　　　　　　<比較增減百分比>-0.29</比較增減百分比>
　　　　</ROW>
　　　　<ROW>
　　　　　　<SEQNO>10</SEQNO>
　　　　　　<LEVEL>3</LEVEL>
　　　　　　<BOLD>0</BOLD>
　　　　　　<前年度決算數-金額>207791813</前年度決算數-金額>
　　　　　　<前年度決算數-百分比>56.65</前年度決算數-百分比>
　　　　　　<科目>中央政府所得者</科目>
　　　　　　<本年度預算數-金額>204765124</本年度預算數-金額>
　　　　　　<本年度預算數-百分比>77.05</本年度預算數-百分比>
　　　　　　<上年度預算數-金額>205939193</上年度預算數-金額>
　　　　　　<上年度預算數-百分比>77.27</上年度預算數-百分比>
　　　　　　<比較增減百分比>-0.57</比較增減百分比>
　　　　</ROW>
　　　　<ROW>
　　　　　　<SEQNO>11</SEQNO>
　　　　　　<LEVEL>4</LEVEL>
　　　　　　<BOLD>0</BOLD>
　　　　　　<前年度決算數-金額>207791813</前年度決算數-金額>
　　　　　　<前年度決算數-百分比>56.65</前年度決算數-百分比>
　　　　　　<科目>股（官）息紅利</科目>
　　　　　　<本年度預算數-金額>204765124</本年度預算數-金額>
　　　　　　<本年度預算數-百分比>77.05</本年度預算數-百分比>
　　　　　　<上年度預算數-金額>205939193</上年度預算數-金額>
　　　　　　<上年度預算數-百分比>77.27</上年度預算數-百分比>
　　　　　　<比較增減百分比>-0.57</比較增減百分比>
　　　　</ROW>
　　　　<ROW>
　　　　　　<SEQNO>12</SEQNO>
　　　　　　<LEVEL>3</LEVEL>
　　　　　　<BOLD>0</BOLD>
　　　　　　<前年度決算數-金額>19</前年度決算數-金額>
　　　　　　<前年度決算數-百分比>0.00</前年度決算數-百分比>
　　　　　　<科目>地方政府所得者</科目>
　　　　　　<本年度預算數-金額>29</本年度預算數-金額>
　　　　　　<本年度預算數-百分比>0.00</本年度預算數-百分比>
　　　　　　<上年度預算數-金額>29</上年度預算數-金額>
　　　　　　<上年度預算數-百分比>0.00</上年度預算數-百分比>
　　　　　　<比較增減百分比>0.00</比較增減百分比>
　　　　</ROW>
　　　　<ROW>
　　　　　　<SEQNO>13</SEQNO>
　　　　　　<LEVEL>4</LEVEL>
　　　　　　<BOLD>0</BOLD>
　　　　　　<前年度決算數-金額>19</前年度決算數-金額>
　　　　　　<前年度決算數-百分比>0.00</前年度決算數-百分比>
　　　　　　<科目>股（官）息紅利</科目>
　　　　　　<本年度預算數-金額>29</本年度預算數-金額>
　　　　　　<本年度預算數-百分比>0.00</本年度預算數-百分比>
　　　　　　<上年度預算數-金額>29</上年度預算數-金額>
　　　　　　<上年度預算數-百分比>0.00</上年度預算數-百分比>
　　　　　　<比較增減百分比>0.00</比較增減百分比>
　　　　</ROW>
　　　　<ROW>
　　　　　　<SEQNO>14</SEQNO>
　　　　　　<LEVEL>3</LEVEL>
　　　　　　<BOLD>0</BOLD>
　　　　　　<前年度決算數-金額>0</前年度決算數-金額>
　　　　　　<前年度決算數-百分比>0</前年度決算數-百分比>
　　　　　　<科目>轉投資機關所得者</科目>
　　　　　　<本年度預算數-金額>0</本年度預算數-金額>
　　　　　　<本年度預算數-百分比>0</本年度預算數-百分比>
　　　　　　<上年度預算數-金額>0</上年度預算數-金額>
　　　　　　<上年度預算數-百分比>0</上年度預算數-百分比>
　　　　　　<比較增減百分比>0</比較增減百分比>
　　　　</ROW>
　　　　<ROW>
　　　　　　<SEQNO>15</SEQNO>
　　　　　　<LEVEL>4</LEVEL>
　　　　　　<BOLD>0</BOLD>
　　　　　　<前年度決算數-金額>0</前年度決算數-金額>
　　　　　　<前年度決算數-百分比>0</前年度決算數-百分比>
　　　　　　<科目>股（官）息紅利</科目>
　　　　　　<本年度預算數-金額>0</本年度預算數-金額>
　　　　　　<本年度預算數-百分比>0</本年度預算數-百分比>
　　　　　　<上年度預算數-金額>0</上年度預算數-金額>
　　　　　　<上年度預算數-百分比>0</上年度預算數-百分比>
　　　　　　<比較增減百分比>0</比較增減百分比>
　　　　</ROW>
　　　　<ROW>
　　　　　　<SEQNO>16</SEQNO>
　　　　　　<LEVEL>3</LEVEL>
　　　　　　<BOLD>0</BOLD>
　　　　　　<前年度決算數-金額>89114</前年度決算數-金額>
　　　　　　<前年度決算數-百分比>0.02</前年度決算數-百分比>
　　　　　　<科目>其他政府機關所得者</科目>
　　　　　　<本年度預算數-金額>137235</本年度預算數-金額>
　　　　　　<本年度預算數-百分比>0.05</本年度預算數-百分比>
　　　　　　<上年度預算數-金額>137235</上年度預算數-金額>
　　　　　　<上年度預算數-百分比>0.05</上年度預算數-百分比>
　　　　　　<比較增減百分比>0.00</比較增減百分比>
　　　　</ROW>
　　　　<ROW>
　　　　　　<SEQNO>17</SEQNO>
　　　　　　<LEVEL>4</LEVEL>
　　　　　　<BOLD>0</BOLD>
　　　　　　<前年度決算數-金額>89114</前年度決算數-金額>
　　　　　　<前年度決算數-百分比>0.02</前年度決算數-百分比>
　　　　　　<科目>股（官）息紅利</科目>
　　　　　　<本年度預算數-金額>137235</本年度預算數-金額>
　　　　　　<本年度預算數-百分比>0.05</本年度預算數-百分比>
　　　　　　<上年度預算數-金額>137235</上年度預算數-金額>
　　　　　　<上年度預算數-百分比>0.05</上年度預算數-百分比>
　　　　　　<比較增減百分比>0.00</比較增減百分比>
　　　　</ROW>
　　　　<ROW>
　　　　　　<SEQNO>18</SEQNO>
　　　　　　<LEVEL>3</LEVEL>
　　　　　　<BOLD>0</BOLD>
　　　　　　<前年度決算數-金額>98473</前年度決算數-金額>
　　　　　　<前年度決算數-百分比>0.03</前年度決算數-百分比>
　　　　　　<科目>民股股東所得者</科目>
　　　　　　<本年度預算數-金額>1474649</本年度預算數-金額>
　　　　　　<本年度預算數-百分比>0.55</本年度預算數-百分比>
　　　　　　<上年度預算數-金額>1393799</上年度預算數-金額>
　　　　　　<上年度預算數-百分比>0.52</上年度預算數-百分比>
　　　　　　<比較增減百分比>5.80</比較增減百分比>
　　　　</ROW>
　　　　<ROW>
　　　　　　<SEQNO>19</SEQNO>
　　　　　　<LEVEL>4</LEVEL>
　　　　　　<BOLD>0</BOLD>
　　　　　　<前年度決算數-金額>98473</前年度決算數-金額>
　　　　　　<前年度決算數-百分比>0.03</前年度決算數-百分比>
　　　　　　<科目>股息紅利</科目>
　　　　　　<本年度預算數-金額>1474649</本年度預算數-金額>
　　　　　　<本年度預算數-百分比>0.55</本年度預算數-百分比>
　　　　　　<上年度預算數-金額>1393799</上年度預算數-金額>
　　　　　　<上年度預算數-百分比>0.52</上年度預算數-百分比>
　　　　　　<比較增減百分比>5.80</比較增減百分比>
　　　　</ROW>
　　　　<ROW>
　　　　　　<SEQNO>20</SEQNO>
　　　　　　<LEVEL>3</LEVEL>
　　　　　　<BOLD>0</BOLD>
　　　　　　<前年度決算數-金額>4621054</前年度決算數-金額>
　　　　　　<前年度決算數-百分比>1.26</前年度決算數-百分比>
　　　　　　<科目>其他所得者</科目>
　　　　　　<本年度預算數-金額>4403098</本年度預算數-金額>
　　　　　　<本年度預算數-百分比>1.66</本年度預算數-百分比>
　　　　　　<上年度預算數-金額>4027145</上年度預算數-金額>
　　　　　　<上年度預算數-百分比>1.51</上年度預算數-百分比>
　　　　　　<比較增減百分比>9.34</比較增減百分比>
　　　　</ROW>
　　　　<ROW>
　　　　　　<SEQNO>21</SEQNO>
　　　　　　<LEVEL>4</LEVEL>
　　　　　　<BOLD>0</BOLD>
　　　　　　<前年度決算數-金額>1292655</前年度決算數-金額>
　　　　　　<前年度決算數-百分比>0.35</前年度決算數-百分比>
　　　　　　<科目>提撥地方政府</科目>
　　　　　　<本年度預算數-金額>1246762</本年度預算數-金額>
　　　　　　<本年度預算數-百分比>0.47</本年度預算數-百分比>
　　　　　　<上年度預算數-金額>1135110</上年度預算數-金額>
　　　　　　<上年度預算數-百分比>0.43</上年度預算數-百分比>
　　　　　　<比較增減百分比>9.84</比較增減百分比>
　　　　</ROW>
　　　　<ROW>
　　　　　　<SEQNO>22</SEQNO>
　　　　　　<LEVEL>4</LEVEL>
　　　　　　<BOLD>0</BOLD>
　　　　　　<前年度決算數-金額>3328399</前年度決算數-金額>
　　　　　　<前年度決算數-百分比>0.91</前年度決算數-百分比>
　　　　　　<科目>其他依法分配數</科目>
　　　　　　<本年度預算數-金額>3156336</本年度預算數-金額>
　　　　　　<本年度預算數-百分比>1.19</本年度預算數-百分比>
　　　　　　<上年度預算數-金額>2892035</上年度預算數-金額>
　　　　　　<上年度預算數-百分比>1.09</上年度預算數-百分比>
　　　　　　<比較增減百分比>9.14</比較增減百分比>
　　　　</ROW>
　　　　<ROW>
　　　　　　<SEQNO>23</SEQNO>
　　　　　　<LEVEL>3</LEVEL>
　　　　　　<BOLD>0</BOLD>
　　　　　　<前年度決算數-金額>154197482</前年度決算數-金額>
　　　　　　<前年度決算數-百分比>42.04</前年度決算數-百分比>
　　　　　　<科目>留存事業機關者</科目>
　　　　　　<本年度預算數-金額>54965047</本年度預算數-金額>
　　　　　　<本年度預算數-百分比>20.68</本年度預算數-百分比>
　　　　　　<上年度預算數-金額>55026986</上年度預算數-金額>
　　　　　　<上年度預算數-百分比>20.65</上年度預算數-百分比>
　　　　　　<比較增減百分比>-0.11</比較增減百分比>
　　　　</ROW>
　　　　<ROW>
　　　　　　<SEQNO>24</SEQNO>
　　　　　　<LEVEL>4</LEVEL>
　　　　　　<BOLD>0</BOLD>
　　　　　　<前年度決算數-金額>7104348</前年度決算數-金額>
　　　　　　<前年度決算數-百分比>1.94</前年度決算數-百分比>
　　　　　　<科目>填補虧損</科目>
　　　　　　<本年度預算數-金額>12771739</本年度預算數-金額>
　　　　　　<本年度預算數-百分比>4.81</本年度預算數-百分比>
　　　　　　<上年度預算數-金額>16125885</上年度預算數-金額>
　　　　　　<上年度預算數-百分比>6.05</上年度預算數-百分比>
　　　　　　<比較增減百分比>-20.80</比較增減百分比>
　　　　</ROW>
　　　　<ROW>
　　　　　　<SEQNO>25</SEQNO>
　　　　　　<LEVEL>4</LEVEL>
　　　　　　<BOLD>0</BOLD>
　　　　　　<前年度決算數-金額>0</前年度決算數-金額>
　　　　　　<前年度決算數-百分比>0</前年度決算數-百分比>
　　　　　　<科目>資本公積</科目>
　　　　　　<本年度預算數-金額>0</本年度預算數-金額>
　　　　　　<本年度預算數-百分比>0</本年度預算數-百分比>
　　　　　　<上年度預算數-金額>0</上年度預算數-金額>
　　　　　　<上年度預算數-百分比>0</上年度預算數-百分比>
　　　　　　<比較增減百分比>0</比較增減百分比>
　　　　</ROW>
　　　　<ROW>
　　　　　　<SEQNO>26</SEQNO>
　　　　　　<LEVEL>4</LEVEL>
　　　　　　<BOLD>0</BOLD>
　　　　　　<前年度決算數-金額>53785453</前年度決算數-金額>
　　　　　　<前年度決算數-百分比>14.66</前年度決算數-百分比>
　　　　　　<科目>法定公積</科目>
　　　　　　<本年度預算數-金額>36639811</本年度預算數-金額>
　　　　　　<本年度預算數-百分比>13.79</本年度預算數-百分比>
　　　　　　<上年度預算數-金額>31852856</上年度預算數-金額>
　　　　　　<上年度預算數-百分比>11.95</上年度預算數-百分比>
　　　　　　<比較增減百分比>15.03</比較增減百分比>
　　　　</ROW>
　　　　<ROW>
　　　　　　<SEQNO>27</SEQNO>
　　　　　　<LEVEL>4</LEVEL>
　　　　　　<BOLD>0</BOLD>
　　　　　　<前年度決算數-金額>9717297</前年度決算數-金額>
　　　　　　<前年度決算數-百分比>2.65</前年度決算數-百分比>
　　　　　　<科目>特別公積</科目>
　　　　　　<本年度預算數-金額>4696463</本年度預算數-金額>
　　　　　　<本年度預算數-百分比>1.77</本年度預算數-百分比>
　　　　　　<上年度預算數-金額>5896926</上年度預算數-金額>
　　　　　　<上年度預算數-百分比>2.21</上年度預算數-百分比>
　　　　　　<比較增減百分比>-20.36</比較增減百分比>
　　　　</ROW>
　　　　<ROW>
　　　　　　<SEQNO>28</SEQNO>
　　　　　　<LEVEL>4</LEVEL>
　　　　　　<BOLD>0</BOLD>
　　　　　　<前年度決算數-金額>83590383</前年度決算數-金額>
　　　　　　<前年度決算數-百分比>22.79</前年度決算數-百分比>
　　　　　　<科目>未分配盈餘</科目>
　　　　　　<本年度預算數-金額>857034</本年度預算數-金額>
　　　　　　<本年度預算數-百分比>0.32</本年度預算數-百分比>
　　　　　　<上年度預算數-金額>1151319</上年度預算數-金額>
　　　　　　<上年度預算數-百分比>0.43</上年度預算數-百分比>
　　　　　　<比較增減百分比>-25.56</比較增減百分比>
　　　　</ROW>
　　　　<ROW>
　　　　　　<SEQNO>29</SEQNO>
　　　　　　<LEVEL>2</LEVEL>
　　　　　　<BOLD>1</BOLD>
　　　　　　<前年度決算數-金額>382103539</前年度決算數-金額>
　　　　　　<前年度決算數-百分比>100.00</前年度決算數-百分比>
　　　　　　<科目>虧損之部</科目>
　　　　　　<本年度預算數-金額>403930403</本年度預算數-金額>
　　　　　　<本年度預算數-百分比>100.00</本年度預算數-百分比>
　　　　　　<上年度預算數-金額>412205784</上年度預算數-金額>
　　　　　　<上年度預算數-百分比>100.00</上年度預算數-百分比>
　　　　　　<比較增減百分比>-2.01</比較增減百分比>
　　　　</ROW>
　　　　<ROW>
　　　　　　<SEQNO>30</SEQNO>
　　　　　　<LEVEL>3</LEVEL>
　　　　　　<BOLD>0</BOLD>
　　　　　　<前年度決算數-金額>21438992</前年度決算數-金額>
　　　　　　<前年度決算數-百分比>5.61</前年度決算數-百分比>
　　　　　　<科目>本期淨損</科目>
　　　　　　<本年度預算數-金額>36659758</本年度預算數-金額>
　　　　　　<本年度預算數-百分比>9.08</本年度預算數-百分比>
　　　　　　<上年度預算數-金額>35087476</上年度預算數-金額>
　　　　　　<上年度預算數-百分比>8.51</上年度預算數-百分比>
　　　　　　<比較增減百分比>4.48</比較增減百分比>
　　　　</ROW>
　　　　<ROW>
　　　　　　<SEQNO>31</SEQNO>
　　　　　　<LEVEL>3</LEVEL>
　　　　　　<BOLD>0</BOLD>
　　　　　　<前年度決算數-金額>359962384</前年度決算數-金額>
　　　　　　<前年度決算數-百分比>94.21</前年度決算數-百分比>
　　　　　　<科目>累積虧損</科目>
　　　　　　<本年度預算數-金額>367112525</本年度預算數-金額>
　　　　　　<本年度預算數-百分比>90.89</本年度預算數-百分比>
　　　　　　<上年度預算數-金額>376436649</上年度預算數-金額>
　　　　　　<上年度預算數-百分比>91.32</上年度預算數-百分比>
　　　　　　<比較增減百分比>-2.48</比較增減百分比>
　　　　</ROW>
　　　　<ROW>
　　　　　　<SEQNO>32</SEQNO>
　　　　　　<LEVEL>3</LEVEL>
　　　　　　<BOLD>0</BOLD>
　　　　　　<前年度決算數-金額>0</前年度決算數-金額>
　　　　　　<前年度決算數-百分比>0</前年度決算數-百分比>
　　　　　　<科目>追溯適用及追溯重編之影響數</科目>
　　　　　　<本年度預算數-金額>158120</本年度預算數-金額>
　　　　　　<本年度預算數-百分比>0.04</本年度預算數-百分比>
　　　　　　<上年度預算數-金額>0</上年度預算數-金額>
　　　　　　<上年度預算數-百分比>0</上年度預算數-百分比>
　　　　　　<比較增減百分比>0</比較增減百分比>
　　　　</ROW>
　　　　<ROW>
　　　　　　<SEQNO>33</SEQNO>
　　　　　　<LEVEL>3</LEVEL>
　　　　　　<BOLD>0</BOLD>
　　　　　　<前年度決算數-金額>264540</前年度決算數-金額>
　　　　　　<前年度決算數-百分比>0.07</前年度決算數-百分比>
　　　　　　<科目>其他綜合損益轉入數</科目>
　　　　　　<本年度預算數-金額>0</本年度預算數-金額>
　　　　　　<本年度預算數-百分比>0</本年度預算數-百分比>
　　　　　　<上年度預算數-金額>681659</上年度預算數-金額>
　　　　　　<上年度預算數-百分比>0.17</上年度預算數-百分比>
　　　　　　<比較增減百分比>-100.00</比較增減百分比>
　　　　</ROW>
　　　　<ROW>
　　　　　　<SEQNO>34</SEQNO>
　　　　　　<LEVEL>3</LEVEL>
　　　　　　<BOLD>0</BOLD>
　　　　　　<前年度決算數-金額>437624</前年度決算數-金額>
　　　　　　<前年度決算數-百分比>0.11</前年度決算數-百分比>
　　　　　　<科目>首次採用國際財務報導準則調整數</科目>
　　　　　　<本年度預算數-金額>0</本年度預算數-金額>
　　　　　　<本年度預算數-百分比>0</本年度預算數-百分比>
　　　　　　<上年度預算數-金額>0</上年度預算數-金額>
　　　　　　<上年度預算數-百分比>0</上年度預算數-百分比>
　　　　　　<比較增減百分比>0</比較增減百分比>
　　　　</ROW>
　　　　<ROW>
　　　　　　<SEQNO>35</SEQNO>
　　　　　　<LEVEL>2</LEVEL>
　　　　　　<BOLD>1</BOLD>
　　　　　　<前年度決算數-金額>382103539</前年度決算數-金額>
　　　　　　<前年度決算數-百分比>100.00</前年度決算數-百分比>
　　　　　　<科目>填補之部</科目>
　　　　　　<本年度預算數-金額>403930403</本年度預算數-金額>
　　　　　　<本年度預算數-百分比>100.00</本年度預算數-百分比>
　　　　　　<上年度預算數-金額>412205784</上年度預算數-金額>
　　　　　　<上年度預算數-百分比>100.00</上年度預算數-百分比>
　　　　　　<比較增減百分比>-2.01</比較增減百分比>
　　　　</ROW>
　　　　<ROW>
　　　　　　<SEQNO>36</SEQNO>
　　　　　　<LEVEL>3</LEVEL>
　　　　　　<BOLD>0</BOLD>
　　　　　　<前年度決算數-金額>0</前年度決算數-金額>
　　　　　　<前年度決算數-百分比>0</前年度決算數-百分比>
　　　　　　<科目>中央政府負擔者</科目>
　　　　　　<本年度預算數-金額>0</本年度預算數-金額>
　　　　　　<本年度預算數-百分比>0</本年度預算數-百分比>
　　　　　　<上年度預算數-金額>0</上年度預算數-金額>
　　　　　　<上年度預算數-百分比>0</上年度預算數-百分比>
　　　　　　<比較增減百分比>0</比較增減百分比>
　　　　</ROW>
　　　　<ROW>
　　　　　　<SEQNO>37</SEQNO>
　　　　　　<LEVEL>4</LEVEL>
　　　　　　<BOLD>0</BOLD>
　　　　　　<前年度決算數-金額>0</前年度決算數-金額>
　　　　　　<前年度決算數-百分比>0</前年度決算數-百分比>
　　　　　　<科目>折減資本</科目>
　　　　　　<本年度預算數-金額>0</本年度預算數-金額>
　　　　　　<本年度預算數-百分比>0</本年度預算數-百分比>
　　　　　　<上年度預算數-金額>0</上年度預算數-金額>
　　　　　　<上年度預算數-百分比>0</上年度預算數-百分比>
　　　　　　<比較增減百分比>0</比較增減百分比>
　　　　</ROW>
　　　　<ROW>
　　　　　　<SEQNO>38</SEQNO>
　　　　　　<LEVEL>4</LEVEL>
　　　　　　<BOLD>0</BOLD>
　　　　　　<前年度決算數-金額>0</前年度決算數-金額>
　　　　　　<前年度決算數-百分比>0</前年度決算數-百分比>
　　　　　　<科目>出資填補</科目>
　　　　　　<本年度預算數-金額>0</本年度預算數-金額>
　　　　　　<本年度預算數-百分比>0</本年度預算數-百分比>
　　　　　　<上年度預算數-金額>0</上年度預算數-金額>
　　　　　　<上年度預算數-百分比>0</上年度預算數-百分比>
　　　　　　<比較增減百分比>0</比較增減百分比>
　　　　</ROW>
　　　　<ROW>
　　　　　　<SEQNO>39</SEQNO>
　　　　　　<LEVEL>3</LEVEL>
　　　　　　<BOLD>0</BOLD>
　　　　　　<前年度決算數-金額>0</前年度決算數-金額>
　　　　　　<前年度決算數-百分比>0</前年度決算數-百分比>
　　　　　　<科目>地方政府負擔者</科目>
　　　　　　<本年度預算數-金額>0</本年度預算數-金額>
　　　　　　<本年度預算數-百分比>0</本年度預算數-百分比>
　　　　　　<上年度預算數-金額>0</上年度預算數-金額>
　　　　　　<上年度預算數-百分比>0</上年度預算數-百分比>
　　　　　　<比較增減百分比>0</比較增減百分比>
　　　　</ROW>
　　　　<ROW>
　　　　　　<SEQNO>40</SEQNO>
　　　　　　<LEVEL>4</LEVEL>
　　　　　　<BOLD>0</BOLD>
　　　　　　<前年度決算數-金額>0</前年度決算數-金額>
　　　　　　<前年度決算數-百分比>0</前年度決算數-百分比>
　　　　　　<科目>折減資本</科目>
　　　　　　<本年度預算數-金額>0</本年度預算數-金額>
　　　　　　<本年度預算數-百分比>0</本年度預算數-百分比>
　　　　　　<上年度預算數-金額>0</上年度預算數-金額>
　　　　　　<上年度預算數-百分比>0</上年度預算數-百分比>
　　　　　　<比較增減百分比>0</比較增減百分比>
　　　　</ROW>
　　　　<ROW>
　　　　　　<SEQNO>41</SEQNO>
　　　　　　<LEVEL>4</LEVEL>
　　　　　　<BOLD>0</BOLD>
　　　　　　<前年度決算數-金額>0</前年度決算數-金額>
　　　　　　<前年度決算數-百分比>0</前年度決算數-百分比>
　　　　　　<科目>出資填補</科目>
　　　　　　<本年度預算數-金額>0</本年度預算數-金額>
　　　　　　<本年度預算數-百分比>0</本年度預算數-百分比>
　　　　　　<上年度預算數-金額>0</上年度預算數-金額>
　　　　　　<上年度預算數-百分比>0</上年度預算數-百分比>
　　　　　　<比較增減百分比>0</比較增減百分比>
　　　　</ROW>
　　　　<ROW>
　　　　　　<SEQNO>42</SEQNO>
　　　　　　<LEVEL>3</LEVEL>
　　　　　　<BOLD>0</BOLD>
　　　　　　<前年度決算數-金額>0</前年度決算數-金額>
　　　　　　<前年度決算數-百分比>0</前年度決算數-百分比>
　　　　　　<科目>轉投資機關負擔者</科目>
　　　　　　<本年度預算數-金額>0</本年度預算數-金額>
　　　　　　<本年度預算數-百分比>0</本年度預算數-百分比>
　　　　　　<上年度預算數-金額>0</上年度預算數-金額>
　　　　　　<上年度預算數-百分比>0</上年度預算數-百分比>
　　　　　　<比較增減百分比>0</比較增減百分比>
　　　　</ROW>
　　　　<ROW>
　　　　　　<SEQNO>43</SEQNO>
　　　　　　<LEVEL>4</LEVEL>
　　　　　　<BOLD>0</BOLD>
　　　　　　<前年度決算數-金額>0</前年度決算數-金額>
　　　　　　<前年度決算數-百分比>0</前年度決算數-百分比>
　　　　　　<科目>折減資本</科目>
　　　　　　<本年度預算數-金額>0</本年度預算數-金額>
　　　　　　<本年度預算數-百分比>0</本年度預算數-百分比>
　　　　　　<上年度預算數-金額>0</上年度預算數-金額>
　　　　　　<上年度預算數-百分比>0</上年度預算數-百分比>
　　　　　　<比較增減百分比>0</比較增減百分比>
　　　　</ROW>
　　　　<ROW>
　　　　　　<SEQNO>44</SEQNO>
　　　　　　<LEVEL>4</LEVEL>
　　　　　　<BOLD>0</BOLD>
　　　　　　<前年度決算數-金額>0</前年度決算數-金額>
　　　　　　<前年度決算數-百分比>0</前年度決算數-百分比>
　　　　　　<科目>出資填補</科目>
　　　　　　<本年度預算數-金額>0</本年度預算數-金額>
　　　　　　<本年度預算數-百分比>0</本年度預算數-百分比>
　　　　　　<上年度預算數-金額>0</上年度預算數-金額>
　　　　　　<上年度預算數-百分比>0</上年度預算數-百分比>
　　　　　　<比較增減百分比>0</比較增減百分比>
　　　　</ROW>
　　　　<ROW>
　　　　　　<SEQNO>45</SEQNO>
　　　　　　<LEVEL>3</LEVEL>
　　　　　　<BOLD>0</BOLD>
　　　　　　<前年度決算數-金額>0</前年度決算數-金額>
　　　　　　<前年度決算數-百分比>0</前年度決算數-百分比>
　　　　　　<科目>其他政府機關負擔者</科目>
　　　　　　<本年度預算數-金額>0</本年度預算數-金額>
　　　　　　<本年度預算數-百分比>0</本年度預算數-百分比>
　　　　　　<上年度預算數-金額>0</上年度預算數-金額>
　　　　　　<上年度預算數-百分比>0</上年度預算數-百分比>
　　　　　　<比較增減百分比>0</比較增減百分比>
　　　　</ROW>
　　　　<ROW>
　　　　　　<SEQNO>46</SEQNO>
　　　　　　<LEVEL>4</LEVEL>
　　　　　　<BOLD>0</BOLD>
　　　　　　<前年度決算數-金額>0</前年度決算數-金額>
　　　　　　<前年度決算數-百分比>0</前年度決算數-百分比>
　　　　　　<科目>折減資本</科目>
　　　　　　<本年度預算數-金額>0</本年度預算數-金額>
　　　　　　<本年度預算數-百分比>0</本年度預算數-百分比>
　　　　　　<上年度預算數-金額>0</上年度預算數-金額>
　　　　　　<上年度預算數-百分比>0</上年度預算數-百分比>
　　　　　　<比較增減百分比>0</比較增減百分比>
　　　　</ROW>
　　　　<ROW>
　　　　　　<SEQNO>47</SEQNO>
　　　　　　<LEVEL>4</LEVEL>
　　　　　　<BOLD>0</BOLD>
　　　　　　<前年度決算數-金額>0</前年度決算數-金額>
　　　　　　<前年度決算數-百分比>0</前年度決算數-百分比>
　　　　　　<科目>出資填補</科目>
　　　　　　<本年度預算數-金額>0</本年度預算數-金額>
　　　　　　<本年度預算數-百分比>0</本年度預算數-百分比>
　　　　　　<上年度預算數-金額>0</上年度預算數-金額>
　　　　　　<上年度預算數-百分比>0</上年度預算數-百分比>
　　　　　　<比較增減百分比>0</比較增減百分比>
　　　　</ROW>
　　　　<ROW>
　　　　　　<SEQNO>48</SEQNO>
　　　　　　<LEVEL>3</LEVEL>
　　　　　　<BOLD>0</BOLD>
　　　　　　<前年度決算數-金額>0</前年度決算數-金額>
　　　　　　<前年度決算數-百分比>0</前年度決算數-百分比>
　　　　　　<科目>民股股東負擔者</科目>
　　　　　　<本年度預算數-金額>0</本年度預算數-金額>
　　　　　　<本年度預算數-百分比>0</本年度預算數-百分比>
　　　　　　<上年度預算數-金額>0</上年度預算數-金額>
　　　　　　<上年度預算數-百分比>0</上年度預算數-百分比>
　　　　　　<比較增減百分比>0</比較增減百分比>
　　　　</ROW>
　　　　<ROW>
　　　　　　<SEQNO>49</SEQNO>
　　　　　　<LEVEL>4</LEVEL>
　　　　　　<BOLD>0</BOLD>
　　　　　　<前年度決算數-金額>0</前年度決算數-金額>
　　　　　　<前年度決算數-百分比>0</前年度決算數-百分比>
　　　　　　<科目>折減資本</科目>
　　　　　　<本年度預算數-金額>0</本年度預算數-金額>
　　　　　　<本年度預算數-百分比>0</本年度預算數-百分比>
　　　　　　<上年度預算數-金額>0</上年度預算數-金額>
　　　　　　<上年度預算數-百分比>0</上年度預算數-百分比>
　　　　　　<比較增減百分比>0</比較增減百分比>
　　　　</ROW>
　　　　<ROW>
　　　　　　<SEQNO>50</SEQNO>
　　　　　　<LEVEL>4</LEVEL>
　　　　　　<BOLD>0</BOLD>
　　　　　　<前年度決算數-金額>0</前年度決算數-金額>
　　　　　　<前年度決算數-百分比>0</前年度決算數-百分比>
　　　　　　<科目>出資填補</科目>
　　　　　　<本年度預算數-金額>0</本年度預算數-金額>
　　　　　　<本年度預算數-百分比>0</本年度預算數-百分比>
　　　　　　<上年度預算數-金額>0</上年度預算數-金額>
　　　　　　<上年度預算數-百分比>0</上年度預算數-百分比>
　　　　　　<比較增減百分比>0</比較增減百分比>
　　　　</ROW>
　　　　<ROW>
　　　　　　<SEQNO>51</SEQNO>
　　　　　　<LEVEL>3</LEVEL>
　　　　　　<BOLD>0</BOLD>
　　　　　　<前年度決算數-金額>382103539</前年度決算數-金額>
　　　　　　<前年度決算數-百分比>100.00</前年度決算數-百分比>
　　　　　　<科目>事業機關負擔者</科目>
　　　　　　<本年度預算數-金額>403930403</本年度預算數-金額>
　　　　　　<本年度預算數-百分比>100.00</本年度預算數-百分比>
　　　　　　<上年度預算數-金額>412205784</上年度預算數-金額>
　　　　　　<上年度預算數-百分比>100.00</上年度預算數-百分比>
　　　　　　<比較增減百分比>-2.01</比較增減百分比>
　　　　</ROW>
　　　　<ROW>
　　　　　　<SEQNO>52</SEQNO>
　　　　　　<LEVEL>4</LEVEL>
　　　　　　<BOLD>0</BOLD>
　　　　　　<前年度決算數-金額>7104348</前年度決算數-金額>
　　　　　　<前年度決算數-百分比>1.86</前年度決算數-百分比>
　　　　　　<科目>撥用盈餘</科目>
　　　　　　<本年度預算數-金額>12771739</本年度預算數-金額>
　　　　　　<本年度預算數-百分比>3.16</本年度預算數-百分比>
　　　　　　<上年度預算數-金額>16125885</上年度預算數-金額>
　　　　　　<上年度預算數-百分比>3.91</上年度預算數-百分比>
　　　　　　<比較增減百分比>-20.80</比較增減百分比>
　　　　</ROW>
　　　　<ROW>
　　　　　　<SEQNO>53</SEQNO>
　　　　　　<LEVEL>4</LEVEL>
　　　　　　<BOLD>0</BOLD>
　　　　　　<前年度決算數-金額>0</前年度決算數-金額>
　　　　　　<前年度決算數-百分比>0</前年度決算數-百分比>
　　　　　　<科目>撥用法定公積</科目>
　　　　　　<本年度預算數-金額>0</本年度預算數-金額>
　　　　　　<本年度預算數-百分比>0</本年度預算數-百分比>
　　　　　　<上年度預算數-金額>0</上年度預算數-金額>
　　　　　　<上年度預算數-百分比>0</上年度預算數-百分比>
　　　　　　<比較增減百分比>0</比較增減百分比>
　　　　</ROW>
　　　　<ROW>
　　　　　　<SEQNO>54</SEQNO>
　　　　　　<LEVEL>4</LEVEL>
　　　　　　<BOLD>0</BOLD>
　　　　　　<前年度決算數-金額>0</前年度決算數-金額>
　　　　　　<前年度決算數-百分比>0</前年度決算數-百分比>
　　　　　　<科目>撥用特別公積</科目>
　　　　　　<本年度預算數-金額>0</本年度預算數-金額>
　　　　　　<本年度預算數-百分比>0</本年度預算數-百分比>
　　　　　　<上年度預算數-金額>0</上年度預算數-金額>
　　　　　　<上年度預算數-百分比>0</上年度預算數-百分比>
　　　　　　<比較增減百分比>0</比較增減百分比>
　　　　</ROW>
　　　　<ROW>
　　　　　　<SEQNO>55</SEQNO>
　　　　　　<LEVEL>4</LEVEL>
　　　　　　<BOLD>0</BOLD>
　　　　　　<前年度決算數-金額>0</前年度決算數-金額>
　　　　　　<前年度決算數-百分比>0</前年度決算數-百分比>
　　　　　　<科目>撥用資本公積</科目>
　　　　　　<本年度預算數-金額>0</本年度預算數-金額>
　　　　　　<本年度預算數-百分比>0</本年度預算數-百分比>
　　　　　　<上年度預算數-金額>0</上年度預算數-金額>
　　　　　　<上年度預算數-百分比>0</上年度預算數-百分比>
　　　　　　<比較增減百分比>0</比較增減百分比>
　　　　</ROW>
　　　　<ROW>
　　　　　　<SEQNO>56</SEQNO>
　　　　　　<LEVEL>4</LEVEL>
　　　　　　<BOLD>0</BOLD>
　　　　　　<前年度決算數-金額>374999191</前年度決算數-金額>
　　　　　　<前年度決算數-百分比>98.14</前年度決算數-百分比>
　　　　　　<科目>待填補之虧損</科目>
　　　　　　<本年度預算數-金額>391158664</本年度預算數-金額>
　　　　　　<本年度預算數-百分比>96.84</本年度預算數-百分比>
　　　　　　<上年度預算數-金額>396079899</上年度預算數-金額>
　　　　　　<上年度預算數-百分比>96.09</上年度預算數-百分比>
　　　　　　<比較增減百分比>-1.24</比較增減百分比>
　　　　</ROW>
　　</DataSet>
</GenericData>

