<?xml version="1.0" encoding="UTF-8"?>
<GenericData>
　　<Header>
　　　　<Table Id="FNWXBREMAIN" Name="附屬單位預算(營業部分)盈虧撥補綜計表（依撥補項目分列）" Domain="PBA" />
　　　　<Program Id="PBAGR070_D" />
　　　　<Sender Name="營業基金" />
　　　　<報表名稱>附屬單位預算(營業部分)盈虧撥補綜計表（依撥補項目分列）</報表名稱>
　　　　<年度>106</年度>
　　　　<基金>營業基金</基金>
　　　　<階段>預算案</階段>
　　　　<版本>1</版本>
　　　　<單位>新臺幣千元</單位>
　　</Header>
　　<DataSet>
　　　　<ROW>
　　　　　　<SEQNO>1</SEQNO>
　　　　　　<LEVEL>02</LEVEL>
　　　　　　<BOLD>1</BOLD>
　　　　　　<前年度決算數-金額>418865643</前年度決算數-金額>
　　　　　　<前年度決算數-百分比>100</前年度決算數-百分比>
　　　　　　<科目>盈餘之部</科目>
　　　　　　<本年度預算數-金額>288206653</本年度預算數-金額>
　　　　　　<本年度預算數-百分比>100</本年度預算數-百分比>
　　　　　　<上年度預算數-金額>282076673</上年度預算數-金額>
　　　　　　<上年度預算數-百分比>100</上年度預算數-百分比>
　　　　　　<比較增減百分比>2.17</比較增減百分比>
　　　　</ROW>
　　　　<ROW>
　　　　　　<SEQNO>2</SEQNO>
　　　　　　<LEVEL>03</LEVEL>
　　　　　　<BOLD>0</BOLD>
　　　　　　<前年度決算數-金額>352593344</前年度決算數-金額>
　　　　　　<前年度決算數-百分比>84.18</前年度決算數-百分比>
　　　　　　<科目>本期淨利</科目>
　　　　　　<本年度預算數-金額>220411803</本年度預算數-金額>
　　　　　　<本年度預算數-百分比>76.48</本年度預算數-百分比>
　　　　　　<上年度預算數-金額>219149019</上年度預算數-金額>
　　　　　　<上年度預算數-百分比>77.69</上年度預算數-百分比>
　　　　　　<比較增減百分比>0.58</比較增減百分比>
　　　　</ROW>
　　　　<ROW>
　　　　　　<SEQNO>3</SEQNO>
　　　　　　<LEVEL>03</LEVEL>
　　　　　　<BOLD>0</BOLD>
　　　　　　<前年度決算數-金額>61678236</前年度決算數-金額>
　　　　　　<前年度決算數-百分比>14.73</前年度決算數-百分比>
　　　　　　<科目>累積盈餘</科目>
　　　　　　<本年度預算數-金額>66424137</本年度預算數-金額>
　　　　　　<本年度預算數-百分比>23.05</本年度預算數-百分比>
　　　　　　<上年度預算數-金額>60694842</上年度預算數-金額>
　　　　　　<上年度預算數-百分比>21.52</上年度預算數-百分比>
　　　　　　<比較增減百分比>9.44</比較增減百分比>
　　　　</ROW>
　　　　<ROW>
　　　　　　<SEQNO>4</SEQNO>
　　　　　　<LEVEL>03</LEVEL>
　　　　　　<BOLD>0</BOLD>
　　　　　　<前年度決算數-金額>0</前年度決算數-金額>
　　　　　　<前年度決算數-百分比>0</前年度決算數-百分比>
　　　　　　<科目>追溯適用及追溯重編之影響數</科目>
　　　　　　<本年度預算數-金額>0</本年度預算數-金額>
　　　　　　<本年度預算數-百分比>0</本年度預算數-百分比>
　　　　　　<上年度預算數-金額>0</上年度預算數-金額>
　　　　　　<上年度預算數-百分比>0</上年度預算數-百分比>
　　　　　　<比較增減百分比>0</比較增減百分比>
　　　　</ROW>
　　　　<ROW>
　　　　　　<SEQNO>5</SEQNO>
　　　　　　<LEVEL>03</LEVEL>
　　　　　　<BOLD>0</BOLD>
　　　　　　<前年度決算數-金額>400000</前年度決算數-金額>
　　　　　　<前年度決算數-百分比>0.10</前年度決算數-百分比>
　　　　　　<科目>公積轉列數</科目>
　　　　　　<本年度預算數-金額>0</本年度預算數-金額>
　　　　　　<本年度預算數-百分比>0</本年度預算數-百分比>
　　　　　　<上年度預算數-金額>0</上年度預算數-金額>
　　　　　　<上年度預算數-百分比>0</上年度預算數-百分比>
　　　　　　<比較增減百分比>0</比較增減百分比>
　　　　</ROW>
　　　　<ROW>
　　　　　　<SEQNO>6</SEQNO>
　　　　　　<LEVEL>03</LEVEL>
　　　　　　<BOLD>0</BOLD>
　　　　　　<前年度決算數-金額>0</前年度決算數-金額>
　　　　　　<前年度決算數-百分比>0</前年度決算數-百分比>
　　　　　　<科目>出售庫藏股票損失</科目>
　　　　　　<本年度預算數-金額>0</本年度預算數-金額>
　　　　　　<本年度預算數-百分比>0</本年度預算數-百分比>
　　　　　　<上年度預算數-金額>0</上年度預算數-金額>
　　　　　　<上年度預算數-百分比>0</上年度預算數-百分比>
　　　　　　<比較增減百分比>0</比較增減百分比>
　　　　</ROW>
　　　　<ROW>
　　　　　　<SEQNO>7</SEQNO>
　　　　　　<LEVEL>03</LEVEL>
　　　　　　<BOLD>0</BOLD>
　　　　　　<前年度決算數-金額>141258</前年度決算數-金額>
　　　　　　<前年度決算數-百分比>0.03</前年度決算數-百分比>
　　　　　　<科目>其他綜合損益轉入數</科目>
　　　　　　<本年度預算數-金額>0</本年度預算數-金額>
　　　　　　<本年度預算數-百分比>0</本年度預算數-百分比>
　　　　　　<上年度預算數-金額>0</上年度預算數-金額>
　　　　　　<上年度預算數-百分比>0</上年度預算數-百分比>
　　　　　　<比較增減百分比>0</比較增減百分比>
　　　　</ROW>
　　　　<ROW>
　　　　　　<SEQNO>8</SEQNO>
　　　　　　<LEVEL>03</LEVEL>
　　　　　　<BOLD>0</BOLD>
　　　　　　<前年度決算數-金額>4052804</前年度決算數-金額>
　　　　　　<前年度決算數-百分比>0.97</前年度決算數-百分比>
　　　　　　<科目>首次採用國際財務報導準則調整數轉列數</科目>
　　　　　　<本年度預算數-金額>1370713</本年度預算數-金額>
　　　　　　<本年度預算數-百分比>0.48</本年度預算數-百分比>
　　　　　　<上年度預算數-金額>2232812</上年度預算數-金額>
　　　　　　<上年度預算數-百分比>0.79</上年度預算數-百分比>
　　　　　　<比較增減百分比>-38.61</比較增減百分比>
　　　　</ROW>
　　　　<ROW>
　　　　　　<SEQNO>9</SEQNO>
　　　　　　<LEVEL>02</LEVEL>
　　　　　　<BOLD>1</BOLD>
　　　　　　<前年度決算數-金額>418865643</前年度決算數-金額>
　　　　　　<前年度決算數-百分比>100</前年度決算數-百分比>
　　　　　　<科目>分配之部</科目>
　　　　　　<本年度預算數-金額>288206653</本年度預算數-金額>
　　　　　　<本年度預算數-百分比>100</本年度預算數-百分比>
　　　　　　<上年度預算數-金額>282076673</上年度預算數-金額>
　　　　　　<上年度預算數-百分比>100</上年度預算數-百分比>
　　　　　　<比較增減百分比>2.17</比較增減百分比>
　　　　</ROW>
　　　　<ROW>
　　　　　　<SEQNO>10</SEQNO>
　　　　　　<LEVEL>03</LEVEL>
　　　　　　<BOLD>1</BOLD>
　　　　　　<前年度決算數-金額>211941475</前年度決算數-金額>
　　　　　　<前年度決算數-百分比>50.60</前年度決算數-百分比>
　　　　　　<科目>中央政府所得者</科目>
　　　　　　<本年度預算數-金額>198663829</本年度預算數-金額>
　　　　　　<本年度預算數-百分比>68.93</本年度預算數-百分比>
　　　　　　<上年度預算數-金額>201758288</上年度預算數-金額>
　　　　　　<上年度預算數-百分比>71.53</上年度預算數-百分比>
　　　　　　<比較增減百分比>-1.53</比較增減百分比>
　　　　</ROW>
　　　　<ROW>
　　　　　　<SEQNO>11</SEQNO>
　　　　　　<LEVEL>04</LEVEL>
　　　　　　<BOLD>1</BOLD>
　　　　　　<前年度決算數-金額>211941475</前年度決算數-金額>
　　　　　　<前年度決算數-百分比>50.60</前年度決算數-百分比>
　　　　　　<科目>股（官）息紅利</科目>
　　　　　　<本年度預算數-金額>198663829</本年度預算數-金額>
　　　　　　<本年度預算數-百分比>68.93</本年度預算數-百分比>
　　　　　　<上年度預算數-金額>201758288</上年度預算數-金額>
　　　　　　<上年度預算數-百分比>71.53</上年度預算數-百分比>
　　　　　　<比較增減百分比>-1.53</比較增減百分比>
　　　　</ROW>
　　　　<ROW>
　　　　　　<SEQNO>12</SEQNO>
　　　　　　<LEVEL>03</LEVEL>
　　　　　　<BOLD>1</BOLD>
　　　　　　<前年度決算數-金額>104</前年度決算數-金額>
　　　　　　<前年度決算數-百分比>0.00</前年度決算數-百分比>
　　　　　　<科目>地方政府所得者</科目>
　　　　　　<本年度預算數-金額>24</本年度預算數-金額>
　　　　　　<本年度預算數-百分比>0.00</本年度預算數-百分比>
　　　　　　<上年度預算數-金額>30</上年度預算數-金額>
　　　　　　<上年度預算數-百分比>0.00</上年度預算數-百分比>
　　　　　　<比較增減百分比>-20.00</比較增減百分比>
　　　　</ROW>
　　　　<ROW>
　　　　　　<SEQNO>13</SEQNO>
　　　　　　<LEVEL>04</LEVEL>
　　　　　　<BOLD>1</BOLD>
　　　　　　<前年度決算數-金額>104</前年度決算數-金額>
　　　　　　<前年度決算數-百分比>0.00</前年度決算數-百分比>
　　　　　　<科目>股（官）息紅利</科目>
　　　　　　<本年度預算數-金額>24</本年度預算數-金額>
　　　　　　<本年度預算數-百分比>0.00</本年度預算數-百分比>
　　　　　　<上年度預算數-金額>30</上年度預算數-金額>
　　　　　　<上年度預算數-百分比>0.00</上年度預算數-百分比>
　　　　　　<比較增減百分比>-20.00</比較增減百分比>
　　　　</ROW>
　　　　<ROW>
　　　　　　<SEQNO>14</SEQNO>
　　　　　　<LEVEL>03</LEVEL>
　　　　　　<BOLD>1</BOLD>
　　　　　　<前年度決算數-金額>0</前年度決算數-金額>
　　　　　　<前年度決算數-百分比>0</前年度決算數-百分比>
　　　　　　<科目>轉投資機關所得者</科目>
　　　　　　<本年度預算數-金額>0</本年度預算數-金額>
　　　　　　<本年度預算數-百分比>0</本年度預算數-百分比>
　　　　　　<上年度預算數-金額>0</上年度預算數-金額>
　　　　　　<上年度預算數-百分比>0</上年度預算數-百分比>
　　　　　　<比較增減百分比>0</比較增減百分比>
　　　　</ROW>
　　　　<ROW>
　　　　　　<SEQNO>15</SEQNO>
　　　　　　<LEVEL>04</LEVEL>
　　　　　　<BOLD>1</BOLD>
　　　　　　<前年度決算數-金額>0</前年度決算數-金額>
　　　　　　<前年度決算數-百分比>0</前年度決算數-百分比>
　　　　　　<科目>股（官）息紅利</科目>
　　　　　　<本年度預算數-金額>0</本年度預算數-金額>
　　　　　　<本年度預算數-百分比>0</本年度預算數-百分比>
　　　　　　<上年度預算數-金額>0</上年度預算數-金額>
　　　　　　<上年度預算數-百分比>0</上年度預算數-百分比>
　　　　　　<比較增減百分比>0</比較增減百分比>
　　　　</ROW>
　　　　<ROW>
　　　　　　<SEQNO>16</SEQNO>
　　　　　　<LEVEL>03</LEVEL>
　　　　　　<BOLD>1</BOLD>
　　　　　　<前年度決算數-金額>481213</前年度決算數-金額>
　　　　　　<前年度決算數-百分比>0.11</前年度決算數-百分比>
　　　　　　<科目>其他政府機關所得者</科目>
　　　　　　<本年度預算數-金額>112283</本年度預算數-金額>
　　　　　　<本年度預算數-百分比>0.04</本年度預算數-百分比>
　　　　　　<上年度預算數-金額>182599</上年度預算數-金額>
　　　　　　<上年度預算數-百分比>0.06</上年度預算數-百分比>
　　　　　　<比較增減百分比>-38.51</比較增減百分比>
　　　　</ROW>
　　　　<ROW>
　　　　　　<SEQNO>17</SEQNO>
　　　　　　<LEVEL>04</LEVEL>
　　　　　　<BOLD>1</BOLD>
　　　　　　<前年度決算數-金額>481213</前年度決算數-金額>
　　　　　　<前年度決算數-百分比>0.11</前年度決算數-百分比>
　　　　　　<科目>股（官）息紅利</科目>
　　　　　　<本年度預算數-金額>112283</本年度預算數-金額>
　　　　　　<本年度預算數-百分比>0.04</本年度預算數-百分比>
　　　　　　<上年度預算數-金額>182599</上年度預算數-金額>
　　　　　　<上年度預算數-百分比>0.06</上年度預算數-百分比>
　　　　　　<比較增減百分比>-38.51</比較增減百分比>
　　　　</ROW>
　　　　<ROW>
　　　　　　<SEQNO>18</SEQNO>
　　　　　　<LEVEL>03</LEVEL>
　　　　　　<BOLD>1</BOLD>
　　　　　　<前年度決算數-金額>531756</前年度決算數-金額>
　　　　　　<前年度決算數-百分比>0.13</前年度決算數-百分比>
　　　　　　<科目>民股股東所得者</科目>
　　　　　　<本年度預算數-金額>1454426</本年度預算數-金額>
　　　　　　<本年度預算數-百分比>0.50</本年度預算數-百分比>
　　　　　　<上年度預算數-金額>1489349</上年度預算數-金額>
　　　　　　<上年度預算數-百分比>0.53</上年度預算數-百分比>
　　　　　　<比較增減百分比>-2.34</比較增減百分比>
　　　　</ROW>
　　　　<ROW>
　　　　　　<SEQNO>19</SEQNO>
　　　　　　<LEVEL>04</LEVEL>
　　　　　　<BOLD>1</BOLD>
　　　　　　<前年度決算數-金額>531756</前年度決算數-金額>
　　　　　　<前年度決算數-百分比>0.13</前年度決算數-百分比>
　　　　　　<科目>股息紅利</科目>
　　　　　　<本年度預算數-金額>1454426</本年度預算數-金額>
　　　　　　<本年度預算數-百分比>0.50</本年度預算數-百分比>
　　　　　　<上年度預算數-金額>1489349</上年度預算數-金額>
　　　　　　<上年度預算數-百分比>0.53</上年度預算數-百分比>
　　　　　　<比較增減百分比>-2.34</比較增減百分比>
　　　　</ROW>
　　　　<ROW>
　　　　　　<SEQNO>20</SEQNO>
　　　　　　<LEVEL>03</LEVEL>
　　　　　　<BOLD>1</BOLD>
　　　　　　<前年度決算數-金額>5941686</前年度決算數-金額>
　　　　　　<前年度決算數-百分比>1.42</前年度決算數-百分比>
　　　　　　<科目>其他所得者</科目>
　　　　　　<本年度預算數-金額>5658261</本年度預算數-金額>
　　　　　　<本年度預算數-百分比>1.96</本年度預算數-百分比>
　　　　　　<上年度預算數-金額>5469958</上年度預算數-金額>
　　　　　　<上年度預算數-百分比>1.94</上年度預算數-百分比>
　　　　　　<比較增減百分比>3.44</比較增減百分比>
　　　　</ROW>
　　　　<ROW>
　　　　　　<SEQNO>21</SEQNO>
　　　　　　<LEVEL>04</LEVEL>
　　　　　　<BOLD>1</BOLD>
　　　　　　<前年度決算數-金額>1480967</前年度決算數-金額>
　　　　　　<前年度決算數-百分比>0.35</前年度決算數-百分比>
　　　　　　<科目>提撥地方政府</科目>
　　　　　　<本年度預算數-金額>1491336</本年度預算數-金額>
　　　　　　<本年度預算數-百分比>0.52</本年度預算數-百分比>
　　　　　　<上年度預算數-金額>1451580</上年度預算數-金額>
　　　　　　<上年度預算數-百分比>0.51</上年度預算數-百分比>
　　　　　　<比較增減百分比>2.74</比較增減百分比>
　　　　</ROW>
　　　　<ROW>
　　　　　　<SEQNO>22</SEQNO>
　　　　　　<LEVEL>04</LEVEL>
　　　　　　<BOLD>1</BOLD>
　　　　　　<前年度決算數-金額>4460719</前年度決算數-金額>
　　　　　　<前年度決算數-百分比>1.06</前年度決算數-百分比>
　　　　　　<科目>其他依法分配數</科目>
　　　　　　<本年度預算數-金額>4166925</本年度預算數-金額>
　　　　　　<本年度預算數-百分比>1.45</本年度預算數-百分比>
　　　　　　<上年度預算數-金額>4018378</上年度預算數-金額>
　　　　　　<上年度預算數-百分比>1.42</上年度預算數-百分比>
　　　　　　<比較增減百分比>3.70</比較增減百分比>
　　　　</ROW>
　　　　<ROW>
　　　　　　<SEQNO>23</SEQNO>
　　　　　　<LEVEL>03</LEVEL>
　　　　　　<BOLD>1</BOLD>
　　　　　　<前年度決算數-金額>199969409</前年度決算數-金額>
　　　　　　<前年度決算數-百分比>47.74</前年度決算數-百分比>
　　　　　　<科目>留存事業機關者</科目>
　　　　　　<本年度預算數-金額>82317830</本年度預算數-金額>
　　　　　　<本年度預算數-百分比>28.56</本年度預算數-百分比>
　　　　　　<上年度預算數-金額>73176449</上年度預算數-金額>
　　　　　　<上年度預算數-百分比>25.94</上年度預算數-百分比>
　　　　　　<比較增減百分比>12.49</比較增減百分比>
　　　　</ROW>
　　　　<ROW>
　　　　　　<SEQNO>24</SEQNO>
　　　　　　<LEVEL>04</LEVEL>
　　　　　　<BOLD>1</BOLD>
　　　　　　<前年度決算數-金額>68871693</前年度決算數-金額>
　　　　　　<前年度決算數-百分比>16.44</前年度決算數-百分比>
　　　　　　<科目>填補虧損</科目>
　　　　　　<本年度預算數-金額>25520518</本年度預算數-金額>
　　　　　　<本年度預算數-百分比>8.85</本年度預算數-百分比>
　　　　　　<上年度預算數-金額>24506558</上年度預算數-金額>
　　　　　　<上年度預算數-百分比>8.69</上年度預算數-百分比>
　　　　　　<比較增減百分比>4.14</比較增減百分比>
　　　　</ROW>
　　　　<ROW>
　　　　　　<SEQNO>25</SEQNO>
　　　　　　<LEVEL>04</LEVEL>
　　　　　　<BOLD>1</BOLD>
　　　　　　<前年度決算數-金額>0</前年度決算數-金額>
　　　　　　<前年度決算數-百分比>0</前年度決算數-百分比>
　　　　　　<科目>資本公積</科目>
　　　　　　<本年度預算數-金額>0</本年度預算數-金額>
　　　　　　<本年度預算數-百分比>0</本年度預算數-百分比>
　　　　　　<上年度預算數-金額>0</上年度預算數-金額>
　　　　　　<上年度預算數-百分比>0</上年度預算數-百分比>
　　　　　　<比較增減百分比>0</比較增減百分比>
　　　　</ROW>
　　　　<ROW>
　　　　　　<SEQNO>26</SEQNO>
　　　　　　<LEVEL>04</LEVEL>
　　　　　　<BOLD>1</BOLD>
　　　　　　<前年度決算數-金額>54534023</前年度決算數-金額>
　　　　　　<前年度決算數-百分比>13.02</前年度決算數-百分比>
　　　　　　<科目>法定公積</科目>
　　　　　　<本年度預算數-金額>37576748</本年度預算數-金額>
　　　　　　<本年度預算數-百分比>13.04</本年度預算數-百分比>
　　　　　　<上年度預算數-金額>37462506</上年度預算數-金額>
　　　　　　<上年度預算數-百分比>13.28</上年度預算數-百分比>
　　　　　　<比較增減百分比>0.30</比較增減百分比>
　　　　</ROW>
　　　　<ROW>
　　　　　　<SEQNO>27</SEQNO>
　　　　　　<LEVEL>04</LEVEL>
　　　　　　<BOLD>1</BOLD>
　　　　　　<前年度決算數-金額>11425508</前年度決算數-金額>
　　　　　　<前年度決算數-百分比>2.73</前年度決算數-百分比>
　　　　　　<科目>特別公積</科目>
　　　　　　<本年度預算數-金額>8358856</本年度預算數-金額>
　　　　　　<本年度預算數-百分比>2.90</本年度預算數-百分比>
　　　　　　<上年度預算數-金額>8682751</上年度預算數-金額>
　　　　　　<上年度預算數-百分比>3.08</上年度預算數-百分比>
　　　　　　<比較增減百分比>-3.73</比較增減百分比>
　　　　</ROW>
　　　　<ROW>
　　　　　　<SEQNO>28</SEQNO>
　　　　　　<LEVEL>04</LEVEL>
　　　　　　<BOLD>1</BOLD>
　　　　　　<前年度決算數-金額>65138184</前年度決算數-金額>
　　　　　　<前年度決算數-百分比>15.55</前年度決算數-百分比>
　　　　　　<科目>未分配盈餘</科目>
　　　　　　<本年度預算數-金額>10861708</本年度預算數-金額>
　　　　　　<本年度預算數-百分比>3.77</本年度預算數-百分比>
　　　　　　<上年度預算數-金額>2524634</上年度預算數-金額>
　　　　　　<上年度預算數-百分比>0.90</上年度預算數-百分比>
　　　　　　<比較增減百分比>330.23</比較增減百分比>
　　　　</ROW>
　　　　<ROW>
　　　　　　<SEQNO>29</SEQNO>
　　　　　　<LEVEL>02</LEVEL>
　　　　　　<BOLD>1</BOLD>
　　　　　　<前年度決算數-金額>422052473</前年度決算數-金額>
　　　　　　<前年度決算數-百分比>100</前年度決算數-百分比>
　　　　　　<科目>虧損之部</科目>
　　　　　　<本年度預算數-金額>319364677</本年度預算數-金額>
　　　　　　<本年度預算數-百分比>100</本年度預算數-百分比>
　　　　　　<上年度預算數-金額>370563266</上年度預算數-金額>
　　　　　　<上年度預算數-百分比>100</上年度預算數-百分比>
　　　　　　<比較增減百分比>-13.82</比較增減百分比>
　　　　</ROW>
　　　　<ROW>
　　　　　　<SEQNO>30</SEQNO>
　　　　　　<LEVEL>03</LEVEL>
　　　　　　<BOLD>0</BOLD>
　　　　　　<前年度決算數-金額>5957611</前年度決算數-金額>
　　　　　　<前年度決算數-百分比>1.41</前年度決算數-百分比>
　　　　　　<科目>本期淨損</科目>
　　　　　　<本年度預算數-金額>4421546</本年度預算數-金額>
　　　　　　<本年度預算數-百分比>1.38</本年度預算數-百分比>
　　　　　　<上年度預算數-金額>5366973</上年度預算數-金額>
　　　　　　<上年度預算數-百分比>1.45</上年度預算數-百分比>
　　　　　　<比較增減百分比>-17.62</比較增減百分比>
　　　　</ROW>
　　　　<ROW>
　　　　　　<SEQNO>31</SEQNO>
　　　　　　<LEVEL>03</LEVEL>
　　　　　　<BOLD>0</BOLD>
　　　　　　<前年度決算數-金額>399660456</前年度決算數-金額>
　　　　　　<前年度決算數-百分比>94.69</前年度決算數-百分比>
　　　　　　<科目>累積虧損</科目>
　　　　　　<本年度預算數-金額>314443633</本年度預算數-金額>
　　　　　　<本年度預算數-百分比>98.46</本年度預算數-百分比>
　　　　　　<上年度預算數-金額>365196293</上年度預算數-金額>
　　　　　　<上年度預算數-百分比>98.55</上年度預算數-百分比>
　　　　　　<比較增減百分比>-13.90</比較增減百分比>
　　　　</ROW>
　　　　<ROW>
　　　　　　<SEQNO>32</SEQNO>
　　　　　　<LEVEL>03</LEVEL>
　　　　　　<BOLD>0</BOLD>
　　　　　　<前年度決算數-金額>1750027</前年度決算數-金額>
　　　　　　<前年度決算數-百分比>0.41</前年度決算數-百分比>
　　　　　　<科目>追溯適用及追溯重編之影響數</科目>
　　　　　　<本年度預算數-金額>0</本年度預算數-金額>
　　　　　　<本年度預算數-百分比>0</本年度預算數-百分比>
　　　　　　<上年度預算數-金額>0</上年度預算數-金額>
　　　　　　<上年度預算數-百分比>0</上年度預算數-百分比>
　　　　　　<比較增減百分比>0</比較增減百分比>
　　　　</ROW>
　　　　<ROW>
　　　　　　<SEQNO>33</SEQNO>
　　　　　　<LEVEL>03</LEVEL>
　　　　　　<BOLD>0</BOLD>
　　　　　　<前年度決算數-金額>14684380</前年度決算數-金額>
　　　　　　<前年度決算數-百分比>3.48</前年度決算數-百分比>
　　　　　　<科目>其他綜合損益轉入數</科目>
　　　　　　<本年度預算數-金額>499498</本年度預算數-金額>
　　　　　　<本年度預算數-百分比>0.16</本年度預算數-百分比>
　　　　　　<上年度預算數-金額>0</上年度預算數-金額>
　　　　　　<上年度預算數-百分比>0</上年度預算數-百分比>
　　　　　　<比較增減百分比>0</比較增減百分比>
　　　　</ROW>
　　　　<ROW>
　　　　　　<SEQNO>34</SEQNO>
　　　　　　<LEVEL>03</LEVEL>
　　　　　　<BOLD>0</BOLD>
　　　　　　<前年度決算數-金額>0</前年度決算數-金額>
　　　　　　<前年度決算數-百分比>0</前年度決算數-百分比>
　　　　　　<科目>首次採用國際財務報導準則調整數</科目>
　　　　　　<本年度預算數-金額>0</本年度預算數-金額>
　　　　　　<本年度預算數-百分比>0</本年度預算數-百分比>
　　　　　　<上年度預算數-金額>0</上年度預算數-金額>
　　　　　　<上年度預算數-百分比>0</上年度預算數-百分比>
　　　　　　<比較增減百分比>0</比較增減百分比>
　　　　</ROW>
　　　　<ROW>
　　　　　　<SEQNO>35</SEQNO>
　　　　　　<LEVEL>02</LEVEL>
　　　　　　<BOLD>1</BOLD>
　　　　　　<前年度決算數-金額>422052473</前年度決算數-金額>
　　　　　　<前年度決算數-百分比>100</前年度決算數-百分比>
　　　　　　<科目>填補之部</科目>
　　　　　　<本年度預算數-金額>319364677</本年度預算數-金額>
　　　　　　<本年度預算數-百分比>100</本年度預算數-百分比>
　　　　　　<上年度預算數-金額>370563266</上年度預算數-金額>
　　　　　　<上年度預算數-百分比>100</上年度預算數-百分比>
　　　　　　<比較增減百分比>-13.82</比較增減百分比>
　　　　</ROW>
　　　　<ROW>
　　　　　　<SEQNO>36</SEQNO>
　　　　　　<LEVEL>03</LEVEL>
　　　　　　<BOLD>1</BOLD>
　　　　　　<前年度決算數-金額>0</前年度決算數-金額>
　　　　　　<前年度決算數-百分比>0</前年度決算數-百分比>
　　　　　　<科目>中央政府負擔者</科目>
　　　　　　<本年度預算數-金額>0</本年度預算數-金額>
　　　　　　<本年度預算數-百分比>0</本年度預算數-百分比>
　　　　　　<上年度預算數-金額>0</上年度預算數-金額>
　　　　　　<上年度預算數-百分比>0</上年度預算數-百分比>
　　　　　　<比較增減百分比>0</比較增減百分比>
　　　　</ROW>
　　　　<ROW>
　　　　　　<SEQNO>37</SEQNO>
　　　　　　<LEVEL>04</LEVEL>
　　　　　　<BOLD>1</BOLD>
　　　　　　<前年度決算數-金額>0</前年度決算數-金額>
　　　　　　<前年度決算數-百分比>0</前年度決算數-百分比>
　　　　　　<科目>折減資本</科目>
　　　　　　<本年度預算數-金額>0</本年度預算數-金額>
　　　　　　<本年度預算數-百分比>0</本年度預算數-百分比>
　　　　　　<上年度預算數-金額>0</上年度預算數-金額>
　　　　　　<上年度預算數-百分比>0</上年度預算數-百分比>
　　　　　　<比較增減百分比>0</比較增減百分比>
　　　　</ROW>
　　　　<ROW>
　　　　　　<SEQNO>38</SEQNO>
　　　　　　<LEVEL>04</LEVEL>
　　　　　　<BOLD>1</BOLD>
　　　　　　<前年度決算數-金額>0</前年度決算數-金額>
　　　　　　<前年度決算數-百分比>0</前年度決算數-百分比>
　　　　　　<科目>出資填補</科目>
　　　　　　<本年度預算數-金額>0</本年度預算數-金額>
　　　　　　<本年度預算數-百分比>0</本年度預算數-百分比>
　　　　　　<上年度預算數-金額>0</上年度預算數-金額>
　　　　　　<上年度預算數-百分比>0</上年度預算數-百分比>
　　　　　　<比較增減百分比>0</比較增減百分比>
　　　　</ROW>
　　　　<ROW>
　　　　　　<SEQNO>39</SEQNO>
　　　　　　<LEVEL>03</LEVEL>
　　　　　　<BOLD>1</BOLD>
　　　　　　<前年度決算數-金額>0</前年度決算數-金額>
　　　　　　<前年度決算數-百分比>0</前年度決算數-百分比>
　　　　　　<科目>地方政府負擔者</科目>
　　　　　　<本年度預算數-金額>0</本年度預算數-金額>
　　　　　　<本年度預算數-百分比>0</本年度預算數-百分比>
　　　　　　<上年度預算數-金額>0</上年度預算數-金額>
　　　　　　<上年度預算數-百分比>0</上年度預算數-百分比>
　　　　　　<比較增減百分比>0</比較增減百分比>
　　　　</ROW>
　　　　<ROW>
　　　　　　<SEQNO>40</SEQNO>
　　　　　　<LEVEL>04</LEVEL>
　　　　　　<BOLD>1</BOLD>
　　　　　　<前年度決算數-金額>0</前年度決算數-金額>
　　　　　　<前年度決算數-百分比>0</前年度決算數-百分比>
　　　　　　<科目>折減資本</科目>
　　　　　　<本年度預算數-金額>0</本年度預算數-金額>
　　　　　　<本年度預算數-百分比>0</本年度預算數-百分比>
　　　　　　<上年度預算數-金額>0</上年度預算數-金額>
　　　　　　<上年度預算數-百分比>0</上年度預算數-百分比>
　　　　　　<比較增減百分比>0</比較增減百分比>
　　　　</ROW>
　　　　<ROW>
　　　　　　<SEQNO>41</SEQNO>
　　　　　　<LEVEL>04</LEVEL>
　　　　　　<BOLD>1</BOLD>
　　　　　　<前年度決算數-金額>0</前年度決算數-金額>
　　　　　　<前年度決算數-百分比>0</前年度決算數-百分比>
　　　　　　<科目>出資填補</科目>
　　　　　　<本年度預算數-金額>0</本年度預算數-金額>
　　　　　　<本年度預算數-百分比>0</本年度預算數-百分比>
　　　　　　<上年度預算數-金額>0</上年度預算數-金額>
　　　　　　<上年度預算數-百分比>0</上年度預算數-百分比>
　　　　　　<比較增減百分比>0</比較增減百分比>
　　　　</ROW>
　　　　<ROW>
　　　　　　<SEQNO>42</SEQNO>
　　　　　　<LEVEL>03</LEVEL>
　　　　　　<BOLD>1</BOLD>
　　　　　　<前年度決算數-金額>0</前年度決算數-金額>
　　　　　　<前年度決算數-百分比>0</前年度決算數-百分比>
　　　　　　<科目>轉投資機關負擔者</科目>
　　　　　　<本年度預算數-金額>0</本年度預算數-金額>
　　　　　　<本年度預算數-百分比>0</本年度預算數-百分比>
　　　　　　<上年度預算數-金額>0</上年度預算數-金額>
　　　　　　<上年度預算數-百分比>0</上年度預算數-百分比>
　　　　　　<比較增減百分比>0</比較增減百分比>
　　　　</ROW>
　　　　<ROW>
　　　　　　<SEQNO>43</SEQNO>
　　　　　　<LEVEL>04</LEVEL>
　　　　　　<BOLD>1</BOLD>
　　　　　　<前年度決算數-金額>0</前年度決算數-金額>
　　　　　　<前年度決算數-百分比>0</前年度決算數-百分比>
　　　　　　<科目>折減資本</科目>
　　　　　　<本年度預算數-金額>0</本年度預算數-金額>
　　　　　　<本年度預算數-百分比>0</本年度預算數-百分比>
　　　　　　<上年度預算數-金額>0</上年度預算數-金額>
　　　　　　<上年度預算數-百分比>0</上年度預算數-百分比>
　　　　　　<比較增減百分比>0</比較增減百分比>
　　　　</ROW>
　　　　<ROW>
　　　　　　<SEQNO>44</SEQNO>
　　　　　　<LEVEL>04</LEVEL>
　　　　　　<BOLD>1</BOLD>
　　　　　　<前年度決算數-金額>0</前年度決算數-金額>
　　　　　　<前年度決算數-百分比>0</前年度決算數-百分比>
　　　　　　<科目>出資填補</科目>
　　　　　　<本年度預算數-金額>0</本年度預算數-金額>
　　　　　　<本年度預算數-百分比>0</本年度預算數-百分比>
　　　　　　<上年度預算數-金額>0</上年度預算數-金額>
　　　　　　<上年度預算數-百分比>0</上年度預算數-百分比>
　　　　　　<比較增減百分比>0</比較增減百分比>
　　　　</ROW>
　　　　<ROW>
　　　　　　<SEQNO>45</SEQNO>
　　　　　　<LEVEL>03</LEVEL>
　　　　　　<BOLD>1</BOLD>
　　　　　　<前年度決算數-金額>0</前年度決算數-金額>
　　　　　　<前年度決算數-百分比>0</前年度決算數-百分比>
　　　　　　<科目>其他政府機關負擔者</科目>
　　　　　　<本年度預算數-金額>0</本年度預算數-金額>
　　　　　　<本年度預算數-百分比>0</本年度預算數-百分比>
　　　　　　<上年度預算數-金額>0</上年度預算數-金額>
　　　　　　<上年度預算數-百分比>0</上年度預算數-百分比>
　　　　　　<比較增減百分比>0</比較增減百分比>
　　　　</ROW>
　　　　<ROW>
　　　　　　<SEQNO>46</SEQNO>
　　　　　　<LEVEL>04</LEVEL>
　　　　　　<BOLD>1</BOLD>
　　　　　　<前年度決算數-金額>0</前年度決算數-金額>
　　　　　　<前年度決算數-百分比>0</前年度決算數-百分比>
　　　　　　<科目>折減資本</科目>
　　　　　　<本年度預算數-金額>0</本年度預算數-金額>
　　　　　　<本年度預算數-百分比>0</本年度預算數-百分比>
　　　　　　<上年度預算數-金額>0</上年度預算數-金額>
　　　　　　<上年度預算數-百分比>0</上年度預算數-百分比>
　　　　　　<比較增減百分比>0</比較增減百分比>
　　　　</ROW>
　　　　<ROW>
　　　　　　<SEQNO>47</SEQNO>
　　　　　　<LEVEL>04</LEVEL>
　　　　　　<BOLD>1</BOLD>
　　　　　　<前年度決算數-金額>0</前年度決算數-金額>
　　　　　　<前年度決算數-百分比>0</前年度決算數-百分比>
　　　　　　<科目>出資填補</科目>
　　　　　　<本年度預算數-金額>0</本年度預算數-金額>
　　　　　　<本年度預算數-百分比>0</本年度預算數-百分比>
　　　　　　<上年度預算數-金額>0</上年度預算數-金額>
　　　　　　<上年度預算數-百分比>0</上年度預算數-百分比>
　　　　　　<比較增減百分比>0</比較增減百分比>
　　　　</ROW>
　　　　<ROW>
　　　　　　<SEQNO>48</SEQNO>
　　　　　　<LEVEL>03</LEVEL>
　　　　　　<BOLD>1</BOLD>
　　　　　　<前年度決算數-金額>0</前年度決算數-金額>
　　　　　　<前年度決算數-百分比>0</前年度決算數-百分比>
　　　　　　<科目>民股股東負擔者</科目>
　　　　　　<本年度預算數-金額>0</本年度預算數-金額>
　　　　　　<本年度預算數-百分比>0</本年度預算數-百分比>
　　　　　　<上年度預算數-金額>0</上年度預算數-金額>
　　　　　　<上年度預算數-百分比>0</上年度預算數-百分比>
　　　　　　<比較增減百分比>0</比較增減百分比>
　　　　</ROW>
　　　　<ROW>
　　　　　　<SEQNO>49</SEQNO>
　　　　　　<LEVEL>04</LEVEL>
　　　　　　<BOLD>1</BOLD>
　　　　　　<前年度決算數-金額>0</前年度決算數-金額>
　　　　　　<前年度決算數-百分比>0</前年度決算數-百分比>
　　　　　　<科目>折減資本</科目>
　　　　　　<本年度預算數-金額>0</本年度預算數-金額>
　　　　　　<本年度預算數-百分比>0</本年度預算數-百分比>
　　　　　　<上年度預算數-金額>0</上年度預算數-金額>
　　　　　　<上年度預算數-百分比>0</上年度預算數-百分比>
　　　　　　<比較增減百分比>0</比較增減百分比>
　　　　</ROW>
　　　　<ROW>
　　　　　　<SEQNO>50</SEQNO>
　　　　　　<LEVEL>04</LEVEL>
　　　　　　<BOLD>1</BOLD>
　　　　　　<前年度決算數-金額>0</前年度決算數-金額>
　　　　　　<前年度決算數-百分比>0</前年度決算數-百分比>
　　　　　　<科目>出資填補</科目>
　　　　　　<本年度預算數-金額>0</本年度預算數-金額>
　　　　　　<本年度預算數-百分比>0</本年度預算數-百分比>
　　　　　　<上年度預算數-金額>0</上年度預算數-金額>
　　　　　　<上年度預算數-百分比>0</上年度預算數-百分比>
　　　　　　<比較增減百分比>0</比較增減百分比>
　　　　</ROW>
　　　　<ROW>
　　　　　　<SEQNO>51</SEQNO>
　　　　　　<LEVEL>03</LEVEL>
　　　　　　<BOLD>1</BOLD>
　　　　　　<前年度決算數-金額>422052473</前年度決算數-金額>
　　　　　　<前年度決算數-百分比>100</前年度決算數-百分比>
　　　　　　<科目>事業機關負擔者</科目>
　　　　　　<本年度預算數-金額>319364677</本年度預算數-金額>
　　　　　　<本年度預算數-百分比>100</本年度預算數-百分比>
　　　　　　<上年度預算數-金額>370563266</上年度預算數-金額>
　　　　　　<上年度預算數-百分比>100</上年度預算數-百分比>
　　　　　　<比較增減百分比>-13.82</比較增減百分比>
　　　　</ROW>
　　　　<ROW>
　　　　　　<SEQNO>52</SEQNO>
　　　　　　<LEVEL>04</LEVEL>
　　　　　　<BOLD>1</BOLD>
　　　　　　<前年度決算數-金額>68871693</前年度決算數-金額>
　　　　　　<前年度決算數-百分比>16.32</前年度決算數-百分比>
　　　　　　<科目>撥用盈餘</科目>
　　　　　　<本年度預算數-金額>25520518</本年度預算數-金額>
　　　　　　<本年度預算數-百分比>7.99</本年度預算數-百分比>
　　　　　　<上年度預算數-金額>24506558</上年度預算數-金額>
　　　　　　<上年度預算數-百分比>6.61</上年度預算數-百分比>
　　　　　　<比較增減百分比>4.14</比較增減百分比>
　　　　</ROW>
　　　　<ROW>
　　　　　　<SEQNO>53</SEQNO>
　　　　　　<LEVEL>04</LEVEL>
　　　　　　<BOLD>1</BOLD>
　　　　　　<前年度決算數-金額>0</前年度決算數-金額>
　　　　　　<前年度決算數-百分比>0</前年度決算數-百分比>
　　　　　　<科目>撥用法定公積</科目>
　　　　　　<本年度預算數-金額>0</本年度預算數-金額>
　　　　　　<本年度預算數-百分比>0</本年度預算數-百分比>
　　　　　　<上年度預算數-金額>0</上年度預算數-金額>
　　　　　　<上年度預算數-百分比>0</上年度預算數-百分比>
　　　　　　<比較增減百分比>0</比較增減百分比>
　　　　</ROW>
　　　　<ROW>
　　　　　　<SEQNO>54</SEQNO>
　　　　　　<LEVEL>04</LEVEL>
　　　　　　<BOLD>1</BOLD>
　　　　　　<前年度決算數-金額>0</前年度決算數-金額>
　　　　　　<前年度決算數-百分比>0</前年度決算數-百分比>
　　　　　　<科目>撥用特別公積</科目>
　　　　　　<本年度預算數-金額>0</本年度預算數-金額>
　　　　　　<本年度預算數-百分比>0</本年度預算數-百分比>
　　　　　　<上年度預算數-金額>0</上年度預算數-金額>
　　　　　　<上年度預算數-百分比>0</上年度預算數-百分比>
　　　　　　<比較增減百分比>0</比較增減百分比>
　　　　</ROW>
　　　　<ROW>
　　　　　　<SEQNO>55</SEQNO>
　　　　　　<LEVEL>04</LEVEL>
　　　　　　<BOLD>1</BOLD>
　　　　　　<前年度決算數-金額>0</前年度決算數-金額>
　　　　　　<前年度決算數-百分比>0</前年度決算數-百分比>
　　　　　　<科目>撥用資本公積</科目>
　　　　　　<本年度預算數-金額>0</本年度預算數-金額>
　　　　　　<本年度預算數-百分比>0</本年度預算數-百分比>
　　　　　　<上年度預算數-金額>0</上年度預算數-金額>
　　　　　　<上年度預算數-百分比>0</上年度預算數-百分比>
　　　　　　<比較增減百分比>0</比較增減百分比>
　　　　</ROW>
　　　　<ROW>
　　　　　　<SEQNO>56</SEQNO>
　　　　　　<LEVEL>04</LEVEL>
　　　　　　<BOLD>1</BOLD>
　　　　　　<前年度決算數-金額>353180780</前年度決算數-金額>
　　　　　　<前年度決算數-百分比>83.68</前年度決算數-百分比>
　　　　　　<科目>待填補之虧損</科目>
　　　　　　<本年度預算數-金額>293844159</本年度預算數-金額>
　　　　　　<本年度預算數-百分比>92.01</本年度預算數-百分比>
　　　　　　<上年度預算數-金額>346056708</上年度預算數-金額>
　　　　　　<上年度預算數-百分比>93.39</上年度預算數-百分比>
　　　　　　<比較增減百分比>-15.09</比較增減百分比>
　　　　</ROW>
　　　　<COMM />
　　</DataSet>
</GenericData>

