<?xml version="1.0" encoding="UTF-8"?>
<tables>
    <BCTDOUTGO>
        <BCTDOUTGO_row>
            <bm_fiscalyear>106</bm_fiscalyear>
            <bm_fundkind>1</bm_fundkind>
            <bm_budgetkind>1</bm_budgetkind>
            <bm_specialbudgetno/>
            <bm_agenno>03030</bm_agenno>
            <bm_agentype>C</bm_agentype>
            <bm_budgetstate>1</bm_budgetstate>
            <bm_abroadplan>1</bm_abroadplan>
            <bm_projtype>3 </bm_projtype>
            <bm_projno>0001</bm_projno>
            <bm_abroadplanname>參加國際性訓練與發展會議</bm_abroadplanname>
            <bm_visitsts>0</bm_visitsts>
            <bm_visitexplain/>
            <bm_dispatchstaffs>0</bm_dispatchstaffs>
            <bm_abroadsite1>巴林</bm_abroadsite1>
            <bm_abroadsite2>馬來西亞</bm_abroadsite2>
            <bm_abroadsite3>杜拜</bm_abroadsite3>
            <bm_abroadperiod1>10503</bm_abroadperiod1>
            <bm_abroadperiodto1>10503</bm_abroadperiodto1>
            <bm_abroadperiod2>10408</bm_abroadperiod2>
            <bm_abroadperiodto2>10408</bm_abroadperiodto2>
            <bm_abroadperiod3>10303</bm_abroadperiod3>
            <bm_abroadperiodto3>10303</bm_abroadperiodto3>
            <bm_abroadstaffs1>2</bm_abroadstaffs1>
            <bm_abroadstaffs2>2</bm_abroadstaffs2>
            <bm_abroadstaffs3>2</bm_abroadstaffs3>
            <bm_abroadallowance1>357000.00</bm_abroadallowance1>
            <bm_abroadallowance2>155000.00</bm_abroadallowance2>
            <bm_abroadallowance3>196000.00</bm_abroadallowance3>
            <bm_budgetno>33030300200</bm_budgetno>
            <bm_regionno>94</bm_regionno>
            <bm_country>阿曼</bm_country>
            <bm_agency/>
            <bm_cont_text>本總處係以團體會員身分，參加第46屆國際培訓總會（IFTDO）年會，以瞭解國際推動人力資源發展概況。</bm_cont_text>
            <bm_durationfrom>10601</bm_durationfrom>
            <bm_durationto>10612</bm_durationto>
            <bm_days>7</bm_days>
            <bm_persons>1</bm_persons>
            <bm_amt_trans>120000.00</bm_amt_trans>
            <bm_amt_life>60000.00</bm_amt_life>
            <bm_amt_public>40000.00</bm_amt_public>
            <bm_amt_books>0.00</bm_amt_books>
            <bm_amt_flight>0.00</bm_amt_flight>
            <bm_versiondate/>
        </BCTDOUTGO_row>
        <BCTDOUTGO_row>
            <bm_fiscalyear>106</bm_fiscalyear>
            <bm_fundkind>1</bm_fundkind>
            <bm_budgetkind>1</bm_budgetkind>
            <bm_specialbudgetno/>
            <bm_agenno>03030</bm_agenno>
            <bm_agentype>C</bm_agentype>
            <bm_budgetstate>1</bm_budgetstate>
            <bm_abroadplan>1</bm_abroadplan>
            <bm_projtype>3 </bm_projtype>
            <bm_projno>0002</bm_projno>
            <bm_abroadplanname>參加國際性訓練與發展會議</bm_abroadplanname>
            <bm_visitsts>0</bm_visitsts>
            <bm_visitexplain/>
            <bm_dispatchstaffs>0</bm_dispatchstaffs>
            <bm_abroadsite1>埃及</bm_abroadsite1>
            <bm_abroadsite2>印尼</bm_abroadsite2>
            <bm_abroadsite3>澳洲</bm_abroadsite3>
            <bm_abroadperiod1>10410</bm_abroadperiod1>
            <bm_abroadperiodto1>10410</bm_abroadperiodto1>
            <bm_abroadperiod2>10309</bm_abroadperiod2>
            <bm_abroadperiodto2>10309</bm_abroadperiodto2>
            <bm_abroadperiod3>10204</bm_abroadperiod3>
            <bm_abroadperiodto3>10204</bm_abroadperiodto3>
            <bm_abroadstaffs1>2</bm_abroadstaffs1>
            <bm_abroadstaffs2>2</bm_abroadstaffs2>
            <bm_abroadstaffs3>2</bm_abroadstaffs3>
            <bm_abroadallowance1>294000.00</bm_abroadallowance1>
            <bm_abroadallowance2>153000.00</bm_abroadallowance2>
            <bm_abroadallowance3>210000.00</bm_abroadallowance3>
            <bm_budgetno>33030300200</bm_budgetno>
            <bm_regionno>94</bm_regionno>
            <bm_country>未定</bm_country>
            <bm_agency/>
            <bm_cont_text>本總處係以團體會員身份，參加第44屆亞洲國際培訓總會（ARTDO International）年會，以瞭解國際推動人力資源發展概況。</bm_cont_text>
            <bm_durationfrom>10601</bm_durationfrom>
            <bm_durationto>10612</bm_durationto>
            <bm_days>6</bm_days>
            <bm_persons>1</bm_persons>
            <bm_amt_trans>40000.00</bm_amt_trans>
            <bm_amt_life>30000.00</bm_amt_life>
            <bm_amt_public>20000.00</bm_amt_public>
            <bm_amt_books>0.00</bm_amt_books>
            <bm_amt_flight>0.00</bm_amt_flight>
            <bm_versiondate/>
        </BCTDOUTGO_row>
    </BCTDOUTGO>
</tables>
