<?xml version="1.0" encoding="UTF-8"?>
<tables>
    <BCTDHELPPLAN>
        <BCTDHELPPLAN_row>
            <bh_fiscalyear>106</bh_fiscalyear>
            <bh_fundkind>1</bh_fundkind>
            <bh_budgetkind>1</bh_budgetkind>
            <bh_specialbudgetno/>
            <bh_agenno>03030</bh_agenno>
            <bh_agentype>C</bh_agentype>
            <bh_budgetstate>1</bh_budgetstate>
            <bh_versiondate/>
            <bh_objectno/>
            <bh_endowplanno>01</bh_endowplanno>
            <bh_endowplanname>公務人員職場評價調查研究</bh_endowplanname>
            <bh_donname>學校或團體</bh_donname>
            <bh_endowsts>2</bh_endowsts>
            <bh_budgetno>33030300200</bh_budgetno>
            <bh_subprojectno>01</bh_subprojectno>
            <bh_budgetsource>1</bh_budgetsource>
            <bh_applyid>0</bh_applyid>
            <bh_startyear>106</bh_startyear>
            <bh_endyear>106</bh_endyear>
            <bh_donrem>為落實功績制人力資源管理，將參酌美國及加拿大等國家之做法，辦理公務人員職場評價年度調查研究，以瞭解公務人員對服務機關重要人事管理措施之功績導向程度及機關服務環境之評價。</bh_donrem>
            <bh_bgtyear>0</bh_bgtyear>
            <bh_amt_man>340000.00</bh_amt_man>
            <bh_amt_business>500000.00</bh_amt_business>
            <bh_amt_other>0.00</bh_amt_other>
            <bh_amt_land>0.00</bh_amt_land>
            <bh_amt_house>0.00</bh_amt_house>
            <bh_amt6>0.00</bh_amt6>
            <bh_amt7>0.00</bh_amt7>
            <bh_flowflag/>
            <bh_signflag/>
            <bh_signno/>
            <mj_subprojectno_na>01 - 人事行政綜合規劃</mj_subprojectno_na>
        </BCTDHELPPLAN_row>
        <BCTDHELPPLAN_row>
            <bh_fiscalyear>106</bh_fiscalyear>
            <bh_fundkind>1</bh_fundkind>
            <bh_budgetkind>1</bh_budgetkind>
            <bh_specialbudgetno/>
            <bh_agenno>03030</bh_agenno>
            <bh_agentype>C</bh_agentype>
            <bh_budgetstate>1</bh_budgetstate>
            <bh_versiondate/>
            <bh_objectno/>
            <bh_endowplanno>02</bh_endowplanno>
            <bh_endowplanname>建立地方組設及員額管理預警機制之研究</bh_endowplanname>
            <bh_donname>學校或團體</bh_donname>
            <bh_endowsts>2</bh_endowsts>
            <bh_budgetno>33030300200</bh_budgetno>
            <bh_subprojectno>02</bh_subprojectno>
            <bh_budgetsource>1</bh_budgetsource>
            <bh_applyid>0</bh_applyid>
            <bh_startyear>106</bh_startyear>
            <bh_endyear>106</bh_endyear>
            <bh_donrem>因應我國人口逐年下降，但是自99年起我國直轄市由2個增加至6個，經初步分析發現，我國人口有集中在新興直轄市政府（4都）之趨勢，導致鄰近縣市政府人口數下降，然而現行「地方行政機關組織準則」並未有調整或預警之機制，且如訂定該機制，其合理衡量指標應有哪些？擬透過該研究以作為本總處未來評估納入地方員額管理預警機制，以全盤建構地方員額管理政策。</bh_donrem>
            <bh_bgtyear>0</bh_bgtyear>
            <bh_amt_man>444000.00</bh_amt_man>
            <bh_amt_business>256000.00</bh_amt_business>
            <bh_amt_other>0.00</bh_amt_other>
            <bh_amt_land>0.00</bh_amt_land>
            <bh_amt_house>0.00</bh_amt_house>
            <bh_amt6>0.00</bh_amt6>
            <bh_amt7>0.00</bh_amt7>
            <bh_flowflag/>
            <bh_signflag/>
            <bh_signno/>
            <mj_subprojectno_na>02 - 合理配置組設人力</mj_subprojectno_na>
        </BCTDHELPPLAN_row>
        <BCTDHELPPLAN_row>
            <bh_fiscalyear>106</bh_fiscalyear>
            <bh_fundkind>1</bh_fundkind>
            <bh_budgetkind>1</bh_budgetkind>
            <bh_specialbudgetno/>
            <bh_agenno>03030</bh_agenno>
            <bh_agentype>C</bh_agentype>
            <bh_budgetstate>1</bh_budgetstate>
            <bh_versiondate/>
            <bh_objectno/>
            <bh_endowplanno>03</bh_endowplanno>
            <bh_endowplanname>民選首長、政務及常務人員待遇水準合理性比較研究</bh_endowplanname>
            <bh_donname>學校或團體</bh_donname>
            <bh_endowsts>2</bh_endowsts>
            <bh_budgetno>33030300200</bh_budgetno>
            <bh_subprojectno>04</bh_subprojectno>
            <bh_budgetsource>1</bh_budgetsource>
            <bh_applyid>0</bh_applyid>
            <bh_startyear>106</bh_startyear>
            <bh_endyear>106</bh_endyear>
            <bh_donrem>透過理論、國外經驗及公部門實務之研究，研析民選首長、政務及常務人員薪資待遇合理比率。</bh_donrem>
            <bh_bgtyear>0</bh_bgtyear>
            <bh_amt_man>335000.00</bh_amt_man>
            <bh_amt_business>165000.00</bh_amt_business>
            <bh_amt_other>0.00</bh_amt_other>
            <bh_amt_land>0.00</bh_amt_land>
            <bh_amt_house>0.00</bh_amt_house>
            <bh_amt6>0.00</bh_amt6>
            <bh_amt7>0.00</bh_amt7>
            <bh_flowflag/>
            <bh_signflag/>
            <bh_signno/>
            <mj_subprojectno_na>04 - 給與福利制度規劃</mj_subprojectno_na>
        </BCTDHELPPLAN_row>
    </BCTDHELPPLAN>
</tables>
