<?xml version="1.0" encoding="UTF-8"?>
<Root>
    <Row>
        <款>2</款>
        <項/>
        <目/>
        <節/>
        <科目名稱>行政院主管</科目名稱>
        <人事費>842108</人事費>
        <業務費_經>259119</業務費_經>
        <奬補助費_經>4450</奬補助費_經>
        <債務費>0</債務費>
        <預備金_經>3800</預備金_經>
        <經常支出小計>1109477</經常支出小計>
        <業務費_資>0</業務費_資>
        <設備及投資>135164</設備及投資>
        <奬補助費_資>0</奬補助費_資>
        <預備金_資>0</預備金_資>
        <資本支出小計>135164</資本支出小計>
        <合計>1244641</合計>
    </Row>
    <Row>
        <款/>
        <項>1</項>
        <目/>
        <節/>
        <科目名稱>行政院</科目名稱>
        <人事費>842108</人事費>
        <業務費_經>259119</業務費_經>
        <奬補助費_經>4450</奬補助費_經>
        <債務費>0</債務費>
        <預備金_經>3800</預備金_經>
        <經常支出小計>1109477</經常支出小計>
        <業務費_資>0</業務費_資>
        <設備及投資>135164</設備及投資>
        <奬補助費_資>0</奬補助費_資>
        <預備金_資>0</預備金_資>
        <資本支出小計>135164</資本支出小計>
        <合計>1244641</合計>
    </Row>
    <Row>
        <款/>
        <項/>
        <目/>
        <節/>
        <科目名稱>行政支出</科目名稱>
        <人事費>842108</人事費>
        <業務費_經>259119</業務費_經>
        <奬補助費_經>4450</奬補助費_經>
        <債務費>0</債務費>
        <預備金_經>3800</預備金_經>
        <經常支出小計>1109477</經常支出小計>
        <業務費_資>0</業務費_資>
        <設備及投資>135164</設備及投資>
        <奬補助費_資>0</奬補助費_資>
        <預備金_資>0</預備金_資>
        <資本支出小計>135164</資本支出小計>
        <合計>1244641</合計>
    </Row>
    <Row>
        <款/>
        <項/>
        <目>1</目>
        <節/>
        <科目名稱>一般行政</科目名稱>
        <人事費>816496</人事費>
        <業務費_經>70159</業務費_經>
        <奬補助費_經>1590</奬補助費_經>
        <債務費>0</債務費>
        <預備金_經>0</預備金_經>
        <經常支出小計>888245</經常支出小計>
        <業務費_資>0</業務費_資>
        <設備及投資>2029</設備及投資>
        <奬補助費_資>0</奬補助費_資>
        <預備金_資>0</預備金_資>
        <資本支出小計>2029</資本支出小計>
        <合計>890274</合計>
    </Row>
    <Row>
        <款/>
        <項/>
        <目>2</目>
        <節/>
        <科目名稱>施政及法制業務</科目名稱>
        <人事費>0</人事費>
        <業務費_經>11663</業務費_經>
        <奬補助費_經>0</奬補助費_經>
        <債務費>0</債務費>
        <預備金_經>0</預備金_經>
        <經常支出小計>11663</經常支出小計>
        <業務費_資>0</業務費_資>
        <設備及投資>0</設備及投資>
        <奬補助費_資>0</奬補助費_資>
        <預備金_資>0</預備金_資>
        <資本支出小計>0</資本支出小計>
        <合計>11663</合計>
    </Row>
    <Row>
        <款/>
        <項/>
        <目>3</目>
        <節/>
        <科目名稱>施政推展聯繫</科目名稱>
        <人事費>0</人事費>
        <業務費_經>6250</業務費_經>
        <奬補助費_經>0</奬補助費_經>
        <債務費>0</債務費>
        <預備金_經>0</預備金_經>
        <經常支出小計>6250</經常支出小計>
        <業務費_資>0</業務費_資>
        <設備及投資>0</設備及投資>
        <奬補助費_資>0</奬補助費_資>
        <預備金_資>0</預備金_資>
        <資本支出小計>0</資本支出小計>
        <合計>6250</合計>
    </Row>
    <Row>
        <款/>
        <項/>
        <目>4</目>
        <節/>
        <科目名稱>科技發展研究諮詢</科目名稱>
        <人事費>25612</人事費>
        <業務費_經>12636</業務費_經>
        <奬補助費_經>0</奬補助費_經>
        <債務費>0</債務費>
        <預備金_經>0</預備金_經>
        <經常支出小計>38248</經常支出小計>
        <業務費_資>0</業務費_資>
        <設備及投資>2011</設備及投資>
        <奬補助費_資>0</奬補助費_資>
        <預備金_資>0</預備金_資>
        <資本支出小計>2011</資本支出小計>
        <合計>40259</合計>
    </Row>
    <Row>
        <款/>
        <項/>
        <目>5</目>
        <節/>
        <科目名稱>聯合服務業務</科目名稱>
        <人事費>0</人事費>
        <業務費_經>27193</業務費_經>
        <奬補助費_經>0</奬補助費_經>
        <債務費>0</債務費>
        <預備金_經>0</預備金_經>
        <經常支出小計>27193</經常支出小計>
        <業務費_資>0</業務費_資>
        <設備及投資>85922</設備及投資>
        <奬補助費_資>0</奬補助費_資>
        <預備金_資>0</預備金_資>
        <資本支出小計>85922</資本支出小計>
        <合計>113115</合計>
    </Row>
    <Row>
        <款/>
        <項/>
        <目>6</目>
        <節/>
        <科目名稱>國土及資通安全業務</科目名稱>
        <人事費>0</人事費>
        <業務費_經>8533</業務費_經>
        <奬補助費_經>0</奬補助費_經>
        <債務費>0</債務費>
        <預備金_經>0</預備金_經>
        <經常支出小計>8533</經常支出小計>
        <業務費_資>0</業務費_資>
        <設備及投資>60</設備及投資>
        <奬補助費_資>0</奬補助費_資>
        <預備金_資>0</預備金_資>
        <資本支出小計>60</資本支出小計>
        <合計>8593</合計>
    </Row>
    <Row>
        <款/>
        <項/>
        <目>7</目>
        <節/>
        <科目名稱>災害防救業務</科目名稱>
        <人事費>0</人事費>
        <業務費_經>7317</業務費_經>
        <奬補助費_經>800</奬補助費_經>
        <債務費>0</債務費>
        <預備金_經>0</預備金_經>
        <經常支出小計>8117</經常支出小計>
        <業務費_資>0</業務費_資>
        <設備及投資>0</設備及投資>
        <奬補助費_資>0</奬補助費_資>
        <預備金_資>0</預備金_資>
        <資本支出小計>0</資本支出小計>
        <合計>8117</合計>
    </Row>
    <Row>
        <款/>
        <項/>
        <目>8</目>
        <節/>
        <科目名稱>性別平等業務</科目名稱>
        <人事費>0</人事費>
        <業務費_經>15474</業務費_經>
        <奬補助費_經>0</奬補助費_經>
        <債務費>0</債務費>
        <預備金_經>0</預備金_經>
        <經常支出小計>15474</經常支出小計>
        <業務費_資>0</業務費_資>
        <設備及投資>0</設備及投資>
        <奬補助費_資>0</奬補助費_資>
        <預備金_資>0</預備金_資>
        <資本支出小計>0</資本支出小計>
        <合計>15474</合計>
    </Row>
    <Row>
        <款/>
        <項/>
        <目>9</目>
        <節/>
        <科目名稱>消保及食安業務</科目名稱>
        <人事費>0</人事費>
        <業務費_經>15491</業務費_經>
        <奬補助費_經>2000</奬補助費_經>
        <債務費>0</債務費>
        <預備金_經>0</預備金_經>
        <經常支出小計>17491</經常支出小計>
        <業務費_資>0</業務費_資>
        <設備及投資>90</設備及投資>
        <奬補助費_資>0</奬補助費_資>
        <預備金_資>0</預備金_資>
        <資本支出小計>90</資本支出小計>
        <合計>17581</合計>
    </Row>
    <Row>
        <款/>
        <項/>
        <目>10</目>
        <節/>
        <科目名稱>資訊管理</科目名稱>
        <人事費>0</人事費>
        <業務費_經>28538</業務費_經>
        <奬補助費_經>0</奬補助費_經>
        <債務費>0</債務費>
        <預備金_經>0</預備金_經>
        <經常支出小計>28538</經常支出小計>
        <業務費_資>0</業務費_資>
        <設備及投資>33692</設備及投資>
        <奬補助費_資>0</奬補助費_資>
        <預備金_資>0</預備金_資>
        <資本支出小計>33692</資本支出小計>
        <合計>62230</合計>
    </Row>
    <Row>
        <款/>
        <項/>
        <目>11</目>
        <節/>
        <科目名稱>新聞傳播業務</科目名稱>
        <人事費>0</人事費>
        <業務費_經>55865</業務費_經>
        <奬補助費_經>60</奬補助費_經>
        <債務費>0</債務費>
        <預備金_經>0</預備金_經>
        <經常支出小計>55925</經常支出小計>
        <業務費_資>0</業務費_資>
        <設備及投資>999</設備及投資>
        <奬補助費_資>0</奬補助費_資>
        <預備金_資>0</預備金_資>
        <資本支出小計>999</資本支出小計>
        <合計>56924</合計>
    </Row>
    <Row>
        <款/>
        <項/>
        <目>12</目>
        <節/>
        <科目名稱>一般建築及設備</科目名稱>
        <人事費>0</人事費>
        <業務費_經>0</業務費_經>
        <奬補助費_經>0</奬補助費_經>
        <債務費>0</債務費>
        <預備金_經>0</預備金_經>
        <經常支出小計>0</經常支出小計>
        <業務費_資>0</業務費_資>
        <設備及投資>10361</設備及投資>
        <奬補助費_資>0</奬補助費_資>
        <預備金_資>0</預備金_資>
        <資本支出小計>10361</資本支出小計>
        <合計>10361</合計>
    </Row>
    <Row>
        <款/>
        <項/>
        <目/>
        <節>1</節>
        <科目名稱>營建工程</科目名稱>
        <人事費>0</人事費>
        <業務費_經>0</業務費_經>
        <奬補助費_經>0</奬補助費_經>
        <債務費>0</債務費>
        <預備金_經>0</預備金_經>
        <經常支出小計>0</經常支出小計>
        <業務費_資>0</業務費_資>
        <設備及投資>6466</設備及投資>
        <奬補助費_資>0</奬補助費_資>
        <預備金_資>0</預備金_資>
        <資本支出小計>6466</資本支出小計>
        <合計>6466</合計>
    </Row>
    <Row>
        <款/>
        <項/>
        <目/>
        <節>2</節>
        <科目名稱>交通及運輸設備</科目名稱>
        <人事費>0</人事費>
        <業務費_經>0</業務費_經>
        <奬補助費_經>0</奬補助費_經>
        <債務費>0</債務費>
        <預備金_經>0</預備金_經>
        <經常支出小計>0</經常支出小計>
        <業務費_資>0</業務費_資>
        <設備及投資>180</設備及投資>
        <奬補助費_資>0</奬補助費_資>
        <預備金_資>0</預備金_資>
        <資本支出小計>180</資本支出小計>
        <合計>180</合計>
    </Row>
    <Row>
        <款/>
        <項/>
        <目/>
        <節>3</節>
        <科目名稱>其他設備</科目名稱>
        <人事費>0</人事費>
        <業務費_經>0</業務費_經>
        <奬補助費_經>0</奬補助費_經>
        <債務費>0</債務費>
        <預備金_經>0</預備金_經>
        <經常支出小計>0</經常支出小計>
        <業務費_資>0</業務費_資>
        <設備及投資>3715</設備及投資>
        <奬補助費_資>0</奬補助費_資>
        <預備金_資>0</預備金_資>
        <資本支出小計>3715</資本支出小計>
        <合計>3715</合計>
    </Row>
    <Row>
        <款/>
        <項/>
        <目>13</目>
        <節/>
        <科目名稱>第一預備金</科目名稱>
        <人事費>0</人事費>
        <業務費_經>0</業務費_經>
        <奬補助費_經>0</奬補助費_經>
        <債務費>0</債務費>
        <預備金_經>3800</預備金_經>
        <經常支出小計>3800</經常支出小計>
        <業務費_資>0</業務費_資>
        <設備及投資>0</設備及投資>
        <奬補助費_資>0</奬補助費_資>
        <預備金_資>0</預備金_資>
        <資本支出小計>0</資本支出小計>
        <合計>3800</合計>
    </Row>
</Root>
