<?xml version="1.0" encoding="UTF-8"?>
<tables>
    <BCME3450>
        <BCME3450_row>
            <objectNo>合計</objectNo>
            <budgetno_3303910100>44422.00</budgetno_3303910100>
            <budgetno_3303910200>7909.00</budgetno_3303910200>
            <budgetno_3303919800>30.00</budgetno_3303919800>
            <total>52361.00</total>
        </BCME3450_row>
        <BCME3450_row>
            <objectNo>0100 人事費</objectNo>
            <budgetno_3303910100>38716.00</budgetno_3303910100>
            <budgetno_3303910200/>
            <budgetno_3303919800/>
            <total>38716.00</total>
        </BCME3450_row>
        <BCME3450_row>
            <objectNo>  0104 約聘僱人員待遇</objectNo>
            <budgetno_3303910100>29602.00</budgetno_3303910100>
            <budgetno_3303910200/>
            <budgetno_3303919800/>
            <total>29602.00</total>
        </BCME3450_row>
        <BCME3450_row>
            <objectNo>  0105 技工及工友待遇</objectNo>
            <budgetno_3303910100>800.00</budgetno_3303910100>
            <budgetno_3303910200/>
            <budgetno_3303919800/>
            <total>800.00</total>
        </BCME3450_row>
        <BCME3450_row>
            <objectNo>  0111 獎金</objectNo>
            <budgetno_3303910100>3945.00</budgetno_3303910100>
            <budgetno_3303910200/>
            <budgetno_3303919800/>
            <total>3945.00</total>
        </BCME3450_row>
        <BCME3450_row>
            <objectNo>  0121 其他給與</objectNo>
            <budgetno_3303910100>400.00</budgetno_3303910100>
            <budgetno_3303910200/>
            <budgetno_3303919800/>
            <total>400.00</total>
        </BCME3450_row>
        <BCME3450_row>
            <objectNo>  0131 加班值班費</objectNo>
            <budgetno_3303910100>220.00</budgetno_3303910100>
            <budgetno_3303910200/>
            <budgetno_3303919800/>
            <total>220.00</total>
        </BCME3450_row>
        <BCME3450_row>
            <objectNo>  0143 退休離職儲金</objectNo>
            <budgetno_3303910100>1249.00</budgetno_3303910100>
            <budgetno_3303910200/>
            <budgetno_3303919800/>
            <total>1249.00</total>
        </BCME3450_row>
        <BCME3450_row>
            <objectNo>  0151 保險</objectNo>
            <budgetno_3303910100>2500.00</budgetno_3303910100>
            <budgetno_3303910200/>
            <budgetno_3303919800/>
            <total>2500.00</total>
        </BCME3450_row>
        <BCME3450_row>
            <objectNo>0200 業務費</objectNo>
            <budgetno_3303910100>5656.00</budgetno_3303910100>
            <budgetno_3303910200>4649.00</budgetno_3303910200>
            <budgetno_3303919800/>
            <total>10305.00</total>
        </BCME3450_row>
        <BCME3450_row>
            <objectNo>  0201 教育訓練費</objectNo>
            <budgetno_3303910100/>
            <budgetno_3303910200>878.00</budgetno_3303910200>
            <budgetno_3303919800/>
            <total>878.00</total>
        </BCME3450_row>
        <BCME3450_row>
            <objectNo>  0202 水電費</objectNo>
            <budgetno_3303910100>904.00</budgetno_3303910100>
            <budgetno_3303910200/>
            <budgetno_3303919800/>
            <total>904.00</total>
        </BCME3450_row>
        <BCME3450_row>
            <objectNo>  0203 通訊費</objectNo>
            <budgetno_3303910100>498.00</budgetno_3303910100>
            <budgetno_3303910200/>
            <budgetno_3303919800/>
            <total>498.00</total>
        </BCME3450_row>
        <BCME3450_row>
            <objectNo>  0215 資訊服務費</objectNo>
            <budgetno_3303910100/>
            <budgetno_3303910200>984.00</budgetno_3303910200>
            <budgetno_3303919800/>
            <total>984.00</total>
        </BCME3450_row>
        <BCME3450_row>
            <objectNo>  0219 其他業務租金</objectNo>
            <budgetno_3303910100>166.00</budgetno_3303910100>
            <budgetno_3303910200/>
            <budgetno_3303919800/>
            <total>166.00</total>
        </BCME3450_row>
        <BCME3450_row>
            <objectNo>  0221 稅捐及規費</objectNo>
            <budgetno_3303910100>23.00</budgetno_3303910100>
            <budgetno_3303910200/>
            <budgetno_3303919800/>
            <total>23.00</total>
        </BCME3450_row>
        <BCME3450_row>
            <objectNo>  0231 保險費</objectNo>
            <budgetno_3303910100>37.00</budgetno_3303910100>
            <budgetno_3303910200/>
            <budgetno_3303919800/>
            <total>37.00</total>
        </BCME3450_row>
        <BCME3450_row>
            <objectNo>  0241 兼職費</objectNo>
            <budgetno_3303910100>538.00</budgetno_3303910100>
            <budgetno_3303910200/>
            <budgetno_3303919800/>
            <total>538.00</total>
        </BCME3450_row>
        <BCME3450_row>
            <objectNo>  0249 臨時人員酬金</objectNo>
            <budgetno_3303910100>621.00</budgetno_3303910100>
            <budgetno_3303910200/>
            <budgetno_3303919800/>
            <total>621.00</total>
        </BCME3450_row>
        <BCME3450_row>
            <objectNo>  0250 按日按件計資酬金</objectNo>
            <budgetno_3303910100>8.00</budgetno_3303910100>
            <budgetno_3303910200>68.00</budgetno_3303910200>
            <budgetno_3303919800/>
            <total>76.00</total>
        </BCME3450_row>
        <BCME3450_row>
            <objectNo>  0261 國際組織會費</objectNo>
            <budgetno_3303910100/>
            <budgetno_3303910200>100.00</budgetno_3303910200>
            <budgetno_3303919800/>
            <total>100.00</total>
        </BCME3450_row>
        <BCME3450_row>
            <objectNo>  0262 國內組織會費</objectNo>
            <budgetno_3303910100/>
            <budgetno_3303910200>75.00</budgetno_3303910200>
            <budgetno_3303919800/>
            <total>75.00</total>
        </BCME3450_row>
        <BCME3450_row>
            <objectNo>  0271 物品</objectNo>
            <budgetno_3303910100>193.00</budgetno_3303910100>
            <budgetno_3303910200>100.00</budgetno_3303910200>
            <budgetno_3303919800/>
            <total>293.00</total>
        </BCME3450_row>
        <BCME3450_row>
            <objectNo>  0279 一般事務費</objectNo>
            <budgetno_3303910100>2283.00</budgetno_3303910100>
            <budgetno_3303910200>889.00</budgetno_3303910200>
            <budgetno_3303919800/>
            <total>3172.00</total>
        </BCME3450_row>
        <BCME3450_row>
            <objectNo>  0282 房屋建築養護費</objectNo>
            <budgetno_3303910100>43.00</budgetno_3303910100>
            <budgetno_3303910200/>
            <budgetno_3303919800/>
            <total>43.00</total>
        </BCME3450_row>
        <BCME3450_row>
            <objectNo>  0283 車輛及辦公器具養護費</objectNo>
            <budgetno_3303910100>70.00</budgetno_3303910100>
            <budgetno_3303910200/>
            <budgetno_3303919800/>
            <total>70.00</total>
        </BCME3450_row>
        <BCME3450_row>
            <objectNo>  0284 設施及機械設備養護費</objectNo>
            <budgetno_3303910100>64.00</budgetno_3303910100>
            <budgetno_3303910200>806.00</budgetno_3303910200>
            <budgetno_3303919800/>
            <total>870.00</total>
        </BCME3450_row>
        <BCME3450_row>
            <objectNo>  0291 國內旅費</objectNo>
            <budgetno_3303910100/>
            <budgetno_3303910200>135.00</budgetno_3303910200>
            <budgetno_3303919800/>
            <total>135.00</total>
        </BCME3450_row>
        <BCME3450_row>
            <objectNo>  0293 國外旅費</objectNo>
            <budgetno_3303910100/>
            <budgetno_3303910200>614.00</budgetno_3303910200>
            <budgetno_3303919800/>
            <total>614.00</total>
        </BCME3450_row>
        <BCME3450_row>
            <objectNo>  0294 運費</objectNo>
            <budgetno_3303910100>20.00</budgetno_3303910100>
            <budgetno_3303910200/>
            <budgetno_3303919800/>
            <total>20.00</total>
        </BCME3450_row>
        <BCME3450_row>
            <objectNo>  0295 短程車資</objectNo>
            <budgetno_3303910100>30.00</budgetno_3303910100>
            <budgetno_3303910200/>
            <budgetno_3303919800/>
            <total>30.00</total>
        </BCME3450_row>
        <BCME3450_row>
            <objectNo>  0299 特別費</objectNo>
            <budgetno_3303910100>158.00</budgetno_3303910100>
            <budgetno_3303910200/>
            <budgetno_3303919800/>
            <total>158.00</total>
        </BCME3450_row>
        <BCME3450_row>
            <objectNo>0300 設備及投資</objectNo>
            <budgetno_3303910100>50.00</budgetno_3303910100>
            <budgetno_3303910200>3260.00</budgetno_3303910200>
            <budgetno_3303919800/>
            <total>3310.00</total>
        </BCME3450_row>
        <BCME3450_row>
            <objectNo>  0304 機械設備費</objectNo>
            <budgetno_3303910100/>
            <budgetno_3303910200>1870.00</budgetno_3303910200>
            <budgetno_3303919800/>
            <total>1870.00</total>
        </BCME3450_row>
        <BCME3450_row>
            <objectNo>  0306 資訊軟硬體設備費</objectNo>
            <budgetno_3303910100/>
            <budgetno_3303910200>1290.00</budgetno_3303910200>
            <budgetno_3303919800/>
            <total>1290.00</total>
        </BCME3450_row>
        <BCME3450_row>
            <objectNo>  0319 雜項設備費</objectNo>
            <budgetno_3303910100>50.00</budgetno_3303910100>
            <budgetno_3303910200>100.00</budgetno_3303910200>
            <budgetno_3303919800/>
            <total>150.00</total>
        </BCME3450_row>
        <BCME3450_row>
            <objectNo>0900 預備金</objectNo>
            <budgetno_3303910100/>
            <budgetno_3303910200/>
            <budgetno_3303919800>30.00</budgetno_3303919800>
            <total>30.00</total>
        </BCME3450_row>
        <BCME3450_row>
            <objectNo>  0901 第一預備金</objectNo>
            <budgetno_3303910100/>
            <budgetno_3303910200/>
            <budgetno_3303919800>30.00</budgetno_3303919800>
            <total>30.00</total>
        </BCME3450_row>
    </BCME3450>
</tables>
