<?xml version="1.0" encoding="UTF-8"?>
<tables>
    <BCME3450>
        <BCME3450_row>
            <objectNo>合計</objectNo>
            <budgetno_3523174100>41604.00</budgetno_3523174100>
            <total>41604.00</total>
        </BCME3450_row>
        <BCME3450_row>
            <objectNo>0100 人事費</objectNo>
            <budgetno_3523174100>36917.00</budgetno_3523174100>
            <total>36917.00</total>
        </BCME3450_row>
        <BCME3450_row>
            <objectNo>  0103 法定編制人員待遇</objectNo>
            <budgetno_3523174100>21192.00</budgetno_3523174100>
            <total>21192.00</total>
        </BCME3450_row>
        <BCME3450_row>
            <objectNo>  0105 技工及工友待遇</objectNo>
            <budgetno_3523174100>1632.00</budgetno_3523174100>
            <total>1632.00</total>
        </BCME3450_row>
        <BCME3450_row>
            <objectNo>  0111 獎金</objectNo>
            <budgetno_3523174100>5348.00</budgetno_3523174100>
            <total>5348.00</total>
        </BCME3450_row>
        <BCME3450_row>
            <objectNo>  0121 其他給與</objectNo>
            <budgetno_3523174100>369.00</budgetno_3523174100>
            <total>369.00</total>
        </BCME3450_row>
        <BCME3450_row>
            <objectNo>  0131 加班值班費</objectNo>
            <budgetno_3523174100>3929.00</budgetno_3523174100>
            <total>3929.00</total>
        </BCME3450_row>
        <BCME3450_row>
            <objectNo>  0143 退休離職儲金</objectNo>
            <budgetno_3523174100>2113.00</budgetno_3523174100>
            <total>2113.00</total>
        </BCME3450_row>
        <BCME3450_row>
            <objectNo>  0151 保險</objectNo>
            <budgetno_3523174100>2334.00</budgetno_3523174100>
            <total>2334.00</total>
        </BCME3450_row>
        <BCME3450_row>
            <objectNo>0200 業務費</objectNo>
            <budgetno_3523174100>4319.00</budgetno_3523174100>
            <total>4319.00</total>
        </BCME3450_row>
        <BCME3450_row>
            <objectNo>  0201 教育訓練費</objectNo>
            <budgetno_3523174100>82.00</budgetno_3523174100>
            <total>82.00</total>
        </BCME3450_row>
        <BCME3450_row>
            <objectNo>  0202 水電費</objectNo>
            <budgetno_3523174100>792.00</budgetno_3523174100>
            <total>792.00</total>
        </BCME3450_row>
        <BCME3450_row>
            <objectNo>  0203 通訊費</objectNo>
            <budgetno_3523174100>246.00</budgetno_3523174100>
            <total>246.00</total>
        </BCME3450_row>
        <BCME3450_row>
            <objectNo>  0215 資訊服務費</objectNo>
            <budgetno_3523174100>169.00</budgetno_3523174100>
            <total>169.00</total>
        </BCME3450_row>
        <BCME3450_row>
            <objectNo>  0219 其他業務租金</objectNo>
            <budgetno_3523174100>60.00</budgetno_3523174100>
            <total>60.00</total>
        </BCME3450_row>
        <BCME3450_row>
            <objectNo>  0221 稅捐及規費</objectNo>
            <budgetno_3523174100>12.00</budgetno_3523174100>
            <total>12.00</total>
        </BCME3450_row>
        <BCME3450_row>
            <objectNo>  0231 保險費</objectNo>
            <budgetno_3523174100>20.00</budgetno_3523174100>
            <total>20.00</total>
        </BCME3450_row>
        <BCME3450_row>
            <objectNo>  0250 按日按件計資酬金</objectNo>
            <budgetno_3523174100>265.00</budgetno_3523174100>
            <total>265.00</total>
        </BCME3450_row>
        <BCME3450_row>
            <objectNo>  0271 物品</objectNo>
            <budgetno_3523174100>803.00</budgetno_3523174100>
            <total>803.00</total>
        </BCME3450_row>
        <BCME3450_row>
            <objectNo>  0279 一般事務費</objectNo>
            <budgetno_3523174100>1027.00</budgetno_3523174100>
            <total>1027.00</total>
        </BCME3450_row>
        <BCME3450_row>
            <objectNo>  0282 房屋建築養護費</objectNo>
            <budgetno_3523174100>113.00</budgetno_3523174100>
            <total>113.00</total>
        </BCME3450_row>
        <BCME3450_row>
            <objectNo>  0283 車輛及辦公器具養護費</objectNo>
            <budgetno_3523174100>90.00</budgetno_3523174100>
            <total>90.00</total>
        </BCME3450_row>
        <BCME3450_row>
            <objectNo>  0284 設施及機械設備養護費</objectNo>
            <budgetno_3523174100>342.00</budgetno_3523174100>
            <total>342.00</total>
        </BCME3450_row>
        <BCME3450_row>
            <objectNo>  0291 國內旅費</objectNo>
            <budgetno_3523174100>238.00</budgetno_3523174100>
            <total>238.00</total>
        </BCME3450_row>
        <BCME3450_row>
            <objectNo>  0294 運費</objectNo>
            <budgetno_3523174100>6.00</budgetno_3523174100>
            <total>6.00</total>
        </BCME3450_row>
        <BCME3450_row>
            <objectNo>  0299 特別費</objectNo>
            <budgetno_3523174100>54.00</budgetno_3523174100>
            <total>54.00</total>
        </BCME3450_row>
        <BCME3450_row>
            <objectNo>0300 設備及投資</objectNo>
            <budgetno_3523174100>276.00</budgetno_3523174100>
            <total>276.00</total>
        </BCME3450_row>
        <BCME3450_row>
            <objectNo>  0319 雜項設備費</objectNo>
            <budgetno_3523174100>276.00</budgetno_3523174100>
            <total>276.00</total>
        </BCME3450_row>
        <BCME3450_row>
            <objectNo>0400 獎補助費</objectNo>
            <budgetno_3523174100>92.00</budgetno_3523174100>
            <total>92.00</total>
        </BCME3450_row>
        <BCME3450_row>
            <objectNo>  0475 獎勵及慰問</objectNo>
            <budgetno_3523174100>92.00</budgetno_3523174100>
            <total>92.00</total>
        </BCME3450_row>
    </BCME3450>
</tables>
