<?xml version="1.0" encoding="UTF-8"?>
<tables>
    <BCME3450>
        <BCME3450_row>
            <objectNo>合計</objectNo>
            <budgetno_3523174100>147041.00</budgetno_3523174100>
            <budgetno_3523179011>1455.00</budgetno_3523179011>
            <total>148496.00</total>
        </BCME3450_row>
        <BCME3450_row>
            <objectNo>0100 人事費</objectNo>
            <budgetno_3523174100>132889.00</budgetno_3523174100>
            <budgetno_3523179011/>
            <total>132889.00</total>
        </BCME3450_row>
        <BCME3450_row>
            <objectNo>  0103 法定編制人員待遇</objectNo>
            <budgetno_3523174100>79888.00</budgetno_3523174100>
            <budgetno_3523179011/>
            <total>79888.00</total>
        </BCME3450_row>
        <BCME3450_row>
            <objectNo>  0104 約聘僱人員待遇</objectNo>
            <budgetno_3523174100>6665.00</budgetno_3523174100>
            <budgetno_3523179011/>
            <total>6665.00</total>
        </BCME3450_row>
        <BCME3450_row>
            <objectNo>  0105 技工及工友待遇</objectNo>
            <budgetno_3523174100>1987.00</budgetno_3523174100>
            <budgetno_3523179011/>
            <total>1987.00</total>
        </BCME3450_row>
        <BCME3450_row>
            <objectNo>  0111 獎金</objectNo>
            <budgetno_3523174100>16430.00</budgetno_3523174100>
            <budgetno_3523179011/>
            <total>16430.00</total>
        </BCME3450_row>
        <BCME3450_row>
            <objectNo>  0121 其他給與</objectNo>
            <budgetno_3523174100>1329.00</budgetno_3523174100>
            <budgetno_3523179011/>
            <total>1329.00</total>
        </BCME3450_row>
        <BCME3450_row>
            <objectNo>  0131 加班值班費</objectNo>
            <budgetno_3523174100>11559.00</budgetno_3523174100>
            <budgetno_3523179011/>
            <total>11559.00</total>
        </BCME3450_row>
        <BCME3450_row>
            <objectNo>  0143 退休離職儲金</objectNo>
            <budgetno_3523174100>6787.00</budgetno_3523174100>
            <budgetno_3523179011/>
            <total>6787.00</total>
        </BCME3450_row>
        <BCME3450_row>
            <objectNo>  0151 保險</objectNo>
            <budgetno_3523174100>8244.00</budgetno_3523174100>
            <budgetno_3523179011/>
            <total>8244.00</total>
        </BCME3450_row>
        <BCME3450_row>
            <objectNo>0200 業務費</objectNo>
            <budgetno_3523174100>12962.00</budgetno_3523174100>
            <budgetno_3523179011/>
            <total>12962.00</total>
        </BCME3450_row>
        <BCME3450_row>
            <objectNo>  0201 教育訓練費</objectNo>
            <budgetno_3523174100>98.00</budgetno_3523174100>
            <budgetno_3523179011/>
            <total>98.00</total>
        </BCME3450_row>
        <BCME3450_row>
            <objectNo>  0202 水電費</objectNo>
            <budgetno_3523174100>3707.00</budgetno_3523174100>
            <budgetno_3523179011/>
            <total>3707.00</total>
        </BCME3450_row>
        <BCME3450_row>
            <objectNo>  0203 通訊費</objectNo>
            <budgetno_3523174100>487.00</budgetno_3523174100>
            <budgetno_3523179011/>
            <total>487.00</total>
        </BCME3450_row>
        <BCME3450_row>
            <objectNo>  0215 資訊服務費</objectNo>
            <budgetno_3523174100>90.00</budgetno_3523174100>
            <budgetno_3523179011/>
            <total>90.00</total>
        </BCME3450_row>
        <BCME3450_row>
            <objectNo>  0219 其他業務租金</objectNo>
            <budgetno_3523174100>90.00</budgetno_3523174100>
            <budgetno_3523179011/>
            <total>90.00</total>
        </BCME3450_row>
        <BCME3450_row>
            <objectNo>  0221 稅捐及規費</objectNo>
            <budgetno_3523174100>80.00</budgetno_3523174100>
            <budgetno_3523179011/>
            <total>80.00</total>
        </BCME3450_row>
        <BCME3450_row>
            <objectNo>  0231 保險費</objectNo>
            <budgetno_3523174100>125.00</budgetno_3523174100>
            <budgetno_3523179011/>
            <total>125.00</total>
        </BCME3450_row>
        <BCME3450_row>
            <objectNo>  0250 按日按件計資酬金</objectNo>
            <budgetno_3523174100>671.00</budgetno_3523174100>
            <budgetno_3523179011/>
            <total>671.00</total>
        </BCME3450_row>
        <BCME3450_row>
            <objectNo>  0262 國內組織會費</objectNo>
            <budgetno_3523174100>10.00</budgetno_3523174100>
            <budgetno_3523179011/>
            <total>10.00</total>
        </BCME3450_row>
        <BCME3450_row>
            <objectNo>  0271 物品</objectNo>
            <budgetno_3523174100>2476.00</budgetno_3523174100>
            <budgetno_3523179011/>
            <total>2476.00</total>
        </BCME3450_row>
        <BCME3450_row>
            <objectNo>  0279 一般事務費</objectNo>
            <budgetno_3523174100>2372.00</budgetno_3523174100>
            <budgetno_3523179011/>
            <total>2372.00</total>
        </BCME3450_row>
        <BCME3450_row>
            <objectNo>  0282 房屋建築養護費</objectNo>
            <budgetno_3523174100>926.00</budgetno_3523174100>
            <budgetno_3523179011/>
            <total>926.00</total>
        </BCME3450_row>
        <BCME3450_row>
            <objectNo>  0283 車輛及辦公器具養護費</objectNo>
            <budgetno_3523174100>339.00</budgetno_3523174100>
            <budgetno_3523179011/>
            <total>339.00</total>
        </BCME3450_row>
        <BCME3450_row>
            <objectNo>  0284 設施及機械設備養護費</objectNo>
            <budgetno_3523174100>747.00</budgetno_3523174100>
            <budgetno_3523179011/>
            <total>747.00</total>
        </BCME3450_row>
        <BCME3450_row>
            <objectNo>  0291 國內旅費</objectNo>
            <budgetno_3523174100>600.00</budgetno_3523174100>
            <budgetno_3523179011/>
            <total>600.00</total>
        </BCME3450_row>
        <BCME3450_row>
            <objectNo>  0294 運費</objectNo>
            <budgetno_3523174100>50.00</budgetno_3523174100>
            <budgetno_3523179011/>
            <total>50.00</total>
        </BCME3450_row>
        <BCME3450_row>
            <objectNo>  0299 特別費</objectNo>
            <budgetno_3523174100>94.00</budgetno_3523174100>
            <budgetno_3523179011/>
            <total>94.00</total>
        </BCME3450_row>
        <BCME3450_row>
            <objectNo>0300 設備及投資</objectNo>
            <budgetno_3523174100>1166.00</budgetno_3523174100>
            <budgetno_3523179011>1455.00</budgetno_3523179011>
            <total>2621.00</total>
        </BCME3450_row>
        <BCME3450_row>
            <objectNo>  0305 運輸設備費</objectNo>
            <budgetno_3523174100/>
            <budgetno_3523179011>1455.00</budgetno_3523179011>
            <total>1455.00</total>
        </BCME3450_row>
        <BCME3450_row>
            <objectNo>  0319 雜項設備費</objectNo>
            <budgetno_3523174100>1166.00</budgetno_3523174100>
            <budgetno_3523179011/>
            <total>1166.00</total>
        </BCME3450_row>
        <BCME3450_row>
            <objectNo>0400 獎補助費</objectNo>
            <budgetno_3523174100>24.00</budgetno_3523174100>
            <budgetno_3523179011/>
            <total>24.00</total>
        </BCME3450_row>
        <BCME3450_row>
            <objectNo>  0475 獎勵及慰問</objectNo>
            <budgetno_3523174100>24.00</budgetno_3523174100>
            <budgetno_3523179011/>
            <total>24.00</total>
        </BCME3450_row>
    </BCME3450>
</tables>
