﻿<?xml version="1.0" encoding="UTF-8"?>
<GenericData>
<Header>
<Table Id="FNWXBCSHFLOWR" Name="中華民國104年度作業基金平衡半年結算綜計表" Domain="NBA" /> 
<Program Id="NBAWJR020_C"/> 
<Sender Name="行政院主計總處"/>
</Header>
<DataSet>
<ROW>
<科目>資產</科目>
<金額>4808900856265.18</金額>
<百分比>100.0</百分比>
</ROW>
<ROW>
<科目>流動資產</科目>
<金額>1563280044781.62</金額>
<百分比>32.5</百分比>
</ROW>
<ROW>
<科目>現金</科目>
<金額>714457761509.26</金額>
<百分比>14.9</百分比>
</ROW>
<ROW>
<科目>流動金融資產</科目>
<金額>452786378957</金額>
<百分比>9.4</百分比>
</ROW>
<ROW>
<科目>應收款項</科目>
<金額>307915039661.81</金額>
<百分比>6.4</百分比>
</ROW>
<ROW>
<科目>存貨</科目>
<金額>46559287778.82</金額>
<百分比>1.0</百分比>
</ROW>
<ROW>
<科目>預付款項</科目>
<金額>18077095797.73</金額>
<百分比>0.4</百分比>
</ROW>
<ROW>
<科目>短期貸墊款</科目>
<金額>23484481077</金額>
<百分比>0.5</百分比>
</ROW>
<ROW>
<科目>投資、長期應收款、貸墊款及準備金</科目>
<金額>967289114112.38</金額>
<百分比>20.1</百分比>
</ROW>
<ROW>
<科目>長期投資</科目>
<金額>607813379067</金額>
<百分比>12.6</百分比>
</ROW>
<ROW>
<科目>長期應收款</科目>
<金額>7368828500</金額>
<百分比>0.2</百分比>
</ROW>
<ROW>
<科目>長期貸款</科目>
<金額>110920614757.5</金額>
<百分比>2.3</百分比>
</ROW>
<ROW>
<科目>長期墊款</科目>
<金額>131487224797.88</金額>
<百分比>2.7</百分比>
</ROW>
<ROW>
<科目>準備金</科目>
<金額>109699066990</金額>
<百分比>2.3</百分比>
</ROW>
<ROW>
<科目>固定資產</科目>
<金額>1674258644059</金額>
<百分比>34.8</百分比>
</ROW>
<ROW>
<科目>土地</科目>
<金額>587232500540</金額>
<百分比>12.2</百分比>
</ROW>
<ROW>
<科目>土地改良物</科目>
<金額>461072687133</金額>
<百分比>9.6</百分比>
</ROW>
<ROW>
<科目>房屋及建築</科目>
<金額>221387936935</金額>
<百分比>4.6</百分比>
</ROW>
<ROW>
<科目>機械及設備</科目>
<金額>74759519295</金額>
<百分比>1.6</百分比>
</ROW>
<ROW>
<科目>交通及運輸設備</科目>
<金額>61621208253</金額>
<百分比>1.3</百分比>
</ROW>
<ROW>
<科目>什項設備</科目>
<金額>40873563547</金額>
<百分比>0.8</百分比>
</ROW>
<ROW>
<科目>租賃資產</科目>
<金額>0</金額>
<百分比></百分比>
</ROW>
<ROW>
<科目>租賃權益改良</科目>
<金額>37493974</金額>
<百分比>-</百分比>
</ROW>
<ROW>
<科目>購建中固定資產</科目>
<金額>227273734382</金額>
<百分比>4.7</百分比>
</ROW>
<ROW>
<科目>遞耗資產</科目>
<金額>18156408</金額>
<百分比>-</百分比>
</ROW>
<ROW>
<科目>農作物</科目>
<金額>6528088</金額>
<百分比>-</百分比>
</ROW>
<ROW>
<科目>經濟動物</科目>
<金額>10554588</金額>
<百分比>-</百分比>
</ROW>
<ROW>
<科目>礦源</科目>
<金額>1073732</金額>
<百分比>-</百分比>
</ROW>
<ROW>
<科目>無形資產</科目>
<金額>2478547368</金額>
<百分比>0.1</百分比>
</ROW>
<ROW>
<科目>無形資產</科目>
<金額>2478547368</金額>
<百分比>0.1</百分比>
</ROW>
<ROW>
<科目>遞延借項</科目>
<金額>9171560893</金額>
<百分比>0.2</百分比>
</ROW>
<ROW>
<科目>遞延費用</科目>
<金額>9171560893</金額>
<百分比>0.2</百分比>
</ROW>
<ROW>
<科目>其他資產</科目>
<金額>592404788643.18</金額>
<百分比>12.3</百分比>
</ROW>
<ROW>
<科目>非業務資產</科目>
<金額>5906208499.18</金額>
<百分比>0.1</百分比>
</ROW>
<ROW>
<科目>什項資產</科目>
<金額>586498580144</金額>
<百分比>12.2</百分比>
</ROW>
<ROW>
<科目>待整理資產</科目>
<金額>0</金額>
<百分比></百分比>
</ROW>
<ROW>
<科目>附設業務組織權益</科目>
<金額>0</金額>
<百分比></百分比>
</ROW>
<ROW>
<科目>合計</科目>
<金額>4808900856265.18</金額>
<百分比>100.0</百分比>
</ROW>
<ROW>
<科目>負債</科目>
<金額>2650530833487.62</金額>
<百分比>55.1</百分比>
</ROW>
<ROW>
<科目>流動負債</科目>
<金額>355607113142.47</金額>
<百分比>7.4</百分比>
</ROW>
<ROW>
<科目>短期債務</科目>
<金額>174718408904</金額>
<百分比>3.6</百分比>
</ROW>
<ROW>
<科目>應付款項</科目>
<金額>140289639824.49</金額>
<百分比>2.9</百分比>
</ROW>
<ROW>
<科目>預收款項</科目>
<金額>40469104887.98</金額>
<百分比>0.8</百分比>
</ROW>
<ROW>
<科目>流動金融負債</科目>
<金額>129959526</金額>
<百分比>-</百分比>
</ROW>
<ROW>
<科目>長期負債</科目>
<金額>318596852378</金額>
<百分比>6.6</百分比>
</ROW>
<ROW>
<科目>長期債務</科目>
<金額>318596852378</金額>
<百分比>6.6</百分比>
</ROW>
<ROW>
<科目>非流動金融負債</科目>
<金額>0</金額>
<百分比></百分比>
</ROW>
<ROW>
<科目>其他負債</科目>
<金額>1976117307496.15</金額>
<百分比>41.1</百分比>
</ROW>
<ROW>
<科目>負債準備</科目>
<金額>1348859789705.74</金額>
<百分比>28.0</百分比>
</ROW>
<ROW>
<科目>什項負債</科目>
<金額>627257517790.41</金額>
<百分比>13.0</百分比>
</ROW>
<ROW>
<科目>遞延貸項</科目>
<金額>209560471</金額>
<百分比>-</百分比>
</ROW>
<ROW>
<科目>遞延收入</科目>
<金額>209560471</金額>
<百分比>-</百分比>
</ROW>
<ROW>
<科目>淨值</科目>
<金額>2158370022777.56</金額>
<百分比>44.9</百分比>
</ROW>
<ROW>
<科目>基金</科目>
<金額>1499062095438.96</金額>
<百分比>31.2</百分比>
</ROW>
<ROW>
<科目>基金</科目>
<金額>1499062095438.96</金額>
<百分比>31.2</百分比>
</ROW>
<ROW>
<科目>公積</科目>
<金額>247763454837.99</金額>
<百分比>5.2</百分比>
</ROW>
<ROW>
<科目>資本公積</科目>
<金額>203155938978.78</金額>
<百分比>4.2</百分比>
</ROW>
<ROW>
<科目>特別公積</科目>
<金額>44607515859.21</金額>
<百分比>0.9</百分比>
</ROW>
<ROW>
<科目>累積餘絀(-)</科目>
<金額>-36774609070.7</金額>
<百分比>-0.8</百分比>
</ROW>
<ROW>
<科目>累積賸餘</科目>
<金額>50478725733.47</金額>
<百分比>1.0</百分比>
</ROW>
<ROW>
<科目>累積短絀(-)</科目>
<金額>-87253334804.17</金額>
<百分比>-1.8</百分比>
</ROW>
<ROW>
<科目>淨值其他項目</科目>
<金額>448319081571.31</金額>
<百分比>9.3</百分比>
</ROW>
<ROW>
<科目>金融商品未實現餘絀</科目>
<金額>267289973137</金額>
<百分比>5.6</百分比>
</ROW>
<ROW>
<科目>累積換算調整數</科目>
<金額>-285982</金額>
<百分比>-</百分比>
</ROW>
<ROW>
<科目>未認列為退休金成本之淨損失</科目>
<金額>-27990733</金額>
<百分比>-</百分比>
</ROW>

<ROW>
<科目>未實現重估增值</科目>
<金額>181057385149.31</金額>
<百分比>3.8</百分比>
</ROW>
<ROW>
<科目>合計</科目>
<金額>4808900856265.18</金額>
<百分比>100.0</百分比>
</ROW>
<COMM>1.信託代理與保證資產(負債)58,764,979,728元。
2.因擔保、保證或契約可能造成未來會計年度支出事項(包括或有負債)10,170,657,755,052元。<COMM/>
</DataSet>
</GenericData>
