<?xml version="1.0" encoding="UTF-8"?>
<Root>
    <Row>
        <款>13</款>
        <項/>
        <目/>
        <節/>
        <科目名稱>經濟部主管</科目名稱>
        <人事費>1117597</人事費>
        <業務費_經>925009</業務費_經>
        <奬補助費_經>12208</奬補助費_經>
        <債務費>0</債務費>
        <預備金_經>3000</預備金_經>
        <經常支出小計>2057814</經常支出小計>
        <業務費_資>58177</業務費_資>
        <設備及投資>81071</設備及投資>
        <奬補助費_資>0</奬補助費_資>
        <預備金_資>0</預備金_資>
        <資本支出小計>139248</資本支出小計>
        <合計>2197062</合計>
    </Row>
    <Row>
        <款/>
        <項>4</項>
        <目/>
        <節/>
        <科目名稱>標準檢驗局及所屬</科目名稱>
        <人事費>1117597</人事費>
        <業務費_經>925009</業務費_經>
        <奬補助費_經>12208</奬補助費_經>
        <債務費>0</債務費>
        <預備金_經>3000</預備金_經>
        <經常支出小計>2057814</經常支出小計>
        <業務費_資>58177</業務費_資>
        <設備及投資>81071</設備及投資>
        <奬補助費_資>0</奬補助費_資>
        <預備金_資>0</預備金_資>
        <資本支出小計>139248</資本支出小計>
        <合計>2197062</合計>
    </Row>
    <Row>
        <款/>
        <項/>
        <目/>
        <節/>
        <科目名稱>科學支出</科目名稱>
        <人事費>0</人事費>
        <業務費_經>425340</業務費_經>
        <奬補助費_經>4365</奬補助費_經>
        <債務費>0</債務費>
        <預備金_經>0</預備金_經>
        <經常支出小計>429705</經常支出小計>
        <業務費_資>58177</業務費_資>
        <設備及投資>24904</設備及投資>
        <奬補助費_資>0</奬補助費_資>
        <預備金_資>0</預備金_資>
        <資本支出小計>83081</資本支出小計>
        <合計>512786</合計>
    </Row>
    <Row>
        <款/>
        <項/>
        <目>1</目>
        <節/>
        <科目名稱>建立及維持度量衡標準</科目名稱>
        <人事費>0</人事費>
        <業務費_經>355566</業務費_經>
        <奬補助費_經>0</奬補助費_經>
        <債務費>0</債務費>
        <預備金_經>0</預備金_經>
        <經常支出小計>355566</經常支出小計>
        <業務費_資>58177</業務費_資>
        <設備及投資>0</設備及投資>
        <奬補助費_資>0</奬補助費_資>
        <預備金_資>0</預備金_資>
        <資本支出小計>58177</資本支出小計>
        <合計>413743</合計>
    </Row>
    <Row>
        <款/>
        <項/>
        <目>2</目>
        <節/>
        <科目名稱>建立及維護國家標準</科目名稱>
        <人事費>0</人事費>
        <業務費_經>69774</業務費_經>
        <奬補助費_經>4365</奬補助費_經>
        <債務費>0</債務費>
        <預備金_經>0</預備金_經>
        <經常支出小計>74139</經常支出小計>
        <業務費_資>0</業務費_資>
        <設備及投資>24904</設備及投資>
        <奬補助費_資>0</奬補助費_資>
        <預備金_資>0</預備金_資>
        <資本支出小計>24904</資本支出小計>
        <合計>99043</合計>
    </Row>
    <Row>
        <款/>
        <項/>
        <目/>
        <節/>
        <科目名稱>其他經濟服務支出</科目名稱>
        <人事費>1117597</人事費>
        <業務費_經>499669</業務費_經>
        <奬補助費_經>7843</奬補助費_經>
        <債務費>0</債務費>
        <預備金_經>3000</預備金_經>
        <經常支出小計>1628109</經常支出小計>
        <業務費_資>0</業務費_資>
        <設備及投資>56167</設備及投資>
        <奬補助費_資>0</奬補助費_資>
        <預備金_資>0</預備金_資>
        <資本支出小計>56167</資本支出小計>
        <合計>1684276</合計>
    </Row>
    <Row>
        <款/>
        <項/>
        <目>3</目>
        <節/>
        <科目名稱>一般行政</科目名稱>
        <人事費>1117597</人事費>
        <業務費_經>118013</業務費_經>
        <奬補助費_經>5112</奬補助費_經>
        <債務費>0</債務費>
        <預備金_經>0</預備金_經>
        <經常支出小計>1240722</經常支出小計>
        <業務費_資>0</業務費_資>
        <設備及投資>12362</設備及投資>
        <奬補助費_資>0</奬補助費_資>
        <預備金_資>0</預備金_資>
        <資本支出小計>12362</資本支出小計>
        <合計>1253084</合計>
    </Row>
    <Row>
        <款/>
        <項/>
        <目>4</目>
        <節/>
        <科目名稱>標準檢驗及度政管理</科目名稱>
        <人事費>0</人事費>
        <業務費_經>381656</業務費_經>
        <奬補助費_經>2731</奬補助費_經>
        <債務費>0</債務費>
        <預備金_經>0</預備金_經>
        <經常支出小計>384387</經常支出小計>
        <業務費_資>0</業務費_資>
        <設備及投資>42039</設備及投資>
        <奬補助費_資>0</奬補助費_資>
        <預備金_資>0</預備金_資>
        <資本支出小計>42039</資本支出小計>
        <合計>426426</合計>
    </Row>
    <Row>
        <款/>
        <項/>
        <目>5</目>
        <節/>
        <科目名稱>一般建築及設備</科目名稱>
        <人事費>0</人事費>
        <業務費_經>0</業務費_經>
        <奬補助費_經>0</奬補助費_經>
        <債務費>0</債務費>
        <預備金_經>0</預備金_經>
        <經常支出小計>0</經常支出小計>
        <業務費_資>0</業務費_資>
        <設備及投資>1766</設備及投資>
        <奬補助費_資>0</奬補助費_資>
        <預備金_資>0</預備金_資>
        <資本支出小計>1766</資本支出小計>
        <合計>1766</合計>
    </Row>
    <Row>
        <款/>
        <項/>
        <目/>
        <節>1</節>
        <科目名稱>交通及運輸設備</科目名稱>
        <人事費>0</人事費>
        <業務費_經>0</業務費_經>
        <奬補助費_經>0</奬補助費_經>
        <債務費>0</債務費>
        <預備金_經>0</預備金_經>
        <經常支出小計>0</經常支出小計>
        <業務費_資>0</業務費_資>
        <設備及投資>1766</設備及投資>
        <奬補助費_資>0</奬補助費_資>
        <預備金_資>0</預備金_資>
        <資本支出小計>1766</資本支出小計>
        <合計>1766</合計>
    </Row>
    <Row>
        <款/>
        <項/>
        <目>6</目>
        <節/>
        <科目名稱>第一預備金</科目名稱>
        <人事費>0</人事費>
        <業務費_經>0</業務費_經>
        <奬補助費_經>0</奬補助費_經>
        <債務費>0</債務費>
        <預備金_經>3000</預備金_經>
        <經常支出小計>3000</經常支出小計>
        <業務費_資>0</業務費_資>
        <設備及投資>0</設備及投資>
        <奬補助費_資>0</奬補助費_資>
        <預備金_資>0</預備金_資>
        <資本支出小計>0</資本支出小計>
        <合計>3000</合計>
    </Row>
</Root>
