<?xml version="1.0" encoding="UTF-8"?>
<tables>
    <BCME3470>
        <BCME3470_row>
            <budgetno>00260000000</budgetno>
            <budgetname>經濟部主管</budgetname>
            <damt1>0.000000</damt1>
            <damt2>0.000000</damt2>
            <damt3>0.000000</damt3>
            <damt4>60801.000000</damt4>
            <damt5>1766.000000</damt5>
            <damt6>15834.000000</damt6>
            <damt7>2670.000000</damt7>
            <damt8>0.000000</damt8>
            <damt9>58177.000000</damt9>
            <damt10>139248.000000</damt10>
            <no1>13</no1>
            <no2>00</no2>
            <no3>00</no3>
            <no4>00</no4>
            <budgetno_conver>0026000000</budgetno_conver>
            <b_level>1</b_level>
        </BCME3470_row>
        <BCME3470_row>
            <budgetno>00260310000</budgetno>
            <budgetname>標準檢驗局及所屬</budgetname>
            <damt1>0.000000</damt1>
            <damt2>0.000000</damt2>
            <damt3>0.000000</damt3>
            <damt4>60801.000000</damt4>
            <damt5>1766.000000</damt5>
            <damt6>15834.000000</damt6>
            <damt7>2670.000000</damt7>
            <damt8>0.000000</damt8>
            <damt9>58177.000000</damt9>
            <damt10>139248.000000</damt10>
            <no1>13</no1>
            <no2>04</no2>
            <no3>00</no3>
            <no4>00</no4>
            <budgetno_conver>0026310000</budgetno_conver>
            <b_level>2</b_level>
        </BCME3470_row>
        <BCME3470_row>
            <budgetno>52260310000</budgetno>
            <budgetname>科學支出</budgetname>
            <damt1>0.000000</damt1>
            <damt2>0.000000</damt2>
            <damt3>0.000000</damt3>
            <damt4>19500.000000</damt4>
            <damt5>0.000000</damt5>
            <damt6>5404.000000</damt6>
            <damt7>0.000000</damt7>
            <damt8>0.000000</damt8>
            <damt9>58177.000000</damt9>
            <damt10>83081.000000</damt10>
            <no1>13</no1>
            <no2/>
            <no3/>
            <no4>00</no4>
            <budgetno_conver>5226310000</budgetno_conver>
            <b_level>2</b_level>
        </BCME3470_row>
        <BCME3470_row>
            <budgetno>52260310400</budgetno>
            <budgetname>建立及維持度量衡標準</budgetname>
            <damt1>0.000000</damt1>
            <damt2>0.000000</damt2>
            <damt3>0.000000</damt3>
            <damt4>0.000000</damt4>
            <damt5>0.000000</damt5>
            <damt6>0.000000</damt6>
            <damt7>0.000000</damt7>
            <damt8>0.000000</damt8>
            <damt9>58177.000000</damt9>
            <damt10>58177.000000</damt10>
            <no1>13</no1>
            <no2>04</no2>
            <no3>01</no3>
            <no4>00</no4>
            <budgetno_conver>5226310400</budgetno_conver>
            <b_level>3</b_level>
        </BCME3470_row>
        <BCME3470_row>
            <budgetno>52260310500</budgetno>
            <budgetname>建立及維護國家標準</budgetname>
            <damt1>0.000000</damt1>
            <damt2>0.000000</damt2>
            <damt3>0.000000</damt3>
            <damt4>19500.000000</damt4>
            <damt5>0.000000</damt5>
            <damt6>5404.000000</damt6>
            <damt7>0.000000</damt7>
            <damt8>0.000000</damt8>
            <damt9>0.000000</damt9>
            <damt10>24904.000000</damt10>
            <no1>13</no1>
            <no2>04</no2>
            <no3>02</no3>
            <no4>00</no4>
            <budgetno_conver>5226310500</budgetno_conver>
            <b_level>3</b_level>
        </BCME3470_row>
        <BCME3470_row>
            <budgetno>61260310000</budgetno>
            <budgetname>其他經濟服務支出</budgetname>
            <damt1>0.000000</damt1>
            <damt2>0.000000</damt2>
            <damt3>0.000000</damt3>
            <damt4>41301.000000</damt4>
            <damt5>1766.000000</damt5>
            <damt6>10430.000000</damt6>
            <damt7>2670.000000</damt7>
            <damt8>0.000000</damt8>
            <damt9>0.000000</damt9>
            <damt10>56167.000000</damt10>
            <no1>13</no1>
            <no2/>
            <no3>01</no3>
            <no4>00</no4>
            <budgetno_conver>6126310000</budgetno_conver>
            <b_level>2</b_level>
        </BCME3470_row>
        <BCME3470_row>
            <budgetno>61260310100</budgetno>
            <budgetname>一般行政</budgetname>
            <damt1>0.000000</damt1>
            <damt2>0.000000</damt2>
            <damt3>0.000000</damt3>
            <damt4>0.000000</damt4>
            <damt5>0.000000</damt5>
            <damt6>10430.000000</damt6>
            <damt7>1932.000000</damt7>
            <damt8>0.000000</damt8>
            <damt9>0.000000</damt9>
            <damt10>12362.000000</damt10>
            <no1>13</no1>
            <no2>04</no2>
            <no3>03</no3>
            <no4>00</no4>
            <budgetno_conver>6126310100</budgetno_conver>
            <b_level>3</b_level>
        </BCME3470_row>
        <BCME3470_row>
            <budgetno>61260310200</budgetno>
            <budgetname>標準檢驗及度政管理</budgetname>
            <damt1>0.000000</damt1>
            <damt2>0.000000</damt2>
            <damt3>0.000000</damt3>
            <damt4>41301.000000</damt4>
            <damt5>0.000000</damt5>
            <damt6>0.000000</damt6>
            <damt7>738.000000</damt7>
            <damt8>0.000000</damt8>
            <damt9>0.000000</damt9>
            <damt10>42039.000000</damt10>
            <no1>13</no1>
            <no2>04</no2>
            <no3>04</no3>
            <no4>00</no4>
            <budgetno_conver>6126310200</budgetno_conver>
            <b_level>3</b_level>
        </BCME3470_row>
        <BCME3470_row>
            <budgetno>61260319000</budgetno>
            <budgetname>一般建築及設備</budgetname>
            <damt1>0.000000</damt1>
            <damt2>0.000000</damt2>
            <damt3>0.000000</damt3>
            <damt4>0.000000</damt4>
            <damt5>1766.000000</damt5>
            <damt6>0.000000</damt6>
            <damt7>0.000000</damt7>
            <damt8>0.000000</damt8>
            <damt9>0.000000</damt9>
            <damt10>1766.000000</damt10>
            <no1>13</no1>
            <no2>04</no2>
            <no3>05</no3>
            <no4>00</no4>
            <budgetno_conver>6126319000</budgetno_conver>
            <b_level>3</b_level>
        </BCME3470_row>
        <BCME3470_row>
            <budgetno>61260319011</budgetno>
            <budgetname>交通及運輸設備</budgetname>
            <damt1>0.000000</damt1>
            <damt2>0.000000</damt2>
            <damt3>0.000000</damt3>
            <damt4>0.000000</damt4>
            <damt5>1766.000000</damt5>
            <damt6>0.000000</damt6>
            <damt7>0.000000</damt7>
            <damt8>0.000000</damt8>
            <damt9>0.000000</damt9>
            <damt10>1766.000000</damt10>
            <no1>13</no1>
            <no2>04</no2>
            <no3>05</no3>
            <no4>01</no4>
            <budgetno_conver>6126319011</budgetno_conver>
            <b_level>4</b_level>
        </BCME3470_row>
    </BCME3470>
</tables>
