<?xml version="1.0" encoding="UTF-8"?>
<tables>
    <BCTMCAR>
        <BCTMCAR_row>
            <bq_fiscalyear>105</bq_fiscalyear>
            <bq_fundkind>1</bq_fundkind>
            <bq_budgetkind>1</bq_budgetkind>
            <bq_specialbudgetno/>
            <bq_agenno>26031</bq_agenno>
            <bq_agentype>B</bq_agentype>
            <bq_budgetstate>2</bq_budgetstate>
            <bq_budgetno>61260310100</bq_budgetno>
            <bq_objectno>07351500</bq_objectno>
            <bq_carid>040-BQ</bq_carid>
            <bq_persons>2</bq_persons>
            <bq_buydate>10009</bq_buydate>
            <bq_ventsize>12913</bq_ventsize>
            <bq_oilamt>2280</bq_oilamt>
            <bq_oilprice>22.20</bq_oilprice>
            <bq_amt_maintain>34000.00</bq_amt_maintain>
            <bq_amt5>57414.00</bq_amt5>
            <bq_carnum>1</bq_carnum>
            <bq_remark>(總局)</bq_remark>
            <bq_lpgamt>0</bq_lpgamt>
            <bq_lpgprice>0.00</bq_lpgprice>
            <bq_versiondate/>
        </BCTMCAR_row>
        <BCTMCAR_row>
            <bq_fiscalyear>105</bq_fiscalyear>
            <bq_fundkind>1</bq_fundkind>
            <bq_budgetkind>1</bq_budgetkind>
            <bq_specialbudgetno/>
            <bq_agenno>26031</bq_agenno>
            <bq_agentype>B</bq_agentype>
            <bq_budgetstate>2</bq_budgetstate>
            <bq_budgetno>61260310100</bq_budgetno>
            <bq_objectno>07350901</bq_objectno>
            <bq_carid>0435-P5</bq_carid>
            <bq_persons>7</bq_persons>
            <bq_buydate>10104</bq_buydate>
            <bq_ventsize>2198</bq_ventsize>
            <bq_oilamt>852</bq_oilamt>
            <bq_oilprice>25.70</bq_oilprice>
            <bq_amt_maintain>32000.00</bq_amt_maintain>
            <bq_amt5>21000.00</bq_amt5>
            <bq_carnum>1</bq_carnum>
            <bq_remark>油氣雙燃料車(臺中分局)</bq_remark>
            <bq_lpgamt>972</bq_lpgamt>
            <bq_lpgprice>18.40</bq_lpgprice>
            <bq_versiondate/>
        </BCTMCAR_row>
        <BCTMCAR_row>
            <bq_fiscalyear>105</bq_fiscalyear>
            <bq_fundkind>1</bq_fundkind>
            <bq_budgetkind>1</bq_budgetkind>
            <bq_specialbudgetno/>
            <bq_agenno>26031</bq_agenno>
            <bq_agentype>B</bq_agentype>
            <bq_budgetstate>2</bq_budgetstate>
            <bq_budgetno>61260310100</bq_budgetno>
            <bq_objectno>07350901</bq_objectno>
            <bq_carid>0462-N2</bq_carid>
            <bq_persons>7</bq_persons>
            <bq_buydate>10007</bq_buydate>
            <bq_ventsize>2198</bq_ventsize>
            <bq_oilamt>852</bq_oilamt>
            <bq_oilprice>25.70</bq_oilprice>
            <bq_amt_maintain>34000.00</bq_amt_maintain>
            <bq_amt5>21962.00</bq_amt5>
            <bq_carnum>1</bq_carnum>
            <bq_remark>油氣雙燃料車。(新竹分局)</bq_remark>
            <bq_lpgamt>972</bq_lpgamt>
            <bq_lpgprice>18.40</bq_lpgprice>
            <bq_versiondate/>
        </BCTMCAR_row>
        <BCTMCAR_row>
            <bq_fiscalyear>105</bq_fiscalyear>
            <bq_fundkind>1</bq_fundkind>
            <bq_budgetkind>1</bq_budgetkind>
            <bq_specialbudgetno/>
            <bq_agenno>26031</bq_agenno>
            <bq_agentype>B</bq_agentype>
            <bq_budgetstate>2</bq_budgetstate>
            <bq_budgetno>61260310100</bq_budgetno>
            <bq_objectno>07350901</bq_objectno>
            <bq_carid>0463-N2</bq_carid>
            <bq_persons>7</bq_persons>
            <bq_buydate>10007</bq_buydate>
            <bq_ventsize>2198</bq_ventsize>
            <bq_oilamt>852</bq_oilamt>
            <bq_oilprice>25.70</bq_oilprice>
            <bq_amt_maintain>34000.00</bq_amt_maintain>
            <bq_amt5>21962.00</bq_amt5>
            <bq_carnum>1</bq_carnum>
            <bq_remark>油氣雙燃料車。(新竹分局)</bq_remark>
            <bq_lpgamt>972</bq_lpgamt>
            <bq_lpgprice>18.40</bq_lpgprice>
            <bq_versiondate/>
        </BCTMCAR_row>
        <BCTMCAR_row>
            <bq_fiscalyear>105</bq_fiscalyear>
            <bq_fundkind>1</bq_fundkind>
            <bq_budgetkind>1</bq_budgetkind>
            <bq_specialbudgetno/>
            <bq_agenno>26031</bq_agenno>
            <bq_agentype>B</bq_agentype>
            <bq_budgetstate>2</bq_budgetstate>
            <bq_budgetno>61260310100</bq_budgetno>
            <bq_objectno>07350901</bq_objectno>
            <bq_carid>0476-L8</bq_carid>
            <bq_persons>7</bq_persons>
            <bq_buydate>10105</bq_buydate>
            <bq_ventsize>2198</bq_ventsize>
            <bq_oilamt>852</bq_oilamt>
            <bq_oilprice>25.70</bq_oilprice>
            <bq_amt_maintain>31000.00</bq_amt_maintain>
            <bq_amt5>22000.00</bq_amt5>
            <bq_carnum>1</bq_carnum>
            <bq_remark>油氣雙燃料車。(基隆分局)</bq_remark>
            <bq_lpgamt>972</bq_lpgamt>
            <bq_lpgprice>18.40</bq_lpgprice>
            <bq_versiondate/>
        </BCTMCAR_row>
        <BCTMCAR_row>
            <bq_fiscalyear>105</bq_fiscalyear>
            <bq_fundkind>1</bq_fundkind>
            <bq_budgetkind>1</bq_budgetkind>
            <bq_specialbudgetno/>
            <bq_agenno>26031</bq_agenno>
            <bq_agentype>B</bq_agentype>
            <bq_budgetstate>2</bq_budgetstate>
            <bq_budgetno>61260310100</bq_budgetno>
            <bq_objectno>07350901</bq_objectno>
            <bq_carid>0477-L8</bq_carid>
            <bq_persons>7</bq_persons>
            <bq_buydate>10105</bq_buydate>
            <bq_ventsize>2198</bq_ventsize>
            <bq_oilamt>852</bq_oilamt>
            <bq_oilprice>25.70</bq_oilprice>
            <bq_amt_maintain>31000.00</bq_amt_maintain>
            <bq_amt5>22000.00</bq_amt5>
            <bq_carnum>1</bq_carnum>
            <bq_remark>油氣雙燃料車。(基隆分局)</bq_remark>
            <bq_lpgamt>972</bq_lpgamt>
            <bq_lpgprice>18.40</bq_lpgprice>
            <bq_versiondate/>
        </BCTMCAR_row>
        <BCTMCAR_row>
            <bq_fiscalyear>105</bq_fiscalyear>
            <bq_fundkind>1</bq_fundkind>
            <bq_budgetkind>1</bq_budgetkind>
            <bq_specialbudgetno/>
            <bq_agenno>26031</bq_agenno>
            <bq_agentype>B</bq_agentype>
            <bq_budgetstate>2</bq_budgetstate>
            <bq_budgetno>61260310100</bq_budgetno>
            <bq_objectno>07350901</bq_objectno>
            <bq_carid>0650-K5</bq_carid>
            <bq_persons>7</bq_persons>
            <bq_buydate>10105</bq_buydate>
            <bq_ventsize>2198</bq_ventsize>
            <bq_oilamt>852</bq_oilamt>
            <bq_oilprice>25.70</bq_oilprice>
            <bq_amt_maintain>31167.00</bq_amt_maintain>
            <bq_amt5>21512.00</bq_amt5>
            <bq_carnum>1</bq_carnum>
            <bq_remark>油氣雙燃料車。(高雄分局)</bq_remark>
            <bq_lpgamt>972</bq_lpgamt>
            <bq_lpgprice>18.40</bq_lpgprice>
            <bq_versiondate/>
        </BCTMCAR_row>
        <BCTMCAR_row>
            <bq_fiscalyear>105</bq_fiscalyear>
            <bq_fundkind>1</bq_fundkind>
            <bq_budgetkind>1</bq_budgetkind>
            <bq_specialbudgetno/>
            <bq_agenno>26031</bq_agenno>
            <bq_agentype>B</bq_agentype>
            <bq_budgetstate>2</bq_budgetstate>
            <bq_budgetno>61260310100</bq_budgetno>
            <bq_objectno>07351600</bq_objectno>
            <bq_carid>10</bq_carid>
            <bq_persons>1</bq_persons>
            <bq_buydate>10203</bq_buydate>
            <bq_ventsize>0</bq_ventsize>
            <bq_oilamt>0</bq_oilamt>
            <bq_oilprice>0.00</bq_oilprice>
            <bq_amt_maintain>1700.00</bq_amt_maintain>
            <bq_amt5>600.00</bq_amt5>
            <bq_carnum>1</bq_carnum>
            <bq_remark>569-QEW。電動機車。(高雄分局)</bq_remark>
            <bq_lpgamt>0</bq_lpgamt>
            <bq_lpgprice>0.00</bq_lpgprice>
            <bq_versiondate/>
        </BCTMCAR_row>
        <BCTMCAR_row>
            <bq_fiscalyear>105</bq_fiscalyear>
            <bq_fundkind>1</bq_fundkind>
            <bq_budgetkind>1</bq_budgetkind>
            <bq_specialbudgetno/>
            <bq_agenno>26031</bq_agenno>
            <bq_agentype>B</bq_agentype>
            <bq_budgetstate>2</bq_budgetstate>
            <bq_budgetno>61260310100</bq_budgetno>
            <bq_objectno>07351600</bq_objectno>
            <bq_carid>11</bq_carid>
            <bq_persons>1</bq_persons>
            <bq_buydate>09105</bq_buydate>
            <bq_ventsize>125</bq_ventsize>
            <bq_oilamt>624</bq_oilamt>
            <bq_oilprice>25.70</bq_oilprice>
            <bq_amt_maintain>3400.00</bq_amt_maintain>
            <bq_amt5>2100.00</bq_amt5>
            <bq_carnum>2</bq_carnum>
            <bq_remark>LL5-498(預計105年3月汰換)、LL5-499。(花蓮分局)</bq_remark>
            <bq_lpgamt>0</bq_lpgamt>
            <bq_lpgprice>0.00</bq_lpgprice>
            <bq_versiondate/>
        </BCTMCAR_row>
        <BCTMCAR_row>
            <bq_fiscalyear>105</bq_fiscalyear>
            <bq_fundkind>1</bq_fundkind>
            <bq_budgetkind>1</bq_budgetkind>
            <bq_specialbudgetno/>
            <bq_agenno>26031</bq_agenno>
            <bq_agentype>B</bq_agentype>
            <bq_budgetstate>2</bq_budgetstate>
            <bq_budgetno>61260310100</bq_budgetno>
            <bq_objectno>07351600</bq_objectno>
            <bq_carid>12</bq_carid>
            <bq_persons>1</bq_persons>
            <bq_buydate>09004</bq_buydate>
            <bq_ventsize>125</bq_ventsize>
            <bq_oilamt>312</bq_oilamt>
            <bq_oilprice>25.70</bq_oilprice>
            <bq_amt_maintain>1700.00</bq_amt_maintain>
            <bq_amt5>1050.00</bq_amt5>
            <bq_carnum>1</bq_carnum>
            <bq_remark>JG6-486。預計105年3月汰換。(基隆分局)</bq_remark>
            <bq_lpgamt>0</bq_lpgamt>
            <bq_lpgprice>0.00</bq_lpgprice>
            <bq_versiondate/>
        </BCTMCAR_row>
        <BCTMCAR_row>
            <bq_fiscalyear>105</bq_fiscalyear>
            <bq_fundkind>1</bq_fundkind>
            <bq_budgetkind>1</bq_budgetkind>
            <bq_specialbudgetno/>
            <bq_agenno>26031</bq_agenno>
            <bq_agentype>B</bq_agentype>
            <bq_budgetstate>2</bq_budgetstate>
            <bq_budgetno>61260310100</bq_budgetno>
            <bq_objectno>07351600</bq_objectno>
            <bq_carid>13</bq_carid>
            <bq_persons>1</bq_persons>
            <bq_buydate>09404</bq_buydate>
            <bq_ventsize>125</bq_ventsize>
            <bq_oilamt>624</bq_oilamt>
            <bq_oilprice>25.70</bq_oilprice>
            <bq_amt_maintain>3400.00</bq_amt_maintain>
            <bq_amt5>2100.00</bq_amt5>
            <bq_carnum>2</bq_carnum>
            <bq_remark>J6D-525、J6D-526。(基隆分局)</bq_remark>
            <bq_lpgamt>0</bq_lpgamt>
            <bq_lpgprice>0.00</bq_lpgprice>
            <bq_versiondate/>
        </BCTMCAR_row>
        <BCTMCAR_row>
            <bq_fiscalyear>105</bq_fiscalyear>
            <bq_fundkind>1</bq_fundkind>
            <bq_budgetkind>1</bq_budgetkind>
            <bq_specialbudgetno/>
            <bq_agenno>26031</bq_agenno>
            <bq_agentype>B</bq_agentype>
            <bq_budgetstate>2</bq_budgetstate>
            <bq_budgetno>61260310100</bq_budgetno>
            <bq_objectno>07351600</bq_objectno>
            <bq_carid>14</bq_carid>
            <bq_persons>1</bq_persons>
            <bq_buydate>09903</bq_buydate>
            <bq_ventsize>125</bq_ventsize>
            <bq_oilamt>312</bq_oilamt>
            <bq_oilprice>25.70</bq_oilprice>
            <bq_amt_maintain>1700.00</bq_amt_maintain>
            <bq_amt5>1050.00</bq_amt5>
            <bq_carnum>1</bq_carnum>
            <bq_remark>822-GLM。(基隆分局)</bq_remark>
            <bq_lpgamt>0</bq_lpgamt>
            <bq_lpgprice>0.00</bq_lpgprice>
            <bq_versiondate/>
        </BCTMCAR_row>
        <BCTMCAR_row>
            <bq_fiscalyear>105</bq_fiscalyear>
            <bq_fundkind>1</bq_fundkind>
            <bq_budgetkind>1</bq_budgetkind>
            <bq_specialbudgetno/>
            <bq_agenno>26031</bq_agenno>
            <bq_agentype>B</bq_agentype>
            <bq_budgetstate>2</bq_budgetstate>
            <bq_budgetno>61260310100</bq_budgetno>
            <bq_objectno>07351600</bq_objectno>
            <bq_carid>2</bq_carid>
            <bq_persons>1</bq_persons>
            <bq_buydate>09702</bq_buydate>
            <bq_ventsize>125</bq_ventsize>
            <bq_oilamt>624</bq_oilamt>
            <bq_oilprice>25.70</bq_oilprice>
            <bq_amt_maintain>3400.00</bq_amt_maintain>
            <bq_amt5>2100.00</bq_amt5>
            <bq_carnum>2</bq_carnum>
            <bq_remark>013-CRM。(臺中分局)、279-CLW。(高雄分局)</bq_remark>
            <bq_lpgamt>0</bq_lpgamt>
            <bq_lpgprice>0.00</bq_lpgprice>
            <bq_versiondate/>
        </BCTMCAR_row>
        <BCTMCAR_row>
            <bq_fiscalyear>105</bq_fiscalyear>
            <bq_fundkind>1</bq_fundkind>
            <bq_budgetkind>1</bq_budgetkind>
            <bq_specialbudgetno/>
            <bq_agenno>26031</bq_agenno>
            <bq_agentype>B</bq_agentype>
            <bq_budgetstate>2</bq_budgetstate>
            <bq_budgetno>61260310100</bq_budgetno>
            <bq_objectno>07350901</bq_objectno>
            <bq_carid>2408-G3</bq_carid>
            <bq_persons>7</bq_persons>
            <bq_buydate>10007</bq_buydate>
            <bq_ventsize>2198</bq_ventsize>
            <bq_oilamt>852</bq_oilamt>
            <bq_oilprice>25.70</bq_oilprice>
            <bq_amt_maintain>34000.00</bq_amt_maintain>
            <bq_amt5>22000.00</bq_amt5>
            <bq_carnum>1</bq_carnum>
            <bq_remark>油氣雙燃料車(臺中分局)</bq_remark>
            <bq_lpgamt>972</bq_lpgamt>
            <bq_lpgprice>18.40</bq_lpgprice>
            <bq_versiondate/>
        </BCTMCAR_row>
        <BCTMCAR_row>
            <bq_fiscalyear>105</bq_fiscalyear>
            <bq_fundkind>1</bq_fundkind>
            <bq_budgetkind>1</bq_budgetkind>
            <bq_specialbudgetno/>
            <bq_agenno>26031</bq_agenno>
            <bq_agentype>B</bq_agentype>
            <bq_budgetstate>2</bq_budgetstate>
            <bq_budgetno>61260310100</bq_budgetno>
            <bq_objectno>07350100</bq_objectno>
            <bq_carid>2857-QT</bq_carid>
            <bq_persons>4</bq_persons>
            <bq_buydate>9609</bq_buydate>
            <bq_ventsize>2378</bq_ventsize>
            <bq_oilamt>852</bq_oilamt>
            <bq_oilprice>25.70</bq_oilprice>
            <bq_amt_maintain>51000.00</bq_amt_maintain>
            <bq_amt5>32382.00</bq_amt5>
            <bq_carnum>1</bq_carnum>
            <bq_remark>油氣雙燃料車。(總局)</bq_remark>
            <bq_lpgamt>972</bq_lpgamt>
            <bq_lpgprice>18.40</bq_lpgprice>
            <bq_versiondate/>
        </BCTMCAR_row>
        <BCTMCAR_row>
            <bq_fiscalyear>105</bq_fiscalyear>
            <bq_fundkind>1</bq_fundkind>
            <bq_budgetkind>1</bq_budgetkind>
            <bq_specialbudgetno/>
            <bq_agenno>26031</bq_agenno>
            <bq_agentype>B</bq_agentype>
            <bq_budgetstate>2</bq_budgetstate>
            <bq_budgetno>61260310100</bq_budgetno>
            <bq_objectno>07351600</bq_objectno>
            <bq_carid>3</bq_carid>
            <bq_persons>1</bq_persons>
            <bq_buydate>09808</bq_buydate>
            <bq_ventsize>125</bq_ventsize>
            <bq_oilamt>936</bq_oilamt>
            <bq_oilprice>25.70</bq_oilprice>
            <bq_amt_maintain>5100.00</bq_amt_maintain>
            <bq_amt5>3150.00</bq_amt5>
            <bq_carnum>3</bq_carnum>
            <bq_remark>255-HBX、256-HBX、613-HEN。(臺南分局)</bq_remark>
            <bq_lpgamt>0</bq_lpgamt>
            <bq_lpgprice>0.00</bq_lpgprice>
            <bq_versiondate/>
        </BCTMCAR_row>
        <BCTMCAR_row>
            <bq_fiscalyear>105</bq_fiscalyear>
            <bq_fundkind>1</bq_fundkind>
            <bq_budgetkind>1</bq_budgetkind>
            <bq_specialbudgetno/>
            <bq_agenno>26031</bq_agenno>
            <bq_agentype>B</bq_agentype>
            <bq_budgetstate>2</bq_budgetstate>
            <bq_budgetno>61260310100</bq_budgetno>
            <bq_objectno>07351600</bq_objectno>
            <bq_carid>4</bq_carid>
            <bq_persons>1</bq_persons>
            <bq_buydate>09601</bq_buydate>
            <bq_ventsize>101</bq_ventsize>
            <bq_oilamt>312</bq_oilamt>
            <bq_oilprice>25.70</bq_oilprice>
            <bq_amt_maintain>1700.00</bq_amt_maintain>
            <bq_amt5>1050.00</bq_amt5>
            <bq_carnum>1</bq_carnum>
            <bq_remark>2HT-573。(臺南分局)</bq_remark>
            <bq_lpgamt>0</bq_lpgamt>
            <bq_lpgprice>0.00</bq_lpgprice>
            <bq_versiondate/>
        </BCTMCAR_row>
        <BCTMCAR_row>
            <bq_fiscalyear>105</bq_fiscalyear>
            <bq_fundkind>1</bq_fundkind>
            <bq_budgetkind>1</bq_budgetkind>
            <bq_specialbudgetno/>
            <bq_agenno>26031</bq_agenno>
            <bq_agentype>B</bq_agentype>
            <bq_budgetstate>2</bq_budgetstate>
            <bq_budgetno>61260310100</bq_budgetno>
            <bq_objectno>07350901</bq_objectno>
            <bq_carid>4180-G6</bq_carid>
            <bq_persons>7</bq_persons>
            <bq_buydate>10007</bq_buydate>
            <bq_ventsize>2198</bq_ventsize>
            <bq_oilamt>852</bq_oilamt>
            <bq_oilprice>25.70</bq_oilprice>
            <bq_amt_maintain>34000.00</bq_amt_maintain>
            <bq_amt5>21962.00</bq_amt5>
            <bq_carnum>1</bq_carnum>
            <bq_remark>油氣雙燃料車。(高雄分局)</bq_remark>
            <bq_lpgamt>972</bq_lpgamt>
            <bq_lpgprice>18.40</bq_lpgprice>
            <bq_versiondate/>
        </BCTMCAR_row>
        <BCTMCAR_row>
            <bq_fiscalyear>105</bq_fiscalyear>
            <bq_fundkind>1</bq_fundkind>
            <bq_budgetkind>1</bq_budgetkind>
            <bq_specialbudgetno/>
            <bq_agenno>26031</bq_agenno>
            <bq_agentype>B</bq_agentype>
            <bq_budgetstate>2</bq_budgetstate>
            <bq_budgetno>61260310100</bq_budgetno>
            <bq_objectno>07350901</bq_objectno>
            <bq_carid>4181-G6</bq_carid>
            <bq_persons>7</bq_persons>
            <bq_buydate>10007</bq_buydate>
            <bq_ventsize>2198</bq_ventsize>
            <bq_oilamt>852</bq_oilamt>
            <bq_oilprice>25.70</bq_oilprice>
            <bq_amt_maintain>34000.00</bq_amt_maintain>
            <bq_amt5>21962.00</bq_amt5>
            <bq_carnum>1</bq_carnum>
            <bq_remark>油氣雙燃料車，100年8月由高雄分局撥入。(總局)</bq_remark>
            <bq_lpgamt>972</bq_lpgamt>
            <bq_lpgprice>18.40</bq_lpgprice>
            <bq_versiondate/>
        </BCTMCAR_row>
        <BCTMCAR_row>
            <bq_fiscalyear>105</bq_fiscalyear>
            <bq_fundkind>1</bq_fundkind>
            <bq_budgetkind>1</bq_budgetkind>
            <bq_specialbudgetno/>
            <bq_agenno>26031</bq_agenno>
            <bq_agentype>B</bq_agentype>
            <bq_budgetstate>2</bq_budgetstate>
            <bq_budgetno>61260310100</bq_budgetno>
            <bq_objectno>07351200</bq_objectno>
            <bq_carid>4189-YG</bq_carid>
            <bq_persons>2</bq_persons>
            <bq_buydate>9906</bq_buydate>
            <bq_ventsize>2497</bq_ventsize>
            <bq_oilamt>1668</bq_oilamt>
            <bq_oilprice>22.20</bq_oilprice>
            <bq_amt_maintain>43917.00</bq_amt_maintain>
            <bq_amt5>16059.00</bq_amt5>
            <bq_carnum>1</bq_carnum>
            <bq_remark>(總局)</bq_remark>
            <bq_lpgamt>0</bq_lpgamt>
            <bq_lpgprice>0.00</bq_lpgprice>
            <bq_versiondate/>
        </BCTMCAR_row>
        <BCTMCAR_row>
            <bq_fiscalyear>105</bq_fiscalyear>
            <bq_fundkind>1</bq_fundkind>
            <bq_budgetkind>1</bq_budgetkind>
            <bq_specialbudgetno/>
            <bq_agenno>26031</bq_agenno>
            <bq_agentype>B</bq_agentype>
            <bq_budgetstate>2</bq_budgetstate>
            <bq_budgetno>61260310100</bq_budgetno>
            <bq_objectno>07351200</bq_objectno>
            <bq_carid>4550-ZC</bq_carid>
            <bq_persons>2</bq_persons>
            <bq_buydate>9904</bq_buydate>
            <bq_ventsize>2351</bq_ventsize>
            <bq_oilamt>1668</bq_oilamt>
            <bq_oilprice>25.70</bq_oilprice>
            <bq_amt_maintain>46750.00</bq_amt_maintain>
            <bq_amt5>16618.00</bq_amt5>
            <bq_carnum>1</bq_carnum>
            <bq_remark>(高雄分局)</bq_remark>
            <bq_lpgamt>0</bq_lpgamt>
            <bq_lpgprice>0.00</bq_lpgprice>
            <bq_versiondate/>
        </BCTMCAR_row>
        <BCTMCAR_row>
            <bq_fiscalyear>105</bq_fiscalyear>
            <bq_fundkind>1</bq_fundkind>
            <bq_budgetkind>1</bq_budgetkind>
            <bq_specialbudgetno/>
            <bq_agenno>26031</bq_agenno>
            <bq_agentype>B</bq_agentype>
            <bq_budgetstate>2</bq_budgetstate>
            <bq_budgetno>61260310100</bq_budgetno>
            <bq_objectno>07351200</bq_objectno>
            <bq_carid>4551-ZC</bq_carid>
            <bq_persons>2</bq_persons>
            <bq_buydate>9904</bq_buydate>
            <bq_ventsize>2351</bq_ventsize>
            <bq_oilamt>1668</bq_oilamt>
            <bq_oilprice>25.70</bq_oilprice>
            <bq_amt_maintain>46750.00</bq_amt_maintain>
            <bq_amt5>16618.00</bq_amt5>
            <bq_carnum>1</bq_carnum>
            <bq_remark>(高雄分局)</bq_remark>
            <bq_lpgamt>0</bq_lpgamt>
            <bq_lpgprice>0.00</bq_lpgprice>
            <bq_versiondate/>
        </BCTMCAR_row>
        <BCTMCAR_row>
            <bq_fiscalyear>105</bq_fiscalyear>
            <bq_fundkind>1</bq_fundkind>
            <bq_budgetkind>1</bq_budgetkind>
            <bq_specialbudgetno/>
            <bq_agenno>26031</bq_agenno>
            <bq_agentype>B</bq_agentype>
            <bq_budgetstate>2</bq_budgetstate>
            <bq_budgetno>61260310100</bq_budgetno>
            <bq_objectno>07350901</bq_objectno>
            <bq_carid>4952-UY</bq_carid>
            <bq_persons>7</bq_persons>
            <bq_buydate>09712</bq_buydate>
            <bq_ventsize>2351</bq_ventsize>
            <bq_oilamt>1668</bq_oilamt>
            <bq_oilprice>25.70</bq_oilprice>
            <bq_amt_maintain>51000.00</bq_amt_maintain>
            <bq_amt5>21607.00</bq_amt5>
            <bq_carnum>1</bq_carnum>
            <bq_remark>(基隆分局)</bq_remark>
            <bq_lpgamt>0</bq_lpgamt>
            <bq_lpgprice>0.00</bq_lpgprice>
            <bq_versiondate/>
        </BCTMCAR_row>
        <BCTMCAR_row>
            <bq_fiscalyear>105</bq_fiscalyear>
            <bq_fundkind>1</bq_fundkind>
            <bq_budgetkind>1</bq_budgetkind>
            <bq_specialbudgetno/>
            <bq_agenno>26031</bq_agenno>
            <bq_agentype>B</bq_agentype>
            <bq_budgetstate>2</bq_budgetstate>
            <bq_budgetno>61260310100</bq_budgetno>
            <bq_objectno>07351600</bq_objectno>
            <bq_carid>5</bq_carid>
            <bq_persons>1</bq_persons>
            <bq_buydate>09705</bq_buydate>
            <bq_ventsize>125</bq_ventsize>
            <bq_oilamt>312</bq_oilamt>
            <bq_oilprice>25.70</bq_oilprice>
            <bq_amt_maintain>1700.00</bq_amt_maintain>
            <bq_amt5>1050.00</bq_amt5>
            <bq_carnum>1</bq_carnum>
            <bq_remark>303-DTZ。(臺南分局)</bq_remark>
            <bq_lpgamt>0</bq_lpgamt>
            <bq_lpgprice>0.00</bq_lpgprice>
            <bq_versiondate/>
        </BCTMCAR_row>
        <BCTMCAR_row>
            <bq_fiscalyear>105</bq_fiscalyear>
            <bq_fundkind>1</bq_fundkind>
            <bq_budgetkind>1</bq_budgetkind>
            <bq_specialbudgetno/>
            <bq_agenno>26031</bq_agenno>
            <bq_agentype>B</bq_agentype>
            <bq_budgetstate>2</bq_budgetstate>
            <bq_budgetno>61260310100</bq_budgetno>
            <bq_objectno>07350901</bq_objectno>
            <bq_carid>5221-N3</bq_carid>
            <bq_persons>7</bq_persons>
            <bq_buydate>10106</bq_buydate>
            <bq_ventsize>2198</bq_ventsize>
            <bq_oilamt>852</bq_oilamt>
            <bq_oilprice>25.70</bq_oilprice>
            <bq_amt_maintain>25500.00</bq_amt_maintain>
            <bq_amt5>21512.00</bq_amt5>
            <bq_carnum>1</bq_carnum>
            <bq_remark>油氣雙燃料車。(新竹分局)</bq_remark>
            <bq_lpgamt>972</bq_lpgamt>
            <bq_lpgprice>18.40</bq_lpgprice>
            <bq_versiondate/>
        </BCTMCAR_row>
        <BCTMCAR_row>
            <bq_fiscalyear>105</bq_fiscalyear>
            <bq_fundkind>1</bq_fundkind>
            <bq_budgetkind>1</bq_budgetkind>
            <bq_specialbudgetno/>
            <bq_agenno>26031</bq_agenno>
            <bq_agentype>B</bq_agentype>
            <bq_budgetstate>2</bq_budgetstate>
            <bq_budgetno>61260310100</bq_budgetno>
            <bq_objectno>07350901</bq_objectno>
            <bq_carid>5435-J7</bq_carid>
            <bq_persons>7</bq_persons>
            <bq_buydate>10105</bq_buydate>
            <bq_ventsize>2198</bq_ventsize>
            <bq_oilamt>852</bq_oilamt>
            <bq_oilprice>25.70</bq_oilprice>
            <bq_amt_maintain>31167.00</bq_amt_maintain>
            <bq_amt5>21512.00</bq_amt5>
            <bq_carnum>1</bq_carnum>
            <bq_remark>油氣雙燃料車。(總局)</bq_remark>
            <bq_lpgamt>972</bq_lpgamt>
            <bq_lpgprice>18.40</bq_lpgprice>
            <bq_versiondate/>
        </BCTMCAR_row>
        <BCTMCAR_row>
            <bq_fiscalyear>105</bq_fiscalyear>
            <bq_fundkind>1</bq_fundkind>
            <bq_budgetkind>1</bq_budgetkind>
            <bq_specialbudgetno/>
            <bq_agenno>26031</bq_agenno>
            <bq_agentype>B</bq_agentype>
            <bq_budgetstate>2</bq_budgetstate>
            <bq_budgetno>61260310100</bq_budgetno>
            <bq_objectno>07351500</bq_objectno>
            <bq_carid>559-TK</bq_carid>
            <bq_persons>2</bq_persons>
            <bq_buydate>09809</bq_buydate>
            <bq_ventsize>12913</bq_ventsize>
            <bq_oilamt>2280</bq_oilamt>
            <bq_oilprice>22.20</bq_oilprice>
            <bq_amt_maintain>51000.00</bq_amt_maintain>
            <bq_amt5>57414.00</bq_amt5>
            <bq_carnum>1</bq_carnum>
            <bq_remark>(新竹分局)</bq_remark>
            <bq_lpgamt>0</bq_lpgamt>
            <bq_lpgprice>0.00</bq_lpgprice>
            <bq_versiondate/>
        </BCTMCAR_row>
        <BCTMCAR_row>
            <bq_fiscalyear>105</bq_fiscalyear>
            <bq_fundkind>1</bq_fundkind>
            <bq_budgetkind>1</bq_budgetkind>
            <bq_specialbudgetno/>
            <bq_agenno>26031</bq_agenno>
            <bq_agentype>B</bq_agentype>
            <bq_budgetstate>2</bq_budgetstate>
            <bq_budgetno>61260310100</bq_budgetno>
            <bq_objectno>07350901</bq_objectno>
            <bq_carid>5621-F3</bq_carid>
            <bq_persons>7</bq_persons>
            <bq_buydate>10007</bq_buydate>
            <bq_ventsize>2198</bq_ventsize>
            <bq_oilamt>852</bq_oilamt>
            <bq_oilprice>25.70</bq_oilprice>
            <bq_amt_maintain>34000.00</bq_amt_maintain>
            <bq_amt5>21860.00</bq_amt5>
            <bq_carnum>1</bq_carnum>
            <bq_remark>油氣雙燃料車。(臺南分局)</bq_remark>
            <bq_lpgamt>972</bq_lpgamt>
            <bq_lpgprice>18.40</bq_lpgprice>
            <bq_versiondate/>
        </BCTMCAR_row>
        <BCTMCAR_row>
            <bq_fiscalyear>105</bq_fiscalyear>
            <bq_fundkind>1</bq_fundkind>
            <bq_budgetkind>1</bq_budgetkind>
            <bq_specialbudgetno/>
            <bq_agenno>26031</bq_agenno>
            <bq_agentype>B</bq_agentype>
            <bq_budgetstate>2</bq_budgetstate>
            <bq_budgetno>61260310100</bq_budgetno>
            <bq_objectno>07351600</bq_objectno>
            <bq_carid>6</bq_carid>
            <bq_persons>1</bq_persons>
            <bq_buydate>08708</bq_buydate>
            <bq_ventsize>125</bq_ventsize>
            <bq_oilamt>624</bq_oilamt>
            <bq_oilprice>25.70</bq_oilprice>
            <bq_amt_maintain>3400.00</bq_amt_maintain>
            <bq_amt5>2100.00</bq_amt5>
            <bq_carnum>2</bq_carnum>
            <bq_remark>PYQ-033；PYQ-035。(高雄分局)</bq_remark>
            <bq_lpgamt>0</bq_lpgamt>
            <bq_lpgprice>0.00</bq_lpgprice>
            <bq_versiondate/>
        </BCTMCAR_row>
        <BCTMCAR_row>
            <bq_fiscalyear>105</bq_fiscalyear>
            <bq_fundkind>1</bq_fundkind>
            <bq_budgetkind>1</bq_budgetkind>
            <bq_specialbudgetno/>
            <bq_agenno>26031</bq_agenno>
            <bq_agentype>B</bq_agentype>
            <bq_budgetstate>2</bq_budgetstate>
            <bq_budgetno>61260310100</bq_budgetno>
            <bq_objectno>07350901</bq_objectno>
            <bq_carid>6417-R3</bq_carid>
            <bq_persons>7</bq_persons>
            <bq_buydate>10104</bq_buydate>
            <bq_ventsize>2198</bq_ventsize>
            <bq_oilamt>852</bq_oilamt>
            <bq_oilprice>25.70</bq_oilprice>
            <bq_amt_maintain>31875.00</bq_amt_maintain>
            <bq_amt5>21860.00</bq_amt5>
            <bq_carnum>1</bq_carnum>
            <bq_remark>油氣雙燃料車。(臺南分局)</bq_remark>
            <bq_lpgamt>972</bq_lpgamt>
            <bq_lpgprice>18.40</bq_lpgprice>
            <bq_versiondate/>
        </BCTMCAR_row>
        <BCTMCAR_row>
            <bq_fiscalyear>105</bq_fiscalyear>
            <bq_fundkind>1</bq_fundkind>
            <bq_budgetkind>1</bq_budgetkind>
            <bq_specialbudgetno/>
            <bq_agenno>26031</bq_agenno>
            <bq_agentype>B</bq_agentype>
            <bq_budgetstate>2</bq_budgetstate>
            <bq_budgetno>61260310100</bq_budgetno>
            <bq_objectno>07351600</bq_objectno>
            <bq_carid>7</bq_carid>
            <bq_persons>1</bq_persons>
            <bq_buydate>10303</bq_buydate>
            <bq_ventsize>0</bq_ventsize>
            <bq_oilamt>0</bq_oilamt>
            <bq_oilprice>0.00</bq_oilprice>
            <bq_amt_maintain>1700.00</bq_amt_maintain>
            <bq_amt5>600.00</bq_amt5>
            <bq_carnum>1</bq_carnum>
            <bq_remark>176-QJZ。電動機車。(高雄分局)</bq_remark>
            <bq_lpgamt>0</bq_lpgamt>
            <bq_lpgprice>0.00</bq_lpgprice>
            <bq_versiondate/>
        </BCTMCAR_row>
        <BCTMCAR_row>
            <bq_fiscalyear>105</bq_fiscalyear>
            <bq_fundkind>1</bq_fundkind>
            <bq_budgetkind>1</bq_budgetkind>
            <bq_specialbudgetno/>
            <bq_agenno>26031</bq_agenno>
            <bq_agentype>B</bq_agentype>
            <bq_budgetstate>2</bq_budgetstate>
            <bq_budgetno>61260310100</bq_budgetno>
            <bq_objectno>07351600</bq_objectno>
            <bq_carid>8</bq_carid>
            <bq_persons>1</bq_persons>
            <bq_buydate>09003</bq_buydate>
            <bq_ventsize>149</bq_ventsize>
            <bq_oilamt>312</bq_oilamt>
            <bq_oilprice>25.70</bq_oilprice>
            <bq_amt_maintain>1700.00</bq_amt_maintain>
            <bq_amt5>1200.00</bq_amt5>
            <bq_carnum>1</bq_carnum>
            <bq_remark>XZV-763。(高雄分局)</bq_remark>
            <bq_lpgamt>0</bq_lpgamt>
            <bq_lpgprice>0.00</bq_lpgprice>
            <bq_versiondate/>
        </BCTMCAR_row>
        <BCTMCAR_row>
            <bq_fiscalyear>105</bq_fiscalyear>
            <bq_fundkind>1</bq_fundkind>
            <bq_budgetkind>1</bq_budgetkind>
            <bq_specialbudgetno/>
            <bq_agenno>26031</bq_agenno>
            <bq_agentype>B</bq_agentype>
            <bq_budgetstate>2</bq_budgetstate>
            <bq_budgetno>61260310100</bq_budgetno>
            <bq_objectno>07351600</bq_objectno>
            <bq_carid>9</bq_carid>
            <bq_persons>1</bq_persons>
            <bq_buydate>09805</bq_buydate>
            <bq_ventsize>125</bq_ventsize>
            <bq_oilamt>312</bq_oilamt>
            <bq_oilprice>25.70</bq_oilprice>
            <bq_amt_maintain>1700.00</bq_amt_maintain>
            <bq_amt5>1050.00</bq_amt5>
            <bq_carnum>1</bq_carnum>
            <bq_remark>123-EPA。(高雄分局)</bq_remark>
            <bq_lpgamt>0</bq_lpgamt>
            <bq_lpgprice>0.00</bq_lpgprice>
            <bq_versiondate/>
        </BCTMCAR_row>
        <BCTMCAR_row>
            <bq_fiscalyear>105</bq_fiscalyear>
            <bq_fundkind>1</bq_fundkind>
            <bq_budgetkind>1</bq_budgetkind>
            <bq_specialbudgetno/>
            <bq_agenno>26031</bq_agenno>
            <bq_agentype>B</bq_agentype>
            <bq_budgetstate>2</bq_budgetstate>
            <bq_budgetno>61260310100</bq_budgetno>
            <bq_objectno>07350901</bq_objectno>
            <bq_carid>9139-B5</bq_carid>
            <bq_persons>7</bq_persons>
            <bq_buydate>10105</bq_buydate>
            <bq_ventsize>2198</bq_ventsize>
            <bq_oilamt>852</bq_oilamt>
            <bq_oilprice>25.70</bq_oilprice>
            <bq_amt_maintain>31167.00</bq_amt_maintain>
            <bq_amt5>21512.00</bq_amt5>
            <bq_carnum>1</bq_carnum>
            <bq_remark>油氣雙燃料車。(花蓮分局)</bq_remark>
            <bq_lpgamt>972</bq_lpgamt>
            <bq_lpgprice>18.40</bq_lpgprice>
            <bq_versiondate/>
        </BCTMCAR_row>
        <BCTMCAR_row>
            <bq_fiscalyear>105</bq_fiscalyear>
            <bq_fundkind>1</bq_fundkind>
            <bq_budgetkind>1</bq_budgetkind>
            <bq_specialbudgetno/>
            <bq_agenno>26031</bq_agenno>
            <bq_agentype>B</bq_agentype>
            <bq_budgetstate>2</bq_budgetstate>
            <bq_budgetno>61260310100</bq_budgetno>
            <bq_objectno>07350400</bq_objectno>
            <bq_carid>9521-ZU</bq_carid>
            <bq_persons>4</bq_persons>
            <bq_buydate>10006</bq_buydate>
            <bq_ventsize>1798</bq_ventsize>
            <bq_oilamt>852</bq_oilamt>
            <bq_oilprice>25.70</bq_oilprice>
            <bq_amt_maintain>34000.00</bq_amt_maintain>
            <bq_amt5>15531.00</bq_amt5>
            <bq_carnum>1</bq_carnum>
            <bq_remark>油氣雙燃料車，100年8月由總局撥入。(高雄分局)</bq_remark>
            <bq_lpgamt>972</bq_lpgamt>
            <bq_lpgprice>18.40</bq_lpgprice>
            <bq_versiondate/>
        </BCTMCAR_row>
        <BCTMCAR_row>
            <bq_fiscalyear>105</bq_fiscalyear>
            <bq_fundkind>1</bq_fundkind>
            <bq_budgetkind>1</bq_budgetkind>
            <bq_specialbudgetno/>
            <bq_agenno>26031</bq_agenno>
            <bq_agentype>B</bq_agentype>
            <bq_budgetstate>2</bq_budgetstate>
            <bq_budgetno>61260310100</bq_budgetno>
            <bq_objectno>07350400</bq_objectno>
            <bq_carid>9522-ZU</bq_carid>
            <bq_persons>4</bq_persons>
            <bq_buydate>10006</bq_buydate>
            <bq_ventsize>1798</bq_ventsize>
            <bq_oilamt>852</bq_oilamt>
            <bq_oilprice>25.70</bq_oilprice>
            <bq_amt_maintain>34000.00</bq_amt_maintain>
            <bq_amt5>15531.00</bq_amt5>
            <bq_carnum>1</bq_carnum>
            <bq_remark>油氣雙燃料車。(總局)</bq_remark>
            <bq_lpgamt>972</bq_lpgamt>
            <bq_lpgprice>18.40</bq_lpgprice>
            <bq_versiondate/>
        </BCTMCAR_row>
        <BCTMCAR_row>
            <bq_fiscalyear>105</bq_fiscalyear>
            <bq_fundkind>1</bq_fundkind>
            <bq_budgetkind>1</bq_budgetkind>
            <bq_specialbudgetno/>
            <bq_agenno>26031</bq_agenno>
            <bq_agentype>B</bq_agentype>
            <bq_budgetstate>2</bq_budgetstate>
            <bq_budgetno>61260310100</bq_budgetno>
            <bq_objectno>07350400</bq_objectno>
            <bq_carid>9523-ZU</bq_carid>
            <bq_persons>4</bq_persons>
            <bq_buydate>10006</bq_buydate>
            <bq_ventsize>1798</bq_ventsize>
            <bq_oilamt>852</bq_oilamt>
            <bq_oilprice>25.70</bq_oilprice>
            <bq_amt_maintain>34000.00</bq_amt_maintain>
            <bq_amt5>15531.00</bq_amt5>
            <bq_carnum>1</bq_carnum>
            <bq_remark>油氣雙燃料車。(總局)</bq_remark>
            <bq_lpgamt>972</bq_lpgamt>
            <bq_lpgprice>18.40</bq_lpgprice>
            <bq_versiondate/>
        </BCTMCAR_row>
        <BCTMCAR_row>
            <bq_fiscalyear>105</bq_fiscalyear>
            <bq_fundkind>1</bq_fundkind>
            <bq_budgetkind>1</bq_budgetkind>
            <bq_specialbudgetno/>
            <bq_agenno>26031</bq_agenno>
            <bq_agentype>B</bq_agentype>
            <bq_budgetstate>2</bq_budgetstate>
            <bq_budgetno>61260310100</bq_budgetno>
            <bq_objectno>07351500</bq_objectno>
            <bq_carid>968-BR</bq_carid>
            <bq_persons>2</bq_persons>
            <bq_buydate>9909</bq_buydate>
            <bq_ventsize>13267</bq_ventsize>
            <bq_oilamt>2280</bq_oilamt>
            <bq_oilprice>22.20</bq_oilprice>
            <bq_amt_maintain>39667.00</bq_amt_maintain>
            <bq_amt5>63588.00</bq_amt5>
            <bq_carnum>1</bq_carnum>
            <bq_remark>(高雄分局)</bq_remark>
            <bq_lpgamt>0</bq_lpgamt>
            <bq_lpgprice>0.00</bq_lpgprice>
            <bq_versiondate/>
        </BCTMCAR_row>
        <BCTMCAR_row>
            <bq_fiscalyear>105</bq_fiscalyear>
            <bq_fundkind>1</bq_fundkind>
            <bq_budgetkind>1</bq_budgetkind>
            <bq_specialbudgetno/>
            <bq_agenno>26031</bq_agenno>
            <bq_agentype>B</bq_agentype>
            <bq_budgetstate>2</bq_budgetstate>
            <bq_budgetno>61260310100</bq_budgetno>
            <bq_objectno>07350901</bq_objectno>
            <bq_carid>AAC-8632</bq_carid>
            <bq_persons>7</bq_persons>
            <bq_buydate>10205</bq_buydate>
            <bq_ventsize>2198</bq_ventsize>
            <bq_oilamt>852</bq_oilamt>
            <bq_oilprice>25.70</bq_oilprice>
            <bq_amt_maintain>25500.00</bq_amt_maintain>
            <bq_amt5>21512.00</bq_amt5>
            <bq_carnum>1</bq_carnum>
            <bq_remark>油氣雙燃料車。(總局)</bq_remark>
            <bq_lpgamt>972</bq_lpgamt>
            <bq_lpgprice>18.40</bq_lpgprice>
            <bq_versiondate/>
        </BCTMCAR_row>
        <BCTMCAR_row>
            <bq_fiscalyear>105</bq_fiscalyear>
            <bq_fundkind>1</bq_fundkind>
            <bq_budgetkind>1</bq_budgetkind>
            <bq_specialbudgetno/>
            <bq_agenno>26031</bq_agenno>
            <bq_agentype>B</bq_agentype>
            <bq_budgetstate>2</bq_budgetstate>
            <bq_budgetno>61260310100</bq_budgetno>
            <bq_objectno>07350901</bq_objectno>
            <bq_carid>AAC-8650</bq_carid>
            <bq_persons>7</bq_persons>
            <bq_buydate>10205</bq_buydate>
            <bq_ventsize>2198</bq_ventsize>
            <bq_oilamt>852</bq_oilamt>
            <bq_oilprice>25.70</bq_oilprice>
            <bq_amt_maintain>25500.00</bq_amt_maintain>
            <bq_amt5>21512.00</bq_amt5>
            <bq_carnum>1</bq_carnum>
            <bq_remark>油氣雙燃料車。(總局)</bq_remark>
            <bq_lpgamt>972</bq_lpgamt>
            <bq_lpgprice>18.40</bq_lpgprice>
            <bq_versiondate/>
        </BCTMCAR_row>
        <BCTMCAR_row>
            <bq_fiscalyear>105</bq_fiscalyear>
            <bq_fundkind>1</bq_fundkind>
            <bq_budgetkind>1</bq_budgetkind>
            <bq_specialbudgetno/>
            <bq_agenno>26031</bq_agenno>
            <bq_agentype>B</bq_agentype>
            <bq_budgetstate>2</bq_budgetstate>
            <bq_budgetno>61260310100</bq_budgetno>
            <bq_objectno>07350901</bq_objectno>
            <bq_carid>ABN-6103</bq_carid>
            <bq_persons>7</bq_persons>
            <bq_buydate>10204</bq_buydate>
            <bq_ventsize>2198</bq_ventsize>
            <bq_oilamt>852</bq_oilamt>
            <bq_oilprice>25.70</bq_oilprice>
            <bq_amt_maintain>30458.00</bq_amt_maintain>
            <bq_amt5>21512.00</bq_amt5>
            <bq_carnum>1</bq_carnum>
            <bq_remark>油氣雙燃料車。(新竹分局)</bq_remark>
            <bq_lpgamt>972</bq_lpgamt>
            <bq_lpgprice>18.40</bq_lpgprice>
            <bq_versiondate/>
        </BCTMCAR_row>
        <BCTMCAR_row>
            <bq_fiscalyear>105</bq_fiscalyear>
            <bq_fundkind>1</bq_fundkind>
            <bq_budgetkind>1</bq_budgetkind>
            <bq_specialbudgetno/>
            <bq_agenno>26031</bq_agenno>
            <bq_agentype>B</bq_agentype>
            <bq_budgetstate>2</bq_budgetstate>
            <bq_budgetno>61260310100</bq_budgetno>
            <bq_objectno>07350901</bq_objectno>
            <bq_carid>AKP-9160</bq_carid>
            <bq_persons>7</bq_persons>
            <bq_buydate>10405</bq_buydate>
            <bq_ventsize>2198</bq_ventsize>
            <bq_oilamt>1668</bq_oilamt>
            <bq_oilprice>25.70</bq_oilprice>
            <bq_amt_maintain>9000.00</bq_amt_maintain>
            <bq_amt5>21152.00</bq_amt5>
            <bq_carnum>1</bq_carnum>
            <bq_remark>(總局)</bq_remark>
            <bq_lpgamt>0</bq_lpgamt>
            <bq_lpgprice>0.00</bq_lpgprice>
            <bq_versiondate/>
        </BCTMCAR_row>
        <BCTMCAR_row>
            <bq_fiscalyear>105</bq_fiscalyear>
            <bq_fundkind>1</bq_fundkind>
            <bq_budgetkind>1</bq_budgetkind>
            <bq_specialbudgetno/>
            <bq_agenno>26031</bq_agenno>
            <bq_agentype>B</bq_agentype>
            <bq_budgetstate>2</bq_budgetstate>
            <bq_budgetno>61260310100</bq_budgetno>
            <bq_objectno>07350901</bq_objectno>
            <bq_carid>B8-3648</bq_carid>
            <bq_persons>7</bq_persons>
            <bq_buydate>08711</bq_buydate>
            <bq_ventsize>1997</bq_ventsize>
            <bq_oilamt>1251</bq_oilamt>
            <bq_oilprice>25.70</bq_oilprice>
            <bq_amt_maintain>6000.00</bq_amt_maintain>
            <bq_amt5>16000.00</bq_amt5>
            <bq_carnum>1</bq_carnum>
            <bq_remark>預計105年4月汰換為7-8人座客貨兩用車。(臺中分局)</bq_remark>
            <bq_lpgamt>0</bq_lpgamt>
            <bq_lpgprice>0.00</bq_lpgprice>
            <bq_versiondate/>
        </BCTMCAR_row>
        <BCTMCAR_row>
            <bq_fiscalyear>105</bq_fiscalyear>
            <bq_fundkind>1</bq_fundkind>
            <bq_budgetkind>1</bq_budgetkind>
            <bq_specialbudgetno/>
            <bq_agenno>26031</bq_agenno>
            <bq_agentype>B</bq_agentype>
            <bq_budgetstate>2</bq_budgetstate>
            <bq_budgetno>61260310100</bq_budgetno>
            <bq_objectno>07350600</bq_objectno>
            <bq_carid>BE-517</bq_carid>
            <bq_persons>21</bq_persons>
            <bq_buydate>8710</bq_buydate>
            <bq_ventsize>3907</bq_ventsize>
            <bq_oilamt>1668</bq_oilamt>
            <bq_oilprice>22.20</bq_oilprice>
            <bq_amt_maintain>51000.00</bq_amt_maintain>
            <bq_amt5>22159.00</bq_amt5>
            <bq_carnum>1</bq_carnum>
            <bq_remark>(總局)</bq_remark>
            <bq_lpgamt>0</bq_lpgamt>
            <bq_lpgprice>0.00</bq_lpgprice>
            <bq_versiondate/>
        </BCTMCAR_row>
        <BCTMCAR_row>
            <bq_fiscalyear>105</bq_fiscalyear>
            <bq_fundkind>1</bq_fundkind>
            <bq_budgetkind>1</bq_budgetkind>
            <bq_specialbudgetno/>
            <bq_agenno>26031</bq_agenno>
            <bq_agentype>B</bq_agentype>
            <bq_budgetstate>2</bq_budgetstate>
            <bq_budgetno>61260310100</bq_budgetno>
            <bq_objectno>07351500</bq_objectno>
            <bq_carid>BO-215</bq_carid>
            <bq_persons>2</bq_persons>
            <bq_buydate>8405</bq_buydate>
            <bq_ventsize>16683</bq_ventsize>
            <bq_oilamt>2280</bq_oilamt>
            <bq_oilprice>22.20</bq_oilprice>
            <bq_amt_maintain>51000.00</bq_amt_maintain>
            <bq_amt5>55000.00</bq_amt5>
            <bq_carnum>1</bq_carnum>
            <bq_remark>(臺中分局)</bq_remark>
            <bq_lpgamt>0</bq_lpgamt>
            <bq_lpgprice>0.00</bq_lpgprice>
            <bq_versiondate/>
        </BCTMCAR_row>
        <BCTMCAR_row>
            <bq_fiscalyear>105</bq_fiscalyear>
            <bq_fundkind>1</bq_fundkind>
            <bq_budgetkind>1</bq_budgetkind>
            <bq_specialbudgetno/>
            <bq_agenno>26031</bq_agenno>
            <bq_agentype>B</bq_agentype>
            <bq_budgetstate>2</bq_budgetstate>
            <bq_budgetno>61260310100</bq_budgetno>
            <bq_objectno>07351500</bq_objectno>
            <bq_carid>BO-788</bq_carid>
            <bq_persons>2</bq_persons>
            <bq_buydate>8503</bq_buydate>
            <bq_ventsize>16683</bq_ventsize>
            <bq_oilamt>2280</bq_oilamt>
            <bq_oilprice>22.20</bq_oilprice>
            <bq_amt_maintain>51000.00</bq_amt_maintain>
            <bq_amt5>59800.00</bq_amt5>
            <bq_carnum>1</bq_carnum>
            <bq_remark>(臺南分局)</bq_remark>
            <bq_lpgamt>0</bq_lpgamt>
            <bq_lpgprice>0.00</bq_lpgprice>
            <bq_versiondate/>
        </BCTMCAR_row>
        <BCTMCAR_row>
            <bq_fiscalyear>105</bq_fiscalyear>
            <bq_fundkind>1</bq_fundkind>
            <bq_budgetkind>1</bq_budgetkind>
            <bq_specialbudgetno/>
            <bq_agenno>26031</bq_agenno>
            <bq_agentype>B</bq_agentype>
            <bq_budgetstate>2</bq_budgetstate>
            <bq_budgetno>61260310100</bq_budgetno>
            <bq_objectno>07350901</bq_objectno>
            <bq_carid>D5-0549</bq_carid>
            <bq_persons>7</bq_persons>
            <bq_buydate>08712</bq_buydate>
            <bq_ventsize>1998</bq_ventsize>
            <bq_oilamt>1251</bq_oilamt>
            <bq_oilprice>25.70</bq_oilprice>
            <bq_amt_maintain>6375.00</bq_amt_maintain>
            <bq_amt5>16058.00</bq_amt5>
            <bq_carnum>1</bq_carnum>
            <bq_remark>預計105年4月汰換為7-8人座客貨兩用車。(臺南分局)</bq_remark>
            <bq_lpgamt>0</bq_lpgamt>
            <bq_lpgprice>0.00</bq_lpgprice>
            <bq_versiondate/>
        </BCTMCAR_row>
        <BCTMCAR_row>
            <bq_fiscalyear>105</bq_fiscalyear>
            <bq_fundkind>1</bq_fundkind>
            <bq_budgetkind>1</bq_budgetkind>
            <bq_specialbudgetno/>
            <bq_agenno>26031</bq_agenno>
            <bq_agentype>B</bq_agentype>
            <bq_budgetstate>2</bq_budgetstate>
            <bq_budgetno>61260310100</bq_budgetno>
            <bq_objectno>07350700</bq_objectno>
            <bq_carid>WA-148</bq_carid>
            <bq_persons>14</bq_persons>
            <bq_buydate>8712</bq_buydate>
            <bq_ventsize>2874</bq_ventsize>
            <bq_oilamt>1668</bq_oilamt>
            <bq_oilprice>22.20</bq_oilprice>
            <bq_amt_maintain>51000.00</bq_amt_maintain>
            <bq_amt5>16536.00</bq_amt5>
            <bq_carnum>1</bq_carnum>
            <bq_remark>(花蓮分局)</bq_remark>
            <bq_lpgamt>0</bq_lpgamt>
            <bq_lpgprice>0.00</bq_lpgprice>
            <bq_versiondate/>
        </BCTMCAR_row>
        <BCTMCAR_row>
            <bq_fiscalyear>105</bq_fiscalyear>
            <bq_fundkind>1</bq_fundkind>
            <bq_budgetkind>1</bq_budgetkind>
            <bq_specialbudgetno/>
            <bq_agenno>26031</bq_agenno>
            <bq_agentype>B</bq_agentype>
            <bq_budgetstate>2</bq_budgetstate>
            <bq_budgetno>61260310100</bq_budgetno>
            <bq_objectno>07350700</bq_objectno>
            <bq_carid>WO-296</bq_carid>
            <bq_persons>14</bq_persons>
            <bq_buydate>8712</bq_buydate>
            <bq_ventsize>5900</bq_ventsize>
            <bq_oilamt>1668</bq_oilamt>
            <bq_oilprice>25.70</bq_oilprice>
            <bq_amt_maintain>51000.00</bq_amt_maintain>
            <bq_amt5>33434.00</bq_amt5>
            <bq_carnum>1</bq_carnum>
            <bq_remark>(臺中分局)</bq_remark>
            <bq_lpgamt>0</bq_lpgamt>
            <bq_lpgprice>0.00</bq_lpgprice>
            <bq_versiondate/>
        </BCTMCAR_row>
        <BCTMCAR_row>
            <bq_fiscalyear>105</bq_fiscalyear>
            <bq_fundkind>1</bq_fundkind>
            <bq_budgetkind>1</bq_budgetkind>
            <bq_specialbudgetno/>
            <bq_agenno>26031</bq_agenno>
            <bq_agentype>B</bq_agentype>
            <bq_budgetstate>2</bq_budgetstate>
            <bq_budgetno>61260310100</bq_budgetno>
            <bq_objectno>07350700</bq_objectno>
            <bq_carid>XV-125</bq_carid>
            <bq_persons>14</bq_persons>
            <bq_buydate>8712</bq_buydate>
            <bq_ventsize>5900</bq_ventsize>
            <bq_oilamt>1668</bq_oilamt>
            <bq_oilprice>25.70</bq_oilprice>
            <bq_amt_maintain>51000.00</bq_amt_maintain>
            <bq_amt5>33434.00</bq_amt5>
            <bq_carnum>1</bq_carnum>
            <bq_remark>(高雄分局)</bq_remark>
            <bq_lpgamt>0</bq_lpgamt>
            <bq_lpgprice>0.00</bq_lpgprice>
            <bq_versiondate/>
        </BCTMCAR_row>
    </BCTMCAR>
</tables>
