<?xml version="1.0" encoding="UTF-8"?>
<tables>
    <BCME3450>
        <BCME3450_row>
            <objectNo>合計</objectNo>
            <budgetno_3523200100>149812.00</budgetno_3523200100>
            <budgetno_3523201000>33923.00</budgetno_3523201000>
            <budgetno_3523209800>178.00</budgetno_3523209800>
            <total>183913.00</total>
        </BCME3450_row>
        <BCME3450_row>
            <objectNo>0100 人事費</objectNo>
            <budgetno_3523200100>135544.00</budgetno_3523200100>
            <budgetno_3523201000>8173.00</budgetno_3523201000>
            <budgetno_3523209800/>
            <total>143717.00</total>
        </BCME3450_row>
        <BCME3450_row>
            <objectNo>  0102 政務人員待遇</objectNo>
            <budgetno_3523200100>3446.00</budgetno_3523200100>
            <budgetno_3523201000/>
            <budgetno_3523209800/>
            <total>3446.00</total>
        </BCME3450_row>
        <BCME3450_row>
            <objectNo>  0103 法定編制人員待遇</objectNo>
            <budgetno_3523200100>79329.00</budgetno_3523200100>
            <budgetno_3523201000/>
            <budgetno_3523209800/>
            <total>79329.00</total>
        </BCME3450_row>
        <BCME3450_row>
            <objectNo>  0105 技工及工友待遇</objectNo>
            <budgetno_3523200100>4288.00</budgetno_3523200100>
            <budgetno_3523201000/>
            <budgetno_3523209800/>
            <total>4288.00</total>
        </BCME3450_row>
        <BCME3450_row>
            <objectNo>  0111 獎金</objectNo>
            <budgetno_3523200100>21494.00</budgetno_3523200100>
            <budgetno_3523201000/>
            <budgetno_3523209800/>
            <total>21494.00</total>
        </BCME3450_row>
        <BCME3450_row>
            <objectNo>  0121 其他給與</objectNo>
            <budgetno_3523200100>1404.00</budgetno_3523200100>
            <budgetno_3523201000/>
            <budgetno_3523209800/>
            <total>1404.00</total>
        </BCME3450_row>
        <BCME3450_row>
            <objectNo>  0131 加班值班費</objectNo>
            <budgetno_3523200100>12580.00</budgetno_3523200100>
            <budgetno_3523201000>8173.00</budgetno_3523201000>
            <budgetno_3523209800/>
            <total>20753.00</total>
        </BCME3450_row>
        <BCME3450_row>
            <objectNo>  0143 退休離職儲金</objectNo>
            <budgetno_3523200100>5707.00</budgetno_3523200100>
            <budgetno_3523201000/>
            <budgetno_3523209800/>
            <total>5707.00</total>
        </BCME3450_row>
        <BCME3450_row>
            <objectNo>  0151 保險</objectNo>
            <budgetno_3523200100>7296.00</budgetno_3523200100>
            <budgetno_3523201000/>
            <budgetno_3523209800/>
            <total>7296.00</total>
        </BCME3450_row>
        <BCME3450_row>
            <objectNo>0200 業務費</objectNo>
            <budgetno_3523200100>13806.00</budgetno_3523200100>
            <budgetno_3523201000>25256.00</budgetno_3523201000>
            <budgetno_3523209800/>
            <total>39062.00</total>
        </BCME3450_row>
        <BCME3450_row>
            <objectNo>  0201 教育訓練費</objectNo>
            <budgetno_3523200100>50.00</budgetno_3523200100>
            <budgetno_3523201000/>
            <budgetno_3523209800/>
            <total>50.00</total>
        </BCME3450_row>
        <BCME3450_row>
            <objectNo>  0202 水電費</objectNo>
            <budgetno_3523200100>3350.00</budgetno_3523200100>
            <budgetno_3523201000/>
            <budgetno_3523209800/>
            <total>3350.00</total>
        </BCME3450_row>
        <BCME3450_row>
            <objectNo>  0203 通訊費</objectNo>
            <budgetno_3523200100>40.00</budgetno_3523200100>
            <budgetno_3523201000>4740.00</budgetno_3523201000>
            <budgetno_3523209800/>
            <total>4780.00</total>
        </BCME3450_row>
        <BCME3450_row>
            <objectNo>  0215 資訊服務費</objectNo>
            <budgetno_3523200100>2260.00</budgetno_3523200100>
            <budgetno_3523201000/>
            <budgetno_3523209800/>
            <total>2260.00</total>
        </BCME3450_row>
        <BCME3450_row>
            <objectNo>  0221 稅捐及規費</objectNo>
            <budgetno_3523200100>52.00</budgetno_3523200100>
            <budgetno_3523201000/>
            <budgetno_3523209800/>
            <total>52.00</total>
        </BCME3450_row>
        <BCME3450_row>
            <objectNo>  0231 保險費</objectNo>
            <budgetno_3523200100>71.00</budgetno_3523200100>
            <budgetno_3523201000/>
            <budgetno_3523209800/>
            <total>71.00</total>
        </BCME3450_row>
        <BCME3450_row>
            <objectNo>  0250 按日按件計資酬金</objectNo>
            <budgetno_3523200100>10.00</budgetno_3523200100>
            <budgetno_3523201000>162.00</budgetno_3523201000>
            <budgetno_3523209800/>
            <total>172.00</total>
        </BCME3450_row>
        <BCME3450_row>
            <objectNo>  0271 物品</objectNo>
            <budgetno_3523200100>1002.00</budgetno_3523200100>
            <budgetno_3523201000>6172.00</budgetno_3523201000>
            <budgetno_3523209800/>
            <total>7174.00</total>
        </BCME3450_row>
        <BCME3450_row>
            <objectNo>  0279 一般事務費</objectNo>
            <budgetno_3523200100>3439.00</budgetno_3523200100>
            <budgetno_3523201000>11192.00</budgetno_3523201000>
            <budgetno_3523209800/>
            <total>14631.00</total>
        </BCME3450_row>
        <BCME3450_row>
            <objectNo>  0282 房屋建築養護費</objectNo>
            <budgetno_3523200100>250.00</budgetno_3523200100>
            <budgetno_3523201000/>
            <budgetno_3523209800/>
            <total>250.00</total>
        </BCME3450_row>
        <BCME3450_row>
            <objectNo>  0283 車輛及辦公器具養護費</objectNo>
            <budgetno_3523200100>638.00</budgetno_3523200100>
            <budgetno_3523201000/>
            <budgetno_3523209800/>
            <total>638.00</total>
        </BCME3450_row>
        <BCME3450_row>
            <objectNo>  0284 設施及機械設備養護費</objectNo>
            <budgetno_3523200100>2100.00</budgetno_3523200100>
            <budgetno_3523201000/>
            <budgetno_3523209800/>
            <total>2100.00</total>
        </BCME3450_row>
        <BCME3450_row>
            <objectNo>  0291 國內旅費</objectNo>
            <budgetno_3523200100>38.00</budgetno_3523200100>
            <budgetno_3523201000>2990.00</budgetno_3523201000>
            <budgetno_3523209800/>
            <total>3028.00</total>
        </BCME3450_row>
        <BCME3450_row>
            <objectNo>  0294 運費</objectNo>
            <budgetno_3523200100>30.00</budgetno_3523200100>
            <budgetno_3523201000/>
            <budgetno_3523209800/>
            <total>30.00</total>
        </BCME3450_row>
        <BCME3450_row>
            <objectNo>  0299 特別費</objectNo>
            <budgetno_3523200100>476.00</budgetno_3523200100>
            <budgetno_3523201000/>
            <budgetno_3523209800/>
            <total>476.00</total>
        </BCME3450_row>
        <BCME3450_row>
            <objectNo>0300 設備及投資</objectNo>
            <budgetno_3523200100/>
            <budgetno_3523201000>494.00</budgetno_3523201000>
            <budgetno_3523209800/>
            <total>494.00</total>
        </BCME3450_row>
        <BCME3450_row>
            <objectNo>  0319 雜項設備費</objectNo>
            <budgetno_3523200100/>
            <budgetno_3523201000>494.00</budgetno_3523201000>
            <budgetno_3523209800/>
            <total>494.00</total>
        </BCME3450_row>
        <BCME3450_row>
            <objectNo>0400 獎補助費</objectNo>
            <budgetno_3523200100>462.00</budgetno_3523200100>
            <budgetno_3523201000/>
            <budgetno_3523209800/>
            <total>462.00</total>
        </BCME3450_row>
        <BCME3450_row>
            <objectNo>  0475 獎勵及慰問</objectNo>
            <budgetno_3523200100>462.00</budgetno_3523200100>
            <budgetno_3523201000/>
            <budgetno_3523209800/>
            <total>462.00</total>
        </BCME3450_row>
        <BCME3450_row>
            <objectNo>0900 預備金</objectNo>
            <budgetno_3523200100/>
            <budgetno_3523201000/>
            <budgetno_3523209800>178.00</budgetno_3523209800>
            <total>178.00</total>
        </BCME3450_row>
        <BCME3450_row>
            <objectNo>  0901 第一預備金</objectNo>
            <budgetno_3523200100/>
            <budgetno_3523201000/>
            <budgetno_3523209800>178.00</budgetno_3523209800>
            <total>178.00</total>
        </BCME3450_row>
    </BCME3450>
</tables>
