<?xml version="1.0" encoding="UTF-8"?>
<Root>
    <Row>
        <款>12</款>
        <項/>
        <目/>
        <節/>
        <科目名稱>法務部主管</科目名稱>
        <人事費>143717</人事費>
        <業務費_經>39062</業務費_經>
        <奬補助費_經>462</奬補助費_經>
        <債務費>0</債務費>
        <預備金_經>178</預備金_經>
        <經常支出小計>183419</經常支出小計>
        <業務費_資>0</業務費_資>
        <設備及投資>494</設備及投資>
        <奬補助費_資>0</奬補助費_資>
        <預備金_資>0</預備金_資>
        <資本支出小計>494</資本支出小計>
        <合計>183913</合計>
    </Row>
    <Row>
        <款/>
        <項>7</項>
        <目/>
        <節/>
        <科目名稱>最高法院檢察署</科目名稱>
        <人事費>143717</人事費>
        <業務費_經>39062</業務費_經>
        <奬補助費_經>462</奬補助費_經>
        <債務費>0</債務費>
        <預備金_經>178</預備金_經>
        <經常支出小計>183419</經常支出小計>
        <業務費_資>0</業務費_資>
        <設備及投資>494</設備及投資>
        <奬補助費_資>0</奬補助費_資>
        <預備金_資>0</預備金_資>
        <資本支出小計>494</資本支出小計>
        <合計>183913</合計>
    </Row>
    <Row>
        <款/>
        <項/>
        <目/>
        <節/>
        <科目名稱>司法支出</科目名稱>
        <人事費>143717</人事費>
        <業務費_經>39062</業務費_經>
        <奬補助費_經>462</奬補助費_經>
        <債務費>0</債務費>
        <預備金_經>178</預備金_經>
        <經常支出小計>183419</經常支出小計>
        <業務費_資>0</業務費_資>
        <設備及投資>494</設備及投資>
        <奬補助費_資>0</奬補助費_資>
        <預備金_資>0</預備金_資>
        <資本支出小計>494</資本支出小計>
        <合計>183913</合計>
    </Row>
    <Row>
        <款/>
        <項/>
        <目>1</目>
        <節/>
        <科目名稱>一般行政</科目名稱>
        <人事費>135544</人事費>
        <業務費_經>13806</業務費_經>
        <奬補助費_經>462</奬補助費_經>
        <債務費>0</債務費>
        <預備金_經>0</預備金_經>
        <經常支出小計>149812</經常支出小計>
        <業務費_資>0</業務費_資>
        <設備及投資>0</設備及投資>
        <奬補助費_資>0</奬補助費_資>
        <預備金_資>0</預備金_資>
        <資本支出小計>0</資本支出小計>
        <合計>149812</合計>
    </Row>
    <Row>
        <款/>
        <項/>
        <目>2</目>
        <節/>
        <科目名稱>檢察業務</科目名稱>
        <人事費>8173</人事費>
        <業務費_經>25256</業務費_經>
        <奬補助費_經>0</奬補助費_經>
        <債務費>0</債務費>
        <預備金_經>0</預備金_經>
        <經常支出小計>33429</經常支出小計>
        <業務費_資>0</業務費_資>
        <設備及投資>494</設備及投資>
        <奬補助費_資>0</奬補助費_資>
        <預備金_資>0</預備金_資>
        <資本支出小計>494</資本支出小計>
        <合計>33923</合計>
    </Row>
    <Row>
        <款/>
        <項/>
        <目>3</目>
        <節/>
        <科目名稱>第一預備金</科目名稱>
        <人事費>0</人事費>
        <業務費_經>0</業務費_經>
        <奬補助費_經>0</奬補助費_經>
        <債務費>0</債務費>
        <預備金_經>178</預備金_經>
        <經常支出小計>178</經常支出小計>
        <業務費_資>0</業務費_資>
        <設備及投資>0</設備及投資>
        <奬補助費_資>0</奬補助費_資>
        <預備金_資>0</預備金_資>
        <資本支出小計>0</資本支出小計>
        <合計>178</合計>
    </Row>
</Root>
