<?xml version="1.0" encoding="UTF-8"?>
<tables>
    <BCTDHELPPLAN>
        <BCTDHELPPLAN_row>
            <bh_fiscalyear>104</bh_fiscalyear>
            <bh_fundkind>1</bh_fundkind>
            <bh_budgetkind>1</bh_budgetkind>
            <bh_specialbudgetno/>
            <bh_agenno>26031</bh_agenno>
            <bh_agentype>B</bh_agentype>
            <bh_budgetstate>2</bh_budgetstate>
            <bh_versiondate/>
            <bh_objectno>0437</bh_objectno>
            <bh_endowplanno>01</bh_endowplanno>
            <bh_endowplanname>輔導及補助團體推動標準化活動</bh_endowplanname>
            <bh_donname>依法設立之財團法人、社團法人或學校</bh_donname>
            <bh_endowsts>1</bh_endowsts>
            <bh_budgetno>52260310500</bh_budgetno>
            <bh_subprojectno>03</bh_subprojectno>
            <bh_budgetsource>1</bh_budgetsource>
            <bh_applyid>0</bh_applyid>
            <bh_startyear>0</bh_startyear>
            <bh_endyear>999</bh_endyear>
            <bh_donrem>依「團體推動標準化活動補助作業規範」之規定辦理補助事宜，每一補助案件之補助金額，以不超過全案總經費百分之五十為限。</bh_donrem>
            <bh_bgtyear>0</bh_bgtyear>
            <bh_amt_man>0.00</bh_amt_man>
            <bh_amt_business>0.00</bh_amt_business>
            <bh_amt_other>4016000.00</bh_amt_other>
            <bh_amt_land>0.00</bh_amt_land>
            <bh_amt_house>0.00</bh_amt_house>
            <bh_amt6>0.00</bh_amt6>
            <bh_amt7>0.00</bh_amt7>
            <bh_flowflag/>
            <bh_signflag/>
            <bh_signno/>
            <mj_subprojectno_na>03 - 產業標準活絡暨參與國際標準制定</mj_subprojectno_na>
        </BCTDHELPPLAN_row>
        <BCTDHELPPLAN_row>
            <bh_fiscalyear>104</bh_fiscalyear>
            <bh_fundkind>1</bh_fundkind>
            <bh_budgetkind>1</bh_budgetkind>
            <bh_specialbudgetno/>
            <bh_agenno>26031</bh_agenno>
            <bh_agentype>B</bh_agentype>
            <bh_budgetstate>2</bh_budgetstate>
            <bh_versiondate/>
            <bh_objectno>0445</bh_objectno>
            <bh_endowplanno>02</bh_endowplanno>
            <bh_endowplanname>早期退休工友濟助費</bh_endowplanname>
            <bh_donname>早期退休工友</bh_donname>
            <bh_endowsts>1</bh_endowsts>
            <bh_budgetno>61260310100</bh_budgetno>
            <bh_subprojectno>02</bh_subprojectno>
            <bh_budgetsource>1</bh_budgetsource>
            <bh_applyid>0</bh_applyid>
            <bh_startyear>0</bh_startyear>
            <bh_endyear>999</bh_endyear>
            <bh_donrem>早期退休工友生活困難特別照護金。</bh_donrem>
            <bh_bgtyear>0</bh_bgtyear>
            <bh_amt_man>0.00</bh_amt_man>
            <bh_amt_business>0.00</bh_amt_business>
            <bh_amt_other>54000.00</bh_amt_other>
            <bh_amt_land>0.00</bh_amt_land>
            <bh_amt_house>0.00</bh_amt_house>
            <bh_amt6>0.00</bh_amt6>
            <bh_amt7>0.00</bh_amt7>
            <bh_flowflag/>
            <bh_signflag/>
            <bh_signno/>
            <mj_subprojectno_na>02 - 基本行政工作維持</mj_subprojectno_na>
        </BCTDHELPPLAN_row>
        <BCTDHELPPLAN_row>
            <bh_fiscalyear>104</bh_fiscalyear>
            <bh_fundkind>1</bh_fundkind>
            <bh_budgetkind>1</bh_budgetkind>
            <bh_specialbudgetno/>
            <bh_agenno>26031</bh_agenno>
            <bh_agentype>B</bh_agentype>
            <bh_budgetstate>2</bh_budgetstate>
            <bh_versiondate/>
            <bh_objectno>0475</bh_objectno>
            <bh_endowplanno>03</bh_endowplanno>
            <bh_endowplanname>退休退職人員之慰問金</bh_endowplanname>
            <bh_donname>退休人員及退職工友</bh_donname>
            <bh_endowsts>1</bh_endowsts>
            <bh_budgetno>61260310100</bh_budgetno>
            <bh_subprojectno>02</bh_subprojectno>
            <bh_budgetsource>1</bh_budgetsource>
            <bh_applyid>0</bh_applyid>
            <bh_startyear>0</bh_startyear>
            <bh_endyear>999</bh_endyear>
            <bh_donrem>發放退休人員及退職工友三節慰問金。</bh_donrem>
            <bh_bgtyear>0</bh_bgtyear>
            <bh_amt_man>0.00</bh_amt_man>
            <bh_amt_business>0.00</bh_amt_business>
            <bh_amt_other>4890000.00</bh_amt_other>
            <bh_amt_land>0.00</bh_amt_land>
            <bh_amt_house>0.00</bh_amt_house>
            <bh_amt6>0.00</bh_amt6>
            <bh_amt7>0.00</bh_amt7>
            <bh_flowflag/>
            <bh_signflag/>
            <bh_signno/>
            <mj_subprojectno_na>02 - 基本行政工作維持</mj_subprojectno_na>
        </BCTDHELPPLAN_row>
        <BCTDHELPPLAN_row>
            <bh_fiscalyear>104</bh_fiscalyear>
            <bh_fundkind>1</bh_fundkind>
            <bh_budgetkind>1</bh_budgetkind>
            <bh_specialbudgetno/>
            <bh_agenno>26031</bh_agenno>
            <bh_agentype>B</bh_agentype>
            <bh_budgetstate>2</bh_budgetstate>
            <bh_versiondate/>
            <bh_objectno>0475</bh_objectno>
            <bh_endowplanno>04</bh_endowplanno>
            <bh_endowplanname>全國標準化獎獎勵金</bh_endowplanname>
            <bh_donname>全國標準化獎得獎者</bh_donname>
            <bh_endowsts>1</bh_endowsts>
            <bh_budgetno>61260310200</bh_budgetno>
            <bh_subprojectno>01</bh_subprojectno>
            <bh_budgetsource>1</bh_budgetsource>
            <bh_applyid>0</bh_applyid>
            <bh_startyear>0</bh_startyear>
            <bh_endyear>999</bh_endyear>
            <bh_donrem>每屆(年)頒發團體標準化獎1名(每名獎金30萬元)、公司標準化獎5名(每名獎金30萬元)、標準化成就獎3名(每名獎金10萬元)與標準化前瞻貢獻獎1名(每名獎金30萬元)。</bh_donrem>
            <bh_bgtyear>0</bh_bgtyear>
            <bh_amt_man>0.00</bh_amt_man>
            <bh_amt_business>0.00</bh_amt_business>
            <bh_amt_other>2400000.00</bh_amt_other>
            <bh_amt_land>0.00</bh_amt_land>
            <bh_amt_house>0.00</bh_amt_house>
            <bh_amt6>0.00</bh_amt6>
            <bh_amt7>0.00</bh_amt7>
            <bh_flowflag/>
            <bh_signflag/>
            <bh_signno/>
            <mj_subprojectno_na>01 - 標準制定及正字標記管理</mj_subprojectno_na>
        </BCTDHELPPLAN_row>
        <BCTDHELPPLAN_row>
            <bh_fiscalyear>104</bh_fiscalyear>
            <bh_fundkind>1</bh_fundkind>
            <bh_budgetkind>1</bh_budgetkind>
            <bh_specialbudgetno/>
            <bh_agenno>26031</bh_agenno>
            <bh_agentype>B</bh_agentype>
            <bh_budgetstate>2</bh_budgetstate>
            <bh_versiondate/>
            <bh_objectno>0475</bh_objectno>
            <bh_endowplanno>05</bh_endowplanno>
            <bh_endowplanname>商品義務監視員舉發有效案件獎勵金</bh_endowplanname>
            <bh_donname>商品義務監視員</bh_donname>
            <bh_endowsts>1</bh_endowsts>
            <bh_budgetno>61260310200</bh_budgetno>
            <bh_subprojectno>04</bh_subprojectno>
            <bh_budgetsource>1</bh_budgetsource>
            <bh_applyid>0</bh_applyid>
            <bh_startyear>0</bh_startyear>
            <bh_endyear>999</bh_endyear>
            <bh_donrem>依「商品義務監視員遴聘及違規舉發程序管理辦法」規定計算發給獎金，發給方式如下：一、基本獎金：有效案件每件新臺幣200元（上限：新臺幣12,000元）。二、加成獎金：除基本獎金外依有效件數率（有效件數÷反映件數）發給加成獎金。</bh_donrem>
            <bh_bgtyear>0</bh_bgtyear>
            <bh_amt_man>0.00</bh_amt_man>
            <bh_amt_business>0.00</bh_amt_business>
            <bh_amt_other>308000.00</bh_amt_other>
            <bh_amt_land>0.00</bh_amt_land>
            <bh_amt_house>0.00</bh_amt_house>
            <bh_amt6>0.00</bh_amt6>
            <bh_amt7>0.00</bh_amt7>
            <bh_flowflag/>
            <bh_signflag/>
            <bh_signno/>
            <mj_subprojectno_na>04 - 企劃檢驗驗證及國際事務</mj_subprojectno_na>
        </BCTDHELPPLAN_row>
        <BCTDHELPPLAN_row>
            <bh_fiscalyear>104</bh_fiscalyear>
            <bh_fundkind>1</bh_fundkind>
            <bh_budgetkind>1</bh_budgetkind>
            <bh_specialbudgetno/>
            <bh_agenno>26031</bh_agenno>
            <bh_agentype>B</bh_agentype>
            <bh_budgetstate>2</bh_budgetstate>
            <bh_versiondate/>
            <bh_objectno>0475</bh_objectno>
            <bh_endowplanno>06</bh_endowplanno>
            <bh_endowplanname>度量衡器義務監視員舉發有效案件獎勵金</bh_endowplanname>
            <bh_donname>度量衡器義務監視員</bh_donname>
            <bh_endowsts>1</bh_endowsts>
            <bh_budgetno>61260310200</bh_budgetno>
            <bh_subprojectno>06</bh_subprojectno>
            <bh_budgetsource>1</bh_budgetsource>
            <bh_applyid>0</bh_applyid>
            <bh_startyear>0</bh_startyear>
            <bh_endyear>999</bh_endyear>
            <bh_donrem>依據「度量衡器義務監視員遴聘及違規舉發程序管理辦法」規定計算發給獎金，發給方式按有效案件每件新臺幣200元，預計辦理500件。</bh_donrem>
            <bh_bgtyear>0</bh_bgtyear>
            <bh_amt_man>0.00</bh_amt_man>
            <bh_amt_business>0.00</bh_amt_business>
            <bh_amt_other>100000.00</bh_amt_other>
            <bh_amt_land>0.00</bh_amt_land>
            <bh_amt_house>0.00</bh_amt_house>
            <bh_amt6>0.00</bh_amt6>
            <bh_amt7>0.00</bh_amt7>
            <bh_flowflag/>
            <bh_signflag/>
            <bh_signno/>
            <mj_subprojectno_na>06 - 度量衡管理及代施檢定</mj_subprojectno_na>
        </BCTDHELPPLAN_row>
    </BCTDHELPPLAN>
</tables>
