<?xml version="1.0" encoding="UTF-8"?>
<tables>
    <BCTMOFFICE>
        <BCTMOFFICE_row>
            <m33_fiscalyear>104</m33_fiscalyear>
            <m33_reportno>辦公房舍  </m33_reportno>
            <m33_level1>001</m33_level1>
            <m33_level2/>
            <m33_level3/>
            <m33_level4/>
            <m33_objectname>辦公房舍</m33_objectname>
            <m33_objectno>07320100</m33_objectno>
            <m33_detailid>0</m33_detailid>
            <br_fiscalyear>104</br_fiscalyear>
            <br_fundkind>1</br_fundkind>
            <br_budgetkind>1</br_budgetkind>
            <br_specialbudgetno/>
            <br_agenno>26031</br_agenno>
            <br_agentype>B</br_agentype>
            <br_budgetstate>2         </br_budgetstate>
            <br_objectno>07320100  </br_objectno>
            <br_holds1>31處</br_holds1>
            <br_area1>92365.64</br_area1>
            <br_bookvalue1>1543153000.00</br_bookvalue1>
            <br_amtyear1>4597000.00</br_amtyear1>
            <br_holds2>2處</br_holds2>
            <br_area2>2874.85</br_area2>
            <br_amtyear2>0.00</br_amtyear2>
            <br_holds3>6處</br_holds3>
            <br_deposit>0.00</br_deposit>
            <br_rental>1911000.00</br_rental>
            <br_amtyear3>132000.00</br_amtyear3>
            <br_area4>101926.12</br_area4>
            <br_deposit4>0.00</br_deposit4>
            <br_rental4>1911000.00</br_rental4>
            <br_amtyear4>4729000.00</br_amtyear4>
            <br_versiondate/>
            <br_text>本局及所屬租用辦公房屋6,685.63平方公尺(含附屬空間5,499.44平方公尺)，說明如下：&#xd;
&lt;#H1&gt;總局租用辦公房屋3,874.26平方公尺(含檢定室、停車場及公共設施等附屬空間3,172.71平方公尺)。&#xd;
&lt;#H1&gt;高雄分局第二課及第五課辦公室租用2處辦公房屋計2,467.01平方公尺(含研究實驗室1,175.46平方公尺、計程車計費表驗表場847.07平方公尺等附屬空間2,022.53平方公尺)。&#xd;
&lt;#H1&gt;基隆分局蘇澳辦事處、馬祖辦事處(福澳村、清水村)租用3處辦公房屋344.36平方公尺(含檢驗室、停車場及公共設施等附屬空間304.20平方公尺)。</br_text>
        </BCTMOFFICE_row>
        <BCTMOFFICE_row>
            <m33_fiscalyear>104</m33_fiscalyear>
            <m33_reportno>辦公房舍  </m33_reportno>
            <m33_level1>002</m33_level1>
            <m33_level2/>
            <m33_level3/>
            <m33_level4/>
            <m33_objectname>機關宿舍</m33_objectname>
            <m33_objectno>07320200</m33_objectno>
            <m33_detailid>1</m33_detailid>
            <br_fiscalyear>104</br_fiscalyear>
            <br_fundkind>1</br_fundkind>
            <br_budgetkind>1</br_budgetkind>
            <br_specialbudgetno/>
            <br_agenno>26031</br_agenno>
            <br_agentype>B</br_agentype>
            <br_budgetstate>2         </br_budgetstate>
            <br_objectno>07320200  </br_objectno>
            <br_holds1>59戶</br_holds1>
            <br_area1>1875.76</br_area1>
            <br_bookvalue1>4658010.00</br_bookvalue1>
            <br_amtyear1>238000.00</br_amtyear1>
            <br_holds2>0</br_holds2>
            <br_area2>0.00</br_area2>
            <br_amtyear2>0.00</br_amtyear2>
            <br_holds3>0</br_holds3>
            <br_deposit>0.00</br_deposit>
            <br_rental>0.00</br_rental>
            <br_amtyear3>0.00</br_amtyear3>
            <br_area4>1875.76</br_area4>
            <br_deposit4>0.00</br_deposit4>
            <br_rental4>0.00</br_rental4>
            <br_amtyear4>238000.00</br_amtyear4>
            <br_versiondate/>
            <br_text>本局及所屬租用辦公房屋6,685.63平方公尺(含附屬空間5,499.44平方公尺)，說明如下：&#xd;
&lt;#H1&gt;總局租用辦公房屋3,874.26平方公尺(含檢定室、停車場及公共設施等附屬空間3,172.71平方公尺)。&#xd;
&lt;#H1&gt;高雄分局第二課及第五課辦公室租用2處辦公房屋計2,467.01平方公尺(含研究實驗室1,175.46平方公尺、計程車計費表驗表場847.07平方公尺等附屬空間2,022.53平方公尺)。&#xd;
&lt;#H1&gt;基隆分局蘇澳辦事處、馬祖辦事處(福澳村、清水村)租用3處辦公房屋344.36平方公尺(含檢驗室、停車場及公共設施等附屬空間304.20平方公尺)。</br_text>
        </BCTMOFFICE_row>
        <BCTMOFFICE_row>
            <m33_fiscalyear>104</m33_fiscalyear>
            <m33_reportno>辦公房舍  </m33_reportno>
            <m33_level1>002</m33_level1>
            <m33_level2>001</m33_level2>
            <m33_level3/>
            <m33_level4/>
            <m33_objectname>首長宿舍</m33_objectname>
            <m33_objectno>07320201</m33_objectno>
            <m33_detailid>0</m33_detailid>
            <br_fiscalyear>104</br_fiscalyear>
            <br_fundkind>1</br_fundkind>
            <br_budgetkind>1</br_budgetkind>
            <br_specialbudgetno/>
            <br_agenno>26031</br_agenno>
            <br_agentype>B</br_agentype>
            <br_budgetstate>2         </br_budgetstate>
            <br_objectno>07320201  </br_objectno>
            <br_holds1>1戶</br_holds1>
            <br_area1>171.19</br_area1>
            <br_bookvalue1>2769000.00</br_bookvalue1>
            <br_amtyear1>15000.00</br_amtyear1>
            <br_holds2>0</br_holds2>
            <br_area2>0.00</br_area2>
            <br_amtyear2>0.00</br_amtyear2>
            <br_holds3>0</br_holds3>
            <br_deposit>0.00</br_deposit>
            <br_rental>0.00</br_rental>
            <br_amtyear3>0.00</br_amtyear3>
            <br_area4>171.19</br_area4>
            <br_deposit4>0.00</br_deposit4>
            <br_rental4>0.00</br_rental4>
            <br_amtyear4>15000.00</br_amtyear4>
            <br_versiondate/>
            <br_text>本局及所屬租用辦公房屋6,685.63平方公尺(含附屬空間5,499.44平方公尺)，說明如下：&#xd;
&lt;#H1&gt;總局租用辦公房屋3,874.26平方公尺(含檢定室、停車場及公共設施等附屬空間3,172.71平方公尺)。&#xd;
&lt;#H1&gt;高雄分局第二課及第五課辦公室租用2處辦公房屋計2,467.01平方公尺(含研究實驗室1,175.46平方公尺、計程車計費表驗表場847.07平方公尺等附屬空間2,022.53平方公尺)。&#xd;
&lt;#H1&gt;基隆分局蘇澳辦事處、馬祖辦事處(福澳村、清水村)租用3處辦公房屋344.36平方公尺(含檢驗室、停車場及公共設施等附屬空間304.20平方公尺)。</br_text>
        </BCTMOFFICE_row>
        <BCTMOFFICE_row>
            <m33_fiscalyear>104</m33_fiscalyear>
            <m33_reportno>辦公房舍  </m33_reportno>
            <m33_level1>002</m33_level1>
            <m33_level2>002</m33_level2>
            <m33_level3/>
            <m33_level4/>
            <m33_objectname>單房間職務宿舍</m33_objectname>
            <m33_objectno>07320202</m33_objectno>
            <m33_detailid>0</m33_detailid>
            <br_fiscalyear>104</br_fiscalyear>
            <br_fundkind>1</br_fundkind>
            <br_budgetkind>1</br_budgetkind>
            <br_specialbudgetno/>
            <br_agenno>26031</br_agenno>
            <br_agentype>B</br_agentype>
            <br_budgetstate>2         </br_budgetstate>
            <br_objectno>07320202  </br_objectno>
            <br_holds1>45戶</br_holds1>
            <br_area1>793.16</br_area1>
            <br_bookvalue1>1212260.00</br_bookvalue1>
            <br_amtyear1>121000.00</br_amtyear1>
            <br_holds2>0</br_holds2>
            <br_area2>0.00</br_area2>
            <br_amtyear2>0.00</br_amtyear2>
            <br_holds3>0</br_holds3>
            <br_deposit>0.00</br_deposit>
            <br_rental>0.00</br_rental>
            <br_amtyear3>0.00</br_amtyear3>
            <br_area4>793.16</br_area4>
            <br_deposit4>0.00</br_deposit4>
            <br_rental4>0.00</br_rental4>
            <br_amtyear4>121000.00</br_amtyear4>
            <br_versiondate/>
            <br_text>本局及所屬租用辦公房屋6,685.63平方公尺(含附屬空間5,499.44平方公尺)，說明如下：&#xd;
&lt;#H1&gt;總局租用辦公房屋3,874.26平方公尺(含檢定室、停車場及公共設施等附屬空間3,172.71平方公尺)。&#xd;
&lt;#H1&gt;高雄分局第二課及第五課辦公室租用2處辦公房屋計2,467.01平方公尺(含研究實驗室1,175.46平方公尺、計程車計費表驗表場847.07平方公尺等附屬空間2,022.53平方公尺)。&#xd;
&lt;#H1&gt;基隆分局蘇澳辦事處、馬祖辦事處(福澳村、清水村)租用3處辦公房屋344.36平方公尺(含檢驗室、停車場及公共設施等附屬空間304.20平方公尺)。</br_text>
        </BCTMOFFICE_row>
        <BCTMOFFICE_row>
            <m33_fiscalyear>104</m33_fiscalyear>
            <m33_reportno>辦公房舍  </m33_reportno>
            <m33_level1>002</m33_level1>
            <m33_level2>003</m33_level2>
            <m33_level3/>
            <m33_level4/>
            <m33_objectname>多房間職務宿舍</m33_objectname>
            <m33_objectno>07320203</m33_objectno>
            <m33_detailid>0</m33_detailid>
            <br_fiscalyear>104</br_fiscalyear>
            <br_fundkind>1</br_fundkind>
            <br_budgetkind>1</br_budgetkind>
            <br_specialbudgetno/>
            <br_agenno>26031</br_agenno>
            <br_agentype>B</br_agentype>
            <br_budgetstate>2         </br_budgetstate>
            <br_objectno>07320203  </br_objectno>
            <br_holds1>13戶</br_holds1>
            <br_area1>911.41</br_area1>
            <br_bookvalue1>676750.00</br_bookvalue1>
            <br_amtyear1>102000.00</br_amtyear1>
            <br_holds2>0</br_holds2>
            <br_area2>0.00</br_area2>
            <br_amtyear2>0.00</br_amtyear2>
            <br_holds3>0</br_holds3>
            <br_deposit>0.00</br_deposit>
            <br_rental>0.00</br_rental>
            <br_amtyear3>0.00</br_amtyear3>
            <br_area4>911.41</br_area4>
            <br_deposit4>0.00</br_deposit4>
            <br_rental4>0.00</br_rental4>
            <br_amtyear4>102000.00</br_amtyear4>
            <br_versiondate/>
            <br_text>本局及所屬租用辦公房屋6,685.63平方公尺(含附屬空間5,499.44平方公尺)，說明如下：&#xd;
&lt;#H1&gt;總局租用辦公房屋3,874.26平方公尺(含檢定室、停車場及公共設施等附屬空間3,172.71平方公尺)。&#xd;
&lt;#H1&gt;高雄分局第二課及第五課辦公室租用2處辦公房屋計2,467.01平方公尺(含研究實驗室1,175.46平方公尺、計程車計費表驗表場847.07平方公尺等附屬空間2,022.53平方公尺)。&#xd;
&lt;#H1&gt;基隆分局蘇澳辦事處、馬祖辦事處(福澳村、清水村)租用3處辦公房屋344.36平方公尺(含檢驗室、停車場及公共設施等附屬空間304.20平方公尺)。</br_text>
        </BCTMOFFICE_row>
        <BCTMOFFICE_row>
            <m33_fiscalyear>104</m33_fiscalyear>
            <m33_reportno>辦公房舍  </m33_reportno>
            <m33_level1>003</m33_level1>
            <m33_level2/>
            <m33_level3/>
            <m33_level4/>
            <m33_objectname>其他　　</m33_objectname>
            <m33_objectno>07321000</m33_objectno>
            <m33_detailid>0</m33_detailid>
            <br_fiscalyear>104</br_fiscalyear>
            <br_fundkind>1</br_fundkind>
            <br_budgetkind>1</br_budgetkind>
            <br_specialbudgetno/>
            <br_agenno>26031</br_agenno>
            <br_agentype>B</br_agentype>
            <br_budgetstate>2         </br_budgetstate>
            <br_objectno>07321000  </br_objectno>
            <br_holds1>8處</br_holds1>
            <br_area1>5565.52</br_area1>
            <br_bookvalue1>12731000.00</br_bookvalue1>
            <br_amtyear1>15000.00</br_amtyear1>
            <br_holds2>0</br_holds2>
            <br_area2>0.00</br_area2>
            <br_amtyear2>0.00</br_amtyear2>
            <br_holds3>1處</br_holds3>
            <br_deposit>0.00</br_deposit>
            <br_rental>1740000.00</br_rental>
            <br_amtyear3>0.00</br_amtyear3>
            <br_area4>5984.12</br_area4>
            <br_deposit4>0.00</br_deposit4>
            <br_rental4>1740000.00</br_rental4>
            <br_amtyear4>15000.00</br_amtyear4>
            <br_versiondate/>
            <br_text>本局及所屬租用辦公房屋6,685.63平方公尺(含附屬空間5,499.44平方公尺)，說明如下：&#xd;
&lt;#H1&gt;總局租用辦公房屋3,874.26平方公尺(含檢定室、停車場及公共設施等附屬空間3,172.71平方公尺)。&#xd;
&lt;#H1&gt;高雄分局第二課及第五課辦公室租用2處辦公房屋計2,467.01平方公尺(含研究實驗室1,175.46平方公尺、計程車計費表驗表場847.07平方公尺等附屬空間2,022.53平方公尺)。&#xd;
&lt;#H1&gt;基隆分局蘇澳辦事處、馬祖辦事處(福澳村、清水村)租用3處辦公房屋344.36平方公尺(含檢驗室、停車場及公共設施等附屬空間304.20平方公尺)。</br_text>
        </BCTMOFFICE_row>
    </BCTMOFFICE>
</tables>
