<?xml version="1.0" encoding="UTF-8"?>
<tables>
    <BCME3450>
        <BCME3450_row>
            <objectNo>合計</objectNo>
            <budgetno_6126310100>113974.00</budgetno_6126310100>
            <budgetno_6126310200>15794.00</budgetno_6126310200>
            <budgetno_6126319011>820.00</budgetno_6126319011>
            <total>130588.00</total>
        </BCME3450_row>
        <BCME3450_row>
            <objectNo>0100 人事費</objectNo>
            <budgetno_6126310100>108167.00</budgetno_6126310100>
            <budgetno_6126310200/>
            <budgetno_6126319011/>
            <total>108167.00</total>
        </BCME3450_row>
        <BCME3450_row>
            <objectNo>  0103 法定編制人員待遇</objectNo>
            <budgetno_6126310100>65243.00</budgetno_6126310100>
            <budgetno_6126310200/>
            <budgetno_6126319011/>
            <total>65243.00</total>
        </BCME3450_row>
        <BCME3450_row>
            <objectNo>  0104 約聘僱人員待遇</objectNo>
            <budgetno_6126310100>3452.00</budgetno_6126310100>
            <budgetno_6126310200/>
            <budgetno_6126319011/>
            <total>3452.00</total>
        </BCME3450_row>
        <BCME3450_row>
            <objectNo>  0105 技工及工友待遇</objectNo>
            <budgetno_6126310100>3728.00</budgetno_6126310100>
            <budgetno_6126310200/>
            <budgetno_6126319011/>
            <total>3728.00</total>
        </BCME3450_row>
        <BCME3450_row>
            <objectNo>  0111 獎金</objectNo>
            <budgetno_6126310100>16985.00</budgetno_6126310100>
            <budgetno_6126310200/>
            <budgetno_6126319011/>
            <total>16985.00</total>
        </BCME3450_row>
        <BCME3450_row>
            <objectNo>  0121 其他給與</objectNo>
            <budgetno_6126310100>1697.00</budgetno_6126310100>
            <budgetno_6126310200/>
            <budgetno_6126319011/>
            <total>1697.00</total>
        </BCME3450_row>
        <BCME3450_row>
            <objectNo>  0131 加班值班費</objectNo>
            <budgetno_6126310100>3217.00</budgetno_6126310100>
            <budgetno_6126310200/>
            <budgetno_6126319011/>
            <total>3217.00</total>
        </BCME3450_row>
        <BCME3450_row>
            <objectNo>  0143 退休離職儲金</objectNo>
            <budgetno_6126310100>6809.00</budgetno_6126310100>
            <budgetno_6126310200/>
            <budgetno_6126319011/>
            <total>6809.00</total>
        </BCME3450_row>
        <BCME3450_row>
            <objectNo>  0151 保險</objectNo>
            <budgetno_6126310100>7036.00</budgetno_6126310100>
            <budgetno_6126310200/>
            <budgetno_6126319011/>
            <total>7036.00</total>
        </BCME3450_row>
        <BCME3450_row>
            <objectNo>0200 業務費</objectNo>
            <budgetno_6126310100>5177.00</budgetno_6126310100>
            <budgetno_6126310200>8686.00</budgetno_6126310200>
            <budgetno_6126319011/>
            <total>13863.00</total>
        </BCME3450_row>
        <BCME3450_row>
            <objectNo>  0201 教育訓練費</objectNo>
            <budgetno_6126310100>98.00</budgetno_6126310100>
            <budgetno_6126310200>205.00</budgetno_6126310200>
            <budgetno_6126319011/>
            <total>303.00</total>
        </BCME3450_row>
        <BCME3450_row>
            <objectNo>  0202 水電費</objectNo>
            <budgetno_6126310100>613.00</budgetno_6126310100>
            <budgetno_6126310200>933.00</budgetno_6126310200>
            <budgetno_6126319011/>
            <total>1546.00</total>
        </BCME3450_row>
        <BCME3450_row>
            <objectNo>  0203 通訊費</objectNo>
            <budgetno_6126310100>387.00</budgetno_6126310100>
            <budgetno_6126310200>139.00</budgetno_6126310200>
            <budgetno_6126319011/>
            <total>526.00</total>
        </BCME3450_row>
        <BCME3450_row>
            <objectNo>  0215 資訊服務費</objectNo>
            <budgetno_6126310100>159.00</budgetno_6126310100>
            <budgetno_6126310200/>
            <budgetno_6126319011/>
            <total>159.00</total>
        </BCME3450_row>
        <BCME3450_row>
            <objectNo>  0219 其他業務租金</objectNo>
            <budgetno_6126310100>107.00</budgetno_6126310100>
            <budgetno_6126310200/>
            <budgetno_6126319011/>
            <total>107.00</total>
        </BCME3450_row>
        <BCME3450_row>
            <objectNo>  0221 稅捐及規費</objectNo>
            <budgetno_6126310100>132.00</budgetno_6126310100>
            <budgetno_6126310200/>
            <budgetno_6126319011/>
            <total>132.00</total>
        </BCME3450_row>
        <BCME3450_row>
            <objectNo>  0231 保險費</objectNo>
            <budgetno_6126310100>49.00</budgetno_6126310100>
            <budgetno_6126310200>5.00</budgetno_6126310200>
            <budgetno_6126319011/>
            <total>54.00</total>
        </BCME3450_row>
        <BCME3450_row>
            <objectNo>  0250 按日按件計資酬金</objectNo>
            <budgetno_6126310100>34.00</budgetno_6126310100>
            <budgetno_6126310200>44.00</budgetno_6126310200>
            <budgetno_6126319011/>
            <total>78.00</total>
        </BCME3450_row>
        <BCME3450_row>
            <objectNo>  0271 物品</objectNo>
            <budgetno_6126310100>713.00</budgetno_6126310100>
            <budgetno_6126310200>1593.00</budgetno_6126310200>
            <budgetno_6126319011/>
            <total>2306.00</total>
        </BCME3450_row>
        <BCME3450_row>
            <objectNo>  0279 一般事務費</objectNo>
            <budgetno_6126310100>1701.00</budgetno_6126310100>
            <budgetno_6126310200>1033.00</budgetno_6126310200>
            <budgetno_6126319011/>
            <total>2734.00</total>
        </BCME3450_row>
        <BCME3450_row>
            <objectNo>  0282 房屋建築養護費</objectNo>
            <budgetno_6126310100>200.00</budgetno_6126310100>
            <budgetno_6126310200/>
            <budgetno_6126319011/>
            <total>200.00</total>
        </BCME3450_row>
        <BCME3450_row>
            <objectNo>  0283 車輛及辦公器具養護費</objectNo>
            <budgetno_6126310100>281.00</budgetno_6126310100>
            <budgetno_6126310200/>
            <budgetno_6126319011/>
            <total>281.00</total>
        </BCME3450_row>
        <BCME3450_row>
            <objectNo>  0284 設施及機械設備養護費</objectNo>
            <budgetno_6126310100>317.00</budgetno_6126310100>
            <budgetno_6126310200>1373.00</budgetno_6126310200>
            <budgetno_6126319011/>
            <total>1690.00</total>
        </BCME3450_row>
        <BCME3450_row>
            <objectNo>  0291 國內旅費</objectNo>
            <budgetno_6126310100>287.00</budgetno_6126310100>
            <budgetno_6126310200>3268.00</budgetno_6126310200>
            <budgetno_6126319011/>
            <total>3555.00</total>
        </BCME3450_row>
        <BCME3450_row>
            <objectNo>  0294 運費</objectNo>
            <budgetno_6126310100>45.00</budgetno_6126310100>
            <budgetno_6126310200>93.00</budgetno_6126310200>
            <budgetno_6126319011/>
            <total>138.00</total>
        </BCME3450_row>
        <BCME3450_row>
            <objectNo>  0299 特別費</objectNo>
            <budgetno_6126310100>54.00</budgetno_6126310100>
            <budgetno_6126310200/>
            <budgetno_6126319011/>
            <total>54.00</total>
        </BCME3450_row>
        <BCME3450_row>
            <objectNo>0300 設備及投資</objectNo>
            <budgetno_6126310100/>
            <budgetno_6126310200>7108.00</budgetno_6126310200>
            <budgetno_6126319011>820.00</budgetno_6126319011>
            <total>7928.00</total>
        </BCME3450_row>
        <BCME3450_row>
            <objectNo>  0304 機械設備費</objectNo>
            <budgetno_6126310100/>
            <budgetno_6126310200>7108.00</budgetno_6126310200>
            <budgetno_6126319011/>
            <total>7108.00</total>
        </BCME3450_row>
        <BCME3450_row>
            <objectNo>  0305 運輸設備費</objectNo>
            <budgetno_6126310100/>
            <budgetno_6126310200/>
            <budgetno_6126319011>820.00</budgetno_6126319011>
            <total>820.00</total>
        </BCME3450_row>
        <BCME3450_row>
            <objectNo>0400 獎補助費</objectNo>
            <budgetno_6126310100>630.00</budgetno_6126310100>
            <budgetno_6126310200/>
            <budgetno_6126319011/>
            <total>630.00</total>
        </BCME3450_row>
        <BCME3450_row>
            <objectNo>  0475 獎勵及慰問</objectNo>
            <budgetno_6126310100>630.00</budgetno_6126310100>
            <budgetno_6126310200/>
            <budgetno_6126319011/>
            <total>630.00</total>
        </BCME3450_row>
    </BCME3450>
</tables>
