<?xml version="1.0" encoding="UTF-8"?>
<tables>
    <BCTDHELPPLAN>
        <BCTDHELPPLAN_row>
            <bh_fiscalyear>105</bh_fiscalyear>
            <bh_fundkind>1</bh_fundkind>
            <bh_budgetkind>1</bh_budgetkind>
            <bh_specialbudgetno/>
            <bh_agenno>63001</bh_agenno>
            <bh_agentype>C</bh_agentype>
            <bh_budgetstate>1</bh_budgetstate>
            <bh_versiondate/>
            <bh_objectno>0430</bh_objectno>
            <bh_endowplanno>01</bh_endowplanno>
            <bh_endowplanname>海洋事務議題研究或活動</bh_endowplanname>
            <bh_donname/>
            <bh_endowsts>0</bh_endowsts>
            <bh_budgetno>38630010200</bh_budgetno>
            <bh_subprojectno>07</bh_subprojectno>
            <bh_budgetsource>1</bh_budgetsource>
            <bh_applyid>0</bh_applyid>
            <bh_startyear>105</bh_startyear>
            <bh_endyear>105</bh_endyear>
            <bh_donrem>補助研究機構或學者、專家從事海洋事務相關議題之研究或活動。</bh_donrem>
            <bh_bgtyear>0</bh_bgtyear>
            <bh_amt_man>0.00</bh_amt_man>
            <bh_amt_business>0.00</bh_amt_business>
            <bh_amt_other>200000.00</bh_amt_other>
            <bh_amt_land>0.00</bh_amt_land>
            <bh_amt_house>0.00</bh_amt_house>
            <bh_amt6>0.00</bh_amt6>
            <bh_amt7>0.00</bh_amt7>
            <bh_flowflag/>
            <bh_signflag/>
            <bh_signno/>
            <mj_subprojectno_na>07 - 海洋事務推動作業</mj_subprojectno_na>
        </BCTDHELPPLAN_row>
        <BCTDHELPPLAN_row>
            <bh_fiscalyear>105</bh_fiscalyear>
            <bh_fundkind>1</bh_fundkind>
            <bh_budgetkind>1</bh_budgetkind>
            <bh_specialbudgetno/>
            <bh_agenno>63001</bh_agenno>
            <bh_agentype>C</bh_agentype>
            <bh_budgetstate>1</bh_budgetstate>
            <bh_versiondate/>
            <bh_objectno>0461</bh_objectno>
            <bh_endowplanno>02</bh_endowplanno>
            <bh_endowplanname>海洋事務議題研究或活動</bh_endowplanname>
            <bh_donname/>
            <bh_endowsts>0</bh_endowsts>
            <bh_budgetno>38630010200</bh_budgetno>
            <bh_subprojectno>07</bh_subprojectno>
            <bh_budgetsource>1</bh_budgetsource>
            <bh_applyid>0</bh_applyid>
            <bh_startyear>105</bh_startyear>
            <bh_endyear>105</bh_endyear>
            <bh_donrem>補助國立大專校院從事海洋事務相關議題之研究或活動。</bh_donrem>
            <bh_bgtyear>0</bh_bgtyear>
            <bh_amt_man>0.00</bh_amt_man>
            <bh_amt_business>0.00</bh_amt_business>
            <bh_amt_other>345000.00</bh_amt_other>
            <bh_amt_land>0.00</bh_amt_land>
            <bh_amt_house>0.00</bh_amt_house>
            <bh_amt6>0.00</bh_amt6>
            <bh_amt7>0.00</bh_amt7>
            <bh_flowflag/>
            <bh_signflag/>
            <bh_signno/>
            <mj_subprojectno_na>07 - 海洋事務推動作業</mj_subprojectno_na>
        </BCTDHELPPLAN_row>
    </BCTDHELPPLAN>
</tables>
