<?xml version="1.0" encoding="UTF-8"?>
<tables>
    <BCTDOUTGO>
        <BCTDOUTGO_row>
            <bm_fiscalyear>105</bm_fiscalyear>
            <bm_fundkind>1</bm_fundkind>
            <bm_budgetkind>1</bm_budgetkind>
            <bm_specialbudgetno/>
            <bm_agenno>63001</bm_agenno>
            <bm_agentype>C</bm_agentype>
            <bm_budgetstate>1</bm_budgetstate>
            <bm_abroadplan>2</bm_abroadplan>
            <bm_projtype>2 </bm_projtype>
            <bm_projno>01</bm_projno>
            <bm_abroadplanname>參加2015年「第十一屆海峽兩岸暨香港、澳門警學研討會」</bm_abroadplanname>
            <bm_visitsts>2</bm_visitsts>
            <bm_visitexplain>針對兩岸跨境犯罪趨勢，進行專題研究報告，彼此交換意見，廣拓聯繫管道，提升打擊跨境犯罪執行成效。</bm_visitexplain>
            <bm_dispatchstaffs>0</bm_dispatchstaffs>
            <bm_abroadsite1/>
            <bm_abroadsite2/>
            <bm_abroadsite3/>
            <bm_abroadperiod1/>
            <bm_abroadperiodto1/>
            <bm_abroadperiod2/>
            <bm_abroadperiodto2/>
            <bm_abroadperiod3/>
            <bm_abroadperiodto3/>
            <bm_abroadstaffs1>0</bm_abroadstaffs1>
            <bm_abroadstaffs2>0</bm_abroadstaffs2>
            <bm_abroadstaffs3>0</bm_abroadstaffs3>
            <bm_abroadallowance1>0.00</bm_abroadallowance1>
            <bm_abroadallowance2>0.00</bm_abroadallowance2>
            <bm_abroadallowance3>0.00</bm_abroadallowance3>
            <bm_budgetno>3863010200</bm_budgetno>
            <bm_regionno>94</bm_regionno>
            <bm_country>廣州、香港</bm_country>
            <bm_agency>中國警察協會、公安部所屬單位</bm_agency>
            <bm_cont_text>為兩岸四地執法機關建立交流互動平台，並針對兩岸跨境犯罪趨勢，進行專題研究報告，以提升打擊跨境犯罪執行成效</bm_cont_text>
            <bm_durationfrom>10511</bm_durationfrom>
            <bm_durationto>10511</bm_durationto>
            <bm_days>5</bm_days>
            <bm_persons>2</bm_persons>
            <bm_amt_trans>53000.00</bm_amt_trans>
            <bm_amt_life>57000.00</bm_amt_life>
            <bm_amt_public>34000.00</bm_amt_public>
            <bm_amt_books>0.00</bm_amt_books>
            <bm_amt_flight>0.00</bm_amt_flight>
            <bm_versiondate/>
        </BCTDOUTGO_row>
        <BCTDOUTGO_row>
            <bm_fiscalyear>105</bm_fiscalyear>
            <bm_fundkind>1</bm_fundkind>
            <bm_budgetkind>1</bm_budgetkind>
            <bm_specialbudgetno/>
            <bm_agenno>63001</bm_agenno>
            <bm_agentype>C</bm_agentype>
            <bm_budgetstate>1</bm_budgetstate>
            <bm_abroadplan>2</bm_abroadplan>
            <bm_projtype>3 </bm_projtype>
            <bm_projno>04</bm_projno>
            <bm_abroadplanname>辦理「2016年海峽兩岸海上聯合搜救演練」</bm_abroadplanname>
            <bm_visitsts>2</bm_visitsts>
            <bm_visitexplain>參加各年度「海峽兩岸海上聯合搜救演練」協調會議。</bm_visitexplain>
            <bm_dispatchstaffs>0</bm_dispatchstaffs>
            <bm_abroadsite1/>
            <bm_abroadsite2/>
            <bm_abroadsite3/>
            <bm_abroadperiod1/>
            <bm_abroadperiodto1/>
            <bm_abroadperiod2/>
            <bm_abroadperiodto2/>
            <bm_abroadperiod3/>
            <bm_abroadperiodto3/>
            <bm_abroadstaffs1>0</bm_abroadstaffs1>
            <bm_abroadstaffs2>0</bm_abroadstaffs2>
            <bm_abroadstaffs3>0</bm_abroadstaffs3>
            <bm_abroadallowance1>0.00</bm_abroadallowance1>
            <bm_abroadallowance2>0.00</bm_abroadallowance2>
            <bm_abroadallowance3>0.00</bm_abroadallowance3>
            <bm_budgetno>3863010200</bm_budgetno>
            <bm_regionno>94</bm_regionno>
            <bm_country>北京、廈門</bm_country>
            <bm_agency>福建海上搜救中心、中國海上搜救中心、交通運輸部</bm_agency>
            <bm_cont_text>基於人道救援之普世價值，兩岸搜救機關自99年起，輪流主辦海峽兩岸海上聯合搜救演練，藉以整合兩岸海難資源，共同維護臺灣海峽航行安全及海洋環境，建立區域性搜救合作機制，善盡人道救援義務，提升我國際形象與地位。</bm_cont_text>
            <bm_durationfrom>10503</bm_durationfrom>
            <bm_durationto>10512</bm_durationto>
            <bm_days>3</bm_days>
            <bm_persons>9</bm_persons>
            <bm_amt_trans>135000.00</bm_amt_trans>
            <bm_amt_life>116000.00</bm_amt_life>
            <bm_amt_public>72000.00</bm_amt_public>
            <bm_amt_books>0.00</bm_amt_books>
            <bm_amt_flight>0.00</bm_amt_flight>
            <bm_versiondate/>
        </BCTDOUTGO_row>
        <BCTDOUTGO_row>
            <bm_fiscalyear>105</bm_fiscalyear>
            <bm_fundkind>1</bm_fundkind>
            <bm_budgetkind>1</bm_budgetkind>
            <bm_specialbudgetno/>
            <bm_agenno>63001</bm_agenno>
            <bm_agentype>C</bm_agentype>
            <bm_budgetstate>1</bm_budgetstate>
            <bm_abroadplan>2</bm_abroadplan>
            <bm_projtype>3 </bm_projtype>
            <bm_projno>05</bm_projno>
            <bm_abroadplanname>參加兩岸海上執法研討會</bm_abroadplanname>
            <bm_visitsts>1</bm_visitsts>
            <bm_visitexplain/>
            <bm_dispatchstaffs>0</bm_dispatchstaffs>
            <bm_abroadsite1/>
            <bm_abroadsite2/>
            <bm_abroadsite3/>
            <bm_abroadperiod1/>
            <bm_abroadperiodto1/>
            <bm_abroadperiod2/>
            <bm_abroadperiodto2/>
            <bm_abroadperiod3/>
            <bm_abroadperiodto3/>
            <bm_abroadstaffs1>0</bm_abroadstaffs1>
            <bm_abroadstaffs2>0</bm_abroadstaffs2>
            <bm_abroadstaffs3>0</bm_abroadstaffs3>
            <bm_abroadallowance1>0.00</bm_abroadallowance1>
            <bm_abroadallowance2>0.00</bm_abroadallowance2>
            <bm_abroadallowance3>0.00</bm_abroadallowance3>
            <bm_budgetno>3863010200</bm_budgetno>
            <bm_regionno>94</bm_regionno>
            <bm_country>北京、福州</bm_country>
            <bm_agency>福建海上搜救中心、中國海上搜救中心、交通運輸部</bm_agency>
            <bm_cont_text>為延續與中國大陸海域執法機關接觸層面廣度及深度，派員赴陸進行相關學術研討及交流，以增進雙方互信與共識，建立迅速、有效之執法聯繫管道。</bm_cont_text>
            <bm_durationfrom>10510</bm_durationfrom>
            <bm_durationto>10510</bm_durationto>
            <bm_days>3</bm_days>
            <bm_persons>7</bm_persons>
            <bm_amt_trans>55000.00</bm_amt_trans>
            <bm_amt_life>132000.00</bm_amt_life>
            <bm_amt_public>36000.00</bm_amt_public>
            <bm_amt_books>0.00</bm_amt_books>
            <bm_amt_flight>0.00</bm_amt_flight>
            <bm_versiondate/>
        </BCTDOUTGO_row>
        <BCTDOUTGO_row>
            <bm_fiscalyear>105</bm_fiscalyear>
            <bm_fundkind>1</bm_fundkind>
            <bm_budgetkind>1</bm_budgetkind>
            <bm_specialbudgetno/>
            <bm_agenno>63001</bm_agenno>
            <bm_agentype>C</bm_agentype>
            <bm_budgetstate>1</bm_budgetstate>
            <bm_abroadplan>2</bm_abroadplan>
            <bm_projtype>3 </bm_projtype>
            <bm_projno>06</bm_projno>
            <bm_abroadplanname>參加「兩岸漁船船員勞務合作協商會議」</bm_abroadplanname>
            <bm_visitsts>1</bm_visitsts>
            <bm_visitexplain/>
            <bm_dispatchstaffs>0</bm_dispatchstaffs>
            <bm_abroadsite1/>
            <bm_abroadsite2/>
            <bm_abroadsite3/>
            <bm_abroadperiod1/>
            <bm_abroadperiodto1/>
            <bm_abroadperiod2/>
            <bm_abroadperiodto2/>
            <bm_abroadperiod3/>
            <bm_abroadperiodto3/>
            <bm_abroadstaffs1>0</bm_abroadstaffs1>
            <bm_abroadstaffs2>0</bm_abroadstaffs2>
            <bm_abroadstaffs3>0</bm_abroadstaffs3>
            <bm_abroadallowance1>0.00</bm_abroadallowance1>
            <bm_abroadallowance2>0.00</bm_abroadallowance2>
            <bm_abroadallowance3>0.00</bm_abroadallowance3>
            <bm_budgetno>3863010200</bm_budgetno>
            <bm_regionno>94</bm_regionno>
            <bm_country>北京</bm_country>
            <bm_agency>商務部</bm_agency>
            <bm_cont_text>針對「兩岸漁船船員勞務合作」進行協商，建立合作互信管道。</bm_cont_text>
            <bm_durationfrom>10509</bm_durationfrom>
            <bm_durationto>10509</bm_durationto>
            <bm_days>5</bm_days>
            <bm_persons>1</bm_persons>
            <bm_amt_trans>15000.00</bm_amt_trans>
            <bm_amt_life>30000.00</bm_amt_life>
            <bm_amt_public>3000.00</bm_amt_public>
            <bm_amt_books>0.00</bm_amt_books>
            <bm_amt_flight>0.00</bm_amt_flight>
            <bm_versiondate/>
        </BCTDOUTGO_row>
        <BCTDOUTGO_row>
            <bm_fiscalyear>105</bm_fiscalyear>
            <bm_fundkind>1</bm_fundkind>
            <bm_budgetkind>1</bm_budgetkind>
            <bm_specialbudgetno/>
            <bm_agenno>63001</bm_agenno>
            <bm_agentype>C</bm_agentype>
            <bm_budgetstate>1</bm_budgetstate>
            <bm_abroadplan>2</bm_abroadplan>
            <bm_projtype>4 </bm_projtype>
            <bm_projno>02</bm_projno>
            <bm_abroadplanname>辦理「中國大陸福建省邊防總隊業務交流」</bm_abroadplanname>
            <bm_visitsts>2</bm_visitsts>
            <bm_visitexplain>本「對等、尊嚴、互惠」原則，依循協議內容，赴中國大陸與相關執法機關進行業務交流，增進雙方互信與共識，建立迅速、有效之犯罪情資聯繫管道。</bm_visitexplain>
            <bm_dispatchstaffs>0</bm_dispatchstaffs>
            <bm_abroadsite1/>
            <bm_abroadsite2/>
            <bm_abroadsite3/>
            <bm_abroadperiod1/>
            <bm_abroadperiodto1/>
            <bm_abroadperiod2/>
            <bm_abroadperiodto2/>
            <bm_abroadperiod3/>
            <bm_abroadperiodto3/>
            <bm_abroadstaffs1>0</bm_abroadstaffs1>
            <bm_abroadstaffs2>0</bm_abroadstaffs2>
            <bm_abroadstaffs3>0</bm_abroadstaffs3>
            <bm_abroadallowance1>0.00</bm_abroadallowance1>
            <bm_abroadallowance2>0.00</bm_abroadallowance2>
            <bm_abroadallowance3>0.00</bm_abroadallowance3>
            <bm_budgetno>3863010200</bm_budgetno>
            <bm_regionno>94</bm_regionno>
            <bm_country>福州、廈門</bm_country>
            <bm_agency>福建省公安邊防總隊暨所屬支隊</bm_agency>
            <bm_cont_text>「海峽兩岸共同打擊犯罪及司法互助協議」簽署生效後，依循協議內容，派員赴陸進行相關業務交流，以建立迅速、有效之犯罪情資聯繫管道。</bm_cont_text>
            <bm_durationfrom>10506</bm_durationfrom>
            <bm_durationto>10506</bm_durationto>
            <bm_days>3</bm_days>
            <bm_persons>4</bm_persons>
            <bm_amt_trans>30000.00</bm_amt_trans>
            <bm_amt_life>51000.00</bm_amt_life>
            <bm_amt_public>29000.00</bm_amt_public>
            <bm_amt_books>0.00</bm_amt_books>
            <bm_amt_flight>0.00</bm_amt_flight>
            <bm_versiondate/>
        </BCTDOUTGO_row>
        <BCTDOUTGO_row>
            <bm_fiscalyear>105</bm_fiscalyear>
            <bm_fundkind>1</bm_fundkind>
            <bm_budgetkind>1</bm_budgetkind>
            <bm_specialbudgetno/>
            <bm_agenno>63001</bm_agenno>
            <bm_agentype>C</bm_agentype>
            <bm_budgetstate>1</bm_budgetstate>
            <bm_abroadplan>2</bm_abroadplan>
            <bm_projtype>4 </bm_projtype>
            <bm_projno>03</bm_projno>
            <bm_abroadplanname>參加2016年「海基會司法考察參訪團」</bm_abroadplanname>
            <bm_visitsts>2</bm_visitsts>
            <bm_visitexplain>為提升跨境犯罪執行成效，規劃藉由交流互訪與中國大陸相關執法機關進行協調聯繫，廣拓交流層面與管道，提升雙方合作打擊犯罪成效，並就協議運作實務相互溝通及意見交換。</bm_visitexplain>
            <bm_dispatchstaffs>0</bm_dispatchstaffs>
            <bm_abroadsite1/>
            <bm_abroadsite2/>
            <bm_abroadsite3/>
            <bm_abroadperiod1/>
            <bm_abroadperiodto1/>
            <bm_abroadperiod2/>
            <bm_abroadperiodto2/>
            <bm_abroadperiod3/>
            <bm_abroadperiodto3/>
            <bm_abroadstaffs1>0</bm_abroadstaffs1>
            <bm_abroadstaffs2>0</bm_abroadstaffs2>
            <bm_abroadstaffs3>0</bm_abroadstaffs3>
            <bm_abroadallowance1>0.00</bm_abroadallowance1>
            <bm_abroadallowance2>0.00</bm_abroadallowance2>
            <bm_abroadallowance3>0.00</bm_abroadallowance3>
            <bm_budgetno>3863010200</bm_budgetno>
            <bm_regionno>94</bm_regionno>
            <bm_country>北京、廣州</bm_country>
            <bm_agency>公安部、人民法院</bm_agency>
            <bm_cont_text>出席「海基會司法考察參訪團」，藉由交流互訪與陸方相關執法機關進行協調聯繫，以提升雙方合作打擊犯罪成效，並就協議運作實務相互溝通及意見交換。</bm_cont_text>
            <bm_durationfrom>10512</bm_durationfrom>
            <bm_durationto>10512</bm_durationto>
            <bm_days>6</bm_days>
            <bm_persons>1</bm_persons>
            <bm_amt_trans>29000.00</bm_amt_trans>
            <bm_amt_life>36000.00</bm_amt_life>
            <bm_amt_public>2000.00</bm_amt_public>
            <bm_amt_books>0.00</bm_amt_books>
            <bm_amt_flight>0.00</bm_amt_flight>
            <bm_versiondate/>
        </BCTDOUTGO_row>
    </BCTDOUTGO>
</tables>
