<?xml version="1.0" encoding="UTF-8"?>
<tables>
    <BCTMCAR>
        <BCTMCAR_row>
            <bq_fiscalyear>105</bq_fiscalyear>
            <bq_fundkind>1</bq_fundkind>
            <bq_budgetkind>1</bq_budgetkind>
            <bq_specialbudgetno/>
            <bq_agenno>63001</bq_agenno>
            <bq_agentype>C</bq_agentype>
            <bq_budgetstate>1</bq_budgetstate>
            <bq_budgetno>38630010200</bq_budgetno>
            <bq_objectno>07350100</bq_objectno>
            <bq_carid>0268-QH</bq_carid>
            <bq_persons>4</bq_persons>
            <bq_buydate>98 04</bq_buydate>
            <bq_ventsize>2362</bq_ventsize>
            <bq_oilamt>1536</bq_oilamt>
            <bq_oilprice>25.70</bq_oilprice>
            <bq_amt_maintain>51000.00</bq_amt_maintain>
            <bq_amt5>33000.00</bq_amt5>
            <bq_carnum>1</bq_carnum>
            <bq_remark/>
            <bq_lpgamt>0</bq_lpgamt>
            <bq_lpgprice>0.00</bq_lpgprice>
            <bq_versiondate/>
        </BCTMCAR_row>
        <BCTMCAR_row>
            <bq_fiscalyear>105</bq_fiscalyear>
            <bq_fundkind>1</bq_fundkind>
            <bq_budgetkind>1</bq_budgetkind>
            <bq_specialbudgetno/>
            <bq_agenno>63001</bq_agenno>
            <bq_agentype>C</bq_agentype>
            <bq_budgetstate>1</bq_budgetstate>
            <bq_budgetno>38630010200</bq_budgetno>
            <bq_objectno>07350200</bq_objectno>
            <bq_carid>0288-QH</bq_carid>
            <bq_persons>4</bq_persons>
            <bq_buydate>98 03</bq_buydate>
            <bq_ventsize>1796</bq_ventsize>
            <bq_oilamt>780</bq_oilamt>
            <bq_oilprice>25.70</bq_oilprice>
            <bq_amt_maintain>51000.00</bq_amt_maintain>
            <bq_amt5>39000.00</bq_amt5>
            <bq_carnum>1</bq_carnum>
            <bq_remark>油氣雙燃料車。</bq_remark>
            <bq_lpgamt>864</bq_lpgamt>
            <bq_lpgprice>18.40</bq_lpgprice>
            <bq_versiondate/>
        </BCTMCAR_row>
        <BCTMCAR_row>
            <bq_fiscalyear>105</bq_fiscalyear>
            <bq_fundkind>1</bq_fundkind>
            <bq_budgetkind>1</bq_budgetkind>
            <bq_specialbudgetno/>
            <bq_agenno>63001</bq_agenno>
            <bq_agentype>C</bq_agentype>
            <bq_budgetstate>1</bq_budgetstate>
            <bq_budgetno>38630010200</bq_budgetno>
            <bq_objectno>07350200</bq_objectno>
            <bq_carid>0298-QH</bq_carid>
            <bq_persons>4</bq_persons>
            <bq_buydate>98 03</bq_buydate>
            <bq_ventsize>1796</bq_ventsize>
            <bq_oilamt>780</bq_oilamt>
            <bq_oilprice>25.70</bq_oilprice>
            <bq_amt_maintain>51000.00</bq_amt_maintain>
            <bq_amt5>26000.00</bq_amt5>
            <bq_carnum>1</bq_carnum>
            <bq_remark>油氣雙燃料車。</bq_remark>
            <bq_lpgamt>864</bq_lpgamt>
            <bq_lpgprice>18.40</bq_lpgprice>
            <bq_versiondate/>
        </BCTMCAR_row>
        <BCTMCAR_row>
            <bq_fiscalyear>105</bq_fiscalyear>
            <bq_fundkind>1</bq_fundkind>
            <bq_budgetkind>1</bq_budgetkind>
            <bq_specialbudgetno/>
            <bq_agenno>63001</bq_agenno>
            <bq_agentype>C</bq_agentype>
            <bq_budgetstate>1</bq_budgetstate>
            <bq_budgetno>38630010200</bq_budgetno>
            <bq_objectno>07350200</bq_objectno>
            <bq_carid>0300-QH</bq_carid>
            <bq_persons>4</bq_persons>
            <bq_buydate>98 03</bq_buydate>
            <bq_ventsize>1796</bq_ventsize>
            <bq_oilamt>780</bq_oilamt>
            <bq_oilprice>25.70</bq_oilprice>
            <bq_amt_maintain>51000.00</bq_amt_maintain>
            <bq_amt5>26000.00</bq_amt5>
            <bq_carnum>1</bq_carnum>
            <bq_remark>油氣雙燃料車。</bq_remark>
            <bq_lpgamt>864</bq_lpgamt>
            <bq_lpgprice>18.40</bq_lpgprice>
            <bq_versiondate/>
        </BCTMCAR_row>
        <BCTMCAR_row>
            <bq_fiscalyear>105</bq_fiscalyear>
            <bq_fundkind>1</bq_fundkind>
            <bq_budgetkind>1</bq_budgetkind>
            <bq_specialbudgetno/>
            <bq_agenno>63001</bq_agenno>
            <bq_agentype>C</bq_agentype>
            <bq_budgetstate>1</bq_budgetstate>
            <bq_budgetno>38630010200</bq_budgetno>
            <bq_objectno>07351500</bq_objectno>
            <bq_carid>2703-OH</bq_carid>
            <bq_persons>4</bq_persons>
            <bq_buydate>10003</bq_buydate>
            <bq_ventsize>1798</bq_ventsize>
            <bq_oilamt>780</bq_oilamt>
            <bq_oilprice>25.70</bq_oilprice>
            <bq_amt_maintain>30000.00</bq_amt_maintain>
            <bq_amt5>40000.00</bq_amt5>
            <bq_carnum>1</bq_carnum>
            <bq_remark>油氣雙燃料車，勤務車。</bq_remark>
            <bq_lpgamt>864</bq_lpgamt>
            <bq_lpgprice>18.40</bq_lpgprice>
            <bq_versiondate/>
        </BCTMCAR_row>
        <BCTMCAR_row>
            <bq_fiscalyear>105</bq_fiscalyear>
            <bq_fundkind>1</bq_fundkind>
            <bq_budgetkind>1</bq_budgetkind>
            <bq_specialbudgetno/>
            <bq_agenno>63001</bq_agenno>
            <bq_agentype>C</bq_agentype>
            <bq_budgetstate>1</bq_budgetstate>
            <bq_budgetno>38630010200</bq_budgetno>
            <bq_objectno>07351200</bq_objectno>
            <bq_carid>4358-QZ</bq_carid>
            <bq_persons>2</bq_persons>
            <bq_buydate>97 05</bq_buydate>
            <bq_ventsize>2400</bq_ventsize>
            <bq_oilamt>1536</bq_oilamt>
            <bq_oilprice>25.70</bq_oilprice>
            <bq_amt_maintain>51000.00</bq_amt_maintain>
            <bq_amt5>24000.00</bq_amt5>
            <bq_carnum>1</bq_carnum>
            <bq_remark/>
            <bq_lpgamt>0</bq_lpgamt>
            <bq_lpgprice>0.00</bq_lpgprice>
            <bq_versiondate/>
        </BCTMCAR_row>
        <BCTMCAR_row>
            <bq_fiscalyear>105</bq_fiscalyear>
            <bq_fundkind>1</bq_fundkind>
            <bq_budgetkind>1</bq_budgetkind>
            <bq_specialbudgetno/>
            <bq_agenno>63001</bq_agenno>
            <bq_agentype>C</bq_agentype>
            <bq_budgetstate>1</bq_budgetstate>
            <bq_budgetno>38630010200</bq_budgetno>
            <bq_objectno>07351500</bq_objectno>
            <bq_carid>4729-ZT</bq_carid>
            <bq_persons>7</bq_persons>
            <bq_buydate>10003</bq_buydate>
            <bq_ventsize>2351</bq_ventsize>
            <bq_oilamt>1536</bq_oilamt>
            <bq_oilprice>25.70</bq_oilprice>
            <bq_amt_maintain>30000.00</bq_amt_maintain>
            <bq_amt5>41000.00</bq_amt5>
            <bq_carnum>1</bq_carnum>
            <bq_remark>廂式勤務車。</bq_remark>
            <bq_lpgamt>0</bq_lpgamt>
            <bq_lpgprice>0.00</bq_lpgprice>
            <bq_versiondate/>
        </BCTMCAR_row>
        <BCTMCAR_row>
            <bq_fiscalyear>105</bq_fiscalyear>
            <bq_fundkind>1</bq_fundkind>
            <bq_budgetkind>1</bq_budgetkind>
            <bq_specialbudgetno/>
            <bq_agenno>63001</bq_agenno>
            <bq_agentype>C</bq_agentype>
            <bq_budgetstate>1</bq_budgetstate>
            <bq_budgetno>38630010200</bq_budgetno>
            <bq_objectno>07351500</bq_objectno>
            <bq_carid>4730-ZT</bq_carid>
            <bq_persons>7</bq_persons>
            <bq_buydate>10003</bq_buydate>
            <bq_ventsize>2351</bq_ventsize>
            <bq_oilamt>1536</bq_oilamt>
            <bq_oilprice>25.70</bq_oilprice>
            <bq_amt_maintain>30000.00</bq_amt_maintain>
            <bq_amt5>34000.00</bq_amt5>
            <bq_carnum>1</bq_carnum>
            <bq_remark>廂式勤務車。</bq_remark>
            <bq_lpgamt>0</bq_lpgamt>
            <bq_lpgprice>0.00</bq_lpgprice>
            <bq_versiondate/>
        </BCTMCAR_row>
        <BCTMCAR_row>
            <bq_fiscalyear>105</bq_fiscalyear>
            <bq_fundkind>1</bq_fundkind>
            <bq_budgetkind>1</bq_budgetkind>
            <bq_specialbudgetno/>
            <bq_agenno>63001</bq_agenno>
            <bq_agentype>C</bq_agentype>
            <bq_budgetstate>1</bq_budgetstate>
            <bq_budgetno>38630010200</bq_budgetno>
            <bq_objectno>07350700</bq_objectno>
            <bq_carid>9E-929</bq_carid>
            <bq_persons>14</bq_persons>
            <bq_buydate>90 07</bq_buydate>
            <bq_ventsize>5900</bq_ventsize>
            <bq_oilamt>1225</bq_oilamt>
            <bq_oilprice>25.70</bq_oilprice>
            <bq_amt_maintain>30000.00</bq_amt_maintain>
            <bq_amt5>24000.00</bq_amt5>
            <bq_carnum>1</bq_carnum>
            <bq_remark>公務車。</bq_remark>
            <bq_lpgamt>0</bq_lpgamt>
            <bq_lpgprice>0.00</bq_lpgprice>
            <bq_versiondate/>
        </BCTMCAR_row>
        <BCTMCAR_row>
            <bq_fiscalyear>105</bq_fiscalyear>
            <bq_fundkind>1</bq_fundkind>
            <bq_budgetkind>1</bq_budgetkind>
            <bq_specialbudgetno/>
            <bq_agenno>63001</bq_agenno>
            <bq_agentype>C</bq_agentype>
            <bq_budgetstate>1</bq_budgetstate>
            <bq_budgetno>38630010200</bq_budgetno>
            <bq_objectno>07351500</bq_objectno>
            <bq_carid>AAC-6902</bq_carid>
            <bq_persons>6</bq_persons>
            <bq_buydate>10204</bq_buydate>
            <bq_ventsize>2198</bq_ventsize>
            <bq_oilamt>1536</bq_oilamt>
            <bq_oilprice>25.70</bq_oilprice>
            <bq_amt_maintain>23000.00</bq_amt_maintain>
            <bq_amt5>40000.00</bq_amt5>
            <bq_carnum>1</bq_carnum>
            <bq_remark>廂式勤務車。</bq_remark>
            <bq_lpgamt>0</bq_lpgamt>
            <bq_lpgprice>0.00</bq_lpgprice>
            <bq_versiondate/>
        </BCTMCAR_row>
        <BCTMCAR_row>
            <bq_fiscalyear>105</bq_fiscalyear>
            <bq_fundkind>1</bq_fundkind>
            <bq_budgetkind>1</bq_budgetkind>
            <bq_specialbudgetno/>
            <bq_agenno>63001</bq_agenno>
            <bq_agentype>C</bq_agentype>
            <bq_budgetstate>1</bq_budgetstate>
            <bq_budgetno>38630010200</bq_budgetno>
            <bq_objectno>07350700</bq_objectno>
            <bq_carid>BE-563</bq_carid>
            <bq_persons>14</bq_persons>
            <bq_buydate>90 07</bq_buydate>
            <bq_ventsize>5400</bq_ventsize>
            <bq_oilamt>1225</bq_oilamt>
            <bq_oilprice>25.70</bq_oilprice>
            <bq_amt_maintain>30000.00</bq_amt_maintain>
            <bq_amt5>23000.00</bq_amt5>
            <bq_carnum>1</bq_carnum>
            <bq_remark>公務車。</bq_remark>
            <bq_lpgamt>0</bq_lpgamt>
            <bq_lpgprice>0.00</bq_lpgprice>
            <bq_versiondate/>
        </BCTMCAR_row>
        <BCTMCAR_row>
            <bq_fiscalyear>105</bq_fiscalyear>
            <bq_fundkind>1</bq_fundkind>
            <bq_budgetkind>1</bq_budgetkind>
            <bq_specialbudgetno/>
            <bq_agenno>63001</bq_agenno>
            <bq_agentype>C</bq_agentype>
            <bq_budgetstate>1</bq_budgetstate>
            <bq_budgetno>38630010200</bq_budgetno>
            <bq_objectno>07351500</bq_objectno>
            <bq_carid>DZ-7409</bq_carid>
            <bq_persons>4</bq_persons>
            <bq_buydate>08901</bq_buydate>
            <bq_ventsize>1840</bq_ventsize>
            <bq_oilamt>1536</bq_oilamt>
            <bq_oilprice>25.70</bq_oilprice>
            <bq_amt_maintain>9000.00</bq_amt_maintain>
            <bq_amt5>32000.00</bq_amt5>
            <bq_carnum>1</bq_carnum>
            <bq_remark>勤務車。(預計105年度汰換)</bq_remark>
            <bq_lpgamt>0</bq_lpgamt>
            <bq_lpgprice>0.00</bq_lpgprice>
            <bq_versiondate/>
        </BCTMCAR_row>
        <BCTMCAR_row>
            <bq_fiscalyear>105</bq_fiscalyear>
            <bq_fundkind>1</bq_fundkind>
            <bq_budgetkind>1</bq_budgetkind>
            <bq_specialbudgetno/>
            <bq_agenno>63001</bq_agenno>
            <bq_agentype>C</bq_agentype>
            <bq_budgetstate>1</bq_budgetstate>
            <bq_budgetno>38630010200</bq_budgetno>
            <bq_objectno>07351500</bq_objectno>
            <bq_carid>偵防-1</bq_carid>
            <bq_persons>5</bq_persons>
            <bq_buydate>97 05</bq_buydate>
            <bq_ventsize>2700</bq_ventsize>
            <bq_oilamt>1536</bq_oilamt>
            <bq_oilprice>25.70</bq_oilprice>
            <bq_amt_maintain>51000.00</bq_amt_maintain>
            <bq_amt5>40000.00</bq_amt5>
            <bq_carnum>1</bq_carnum>
            <bq_remark>廂式偵防車。</bq_remark>
            <bq_lpgamt>0</bq_lpgamt>
            <bq_lpgprice>0.00</bq_lpgprice>
            <bq_versiondate/>
        </BCTMCAR_row>
        <BCTMCAR_row>
            <bq_fiscalyear>105</bq_fiscalyear>
            <bq_fundkind>1</bq_fundkind>
            <bq_budgetkind>1</bq_budgetkind>
            <bq_specialbudgetno/>
            <bq_agenno>63001</bq_agenno>
            <bq_agentype>C</bq_agentype>
            <bq_budgetstate>1</bq_budgetstate>
            <bq_budgetno>38630010200</bq_budgetno>
            <bq_objectno>07351500</bq_objectno>
            <bq_carid>偵防-2</bq_carid>
            <bq_persons>5</bq_persons>
            <bq_buydate>97 05</bq_buydate>
            <bq_ventsize>2700</bq_ventsize>
            <bq_oilamt>1536</bq_oilamt>
            <bq_oilprice>25.70</bq_oilprice>
            <bq_amt_maintain>51000.00</bq_amt_maintain>
            <bq_amt5>32000.00</bq_amt5>
            <bq_carnum>1</bq_carnum>
            <bq_remark>廂式偵防車。</bq_remark>
            <bq_lpgamt>0</bq_lpgamt>
            <bq_lpgprice>0.00</bq_lpgprice>
            <bq_versiondate/>
        </BCTMCAR_row>
        <BCTMCAR_row>
            <bq_fiscalyear>105</bq_fiscalyear>
            <bq_fundkind>1</bq_fundkind>
            <bq_budgetkind>1</bq_budgetkind>
            <bq_specialbudgetno/>
            <bq_agenno>63001</bq_agenno>
            <bq_agentype>C</bq_agentype>
            <bq_budgetstate>1</bq_budgetstate>
            <bq_budgetno>38630010200</bq_budgetno>
            <bq_objectno>07351500</bq_objectno>
            <bq_carid>偵防-3</bq_carid>
            <bq_persons>8</bq_persons>
            <bq_buydate>98 05</bq_buydate>
            <bq_ventsize>3300</bq_ventsize>
            <bq_oilamt>1536</bq_oilamt>
            <bq_oilprice>25.70</bq_oilprice>
            <bq_amt_maintain>51000.00</bq_amt_maintain>
            <bq_amt5>53000.00</bq_amt5>
            <bq_carnum>1</bq_carnum>
            <bq_remark>廂式偵防車。</bq_remark>
            <bq_lpgamt>0</bq_lpgamt>
            <bq_lpgprice>0.00</bq_lpgprice>
            <bq_versiondate/>
        </BCTMCAR_row>
        <BCTMCAR_row>
            <bq_fiscalyear>105</bq_fiscalyear>
            <bq_fundkind>1</bq_fundkind>
            <bq_budgetkind>1</bq_budgetkind>
            <bq_specialbudgetno/>
            <bq_agenno>63001</bq_agenno>
            <bq_agentype>C</bq_agentype>
            <bq_budgetstate>1</bq_budgetstate>
            <bq_budgetno>38630010200</bq_budgetno>
            <bq_objectno>07351500</bq_objectno>
            <bq_carid>偵防-4</bq_carid>
            <bq_persons>4</bq_persons>
            <bq_buydate>10205</bq_buydate>
            <bq_ventsize>1988</bq_ventsize>
            <bq_oilamt>780</bq_oilamt>
            <bq_oilprice>25.70</bq_oilprice>
            <bq_amt_maintain>23000.00</bq_amt_maintain>
            <bq_amt5>39000.00</bq_amt5>
            <bq_carnum>1</bq_carnum>
            <bq_remark>油氣雙燃料車，偵防車。</bq_remark>
            <bq_lpgamt>864</bq_lpgamt>
            <bq_lpgprice>18.40</bq_lpgprice>
            <bq_versiondate/>
        </BCTMCAR_row>
    </BCTMCAR>
</tables>
